2026-08-06 17:21:46 [INFO]: MongoDB connected successfully.
2026-08-06 17:21:49 [INFO]: Email server connected successfully.
2026-08-06 17:21:49 [INFO]: Server is running on port 5132.
2026-08-06 17:21:54 [INFO]: [0mGET / [36m304[0m 72.468 ms - -[0m
2026-08-06 17:21:54 [INFO]: [0mGET /css/style.css [36m304[0m 2.589 ms - -[0m
2026-08-06 17:21:54 [INFO]: [0mGET /images/logo/plantora.png [36m304[0m 1.194 ms - -[0m
2026-08-06 17:21:54 [INFO]: [0mGET /images/hero/hero-placeholder.png [36m304[0m 2.122 ms - -[0m
2026-08-06 17:21:54 [INFO]: [0mGET /css/variables.css [36m304[0m 0.692 ms - -[0m
2026-08-06 17:21:54 [INFO]: [0mGET /css/utilities.css [36m304[0m 0.582 ms - -[0m
2026-08-06 17:21:54 [INFO]: [0mGET /css/animations.css [36m304[0m 0.587 ms - -[0m
2026-08-06 17:21:54 [INFO]: [0mGET /css/announcement.css [36m304[0m 0.718 ms - -[0m
2026-08-06 17:21:54 [INFO]: [0mGET /css/header.css [36m304[0m 0.578 ms - -[0m
2026-08-06 17:21:54 [INFO]: [0mGET /css/hero.css [36m304[0m 0.793 ms - -[0m
2026-08-06 17:21:54 [INFO]: [0mGET /css/featured.css [36m304[0m 0.438 ms - -[0m
2026-08-06 17:21:54 [INFO]: [0mGET /css/why-choose.css [36m304[0m 0.500 ms - -[0m
2026-08-06 17:21:54 [INFO]: [0mGET /css/footer.css [36m304[0m 0.401 ms - -[0m
2026-08-06 17:21:54 [INFO]: [0mGET /css/auth.css [36m304[0m 1.335 ms - -[0m
2026-08-06 17:21:54 [INFO]: [0mGET /images/hero/monstera-plant.jpg [36m304[0m 0.739 ms - -[0m
2026-08-06 17:21:54 [INFO]: [0mGET /css/verify.css [36m304[0m 1.705 ms - -[0m
2026-08-06 17:21:54 [INFO]: [0mGET /images/hero/snake-plant.jpg [36m304[0m 0.514 ms - -[0m
2026-08-06 17:21:54 [INFO]: [0mGET /images/hero/peace-lily.jpg [36m304[0m 0.870 ms - -[0m
2026-08-06 17:21:54 [INFO]: [0mGET /js/header.js [36m304[0m 0.681 ms - -[0m
2026-08-06 17:21:54 [INFO]: [0mGET /js/featured.js [36m304[0m 0.599 ms - -[0m
2026-08-06 17:21:54 [INFO]: [0mGET /js/why-choose.js [36m304[0m 0.531 ms - -[0m
2026-08-06 17:21:54 [INFO]: [0mGET /js/footer.js [36m304[0m 1.232 ms - -[0m
2026-08-06 17:21:54 [INFO]: [0mGET /js/notification.js [36m304[0m 1.809 ms - -[0m
2026-08-06 17:21:54 [INFO]: [0mGET /js/auth.js [36m304[0m 1.497 ms - -[0m
2026-08-06 17:21:54 [INFO]: [0mGET /images/hero/tulip-plant.jpg [36m304[0m 1.813 ms - -[0m
2026-08-06 17:21:54 [INFO]: [0mGET /images/hero/rubber-plant.jpg [36m304[0m 0.388 ms - -[0m
2026-08-06 17:21:54 [INFO]: [0mGET /images/hero/aloe-vera.jpg [36m304[0m 0.308 ms - -[0m
2026-08-06 17:21:54 [INFO]: [0mGET /images/hero/areca-palm.jpg [36m304[0m 1.626 ms - -[0m
2026-08-06 17:21:54 [INFO]: [0mGET /images/hero/jade-plant.jpg [36m304[0m 1.874 ms - -[0m
2026-08-06 17:21:54 [INFO]: [0mGET /images/hero/golden-pothos.jpg [36m304[0m 2.498 ms - -[0m
2026-08-06 17:21:54 [INFO]: [0mGET /images/hero/fiddle-leaf-fig.jpg [36m304[0m 0.479 ms - -[0m
2026-08-06 17:21:54 [INFO]: [0mGET /images/hero/why-choose.jpg [36m304[0m 0.637 ms - -[0m
2026-08-06 17:21:54 [INFO]: [0mGET /images/logo/plantora-orgn-white.png [36m304[0m 0.512 ms - -[0m
2026-08-06 17:21:55 [INFO]: [0mGET /favicon.ico [33m404[0m 4.534 ms - 75[0m
2026-08-06 17:22:00 [INFO]: Login successful : admin-plantora@yopmail.com
2026-08-06 17:22:00 [INFO]: [0mPOST /auth/login [32m200[0m 731.826 ms - 46[0m
2026-08-06 17:22:01 [INFO]: [0mGET / [32m200[0m 151.504 ms - -[0m
2026-08-06 17:22:01 [INFO]: [0mGET /css/style.css [36m304[0m 0.633 ms - -[0m
2026-08-06 17:22:01 [INFO]: [0mGET /images/logo/plantora.png [36m304[0m 1.158 ms - -[0m
2026-08-06 17:22:01 [INFO]: [0mGET /images/hero/hero-placeholder.png [36m304[0m 0.598 ms - -[0m
2026-08-06 17:22:01 [INFO]: [0mGET /images/hero/monstera-plant.jpg [36m304[0m 1.580 ms - -[0m
2026-08-06 17:22:01 [INFO]: [0mGET /js/why-choose.js [36m304[0m 1.925 ms - -[0m
2026-08-06 17:22:01 [INFO]: [0mGET /js/header.js [36m304[0m 1.931 ms - -[0m
2026-08-06 17:22:01 [INFO]: [0mGET /js/featured.js [36m304[0m 2.672 ms - -[0m
2026-08-06 17:22:01 [INFO]: [0mGET /css/variables.css [36m304[0m 2.464 ms - -[0m
2026-08-06 17:22:01 [INFO]: [0mGET /css/utilities.css [36m304[0m 1.948 ms - -[0m
2026-08-06 17:22:01 [INFO]: [0mGET /css/animations.css [36m304[0m 2.261 ms - -[0m
2026-08-06 17:22:01 [INFO]: [0mGET /css/announcement.css [36m304[0m 3.205 ms - -[0m
2026-08-06 17:22:01 [INFO]: [0mGET /css/header.css [36m304[0m 1.695 ms - -[0m
2026-08-06 17:22:01 [INFO]: [0mGET /css/hero.css [36m304[0m 3.748 ms - -[0m
2026-08-06 17:22:01 [INFO]: [0mGET /css/featured.css [36m304[0m 2.320 ms - -[0m
2026-08-06 17:22:01 [INFO]: [0mGET /css/why-choose.css [36m304[0m 2.439 ms - -[0m
2026-08-06 17:22:01 [INFO]: [0mGET /css/footer.css [36m304[0m 2.643 ms - -[0m
2026-08-06 17:22:01 [INFO]: [0mGET /css/auth.css [36m304[0m 0.610 ms - -[0m
2026-08-06 17:22:01 [INFO]: [0mGET /css/verify.css [36m304[0m 2.135 ms - -[0m
2026-08-06 17:22:01 [INFO]: [0mGET /js/notification.js [36m304[0m 1.823 ms - -[0m
2026-08-06 17:22:01 [INFO]: [0mGET /js/footer.js [36m304[0m 1.446 ms - -[0m
2026-08-06 17:22:01 [INFO]: [0mGET /js/auth.js [36m304[0m 1.947 ms - -[0m
2026-08-06 17:22:01 [INFO]: [0mGET /images/hero/snake-plant.jpg [36m304[0m 1.988 ms - -[0m
2026-08-06 17:22:01 [INFO]: [0mGET /images/hero/peace-lily.jpg [36m304[0m 3.154 ms - -[0m
2026-08-06 17:22:01 [INFO]: [0mGET /images/hero/tulip-plant.jpg [36m304[0m 1.616 ms - -[0m
2026-08-06 17:22:01 [INFO]: [0mGET /images/hero/rubber-plant.jpg [36m304[0m 0.946 ms - -[0m
2026-08-06 17:22:01 [INFO]: [0mGET /images/hero/aloe-vera.jpg [36m304[0m 1.524 ms - -[0m
2026-08-06 17:22:01 [INFO]: [0mGET /images/hero/areca-palm.jpg [36m304[0m 2.741 ms - -[0m
2026-08-06 17:22:01 [INFO]: [0mGET /images/hero/jade-plant.jpg [36m304[0m 1.364 ms - -[0m
2026-08-06 17:22:01 [INFO]: [0mGET /images/hero/golden-pothos.jpg [36m304[0m 1.825 ms - -[0m
2026-08-06 17:22:01 [INFO]: [0mGET /images/hero/fiddle-leaf-fig.jpg [36m304[0m 0.687 ms - -[0m
2026-08-06 17:22:01 [INFO]: [0mGET /images/hero/why-choose.jpg [36m304[0m 1.359 ms - -[0m
2026-08-06 17:22:01 [INFO]: [0mGET /images/logo/plantora-orgn-white.png [36m304[0m 1.365 ms - -[0m
2026-08-06 17:22:05 [INFO]: [0mGET /auth/profile [36m304[0m 280.289 ms - -[0m
2026-08-06 17:22:05 [INFO]: [0mGET /css/style.css [36m304[0m 1.756 ms - -[0m
2026-08-06 17:22:05 [INFO]: [0mGET /css/profile.css [36m304[0m 1.583 ms - -[0m
2026-08-06 17:22:05 [INFO]: [0mGET /images/logo/plantora.png [36m304[0m 3.013 ms - -[0m
2026-08-06 17:22:05 [INFO]: [0mGET /js/profile.js [36m304[0m 1.146 ms - -[0m
2026-08-06 17:22:05 [INFO]: [0mGET /images/logo/plantora-orgn-white.png [36m304[0m 0.803 ms - -[0m
2026-08-06 17:22:05 [INFO]: [0mGET /js/header.js [36m304[0m 1.645 ms - -[0m
2026-08-06 17:22:05 [INFO]: [0mGET /js/featured.js [36m304[0m 2.133 ms - -[0m
2026-08-06 17:22:05 [INFO]: [0mGET /js/why-choose.js [36m304[0m 2.229 ms - -[0m
2026-08-06 17:22:05 [INFO]: [0mGET /js/notification.js [36m304[0m 3.098 ms - -[0m
2026-08-06 17:22:05 [INFO]: [0mGET /css/variables.css [36m304[0m 2.053 ms - -[0m
2026-08-06 17:22:05 [INFO]: [0mGET /css/utilities.css [36m304[0m 1.658 ms - -[0m
2026-08-06 17:22:05 [INFO]: [0mGET /css/animations.css [36m304[0m 2.082 ms - -[0m
2026-08-06 17:22:05 [INFO]: [0mGET /css/announcement.css [36m304[0m 1.390 ms - -[0m
2026-08-06 17:22:05 [INFO]: [0mGET /css/header.css [36m304[0m 2.258 ms - -[0m
2026-08-06 17:22:05 [INFO]: [0mGET /css/hero.css [36m304[0m 3.668 ms - -[0m
2026-08-06 17:22:05 [INFO]: [0mGET /css/featured.css [36m304[0m 1.601 ms - -[0m
2026-08-06 17:22:05 [INFO]: [0mGET /css/why-choose.css [36m304[0m 3.020 ms - -[0m
2026-08-06 17:22:05 [INFO]: [0mGET /css/footer.css [36m304[0m 1.624 ms - -[0m
2026-08-06 17:22:05 [INFO]: [0mGET /css/auth.css [36m304[0m 1.744 ms - -[0m
2026-08-06 17:22:05 [INFO]: [0mGET /css/verify.css [36m304[0m 2.236 ms - -[0m
2026-08-06 17:22:05 [INFO]: [0mGET /js/footer.js [36m304[0m 0.717 ms - -[0m
2026-08-06 17:22:05 [INFO]: [0mGET /js/auth.js [36m304[0m 1.249 ms - -[0m
2026-08-06 17:22:18 [INFO]: [0mGET /admin/dashboard [36m304[0m 171.653 ms - -[0m
2026-08-06 17:22:18 [INFO]: [0mGET /css/style.css [36m304[0m 0.754 ms - -[0m
2026-08-06 17:22:18 [INFO]: [0mGET /css/admin/layout.css [36m304[0m 0.942 ms - -[0m
2026-08-06 17:22:18 [INFO]: [0mGET /css/admin/users.css [36m304[0m 0.526 ms - -[0m
2026-08-06 17:22:18 [INFO]: [0mGET /css/header.css [36m304[0m 1.235 ms - -[0m
2026-08-06 17:22:18 [INFO]: [0mGET /images/logo/plantora.png [36m304[0m 1.478 ms - -[0m
2026-08-06 17:22:18 [INFO]: [0mGET /js/admin/layout.js [36m304[0m 1.628 ms - -[0m
2026-08-06 17:22:18 [INFO]: [0mGET /js/admin/users.js [36m304[0m 2.029 ms - -[0m
2026-08-06 17:22:18 [INFO]: [0mGET /js/header.js [36m304[0m 2.195 ms - -[0m
2026-08-06 17:22:18 [INFO]: [0mGET /js/notification.js [36m304[0m 2.537 ms - -[0m
2026-08-06 17:22:18 [INFO]: [0mGET /css/variables.css [36m304[0m 0.938 ms - -[0m
2026-08-06 17:22:18 [INFO]: [0mGET /css/utilities.css [36m304[0m 1.730 ms - -[0m
2026-08-06 17:22:18 [INFO]: [0mGET /css/animations.css [36m304[0m 0.855 ms - -[0m
2026-08-06 17:22:18 [INFO]: [0mGET /css/announcement.css [36m304[0m 1.660 ms - -[0m
2026-08-06 17:22:18 [INFO]: [0mGET /css/hero.css [36m304[0m 1.027 ms - -[0m
2026-08-06 17:22:18 [INFO]: [0mGET /css/featured.css [36m304[0m 1.422 ms - -[0m
2026-08-06 17:22:18 [INFO]: [0mGET /css/why-choose.css [36m304[0m 0.792 ms - -[0m
2026-08-06 17:22:18 [INFO]: [0mGET /css/auth.css [36m304[0m 0.535 ms - -[0m
2026-08-06 17:22:18 [INFO]: [0mGET /css/footer.css [36m304[0m 1.643 ms - -[0m
2026-08-06 17:22:18 [INFO]: [0mGET /css/verify.css [36m304[0m 2.200 ms - -[0m
2026-08-06 17:22:25 [INFO]: [0mGET /admin/users [32m200[0m 207.290 ms - -[0m
2026-08-06 17:22:25 [INFO]: [0mGET /css/style.css [36m304[0m 1.044 ms - -[0m
2026-08-06 17:22:25 [INFO]: [0mGET /css/admin/layout.css [36m304[0m 1.366 ms - -[0m
2026-08-06 17:22:25 [INFO]: [0mGET /css/admin/users.css [36m304[0m 0.692 ms - -[0m
2026-08-06 17:22:25 [INFO]: [0mGET /css/header.css [36m304[0m 1.088 ms - -[0m
2026-08-06 17:22:25 [INFO]: [0mGET /images/logo/plantora.png [36m304[0m 1.293 ms - -[0m
2026-08-06 17:22:25 [INFO]: [0mGET /js/admin/layout.js [36m304[0m 0.724 ms - -[0m
2026-08-06 17:22:25 [INFO]: [0mGET /js/admin/users.js [36m304[0m 1.123 ms - -[0m
2026-08-06 17:22:25 [INFO]: [0mGET /js/header.js [36m304[0m 1.471 ms - -[0m
2026-08-06 17:22:25 [INFO]: [0mGET /js/notification.js [36m304[0m 0.639 ms - -[0m
2026-08-06 17:22:25 [INFO]: [0mGET /css/variables.css [36m304[0m 1.169 ms - -[0m
2026-08-06 17:22:25 [INFO]: [0mGET /css/utilities.css [36m304[0m 1.608 ms - -[0m
2026-08-06 17:22:25 [INFO]: [0mGET /css/animations.css [36m304[0m 2.111 ms - -[0m
2026-08-06 17:22:25 [INFO]: [0mGET /css/announcement.css [36m304[0m 3.023 ms - -[0m
2026-08-06 17:22:25 [INFO]: [0mGET /css/hero.css [36m304[0m 2.211 ms - -[0m
2026-08-06 17:22:25 [INFO]: [0mGET /css/featured.css [36m304[0m 1.599 ms - -[0m
2026-08-06 17:22:25 [INFO]: [0mGET /css/why-choose.css [36m304[0m 2.032 ms - -[0m
2026-08-06 17:22:25 [INFO]: [0mGET /css/footer.css [36m304[0m 2.446 ms - -[0m
2026-08-06 17:22:25 [INFO]: [0mGET /css/auth.css [36m304[0m 0.731 ms - -[0m
2026-08-06 17:22:25 [INFO]: [0mGET /css/verify.css [36m304[0m 1.786 ms - -[0m
2026-08-06 17:26:20 [INFO]: [0mGET /admin/users/trash [32m200[0m 230.797 ms - -[0m
2026-08-06 17:26:20 [INFO]: [0mGET /css/style.css [36m304[0m 0.526 ms - -[0m
2026-08-06 17:26:20 [INFO]: [0mGET /css/admin/layout.css [36m304[0m 0.952 ms - -[0m
2026-08-06 17:26:20 [INFO]: [0mGET /css/header.css [36m304[0m 1.101 ms - -[0m
2026-08-06 17:26:20 [INFO]: [0mGET /css/admin/users.css [36m304[0m 1.151 ms - -[0m
2026-08-06 17:26:20 [INFO]: [0mGET /images/logo/plantora.png [36m304[0m 0.549 ms - -[0m
2026-08-06 17:26:20 [INFO]: [0mGET /js/admin/layout.js [36m304[0m 1.174 ms - -[0m
2026-08-06 17:26:20 [INFO]: [0mGET /js/admin/users.js [36m304[0m 1.518 ms - -[0m
2026-08-06 17:26:20 [INFO]: [0mGET /js/header.js [36m304[0m 1.543 ms - -[0m
2026-08-06 17:26:20 [INFO]: [0mGET /js/notification.js [36m304[0m 1.962 ms - -[0m
2026-08-06 17:26:20 [INFO]: [0mGET /css/variables.css [36m304[0m 1.367 ms - -[0m
2026-08-06 17:26:20 [INFO]: [0mGET /css/utilities.css [36m304[0m 1.887 ms - -[0m
2026-08-06 17:26:20 [INFO]: [0mGET /css/animations.css [36m304[0m 2.169 ms - -[0m
2026-08-06 17:26:20 [INFO]: [0mGET /css/announcement.css [36m304[0m 2.243 ms - -[0m
2026-08-06 17:26:20 [INFO]: [0mGET /css/hero.css [36m304[0m 2.922 ms - -[0m
2026-08-06 17:26:20 [INFO]: [0mGET /css/featured.css [36m304[0m 2.417 ms - -[0m
2026-08-06 17:26:20 [INFO]: [0mGET /css/why-choose.css [36m304[0m 2.149 ms - -[0m
2026-08-06 17:26:20 [INFO]: [0mGET /css/footer.css [36m304[0m 2.410 ms - -[0m
2026-08-06 17:26:20 [INFO]: [0mGET /css/auth.css [36m304[0m 2.550 ms - -[0m
2026-08-06 17:26:20 [INFO]: [0mGET /css/verify.css [36m304[0m 2.832 ms - -[0m
2026-08-06 17:26:23 [INFO]: [0mGET /admin/users [36m304[0m 198.388 ms - -[0m
2026-08-06 17:26:23 [INFO]: [0mGET /css/style.css [36m304[0m 1.960 ms - -[0m
2026-08-06 17:26:23 [INFO]: [0mGET /css/admin/layout.css [36m304[0m 2.423 ms - -[0m
2026-08-06 17:26:23 [INFO]: [0mGET /css/admin/users.css [36m304[0m 2.556 ms - -[0m
2026-08-06 17:26:23 [INFO]: [0mGET /css/header.css [36m304[0m 2.554 ms - -[0m
2026-08-06 17:26:23 [INFO]: [0mGET /images/logo/plantora.png [36m304[0m 2.951 ms - -[0m
2026-08-06 17:26:23 [INFO]: [0mGET /js/admin/users.js [36m304[0m 0.258 ms - -[0m
2026-08-06 17:26:23 [INFO]: [0mGET /js/admin/layout.js [36m304[0m 0.859 ms - -[0m
2026-08-06 17:26:23 [INFO]: [0mGET /js/header.js [36m304[0m 0.966 ms - -[0m
2026-08-06 17:26:23 [INFO]: [0mGET /js/notification.js [36m304[0m 1.275 ms - -[0m
2026-08-06 17:26:23 [INFO]: [0mGET /css/variables.css [36m304[0m 0.327 ms - -[0m
2026-08-06 17:26:23 [INFO]: [0mGET /css/utilities.css [36m304[0m 0.193 ms - -[0m
2026-08-06 17:26:23 [INFO]: [0mGET /css/animations.css [36m304[0m 0.331 ms - -[0m
2026-08-06 17:26:23 [INFO]: [0mGET /css/announcement.css [36m304[0m 0.962 ms - -[0m
2026-08-06 17:26:23 [INFO]: [0mGET /css/hero.css [36m304[0m 1.226 ms - -[0m
2026-08-06 17:26:23 [INFO]: [0mGET /css/featured.css [36m304[0m 1.644 ms - -[0m
2026-08-06 17:26:23 [INFO]: [0mGET /css/why-choose.css [36m304[0m 2.240 ms - -[0m
2026-08-06 17:26:23 [INFO]: [0mGET /css/footer.css [36m304[0m 1.230 ms - -[0m
2026-08-06 17:26:23 [INFO]: [0mGET /css/auth.css [36m304[0m 1.615 ms - -[0m
2026-08-06 17:26:23 [INFO]: [0mGET /css/verify.css [36m304[0m 2.043 ms - -[0m
2026-08-06 17:26:25 [INFO]: [0mGET /admin/users/trash [36m304[0m 226.472 ms - -[0m
2026-08-06 17:26:25 [INFO]: [0mGET /css/style.css [36m304[0m 0.329 ms - -[0m
2026-08-06 17:26:25 [INFO]: [0mGET /css/admin/layout.css [36m304[0m 0.227 ms - -[0m
2026-08-06 17:26:25 [INFO]: [0mGET /css/admin/users.css [36m304[0m 0.467 ms - -[0m
2026-08-06 17:26:25 [INFO]: [0mGET /css/header.css [36m304[0m 0.976 ms - -[0m
2026-08-06 17:26:25 [INFO]: [0mGET /images/logo/plantora.png [36m304[0m 1.283 ms - -[0m
2026-08-06 17:26:25 [INFO]: [0mGET /css/variables.css [36m304[0m 1.223 ms - -[0m
2026-08-06 17:26:25 [INFO]: [0mGET /css/utilities.css [36m304[0m 0.928 ms - -[0m
2026-08-06 17:26:25 [INFO]: [0mGET /js/admin/layout.js [36m304[0m 1.251 ms - -[0m
2026-08-06 17:26:25 [INFO]: [0mGET /js/admin/users.js [36m304[0m 1.552 ms - -[0m
2026-08-06 17:26:25 [INFO]: [0mGET /js/header.js [36m304[0m 1.842 ms - -[0m
2026-08-06 17:26:25 [INFO]: [0mGET /js/notification.js [36m304[0m 2.089 ms - -[0m
2026-08-06 17:26:25 [INFO]: [0mGET /css/animations.css [36m304[0m 0.241 ms - -[0m
2026-08-06 17:26:25 [INFO]: [0mGET /css/announcement.css [36m304[0m 0.571 ms - -[0m
2026-08-06 17:26:25 [INFO]: [0mGET /css/hero.css [36m304[0m 0.564 ms - -[0m
2026-08-06 17:26:25 [INFO]: [0mGET /css/featured.css [36m304[0m 1.449 ms - -[0m
2026-08-06 17:26:25 [INFO]: [0mGET /css/why-choose.css [36m304[0m 1.855 ms - -[0m
2026-08-06 17:26:25 [INFO]: [0mGET /css/footer.css [36m304[0m 2.456 ms - -[0m
2026-08-06 17:26:25 [INFO]: [0mGET /css/auth.css [36m304[0m 2.539 ms - -[0m
2026-08-06 17:26:25 [INFO]: [0mGET /css/verify.css [36m304[0m 3.013 ms - -[0m
2026-08-06 17:26:26 [INFO]: [0mGET /admin/users [36m304[0m 201.972 ms - -[0m
2026-08-06 17:26:26 [INFO]: [0mGET /css/style.css [36m304[0m 0.686 ms - -[0m
2026-08-06 17:26:26 [INFO]: [0mGET /css/admin/layout.css [36m304[0m 1.024 ms - -[0m
2026-08-06 17:26:26 [INFO]: [0mGET /css/admin/users.css [36m304[0m 1.869 ms - -[0m
2026-08-06 17:26:26 [INFO]: [0mGET /css/header.css [36m304[0m 0.974 ms - -[0m
2026-08-06 17:26:26 [INFO]: [0mGET /images/logo/plantora.png [36m304[0m 1.107 ms - -[0m
2026-08-06 17:26:26 [INFO]: [0mGET /js/admin/layout.js [36m304[0m 0.380 ms - -[0m
2026-08-06 17:26:26 [INFO]: [0mGET /css/variables.css [36m304[0m 0.675 ms - -[0m
2026-08-06 17:26:26 [INFO]: [0mGET /css/utilities.css [36m304[0m 1.015 ms - -[0m
2026-08-06 17:26:26 [INFO]: [0mGET /js/admin/users.js [36m304[0m 1.454 ms - -[0m
2026-08-06 17:26:26 [INFO]: [0mGET /js/header.js [36m304[0m 1.624 ms - -[0m
2026-08-06 17:26:26 [INFO]: [0mGET /js/notification.js [36m304[0m 1.821 ms - -[0m
2026-08-06 17:26:26 [INFO]: [0mGET /css/animations.css [36m304[0m 0.531 ms - -[0m
2026-08-06 17:26:26 [INFO]: [0mGET /css/announcement.css [36m304[0m 0.454 ms - -[0m
2026-08-06 17:26:26 [INFO]: [0mGET /css/hero.css [36m304[0m 0.923 ms - -[0m
2026-08-06 17:26:26 [INFO]: [0mGET /css/featured.css [36m304[0m 0.894 ms - -[0m
2026-08-06 17:26:26 [INFO]: [0mGET /css/why-choose.css [36m304[0m 0.587 ms - -[0m
2026-08-06 17:26:26 [INFO]: [0mGET /css/footer.css [36m304[0m 0.750 ms - -[0m
2026-08-06 17:26:26 [INFO]: [0mGET /css/auth.css [36m304[0m 1.774 ms - -[0m
2026-08-06 17:26:26 [INFO]: [0mGET /css/verify.css [36m304[0m 0.265 ms - -[0m
2026-08-06 17:26:44 [INFO]: User "Berry Allen 2" (berry-allen@yopmail.com) updated successfully by admin-plantora@yopmail.com.
2026-08-06 17:26:44 [INFO]: [0mPOST /admin/users/6a6e638d68eaf947f1f6ba8a/update [36m302[0m 357.989 ms - 41[0m
2026-08-06 17:26:44 [INFO]: [0mGET /admin/users [32m200[0m 206.426 ms - -[0m
2026-08-06 17:26:44 [INFO]: [0mGET /css/style.css [36m304[0m 0.373 ms - -[0m
2026-08-06 17:26:44 [INFO]: [0mGET /css/admin/layout.css [36m304[0m 0.850 ms - -[0m
2026-08-06 17:26:44 [INFO]: [0mGET /css/admin/users.css [36m304[0m 0.479 ms - -[0m
2026-08-06 17:26:44 [INFO]: [0mGET /css/header.css [36m304[0m 0.786 ms - -[0m
2026-08-06 17:26:44 [INFO]: [0mGET /images/logo/plantora.png [36m304[0m 0.308 ms - -[0m
2026-08-06 17:26:44 [INFO]: [0mGET /js/admin/layout.js [36m304[0m 1.163 ms - -[0m
2026-08-06 17:26:44 [INFO]: [0mGET /js/admin/users.js [36m304[0m 1.273 ms - -[0m
2026-08-06 17:26:44 [INFO]: [0mGET /js/header.js [36m304[0m 1.510 ms - -[0m
2026-08-06 17:26:44 [INFO]: [0mGET /js/notification.js [36m304[0m 1.867 ms - -[0m
2026-08-06 17:26:44 [INFO]: [0mGET /css/variables.css [36m304[0m 0.832 ms - -[0m
2026-08-06 17:26:44 [INFO]: [0mGET /css/utilities.css [36m304[0m 1.077 ms - -[0m
2026-08-06 17:26:44 [INFO]: [0mGET /css/animations.css [36m304[0m 0.227 ms - -[0m
2026-08-06 17:26:44 [INFO]: [0mGET /css/announcement.css [36m304[0m 0.397 ms - -[0m
2026-08-06 17:26:44 [INFO]: [0mGET /css/hero.css [36m304[0m 0.193 ms - -[0m
2026-08-06 17:26:44 [INFO]: [0mGET /css/featured.css [36m304[0m 0.567 ms - -[0m
2026-08-06 17:26:44 [INFO]: [0mGET /css/why-choose.css [36m304[0m 0.739 ms - -[0m
2026-08-06 17:26:44 [INFO]: [0mGET /css/footer.css [36m304[0m 0.960 ms - -[0m
2026-08-06 17:26:44 [INFO]: [0mGET /css/auth.css [36m304[0m 1.114 ms - -[0m
2026-08-06 17:26:44 [INFO]: [0mGET /css/verify.css [36m304[0m 1.428 ms - -[0m
2026-08-06 17:26:52 [INFO]: User "Berry Allen" (berry-allen@yopmail.com) updated successfully by admin-plantora@yopmail.com.
2026-08-06 17:26:52 [INFO]: [0mPOST /admin/users/6a6e638d68eaf947f1f6ba8a/update [36m302[0m 271.806 ms - 41[0m
2026-08-06 17:26:52 [INFO]: [0mGET /admin/users [32m200[0m 195.040 ms - -[0m
2026-08-06 17:26:52 [INFO]: [0mGET /css/style.css [36m304[0m 0.345 ms - -[0m
2026-08-06 17:26:52 [INFO]: [0mGET /css/admin/layout.css [36m304[0m 0.356 ms - -[0m
2026-08-06 17:26:52 [INFO]: [0mGET /css/header.css [36m304[0m 0.873 ms - -[0m
2026-08-06 17:26:52 [INFO]: [0mGET /css/admin/users.css [36m304[0m 1.310 ms - -[0m
2026-08-06 17:26:52 [INFO]: [0mGET /images/logo/plantora.png [36m304[0m 1.075 ms - -[0m
2026-08-06 17:26:52 [INFO]: [0mGET /js/admin/layout.js [36m304[0m 0.229 ms - -[0m
2026-08-06 17:26:52 [INFO]: [0mGET /css/variables.css [36m304[0m 0.445 ms - -[0m
2026-08-06 17:26:52 [INFO]: [0mGET /css/utilities.css [36m304[0m 0.745 ms - -[0m
2026-08-06 17:26:52 [INFO]: [0mGET /css/animations.css [36m304[0m 1.655 ms - -[0m
2026-08-06 17:26:52 [INFO]: [0mGET /js/admin/users.js [36m304[0m 1.919 ms - -[0m
2026-08-06 17:26:52 [INFO]: [0mGET /js/header.js [36m304[0m 1.227 ms - -[0m
2026-08-06 17:26:52 [INFO]: [0mGET /css/announcement.css [36m304[0m 0.672 ms - -[0m
2026-08-06 17:26:52 [INFO]: [0mGET /css/hero.css [36m304[0m 0.929 ms - -[0m
2026-08-06 17:26:52 [INFO]: [0mGET /css/featured.css [36m304[0m 1.329 ms - -[0m
2026-08-06 17:26:52 [INFO]: [0mGET /css/why-choose.css [36m304[0m 0.345 ms - -[0m
2026-08-06 17:26:52 [INFO]: [0mGET /css/footer.css [36m304[0m 0.368 ms - -[0m
2026-08-06 17:26:52 [INFO]: [0mGET /css/auth.css [36m304[0m 0.874 ms - -[0m
2026-08-06 17:26:52 [INFO]: [0mGET /css/verify.css [36m304[0m 1.129 ms - -[0m
2026-08-06 17:26:52 [INFO]: [0mGET /js/notification.js [36m304[0m 0.326 ms - -[0m
2026-08-06 18:09:09 [INFO]: [0mGET /admin/users [36m304[0m 204.139 ms - -[0m
2026-08-06 18:09:09 [INFO]: [0mGET /css/style.css [36m304[0m 0.411 ms - -[0m
2026-08-06 18:09:09 [INFO]: [0mGET /css/admin/layout.css [36m304[0m 0.650 ms - -[0m
2026-08-06 18:09:09 [INFO]: [0mGET /css/header.css [36m304[0m 1.110 ms - -[0m
2026-08-06 18:09:09 [INFO]: [0mGET /images/logo/plantora.png [36m304[0m 1.377 ms - -[0m
2026-08-06 18:09:09 [INFO]: [0mGET /css/admin/users.css [32m200[0m 2.515 ms - -[0m
2026-08-06 18:09:09 [INFO]: [0mGET /js/admin/layout.js [36m304[0m 0.413 ms - -[0m
2026-08-06 18:09:09 [INFO]: [0mGET /js/admin/users.js [36m304[0m 0.590 ms - -[0m
2026-08-06 18:09:09 [INFO]: [0mGET /js/header.js [36m304[0m 0.902 ms - -[0m
2026-08-06 18:09:09 [INFO]: [0mGET /js/notification.js [36m304[0m 1.188 ms - -[0m
2026-08-06 18:09:09 [INFO]: [0mGET /css/variables.css [36m304[0m 0.450 ms - -[0m
2026-08-06 18:09:09 [INFO]: [0mGET /css/utilities.css [36m304[0m 1.095 ms - -[0m
2026-08-06 18:09:09 [INFO]: [0mGET /css/animations.css [36m304[0m 0.863 ms - -[0m
2026-08-06 18:09:09 [INFO]: [0mGET /css/announcement.css [36m304[0m 0.914 ms - -[0m
2026-08-06 18:09:09 [INFO]: [0mGET /css/hero.css [36m304[0m 1.379 ms - -[0m
2026-08-06 18:09:09 [INFO]: [0mGET /css/why-choose.css [36m304[0m 0.434 ms - -[0m
2026-08-06 18:09:09 [INFO]: [0mGET /css/featured.css [36m304[0m 0.788 ms - -[0m
2026-08-06 18:09:09 [INFO]: [0mGET /css/footer.css [36m304[0m 0.501 ms - -[0m
2026-08-06 18:09:09 [INFO]: [0mGET /css/verify.css [36m304[0m 0.570 ms - -[0m
2026-08-06 18:09:09 [INFO]: [0mGET /css/auth.css [36m304[0m 0.870 ms - -[0m
2026-08-06 18:09:19 [INFO]: User "Berry Allen" moved to Trash by admin-plantora@yopmail.com.
2026-08-06 18:09:19 [INFO]: [0mPOST /admin/users/6a6e638d68eaf947f1f6ba8a/delete [36m302[0m 321.474 ms - 41[0m
2026-08-06 18:09:19 [INFO]: [0mGET /admin/users [32m200[0m 182.111 ms - -[0m
2026-08-06 18:09:19 [INFO]: [0mGET /css/style.css [36m304[0m 0.921 ms - -[0m
2026-08-06 18:09:19 [INFO]: [0mGET /css/admin/layout.css [36m304[0m 1.266 ms - -[0m
2026-08-06 18:09:19 [INFO]: [0mGET /css/header.css [36m304[0m 1.096 ms - -[0m
2026-08-06 18:09:19 [INFO]: [0mGET /images/logo/plantora.png [36m304[0m 1.242 ms - -[0m
2026-08-06 18:09:19 [INFO]: [0mGET /css/admin/users.css [36m304[0m 1.462 ms - -[0m
2026-08-06 18:09:19 [INFO]: [0mGET /js/admin/layout.js [36m304[0m 0.169 ms - -[0m
2026-08-06 18:09:19 [INFO]: [0mGET /js/admin/users.js [36m304[0m 0.604 ms - -[0m
2026-08-06 18:09:19 [INFO]: [0mGET /js/header.js [36m304[0m 0.982 ms - -[0m
2026-08-06 18:09:19 [INFO]: [0mGET /js/notification.js [36m304[0m 1.187 ms - -[0m
2026-08-06 18:09:19 [INFO]: [0mGET /css/variables.css [36m304[0m 0.513 ms - -[0m
2026-08-06 18:09:19 [INFO]: [0mGET /css/utilities.css [36m304[0m 0.649 ms - -[0m
2026-08-06 18:09:19 [INFO]: [0mGET /css/animations.css [36m304[0m 1.077 ms - -[0m
2026-08-06 18:09:19 [INFO]: [0mGET /css/announcement.css [36m304[0m 1.367 ms - -[0m
2026-08-06 18:09:19 [INFO]: [0mGET /css/hero.css [36m304[0m 0.367 ms - -[0m
2026-08-06 18:09:19 [INFO]: [0mGET /css/featured.css [36m304[0m 0.888 ms - -[0m
2026-08-06 18:09:19 [INFO]: [0mGET /css/why-choose.css [36m304[0m 0.741 ms - -[0m
2026-08-06 18:09:19 [INFO]: [0mGET /css/footer.css [36m304[0m 0.909 ms - -[0m
2026-08-06 18:09:19 [INFO]: [0mGET /css/auth.css [36m304[0m 1.071 ms - -[0m
2026-08-06 18:09:19 [INFO]: [0mGET /css/verify.css [36m304[0m 1.255 ms - -[0m
2026-08-06 18:09:22 [INFO]: [0mGET /admin/users/trash [32m200[0m 221.780 ms - -[0m
2026-08-06 18:09:22 [INFO]: [0mGET /css/style.css [36m304[0m 0.298 ms - -[0m
2026-08-06 18:09:22 [INFO]: [0mGET /css/admin/layout.css [36m304[0m 0.461 ms - -[0m
2026-08-06 18:09:22 [INFO]: [0mGET /css/admin/users.css [36m304[0m 0.818 ms - -[0m
2026-08-06 18:09:22 [INFO]: [0mGET /css/header.css [36m304[0m 1.004 ms - -[0m
2026-08-06 18:09:22 [INFO]: [0mGET /images/logo/plantora.png [36m304[0m 0.127 ms - -[0m
2026-08-06 18:09:22 [INFO]: [0mGET /js/admin/layout.js [36m304[0m 0.338 ms - -[0m
2026-08-06 18:09:22 [INFO]: [0mGET /js/admin/users.js [36m304[0m 0.814 ms - -[0m
2026-08-06 18:09:22 [INFO]: [0mGET /js/header.js [36m304[0m 0.295 ms - -[0m
2026-08-06 18:09:22 [INFO]: [0mGET /js/notification.js [36m304[0m 0.691 ms - -[0m
2026-08-06 18:09:22 [INFO]: [0mGET /css/variables.css [36m304[0m 0.801 ms - -[0m
2026-08-06 18:09:22 [INFO]: [0mGET /css/utilities.css [36m304[0m 1.021 ms - -[0m
2026-08-06 18:09:22 [INFO]: [0mGET /css/animations.css [36m304[0m 1.239 ms - -[0m
2026-08-06 18:09:22 [INFO]: [0mGET /css/announcement.css [36m304[0m 1.506 ms - -[0m
2026-08-06 18:09:22 [INFO]: [0mGET /css/hero.css [36m304[0m 1.644 ms - -[0m
2026-08-06 18:09:22 [INFO]: [0mGET /css/featured.css [36m304[0m 1.765 ms - -[0m
2026-08-06 18:09:22 [INFO]: [0mGET /css/why-choose.css [36m304[0m 0.599 ms - -[0m
2026-08-06 18:09:22 [INFO]: [0mGET /css/footer.css [36m304[0m 0.763 ms - -[0m
2026-08-06 18:09:22 [INFO]: [0mGET /css/auth.css [36m304[0m 0.902 ms - -[0m
2026-08-06 18:09:22 [INFO]: [0mGET /css/verify.css [36m304[0m 1.256 ms - -[0m
2026-08-06 18:09:52 [ERROR]: Failed to create audit log: AuditLog validation failed: severity: `warning` is not a valid enum value for path `severity`.
2026-08-06 18:09:52 [INFO]: User "Berry Allen" restored successfully by admin-plantora@yopmail.com.
2026-08-06 18:09:52 [INFO]: [0mPOST /admin/users/6a6e638d68eaf947f1f6ba8a/restore [36m302[0m 222.514 ms - 47[0m
2026-08-06 18:09:52 [INFO]: [0mGET /admin/users/trash [32m200[0m 226.798 ms - -[0m
2026-08-06 18:09:52 [INFO]: [0mGET /css/style.css [36m304[0m 0.253 ms - -[0m
2026-08-06 18:09:52 [INFO]: [0mGET /css/admin/layout.css [36m304[0m 0.432 ms - -[0m
2026-08-06 18:09:52 [INFO]: [0mGET /css/admin/users.css [36m304[0m 0.360 ms - -[0m
2026-08-06 18:09:52 [INFO]: [0mGET /images/logo/plantora.png [36m304[0m 0.630 ms - -[0m
2026-08-06 18:09:52 [INFO]: [0mGET /css/header.css [36m304[0m 1.000 ms - -[0m
2026-08-06 18:09:52 [INFO]: [0mGET /js/admin/layout.js [36m304[0m 0.187 ms - -[0m
2026-08-06 18:09:52 [INFO]: [0mGET /js/admin/users.js [36m304[0m 0.228 ms - -[0m
2026-08-06 18:09:52 [INFO]: [0mGET /js/header.js [36m304[0m 0.429 ms - -[0m
2026-08-06 18:09:52 [INFO]: [0mGET /js/notification.js [36m304[0m 0.643 ms - -[0m
2026-08-06 18:09:52 [INFO]: [0mGET /css/variables.css [36m304[0m 0.265 ms - -[0m
2026-08-06 18:09:52 [INFO]: [0mGET /css/utilities.css [36m304[0m 0.433 ms - -[0m
2026-08-06 18:09:52 [INFO]: [0mGET /css/animations.css [36m304[0m 0.478 ms - -[0m
2026-08-06 18:09:52 [INFO]: [0mGET /css/announcement.css [36m304[0m 0.525 ms - -[0m
2026-08-06 18:09:52 [INFO]: [0mGET /css/hero.css [36m304[0m 0.560 ms - -[0m
2026-08-06 18:09:52 [INFO]: [0mGET /css/featured.css [36m304[0m 0.717 ms - -[0m
2026-08-06 18:09:52 [INFO]: [0mGET /css/why-choose.css [36m304[0m 0.419 ms - -[0m
2026-08-06 18:09:52 [INFO]: [0mGET /css/footer.css [36m304[0m 0.425 ms - -[0m
2026-08-06 18:09:52 [INFO]: [0mGET /css/auth.css [36m304[0m 0.100 ms - -[0m
2026-08-06 18:09:52 [INFO]: [0mGET /css/verify.css [36m304[0m 0.162 ms - -[0m
2026-08-06 18:10:09 [INFO]: [0mGET /admin/users [32m200[0m 182.279 ms - -[0m
2026-08-06 18:10:09 [INFO]: [0mGET /css/style.css [36m304[0m 0.429 ms - -[0m
2026-08-06 18:10:09 [INFO]: [0mGET /css/admin/layout.css [36m304[0m 0.722 ms - -[0m
2026-08-06 18:10:09 [INFO]: [0mGET /images/logo/plantora.png [36m304[0m 0.265 ms - -[0m
2026-08-06 18:10:09 [INFO]: [0mGET /css/admin/users.css [36m304[0m 0.369 ms - -[0m
2026-08-06 18:10:09 [INFO]: [0mGET /css/header.css [36m304[0m 0.527 ms - -[0m
2026-08-06 18:10:09 [INFO]: [0mGET /js/admin/layout.js [36m304[0m 0.717 ms - -[0m
2026-08-06 18:10:09 [INFO]: [0mGET /js/admin/users.js [36m304[0m 1.087 ms - -[0m
2026-08-06 18:10:09 [INFO]: [0mGET /js/header.js [36m304[0m 1.220 ms - -[0m
2026-08-06 18:10:09 [INFO]: [0mGET /js/notification.js [36m304[0m 1.377 ms - -[0m
2026-08-06 18:10:09 [INFO]: [0mGET /css/variables.css [36m304[0m 0.170 ms - -[0m
2026-08-06 18:10:09 [INFO]: [0mGET /css/utilities.css [36m304[0m 0.564 ms - -[0m
2026-08-06 18:10:09 [INFO]: [0mGET /css/animations.css [36m304[0m 0.420 ms - -[0m
2026-08-06 18:10:09 [INFO]: [0mGET /css/announcement.css [36m304[0m 0.318 ms - -[0m
2026-08-06 18:10:09 [INFO]: [0mGET /css/hero.css [36m304[0m 0.381 ms - -[0m
2026-08-06 18:10:09 [INFO]: [0mGET /css/featured.css [36m304[0m 0.472 ms - -[0m
2026-08-06 18:10:09 [INFO]: [0mGET /css/why-choose.css [36m304[0m 0.742 ms - -[0m
2026-08-06 18:10:09 [INFO]: [0mGET /css/footer.css [36m304[0m 0.365 ms - -[0m
2026-08-06 18:10:09 [INFO]: [0mGET /css/auth.css [36m304[0m 0.450 ms - -[0m
2026-08-06 18:10:09 [INFO]: [0mGET /css/verify.css [36m304[0m 0.406 ms - -[0m
2026-08-06 18:20:45 [INFO]: [0mGET /admin/users [36m304[0m 200.238 ms - -[0m
2026-08-06 18:20:45 [INFO]: [0mGET /css/style.css [36m304[0m 0.791 ms - -[0m
2026-08-06 18:20:45 [INFO]: [0mGET /css/admin/layout.css [36m304[0m 0.870 ms - -[0m
2026-08-06 18:20:45 [INFO]: [0mGET /css/admin/users.css [36m304[0m 1.536 ms - -[0m
2026-08-06 18:20:45 [INFO]: [0mGET /css/header.css [36m304[0m 0.493 ms - -[0m
2026-08-06 18:20:45 [INFO]: [0mGET /images/logo/plantora.png [36m304[0m 0.508 ms - -[0m
2026-08-06 18:20:45 [INFO]: [0mGET /js/admin/layout.js [36m304[0m 0.655 ms - -[0m
2026-08-06 18:20:45 [INFO]: [0mGET /js/admin/users.js [36m304[0m 0.922 ms - -[0m
2026-08-06 18:20:45 [INFO]: [0mGET /js/header.js [36m304[0m 1.139 ms - -[0m
2026-08-06 18:20:45 [INFO]: [0mGET /js/notification.js [36m304[0m 1.365 ms - -[0m
2026-08-06 18:20:45 [INFO]: [0mGET /css/variables.css [36m304[0m 0.624 ms - -[0m
2026-08-06 18:20:45 [INFO]: [0mGET /css/utilities.css [36m304[0m 0.700 ms - -[0m
2026-08-06 18:20:45 [INFO]: [0mGET /css/animations.css [36m304[0m 0.995 ms - -[0m
2026-08-06 18:20:45 [INFO]: [0mGET /css/announcement.css [36m304[0m 1.184 ms - -[0m
2026-08-06 18:20:45 [INFO]: [0mGET /css/hero.css [36m304[0m 1.484 ms - -[0m
2026-08-06 18:20:45 [INFO]: [0mGET /css/why-choose.css [36m304[0m 0.408 ms - -[0m
2026-08-06 18:20:45 [INFO]: [0mGET /css/footer.css [36m304[0m 0.499 ms - -[0m
2026-08-06 18:20:45 [INFO]: [0mGET /css/auth.css [36m304[0m 0.651 ms - -[0m
2026-08-06 18:20:45 [INFO]: [0mGET /css/featured.css [36m304[0m 0.935 ms - -[0m
2026-08-06 18:20:45 [INFO]: [0mGET /css/verify.css [36m304[0m 1.389 ms - -[0m
2026-08-06 18:20:47 [INFO]: [0mGET /admin/users/trash [32m200[0m 229.478 ms - -[0m
2026-08-06 18:20:47 [INFO]: [0mGET /css/style.css [36m304[0m 0.278 ms - -[0m
2026-08-06 18:20:47 [INFO]: [0mGET /css/admin/layout.css [36m304[0m 0.303 ms - -[0m
2026-08-06 18:20:47 [INFO]: [0mGET /css/admin/users.css [36m304[0m 0.457 ms - -[0m
2026-08-06 18:20:47 [INFO]: [0mGET /css/header.css [36m304[0m 0.670 ms - -[0m
2026-08-06 18:20:47 [INFO]: [0mGET /images/logo/plantora.png [36m304[0m 0.926 ms - -[0m
2026-08-06 18:20:47 [INFO]: [0mGET /js/admin/layout.js [36m304[0m 0.280 ms - -[0m
2026-08-06 18:20:47 [INFO]: [0mGET /js/admin/users.js [36m304[0m 0.233 ms - -[0m
2026-08-06 18:20:47 [INFO]: [0mGET /css/variables.css [36m304[0m 0.311 ms - -[0m
2026-08-06 18:20:47 [INFO]: [0mGET /js/header.js [36m304[0m 0.423 ms - -[0m
2026-08-06 18:20:47 [INFO]: [0mGET /css/utilities.css [36m304[0m 0.557 ms - -[0m
2026-08-06 18:20:47 [INFO]: [0mGET /js/notification.js [36m304[0m 0.931 ms - -[0m
2026-08-06 18:20:47 [INFO]: [0mGET /css/animations.css [36m304[0m 0.525 ms - -[0m
2026-08-06 18:20:47 [INFO]: [0mGET /css/announcement.css [36m304[0m 0.211 ms - -[0m
2026-08-06 18:20:47 [INFO]: [0mGET /css/hero.css [36m304[0m 0.627 ms - -[0m
2026-08-06 18:20:47 [INFO]: [0mGET /css/featured.css [36m304[0m 0.652 ms - -[0m
2026-08-06 18:20:47 [INFO]: [0mGET /css/why-choose.css [36m304[0m 0.726 ms - -[0m
2026-08-06 18:20:47 [INFO]: [0mGET /css/footer.css [36m304[0m 0.641 ms - -[0m
2026-08-06 18:20:47 [INFO]: [0mGET /css/auth.css [36m304[0m 0.883 ms - -[0m
2026-08-06 18:20:47 [INFO]: [0mGET /css/verify.css [36m304[0m 0.993 ms - -[0m
2026-08-06 18:20:52 [INFO]: [0mGET /admin/users [36m304[0m 195.184 ms - -[0m
2026-08-06 18:20:52 [INFO]: [0mGET /css/style.css [36m304[0m 1.849 ms - -[0m
2026-08-06 18:20:52 [INFO]: [0mGET /css/admin/layout.css [36m304[0m 1.728 ms - -[0m
2026-08-06 18:20:52 [INFO]: [0mGET /css/admin/users.css [36m304[0m 1.880 ms - -[0m
2026-08-06 18:20:52 [INFO]: [0mGET /css/header.css [36m304[0m 1.743 ms - -[0m
2026-08-06 18:20:52 [INFO]: [0mGET /images/logo/plantora.png [36m304[0m 1.785 ms - -[0m
2026-08-06 18:20:52 [INFO]: [0mGET /js/admin/layout.js [36m304[0m 0.327 ms - -[0m
2026-08-06 18:20:52 [INFO]: [0mGET /js/admin/users.js [36m304[0m 0.161 ms - -[0m
2026-08-06 18:20:52 [INFO]: [0mGET /js/header.js [36m304[0m 0.431 ms - -[0m
2026-08-06 18:20:52 [INFO]: [0mGET /js/notification.js [36m304[0m 0.377 ms - -[0m
2026-08-06 18:20:52 [INFO]: [0mGET /css/variables.css [36m304[0m 0.169 ms - -[0m
2026-08-06 18:20:52 [INFO]: [0mGET /css/utilities.css [36m304[0m 0.487 ms - -[0m
2026-08-06 18:20:52 [INFO]: [0mGET /css/animations.css [36m304[0m 0.612 ms - -[0m
2026-08-06 18:20:52 [INFO]: [0mGET /css/announcement.css [36m304[0m 0.831 ms - -[0m
2026-08-06 18:20:52 [INFO]: [0mGET /css/hero.css [36m304[0m 1.076 ms - -[0m
2026-08-06 18:20:52 [INFO]: [0mGET /css/featured.css [36m304[0m 0.943 ms - -[0m
2026-08-06 18:20:52 [INFO]: [0mGET /css/why-choose.css [36m304[0m 1.336 ms - -[0m
2026-08-06 18:20:52 [INFO]: [0mGET /css/footer.css [36m304[0m 0.674 ms - -[0m
2026-08-06 18:20:52 [INFO]: [0mGET /css/auth.css [36m304[0m 0.489 ms - -[0m
2026-08-06 18:20:52 [INFO]: [0mGET /css/verify.css [36m304[0m 1.123 ms - -[0m
2026-08-06 18:21:10 [INFO]: [0mGET /admin/users/trash [36m304[0m 233.617 ms - -[0m
2026-08-06 18:21:10 [INFO]: [0mGET /css/style.css [36m304[0m 0.777 ms - -[0m
2026-08-06 18:21:10 [INFO]: [0mGET /css/admin/layout.css [36m304[0m 0.607 ms - -[0m
2026-08-06 18:21:10 [INFO]: [0mGET /css/admin/users.css [36m304[0m 0.574 ms - -[0m
2026-08-06 18:21:10 [INFO]: [0mGET /css/header.css [36m304[0m 0.786 ms - -[0m
2026-08-06 18:21:10 [INFO]: [0mGET /images/logo/plantora.png [36m304[0m 0.990 ms - -[0m
2026-08-06 18:21:10 [INFO]: [0mGET /js/admin/layout.js [36m304[0m 0.607 ms - -[0m
2026-08-06 18:21:10 [INFO]: [0mGET /js/admin/users.js [36m304[0m 0.781 ms - -[0m
2026-08-06 18:21:10 [INFO]: [0mGET /js/header.js [36m304[0m 1.003 ms - -[0m
2026-08-06 18:21:10 [INFO]: [0mGET /js/notification.js [36m304[0m 1.216 ms - -[0m
2026-08-06 18:21:10 [INFO]: [0mGET /css/variables.css [36m304[0m 0.699 ms - -[0m
2026-08-06 18:21:10 [INFO]: [0mGET /css/utilities.css [36m304[0m 0.841 ms - -[0m
2026-08-06 18:21:10 [INFO]: [0mGET /css/animations.css [36m304[0m 0.972 ms - -[0m
2026-08-06 18:21:10 [INFO]: [0mGET /css/announcement.css [36m304[0m 1.135 ms - -[0m
2026-08-06 18:21:10 [INFO]: [0mGET /css/hero.css [36m304[0m 1.257 ms - -[0m
2026-08-06 18:21:10 [INFO]: [0mGET /css/featured.css [36m304[0m 1.365 ms - -[0m
2026-08-06 18:21:10 [INFO]: [0mGET /css/why-choose.css [36m304[0m 0.625 ms - -[0m
2026-08-06 18:21:10 [INFO]: [0mGET /css/footer.css [36m304[0m 0.714 ms - -[0m
2026-08-06 18:21:10 [INFO]: [0mGET /css/auth.css [36m304[0m 0.800 ms - -[0m
2026-08-06 18:21:10 [INFO]: [0mGET /css/verify.css [36m304[0m 0.174 ms - -[0m
2026-08-06 18:21:12 [INFO]: [0mGET /admin/users [36m304[0m 182.369 ms - -[0m
2026-08-06 18:21:12 [INFO]: [0mGET /css/style.css [36m304[0m 1.588 ms - -[0m
2026-08-06 18:21:12 [INFO]: [0mGET /css/admin/layout.css [36m304[0m 1.591 ms - -[0m
2026-08-06 18:21:12 [INFO]: [0mGET /css/admin/users.css [36m304[0m 1.492 ms - -[0m
2026-08-06 18:21:12 [INFO]: [0mGET /css/header.css [36m304[0m 1.598 ms - -[0m
2026-08-06 18:21:12 [INFO]: [0mGET /images/logo/plantora.png [36m304[0m 1.761 ms - -[0m
2026-08-06 18:21:12 [INFO]: [0mGET /js/admin/layout.js [36m304[0m 0.560 ms - -[0m
2026-08-06 18:21:12 [INFO]: [0mGET /js/admin/users.js [36m304[0m 0.714 ms - -[0m
2026-08-06 18:21:12 [INFO]: [0mGET /js/header.js [36m304[0m 1.008 ms - -[0m
2026-08-06 18:21:12 [INFO]: [0mGET /js/notification.js [36m304[0m 1.335 ms - -[0m
2026-08-06 18:21:12 [INFO]: [0mGET /css/variables.css [36m304[0m 0.223 ms - -[0m
2026-08-06 18:21:12 [INFO]: [0mGET /css/utilities.css [36m304[0m 0.351 ms - -[0m
2026-08-06 18:21:12 [INFO]: [0mGET /css/animations.css [36m304[0m 0.734 ms - -[0m
2026-08-06 18:21:12 [INFO]: [0mGET /css/announcement.css [36m304[0m 1.103 ms - -[0m
2026-08-06 18:21:12 [INFO]: [0mGET /css/hero.css [36m304[0m 0.640 ms - -[0m
2026-08-06 18:21:12 [INFO]: [0mGET /css/featured.css [36m304[0m 0.806 ms - -[0m
2026-08-06 18:21:12 [INFO]: [0mGET /css/why-choose.css [36m304[0m 0.862 ms - -[0m
2026-08-06 18:21:12 [INFO]: [0mGET /css/footer.css [36m304[0m 0.897 ms - -[0m
2026-08-06 18:21:12 [INFO]: [0mGET /css/auth.css [36m304[0m 1.732 ms - -[0m
2026-08-06 18:21:12 [INFO]: [0mGET /css/verify.css [36m304[0m 0.900 ms - -[0m
2026-08-06 18:21:15 [INFO]: [0mGET /css/style.css [36m304[0m 0.248 ms - -[0m
2026-08-06 18:21:15 [INFO]: [0mGET /css/variables.css [36m304[0m 0.143 ms - -[0m
2026-08-06 18:21:15 [INFO]: [0mGET /css/utilities.css [36m304[0m 0.256 ms - -[0m
2026-08-06 18:21:15 [INFO]: [0mGET /css/animations.css [36m304[0m 0.552 ms - -[0m
2026-08-06 18:21:15 [INFO]: [0mGET /css/announcement.css [36m304[0m 0.434 ms - -[0m
2026-08-06 18:21:15 [INFO]: [0mGET /css/header.css [36m304[0m 0.677 ms - -[0m
2026-08-06 18:21:15 [INFO]: [0mGET /css/hero.css [36m304[0m 0.674 ms - -[0m
2026-08-06 18:21:15 [INFO]: [0mGET /css/featured.css [36m304[0m 0.684 ms - -[0m
2026-08-06 18:21:15 [INFO]: [0mGET /css/why-choose.css [36m304[0m 0.336 ms - -[0m
2026-08-06 18:21:15 [INFO]: [0mGET /css/footer.css [36m304[0m 0.458 ms - -[0m
2026-08-06 18:21:15 [INFO]: [0mGET /css/auth.css [36m304[0m 0.694 ms - -[0m
2026-08-06 18:21:15 [INFO]: [0mGET /css/verify.css [36m304[0m 0.462 ms - -[0m
2026-08-06 18:21:15 [INFO]: [0mGET /css/admin/layout.css [36m304[0m 0.585 ms - -[0m
2026-08-06 18:21:15 [INFO]: [0mGET /css/admin/users.css [36m304[0m 0.141 ms - -[0m
2026-08-06 18:21:15 [INFO]: [0mGET /.well-known/appspecific/com.chrome.devtools.json [33m404[0m 94.249 ms - 112[0m
2026-08-06 18:22:51 [INFO]: [0mGET /admin/users [32m200[0m 186.933 ms - -[0m
2026-08-06 18:22:51 [INFO]: [0mGET /css/style.css [36m304[0m 0.764 ms - -[0m
2026-08-06 18:22:51 [INFO]: [0mGET /css/admin/layout.css [36m304[0m 0.756 ms - -[0m
2026-08-06 18:22:51 [INFO]: [0mGET /css/header.css [36m304[0m 0.368 ms - -[0m
2026-08-06 18:22:51 [INFO]: [0mGET /css/admin/users.css [36m304[0m 0.395 ms - -[0m
2026-08-06 18:22:51 [INFO]: [0mGET /images/logo/plantora.png [36m304[0m 0.647 ms - -[0m
2026-08-06 18:22:51 [INFO]: [0mGET /js/admin/layout.js [36m304[0m 0.899 ms - -[0m
2026-08-06 18:22:51 [INFO]: [0mGET /js/admin/users.js [36m304[0m 1.175 ms - -[0m
2026-08-06 18:22:51 [INFO]: [0mGET /js/header.js [36m304[0m 1.442 ms - -[0m
2026-08-06 18:22:51 [INFO]: [0mGET /js/notification.js [36m304[0m 1.727 ms - -[0m
2026-08-06 18:22:51 [INFO]: [0mGET /css/variables.css [36m304[0m 1.089 ms - -[0m
2026-08-06 18:22:51 [INFO]: [0mGET /css/utilities.css [36m304[0m 1.254 ms - -[0m
2026-08-06 18:22:51 [INFO]: [0mGET /css/animations.css [36m304[0m 1.299 ms - -[0m
2026-08-06 18:22:51 [INFO]: [0mGET /css/announcement.css [36m304[0m 1.606 ms - -[0m
2026-08-06 18:22:51 [INFO]: [0mGET /css/hero.css [36m304[0m 2.265 ms - -[0m
2026-08-06 18:22:51 [INFO]: [0mGET /css/featured.css [36m304[0m 0.611 ms - -[0m
2026-08-06 18:22:51 [INFO]: [0mGET /css/why-choose.css [36m304[0m 1.076 ms - -[0m
2026-08-06 18:22:51 [INFO]: [0mGET /css/footer.css [36m304[0m 1.461 ms - -[0m
2026-08-06 18:22:51 [INFO]: [0mGET /css/auth.css [36m304[0m 1.623 ms - -[0m
2026-08-06 18:22:51 [INFO]: [0mGET /css/verify.css [36m304[0m 1.676 ms - -[0m
2026-08-06 18:22:51 [INFO]: [0mGET /css/header.css [36m304[0m 1.725 ms - -[0m
2026-08-06 18:26:45 [INFO]: MongoDB connected successfully.
2026-08-06 18:26:48 [INFO]: Email server connected successfully.
2026-08-06 18:26:48 [INFO]: Server is running on port 5132.
2026-08-06 18:26:59 [INFO]: [0mGET /admin/users [32m200[0m 218.064 ms - -[0m
2026-08-06 18:26:59 [INFO]: [0mGET /css/style.css [36m304[0m 2.014 ms - -[0m
2026-08-06 18:26:59 [INFO]: [0mGET /css/admin/layout.css [36m304[0m 2.014 ms - -[0m
2026-08-06 18:26:59 [INFO]: [0mGET /css/admin/users.css [36m304[0m 1.995 ms - -[0m
2026-08-06 18:26:59 [INFO]: [0mGET /css/header.css [36m304[0m 2.053 ms - -[0m
2026-08-06 18:26:59 [INFO]: [0mGET /images/logo/plantora.png [36m304[0m 2.561 ms - -[0m
2026-08-06 18:26:59 [INFO]: [0mGET /js/admin/layout.js [36m304[0m 1.196 ms - -[0m
2026-08-06 18:26:59 [INFO]: [0mGET /js/header.js [36m304[0m 1.876 ms - -[0m
2026-08-06 18:26:59 [INFO]: [0mGET /js/notification.js [36m304[0m 2.496 ms - -[0m
2026-08-06 18:26:59 [INFO]: [0mGET /css/variables.css [36m304[0m 1.440 ms - -[0m
2026-08-06 18:26:59 [INFO]: [0mGET /css/utilities.css [36m304[0m 1.700 ms - -[0m
2026-08-06 18:26:59 [INFO]: [0mGET /css/announcement.css [36m304[0m 2.026 ms - -[0m
2026-08-06 18:26:59 [INFO]: [0mGET /css/animations.css [36m304[0m 2.576 ms - -[0m
2026-08-06 18:26:59 [INFO]: [0mGET /css/hero.css [36m304[0m 2.873 ms - -[0m
2026-08-06 18:26:59 [INFO]: [0mGET /js/admin/users.js [32m200[0m 5.595 ms - -[0m
2026-08-06 18:26:59 [INFO]: [0mGET /css/featured.css [36m304[0m 1.914 ms - -[0m
2026-08-06 18:26:59 [INFO]: [0mGET /css/why-choose.css [36m304[0m 2.124 ms - -[0m
2026-08-06 18:26:59 [INFO]: [0mGET /css/footer.css [36m304[0m 2.349 ms - -[0m
2026-08-06 18:26:59 [INFO]: [0mGET /css/auth.css [36m304[0m 2.417 ms - -[0m
2026-08-06 18:26:59 [INFO]: [0mGET /css/verify.css [36m304[0m 2.955 ms - -[0m
2026-08-06 18:27:10 [INFO]: [0mGET /css/style.css [36m304[0m 1.553 ms - -[0m
2026-08-06 18:27:10 [INFO]: [0mGET /css/variables.css [36m304[0m 2.068 ms - -[0m
2026-08-06 18:27:10 [INFO]: [0mGET /css/utilities.css [36m304[0m 2.294 ms - -[0m
2026-08-06 18:27:10 [INFO]: [0mGET /css/animations.css [36m304[0m 2.449 ms - -[0m
2026-08-06 18:27:10 [INFO]: [0mGET /css/announcement.css [36m304[0m 2.298 ms - -[0m
2026-08-06 18:27:10 [INFO]: [0mGET /css/header.css [36m304[0m 2.433 ms - -[0m
2026-08-06 18:27:10 [INFO]: [0mGET /css/hero.css [36m304[0m 0.147 ms - -[0m
2026-08-06 18:27:10 [INFO]: [0mGET /css/featured.css [36m304[0m 0.375 ms - -[0m
2026-08-06 18:27:10 [INFO]: [0mGET /css/why-choose.css [36m304[0m 0.637 ms - -[0m
2026-08-06 18:27:10 [INFO]: [0mGET /css/footer.css [36m304[0m 0.433 ms - -[0m
2026-08-06 18:27:10 [INFO]: [0mGET /css/auth.css [36m304[0m 0.582 ms - -[0m
2026-08-06 18:27:10 [INFO]: [0mGET /css/verify.css [36m304[0m 0.967 ms - -[0m
2026-08-06 18:27:10 [INFO]: [0mGET /css/admin/layout.css [36m304[0m 2.009 ms - -[0m
2026-08-06 18:27:10 [INFO]: [0mGET /css/admin/users.css [36m304[0m 1.201 ms - -[0m
2026-08-06 18:27:10 [INFO]: [0mGET /.well-known/appspecific/com.chrome.devtools.json [33m404[0m 70.794 ms - 112[0m
2026-08-06 18:28:31 [INFO]: [0mGET /admin/users [36m304[0m 152.605 ms - -[0m
2026-08-06 18:28:31 [INFO]: [0mGET /css/style.css [36m304[0m 0.311 ms - -[0m
2026-08-06 18:28:31 [INFO]: [0mGET /css/admin/layout.css [36m304[0m 0.707 ms - -[0m
2026-08-06 18:28:31 [INFO]: [0mGET /css/header.css [36m304[0m 0.289 ms - -[0m
2026-08-06 18:28:31 [INFO]: [0mGET /images/logo/plantora.png [36m304[0m 0.473 ms - -[0m
2026-08-06 18:28:31 [INFO]: [0mGET /css/admin/users.css [32m200[0m 1.097 ms - -[0m
2026-08-06 18:28:31 [INFO]: [0mGET /js/admin/layout.js [36m304[0m 0.357 ms - -[0m
2026-08-06 18:28:31 [INFO]: [0mGET /js/admin/users.js [36m304[0m 0.309 ms - -[0m
2026-08-06 18:28:31 [INFO]: [0mGET /js/header.js [36m304[0m 0.478 ms - -[0m
2026-08-06 18:28:31 [INFO]: [0mGET /js/notification.js [36m304[0m 0.810 ms - -[0m
2026-08-06 18:28:31 [INFO]: [0mGET /css/variables.css [36m304[0m 1.150 ms - -[0m
2026-08-06 18:28:31 [INFO]: [0mGET /css/utilities.css [36m304[0m 1.256 ms - -[0m
2026-08-06 18:28:31 [INFO]: [0mGET /css/animations.css [36m304[0m 1.437 ms - -[0m
2026-08-06 18:28:31 [INFO]: [0mGET /css/announcement.css [36m304[0m 1.608 ms - -[0m
2026-08-06 18:28:31 [INFO]: [0mGET /css/hero.css [36m304[0m 1.700 ms - -[0m
2026-08-06 18:28:31 [INFO]: [0mGET /css/why-choose.css [36m304[0m 0.755 ms - -[0m
2026-08-06 18:28:31 [INFO]: [0mGET /css/footer.css [36m304[0m 0.852 ms - -[0m
2026-08-06 18:28:31 [INFO]: [0mGET /css/auth.css [36m304[0m 1.028 ms - -[0m
2026-08-06 18:28:31 [INFO]: [0mGET /css/verify.css [36m304[0m 1.135 ms - -[0m
2026-08-06 18:28:31 [INFO]: [0mGET /css/featured.css [36m304[0m 1.312 ms - -[0m
2026-08-06 18:29:27 [INFO]: [0mGET /admin/users [36m304[0m 150.084 ms - -[0m
2026-08-06 18:29:27 [INFO]: [0mGET /css/style.css [36m304[0m 0.560 ms - -[0m
2026-08-06 18:29:27 [INFO]: [0mGET /css/admin/layout.css [36m304[0m 0.860 ms - -[0m
2026-08-06 18:29:27 [INFO]: [0mGET /css/header.css [36m304[0m 0.226 ms - -[0m
2026-08-06 18:29:27 [INFO]: [0mGET /images/logo/plantora.png [36m304[0m 0.994 ms - -[0m
2026-08-06 18:29:27 [INFO]: [0mGET /css/admin/users.css [32m200[0m 2.398 ms - -[0m
2026-08-06 18:29:27 [INFO]: [0mGET /js/admin/layout.js [36m304[0m 0.597 ms - -[0m
2026-08-06 18:29:27 [INFO]: [0mGET /js/admin/users.js [36m304[0m 0.224 ms - -[0m
2026-08-06 18:29:27 [INFO]: [0mGET /js/header.js [36m304[0m 0.714 ms - -[0m
2026-08-06 18:29:27 [INFO]: [0mGET /js/notification.js [36m304[0m 0.561 ms - -[0m
2026-08-06 18:29:27 [INFO]: [0mGET /css/variables.css [36m304[0m 0.387 ms - -[0m
2026-08-06 18:29:27 [INFO]: [0mGET /css/utilities.css [36m304[0m 0.607 ms - -[0m
2026-08-06 18:29:27 [INFO]: [0mGET /css/animations.css [36m304[0m 0.907 ms - -[0m
2026-08-06 18:29:27 [INFO]: [0mGET /css/announcement.css [36m304[0m 0.739 ms - -[0m
2026-08-06 18:29:27 [INFO]: [0mGET /css/hero.css [36m304[0m 0.714 ms - -[0m
2026-08-06 18:29:27 [INFO]: [0mGET /css/featured.css [36m304[0m 0.851 ms - -[0m
2026-08-06 18:29:27 [INFO]: [0mGET /css/why-choose.css [36m304[0m 1.083 ms - -[0m
2026-08-06 18:29:27 [INFO]: [0mGET /css/footer.css [36m304[0m 0.370 ms - -[0m
2026-08-06 18:29:27 [INFO]: [0mGET /css/auth.css [36m304[0m 0.267 ms - -[0m
2026-08-06 18:29:27 [INFO]: [0mGET /css/verify.css [36m304[0m 0.721 ms - -[0m
2026-08-06 18:29:39 [INFO]: [0mGET /css/style.css [36m304[0m 0.218 ms - -[0m
2026-08-06 18:29:39 [INFO]: [0mGET /css/variables.css [36m304[0m 0.276 ms - -[0m
2026-08-06 18:29:39 [INFO]: [0mGET /css/utilities.css [36m304[0m 0.518 ms - -[0m
2026-08-06 18:29:39 [INFO]: [0mGET /css/animations.css [36m304[0m 0.684 ms - -[0m
2026-08-06 18:29:39 [INFO]: [0mGET /css/header.css [36m304[0m 0.735 ms - -[0m
2026-08-06 18:29:39 [INFO]: [0mGET /css/announcement.css [36m304[0m 1.036 ms - -[0m
2026-08-06 18:29:39 [INFO]: [0mGET /css/hero.css [36m304[0m 1.216 ms - -[0m
2026-08-06 18:29:39 [INFO]: [0mGET /css/featured.css [36m304[0m 0.253 ms - -[0m
2026-08-06 18:29:39 [INFO]: [0mGET /css/why-choose.css [36m304[0m 0.616 ms - -[0m
2026-08-06 18:29:39 [INFO]: [0mGET /css/footer.css [36m304[0m 0.511 ms - -[0m
2026-08-06 18:29:39 [INFO]: [0mGET /css/auth.css [36m304[0m 0.864 ms - -[0m
2026-08-06 18:29:39 [INFO]: [0mGET /css/verify.css [36m304[0m 1.000 ms - -[0m
2026-08-06 18:29:39 [INFO]: [0mGET /css/admin/layout.css [36m304[0m 0.254 ms - -[0m
2026-08-06 18:29:39 [INFO]: [0mGET /css/admin/users.css [36m304[0m 1.006 ms - -[0m
2026-08-06 18:29:40 [INFO]: [0mGET /.well-known/appspecific/com.chrome.devtools.json [33m404[0m 70.629 ms - 112[0m
2026-08-06 18:30:35 [INFO]: [0mGET /admin/users [36m304[0m 154.829 ms - -[0m
2026-08-06 18:30:35 [INFO]: [0mGET /css/style.css [36m304[0m 0.326 ms - -[0m
2026-08-06 18:30:35 [INFO]: [0mGET /css/admin/layout.css [36m304[0m 0.307 ms - -[0m
2026-08-06 18:30:35 [INFO]: [0mGET /css/admin/users.css [36m304[0m 0.165 ms - -[0m
2026-08-06 18:30:35 [INFO]: [0mGET /css/header.css [36m304[0m 0.238 ms - -[0m
2026-08-06 18:30:35 [INFO]: [0mGET /images/logo/plantora.png [36m304[0m 0.462 ms - -[0m
2026-08-06 18:30:35 [INFO]: [0mGET /js/admin/layout.js [36m304[0m 0.566 ms - -[0m
2026-08-06 18:30:35 [INFO]: [0mGET /js/admin/users.js [36m304[0m 0.946 ms - -[0m
2026-08-06 18:30:35 [INFO]: [0mGET /js/header.js [36m304[0m 0.628 ms - -[0m
2026-08-06 18:30:35 [INFO]: [0mGET /js/notification.js [36m304[0m 0.762 ms - -[0m
2026-08-06 18:30:35 [INFO]: [0mGET /css/variables.css [36m304[0m 1.137 ms - -[0m
2026-08-06 18:30:35 [INFO]: [0mGET /css/utilities.css [36m304[0m 0.431 ms - -[0m
2026-08-06 18:30:35 [INFO]: [0mGET /css/animations.css [36m304[0m 0.335 ms - -[0m
2026-08-06 18:30:35 [INFO]: [0mGET /css/announcement.css [36m304[0m 0.458 ms - -[0m
2026-08-06 18:30:35 [INFO]: [0mGET /css/hero.css [36m304[0m 0.575 ms - -[0m
2026-08-06 18:30:35 [INFO]: [0mGET /css/featured.css [36m304[0m 1.131 ms - -[0m
2026-08-06 18:30:35 [INFO]: [0mGET /css/why-choose.css [36m304[0m 0.723 ms - -[0m
2026-08-06 18:30:35 [INFO]: [0mGET /css/footer.css [36m304[0m 0.844 ms - -[0m
2026-08-06 18:30:35 [INFO]: [0mGET /css/auth.css [36m304[0m 1.022 ms - -[0m
2026-08-06 18:30:35 [INFO]: [0mGET /css/verify.css [36m304[0m 1.387 ms - -[0m
2026-08-06 18:30:35 [INFO]: [0mGET /.well-known/appspecific/com.chrome.devtools.json [33m404[0m 76.181 ms - 112[0m
2026-08-06 18:31:04 [INFO]: [0mGET /admin/users [36m304[0m 150.436 ms - -[0m
2026-08-06 18:31:04 [INFO]: [0mGET /css/style.css [36m304[0m 0.670 ms - -[0m
2026-08-06 18:31:04 [INFO]: [0mGET /css/admin/layout.css [36m304[0m 0.570 ms - -[0m
2026-08-06 18:31:04 [INFO]: [0mGET /css/header.css [36m304[0m 0.348 ms - -[0m
2026-08-06 18:31:04 [INFO]: [0mGET /css/admin/users.css [36m304[0m 0.456 ms - -[0m
2026-08-06 18:31:04 [INFO]: [0mGET /images/logo/plantora.png [36m304[0m 0.666 ms - -[0m
2026-08-06 18:31:04 [INFO]: [0mGET /js/admin/layout.js [36m304[0m 0.811 ms - -[0m
2026-08-06 18:31:04 [INFO]: [0mGET /js/admin/users.js [36m304[0m 0.983 ms - -[0m
2026-08-06 18:31:04 [INFO]: [0mGET /js/header.js [36m304[0m 1.168 ms - -[0m
2026-08-06 18:31:04 [INFO]: [0mGET /css/variables.css [36m304[0m 1.393 ms - -[0m
2026-08-06 18:31:04 [INFO]: [0mGET /css/utilities.css [36m304[0m 1.632 ms - -[0m
2026-08-06 18:31:04 [INFO]: [0mGET /css/animations.css [36m304[0m 1.065 ms - -[0m
2026-08-06 18:31:04 [INFO]: [0mGET /css/announcement.css [36m304[0m 1.392 ms - -[0m
2026-08-06 18:31:04 [INFO]: [0mGET /css/hero.css [36m304[0m 1.463 ms - -[0m
2026-08-06 18:31:04 [INFO]: [0mGET /css/featured.css [36m304[0m 0.967 ms - -[0m
2026-08-06 18:31:04 [INFO]: [0mGET /css/why-choose.css [36m304[0m 1.119 ms - -[0m
2026-08-06 18:31:04 [INFO]: [0mGET /css/footer.css [36m304[0m 0.563 ms - -[0m
2026-08-06 18:31:04 [INFO]: [0mGET /css/auth.css [36m304[0m 0.686 ms - -[0m
2026-08-06 18:31:04 [INFO]: [0mGET /css/verify.css [36m304[0m 0.817 ms - -[0m
2026-08-06 18:31:04 [INFO]: [0mGET /js/notification.js [36m304[0m 0.235 ms - -[0m
2026-08-06 18:31:04 [INFO]: [0mGET /.well-known/appspecific/com.chrome.devtools.json [33m404[0m 67.356 ms - 112[0m
2026-08-06 18:31:32 [INFO]: [0mGET /admin/users [36m304[0m 149.513 ms - -[0m
2026-08-06 18:31:32 [INFO]: [0mGET /css/style.css [36m304[0m 0.553 ms - -[0m
2026-08-06 18:31:32 [INFO]: [0mGET /css/admin/layout.css [36m304[0m 0.665 ms - -[0m
2026-08-06 18:31:32 [INFO]: [0mGET /css/admin/users.css [36m304[0m 0.348 ms - -[0m
2026-08-06 18:31:32 [INFO]: [0mGET /css/header.css [36m304[0m 0.427 ms - -[0m
2026-08-06 18:31:32 [INFO]: [0mGET /images/logo/plantora.png [36m304[0m 0.574 ms - -[0m
2026-08-06 18:31:32 [INFO]: [0mGET /js/admin/layout.js [36m304[0m 0.430 ms - -[0m
2026-08-06 18:31:32 [INFO]: [0mGET /js/admin/users.js [36m304[0m 0.871 ms - -[0m
2026-08-06 18:31:32 [INFO]: [0mGET /js/header.js [36m304[0m 1.354 ms - -[0m
2026-08-06 18:31:32 [INFO]: [0mGET /js/notification.js [36m304[0m 0.192 ms - -[0m
2026-08-06 18:31:32 [INFO]: [0mGET /css/variables.css [36m304[0m 0.487 ms - -[0m
2026-08-06 18:31:32 [INFO]: [0mGET /css/utilities.css [36m304[0m 0.660 ms - -[0m
2026-08-06 18:31:32 [INFO]: [0mGET /css/animations.css [36m304[0m 0.838 ms - -[0m
2026-08-06 18:31:32 [INFO]: [0mGET /css/announcement.css [36m304[0m 1.262 ms - -[0m
2026-08-06 18:31:32 [INFO]: [0mGET /css/hero.css [36m304[0m 0.594 ms - -[0m
2026-08-06 18:31:32 [INFO]: [0mGET /css/featured.css [36m304[0m 0.237 ms - -[0m
2026-08-06 18:31:32 [INFO]: [0mGET /css/why-choose.css [36m304[0m 0.811 ms - -[0m
2026-08-06 18:31:32 [INFO]: [0mGET /css/footer.css [36m304[0m 0.704 ms - -[0m
2026-08-06 18:31:32 [INFO]: [0mGET /css/auth.css [36m304[0m 0.866 ms - -[0m
2026-08-06 18:31:32 [INFO]: [0mGET /css/verify.css [36m304[0m 0.193 ms - -[0m
2026-08-06 18:31:32 [INFO]: [0mGET /.well-known/appspecific/com.chrome.devtools.json [33m404[0m 69.334 ms - 112[0m
2026-08-06 18:32:00 [INFO]: [0mGET /admin/users [36m304[0m 155.121 ms - -[0m
2026-08-06 18:32:00 [INFO]: [0mGET /css/style.css [36m304[0m 0.742 ms - -[0m
2026-08-06 18:32:00 [INFO]: [0mGET /css/admin/layout.css [36m304[0m 0.657 ms - -[0m
2026-08-06 18:32:00 [INFO]: [0mGET /css/header.css [36m304[0m 0.223 ms - -[0m
2026-08-06 18:32:00 [INFO]: [0mGET /images/logo/plantora.png [36m304[0m 0.148 ms - -[0m
2026-08-06 18:32:00 [INFO]: [0mGET /css/admin/users.css [32m200[0m 1.052 ms - -[0m
2026-08-06 18:32:00 [INFO]: [0mGET /js/admin/layout.js [36m304[0m 1.086 ms - -[0m
2026-08-06 18:32:00 [INFO]: [0mGET /js/admin/users.js [36m304[0m 1.158 ms - -[0m
2026-08-06 18:32:00 [INFO]: [0mGET /js/header.js [36m304[0m 1.160 ms - -[0m
2026-08-06 18:32:00 [INFO]: [0mGET /js/notification.js [36m304[0m 1.339 ms - -[0m
2026-08-06 18:32:00 [INFO]: [0mGET /css/variables.css [36m304[0m 0.255 ms - -[0m
2026-08-06 18:32:00 [INFO]: [0mGET /css/utilities.css [36m304[0m 0.959 ms - -[0m
2026-08-06 18:32:00 [INFO]: [0mGET /css/animations.css [36m304[0m 1.139 ms - -[0m
2026-08-06 18:32:00 [INFO]: [0mGET /css/announcement.css [36m304[0m 1.270 ms - -[0m
2026-08-06 18:32:00 [INFO]: [0mGET /css/hero.css [36m304[0m 1.453 ms - -[0m
2026-08-06 18:32:00 [INFO]: [0mGET /css/featured.css [36m304[0m 1.817 ms - -[0m
2026-08-06 18:32:00 [INFO]: [0mGET /css/why-choose.css [36m304[0m 1.289 ms - -[0m
2026-08-06 18:32:00 [INFO]: [0mGET /css/footer.css [36m304[0m 1.199 ms - -[0m
2026-08-06 18:32:00 [INFO]: [0mGET /css/auth.css [36m304[0m 1.160 ms - -[0m
2026-08-06 18:32:00 [INFO]: [0mGET /css/verify.css [36m304[0m 1.148 ms - -[0m
2026-08-06 18:32:22 [INFO]: [0mGET /admin/users [36m304[0m 148.824 ms - -[0m
2026-08-06 18:32:22 [INFO]: [0mGET /css/style.css [36m304[0m 0.622 ms - -[0m
2026-08-06 18:32:22 [INFO]: [0mGET /css/admin/layout.css [36m304[0m 0.739 ms - -[0m
2026-08-06 18:32:22 [INFO]: [0mGET /css/header.css [36m304[0m 0.370 ms - -[0m
2026-08-06 18:32:22 [INFO]: [0mGET /images/logo/plantora.png [36m304[0m 0.663 ms - -[0m
2026-08-06 18:32:22 [INFO]: [0mGET /css/admin/users.css [32m200[0m 2.266 ms - -[0m
2026-08-06 18:32:22 [INFO]: [0mGET /js/admin/layout.js [36m304[0m 0.985 ms - -[0m
2026-08-06 18:32:22 [INFO]: [0mGET /js/admin/users.js [36m304[0m 1.327 ms - -[0m
2026-08-06 18:32:22 [INFO]: [0mGET /js/header.js [36m304[0m 0.683 ms - -[0m
2026-08-06 18:32:22 [INFO]: [0mGET /js/notification.js [36m304[0m 0.548 ms - -[0m
2026-08-06 18:32:22 [INFO]: [0mGET /css/variables.css [36m304[0m 0.395 ms - -[0m
2026-08-06 18:32:22 [INFO]: [0mGET /css/utilities.css [36m304[0m 0.710 ms - -[0m
2026-08-06 18:32:22 [INFO]: [0mGET /css/animations.css [36m304[0m 0.487 ms - -[0m
2026-08-06 18:32:22 [INFO]: [0mGET /css/announcement.css [36m304[0m 0.397 ms - -[0m
2026-08-06 18:32:22 [INFO]: [0mGET /css/hero.css [36m304[0m 0.440 ms - -[0m
2026-08-06 18:32:22 [INFO]: [0mGET /css/featured.css [36m304[0m 0.516 ms - -[0m
2026-08-06 18:32:22 [INFO]: [0mGET /css/why-choose.css [36m304[0m 0.861 ms - -[0m
2026-08-06 18:32:22 [INFO]: [0mGET /css/footer.css [36m304[0m 0.564 ms - -[0m
2026-08-06 18:32:22 [INFO]: [0mGET /css/auth.css [36m304[0m 1.151 ms - -[0m
2026-08-06 18:32:22 [INFO]: [0mGET /css/verify.css [36m304[0m 0.584 ms - -[0m
2026-08-06 18:32:37 [INFO]: [0mGET /admin/users [36m304[0m 147.144 ms - -[0m
2026-08-06 18:32:37 [INFO]: [0mGET /css/style.css [36m304[0m 0.723 ms - -[0m
2026-08-06 18:32:37 [INFO]: [0mGET /css/admin/layout.css [36m304[0m 1.124 ms - -[0m
2026-08-06 18:32:37 [INFO]: [0mGET /css/header.css [36m304[0m 0.515 ms - -[0m
2026-08-06 18:32:37 [INFO]: [0mGET /images/logo/plantora.png [36m304[0m 0.635 ms - -[0m
2026-08-06 18:32:37 [INFO]: [0mGET /js/admin/layout.js [36m304[0m 0.341 ms - -[0m
2026-08-06 18:32:37 [INFO]: [0mGET /js/admin/users.js [36m304[0m 0.538 ms - -[0m
2026-08-06 18:32:37 [INFO]: [0mGET /css/admin/users.css [32m200[0m 1.792 ms - -[0m
2026-08-06 18:32:37 [INFO]: [0mGET /js/header.js [36m304[0m 0.772 ms - -[0m
2026-08-06 18:32:37 [INFO]: [0mGET /js/notification.js [36m304[0m 1.132 ms - -[0m
2026-08-06 18:32:37 [INFO]: [0mGET /css/variables.css [36m304[0m 0.682 ms - -[0m
2026-08-06 18:32:37 [INFO]: [0mGET /css/utilities.css [36m304[0m 1.037 ms - -[0m
2026-08-06 18:32:37 [INFO]: [0mGET /css/animations.css [36m304[0m 1.311 ms - -[0m
2026-08-06 18:32:37 [INFO]: [0mGET /css/announcement.css [36m304[0m 2.028 ms - -[0m
2026-08-06 18:32:37 [INFO]: [0mGET /css/hero.css [36m304[0m 0.893 ms - -[0m
2026-08-06 18:32:37 [INFO]: [0mGET /css/featured.css [36m304[0m 0.912 ms - -[0m
2026-08-06 18:32:37 [INFO]: [0mGET /css/why-choose.css [36m304[0m 1.315 ms - -[0m
2026-08-06 18:32:37 [INFO]: [0mGET /css/footer.css [36m304[0m 1.457 ms - -[0m
2026-08-06 18:32:37 [INFO]: [0mGET /css/auth.css [36m304[0m 1.433 ms - -[0m
2026-08-06 18:32:37 [INFO]: [0mGET /css/verify.css [36m304[0m 0.311 ms - -[0m
2026-08-06 18:32:46 [INFO]: [0mGET /css/style.css [36m304[0m 0.302 ms - -[0m
2026-08-06 18:32:46 [INFO]: [0mGET /css/variables.css [36m304[0m 0.765 ms - -[0m
2026-08-06 18:32:46 [INFO]: [0mGET /css/utilities.css [36m304[0m 0.541 ms - -[0m
2026-08-06 18:32:46 [INFO]: [0mGET /css/announcement.css [36m304[0m 0.346 ms - -[0m
2026-08-06 18:32:46 [INFO]: [0mGET /css/animations.css [36m304[0m 0.459 ms - -[0m
2026-08-06 18:32:46 [INFO]: [0mGET /css/header.css [36m304[0m 0.299 ms - -[0m
2026-08-06 18:32:46 [INFO]: [0mGET /css/hero.css [36m304[0m 0.440 ms - -[0m
2026-08-06 18:32:46 [INFO]: [0mGET /css/featured.css [36m304[0m 0.171 ms - -[0m
2026-08-06 18:32:46 [INFO]: [0mGET /css/why-choose.css [36m304[0m 0.337 ms - -[0m
2026-08-06 18:32:46 [INFO]: [0mGET /css/footer.css [36m304[0m 0.153 ms - -[0m
2026-08-06 18:32:46 [INFO]: [0mGET /css/auth.css [36m304[0m 0.532 ms - -[0m
2026-08-06 18:32:46 [INFO]: [0mGET /css/verify.css [36m304[0m 0.500 ms - -[0m
2026-08-06 18:32:46 [INFO]: [0mGET /css/admin/layout.css [36m304[0m 0.765 ms - -[0m
2026-08-06 18:32:46 [INFO]: [0mGET /css/admin/users.css [36m304[0m 0.299 ms - -[0m
2026-08-06 18:32:46 [INFO]: [0mGET /.well-known/appspecific/com.chrome.devtools.json [33m404[0m 68.136 ms - 112[0m
2026-08-06 18:33:28 [INFO]: [0mGET /admin/users [36m304[0m 153.005 ms - -[0m
2026-08-06 18:33:28 [INFO]: [0mGET /css/style.css [36m304[0m 0.652 ms - -[0m
2026-08-06 18:33:28 [INFO]: [0mGET /css/admin/layout.css [36m304[0m 0.572 ms - -[0m
2026-08-06 18:33:28 [INFO]: [0mGET /css/header.css [36m304[0m 0.297 ms - -[0m
2026-08-06 18:33:28 [INFO]: [0mGET /images/logo/plantora.png [36m304[0m 0.361 ms - -[0m
2026-08-06 18:33:28 [INFO]: [0mGET /css/admin/users.css [32m200[0m 1.379 ms - -[0m
2026-08-06 18:33:28 [INFO]: [0mGET /js/admin/layout.js [36m304[0m 0.425 ms - -[0m
2026-08-06 18:33:28 [INFO]: [0mGET /js/admin/users.js [36m304[0m 0.617 ms - -[0m
2026-08-06 18:33:28 [INFO]: [0mGET /js/header.js [36m304[0m 0.912 ms - -[0m
2026-08-06 18:33:28 [INFO]: [0mGET /js/notification.js [36m304[0m 1.260 ms - -[0m
2026-08-06 18:33:28 [INFO]: [0mGET /css/variables.css [36m304[0m 0.243 ms - -[0m
2026-08-06 18:33:28 [INFO]: [0mGET /css/utilities.css [36m304[0m 0.704 ms - -[0m
2026-08-06 18:33:28 [INFO]: [0mGET /css/animations.css [36m304[0m 0.546 ms - -[0m
2026-08-06 18:33:28 [INFO]: [0mGET /css/announcement.css [36m304[0m 0.651 ms - -[0m
2026-08-06 18:33:28 [INFO]: [0mGET /css/hero.css [36m304[0m 1.207 ms - -[0m
2026-08-06 18:33:28 [INFO]: [0mGET /css/featured.css [36m304[0m 0.531 ms - -[0m
2026-08-06 18:33:28 [INFO]: [0mGET /css/why-choose.css [36m304[0m 0.337 ms - -[0m
2026-08-06 18:33:28 [INFO]: [0mGET /css/footer.css [36m304[0m 0.584 ms - -[0m
2026-08-06 18:33:28 [INFO]: [0mGET /css/auth.css [36m304[0m 0.777 ms - -[0m
2026-08-06 18:33:28 [INFO]: [0mGET /css/verify.css [36m304[0m 1.181 ms - -[0m
2026-08-06 18:33:28 [INFO]: [0mGET /css/header.css [36m304[0m 0.560 ms - -[0m
2026-08-06 18:33:37 [INFO]: [0mGET /admin/users/trash [36m304[0m 181.216 ms - -[0m
2026-08-06 18:33:37 [INFO]: [0mGET /css/style.css [36m304[0m 0.816 ms - -[0m
2026-08-06 18:33:37 [INFO]: [0mGET /css/admin/layout.css [36m304[0m 1.139 ms - -[0m
2026-08-06 18:33:37 [INFO]: [0mGET /css/header.css [36m304[0m 0.434 ms - -[0m
2026-08-06 18:33:37 [INFO]: [0mGET /images/logo/plantora.png [36m304[0m 1.018 ms - -[0m
2026-08-06 18:33:37 [INFO]: [0mGET /css/admin/users.css [36m304[0m 1.408 ms - -[0m
2026-08-06 18:33:37 [INFO]: [0mGET /js/admin/layout.js [36m304[0m 1.171 ms - -[0m
2026-08-06 18:33:37 [INFO]: [0mGET /js/admin/users.js [36m304[0m 1.232 ms - -[0m
2026-08-06 18:33:37 [INFO]: [0mGET /css/variables.css [36m304[0m 1.203 ms - -[0m
2026-08-06 18:33:37 [INFO]: [0mGET /js/header.js [36m304[0m 1.689 ms - -[0m
2026-08-06 18:33:37 [INFO]: [0mGET /css/utilities.css [36m304[0m 1.370 ms - -[0m
2026-08-06 18:33:37 [INFO]: [0mGET /js/notification.js [36m304[0m 1.611 ms - -[0m
2026-08-06 18:33:37 [INFO]: [0mGET /css/animations.css [36m304[0m 1.471 ms - -[0m
2026-08-06 18:33:37 [INFO]: [0mGET /css/announcement.css [36m304[0m 1.542 ms - -[0m
2026-08-06 18:33:37 [INFO]: [0mGET /css/hero.css [36m304[0m 1.563 ms - -[0m
2026-08-06 18:33:37 [INFO]: [0mGET /css/featured.css [36m304[0m 0.729 ms - -[0m
2026-08-06 18:33:37 [INFO]: [0mGET /css/why-choose.css [36m304[0m 0.989 ms - -[0m
2026-08-06 18:33:37 [INFO]: [0mGET /css/footer.css [36m304[0m 0.658 ms - -[0m
2026-08-06 18:33:37 [INFO]: [0mGET /css/auth.css [36m304[0m 0.715 ms - -[0m
2026-08-06 18:33:37 [INFO]: [0mGET /css/verify.css [36m304[0m 1.035 ms - -[0m
2026-08-06 18:33:43 [INFO]: [0mGET /auth/profile [36m304[0m 115.544 ms - -[0m
2026-08-06 18:33:43 [INFO]: [0mGET /css/profile.css [36m304[0m 0.456 ms - -[0m
2026-08-06 18:33:43 [INFO]: [0mGET /css/style.css [36m304[0m 1.125 ms - -[0m
2026-08-06 18:33:43 [INFO]: [0mGET /images/logo/plantora.png [36m304[0m 1.147 ms - -[0m
2026-08-06 18:33:43 [INFO]: [0mGET /js/profile.js [36m304[0m 1.204 ms - -[0m
2026-08-06 18:33:43 [INFO]: [0mGET /images/logo/plantora-orgn-white.png [36m304[0m 0.720 ms - -[0m
2026-08-06 18:33:43 [INFO]: [0mGET /js/header.js [36m304[0m 0.695 ms - -[0m
2026-08-06 18:33:43 [INFO]: [0mGET /js/featured.js [36m304[0m 1.039 ms - -[0m
2026-08-06 18:33:43 [INFO]: [0mGET /js/why-choose.js [36m304[0m 1.248 ms - -[0m
2026-08-06 18:33:43 [INFO]: [0mGET /js/notification.js [36m304[0m 1.467 ms - -[0m
2026-08-06 18:33:43 [INFO]: [0mGET /js/footer.js [36m304[0m 0.182 ms - -[0m
2026-08-06 18:33:43 [INFO]: [0mGET /css/variables.css [36m304[0m 0.148 ms - -[0m
2026-08-06 18:33:43 [INFO]: [0mGET /css/utilities.css [36m304[0m 0.394 ms - -[0m
2026-08-06 18:33:43 [INFO]: [0mGET /css/animations.css [36m304[0m 0.600 ms - -[0m
2026-08-06 18:33:43 [INFO]: [0mGET /css/announcement.css [36m304[0m 0.826 ms - -[0m
2026-08-06 18:33:43 [INFO]: [0mGET /css/header.css [36m304[0m 1.088 ms - -[0m
2026-08-06 18:33:43 [INFO]: [0mGET /css/hero.css [36m304[0m 0.890 ms - -[0m
2026-08-06 18:33:43 [INFO]: [0mGET /css/featured.css [36m304[0m 0.721 ms - -[0m
2026-08-06 18:33:43 [INFO]: [0mGET /css/why-choose.css [36m304[0m 0.561 ms - -[0m
2026-08-06 18:33:43 [INFO]: [0mGET /css/footer.css [36m304[0m 0.928 ms - -[0m
2026-08-06 18:33:43 [INFO]: [0mGET /css/auth.css [36m304[0m 0.530 ms - -[0m
2026-08-06 18:33:43 [INFO]: [0mGET /css/verify.css [36m304[0m 0.631 ms - -[0m
2026-08-06 18:33:43 [INFO]: [0mGET /js/auth.js [36m304[0m 0.104 ms - -[0m
2026-08-06 18:33:46 [INFO]: Logout successful : admin-plantora@yopmail.com
2026-08-06 18:33:46 [INFO]: [0mPOST /auth/logout [36m302[0m 325.705 ms - 30[0m
2026-08-06 18:33:46 [INFO]: [0mGET / [32m200[0m 4.125 ms - -[0m
2026-08-06 18:33:46 [INFO]: [0mGET /css/style.css [36m304[0m 0.588 ms - -[0m
2026-08-06 18:33:46 [INFO]: [0mGET /images/logo/plantora.png [36m304[0m 1.057 ms - -[0m
2026-08-06 18:33:46 [INFO]: [0mGET /images/hero/hero-placeholder.png [36m304[0m 1.292 ms - -[0m
2026-08-06 18:33:46 [INFO]: [0mGET /images/hero/monstera-plant.jpg [36m304[0m 1.116 ms - -[0m
2026-08-06 18:33:46 [INFO]: [0mGET /images/hero/snake-plant.jpg [36m304[0m 1.443 ms - -[0m
2026-08-06 18:33:46 [INFO]: [0mGET /images/hero/peace-lily.jpg [36m304[0m 1.747 ms - -[0m
2026-08-06 18:33:46 [INFO]: [0mGET /js/header.js [36m304[0m 1.871 ms - -[0m
2026-08-06 18:33:46 [INFO]: [0mGET /css/variables.css [36m304[0m 1.420 ms - -[0m
2026-08-06 18:33:46 [INFO]: [0mGET /css/utilities.css [36m304[0m 1.749 ms - -[0m
2026-08-06 18:33:46 [INFO]: [0mGET /css/animations.css [36m304[0m 1.975 ms - -[0m
2026-08-06 18:33:46 [INFO]: [0mGET /css/announcement.css [36m304[0m 2.122 ms - -[0m
2026-08-06 18:33:46 [INFO]: [0mGET /css/header.css [36m304[0m 2.357 ms - -[0m
2026-08-06 18:33:46 [INFO]: [0mGET /css/hero.css [36m304[0m 0.513 ms - -[0m
2026-08-06 18:33:46 [INFO]: [0mGET /css/featured.css [36m304[0m 0.793 ms - -[0m
2026-08-06 18:33:46 [INFO]: [0mGET /css/why-choose.css [36m304[0m 1.334 ms - -[0m
2026-08-06 18:33:46 [INFO]: [0mGET /css/footer.css [36m304[0m 0.996 ms - -[0m
2026-08-06 18:33:46 [INFO]: [0mGET /css/auth.css [36m304[0m 0.761 ms - -[0m
2026-08-06 18:33:46 [INFO]: [0mGET /css/verify.css [36m304[0m 1.417 ms - -[0m
2026-08-06 18:33:46 [INFO]: [0mGET /js/featured.js [36m304[0m 0.364 ms - -[0m
2026-08-06 18:33:46 [INFO]: [0mGET /js/why-choose.js [36m304[0m 0.524 ms - -[0m
2026-08-06 18:33:46 [INFO]: [0mGET /js/notification.js [36m304[0m 0.869 ms - -[0m
2026-08-06 18:33:46 [INFO]: [0mGET /js/footer.js [36m304[0m 1.417 ms - -[0m
2026-08-06 18:33:46 [INFO]: [0mGET /js/auth.js [36m304[0m 0.712 ms - -[0m
2026-08-06 18:33:46 [INFO]: [0mGET /images/hero/tulip-plant.jpg [36m304[0m 0.273 ms - -[0m
2026-08-06 18:33:46 [INFO]: [0mGET /images/hero/rubber-plant.jpg [36m304[0m 0.296 ms - -[0m
2026-08-06 18:33:46 [INFO]: [0mGET /images/hero/aloe-vera.jpg [36m304[0m 0.440 ms - -[0m
2026-08-06 18:33:46 [INFO]: [0mGET /images/hero/areca-palm.jpg [36m304[0m 0.834 ms - -[0m
2026-08-06 18:33:46 [INFO]: [0mGET /images/hero/jade-plant.jpg [36m304[0m 0.617 ms - -[0m
2026-08-06 18:33:46 [INFO]: [0mGET /images/hero/golden-pothos.jpg [36m304[0m 0.694 ms - -[0m
2026-08-06 18:33:46 [INFO]: [0mGET /images/hero/fiddle-leaf-fig.jpg [36m304[0m 0.250 ms - -[0m
2026-08-06 18:33:46 [INFO]: [0mGET /images/hero/why-choose.jpg [36m304[0m 0.243 ms - -[0m
2026-08-06 18:33:46 [INFO]: [0mGET /images/logo/plantora-orgn-white.png [36m304[0m 0.212 ms - -[0m
2026-08-06 18:34:21 [INFO]: Email sent successfully to 'awbflawblb@yahoo.com'. Subject: 'Verify Your Plantora Account'.
2026-08-06 18:34:21 [INFO]: Customer registered successfully : awbflawblb@yahoo.com
2026-08-06 18:34:21 [INFO]: [0mPOST /auth/register [32m201[0m 5958.342 ms - 97[0m
2026-08-06 18:34:26 [INFO]: Login successful : admin-plantora@yopmail.com
2026-08-06 18:34:26 [INFO]: [0mPOST /auth/login [32m200[0m 449.985 ms - 46[0m
2026-08-06 18:34:27 [INFO]: [0mGET / [32m200[0m 72.728 ms - -[0m
2026-08-06 18:34:27 [INFO]: [0mGET /css/style.css [36m304[0m 0.644 ms - -[0m
2026-08-06 18:34:27 [INFO]: [0mGET /images/logo/plantora.png [36m304[0m 0.782 ms - -[0m
2026-08-06 18:34:27 [INFO]: [0mGET /images/hero/hero-placeholder.png [36m304[0m 1.098 ms - -[0m
2026-08-06 18:34:27 [INFO]: [0mGET /images/hero/monstera-plant.jpg [36m304[0m 0.332 ms - -[0m
2026-08-06 18:34:27 [INFO]: [0mGET /js/header.js [36m304[0m 0.309 ms - -[0m
2026-08-06 18:34:27 [INFO]: [0mGET /js/featured.js [36m304[0m 0.265 ms - -[0m
2026-08-06 18:34:27 [INFO]: [0mGET /js/why-choose.js [36m304[0m 0.543 ms - -[0m
2026-08-06 18:34:27 [INFO]: [0mGET /js/notification.js [36m304[0m 0.825 ms - -[0m
2026-08-06 18:34:27 [INFO]: [0mGET /js/footer.js [36m304[0m 0.557 ms - -[0m
2026-08-06 18:34:27 [INFO]: [0mGET /js/auth.js [36m304[0m 1.041 ms - -[0m
2026-08-06 18:34:27 [INFO]: [0mGET /images/hero/snake-plant.jpg [36m304[0m 0.313 ms - -[0m
2026-08-06 18:34:27 [INFO]: [0mGET /images/hero/peace-lily.jpg [36m304[0m 0.460 ms - -[0m
2026-08-06 18:34:27 [INFO]: [0mGET /images/hero/tulip-plant.jpg [36m304[0m 1.419 ms - -[0m
2026-08-06 18:34:27 [INFO]: [0mGET /images/hero/rubber-plant.jpg [36m304[0m 1.087 ms - -[0m
2026-08-06 18:34:27 [INFO]: [0mGET /css/variables.css [36m304[0m 1.400 ms - -[0m
2026-08-06 18:34:27 [INFO]: [0mGET /css/utilities.css [36m304[0m 1.479 ms - -[0m
2026-08-06 18:34:27 [INFO]: [0mGET /css/animations.css [36m304[0m 1.340 ms - -[0m
2026-08-06 18:34:27 [INFO]: [0mGET /css/announcement.css [36m304[0m 1.526 ms - -[0m
2026-08-06 18:34:27 [INFO]: [0mGET /css/header.css [36m304[0m 1.837 ms - -[0m
2026-08-06 18:34:27 [INFO]: [0mGET /css/hero.css [36m304[0m 0.285 ms - -[0m
2026-08-06 18:34:27 [INFO]: [0mGET /css/featured.css [36m304[0m 2.038 ms - -[0m
2026-08-06 18:34:27 [INFO]: [0mGET /css/why-choose.css [36m304[0m 1.787 ms - -[0m
2026-08-06 18:34:27 [INFO]: [0mGET /css/footer.css [36m304[0m 1.821 ms - -[0m
2026-08-06 18:34:27 [INFO]: [0mGET /css/auth.css [36m304[0m 2.027 ms - -[0m
2026-08-06 18:34:27 [INFO]: [0mGET /css/verify.css [36m304[0m 0.671 ms - -[0m
2026-08-06 18:34:27 [INFO]: [0mGET /images/hero/aloe-vera.jpg [36m304[0m 1.149 ms - -[0m
2026-08-06 18:34:27 [INFO]: [0mGET /images/hero/areca-palm.jpg [36m304[0m 0.263 ms - -[0m
2026-08-06 18:34:27 [INFO]: [0mGET /images/hero/jade-plant.jpg [36m304[0m 1.035 ms - -[0m
2026-08-06 18:34:27 [INFO]: [0mGET /images/hero/golden-pothos.jpg [36m304[0m 0.803 ms - -[0m
2026-08-06 18:34:27 [INFO]: [0mGET /images/hero/fiddle-leaf-fig.jpg [36m304[0m 0.800 ms - -[0m
2026-08-06 18:34:27 [INFO]: [0mGET /images/hero/why-choose.jpg [36m304[0m 0.239 ms - -[0m
2026-08-06 18:34:27 [INFO]: [0mGET /images/logo/plantora-orgn-white.png [36m304[0m 0.278 ms - -[0m
2026-08-06 18:34:30 [INFO]: [0mGET /admin/dashboard [36m304[0m 131.922 ms - -[0m
2026-08-06 18:34:30 [INFO]: [0mGET /css/style.css [36m304[0m 0.244 ms - -[0m
2026-08-06 18:34:30 [INFO]: [0mGET /css/admin/layout.css [36m304[0m 0.483 ms - -[0m
2026-08-06 18:34:30 [INFO]: [0mGET /css/admin/users.css [36m304[0m 1.462 ms - -[0m
2026-08-06 18:34:30 [INFO]: [0mGET /css/header.css [36m304[0m 1.402 ms - -[0m
2026-08-06 18:34:30 [INFO]: [0mGET /images/logo/plantora.png [36m304[0m 1.761 ms - -[0m
2026-08-06 18:34:30 [INFO]: [0mGET /js/admin/layout.js [36m304[0m 0.523 ms - -[0m
2026-08-06 18:34:30 [INFO]: [0mGET /js/admin/users.js [36m304[0m 1.092 ms - -[0m
2026-08-06 18:34:30 [INFO]: [0mGET /js/header.js [36m304[0m 0.728 ms - -[0m
2026-08-06 18:34:30 [INFO]: [0mGET /js/notification.js [36m304[0m 0.262 ms - -[0m
2026-08-06 18:34:30 [INFO]: [0mGET /css/variables.css [36m304[0m 0.350 ms - -[0m
2026-08-06 18:34:30 [INFO]: [0mGET /css/utilities.css [36m304[0m 0.885 ms - -[0m
2026-08-06 18:34:30 [INFO]: [0mGET /css/animations.css [36m304[0m 0.770 ms - -[0m
2026-08-06 18:34:30 [INFO]: [0mGET /css/announcement.css [36m304[0m 0.632 ms - -[0m
2026-08-06 18:34:30 [INFO]: [0mGET /css/hero.css [36m304[0m 0.763 ms - -[0m
2026-08-06 18:34:30 [INFO]: [0mGET /css/featured.css [36m304[0m 0.917 ms - -[0m
2026-08-06 18:34:30 [INFO]: [0mGET /css/why-choose.css [36m304[0m 1.238 ms - -[0m
2026-08-06 18:34:30 [INFO]: [0mGET /css/footer.css [36m304[0m 0.563 ms - -[0m
2026-08-06 18:34:30 [INFO]: [0mGET /css/auth.css [36m304[0m 0.510 ms - -[0m
2026-08-06 18:34:30 [INFO]: [0mGET /css/verify.css [36m304[0m 0.630 ms - -[0m
2026-08-06 18:34:32 [INFO]: [0mGET /admin/users [32m200[0m 137.480 ms - -[0m
2026-08-06 18:34:32 [INFO]: [0mGET /css/style.css [36m304[0m 0.556 ms - -[0m
2026-08-06 18:34:32 [INFO]: [0mGET /css/admin/layout.css [36m304[0m 0.284 ms - -[0m
2026-08-06 18:34:32 [INFO]: [0mGET /css/admin/users.css [36m304[0m 0.425 ms - -[0m
2026-08-06 18:34:32 [INFO]: [0mGET /css/header.css [36m304[0m 0.805 ms - -[0m
2026-08-06 18:34:32 [INFO]: [0mGET /images/logo/plantora.png [36m304[0m 0.528 ms - -[0m
2026-08-06 18:34:32 [INFO]: [0mGET /js/admin/layout.js [36m304[0m 1.058 ms - -[0m
2026-08-06 18:34:32 [INFO]: [0mGET /js/admin/users.js [36m304[0m 0.927 ms - -[0m
2026-08-06 18:34:32 [INFO]: [0mGET /js/header.js [36m304[0m 0.991 ms - -[0m
2026-08-06 18:34:32 [INFO]: [0mGET /js/notification.js [36m304[0m 1.102 ms - -[0m
2026-08-06 18:34:32 [INFO]: [0mGET /css/variables.css [36m304[0m 1.152 ms - -[0m
2026-08-06 18:34:32 [INFO]: [0mGET /css/utilities.css [36m304[0m 0.148 ms - -[0m
2026-08-06 18:34:32 [INFO]: [0mGET /css/animations.css [36m304[0m 0.413 ms - -[0m
2026-08-06 18:34:32 [INFO]: [0mGET /css/announcement.css [36m304[0m 0.312 ms - -[0m
2026-08-06 18:34:32 [INFO]: [0mGET /css/hero.css [36m304[0m 0.543 ms - -[0m
2026-08-06 18:34:32 [INFO]: [0mGET /css/featured.css [36m304[0m 0.751 ms - -[0m
2026-08-06 18:34:32 [INFO]: [0mGET /css/why-choose.css [36m304[0m 1.121 ms - -[0m
2026-08-06 18:34:32 [INFO]: [0mGET /css/footer.css [36m304[0m 0.463 ms - -[0m
2026-08-06 18:34:32 [INFO]: [0mGET /css/auth.css [36m304[0m 0.605 ms - -[0m
2026-08-06 18:34:32 [INFO]: [0mGET /css/verify.css [36m304[0m 0.738 ms - -[0m
2026-08-06 18:34:56 [INFO]: User "awawbvkfbaw" moved to Trash by admin-plantora@yopmail.com.
2026-08-06 18:34:56 [INFO]: [0mPOST /admin/users/6a748650e13ea5a2df20c4a8/delete [36m302[0m 216.297 ms - 41[0m
2026-08-06 18:34:57 [INFO]: [0mGET /admin/users [32m200[0m 144.600 ms - -[0m
2026-08-06 18:34:57 [INFO]: [0mGET /css/style.css [36m304[0m 0.607 ms - -[0m
2026-08-06 18:34:57 [INFO]: [0mGET /css/admin/layout.css [36m304[0m 1.101 ms - -[0m
2026-08-06 18:34:57 [INFO]: [0mGET /css/admin/users.css [36m304[0m 0.251 ms - -[0m
2026-08-06 18:34:57 [INFO]: [0mGET /css/header.css [36m304[0m 0.438 ms - -[0m
2026-08-06 18:34:57 [INFO]: [0mGET /images/logo/plantora.png [36m304[0m 0.536 ms - -[0m
2026-08-06 18:34:57 [INFO]: [0mGET /js/admin/layout.js [36m304[0m 0.227 ms - -[0m
2026-08-06 18:34:57 [INFO]: [0mGET /js/admin/users.js [36m304[0m 0.182 ms - -[0m
2026-08-06 18:34:57 [INFO]: [0mGET /js/header.js [36m304[0m 0.400 ms - -[0m
2026-08-06 18:34:57 [INFO]: [0mGET /js/notification.js [36m304[0m 0.219 ms - -[0m
2026-08-06 18:34:57 [INFO]: [0mGET /css/variables.css [36m304[0m 0.328 ms - -[0m
2026-08-06 18:34:57 [INFO]: [0mGET /css/utilities.css [36m304[0m 0.470 ms - -[0m
2026-08-06 18:34:57 [INFO]: [0mGET /css/animations.css [36m304[0m 0.662 ms - -[0m
2026-08-06 18:34:57 [INFO]: [0mGET /css/announcement.css [36m304[0m 0.471 ms - -[0m
2026-08-06 18:34:57 [INFO]: [0mGET /css/hero.css [36m304[0m 0.502 ms - -[0m
2026-08-06 18:34:57 [INFO]: [0mGET /css/featured.css [36m304[0m 0.866 ms - -[0m
2026-08-06 18:34:57 [INFO]: [0mGET /css/why-choose.css [36m304[0m 0.552 ms - -[0m
2026-08-06 18:34:57 [INFO]: [0mGET /css/footer.css [36m304[0m 0.679 ms - -[0m
2026-08-06 18:34:57 [INFO]: [0mGET /css/auth.css [36m304[0m 1.500 ms - -[0m
2026-08-06 18:34:57 [INFO]: [0mGET /css/verify.css [36m304[0m 0.793 ms - -[0m
2026-08-06 18:34:58 [INFO]: [0mGET /admin/users/trash [32m200[0m 177.045 ms - -[0m
2026-08-06 18:34:58 [INFO]: [0mGET /css/style.css [36m304[0m 0.251 ms - -[0m
2026-08-06 18:34:58 [INFO]: [0mGET /css/admin/layout.css [36m304[0m 0.497 ms - -[0m
2026-08-06 18:34:58 [INFO]: [0mGET /css/admin/users.css [36m304[0m 0.978 ms - -[0m
2026-08-06 18:34:58 [INFO]: [0mGET /css/header.css [36m304[0m 0.999 ms - -[0m
2026-08-06 18:34:58 [INFO]: [0mGET /images/logo/plantora.png [36m304[0m 1.004 ms - -[0m
2026-08-06 18:34:58 [INFO]: [0mGET /js/admin/layout.js [36m304[0m 0.307 ms - -[0m
2026-08-06 18:34:58 [INFO]: [0mGET /js/admin/users.js [36m304[0m 0.135 ms - -[0m
2026-08-06 18:34:58 [INFO]: [0mGET /css/variables.css [36m304[0m 0.336 ms - -[0m
2026-08-06 18:34:58 [INFO]: [0mGET /js/header.js [36m304[0m 0.692 ms - -[0m
2026-08-06 18:34:58 [INFO]: [0mGET /css/utilities.css [36m304[0m 1.102 ms - -[0m
2026-08-06 18:34:58 [INFO]: [0mGET /js/notification.js [36m304[0m 1.285 ms - -[0m
2026-08-06 18:34:58 [INFO]: [0mGET /css/animations.css [36m304[0m 0.861 ms - -[0m
2026-08-06 18:34:58 [INFO]: [0mGET /css/announcement.css [36m304[0m 0.664 ms - -[0m
2026-08-06 18:34:58 [INFO]: [0mGET /css/hero.css [36m304[0m 0.496 ms - -[0m
2026-08-06 18:34:58 [INFO]: [0mGET /css/featured.css [36m304[0m 1.174 ms - -[0m
2026-08-06 18:34:58 [INFO]: [0mGET /css/why-choose.css [36m304[0m 0.961 ms - -[0m
2026-08-06 18:34:58 [INFO]: [0mGET /css/footer.css [36m304[0m 1.361 ms - -[0m
2026-08-06 18:34:58 [INFO]: [0mGET /css/auth.css [36m304[0m 0.272 ms - -[0m
2026-08-06 18:34:58 [INFO]: [0mGET /css/verify.css [36m304[0m 0.351 ms - -[0m
2026-08-06 18:36:05 [INFO]: [0mGET /admin/users/trash [32m200[0m 169.234 ms - -[0m
2026-08-06 18:36:05 [INFO]: [0mGET /css/style.css [36m304[0m 0.302 ms - -[0m
2026-08-06 18:36:05 [INFO]: [0mGET /css/admin/layout.css [36m304[0m 0.524 ms - -[0m
2026-08-06 18:36:05 [INFO]: [0mGET /css/admin/users.css [36m304[0m 0.315 ms - -[0m
2026-08-06 18:36:05 [INFO]: [0mGET /css/header.css [36m304[0m 0.435 ms - -[0m
2026-08-06 18:36:05 [INFO]: [0mGET /images/logo/plantora.png [36m304[0m 0.794 ms - -[0m
2026-08-06 18:36:05 [INFO]: [0mGET /js/admin/layout.js [36m304[0m 0.284 ms - -[0m
2026-08-06 18:36:05 [INFO]: [0mGET /js/admin/users.js [36m304[0m 0.552 ms - -[0m
2026-08-06 18:36:05 [INFO]: [0mGET /js/header.js [36m304[0m 0.952 ms - -[0m
2026-08-06 18:36:05 [INFO]: [0mGET /js/notification.js [36m304[0m 1.194 ms - -[0m
2026-08-06 18:36:05 [INFO]: [0mGET /css/variables.css [36m304[0m 0.596 ms - -[0m
2026-08-06 18:36:05 [INFO]: [0mGET /css/utilities.css [36m304[0m 0.722 ms - -[0m
2026-08-06 18:36:05 [INFO]: [0mGET /css/animations.css [36m304[0m 0.900 ms - -[0m
2026-08-06 18:36:05 [INFO]: [0mGET /css/announcement.css [36m304[0m 1.189 ms - -[0m
2026-08-06 18:36:05 [INFO]: [0mGET /css/hero.css [36m304[0m 0.427 ms - -[0m
2026-08-06 18:36:05 [INFO]: [0mGET /css/why-choose.css [36m304[0m 0.812 ms - -[0m
2026-08-06 18:36:05 [INFO]: [0mGET /css/footer.css [36m304[0m 0.947 ms - -[0m
2026-08-06 18:36:05 [INFO]: [0mGET /css/featured.css [36m304[0m 1.080 ms - -[0m
2026-08-06 18:36:05 [INFO]: [0mGET /css/auth.css [36m304[0m 1.134 ms - -[0m
2026-08-06 18:36:05 [INFO]: [0mGET /css/verify.css [36m304[0m 0.122 ms - -[0m
2026-08-06 18:36:14 [INFO]: [0mGET /css/style.css [36m304[0m 0.435 ms - -[0m
2026-08-06 18:36:14 [INFO]: [0mGET /css/variables.css [36m304[0m 0.613 ms - -[0m
2026-08-06 18:36:14 [INFO]: [0mGET /css/utilities.css [36m304[0m 0.791 ms - -[0m
2026-08-06 18:36:14 [INFO]: [0mGET /css/animations.css [36m304[0m 0.943 ms - -[0m
2026-08-06 18:36:14 [INFO]: [0mGET /css/announcement.css [36m304[0m 1.301 ms - -[0m
2026-08-06 18:36:14 [INFO]: [0mGET /css/header.css [36m304[0m 0.344 ms - -[0m
2026-08-06 18:36:14 [INFO]: [0mGET /css/hero.css [36m304[0m 0.133 ms - -[0m
2026-08-06 18:36:14 [INFO]: [0mGET /css/featured.css [36m304[0m 0.113 ms - -[0m
2026-08-06 18:36:14 [INFO]: [0mGET /css/why-choose.css [36m304[0m 0.374 ms - -[0m
2026-08-06 18:36:14 [INFO]: [0mGET /css/footer.css [36m304[0m 0.478 ms - -[0m
2026-08-06 18:36:14 [INFO]: [0mGET /css/auth.css [36m304[0m 0.685 ms - -[0m
2026-08-06 18:36:14 [INFO]: [0mGET /css/verify.css [36m304[0m 0.951 ms - -[0m
2026-08-06 18:36:14 [INFO]: [0mGET /css/admin/layout.css [36m304[0m 1.173 ms - -[0m
2026-08-06 18:36:14 [INFO]: [0mGET /css/admin/users.css [36m304[0m 0.622 ms - -[0m
2026-08-06 18:36:14 [INFO]: [0mGET /.well-known/appspecific/com.chrome.devtools.json [33m404[0m 71.738 ms - 112[0m
2026-08-06 18:37:22 [INFO]: [0mGET /admin/users/trash [32m200[0m 170.184 ms - -[0m
2026-08-06 18:37:22 [INFO]: [0mGET /css/style.css [36m304[0m 0.322 ms - -[0m
2026-08-06 18:37:22 [INFO]: [0mGET /css/admin/layout.css [36m304[0m 0.477 ms - -[0m
2026-08-06 18:37:22 [INFO]: [0mGET /css/header.css [36m304[0m 0.234 ms - -[0m
2026-08-06 18:37:22 [INFO]: [0mGET /images/logo/plantora.png [36m304[0m 0.379 ms - -[0m
2026-08-06 18:37:22 [INFO]: [0mGET /css/admin/users.css [32m200[0m 0.894 ms - -[0m
2026-08-06 18:37:22 [INFO]: [0mGET /js/admin/layout.js [36m304[0m 0.482 ms - -[0m
2026-08-06 18:37:22 [INFO]: [0mGET /js/admin/users.js [36m304[0m 0.753 ms - -[0m
2026-08-06 18:37:22 [INFO]: [0mGET /js/header.js [36m304[0m 1.650 ms - -[0m
2026-08-06 18:37:22 [INFO]: [0mGET /js/notification.js [36m304[0m 0.276 ms - -[0m
2026-08-06 18:37:22 [INFO]: [0mGET /css/variables.css [36m304[0m 0.335 ms - -[0m
2026-08-06 18:37:22 [INFO]: [0mGET /css/utilities.css [36m304[0m 0.890 ms - -[0m
2026-08-06 18:37:22 [INFO]: [0mGET /css/animations.css [36m304[0m 0.734 ms - -[0m
2026-08-06 18:37:22 [INFO]: [0mGET /css/announcement.css [36m304[0m 0.872 ms - -[0m
2026-08-06 18:37:22 [INFO]: [0mGET /css/hero.css [36m304[0m 1.333 ms - -[0m
2026-08-06 18:37:22 [INFO]: [0mGET /css/why-choose.css [36m304[0m 0.587 ms - -[0m
2026-08-06 18:37:22 [INFO]: [0mGET /css/featured.css [36m304[0m 1.252 ms - -[0m
2026-08-06 18:37:22 [INFO]: [0mGET /css/footer.css [36m304[0m 0.738 ms - -[0m
2026-08-06 18:37:22 [INFO]: [0mGET /css/auth.css [36m304[0m 0.751 ms - -[0m
2026-08-06 18:37:22 [INFO]: [0mGET /css/verify.css [36m304[0m 0.944 ms - -[0m
2026-08-06 18:37:47 [INFO]: [0mGET /admin/users/trash [36m304[0m 169.665 ms - -[0m
2026-08-06 18:37:47 [INFO]: [0mGET /css/style.css [36m304[0m 0.459 ms - -[0m
2026-08-06 18:37:47 [INFO]: [0mGET /css/admin/layout.css [36m304[0m 1.107 ms - -[0m
2026-08-06 18:37:47 [INFO]: [0mGET /css/header.css [36m304[0m 0.235 ms - -[0m
2026-08-06 18:37:47 [INFO]: [0mGET /images/logo/plantora.png [36m304[0m 0.409 ms - -[0m
2026-08-06 18:37:47 [INFO]: [0mGET /css/admin/users.css [32m200[0m 1.145 ms - -[0m
2026-08-06 18:37:47 [INFO]: [0mGET /js/admin/layout.js [36m304[0m 0.275 ms - -[0m
2026-08-06 18:37:47 [INFO]: [0mGET /js/admin/users.js [36m304[0m 0.335 ms - -[0m
2026-08-06 18:37:47 [INFO]: [0mGET /js/header.js [36m304[0m 0.589 ms - -[0m
2026-08-06 18:37:47 [INFO]: [0mGET /js/notification.js [36m304[0m 0.378 ms - -[0m
2026-08-06 18:37:47 [INFO]: [0mGET /css/variables.css [36m304[0m 0.152 ms - -[0m
2026-08-06 18:37:47 [INFO]: [0mGET /css/utilities.css [36m304[0m 0.176 ms - -[0m
2026-08-06 18:37:47 [INFO]: [0mGET /css/animations.css [36m304[0m 0.683 ms - -[0m
2026-08-06 18:37:47 [INFO]: [0mGET /css/announcement.css [36m304[0m 0.803 ms - -[0m
2026-08-06 18:37:47 [INFO]: [0mGET /css/hero.css [36m304[0m 1.026 ms - -[0m
2026-08-06 18:37:47 [INFO]: [0mGET /css/featured.css [36m304[0m 1.385 ms - -[0m
2026-08-06 18:37:47 [INFO]: [0mGET /css/why-choose.css [36m304[0m 0.456 ms - -[0m
2026-08-06 18:37:47 [INFO]: [0mGET /css/footer.css [36m304[0m 0.623 ms - -[0m
2026-08-06 18:37:47 [INFO]: [0mGET /css/auth.css [36m304[0m 0.232 ms - -[0m
2026-08-06 18:37:47 [INFO]: [0mGET /css/verify.css [36m304[0m 0.283 ms - -[0m
2026-08-06 18:37:49 [INFO]: [0mGET /admin/users [36m304[0m 152.891 ms - -[0m
2026-08-06 18:37:49 [INFO]: [0mGET /css/style.css [36m304[0m 0.646 ms - -[0m
2026-08-06 18:37:49 [INFO]: [0mGET /css/admin/layout.css [36m304[0m 0.751 ms - -[0m
2026-08-06 18:37:49 [INFO]: [0mGET /css/admin/users.css [36m304[0m 0.901 ms - -[0m
2026-08-06 18:37:49 [INFO]: [0mGET /css/header.css [36m304[0m 1.046 ms - -[0m
2026-08-06 18:37:49 [INFO]: [0mGET /images/logo/plantora.png [36m304[0m 1.108 ms - -[0m
2026-08-06 18:37:49 [INFO]: [0mGET /js/admin/layout.js [36m304[0m 0.415 ms - -[0m
2026-08-06 18:37:49 [INFO]: [0mGET /js/admin/users.js [36m304[0m 0.522 ms - -[0m
2026-08-06 18:37:49 [INFO]: [0mGET /js/header.js [36m304[0m 0.650 ms - -[0m
2026-08-06 18:37:49 [INFO]: [0mGET /js/notification.js [36m304[0m 0.990 ms - -[0m
2026-08-06 18:37:49 [INFO]: [0mGET /css/variables.css [36m304[0m 0.365 ms - -[0m
2026-08-06 18:37:49 [INFO]: [0mGET /css/utilities.css [36m304[0m 0.497 ms - -[0m
2026-08-06 18:37:49 [INFO]: [0mGET /css/animations.css [36m304[0m 0.574 ms - -[0m
2026-08-06 18:37:49 [INFO]: [0mGET /css/announcement.css [36m304[0m 0.203 ms - -[0m
2026-08-06 18:37:49 [INFO]: [0mGET /css/hero.css [36m304[0m 0.280 ms - -[0m
2026-08-06 18:37:49 [INFO]: [0mGET /css/featured.css [36m304[0m 0.393 ms - -[0m
2026-08-06 18:37:49 [INFO]: [0mGET /css/why-choose.css [36m304[0m 0.678 ms - -[0m
2026-08-06 18:37:49 [INFO]: [0mGET /css/footer.css [36m304[0m 1.136 ms - -[0m
2026-08-06 18:37:49 [INFO]: [0mGET /css/auth.css [36m304[0m 0.650 ms - -[0m
2026-08-06 18:37:49 [INFO]: [0mGET /css/verify.css [36m304[0m 0.840 ms - -[0m
2026-08-06 18:38:04 [INFO]: [0mGET /admin/users [36m304[0m 280.582 ms - -[0m
2026-08-06 18:38:04 [INFO]: [0mGET /css/style.css [36m304[0m 0.419 ms - -[0m
2026-08-06 18:38:04 [INFO]: [0mGET /css/admin/layout.css [36m304[0m 0.525 ms - -[0m
2026-08-06 18:38:04 [INFO]: [0mGET /css/header.css [36m304[0m 0.210 ms - -[0m
2026-08-06 18:38:04 [INFO]: [0mGET /images/logo/plantora.png [36m304[0m 0.322 ms - -[0m
2026-08-06 18:38:04 [INFO]: [0mGET /css/admin/users.css [32m200[0m 1.044 ms - -[0m
2026-08-06 18:38:04 [INFO]: [0mGET /js/admin/layout.js [36m304[0m 0.169 ms - -[0m
2026-08-06 18:38:04 [INFO]: [0mGET /js/admin/users.js [36m304[0m 0.385 ms - -[0m
2026-08-06 18:38:04 [INFO]: [0mGET /js/header.js [36m304[0m 0.602 ms - -[0m
2026-08-06 18:38:04 [INFO]: [0mGET /js/notification.js [36m304[0m 0.748 ms - -[0m
2026-08-06 18:38:04 [INFO]: [0mGET /css/variables.css [36m304[0m 0.170 ms - -[0m
2026-08-06 18:38:04 [INFO]: [0mGET /css/utilities.css [36m304[0m 0.273 ms - -[0m
2026-08-06 18:38:04 [INFO]: [0mGET /css/animations.css [36m304[0m 0.332 ms - -[0m
2026-08-06 18:38:04 [INFO]: [0mGET /css/announcement.css [36m304[0m 0.745 ms - -[0m
2026-08-06 18:38:04 [INFO]: [0mGET /css/hero.css [36m304[0m 1.030 ms - -[0m
2026-08-06 18:38:04 [INFO]: [0mGET /css/featured.css [36m304[0m 0.653 ms - -[0m
2026-08-06 18:38:04 [INFO]: [0mGET /css/why-choose.css [36m304[0m 0.658 ms - -[0m
2026-08-06 18:38:04 [INFO]: [0mGET /css/footer.css [36m304[0m 0.302 ms - -[0m
2026-08-06 18:38:04 [INFO]: [0mGET /css/auth.css [36m304[0m 0.330 ms - -[0m
2026-08-06 18:38:04 [INFO]: [0mGET /css/verify.css [36m304[0m 0.583 ms - -[0m
2026-08-06 18:38:09 [INFO]: [0mGET /admin/users/trash [36m304[0m 171.372 ms - -[0m
2026-08-06 18:38:09 [INFO]: [0mGET /css/style.css [36m304[0m 0.560 ms - -[0m
2026-08-06 18:38:09 [INFO]: [0mGET /css/admin/layout.css [36m304[0m 0.658 ms - -[0m
2026-08-06 18:38:09 [INFO]: [0mGET /css/admin/users.css [36m304[0m 0.961 ms - -[0m
2026-08-06 18:38:09 [INFO]: [0mGET /css/header.css [36m304[0m 1.090 ms - -[0m
2026-08-06 18:38:09 [INFO]: [0mGET /images/logo/plantora.png [36m304[0m 1.207 ms - -[0m
2026-08-06 18:38:09 [INFO]: [0mGET /js/admin/layout.js [36m304[0m 0.385 ms - -[0m
2026-08-06 18:38:09 [INFO]: [0mGET /js/admin/users.js [36m304[0m 0.205 ms - -[0m
2026-08-06 18:38:09 [INFO]: [0mGET /js/header.js [36m304[0m 0.383 ms - -[0m
2026-08-06 18:38:09 [INFO]: [0mGET /js/notification.js [36m304[0m 0.600 ms - -[0m
2026-08-06 18:38:09 [INFO]: [0mGET /css/variables.css [36m304[0m 0.218 ms - -[0m
2026-08-06 18:38:09 [INFO]: [0mGET /css/utilities.css [36m304[0m 0.819 ms - -[0m
2026-08-06 18:38:09 [INFO]: [0mGET /css/animations.css [36m304[0m 0.661 ms - -[0m
2026-08-06 18:38:09 [INFO]: [0mGET /css/announcement.css [36m304[0m 0.960 ms - -[0m
2026-08-06 18:38:09 [INFO]: [0mGET /css/hero.css [36m304[0m 0.376 ms - -[0m
2026-08-06 18:38:09 [INFO]: [0mGET /css/featured.css [36m304[0m 0.590 ms - -[0m
2026-08-06 18:38:09 [INFO]: [0mGET /css/why-choose.css [36m304[0m 0.196 ms - -[0m
2026-08-06 18:38:09 [INFO]: [0mGET /css/footer.css [36m304[0m 0.285 ms - -[0m
2026-08-06 18:38:09 [INFO]: [0mGET /css/auth.css [36m304[0m 0.413 ms - -[0m
2026-08-06 18:38:09 [INFO]: [0mGET /css/verify.css [36m304[0m 0.095 ms - -[0m
2026-08-06 18:38:22 [INFO]: [0mGET /admin/users [36m304[0m 142.963 ms - -[0m
2026-08-06 18:38:22 [INFO]: [0mGET /css/style.css [36m304[0m 0.594 ms - -[0m
2026-08-06 18:38:22 [INFO]: [0mGET /css/admin/layout.css [36m304[0m 0.684 ms - -[0m
2026-08-06 18:38:22 [INFO]: [0mGET /css/admin/users.css [36m304[0m 0.196 ms - -[0m
2026-08-06 18:38:22 [INFO]: [0mGET /css/header.css [36m304[0m 0.267 ms - -[0m
2026-08-06 18:38:22 [INFO]: [0mGET /images/logo/plantora.png [36m304[0m 0.338 ms - -[0m
2026-08-06 18:38:22 [INFO]: [0mGET /js/admin/layout.js [36m304[0m 0.436 ms - -[0m
2026-08-06 18:38:22 [INFO]: [0mGET /js/admin/users.js [36m304[0m 0.470 ms - -[0m
2026-08-06 18:38:22 [INFO]: [0mGET /js/header.js [36m304[0m 0.685 ms - -[0m
2026-08-06 18:38:22 [INFO]: [0mGET /js/notification.js [36m304[0m 0.825 ms - -[0m
2026-08-06 18:38:22 [INFO]: [0mGET /css/variables.css [36m304[0m 0.224 ms - -[0m
2026-08-06 18:38:22 [INFO]: [0mGET /css/utilities.css [36m304[0m 0.357 ms - -[0m
2026-08-06 18:38:22 [INFO]: [0mGET /css/animations.css [36m304[0m 0.740 ms - -[0m
2026-08-06 18:38:22 [INFO]: [0mGET /css/announcement.css [36m304[0m 0.411 ms - -[0m
2026-08-06 18:38:22 [INFO]: [0mGET /css/hero.css [36m304[0m 0.544 ms - -[0m
2026-08-06 18:38:22 [INFO]: [0mGET /css/featured.css [36m304[0m 1.113 ms - -[0m
2026-08-06 18:38:22 [INFO]: [0mGET /css/why-choose.css [36m304[0m 1.132 ms - -[0m
2026-08-06 18:38:22 [INFO]: [0mGET /css/footer.css [36m304[0m 1.091 ms - -[0m
2026-08-06 18:38:22 [INFO]: [0mGET /css/auth.css [36m304[0m 1.175 ms - -[0m
2026-08-06 18:38:22 [INFO]: [0mGET /css/verify.css [36m304[0m 0.174 ms - -[0m
2026-08-06 18:38:36 [INFO]: [0mGET /admin/users/trash [36m304[0m 172.752 ms - -[0m
2026-08-06 18:38:36 [INFO]: [0mGET /css/style.css [36m304[0m 0.404 ms - -[0m
2026-08-06 18:38:36 [INFO]: [0mGET /css/admin/layout.css [36m304[0m 0.586 ms - -[0m
2026-08-06 18:38:36 [INFO]: [0mGET /css/admin/users.css [36m304[0m 0.306 ms - -[0m
2026-08-06 18:38:36 [INFO]: [0mGET /images/logo/plantora.png [36m304[0m 0.402 ms - -[0m
2026-08-06 18:38:36 [INFO]: [0mGET /css/header.css [36m304[0m 0.642 ms - -[0m
2026-08-06 18:38:36 [INFO]: [0mGET /js/admin/layout.js [36m304[0m 0.227 ms - -[0m
2026-08-06 18:38:36 [INFO]: [0mGET /js/admin/users.js [36m304[0m 0.380 ms - -[0m
2026-08-06 18:38:36 [INFO]: [0mGET /js/header.js [36m304[0m 0.275 ms - -[0m
2026-08-06 18:38:36 [INFO]: [0mGET /js/notification.js [36m304[0m 0.453 ms - -[0m
2026-08-06 18:38:36 [INFO]: [0mGET /css/variables.css [36m304[0m 0.315 ms - -[0m
2026-08-06 18:38:36 [INFO]: [0mGET /css/utilities.css [36m304[0m 0.241 ms - -[0m
2026-08-06 18:38:36 [INFO]: [0mGET /css/animations.css [36m304[0m 0.815 ms - -[0m
2026-08-06 18:38:36 [INFO]: [0mGET /css/announcement.css [36m304[0m 0.761 ms - -[0m
2026-08-06 18:38:36 [INFO]: [0mGET /css/hero.css [36m304[0m 1.464 ms - -[0m
2026-08-06 18:38:36 [INFO]: [0mGET /css/featured.css [36m304[0m 0.591 ms - -[0m
2026-08-06 18:38:36 [INFO]: [0mGET /css/why-choose.css [36m304[0m 0.912 ms - -[0m
2026-08-06 18:38:36 [INFO]: [0mGET /css/footer.css [36m304[0m 0.703 ms - -[0m
2026-08-06 18:38:36 [INFO]: [0mGET /css/auth.css [36m304[0m 1.562 ms - -[0m
2026-08-06 18:38:36 [INFO]: [0mGET /css/verify.css [36m304[0m 0.710 ms - -[0m
2026-08-06 18:38:45 [INFO]: Image '/public/default/profile.png' deleted successfully.
2026-08-06 18:38:45 [INFO]: User "awawbvkfbaw" permanently deleted by admin-plantora@yopmail.com.
2026-08-06 18:38:45 [INFO]: [0mPOST /admin/users/6a748650e13ea5a2df20c4a8/permanent-delete [36m302[0m 2470.466 ms - 47[0m
2026-08-06 18:38:45 [INFO]: [0mGET /admin/users/trash [32m200[0m 169.760 ms - -[0m
2026-08-06 18:38:45 [INFO]: [0mGET /css/style.css [36m304[0m 0.427 ms - -[0m
2026-08-06 18:38:45 [INFO]: [0mGET /css/admin/layout.css [36m304[0m 0.302 ms - -[0m
2026-08-06 18:38:45 [INFO]: [0mGET /css/admin/users.css [36m304[0m 0.398 ms - -[0m
2026-08-06 18:38:45 [INFO]: [0mGET /css/header.css [36m304[0m 0.569 ms - -[0m
2026-08-06 18:38:45 [INFO]: [0mGET /images/logo/plantora.png [36m304[0m 0.832 ms - -[0m
2026-08-06 18:38:45 [INFO]: [0mGET /js/admin/layout.js [36m304[0m 0.181 ms - -[0m
2026-08-06 18:38:45 [INFO]: [0mGET /js/admin/users.js [36m304[0m 0.223 ms - -[0m
2026-08-06 18:38:45 [INFO]: [0mGET /js/header.js [36m304[0m 0.295 ms - -[0m
2026-08-06 18:38:45 [INFO]: [0mGET /js/notification.js [36m304[0m 0.961 ms - -[0m
2026-08-06 18:38:45 [INFO]: [0mGET /css/variables.css [36m304[0m 0.309 ms - -[0m
2026-08-06 18:38:45 [INFO]: [0mGET /css/utilities.css [36m304[0m 0.574 ms - -[0m
2026-08-06 18:38:45 [INFO]: [0mGET /css/animations.css [36m304[0m 0.591 ms - -[0m
2026-08-06 18:38:45 [INFO]: [0mGET /css/announcement.css [36m304[0m 0.874 ms - -[0m
2026-08-06 18:38:45 [INFO]: [0mGET /css/hero.css [36m304[0m 1.129 ms - -[0m
2026-08-06 18:38:45 [INFO]: [0mGET /css/featured.css [36m304[0m 1.466 ms - -[0m
2026-08-06 18:38:45 [INFO]: [0mGET /css/why-choose.css [36m304[0m 0.673 ms - -[0m
2026-08-06 18:38:45 [INFO]: [0mGET /css/footer.css [36m304[0m 0.639 ms - -[0m
2026-08-06 18:38:45 [INFO]: [0mGET /css/auth.css [36m304[0m 1.008 ms - -[0m
2026-08-06 18:38:45 [INFO]: [0mGET /css/verify.css [36m304[0m 0.139 ms - -[0m
2026-08-06 18:38:50 [INFO]: [0mGET /admin/users [36m304[0m 142.334 ms - -[0m
2026-08-06 18:38:51 [INFO]: [0mGET /css/style.css [36m304[0m 1.362 ms - -[0m
2026-08-06 18:38:51 [INFO]: [0mGET /css/admin/layout.css [36m304[0m 1.409 ms - -[0m
2026-08-06 18:38:51 [INFO]: [0mGET /css/admin/users.css [36m304[0m 1.393 ms - -[0m
2026-08-06 18:38:51 [INFO]: [0mGET /css/header.css [36m304[0m 0.440 ms - -[0m
2026-08-06 18:38:51 [INFO]: [0mGET /images/logo/plantora.png [36m304[0m 0.556 ms - -[0m
2026-08-06 18:38:51 [INFO]: [0mGET /js/admin/layout.js [36m304[0m 0.280 ms - -[0m
2026-08-06 18:38:51 [INFO]: [0mGET /js/admin/users.js [36m304[0m 0.370 ms - -[0m
2026-08-06 18:38:51 [INFO]: [0mGET /js/header.js [36m304[0m 0.505 ms - -[0m
2026-08-06 18:38:51 [INFO]: [0mGET /js/notification.js [36m304[0m 0.673 ms - -[0m
2026-08-06 18:38:51 [INFO]: [0mGET /css/variables.css [36m304[0m 0.373 ms - -[0m
2026-08-06 18:38:51 [INFO]: [0mGET /css/animations.css [36m304[0m 0.377 ms - -[0m
2026-08-06 18:38:51 [INFO]: [0mGET /css/utilities.css [36m304[0m 0.682 ms - -[0m
2026-08-06 18:38:51 [INFO]: [0mGET /css/announcement.css [36m304[0m 0.354 ms - -[0m
2026-08-06 18:38:51 [INFO]: [0mGET /css/hero.css [36m304[0m 0.579 ms - -[0m
2026-08-06 18:38:51 [INFO]: [0mGET /css/featured.css [36m304[0m 1.095 ms - -[0m
2026-08-06 18:38:51 [INFO]: [0mGET /css/why-choose.css [36m304[0m 0.699 ms - -[0m
2026-08-06 18:38:51 [INFO]: [0mGET /css/footer.css [36m304[0m 0.776 ms - -[0m
2026-08-06 18:38:51 [INFO]: [0mGET /css/auth.css [36m304[0m 0.991 ms - -[0m
2026-08-06 18:38:51 [INFO]: [0mGET /css/verify.css [36m304[0m 0.328 ms - -[0m
2026-08-06 18:41:22 [INFO]: [0mGET / [36m304[0m 71.137 ms - -[0m
2026-08-06 18:41:22 [INFO]: [0mGET /css/style.css [36m304[0m 0.236 ms - -[0m
2026-08-06 18:41:22 [INFO]: [0mGET /images/logo/plantora.png [36m304[0m 0.249 ms - -[0m
2026-08-06 18:41:22 [INFO]: [0mGET /images/hero/hero-placeholder.png [36m304[0m 0.404 ms - -[0m
2026-08-06 18:41:22 [INFO]: [0mGET /images/hero/monstera-plant.jpg [36m304[0m 0.365 ms - -[0m
2026-08-06 18:41:22 [INFO]: [0mGET /js/header.js [36m304[0m 0.497 ms - -[0m
2026-08-06 18:41:22 [INFO]: [0mGET /js/featured.js [36m304[0m 0.843 ms - -[0m
2026-08-06 18:41:22 [INFO]: [0mGET /js/why-choose.js [36m304[0m 0.447 ms - -[0m
2026-08-06 18:41:22 [INFO]: [0mGET /css/variables.css [36m304[0m 0.491 ms - -[0m
2026-08-06 18:41:22 [INFO]: [0mGET /css/utilities.css [36m304[0m 0.313 ms - -[0m
2026-08-06 18:41:22 [INFO]: [0mGET /css/animations.css [36m304[0m 0.948 ms - -[0m
2026-08-06 18:41:22 [INFO]: [0mGET /css/announcement.css [36m304[0m 1.190 ms - -[0m
2026-08-06 18:41:22 [INFO]: [0mGET /css/header.css [36m304[0m 2.184 ms - -[0m
2026-08-06 18:41:22 [INFO]: [0mGET /css/hero.css [36m304[0m 1.370 ms - -[0m
2026-08-06 18:41:22 [INFO]: [0mGET /css/featured.css [36m304[0m 1.467 ms - -[0m
2026-08-06 18:41:22 [INFO]: [0mGET /css/footer.css [36m304[0m 1.519 ms - -[0m
2026-08-06 18:41:22 [INFO]: [0mGET /css/why-choose.css [36m304[0m 1.492 ms - -[0m
2026-08-06 18:41:22 [INFO]: [0mGET /css/auth.css [36m304[0m 1.850 ms - -[0m
2026-08-06 18:41:22 [INFO]: [0mGET /css/verify.css [36m304[0m 2.071 ms - -[0m
2026-08-06 18:41:22 [INFO]: [0mGET /js/notification.js [36m304[0m 0.486 ms - -[0m
2026-08-06 18:41:22 [INFO]: [0mGET /js/footer.js [36m304[0m 0.600 ms - -[0m
2026-08-06 18:41:22 [INFO]: [0mGET /js/auth.js [36m304[0m 0.748 ms - -[0m
2026-08-06 18:41:22 [INFO]: [0mGET /images/hero/snake-plant.jpg [36m304[0m 0.282 ms - -[0m
2026-08-06 18:41:22 [INFO]: [0mGET /images/hero/peace-lily.jpg [36m304[0m 0.621 ms - -[0m
2026-08-06 18:41:22 [INFO]: [0mGET /images/hero/tulip-plant.jpg [36m304[0m 0.195 ms - -[0m
2026-08-06 18:41:22 [INFO]: [0mGET /images/hero/rubber-plant.jpg [36m304[0m 0.304 ms - -[0m
2026-08-06 18:41:22 [INFO]: [0mGET /images/hero/aloe-vera.jpg [36m304[0m 0.464 ms - -[0m
2026-08-06 18:41:22 [INFO]: [0mGET /images/hero/areca-palm.jpg [36m304[0m 0.300 ms - -[0m
2026-08-06 18:41:22 [INFO]: [0mGET /images/hero/jade-plant.jpg [36m304[0m 0.241 ms - -[0m
2026-08-06 18:41:22 [INFO]: [0mGET /images/hero/golden-pothos.jpg [36m304[0m 0.209 ms - -[0m
2026-08-06 18:41:22 [INFO]: [0mGET /images/hero/fiddle-leaf-fig.jpg [36m304[0m 0.391 ms - -[0m
2026-08-06 18:41:22 [INFO]: [0mGET /images/hero/why-choose.jpg [36m304[0m 1.149 ms - -[0m
2026-08-06 18:41:22 [INFO]: [0mGET /images/logo/plantora-orgn-white.png [36m304[0m 0.194 ms - -[0m
2026-08-06 18:41:27 [INFO]: [0mGET / [36m304[0m 75.400 ms - -[0m
2026-08-06 18:41:27 [INFO]: [0mGET /css/style.css [36m304[0m 0.652 ms - -[0m
2026-08-06 18:41:27 [INFO]: [0mGET /images/logo/plantora.png [36m304[0m 1.125 ms - -[0m
2026-08-06 18:41:27 [INFO]: [0mGET /images/hero/hero-placeholder.png [36m304[0m 0.744 ms - -[0m
2026-08-06 18:41:27 [INFO]: [0mGET /images/hero/monstera-plant.jpg [36m304[0m 0.944 ms - -[0m
2026-08-06 18:41:27 [INFO]: [0mGET /js/header.js [36m304[0m 1.114 ms - -[0m
2026-08-06 18:41:27 [INFO]: [0mGET /js/featured.js [36m304[0m 0.505 ms - -[0m
2026-08-06 18:41:27 [INFO]: [0mGET /js/why-choose.js [36m304[0m 0.631 ms - -[0m
2026-08-06 18:41:27 [INFO]: [0mGET /css/variables.css [36m304[0m 0.242 ms - -[0m
2026-08-06 18:41:27 [INFO]: [0mGET /css/utilities.css [36m304[0m 0.213 ms - -[0m
2026-08-06 18:41:27 [INFO]: [0mGET /css/animations.css [36m304[0m 0.239 ms - -[0m
2026-08-06 18:41:27 [INFO]: [0mGET /css/announcement.css [36m304[0m 1.224 ms - -[0m
2026-08-06 18:41:27 [INFO]: [0mGET /css/header.css [36m304[0m 0.501 ms - -[0m
2026-08-06 18:41:27 [INFO]: [0mGET /css/hero.css [36m304[0m 1.021 ms - -[0m
2026-08-06 18:41:27 [INFO]: [0mGET /css/featured.css [36m304[0m 0.716 ms - -[0m
2026-08-06 18:41:27 [INFO]: [0mGET /css/why-choose.css [36m304[0m 0.874 ms - -[0m
2026-08-06 18:41:27 [INFO]: [0mGET /css/footer.css [36m304[0m 1.318 ms - -[0m
2026-08-06 18:41:27 [INFO]: [0mGET /css/auth.css [36m304[0m 0.466 ms - -[0m
2026-08-06 18:41:27 [INFO]: [0mGET /css/verify.css [36m304[0m 0.542 ms - -[0m
2026-08-06 18:41:27 [INFO]: [0mGET /js/notification.js [36m304[0m 0.157 ms - -[0m
2026-08-06 18:41:27 [INFO]: [0mGET /js/footer.js [36m304[0m 0.333 ms - -[0m
2026-08-06 18:41:27 [INFO]: [0mGET /js/auth.js [36m304[0m 0.301 ms - -[0m
2026-08-06 18:41:27 [INFO]: [0mGET /images/hero/snake-plant.jpg [36m304[0m 0.402 ms - -[0m
2026-08-06 18:41:27 [INFO]: [0mGET /images/hero/peace-lily.jpg [36m304[0m 0.144 ms - -[0m
2026-08-06 18:41:27 [INFO]: [0mGET /images/hero/tulip-plant.jpg [36m304[0m 0.211 ms - -[0m
2026-08-06 18:41:27 [INFO]: [0mGET /images/hero/rubber-plant.jpg [36m304[0m 0.639 ms - -[0m
2026-08-06 18:41:27 [INFO]: [0mGET /images/hero/aloe-vera.jpg [36m304[0m 0.750 ms - -[0m
2026-08-06 18:41:27 [INFO]: [0mGET /images/hero/areca-palm.jpg [36m304[0m 0.412 ms - -[0m
2026-08-06 18:41:27 [INFO]: [0mGET /images/hero/jade-plant.jpg [36m304[0m 0.660 ms - -[0m
2026-08-06 18:41:27 [INFO]: [0mGET /images/hero/golden-pothos.jpg [36m304[0m 0.182 ms - -[0m
2026-08-06 18:41:27 [INFO]: [0mGET /images/hero/fiddle-leaf-fig.jpg [36m304[0m 0.218 ms - -[0m
2026-08-06 18:41:27 [INFO]: [0mGET /images/hero/why-choose.jpg [36m304[0m 0.213 ms - -[0m
2026-08-06 18:41:27 [INFO]: [0mGET /images/logo/plantora-orgn-white.png [36m304[0m 0.274 ms - -[0m
2026-08-06 18:42:33 [INFO]: [0mGET /admin/users [36m304[0m 141.795 ms - -[0m
2026-08-06 18:42:33 [INFO]: [0mGET /css/style.css [36m304[0m 0.873 ms - -[0m
2026-08-06 18:42:33 [INFO]: [0mGET /css/admin/layout.css [36m304[0m 0.605 ms - -[0m
2026-08-06 18:42:33 [INFO]: [0mGET /css/admin/users.css [36m304[0m 0.243 ms - -[0m
2026-08-06 18:42:33 [INFO]: [0mGET /css/header.css [36m304[0m 0.343 ms - -[0m
2026-08-06 18:42:33 [INFO]: [0mGET /images/logo/plantora.png [36m304[0m 0.106 ms - -[0m
2026-08-06 18:42:33 [INFO]: [0mGET /js/admin/layout.js [36m304[0m 0.312 ms - -[0m
2026-08-06 18:42:33 [INFO]: [0mGET /js/admin/users.js [36m304[0m 0.446 ms - -[0m
2026-08-06 18:42:33 [INFO]: [0mGET /js/header.js [36m304[0m 0.640 ms - -[0m
2026-08-06 18:42:33 [INFO]: [0mGET /js/notification.js [36m304[0m 0.883 ms - -[0m
2026-08-06 18:42:33 [INFO]: [0mGET /css/variables.css [36m304[0m 0.243 ms - -[0m
2026-08-06 18:42:33 [INFO]: [0mGET /css/utilities.css [36m304[0m 0.634 ms - -[0m
2026-08-06 18:42:33 [INFO]: [0mGET /css/animations.css [36m304[0m 0.968 ms - -[0m
2026-08-06 18:42:33 [INFO]: [0mGET /css/announcement.css [36m304[0m 1.841 ms - -[0m
2026-08-06 18:42:33 [INFO]: [0mGET /css/hero.css [36m304[0m 2.060 ms - -[0m
2026-08-06 18:42:33 [INFO]: [0mGET /css/featured.css [36m304[0m 1.539 ms - -[0m
2026-08-06 18:42:33 [INFO]: [0mGET /css/why-choose.css [36m304[0m 0.920 ms - -[0m
2026-08-06 18:42:33 [INFO]: [0mGET /css/footer.css [36m304[0m 1.059 ms - -[0m
2026-08-06 18:42:33 [INFO]: [0mGET /css/auth.css [36m304[0m 1.978 ms - -[0m
2026-08-06 18:42:33 [INFO]: [0mGET /css/verify.css [36m304[0m 0.608 ms - -[0m
2026-08-06 18:42:52 [INFO]: [0mGET /admin/users/trash [36m304[0m 182.025 ms - -[0m
2026-08-06 18:42:52 [INFO]: [0mGET /css/style.css [36m304[0m 0.435 ms - -[0m
2026-08-06 18:42:52 [INFO]: [0mGET /css/admin/layout.css [36m304[0m 0.525 ms - -[0m
2026-08-06 18:42:52 [INFO]: [0mGET /css/header.css [36m304[0m 0.219 ms - -[0m
2026-08-06 18:42:52 [INFO]: [0mGET /images/logo/plantora.png [36m304[0m 0.332 ms - -[0m
2026-08-06 18:42:52 [INFO]: [0mGET /css/admin/users.css [36m304[0m 0.441 ms - -[0m
2026-08-06 18:42:52 [INFO]: [0mGET /js/admin/layout.js [36m304[0m 0.507 ms - -[0m
2026-08-06 18:42:52 [INFO]: [0mGET /js/admin/users.js [36m304[0m 0.781 ms - -[0m
2026-08-06 18:42:52 [INFO]: [0mGET /js/header.js [36m304[0m 0.925 ms - -[0m
2026-08-06 18:42:52 [INFO]: [0mGET /js/notification.js [36m304[0m 1.065 ms - -[0m
2026-08-06 18:42:52 [INFO]: [0mGET /css/variables.css [36m304[0m 0.727 ms - -[0m
2026-08-06 18:42:52 [INFO]: [0mGET /css/utilities.css [36m304[0m 0.962 ms - -[0m
2026-08-06 18:42:52 [INFO]: [0mGET /css/animations.css [36m304[0m 0.918 ms - -[0m
2026-08-06 18:42:52 [INFO]: [0mGET /css/announcement.css [36m304[0m 1.327 ms - -[0m
2026-08-06 18:42:52 [INFO]: [0mGET /css/hero.css [36m304[0m 0.535 ms - -[0m
2026-08-06 18:42:52 [INFO]: [0mGET /css/featured.css [36m304[0m 1.015 ms - -[0m
2026-08-06 18:42:52 [INFO]: [0mGET /css/why-choose.css [36m304[0m 0.995 ms - -[0m
2026-08-06 18:42:52 [INFO]: [0mGET /css/footer.css [36m304[0m 1.444 ms - -[0m
2026-08-06 18:42:52 [INFO]: [0mGET /css/auth.css [36m304[0m 1.960 ms - -[0m
2026-08-06 18:42:52 [INFO]: [0mGET /css/verify.css [36m304[0m 1.205 ms - -[0m
2026-08-06 18:43:03 [INFO]: [0mGET /admin/users [36m304[0m 155.480 ms - -[0m
2026-08-06 18:43:03 [INFO]: [0mGET /css/style.css [36m304[0m 0.561 ms - -[0m
2026-08-06 18:43:03 [INFO]: [0mGET /css/admin/layout.css [36m304[0m 0.621 ms - -[0m
2026-08-06 18:43:03 [INFO]: [0mGET /css/header.css [36m304[0m 0.169 ms - -[0m
2026-08-06 18:43:03 [INFO]: [0mGET /css/admin/users.css [36m304[0m 0.206 ms - -[0m
2026-08-06 18:43:03 [INFO]: [0mGET /images/logo/plantora.png [36m304[0m 0.278 ms - -[0m
2026-08-06 18:43:03 [INFO]: [0mGET /js/admin/layout.js [36m304[0m 0.495 ms - -[0m
2026-08-06 18:43:03 [INFO]: [0mGET /js/admin/users.js [36m304[0m 0.804 ms - -[0m
2026-08-06 18:43:03 [INFO]: [0mGET /js/header.js [36m304[0m 1.068 ms - -[0m
2026-08-06 18:43:03 [INFO]: [0mGET /js/notification.js [36m304[0m 1.183 ms - -[0m
2026-08-06 18:43:03 [INFO]: [0mGET /css/variables.css [36m304[0m 0.187 ms - -[0m
2026-08-06 18:43:03 [INFO]: [0mGET /css/utilities.css [36m304[0m 0.160 ms - -[0m
2026-08-06 18:43:03 [INFO]: [0mGET /css/animations.css [36m304[0m 0.218 ms - -[0m
2026-08-06 18:43:03 [INFO]: [0mGET /css/announcement.css [36m304[0m 0.481 ms - -[0m
2026-08-06 18:43:03 [INFO]: [0mGET /css/hero.css [36m304[0m 0.833 ms - -[0m
2026-08-06 18:43:03 [INFO]: [0mGET /css/featured.css [36m304[0m 1.110 ms - -[0m
2026-08-06 18:43:03 [INFO]: [0mGET /css/why-choose.css [36m304[0m 0.559 ms - -[0m
2026-08-06 18:43:03 [INFO]: [0mGET /css/footer.css [36m304[0m 0.881 ms - -[0m
2026-08-06 18:43:03 [INFO]: [0mGET /css/auth.css [36m304[0m 0.317 ms - -[0m
2026-08-06 18:43:03 [INFO]: [0mGET /css/verify.css [36m304[0m 0.601 ms - -[0m
2026-08-06 19:18:40 [INFO]: [0mGET /admin/users [36m304[0m 148.559 ms - -[0m
2026-08-06 19:18:40 [INFO]: [0mGET /css/style.css [36m304[0m 0.780 ms - -[0m
2026-08-06 19:18:40 [INFO]: [0mGET /css/admin/layout.css [36m304[0m 0.786 ms - -[0m
2026-08-06 19:18:40 [INFO]: [0mGET /css/admin/users.css [36m304[0m 0.464 ms - -[0m
2026-08-06 19:18:40 [INFO]: [0mGET /css/header.css [36m304[0m 0.681 ms - -[0m
2026-08-06 19:18:40 [INFO]: [0mGET /images/logo/plantora.png [36m304[0m 0.873 ms - -[0m
2026-08-06 19:18:40 [INFO]: [0mGET /js/admin/layout.js [36m304[0m 1.149 ms - -[0m
2026-08-06 19:18:40 [INFO]: [0mGET /js/admin/users.js [36m304[0m 1.114 ms - -[0m
2026-08-06 19:18:40 [INFO]: [0mGET /js/header.js [36m304[0m 0.981 ms - -[0m
2026-08-06 19:18:40 [INFO]: [0mGET /js/notification.js [36m304[0m 1.048 ms - -[0m
2026-08-06 19:18:40 [INFO]: [0mGET /css/variables.css [36m304[0m 0.181 ms - -[0m
2026-08-06 19:18:40 [INFO]: [0mGET /css/utilities.css [36m304[0m 0.147 ms - -[0m
2026-08-06 19:18:40 [INFO]: [0mGET /css/animations.css [36m304[0m 0.372 ms - -[0m
2026-08-06 19:18:40 [INFO]: [0mGET /css/announcement.css [36m304[0m 0.620 ms - -[0m
2026-08-06 19:18:40 [INFO]: [0mGET /css/hero.css [36m304[0m 0.877 ms - -[0m
2026-08-06 19:18:40 [INFO]: [0mGET /css/featured.css [36m304[0m 1.072 ms - -[0m
2026-08-06 19:18:40 [INFO]: [0mGET /css/why-choose.css [36m304[0m 1.891 ms - -[0m
2026-08-06 19:18:40 [INFO]: [0mGET /css/auth.css [36m304[0m 0.279 ms - -[0m
2026-08-06 19:18:40 [INFO]: [0mGET /css/verify.css [36m304[0m 0.400 ms - -[0m
2026-08-06 19:18:40 [INFO]: [0mGET /css/footer.css [36m304[0m 0.544 ms - -[0m
2026-08-06 19:18:53 [INFO]: [0mGET /admin/users [36m304[0m 160.939 ms - -[0m
2026-08-06 19:18:53 [INFO]: [0mGET /css/style.css [36m304[0m 0.752 ms - -[0m
2026-08-06 19:18:53 [INFO]: [0mGET /css/admin/layout.css [36m304[0m 0.952 ms - -[0m
2026-08-06 19:18:53 [INFO]: [0mGET /css/header.css [36m304[0m 0.360 ms - -[0m
2026-08-06 19:18:53 [INFO]: [0mGET /css/admin/users.css [36m304[0m 0.685 ms - -[0m
2026-08-06 19:18:53 [INFO]: [0mGET /images/logo/plantora.png [36m304[0m 0.403 ms - -[0m
2026-08-06 19:18:53 [INFO]: [0mGET /js/admin/layout.js [36m304[0m 0.102 ms - -[0m
2026-08-06 19:18:53 [INFO]: [0mGET /js/admin/users.js [36m304[0m 0.124 ms - -[0m
2026-08-06 19:18:53 [INFO]: [0mGET /js/header.js [36m304[0m 0.260 ms - -[0m
2026-08-06 19:18:53 [INFO]: [0mGET /js/notification.js [36m304[0m 0.358 ms - -[0m
2026-08-06 19:18:53 [INFO]: [0mGET /css/variables.css [36m304[0m 0.177 ms - -[0m
2026-08-06 19:18:53 [INFO]: [0mGET /css/utilities.css [36m304[0m 0.253 ms - -[0m
2026-08-06 19:18:53 [INFO]: [0mGET /css/announcement.css [36m304[0m 0.172 ms - -[0m
2026-08-06 19:18:53 [INFO]: [0mGET /css/hero.css [36m304[0m 0.303 ms - -[0m
2026-08-06 19:18:53 [INFO]: [0mGET /css/featured.css [36m304[0m 0.898 ms - -[0m
2026-08-06 19:18:53 [INFO]: [0mGET /css/animations.css [36m304[0m 1.399 ms - -[0m
2026-08-06 19:18:53 [INFO]: [0mGET /css/why-choose.css [36m304[0m 0.872 ms - -[0m
2026-08-06 19:18:53 [INFO]: [0mGET /css/footer.css [36m304[0m 0.931 ms - -[0m
2026-08-06 19:18:53 [INFO]: [0mGET /css/auth.css [36m304[0m 0.261 ms - -[0m
2026-08-06 19:18:53 [INFO]: [0mGET /css/verify.css [36m304[0m 0.283 ms - -[0m
2026-08-06 19:24:30 [INFO]: MongoDB connected successfully.
2026-08-06 19:24:34 [INFO]: Email server connected successfully.
2026-08-06 19:24:34 [INFO]: Server is running on port 5132.
2026-08-06 19:24:58 [INFO]: MongoDB connected successfully.
2026-08-06 19:25:02 [INFO]: Email server connected successfully.
2026-08-06 19:25:02 [INFO]: Server is running on port 5132.
2026-08-06 19:26:06 [INFO]: MongoDB connected successfully.
2026-08-06 19:26:09 [INFO]: Email server connected successfully.
2026-08-06 19:26:09 [INFO]: Server is running on port 5132.
2026-08-06 19:26:16 [INFO]: MongoDB connected successfully.
2026-08-06 19:26:19 [INFO]: MongoDB connected successfully.
2026-08-06 19:26:22 [INFO]: Email server connected successfully.
2026-08-06 19:26:22 [INFO]: Server is running on port 5132.
2026-08-06 19:26:42 [INFO]: MongoDB connected successfully.
2026-08-06 19:26:45 [INFO]: Email server connected successfully.
2026-08-06 19:26:45 [INFO]: Server is running on port 5132.
2026-08-06 19:26:55 [INFO]: MongoDB connected successfully.
2026-08-06 19:26:58 [INFO]: Email server connected successfully.
2026-08-06 19:26:58 [INFO]: Server is running on port 5132.
2026-08-06 19:27:04 [INFO]: MongoDB connected successfully.
2026-08-06 19:27:07 [INFO]: Email server connected successfully.
2026-08-06 19:27:07 [INFO]: Server is running on port 5132.
2026-08-06 19:27:54 [ERROR]: ReferenceError: E:\Webskitters_Academy\NODE JS\final_project_node\plantora_final_project_node_ejs\views\admin\users\index.ejs:173
    171|             =========================================================== -->
    172| 
 >> 173|             <%- include("./table") %>
    174| 
    175|             <!-- ==========================================================
    176|                  PAGINATION

E:\Webskitters_Academy\NODE JS\final_project_node\plantora_final_project_node_ejs\views\admin\users\table.ejs:18
    16|     data-name="<%= user.name.toLowerCase() %>"
    17|     data-email="<%= user.email.toLowerCase() %>"
 >> 18|     data-role="<%= displayRole.toLowerCase() %>"
    19|     data-created="<%= new Date(user.createdAt).getTime() %>"
    20| >
    21| 

displayRole is not defined
    at eval (eval at compile (E:\Webskitters_Academy\NODE JS\final_project_node\plantora_final_project_node_ejs\node_modules\ejs\lib\cjs\ejs.js:607:18), <anonymous>:21:26)
    at table (E:\Webskitters_Academy\NODE JS\final_project_node\plantora_final_project_node_ejs\node_modules\ejs\lib\cjs\ejs.js:643:23)
    at include (E:\Webskitters_Academy\NODE JS\final_project_node\plantora_final_project_node_ejs\node_modules\ejs\lib\cjs\ejs.js:634:47)
    at eval (eval at compile (E:\Webskitters_Academy\NODE JS\final_project_node\plantora_final_project_node_ejs\node_modules\ejs\lib\cjs\ejs.js:607:18), <anonymous>:29:17)
    at index (E:\Webskitters_Academy\NODE JS\final_project_node\plantora_final_project_node_ejs\node_modules\ejs\lib\cjs\ejs.js:643:23)
    at tryHandleCache (E:\Webskitters_Academy\NODE JS\final_project_node\plantora_final_project_node_ejs\node_modules\ejs\lib\cjs\ejs.js:253:42)
    at ejs.renderFile [as engine] (E:\Webskitters_Academy\NODE JS\final_project_node\plantora_final_project_node_ejs\node_modules\ejs\lib\cjs\ejs.js:444:12)
    at View.render (E:\Webskitters_Academy\NODE JS\final_project_node\plantora_final_project_node_ejs\node_modules\express\lib\view.js:139:8)
    at tryRender (E:\Webskitters_Academy\NODE JS\final_project_node\plantora_final_project_node_ejs\node_modules\express\lib\application.js:627:10)
    at app.render (E:\Webskitters_Academy\NODE JS\final_project_node\plantora_final_project_node_ejs\node_modules\express\lib\application.js:574:3)
2026-08-06 19:27:54 [INFO]: [0mGET /admin/users [31m500[0m 209.055 ms - 941[0m
2026-08-06 19:32:34 [INFO]: SIGINT received. Shutting down server...
2026-08-06 19:32:37 [INFO]: MongoDB connected successfully.
2026-08-06 19:32:40 [INFO]: Email server connected successfully.
2026-08-06 19:32:40 [INFO]: Server is running on port 5132.
2026-08-06 19:32:45 [INFO]: MongoDB connected successfully.
2026-08-06 19:32:47 [INFO]: MongoDB connected successfully.
2026-08-06 19:32:50 [INFO]: MongoDB connected successfully.
2026-08-06 19:32:53 [INFO]: MongoDB connected successfully.
2026-08-06 19:32:57 [INFO]: MongoDB connected successfully.
2026-08-06 19:32:59 [INFO]: MongoDB connected successfully.
2026-08-06 19:33:02 [INFO]: Email server connected successfully.
2026-08-06 19:33:02 [INFO]: Server is running on port 5132.
2026-08-06 19:33:08 [INFO]: MongoDB connected successfully.
2026-08-06 19:33:10 [INFO]: MongoDB connected successfully.
2026-08-06 19:33:14 [INFO]: MongoDB connected successfully.
2026-08-06 19:33:17 [INFO]: Email server connected successfully.
2026-08-06 19:33:17 [INFO]: Server is running on port 5132.
2026-08-06 19:33:18 [INFO]: [0mGET /admin/users [32m200[0m 230.799 ms - -[0m
2026-08-06 19:33:18 [INFO]: [0mGET /css/style.css [36m304[0m 1.478 ms - -[0m
2026-08-06 19:33:18 [INFO]: [0mGET /css/admin/layout.css [36m304[0m 1.600 ms - -[0m
2026-08-06 19:33:18 [INFO]: [0mGET /css/admin/users.css [36m304[0m 0.515 ms - -[0m
2026-08-06 19:33:18 [INFO]: [0mGET /css/header.css [36m304[0m 0.687 ms - -[0m
2026-08-06 19:33:18 [INFO]: [0mGET /images/logo/plantora.png [36m304[0m 0.953 ms - -[0m
2026-08-06 19:33:18 [INFO]: [0mGET /js/admin/layout.js [36m304[0m 0.649 ms - -[0m
2026-08-06 19:33:18 [INFO]: [0mGET /js/header.js [36m304[0m 0.515 ms - -[0m
2026-08-06 19:33:18 [INFO]: [0mGET /js/notification.js [36m304[0m 0.749 ms - -[0m
2026-08-06 19:33:18 [INFO]: [0mGET /js/admin/users.js [32m200[0m 3.090 ms - -[0m
2026-08-06 19:33:18 [INFO]: [0mGET /css/variables.css [36m304[0m 0.336 ms - -[0m
2026-08-06 19:33:18 [INFO]: [0mGET /css/utilities.css [36m304[0m 0.514 ms - -[0m
2026-08-06 19:33:18 [INFO]: [0mGET /css/animations.css [36m304[0m 0.688 ms - -[0m
2026-08-06 19:33:18 [INFO]: [0mGET /css/announcement.css [36m304[0m 0.848 ms - -[0m
2026-08-06 19:33:18 [INFO]: [0mGET /css/hero.css [36m304[0m 1.065 ms - -[0m
2026-08-06 19:33:18 [INFO]: [0mGET /css/featured.css [36m304[0m 0.300 ms - -[0m
2026-08-06 19:33:18 [INFO]: [0mGET /css/footer.css [36m304[0m 0.724 ms - -[0m
2026-08-06 19:33:18 [INFO]: [0mGET /css/auth.css [36m304[0m 1.195 ms - -[0m
2026-08-06 19:33:18 [INFO]: [0mGET /css/verify.css [36m304[0m 1.426 ms - -[0m
2026-08-06 19:33:18 [INFO]: [0mGET /css/why-choose.css [36m304[0m 1.402 ms - -[0m
2026-08-06 20:15:46 [INFO]: [0mGET /admin/users [33m401[0m 0.722 ms - 55[0m
2026-08-06 20:15:50 [INFO]: [0mGET / [32m200[0m 6.792 ms - -[0m
2026-08-06 20:15:50 [INFO]: [0mGET /css/style.css [36m304[0m 0.822 ms - -[0m
2026-08-06 20:15:50 [INFO]: [0mGET /images/logo/plantora.png [36m304[0m 1.032 ms - -[0m
2026-08-06 20:15:50 [INFO]: [0mGET /images/hero/hero-placeholder.png [36m304[0m 0.278 ms - -[0m
2026-08-06 20:15:50 [INFO]: [0mGET /images/hero/monstera-plant.jpg [36m304[0m 0.336 ms - -[0m
2026-08-06 20:15:50 [INFO]: [0mGET /images/hero/snake-plant.jpg [36m304[0m 0.344 ms - -[0m
2026-08-06 20:15:50 [INFO]: [0mGET /images/hero/peace-lily.jpg [36m304[0m 0.901 ms - -[0m
2026-08-06 20:15:50 [INFO]: [0mGET /js/header.js [36m304[0m 0.484 ms - -[0m
2026-08-06 20:15:50 [INFO]: [0mGET /js/featured.js [36m304[0m 0.162 ms - -[0m
2026-08-06 20:15:50 [INFO]: [0mGET /js/why-choose.js [36m304[0m 0.252 ms - -[0m
2026-08-06 20:15:50 [INFO]: [0mGET /js/notification.js [36m304[0m 0.170 ms - -[0m
2026-08-06 20:15:50 [INFO]: [0mGET /css/variables.css [36m304[0m 0.505 ms - -[0m
2026-08-06 20:15:50 [INFO]: [0mGET /css/utilities.css [36m304[0m 0.720 ms - -[0m
2026-08-06 20:15:50 [INFO]: [0mGET /css/animations.css [36m304[0m 1.032 ms - -[0m
2026-08-06 20:15:50 [INFO]: [0mGET /css/announcement.css [36m304[0m 0.861 ms - -[0m
2026-08-06 20:15:50 [INFO]: [0mGET /css/header.css [36m304[0m 1.032 ms - -[0m
2026-08-06 20:15:50 [INFO]: [0mGET /css/hero.css [36m304[0m 0.964 ms - -[0m
2026-08-06 20:15:50 [INFO]: [0mGET /css/featured.css [36m304[0m 0.349 ms - -[0m
2026-08-06 20:15:50 [INFO]: [0mGET /css/why-choose.css [36m304[0m 0.631 ms - -[0m
2026-08-06 20:15:50 [INFO]: [0mGET /css/footer.css [36m304[0m 0.460 ms - -[0m
2026-08-06 20:15:50 [INFO]: [0mGET /css/auth.css [36m304[0m 0.958 ms - -[0m
2026-08-06 20:15:50 [INFO]: [0mGET /css/verify.css [36m304[0m 0.665 ms - -[0m
2026-08-06 20:15:50 [INFO]: [0mGET /js/footer.js [36m304[0m 0.951 ms - -[0m
2026-08-06 20:15:50 [INFO]: [0mGET /js/auth.js [36m304[0m 1.139 ms - -[0m
2026-08-06 20:15:50 [INFO]: [0mGET /images/hero/tulip-plant.jpg [36m304[0m 1.263 ms - -[0m
2026-08-06 20:15:50 [INFO]: [0mGET /images/hero/rubber-plant.jpg [36m304[0m 1.613 ms - -[0m
2026-08-06 20:15:50 [INFO]: [0mGET /images/hero/aloe-vera.jpg [36m304[0m 1.866 ms - -[0m
2026-08-06 20:15:50 [INFO]: [0mGET /images/hero/areca-palm.jpg [36m304[0m 0.295 ms - -[0m
2026-08-06 20:15:50 [INFO]: [0mGET /images/hero/jade-plant.jpg [36m304[0m 0.315 ms - -[0m
2026-08-06 20:15:50 [INFO]: [0mGET /images/hero/golden-pothos.jpg [36m304[0m 0.319 ms - -[0m
2026-08-06 20:15:50 [INFO]: [0mGET /images/hero/fiddle-leaf-fig.jpg [36m304[0m 0.212 ms - -[0m
2026-08-06 20:15:50 [INFO]: [0mGET /images/hero/why-choose.jpg [36m304[0m 0.331 ms - -[0m
2026-08-06 20:15:50 [INFO]: [0mGET /images/logo/plantora-orgn-white.png [36m304[0m 0.259 ms - -[0m
2026-08-06 20:15:54 [INFO]: Login successful : admin-plantora@yopmail.com
2026-08-06 20:15:54 [INFO]: [0mPOST /auth/login [32m200[0m 591.496 ms - 46[0m
2026-08-06 20:15:55 [INFO]: [0mGET / [32m200[0m 97.732 ms - -[0m
2026-08-06 20:15:55 [INFO]: [0mGET /css/style.css [36m304[0m 0.376 ms - -[0m
2026-08-06 20:15:55 [INFO]: [0mGET /images/logo/plantora.png [36m304[0m 0.648 ms - -[0m
2026-08-06 20:15:55 [INFO]: [0mGET /images/hero/hero-placeholder.png [36m304[0m 0.811 ms - -[0m
2026-08-06 20:15:55 [INFO]: [0mGET /images/hero/monstera-plant.jpg [36m304[0m 0.147 ms - -[0m
2026-08-06 20:15:55 [INFO]: [0mGET /js/header.js [36m304[0m 0.305 ms - -[0m
2026-08-06 20:15:55 [INFO]: [0mGET /js/featured.js [36m304[0m 0.476 ms - -[0m
2026-08-06 20:15:55 [INFO]: [0mGET /js/why-choose.js [36m304[0m 0.445 ms - -[0m
2026-08-06 20:15:55 [INFO]: [0mGET /js/notification.js [36m304[0m 0.608 ms - -[0m
2026-08-06 20:15:55 [INFO]: [0mGET /js/footer.js [36m304[0m 0.377 ms - -[0m
2026-08-06 20:15:55 [INFO]: [0mGET /js/auth.js [36m304[0m 0.961 ms - -[0m
2026-08-06 20:15:55 [INFO]: [0mGET /images/hero/snake-plant.jpg [36m304[0m 0.357 ms - -[0m
2026-08-06 20:15:55 [INFO]: [0mGET /css/variables.css [36m304[0m 0.476 ms - -[0m
2026-08-06 20:15:55 [INFO]: [0mGET /css/utilities.css [36m304[0m 1.007 ms - -[0m
2026-08-06 20:15:55 [INFO]: [0mGET /css/animations.css [36m304[0m 1.188 ms - -[0m
2026-08-06 20:15:55 [INFO]: [0mGET /css/announcement.css [36m304[0m 0.557 ms - -[0m
2026-08-06 20:15:55 [INFO]: [0mGET /css/header.css [36m304[0m 0.639 ms - -[0m
2026-08-06 20:15:55 [INFO]: [0mGET /css/hero.css [36m304[0m 0.561 ms - -[0m
2026-08-06 20:15:55 [INFO]: [0mGET /css/featured.css [36m304[0m 0.749 ms - -[0m
2026-08-06 20:15:55 [INFO]: [0mGET /css/why-choose.css [36m304[0m 1.019 ms - -[0m
2026-08-06 20:15:55 [INFO]: [0mGET /css/footer.css [36m304[0m 1.407 ms - -[0m
2026-08-06 20:15:55 [INFO]: [0mGET /css/auth.css [36m304[0m 0.617 ms - -[0m
2026-08-06 20:15:55 [INFO]: [0mGET /css/verify.css [36m304[0m 0.349 ms - -[0m
2026-08-06 20:15:55 [INFO]: [0mGET /images/hero/peace-lily.jpg [36m304[0m 0.145 ms - -[0m
2026-08-06 20:15:55 [INFO]: [0mGET /images/hero/tulip-plant.jpg [36m304[0m 0.244 ms - -[0m
2026-08-06 20:15:55 [INFO]: [0mGET /images/hero/rubber-plant.jpg [36m304[0m 0.277 ms - -[0m
2026-08-06 20:15:55 [INFO]: [0mGET /images/hero/aloe-vera.jpg [36m304[0m 0.203 ms - -[0m
2026-08-06 20:15:55 [INFO]: [0mGET /images/hero/areca-palm.jpg [36m304[0m 0.108 ms - -[0m
2026-08-06 20:15:55 [INFO]: [0mGET /images/hero/jade-plant.jpg [36m304[0m 0.517 ms - -[0m
2026-08-06 20:15:55 [INFO]: [0mGET /images/hero/golden-pothos.jpg [36m304[0m 0.299 ms - -[0m
2026-08-06 20:15:55 [INFO]: [0mGET /images/hero/fiddle-leaf-fig.jpg [36m304[0m 0.276 ms - -[0m
2026-08-06 20:15:55 [INFO]: [0mGET /images/hero/why-choose.jpg [36m304[0m 0.462 ms - -[0m
2026-08-06 20:15:55 [INFO]: [0mGET /images/logo/plantora-orgn-white.png [36m304[0m 0.597 ms - -[0m
2026-08-06 20:15:59 [INFO]: [0mGET /admin/dashboard [36m304[0m 142.696 ms - -[0m
2026-08-06 20:15:59 [INFO]: [0mGET /css/style.css [36m304[0m 0.889 ms - -[0m
2026-08-06 20:15:59 [INFO]: [0mGET /css/admin/layout.css [36m304[0m 1.243 ms - -[0m
2026-08-06 20:15:59 [INFO]: [0mGET /css/admin/users.css [36m304[0m 1.473 ms - -[0m
2026-08-06 20:15:59 [INFO]: [0mGET /css/header.css [36m304[0m 2.426 ms - -[0m
2026-08-06 20:15:59 [INFO]: [0mGET /images/logo/plantora.png [36m304[0m 0.946 ms - -[0m
2026-08-06 20:15:59 [INFO]: [0mGET /js/admin/layout.js [36m304[0m 0.366 ms - -[0m
2026-08-06 20:15:59 [INFO]: [0mGET /js/admin/users.js [36m304[0m 0.484 ms - -[0m
2026-08-06 20:15:59 [INFO]: [0mGET /js/header.js [36m304[0m 0.600 ms - -[0m
2026-08-06 20:15:59 [INFO]: [0mGET /js/notification.js [36m304[0m 0.273 ms - -[0m
2026-08-06 20:15:59 [INFO]: [0mGET /css/variables.css [36m304[0m 0.283 ms - -[0m
2026-08-06 20:15:59 [INFO]: [0mGET /css/animations.css [36m304[0m 0.597 ms - -[0m
2026-08-06 20:15:59 [INFO]: [0mGET /css/utilities.css [36m304[0m 0.899 ms - -[0m
2026-08-06 20:15:59 [INFO]: [0mGET /css/announcement.css [36m304[0m 0.672 ms - -[0m
2026-08-06 20:15:59 [INFO]: [0mGET /css/hero.css [36m304[0m 0.702 ms - -[0m
2026-08-06 20:15:59 [INFO]: [0mGET /css/featured.css [36m304[0m 0.794 ms - -[0m
2026-08-06 20:15:59 [INFO]: [0mGET /css/why-choose.css [36m304[0m 0.957 ms - -[0m
2026-08-06 20:15:59 [INFO]: [0mGET /css/footer.css [36m304[0m 0.880 ms - -[0m
2026-08-06 20:15:59 [INFO]: [0mGET /css/auth.css [36m304[0m 2.406 ms - -[0m
2026-08-06 20:15:59 [INFO]: [0mGET /css/verify.css [36m304[0m 0.786 ms - -[0m
2026-08-06 20:16:01 [INFO]: [0mGET /admin/users [32m200[0m 200.024 ms - -[0m
2026-08-06 20:16:01 [INFO]: [0mGET /css/style.css [36m304[0m 0.363 ms - -[0m
2026-08-06 20:16:01 [INFO]: [0mGET /css/admin/layout.css [36m304[0m 0.830 ms - -[0m
2026-08-06 20:16:01 [INFO]: [0mGET /css/admin/users.css [36m304[0m 0.752 ms - -[0m
2026-08-06 20:16:01 [INFO]: [0mGET /css/header.css [36m304[0m 0.958 ms - -[0m
2026-08-06 20:16:01 [INFO]: [0mGET /images/logo/plantora.png [36m304[0m 1.101 ms - -[0m
2026-08-06 20:16:01 [INFO]: [0mGET /js/admin/users.js [36m304[0m 0.364 ms - -[0m
2026-08-06 20:16:01 [INFO]: [0mGET /js/admin/layout.js [36m304[0m 0.828 ms - -[0m
2026-08-06 20:16:01 [INFO]: [0mGET /js/header.js [36m304[0m 0.765 ms - -[0m
2026-08-06 20:16:01 [INFO]: [0mGET /css/variables.css [36m304[0m 1.041 ms - -[0m
2026-08-06 20:16:01 [INFO]: [0mGET /css/utilities.css [36m304[0m 1.253 ms - -[0m
2026-08-06 20:16:01 [INFO]: [0mGET /js/notification.js [36m304[0m 1.386 ms - -[0m
2026-08-06 20:16:01 [INFO]: [0mGET /css/animations.css [36m304[0m 0.268 ms - -[0m
2026-08-06 20:16:01 [INFO]: [0mGET /css/announcement.css [36m304[0m 0.355 ms - -[0m
2026-08-06 20:16:01 [INFO]: [0mGET /css/hero.css [36m304[0m 0.851 ms - -[0m
2026-08-06 20:16:01 [INFO]: [0mGET /css/featured.css [36m304[0m 0.627 ms - -[0m
2026-08-06 20:16:01 [INFO]: [0mGET /css/why-choose.css [36m304[0m 0.366 ms - -[0m
2026-08-06 20:16:01 [INFO]: [0mGET /css/footer.css [36m304[0m 0.470 ms - -[0m
2026-08-06 20:16:01 [INFO]: [0mGET /css/auth.css [36m304[0m 0.615 ms - -[0m
2026-08-06 20:16:01 [INFO]: [0mGET /css/verify.css [36m304[0m 1.123 ms - -[0m
2026-08-06 20:16:27 [INFO]: [0mGET /admin/dashboard [36m304[0m 695.665 ms - -[0m
2026-08-06 20:16:27 [INFO]: [0mGET /css/style.css [36m304[0m 0.382 ms - -[0m
2026-08-06 20:16:27 [INFO]: [0mGET /css/admin/layout.css [36m304[0m 0.948 ms - -[0m
2026-08-06 20:16:27 [INFO]: [0mGET /css/admin/users.css [36m304[0m 0.522 ms - -[0m
2026-08-06 20:16:27 [INFO]: [0mGET /images/logo/plantora.png [36m304[0m 0.193 ms - -[0m
2026-08-06 20:16:27 [INFO]: [0mGET /css/header.css [36m304[0m 0.662 ms - -[0m
2026-08-06 20:16:28 [INFO]: [0mGET /js/admin/layout.js [36m304[0m 0.736 ms - -[0m
2026-08-06 20:16:28 [INFO]: [0mGET /js/admin/users.js [36m304[0m 0.883 ms - -[0m
2026-08-06 20:16:28 [INFO]: [0mGET /css/variables.css [36m304[0m 0.692 ms - -[0m
2026-08-06 20:16:28 [INFO]: [0mGET /js/header.js [36m304[0m 0.915 ms - -[0m
2026-08-06 20:16:28 [INFO]: [0mGET /js/notification.js [36m304[0m 0.456 ms - -[0m
2026-08-06 20:16:28 [INFO]: [0mGET /css/utilities.css [36m304[0m 0.618 ms - -[0m
2026-08-06 20:16:28 [INFO]: [0mGET /css/animations.css [36m304[0m 1.139 ms - -[0m
2026-08-06 20:16:28 [INFO]: [0mGET /css/announcement.css [36m304[0m 0.639 ms - -[0m
2026-08-06 20:16:28 [INFO]: [0mGET /css/hero.css [36m304[0m 0.820 ms - -[0m
2026-08-06 20:16:28 [INFO]: [0mGET /css/featured.css [36m304[0m 1.080 ms - -[0m
2026-08-06 20:16:28 [INFO]: [0mGET /css/why-choose.css [36m304[0m 0.541 ms - -[0m
2026-08-06 20:16:28 [INFO]: [0mGET /css/footer.css [36m304[0m 0.685 ms - -[0m
2026-08-06 20:16:28 [INFO]: [0mGET /css/auth.css [36m304[0m 0.787 ms - -[0m
2026-08-06 20:16:28 [INFO]: [0mGET /css/verify.css [36m304[0m 0.906 ms - -[0m
2026-08-06 20:25:58 [INFO]: [0mGET /admin/users [36m304[0m 540.041 ms - -[0m
2026-08-06 20:25:58 [INFO]: [0mGET /css/style.css [36m304[0m 0.591 ms - -[0m
2026-08-06 20:25:58 [INFO]: [0mGET /css/admin/layout.css [36m304[0m 0.769 ms - -[0m
2026-08-06 20:25:58 [INFO]: [0mGET /css/admin/users.css [36m304[0m 0.226 ms - -[0m
2026-08-06 20:25:58 [INFO]: [0mGET /css/header.css [36m304[0m 0.380 ms - -[0m
2026-08-06 20:25:58 [INFO]: [0mGET /images/logo/plantora.png [36m304[0m 0.605 ms - -[0m
2026-08-06 20:25:58 [INFO]: [0mGET /js/admin/layout.js [36m304[0m 0.535 ms - -[0m
2026-08-06 20:25:58 [INFO]: [0mGET /js/admin/users.js [36m304[0m 0.645 ms - -[0m
2026-08-06 20:25:58 [INFO]: [0mGET /js/header.js [36m304[0m 0.993 ms - -[0m
2026-08-06 20:25:58 [INFO]: [0mGET /js/notification.js [36m304[0m 1.197 ms - -[0m
2026-08-06 20:25:58 [INFO]: [0mGET /css/variables.css [36m304[0m 0.799 ms - -[0m
2026-08-06 20:25:58 [INFO]: [0mGET /css/utilities.css [36m304[0m 0.812 ms - -[0m
2026-08-06 20:25:58 [INFO]: [0mGET /css/animations.css [36m304[0m 0.841 ms - -[0m
2026-08-06 20:25:58 [INFO]: [0mGET /css/announcement.css [36m304[0m 0.931 ms - -[0m
2026-08-06 20:25:58 [INFO]: [0mGET /css/hero.css [36m304[0m 1.683 ms - -[0m
2026-08-06 20:25:58 [INFO]: [0mGET /css/why-choose.css [36m304[0m 0.840 ms - -[0m
2026-08-06 20:25:58 [INFO]: [0mGET /css/footer.css [36m304[0m 0.958 ms - -[0m
2026-08-06 20:25:58 [INFO]: [0mGET /css/featured.css [36m304[0m 1.011 ms - -[0m
2026-08-06 20:25:58 [INFO]: [0mGET /css/auth.css [36m304[0m 0.667 ms - -[0m
2026-08-06 20:25:58 [INFO]: [0mGET /css/verify.css [36m304[0m 0.488 ms - -[0m
2026-08-06 20:26:12 [INFO]: [0mGET /admin/users/trash [32m200[0m 230.797 ms - -[0m
2026-08-06 20:26:12 [INFO]: [0mGET /css/style.css [36m304[0m 0.815 ms - -[0m
2026-08-06 20:26:12 [INFO]: [0mGET /css/admin/layout.css [36m304[0m 1.039 ms - -[0m
2026-08-06 20:26:12 [INFO]: [0mGET /images/logo/plantora.png [36m304[0m 0.306 ms - -[0m
2026-08-06 20:26:12 [INFO]: [0mGET /css/admin/users.css [36m304[0m 0.757 ms - -[0m
2026-08-06 20:26:12 [INFO]: [0mGET /css/header.css [36m304[0m 0.705 ms - -[0m
2026-08-06 20:26:12 [INFO]: [0mGET /js/admin/layout.js [36m304[0m 0.601 ms - -[0m
2026-08-06 20:26:12 [INFO]: [0mGET /js/admin/users.js [36m304[0m 0.883 ms - -[0m
2026-08-06 20:26:12 [INFO]: [0mGET /js/header.js [36m304[0m 1.188 ms - -[0m
2026-08-06 20:26:12 [INFO]: [0mGET /js/notification.js [36m304[0m 1.293 ms - -[0m
2026-08-06 20:26:12 [INFO]: [0mGET /css/variables.css [36m304[0m 0.269 ms - -[0m
2026-08-06 20:26:12 [INFO]: [0mGET /css/utilities.css [36m304[0m 0.265 ms - -[0m
2026-08-06 20:26:12 [INFO]: [0mGET /css/animations.css [36m304[0m 0.419 ms - -[0m
2026-08-06 20:26:12 [INFO]: [0mGET /css/announcement.css [36m304[0m 0.618 ms - -[0m
2026-08-06 20:26:12 [INFO]: [0mGET /css/hero.css [36m304[0m 0.861 ms - -[0m
2026-08-06 20:26:12 [INFO]: [0mGET /css/featured.css [36m304[0m 0.500 ms - -[0m
2026-08-06 20:26:12 [INFO]: [0mGET /css/why-choose.css [36m304[0m 0.350 ms - -[0m
2026-08-06 20:26:12 [INFO]: [0mGET /css/footer.css [36m304[0m 1.168 ms - -[0m
2026-08-06 20:26:12 [INFO]: [0mGET /css/auth.css [36m304[0m 0.640 ms - -[0m
2026-08-06 20:26:12 [INFO]: [0mGET /css/verify.css [36m304[0m 1.079 ms - -[0m
2026-08-06 20:26:55 [INFO]: [0mGET /admin/users/trash [32m200[0m 523.311 ms - -[0m
2026-08-06 20:26:55 [INFO]: [0mGET /css/style.css [36m304[0m 0.470 ms - -[0m
2026-08-06 20:26:55 [INFO]: [0mGET /css/admin/layout.css [36m304[0m 0.529 ms - -[0m
2026-08-06 20:26:55 [INFO]: [0mGET /css/admin/users.css [36m304[0m 0.444 ms - -[0m
2026-08-06 20:26:55 [INFO]: [0mGET /css/header.css [36m304[0m 0.524 ms - -[0m
2026-08-06 20:26:55 [INFO]: [0mGET /images/logo/plantora.png [36m304[0m 0.678 ms - -[0m
2026-08-06 20:26:55 [INFO]: [0mGET /js/admin/layout.js [36m304[0m 0.448 ms - -[0m
2026-08-06 20:26:55 [INFO]: [0mGET /js/admin/users.js [36m304[0m 0.625 ms - -[0m
2026-08-06 20:26:55 [INFO]: [0mGET /js/header.js [36m304[0m 0.828 ms - -[0m
2026-08-06 20:26:55 [INFO]: [0mGET /js/notification.js [36m304[0m 0.229 ms - -[0m
2026-08-06 20:26:55 [INFO]: [0mGET /css/variables.css [36m304[0m 0.228 ms - -[0m
2026-08-06 20:26:55 [INFO]: [0mGET /css/utilities.css [36m304[0m 0.438 ms - -[0m
2026-08-06 20:26:55 [INFO]: [0mGET /css/animations.css [36m304[0m 0.836 ms - -[0m
2026-08-06 20:26:55 [INFO]: [0mGET /css/announcement.css [36m304[0m 0.399 ms - -[0m
2026-08-06 20:26:55 [INFO]: [0mGET /css/hero.css [36m304[0m 0.663 ms - -[0m
2026-08-06 20:26:55 [INFO]: [0mGET /css/featured.css [36m304[0m 0.354 ms - -[0m
2026-08-06 20:26:55 [INFO]: [0mGET /css/why-choose.css [36m304[0m 0.633 ms - -[0m
2026-08-06 20:26:55 [INFO]: [0mGET /css/footer.css [36m304[0m 0.579 ms - -[0m
2026-08-06 20:26:55 [INFO]: [0mGET /css/auth.css [36m304[0m 0.781 ms - -[0m
2026-08-06 20:26:55 [INFO]: [0mGET /css/verify.css [36m304[0m 0.497 ms - -[0m
2026-08-06 20:27:11 [INFO]: [0mGET /admin/users [32m200[0m 534.404 ms - -[0m
2026-08-06 20:27:11 [INFO]: [0mGET /css/style.css [36m304[0m 0.398 ms - -[0m
2026-08-06 20:27:11 [INFO]: [0mGET /css/admin/layout.css [36m304[0m 0.641 ms - -[0m
2026-08-06 20:27:11 [INFO]: [0mGET /css/header.css [36m304[0m 0.385 ms - -[0m
2026-08-06 20:27:11 [INFO]: [0mGET /css/admin/users.css [36m304[0m 0.844 ms - -[0m
2026-08-06 20:27:11 [INFO]: [0mGET /images/logo/plantora.png [36m304[0m 1.006 ms - -[0m
2026-08-06 20:27:11 [INFO]: [0mGET /js/admin/layout.js [36m304[0m 0.193 ms - -[0m
2026-08-06 20:27:11 [INFO]: [0mGET /js/admin/users.js [36m304[0m 0.183 ms - -[0m
2026-08-06 20:27:11 [INFO]: [0mGET /js/header.js [36m304[0m 0.650 ms - -[0m
2026-08-06 20:27:11 [INFO]: [0mGET /js/notification.js [36m304[0m 0.537 ms - -[0m
2026-08-06 20:27:11 [INFO]: [0mGET /css/variables.css [36m304[0m 0.356 ms - -[0m
2026-08-06 20:27:11 [INFO]: [0mGET /css/utilities.css [36m304[0m 0.522 ms - -[0m
2026-08-06 20:27:11 [INFO]: [0mGET /css/animations.css [36m304[0m 0.836 ms - -[0m
2026-08-06 20:27:11 [INFO]: [0mGET /css/announcement.css [36m304[0m 0.989 ms - -[0m
2026-08-06 20:27:11 [INFO]: [0mGET /css/hero.css [36m304[0m 0.602 ms - -[0m
2026-08-06 20:27:11 [INFO]: [0mGET /css/featured.css [36m304[0m 0.721 ms - -[0m
2026-08-06 20:27:11 [INFO]: [0mGET /css/why-choose.css [36m304[0m 0.354 ms - -[0m
2026-08-06 20:27:11 [INFO]: [0mGET /css/footer.css [36m304[0m 0.460 ms - -[0m
2026-08-06 20:27:11 [INFO]: [0mGET /css/auth.css [36m304[0m 0.178 ms - -[0m
2026-08-06 20:27:11 [INFO]: [0mGET /css/verify.css [36m304[0m 0.271 ms - -[0m
2026-08-06 20:27:25 [INFO]: [0mGET / [36m304[0m 101.780 ms - -[0m
2026-08-06 20:27:25 [INFO]: [0mGET /css/style.css [36m304[0m 0.533 ms - -[0m
2026-08-06 20:27:25 [INFO]: [0mGET /images/logo/plantora.png [36m304[0m 1.486 ms - -[0m
2026-08-06 20:27:25 [INFO]: [0mGET /images/hero/hero-placeholder.png [36m304[0m 0.766 ms - -[0m
2026-08-06 20:27:25 [INFO]: [0mGET /images/hero/monstera-plant.jpg [36m304[0m 0.871 ms - -[0m
2026-08-06 20:27:25 [INFO]: [0mGET /js/header.js [36m304[0m 0.989 ms - -[0m
2026-08-06 20:27:25 [INFO]: [0mGET /js/featured.js [36m304[0m 0.384 ms - -[0m
2026-08-06 20:27:25 [INFO]: [0mGET /js/why-choose.js [36m304[0m 0.636 ms - -[0m
2026-08-06 20:27:25 [INFO]: [0mGET /css/variables.css [36m304[0m 0.635 ms - -[0m
2026-08-06 20:27:25 [INFO]: [0mGET /css/utilities.css [36m304[0m 0.808 ms - -[0m
2026-08-06 20:27:25 [INFO]: [0mGET /css/animations.css [36m304[0m 1.467 ms - -[0m
2026-08-06 20:27:25 [INFO]: [0mGET /css/announcement.css [36m304[0m 1.045 ms - -[0m
2026-08-06 20:27:25 [INFO]: [0mGET /css/header.css [36m304[0m 1.221 ms - -[0m
2026-08-06 20:27:25 [INFO]: [0mGET /css/hero.css [36m304[0m 1.808 ms - -[0m
2026-08-06 20:27:25 [INFO]: [0mGET /css/featured.css [36m304[0m 0.949 ms - -[0m
2026-08-06 20:27:25 [INFO]: [0mGET /css/why-choose.css [36m304[0m 2.255 ms - -[0m
2026-08-06 20:27:25 [INFO]: [0mGET /css/footer.css [36m304[0m 1.136 ms - -[0m
2026-08-06 20:27:25 [INFO]: [0mGET /css/auth.css [36m304[0m 1.342 ms - -[0m
2026-08-06 20:27:25 [INFO]: [0mGET /css/verify.css [36m304[0m 1.603 ms - -[0m
2026-08-06 20:27:25 [INFO]: [0mGET /js/notification.js [36m304[0m 0.359 ms - -[0m
2026-08-06 20:27:25 [INFO]: [0mGET /js/footer.js [36m304[0m 0.682 ms - -[0m
2026-08-06 20:27:25 [INFO]: [0mGET /js/auth.js [36m304[0m 0.638 ms - -[0m
2026-08-06 20:27:25 [INFO]: [0mGET /images/hero/snake-plant.jpg [36m304[0m 0.917 ms - -[0m
2026-08-06 20:27:25 [INFO]: [0mGET /images/hero/peace-lily.jpg [36m304[0m 1.007 ms - -[0m
2026-08-06 20:27:25 [INFO]: [0mGET /images/hero/tulip-plant.jpg [36m304[0m 0.242 ms - -[0m
2026-08-06 20:27:25 [INFO]: [0mGET /images/hero/rubber-plant.jpg [36m304[0m 0.355 ms - -[0m
2026-08-06 20:27:25 [INFO]: [0mGET /images/hero/aloe-vera.jpg [36m304[0m 0.331 ms - -[0m
2026-08-06 20:27:25 [INFO]: [0mGET /images/hero/areca-palm.jpg [36m304[0m 0.465 ms - -[0m
2026-08-06 20:27:25 [INFO]: [0mGET /images/hero/jade-plant.jpg [36m304[0m 0.738 ms - -[0m
2026-08-06 20:27:25 [INFO]: [0mGET /images/hero/golden-pothos.jpg [36m304[0m 0.984 ms - -[0m
2026-08-06 20:27:25 [INFO]: [0mGET /images/hero/fiddle-leaf-fig.jpg [36m304[0m 0.273 ms - -[0m
2026-08-06 20:27:25 [INFO]: [0mGET /images/hero/why-choose.jpg [36m304[0m 0.258 ms - -[0m
2026-08-06 20:27:26 [INFO]: [0mGET /images/logo/plantora-orgn-white.png [36m304[0m 0.321 ms - -[0m
2026-08-06 20:37:10 [INFO]: [0mGET /admin/dashboard [32m200[0m 146.567 ms - -[0m
2026-08-06 20:37:10 [INFO]: [0mGET /css/style.css [36m304[0m 0.768 ms - -[0m
2026-08-06 20:37:10 [INFO]: [0mGET /css/admin/layout.css [36m304[0m 0.272 ms - -[0m
2026-08-06 20:37:10 [INFO]: [0mGET /css/admin/users.css [36m304[0m 0.500 ms - -[0m
2026-08-06 20:37:10 [INFO]: [0mGET /css/header.css [36m304[0m 0.553 ms - -[0m
2026-08-06 20:37:10 [INFO]: [0mGET /images/logo/plantora.png [36m304[0m 0.781 ms - -[0m
2026-08-06 20:37:10 [INFO]: [0mGET /js/admin/layout.js [36m304[0m 0.547 ms - -[0m
2026-08-06 20:37:10 [INFO]: [0mGET /js/admin/users.js [36m304[0m 0.732 ms - -[0m
2026-08-06 20:37:10 [INFO]: [0mGET /js/header.js [36m304[0m 0.858 ms - -[0m
2026-08-06 20:37:10 [INFO]: [0mGET /js/notification.js [36m304[0m 0.233 ms - -[0m
2026-08-06 20:37:11 [INFO]: [0mGET /css/variables.css [36m304[0m 0.621 ms - -[0m
2026-08-06 20:37:11 [INFO]: [0mGET /css/utilities.css [36m304[0m 0.753 ms - -[0m
2026-08-06 20:37:11 [INFO]: [0mGET /css/animations.css [36m304[0m 1.086 ms - -[0m
2026-08-06 20:37:11 [INFO]: [0mGET /css/announcement.css [36m304[0m 0.440 ms - -[0m
2026-08-06 20:37:11 [INFO]: [0mGET /css/hero.css [36m304[0m 1.387 ms - -[0m
2026-08-06 20:37:11 [INFO]: [0mGET /css/why-choose.css [36m304[0m 0.972 ms - -[0m
2026-08-06 20:37:11 [INFO]: [0mGET /css/footer.css [36m304[0m 1.035 ms - -[0m
2026-08-06 20:37:11 [INFO]: [0mGET /css/featured.css [36m304[0m 1.207 ms - -[0m
2026-08-06 20:37:11 [INFO]: [0mGET /css/auth.css [36m304[0m 0.603 ms - -[0m
2026-08-06 20:37:11 [INFO]: [0mGET /css/verify.css [36m304[0m 0.707 ms - -[0m
2026-08-06 20:37:13 [INFO]: [0mGET /admin/users [36m304[0m 195.863 ms - -[0m
2026-08-06 20:37:13 [INFO]: [0mGET /css/style.css [36m304[0m 0.622 ms - -[0m
2026-08-06 20:37:13 [INFO]: [0mGET /css/admin/layout.css [36m304[0m 0.628 ms - -[0m
2026-08-06 20:37:13 [INFO]: [0mGET /css/admin/users.css [36m304[0m 0.794 ms - -[0m
2026-08-06 20:37:13 [INFO]: [0mGET /css/header.css [36m304[0m 1.037 ms - -[0m
2026-08-06 20:37:13 [INFO]: [0mGET /images/logo/plantora.png [36m304[0m 0.657 ms - -[0m
2026-08-06 20:37:13 [INFO]: [0mGET /js/admin/layout.js [36m304[0m 0.535 ms - -[0m
2026-08-06 20:37:13 [INFO]: [0mGET /js/admin/users.js [36m304[0m 0.662 ms - -[0m
2026-08-06 20:37:13 [INFO]: [0mGET /js/header.js [36m304[0m 1.085 ms - -[0m
2026-08-06 20:37:13 [INFO]: [0mGET /js/notification.js [36m304[0m 1.205 ms - -[0m
2026-08-06 20:37:13 [INFO]: [0mGET /css/variables.css [36m304[0m 0.566 ms - -[0m
2026-08-06 20:37:13 [INFO]: [0mGET /css/utilities.css [36m304[0m 0.211 ms - -[0m
2026-08-06 20:37:13 [INFO]: [0mGET /css/animations.css [36m304[0m 0.313 ms - -[0m
2026-08-06 20:37:13 [INFO]: [0mGET /css/announcement.css [36m304[0m 0.450 ms - -[0m
2026-08-06 20:37:13 [INFO]: [0mGET /css/hero.css [36m304[0m 0.188 ms - -[0m
2026-08-06 20:37:13 [INFO]: [0mGET /css/featured.css [36m304[0m 0.669 ms - -[0m
2026-08-06 20:37:13 [INFO]: [0mGET /css/why-choose.css [36m304[0m 0.513 ms - -[0m
2026-08-06 20:37:13 [INFO]: [0mGET /css/footer.css [36m304[0m 0.824 ms - -[0m
2026-08-06 20:37:13 [INFO]: [0mGET /css/auth.css [36m304[0m 0.438 ms - -[0m
2026-08-06 20:37:13 [INFO]: [0mGET /css/verify.css [36m304[0m 0.527 ms - -[0m
2026-08-06 20:37:22 [INFO]: [0mGET / [36m304[0m 96.048 ms - -[0m
2026-08-06 20:37:22 [INFO]: [0mGET /css/style.css [36m304[0m 0.661 ms - -[0m
2026-08-06 20:37:22 [INFO]: [0mGET /images/logo/plantora.png [36m304[0m 0.259 ms - -[0m
2026-08-06 20:37:22 [INFO]: [0mGET /images/hero/hero-placeholder.png [36m304[0m 0.506 ms - -[0m
2026-08-06 20:37:22 [INFO]: [0mGET /images/hero/monstera-plant.jpg [36m304[0m 0.996 ms - -[0m
2026-08-06 20:37:22 [INFO]: [0mGET /js/header.js [36m304[0m 0.927 ms - -[0m
2026-08-06 20:37:22 [INFO]: [0mGET /js/featured.js [36m304[0m 0.843 ms - -[0m
2026-08-06 20:37:22 [INFO]: [0mGET /js/why-choose.js [36m304[0m 1.482 ms - -[0m
2026-08-06 20:37:22 [INFO]: [0mGET /css/variables.css [36m304[0m 1.179 ms - -[0m
2026-08-06 20:37:22 [INFO]: [0mGET /css/utilities.css [36m304[0m 1.766 ms - -[0m
2026-08-06 20:37:22 [INFO]: [0mGET /css/announcement.css [36m304[0m 1.828 ms - -[0m
2026-08-06 20:37:22 [INFO]: [0mGET /css/animations.css [36m304[0m 1.777 ms - -[0m
2026-08-06 20:37:22 [INFO]: [0mGET /css/header.css [36m304[0m 0.585 ms - -[0m
2026-08-06 20:37:22 [INFO]: [0mGET /css/hero.css [36m304[0m 1.354 ms - -[0m
2026-08-06 20:37:22 [INFO]: [0mGET /css/featured.css [36m304[0m 1.097 ms - -[0m
2026-08-06 20:37:22 [INFO]: [0mGET /css/why-choose.css [36m304[0m 1.594 ms - -[0m
2026-08-06 20:37:22 [INFO]: [0mGET /css/footer.css [36m304[0m 1.732 ms - -[0m
2026-08-06 20:37:22 [INFO]: [0mGET /css/auth.css [36m304[0m 0.379 ms - -[0m
2026-08-06 20:37:22 [INFO]: [0mGET /css/verify.css [36m304[0m 0.450 ms - -[0m
2026-08-06 20:37:22 [INFO]: [0mGET /js/notification.js [36m304[0m 0.477 ms - -[0m
2026-08-06 20:37:22 [INFO]: [0mGET /js/footer.js [36m304[0m 0.972 ms - -[0m
2026-08-06 20:37:22 [INFO]: [0mGET /js/auth.js [36m304[0m 1.517 ms - -[0m
2026-08-06 20:37:22 [INFO]: [0mGET /images/hero/snake-plant.jpg [36m304[0m 1.207 ms - -[0m
2026-08-06 20:37:22 [INFO]: [0mGET /images/hero/peace-lily.jpg [36m304[0m 1.382 ms - -[0m
2026-08-06 20:37:22 [INFO]: [0mGET /images/hero/tulip-plant.jpg [36m304[0m 0.992 ms - -[0m
2026-08-06 20:37:22 [INFO]: [0mGET /images/hero/rubber-plant.jpg [36m304[0m 1.259 ms - -[0m
2026-08-06 20:37:22 [INFO]: [0mGET /images/hero/aloe-vera.jpg [36m304[0m 0.445 ms - -[0m
2026-08-06 20:37:22 [INFO]: [0mGET /images/hero/areca-palm.jpg [36m304[0m 0.246 ms - -[0m
2026-08-06 20:37:22 [INFO]: [0mGET /images/hero/jade-plant.jpg [36m304[0m 0.255 ms - -[0m
2026-08-06 20:37:22 [INFO]: [0mGET /images/hero/golden-pothos.jpg [36m304[0m 0.216 ms - -[0m
2026-08-06 20:37:22 [INFO]: [0mGET /images/hero/fiddle-leaf-fig.jpg [36m304[0m 0.313 ms - -[0m
2026-08-06 20:37:22 [INFO]: [0mGET /images/hero/why-choose.jpg [36m304[0m 0.238 ms - -[0m
2026-08-06 20:37:22 [INFO]: [0mGET /images/logo/plantora-orgn-white.png [36m304[0m 0.457 ms - -[0m
2026-08-06 20:37:38 [INFO]: [0mGET /notifications/latest [36m304[0m 188.577 ms - -[0m
2026-08-06 20:53:39 [INFO]: SIGINT received. Shutting down server...
2026-08-06 23:12:59 [INFO]: MongoDB connected successfully.
2026-08-06 23:13:03 [INFO]: Email server connected successfully.
2026-08-06 23:13:03 [INFO]: Server is running on port 5132.
