2026-08-01 00:49:02 [INFO]: MongoDB connected successfully.
2026-08-01 00:49:05 [INFO]: Email server connected successfully.
2026-08-01 00:49:05 [INFO]: Server is running on port 5132.
2026-08-01 00:49:25 [INFO]: MongoDB connected successfully.
2026-08-01 00:49:28 [INFO]: Email server connected successfully.
2026-08-01 00:49:28 [INFO]: Server is running on port 5132.
2026-08-01 01:02:30 [INFO]: MongoDB connected successfully.
2026-08-01 01:02:33 [INFO]: Email server connected successfully.
2026-08-01 01:02:33 [INFO]: Server is running on port 5132.
2026-08-01 01:30:39 [INFO]: [0mGET / [32m200[0m 54.615 ms - -[0m
2026-08-01 01:30:39 [INFO]: [0mGET /css/style.css [36m304[0m 0.861 ms - -[0m
2026-08-01 01:30:39 [INFO]: [0mGET /images/logo/plantora.png [36m304[0m 0.631 ms - -[0m
2026-08-01 01:30:39 [INFO]: [0mGET /images/hero/hero-placeholder.png [36m304[0m 1.458 ms - -[0m
2026-08-01 01:30:39 [INFO]: [0mGET /images/hero/monstera-plant.jpg [36m304[0m 1.446 ms - -[0m
2026-08-01 01:30:39 [INFO]: [0mGET /images/hero/snake-plant.jpg [36m304[0m 1.748 ms - -[0m
2026-08-01 01:30:39 [INFO]: [0mGET /images/hero/peace-lily.jpg [36m304[0m 2.081 ms - -[0m
2026-08-01 01:30:39 [INFO]: [0mGET /public/js/header.js [33m404[0m 4.902 ms - 83[0m
2026-08-01 01:30:39 [INFO]: [0mGET /js/featured.js [36m304[0m 3.344 ms - -[0m
2026-08-01 01:30:39 [INFO]: [0mGET /css/variables.css [36m304[0m 0.433 ms - -[0m
2026-08-01 01:30:39 [INFO]: [0mGET /css/utilities.css [36m304[0m 0.805 ms - -[0m
2026-08-01 01:30:39 [INFO]: [0mGET /css/animations.css [36m304[0m 1.164 ms - -[0m
2026-08-01 01:30:39 [INFO]: [0mGET /css/announcement.css [36m304[0m 1.496 ms - -[0m
2026-08-01 01:30:39 [INFO]: [0mGET /css/header.css [36m304[0m 2.401 ms - -[0m
2026-08-01 01:30:39 [INFO]: [0mGET /css/featured.css [36m304[0m 1.007 ms - -[0m
2026-08-01 01:30:39 [INFO]: [0mGET /css/why-choose.css [36m304[0m 1.480 ms - -[0m
2026-08-01 01:30:39 [INFO]: [0mGET /css/footer.css [36m304[0m 1.737 ms - -[0m
2026-08-01 01:30:39 [INFO]: [0mGET /css/auth.css [36m304[0m 2.009 ms - -[0m
2026-08-01 01:30:39 [INFO]: [0mGET /css/hero.css [36m304[0m 2.561 ms - -[0m
2026-08-01 01:30:39 [INFO]: [0mGET /css/verify.css [36m304[0m 0.896 ms - -[0m
2026-08-01 01:30:39 [INFO]: [0mGET /js/why-choose.js [36m304[0m 0.787 ms - -[0m
2026-08-01 01:30:39 [INFO]: [0mGET /js/notification.js [36m304[0m 0.612 ms - -[0m
2026-08-01 01:30:39 [INFO]: [0mGET /js/footer.js [36m304[0m 0.577 ms - -[0m
2026-08-01 01:30:39 [INFO]: [0mGET /js/auth.js [36m304[0m 0.789 ms - -[0m
2026-08-01 01:30:39 [INFO]: [0mGET /images/hero/tulip-plant.jpg [36m304[0m 1.056 ms - -[0m
2026-08-01 01:30:39 [INFO]: [0mGET /images/hero/rubber-plant.jpg [36m304[0m 0.367 ms - -[0m
2026-08-01 01:30:39 [INFO]: [0mGET /images/hero/aloe-vera.jpg [36m304[0m 0.627 ms - -[0m
2026-08-01 01:30:39 [INFO]: [0mGET /images/hero/areca-palm.jpg [36m304[0m 0.721 ms - -[0m
2026-08-01 01:30:39 [INFO]: [0mGET /images/hero/jade-plant.jpg [36m304[0m 0.194 ms - -[0m
2026-08-01 01:30:39 [INFO]: [0mGET /images/hero/golden-pothos.jpg [36m304[0m 0.223 ms - -[0m
2026-08-01 01:30:39 [INFO]: [0mGET /images/hero/fiddle-leaf-fig.jpg [36m304[0m 0.375 ms - -[0m
2026-08-01 01:30:39 [INFO]: [0mGET /images/hero/why-choose.jpg [36m304[0m 0.345 ms - -[0m
2026-08-01 01:30:39 [INFO]: [0mGET /images/logo/plantora-orgn-white.png [36m304[0m 0.350 ms - -[0m
2026-08-01 01:30:42 [ERROR]: Failed to create audit log: AuditLog validation failed: action: `Login` is not a valid enum value for path `action`.
2026-08-01 01:30:42 [INFO]: Login successful : customer_0002@yopmail.com
2026-08-01 01:30:42 [INFO]: [0mPOST /auth/login [32m200[0m 509.752 ms - 46[0m
2026-08-01 01:30:43 [INFO]: [0mGET / [32m200[0m 47.404 ms - -[0m
2026-08-01 01:30:43 [INFO]: [0mGET /css/style.css [36m304[0m 0.701 ms - -[0m
2026-08-01 01:30:43 [INFO]: [0mGET /images/logo/plantora.png [36m304[0m 0.914 ms - -[0m
2026-08-01 01:30:43 [INFO]: [0mGET /images/hero/hero-placeholder.png [36m304[0m 0.233 ms - -[0m
2026-08-01 01:30:43 [INFO]: [0mGET /images/hero/monstera-plant.jpg [36m304[0m 0.261 ms - -[0m
2026-08-01 01:30:43 [INFO]: [0mGET /js/featured.js [36m304[0m 0.295 ms - -[0m
2026-08-01 01:30:43 [INFO]: [0mGET /js/why-choose.js [36m304[0m 0.506 ms - -[0m
2026-08-01 01:30:43 [INFO]: [0mGET /css/variables.css [36m304[0m 0.286 ms - -[0m
2026-08-01 01:30:43 [INFO]: [0mGET /css/utilities.css [36m304[0m 0.382 ms - -[0m
2026-08-01 01:30:43 [INFO]: [0mGET /css/animations.css [36m304[0m 0.358 ms - -[0m
2026-08-01 01:30:43 [INFO]: [0mGET /css/announcement.css [36m304[0m 0.918 ms - -[0m
2026-08-01 01:30:43 [INFO]: [0mGET /css/header.css [36m304[0m 0.544 ms - -[0m
2026-08-01 01:30:43 [INFO]: [0mGET /css/hero.css [36m304[0m 0.699 ms - -[0m
2026-08-01 01:30:43 [INFO]: [0mGET /css/featured.css [36m304[0m 0.635 ms - -[0m
2026-08-01 01:30:43 [INFO]: [0mGET /css/why-choose.css [36m304[0m 0.653 ms - -[0m
2026-08-01 01:30:43 [INFO]: [0mGET /css/footer.css [36m304[0m 0.641 ms - -[0m
2026-08-01 01:30:43 [INFO]: [0mGET /css/auth.css [36m304[0m 0.199 ms - -[0m
2026-08-01 01:30:43 [INFO]: [0mGET /css/verify.css [36m304[0m 0.331 ms - -[0m
2026-08-01 01:30:43 [INFO]: [0mGET /js/notification.js [36m304[0m 0.515 ms - -[0m
2026-08-01 01:30:43 [INFO]: [0mGET /js/footer.js [36m304[0m 0.340 ms - -[0m
2026-08-01 01:30:43 [INFO]: [0mGET /js/auth.js [36m304[0m 0.959 ms - -[0m
2026-08-01 01:30:43 [INFO]: [0mGET /images/hero/snake-plant.jpg [36m304[0m 0.838 ms - -[0m
2026-08-01 01:30:43 [INFO]: [0mGET /images/hero/peace-lily.jpg [36m304[0m 0.684 ms - -[0m
2026-08-01 01:30:43 [INFO]: [0mGET /images/hero/tulip-plant.jpg [36m304[0m 0.823 ms - -[0m
2026-08-01 01:30:43 [INFO]: [0mGET /images/hero/rubber-plant.jpg [36m304[0m 0.216 ms - -[0m
2026-08-01 01:30:43 [INFO]: [0mGET /images/hero/aloe-vera.jpg [36m304[0m 0.297 ms - -[0m
2026-08-01 01:30:43 [INFO]: [0mGET /images/hero/areca-palm.jpg [36m304[0m 0.458 ms - -[0m
2026-08-01 01:30:43 [INFO]: [0mGET /images/hero/jade-plant.jpg [36m304[0m 0.440 ms - -[0m
2026-08-01 01:30:43 [INFO]: [0mGET /images/hero/golden-pothos.jpg [36m304[0m 0.150 ms - -[0m
2026-08-01 01:30:43 [INFO]: [0mGET /images/hero/fiddle-leaf-fig.jpg [36m304[0m 0.286 ms - -[0m
2026-08-01 01:30:43 [INFO]: [0mGET /images/hero/why-choose.jpg [36m304[0m 0.632 ms - -[0m
2026-08-01 01:30:43 [INFO]: [0mGET /images/logo/plantora-orgn-white.png [36m304[0m 0.195 ms - -[0m
2026-08-01 01:30:43 [INFO]: [0mGET /%7B%20%20publicId:%20'/public/default/profile.png',%20%20url:%20'https://res.cloudinary.com/desmwasfe/image/upload/v1781973939/default-avatar_d6ofmr.png'%7D [33m404[0m 57.755 ms - 236[0m
2026-08-01 01:30:43 [INFO]: [0mGET /public/js/header.js [33m404[0m 52.752 ms - 83[0m
2026-08-01 01:30:45 [INFO]: [0mGET /auth/profile [36m304[0m 115.251 ms - -[0m
2026-08-01 01:30:45 [INFO]: [0mGET /css/style.css [36m304[0m 0.472 ms - -[0m
2026-08-01 01:30:45 [INFO]: [0mGET /css/profile.css [36m304[0m 0.631 ms - -[0m
2026-08-01 01:30:45 [INFO]: [0mGET /images/logo/plantora.png [36m304[0m 0.289 ms - -[0m
2026-08-01 01:30:45 [INFO]: [0mGET /js/profile.js [36m304[0m 0.998 ms - -[0m
2026-08-01 01:30:45 [INFO]: [0mGET /images/logo/plantora-orgn-white.png [36m304[0m 1.454 ms - -[0m
2026-08-01 01:30:45 [INFO]: [0mGET /js/featured.js [36m304[0m 2.652 ms - -[0m
2026-08-01 01:30:45 [INFO]: [0mGET /js/why-choose.js [36m304[0m 2.933 ms - -[0m
2026-08-01 01:30:45 [INFO]: [0mGET /css/variables.css [36m304[0m 0.631 ms - -[0m
2026-08-01 01:30:45 [INFO]: [0mGET /css/utilities.css [36m304[0m 0.840 ms - -[0m
2026-08-01 01:30:45 [INFO]: [0mGET /css/animations.css [36m304[0m 1.039 ms - -[0m
2026-08-01 01:30:45 [INFO]: [0mGET /css/announcement.css [36m304[0m 0.360 ms - -[0m
2026-08-01 01:30:45 [INFO]: [0mGET /css/header.css [36m304[0m 0.823 ms - -[0m
2026-08-01 01:30:45 [INFO]: [0mGET /css/hero.css [36m304[0m 1.324 ms - -[0m
2026-08-01 01:30:45 [INFO]: [0mGET /css/featured.css [36m304[0m 1.533 ms - -[0m
2026-08-01 01:30:45 [INFO]: [0mGET /css/why-choose.css [36m304[0m 0.592 ms - -[0m
2026-08-01 01:30:45 [INFO]: [0mGET /css/footer.css [36m304[0m 0.763 ms - -[0m
2026-08-01 01:30:45 [INFO]: [0mGET /css/auth.css [36m304[0m 1.509 ms - -[0m
2026-08-01 01:30:45 [INFO]: [0mGET /css/verify.css [36m304[0m 0.928 ms - -[0m
2026-08-01 01:30:45 [INFO]: [0mGET /js/notification.js [36m304[0m 0.460 ms - -[0m
2026-08-01 01:30:45 [INFO]: [0mGET /js/footer.js [36m304[0m 0.799 ms - -[0m
2026-08-01 01:30:45 [INFO]: [0mGET /js/auth.js [36m304[0m 0.407 ms - -[0m
2026-08-01 01:30:45 [INFO]: [0mGET /auth/%7B%20%20publicId:%20'/public/default/profile.png',%20%20url:%20'https://res.cloudinary.com/desmwasfe/image/upload/v1781973939/default-avatar_d6ofmr.png'%7D [33m404[0m 39.324 ms - 241[0m
2026-08-01 01:30:46 [INFO]: [0mGET /auth/public/js/header.js [33m404[0m 41.270 ms - 88[0m
2026-08-01 01:52:05 [INFO]: [0mGET /auth/profile [36m304[0m 85.135 ms - -[0m
2026-08-01 01:52:05 [INFO]: [0mGET /css/style.css [36m304[0m 0.543 ms - -[0m
2026-08-01 01:52:05 [INFO]: [0mGET /css/profile.css [36m304[0m 0.572 ms - -[0m
2026-08-01 01:52:05 [INFO]: [0mGET /images/logo/plantora.png [36m304[0m 0.682 ms - -[0m
2026-08-01 01:52:05 [INFO]: [0mGET /js/profile.js [36m304[0m 0.948 ms - -[0m
2026-08-01 01:52:05 [INFO]: [0mGET /images/logo/plantora-orgn-white.png [36m304[0m 0.726 ms - -[0m
2026-08-01 01:52:05 [INFO]: [0mGET /js/featured.js [36m304[0m 0.795 ms - -[0m
2026-08-01 01:52:05 [INFO]: [0mGET /js/why-choose.js [36m304[0m 1.048 ms - -[0m
2026-08-01 01:52:05 [INFO]: [0mGET /css/variables.css [36m304[0m 0.324 ms - -[0m
2026-08-01 01:52:05 [INFO]: [0mGET /js/notification.js [36m304[0m 0.753 ms - -[0m
2026-08-01 01:52:05 [INFO]: [0mGET /css/utilities.css [36m304[0m 0.498 ms - -[0m
2026-08-01 01:52:05 [INFO]: [0mGET /css/animations.css [36m304[0m 0.560 ms - -[0m
2026-08-01 01:52:05 [INFO]: [0mGET /css/announcement.css [36m304[0m 0.124 ms - -[0m
2026-08-01 01:52:05 [INFO]: [0mGET /css/header.css [36m304[0m 0.406 ms - -[0m
2026-08-01 01:52:05 [INFO]: [0mGET /css/hero.css [36m304[0m 0.583 ms - -[0m
2026-08-01 01:52:05 [INFO]: [0mGET /css/featured.css [36m304[0m 0.761 ms - -[0m
2026-08-01 01:52:05 [INFO]: [0mGET /css/why-choose.css [36m304[0m 0.305 ms - -[0m
2026-08-01 01:52:05 [INFO]: [0mGET /css/footer.css [36m304[0m 0.225 ms - -[0m
2026-08-01 01:52:05 [INFO]: [0mGET /css/auth.css [36m304[0m 0.325 ms - -[0m
2026-08-01 01:52:05 [INFO]: [0mGET /css/verify.css [36m304[0m 0.445 ms - -[0m
2026-08-01 01:52:05 [INFO]: [0mGET /js/footer.js [36m304[0m 0.200 ms - -[0m
2026-08-01 01:52:05 [INFO]: [0mGET /js/auth.js [36m304[0m 0.109 ms - -[0m
2026-08-01 01:52:05 [INFO]: [0mGET /auth/%7B%20%20publicId:%20'/public/default/profile.png',%20%20url:%20'https://res.cloudinary.com/desmwasfe/image/upload/v1781973939/default-avatar_d6ofmr.png'%7D [33m404[0m 38.864 ms - 241[0m
2026-08-01 01:52:06 [INFO]: [0mGET /auth/public/js/header.js [33m404[0m 45.147 ms - 88[0m
2026-08-01 01:52:32 [INFO]: [0mGET /css/style.css [36m304[0m 2.796 ms - -[0m
2026-08-01 01:52:32 [INFO]: [0mGET /css/variables.css [36m304[0m 2.343 ms - -[0m
2026-08-01 01:52:32 [INFO]: [0mGET /css/utilities.css [36m304[0m 2.627 ms - -[0m
2026-08-01 01:52:32 [INFO]: [0mGET /css/animations.css [36m304[0m 2.939 ms - -[0m
2026-08-01 01:52:32 [INFO]: [0mGET /css/announcement.css [36m304[0m 3.396 ms - -[0m
2026-08-01 01:52:32 [INFO]: [0mGET /css/header.css [36m304[0m 3.571 ms - -[0m
2026-08-01 01:52:32 [INFO]: [0mGET /css/hero.css [36m304[0m 0.198 ms - -[0m
2026-08-01 01:52:32 [INFO]: [0mGET /css/featured.css [36m304[0m 0.808 ms - -[0m
2026-08-01 01:52:32 [INFO]: [0mGET /css/why-choose.css [36m304[0m 0.978 ms - -[0m
2026-08-01 01:52:32 [INFO]: [0mGET /css/footer.css [36m304[0m 1.124 ms - -[0m
2026-08-01 01:52:32 [INFO]: [0mGET /css/auth.css [36m304[0m 1.388 ms - -[0m
2026-08-01 01:52:32 [INFO]: [0mGET /css/verify.css [36m304[0m 1.817 ms - -[0m
2026-08-01 01:52:32 [INFO]: [0mGET /css/profile.css [36m304[0m 2.428 ms - -[0m
2026-08-01 01:52:32 [INFO]: [0mGET /.well-known/appspecific/com.chrome.devtools.json [33m404[0m 38.828 ms - 112[0m
2026-08-01 01:56:18 [INFO]: [0mGET /auth/profile [36m304[0m 92.417 ms - -[0m
2026-08-01 01:56:18 [INFO]: [0mGET /css/style.css [36m304[0m 0.610 ms - -[0m
2026-08-01 01:56:18 [INFO]: [0mGET /images/logo/plantora.png [36m304[0m 0.324 ms - -[0m
2026-08-01 01:56:18 [INFO]: [0mGET /css/profile.css [32m200[0m 2.337 ms - -[0m
2026-08-01 01:56:18 [INFO]: [0mGET /auth/%7B%20%20publicId:%20'/public/default/profile.png',%20%20url:%20'https://res.cloudinary.com/desmwasfe/image/upload/v1781973939/default-avatar_d6ofmr.png'%7D [33m404[0m 37.231 ms - 241[0m
2026-08-01 01:56:18 [INFO]: [0mGET /js/profile.js [36m304[0m 0.570 ms - -[0m
2026-08-01 01:56:18 [INFO]: [0mGET /images/logo/plantora-orgn-white.png [36m304[0m 1.056 ms - -[0m
2026-08-01 01:56:18 [INFO]: [0mGET /js/featured.js [36m304[0m 0.842 ms - -[0m
2026-08-01 01:56:18 [INFO]: [0mGET /js/why-choose.js [36m304[0m 0.278 ms - -[0m
2026-08-01 01:56:18 [INFO]: [0mGET /js/notification.js [36m304[0m 0.417 ms - -[0m
2026-08-01 01:56:18 [INFO]: [0mGET /js/footer.js [36m304[0m 0.256 ms - -[0m
2026-08-01 01:56:18 [INFO]: [0mGET /css/variables.css [36m304[0m 0.283 ms - -[0m
2026-08-01 01:56:18 [INFO]: [0mGET /css/utilities.css [36m304[0m 0.724 ms - -[0m
2026-08-01 01:56:18 [INFO]: [0mGET /css/animations.css [36m304[0m 0.499 ms - -[0m
2026-08-01 01:56:18 [INFO]: [0mGET /css/announcement.css [36m304[0m 0.714 ms - -[0m
2026-08-01 01:56:18 [INFO]: [0mGET /css/header.css [36m304[0m 1.818 ms - -[0m
2026-08-01 01:56:18 [INFO]: [0mGET /css/hero.css [36m304[0m 1.265 ms - -[0m
2026-08-01 01:56:18 [INFO]: [0mGET /css/featured.css [36m304[0m 0.517 ms - -[0m
2026-08-01 01:56:18 [INFO]: [0mGET /css/why-choose.css [36m304[0m 0.646 ms - -[0m
2026-08-01 01:56:18 [INFO]: [0mGET /css/footer.css [36m304[0m 0.426 ms - -[0m
2026-08-01 01:56:18 [INFO]: [0mGET /css/auth.css [36m304[0m 0.572 ms - -[0m
2026-08-01 01:56:18 [INFO]: [0mGET /css/verify.css [36m304[0m 0.207 ms - -[0m
2026-08-01 01:56:18 [INFO]: [0mGET /.well-known/appspecific/com.chrome.devtools.json [33m404[0m 41.572 ms - 112[0m
2026-08-01 01:56:18 [INFO]: [0mGET /js/auth.js [36m304[0m 0.463 ms - -[0m
2026-08-01 01:56:18 [INFO]: [0mGET /auth/public/js/header.js [33m404[0m 39.462 ms - 88[0m
2026-08-01 01:56:18 [INFO]: [0mGET /auth/%7B%20%20publicId:%20'/public/default/profile.png',%20%20url:%20'https://res.cloudinary.com/desmwasfe/image/upload/v1781973939/default-avatar_d6ofmr.png'%7D [33m404[0m 39.944 ms - 241[0m
2026-08-01 01:56:24 [INFO]: Notification sent successfully. Recipient: 6a6bd604b8ef49ebecf645e3, Type: seller
2026-08-01 01:56:28 [ERROR]: Failed to send email to 'plantora-admin@yopmail.com'. Subject: 'New Seller Request - Plantora'. Data command failed: 550-5.4.5 Daily user sending limit exceeded. For more information on Gmail
550-5.4.5 sending limits go to
550 5.4.5  https://support.google.com/a/answer/166852 5a478bee46e88-3153dd4f197sm9157760eec.6 - gsmtp
2026-08-01 01:56:28 [ERROR]: Error: Data command failed: 550-5.4.5 Daily user sending limit exceeded. For more information on Gmail
550-5.4.5 sending limits go to
550 5.4.5  https://support.google.com/a/answer/166852 5a478bee46e88-3153dd4f197sm9157760eec.6 - gsmtp
    at SMTPConnection._formatError (E:\Webskitters_Academy\NODE JS\final_project_node\plantora_final_project_node_ejs\node_modules\nodemailer\lib\smtp-connection\index.js:938:19)
    at SMTPConnection._actionDATA (E:\Webskitters_Academy\NODE JS\final_project_node\plantora_final_project_node_ejs\node_modules\nodemailer\lib\smtp-connection\index.js:1886:34)
    at SMTPConnection.<anonymous> (E:\Webskitters_Academy\NODE JS\final_project_node\plantora_final_project_node_ejs\node_modules\nodemailer\lib\smtp-connection\index.js:1858:26)
    at SMTPConnection._processResponse (E:\Webskitters_Academy\NODE JS\final_project_node\plantora_final_project_node_ejs\node_modules\nodemailer\lib\smtp-connection\index.js:1150:20)
    at SMTPConnection._onData (E:\Webskitters_Academy\NODE JS\final_project_node\plantora_final_project_node_ejs\node_modules\nodemailer\lib\smtp-connection\index.js:898:14)
    at SMTPConnection._onSocketData (E:\Webskitters_Academy\NODE JS\final_project_node\plantora_final_project_node_ejs\node_modules\nodemailer\lib\smtp-connection\index.js:224:44)
    at TLSSocket.emit (node:events:508:28)
    at addChunk (node:internal/streams/readable:559:12)
    at readableAddChunkPushByteMode (node:internal/streams/readable:510:3)
    at Readable.push (node:internal/streams/readable:390:5)
2026-08-01 01:56:28 [INFO]: [0mPOST /auth/become-seller [31m500[0m 4629.690 ms - 280[0m
2026-08-01 02:40:58 [INFO]: SIGINT received. Shutting down server...
2026-08-01 02:41:03 [INFO]: MongoDB connected successfully.
2026-08-01 02:41:06 [INFO]: Email server connected successfully.
2026-08-01 02:41:06 [INFO]: Server is running on port 5132.
2026-08-01 02:41:07 [INFO]: [0mGET /auth/profile [32m200[0m 120.644 ms - -[0m
2026-08-01 02:41:07 [INFO]: [0mGET /css/style.css [36m304[0m 1.355 ms - -[0m
2026-08-01 02:41:07 [INFO]: [0mGET /css/profile.css [36m304[0m 3.875 ms - -[0m
2026-08-01 02:41:07 [INFO]: [0mGET /images/logo/plantora.png [36m304[0m 1.775 ms - -[0m
2026-08-01 02:41:07 [INFO]: [0mGET /js/profile.js [36m304[0m 2.737 ms - -[0m
2026-08-01 02:41:07 [INFO]: [0mGET /images/logo/plantora-orgn-white.png [36m304[0m 2.922 ms - -[0m
2026-08-01 02:41:07 [INFO]: [0mGET /js/why-choose.js [36m304[0m 0.821 ms - -[0m
2026-08-01 02:41:07 [INFO]: [0mGET /css/variables.css [36m304[0m 0.956 ms - -[0m
2026-08-01 02:41:07 [INFO]: [0mGET /js/featured.js [36m304[0m 1.164 ms - -[0m
2026-08-01 02:41:07 [INFO]: [0mGET /css/utilities.css [36m304[0m 1.601 ms - -[0m
2026-08-01 02:41:07 [INFO]: [0mGET /css/animations.css [36m304[0m 0.634 ms - -[0m
2026-08-01 02:41:07 [INFO]: [0mGET /css/announcement.css [36m304[0m 0.858 ms - -[0m
2026-08-01 02:41:07 [INFO]: [0mGET /css/header.css [36m304[0m 1.033 ms - -[0m
2026-08-01 02:41:07 [INFO]: [0mGET /css/hero.css [36m304[0m 0.288 ms - -[0m
2026-08-01 02:41:07 [INFO]: [0mGET /css/featured.css [36m304[0m 0.630 ms - -[0m
2026-08-01 02:41:07 [INFO]: [0mGET /css/why-choose.css [36m304[0m 0.790 ms - -[0m
2026-08-01 02:41:07 [INFO]: [0mGET /css/footer.css [36m304[0m 0.991 ms - -[0m
2026-08-01 02:41:07 [INFO]: [0mGET /css/auth.css [36m304[0m 0.563 ms - -[0m
2026-08-01 02:41:07 [INFO]: [0mGET /css/verify.css [36m304[0m 0.798 ms - -[0m
2026-08-01 02:41:07 [INFO]: [0mGET /js/notification.js [36m304[0m 1.599 ms - -[0m
2026-08-01 02:41:07 [INFO]: [0mGET /js/footer.js [36m304[0m 0.874 ms - -[0m
2026-08-01 02:41:07 [INFO]: [0mGET /js/auth.js [36m304[0m 0.632 ms - -[0m
2026-08-01 02:41:07 [INFO]: [0mGET /auth/%7B%20%20publicId:%20'/public/default/profile.png',%20%20url:%20'https://res.cloudinary.com/desmwasfe/image/upload/v1781973939/default-avatar_d6ofmr.png'%7D [33m404[0m 41.686 ms - 241[0m
2026-08-01 02:41:08 [INFO]: [0mGET /auth/public/js/header.js [33m404[0m 46.849 ms - 88[0m
2026-08-01 02:42:17 [INFO]: [0mGET /auth/profile [33m401[0m 75.688 ms - 53[0m
2026-08-01 02:42:18 [INFO]: [0mGET /auth/profile [33m401[0m 82.901 ms - 53[0m
2026-08-01 02:42:24 [INFO]: [0mGET /auth/profile [33m401[0m 75.679 ms - 53[0m
2026-08-01 02:42:28 [INFO]: [0mPOST /auth/logout [33m401[0m 87.729 ms - 53[0m
2026-08-01 02:42:33 [INFO]: [0mGET / [32m200[0m 48.610 ms - -[0m
2026-08-01 02:42:33 [INFO]: [0mGET /css/style.css [36m304[0m 0.982 ms - -[0m
2026-08-01 02:42:33 [INFO]: [0mGET /images/logo/plantora.png [36m304[0m 1.305 ms - -[0m
2026-08-01 02:42:33 [INFO]: [0mGET /images/hero/hero-placeholder.png [36m304[0m 0.881 ms - -[0m
2026-08-01 02:42:33 [INFO]: [0mGET /css/variables.css [36m304[0m 0.306 ms - -[0m
2026-08-01 02:42:33 [INFO]: [0mGET /css/utilities.css [36m304[0m 0.219 ms - -[0m
2026-08-01 02:42:33 [INFO]: [0mGET /css/animations.css [36m304[0m 0.246 ms - -[0m
2026-08-01 02:42:33 [INFO]: [0mGET /css/announcement.css [36m304[0m 0.191 ms - -[0m
2026-08-01 02:42:33 [INFO]: [0mGET /css/header.css [36m304[0m 0.249 ms - -[0m
2026-08-01 02:42:33 [INFO]: [0mGET /css/hero.css [36m304[0m 0.300 ms - -[0m
2026-08-01 02:42:33 [INFO]: [0mGET /css/featured.css [36m304[0m 0.173 ms - -[0m
2026-08-01 02:42:33 [INFO]: [0mGET /css/why-choose.css [36m304[0m 0.221 ms - -[0m
2026-08-01 02:42:33 [INFO]: [0mGET /css/footer.css [36m304[0m 0.137 ms - -[0m
2026-08-01 02:42:33 [INFO]: [0mGET /css/auth.css [36m304[0m 0.205 ms - -[0m
2026-08-01 02:42:33 [INFO]: [0mGET /css/verify.css [36m304[0m 0.412 ms - -[0m
2026-08-01 02:42:33 [INFO]: [0mGET /images/hero/monstera-plant.jpg [36m304[0m 0.622 ms - -[0m
2026-08-01 02:42:33 [INFO]: [0mGET /images/hero/snake-plant.jpg [36m304[0m 0.176 ms - -[0m
2026-08-01 02:42:33 [INFO]: [0mGET /images/hero/peace-lily.jpg [36m304[0m 0.285 ms - -[0m
2026-08-01 02:42:33 [INFO]: [0mGET /js/featured.js [36m304[0m 0.499 ms - -[0m
2026-08-01 02:42:33 [INFO]: [0mGET /js/why-choose.js [36m304[0m 1.124 ms - -[0m
2026-08-01 02:42:33 [INFO]: [0mGET /js/notification.js [36m304[0m 0.249 ms - -[0m
2026-08-01 02:42:33 [INFO]: [0mGET /js/footer.js [36m304[0m 0.522 ms - -[0m
2026-08-01 02:42:33 [INFO]: [0mGET /js/auth.js [36m304[0m 0.451 ms - -[0m
2026-08-01 02:42:33 [INFO]: [0mGET /images/hero/tulip-plant.jpg [36m304[0m 0.223 ms - -[0m
2026-08-01 02:42:33 [INFO]: [0mGET /images/hero/rubber-plant.jpg [36m304[0m 0.172 ms - -[0m
2026-08-01 02:42:33 [INFO]: [0mGET /images/hero/aloe-vera.jpg [36m304[0m 0.218 ms - -[0m
2026-08-01 02:42:33 [INFO]: [0mGET /images/hero/areca-palm.jpg [36m304[0m 0.395 ms - -[0m
2026-08-01 02:42:33 [INFO]: [0mGET /images/hero/jade-plant.jpg [36m304[0m 0.213 ms - -[0m
2026-08-01 02:42:33 [INFO]: [0mGET /images/hero/golden-pothos.jpg [36m304[0m 0.379 ms - -[0m
2026-08-01 02:42:33 [INFO]: [0mGET /images/hero/fiddle-leaf-fig.jpg [36m304[0m 0.531 ms - -[0m
2026-08-01 02:42:33 [INFO]: [0mGET /images/hero/why-choose.jpg [36m304[0m 0.287 ms - -[0m
2026-08-01 02:42:33 [INFO]: [0mGET /images/logo/plantora-orgn-white.png [36m304[0m 0.200 ms - -[0m
2026-08-01 02:42:33 [INFO]: [0mGET /public/js/header.js [33m404[0m 37.290 ms - 83[0m
2026-08-01 02:43:24 [INFO]: Email sent successfully to 'customer_0002@yopmail.com'. Subject: 'Verify Your Plantora Account'.
2026-08-01 02:43:24 [ERROR]: Failed to create audit log: AuditLog validation failed: action: `Register` is not a valid enum value for path `action`.
2026-08-01 02:43:24 [INFO]: Customer registered successfully : customer_0002@yopmail.com
2026-08-01 02:43:24 [INFO]: [0mPOST /auth/register [32m201[0m 5613.148 ms - 97[0m
2026-08-01 02:43:35 [ERROR]: Failed to create audit log: AuditLog validation failed: action: `Verify Email` is not a valid enum value for path `action`.
2026-08-01 02:43:35 [INFO]: Email verified successfully : customer_0002@yopmail.com
2026-08-01 02:43:35 [INFO]: [0mGET /auth/verify-email/9e0ed0a94d0d5c00b9262cde6e61ca0943ae37865948004295fdb22fd9befb3e [32m200[0m 164.202 ms - -[0m
2026-08-01 02:43:35 [INFO]: [0mGET /auth/verify-email/public/js/header.js [33m404[0m 0.918 ms - 101[0m
2026-08-01 02:43:35 [INFO]: [0mGET /js/featured.js [36m304[0m 0.404 ms - -[0m
2026-08-01 02:43:35 [INFO]: [0mGET /js/notification.js [36m304[0m 0.692 ms - -[0m
2026-08-01 02:43:35 [INFO]: [0mGET /js/footer.js [36m304[0m 1.518 ms - -[0m
2026-08-01 02:43:35 [INFO]: [0mGET /js/verify.js [32m200[0m 2.163 ms - -[0m
2026-08-01 02:43:35 [INFO]: [0mGET /css/style.css [32m200[0m 4.116 ms - 435[0m
2026-08-01 02:43:35 [INFO]: [0mGET /js/why-choose.js [36m304[0m 0.729 ms - -[0m
2026-08-01 02:43:35 [INFO]: [0mGET /js/auth.js [32m200[0m 3.953 ms - -[0m
2026-08-01 02:43:35 [INFO]: [0mGET /css/utilities.css [36m304[0m 0.163 ms - -[0m
2026-08-01 02:43:35 [INFO]: [0mGET /css/animations.css [36m304[0m 0.543 ms - -[0m
2026-08-01 02:43:35 [INFO]: [0mGET /css/announcement.css [36m304[0m 0.690 ms - -[0m
2026-08-01 02:43:35 [INFO]: [0mGET /css/header.css [36m304[0m 1.479 ms - -[0m
2026-08-01 02:43:35 [INFO]: [0mGET /css/hero.css [36m304[0m 1.660 ms - -[0m
2026-08-01 02:43:35 [INFO]: [0mGET /css/featured.css [36m304[0m 1.247 ms - -[0m
2026-08-01 02:43:35 [INFO]: [0mGET /css/why-choose.css [36m304[0m 1.453 ms - -[0m
2026-08-01 02:43:35 [INFO]: [0mGET /css/variables.css [36m304[0m 0.457 ms - -[0m
2026-08-01 02:43:35 [INFO]: [0mGET /css/footer.css [36m304[0m 0.748 ms - -[0m
2026-08-01 02:43:35 [INFO]: [0mGET /css/auth.css [32m200[0m 1.761 ms - -[0m
2026-08-01 02:43:35 [INFO]: [0mGET /css/verify.css [32m200[0m 1.997 ms - -[0m
2026-08-01 02:43:35 [INFO]: [0mGET /favicon.ico [33m404[0m 1.519 ms - 75[0m
2026-08-01 02:43:40 [INFO]: [0mGET /?openLogin=true [32m200[0m 7.915 ms - -[0m
2026-08-01 02:43:40 [INFO]: [0mGET /css/style.css [36m304[0m 0.335 ms - -[0m
2026-08-01 02:43:40 [INFO]: [0mGET /images/logo/plantora.png [36m304[0m 0.631 ms - -[0m
2026-08-01 02:43:40 [INFO]: [0mGET /images/hero/hero-placeholder.png [36m304[0m 0.818 ms - -[0m
2026-08-01 02:43:40 [INFO]: [0mGET /public/js/header.js [33m404[0m 1.010 ms - 83[0m
2026-08-01 02:43:40 [INFO]: [0mGET /images/hero/peace-lily.jpg [36m304[0m 1.276 ms - -[0m
2026-08-01 02:43:40 [INFO]: [0mGET /images/hero/monstera-plant.jpg [36m304[0m 1.754 ms - -[0m
2026-08-01 02:43:40 [INFO]: [0mGET /images/hero/snake-plant.jpg [36m304[0m 1.933 ms - -[0m
2026-08-01 02:43:40 [INFO]: [0mGET /js/featured.js [36m304[0m 0.835 ms - -[0m
2026-08-01 02:43:40 [INFO]: [0mGET /css/variables.css [36m304[0m 0.895 ms - -[0m
2026-08-01 02:43:40 [INFO]: [0mGET /css/utilities.css [36m304[0m 0.962 ms - -[0m
2026-08-01 02:43:40 [INFO]: [0mGET /css/animations.css [36m304[0m 1.305 ms - -[0m
2026-08-01 02:43:40 [INFO]: [0mGET /css/announcement.css [36m304[0m 2.249 ms - -[0m
2026-08-01 02:43:40 [INFO]: [0mGET /css/header.css [36m304[0m 0.405 ms - -[0m
2026-08-01 02:43:40 [INFO]: [0mGET /css/hero.css [36m304[0m 1.096 ms - -[0m
2026-08-01 02:43:40 [INFO]: [0mGET /css/featured.css [36m304[0m 1.124 ms - -[0m
2026-08-01 02:43:40 [INFO]: [0mGET /css/why-choose.css [36m304[0m 1.061 ms - -[0m
2026-08-01 02:43:40 [INFO]: [0mGET /css/footer.css [36m304[0m 1.078 ms - -[0m
2026-08-01 02:43:40 [INFO]: [0mGET /css/auth.css [36m304[0m 1.712 ms - -[0m
2026-08-01 02:43:40 [INFO]: [0mGET /css/verify.css [36m304[0m 0.498 ms - -[0m
2026-08-01 02:43:40 [INFO]: [0mGET /js/why-choose.js [36m304[0m 0.148 ms - -[0m
2026-08-01 02:43:40 [INFO]: [0mGET /js/notification.js [36m304[0m 0.132 ms - -[0m
2026-08-01 02:43:40 [INFO]: [0mGET /js/footer.js [36m304[0m 0.192 ms - -[0m
2026-08-01 02:43:40 [INFO]: [0mGET /js/auth.js [36m304[0m 0.386 ms - -[0m
2026-08-01 02:43:40 [INFO]: [0mGET /images/hero/tulip-plant.jpg [36m304[0m 0.401 ms - -[0m
2026-08-01 02:43:40 [INFO]: [0mGET /images/hero/aloe-vera.jpg [36m304[0m 0.560 ms - -[0m
2026-08-01 02:43:40 [INFO]: [0mGET /images/hero/rubber-plant.jpg [36m304[0m 0.694 ms - -[0m
2026-08-01 02:43:40 [INFO]: [0mGET /images/hero/areca-palm.jpg [36m304[0m 0.201 ms - -[0m
2026-08-01 02:43:40 [INFO]: [0mGET /images/hero/jade-plant.jpg [36m304[0m 0.157 ms - -[0m
2026-08-01 02:43:40 [INFO]: [0mGET /images/hero/golden-pothos.jpg [36m304[0m 0.267 ms - -[0m
2026-08-01 02:43:40 [INFO]: [0mGET /images/hero/fiddle-leaf-fig.jpg [36m304[0m 0.166 ms - -[0m
2026-08-01 02:43:40 [INFO]: [0mGET /images/hero/why-choose.jpg [36m304[0m 0.258 ms - -[0m
2026-08-01 02:43:41 [INFO]: [0mGET /images/logo/plantora-orgn-white.png [36m304[0m 0.287 ms - -[0m
2026-08-01 02:43:47 [INFO]: [0mGET / [36m304[0m 47.791 ms - -[0m
2026-08-01 02:43:47 [INFO]: [0mGET /css/style.css [36m304[0m 0.202 ms - -[0m
2026-08-01 02:43:47 [INFO]: [0mGET /images/logo/plantora.png [36m304[0m 0.231 ms - -[0m
2026-08-01 02:43:47 [INFO]: [0mGET /images/hero/hero-placeholder.png [36m304[0m 0.326 ms - -[0m
2026-08-01 02:43:47 [INFO]: [0mGET /images/hero/monstera-plant.jpg [36m304[0m 1.022 ms - -[0m
2026-08-01 02:43:47 [INFO]: [0mGET /images/hero/snake-plant.jpg [36m304[0m 0.832 ms - -[0m
2026-08-01 02:43:47 [INFO]: [0mGET /images/hero/peace-lily.jpg [36m304[0m 1.356 ms - -[0m
2026-08-01 02:43:47 [INFO]: [0mGET /css/variables.css [36m304[0m 1.611 ms - -[0m
2026-08-01 02:43:47 [INFO]: [0mGET /js/featured.js [36m304[0m 1.773 ms - -[0m
2026-08-01 02:43:47 [INFO]: [0mGET /css/utilities.css [36m304[0m 0.402 ms - -[0m
2026-08-01 02:43:47 [INFO]: [0mGET /css/animations.css [36m304[0m 0.632 ms - -[0m
2026-08-01 02:43:47 [INFO]: [0mGET /css/announcement.css [36m304[0m 0.507 ms - -[0m
2026-08-01 02:43:47 [INFO]: [0mGET /css/header.css [36m304[0m 0.652 ms - -[0m
2026-08-01 02:43:47 [INFO]: [0mGET /css/hero.css [36m304[0m 1.187 ms - -[0m
2026-08-01 02:43:47 [INFO]: [0mGET /css/featured.css [36m304[0m 0.662 ms - -[0m
2026-08-01 02:43:47 [INFO]: [0mGET /css/why-choose.css [36m304[0m 0.818 ms - -[0m
2026-08-01 02:43:47 [INFO]: [0mGET /css/footer.css [36m304[0m 0.856 ms - -[0m
2026-08-01 02:43:47 [INFO]: [0mGET /css/auth.css [36m304[0m 0.588 ms - -[0m
2026-08-01 02:43:47 [INFO]: [0mGET /css/verify.css [36m304[0m 0.341 ms - -[0m
2026-08-01 02:43:47 [INFO]: [0mGET /js/why-choose.js [36m304[0m 0.483 ms - -[0m
2026-08-01 02:43:47 [INFO]: [0mGET /js/notification.js [36m304[0m 0.179 ms - -[0m
2026-08-01 02:43:47 [INFO]: [0mGET /js/footer.js [36m304[0m 0.209 ms - -[0m
2026-08-01 02:43:47 [INFO]: [0mGET /js/auth.js [36m304[0m 0.237 ms - -[0m
2026-08-01 02:43:47 [INFO]: [0mGET /images/hero/tulip-plant.jpg [36m304[0m 0.272 ms - -[0m
2026-08-01 02:43:47 [INFO]: [0mGET /images/hero/rubber-plant.jpg [36m304[0m 0.457 ms - -[0m
2026-08-01 02:43:47 [INFO]: [0mGET /images/hero/aloe-vera.jpg [36m304[0m 0.744 ms - -[0m
2026-08-01 02:43:47 [INFO]: [0mGET /images/hero/areca-palm.jpg [36m304[0m 0.326 ms - -[0m
2026-08-01 02:43:47 [INFO]: [0mGET /images/hero/jade-plant.jpg [36m304[0m 0.444 ms - -[0m
2026-08-01 02:43:47 [INFO]: [0mGET /images/hero/golden-pothos.jpg [36m304[0m 0.203 ms - -[0m
2026-08-01 02:43:47 [INFO]: [0mGET /images/hero/fiddle-leaf-fig.jpg [36m304[0m 0.896 ms - -[0m
2026-08-01 02:43:47 [INFO]: [0mGET /images/hero/why-choose.jpg [36m304[0m 1.015 ms - -[0m
2026-08-01 02:43:47 [INFO]: [0mGET /images/logo/plantora-orgn-white.png [36m304[0m 0.212 ms - -[0m
2026-08-01 02:43:47 [INFO]: [0mGET /public/js/header.js [33m404[0m 39.181 ms - 83[0m
2026-08-01 02:43:52 [ERROR]: Failed to create audit log: AuditLog validation failed: action: `Login` is not a valid enum value for path `action`.
2026-08-01 02:43:52 [INFO]: Login successful : customer_0002@yopmail.com
2026-08-01 02:43:52 [INFO]: [0mPOST /auth/login [32m200[0m 419.676 ms - 46[0m
2026-08-01 02:43:53 [INFO]: [0mGET / [32m200[0m 44.550 ms - -[0m
2026-08-01 02:43:53 [INFO]: [0mGET /css/style.css [36m304[0m 3.475 ms - -[0m
2026-08-01 02:43:53 [INFO]: [0mGET /images/logo/plantora.png [36m304[0m 2.766 ms - -[0m
2026-08-01 02:43:53 [INFO]: [0mGET /images/hero/hero-placeholder.png [36m304[0m 1.037 ms - -[0m
2026-08-01 02:43:53 [INFO]: [0mGET /images/hero/monstera-plant.jpg [36m304[0m 1.357 ms - -[0m
2026-08-01 02:43:53 [INFO]: [0mGET /js/featured.js [36m304[0m 1.680 ms - -[0m
2026-08-01 02:43:53 [INFO]: [0mGET /js/why-choose.js [36m304[0m 2.648 ms - -[0m
2026-08-01 02:43:53 [INFO]: [0mGET /css/variables.css [36m304[0m 1.023 ms - -[0m
2026-08-01 02:43:53 [INFO]: [0mGET /css/utilities.css [36m304[0m 1.792 ms - -[0m
2026-08-01 02:43:53 [INFO]: [0mGET /css/animations.css [36m304[0m 1.172 ms - -[0m
2026-08-01 02:43:53 [INFO]: [0mGET /css/announcement.css [36m304[0m 0.606 ms - -[0m
2026-08-01 02:43:53 [INFO]: [0mGET /css/header.css [36m304[0m 1.018 ms - -[0m
2026-08-01 02:43:53 [INFO]: [0mGET /css/hero.css [36m304[0m 2.009 ms - -[0m
2026-08-01 02:43:53 [INFO]: [0mGET /css/featured.css [36m304[0m 2.176 ms - -[0m
2026-08-01 02:43:53 [INFO]: [0mGET /css/why-choose.css [36m304[0m 1.776 ms - -[0m
2026-08-01 02:43:53 [INFO]: [0mGET /css/footer.css [36m304[0m 2.041 ms - -[0m
2026-08-01 02:43:53 [INFO]: [0mGET /css/auth.css [36m304[0m 0.369 ms - -[0m
2026-08-01 02:43:53 [INFO]: [0mGET /css/verify.css [36m304[0m 0.582 ms - -[0m
2026-08-01 02:43:53 [INFO]: [0mGET /js/notification.js [36m304[0m 0.514 ms - -[0m
2026-08-01 02:43:53 [INFO]: [0mGET /js/footer.js [36m304[0m 0.780 ms - -[0m
2026-08-01 02:43:53 [INFO]: [0mGET /js/auth.js [36m304[0m 0.382 ms - -[0m
2026-08-01 02:43:53 [INFO]: [0mGET /images/hero/snake-plant.jpg [36m304[0m 0.340 ms - -[0m
2026-08-01 02:43:53 [INFO]: [0mGET /images/hero/peace-lily.jpg [36m304[0m 0.611 ms - -[0m
2026-08-01 02:43:53 [INFO]: [0mGET /images/hero/tulip-plant.jpg [36m304[0m 0.729 ms - -[0m
2026-08-01 02:43:53 [INFO]: [0mGET /images/hero/rubber-plant.jpg [36m304[0m 1.080 ms - -[0m
2026-08-01 02:43:53 [INFO]: [0mGET /images/hero/aloe-vera.jpg [36m304[0m 1.211 ms - -[0m
2026-08-01 02:43:53 [INFO]: [0mGET /images/hero/areca-palm.jpg [36m304[0m 2.055 ms - -[0m
2026-08-01 02:43:53 [INFO]: [0mGET /images/hero/jade-plant.jpg [36m304[0m 1.799 ms - -[0m
2026-08-01 02:43:53 [INFO]: [0mGET /images/hero/golden-pothos.jpg [36m304[0m 1.353 ms - -[0m
2026-08-01 02:43:53 [INFO]: [0mGET /images/hero/fiddle-leaf-fig.jpg [36m304[0m 0.385 ms - -[0m
2026-08-01 02:43:53 [INFO]: [0mGET /images/hero/why-choose.jpg [36m304[0m 0.390 ms - -[0m
2026-08-01 02:43:53 [INFO]: [0mGET /images/logo/plantora-orgn-white.png [36m304[0m 0.383 ms - -[0m
2026-08-01 02:43:53 [INFO]: [0mGET /%7B%20%20publicId:%20'/public/default/profile.png',%20%20url:%20'https://res.cloudinary.com/desmwasfe/image/upload/v1781973939/default-avatar_d6ofmr.png'%7D [33m404[0m 44.096 ms - 236[0m
2026-08-01 02:43:53 [INFO]: [0mGET /public/js/header.js [33m404[0m 39.813 ms - 83[0m
2026-08-01 02:43:56 [INFO]: [0mGET /auth/profile [32m200[0m 90.977 ms - -[0m
2026-08-01 02:43:56 [INFO]: [0mGET /css/style.css [36m304[0m 0.761 ms - -[0m
2026-08-01 02:43:56 [INFO]: [0mGET /css/profile.css [36m304[0m 1.107 ms - -[0m
2026-08-01 02:43:56 [INFO]: [0mGET /images/logo/plantora.png [36m304[0m 0.394 ms - -[0m
2026-08-01 02:43:56 [INFO]: [0mGET /js/profile.js [36m304[0m 1.294 ms - -[0m
2026-08-01 02:43:56 [INFO]: [0mGET /images/logo/plantora-orgn-white.png [36m304[0m 1.221 ms - -[0m
2026-08-01 02:43:56 [INFO]: [0mGET /js/featured.js [36m304[0m 1.815 ms - -[0m
2026-08-01 02:43:56 [INFO]: [0mGET /js/why-choose.js [36m304[0m 1.885 ms - -[0m
2026-08-01 02:43:56 [INFO]: [0mGET /css/variables.css [36m304[0m 0.306 ms - -[0m
2026-08-01 02:43:56 [INFO]: [0mGET /css/utilities.css [36m304[0m 0.628 ms - -[0m
2026-08-01 02:43:56 [INFO]: [0mGET /css/animations.css [36m304[0m 0.501 ms - -[0m
2026-08-01 02:43:56 [INFO]: [0mGET /css/announcement.css [36m304[0m 0.222 ms - -[0m
2026-08-01 02:43:56 [INFO]: [0mGET /css/header.css [36m304[0m 0.510 ms - -[0m
2026-08-01 02:43:56 [INFO]: [0mGET /css/hero.css [36m304[0m 0.451 ms - -[0m
2026-08-01 02:43:56 [INFO]: [0mGET /css/featured.css [36m304[0m 0.257 ms - -[0m
2026-08-01 02:43:56 [INFO]: [0mGET /css/why-choose.css [36m304[0m 0.422 ms - -[0m
2026-08-01 02:43:56 [INFO]: [0mGET /css/footer.css [36m304[0m 0.342 ms - -[0m
2026-08-01 02:43:56 [INFO]: [0mGET /css/auth.css [36m304[0m 0.476 ms - -[0m
2026-08-01 02:43:56 [INFO]: [0mGET /css/verify.css [36m304[0m 0.440 ms - -[0m
2026-08-01 02:43:56 [INFO]: [0mGET /js/notification.js [36m304[0m 0.187 ms - -[0m
2026-08-01 02:43:56 [INFO]: [0mGET /js/footer.js [36m304[0m 0.743 ms - -[0m
2026-08-01 02:43:56 [INFO]: [0mGET /js/auth.js [36m304[0m 0.497 ms - -[0m
2026-08-01 02:43:56 [INFO]: [0mGET /auth/%7B%20%20publicId:%20'/public/default/profile.png',%20%20url:%20'https://res.cloudinary.com/desmwasfe/image/upload/v1781973939/default-avatar_d6ofmr.png'%7D [33m404[0m 39.014 ms - 241[0m
2026-08-01 02:43:56 [INFO]: [0mGET /auth/public/js/header.js [33m404[0m 39.691 ms - 88[0m
2026-08-01 02:44:07 [ERROR]: Failed to create audit log: AuditLog validation failed: action: `Update Profile` is not a valid enum value for path `action`.
2026-08-01 02:44:07 [INFO]: Profile updated : customer_0002@yopmail.com
2026-08-01 02:44:07 [INFO]: [0mPUT /auth/profile?_method=PUT [36m302[0m 161.613 ms - 101[0m
2026-08-01 02:44:07 [INFO]: [0mGET /auth/profile?type=success&message=Profile%20updated%20successfully. [32m200[0m 91.168 ms - -[0m
2026-08-01 02:44:07 [INFO]: [0mGET /css/style.css [36m304[0m 0.669 ms - -[0m
2026-08-01 02:44:07 [INFO]: [0mGET /css/profile.css [36m304[0m 1.245 ms - -[0m
2026-08-01 02:44:07 [INFO]: [0mGET /images/logo/plantora.png [36m304[0m 0.637 ms - -[0m
2026-08-01 02:44:07 [INFO]: [0mGET /js/profile.js [36m304[0m 0.985 ms - -[0m
2026-08-01 02:44:07 [INFO]: [0mGET /js/featured.js [36m304[0m 1.158 ms - -[0m
2026-08-01 02:44:07 [INFO]: [0mGET /images/logo/plantora-orgn-white.png [36m304[0m 1.253 ms - -[0m
2026-08-01 02:44:07 [INFO]: [0mGET /js/why-choose.js [36m304[0m 0.971 ms - -[0m
2026-08-01 02:44:07 [INFO]: [0mGET /css/variables.css [36m304[0m 0.518 ms - -[0m
2026-08-01 02:44:07 [INFO]: [0mGET /css/utilities.css [36m304[0m 1.411 ms - -[0m
2026-08-01 02:44:07 [INFO]: [0mGET /css/animations.css [36m304[0m 1.005 ms - -[0m
2026-08-01 02:44:07 [INFO]: [0mGET /css/announcement.css [36m304[0m 0.347 ms - -[0m
2026-08-01 02:44:07 [INFO]: [0mGET /css/header.css [36m304[0m 0.731 ms - -[0m
2026-08-01 02:44:07 [INFO]: [0mGET /css/hero.css [36m304[0m 0.546 ms - -[0m
2026-08-01 02:44:07 [INFO]: [0mGET /css/featured.css [36m304[0m 0.851 ms - -[0m
2026-08-01 02:44:07 [INFO]: [0mGET /css/why-choose.css [36m304[0m 0.476 ms - -[0m
2026-08-01 02:44:07 [INFO]: [0mGET /css/footer.css [36m304[0m 0.215 ms - -[0m
2026-08-01 02:44:07 [INFO]: [0mGET /css/auth.css [36m304[0m 0.589 ms - -[0m
2026-08-01 02:44:07 [INFO]: [0mGET /css/verify.css [36m304[0m 0.506 ms - -[0m
2026-08-01 02:44:07 [INFO]: [0mGET /js/notification.js [36m304[0m 0.318 ms - -[0m
2026-08-01 02:44:07 [INFO]: [0mGET /js/footer.js [36m304[0m 0.849 ms - -[0m
2026-08-01 02:44:07 [INFO]: [0mGET /js/auth.js [36m304[0m 0.165 ms - -[0m
2026-08-01 02:44:07 [INFO]: [0mGET /auth/%7B%20%20publicId:%20'/public/default/profile.png',%20%20url:%20'https://res.cloudinary.com/desmwasfe/image/upload/v1781973939/default-avatar_d6ofmr.png'%7D [33m404[0m 39.283 ms - 241[0m
2026-08-01 02:44:07 [INFO]: [0mGET /auth/public/js/header.js [33m404[0m 43.267 ms - 88[0m
2026-08-01 02:44:14 [INFO]: Notification sent successfully. Recipient: 6a6bd604b8ef49ebecf645e3, Type: seller
2026-08-01 02:44:19 [INFO]: Email sent successfully to 'plantora-admin@yopmail.com'. Subject: 'New Seller Request - Plantora'.
2026-08-01 02:44:19 [ERROR]: Failed to create audit log: AuditLog validation failed: action: `Become Seller` is not a valid enum value for path `action`.
2026-08-01 02:44:19 [INFO]: Seller request submitted: customer_0002@yopmail.com
2026-08-01 02:44:19 [INFO]: [0mPOST /auth/become-seller [36m302[0m 5143.764 ms - 112[0m
2026-08-01 02:44:19 [INFO]: [0mGET /auth/profile?type=success&message=Seller%20request%20submitted%20successfully. [32m200[0m 84.520 ms - -[0m
2026-08-01 02:44:19 [INFO]: [0mGET /css/style.css [36m304[0m 0.374 ms - -[0m
2026-08-01 02:44:19 [INFO]: [0mGET /css/profile.css [36m304[0m 0.848 ms - -[0m
2026-08-01 02:44:19 [INFO]: [0mGET /images/logo/plantora.png [36m304[0m 0.227 ms - -[0m
2026-08-01 02:44:19 [INFO]: [0mGET /js/profile.js [36m304[0m 0.491 ms - -[0m
2026-08-01 02:44:19 [INFO]: [0mGET /images/logo/plantora-orgn-white.png [36m304[0m 1.010 ms - -[0m
2026-08-01 02:44:19 [INFO]: [0mGET /js/why-choose.js [36m304[0m 2.171 ms - -[0m
2026-08-01 02:44:19 [INFO]: [0mGET /js/featured.js [36m304[0m 2.972 ms - -[0m
2026-08-01 02:44:19 [INFO]: [0mGET /css/variables.css [36m304[0m 0.383 ms - -[0m
2026-08-01 02:44:19 [INFO]: [0mGET /css/utilities.css [36m304[0m 0.585 ms - -[0m
2026-08-01 02:44:19 [INFO]: [0mGET /css/animations.css [36m304[0m 1.782 ms - -[0m
2026-08-01 02:44:19 [INFO]: [0mGET /css/announcement.css [36m304[0m 1.742 ms - -[0m
2026-08-01 02:44:19 [INFO]: [0mGET /css/header.css [36m304[0m 0.692 ms - -[0m
2026-08-01 02:44:19 [INFO]: [0mGET /css/hero.css [36m304[0m 0.877 ms - -[0m
2026-08-01 02:44:19 [INFO]: [0mGET /css/featured.css [36m304[0m 0.434 ms - -[0m
2026-08-01 02:44:19 [INFO]: [0mGET /css/why-choose.css [36m304[0m 0.717 ms - -[0m
2026-08-01 02:44:19 [INFO]: [0mGET /css/footer.css [36m304[0m 0.216 ms - -[0m
2026-08-01 02:44:19 [INFO]: [0mGET /css/auth.css [36m304[0m 0.501 ms - -[0m
2026-08-01 02:44:19 [INFO]: [0mGET /css/verify.css [36m304[0m 0.673 ms - -[0m
2026-08-01 02:44:19 [INFO]: [0mGET /js/notification.js [36m304[0m 0.584 ms - -[0m
2026-08-01 02:44:19 [INFO]: [0mGET /js/footer.js [36m304[0m 0.925 ms - -[0m
2026-08-01 02:44:19 [INFO]: [0mGET /js/auth.js [36m304[0m 0.303 ms - -[0m
2026-08-01 02:44:19 [INFO]: [0mGET /auth/%7B%20%20publicId:%20'/public/default/profile.png',%20%20url:%20'https://res.cloudinary.com/desmwasfe/image/upload/v1781973939/default-avatar_d6ofmr.png'%7D [33m404[0m 48.889 ms - 241[0m
2026-08-01 02:44:19 [INFO]: [0mGET /auth/public/js/header.js [33m404[0m 41.174 ms - 88[0m
2026-08-01 02:44:30 [INFO]: [0mGET /admin/users [33m404[0m 1.296 ms - 75[0m
2026-08-01 02:51:20 [INFO]: MongoDB connected successfully.
2026-08-01 02:51:23 [INFO]: Email server connected successfully.
2026-08-01 02:51:23 [INFO]: Server is running on port 5132.
2026-08-01 02:55:26 [INFO]: MongoDB connected successfully.
2026-08-01 02:55:29 [INFO]: Email server connected successfully.
2026-08-01 02:55:29 [INFO]: Server is running on port 5132.
2026-08-01 03:01:47 [INFO]: MongoDB connected successfully.
2026-08-01 03:01:50 [INFO]: Email server connected successfully.
2026-08-01 03:01:50 [INFO]: Server is running on port 5132.
2026-08-01 03:09:22 [INFO]: [0mGET /auth/profile [32m200[0m 117.651 ms - -[0m
2026-08-01 03:09:22 [INFO]: [0mGET /css/style.css [36m304[0m 1.201 ms - -[0m
2026-08-01 03:09:22 [INFO]: [0mGET /css/profile.css [36m304[0m 1.682 ms - -[0m
2026-08-01 03:09:22 [INFO]: [0mGET /images/logo/plantora.png [36m304[0m 3.061 ms - -[0m
2026-08-01 03:09:22 [INFO]: [0mGET /js/profile.js [36m304[0m 2.359 ms - -[0m
2026-08-01 03:09:22 [INFO]: [0mGET /images/logo/plantora-orgn-white.png [36m304[0m 2.491 ms - -[0m
2026-08-01 03:09:22 [INFO]: [0mGET /js/featured.js [36m304[0m 2.750 ms - -[0m
2026-08-01 03:09:22 [INFO]: [0mGET /js/why-choose.js [36m304[0m 2.579 ms - -[0m
2026-08-01 03:09:22 [INFO]: [0mGET /css/variables.css [36m304[0m 1.002 ms - -[0m
2026-08-01 03:09:22 [INFO]: [0mGET /css/utilities.css [36m304[0m 1.231 ms - -[0m
2026-08-01 03:09:22 [INFO]: [0mGET /css/animations.css [36m304[0m 1.151 ms - -[0m
2026-08-01 03:09:22 [INFO]: [0mGET /css/announcement.css [36m304[0m 1.187 ms - -[0m
2026-08-01 03:09:22 [INFO]: [0mGET /css/header.css [36m304[0m 0.353 ms - -[0m
2026-08-01 03:09:22 [INFO]: [0mGET /css/hero.css [36m304[0m 0.604 ms - -[0m
2026-08-01 03:09:22 [INFO]: [0mGET /css/featured.css [36m304[0m 0.869 ms - -[0m
2026-08-01 03:09:22 [INFO]: [0mGET /css/why-choose.css [36m304[0m 1.038 ms - -[0m
2026-08-01 03:09:22 [INFO]: [0mGET /css/footer.css [36m304[0m 0.271 ms - -[0m
2026-08-01 03:09:22 [INFO]: [0mGET /css/auth.css [36m304[0m 0.518 ms - -[0m
2026-08-01 03:09:22 [INFO]: [0mGET /css/verify.css [36m304[0m 0.758 ms - -[0m
2026-08-01 03:09:22 [INFO]: [0mGET /js/notification.js [36m304[0m 0.391 ms - -[0m
2026-08-01 03:09:22 [INFO]: [0mGET /js/footer.js [36m304[0m 0.669 ms - -[0m
2026-08-01 03:09:22 [INFO]: [0mGET /js/auth.js [36m304[0m 0.299 ms - -[0m
2026-08-01 03:09:22 [INFO]: [0mGET /auth/%7B%20%20publicId:%20'/public/default/profile.png',%20%20url:%20'https://res.cloudinary.com/desmwasfe/image/upload/v1781973939/default-avatar_d6ofmr.png'%7D [33m404[0m 40.534 ms - 241[0m
2026-08-01 03:09:22 [INFO]: [0mGET /auth/public/js/header.js [33m404[0m 48.516 ms - 88[0m
2026-08-01 03:09:31 [INFO]: [0mGET /admin/users [33m404[0m 0.901 ms - 75[0m
2026-08-01 03:09:38 [INFO]: [0mGET /auth/profile [36m304[0m 91.559 ms - -[0m
2026-08-01 03:09:38 [INFO]: [0mGET /css/style.css [36m304[0m 0.301 ms - -[0m
2026-08-01 03:09:38 [INFO]: [0mGET /css/profile.css [36m304[0m 0.814 ms - -[0m
2026-08-01 03:09:38 [INFO]: [0mGET /images/logo/plantora.png [36m304[0m 0.359 ms - -[0m
2026-08-01 03:09:38 [INFO]: [0mGET /js/profile.js [36m304[0m 0.799 ms - -[0m
2026-08-01 03:09:38 [INFO]: [0mGET /images/logo/plantora-orgn-white.png [36m304[0m 0.981 ms - -[0m
2026-08-01 03:09:38 [INFO]: [0mGET /js/featured.js [36m304[0m 0.843 ms - -[0m
2026-08-01 03:09:38 [INFO]: [0mGET /js/why-choose.js [36m304[0m 0.206 ms - -[0m
2026-08-01 03:09:38 [INFO]: [0mGET /js/notification.js [36m304[0m 0.327 ms - -[0m
2026-08-01 03:09:38 [INFO]: [0mGET /css/variables.css [36m304[0m 0.226 ms - -[0m
2026-08-01 03:09:38 [INFO]: [0mGET /css/utilities.css [36m304[0m 0.535 ms - -[0m
2026-08-01 03:09:38 [INFO]: [0mGET /css/animations.css [36m304[0m 0.401 ms - -[0m
2026-08-01 03:09:38 [INFO]: [0mGET /css/announcement.css [36m304[0m 0.278 ms - -[0m
2026-08-01 03:09:38 [INFO]: [0mGET /css/header.css [36m304[0m 0.276 ms - -[0m
2026-08-01 03:09:38 [INFO]: [0mGET /css/hero.css [36m304[0m 0.488 ms - -[0m
2026-08-01 03:09:38 [INFO]: [0mGET /css/featured.css [36m304[0m 0.738 ms - -[0m
2026-08-01 03:09:38 [INFO]: [0mGET /css/why-choose.css [36m304[0m 0.110 ms - -[0m
2026-08-01 03:09:38 [INFO]: [0mGET /css/footer.css [36m304[0m 0.313 ms - -[0m
2026-08-01 03:09:38 [INFO]: [0mGET /css/auth.css [36m304[0m 0.358 ms - -[0m
2026-08-01 03:09:38 [INFO]: [0mGET /css/verify.css [36m304[0m 0.490 ms - -[0m
2026-08-01 03:09:38 [INFO]: [0mGET /js/footer.js [36m304[0m 0.096 ms - -[0m
2026-08-01 03:09:38 [INFO]: [0mGET /js/auth.js [36m304[0m 0.134 ms - -[0m
2026-08-01 03:09:38 [INFO]: [0mGET /auth/%7B%20%20publicId:%20'/public/default/profile.png',%20%20url:%20'https://res.cloudinary.com/desmwasfe/image/upload/v1781973939/default-avatar_d6ofmr.png'%7D [33m404[0m 39.408 ms - 241[0m
2026-08-01 03:09:38 [INFO]: [0mGET /auth/public/js/header.js [33m404[0m 44.150 ms - 88[0m
2026-08-01 03:10:08 [INFO]: [0mGET / [32m200[0m 51.908 ms - -[0m
2026-08-01 03:10:08 [INFO]: [0mGET /css/style.css [36m304[0m 0.518 ms - -[0m
2026-08-01 03:10:08 [INFO]: [0mGET /images/logo/plantora.png [36m304[0m 0.282 ms - -[0m
2026-08-01 03:10:08 [INFO]: [0mGET /images/hero/hero-placeholder.png [36m304[0m 0.865 ms - -[0m
2026-08-01 03:10:08 [INFO]: [0mGET /images/hero/monstera-plant.jpg [36m304[0m 0.302 ms - -[0m
2026-08-01 03:10:08 [INFO]: [0mGET /images/hero/snake-plant.jpg [36m304[0m 0.479 ms - -[0m
2026-08-01 03:10:08 [INFO]: [0mGET /images/hero/peace-lily.jpg [36m304[0m 0.662 ms - -[0m
2026-08-01 03:10:08 [INFO]: [0mGET /js/featured.js [36m304[0m 1.540 ms - -[0m
2026-08-01 03:10:08 [INFO]: [0mGET /js/why-choose.js [36m304[0m 0.440 ms - -[0m
2026-08-01 03:10:08 [INFO]: [0mGET /js/notification.js [36m304[0m 0.787 ms - -[0m
2026-08-01 03:10:08 [INFO]: [0mGET /js/footer.js [36m304[0m 0.594 ms - -[0m
2026-08-01 03:10:08 [INFO]: [0mGET /js/auth.js [36m304[0m 0.286 ms - -[0m
2026-08-01 03:10:08 [INFO]: [0mGET /images/hero/tulip-plant.jpg [36m304[0m 0.432 ms - -[0m
2026-08-01 03:10:08 [INFO]: [0mGET /images/hero/rubber-plant.jpg [36m304[0m 0.954 ms - -[0m
2026-08-01 03:10:08 [INFO]: [0mGET /images/hero/aloe-vera.jpg [36m304[0m 0.733 ms - -[0m
2026-08-01 03:10:08 [INFO]: [0mGET /images/hero/areca-palm.jpg [36m304[0m 0.316 ms - -[0m
2026-08-01 03:10:08 [INFO]: [0mGET /images/hero/jade-plant.jpg [36m304[0m 0.462 ms - -[0m
2026-08-01 03:10:08 [INFO]: [0mGET /css/variables.css [36m304[0m 0.667 ms - -[0m
2026-08-01 03:10:08 [INFO]: [0mGET /css/utilities.css [36m304[0m 0.933 ms - -[0m
2026-08-01 03:10:08 [INFO]: [0mGET /css/animations.css [36m304[0m 1.228 ms - -[0m
2026-08-01 03:10:08 [INFO]: [0mGET /css/announcement.css [36m304[0m 0.733 ms - -[0m
2026-08-01 03:10:08 [INFO]: [0mGET /css/header.css [36m304[0m 1.040 ms - -[0m
2026-08-01 03:10:08 [INFO]: [0mGET /css/hero.css [36m304[0m 1.279 ms - -[0m
2026-08-01 03:10:08 [INFO]: [0mGET /css/featured.css [36m304[0m 1.771 ms - -[0m
2026-08-01 03:10:08 [INFO]: [0mGET /css/why-choose.css [36m304[0m 1.479 ms - -[0m
2026-08-01 03:10:08 [INFO]: [0mGET /css/footer.css [36m304[0m 0.732 ms - -[0m
2026-08-01 03:10:08 [INFO]: [0mGET /css/auth.css [36m304[0m 0.274 ms - -[0m
2026-08-01 03:10:08 [INFO]: [0mGET /css/verify.css [36m304[0m 0.275 ms - -[0m
2026-08-01 03:10:08 [INFO]: [0mGET /images/hero/golden-pothos.jpg [36m304[0m 0.624 ms - -[0m
2026-08-01 03:10:08 [INFO]: [0mGET /images/hero/fiddle-leaf-fig.jpg [36m304[0m 0.946 ms - -[0m
2026-08-01 03:10:08 [INFO]: [0mGET /images/hero/why-choose.jpg [36m304[0m 1.246 ms - -[0m
2026-08-01 03:10:08 [INFO]: [0mGET /images/logo/plantora-orgn-white.png [36m304[0m 0.320 ms - -[0m
2026-08-01 03:10:08 [INFO]: [0mGET /public/js/header.js [33m404[0m 38.395 ms - 83[0m
2026-08-01 03:10:13 [WARN]: Login failed. Email not found : customer_0002@yopmail.com
2026-08-01 03:10:13 [INFO]: [0mPOST /auth/login [33m401[0m 100.240 ms - 56[0m
2026-08-01 03:10:49 [INFO]: Email sent successfully to 'customer_0004@yopmail.com'. Subject: 'Verify Your Plantora Account'.
2026-08-01 03:10:49 [ERROR]: Failed to create audit log: AuditLog validation failed: action: `Register` is not a valid enum value for path `action`.
2026-08-01 03:10:49 [INFO]: Customer registered successfully : customer_0004@yopmail.com
2026-08-01 03:10:49 [INFO]: [0mPOST /auth/register [32m201[0m 5281.301 ms - 97[0m
2026-08-01 03:10:59 [ERROR]: Failed to create audit log: AuditLog validation failed: action: `Verify Email` is not a valid enum value for path `action`.
2026-08-01 03:10:59 [INFO]: Email verified successfully : customer_0004@yopmail.com
2026-08-01 03:10:59 [INFO]: [0mGET /auth/verify-email/72bb600fb59d58946867ffc95592ac2f048986be1bd1b740ca65668fa4e60f03 [32m200[0m 168.593 ms - -[0m
2026-08-01 03:10:59 [INFO]: [0mGET /css/style.css [36m304[0m 0.185 ms - -[0m
2026-08-01 03:10:59 [INFO]: [0mGET /auth/verify-email/public/js/header.js [33m404[0m 0.929 ms - 101[0m
2026-08-01 03:10:59 [INFO]: [0mGET /js/featured.js [36m304[0m 0.141 ms - -[0m
2026-08-01 03:10:59 [INFO]: [0mGET /js/why-choose.js [36m304[0m 0.200 ms - -[0m
2026-08-01 03:10:59 [INFO]: [0mGET /js/notification.js [36m304[0m 0.174 ms - -[0m
2026-08-01 03:10:59 [INFO]: [0mGET /js/footer.js [36m304[0m 0.782 ms - -[0m
2026-08-01 03:10:59 [INFO]: [0mGET /js/verify.js [36m304[0m 0.541 ms - -[0m
2026-08-01 03:10:59 [INFO]: [0mGET /js/auth.js [36m304[0m 0.694 ms - -[0m
2026-08-01 03:10:59 [INFO]: [0mGET /css/variables.css [36m304[0m 0.441 ms - -[0m
2026-08-01 03:10:59 [INFO]: [0mGET /css/utilities.css [36m304[0m 0.811 ms - -[0m
2026-08-01 03:10:59 [INFO]: [0mGET /css/animations.css [36m304[0m 0.712 ms - -[0m
2026-08-01 03:10:59 [INFO]: [0mGET /css/announcement.css [36m304[0m 1.274 ms - -[0m
2026-08-01 03:10:59 [INFO]: [0mGET /css/header.css [36m304[0m 0.576 ms - -[0m
2026-08-01 03:10:59 [INFO]: [0mGET /css/featured.css [36m304[0m 0.458 ms - -[0m
2026-08-01 03:10:59 [INFO]: [0mGET /css/why-choose.css [36m304[0m 0.658 ms - -[0m
2026-08-01 03:10:59 [INFO]: [0mGET /css/hero.css [36m304[0m 0.888 ms - -[0m
2026-08-01 03:10:59 [INFO]: [0mGET /css/footer.css [36m304[0m 1.196 ms - -[0m
2026-08-01 03:10:59 [INFO]: [0mGET /css/auth.css [36m304[0m 1.432 ms - -[0m
2026-08-01 03:10:59 [INFO]: [0mGET /css/verify.css [36m304[0m 0.145 ms - -[0m
2026-08-01 03:11:04 [INFO]: [0mGET /?openLogin=true [36m304[0m 3.752 ms - -[0m
2026-08-01 03:11:04 [INFO]: [0mGET /css/style.css [36m304[0m 0.409 ms - -[0m
2026-08-01 03:11:04 [INFO]: [0mGET /images/logo/plantora.png [36m304[0m 0.496 ms - -[0m
2026-08-01 03:11:04 [INFO]: [0mGET /images/hero/hero-placeholder.png [36m304[0m 0.769 ms - -[0m
2026-08-01 03:11:04 [INFO]: [0mGET /images/hero/monstera-plant.jpg [36m304[0m 0.210 ms - -[0m
2026-08-01 03:11:04 [INFO]: [0mGET /images/hero/snake-plant.jpg [36m304[0m 0.342 ms - -[0m
2026-08-01 03:11:04 [INFO]: [0mGET /images/hero/peace-lily.jpg [36m304[0m 0.231 ms - -[0m
2026-08-01 03:11:04 [INFO]: [0mGET /public/js/header.js [33m404[0m 0.861 ms - 83[0m
2026-08-01 03:11:04 [INFO]: [0mGET /js/featured.js [36m304[0m 1.389 ms - -[0m
2026-08-01 03:11:04 [INFO]: [0mGET /js/why-choose.js [36m304[0m 0.241 ms - -[0m
2026-08-01 03:11:04 [INFO]: [0mGET /js/notification.js [36m304[0m 0.504 ms - -[0m
2026-08-01 03:11:04 [INFO]: [0mGET /js/footer.js [36m304[0m 0.339 ms - -[0m
2026-08-01 03:11:04 [INFO]: [0mGET /js/auth.js [36m304[0m 0.358 ms - -[0m
2026-08-01 03:11:04 [INFO]: [0mGET /images/hero/tulip-plant.jpg [36m304[0m 0.256 ms - -[0m
2026-08-01 03:11:04 [INFO]: [0mGET /images/hero/rubber-plant.jpg [36m304[0m 0.094 ms - -[0m
2026-08-01 03:11:04 [INFO]: [0mGET /images/hero/aloe-vera.jpg [36m304[0m 0.097 ms - -[0m
2026-08-01 03:11:04 [INFO]: [0mGET /images/hero/areca-palm.jpg [36m304[0m 0.224 ms - -[0m
2026-08-01 03:11:04 [INFO]: [0mGET /images/hero/jade-plant.jpg [36m304[0m 0.125 ms - -[0m
2026-08-01 03:11:04 [INFO]: [0mGET /images/hero/golden-pothos.jpg [36m304[0m 0.358 ms - -[0m
2026-08-01 03:11:04 [INFO]: [0mGET /images/hero/fiddle-leaf-fig.jpg [36m304[0m 0.517 ms - -[0m
2026-08-01 03:11:04 [INFO]: [0mGET /images/hero/why-choose.jpg [36m304[0m 0.247 ms - -[0m
2026-08-01 03:11:04 [INFO]: [0mGET /css/variables.css [36m304[0m 1.446 ms - -[0m
2026-08-01 03:11:04 [INFO]: [0mGET /css/utilities.css [36m304[0m 1.760 ms - -[0m
2026-08-01 03:11:04 [INFO]: [0mGET /css/animations.css [36m304[0m 1.877 ms - -[0m
2026-08-01 03:11:04 [INFO]: [0mGET /css/announcement.css [36m304[0m 1.948 ms - -[0m
2026-08-01 03:11:04 [INFO]: [0mGET /css/header.css [36m304[0m 2.059 ms - -[0m
2026-08-01 03:11:04 [INFO]: [0mGET /css/hero.css [36m304[0m 2.154 ms - -[0m
2026-08-01 03:11:04 [INFO]: [0mGET /css/featured.css [36m304[0m 0.671 ms - -[0m
2026-08-01 03:11:04 [INFO]: [0mGET /css/why-choose.css [36m304[0m 0.839 ms - -[0m
2026-08-01 03:11:04 [INFO]: [0mGET /css/footer.css [36m304[0m 1.031 ms - -[0m
2026-08-01 03:11:04 [INFO]: [0mGET /css/auth.css [36m304[0m 1.197 ms - -[0m
2026-08-01 03:11:04 [INFO]: [0mGET /css/verify.css [36m304[0m 1.365 ms - -[0m
2026-08-01 03:11:04 [INFO]: [0mGET /images/logo/plantora-orgn-white.png [36m304[0m 0.168 ms - -[0m
2026-08-01 03:11:15 [ERROR]: Failed to create audit log: AuditLog validation failed: action: `Login` is not a valid enum value for path `action`.
2026-08-01 03:11:15 [INFO]: Login successful : customer_0004@yopmail.com
2026-08-01 03:11:15 [INFO]: [0mPOST /auth/login [32m200[0m 453.327 ms - 46[0m
2026-08-01 03:11:16 [INFO]: [0mGET / [32m200[0m 41.394 ms - -[0m
2026-08-01 03:11:16 [INFO]: [0mGET /css/style.css [36m304[0m 0.353 ms - -[0m
2026-08-01 03:11:16 [INFO]: [0mGET /images/logo/plantora.png [36m304[0m 0.222 ms - -[0m
2026-08-01 03:11:16 [INFO]: [0mGET /images/hero/hero-placeholder.png [36m304[0m 0.290 ms - -[0m
2026-08-01 03:11:16 [INFO]: [0mGET /images/hero/monstera-plant.jpg [36m304[0m 0.630 ms - -[0m
2026-08-01 03:11:16 [INFO]: [0mGET /js/featured.js [36m304[0m 1.588 ms - -[0m
2026-08-01 03:11:16 [INFO]: [0mGET /js/why-choose.js [36m304[0m 2.048 ms - -[0m
2026-08-01 03:11:16 [INFO]: [0mGET /js/footer.js [36m304[0m 0.628 ms - -[0m
2026-08-01 03:11:16 [INFO]: [0mGET /js/notification.js [36m304[0m 0.901 ms - -[0m
2026-08-01 03:11:16 [INFO]: [0mGET /css/variables.css [36m304[0m 0.248 ms - -[0m
2026-08-01 03:11:16 [INFO]: [0mGET /css/utilities.css [36m304[0m 0.618 ms - -[0m
2026-08-01 03:11:16 [INFO]: [0mGET /css/animations.css [36m304[0m 0.455 ms - -[0m
2026-08-01 03:11:16 [INFO]: [0mGET /css/announcement.css [36m304[0m 0.367 ms - -[0m
2026-08-01 03:11:16 [INFO]: [0mGET /css/header.css [36m304[0m 0.847 ms - -[0m
2026-08-01 03:11:16 [INFO]: [0mGET /css/hero.css [36m304[0m 0.582 ms - -[0m
2026-08-01 03:11:16 [INFO]: [0mGET /css/featured.css [36m304[0m 0.368 ms - -[0m
2026-08-01 03:11:16 [INFO]: [0mGET /css/why-choose.css [36m304[0m 0.499 ms - -[0m
2026-08-01 03:11:16 [INFO]: [0mGET /css/footer.css [36m304[0m 0.695 ms - -[0m
2026-08-01 03:11:16 [INFO]: [0mGET /css/auth.css [36m304[0m 0.483 ms - -[0m
2026-08-01 03:11:16 [INFO]: [0mGET /css/verify.css [36m304[0m 0.190 ms - -[0m
2026-08-01 03:11:16 [INFO]: [0mGET /js/auth.js [36m304[0m 0.332 ms - -[0m
2026-08-01 03:11:16 [INFO]: [0mGET /images/hero/snake-plant.jpg [36m304[0m 0.120 ms - -[0m
2026-08-01 03:11:16 [INFO]: [0mGET /images/hero/peace-lily.jpg [36m304[0m 0.134 ms - -[0m
2026-08-01 03:11:16 [INFO]: [0mGET /images/hero/tulip-plant.jpg [36m304[0m 0.229 ms - -[0m
2026-08-01 03:11:16 [INFO]: [0mGET /images/hero/rubber-plant.jpg [36m304[0m 0.294 ms - -[0m
2026-08-01 03:11:16 [INFO]: [0mGET /images/hero/aloe-vera.jpg [36m304[0m 0.443 ms - -[0m
2026-08-01 03:11:16 [INFO]: [0mGET /images/hero/areca-palm.jpg [36m304[0m 0.314 ms - -[0m
2026-08-01 03:11:16 [INFO]: [0mGET /images/hero/jade-plant.jpg [36m304[0m 0.464 ms - -[0m
2026-08-01 03:11:16 [INFO]: [0mGET /images/hero/golden-pothos.jpg [36m304[0m 0.178 ms - -[0m
2026-08-01 03:11:16 [INFO]: [0mGET /images/hero/fiddle-leaf-fig.jpg [36m304[0m 0.270 ms - -[0m
2026-08-01 03:11:16 [INFO]: [0mGET /images/hero/why-choose.jpg [36m304[0m 0.413 ms - -[0m
2026-08-01 03:11:16 [INFO]: [0mGET /images/logo/plantora-orgn-white.png [36m304[0m 0.631 ms - -[0m
2026-08-01 03:11:16 [INFO]: [0mGET /%7B%20%20publicId:%20'/public/default/profile.png',%20%20url:%20'https://res.cloudinary.com/desmwasfe/image/upload/v1781973939/default-avatar_d6ofmr.png'%7D [33m404[0m 38.363 ms - 236[0m
2026-08-01 03:11:16 [INFO]: [0mGET /public/js/header.js [33m404[0m 38.385 ms - 83[0m
2026-08-01 03:11:18 [INFO]: [0mGET /auth/profile [32m200[0m 79.385 ms - -[0m
2026-08-01 03:11:18 [INFO]: [0mGET /css/style.css [36m304[0m 0.956 ms - -[0m
2026-08-01 03:11:18 [INFO]: [0mGET /css/profile.css [36m304[0m 1.188 ms - -[0m
2026-08-01 03:11:18 [INFO]: [0mGET /images/logo/plantora.png [36m304[0m 0.311 ms - -[0m
2026-08-01 03:11:18 [INFO]: [0mGET /js/profile.js [36m304[0m 0.330 ms - -[0m
2026-08-01 03:11:18 [INFO]: [0mGET /images/logo/plantora-orgn-white.png [36m304[0m 0.454 ms - -[0m
2026-08-01 03:11:18 [INFO]: [0mGET /js/featured.js [36m304[0m 0.244 ms - -[0m
2026-08-01 03:11:18 [INFO]: [0mGET /js/why-choose.js [36m304[0m 0.520 ms - -[0m
2026-08-01 03:11:18 [INFO]: [0mGET /css/variables.css [36m304[0m 1.156 ms - -[0m
2026-08-01 03:11:18 [INFO]: [0mGET /css/utilities.css [36m304[0m 1.262 ms - -[0m
2026-08-01 03:11:18 [INFO]: [0mGET /css/animations.css [36m304[0m 0.526 ms - -[0m
2026-08-01 03:11:18 [INFO]: [0mGET /css/announcement.css [36m304[0m 0.425 ms - -[0m
2026-08-01 03:11:18 [INFO]: [0mGET /css/header.css [36m304[0m 1.136 ms - -[0m
2026-08-01 03:11:18 [INFO]: [0mGET /css/hero.css [36m304[0m 0.893 ms - -[0m
2026-08-01 03:11:18 [INFO]: [0mGET /css/featured.css [36m304[0m 1.317 ms - -[0m
2026-08-01 03:11:18 [INFO]: [0mGET /css/why-choose.css [36m304[0m 1.187 ms - -[0m
2026-08-01 03:11:18 [INFO]: [0mGET /css/footer.css [36m304[0m 0.711 ms - -[0m
2026-08-01 03:11:18 [INFO]: [0mGET /css/auth.css [36m304[0m 1.036 ms - -[0m
2026-08-01 03:11:18 [INFO]: [0mGET /css/verify.css [36m304[0m 1.145 ms - -[0m
2026-08-01 03:11:18 [INFO]: [0mGET /js/notification.js [36m304[0m 0.161 ms - -[0m
2026-08-01 03:11:18 [INFO]: [0mGET /js/footer.js [36m304[0m 0.216 ms - -[0m
2026-08-01 03:11:18 [INFO]: [0mGET /js/auth.js [36m304[0m 0.341 ms - -[0m
2026-08-01 03:11:18 [INFO]: [0mGET /auth/%7B%20%20publicId:%20'/public/default/profile.png',%20%20url:%20'https://res.cloudinary.com/desmwasfe/image/upload/v1781973939/default-avatar_d6ofmr.png'%7D [33m404[0m 40.984 ms - 241[0m
2026-08-01 03:11:18 [INFO]: [0mGET /auth/public/js/header.js [33m404[0m 38.050 ms - 88[0m
2026-08-01 03:11:22 [INFO]: Notification sent successfully. Recipient: 6a6bd604b8ef49ebecf645e3, Type: seller
2026-08-01 03:11:27 [INFO]: Email sent successfully to 'plantora-admin@yopmail.com'. Subject: 'New Seller Request - Plantora'.
2026-08-01 03:11:27 [ERROR]: Failed to create audit log: AuditLog validation failed: action: `Become Seller` is not a valid enum value for path `action`.
2026-08-01 03:11:27 [INFO]: Seller request submitted: customer_0004@yopmail.com
2026-08-01 03:11:27 [INFO]: [0mPOST /auth/become-seller [36m302[0m 4976.213 ms - 112[0m
2026-08-01 03:11:27 [INFO]: [0mGET /auth/profile?type=success&message=Seller%20request%20submitted%20successfully. [32m200[0m 78.256 ms - -[0m
2026-08-01 03:11:27 [INFO]: [0mGET /css/style.css [36m304[0m 0.343 ms - -[0m
2026-08-01 03:11:27 [INFO]: [0mGET /images/logo/plantora.png [36m304[0m 1.053 ms - -[0m
2026-08-01 03:11:27 [INFO]: [0mGET /css/profile.css [36m304[0m 1.508 ms - -[0m
2026-08-01 03:11:27 [INFO]: [0mGET /js/profile.js [36m304[0m 0.358 ms - -[0m
2026-08-01 03:11:27 [INFO]: [0mGET /images/logo/plantora-orgn-white.png [36m304[0m 1.074 ms - -[0m
2026-08-01 03:11:27 [INFO]: [0mGET /js/featured.js [36m304[0m 1.971 ms - -[0m
2026-08-01 03:11:27 [INFO]: [0mGET /css/variables.css [36m304[0m 0.634 ms - -[0m
2026-08-01 03:11:27 [INFO]: [0mGET /css/utilities.css [36m304[0m 0.860 ms - -[0m
2026-08-01 03:11:27 [INFO]: [0mGET /css/animations.css [36m304[0m 0.650 ms - -[0m
2026-08-01 03:11:27 [INFO]: [0mGET /css/announcement.css [36m304[0m 1.392 ms - -[0m
2026-08-01 03:11:27 [INFO]: [0mGET /css/header.css [36m304[0m 0.591 ms - -[0m
2026-08-01 03:11:27 [INFO]: [0mGET /css/hero.css [36m304[0m 0.695 ms - -[0m
2026-08-01 03:11:27 [INFO]: [0mGET /css/featured.css [36m304[0m 0.899 ms - -[0m
2026-08-01 03:11:27 [INFO]: [0mGET /css/why-choose.css [36m304[0m 0.941 ms - -[0m
2026-08-01 03:11:27 [INFO]: [0mGET /css/footer.css [36m304[0m 0.762 ms - -[0m
2026-08-01 03:11:27 [INFO]: [0mGET /css/auth.css [36m304[0m 0.326 ms - -[0m
2026-08-01 03:11:27 [INFO]: [0mGET /css/verify.css [36m304[0m 0.356 ms - -[0m
2026-08-01 03:11:27 [INFO]: [0mGET /js/why-choose.js [36m304[0m 0.857 ms - -[0m
2026-08-01 03:11:27 [INFO]: [0mGET /js/notification.js [36m304[0m 0.224 ms - -[0m
2026-08-01 03:11:27 [INFO]: [0mGET /js/footer.js [36m304[0m 0.932 ms - -[0m
2026-08-01 03:11:27 [INFO]: [0mGET /js/auth.js [36m304[0m 0.246 ms - -[0m
2026-08-01 03:11:27 [INFO]: [0mGET /auth/%7B%20%20publicId:%20'/public/default/profile.png',%20%20url:%20'https://res.cloudinary.com/desmwasfe/image/upload/v1781973939/default-avatar_d6ofmr.png'%7D [33m404[0m 39.638 ms - 241[0m
2026-08-01 03:11:27 [INFO]: [0mGET /auth/public/js/header.js [33m404[0m 44.000 ms - 88[0m
2026-08-01 03:11:36 [INFO]: [0mGET /admin/users [33m404[0m 0.903 ms - 75[0m
2026-08-01 03:17:01 [INFO]: MongoDB connected successfully.
2026-08-01 03:17:04 [INFO]: Email server connected successfully.
2026-08-01 03:17:04 [INFO]: Server is running on port 5132.
2026-08-01 03:22:35 [INFO]: [0mGET /admin/users [33m401[0m 4.045 ms - 55[0m
2026-08-01 03:22:44 [INFO]: [0mGET /auth/profile [32m200[0m 111.062 ms - -[0m
2026-08-01 03:22:44 [INFO]: [0mGET /css/style.css [36m304[0m 1.288 ms - -[0m
2026-08-01 03:22:44 [INFO]: [0mGET /css/profile.css [36m304[0m 1.408 ms - -[0m
2026-08-01 03:22:44 [INFO]: [0mGET /images/logo/plantora.png [36m304[0m 0.438 ms - -[0m
2026-08-01 03:22:44 [INFO]: [0mGET /auth/%7B%20%20publicId:%20'/public/default/profile.png',%20%20url:%20'https://res.cloudinary.com/desmwasfe/image/upload/v1781973939/default-avatar_d6ofmr.png'%7D [33m404[0m 40.105 ms - 241[0m
2026-08-01 03:22:44 [INFO]: [0mGET /js/profile.js [36m304[0m 5.511 ms - -[0m
2026-08-01 03:22:44 [INFO]: [0mGET /images/logo/plantora-orgn-white.png [36m304[0m 6.324 ms - -[0m
2026-08-01 03:22:44 [INFO]: [0mGET /js/featured.js [36m304[0m 3.961 ms - -[0m
2026-08-01 03:22:44 [INFO]: [0mGET /js/why-choose.js [36m304[0m 4.621 ms - -[0m
2026-08-01 03:22:44 [INFO]: [0mGET /css/variables.css [36m304[0m 1.320 ms - -[0m
2026-08-01 03:22:44 [INFO]: [0mGET /css/utilities.css [36m304[0m 1.797 ms - -[0m
2026-08-01 03:22:44 [INFO]: [0mGET /css/animations.css [36m304[0m 2.204 ms - -[0m
2026-08-01 03:22:44 [INFO]: [0mGET /css/announcement.css [36m304[0m 2.459 ms - -[0m
2026-08-01 03:22:44 [INFO]: [0mGET /css/header.css [36m304[0m 2.607 ms - -[0m
2026-08-01 03:22:44 [INFO]: [0mGET /css/hero.css [36m304[0m 1.828 ms - -[0m
2026-08-01 03:22:44 [INFO]: [0mGET /css/featured.css [36m304[0m 2.067 ms - -[0m
2026-08-01 03:22:44 [INFO]: [0mGET /css/why-choose.css [36m304[0m 1.722 ms - -[0m
2026-08-01 03:22:44 [INFO]: [0mGET /css/footer.css [36m304[0m 1.850 ms - -[0m
2026-08-01 03:22:44 [INFO]: [0mGET /css/auth.css [36m304[0m 2.031 ms - -[0m
2026-08-01 03:22:44 [INFO]: [0mGET /css/verify.css [36m304[0m 0.422 ms - -[0m
2026-08-01 03:22:44 [INFO]: [0mGET /js/notification.js [36m304[0m 0.587 ms - -[0m
2026-08-01 03:22:44 [INFO]: [0mGET /js/footer.js [36m304[0m 0.430 ms - -[0m
2026-08-01 03:22:44 [INFO]: [0mGET /js/auth.js [36m304[0m 0.673 ms - -[0m
2026-08-01 03:22:44 [INFO]: [0mGET /auth/public/js/header.js [33m404[0m 47.811 ms - 88[0m
2026-08-01 03:22:54 [INFO]: [0mGET /css/style.css [36m304[0m 2.315 ms - -[0m
2026-08-01 03:22:54 [INFO]: [0mGET /css/variables.css [36m304[0m 2.119 ms - -[0m
2026-08-01 03:22:54 [INFO]: [0mGET /css/utilities.css [36m304[0m 2.166 ms - -[0m
2026-08-01 03:22:54 [INFO]: [0mGET /css/animations.css [36m304[0m 2.570 ms - -[0m
2026-08-01 03:22:54 [INFO]: [0mGET /css/announcement.css [36m304[0m 2.724 ms - -[0m
2026-08-01 03:22:54 [INFO]: [0mGET /css/header.css [36m304[0m 2.696 ms - -[0m
2026-08-01 03:22:54 [INFO]: [0mGET /css/hero.css [36m304[0m 0.747 ms - -[0m
2026-08-01 03:22:54 [INFO]: [0mGET /css/featured.css [36m304[0m 1.031 ms - -[0m
2026-08-01 03:22:54 [INFO]: [0mGET /css/why-choose.css [36m304[0m 1.272 ms - -[0m
2026-08-01 03:22:54 [INFO]: [0mGET /css/footer.css [36m304[0m 2.279 ms - -[0m
2026-08-01 03:22:54 [INFO]: [0mGET /css/auth.css [36m304[0m 1.148 ms - -[0m
2026-08-01 03:22:54 [INFO]: [0mGET /css/verify.css [36m304[0m 1.427 ms - -[0m
2026-08-01 03:22:54 [INFO]: [0mGET /css/profile.css [36m304[0m 0.220 ms - -[0m
2026-08-01 03:22:54 [INFO]: [0mGET /.well-known/appspecific/com.chrome.devtools.json [33m404[0m 39.388 ms - 112[0m
2026-08-01 04:00:21 [INFO]: MongoDB connected successfully.
2026-08-01 04:00:24 [INFO]: Email server connected successfully.
2026-08-01 04:00:24 [INFO]: Server is running on port 5132.
2026-08-01 05:14:02 [INFO]: MongoDB connected successfully.
2026-08-01 05:14:05 [INFO]: Email server connected successfully.
2026-08-01 05:14:05 [INFO]: Server is running on port 5132.
2026-08-01 05:14:05 [INFO]: [0mGET / [32m200[0m 10.670 ms - -[0m
2026-08-01 05:14:05 [INFO]: [0mGET /css/style.css [36m304[0m 2.002 ms - -[0m
2026-08-01 05:14:05 [INFO]: [0mGET /images/logo/plantora.png [36m304[0m 2.092 ms - -[0m
2026-08-01 05:14:05 [INFO]: [0mGET /images/hero/hero-placeholder.png [36m304[0m 0.249 ms - -[0m
2026-08-01 05:14:06 [INFO]: [0mGET /images/hero/monstera-plant.jpg [36m304[0m 0.936 ms - -[0m
2026-08-01 05:14:06 [INFO]: [0mGET /images/hero/snake-plant.jpg [36m304[0m 1.310 ms - -[0m
2026-08-01 05:14:06 [INFO]: [0mGET /images/hero/peace-lily.jpg [36m304[0m 1.637 ms - -[0m
2026-08-01 05:14:06 [INFO]: [0mGET /public/js/header.js [33m404[0m 2.536 ms - 83[0m
2026-08-01 05:14:06 [INFO]: [0mGET /js/featured.js [36m304[0m 3.119 ms - -[0m
2026-08-01 05:14:06 [INFO]: [0mGET /css/variables.css [36m304[0m 1.378 ms - -[0m
2026-08-01 05:14:06 [INFO]: [0mGET /css/utilities.css [36m304[0m 1.645 ms - -[0m
2026-08-01 05:14:06 [INFO]: [0mGET /css/animations.css [36m304[0m 2.117 ms - -[0m
2026-08-01 05:14:06 [INFO]: [0mGET /css/announcement.css [36m304[0m 2.208 ms - -[0m
2026-08-01 05:14:06 [INFO]: [0mGET /css/header.css [36m304[0m 2.950 ms - -[0m
2026-08-01 05:14:06 [INFO]: [0mGET /css/hero.css [36m304[0m 1.745 ms - -[0m
2026-08-01 05:14:06 [INFO]: [0mGET /css/featured.css [36m304[0m 1.749 ms - -[0m
2026-08-01 05:14:06 [INFO]: [0mGET /css/why-choose.css [36m304[0m 2.065 ms - -[0m
2026-08-01 05:14:06 [INFO]: [0mGET /css/footer.css [36m304[0m 2.430 ms - -[0m
2026-08-01 05:14:06 [INFO]: [0mGET /css/auth.css [36m304[0m 2.738 ms - -[0m
2026-08-01 05:14:06 [INFO]: [0mGET /css/verify.css [36m304[0m 0.361 ms - -[0m
2026-08-01 05:14:06 [INFO]: [0mGET /js/why-choose.js [36m304[0m 0.369 ms - -[0m
2026-08-01 05:14:06 [INFO]: [0mGET /js/notification.js [36m304[0m 0.511 ms - -[0m
2026-08-01 05:14:06 [INFO]: [0mGET /js/footer.js [36m304[0m 0.776 ms - -[0m
2026-08-01 05:14:06 [INFO]: [0mGET /js/auth.js [36m304[0m 0.511 ms - -[0m
2026-08-01 05:14:06 [INFO]: [0mGET /images/hero/tulip-plant.jpg [36m304[0m 1.364 ms - -[0m
2026-08-01 05:14:06 [INFO]: [0mGET /images/hero/rubber-plant.jpg [36m304[0m 0.840 ms - -[0m
2026-08-01 05:14:06 [INFO]: [0mGET /images/hero/aloe-vera.jpg [36m304[0m 0.780 ms - -[0m
2026-08-01 05:14:06 [INFO]: [0mGET /images/hero/areca-palm.jpg [36m304[0m 0.931 ms - -[0m
2026-08-01 05:14:06 [INFO]: [0mGET /images/hero/jade-plant.jpg [36m304[0m 0.377 ms - -[0m
2026-08-01 05:14:06 [INFO]: [0mGET /images/hero/golden-pothos.jpg [36m304[0m 0.310 ms - -[0m
2026-08-01 05:14:06 [INFO]: [0mGET /images/hero/fiddle-leaf-fig.jpg [36m304[0m 0.447 ms - -[0m
2026-08-01 05:14:06 [INFO]: [0mGET /images/hero/why-choose.jpg [36m304[0m 0.317 ms - -[0m
2026-08-01 05:14:06 [INFO]: [0mGET /images/logo/plantora-orgn-white.png [36m304[0m 0.355 ms - -[0m
2026-08-01 05:14:53 [INFO]: Email sent successfully to 'customer_0004@yopmail.com'. Subject: 'Verify Your Plantora Account'.
2026-08-01 05:14:53 [INFO]: Customer registered successfully : customer_0004@yopmail.com
2026-08-01 05:14:53 [INFO]: [0mPOST /auth/register [32m201[0m 6561.711 ms - 97[0m
2026-08-01 05:15:06 [INFO]: Email verified successfully : customer_0004@yopmail.com
2026-08-01 05:15:06 [INFO]: [0mGET /auth/verify-email/7f42fa0e22853286f50af008a0f18abfc3ae5ea9cb9289d58d54022480e427f9 [32m200[0m 223.342 ms - -[0m
2026-08-01 05:15:06 [INFO]: [0mGET /css/style.css [36m304[0m 0.286 ms - -[0m
2026-08-01 05:15:06 [INFO]: [0mGET /auth/verify-email/public/js/header.js [33m404[0m 1.830 ms - 101[0m
2026-08-01 05:15:06 [INFO]: [0mGET /js/featured.js [36m304[0m 0.523 ms - -[0m
2026-08-01 05:15:06 [INFO]: [0mGET /js/why-choose.js [36m304[0m 1.435 ms - -[0m
2026-08-01 05:15:06 [INFO]: [0mGET /js/notification.js [36m304[0m 1.890 ms - -[0m
2026-08-01 05:15:06 [INFO]: [0mGET /js/footer.js [36m304[0m 2.322 ms - -[0m
2026-08-01 05:15:06 [INFO]: [0mGET /js/auth.js [36m304[0m 0.793 ms - -[0m
2026-08-01 05:15:06 [INFO]: [0mGET /js/verify.js [36m304[0m 0.792 ms - -[0m
2026-08-01 05:15:06 [INFO]: [0mGET /css/variables.css [36m304[0m 0.496 ms - -[0m
2026-08-01 05:15:06 [INFO]: [0mGET /css/utilities.css [36m304[0m 0.826 ms - -[0m
2026-08-01 05:15:06 [INFO]: [0mGET /css/animations.css [36m304[0m 1.864 ms - -[0m
2026-08-01 05:15:06 [INFO]: [0mGET /css/announcement.css [36m304[0m 1.378 ms - -[0m
2026-08-01 05:15:06 [INFO]: [0mGET /css/header.css [36m304[0m 1.587 ms - -[0m
2026-08-01 05:15:06 [INFO]: [0mGET /css/hero.css [36m304[0m 1.892 ms - -[0m
2026-08-01 05:15:06 [INFO]: [0mGET /css/featured.css [36m304[0m 1.176 ms - -[0m
2026-08-01 05:15:06 [INFO]: [0mGET /css/why-choose.css [36m304[0m 1.361 ms - -[0m
2026-08-01 05:15:06 [INFO]: [0mGET /css/footer.css [36m304[0m 1.782 ms - -[0m
2026-08-01 05:15:06 [INFO]: [0mGET /css/auth.css [36m304[0m 0.853 ms - -[0m
2026-08-01 05:15:06 [INFO]: [0mGET /css/verify.css [36m304[0m 0.981 ms - -[0m
2026-08-01 05:15:11 [INFO]: [0mGET /?openLogin=true [36m304[0m 4.855 ms - -[0m
2026-08-01 05:15:11 [INFO]: [0mGET /css/style.css [36m304[0m 0.425 ms - -[0m
2026-08-01 05:15:11 [INFO]: [0mGET /images/logo/plantora.png [36m304[0m 2.046 ms - -[0m
2026-08-01 05:15:11 [INFO]: [0mGET /images/hero/hero-placeholder.png [36m304[0m 1.220 ms - -[0m
2026-08-01 05:15:11 [INFO]: [0mGET /images/hero/monstera-plant.jpg [36m304[0m 0.430 ms - -[0m
2026-08-01 05:15:11 [INFO]: [0mGET /images/hero/snake-plant.jpg [36m304[0m 2.594 ms - -[0m
2026-08-01 05:15:11 [INFO]: [0mGET /images/hero/peace-lily.jpg [36m304[0m 2.808 ms - -[0m
2026-08-01 05:15:11 [INFO]: [0mGET /css/variables.css [36m304[0m 1.779 ms - -[0m
2026-08-01 05:15:11 [INFO]: [0mGET /public/js/header.js [33m404[0m 2.816 ms - 83[0m
2026-08-01 05:15:11 [INFO]: [0mGET /css/utilities.css [36m304[0m 1.809 ms - -[0m
2026-08-01 05:15:11 [INFO]: [0mGET /css/animations.css [36m304[0m 3.233 ms - -[0m
2026-08-01 05:15:11 [INFO]: [0mGET /css/announcement.css [36m304[0m 1.455 ms - -[0m
2026-08-01 05:15:11 [INFO]: [0mGET /css/header.css [36m304[0m 0.789 ms - -[0m
2026-08-01 05:15:11 [INFO]: [0mGET /css/hero.css [36m304[0m 1.172 ms - -[0m
2026-08-01 05:15:11 [INFO]: [0mGET /css/featured.css [36m304[0m 1.598 ms - -[0m
2026-08-01 05:15:11 [INFO]: [0mGET /css/why-choose.css [36m304[0m 2.025 ms - -[0m
2026-08-01 05:15:11 [INFO]: [0mGET /css/footer.css [36m304[0m 1.958 ms - -[0m
2026-08-01 05:15:11 [INFO]: [0mGET /css/auth.css [36m304[0m 1.243 ms - -[0m
2026-08-01 05:15:11 [INFO]: [0mGET /css/verify.css [36m304[0m 0.644 ms - -[0m
2026-08-01 05:15:11 [INFO]: [0mGET /js/featured.js [36m304[0m 0.277 ms - -[0m
2026-08-01 05:15:11 [INFO]: [0mGET /js/why-choose.js [36m304[0m 0.746 ms - -[0m
2026-08-01 05:15:11 [INFO]: [0mGET /js/notification.js [36m304[0m 0.487 ms - -[0m
2026-08-01 05:15:11 [INFO]: [0mGET /js/footer.js [36m304[0m 0.240 ms - -[0m
2026-08-01 05:15:11 [INFO]: [0mGET /js/auth.js [36m304[0m 0.181 ms - -[0m
2026-08-01 05:15:11 [INFO]: [0mGET /images/hero/tulip-plant.jpg [36m304[0m 0.296 ms - -[0m
2026-08-01 05:15:11 [INFO]: [0mGET /images/hero/rubber-plant.jpg [36m304[0m 0.864 ms - -[0m
2026-08-01 05:15:11 [INFO]: [0mGET /images/hero/aloe-vera.jpg [36m304[0m 1.045 ms - -[0m
2026-08-01 05:15:11 [INFO]: [0mGET /images/hero/areca-palm.jpg [36m304[0m 0.597 ms - -[0m
2026-08-01 05:15:11 [INFO]: [0mGET /images/hero/jade-plant.jpg [36m304[0m 0.245 ms - -[0m
2026-08-01 05:15:11 [INFO]: [0mGET /images/hero/golden-pothos.jpg [36m304[0m 0.321 ms - -[0m
2026-08-01 05:15:11 [INFO]: [0mGET /images/hero/fiddle-leaf-fig.jpg [36m304[0m 0.531 ms - -[0m
2026-08-01 05:15:11 [INFO]: [0mGET /images/hero/why-choose.jpg [36m304[0m 0.358 ms - -[0m
2026-08-01 05:15:11 [INFO]: [0mGET /images/logo/plantora-orgn-white.png [36m304[0m 0.486 ms - -[0m
2026-08-01 05:15:19 [INFO]: Login successful : customer_0004@yopmail.com
2026-08-01 05:15:19 [INFO]: [0mPOST /auth/login [32m200[0m 764.925 ms - 46[0m
2026-08-01 05:15:20 [INFO]: [0mGET / [32m200[0m 46.261 ms - -[0m
2026-08-01 05:15:20 [INFO]: [0mGET /css/style.css [36m304[0m 0.525 ms - -[0m
2026-08-01 05:15:20 [INFO]: [0mGET /images/logo/plantora.png [36m304[0m 0.178 ms - -[0m
2026-08-01 05:15:21 [INFO]: [0mGET /images/hero/hero-placeholder.png [36m304[0m 2.415 ms - -[0m
2026-08-01 05:15:21 [INFO]: [0mGET /js/featured.js [36m304[0m 2.556 ms - -[0m
2026-08-01 05:15:21 [INFO]: [0mGET /images/hero/monstera-plant.jpg [36m304[0m 2.849 ms - -[0m
2026-08-01 05:15:21 [INFO]: [0mGET /js/why-choose.js [36m304[0m 0.231 ms - -[0m
2026-08-01 05:15:21 [INFO]: [0mGET /css/variables.css [36m304[0m 0.690 ms - -[0m
2026-08-01 05:15:21 [INFO]: [0mGET /css/utilities.css [36m304[0m 1.042 ms - -[0m
2026-08-01 05:15:21 [INFO]: [0mGET /css/animations.css [36m304[0m 0.299 ms - -[0m
2026-08-01 05:15:21 [INFO]: [0mGET /css/announcement.css [36m304[0m 1.099 ms - -[0m
2026-08-01 05:15:21 [INFO]: [0mGET /css/header.css [36m304[0m 0.871 ms - -[0m
2026-08-01 05:15:21 [INFO]: [0mGET /css/hero.css [36m304[0m 0.710 ms - -[0m
2026-08-01 05:15:21 [INFO]: [0mGET /css/featured.css [36m304[0m 0.537 ms - -[0m
2026-08-01 05:15:21 [INFO]: [0mGET /css/why-choose.css [36m304[0m 0.762 ms - -[0m
2026-08-01 05:15:21 [INFO]: [0mGET /css/footer.css [36m304[0m 1.228 ms - -[0m
2026-08-01 05:15:21 [INFO]: [0mGET /css/auth.css [36m304[0m 0.888 ms - -[0m
2026-08-01 05:15:21 [INFO]: [0mGET /css/verify.css [36m304[0m 0.904 ms - -[0m
2026-08-01 05:15:21 [INFO]: [0mGET /js/notification.js [36m304[0m 1.102 ms - -[0m
2026-08-01 05:15:21 [INFO]: [0mGET /js/footer.js [36m304[0m 0.415 ms - -[0m
2026-08-01 05:15:21 [INFO]: [0mGET /js/auth.js [36m304[0m 0.722 ms - -[0m
2026-08-01 05:15:21 [INFO]: [0mGET /images/hero/snake-plant.jpg [36m304[0m 1.229 ms - -[0m
2026-08-01 05:15:21 [INFO]: [0mGET /images/hero/peace-lily.jpg [36m304[0m 0.362 ms - -[0m
2026-08-01 05:15:21 [INFO]: [0mGET /images/hero/tulip-plant.jpg [36m304[0m 0.246 ms - -[0m
2026-08-01 05:15:21 [INFO]: [0mGET /images/hero/rubber-plant.jpg [36m304[0m 0.320 ms - -[0m
2026-08-01 05:15:21 [INFO]: [0mGET /images/hero/aloe-vera.jpg [36m304[0m 1.343 ms - -[0m
2026-08-01 05:15:21 [INFO]: [0mGET /%7B%20%20publicId:%20'/public/default/profile.png',%20%20url:%20'https://res.cloudinary.com/desmwasfe/image/upload/v1781973939/default-avatar_d6ofmr.png'%7D [33m404[0m 39.408 ms - 236[0m
2026-08-01 05:15:21 [INFO]: [0mGET /images/hero/areca-palm.jpg [36m304[0m 2.788 ms - -[0m
2026-08-01 05:15:21 [INFO]: [0mGET /images/hero/golden-pothos.jpg [36m304[0m 0.507 ms - -[0m
2026-08-01 05:15:21 [INFO]: [0mGET /images/hero/jade-plant.jpg [36m304[0m 1.096 ms - -[0m
2026-08-01 05:15:21 [INFO]: [0mGET /images/hero/fiddle-leaf-fig.jpg [36m304[0m 1.070 ms - -[0m
2026-08-01 05:15:21 [INFO]: [0mGET /images/hero/why-choose.jpg [36m304[0m 0.293 ms - -[0m
2026-08-01 05:15:21 [INFO]: [0mGET /images/logo/plantora-orgn-white.png [36m304[0m 0.423 ms - -[0m
2026-08-01 05:15:21 [INFO]: [0mGET /public/js/header.js [33m404[0m 83.882 ms - 83[0m
2026-08-01 05:15:22 [INFO]: [0mGET /auth/profile [32m200[0m 218.276 ms - -[0m
2026-08-01 05:15:22 [INFO]: [0mGET /css/style.css [36m304[0m 0.597 ms - -[0m
2026-08-01 05:15:22 [INFO]: [0mGET /css/profile.css [36m304[0m 0.868 ms - -[0m
2026-08-01 05:15:22 [INFO]: [0mGET /images/logo/plantora.png [36m304[0m 1.104 ms - -[0m
2026-08-01 05:15:22 [INFO]: [0mGET /js/profile.js [36m304[0m 2.103 ms - -[0m
2026-08-01 05:15:22 [INFO]: [0mGET /images/logo/plantora-orgn-white.png [36m304[0m 2.371 ms - -[0m
2026-08-01 05:15:22 [INFO]: [0mGET /js/featured.js [36m304[0m 3.860 ms - -[0m
2026-08-01 05:15:22 [INFO]: [0mGET /js/why-choose.js [36m304[0m 4.064 ms - -[0m
2026-08-01 05:15:22 [INFO]: [0mGET /css/variables.css [36m304[0m 0.604 ms - -[0m
2026-08-01 05:15:22 [INFO]: [0mGET /css/utilities.css [36m304[0m 0.774 ms - -[0m
2026-08-01 05:15:22 [INFO]: [0mGET /css/animations.css [36m304[0m 1.421 ms - -[0m
2026-08-01 05:15:22 [INFO]: [0mGET /css/announcement.css [36m304[0m 1.579 ms - -[0m
2026-08-01 05:15:22 [INFO]: [0mGET /css/header.css [36m304[0m 1.592 ms - -[0m
2026-08-01 05:15:22 [INFO]: [0mGET /css/hero.css [36m304[0m 1.723 ms - -[0m
2026-08-01 05:15:22 [INFO]: [0mGET /css/featured.css [36m304[0m 1.152 ms - -[0m
2026-08-01 05:15:22 [INFO]: [0mGET /css/why-choose.css [36m304[0m 0.530 ms - -[0m
2026-08-01 05:15:22 [INFO]: [0mGET /css/footer.css [36m304[0m 1.060 ms - -[0m
2026-08-01 05:15:22 [INFO]: [0mGET /css/auth.css [36m304[0m 0.897 ms - -[0m
2026-08-01 05:15:22 [INFO]: [0mGET /css/verify.css [36m304[0m 0.317 ms - -[0m
2026-08-01 05:15:22 [INFO]: [0mGET /js/notification.js [36m304[0m 0.579 ms - -[0m
2026-08-01 05:15:22 [INFO]: [0mGET /js/footer.js [36m304[0m 0.364 ms - -[0m
2026-08-01 05:15:22 [INFO]: [0mGET /js/auth.js [36m304[0m 0.734 ms - -[0m
2026-08-01 05:15:23 [INFO]: [0mGET /auth/%7B%20%20publicId:%20'/public/default/profile.png',%20%20url:%20'https://res.cloudinary.com/desmwasfe/image/upload/v1781973939/default-avatar_d6ofmr.png'%7D [33m404[0m 171.038 ms - 241[0m
2026-08-01 05:15:23 [INFO]: [0mGET /auth/public/js/header.js [33m404[0m 162.284 ms - 88[0m
2026-08-01 05:15:31 [INFO]: Notification sent successfully. Recipient: 6a6bd604b8ef49ebecf645e3, Type: seller
2026-08-01 05:15:37 [INFO]: Email sent successfully to 'plantora-admin@yopmail.com'. Subject: 'New Seller Request - Plantora'.
2026-08-01 05:15:37 [INFO]: Seller request submitted: customer_0004@yopmail.com
2026-08-01 05:15:37 [INFO]: [0mPOST /auth/become-seller [36m302[0m 6186.275 ms - 112[0m
2026-08-01 05:15:37 [INFO]: [0mGET /auth/profile?type=success&message=Seller%20request%20submitted%20successfully. [32m200[0m 241.563 ms - -[0m
2026-08-01 05:15:37 [INFO]: [0mGET /css/style.css [36m304[0m 0.428 ms - -[0m
2026-08-01 05:15:37 [INFO]: [0mGET /css/profile.css [36m304[0m 1.019 ms - -[0m
2026-08-01 05:15:37 [INFO]: [0mGET /images/logo/plantora.png [36m304[0m 0.329 ms - -[0m
2026-08-01 05:15:37 [INFO]: [0mGET /js/profile.js [36m304[0m 0.601 ms - -[0m
2026-08-01 05:15:37 [INFO]: [0mGET /images/logo/plantora-orgn-white.png [36m304[0m 0.826 ms - -[0m
2026-08-01 05:15:37 [INFO]: [0mGET /css/variables.css [36m304[0m 0.926 ms - -[0m
2026-08-01 05:15:37 [INFO]: [0mGET /css/utilities.css [36m304[0m 1.777 ms - -[0m
2026-08-01 05:15:37 [INFO]: [0mGET /css/animations.css [36m304[0m 0.322 ms - -[0m
2026-08-01 05:15:37 [INFO]: [0mGET /css/announcement.css [36m304[0m 0.577 ms - -[0m
2026-08-01 05:15:37 [INFO]: [0mGET /css/header.css [36m304[0m 1.105 ms - -[0m
2026-08-01 05:15:37 [INFO]: [0mGET /css/hero.css [36m304[0m 0.649 ms - -[0m
2026-08-01 05:15:37 [INFO]: [0mGET /css/featured.css [36m304[0m 0.649 ms - -[0m
2026-08-01 05:15:37 [INFO]: [0mGET /css/why-choose.css [36m304[0m 0.760 ms - -[0m
2026-08-01 05:15:37 [INFO]: [0mGET /css/footer.css [36m304[0m 0.475 ms - -[0m
2026-08-01 05:15:37 [INFO]: [0mGET /css/auth.css [36m304[0m 0.259 ms - -[0m
2026-08-01 05:15:37 [INFO]: [0mGET /css/verify.css [36m304[0m 0.558 ms - -[0m
2026-08-01 05:15:37 [INFO]: [0mGET /js/featured.js [36m304[0m 0.348 ms - -[0m
2026-08-01 05:15:37 [INFO]: [0mGET /js/why-choose.js [36m304[0m 0.956 ms - -[0m
2026-08-01 05:15:37 [INFO]: [0mGET /js/notification.js [36m304[0m 0.182 ms - -[0m
2026-08-01 05:15:37 [INFO]: [0mGET /js/footer.js [36m304[0m 0.523 ms - -[0m
2026-08-01 05:15:37 [INFO]: [0mGET /js/auth.js [36m304[0m 0.246 ms - -[0m
2026-08-01 05:15:37 [INFO]: [0mGET /auth/%7B%20%20publicId:%20'/public/default/profile.png',%20%20url:%20'https://res.cloudinary.com/desmwasfe/image/upload/v1781973939/default-avatar_d6ofmr.png'%7D [33m404[0m 76.311 ms - 241[0m
2026-08-01 05:15:37 [INFO]: [0mGET /auth/public/js/header.js [33m404[0m 67.226 ms - 88[0m
2026-08-01 05:15:44 [INFO]: [0mGET /admin/users/seller-request/6a6d336fdbe7cbd62f523d7a [33m401[0m 1.018 ms - 55[0m
2026-08-01 05:18:00 [INFO]: Logout successful : customer_0004@yopmail.com
2026-08-01 05:18:00 [INFO]: [0mPOST /auth/logout [36m302[0m 744.505 ms - 30[0m
2026-08-01 05:18:00 [INFO]: [0mGET / [32m200[0m 3.583 ms - -[0m
2026-08-01 05:18:00 [INFO]: [0mGET /css/style.css [36m304[0m 1.028 ms - -[0m
2026-08-01 05:18:00 [INFO]: [0mGET /images/logo/plantora.png [36m304[0m 1.208 ms - -[0m
2026-08-01 05:18:00 [INFO]: [0mGET /images/hero/hero-placeholder.png [36m304[0m 0.264 ms - -[0m
2026-08-01 05:18:00 [INFO]: [0mGET /images/hero/monstera-plant.jpg [36m304[0m 0.384 ms - -[0m
2026-08-01 05:18:00 [INFO]: [0mGET /images/hero/snake-plant.jpg [36m304[0m 0.278 ms - -[0m
2026-08-01 05:18:00 [INFO]: [0mGET /images/hero/peace-lily.jpg [36m304[0m 0.681 ms - -[0m
2026-08-01 05:18:00 [INFO]: [0mGET /public/js/header.js [33m404[0m 1.047 ms - 83[0m
2026-08-01 05:18:00 [INFO]: [0mGET /css/variables.css [36m304[0m 0.333 ms - -[0m
2026-08-01 05:18:00 [INFO]: [0mGET /css/utilities.css [36m304[0m 0.897 ms - -[0m
2026-08-01 05:18:00 [INFO]: [0mGET /css/animations.css [36m304[0m 0.695 ms - -[0m
2026-08-01 05:18:00 [INFO]: [0mGET /css/announcement.css [36m304[0m 0.982 ms - -[0m
2026-08-01 05:18:00 [INFO]: [0mGET /css/header.css [36m304[0m 1.242 ms - -[0m
2026-08-01 05:18:00 [INFO]: [0mGET /css/hero.css [36m304[0m 1.892 ms - -[0m
2026-08-01 05:18:00 [INFO]: [0mGET /css/featured.css [36m304[0m 0.995 ms - -[0m
2026-08-01 05:18:00 [INFO]: [0mGET /css/why-choose.css [36m304[0m 0.614 ms - -[0m
2026-08-01 05:18:00 [INFO]: [0mGET /css/footer.css [36m304[0m 1.167 ms - -[0m
2026-08-01 05:18:00 [INFO]: [0mGET /css/auth.css [36m304[0m 1.117 ms - -[0m
2026-08-01 05:18:00 [INFO]: [0mGET /css/verify.css [36m304[0m 1.371 ms - -[0m
2026-08-01 05:18:00 [INFO]: [0mGET /js/featured.js [36m304[0m 0.988 ms - -[0m
2026-08-01 05:18:00 [INFO]: [0mGET /js/why-choose.js [36m304[0m 1.332 ms - -[0m
2026-08-01 05:18:00 [INFO]: [0mGET /js/notification.js [36m304[0m 0.256 ms - -[0m
2026-08-01 05:18:00 [INFO]: [0mGET /js/footer.js [36m304[0m 0.371 ms - -[0m
2026-08-01 05:18:00 [INFO]: [0mGET /js/auth.js [36m304[0m 0.524 ms - -[0m
2026-08-01 05:18:00 [INFO]: [0mGET /images/hero/tulip-plant.jpg [36m304[0m 0.682 ms - -[0m
2026-08-01 05:18:00 [INFO]: [0mGET /images/hero/rubber-plant.jpg [36m304[0m 1.002 ms - -[0m
2026-08-01 05:18:00 [INFO]: [0mGET /images/hero/aloe-vera.jpg [36m304[0m 0.790 ms - -[0m
2026-08-01 05:18:00 [INFO]: [0mGET /images/hero/areca-palm.jpg [36m304[0m 0.723 ms - -[0m
2026-08-01 05:18:00 [INFO]: [0mGET /images/hero/jade-plant.jpg [36m304[0m 1.166 ms - -[0m
2026-08-01 05:18:00 [INFO]: [0mGET /images/hero/golden-pothos.jpg [36m304[0m 1.245 ms - -[0m
2026-08-01 05:18:00 [INFO]: [0mGET /images/hero/fiddle-leaf-fig.jpg [36m304[0m 0.404 ms - -[0m
2026-08-01 05:18:00 [INFO]: [0mGET /images/hero/why-choose.jpg [36m304[0m 0.756 ms - -[0m
2026-08-01 05:18:00 [INFO]: [0mGET /images/logo/plantora-orgn-white.png [36m304[0m 1.095 ms - -[0m
2026-08-01 05:18:06 [INFO]: [0mGET /auth/verify-email/7f42fa0e22853286f50af008a0f18abfc3ae5ea9cb9289d58d54022480e427f9 [32m200[0m 42.674 ms - -[0m
2026-08-01 05:18:06 [INFO]: [0mGET /css/style.css [36m304[0m 0.531 ms - -[0m
2026-08-01 05:18:06 [INFO]: [0mGET /auth/verify-email/public/js/header.js [33m404[0m 0.981 ms - 101[0m
2026-08-01 05:18:06 [INFO]: [0mGET /js/featured.js [36m304[0m 0.274 ms - -[0m
2026-08-01 05:18:06 [INFO]: [0mGET /js/why-choose.js [36m304[0m 0.987 ms - -[0m
2026-08-01 05:18:06 [INFO]: [0mGET /js/notification.js [36m304[0m 0.621 ms - -[0m
2026-08-01 05:18:06 [INFO]: [0mGET /js/footer.js [36m304[0m 0.847 ms - -[0m
2026-08-01 05:18:06 [INFO]: [0mGET /js/auth.js [36m304[0m 0.667 ms - -[0m
2026-08-01 05:18:06 [INFO]: [0mGET /js/verify.js [36m304[0m 1.104 ms - -[0m
2026-08-01 05:18:06 [INFO]: [0mGET /css/variables.css [36m304[0m 0.951 ms - -[0m
2026-08-01 05:18:06 [INFO]: [0mGET /css/utilities.css [36m304[0m 1.312 ms - -[0m
2026-08-01 05:18:06 [INFO]: [0mGET /css/animations.css [36m304[0m 1.694 ms - -[0m
2026-08-01 05:18:06 [INFO]: [0mGET /css/announcement.css [36m304[0m 1.966 ms - -[0m
2026-08-01 05:18:06 [INFO]: [0mGET /css/hero.css [36m304[0m 0.541 ms - -[0m
2026-08-01 05:18:06 [INFO]: [0mGET /css/header.css [36m304[0m 1.008 ms - -[0m
2026-08-01 05:18:06 [INFO]: [0mGET /css/featured.css [36m304[0m 1.079 ms - -[0m
2026-08-01 05:18:06 [INFO]: [0mGET /css/why-choose.css [36m304[0m 0.775 ms - -[0m
2026-08-01 05:18:06 [INFO]: [0mGET /css/footer.css [36m304[0m 1.797 ms - -[0m
2026-08-01 05:18:06 [INFO]: [0mGET /css/auth.css [36m304[0m 1.246 ms - -[0m
2026-08-01 05:18:06 [INFO]: [0mGET /css/verify.css [36m304[0m 2.276 ms - -[0m
2026-08-01 05:18:08 [INFO]: [0mGET / [32m200[0m 7.042 ms - -[0m
2026-08-01 05:18:08 [INFO]: [0mGET /css/style.css [36m304[0m 1.117 ms - -[0m
2026-08-01 05:18:08 [INFO]: [0mGET /images/logo/plantora.png [36m304[0m 1.421 ms - -[0m
2026-08-01 05:18:08 [INFO]: [0mGET /images/hero/hero-placeholder.png [36m304[0m 1.795 ms - -[0m
2026-08-01 05:18:09 [INFO]: [0mGET /css/variables.css [36m304[0m 0.931 ms - -[0m
2026-08-01 05:18:09 [INFO]: [0mGET /css/utilities.css [36m304[0m 1.258 ms - -[0m
2026-08-01 05:18:09 [INFO]: [0mGET /css/animations.css [36m304[0m 1.442 ms - -[0m
2026-08-01 05:18:09 [INFO]: [0mGET /css/header.css [36m304[0m 2.032 ms - -[0m
2026-08-01 05:18:09 [INFO]: [0mGET /css/announcement.css [36m304[0m 2.648 ms - -[0m
2026-08-01 05:18:09 [INFO]: [0mGET /css/hero.css [36m304[0m 1.900 ms - -[0m
2026-08-01 05:18:09 [INFO]: [0mGET /css/featured.css [36m304[0m 1.441 ms - -[0m
2026-08-01 05:18:09 [INFO]: [0mGET /css/why-choose.css [36m304[0m 1.519 ms - -[0m
2026-08-01 05:18:09 [INFO]: [0mGET /css/footer.css [36m304[0m 2.170 ms - -[0m
2026-08-01 05:18:09 [INFO]: [0mGET /css/auth.css [36m304[0m 0.866 ms - -[0m
2026-08-01 05:18:09 [INFO]: [0mGET /css/verify.css [36m304[0m 1.490 ms - -[0m
2026-08-01 05:18:09 [INFO]: [0mGET /images/hero/monstera-plant.jpg [36m304[0m 1.333 ms - -[0m
2026-08-01 05:18:09 [INFO]: [0mGET /images/hero/snake-plant.jpg [36m304[0m 1.171 ms - -[0m
2026-08-01 05:18:09 [INFO]: [0mGET /images/hero/peace-lily.jpg [36m304[0m 1.665 ms - -[0m
2026-08-01 05:18:09 [INFO]: [0mGET /public/js/header.js [33m404[0m 3.742 ms - 83[0m
2026-08-01 05:18:09 [INFO]: [0mGET /js/featured.js [36m304[0m 2.536 ms - -[0m
2026-08-01 05:18:09 [INFO]: [0mGET /js/why-choose.js [36m304[0m 0.499 ms - -[0m
2026-08-01 05:18:09 [INFO]: [0mGET /js/notification.js [36m304[0m 0.800 ms - -[0m
2026-08-01 05:18:09 [INFO]: [0mGET /js/footer.js [36m304[0m 0.492 ms - -[0m
2026-08-01 05:18:09 [INFO]: [0mGET /js/auth.js [36m304[0m 0.756 ms - -[0m
2026-08-01 05:18:09 [INFO]: [0mGET /images/hero/tulip-plant.jpg [36m304[0m 1.086 ms - -[0m
2026-08-01 05:18:09 [INFO]: [0mGET /images/hero/rubber-plant.jpg [36m304[0m 0.393 ms - -[0m
2026-08-01 05:18:09 [INFO]: [0mGET /images/hero/aloe-vera.jpg [36m304[0m 1.004 ms - -[0m
2026-08-01 05:18:09 [INFO]: [0mGET /images/hero/areca-palm.jpg [36m304[0m 0.731 ms - -[0m
2026-08-01 05:18:09 [INFO]: [0mGET /images/hero/jade-plant.jpg [36m304[0m 0.186 ms - -[0m
2026-08-01 05:18:09 [INFO]: [0mGET /images/hero/golden-pothos.jpg [36m304[0m 0.338 ms - -[0m
2026-08-01 05:18:09 [INFO]: [0mGET /images/hero/fiddle-leaf-fig.jpg [36m304[0m 0.239 ms - -[0m
2026-08-01 05:18:09 [INFO]: [0mGET /images/hero/why-choose.jpg [36m304[0m 0.467 ms - -[0m
2026-08-01 05:18:09 [INFO]: [0mGET /images/logo/plantora-orgn-white.png [36m304[0m 0.456 ms - -[0m
2026-08-01 05:18:28 [INFO]: Login successful : customer_0004@yopmail.com
2026-08-01 05:18:28 [INFO]: [0mPOST /auth/login [32m200[0m 696.109 ms - 46[0m
2026-08-01 05:18:29 [INFO]: [0mGET / [32m200[0m 114.551 ms - -[0m
2026-08-01 05:18:29 [INFO]: [0mGET /css/style.css [36m304[0m 0.989 ms - -[0m
2026-08-01 05:18:29 [INFO]: [0mGET /images/logo/plantora.png [36m304[0m 0.985 ms - -[0m
2026-08-01 05:18:29 [INFO]: [0mGET /images/hero/hero-placeholder.png [36m304[0m 0.797 ms - -[0m
2026-08-01 05:18:29 [INFO]: [0mGET /images/hero/monstera-plant.jpg [36m304[0m 1.216 ms - -[0m
2026-08-01 05:18:29 [INFO]: [0mGET /js/featured.js [36m304[0m 2.139 ms - -[0m
2026-08-01 05:18:29 [INFO]: [0mGET /css/variables.css [36m304[0m 0.478 ms - -[0m
2026-08-01 05:18:29 [INFO]: [0mGET /css/utilities.css [36m304[0m 0.271 ms - -[0m
2026-08-01 05:18:29 [INFO]: [0mGET /css/animations.css [36m304[0m 1.113 ms - -[0m
2026-08-01 05:18:29 [INFO]: [0mGET /css/announcement.css [36m304[0m 0.834 ms - -[0m
2026-08-01 05:18:29 [INFO]: [0mGET /css/header.css [36m304[0m 0.771 ms - -[0m
2026-08-01 05:18:29 [INFO]: [0mGET /css/hero.css [36m304[0m 0.223 ms - -[0m
2026-08-01 05:18:29 [INFO]: [0mGET /css/featured.css [36m304[0m 0.387 ms - -[0m
2026-08-01 05:18:29 [INFO]: [0mGET /css/why-choose.css [36m304[0m 0.261 ms - -[0m
2026-08-01 05:18:29 [INFO]: [0mGET /css/footer.css [36m304[0m 0.601 ms - -[0m
2026-08-01 05:18:29 [INFO]: [0mGET /css/auth.css [36m304[0m 0.566 ms - -[0m
2026-08-01 05:18:29 [INFO]: [0mGET /css/verify.css [36m304[0m 1.166 ms - -[0m
2026-08-01 05:18:29 [INFO]: [0mGET /js/why-choose.js [36m304[0m 0.261 ms - -[0m
2026-08-01 05:18:29 [INFO]: [0mGET /js/notification.js [36m304[0m 0.788 ms - -[0m
2026-08-01 05:18:29 [INFO]: [0mGET /js/footer.js [36m304[0m 0.652 ms - -[0m
2026-08-01 05:18:29 [INFO]: [0mGET /js/auth.js [36m304[0m 0.501 ms - -[0m
2026-08-01 05:18:29 [INFO]: [0mGET /images/hero/snake-plant.jpg [36m304[0m 0.859 ms - -[0m
2026-08-01 05:18:29 [INFO]: [0mGET /images/hero/peace-lily.jpg [36m304[0m 1.253 ms - -[0m
2026-08-01 05:18:29 [INFO]: [0mGET /images/hero/tulip-plant.jpg [36m304[0m 0.482 ms - -[0m
2026-08-01 05:18:29 [INFO]: [0mGET /images/hero/rubber-plant.jpg [36m304[0m 0.359 ms - -[0m
2026-08-01 05:18:29 [INFO]: [0mGET /images/hero/aloe-vera.jpg [36m304[0m 0.443 ms - -[0m
2026-08-01 05:18:29 [INFO]: [0mGET /images/hero/areca-palm.jpg [36m304[0m 0.341 ms - -[0m
2026-08-01 05:18:29 [INFO]: [0mGET /images/hero/jade-plant.jpg [36m304[0m 0.481 ms - -[0m
2026-08-01 05:18:29 [INFO]: [0mGET /images/hero/golden-pothos.jpg [36m304[0m 0.265 ms - -[0m
2026-08-01 05:18:29 [INFO]: [0mGET /images/hero/fiddle-leaf-fig.jpg [36m304[0m 0.374 ms - -[0m
2026-08-01 05:18:29 [INFO]: [0mGET /images/hero/why-choose.jpg [36m304[0m 0.210 ms - -[0m
2026-08-01 05:18:29 [INFO]: [0mGET /images/logo/plantora-orgn-white.png [36m304[0m 0.327 ms - -[0m
2026-08-01 05:18:30 [INFO]: [0mGET /%7B%20%20publicId:%20'/public/default/profile.png',%20%20url:%20'https://res.cloudinary.com/desmwasfe/image/upload/v1781973939/default-avatar_d6ofmr.png'%7D [33m404[0m 92.683 ms - 236[0m
2026-08-01 05:18:30 [INFO]: [0mGET /public/js/header.js [33m404[0m 88.439 ms - 83[0m
2026-08-01 05:18:32 [INFO]: [0mGET /auth/profile [32m200[0m 186.899 ms - -[0m
2026-08-01 05:18:32 [INFO]: [0mGET /css/style.css [36m304[0m 0.385 ms - -[0m
2026-08-01 05:18:32 [INFO]: [0mGET /images/logo/plantora.png [36m304[0m 0.555 ms - -[0m
2026-08-01 05:18:32 [INFO]: [0mGET /css/profile.css [32m200[0m 2.825 ms - -[0m
2026-08-01 05:18:32 [INFO]: [0mGET /images/logo/plantora-orgn-white.png [36m304[0m 1.510 ms - -[0m
2026-08-01 05:18:32 [INFO]: [0mGET /js/featured.js [36m304[0m 2.250 ms - -[0m
2026-08-01 05:18:32 [INFO]: [0mGET /css/variables.css [36m304[0m 2.486 ms - -[0m
2026-08-01 05:18:32 [INFO]: [0mGET /css/utilities.css [36m304[0m 2.387 ms - -[0m
2026-08-01 05:18:32 [INFO]: [0mGET /css/animations.css [36m304[0m 0.538 ms - -[0m
2026-08-01 05:18:32 [INFO]: [0mGET /css/announcement.css [36m304[0m 1.178 ms - -[0m
2026-08-01 05:18:32 [INFO]: [0mGET /js/profile.js [32m200[0m 6.986 ms - -[0m
2026-08-01 05:18:32 [INFO]: [0mGET /css/header.css [36m304[0m 1.228 ms - -[0m
2026-08-01 05:18:32 [INFO]: [0mGET /css/hero.css [36m304[0m 0.684 ms - -[0m
2026-08-01 05:18:32 [INFO]: [0mGET /css/featured.css [36m304[0m 0.464 ms - -[0m
2026-08-01 05:18:32 [INFO]: [0mGET /css/why-choose.css [36m304[0m 0.301 ms - -[0m
2026-08-01 05:18:32 [INFO]: [0mGET /css/footer.css [36m304[0m 0.185 ms - -[0m
2026-08-01 05:18:32 [INFO]: [0mGET /css/auth.css [36m304[0m 0.524 ms - -[0m
2026-08-01 05:18:32 [INFO]: [0mGET /css/verify.css [36m304[0m 0.638 ms - -[0m
2026-08-01 05:18:32 [INFO]: [0mGET /js/why-choose.js [36m304[0m 1.527 ms - -[0m
2026-08-01 05:18:32 [INFO]: [0mGET /js/notification.js [36m304[0m 0.648 ms - -[0m
2026-08-01 05:18:32 [INFO]: [0mGET /js/footer.js [36m304[0m 0.441 ms - -[0m
2026-08-01 05:18:32 [INFO]: [0mGET /js/auth.js [36m304[0m 0.755 ms - -[0m
2026-08-01 05:18:32 [INFO]: [0mGET /auth/%7B%20%20publicId:%20'/public/default/profile.png',%20%20url:%20'https://res.cloudinary.com/desmwasfe/image/upload/v1781973939/default-avatar_d6ofmr.png'%7D [33m404[0m 79.406 ms - 241[0m
2026-08-01 05:18:32 [INFO]: [0mGET /auth/public/js/header.js [33m404[0m 90.918 ms - 88[0m
2026-08-01 05:19:11 [INFO]: Login successful : plantora-admin@yopmail.com
2026-08-01 05:19:11 [INFO]: [0mPOST /auth/login [32m200[0m 755.923 ms - 46[0m
2026-08-01 05:19:13 [INFO]: [0mGET / [32m200[0m 114.924 ms - -[0m
2026-08-01 05:19:13 [INFO]: [0mGET /css/style.css [36m304[0m 0.588 ms - -[0m
2026-08-01 05:19:13 [INFO]: [0mGET /images/logo/plantora.png [36m304[0m 1.018 ms - -[0m
2026-08-01 05:19:13 [INFO]: [0mGET /images/hero/hero-placeholder.png [36m304[0m 0.526 ms - -[0m
2026-08-01 05:19:13 [INFO]: [0mGET /images/hero/monstera-plant.jpg [36m304[0m 0.467 ms - -[0m
2026-08-01 05:19:13 [INFO]: [0mGET /js/featured.js [36m304[0m 2.026 ms - -[0m
2026-08-01 05:19:13 [INFO]: [0mGET /js/why-choose.js [36m304[0m 0.394 ms - -[0m
2026-08-01 05:19:13 [INFO]: [0mGET /css/variables.css [36m304[0m 0.549 ms - -[0m
2026-08-01 05:19:13 [INFO]: [0mGET /css/utilities.css [36m304[0m 1.670 ms - -[0m
2026-08-01 05:19:13 [INFO]: [0mGET /css/animations.css [36m304[0m 0.469 ms - -[0m
2026-08-01 05:19:13 [INFO]: [0mGET /css/announcement.css [36m304[0m 0.285 ms - -[0m
2026-08-01 05:19:13 [INFO]: [0mGET /css/header.css [36m304[0m 0.527 ms - -[0m
2026-08-01 05:19:13 [INFO]: [0mGET /css/hero.css [36m304[0m 0.930 ms - -[0m
2026-08-01 05:19:13 [INFO]: [0mGET /css/featured.css [36m304[0m 0.236 ms - -[0m
2026-08-01 05:19:13 [INFO]: [0mGET /css/why-choose.css [36m304[0m 0.341 ms - -[0m
2026-08-01 05:19:13 [INFO]: [0mGET /css/footer.css [36m304[0m 0.725 ms - -[0m
2026-08-01 05:19:13 [INFO]: [0mGET /css/auth.css [36m304[0m 1.128 ms - -[0m
2026-08-01 05:19:13 [INFO]: [0mGET /css/verify.css [36m304[0m 0.522 ms - -[0m
2026-08-01 05:19:13 [INFO]: [0mGET /js/notification.js [36m304[0m 0.249 ms - -[0m
2026-08-01 05:19:13 [INFO]: [0mGET /js/footer.js [36m304[0m 0.439 ms - -[0m
2026-08-01 05:19:13 [INFO]: [0mGET /js/auth.js [36m304[0m 0.614 ms - -[0m
2026-08-01 05:19:13 [INFO]: [0mGET /images/hero/snake-plant.jpg [36m304[0m 0.755 ms - -[0m
2026-08-01 05:19:13 [INFO]: [0mGET /images/hero/peace-lily.jpg [36m304[0m 0.611 ms - -[0m
2026-08-01 05:19:13 [INFO]: [0mGET /images/hero/tulip-plant.jpg [36m304[0m 0.229 ms - -[0m
2026-08-01 05:19:13 [INFO]: [0mGET /images/hero/rubber-plant.jpg [36m304[0m 0.265 ms - -[0m
2026-08-01 05:19:13 [INFO]: [0mGET /images/hero/aloe-vera.jpg [36m304[0m 0.195 ms - -[0m
2026-08-01 05:19:13 [INFO]: [0mGET /images/hero/areca-palm.jpg [36m304[0m 0.162 ms - -[0m
2026-08-01 05:19:13 [INFO]: [0mGET /images/hero/jade-plant.jpg [36m304[0m 0.272 ms - -[0m
2026-08-01 05:19:13 [INFO]: [0mGET /images/hero/golden-pothos.jpg [36m304[0m 0.310 ms - -[0m
2026-08-01 05:19:13 [INFO]: [0mGET /images/hero/fiddle-leaf-fig.jpg [36m304[0m 0.393 ms - -[0m
2026-08-01 05:19:13 [INFO]: [0mGET /images/hero/why-choose.jpg [36m304[0m 0.181 ms - -[0m
2026-08-01 05:19:13 [INFO]: [0mGET /images/logo/plantora-orgn-white.png [36m304[0m 0.284 ms - -[0m
2026-08-01 05:19:13 [INFO]: [0mGET /%7B%20%20publicId:%20'/public/default/profile.png',%20%20url:%20'https://res.cloudinary.com/desmwasfe/image/upload/v1781973939/default-avatar_d6ofmr.png'%7D [33m404[0m 77.664 ms - 236[0m
2026-08-01 05:19:13 [INFO]: [0mGET /public/js/header.js [33m404[0m 75.677 ms - 83[0m
2026-08-01 05:19:15 [INFO]: [0mGET /auth/profile [32m200[0m 244.799 ms - -[0m
2026-08-01 05:19:15 [INFO]: [0mGET /css/style.css [36m304[0m 0.995 ms - -[0m
2026-08-01 05:19:15 [INFO]: [0mGET /css/profile.css [36m304[0m 1.697 ms - -[0m
2026-08-01 05:19:15 [INFO]: [0mGET /images/logo/plantora.png [36m304[0m 2.045 ms - -[0m
2026-08-01 05:19:15 [INFO]: [0mGET /js/profile.js [36m304[0m 0.310 ms - -[0m
2026-08-01 05:19:15 [INFO]: [0mGET /images/logo/plantora-orgn-white.png [36m304[0m 0.262 ms - -[0m
2026-08-01 05:19:15 [INFO]: [0mGET /js/featured.js [36m304[0m 1.472 ms - -[0m
2026-08-01 05:19:15 [INFO]: [0mGET /js/why-choose.js [36m304[0m 0.657 ms - -[0m
2026-08-01 05:19:15 [INFO]: [0mGET /css/variables.css [36m304[0m 1.389 ms - -[0m
2026-08-01 05:19:15 [INFO]: [0mGET /css/utilities.css [36m304[0m 0.732 ms - -[0m
2026-08-01 05:19:15 [INFO]: [0mGET /css/animations.css [36m304[0m 0.489 ms - -[0m
2026-08-01 05:19:15 [INFO]: [0mGET /css/announcement.css [36m304[0m 0.491 ms - -[0m
2026-08-01 05:19:15 [INFO]: [0mGET /css/header.css [36m304[0m 0.955 ms - -[0m
2026-08-01 05:19:15 [INFO]: [0mGET /css/hero.css [36m304[0m 0.626 ms - -[0m
2026-08-01 05:19:15 [INFO]: [0mGET /css/featured.css [36m304[0m 0.976 ms - -[0m
2026-08-01 05:19:15 [INFO]: [0mGET /css/why-choose.css [36m304[0m 0.842 ms - -[0m
2026-08-01 05:19:15 [INFO]: [0mGET /css/footer.css [36m304[0m 0.558 ms - -[0m
2026-08-01 05:19:15 [INFO]: [0mGET /css/auth.css [36m304[0m 0.588 ms - -[0m
2026-08-01 05:19:15 [INFO]: [0mGET /css/verify.css [36m304[0m 0.199 ms - -[0m
2026-08-01 05:19:15 [INFO]: [0mGET /js/notification.js [36m304[0m 0.237 ms - -[0m
2026-08-01 05:19:15 [INFO]: [0mGET /js/footer.js [36m304[0m 0.438 ms - -[0m
2026-08-01 05:19:15 [INFO]: [0mGET /js/auth.js [36m304[0m 0.296 ms - -[0m
2026-08-01 05:19:15 [INFO]: [0mGET /auth/%7B%20%20publicId:%20'/public/default/profile.png',%20%20url:%20'https://res.cloudinary.com/desmwasfe/image/upload/v1781973939/default-avatar_d6ofmr.png'%7D [33m404[0m 38.138 ms - 241[0m
2026-08-01 05:19:15 [INFO]: [0mGET /auth/public/js/header.js [33m404[0m 41.246 ms - 88[0m
2026-08-01 05:19:35 [INFO]: [0mGET /admin/users/seller-request/6a6d336fdbe7cbd62f523d7a [33m401[0m 0.445 ms - 55[0m
2026-08-01 05:20:15 [INFO]: [0mGET /auth/profile [33m401[0m 148.355 ms - 53[0m
2026-08-01 05:20:17 [INFO]: [0mGET /auth/verify-email/7f42fa0e22853286f50af008a0f18abfc3ae5ea9cb9289d58d54022480e427f9 [32m200[0m 83.188 ms - -[0m
2026-08-01 05:20:23 [INFO]: [0mGET / [32m200[0m 107.263 ms - -[0m
2026-08-01 05:20:23 [INFO]: [0mGET /css/style.css [36m304[0m 0.692 ms - -[0m
2026-08-01 05:20:23 [INFO]: [0mGET /images/logo/plantora.png [36m304[0m 2.707 ms - -[0m
2026-08-01 05:20:23 [INFO]: [0mGET /images/hero/hero-placeholder.png [36m304[0m 3.737 ms - -[0m
2026-08-01 05:20:23 [INFO]: [0mGET /images/hero/monstera-plant.jpg [36m304[0m 0.317 ms - -[0m
2026-08-01 05:20:23 [INFO]: [0mGET /images/hero/snake-plant.jpg [36m304[0m 0.531 ms - -[0m
2026-08-01 05:20:23 [INFO]: [0mGET /images/hero/peace-lily.jpg [36m304[0m 0.541 ms - -[0m
2026-08-01 05:20:23 [INFO]: [0mGET /js/featured.js [36m304[0m 1.565 ms - -[0m
2026-08-01 05:20:23 [INFO]: [0mGET /js/why-choose.js [36m304[0m 1.849 ms - -[0m
2026-08-01 05:20:23 [INFO]: [0mGET /css/variables.css [36m304[0m 1.101 ms - -[0m
2026-08-01 05:20:23 [INFO]: [0mGET /css/utilities.css [36m304[0m 1.028 ms - -[0m
2026-08-01 05:20:23 [INFO]: [0mGET /js/notification.js [36m304[0m 1.065 ms - -[0m
2026-08-01 05:20:23 [INFO]: [0mGET /css/animations.css [36m304[0m 1.184 ms - -[0m
2026-08-01 05:20:23 [INFO]: [0mGET /css/announcement.css [36m304[0m 0.759 ms - -[0m
2026-08-01 05:20:23 [INFO]: [0mGET /css/header.css [36m304[0m 0.910 ms - -[0m
2026-08-01 05:20:23 [INFO]: [0mGET /css/hero.css [36m304[0m 1.228 ms - -[0m
2026-08-01 05:20:23 [INFO]: [0mGET /css/featured.css [36m304[0m 1.515 ms - -[0m
2026-08-01 05:20:23 [INFO]: [0mGET /css/footer.css [36m304[0m 0.614 ms - -[0m
2026-08-01 05:20:23 [INFO]: [0mGET /css/auth.css [36m304[0m 0.741 ms - -[0m
2026-08-01 05:20:23 [INFO]: [0mGET /css/why-choose.css [36m304[0m 1.832 ms - -[0m
2026-08-01 05:20:23 [INFO]: [0mGET /css/verify.css [36m304[0m 0.377 ms - -[0m
2026-08-01 05:20:23 [INFO]: [0mGET /js/footer.js [36m304[0m 0.559 ms - -[0m
2026-08-01 05:20:23 [INFO]: [0mGET /js/auth.js [36m304[0m 0.363 ms - -[0m
2026-08-01 05:20:23 [INFO]: [0mGET /images/hero/tulip-plant.jpg [36m304[0m 0.601 ms - -[0m
2026-08-01 05:20:23 [INFO]: [0mGET /images/hero/rubber-plant.jpg [36m304[0m 0.536 ms - -[0m
2026-08-01 05:20:23 [INFO]: [0mGET /images/hero/aloe-vera.jpg [36m304[0m 0.679 ms - -[0m
2026-08-01 05:20:23 [INFO]: [0mGET /images/hero/areca-palm.jpg [36m304[0m 0.780 ms - -[0m
2026-08-01 05:20:23 [INFO]: [0mGET /images/hero/jade-plant.jpg [36m304[0m 0.898 ms - -[0m
2026-08-01 05:20:23 [INFO]: [0mGET /images/hero/golden-pothos.jpg [36m304[0m 1.037 ms - -[0m
2026-08-01 05:20:23 [INFO]: [0mGET /images/hero/fiddle-leaf-fig.jpg [36m304[0m 0.181 ms - -[0m
2026-08-01 05:20:23 [INFO]: [0mGET /images/hero/why-choose.jpg [36m304[0m 0.184 ms - -[0m
2026-08-01 05:20:23 [INFO]: [0mGET /images/logo/plantora-orgn-white.png [36m304[0m 0.318 ms - -[0m
2026-08-01 05:20:23 [INFO]: [0mGET /public/js/header.js [33m404[0m 83.392 ms - 83[0m
2026-08-01 05:20:53 [INFO]: Email sent successfully to 'customer_0004@yopmail.com'. Subject: 'Verify Your Plantora Account'.
2026-08-01 05:20:53 [INFO]: Customer registered successfully : customer_0004@yopmail.com
2026-08-01 05:20:53 [INFO]: [0mPOST /auth/register [32m201[0m 6573.745 ms - 97[0m
2026-08-01 05:20:58 [INFO]: Email verified successfully : customer_0004@yopmail.com
2026-08-01 05:20:58 [INFO]: [0mGET /auth/verify-email/6ad91c52abd8c30084b3ecd70803ac61c5b854e9e4f82074ea0ab7c4e7ea3ad5 [32m200[0m 518.324 ms - -[0m
2026-08-01 05:20:58 [INFO]: [0mGET /css/style.css [36m304[0m 0.174 ms - -[0m
2026-08-01 05:20:58 [INFO]: [0mGET /js/featured.js [36m304[0m 1.027 ms - -[0m
2026-08-01 05:20:58 [INFO]: [0mGET /js/why-choose.js [36m304[0m 1.595 ms - -[0m
2026-08-01 05:20:58 [INFO]: [0mGET /js/notification.js [36m304[0m 2.095 ms - -[0m
2026-08-01 05:20:58 [INFO]: [0mGET /js/footer.js [36m304[0m 2.525 ms - -[0m
2026-08-01 05:20:58 [INFO]: [0mGET /js/auth.js [36m304[0m 0.803 ms - -[0m
2026-08-01 05:20:58 [INFO]: [0mGET /js/verify.js [36m304[0m 0.928 ms - -[0m
2026-08-01 05:20:58 [INFO]: [0mGET /css/variables.css [36m304[0m 0.327 ms - -[0m
2026-08-01 05:20:58 [INFO]: [0mGET /css/utilities.css [36m304[0m 0.493 ms - -[0m
2026-08-01 05:20:58 [INFO]: [0mGET /css/animations.css [36m304[0m 0.651 ms - -[0m
2026-08-01 05:20:58 [INFO]: [0mGET /css/announcement.css [36m304[0m 0.861 ms - -[0m
2026-08-01 05:20:58 [INFO]: [0mGET /css/header.css [36m304[0m 0.569 ms - -[0m
2026-08-01 05:20:58 [INFO]: [0mGET /css/hero.css [36m304[0m 0.599 ms - -[0m
2026-08-01 05:20:58 [INFO]: [0mGET /css/featured.css [36m304[0m 0.865 ms - -[0m
2026-08-01 05:20:58 [INFO]: [0mGET /css/why-choose.css [36m304[0m 1.035 ms - -[0m
2026-08-01 05:20:58 [INFO]: [0mGET /css/footer.css [36m304[0m 1.062 ms - -[0m
2026-08-01 05:20:58 [INFO]: [0mGET /css/auth.css [36m304[0m 1.763 ms - -[0m
2026-08-01 05:20:58 [INFO]: [0mGET /css/verify.css [36m304[0m 1.817 ms - -[0m
2026-08-01 05:20:58 [INFO]: [0mGET /auth/verify-email/public/js/header.js [33m404[0m 41.238 ms - 101[0m
2026-08-01 05:21:04 [INFO]: [0mGET /?openLogin=true [36m304[0m 163.869 ms - -[0m
2026-08-01 05:21:04 [INFO]: [0mGET /css/style.css [36m304[0m 0.702 ms - -[0m
2026-08-01 05:21:04 [INFO]: [0mGET /images/logo/plantora.png [36m304[0m 0.982 ms - -[0m
2026-08-01 05:21:04 [INFO]: [0mGET /images/hero/hero-placeholder.png [36m304[0m 1.188 ms - -[0m
2026-08-01 05:21:04 [INFO]: [0mGET /images/hero/monstera-plant.jpg [36m304[0m 3.176 ms - -[0m
2026-08-01 05:21:04 [INFO]: [0mGET /images/hero/snake-plant.jpg [36m304[0m 2.959 ms - -[0m
2026-08-01 05:21:04 [INFO]: [0mGET /images/hero/peace-lily.jpg [36m304[0m 3.023 ms - -[0m
2026-08-01 05:21:04 [INFO]: [0mGET /css/variables.css [36m304[0m 0.405 ms - -[0m
2026-08-01 05:21:04 [INFO]: [0mGET /css/utilities.css [36m304[0m 2.219 ms - -[0m
2026-08-01 05:21:04 [INFO]: [0mGET /css/animations.css [36m304[0m 2.112 ms - -[0m
2026-08-01 05:21:04 [INFO]: [0mGET /css/announcement.css [36m304[0m 1.301 ms - -[0m
2026-08-01 05:21:04 [INFO]: [0mGET /css/header.css [36m304[0m 1.277 ms - -[0m
2026-08-01 05:21:04 [INFO]: [0mGET /css/hero.css [36m304[0m 0.832 ms - -[0m
2026-08-01 05:21:04 [INFO]: [0mGET /css/featured.css [36m304[0m 1.147 ms - -[0m
2026-08-01 05:21:04 [INFO]: [0mGET /css/why-choose.css [36m304[0m 1.691 ms - -[0m
2026-08-01 05:21:04 [INFO]: [0mGET /css/footer.css [36m304[0m 0.655 ms - -[0m
2026-08-01 05:21:04 [INFO]: [0mGET /css/auth.css [36m304[0m 1.127 ms - -[0m
2026-08-01 05:21:04 [INFO]: [0mGET /css/verify.css [36m304[0m 0.563 ms - -[0m
2026-08-01 05:21:04 [INFO]: [0mGET /js/featured.js [36m304[0m 0.968 ms - -[0m
2026-08-01 05:21:04 [INFO]: [0mGET /js/why-choose.js [36m304[0m 1.319 ms - -[0m
2026-08-01 05:21:04 [INFO]: [0mGET /js/notification.js [36m304[0m 1.547 ms - -[0m
2026-08-01 05:21:04 [INFO]: [0mGET /js/footer.js [36m304[0m 0.454 ms - -[0m
2026-08-01 05:21:04 [INFO]: [0mGET /js/auth.js [36m304[0m 0.182 ms - -[0m
2026-08-01 05:21:04 [INFO]: [0mGET /images/hero/tulip-plant.jpg [36m304[0m 0.187 ms - -[0m
2026-08-01 05:21:04 [INFO]: [0mGET /images/hero/rubber-plant.jpg [36m304[0m 0.188 ms - -[0m
2026-08-01 05:21:04 [INFO]: [0mGET /images/hero/aloe-vera.jpg [36m304[0m 0.320 ms - -[0m
2026-08-01 05:21:04 [INFO]: [0mGET /images/hero/areca-palm.jpg [36m304[0m 0.505 ms - -[0m
2026-08-01 05:21:04 [INFO]: [0mGET /images/hero/jade-plant.jpg [36m304[0m 0.271 ms - -[0m
2026-08-01 05:21:04 [INFO]: [0mGET /images/hero/golden-pothos.jpg [36m304[0m 0.334 ms - -[0m
2026-08-01 05:21:04 [INFO]: [0mGET /images/hero/fiddle-leaf-fig.jpg [36m304[0m 0.249 ms - -[0m
2026-08-01 05:21:04 [INFO]: [0mGET /images/hero/why-choose.jpg [36m304[0m 0.246 ms - -[0m
2026-08-01 05:21:04 [INFO]: [0mGET /public/js/header.js [33m404[0m 77.404 ms - 83[0m
2026-08-01 05:21:04 [INFO]: [0mGET /images/logo/plantora-orgn-white.png [36m304[0m 0.308 ms - -[0m
2026-08-01 05:21:17 [INFO]: [0mGET / [36m304[0m 52.615 ms - -[0m
2026-08-01 05:21:17 [INFO]: [0mGET /css/style.css [36m304[0m 0.409 ms - -[0m
2026-08-01 05:21:17 [INFO]: [0mGET /images/logo/plantora.png [36m304[0m 0.505 ms - -[0m
2026-08-01 05:21:17 [INFO]: [0mGET /images/hero/monstera-plant.jpg [36m304[0m 0.706 ms - -[0m
2026-08-01 05:21:17 [INFO]: [0mGET /images/hero/hero-placeholder.png [36m304[0m 1.945 ms - -[0m
2026-08-01 05:21:17 [INFO]: [0mGET /js/featured.js [36m304[0m 0.492 ms - -[0m
2026-08-01 05:21:17 [INFO]: [0mGET /js/why-choose.js [36m304[0m 0.378 ms - -[0m
2026-08-01 05:21:17 [INFO]: [0mGET /js/notification.js [36m304[0m 0.480 ms - -[0m
2026-08-01 05:21:17 [INFO]: [0mGET /js/footer.js [36m304[0m 0.403 ms - -[0m
2026-08-01 05:21:17 [INFO]: [0mGET /css/variables.css [36m304[0m 0.565 ms - -[0m
2026-08-01 05:21:17 [INFO]: [0mGET /css/utilities.css [36m304[0m 0.844 ms - -[0m
2026-08-01 05:21:17 [INFO]: [0mGET /css/animations.css [36m304[0m 1.001 ms - -[0m
2026-08-01 05:21:17 [INFO]: [0mGET /css/announcement.css [36m304[0m 0.698 ms - -[0m
2026-08-01 05:21:17 [INFO]: [0mGET /css/header.css [36m304[0m 0.924 ms - -[0m
2026-08-01 05:21:17 [INFO]: [0mGET /css/hero.css [36m304[0m 1.070 ms - -[0m
2026-08-01 05:21:17 [INFO]: [0mGET /css/featured.css [36m304[0m 1.522 ms - -[0m
2026-08-01 05:21:17 [INFO]: [0mGET /css/why-choose.css [36m304[0m 0.287 ms - -[0m
2026-08-01 05:21:17 [INFO]: [0mGET /css/footer.css [36m304[0m 0.659 ms - -[0m
2026-08-01 05:21:17 [INFO]: [0mGET /css/auth.css [36m304[0m 0.896 ms - -[0m
2026-08-01 05:21:17 [INFO]: [0mGET /css/verify.css [36m304[0m 0.795 ms - -[0m
2026-08-01 05:21:17 [INFO]: [0mGET /%7B%20%20publicId:%20'/public/default/profile.png',%20%20url:%20'https://res.cloudinary.com/desmwasfe/image/upload/v1781973939/default-avatar_d6ofmr.png'%7D [33m404[0m 38.402 ms - 236[0m
2026-08-01 05:21:17 [INFO]: [0mGET /public/js/header.js [33m404[0m 42.183 ms - 83[0m
2026-08-01 05:21:17 [INFO]: [0mGET /js/auth.js [36m304[0m 0.874 ms - -[0m
2026-08-01 05:21:17 [INFO]: [0mGET /images/hero/snake-plant.jpg [36m304[0m 1.181 ms - -[0m
2026-08-01 05:21:17 [INFO]: [0mGET /images/hero/peace-lily.jpg [36m304[0m 1.373 ms - -[0m
2026-08-01 05:21:17 [INFO]: [0mGET /images/hero/tulip-plant.jpg [36m304[0m 1.631 ms - -[0m
2026-08-01 05:21:17 [INFO]: [0mGET /images/hero/rubber-plant.jpg [36m304[0m 2.010 ms - -[0m
2026-08-01 05:21:17 [INFO]: [0mGET /images/hero/aloe-vera.jpg [36m304[0m 0.366 ms - -[0m
2026-08-01 05:21:17 [INFO]: [0mGET /images/hero/areca-palm.jpg [36m304[0m 0.322 ms - -[0m
2026-08-01 05:21:17 [INFO]: [0mGET /images/hero/jade-plant.jpg [36m304[0m 1.174 ms - -[0m
2026-08-01 05:21:17 [INFO]: [0mGET /images/hero/golden-pothos.jpg [36m304[0m 2.152 ms - -[0m
2026-08-01 05:21:17 [INFO]: [0mGET /images/hero/fiddle-leaf-fig.jpg [36m304[0m 0.543 ms - -[0m
2026-08-01 05:21:17 [INFO]: [0mGET /images/hero/why-choose.jpg [36m304[0m 0.787 ms - -[0m
2026-08-01 05:21:17 [INFO]: [0mGET /images/logo/plantora-orgn-white.png [36m304[0m 0.477 ms - -[0m
2026-08-01 05:21:22 [ERROR]: Error: Failed to lookup view "admin/dashboard/index" in views directory "E:\Webskitters_Academy\NODE JS\final_project_node\plantora_final_project_node_ejs\views"
    at app.render (E:\Webskitters_Academy\NODE JS\final_project_node\plantora_final_project_node_ejs\node_modules\express\lib\application.js:562:17)
    at ServerResponse.render (E:\Webskitters_Academy\NODE JS\final_project_node\plantora_final_project_node_ejs\node_modules\express\lib\response.js:923:7)
    at showDashboard (E:\Webskitters_Academy\NODE JS\final_project_node\plantora_final_project_node_ejs\app\controllers\AdminDashboardController.js:18:18)
    at Layer.handleRequest (E:\Webskitters_Academy\NODE JS\final_project_node\plantora_final_project_node_ejs\node_modules\router\lib\layer.js:152:17)
    at next (E:\Webskitters_Academy\NODE JS\final_project_node\plantora_final_project_node_ejs\node_modules\router\lib\route.js:157:13)
    at E:\Webskitters_Academy\NODE JS\final_project_node\plantora_final_project_node_ejs\app\middlewares\authorizeRoles.js:23:12
    at Layer.handleRequest (E:\Webskitters_Academy\NODE JS\final_project_node\plantora_final_project_node_ejs\node_modules\router\lib\layer.js:152:17)
    at next (E:\Webskitters_Academy\NODE JS\final_project_node\plantora_final_project_node_ejs\node_modules\router\lib\route.js:157:13)
    at authMiddleware (E:\Webskitters_Academy\NODE JS\final_project_node\plantora_final_project_node_ejs\app\middlewares\authMiddleware.js:71:12)
    at process.processTicksAndRejections (node:internal/process/task_queues:103:5)
2026-08-01 05:21:22 [INFO]: [0mGET /admin/dashboard [31m500[0m 219.004 ms - 222[0m
2026-08-01 05:21:26 [INFO]: [0mGET /auth/profile [36m304[0m 212.573 ms - -[0m
2026-08-01 05:21:26 [INFO]: [0mGET /css/style.css [36m304[0m 0.559 ms - -[0m
2026-08-01 05:21:26 [INFO]: [0mGET /css/profile.css [36m304[0m 1.097 ms - -[0m
2026-08-01 05:21:26 [INFO]: [0mGET /images/logo/plantora.png [36m304[0m 0.321 ms - -[0m
2026-08-01 05:21:26 [INFO]: [0mGET /js/profile.js [36m304[0m 1.013 ms - -[0m
2026-08-01 05:21:26 [INFO]: [0mGET /images/logo/plantora-orgn-white.png [36m304[0m 1.350 ms - -[0m
2026-08-01 05:21:26 [INFO]: [0mGET /css/variables.css [36m304[0m 2.205 ms - -[0m
2026-08-01 05:21:26 [INFO]: [0mGET /css/utilities.css [36m304[0m 2.489 ms - -[0m
2026-08-01 05:21:26 [INFO]: [0mGET /css/animations.css [36m304[0m 0.405 ms - -[0m
2026-08-01 05:21:26 [INFO]: [0mGET /css/announcement.css [36m304[0m 0.967 ms - -[0m
2026-08-01 05:21:26 [INFO]: [0mGET /css/header.css [36m304[0m 0.741 ms - -[0m
2026-08-01 05:21:26 [INFO]: [0mGET /css/hero.css [36m304[0m 1.056 ms - -[0m
2026-08-01 05:21:26 [INFO]: [0mGET /css/featured.css [36m304[0m 0.700 ms - -[0m
2026-08-01 05:21:26 [INFO]: [0mGET /css/why-choose.css [36m304[0m 1.116 ms - -[0m
2026-08-01 05:21:26 [INFO]: [0mGET /css/footer.css [36m304[0m 0.527 ms - -[0m
2026-08-01 05:21:26 [INFO]: [0mGET /css/auth.css [36m304[0m 0.787 ms - -[0m
2026-08-01 05:21:26 [INFO]: [0mGET /css/verify.css [36m304[0m 0.560 ms - -[0m
2026-08-01 05:21:26 [INFO]: [0mGET /js/featured.js [36m304[0m 0.984 ms - -[0m
2026-08-01 05:21:26 [INFO]: [0mGET /js/why-choose.js [36m304[0m 0.299 ms - -[0m
2026-08-01 05:21:26 [INFO]: [0mGET /js/notification.js [36m304[0m 0.279 ms - -[0m
2026-08-01 05:21:26 [INFO]: [0mGET /js/footer.js [36m304[0m 0.584 ms - -[0m
2026-08-01 05:21:26 [INFO]: [0mGET /js/auth.js [36m304[0m 0.443 ms - -[0m
2026-08-01 05:21:26 [INFO]: [0mGET /auth/%7B%20%20publicId:%20'/public/default/profile.png',%20%20url:%20'https://res.cloudinary.com/desmwasfe/image/upload/v1781973939/default-avatar_d6ofmr.png'%7D [33m404[0m 69.401 ms - 241[0m
2026-08-01 05:21:26 [INFO]: [0mGET /auth/public/js/header.js [33m404[0m 68.416 ms - 88[0m
2026-08-01 05:31:38 [ERROR]: Error: Failed to lookup view "admin/dashboard/index" in views directory "E:\Webskitters_Academy\NODE JS\final_project_node\plantora_final_project_node_ejs\views"
    at app.render (E:\Webskitters_Academy\NODE JS\final_project_node\plantora_final_project_node_ejs\node_modules\express\lib\application.js:562:17)
    at ServerResponse.render (E:\Webskitters_Academy\NODE JS\final_project_node\plantora_final_project_node_ejs\node_modules\express\lib\response.js:923:7)
    at showDashboard (E:\Webskitters_Academy\NODE JS\final_project_node\plantora_final_project_node_ejs\app\controllers\AdminDashboardController.js:18:18)
    at Layer.handleRequest (E:\Webskitters_Academy\NODE JS\final_project_node\plantora_final_project_node_ejs\node_modules\router\lib\layer.js:152:17)
    at next (E:\Webskitters_Academy\NODE JS\final_project_node\plantora_final_project_node_ejs\node_modules\router\lib\route.js:157:13)
    at E:\Webskitters_Academy\NODE JS\final_project_node\plantora_final_project_node_ejs\app\middlewares\authorizeRoles.js:23:12
    at Layer.handleRequest (E:\Webskitters_Academy\NODE JS\final_project_node\plantora_final_project_node_ejs\node_modules\router\lib\layer.js:152:17)
    at next (E:\Webskitters_Academy\NODE JS\final_project_node\plantora_final_project_node_ejs\node_modules\router\lib\route.js:157:13)
    at authMiddleware (E:\Webskitters_Academy\NODE JS\final_project_node\plantora_final_project_node_ejs\app\middlewares\authMiddleware.js:71:12)
    at process.processTicksAndRejections (node:internal/process/task_queues:103:5)
2026-08-01 05:31:38 [INFO]: [0mGET /admin/dashboard [31m500[0m 219.337 ms - 222[0m
2026-08-01 05:31:46 [INFO]: Login successful : customer_0004@yopmail.com
2026-08-01 05:31:46 [INFO]: [0mPOST /auth/login [32m200[0m 969.956 ms - 46[0m
2026-08-01 05:31:48 [INFO]: [0mGET /?openLogin=true [32m200[0m 113.421 ms - -[0m
2026-08-01 05:31:48 [INFO]: [0mGET /css/style.css [36m304[0m 1.137 ms - -[0m
2026-08-01 05:31:48 [INFO]: [0mGET /images/logo/plantora.png [36m304[0m 1.300 ms - -[0m
2026-08-01 05:31:48 [INFO]: [0mGET /images/hero/hero-placeholder.png [36m304[0m 1.129 ms - -[0m
2026-08-01 05:31:48 [INFO]: [0mGET /images/hero/monstera-plant.jpg [36m304[0m 1.387 ms - -[0m
2026-08-01 05:31:48 [INFO]: [0mGET /js/featured.js [36m304[0m 0.421 ms - -[0m
2026-08-01 05:31:48 [INFO]: [0mGET /js/why-choose.js [36m304[0m 0.338 ms - -[0m
2026-08-01 05:31:48 [INFO]: [0mGET /css/variables.css [36m304[0m 0.316 ms - -[0m
2026-08-01 05:31:48 [INFO]: [0mGET /css/utilities.css [36m304[0m 0.702 ms - -[0m
2026-08-01 05:31:48 [INFO]: [0mGET /css/animations.css [36m304[0m 0.945 ms - -[0m
2026-08-01 05:31:48 [INFO]: [0mGET /css/announcement.css [36m304[0m 1.133 ms - -[0m
2026-08-01 05:31:48 [INFO]: [0mGET /css/header.css [36m304[0m 0.430 ms - -[0m
2026-08-01 05:31:48 [INFO]: [0mGET /css/hero.css [36m304[0m 0.573 ms - -[0m
2026-08-01 05:31:48 [INFO]: [0mGET /css/featured.css [36m304[0m 1.414 ms - -[0m
2026-08-01 05:31:48 [INFO]: [0mGET /css/why-choose.css [36m304[0m 0.474 ms - -[0m
2026-08-01 05:31:48 [INFO]: [0mGET /css/footer.css [36m304[0m 0.310 ms - -[0m
2026-08-01 05:31:48 [INFO]: [0mGET /css/auth.css [36m304[0m 0.755 ms - -[0m
2026-08-01 05:31:48 [INFO]: [0mGET /css/verify.css [36m304[0m 1.457 ms - -[0m
2026-08-01 05:31:48 [INFO]: [0mGET /js/notification.js [36m304[0m 0.337 ms - -[0m
2026-08-01 05:31:48 [INFO]: [0mGET /js/footer.js [36m304[0m 0.202 ms - -[0m
2026-08-01 05:31:48 [INFO]: [0mGET /js/auth.js [36m304[0m 0.180 ms - -[0m
2026-08-01 05:31:48 [INFO]: [0mGET /images/hero/snake-plant.jpg [36m304[0m 0.159 ms - -[0m
2026-08-01 05:31:48 [INFO]: [0mGET /images/hero/peace-lily.jpg [36m304[0m 0.205 ms - -[0m
2026-08-01 05:31:48 [INFO]: [0mGET /images/hero/tulip-plant.jpg [36m304[0m 0.257 ms - -[0m
2026-08-01 05:31:48 [INFO]: [0mGET /images/hero/rubber-plant.jpg [36m304[0m 0.460 ms - -[0m
2026-08-01 05:31:48 [INFO]: [0mGET /images/hero/aloe-vera.jpg [36m304[0m 0.913 ms - -[0m
2026-08-01 05:31:48 [INFO]: [0mGET /images/hero/areca-palm.jpg [36m304[0m 0.260 ms - -[0m
2026-08-01 05:31:48 [INFO]: [0mGET /images/hero/jade-plant.jpg [36m304[0m 0.429 ms - -[0m
2026-08-01 05:31:48 [INFO]: [0mGET /images/hero/golden-pothos.jpg [36m304[0m 0.423 ms - -[0m
2026-08-01 05:31:48 [INFO]: [0mGET /images/hero/fiddle-leaf-fig.jpg [36m304[0m 0.514 ms - -[0m
2026-08-01 05:31:48 [INFO]: [0mGET /images/hero/why-choose.jpg [36m304[0m 0.415 ms - -[0m
2026-08-01 05:31:48 [INFO]: [0mGET /images/logo/plantora-orgn-white.png [36m304[0m 0.412 ms - -[0m
2026-08-01 05:31:48 [INFO]: [0mGET /%7B%20%20publicId:%20'/public/default/profile.png',%20%20url:%20'https://res.cloudinary.com/desmwasfe/image/upload/v1781973939/default-avatar_d6ofmr.png'%7D [33m404[0m 95.863 ms - 236[0m
2026-08-01 05:31:48 [INFO]: [0mGET /public/js/header.js [33m404[0m 95.277 ms - 83[0m
2026-08-01 05:31:50 [INFO]: [0mGET /auth/profile [32m200[0m 228.022 ms - -[0m
2026-08-01 05:31:50 [INFO]: [0mGET /css/style.css [36m304[0m 0.414 ms - -[0m
2026-08-01 05:31:50 [INFO]: [0mGET /css/profile.css [36m304[0m 0.678 ms - -[0m
2026-08-01 05:31:50 [INFO]: [0mGET /images/logo/plantora.png [36m304[0m 1.233 ms - -[0m
2026-08-01 05:31:50 [INFO]: [0mGET /js/profile.js [36m304[0m 0.493 ms - -[0m
2026-08-01 05:31:50 [INFO]: [0mGET /images/logo/plantora-orgn-white.png [36m304[0m 0.856 ms - -[0m
2026-08-01 05:31:50 [INFO]: [0mGET /js/featured.js [36m304[0m 2.446 ms - -[0m
2026-08-01 05:31:50 [INFO]: [0mGET /js/why-choose.js [36m304[0m 3.008 ms - -[0m
2026-08-01 05:31:50 [INFO]: [0mGET /css/variables.css [36m304[0m 0.281 ms - -[0m
2026-08-01 05:31:50 [INFO]: [0mGET /css/utilities.css [36m304[0m 0.756 ms - -[0m
2026-08-01 05:31:50 [INFO]: [0mGET /css/animations.css [36m304[0m 1.024 ms - -[0m
2026-08-01 05:31:50 [INFO]: [0mGET /css/announcement.css [36m304[0m 1.518 ms - -[0m
2026-08-01 05:31:50 [INFO]: [0mGET /css/header.css [36m304[0m 1.367 ms - -[0m
2026-08-01 05:31:50 [INFO]: [0mGET /css/hero.css [36m304[0m 1.210 ms - -[0m
2026-08-01 05:31:50 [INFO]: [0mGET /css/featured.css [36m304[0m 0.980 ms - -[0m
2026-08-01 05:31:50 [INFO]: [0mGET /css/why-choose.css [36m304[0m 0.404 ms - -[0m
2026-08-01 05:31:50 [INFO]: [0mGET /css/footer.css [36m304[0m 0.580 ms - -[0m
2026-08-01 05:31:50 [INFO]: [0mGET /css/auth.css [36m304[0m 1.010 ms - -[0m
2026-08-01 05:31:50 [INFO]: [0mGET /css/verify.css [36m304[0m 1.242 ms - -[0m
2026-08-01 05:31:50 [INFO]: [0mGET /js/notification.js [36m304[0m 0.105 ms - -[0m
2026-08-01 05:31:50 [INFO]: [0mGET /js/footer.js [36m304[0m 0.634 ms - -[0m
2026-08-01 05:31:50 [INFO]: [0mGET /js/auth.js [36m304[0m 0.707 ms - -[0m
2026-08-01 05:31:50 [INFO]: [0mGET /auth/public/js/header.js [33m404[0m 89.257 ms - 88[0m
2026-08-01 05:31:50 [INFO]: [0mGET /auth/%7B%20%20publicId:%20'/public/default/profile.png',%20%20url:%20'https://res.cloudinary.com/desmwasfe/image/upload/v1781973939/default-avatar_d6ofmr.png'%7D [33m404[0m 95.296 ms - 241[0m
2026-08-01 05:31:55 [INFO]: Notification sent successfully. Recipient: 6a6bd604b8ef49ebecf645e3, Type: seller
2026-08-01 05:32:01 [INFO]: Email sent successfully to 'plantora-admin@yopmail.com'. Subject: 'New Seller Request - Plantora'.
2026-08-01 05:32:01 [INFO]: Seller request submitted: customer_0004@yopmail.com
2026-08-01 05:32:01 [INFO]: [0mPOST /auth/become-seller [36m302[0m 6780.041 ms - 112[0m
2026-08-01 05:32:02 [INFO]: [0mGET /auth/profile?type=success&message=Seller%20request%20submitted%20successfully. [32m200[0m 953.914 ms - -[0m
2026-08-01 05:32:02 [INFO]: [0mGET /css/style.css [36m304[0m 0.314 ms - -[0m
2026-08-01 05:32:02 [INFO]: [0mGET /css/profile.css [36m304[0m 0.602 ms - -[0m
2026-08-01 05:32:02 [INFO]: [0mGET /images/logo/plantora.png [36m304[0m 0.676 ms - -[0m
2026-08-01 05:32:02 [INFO]: [0mGET /js/profile.js [36m304[0m 0.602 ms - -[0m
2026-08-01 05:32:02 [INFO]: [0mGET /images/logo/plantora-orgn-white.png [36m304[0m 1.009 ms - -[0m
2026-08-01 05:32:02 [INFO]: [0mGET /js/featured.js [36m304[0m 1.430 ms - -[0m
2026-08-01 05:32:02 [INFO]: [0mGET /js/why-choose.js [36m304[0m 0.686 ms - -[0m
2026-08-01 05:32:02 [INFO]: [0mGET /css/variables.css [36m304[0m 0.812 ms - -[0m
2026-08-01 05:32:02 [INFO]: [0mGET /css/utilities.css [36m304[0m 1.062 ms - -[0m
2026-08-01 05:32:02 [INFO]: [0mGET /css/animations.css [36m304[0m 1.048 ms - -[0m
2026-08-01 05:32:02 [INFO]: [0mGET /css/announcement.css [36m304[0m 0.398 ms - -[0m
2026-08-01 05:32:02 [INFO]: [0mGET /css/header.css [36m304[0m 0.583 ms - -[0m
2026-08-01 05:32:02 [INFO]: [0mGET /css/hero.css [36m304[0m 0.769 ms - -[0m
2026-08-01 05:32:02 [INFO]: [0mGET /css/featured.css [36m304[0m 0.906 ms - -[0m
2026-08-01 05:32:02 [INFO]: [0mGET /css/why-choose.css [36m304[0m 0.202 ms - -[0m
2026-08-01 05:32:02 [INFO]: [0mGET /css/footer.css [36m304[0m 0.803 ms - -[0m
2026-08-01 05:32:02 [INFO]: [0mGET /css/auth.css [36m304[0m 0.477 ms - -[0m
2026-08-01 05:32:02 [INFO]: [0mGET /css/verify.css [36m304[0m 2.208 ms - -[0m
2026-08-01 05:32:02 [INFO]: [0mGET /js/notification.js [36m304[0m 0.418 ms - -[0m
2026-08-01 05:32:02 [INFO]: [0mGET /js/footer.js [36m304[0m 0.727 ms - -[0m
2026-08-01 05:32:02 [INFO]: [0mGET /js/auth.js [36m304[0m 1.038 ms - -[0m
2026-08-01 05:32:02 [INFO]: [0mGET /auth/public/js/header.js [33m404[0m 38.663 ms - 88[0m
2026-08-01 05:32:02 [INFO]: [0mGET /auth/%7B%20%20publicId:%20'/public/default/profile.png',%20%20url:%20'https://res.cloudinary.com/desmwasfe/image/upload/v1781973939/default-avatar_d6ofmr.png'%7D [33m404[0m 43.815 ms - 241[0m
2026-08-01 05:32:07 [INFO]: Logout successful : customer_0004@yopmail.com
2026-08-01 05:32:07 [INFO]: [0mPOST /auth/logout [36m302[0m 718.424 ms - 30[0m
2026-08-01 05:32:07 [INFO]: [0mGET / [36m304[0m 3.202 ms - -[0m
2026-08-01 05:32:07 [INFO]: [0mGET /css/style.css [36m304[0m 0.993 ms - -[0m
2026-08-01 05:32:07 [INFO]: [0mGET /images/logo/plantora.png [36m304[0m 1.721 ms - -[0m
2026-08-01 05:32:07 [INFO]: [0mGET /images/hero/hero-placeholder.png [36m304[0m 2.074 ms - -[0m
2026-08-01 05:32:07 [INFO]: [0mGET /images/hero/monstera-plant.jpg [36m304[0m 0.427 ms - -[0m
2026-08-01 05:32:07 [INFO]: [0mGET /images/hero/snake-plant.jpg [36m304[0m 0.744 ms - -[0m
2026-08-01 05:32:07 [INFO]: [0mGET /images/hero/peace-lily.jpg [36m304[0m 1.053 ms - -[0m
2026-08-01 05:32:07 [INFO]: [0mGET /public/js/header.js [33m404[0m 2.037 ms - 83[0m
2026-08-01 05:32:07 [INFO]: [0mGET /js/featured.js [36m304[0m 2.343 ms - -[0m
2026-08-01 05:32:07 [INFO]: [0mGET /js/why-choose.js [36m304[0m 1.582 ms - -[0m
2026-08-01 05:32:07 [INFO]: [0mGET /js/notification.js [36m304[0m 0.307 ms - -[0m
2026-08-01 05:32:07 [INFO]: [0mGET /js/footer.js [36m304[0m 0.365 ms - -[0m
2026-08-01 05:32:07 [INFO]: [0mGET /js/auth.js [36m304[0m 0.460 ms - -[0m
2026-08-01 05:32:07 [INFO]: [0mGET /images/hero/tulip-plant.jpg [36m304[0m 0.298 ms - -[0m
2026-08-01 05:32:07 [INFO]: [0mGET /images/hero/rubber-plant.jpg [36m304[0m 0.428 ms - -[0m
2026-08-01 05:32:07 [INFO]: [0mGET /images/hero/aloe-vera.jpg [36m304[0m 0.246 ms - -[0m
2026-08-01 05:32:07 [INFO]: [0mGET /images/hero/areca-palm.jpg [36m304[0m 0.522 ms - -[0m
2026-08-01 05:32:07 [INFO]: [0mGET /images/hero/jade-plant.jpg [36m304[0m 0.999 ms - -[0m
2026-08-01 05:32:07 [INFO]: [0mGET /images/hero/golden-pothos.jpg [36m304[0m 0.319 ms - -[0m
2026-08-01 05:32:07 [INFO]: [0mGET /images/hero/fiddle-leaf-fig.jpg [36m304[0m 0.366 ms - -[0m
2026-08-01 05:32:07 [INFO]: [0mGET /images/hero/why-choose.jpg [36m304[0m 0.433 ms - -[0m
2026-08-01 05:32:07 [INFO]: [0mGET /images/logo/plantora-orgn-white.png [36m304[0m 0.588 ms - -[0m
2026-08-01 05:32:07 [INFO]: [0mGET /css/variables.css [36m304[0m 0.345 ms - -[0m
2026-08-01 05:32:07 [INFO]: [0mGET /css/utilities.css [36m304[0m 0.554 ms - -[0m
2026-08-01 05:32:07 [INFO]: [0mGET /css/animations.css [36m304[0m 0.824 ms - -[0m
2026-08-01 05:32:07 [INFO]: [0mGET /css/announcement.css [36m304[0m 1.261 ms - -[0m
2026-08-01 05:32:07 [INFO]: [0mGET /css/header.css [36m304[0m 0.844 ms - -[0m
2026-08-01 05:32:07 [INFO]: [0mGET /css/hero.css [36m304[0m 1.060 ms - -[0m
2026-08-01 05:32:07 [INFO]: [0mGET /css/featured.css [36m304[0m 0.415 ms - -[0m
2026-08-01 05:32:07 [INFO]: [0mGET /css/why-choose.css [36m304[0m 0.779 ms - -[0m
2026-08-01 05:32:07 [INFO]: [0mGET /css/footer.css [36m304[0m 0.972 ms - -[0m
2026-08-01 05:32:07 [INFO]: [0mGET /css/auth.css [36m304[0m 1.284 ms - -[0m
2026-08-01 05:32:07 [INFO]: [0mGET /css/verify.css [36m304[0m 0.409 ms - -[0m
2026-08-01 05:32:14 [INFO]: [0mGET /admin/users/seller-request/6a6d34d6dbe7cbd62f523d87 [33m401[0m 0.690 ms - 55[0m
2026-08-01 05:35:58 [ERROR]: Error: Failed to lookup view "admin/users/index" in views directory "E:\Webskitters_Academy\NODE JS\final_project_node\plantora_final_project_node_ejs\views"
    at app.render (E:\Webskitters_Academy\NODE JS\final_project_node\plantora_final_project_node_ejs\node_modules\express\lib\application.js:562:17)
    at ServerResponse.render (E:\Webskitters_Academy\NODE JS\final_project_node\plantora_final_project_node_ejs\node_modules\express\lib\response.js:923:7)
    at showUsersPage (E:\Webskitters_Academy\NODE JS\final_project_node\plantora_final_project_node_ejs\app\controllers\UserController.js:227:18)
    at process.processTicksAndRejections (node:internal/process/task_queues:103:5)
2026-08-01 05:35:58 [INFO]: [0mGET /admin/users [31m500[0m 128.169 ms - 218[0m
2026-08-01 05:53:42 [INFO]: [0mGET /admin/users/seller-request/6a6d34d6dbe7cbd62f523d87 [33m401[0m 0.710 ms - 55[0m
2026-08-01 05:54:01 [INFO]: [0mGET /auth/profile [36m304[0m 97.292 ms - -[0m
2026-08-01 05:54:01 [INFO]: [0mGET /css/style.css [36m304[0m 0.767 ms - -[0m
2026-08-01 05:54:01 [INFO]: [0mGET /css/profile.css [36m304[0m 0.768 ms - -[0m
2026-08-01 05:54:01 [INFO]: [0mGET /images/logo/plantora.png [36m304[0m 0.271 ms - -[0m
2026-08-01 05:54:01 [INFO]: [0mGET /js/profile.js [36m304[0m 0.734 ms - -[0m
2026-08-01 05:54:01 [INFO]: [0mGET /images/logo/plantora-orgn-white.png [36m304[0m 1.010 ms - -[0m
2026-08-01 05:54:01 [INFO]: [0mGET /js/featured.js [36m304[0m 0.261 ms - -[0m
2026-08-01 05:54:01 [INFO]: [0mGET /js/why-choose.js [36m304[0m 0.420 ms - -[0m
2026-08-01 05:54:01 [INFO]: [0mGET /js/notification.js [36m304[0m 0.730 ms - -[0m
2026-08-01 05:54:01 [INFO]: [0mGET /css/variables.css [36m304[0m 0.917 ms - -[0m
2026-08-01 05:54:01 [INFO]: [0mGET /css/utilities.css [36m304[0m 0.527 ms - -[0m
2026-08-01 05:54:01 [INFO]: [0mGET /css/animations.css [36m304[0m 0.795 ms - -[0m
2026-08-01 05:54:01 [INFO]: [0mGET /css/announcement.css [36m304[0m 0.669 ms - -[0m
2026-08-01 05:54:01 [INFO]: [0mGET /css/header.css [36m304[0m 0.404 ms - -[0m
2026-08-01 05:54:01 [INFO]: [0mGET /css/hero.css [36m304[0m 0.626 ms - -[0m
2026-08-01 05:54:01 [INFO]: [0mGET /css/featured.css [36m304[0m 0.413 ms - -[0m
2026-08-01 05:54:01 [INFO]: [0mGET /css/footer.css [36m304[0m 0.411 ms - -[0m
2026-08-01 05:54:01 [INFO]: [0mGET /css/why-choose.css [36m304[0m 0.668 ms - -[0m
2026-08-01 05:54:01 [INFO]: [0mGET /css/auth.css [36m304[0m 0.725 ms - -[0m
2026-08-01 05:54:01 [INFO]: [0mGET /css/verify.css [36m304[0m 0.488 ms - -[0m
2026-08-01 05:54:01 [INFO]: [0mGET /js/footer.js [36m304[0m 0.293 ms - -[0m
2026-08-01 05:54:01 [INFO]: [0mGET /js/auth.js [36m304[0m 0.519 ms - -[0m
2026-08-01 05:54:01 [INFO]: [0mGET /auth/%7B%20%20publicId:%20'/public/default/profile.png',%20%20url:%20'https://res.cloudinary.com/desmwasfe/image/upload/v1781973939/default-avatar_d6ofmr.png'%7D [33m404[0m 41.811 ms - 241[0m
2026-08-01 05:54:01 [INFO]: [0mGET /auth/public/js/header.js [33m404[0m 38.177 ms - 88[0m
2026-08-01 05:54:36 [INFO]: SIGINT received. Shutting down server...
2026-08-01 05:54:39 [INFO]: MongoDB connected successfully.
2026-08-01 05:54:42 [INFO]: Email server connected successfully.
2026-08-01 05:54:42 [INFO]: Server is running on port 5132.
2026-08-01 05:54:42 [INFO]: [0mGET /admin/users/seller-request/6a6d34d6dbe7cbd62f523d87 [33m401[0m 2.166 ms - 55[0m
2026-08-01 05:54:54 [INFO]: Logout successful : plantora-admin@yopmail.com
2026-08-01 05:54:54 [INFO]: [0mPOST /auth/logout [36m302[0m 254.294 ms - 30[0m
2026-08-01 05:54:54 [INFO]: [0mGET / [32m200[0m 10.280 ms - -[0m
2026-08-01 05:54:54 [INFO]: [0mGET /css/style.css [36m304[0m 0.872 ms - -[0m
2026-08-01 05:54:54 [INFO]: [0mGET /images/logo/plantora.png [36m304[0m 1.125 ms - -[0m
2026-08-01 05:54:54 [INFO]: [0mGET /images/hero/hero-placeholder.png [36m304[0m 0.724 ms - -[0m
2026-08-01 05:54:54 [INFO]: [0mGET /images/hero/monstera-plant.jpg [36m304[0m 1.115 ms - -[0m
2026-08-01 05:54:54 [INFO]: [0mGET /images/hero/snake-plant.jpg [36m304[0m 1.048 ms - -[0m
2026-08-01 05:54:54 [INFO]: [0mGET /images/hero/peace-lily.jpg [36m304[0m 1.270 ms - -[0m
2026-08-01 05:54:54 [INFO]: [0mGET /public/js/header.js [33m404[0m 1.642 ms - 83[0m
2026-08-01 05:54:54 [INFO]: [0mGET /js/featured.js [36m304[0m 2.028 ms - -[0m
2026-08-01 05:54:54 [INFO]: [0mGET /css/variables.css [36m304[0m 2.284 ms - -[0m
2026-08-01 05:54:54 [INFO]: [0mGET /css/utilities.css [36m304[0m 1.464 ms - -[0m
2026-08-01 05:54:54 [INFO]: [0mGET /css/animations.css [36m304[0m 1.730 ms - -[0m
2026-08-01 05:54:54 [INFO]: [0mGET /css/announcement.css [36m304[0m 1.714 ms - -[0m
2026-08-01 05:54:54 [INFO]: [0mGET /css/header.css [36m304[0m 2.021 ms - -[0m
2026-08-01 05:54:54 [INFO]: [0mGET /css/hero.css [36m304[0m 0.256 ms - -[0m
2026-08-01 05:54:54 [INFO]: [0mGET /css/featured.css [36m304[0m 0.249 ms - -[0m
2026-08-01 05:54:54 [INFO]: [0mGET /css/why-choose.css [36m304[0m 0.507 ms - -[0m
2026-08-01 05:54:54 [INFO]: [0mGET /css/footer.css [36m304[0m 0.771 ms - -[0m
2026-08-01 05:54:54 [INFO]: [0mGET /css/auth.css [36m304[0m 0.246 ms - -[0m
2026-08-01 05:54:54 [INFO]: [0mGET /css/verify.css [36m304[0m 0.213 ms - -[0m
2026-08-01 05:54:54 [INFO]: [0mGET /js/why-choose.js [36m304[0m 0.764 ms - -[0m
2026-08-01 05:54:54 [INFO]: [0mGET /js/notification.js [36m304[0m 1.049 ms - -[0m
2026-08-01 05:54:54 [INFO]: [0mGET /js/footer.js [36m304[0m 1.457 ms - -[0m
2026-08-01 05:54:54 [INFO]: [0mGET /js/auth.js [36m304[0m 0.879 ms - -[0m
2026-08-01 05:54:54 [INFO]: [0mGET /images/hero/tulip-plant.jpg [36m304[0m 0.652 ms - -[0m
2026-08-01 05:54:54 [INFO]: [0mGET /images/hero/rubber-plant.jpg [36m304[0m 0.399 ms - -[0m
2026-08-01 05:54:54 [INFO]: [0mGET /images/hero/aloe-vera.jpg [36m304[0m 0.587 ms - -[0m
2026-08-01 05:54:54 [INFO]: [0mGET /images/hero/areca-palm.jpg [36m304[0m 0.226 ms - -[0m
2026-08-01 05:54:54 [INFO]: [0mGET /images/hero/jade-plant.jpg [36m304[0m 0.218 ms - -[0m
2026-08-01 05:54:54 [INFO]: [0mGET /images/hero/golden-pothos.jpg [36m304[0m 0.194 ms - -[0m
2026-08-01 05:54:54 [INFO]: [0mGET /images/hero/fiddle-leaf-fig.jpg [36m304[0m 0.336 ms - -[0m
2026-08-01 05:54:54 [INFO]: [0mGET /images/hero/why-choose.jpg [36m304[0m 0.332 ms - -[0m
2026-08-01 05:54:54 [INFO]: [0mGET /images/logo/plantora-orgn-white.png [36m304[0m 0.284 ms - -[0m
2026-08-01 05:54:57 [INFO]: Login successful : plantora-admin@yopmail.com
2026-08-01 05:54:57 [INFO]: [0mPOST /auth/login [32m200[0m 472.866 ms - 46[0m
2026-08-01 05:54:58 [INFO]: [0mGET / [32m200[0m 43.356 ms - -[0m
2026-08-01 05:54:58 [INFO]: [0mGET /css/style.css [36m304[0m 0.781 ms - -[0m
2026-08-01 05:54:58 [INFO]: [0mGET /images/logo/plantora.png [36m304[0m 0.920 ms - -[0m
2026-08-01 05:54:58 [INFO]: [0mGET /images/hero/hero-placeholder.png [36m304[0m 0.209 ms - -[0m
2026-08-01 05:54:58 [INFO]: [0mGET /images/hero/monstera-plant.jpg [36m304[0m 0.358 ms - -[0m
2026-08-01 05:54:58 [INFO]: [0mGET /css/variables.css [36m304[0m 0.498 ms - -[0m
2026-08-01 05:54:58 [INFO]: [0mGET /js/featured.js [36m304[0m 0.695 ms - -[0m
2026-08-01 05:54:58 [INFO]: [0mGET /js/why-choose.js [36m304[0m 1.432 ms - -[0m
2026-08-01 05:54:58 [INFO]: [0mGET /css/utilities.css [36m304[0m 0.262 ms - -[0m
2026-08-01 05:54:58 [INFO]: [0mGET /css/animations.css [36m304[0m 0.391 ms - -[0m
2026-08-01 05:54:58 [INFO]: [0mGET /css/announcement.css [36m304[0m 0.557 ms - -[0m
2026-08-01 05:54:58 [INFO]: [0mGET /css/header.css [36m304[0m 0.126 ms - -[0m
2026-08-01 05:54:58 [INFO]: [0mGET /css/hero.css [36m304[0m 0.211 ms - -[0m
2026-08-01 05:54:58 [INFO]: [0mGET /css/featured.css [36m304[0m 0.327 ms - -[0m
2026-08-01 05:54:58 [INFO]: [0mGET /css/why-choose.css [36m304[0m 0.235 ms - -[0m
2026-08-01 05:54:58 [INFO]: [0mGET /css/footer.css [36m304[0m 0.382 ms - -[0m
2026-08-01 05:54:58 [INFO]: [0mGET /css/auth.css [36m304[0m 0.559 ms - -[0m
2026-08-01 05:54:58 [INFO]: [0mGET /css/verify.css [36m304[0m 0.142 ms - -[0m
2026-08-01 05:54:58 [INFO]: [0mGET /js/notification.js [36m304[0m 0.170 ms - -[0m
2026-08-01 05:54:58 [INFO]: [0mGET /js/footer.js [36m304[0m 0.290 ms - -[0m
2026-08-01 05:54:58 [INFO]: [0mGET /js/auth.js [36m304[0m 0.209 ms - -[0m
2026-08-01 05:54:58 [INFO]: [0mGET /images/hero/snake-plant.jpg [36m304[0m 0.412 ms - -[0m
2026-08-01 05:54:58 [INFO]: [0mGET /images/hero/peace-lily.jpg [36m304[0m 0.191 ms - -[0m
2026-08-01 05:54:58 [INFO]: [0mGET /images/hero/tulip-plant.jpg [36m304[0m 0.248 ms - -[0m
2026-08-01 05:54:58 [INFO]: [0mGET /images/hero/rubber-plant.jpg [36m304[0m 0.386 ms - -[0m
2026-08-01 05:54:58 [INFO]: [0mGET /images/hero/aloe-vera.jpg [36m304[0m 0.570 ms - -[0m
2026-08-01 05:54:58 [INFO]: [0mGET /images/hero/areca-palm.jpg [36m304[0m 0.104 ms - -[0m
2026-08-01 05:54:58 [INFO]: [0mGET /images/hero/jade-plant.jpg [36m304[0m 0.088 ms - -[0m
2026-08-01 05:54:58 [INFO]: [0mGET /images/hero/golden-pothos.jpg [36m304[0m 0.091 ms - -[0m
2026-08-01 05:54:58 [INFO]: [0mGET /images/hero/fiddle-leaf-fig.jpg [36m304[0m 0.107 ms - -[0m
2026-08-01 05:54:58 [INFO]: [0mGET /images/hero/why-choose.jpg [36m304[0m 0.104 ms - -[0m
2026-08-01 05:54:58 [INFO]: [0mGET /images/logo/plantora-orgn-white.png [36m304[0m 0.113 ms - -[0m
2026-08-01 05:54:59 [INFO]: [0mGET /%7B%20%20publicId:%20'/public/default/profile.png',%20%20url:%20'https://res.cloudinary.com/desmwasfe/image/upload/v1781973939/default-avatar_d6ofmr.png'%7D [33m404[0m 41.781 ms - 236[0m
2026-08-01 05:54:59 [INFO]: [0mGET /public/js/header.js [33m404[0m 39.150 ms - 83[0m
2026-08-01 05:55:02 [INFO]: [0mGET /admin/users/seller-request/6a6d34d6dbe7cbd62f523d87 [33m401[0m 0.548 ms - 55[0m
2026-08-01 05:57:50 [INFO]: MongoDB connected successfully.
2026-08-01 05:57:53 [INFO]: Email server connected successfully.
2026-08-01 05:57:53 [INFO]: Server is running on port 5132.
2026-08-01 05:58:15 [INFO]: MongoDB connected successfully.
2026-08-01 05:58:18 [INFO]: Email server connected successfully.
2026-08-01 05:58:18 [INFO]: Server is running on port 5132.
2026-08-01 05:58:25 [INFO]: SIGINT received. Shutting down server...
2026-08-01 05:58:36 [INFO]: MongoDB connected successfully.
2026-08-01 05:58:39 [INFO]: Email server connected successfully.
2026-08-01 05:58:39 [INFO]: Server is running on port 5132.
2026-08-01 05:58:43 [INFO]: [0mGET / [36m304[0m 63.022 ms - -[0m
2026-08-01 05:58:43 [INFO]: [0mGET /css/style.css [36m304[0m 1.029 ms - -[0m
2026-08-01 05:58:43 [INFO]: [0mGET /images/logo/plantora.png [36m304[0m 0.397 ms - -[0m
2026-08-01 05:58:43 [INFO]: [0mGET /%7B%20%20publicId:%20'/public/default/profile.png',%20%20url:%20'https://res.cloudinary.com/desmwasfe/image/upload/v1781973939/default-avatar_d6ofmr.png'%7D [33m404[0m 37.880 ms - 236[0m
2026-08-01 05:58:43 [INFO]: [0mGET /images/hero/hero-placeholder.png [36m304[0m 0.574 ms - -[0m
2026-08-01 05:58:43 [INFO]: [0mGET /css/variables.css [36m304[0m 0.751 ms - -[0m
2026-08-01 05:58:43 [INFO]: [0mGET /css/utilities.css [36m304[0m 0.989 ms - -[0m
2026-08-01 05:58:43 [INFO]: [0mGET /css/animations.css [36m304[0m 0.404 ms - -[0m
2026-08-01 05:58:43 [INFO]: [0mGET /css/announcement.css [36m304[0m 0.564 ms - -[0m
2026-08-01 05:58:43 [INFO]: [0mGET /css/header.css [36m304[0m 0.189 ms - -[0m
2026-08-01 05:58:43 [INFO]: [0mGET /css/hero.css [36m304[0m 0.222 ms - -[0m
2026-08-01 05:58:43 [INFO]: [0mGET /css/featured.css [36m304[0m 0.164 ms - -[0m
2026-08-01 05:58:43 [INFO]: [0mGET /css/why-choose.css [36m304[0m 0.132 ms - -[0m
2026-08-01 05:58:43 [INFO]: [0mGET /css/footer.css [36m304[0m 0.284 ms - -[0m
2026-08-01 05:58:43 [INFO]: [0mGET /css/auth.css [36m304[0m 0.273 ms - -[0m
2026-08-01 05:58:43 [INFO]: [0mGET /css/verify.css [36m304[0m 0.145 ms - -[0m
2026-08-01 05:58:43 [INFO]: [0mGET /images/hero/monstera-plant.jpg [36m304[0m 0.127 ms - -[0m
2026-08-01 05:58:43 [INFO]: [0mGET /js/featured.js [36m304[0m 0.206 ms - -[0m
2026-08-01 05:58:43 [INFO]: [0mGET /js/why-choose.js [36m304[0m 0.439 ms - -[0m
2026-08-01 05:58:43 [INFO]: [0mGET /js/notification.js [36m304[0m 0.415 ms - -[0m
2026-08-01 05:58:43 [INFO]: [0mGET /js/footer.js [36m304[0m 0.631 ms - -[0m
2026-08-01 05:58:43 [INFO]: [0mGET /js/auth.js [36m304[0m 0.339 ms - -[0m
2026-08-01 05:58:43 [INFO]: [0mGET /images/hero/snake-plant.jpg [36m304[0m 0.572 ms - -[0m
2026-08-01 05:58:43 [INFO]: [0mGET /images/hero/peace-lily.jpg [36m304[0m 0.404 ms - -[0m
2026-08-01 05:58:43 [INFO]: [0mGET /images/hero/tulip-plant.jpg [36m304[0m 0.386 ms - -[0m
2026-08-01 05:58:43 [INFO]: [0mGET /images/hero/rubber-plant.jpg [36m304[0m 0.283 ms - -[0m
2026-08-01 05:58:43 [INFO]: [0mGET /images/hero/aloe-vera.jpg [36m304[0m 0.544 ms - -[0m
2026-08-01 05:58:43 [INFO]: [0mGET /images/hero/areca-palm.jpg [36m304[0m 0.430 ms - -[0m
2026-08-01 05:58:43 [INFO]: [0mGET /images/hero/jade-plant.jpg [36m304[0m 0.307 ms - -[0m
2026-08-01 05:58:43 [INFO]: [0mGET /images/hero/golden-pothos.jpg [36m304[0m 0.214 ms - -[0m
2026-08-01 05:58:43 [INFO]: [0mGET /images/hero/fiddle-leaf-fig.jpg [36m304[0m 0.151 ms - -[0m
2026-08-01 05:58:43 [INFO]: [0mGET /public/js/header.js [33m404[0m 35.939 ms - 83[0m
2026-08-01 05:58:43 [INFO]: [0mGET /images/hero/why-choose.jpg [36m304[0m 0.508 ms - -[0m
2026-08-01 05:58:43 [INFO]: [0mGET /images/logo/plantora-orgn-white.png [36m304[0m 0.678 ms - -[0m
2026-08-01 05:58:43 [INFO]: [0mGET /%7B%20%20publicId:%20'/public/default/profile.png',%20%20url:%20'https://res.cloudinary.com/desmwasfe/image/upload/v1781973939/default-avatar_d6ofmr.png'%7D [33m404[0m 35.857 ms - 236[0m
2026-08-01 05:58:48 [INFO]: Logout successful : plantora-admin@yopmail.com
2026-08-01 05:58:48 [INFO]: [0mPOST /auth/logout [36m302[0m 222.599 ms - 30[0m
2026-08-01 05:58:48 [INFO]: [0mGET / [32m200[0m 5.671 ms - -[0m
2026-08-01 05:58:48 [INFO]: [0mGET /css/style.css [36m304[0m 0.555 ms - -[0m
2026-08-01 05:58:48 [INFO]: [0mGET /images/logo/plantora.png [36m304[0m 0.834 ms - -[0m
2026-08-01 05:58:48 [INFO]: [0mGET /images/hero/hero-placeholder.png [36m304[0m 1.092 ms - -[0m
2026-08-01 05:58:48 [INFO]: [0mGET /images/hero/monstera-plant.jpg [36m304[0m 0.428 ms - -[0m
2026-08-01 05:58:48 [INFO]: [0mGET /images/hero/snake-plant.jpg [36m304[0m 0.322 ms - -[0m
2026-08-01 05:58:48 [INFO]: [0mGET /images/hero/peace-lily.jpg [36m304[0m 0.433 ms - -[0m
2026-08-01 05:58:48 [INFO]: [0mGET /public/js/header.js [33m404[0m 1.029 ms - 83[0m
2026-08-01 05:58:48 [INFO]: [0mGET /js/featured.js [36m304[0m 1.268 ms - -[0m
2026-08-01 05:58:48 [INFO]: [0mGET /js/why-choose.js [36m304[0m 2.092 ms - -[0m
2026-08-01 05:58:48 [INFO]: [0mGET /css/utilities.css [36m304[0m 0.990 ms - -[0m
2026-08-01 05:58:48 [INFO]: [0mGET /css/animations.css [36m304[0m 1.419 ms - -[0m
2026-08-01 05:58:48 [INFO]: [0mGET /css/announcement.css [36m304[0m 1.759 ms - -[0m
2026-08-01 05:58:48 [INFO]: [0mGET /css/variables.css [36m304[0m 1.703 ms - -[0m
2026-08-01 05:58:48 [INFO]: [0mGET /css/header.css [36m304[0m 1.777 ms - -[0m
2026-08-01 05:58:48 [INFO]: [0mGET /css/hero.css [36m304[0m 0.183 ms - -[0m
2026-08-01 05:58:48 [INFO]: [0mGET /css/featured.css [36m304[0m 0.930 ms - -[0m
2026-08-01 05:58:48 [INFO]: [0mGET /css/why-choose.css [36m304[0m 1.124 ms - -[0m
2026-08-01 05:58:48 [INFO]: [0mGET /css/footer.css [36m304[0m 1.161 ms - -[0m
2026-08-01 05:58:48 [INFO]: [0mGET /css/auth.css [36m304[0m 0.238 ms - -[0m
2026-08-01 05:58:48 [INFO]: [0mGET /css/verify.css [36m304[0m 0.340 ms - -[0m
2026-08-01 05:58:48 [INFO]: [0mGET /js/notification.js [36m304[0m 0.170 ms - -[0m
2026-08-01 05:58:48 [INFO]: [0mGET /js/footer.js [36m304[0m 0.202 ms - -[0m
2026-08-01 05:58:48 [INFO]: [0mGET /js/auth.js [36m304[0m 0.506 ms - -[0m
2026-08-01 05:58:48 [INFO]: [0mGET /images/hero/tulip-plant.jpg [36m304[0m 0.392 ms - -[0m
2026-08-01 05:58:48 [INFO]: [0mGET /images/hero/rubber-plant.jpg [36m304[0m 0.282 ms - -[0m
2026-08-01 05:58:48 [INFO]: [0mGET /images/hero/aloe-vera.jpg [36m304[0m 0.472 ms - -[0m
2026-08-01 05:58:48 [INFO]: [0mGET /images/hero/areca-palm.jpg [36m304[0m 0.748 ms - -[0m
2026-08-01 05:58:48 [INFO]: [0mGET /images/hero/jade-plant.jpg [36m304[0m 0.779 ms - -[0m
2026-08-01 05:58:48 [INFO]: [0mGET /images/hero/golden-pothos.jpg [36m304[0m 0.351 ms - -[0m
2026-08-01 05:58:48 [INFO]: [0mGET /images/hero/fiddle-leaf-fig.jpg [36m304[0m 0.523 ms - -[0m
2026-08-01 05:58:48 [INFO]: [0mGET /images/hero/why-choose.jpg [36m304[0m 0.871 ms - -[0m
2026-08-01 05:58:48 [INFO]: [0mGET /images/logo/plantora-orgn-white.png [36m304[0m 0.309 ms - -[0m
2026-08-01 05:58:52 [INFO]: Login successful : plantora-admin@yopmail.com
2026-08-01 05:58:52 [INFO]: [0mPOST /auth/login [32m200[0m 450.935 ms - 46[0m
2026-08-01 05:58:53 [INFO]: [0mGET / [32m200[0m 38.319 ms - -[0m
2026-08-01 05:58:53 [INFO]: [0mGET /css/style.css [36m304[0m 0.620 ms - -[0m
2026-08-01 05:58:53 [INFO]: [0mGET /images/logo/plantora.png [36m304[0m 0.764 ms - -[0m
2026-08-01 05:58:53 [INFO]: [0mGET /images/hero/hero-placeholder.png [36m304[0m 0.159 ms - -[0m
2026-08-01 05:58:53 [INFO]: [0mGET /images/hero/monstera-plant.jpg [36m304[0m 0.154 ms - -[0m
2026-08-01 05:58:53 [INFO]: [0mGET /js/featured.js [36m304[0m 1.228 ms - -[0m
2026-08-01 05:58:53 [INFO]: [0mGET /css/variables.css [36m304[0m 0.326 ms - -[0m
2026-08-01 05:58:53 [INFO]: [0mGET /css/utilities.css [36m304[0m 0.539 ms - -[0m
2026-08-01 05:58:53 [INFO]: [0mGET /js/why-choose.js [36m304[0m 0.737 ms - -[0m
2026-08-01 05:58:53 [INFO]: [0mGET /css/animations.css [36m304[0m 0.372 ms - -[0m
2026-08-01 05:58:53 [INFO]: [0mGET /css/announcement.css [36m304[0m 0.548 ms - -[0m
2026-08-01 05:58:53 [INFO]: [0mGET /css/header.css [36m304[0m 0.305 ms - -[0m
2026-08-01 05:58:53 [INFO]: [0mGET /css/hero.css [36m304[0m 0.505 ms - -[0m
2026-08-01 05:58:53 [INFO]: [0mGET /css/featured.css [36m304[0m 0.359 ms - -[0m
2026-08-01 05:58:53 [INFO]: [0mGET /css/why-choose.css [36m304[0m 0.501 ms - -[0m
2026-08-01 05:58:53 [INFO]: [0mGET /css/footer.css [36m304[0m 0.355 ms - -[0m
2026-08-01 05:58:53 [INFO]: [0mGET /css/auth.css [36m304[0m 1.149 ms - -[0m
2026-08-01 05:58:53 [INFO]: [0mGET /css/verify.css [36m304[0m 0.619 ms - -[0m
2026-08-01 05:58:53 [INFO]: [0mGET /js/notification.js [36m304[0m 0.567 ms - -[0m
2026-08-01 05:58:53 [INFO]: [0mGET /js/footer.js [36m304[0m 0.399 ms - -[0m
2026-08-01 05:58:53 [INFO]: [0mGET /js/auth.js [36m304[0m 0.192 ms - -[0m
2026-08-01 05:58:53 [INFO]: [0mGET /images/hero/snake-plant.jpg [36m304[0m 0.135 ms - -[0m
2026-08-01 05:58:53 [INFO]: [0mGET /images/hero/peace-lily.jpg [36m304[0m 0.216 ms - -[0m
2026-08-01 05:58:53 [INFO]: [0mGET /images/hero/tulip-plant.jpg [36m304[0m 0.338 ms - -[0m
2026-08-01 05:58:53 [INFO]: [0mGET /images/hero/rubber-plant.jpg [36m304[0m 0.108 ms - -[0m
2026-08-01 05:58:53 [INFO]: [0mGET /images/hero/aloe-vera.jpg [36m304[0m 0.237 ms - -[0m
2026-08-01 05:58:53 [INFO]: [0mGET /images/hero/areca-palm.jpg [36m304[0m 0.223 ms - -[0m
2026-08-01 05:58:53 [INFO]: [0mGET /images/hero/jade-plant.jpg [36m304[0m 0.369 ms - -[0m
2026-08-01 05:58:53 [INFO]: [0mGET /images/hero/golden-pothos.jpg [36m304[0m 0.370 ms - -[0m
2026-08-01 05:58:53 [INFO]: [0mGET /images/hero/fiddle-leaf-fig.jpg [36m304[0m 0.280 ms - -[0m
2026-08-01 05:58:53 [INFO]: [0mGET /images/hero/why-choose.jpg [36m304[0m 0.462 ms - -[0m
2026-08-01 05:58:53 [INFO]: [0mGET /images/logo/plantora-orgn-white.png [36m304[0m 0.136 ms - -[0m
2026-08-01 05:58:53 [INFO]: [0mGET /%7B%20%20publicId:%20'/public/default/profile.png',%20%20url:%20'https://res.cloudinary.com/desmwasfe/image/upload/v1781973939/default-avatar_d6ofmr.png'%7D [33m404[0m 38.410 ms - 236[0m
2026-08-01 05:58:53 [INFO]: [0mGET /public/js/header.js [33m404[0m 42.978 ms - 83[0m
2026-08-01 05:59:27 [INFO]: [0mGET /admin/users/seller-request/6a6d34d6dbe7cbd62f523d87 [32m200[0m 183.242 ms - -[0m
2026-08-01 05:59:39 [INFO]: [0mGET /admin/users/seller-request/6a6d34d6dbe7cbd62f523d87 [33m401[0m 1.183 ms - 55[0m
2026-08-01 06:03:47 [INFO]: MongoDB connected successfully.
2026-08-01 06:03:50 [INFO]: Email server connected successfully.
2026-08-01 06:03:50 [INFO]: Server is running on port 5132.
2026-08-01 06:11:14 [INFO]: MongoDB connected successfully.
2026-08-01 06:11:17 [INFO]: Email server connected successfully.
2026-08-01 06:11:17 [INFO]: Server is running on port 5132.
2026-08-01 06:11:28 [INFO]: MongoDB connected successfully.
2026-08-01 06:11:31 [INFO]: Email server connected successfully.
2026-08-01 06:11:31 [INFO]: Server is running on port 5132.
2026-08-01 06:12:12 [INFO]: MongoDB connected successfully.
2026-08-01 06:12:15 [INFO]: Email server connected successfully.
2026-08-01 06:12:15 [INFO]: Server is running on port 5132.
2026-08-01 06:12:56 [INFO]: Email sent successfully to 'customer_0004@yopmail.com'. Subject: 'Verify Your Plantora Account'.
2026-08-01 06:12:56 [INFO]: Customer registered successfully : customer_0004@yopmail.com
2026-08-01 06:12:56 [INFO]: [0mPOST /auth/register [32m201[0m 5527.577 ms - 97[0m
2026-08-01 06:13:01 [INFO]: Email verified successfully : customer_0004@yopmail.com
2026-08-01 06:13:01 [INFO]: [0mGET /auth/verify-email/27aade51b58b90835166334009242dce27637b631afccf2b2a8c32f0a9a890fe [32m200[0m 218.324 ms - -[0m
2026-08-01 06:13:01 [INFO]: [0mGET /css/style.css [36m304[0m 0.837 ms - -[0m
2026-08-01 06:13:01 [INFO]: [0mGET /auth/verify-email/public/js/header.js [33m404[0m 1.874 ms - 101[0m
2026-08-01 06:13:01 [INFO]: [0mGET /js/featured.js [36m304[0m 2.320 ms - -[0m
2026-08-01 06:13:01 [INFO]: [0mGET /js/why-choose.js [36m304[0m 1.583 ms - -[0m
2026-08-01 06:13:01 [INFO]: [0mGET /js/notification.js [36m304[0m 1.276 ms - -[0m
2026-08-01 06:13:01 [INFO]: [0mGET /js/footer.js [36m304[0m 1.681 ms - -[0m
2026-08-01 06:13:01 [INFO]: [0mGET /js/auth.js [36m304[0m 1.874 ms - -[0m
2026-08-01 06:13:01 [INFO]: [0mGET /js/verify.js [36m304[0m 2.068 ms - -[0m
2026-08-01 06:13:01 [INFO]: [0mGET /css/variables.css [36m304[0m 1.338 ms - -[0m
2026-08-01 06:13:01 [INFO]: [0mGET /css/utilities.css [36m304[0m 1.451 ms - -[0m
2026-08-01 06:13:01 [INFO]: [0mGET /css/animations.css [36m304[0m 1.343 ms - -[0m
2026-08-01 06:13:01 [INFO]: [0mGET /css/announcement.css [36m304[0m 1.407 ms - -[0m
2026-08-01 06:13:01 [INFO]: [0mGET /css/header.css [36m304[0m 2.247 ms - -[0m
2026-08-01 06:13:01 [INFO]: [0mGET /css/hero.css [36m304[0m 1.301 ms - -[0m
2026-08-01 06:13:01 [INFO]: [0mGET /css/featured.css [36m304[0m 0.682 ms - -[0m
2026-08-01 06:13:01 [INFO]: [0mGET /css/why-choose.css [36m304[0m 0.766 ms - -[0m
2026-08-01 06:13:01 [INFO]: [0mGET /css/footer.css [36m304[0m 0.828 ms - -[0m
2026-08-01 06:13:01 [INFO]: [0mGET /css/auth.css [36m304[0m 0.940 ms - -[0m
2026-08-01 06:13:01 [INFO]: [0mGET /css/verify.css [36m304[0m 1.030 ms - -[0m
2026-08-01 06:13:06 [INFO]: [0mGET /?openLogin=true [32m200[0m 6.269 ms - -[0m
2026-08-01 06:13:06 [INFO]: [0mGET /css/style.css [36m304[0m 0.306 ms - -[0m
2026-08-01 06:13:06 [INFO]: [0mGET /images/logo/plantora.png [36m304[0m 0.718 ms - -[0m
2026-08-01 06:13:06 [INFO]: [0mGET /images/hero/hero-placeholder.png [36m304[0m 0.987 ms - -[0m
2026-08-01 06:13:06 [INFO]: [0mGET /images/hero/monstera-plant.jpg [36m304[0m 0.331 ms - -[0m
2026-08-01 06:13:06 [INFO]: [0mGET /images/hero/snake-plant.jpg [36m304[0m 0.408 ms - -[0m
2026-08-01 06:13:06 [INFO]: [0mGET /images/hero/peace-lily.jpg [36m304[0m 0.758 ms - -[0m
2026-08-01 06:13:06 [INFO]: [0mGET /public/js/header.js [33m404[0m 1.103 ms - 83[0m
2026-08-01 06:13:06 [INFO]: [0mGET /js/featured.js [36m304[0m 1.271 ms - -[0m
2026-08-01 06:13:06 [INFO]: [0mGET /css/variables.css [36m304[0m 0.581 ms - -[0m
2026-08-01 06:13:06 [INFO]: [0mGET /css/utilities.css [36m304[0m 0.938 ms - -[0m
2026-08-01 06:13:06 [INFO]: [0mGET /css/animations.css [36m304[0m 1.311 ms - -[0m
2026-08-01 06:13:06 [INFO]: [0mGET /css/announcement.css [36m304[0m 1.468 ms - -[0m
2026-08-01 06:13:06 [INFO]: [0mGET /css/header.css [36m304[0m 0.350 ms - -[0m
2026-08-01 06:13:06 [INFO]: [0mGET /css/hero.css [36m304[0m 0.468 ms - -[0m
2026-08-01 06:13:06 [INFO]: [0mGET /css/featured.css [36m304[0m 1.035 ms - -[0m
2026-08-01 06:13:06 [INFO]: [0mGET /css/why-choose.css [36m304[0m 1.101 ms - -[0m
2026-08-01 06:13:06 [INFO]: [0mGET /css/footer.css [36m304[0m 1.169 ms - -[0m
2026-08-01 06:13:06 [INFO]: [0mGET /css/auth.css [36m304[0m 1.137 ms - -[0m
2026-08-01 06:13:06 [INFO]: [0mGET /css/verify.css [36m304[0m 0.149 ms - -[0m
2026-08-01 06:13:06 [INFO]: [0mGET /js/why-choose.js [36m304[0m 0.147 ms - -[0m
2026-08-01 06:13:06 [INFO]: [0mGET /js/notification.js [36m304[0m 0.351 ms - -[0m
2026-08-01 06:13:06 [INFO]: [0mGET /js/footer.js [36m304[0m 0.456 ms - -[0m
2026-08-01 06:13:06 [INFO]: [0mGET /js/auth.js [36m304[0m 0.731 ms - -[0m
2026-08-01 06:13:06 [INFO]: [0mGET /images/hero/tulip-plant.jpg [36m304[0m 0.357 ms - -[0m
2026-08-01 06:13:06 [INFO]: [0mGET /images/hero/rubber-plant.jpg [36m304[0m 0.211 ms - -[0m
2026-08-01 06:13:06 [INFO]: [0mGET /images/hero/aloe-vera.jpg [36m304[0m 0.446 ms - -[0m
2026-08-01 06:13:06 [INFO]: [0mGET /images/hero/areca-palm.jpg [36m304[0m 0.372 ms - -[0m
2026-08-01 06:13:06 [INFO]: [0mGET /images/hero/jade-plant.jpg [36m304[0m 0.234 ms - -[0m
2026-08-01 06:13:06 [INFO]: [0mGET /images/hero/golden-pothos.jpg [36m304[0m 0.219 ms - -[0m
2026-08-01 06:13:06 [INFO]: [0mGET /images/hero/fiddle-leaf-fig.jpg [36m304[0m 0.126 ms - -[0m
2026-08-01 06:13:06 [INFO]: [0mGET /images/hero/why-choose.jpg [36m304[0m 0.187 ms - -[0m
2026-08-01 06:13:06 [INFO]: [0mGET /images/logo/plantora-orgn-white.png [36m304[0m 0.239 ms - -[0m
2026-08-01 06:13:17 [INFO]: [0mGET / [36m304[0m 62.173 ms - -[0m
2026-08-01 06:13:17 [INFO]: [0mGET /css/style.css [36m304[0m 5.581 ms - -[0m
2026-08-01 06:13:17 [INFO]: [0mGET /images/logo/plantora.png [36m304[0m 3.257 ms - -[0m
2026-08-01 06:13:17 [INFO]: [0mGET /%7B%20%20publicId:%20'/public/default/profile.png',%20%20url:%20'https://res.cloudinary.com/desmwasfe/image/upload/v1781973939/default-avatar_d6ofmr.png'%7D [33m404[0m 47.365 ms - 236[0m
2026-08-01 06:13:17 [INFO]: [0mGET /images/hero/hero-placeholder.png [36m304[0m 0.808 ms - -[0m
2026-08-01 06:13:17 [INFO]: [0mGET /images/hero/monstera-plant.jpg [36m304[0m 1.220 ms - -[0m
2026-08-01 06:13:17 [INFO]: [0mGET /js/featured.js [36m304[0m 1.717 ms - -[0m
2026-08-01 06:13:17 [INFO]: [0mGET /js/why-choose.js [36m304[0m 2.456 ms - -[0m
2026-08-01 06:13:17 [INFO]: [0mGET /js/notification.js [36m304[0m 0.605 ms - -[0m
2026-08-01 06:13:17 [INFO]: [0mGET /css/variables.css [36m304[0m 0.356 ms - -[0m
2026-08-01 06:13:17 [INFO]: [0mGET /css/utilities.css [36m304[0m 0.806 ms - -[0m
2026-08-01 06:13:17 [INFO]: [0mGET /css/animations.css [36m304[0m 0.981 ms - -[0m
2026-08-01 06:13:17 [INFO]: [0mGET /css/announcement.css [36m304[0m 1.346 ms - -[0m
2026-08-01 06:13:17 [INFO]: [0mGET /css/header.css [36m304[0m 1.711 ms - -[0m
2026-08-01 06:13:17 [INFO]: [0mGET /css/hero.css [36m304[0m 2.032 ms - -[0m
2026-08-01 06:13:17 [INFO]: [0mGET /css/featured.css [36m304[0m 0.776 ms - -[0m
2026-08-01 06:13:17 [INFO]: [0mGET /css/why-choose.css [36m304[0m 1.080 ms - -[0m
2026-08-01 06:13:17 [INFO]: [0mGET /css/footer.css [36m304[0m 1.289 ms - -[0m
2026-08-01 06:13:17 [INFO]: [0mGET /css/auth.css [36m304[0m 1.564 ms - -[0m
2026-08-01 06:13:17 [INFO]: [0mGET /css/verify.css [36m304[0m 1.940 ms - -[0m
2026-08-01 06:13:17 [INFO]: [0mGET /js/footer.js [36m304[0m 0.601 ms - -[0m
2026-08-01 06:13:17 [INFO]: [0mGET /js/auth.js [36m304[0m 0.827 ms - -[0m
2026-08-01 06:13:17 [INFO]: [0mGET /images/hero/snake-plant.jpg [36m304[0m 1.367 ms - -[0m
2026-08-01 06:13:17 [INFO]: [0mGET /images/hero/peace-lily.jpg [36m304[0m 0.625 ms - -[0m
2026-08-01 06:13:17 [INFO]: [0mGET /images/hero/tulip-plant.jpg [36m304[0m 0.715 ms - -[0m
2026-08-01 06:13:17 [INFO]: [0mGET /images/hero/rubber-plant.jpg [36m304[0m 0.170 ms - -[0m
2026-08-01 06:13:17 [INFO]: [0mGET /images/hero/aloe-vera.jpg [36m304[0m 0.567 ms - -[0m
2026-08-01 06:13:17 [INFO]: [0mGET /images/hero/areca-palm.jpg [36m304[0m 0.851 ms - -[0m
2026-08-01 06:13:17 [INFO]: [0mGET /images/hero/jade-plant.jpg [36m304[0m 1.147 ms - -[0m
2026-08-01 06:13:17 [INFO]: [0mGET /images/hero/golden-pothos.jpg [36m304[0m 0.333 ms - -[0m
2026-08-01 06:13:17 [INFO]: [0mGET /images/hero/fiddle-leaf-fig.jpg [36m304[0m 0.199 ms - -[0m
2026-08-01 06:13:17 [INFO]: [0mGET /images/hero/why-choose.jpg [36m304[0m 0.396 ms - -[0m
2026-08-01 06:13:17 [INFO]: [0mGET /public/js/header.js [33m404[0m 42.779 ms - 83[0m
2026-08-01 06:13:17 [INFO]: [0mGET /images/logo/plantora-orgn-white.png [36m304[0m 0.301 ms - -[0m
2026-08-01 06:13:17 [INFO]: [0mGET /%7B%20%20publicId:%20'/public/default/profile.png',%20%20url:%20'https://res.cloudinary.com/desmwasfe/image/upload/v1781973939/default-avatar_d6ofmr.png'%7D [33m404[0m 43.414 ms - 236[0m
2026-08-01 06:13:24 [INFO]: Login successful : customer_0004@yopmail.com
2026-08-01 06:13:24 [INFO]: [0mPOST /auth/login [32m200[0m 467.546 ms - 46[0m
2026-08-01 06:13:25 [INFO]: [0mGET /?openLogin=true [32m200[0m 43.382 ms - -[0m
2026-08-01 06:13:25 [INFO]: [0mGET /css/style.css [36m304[0m 0.391 ms - -[0m
2026-08-01 06:13:25 [INFO]: [0mGET /images/logo/plantora.png [36m304[0m 0.601 ms - -[0m
2026-08-01 06:13:25 [INFO]: [0mGET /images/hero/hero-placeholder.png [36m304[0m 1.869 ms - -[0m
2026-08-01 06:13:25 [INFO]: [0mGET /images/hero/monstera-plant.jpg [36m304[0m 2.162 ms - -[0m
2026-08-01 06:13:25 [INFO]: [0mGET /js/featured.js [36m304[0m 0.354 ms - -[0m
2026-08-01 06:13:25 [INFO]: [0mGET /js/why-choose.js [36m304[0m 0.554 ms - -[0m
2026-08-01 06:13:25 [INFO]: [0mGET /js/notification.js [36m304[0m 0.294 ms - -[0m
2026-08-01 06:13:25 [INFO]: [0mGET /js/footer.js [36m304[0m 0.432 ms - -[0m
2026-08-01 06:13:25 [INFO]: [0mGET /js/auth.js [36m304[0m 0.326 ms - -[0m
2026-08-01 06:13:25 [INFO]: [0mGET /images/hero/snake-plant.jpg [36m304[0m 0.560 ms - -[0m
2026-08-01 06:13:25 [INFO]: [0mGET /images/hero/peace-lily.jpg [36m304[0m 0.191 ms - -[0m
2026-08-01 06:13:25 [INFO]: [0mGET /images/hero/tulip-plant.jpg [36m304[0m 0.313 ms - -[0m
2026-08-01 06:13:25 [INFO]: [0mGET /images/hero/rubber-plant.jpg [36m304[0m 0.213 ms - -[0m
2026-08-01 06:13:25 [INFO]: [0mGET /images/hero/aloe-vera.jpg [36m304[0m 0.186 ms - -[0m
2026-08-01 06:13:25 [INFO]: [0mGET /css/variables.css [36m304[0m 1.126 ms - -[0m
2026-08-01 06:13:25 [INFO]: [0mGET /css/utilities.css [36m304[0m 1.435 ms - -[0m
2026-08-01 06:13:25 [INFO]: [0mGET /css/animations.css [36m304[0m 1.603 ms - -[0m
2026-08-01 06:13:25 [INFO]: [0mGET /css/announcement.css [36m304[0m 1.908 ms - -[0m
2026-08-01 06:13:25 [INFO]: [0mGET /css/header.css [36m304[0m 1.291 ms - -[0m
2026-08-01 06:13:25 [INFO]: [0mGET /css/hero.css [36m304[0m 1.536 ms - -[0m
2026-08-01 06:13:25 [INFO]: [0mGET /css/featured.css [36m304[0m 1.652 ms - -[0m
2026-08-01 06:13:25 [INFO]: [0mGET /css/why-choose.css [36m304[0m 2.003 ms - -[0m
2026-08-01 06:13:25 [INFO]: [0mGET /css/footer.css [36m304[0m 0.309 ms - -[0m
2026-08-01 06:13:25 [INFO]: [0mGET /css/auth.css [36m304[0m 0.554 ms - -[0m
2026-08-01 06:13:25 [INFO]: [0mGET /css/verify.css [36m304[0m 0.798 ms - -[0m
2026-08-01 06:13:25 [INFO]: [0mGET /images/hero/areca-palm.jpg [36m304[0m 0.336 ms - -[0m
2026-08-01 06:13:25 [INFO]: [0mGET /images/hero/jade-plant.jpg [36m304[0m 0.202 ms - -[0m
2026-08-01 06:13:25 [INFO]: [0mGET /images/hero/golden-pothos.jpg [36m304[0m 0.262 ms - -[0m
2026-08-01 06:13:25 [INFO]: [0mGET /images/hero/fiddle-leaf-fig.jpg [36m304[0m 0.354 ms - -[0m
2026-08-01 06:13:25 [INFO]: [0mGET /images/hero/why-choose.jpg [36m304[0m 0.541 ms - -[0m
2026-08-01 06:13:25 [INFO]: [0mGET /%7B%20%20publicId:%20'/public/default/profile.png',%20%20url:%20'https://res.cloudinary.com/desmwasfe/image/upload/v1781973939/default-avatar_d6ofmr.png'%7D [33m404[0m 41.843 ms - 236[0m
2026-08-01 06:13:25 [INFO]: [0mGET /public/js/header.js [33m404[0m 42.744 ms - 83[0m
2026-08-01 06:13:25 [INFO]: [0mGET /images/logo/plantora-orgn-white.png [36m304[0m 0.303 ms - -[0m
2026-08-01 06:13:27 [INFO]: [0mGET /auth/profile [32m200[0m 97.781 ms - -[0m
2026-08-01 06:13:27 [INFO]: [0mGET /css/style.css [36m304[0m 0.509 ms - -[0m
2026-08-01 06:13:27 [INFO]: [0mGET /css/profile.css [36m304[0m 0.957 ms - -[0m
2026-08-01 06:13:27 [INFO]: [0mGET /images/logo/plantora.png [36m304[0m 1.295 ms - -[0m
2026-08-01 06:13:27 [INFO]: [0mGET /js/profile.js [36m304[0m 0.296 ms - -[0m
2026-08-01 06:13:27 [INFO]: [0mGET /images/logo/plantora-orgn-white.png [36m304[0m 1.202 ms - -[0m
2026-08-01 06:13:27 [INFO]: [0mGET /js/featured.js [36m304[0m 1.627 ms - -[0m
2026-08-01 06:13:27 [INFO]: [0mGET /js/why-choose.js [36m304[0m 2.139 ms - -[0m
2026-08-01 06:13:27 [INFO]: [0mGET /css/variables.css [36m304[0m 0.664 ms - -[0m
2026-08-01 06:13:27 [INFO]: [0mGET /css/utilities.css [36m304[0m 0.422 ms - -[0m
2026-08-01 06:13:27 [INFO]: [0mGET /css/animations.css [36m304[0m 0.415 ms - -[0m
2026-08-01 06:13:27 [INFO]: [0mGET /css/announcement.css [36m304[0m 0.543 ms - -[0m
2026-08-01 06:13:27 [INFO]: [0mGET /css/header.css [36m304[0m 0.659 ms - -[0m
2026-08-01 06:13:27 [INFO]: [0mGET /css/hero.css [36m304[0m 0.428 ms - -[0m
2026-08-01 06:13:27 [INFO]: [0mGET /css/featured.css [36m304[0m 0.805 ms - -[0m
2026-08-01 06:13:27 [INFO]: [0mGET /css/why-choose.css [36m304[0m 0.854 ms - -[0m
2026-08-01 06:13:27 [INFO]: [0mGET /css/footer.css [36m304[0m 0.791 ms - -[0m
2026-08-01 06:13:27 [INFO]: [0mGET /css/auth.css [36m304[0m 0.993 ms - -[0m
2026-08-01 06:13:27 [INFO]: [0mGET /css/verify.css [36m304[0m 0.162 ms - -[0m
2026-08-01 06:13:27 [INFO]: [0mGET /js/notification.js [36m304[0m 0.161 ms - -[0m
2026-08-01 06:13:27 [INFO]: [0mGET /js/footer.js [36m304[0m 0.376 ms - -[0m
2026-08-01 06:13:27 [INFO]: [0mGET /js/auth.js [36m304[0m 0.646 ms - -[0m
2026-08-01 06:13:27 [INFO]: [0mGET /auth/%7B%20%20publicId:%20'/public/default/profile.png',%20%20url:%20'https://res.cloudinary.com/desmwasfe/image/upload/v1781973939/default-avatar_d6ofmr.png'%7D [33m404[0m 42.028 ms - 241[0m
2026-08-01 06:13:27 [INFO]: [0mGET /auth/public/js/header.js [33m404[0m 43.404 ms - 88[0m
2026-08-01 06:13:31 [INFO]: Notification sent successfully. Recipient: 6a6bd604b8ef49ebecf645e3, Type: seller
2026-08-01 06:13:35 [INFO]: Email sent successfully to 'plantora-admin@yopmail.com'. Subject: 'New Seller Request - Plantora'.
2026-08-01 06:13:35 [INFO]: Seller request submitted: customer_0004@yopmail.com
2026-08-01 06:13:35 [INFO]: [0mPOST /auth/become-seller [36m302[0m 4991.910 ms - 112[0m
2026-08-01 06:13:36 [INFO]: [0mGET /auth/profile?type=success&message=Seller%20request%20submitted%20successfully. [32m200[0m 86.206 ms - -[0m
2026-08-01 06:13:36 [INFO]: [0mGET /css/style.css [36m304[0m 0.168 ms - -[0m
2026-08-01 06:13:36 [INFO]: [0mGET /css/profile.css [36m304[0m 0.311 ms - -[0m
2026-08-01 06:13:36 [INFO]: [0mGET /images/logo/plantora.png [36m304[0m 0.492 ms - -[0m
2026-08-01 06:13:36 [INFO]: [0mGET /js/profile.js [36m304[0m 0.299 ms - -[0m
2026-08-01 06:13:36 [INFO]: [0mGET /images/logo/plantora-orgn-white.png [36m304[0m 0.977 ms - -[0m
2026-08-01 06:13:36 [INFO]: [0mGET /js/featured.js [36m304[0m 1.167 ms - -[0m
2026-08-01 06:13:36 [INFO]: [0mGET /css/variables.css [36m304[0m 0.314 ms - -[0m
2026-08-01 06:13:36 [INFO]: [0mGET /js/why-choose.js [36m304[0m 0.305 ms - -[0m
2026-08-01 06:13:36 [INFO]: [0mGET /css/utilities.css [36m304[0m 0.285 ms - -[0m
2026-08-01 06:13:36 [INFO]: [0mGET /css/animations.css [36m304[0m 0.392 ms - -[0m
2026-08-01 06:13:36 [INFO]: [0mGET /css/announcement.css [36m304[0m 0.273 ms - -[0m
2026-08-01 06:13:36 [INFO]: [0mGET /css/header.css [36m304[0m 0.439 ms - -[0m
2026-08-01 06:13:36 [INFO]: [0mGET /css/hero.css [36m304[0m 0.295 ms - -[0m
2026-08-01 06:13:36 [INFO]: [0mGET /css/featured.css [36m304[0m 0.352 ms - -[0m
2026-08-01 06:13:36 [INFO]: [0mGET /css/why-choose.css [36m304[0m 0.215 ms - -[0m
2026-08-01 06:13:36 [INFO]: [0mGET /css/footer.css [36m304[0m 0.512 ms - -[0m
2026-08-01 06:13:36 [INFO]: [0mGET /css/auth.css [36m304[0m 0.326 ms - -[0m
2026-08-01 06:13:36 [INFO]: [0mGET /css/verify.css [36m304[0m 0.581 ms - -[0m
2026-08-01 06:13:36 [INFO]: [0mGET /js/notification.js [36m304[0m 0.647 ms - -[0m
2026-08-01 06:13:36 [INFO]: [0mGET /js/footer.js [36m304[0m 0.670 ms - -[0m
2026-08-01 06:13:36 [INFO]: [0mGET /js/auth.js [36m304[0m 0.701 ms - -[0m
2026-08-01 06:13:36 [INFO]: [0mGET /auth/%7B%20%20publicId:%20'/public/default/profile.png',%20%20url:%20'https://res.cloudinary.com/desmwasfe/image/upload/v1781973939/default-avatar_d6ofmr.png'%7D [33m404[0m 40.050 ms - 241[0m
2026-08-01 06:13:36 [INFO]: [0mGET /auth/public/js/header.js [33m404[0m 39.511 ms - 88[0m
2026-08-01 06:13:54 [INFO]: [0mGET /admin/users/seller-request/6a6d410bef3bffb151f4f3ff [33m401[0m 0.869 ms - 55[0m
2026-08-01 06:14:08 [INFO]: [0mGET /admin/users/seller-request/6a6d410bef3bffb151f4f3ff [32m200[0m 159.828 ms - -[0m
2026-08-01 06:14:34 [INFO]: Notification sent successfully. Recipient: 6a6d410bef3bffb151f4f3ff, Type: seller
2026-08-01 06:14:39 [INFO]: Email sent successfully to 'customer_0004@yopmail.com'. Subject: 'Your Seller Account Has Been Approved!'.
2026-08-01 06:14:39 [INFO]: [0mPOST /admin/users/seller-request/6a6d410bef3bffb151f4f3ff/approve [32m200[0m 5142.912 ms - -[0m
2026-08-01 06:14:44 [INFO]: [0mGET / [36m304[0m 43.392 ms - -[0m
2026-08-01 06:14:44 [INFO]: [0mGET /css/style.css [36m304[0m 0.479 ms - -[0m
2026-08-01 06:14:44 [INFO]: [0mGET /images/logo/plantora.png [36m304[0m 0.904 ms - -[0m
2026-08-01 06:14:44 [INFO]: [0mGET /images/hero/hero-placeholder.png [36m304[0m 0.481 ms - -[0m
2026-08-01 06:14:44 [INFO]: [0mGET /images/hero/monstera-plant.jpg [36m304[0m 0.696 ms - -[0m
2026-08-01 06:14:44 [INFO]: [0mGET /css/animations.css [36m304[0m 0.375 ms - -[0m
2026-08-01 06:14:44 [INFO]: [0mGET /js/featured.js [36m304[0m 0.539 ms - -[0m
2026-08-01 06:14:44 [INFO]: [0mGET /css/variables.css [36m304[0m 0.756 ms - -[0m
2026-08-01 06:14:44 [INFO]: [0mGET /css/utilities.css [36m304[0m 0.934 ms - -[0m
2026-08-01 06:14:44 [INFO]: [0mGET /css/announcement.css [36m304[0m 0.953 ms - -[0m
2026-08-01 06:14:44 [INFO]: [0mGET /css/header.css [36m304[0m 0.763 ms - -[0m
2026-08-01 06:14:44 [INFO]: [0mGET /css/hero.css [36m304[0m 0.876 ms - -[0m
2026-08-01 06:14:44 [INFO]: [0mGET /css/featured.css [36m304[0m 1.117 ms - -[0m
2026-08-01 06:14:44 [INFO]: [0mGET /css/why-choose.css [36m304[0m 0.374 ms - -[0m
2026-08-01 06:14:44 [INFO]: [0mGET /css/footer.css [36m304[0m 0.534 ms - -[0m
2026-08-01 06:14:44 [INFO]: [0mGET /css/auth.css [36m304[0m 0.751 ms - -[0m
2026-08-01 06:14:44 [INFO]: [0mGET /css/verify.css [36m304[0m 0.230 ms - -[0m
2026-08-01 06:14:44 [INFO]: [0mGET /js/why-choose.js [36m304[0m 0.428 ms - -[0m
2026-08-01 06:14:44 [INFO]: [0mGET /js/notification.js [36m304[0m 0.871 ms - -[0m
2026-08-01 06:14:44 [INFO]: [0mGET /js/footer.js [36m304[0m 1.238 ms - -[0m
2026-08-01 06:14:44 [INFO]: [0mGET /js/auth.js [36m304[0m 1.282 ms - -[0m
2026-08-01 06:14:44 [INFO]: [0mGET /images/hero/snake-plant.jpg [36m304[0m 0.623 ms - -[0m
2026-08-01 06:14:44 [INFO]: [0mGET /images/hero/peace-lily.jpg [36m304[0m 0.754 ms - -[0m
2026-08-01 06:14:44 [INFO]: [0mGET /images/hero/tulip-plant.jpg [36m304[0m 0.154 ms - -[0m
2026-08-01 06:14:44 [INFO]: [0mGET /images/hero/rubber-plant.jpg [36m304[0m 0.183 ms - -[0m
2026-08-01 06:14:44 [INFO]: [0mGET /images/hero/aloe-vera.jpg [36m304[0m 0.345 ms - -[0m
2026-08-01 06:14:44 [INFO]: [0mGET /images/hero/areca-palm.jpg [36m304[0m 0.156 ms - -[0m
2026-08-01 06:14:44 [INFO]: [0mGET /%7B%20%20publicId:%20'/public/default/profile.png',%20%20url:%20'https://res.cloudinary.com/desmwasfe/image/upload/v1781973939/default-avatar_d6ofmr.png'%7D [33m404[0m 40.968 ms - 236[0m
2026-08-01 06:14:44 [INFO]: [0mGET /images/hero/jade-plant.jpg [36m304[0m 0.288 ms - -[0m
2026-08-01 06:14:44 [INFO]: [0mGET /images/hero/golden-pothos.jpg [36m304[0m 0.261 ms - -[0m
2026-08-01 06:14:44 [INFO]: [0mGET /images/hero/fiddle-leaf-fig.jpg [36m304[0m 0.260 ms - -[0m
2026-08-01 06:14:44 [INFO]: [0mGET /images/hero/why-choose.jpg [36m304[0m 0.221 ms - -[0m
2026-08-01 06:14:44 [INFO]: [0mGET /public/js/header.js [33m404[0m 39.808 ms - 83[0m
2026-08-01 06:14:44 [INFO]: [0mGET /images/logo/plantora-orgn-white.png [36m304[0m 0.256 ms - -[0m
2026-08-01 06:14:48 [INFO]: [0mGET /auth/profile [36m304[0m 87.495 ms - -[0m
2026-08-01 06:14:48 [INFO]: [0mGET /css/style.css [36m304[0m 0.349 ms - -[0m
2026-08-01 06:14:48 [INFO]: [0mGET /css/profile.css [36m304[0m 0.744 ms - -[0m
2026-08-01 06:14:48 [INFO]: [0mGET /images/logo/plantora.png [36m304[0m 0.275 ms - -[0m
2026-08-01 06:14:48 [INFO]: [0mGET /js/profile.js [36m304[0m 0.887 ms - -[0m
2026-08-01 06:14:48 [INFO]: [0mGET /images/logo/plantora-orgn-white.png [36m304[0m 1.050 ms - -[0m
2026-08-01 06:14:48 [INFO]: [0mGET /js/featured.js [36m304[0m 1.807 ms - -[0m
2026-08-01 06:14:48 [INFO]: [0mGET /js/why-choose.js [36m304[0m 2.139 ms - -[0m
2026-08-01 06:14:48 [INFO]: [0mGET /css/variables.css [36m304[0m 0.396 ms - -[0m
2026-08-01 06:14:48 [INFO]: [0mGET /css/utilities.css [36m304[0m 0.500 ms - -[0m
2026-08-01 06:14:48 [INFO]: [0mGET /css/animations.css [36m304[0m 0.775 ms - -[0m
2026-08-01 06:14:48 [INFO]: [0mGET /css/announcement.css [36m304[0m 0.659 ms - -[0m
2026-08-01 06:14:48 [INFO]: [0mGET /css/header.css [36m304[0m 0.664 ms - -[0m
2026-08-01 06:14:48 [INFO]: [0mGET /css/hero.css [36m304[0m 0.817 ms - -[0m
2026-08-01 06:14:48 [INFO]: [0mGET /css/featured.css [36m304[0m 0.685 ms - -[0m
2026-08-01 06:14:48 [INFO]: [0mGET /css/why-choose.css [36m304[0m 0.267 ms - -[0m
2026-08-01 06:14:48 [INFO]: [0mGET /css/footer.css [36m304[0m 0.448 ms - -[0m
2026-08-01 06:14:48 [INFO]: [0mGET /css/auth.css [36m304[0m 0.339 ms - -[0m
2026-08-01 06:14:48 [INFO]: [0mGET /css/verify.css [36m304[0m 0.585 ms - -[0m
2026-08-01 06:14:48 [INFO]: [0mGET /js/notification.js [36m304[0m 0.321 ms - -[0m
2026-08-01 06:14:48 [INFO]: [0mGET /js/footer.js [36m304[0m 0.481 ms - -[0m
2026-08-01 06:14:48 [INFO]: [0mGET /js/auth.js [36m304[0m 0.240 ms - -[0m
2026-08-01 06:14:48 [INFO]: [0mGET /auth/%7B%20%20publicId:%20'/public/default/profile.png',%20%20url:%20'https://res.cloudinary.com/desmwasfe/image/upload/v1781973939/default-avatar_d6ofmr.png'%7D [33m404[0m 40.914 ms - 241[0m
2026-08-01 06:14:48 [INFO]: [0mGET /auth/public/js/header.js [33m404[0m 43.380 ms - 88[0m
2026-08-01 06:14:51 [ERROR]: Error: Failed to lookup view "admin/dashboard/index" in views directory "E:\Webskitters_Academy\NODE JS\final_project_node\plantora_final_project_node_ejs\views"
    at app.render (E:\Webskitters_Academy\NODE JS\final_project_node\plantora_final_project_node_ejs\node_modules\express\lib\application.js:562:17)
    at ServerResponse.render (E:\Webskitters_Academy\NODE JS\final_project_node\plantora_final_project_node_ejs\node_modules\express\lib\response.js:923:7)
    at showDashboard (E:\Webskitters_Academy\NODE JS\final_project_node\plantora_final_project_node_ejs\app\controllers\AdminDashboardController.js:18:18)
    at Layer.handleRequest (E:\Webskitters_Academy\NODE JS\final_project_node\plantora_final_project_node_ejs\node_modules\router\lib\layer.js:152:17)
    at next (E:\Webskitters_Academy\NODE JS\final_project_node\plantora_final_project_node_ejs\node_modules\router\lib\route.js:157:13)
    at E:\Webskitters_Academy\NODE JS\final_project_node\plantora_final_project_node_ejs\app\middlewares\authorizeRoles.js:23:12
    at Layer.handleRequest (E:\Webskitters_Academy\NODE JS\final_project_node\plantora_final_project_node_ejs\node_modules\router\lib\layer.js:152:17)
    at next (E:\Webskitters_Academy\NODE JS\final_project_node\plantora_final_project_node_ejs\node_modules\router\lib\route.js:157:13)
    at authMiddleware (E:\Webskitters_Academy\NODE JS\final_project_node\plantora_final_project_node_ejs\app\middlewares\authMiddleware.js:76:12)
    at process.processTicksAndRejections (node:internal/process/task_queues:103:5)
2026-08-01 06:14:51 [INFO]: [0mGET /admin/dashboard [31m500[0m 82.427 ms - 222[0m
2026-08-01 06:15:00 [INFO]: [0mGET /auth/profile [32m200[0m 90.143 ms - -[0m
2026-08-01 06:15:00 [INFO]: [0mGET /css/style.css [36m304[0m 0.269 ms - -[0m
2026-08-01 06:15:00 [INFO]: [0mGET /css/profile.css [36m304[0m 0.585 ms - -[0m
2026-08-01 06:15:00 [INFO]: [0mGET /images/logo/plantora.png [36m304[0m 0.715 ms - -[0m
2026-08-01 06:15:00 [INFO]: [0mGET /js/profile.js [36m304[0m 0.359 ms - -[0m
2026-08-01 06:15:00 [INFO]: [0mGET /images/logo/plantora-orgn-white.png [36m304[0m 0.691 ms - -[0m
2026-08-01 06:15:00 [INFO]: [0mGET /js/featured.js [36m304[0m 1.370 ms - -[0m
2026-08-01 06:15:00 [INFO]: [0mGET /css/variables.css [36m304[0m 0.273 ms - -[0m
2026-08-01 06:15:00 [INFO]: [0mGET /css/utilities.css [36m304[0m 0.819 ms - -[0m
2026-08-01 06:15:00 [INFO]: [0mGET /js/why-choose.js [36m304[0m 1.464 ms - -[0m
2026-08-01 06:15:00 [INFO]: [0mGET /css/animations.css [36m304[0m 0.677 ms - -[0m
2026-08-01 06:15:00 [INFO]: [0mGET /css/announcement.css [36m304[0m 0.282 ms - -[0m
2026-08-01 06:15:00 [INFO]: [0mGET /css/header.css [36m304[0m 0.410 ms - -[0m
2026-08-01 06:15:00 [INFO]: [0mGET /css/hero.css [36m304[0m 1.096 ms - -[0m
2026-08-01 06:15:00 [INFO]: [0mGET /css/featured.css [36m304[0m 0.684 ms - -[0m
2026-08-01 06:15:00 [INFO]: [0mGET /css/why-choose.css [36m304[0m 0.498 ms - -[0m
2026-08-01 06:15:00 [INFO]: [0mGET /css/footer.css [36m304[0m 0.674 ms - -[0m
2026-08-01 06:15:00 [INFO]: [0mGET /css/auth.css [36m304[0m 0.260 ms - -[0m
2026-08-01 06:15:00 [INFO]: [0mGET /css/verify.css [36m304[0m 0.380 ms - -[0m
2026-08-01 06:15:00 [INFO]: [0mGET /js/notification.js [36m304[0m 0.503 ms - -[0m
2026-08-01 06:15:00 [INFO]: [0mGET /js/footer.js [36m304[0m 0.437 ms - -[0m
2026-08-01 06:15:00 [INFO]: [0mGET /js/auth.js [36m304[0m 0.654 ms - -[0m
2026-08-01 06:15:00 [INFO]: [0mGET /auth/%7B%20%20publicId:%20'/public/default/profile.png',%20%20url:%20'https://res.cloudinary.com/desmwasfe/image/upload/v1781973939/default-avatar_d6ofmr.png'%7D [33m404[0m 41.409 ms - 241[0m
2026-08-01 06:15:00 [INFO]: [0mGET /auth/public/js/header.js [33m404[0m 42.595 ms - 88[0m
2026-08-01 06:15:07 [ERROR]: Error: Failed to lookup view "seller/dashboard/index" in views directory "E:\Webskitters_Academy\NODE JS\final_project_node\plantora_final_project_node_ejs\views"
    at app.render (E:\Webskitters_Academy\NODE JS\final_project_node\plantora_final_project_node_ejs\node_modules\express\lib\application.js:562:17)
    at ServerResponse.render (E:\Webskitters_Academy\NODE JS\final_project_node\plantora_final_project_node_ejs\node_modules\express\lib\response.js:923:7)
    at showDashboard (E:\Webskitters_Academy\NODE JS\final_project_node\plantora_final_project_node_ejs\app\controllers\SellerDashboardController.js:14:18)
    at Layer.handleRequest (E:\Webskitters_Academy\NODE JS\final_project_node\plantora_final_project_node_ejs\node_modules\router\lib\layer.js:152:17)
    at next (E:\Webskitters_Academy\NODE JS\final_project_node\plantora_final_project_node_ejs\node_modules\router\lib\route.js:157:13)
    at sellerMiddleware (E:\Webskitters_Academy\NODE JS\final_project_node\plantora_final_project_node_ejs\app\middlewares\sellerMiddleware.js:22:10)
    at Layer.handleRequest (E:\Webskitters_Academy\NODE JS\final_project_node\plantora_final_project_node_ejs\node_modules\router\lib\layer.js:152:17)
    at next (E:\Webskitters_Academy\NODE JS\final_project_node\plantora_final_project_node_ejs\node_modules\router\lib\route.js:157:13)
    at E:\Webskitters_Academy\NODE JS\final_project_node\plantora_final_project_node_ejs\app\middlewares\authorizeRoles.js:23:12
    at Layer.handleRequest (E:\Webskitters_Academy\NODE JS\final_project_node\plantora_final_project_node_ejs\node_modules\router\lib\layer.js:152:17)
2026-08-01 06:15:07 [INFO]: [0mGET /seller/dashboard [31m500[0m 82.748 ms - 223[0m
2026-08-01 06:15:16 [ERROR]: Error: Failed to lookup view "seller/dashboard/index" in views directory "E:\Webskitters_Academy\NODE JS\final_project_node\plantora_final_project_node_ejs\views"
    at app.render (E:\Webskitters_Academy\NODE JS\final_project_node\plantora_final_project_node_ejs\node_modules\express\lib\application.js:562:17)
    at ServerResponse.render (E:\Webskitters_Academy\NODE JS\final_project_node\plantora_final_project_node_ejs\node_modules\express\lib\response.js:923:7)
    at showDashboard (E:\Webskitters_Academy\NODE JS\final_project_node\plantora_final_project_node_ejs\app\controllers\SellerDashboardController.js:14:18)
    at Layer.handleRequest (E:\Webskitters_Academy\NODE JS\final_project_node\plantora_final_project_node_ejs\node_modules\router\lib\layer.js:152:17)
    at next (E:\Webskitters_Academy\NODE JS\final_project_node\plantora_final_project_node_ejs\node_modules\router\lib\route.js:157:13)
    at sellerMiddleware (E:\Webskitters_Academy\NODE JS\final_project_node\plantora_final_project_node_ejs\app\middlewares\sellerMiddleware.js:22:10)
    at Layer.handleRequest (E:\Webskitters_Academy\NODE JS\final_project_node\plantora_final_project_node_ejs\node_modules\router\lib\layer.js:152:17)
    at next (E:\Webskitters_Academy\NODE JS\final_project_node\plantora_final_project_node_ejs\node_modules\router\lib\route.js:157:13)
    at E:\Webskitters_Academy\NODE JS\final_project_node\plantora_final_project_node_ejs\app\middlewares\authorizeRoles.js:23:12
    at Layer.handleRequest (E:\Webskitters_Academy\NODE JS\final_project_node\plantora_final_project_node_ejs\node_modules\router\lib\layer.js:152:17)
2026-08-01 06:15:16 [INFO]: [0mGET /seller/dashboard [31m500[0m 79.112 ms - 223[0m
2026-08-01 06:25:20 [INFO]: MongoDB connected successfully.
2026-08-01 06:25:23 [INFO]: Email server connected successfully.
2026-08-01 06:25:23 [INFO]: Server is running on port 5132.
2026-08-01 06:25:32 [INFO]: MongoDB connected successfully.
2026-08-01 06:25:35 [INFO]: Email server connected successfully.
2026-08-01 06:25:35 [INFO]: Server is running on port 5132.
2026-08-01 06:25:48 [INFO]: MongoDB connected successfully.
2026-08-01 06:25:51 [INFO]: Email server connected successfully.
2026-08-01 06:25:51 [INFO]: Server is running on port 5132.
2026-08-01 06:25:59 [INFO]: MongoDB connected successfully.
2026-08-01 06:26:02 [INFO]: Email server connected successfully.
2026-08-01 06:26:02 [INFO]: Server is running on port 5132.
2026-08-01 06:27:58 [INFO]: MongoDB connected successfully.
2026-08-01 06:28:01 [INFO]: Email server connected successfully.
2026-08-01 06:28:01 [INFO]: Server is running on port 5132.
2026-08-01 06:28:32 [INFO]: MongoDB connected successfully.
2026-08-01 06:28:35 [INFO]: Email server connected successfully.
2026-08-01 06:28:35 [INFO]: Server is running on port 5132.
2026-08-01 06:29:09 [INFO]: MongoDB connected successfully.
2026-08-01 06:29:12 [INFO]: Email server connected successfully.
2026-08-01 06:29:12 [INFO]: Server is running on port 5132.
2026-08-01 06:29:31 [INFO]: MongoDB connected successfully.
2026-08-01 06:29:34 [INFO]: Email server connected successfully.
2026-08-01 06:29:34 [INFO]: Server is running on port 5132.
2026-08-01 06:29:52 [INFO]: MongoDB connected successfully.
2026-08-01 06:29:55 [INFO]: Email server connected successfully.
2026-08-01 06:29:55 [INFO]: Server is running on port 5132.
2026-08-01 06:30:24 [INFO]: MongoDB connected successfully.
2026-08-01 06:30:27 [INFO]: Email server connected successfully.
2026-08-01 06:30:27 [INFO]: Server is running on port 5132.
2026-08-01 06:30:43 [INFO]: MongoDB connected successfully.
2026-08-01 06:30:46 [INFO]: Email server connected successfully.
2026-08-01 06:30:46 [INFO]: Server is running on port 5132.
2026-08-01 06:43:57 [INFO]: MongoDB connected successfully.
2026-08-01 06:44:00 [INFO]: Email server connected successfully.
2026-08-01 06:44:00 [INFO]: Server is running on port 5132.
2026-08-01 06:44:02 [INFO]: MongoDB connected successfully.
2026-08-01 06:44:06 [INFO]: MongoDB connected successfully.
2026-08-01 06:44:09 [INFO]: Email server connected successfully.
2026-08-01 06:44:09 [INFO]: Server is running on port 5132.
2026-08-01 06:44:27 [INFO]: MongoDB connected successfully.
2026-08-01 06:44:30 [INFO]: Email server connected successfully.
2026-08-01 06:44:30 [INFO]: Server is running on port 5132.
2026-08-01 06:45:05 [INFO]: MongoDB connected successfully.
2026-08-01 06:45:08 [INFO]: Email server connected successfully.
2026-08-01 06:45:08 [INFO]: Server is running on port 5132.
2026-08-01 06:45:21 [INFO]: MongoDB connected successfully.
2026-08-01 06:45:24 [INFO]: Email server connected successfully.
2026-08-01 06:45:24 [INFO]: Server is running on port 5132.
2026-08-01 06:45:43 [INFO]: [0mGET /auth/profile [36m304[0m 135.338 ms - -[0m
2026-08-01 06:45:43 [INFO]: [0mGET /css/style.css [36m304[0m 1.340 ms - -[0m
2026-08-01 06:45:43 [INFO]: [0mGET /css/profile.css [36m304[0m 0.807 ms - -[0m
2026-08-01 06:45:43 [INFO]: [0mGET /images/logo/plantora.png [36m304[0m 0.948 ms - -[0m
2026-08-01 06:45:43 [INFO]: [0mGET /js/profile.js [36m304[0m 2.623 ms - -[0m
2026-08-01 06:45:43 [INFO]: [0mGET /images/logo/plantora-orgn-white.png [36m304[0m 1.950 ms - -[0m
2026-08-01 06:45:43 [INFO]: [0mGET /js/featured.js [36m304[0m 1.555 ms - -[0m
2026-08-01 06:45:43 [INFO]: [0mGET /js/why-choose.js [36m304[0m 1.121 ms - -[0m
2026-08-01 06:45:43 [INFO]: [0mGET /js/notification.js [36m304[0m 1.302 ms - -[0m
2026-08-01 06:45:43 [INFO]: [0mGET /js/footer.js [36m304[0m 1.860 ms - -[0m
2026-08-01 06:45:43 [INFO]: [0mGET /css/variables.css [36m304[0m 2.155 ms - -[0m
2026-08-01 06:45:43 [INFO]: [0mGET /css/utilities.css [36m304[0m 1.146 ms - -[0m
2026-08-01 06:45:43 [INFO]: [0mGET /css/animations.css [36m304[0m 1.735 ms - -[0m
2026-08-01 06:45:43 [INFO]: [0mGET /css/announcement.css [36m304[0m 1.413 ms - -[0m
2026-08-01 06:45:43 [INFO]: [0mGET /css/header.css [36m304[0m 1.155 ms - -[0m
2026-08-01 06:45:43 [INFO]: [0mGET /css/hero.css [36m304[0m 1.382 ms - -[0m
2026-08-01 06:45:43 [INFO]: [0mGET /css/featured.css [36m304[0m 1.087 ms - -[0m
2026-08-01 06:45:43 [INFO]: [0mGET /css/why-choose.css [36m304[0m 0.416 ms - -[0m
2026-08-01 06:45:43 [INFO]: [0mGET /css/footer.css [36m304[0m 0.795 ms - -[0m
2026-08-01 06:45:43 [INFO]: [0mGET /css/auth.css [36m304[0m 0.747 ms - -[0m
2026-08-01 06:45:43 [INFO]: [0mGET /css/verify.css [36m304[0m 1.454 ms - -[0m
2026-08-01 06:45:43 [INFO]: [0mGET /js/auth.js [36m304[0m 0.275 ms - -[0m
2026-08-01 06:45:43 [INFO]: [0mGET /auth/%7B%20%20publicId:%20'/public/default/profile.png',%20%20url:%20'https://res.cloudinary.com/desmwasfe/image/upload/v1781973939/default-avatar_d6ofmr.png'%7D [33m404[0m 43.142 ms - 241[0m
2026-08-01 06:45:43 [INFO]: [0mGET /auth/public/js/header.js [33m404[0m 47.310 ms - 88[0m
2026-08-01 06:45:45 [INFO]: [0mGET / [32m200[0m 50.093 ms - -[0m
2026-08-01 06:45:45 [INFO]: [0mGET /css/style.css [36m304[0m 0.282 ms - -[0m
2026-08-01 06:45:45 [INFO]: [0mGET /images/logo/plantora.png [36m304[0m 0.867 ms - -[0m
2026-08-01 06:45:45 [INFO]: [0mGET /images/hero/hero-placeholder.png [36m304[0m 0.339 ms - -[0m
2026-08-01 06:45:45 [INFO]: [0mGET /css/variables.css [36m304[0m 1.325 ms - -[0m
2026-08-01 06:45:45 [INFO]: [0mGET /css/utilities.css [36m304[0m 1.059 ms - -[0m
2026-08-01 06:45:45 [INFO]: [0mGET /css/animations.css [36m304[0m 1.370 ms - -[0m
2026-08-01 06:45:45 [INFO]: [0mGET /css/announcement.css [36m304[0m 1.692 ms - -[0m
2026-08-01 06:45:45 [INFO]: [0mGET /css/header.css [36m304[0m 0.472 ms - -[0m
2026-08-01 06:45:45 [INFO]: [0mGET /css/hero.css [36m304[0m 0.794 ms - -[0m
2026-08-01 06:45:45 [INFO]: [0mGET /css/featured.css [36m304[0m 1.630 ms - -[0m
2026-08-01 06:45:45 [INFO]: [0mGET /css/why-choose.css [36m304[0m 0.978 ms - -[0m
2026-08-01 06:45:45 [INFO]: [0mGET /css/footer.css [36m304[0m 1.020 ms - -[0m
2026-08-01 06:45:45 [INFO]: [0mGET /css/auth.css [36m304[0m 0.958 ms - -[0m
2026-08-01 06:45:45 [INFO]: [0mGET /css/verify.css [36m304[0m 0.621 ms - -[0m
2026-08-01 06:45:45 [INFO]: [0mGET /images/hero/monstera-plant.jpg [36m304[0m 0.330 ms - -[0m
2026-08-01 06:45:45 [INFO]: [0mGET /js/featured.js [36m304[0m 0.242 ms - -[0m
2026-08-01 06:45:45 [INFO]: [0mGET /js/why-choose.js [36m304[0m 0.422 ms - -[0m
2026-08-01 06:45:45 [INFO]: [0mGET /js/notification.js [36m304[0m 0.159 ms - -[0m
2026-08-01 06:45:45 [INFO]: [0mGET /js/footer.js [36m304[0m 0.322 ms - -[0m
2026-08-01 06:45:45 [INFO]: [0mGET /js/auth.js [36m304[0m 0.188 ms - -[0m
2026-08-01 06:45:45 [INFO]: [0mGET /images/hero/snake-plant.jpg [36m304[0m 0.271 ms - -[0m
2026-08-01 06:45:45 [INFO]: [0mGET /images/hero/peace-lily.jpg [36m304[0m 0.699 ms - -[0m
2026-08-01 06:45:45 [INFO]: [0mGET /images/hero/tulip-plant.jpg [36m304[0m 0.426 ms - -[0m
2026-08-01 06:45:45 [INFO]: [0mGET /images/hero/rubber-plant.jpg [36m304[0m 0.524 ms - -[0m
2026-08-01 06:45:45 [INFO]: [0mGET /images/hero/aloe-vera.jpg [36m304[0m 0.693 ms - -[0m
2026-08-01 06:45:45 [INFO]: [0mGET /images/hero/areca-palm.jpg [36m304[0m 0.719 ms - -[0m
2026-08-01 06:45:45 [INFO]: [0mGET /%7B%20%20publicId:%20'/public/default/profile.png',%20%20url:%20'https://res.cloudinary.com/desmwasfe/image/upload/v1781973939/default-avatar_d6ofmr.png'%7D [33m404[0m 43.180 ms - 236[0m
2026-08-01 06:45:45 [INFO]: [0mGET /images/hero/jade-plant.jpg [36m304[0m 0.305 ms - -[0m
2026-08-01 06:45:45 [INFO]: [0mGET /images/hero/golden-pothos.jpg [36m304[0m 0.406 ms - -[0m
2026-08-01 06:45:45 [INFO]: [0mGET /images/hero/fiddle-leaf-fig.jpg [36m304[0m 0.300 ms - -[0m
2026-08-01 06:45:45 [INFO]: [0mGET /public/js/header.js [33m404[0m 42.234 ms - 83[0m
2026-08-01 06:45:45 [INFO]: [0mGET /images/hero/why-choose.jpg [36m304[0m 0.773 ms - -[0m
2026-08-01 06:45:45 [INFO]: [0mGET /images/logo/plantora-orgn-white.png [36m304[0m 0.351 ms - -[0m
2026-08-01 06:45:51 [INFO]: Logout successful : customer_0004@yopmail.com
2026-08-01 06:45:51 [INFO]: [0mPOST /auth/logout [36m302[0m 269.710 ms - 30[0m
2026-08-01 06:45:51 [INFO]: [0mGET / [32m200[0m 4.125 ms - -[0m
2026-08-01 06:45:51 [INFO]: [0mGET /css/style.css [36m304[0m 0.735 ms - -[0m
2026-08-01 06:45:51 [INFO]: [0mGET /images/logo/plantora.png [36m304[0m 0.673 ms - -[0m
2026-08-01 06:45:51 [INFO]: [0mGET /images/hero/hero-placeholder.png [36m304[0m 0.861 ms - -[0m
2026-08-01 06:45:51 [INFO]: [0mGET /images/hero/monstera-plant.jpg [36m304[0m 1.155 ms - -[0m
2026-08-01 06:45:51 [INFO]: [0mGET /images/hero/snake-plant.jpg [36m304[0m 1.353 ms - -[0m
2026-08-01 06:45:51 [INFO]: [0mGET /images/hero/peace-lily.jpg [36m304[0m 2.134 ms - -[0m
2026-08-01 06:45:51 [INFO]: [0mGET /public/js/header.js [33m404[0m 1.295 ms - 83[0m
2026-08-01 06:45:51 [INFO]: [0mGET /js/featured.js [36m304[0m 1.587 ms - -[0m
2026-08-01 06:45:51 [INFO]: [0mGET /js/why-choose.js [36m304[0m 2.003 ms - -[0m
2026-08-01 06:45:51 [INFO]: [0mGET /js/notification.js [36m304[0m 1.949 ms - -[0m
2026-08-01 06:45:51 [INFO]: [0mGET /js/footer.js [36m304[0m 2.853 ms - -[0m
2026-08-01 06:45:51 [INFO]: [0mGET /js/auth.js [36m304[0m 2.421 ms - -[0m
2026-08-01 06:45:51 [INFO]: [0mGET /images/hero/tulip-plant.jpg [36m304[0m 0.776 ms - -[0m
2026-08-01 06:45:51 [INFO]: [0mGET /images/hero/rubber-plant.jpg [36m304[0m 1.037 ms - -[0m
2026-08-01 06:45:51 [INFO]: [0mGET /images/hero/aloe-vera.jpg [36m304[0m 1.020 ms - -[0m
2026-08-01 06:45:51 [INFO]: [0mGET /css/variables.css [36m304[0m 1.302 ms - -[0m
2026-08-01 06:45:51 [INFO]: [0mGET /css/utilities.css [36m304[0m 1.046 ms - -[0m
2026-08-01 06:45:51 [INFO]: [0mGET /css/animations.css [36m304[0m 1.438 ms - -[0m
2026-08-01 06:45:51 [INFO]: [0mGET /css/announcement.css [36m304[0m 1.080 ms - -[0m
2026-08-01 06:45:51 [INFO]: [0mGET /css/header.css [36m304[0m 1.264 ms - -[0m
2026-08-01 06:45:51 [INFO]: [0mGET /css/hero.css [36m304[0m 0.911 ms - -[0m
2026-08-01 06:45:51 [INFO]: [0mGET /css/featured.css [36m304[0m 1.251 ms - -[0m
2026-08-01 06:45:51 [INFO]: [0mGET /css/why-choose.css [36m304[0m 2.096 ms - -[0m
2026-08-01 06:45:51 [INFO]: [0mGET /css/footer.css [36m304[0m 0.539 ms - -[0m
2026-08-01 06:45:51 [INFO]: [0mGET /css/auth.css [36m304[0m 0.414 ms - -[0m
2026-08-01 06:45:51 [INFO]: [0mGET /css/verify.css [36m304[0m 0.650 ms - -[0m
2026-08-01 06:45:51 [INFO]: [0mGET /images/hero/areca-palm.jpg [36m304[0m 0.845 ms - -[0m
2026-08-01 06:45:51 [INFO]: [0mGET /images/hero/jade-plant.jpg [36m304[0m 1.189 ms - -[0m
2026-08-01 06:45:51 [INFO]: [0mGET /images/hero/golden-pothos.jpg [36m304[0m 1.157 ms - -[0m
2026-08-01 06:45:51 [INFO]: [0mGET /images/hero/fiddle-leaf-fig.jpg [36m304[0m 1.250 ms - -[0m
2026-08-01 06:45:51 [INFO]: [0mGET /images/hero/why-choose.jpg [36m304[0m 1.643 ms - -[0m
2026-08-01 06:45:51 [INFO]: [0mGET /images/logo/plantora-orgn-white.png [36m304[0m 0.212 ms - -[0m
2026-08-01 06:46:22 [INFO]: Email sent successfully to 'customer_0004@yopmail.com'. Subject: 'Verify Your Plantora Account'.
2026-08-01 06:46:22 [INFO]: Customer registered successfully : customer_0004@yopmail.com
2026-08-01 06:46:22 [INFO]: [0mPOST /auth/register [32m201[0m 5362.571 ms - 97[0m
2026-08-01 06:46:26 [INFO]: Email verified successfully : customer_0004@yopmail.com
2026-08-01 06:46:26 [INFO]: [0mGET /auth/verify-email/2bc591def6e1009e113d7649075d9c7f4d63b67820b079729371fbd3bc63aa0d [32m200[0m 207.249 ms - -[0m
2026-08-01 06:46:26 [INFO]: [0mGET /css/style.css [36m304[0m 0.759 ms - -[0m
2026-08-01 06:46:26 [INFO]: [0mGET /auth/verify-email/public/js/header.js [33m404[0m 2.362 ms - 101[0m
2026-08-01 06:46:26 [INFO]: [0mGET /js/featured.js [36m304[0m 0.425 ms - -[0m
2026-08-01 06:46:26 [INFO]: [0mGET /js/why-choose.js [36m304[0m 1.051 ms - -[0m
2026-08-01 06:46:26 [INFO]: [0mGET /js/notification.js [36m304[0m 1.431 ms - -[0m
2026-08-01 06:46:26 [INFO]: [0mGET /js/footer.js [36m304[0m 2.090 ms - -[0m
2026-08-01 06:46:26 [INFO]: [0mGET /js/auth.js [36m304[0m 2.898 ms - -[0m
2026-08-01 06:46:26 [INFO]: [0mGET /js/verify.js [36m304[0m 0.391 ms - -[0m
2026-08-01 06:46:26 [INFO]: [0mGET /css/variables.css [36m304[0m 0.840 ms - -[0m
2026-08-01 06:46:26 [INFO]: [0mGET /css/utilities.css [36m304[0m 1.098 ms - -[0m
2026-08-01 06:46:26 [INFO]: [0mGET /css/animations.css [36m304[0m 1.456 ms - -[0m
2026-08-01 06:46:26 [INFO]: [0mGET /css/announcement.css [36m304[0m 1.583 ms - -[0m
2026-08-01 06:46:26 [INFO]: [0mGET /css/header.css [36m304[0m 1.652 ms - -[0m
2026-08-01 06:46:26 [INFO]: [0mGET /css/hero.css [36m304[0m 0.227 ms - -[0m
2026-08-01 06:46:26 [INFO]: [0mGET /css/featured.css [36m304[0m 1.336 ms - -[0m
2026-08-01 06:46:26 [INFO]: [0mGET /css/why-choose.css [36m304[0m 1.321 ms - -[0m
2026-08-01 06:46:26 [INFO]: [0mGET /css/footer.css [36m304[0m 1.927 ms - -[0m
2026-08-01 06:46:26 [INFO]: [0mGET /css/auth.css [36m304[0m 0.651 ms - -[0m
2026-08-01 06:46:26 [INFO]: [0mGET /css/verify.css [36m304[0m 1.111 ms - -[0m
2026-08-01 06:46:31 [INFO]: [0mGET /?openLogin=true [32m200[0m 3.545 ms - -[0m
2026-08-01 06:46:31 [INFO]: [0mGET /css/style.css [36m304[0m 0.449 ms - -[0m
2026-08-01 06:46:31 [INFO]: [0mGET /images/logo/plantora.png [36m304[0m 0.977 ms - -[0m
2026-08-01 06:46:31 [INFO]: [0mGET /images/hero/hero-placeholder.png [36m304[0m 1.694 ms - -[0m
2026-08-01 06:46:31 [INFO]: [0mGET /images/hero/monstera-plant.jpg [36m304[0m 0.514 ms - -[0m
2026-08-01 06:46:31 [INFO]: [0mGET /images/hero/snake-plant.jpg [36m304[0m 1.172 ms - -[0m
2026-08-01 06:46:31 [INFO]: [0mGET /images/hero/peace-lily.jpg [36m304[0m 1.533 ms - -[0m
2026-08-01 06:46:31 [INFO]: [0mGET /css/variables.css [36m304[0m 0.461 ms - -[0m
2026-08-01 06:46:31 [INFO]: [0mGET /public/js/header.js [33m404[0m 1.451 ms - 83[0m
2026-08-01 06:46:31 [INFO]: [0mGET /css/utilities.css [36m304[0m 1.941 ms - -[0m
2026-08-01 06:46:31 [INFO]: [0mGET /css/animations.css [36m304[0m 0.924 ms - -[0m
2026-08-01 06:46:31 [INFO]: [0mGET /css/header.css [36m304[0m 1.540 ms - -[0m
2026-08-01 06:46:31 [INFO]: [0mGET /css/hero.css [36m304[0m 3.667 ms - -[0m
2026-08-01 06:46:31 [INFO]: [0mGET /css/announcement.css [36m304[0m 4.740 ms - -[0m
2026-08-01 06:46:31 [INFO]: [0mGET /css/featured.css [36m304[0m 0.314 ms - -[0m
2026-08-01 06:46:31 [INFO]: [0mGET /css/why-choose.css [36m304[0m 1.428 ms - -[0m
2026-08-01 06:46:31 [INFO]: [0mGET /css/footer.css [36m304[0m 1.279 ms - -[0m
2026-08-01 06:46:31 [INFO]: [0mGET /css/auth.css [36m304[0m 1.433 ms - -[0m
2026-08-01 06:46:31 [INFO]: [0mGET /css/verify.css [36m304[0m 1.134 ms - -[0m
2026-08-01 06:46:31 [INFO]: [0mGET /js/featured.js [36m304[0m 0.285 ms - -[0m
2026-08-01 06:46:31 [INFO]: [0mGET /js/why-choose.js [36m304[0m 2.418 ms - -[0m
2026-08-01 06:46:31 [INFO]: [0mGET /js/notification.js [36m304[0m 3.698 ms - -[0m
2026-08-01 06:46:31 [INFO]: [0mGET /js/footer.js [36m304[0m 1.248 ms - -[0m
2026-08-01 06:46:31 [INFO]: [0mGET /js/auth.js [36m304[0m 0.846 ms - -[0m
2026-08-01 06:46:31 [INFO]: [0mGET /images/hero/tulip-plant.jpg [36m304[0m 0.744 ms - -[0m
2026-08-01 06:46:31 [INFO]: [0mGET /images/hero/rubber-plant.jpg [36m304[0m 0.920 ms - -[0m
2026-08-01 06:46:31 [INFO]: [0mGET /images/hero/aloe-vera.jpg [36m304[0m 0.980 ms - -[0m
2026-08-01 06:46:31 [INFO]: [0mGET /images/hero/areca-palm.jpg [36m304[0m 2.110 ms - -[0m
2026-08-01 06:46:31 [INFO]: [0mGET /images/hero/jade-plant.jpg [36m304[0m 0.420 ms - -[0m
2026-08-01 06:46:31 [INFO]: [0mGET /images/hero/golden-pothos.jpg [36m304[0m 0.191 ms - -[0m
2026-08-01 06:46:31 [INFO]: [0mGET /images/hero/fiddle-leaf-fig.jpg [36m304[0m 2.288 ms - -[0m
2026-08-01 06:46:31 [INFO]: [0mGET /images/hero/why-choose.jpg [36m304[0m 0.373 ms - -[0m
2026-08-01 06:46:31 [INFO]: [0mGET /images/logo/plantora-orgn-white.png [36m304[0m 0.190 ms - -[0m
2026-08-01 06:46:38 [INFO]: Login successful : customer_0004@yopmail.com
2026-08-01 06:46:38 [INFO]: [0mPOST /auth/login [32m200[0m 1133.609 ms - 46[0m
2026-08-01 06:46:39 [INFO]: [0mGET /?openLogin=true [32m200[0m 48.487 ms - -[0m
2026-08-01 06:46:39 [INFO]: [0mGET /css/style.css [36m304[0m 0.344 ms - -[0m
2026-08-01 06:46:39 [INFO]: [0mGET /images/logo/plantora.png [36m304[0m 0.961 ms - -[0m
2026-08-01 06:46:39 [INFO]: [0mGET /images/hero/hero-placeholder.png [36m304[0m 0.761 ms - -[0m
2026-08-01 06:46:39 [INFO]: [0mGET /images/hero/monstera-plant.jpg [36m304[0m 1.179 ms - -[0m
2026-08-01 06:46:39 [INFO]: [0mGET /js/featured.js [36m304[0m 2.482 ms - -[0m
2026-08-01 06:46:39 [INFO]: [0mGET /js/why-choose.js [36m304[0m 2.831 ms - -[0m
2026-08-01 06:46:39 [INFO]: [0mGET /js/notification.js [36m304[0m 0.488 ms - -[0m
2026-08-01 06:46:39 [INFO]: [0mGET /js/footer.js [36m304[0m 1.225 ms - -[0m
2026-08-01 06:46:39 [INFO]: [0mGET /js/auth.js [36m304[0m 1.122 ms - -[0m
2026-08-01 06:46:39 [INFO]: [0mGET /images/hero/snake-plant.jpg [36m304[0m 1.522 ms - -[0m
2026-08-01 06:46:39 [INFO]: [0mGET /images/hero/peace-lily.jpg [36m304[0m 1.230 ms - -[0m
2026-08-01 06:46:39 [INFO]: [0mGET /images/hero/tulip-plant.jpg [36m304[0m 0.382 ms - -[0m
2026-08-01 06:46:39 [INFO]: [0mGET /images/hero/rubber-plant.jpg [36m304[0m 0.817 ms - -[0m
2026-08-01 06:46:39 [INFO]: [0mGET /images/hero/aloe-vera.jpg [36m304[0m 0.765 ms - -[0m
2026-08-01 06:46:39 [INFO]: [0mGET /images/hero/areca-palm.jpg [36m304[0m 1.702 ms - -[0m
2026-08-01 06:46:39 [INFO]: [0mGET /images/hero/jade-plant.jpg [36m304[0m 1.187 ms - -[0m
2026-08-01 06:46:39 [INFO]: [0mGET /images/hero/golden-pothos.jpg [36m304[0m 1.273 ms - -[0m
2026-08-01 06:46:39 [INFO]: [0mGET /images/hero/fiddle-leaf-fig.jpg [36m304[0m 0.224 ms - -[0m
2026-08-01 06:46:39 [INFO]: [0mGET /images/hero/why-choose.jpg [36m304[0m 0.602 ms - -[0m
2026-08-01 06:46:39 [INFO]: [0mGET /images/logo/plantora-orgn-white.png [36m304[0m 0.635 ms - -[0m
2026-08-01 06:46:39 [INFO]: [0mGET /css/variables.css [36m304[0m 0.397 ms - -[0m
2026-08-01 06:46:39 [INFO]: [0mGET /css/utilities.css [36m304[0m 0.965 ms - -[0m
2026-08-01 06:46:39 [INFO]: [0mGET /css/animations.css [36m304[0m 0.483 ms - -[0m
2026-08-01 06:46:39 [INFO]: [0mGET /css/announcement.css [36m304[0m 0.719 ms - -[0m
2026-08-01 06:46:39 [INFO]: [0mGET /css/header.css [36m304[0m 1.540 ms - -[0m
2026-08-01 06:46:39 [INFO]: [0mGET /css/hero.css [36m304[0m 0.694 ms - -[0m
2026-08-01 06:46:39 [INFO]: [0mGET /css/featured.css [36m304[0m 0.321 ms - -[0m
2026-08-01 06:46:39 [INFO]: [0mGET /css/why-choose.css [36m304[0m 1.032 ms - -[0m
2026-08-01 06:46:39 [INFO]: [0mGET /css/footer.css [36m304[0m 1.199 ms - -[0m
2026-08-01 06:46:39 [INFO]: [0mGET /css/auth.css [36m304[0m 1.549 ms - -[0m
2026-08-01 06:46:39 [INFO]: [0mGET /css/verify.css [36m304[0m 0.257 ms - -[0m
2026-08-01 06:46:39 [INFO]: [0mGET /%7B%20%20publicId:%20'/public/default/profile.png',%20%20url:%20'https://res.cloudinary.com/desmwasfe/image/upload/v1781973939/default-avatar_d6ofmr.png'%7D [33m404[0m 60.890 ms - 236[0m
2026-08-01 06:46:39 [INFO]: [0mGET /public/js/header.js [33m404[0m 59.635 ms - 83[0m
2026-08-01 06:46:41 [INFO]: [0mGET /auth/profile [32m200[0m 95.857 ms - -[0m
2026-08-01 06:46:41 [INFO]: [0mGET /css/style.css [36m304[0m 0.361 ms - -[0m
2026-08-01 06:46:41 [INFO]: [0mGET /css/profile.css [36m304[0m 0.708 ms - -[0m
2026-08-01 06:46:41 [INFO]: [0mGET /images/logo/plantora.png [36m304[0m 1.174 ms - -[0m
2026-08-01 06:46:41 [INFO]: [0mGET /js/profile.js [36m304[0m 0.605 ms - -[0m
2026-08-01 06:46:41 [INFO]: [0mGET /images/logo/plantora-orgn-white.png [36m304[0m 0.838 ms - -[0m
2026-08-01 06:46:41 [INFO]: [0mGET /js/featured.js [36m304[0m 1.751 ms - -[0m
2026-08-01 06:46:41 [INFO]: [0mGET /js/why-choose.js [36m304[0m 2.058 ms - -[0m
2026-08-01 06:46:41 [INFO]: [0mGET /css/variables.css [36m304[0m 0.439 ms - -[0m
2026-08-01 06:46:41 [INFO]: [0mGET /css/utilities.css [36m304[0m 0.509 ms - -[0m
2026-08-01 06:46:41 [INFO]: [0mGET /css/animations.css [36m304[0m 1.183 ms - -[0m
2026-08-01 06:46:41 [INFO]: [0mGET /css/announcement.css [36m304[0m 0.787 ms - -[0m
2026-08-01 06:46:41 [INFO]: [0mGET /css/header.css [36m304[0m 0.908 ms - -[0m
2026-08-01 06:46:41 [INFO]: [0mGET /css/hero.css [36m304[0m 0.727 ms - -[0m
2026-08-01 06:46:41 [INFO]: [0mGET /css/featured.css [36m304[0m 1.046 ms - -[0m
2026-08-01 06:46:41 [INFO]: [0mGET /css/why-choose.css [36m304[0m 0.533 ms - -[0m
2026-08-01 06:46:41 [INFO]: [0mGET /css/footer.css [36m304[0m 0.387 ms - -[0m
2026-08-01 06:46:41 [INFO]: [0mGET /css/auth.css [36m304[0m 0.474 ms - -[0m
2026-08-01 06:46:41 [INFO]: [0mGET /css/verify.css [36m304[0m 0.464 ms - -[0m
2026-08-01 06:46:41 [INFO]: [0mGET /js/notification.js [36m304[0m 0.528 ms - -[0m
2026-08-01 06:46:41 [INFO]: [0mGET /js/footer.js [36m304[0m 0.198 ms - -[0m
2026-08-01 06:46:41 [INFO]: [0mGET /js/auth.js [36m304[0m 0.381 ms - -[0m
2026-08-01 06:46:41 [INFO]: [0mGET /auth/public/js/header.js [33m404[0m 102.376 ms - 88[0m
2026-08-01 06:46:41 [INFO]: [0mGET /auth/%7B%20%20publicId:%20'/public/default/profile.png',%20%20url:%20'https://res.cloudinary.com/desmwasfe/image/upload/v1781973939/default-avatar_d6ofmr.png'%7D [33m404[0m 107.873 ms - 241[0m
2026-08-01 06:46:56 [INFO]: Notification sent successfully. Recipient: 6a6bd604b8ef49ebecf645e3, Type: seller
2026-08-01 06:47:01 [INFO]: Email sent successfully to 'plantora-admin@yopmail.com'. Subject: 'New Seller Request - Plantora'.
2026-08-01 06:47:01 [INFO]: Seller request submitted: customer_0004@yopmail.com
2026-08-01 06:47:01 [INFO]: [0mPOST /auth/become-seller [36m302[0m 5791.602 ms - 112[0m
2026-08-01 06:47:01 [INFO]: [0mGET /auth/profile?type=success&message=Seller%20request%20submitted%20successfully. [32m200[0m 153.971 ms - -[0m
2026-08-01 06:47:01 [INFO]: [0mGET /css/style.css [36m304[0m 1.173 ms - -[0m
2026-08-01 06:47:01 [INFO]: [0mGET /css/profile.css [36m304[0m 0.319 ms - -[0m
2026-08-01 06:47:01 [INFO]: [0mGET /images/logo/plantora.png [36m304[0m 0.245 ms - -[0m
2026-08-01 06:47:01 [INFO]: [0mGET /js/profile.js [36m304[0m 0.854 ms - -[0m
2026-08-01 06:47:01 [INFO]: [0mGET /images/logo/plantora-orgn-white.png [36m304[0m 0.512 ms - -[0m
2026-08-01 06:47:01 [INFO]: [0mGET /css/variables.css [36m304[0m 0.482 ms - -[0m
2026-08-01 06:47:01 [INFO]: [0mGET /css/utilities.css [36m304[0m 0.878 ms - -[0m
2026-08-01 06:47:01 [INFO]: [0mGET /js/featured.js [36m304[0m 1.437 ms - -[0m
2026-08-01 06:47:01 [INFO]: [0mGET /css/animations.css [36m304[0m 0.936 ms - -[0m
2026-08-01 06:47:01 [INFO]: [0mGET /css/header.css [36m304[0m 0.931 ms - -[0m
2026-08-01 06:47:01 [INFO]: [0mGET /css/hero.css [36m304[0m 1.220 ms - -[0m
2026-08-01 06:47:01 [INFO]: [0mGET /css/announcement.css [36m304[0m 1.948 ms - -[0m
2026-08-01 06:47:01 [INFO]: [0mGET /css/featured.css [36m304[0m 0.347 ms - -[0m
2026-08-01 06:47:01 [INFO]: [0mGET /css/why-choose.css [36m304[0m 0.955 ms - -[0m
2026-08-01 06:47:01 [INFO]: [0mGET /css/footer.css [36m304[0m 0.780 ms - -[0m
2026-08-01 06:47:01 [INFO]: [0mGET /css/auth.css [36m304[0m 1.261 ms - -[0m
2026-08-01 06:47:01 [INFO]: [0mGET /css/verify.css [36m304[0m 0.594 ms - -[0m
2026-08-01 06:47:01 [INFO]: [0mGET /js/why-choose.js [36m304[0m 0.357 ms - -[0m
2026-08-01 06:47:01 [INFO]: [0mGET /js/notification.js [36m304[0m 0.423 ms - -[0m
2026-08-01 06:47:01 [INFO]: [0mGET /js/footer.js [36m304[0m 0.901 ms - -[0m
2026-08-01 06:47:01 [INFO]: [0mGET /js/auth.js [36m304[0m 0.677 ms - -[0m
2026-08-01 06:47:01 [INFO]: [0mGET /auth/public/js/header.js [33m404[0m 66.346 ms - 88[0m
2026-08-01 06:47:01 [INFO]: [0mGET /auth/%7B%20%20publicId:%20'/public/default/profile.png',%20%20url:%20'https://res.cloudinary.com/desmwasfe/image/upload/v1781973939/default-avatar_d6ofmr.png'%7D [33m404[0m 70.939 ms - 241[0m
2026-08-01 06:47:14 [INFO]: [0mGET /admin/users/seller-request/6a6d48e153ea055c844efe4a [33m401[0m 1.862 ms - 55[0m
2026-08-01 06:47:25 [INFO]: [0mGET /admin/users/seller-request/6a6d48e153ea055c844efe4a [32m200[0m 524.953 ms - -[0m
2026-08-01 06:47:57 [INFO]: Notification sent successfully. Recipient: 6a6d48e153ea055c844efe4a, Type: seller
2026-08-01 06:47:57 [ERROR]: Cannot read properties of undefined (reading 'to')
2026-08-01 06:47:57 [ERROR]: Error: Failed to lookup view "errors/500" in views directory "E:\Webskitters_Academy\NODE JS\final_project_node\plantora_final_project_node_ejs\views"
    at app.render (E:\Webskitters_Academy\NODE JS\final_project_node\plantora_final_project_node_ejs\node_modules\express\lib\application.js:562:17)
    at ServerResponse.render (E:\Webskitters_Academy\NODE JS\final_project_node\plantora_final_project_node_ejs\node_modules\express\lib\response.js:923:7)
    at approveSeller (E:\Webskitters_Academy\NODE JS\final_project_node\plantora_final_project_node_ejs\app\controllers\UserController.js:604:30)
    at process.processTicksAndRejections (node:internal/process/task_queues:103:5)
2026-08-01 06:47:57 [INFO]: [0mPOST /admin/users/seller-request/6a6d48e153ea055c844efe4a/approve [31m500[0m 479.249 ms - 211[0m
2026-08-01 06:48:15 [INFO]: [0mGET /auth/profile [32m200[0m 189.994 ms - -[0m
2026-08-01 06:48:15 [INFO]: [0mGET /css/style.css [36m304[0m 0.738 ms - -[0m
2026-08-01 06:48:15 [INFO]: [0mGET /css/profile.css [36m304[0m 1.294 ms - -[0m
2026-08-01 06:48:15 [INFO]: [0mGET /images/logo/plantora.png [36m304[0m 0.613 ms - -[0m
2026-08-01 06:48:15 [INFO]: [0mGET /js/profile.js [36m304[0m 2.814 ms - -[0m
2026-08-01 06:48:15 [INFO]: [0mGET /images/logo/plantora-orgn-white.png [36m304[0m 3.149 ms - -[0m
2026-08-01 06:48:15 [INFO]: [0mGET /js/featured.js [36m304[0m 0.466 ms - -[0m
2026-08-01 06:48:15 [INFO]: [0mGET /js/why-choose.js [36m304[0m 1.352 ms - -[0m
2026-08-01 06:48:15 [INFO]: [0mGET /js/notification.js [36m304[0m 0.762 ms - -[0m
2026-08-01 06:48:15 [INFO]: [0mGET /css/variables.css [36m304[0m 1.226 ms - -[0m
2026-08-01 06:48:15 [INFO]: [0mGET /css/utilities.css [36m304[0m 1.942 ms - -[0m
2026-08-01 06:48:15 [INFO]: [0mGET /css/animations.css [36m304[0m 2.129 ms - -[0m
2026-08-01 06:48:15 [INFO]: [0mGET /css/announcement.css [36m304[0m 0.513 ms - -[0m
2026-08-01 06:48:15 [INFO]: [0mGET /css/header.css [36m304[0m 0.602 ms - -[0m
2026-08-01 06:48:15 [INFO]: [0mGET /css/hero.css [36m304[0m 1.134 ms - -[0m
2026-08-01 06:48:15 [INFO]: [0mGET /css/featured.css [36m304[0m 0.678 ms - -[0m
2026-08-01 06:48:15 [INFO]: [0mGET /css/why-choose.css [36m304[0m 0.462 ms - -[0m
2026-08-01 06:48:15 [INFO]: [0mGET /css/footer.css [36m304[0m 0.844 ms - -[0m
2026-08-01 06:48:15 [INFO]: [0mGET /css/auth.css [36m304[0m 1.387 ms - -[0m
2026-08-01 06:48:15 [INFO]: [0mGET /css/verify.css [36m304[0m 0.767 ms - -[0m
2026-08-01 06:48:15 [INFO]: [0mGET /js/footer.js [36m304[0m 0.427 ms - -[0m
2026-08-01 06:48:15 [INFO]: [0mGET /js/auth.js [36m304[0m 1.641 ms - -[0m
2026-08-01 06:48:15 [INFO]: [0mGET /auth/%7B%20%20publicId:%20'/public/default/profile.png',%20%20url:%20'https://res.cloudinary.com/desmwasfe/image/upload/v1781973939/default-avatar_d6ofmr.png'%7D [33m404[0m 65.318 ms - 241[0m
2026-08-01 06:48:15 [INFO]: [0mGET /auth/public/js/header.js [33m404[0m 62.377 ms - 88[0m
2026-08-01 06:48:24 [INFO]: Notifications viewed. User: customer_0004@yopmail.com
2026-08-01 06:48:24 [ERROR]: Error: Failed to lookup view "notifications/index" in views directory "E:\Webskitters_Academy\NODE JS\final_project_node\plantora_final_project_node_ejs\views"
    at app.render (E:\Webskitters_Academy\NODE JS\final_project_node\plantora_final_project_node_ejs\node_modules\express\lib\application.js:562:17)
    at ServerResponse.render (E:\Webskitters_Academy\NODE JS\final_project_node\plantora_final_project_node_ejs\node_modules\express\lib\response.js:923:7)
    at showNotificationsPage (E:\Webskitters_Academy\NODE JS\final_project_node\plantora_final_project_node_ejs\app\controllers\NotificationController.js:145:44)
    at process.processTicksAndRejections (node:internal/process/task_queues:103:5)
2026-08-01 06:48:24 [INFO]: [0mGET /notifications [31m500[0m 280.847 ms - 220[0m
2026-08-01 06:57:20 [ERROR]: Error: Failed to lookup view "seller/dashboard/index" in views directory "E:\Webskitters_Academy\NODE JS\final_project_node\plantora_final_project_node_ejs\views"
    at app.render (E:\Webskitters_Academy\NODE JS\final_project_node\plantora_final_project_node_ejs\node_modules\express\lib\application.js:562:17)
    at ServerResponse.render (E:\Webskitters_Academy\NODE JS\final_project_node\plantora_final_project_node_ejs\node_modules\express\lib\response.js:923:7)
    at showDashboard (E:\Webskitters_Academy\NODE JS\final_project_node\plantora_final_project_node_ejs\app\controllers\SellerDashboardController.js:14:18)
    at Layer.handleRequest (E:\Webskitters_Academy\NODE JS\final_project_node\plantora_final_project_node_ejs\node_modules\router\lib\layer.js:152:17)
    at next (E:\Webskitters_Academy\NODE JS\final_project_node\plantora_final_project_node_ejs\node_modules\router\lib\route.js:157:13)
    at sellerMiddleware (E:\Webskitters_Academy\NODE JS\final_project_node\plantora_final_project_node_ejs\app\middlewares\sellerMiddleware.js:22:10)
    at Layer.handleRequest (E:\Webskitters_Academy\NODE JS\final_project_node\plantora_final_project_node_ejs\node_modules\router\lib\layer.js:152:17)
    at next (E:\Webskitters_Academy\NODE JS\final_project_node\plantora_final_project_node_ejs\node_modules\router\lib\route.js:157:13)
    at E:\Webskitters_Academy\NODE JS\final_project_node\plantora_final_project_node_ejs\app\middlewares\authorizeRoles.js:23:12
    at Layer.handleRequest (E:\Webskitters_Academy\NODE JS\final_project_node\plantora_final_project_node_ejs\node_modules\router\lib\layer.js:152:17)
2026-08-01 06:57:20 [INFO]: [0mGET /seller/dashboard [31m500[0m 82.255 ms - 223[0m
2026-08-01 07:11:39 [INFO]: MongoDB connected successfully.
2026-08-01 07:11:42 [INFO]: MongoDB connected successfully.
2026-08-01 07:11:45 [INFO]: Email server connected successfully.
2026-08-01 07:11:45 [INFO]: Server is running on port 5132.
2026-08-01 07:11:47 [INFO]: MongoDB connected successfully.
2026-08-01 07:11:50 [INFO]: Email server connected successfully.
2026-08-01 07:11:50 [INFO]: Server is running on port 5132.
2026-08-01 07:13:32 [INFO]: MongoDB connected successfully.
2026-08-01 07:13:35 [INFO]: Email server connected successfully.
2026-08-01 07:13:35 [INFO]: Server is running on port 5132.
2026-08-01 07:13:44 [INFO]: MongoDB connected successfully.
2026-08-01 07:13:45 [INFO]: MongoDB connected successfully.
2026-08-01 07:13:48 [INFO]: MongoDB connected successfully.
2026-08-01 07:13:51 [INFO]: Email server connected successfully.
2026-08-01 07:13:51 [INFO]: Server is running on port 5132.
2026-08-01 07:14:06 [INFO]: MongoDB connected successfully.
2026-08-01 07:14:09 [INFO]: Email server connected successfully.
2026-08-01 07:14:09 [INFO]: Server is running on port 5132.
2026-08-01 07:14:18 [INFO]: MongoDB connected successfully.
2026-08-01 07:14:21 [INFO]: Email server connected successfully.
2026-08-01 07:14:21 [INFO]: Server is running on port 5132.
2026-08-01 07:14:24 [INFO]: MongoDB connected successfully.
2026-08-01 07:14:27 [INFO]: Email server connected successfully.
2026-08-01 07:14:27 [INFO]: Server is running on port 5132.
2026-08-01 07:14:38 [INFO]: MongoDB connected successfully.
2026-08-01 07:14:41 [INFO]: Email server connected successfully.
2026-08-01 07:14:41 [INFO]: Server is running on port 5132.
2026-08-01 07:15:06 [INFO]: MongoDB connected successfully.
2026-08-01 07:15:09 [INFO]: Email server connected successfully.
2026-08-01 07:15:09 [INFO]: Server is running on port 5132.
2026-08-01 07:15:14 [INFO]: MongoDB connected successfully.
2026-08-01 07:15:17 [INFO]: Email server connected successfully.
2026-08-01 07:15:17 [INFO]: Server is running on port 5132.
2026-08-01 07:18:04 [INFO]: MongoDB connected successfully.
2026-08-01 07:18:07 [INFO]: Email server connected successfully.
2026-08-01 07:18:07 [INFO]: Server is running on port 5132.
2026-08-01 07:18:44 [INFO]: MongoDB connected successfully.
2026-08-01 07:18:47 [INFO]: Email server connected successfully.
2026-08-01 07:18:47 [INFO]: Server is running on port 5132.
2026-08-01 07:22:43 [INFO]: MongoDB connected successfully.
2026-08-01 07:22:45 [INFO]: Email server connected successfully.
2026-08-01 07:22:45 [INFO]: Server is running on port 5132.
2026-08-01 07:22:50 [INFO]: MongoDB connected successfully.
2026-08-01 07:22:53 [INFO]: Email server connected successfully.
2026-08-01 07:22:53 [INFO]: Server is running on port 5132.
2026-08-01 07:22:58 [INFO]: Logout successful : customer_0004@yopmail.com
2026-08-01 07:22:58 [INFO]: [0mPOST /auth/logout [36m302[0m 267.382 ms - 30[0m
2026-08-01 07:22:58 [INFO]: [0mGET / [32m200[0m 11.454 ms - -[0m
2026-08-01 07:22:58 [INFO]: [0mGET /css/style.css [36m304[0m 1.589 ms - -[0m
2026-08-01 07:22:58 [INFO]: [0mGET /images/logo/plantora.png [36m304[0m 1.870 ms - -[0m
2026-08-01 07:22:58 [INFO]: [0mGET /images/hero/hero-placeholder.png [36m304[0m 1.600 ms - -[0m
2026-08-01 07:22:58 [INFO]: [0mGET /images/hero/monstera-plant.jpg [36m304[0m 1.441 ms - -[0m
2026-08-01 07:22:58 [INFO]: [0mGET /images/hero/snake-plant.jpg [36m304[0m 1.609 ms - -[0m
2026-08-01 07:22:58 [INFO]: [0mGET /images/hero/peace-lily.jpg [36m304[0m 1.774 ms - -[0m
2026-08-01 07:22:58 [INFO]: [0mGET /public/js/header.js [33m404[0m 3.777 ms - 83[0m
2026-08-01 07:22:58 [INFO]: [0mGET /js/featured.js [36m304[0m 0.416 ms - -[0m
2026-08-01 07:22:58 [INFO]: [0mGET /js/why-choose.js [36m304[0m 0.356 ms - -[0m
2026-08-01 07:22:58 [INFO]: [0mGET /js/notification.js [36m304[0m 0.533 ms - -[0m
2026-08-01 07:22:58 [INFO]: [0mGET /js/footer.js [36m304[0m 0.694 ms - -[0m
2026-08-01 07:22:58 [INFO]: [0mGET /js/auth.js [36m304[0m 3.854 ms - -[0m
2026-08-01 07:22:58 [INFO]: [0mGET /images/hero/tulip-plant.jpg [36m304[0m 0.731 ms - -[0m
2026-08-01 07:22:58 [INFO]: [0mGET /images/hero/rubber-plant.jpg [36m304[0m 1.129 ms - -[0m
2026-08-01 07:22:58 [INFO]: [0mGET /images/hero/aloe-vera.jpg [36m304[0m 0.384 ms - -[0m
2026-08-01 07:22:58 [INFO]: [0mGET /images/hero/areca-palm.jpg [36m304[0m 0.318 ms - -[0m
2026-08-01 07:22:58 [INFO]: [0mGET /css/variables.css [36m304[0m 0.487 ms - -[0m
2026-08-01 07:22:58 [INFO]: [0mGET /css/utilities.css [36m304[0m 2.113 ms - -[0m
2026-08-01 07:22:58 [INFO]: [0mGET /css/animations.css [36m304[0m 2.435 ms - -[0m
2026-08-01 07:22:58 [INFO]: [0mGET /css/announcement.css [36m304[0m 2.408 ms - -[0m
2026-08-01 07:22:58 [INFO]: [0mGET /css/hero.css [36m304[0m 1.428 ms - -[0m
2026-08-01 07:22:58 [INFO]: [0mGET /css/featured.css [36m304[0m 1.904 ms - -[0m
2026-08-01 07:22:58 [INFO]: [0mGET /css/why-choose.css [36m304[0m 3.042 ms - -[0m
2026-08-01 07:22:58 [INFO]: [0mGET /css/footer.css [36m304[0m 3.634 ms - -[0m
2026-08-01 07:22:58 [INFO]: [0mGET /css/auth.css [36m304[0m 2.769 ms - -[0m
2026-08-01 07:22:58 [INFO]: [0mGET /css/verify.css [36m304[0m 0.664 ms - -[0m
2026-08-01 07:22:58 [INFO]: [0mGET /css/header.css [32m200[0m 8.896 ms - -[0m
2026-08-01 07:22:58 [INFO]: [0mGET /images/hero/jade-plant.jpg [36m304[0m 1.077 ms - -[0m
2026-08-01 07:22:58 [INFO]: [0mGET /images/hero/golden-pothos.jpg [36m304[0m 0.508 ms - -[0m
2026-08-01 07:22:58 [INFO]: [0mGET /images/hero/fiddle-leaf-fig.jpg [36m304[0m 0.333 ms - -[0m
2026-08-01 07:22:58 [INFO]: [0mGET /images/hero/why-choose.jpg [36m304[0m 0.241 ms - -[0m
2026-08-01 07:22:58 [INFO]: [0mGET /images/logo/plantora-orgn-white.png [36m304[0m 0.443 ms - -[0m
2026-08-01 07:22:58 [WARN]: Socket connection rejected. Missing token.
2026-08-01 07:23:14 [INFO]: [0mGET / [32m200[0m 122.874 ms - -[0m
2026-08-01 07:23:14 [INFO]: [0mGET /css/style.css [36m304[0m 1.058 ms - -[0m
2026-08-01 07:23:14 [INFO]: [0mGET /images/logo/plantora.png [36m304[0m 1.060 ms - -[0m
2026-08-01 07:23:14 [INFO]: [0mGET /images/hero/hero-placeholder.png [36m304[0m 0.510 ms - -[0m
2026-08-01 07:23:14 [INFO]: [0mGET /images/hero/monstera-plant.jpg [36m304[0m 1.791 ms - -[0m
2026-08-01 07:23:14 [INFO]: [0mGET /js/featured.js [36m304[0m 3.189 ms - -[0m
2026-08-01 07:23:14 [INFO]: [0mGET /js/why-choose.js [36m304[0m 3.644 ms - -[0m
2026-08-01 07:23:14 [INFO]: [0mGET /css/variables.css [36m304[0m 0.617 ms - -[0m
2026-08-01 07:23:14 [INFO]: [0mGET /css/utilities.css [36m304[0m 0.967 ms - -[0m
2026-08-01 07:23:14 [INFO]: [0mGET /css/animations.css [36m304[0m 1.514 ms - -[0m
2026-08-01 07:23:14 [INFO]: [0mGET /css/announcement.css [36m304[0m 1.871 ms - -[0m
2026-08-01 07:23:14 [INFO]: [0mGET /%7B%20%20publicId:%20'/public/default/profile.png',%20%20url:%20'https://res.cloudinary.com/desmwasfe/image/upload/v1781973939/default-avatar_d6ofmr.png'%7D [33m404[0m 43.874 ms - 236[0m
2026-08-01 07:23:14 [INFO]: [0mGET /css/hero.css [36m304[0m 2.795 ms - -[0m
2026-08-01 07:23:14 [INFO]: [0mGET /css/featured.css [36m304[0m 1.004 ms - -[0m
2026-08-01 07:23:14 [INFO]: [0mGET /css/why-choose.css [36m304[0m 1.771 ms - -[0m
2026-08-01 07:23:14 [INFO]: [0mGET /css/footer.css [36m304[0m 1.143 ms - -[0m
2026-08-01 07:23:14 [INFO]: [0mGET /css/auth.css [36m304[0m 1.398 ms - -[0m
2026-08-01 07:23:14 [INFO]: [0mGET /css/verify.css [36m304[0m 1.727 ms - -[0m
2026-08-01 07:23:14 [INFO]: [0mGET /css/header.css [32m200[0m 6.312 ms - -[0m
2026-08-01 07:23:14 [INFO]: [0mGET /js/notification.js [36m304[0m 0.352 ms - -[0m
2026-08-01 07:23:14 [INFO]: [0mGET /js/footer.js [36m304[0m 0.280 ms - -[0m
2026-08-01 07:23:14 [INFO]: [0mGET /js/auth.js [36m304[0m 0.413 ms - -[0m
2026-08-01 07:23:14 [INFO]: [0mGET /images/hero/snake-plant.jpg [36m304[0m 0.314 ms - -[0m
2026-08-01 07:23:14 [INFO]: [0mGET /images/hero/peace-lily.jpg [36m304[0m 0.418 ms - -[0m
2026-08-01 07:23:14 [INFO]: [0mGET /images/hero/tulip-plant.jpg [36m304[0m 0.255 ms - -[0m
2026-08-01 07:23:14 [INFO]: [0mGET /images/hero/rubber-plant.jpg [36m304[0m 0.192 ms - -[0m
2026-08-01 07:23:14 [INFO]: [0mGET /images/hero/aloe-vera.jpg [36m304[0m 0.454 ms - -[0m
2026-08-01 07:23:14 [INFO]: [0mGET /images/hero/areca-palm.jpg [36m304[0m 0.815 ms - -[0m
2026-08-01 07:23:14 [INFO]: [0mGET /images/hero/jade-plant.jpg [36m304[0m 0.207 ms - -[0m
2026-08-01 07:23:14 [INFO]: [0mGET /images/hero/golden-pothos.jpg [36m304[0m 0.708 ms - -[0m
2026-08-01 07:23:14 [INFO]: [0mGET /images/hero/fiddle-leaf-fig.jpg [36m304[0m 1.220 ms - -[0m
2026-08-01 07:23:14 [INFO]: [0mGET /public/js/header.js [33m404[0m 61.994 ms - 83[0m
2026-08-01 07:23:14 [INFO]: [0mGET /images/hero/why-choose.jpg [36m304[0m 0.414 ms - -[0m
2026-08-01 07:23:14 [INFO]: [0mGET /images/logo/plantora-orgn-white.png [36m304[0m 0.715 ms - -[0m
2026-08-01 07:23:15 [WARN]: Socket connection rejected. Missing token.
2026-08-01 07:23:19 [INFO]: Logout successful : plantora-admin@yopmail.com
2026-08-01 07:23:19 [INFO]: [0mPOST /auth/logout [36m302[0m 751.384 ms - 30[0m
2026-08-01 07:23:19 [INFO]: [0mGET / [32m200[0m 2.996 ms - -[0m
2026-08-01 07:23:19 [INFO]: [0mGET /css/style.css [36m304[0m 0.534 ms - -[0m
2026-08-01 07:23:19 [INFO]: [0mGET /images/logo/plantora.png [36m304[0m 0.750 ms - -[0m
2026-08-01 07:23:19 [INFO]: [0mGET /images/hero/hero-placeholder.png [36m304[0m 1.164 ms - -[0m
2026-08-01 07:23:19 [INFO]: [0mGET /images/hero/monstera-plant.jpg [36m304[0m 0.318 ms - -[0m
2026-08-01 07:23:19 [INFO]: [0mGET /images/hero/snake-plant.jpg [36m304[0m 0.508 ms - -[0m
2026-08-01 07:23:19 [INFO]: [0mGET /images/hero/peace-lily.jpg [36m304[0m 0.682 ms - -[0m
2026-08-01 07:23:19 [INFO]: [0mGET /js/featured.js [36m304[0m 0.296 ms - -[0m
2026-08-01 07:23:19 [INFO]: [0mGET /public/js/header.js [33m404[0m 1.951 ms - 83[0m
2026-08-01 07:23:19 [INFO]: [0mGET /js/why-choose.js [36m304[0m 2.313 ms - -[0m
2026-08-01 07:23:19 [INFO]: [0mGET /js/notification.js [36m304[0m 3.073 ms - -[0m
2026-08-01 07:23:19 [INFO]: [0mGET /js/footer.js [36m304[0m 1.097 ms - -[0m
2026-08-01 07:23:19 [INFO]: [0mGET /js/auth.js [36m304[0m 0.634 ms - -[0m
2026-08-01 07:23:19 [INFO]: [0mGET /css/variables.css [36m304[0m 0.364 ms - -[0m
2026-08-01 07:23:19 [INFO]: [0mGET /images/hero/tulip-plant.jpg [36m304[0m 0.749 ms - -[0m
2026-08-01 07:23:19 [INFO]: [0mGET /images/hero/rubber-plant.jpg [36m304[0m 1.361 ms - -[0m
2026-08-01 07:23:19 [INFO]: [0mGET /css/utilities.css [36m304[0m 0.611 ms - -[0m
2026-08-01 07:23:19 [INFO]: [0mGET /css/animations.css [36m304[0m 0.524 ms - -[0m
2026-08-01 07:23:19 [INFO]: [0mGET /css/announcement.css [36m304[0m 0.725 ms - -[0m
2026-08-01 07:23:19 [INFO]: [0mGET /css/header.css [36m304[0m 1.407 ms - -[0m
2026-08-01 07:23:19 [INFO]: [0mGET /css/hero.css [36m304[0m 2.516 ms - -[0m
2026-08-01 07:23:19 [INFO]: [0mGET /css/featured.css [36m304[0m 0.735 ms - -[0m
2026-08-01 07:23:19 [INFO]: [0mGET /css/why-choose.css [36m304[0m 1.048 ms - -[0m
2026-08-01 07:23:19 [INFO]: [0mGET /css/footer.css [36m304[0m 0.383 ms - -[0m
2026-08-01 07:23:19 [INFO]: [0mGET /css/auth.css [36m304[0m 0.606 ms - -[0m
2026-08-01 07:23:19 [INFO]: [0mGET /css/verify.css [36m304[0m 1.605 ms - -[0m
2026-08-01 07:23:19 [INFO]: [0mGET /images/hero/aloe-vera.jpg [36m304[0m 0.749 ms - -[0m
2026-08-01 07:23:19 [INFO]: [0mGET /images/hero/areca-palm.jpg [36m304[0m 0.862 ms - -[0m
2026-08-01 07:23:19 [INFO]: [0mGET /images/hero/jade-plant.jpg [36m304[0m 0.336 ms - -[0m
2026-08-01 07:23:19 [INFO]: [0mGET /images/hero/golden-pothos.jpg [36m304[0m 0.525 ms - -[0m
2026-08-01 07:23:19 [INFO]: [0mGET /images/hero/fiddle-leaf-fig.jpg [36m304[0m 0.667 ms - -[0m
2026-08-01 07:23:19 [INFO]: [0mGET /images/hero/why-choose.jpg [36m304[0m 0.961 ms - -[0m
2026-08-01 07:23:19 [INFO]: [0mGET /images/logo/plantora-orgn-white.png [36m304[0m 1.136 ms - -[0m
2026-08-01 07:23:19 [WARN]: Socket connection rejected. Missing token.
2026-08-01 07:23:47 [INFO]: Email sent successfully to 'customer_0004@yopmail.com'. Subject: 'Verify Your Plantora Account'.
2026-08-01 07:23:47 [INFO]: Customer registered successfully : customer_0004@yopmail.com
2026-08-01 07:23:47 [INFO]: [0mPOST /auth/register [32m201[0m 5877.538 ms - 97[0m
2026-08-01 07:23:53 [INFO]: Email verified successfully : customer_0004@yopmail.com
2026-08-01 07:23:53 [INFO]: [0mGET /auth/verify-email/c2683f165e8a433da82d11aa5aac4b29f8238f1d49c1b3290100e6fdc6475d7f [32m200[0m 219.160 ms - -[0m
2026-08-01 07:23:53 [INFO]: [0mGET /css/style.css [36m304[0m 0.293 ms - -[0m
2026-08-01 07:23:53 [INFO]: [0mGET /auth/verify-email/public/js/header.js [33m404[0m 1.473 ms - 101[0m
2026-08-01 07:23:53 [INFO]: [0mGET /js/featured.js [36m304[0m 1.354 ms - -[0m
2026-08-01 07:23:53 [INFO]: [0mGET /js/why-choose.js [36m304[0m 1.817 ms - -[0m
2026-08-01 07:23:53 [INFO]: [0mGET /js/notification.js [36m304[0m 2.083 ms - -[0m
2026-08-01 07:23:53 [INFO]: [0mGET /js/footer.js [36m304[0m 0.608 ms - -[0m
2026-08-01 07:23:53 [INFO]: [0mGET /js/verify.js [36m304[0m 0.700 ms - -[0m
2026-08-01 07:23:53 [INFO]: [0mGET /js/auth.js [36m304[0m 1.616 ms - -[0m
2026-08-01 07:23:53 [INFO]: [0mGET /css/variables.css [36m304[0m 0.380 ms - -[0m
2026-08-01 07:23:53 [INFO]: [0mGET /css/animations.css [36m304[0m 0.912 ms - -[0m
2026-08-01 07:23:53 [INFO]: [0mGET /css/utilities.css [36m304[0m 1.340 ms - -[0m
2026-08-01 07:23:53 [INFO]: [0mGET /css/announcement.css [36m304[0m 1.185 ms - -[0m
2026-08-01 07:23:53 [INFO]: [0mGET /css/header.css [36m304[0m 1.396 ms - -[0m
2026-08-01 07:23:53 [INFO]: [0mGET /css/hero.css [36m304[0m 1.873 ms - -[0m
2026-08-01 07:23:53 [INFO]: [0mGET /css/featured.css [36m304[0m 0.452 ms - -[0m
2026-08-01 07:23:53 [INFO]: [0mGET /css/why-choose.css [36m304[0m 0.752 ms - -[0m
2026-08-01 07:23:53 [INFO]: [0mGET /css/footer.css [36m304[0m 0.849 ms - -[0m
2026-08-01 07:23:53 [INFO]: [0mGET /css/auth.css [36m304[0m 1.066 ms - -[0m
2026-08-01 07:23:53 [INFO]: [0mGET /css/verify.css [36m304[0m 1.287 ms - -[0m
2026-08-01 07:23:58 [INFO]: [0mGET /?openLogin=true [32m200[0m 3.627 ms - -[0m
2026-08-01 07:23:58 [INFO]: [0mGET /css/style.css [36m304[0m 0.392 ms - -[0m
2026-08-01 07:23:58 [INFO]: [0mGET /images/logo/plantora.png [36m304[0m 0.345 ms - -[0m
2026-08-01 07:23:58 [INFO]: [0mGET /images/hero/hero-placeholder.png [36m304[0m 1.175 ms - -[0m
2026-08-01 07:23:58 [INFO]: [0mGET /images/hero/monstera-plant.jpg [36m304[0m 1.035 ms - -[0m
2026-08-01 07:23:58 [INFO]: [0mGET /images/hero/snake-plant.jpg [36m304[0m 1.128 ms - -[0m
2026-08-01 07:23:58 [INFO]: [0mGET /images/hero/peace-lily.jpg [36m304[0m 1.948 ms - -[0m
2026-08-01 07:23:58 [INFO]: [0mGET /public/js/header.js [33m404[0m 0.742 ms - 83[0m
2026-08-01 07:23:58 [INFO]: [0mGET /js/featured.js [36m304[0m 0.242 ms - -[0m
2026-08-01 07:23:58 [INFO]: [0mGET /js/why-choose.js [36m304[0m 0.303 ms - -[0m
2026-08-01 07:23:58 [INFO]: [0mGET /js/notification.js [36m304[0m 0.418 ms - -[0m
2026-08-01 07:23:58 [INFO]: [0mGET /js/footer.js [36m304[0m 0.381 ms - -[0m
2026-08-01 07:23:58 [INFO]: [0mGET /js/auth.js [36m304[0m 0.714 ms - -[0m
2026-08-01 07:23:58 [INFO]: [0mGET /images/hero/tulip-plant.jpg [36m304[0m 0.707 ms - -[0m
2026-08-01 07:23:58 [INFO]: [0mGET /images/hero/rubber-plant.jpg [36m304[0m 0.912 ms - -[0m
2026-08-01 07:23:58 [INFO]: [0mGET /images/hero/aloe-vera.jpg [36m304[0m 1.102 ms - -[0m
2026-08-01 07:23:58 [INFO]: [0mGET /images/hero/areca-palm.jpg [36m304[0m 0.191 ms - -[0m
2026-08-01 07:23:58 [INFO]: [0mGET /images/hero/jade-plant.jpg [36m304[0m 0.245 ms - -[0m
2026-08-01 07:23:58 [INFO]: [0mGET /images/hero/golden-pothos.jpg [36m304[0m 0.731 ms - -[0m
2026-08-01 07:23:58 [INFO]: [0mGET /images/hero/fiddle-leaf-fig.jpg [36m304[0m 1.127 ms - -[0m
2026-08-01 07:23:58 [INFO]: [0mGET /images/hero/why-choose.jpg [36m304[0m 0.417 ms - -[0m
2026-08-01 07:23:58 [INFO]: [0mGET /css/variables.css [36m304[0m 1.083 ms - -[0m
2026-08-01 07:23:58 [INFO]: [0mGET /css/utilities.css [36m304[0m 1.399 ms - -[0m
2026-08-01 07:23:58 [INFO]: [0mGET /css/animations.css [36m304[0m 1.562 ms - -[0m
2026-08-01 07:23:58 [INFO]: [0mGET /css/announcement.css [36m304[0m 2.018 ms - -[0m
2026-08-01 07:23:58 [INFO]: [0mGET /css/header.css [36m304[0m 2.364 ms - -[0m
2026-08-01 07:23:58 [INFO]: [0mGET /css/hero.css [36m304[0m 2.822 ms - -[0m
2026-08-01 07:23:58 [INFO]: [0mGET /css/featured.css [36m304[0m 0.861 ms - -[0m
2026-08-01 07:23:58 [INFO]: [0mGET /css/why-choose.css [36m304[0m 1.101 ms - -[0m
2026-08-01 07:23:58 [INFO]: [0mGET /css/footer.css [36m304[0m 1.350 ms - -[0m
2026-08-01 07:23:58 [INFO]: [0mGET /css/auth.css [36m304[0m 1.506 ms - -[0m
2026-08-01 07:23:58 [INFO]: [0mGET /css/verify.css [36m304[0m 2.258 ms - -[0m
2026-08-01 07:23:58 [INFO]: [0mGET /images/logo/plantora-orgn-white.png [36m304[0m 0.243 ms - -[0m
2026-08-01 07:23:58 [WARN]: Socket connection rejected. Missing token.
2026-08-01 07:24:01 [INFO]: Login successful : customer_0004@yopmail.com
2026-08-01 07:24:01 [INFO]: [0mPOST /auth/login [32m200[0m 782.822 ms - 46[0m
2026-08-01 07:24:02 [INFO]: [0mGET /?openLogin=true [32m200[0m 151.478 ms - -[0m
2026-08-01 07:24:02 [INFO]: [0mGET /css/style.css [36m304[0m 0.498 ms - -[0m
2026-08-01 07:24:02 [INFO]: [0mGET /images/logo/plantora.png [36m304[0m 0.674 ms - -[0m
2026-08-01 07:24:02 [INFO]: [0mGET /images/hero/hero-placeholder.png [36m304[0m 0.501 ms - -[0m
2026-08-01 07:24:02 [INFO]: [0mGET /images/hero/monstera-plant.jpg [36m304[0m 1.971 ms - -[0m
2026-08-01 07:24:02 [INFO]: [0mGET /js/featured.js [36m304[0m 3.546 ms - -[0m
2026-08-01 07:24:02 [INFO]: [0mGET /js/why-choose.js [36m304[0m 0.562 ms - -[0m
2026-08-01 07:24:02 [INFO]: [0mGET /js/notification.js [36m304[0m 1.285 ms - -[0m
2026-08-01 07:24:02 [INFO]: [0mGET /js/footer.js [36m304[0m 1.582 ms - -[0m
2026-08-01 07:24:02 [INFO]: [0mGET /css/variables.css [36m304[0m 1.318 ms - -[0m
2026-08-01 07:24:02 [INFO]: [0mGET /css/utilities.css [36m304[0m 0.191 ms - -[0m
2026-08-01 07:24:02 [INFO]: [0mGET /css/animations.css [36m304[0m 0.449 ms - -[0m
2026-08-01 07:24:02 [INFO]: [0mGET /css/announcement.css [36m304[0m 0.546 ms - -[0m
2026-08-01 07:24:02 [INFO]: [0mGET /css/header.css [36m304[0m 0.653 ms - -[0m
2026-08-01 07:24:02 [INFO]: [0mGET /css/hero.css [36m304[0m 0.784 ms - -[0m
2026-08-01 07:24:02 [INFO]: [0mGET /css/featured.css [36m304[0m 0.392 ms - -[0m
2026-08-01 07:24:02 [INFO]: [0mGET /css/why-choose.css [36m304[0m 0.895 ms - -[0m
2026-08-01 07:24:02 [INFO]: [0mGET /css/footer.css [36m304[0m 0.228 ms - -[0m
2026-08-01 07:24:02 [INFO]: [0mGET /css/auth.css [36m304[0m 0.579 ms - -[0m
2026-08-01 07:24:02 [INFO]: [0mGET /css/verify.css [36m304[0m 0.443 ms - -[0m
2026-08-01 07:24:02 [INFO]: [0mGET /js/auth.js [36m304[0m 0.423 ms - -[0m
2026-08-01 07:24:03 [INFO]: [0mGET /images/hero/snake-plant.jpg [36m304[0m 1.086 ms - -[0m
2026-08-01 07:24:03 [INFO]: [0mGET /images/hero/peace-lily.jpg [36m304[0m 1.502 ms - -[0m
2026-08-01 07:24:03 [INFO]: [0mGET /images/hero/tulip-plant.jpg [36m304[0m 1.841 ms - -[0m
2026-08-01 07:24:03 [INFO]: [0mGET /images/hero/rubber-plant.jpg [36m304[0m 2.183 ms - -[0m
2026-08-01 07:24:03 [INFO]: [0mGET /images/hero/aloe-vera.jpg [36m304[0m 0.598 ms - -[0m
2026-08-01 07:24:03 [INFO]: [0mGET /images/hero/areca-palm.jpg [36m304[0m 1.121 ms - -[0m
2026-08-01 07:24:03 [INFO]: [0mGET /images/hero/jade-plant.jpg [36m304[0m 0.368 ms - -[0m
2026-08-01 07:24:03 [INFO]: [0mGET /images/hero/golden-pothos.jpg [36m304[0m 1.412 ms - -[0m
2026-08-01 07:24:03 [INFO]: [0mGET /images/hero/fiddle-leaf-fig.jpg [36m304[0m 1.456 ms - -[0m
2026-08-01 07:24:03 [INFO]: [0mGET /images/hero/why-choose.jpg [36m304[0m 2.338 ms - -[0m
2026-08-01 07:24:03 [INFO]: [0mGET /images/logo/plantora-orgn-white.png [36m304[0m 0.288 ms - -[0m
2026-08-01 07:24:03 [INFO]: [0mGET /public/js/header.js [33m404[0m 84.914 ms - 83[0m
2026-08-01 07:24:03 [INFO]: [0mGET /%7B%20%20publicId:%20'/public/default/profile.png',%20%20url:%20'https://res.cloudinary.com/desmwasfe/image/upload/v1781973939/default-avatar_d6ofmr.png'%7D [33m404[0m 91.572 ms - 236[0m
2026-08-01 07:24:03 [WARN]: Socket connection rejected. Missing token.
2026-08-01 07:24:05 [INFO]: [0mGET /auth/profile [32m200[0m 217.694 ms - -[0m
2026-08-01 07:24:05 [INFO]: [0mGET /css/style.css [36m304[0m 0.594 ms - -[0m
2026-08-01 07:24:05 [INFO]: [0mGET /css/profile.css [36m304[0m 0.870 ms - -[0m
2026-08-01 07:24:05 [INFO]: [0mGET /images/logo/plantora.png [36m304[0m 1.154 ms - -[0m
2026-08-01 07:24:05 [INFO]: [0mGET /js/profile.js [36m304[0m 0.944 ms - -[0m
2026-08-01 07:24:05 [INFO]: [0mGET /images/logo/plantora-orgn-white.png [36m304[0m 1.068 ms - -[0m
2026-08-01 07:24:05 [INFO]: [0mGET /js/featured.js [36m304[0m 2.059 ms - -[0m
2026-08-01 07:24:05 [INFO]: [0mGET /js/why-choose.js [36m304[0m 2.376 ms - -[0m
2026-08-01 07:24:05 [INFO]: [0mGET /css/variables.css [36m304[0m 0.528 ms - -[0m
2026-08-01 07:24:05 [INFO]: [0mGET /css/utilities.css [36m304[0m 0.853 ms - -[0m
2026-08-01 07:24:05 [INFO]: [0mGET /css/animations.css [36m304[0m 1.192 ms - -[0m
2026-08-01 07:24:05 [INFO]: [0mGET /css/announcement.css [36m304[0m 2.330 ms - -[0m
2026-08-01 07:24:05 [INFO]: [0mGET /css/header.css [36m304[0m 0.616 ms - -[0m
2026-08-01 07:24:05 [INFO]: [0mGET /css/hero.css [36m304[0m 0.716 ms - -[0m
2026-08-01 07:24:05 [INFO]: [0mGET /css/featured.css [36m304[0m 0.653 ms - -[0m
2026-08-01 07:24:05 [INFO]: [0mGET /css/why-choose.css [36m304[0m 0.228 ms - -[0m
2026-08-01 07:24:05 [INFO]: [0mGET /css/footer.css [36m304[0m 0.481 ms - -[0m
2026-08-01 07:24:05 [INFO]: [0mGET /css/auth.css [36m304[0m 0.838 ms - -[0m
2026-08-01 07:24:05 [INFO]: [0mGET /css/verify.css [36m304[0m 1.108 ms - -[0m
2026-08-01 07:24:05 [INFO]: [0mGET /js/notification.js [36m304[0m 0.547 ms - -[0m
2026-08-01 07:24:05 [INFO]: [0mGET /js/footer.js [36m304[0m 0.531 ms - -[0m
2026-08-01 07:24:05 [INFO]: [0mGET /js/auth.js [36m304[0m 0.394 ms - -[0m
2026-08-01 07:24:06 [INFO]: [0mGET /auth/public/js/header.js [33m404[0m 74.384 ms - 88[0m
2026-08-01 07:24:06 [INFO]: [0mGET /auth/%7B%20%20publicId:%20'/public/default/profile.png',%20%20url:%20'https://res.cloudinary.com/desmwasfe/image/upload/v1781973939/default-avatar_d6ofmr.png'%7D [33m404[0m 80.736 ms - 241[0m
2026-08-01 07:24:06 [WARN]: Socket connection rejected. Missing token.
2026-08-01 07:24:18 [INFO]: Notification sent successfully. Recipient: 6a6bd604b8ef49ebecf645e3, Type: seller
2026-08-01 07:24:23 [INFO]: Email sent successfully to 'plantora-admin@yopmail.com'. Subject: 'New Seller Request - Plantora'.
2026-08-01 07:24:23 [INFO]: Seller request submitted: customer_0004@yopmail.com
2026-08-01 07:24:23 [INFO]: [0mPOST /auth/become-seller [36m302[0m 6607.529 ms - 112[0m
2026-08-01 07:24:24 [INFO]: [0mGET /auth/profile?type=success&message=Seller%20request%20submitted%20successfully. [32m200[0m 201.784 ms - -[0m
2026-08-01 07:24:24 [INFO]: [0mGET /css/style.css [36m304[0m 0.679 ms - -[0m
2026-08-01 07:24:24 [INFO]: [0mGET /css/profile.css [36m304[0m 0.873 ms - -[0m
2026-08-01 07:24:24 [INFO]: [0mGET /images/logo/plantora.png [36m304[0m 1.672 ms - -[0m
2026-08-01 07:24:24 [INFO]: [0mGET /js/profile.js [36m304[0m 2.079 ms - -[0m
2026-08-01 07:24:24 [INFO]: [0mGET /js/featured.js [36m304[0m 1.493 ms - -[0m
2026-08-01 07:24:24 [INFO]: [0mGET /images/logo/plantora-orgn-white.png [36m304[0m 1.624 ms - -[0m
2026-08-01 07:24:24 [INFO]: [0mGET /js/why-choose.js [36m304[0m 2.942 ms - -[0m
2026-08-01 07:24:24 [INFO]: [0mGET /css/variables.css [36m304[0m 1.277 ms - -[0m
2026-08-01 07:24:24 [INFO]: [0mGET /css/utilities.css [36m304[0m 1.535 ms - -[0m
2026-08-01 07:24:24 [INFO]: [0mGET /css/animations.css [36m304[0m 0.993 ms - -[0m
2026-08-01 07:24:24 [INFO]: [0mGET /css/announcement.css [36m304[0m 0.861 ms - -[0m
2026-08-01 07:24:24 [INFO]: [0mGET /css/header.css [36m304[0m 0.408 ms - -[0m
2026-08-01 07:24:24 [INFO]: [0mGET /css/hero.css [36m304[0m 0.308 ms - -[0m
2026-08-01 07:24:24 [INFO]: [0mGET /css/featured.css [36m304[0m 0.617 ms - -[0m
2026-08-01 07:24:24 [INFO]: [0mGET /css/why-choose.css [36m304[0m 1.480 ms - -[0m
2026-08-01 07:24:24 [INFO]: [0mGET /css/footer.css [36m304[0m 0.408 ms - -[0m
2026-08-01 07:24:24 [INFO]: [0mGET /css/auth.css [36m304[0m 0.553 ms - -[0m
2026-08-01 07:24:24 [INFO]: [0mGET /css/verify.css [36m304[0m 0.914 ms - -[0m
2026-08-01 07:24:24 [INFO]: [0mGET /js/notification.js [36m304[0m 0.517 ms - -[0m
2026-08-01 07:24:24 [INFO]: [0mGET /js/footer.js [36m304[0m 0.463 ms - -[0m
2026-08-01 07:24:24 [INFO]: [0mGET /js/auth.js [36m304[0m 0.545 ms - -[0m
2026-08-01 07:24:24 [INFO]: [0mGET /auth/public/js/header.js [33m404[0m 85.726 ms - 88[0m
2026-08-01 07:24:24 [INFO]: [0mGET /auth/%7B%20%20publicId:%20'/public/default/profile.png',%20%20url:%20'https://res.cloudinary.com/desmwasfe/image/upload/v1781973939/default-avatar_d6ofmr.png'%7D [33m404[0m 91.116 ms - 241[0m
2026-08-01 07:24:24 [WARN]: Socket connection rejected. Missing token.
2026-08-01 07:24:32 [INFO]: Login successful : plantora-admin@yopmail.com
2026-08-01 07:24:32 [INFO]: [0mPOST /auth/login [32m200[0m 724.912 ms - 46[0m
2026-08-01 07:24:33 [INFO]: [0mGET / [32m200[0m 127.744 ms - -[0m
2026-08-01 07:24:33 [INFO]: [0mGET /css/style.css [36m304[0m 1.067 ms - -[0m
2026-08-01 07:24:33 [INFO]: [0mGET /images/logo/plantora.png [36m304[0m 1.486 ms - -[0m
2026-08-01 07:24:33 [INFO]: [0mGET /images/hero/hero-placeholder.png [36m304[0m 0.597 ms - -[0m
2026-08-01 07:24:33 [INFO]: [0mGET /images/hero/monstera-plant.jpg [36m304[0m 0.851 ms - -[0m
2026-08-01 07:24:33 [INFO]: [0mGET /js/featured.js [36m304[0m 0.388 ms - -[0m
2026-08-01 07:24:33 [INFO]: [0mGET /js/why-choose.js [36m304[0m 0.761 ms - -[0m
2026-08-01 07:24:33 [INFO]: [0mGET /css/variables.css [36m304[0m 0.877 ms - -[0m
2026-08-01 07:24:33 [INFO]: [0mGET /css/utilities.css [36m304[0m 1.139 ms - -[0m
2026-08-01 07:24:33 [INFO]: [0mGET /css/animations.css [36m304[0m 0.872 ms - -[0m
2026-08-01 07:24:33 [INFO]: [0mGET /css/announcement.css [36m304[0m 0.751 ms - -[0m
2026-08-01 07:24:33 [INFO]: [0mGET /css/header.css [36m304[0m 0.280 ms - -[0m
2026-08-01 07:24:33 [INFO]: [0mGET /css/hero.css [36m304[0m 0.691 ms - -[0m
2026-08-01 07:24:33 [INFO]: [0mGET /css/featured.css [36m304[0m 1.418 ms - -[0m
2026-08-01 07:24:33 [INFO]: [0mGET /css/why-choose.css [36m304[0m 1.910 ms - -[0m
2026-08-01 07:24:33 [INFO]: [0mGET /css/footer.css [36m304[0m 0.535 ms - -[0m
2026-08-01 07:24:33 [INFO]: [0mGET /css/auth.css [36m304[0m 0.927 ms - -[0m
2026-08-01 07:24:33 [INFO]: [0mGET /css/verify.css [36m304[0m 1.280 ms - -[0m
2026-08-01 07:24:33 [INFO]: [0mGET /js/notification.js [36m304[0m 0.273 ms - -[0m
2026-08-01 07:24:33 [INFO]: [0mGET /js/footer.js [36m304[0m 0.239 ms - -[0m
2026-08-01 07:24:33 [INFO]: [0mGET /js/auth.js [36m304[0m 0.447 ms - -[0m
2026-08-01 07:24:33 [INFO]: [0mGET /images/hero/snake-plant.jpg [36m304[0m 0.282 ms - -[0m
2026-08-01 07:24:33 [INFO]: [0mGET /images/hero/peace-lily.jpg [36m304[0m 0.229 ms - -[0m
2026-08-01 07:24:33 [INFO]: [0mGET /images/hero/tulip-plant.jpg [36m304[0m 0.257 ms - -[0m
2026-08-01 07:24:33 [INFO]: [0mGET /images/hero/rubber-plant.jpg [36m304[0m 0.700 ms - -[0m
2026-08-01 07:24:33 [INFO]: [0mGET /images/hero/aloe-vera.jpg [36m304[0m 0.772 ms - -[0m
2026-08-01 07:24:33 [INFO]: [0mGET /images/hero/areca-palm.jpg [36m304[0m 0.941 ms - -[0m
2026-08-01 07:24:33 [INFO]: [0mGET /images/hero/jade-plant.jpg [36m304[0m 0.394 ms - -[0m
2026-08-01 07:24:33 [INFO]: [0mGET /images/hero/golden-pothos.jpg [36m304[0m 0.385 ms - -[0m
2026-08-01 07:24:33 [INFO]: [0mGET /images/hero/fiddle-leaf-fig.jpg [36m304[0m 0.391 ms - -[0m
2026-08-01 07:24:33 [INFO]: [0mGET /images/hero/why-choose.jpg [36m304[0m 0.395 ms - -[0m
2026-08-01 07:24:33 [INFO]: [0mGET /%7B%20%20publicId:%20'/public/default/profile.png',%20%20url:%20'https://res.cloudinary.com/desmwasfe/image/upload/v1781973939/default-avatar_d6ofmr.png'%7D [33m404[0m 77.130 ms - 236[0m
2026-08-01 07:24:33 [INFO]: [0mGET /public/js/header.js [33m404[0m 67.975 ms - 83[0m
2026-08-01 07:24:33 [INFO]: [0mGET /images/logo/plantora-orgn-white.png [36m304[0m 0.476 ms - -[0m
2026-08-01 07:24:33 [WARN]: Socket connection rejected. Missing token.
2026-08-01 07:24:47 [INFO]: [0mGET /admin/users/seller-request/6a6d51a6f0d5222d8a4ff1cf [33m401[0m 1.276 ms - 55[0m
2026-08-01 07:24:58 [INFO]: [0mGET /admin/users/seller-request/6a6d51a6f0d5222d8a4ff1cf [32m200[0m 166.152 ms - -[0m
2026-08-01 07:27:47 [INFO]: Notification sent successfully. Recipient: 6a6d51a6f0d5222d8a4ff1cf, Type: seller
2026-08-01 07:27:47 [ERROR]: Cannot read properties of undefined (reading 'to')
2026-08-01 07:27:47 [ERROR]: Error: Failed to lookup view "errors/500" in views directory "E:\Webskitters_Academy\NODE JS\final_project_node\plantora_final_project_node_ejs\views"
    at app.render (E:\Webskitters_Academy\NODE JS\final_project_node\plantora_final_project_node_ejs\node_modules\express\lib\application.js:562:17)
    at ServerResponse.render (E:\Webskitters_Academy\NODE JS\final_project_node\plantora_final_project_node_ejs\node_modules\express\lib\response.js:923:7)
    at approveSeller (E:\Webskitters_Academy\NODE JS\final_project_node\plantora_final_project_node_ejs\app\controllers\UserController.js:604:30)
    at process.processTicksAndRejections (node:internal/process/task_queues:103:5)
2026-08-01 07:27:47 [INFO]: [0mPOST /admin/users/seller-request/6a6d51a6f0d5222d8a4ff1cf/approve [31m500[0m 297.807 ms - 211[0m
2026-08-01 07:51:34 [INFO]: [0mGET / [36m304[0m 47.110 ms - -[0m
2026-08-01 07:51:34 [INFO]: [0mGET /css/style.css [36m304[0m 1.044 ms - -[0m
2026-08-01 07:51:34 [INFO]: [0mGET /images/logo/plantora.png [36m304[0m 1.069 ms - -[0m
2026-08-01 07:51:34 [INFO]: [0mGET /%7B%20%20publicId:%20'/public/default/profile.png',%20%20url:%20'https://res.cloudinary.com/desmwasfe/image/upload/v1781973939/default-avatar_d6ofmr.png'%7D [33m404[0m 41.431 ms - 236[0m
2026-08-01 07:51:34 [INFO]: [0mGET /images/hero/hero-placeholder.png [36m304[0m 0.662 ms - -[0m
2026-08-01 07:51:34 [INFO]: [0mGET /css/variables.css [36m304[0m 0.820 ms - -[0m
2026-08-01 07:51:34 [INFO]: [0mGET /css/utilities.css [36m304[0m 0.433 ms - -[0m
2026-08-01 07:51:34 [INFO]: [0mGET /css/animations.css [36m304[0m 0.283 ms - -[0m
2026-08-01 07:51:34 [INFO]: [0mGET /css/announcement.css [36m304[0m 0.126 ms - -[0m
2026-08-01 07:51:34 [INFO]: [0mGET /css/header.css [36m304[0m 0.323 ms - -[0m
2026-08-01 07:51:34 [INFO]: [0mGET /css/hero.css [36m304[0m 0.571 ms - -[0m
2026-08-01 07:51:34 [INFO]: [0mGET /css/featured.css [36m304[0m 0.495 ms - -[0m
2026-08-01 07:51:34 [INFO]: [0mGET /css/why-choose.css [36m304[0m 0.832 ms - -[0m
2026-08-01 07:51:34 [INFO]: [0mGET /css/footer.css [36m304[0m 0.485 ms - -[0m
2026-08-01 07:51:34 [INFO]: [0mGET /css/auth.css [36m304[0m 0.709 ms - -[0m
2026-08-01 07:51:34 [INFO]: [0mGET /css/verify.css [36m304[0m 0.211 ms - -[0m
2026-08-01 07:51:34 [INFO]: [0mGET /images/hero/monstera-plant.jpg [36m304[0m 0.291 ms - -[0m
2026-08-01 07:51:34 [INFO]: [0mGET /js/featured.js [36m304[0m 0.369 ms - -[0m
2026-08-01 07:51:34 [INFO]: [0mGET /js/why-choose.js [36m304[0m 0.407 ms - -[0m
2026-08-01 07:51:34 [INFO]: [0mGET /js/notification.js [36m304[0m 0.703 ms - -[0m
2026-08-01 07:51:34 [INFO]: [0mGET /js/footer.js [36m304[0m 0.261 ms - -[0m
2026-08-01 07:51:34 [INFO]: [0mGET /js/auth.js [36m304[0m 0.180 ms - -[0m
2026-08-01 07:51:34 [INFO]: [0mGET /images/hero/snake-plant.jpg [36m304[0m 0.234 ms - -[0m
2026-08-01 07:51:34 [INFO]: [0mGET /images/hero/peace-lily.jpg [36m304[0m 0.331 ms - -[0m
2026-08-01 07:51:34 [INFO]: [0mGET /images/hero/tulip-plant.jpg [36m304[0m 0.283 ms - -[0m
2026-08-01 07:51:34 [INFO]: [0mGET /images/hero/rubber-plant.jpg [36m304[0m 0.252 ms - -[0m
2026-08-01 07:51:34 [INFO]: [0mGET /images/hero/aloe-vera.jpg [36m304[0m 0.340 ms - -[0m
2026-08-01 07:51:34 [INFO]: [0mGET /images/hero/areca-palm.jpg [36m304[0m 0.440 ms - -[0m
2026-08-01 07:51:34 [INFO]: [0mGET /images/hero/jade-plant.jpg [36m304[0m 0.232 ms - -[0m
2026-08-01 07:51:34 [INFO]: [0mGET /images/hero/golden-pothos.jpg [36m304[0m 0.475 ms - -[0m
2026-08-01 07:51:34 [INFO]: [0mGET /images/hero/fiddle-leaf-fig.jpg [36m304[0m 0.630 ms - -[0m
2026-08-01 07:51:34 [INFO]: [0mGET /public/js/header.js [33m404[0m 39.143 ms - 83[0m
2026-08-01 07:51:34 [INFO]: [0mGET /images/hero/why-choose.jpg [36m304[0m 0.330 ms - -[0m
2026-08-01 07:51:34 [INFO]: [0mGET /images/logo/plantora-orgn-white.png [36m304[0m 0.285 ms - -[0m
2026-08-01 07:51:34 [WARN]: Socket connection rejected. Missing token.
2026-08-01 07:51:35 [INFO]: [0mGET /%7B%20%20publicId:%20'/public/default/profile.png',%20%20url:%20'https://res.cloudinary.com/desmwasfe/image/upload/v1781973939/default-avatar_d6ofmr.png'%7D [33m404[0m 40.541 ms - 236[0m
2026-08-01 07:51:35 [INFO]: [0mGET /favicon.ico [33m404[0m 39.708 ms - 75[0m
2026-08-01 07:51:38 [INFO]: [0mGET /auth/profile [32m200[0m 83.616 ms - -[0m
2026-08-01 07:51:38 [INFO]: [0mGET /css/style.css [36m304[0m 0.603 ms - -[0m
2026-08-01 07:51:38 [INFO]: [0mGET /css/profile.css [36m304[0m 0.653 ms - -[0m
2026-08-01 07:51:38 [INFO]: [0mGET /images/logo/plantora.png [36m304[0m 1.014 ms - -[0m
2026-08-01 07:51:38 [INFO]: [0mGET /js/profile.js [36m304[0m 0.689 ms - -[0m
2026-08-01 07:51:38 [INFO]: [0mGET /images/logo/plantora-orgn-white.png [36m304[0m 0.908 ms - -[0m
2026-08-01 07:51:38 [INFO]: [0mGET /js/featured.js [36m304[0m 1.585 ms - -[0m
2026-08-01 07:51:38 [INFO]: [0mGET /js/why-choose.js [36m304[0m 1.886 ms - -[0m
2026-08-01 07:51:38 [INFO]: [0mGET /css/variables.css [36m304[0m 0.253 ms - -[0m
2026-08-01 07:51:38 [INFO]: [0mGET /css/utilities.css [36m304[0m 0.468 ms - -[0m
2026-08-01 07:51:38 [INFO]: [0mGET /css/animations.css [36m304[0m 0.600 ms - -[0m
2026-08-01 07:51:38 [INFO]: [0mGET /css/announcement.css [36m304[0m 0.177 ms - -[0m
2026-08-01 07:51:38 [INFO]: [0mGET /css/header.css [36m304[0m 0.281 ms - -[0m
2026-08-01 07:51:38 [INFO]: [0mGET /css/hero.css [36m304[0m 0.310 ms - -[0m
2026-08-01 07:51:38 [INFO]: [0mGET /css/featured.css [36m304[0m 0.582 ms - -[0m
2026-08-01 07:51:38 [INFO]: [0mGET /css/why-choose.css [36m304[0m 0.497 ms - -[0m
2026-08-01 07:51:38 [INFO]: [0mGET /css/footer.css [36m304[0m 0.644 ms - -[0m
2026-08-01 07:51:38 [INFO]: [0mGET /css/auth.css [36m304[0m 1.567 ms - -[0m
2026-08-01 07:51:38 [INFO]: [0mGET /css/verify.css [36m304[0m 1.102 ms - -[0m
2026-08-01 07:51:38 [INFO]: [0mGET /js/notification.js [36m304[0m 0.876 ms - -[0m
2026-08-01 07:51:38 [INFO]: [0mGET /js/footer.js [36m304[0m 0.369 ms - -[0m
2026-08-01 07:51:38 [INFO]: [0mGET /js/auth.js [36m304[0m 0.288 ms - -[0m
2026-08-01 07:51:38 [INFO]: [0mGET /auth/%7B%20%20publicId:%20'/public/default/profile.png',%20%20url:%20'https://res.cloudinary.com/desmwasfe/image/upload/v1781973939/default-avatar_d6ofmr.png'%7D [33m404[0m 39.222 ms - 241[0m
2026-08-01 07:51:38 [INFO]: [0mGET /auth/public/js/header.js [33m404[0m 38.648 ms - 88[0m
2026-08-01 07:51:38 [WARN]: Socket connection rejected. Missing token.
2026-08-01 07:51:52 [INFO]: Notifications viewed. User: plantora-admin@yopmail.com
2026-08-01 07:51:52 [INFO]: [0mGET /notifications [32m200[0m 133.069 ms - 0[0m
2026-08-01 07:54:44 [INFO]: MongoDB connected successfully.
2026-08-01 07:54:47 [INFO]: Email server connected successfully.
2026-08-01 07:54:47 [INFO]: Server is running on port 5132.
2026-08-01 07:54:57 [INFO]: MongoDB connected successfully.
2026-08-01 07:55:00 [INFO]: Email server connected successfully.
2026-08-01 07:55:00 [INFO]: Server is running on port 5132.
2026-08-01 08:11:21 [INFO]: MongoDB connected successfully.
2026-08-01 08:11:24 [INFO]: Email server connected successfully.
2026-08-01 08:11:24 [INFO]: Server is running on port 5132.
2026-08-01 08:11:38 [INFO]: MongoDB connected successfully.
2026-08-01 08:11:41 [INFO]: Email server connected successfully.
2026-08-01 08:11:41 [INFO]: Server is running on port 5132.
2026-08-01 08:12:01 [INFO]: MongoDB connected successfully.
2026-08-01 08:12:04 [INFO]: Email server connected successfully.
2026-08-01 08:12:04 [INFO]: Server is running on port 5132.
2026-08-01 08:12:06 [INFO]: MongoDB connected successfully.
2026-08-01 08:12:09 [INFO]: Email server connected successfully.
2026-08-01 08:12:09 [INFO]: Server is running on port 5132.
2026-08-01 08:12:41 [INFO]: MongoDB connected successfully.
2026-08-01 08:12:44 [INFO]: Email server connected successfully.
2026-08-01 08:12:44 [INFO]: Server is running on port 5132.
2026-08-01 08:14:29 [INFO]: MongoDB connected successfully.
2026-08-01 08:14:31 [INFO]: Email server connected successfully.
2026-08-01 08:14:31 [INFO]: Server is running on port 5132.
2026-08-01 08:14:35 [INFO]: MongoDB connected successfully.
2026-08-01 08:14:38 [INFO]: Email server connected successfully.
2026-08-01 08:14:38 [INFO]: Server is running on port 5132.
2026-08-01 08:14:41 [INFO]: MongoDB connected successfully.
2026-08-01 08:14:44 [INFO]: Email server connected successfully.
2026-08-01 08:14:44 [INFO]: Server is running on port 5132.
2026-08-01 08:14:46 [INFO]: MongoDB connected successfully.
2026-08-01 08:14:49 [INFO]: Email server connected successfully.
2026-08-01 08:14:49 [INFO]: Server is running on port 5132.
2026-08-01 08:14:51 [INFO]: MongoDB connected successfully.
2026-08-01 08:14:54 [INFO]: Email server connected successfully.
2026-08-01 08:14:54 [INFO]: Server is running on port 5132.
2026-08-01 08:24:58 [INFO]: MongoDB connected successfully.
2026-08-01 08:25:01 [INFO]: Email server connected successfully.
2026-08-01 08:25:01 [INFO]: Server is running on port 5132.
2026-08-01 08:33:24 [INFO]: MongoDB connected successfully.
2026-08-01 08:33:27 [INFO]: Email server connected successfully.
2026-08-01 08:33:27 [INFO]: Server is running on port 5132.
2026-08-01 08:34:12 [INFO]: MongoDB connected successfully.
2026-08-01 08:34:15 [INFO]: Email server connected successfully.
2026-08-01 08:34:15 [INFO]: Server is running on port 5132.
2026-08-01 08:34:51 [INFO]: MongoDB connected successfully.
2026-08-01 08:34:54 [INFO]: Email server connected successfully.
2026-08-01 08:34:54 [INFO]: Server is running on port 5132.
2026-08-01 09:04:32 [INFO]: MongoDB connected successfully.
2026-08-01 09:04:35 [INFO]: Email server connected successfully.
2026-08-01 09:04:35 [INFO]: Server is running on port 5132.
2026-08-01 09:08:38 [INFO]: MongoDB connected successfully.
2026-08-01 09:08:39 [INFO]: MongoDB connected successfully.
2026-08-01 09:08:42 [INFO]: Email server connected successfully.
2026-08-01 09:08:42 [INFO]: Server is running on port 5132.
2026-08-01 09:08:55 [INFO]: [0mGET / [36m304[0m 20.719 ms - -[0m
2026-08-01 09:08:55 [INFO]: [0mGET /css/style.css [36m304[0m 1.334 ms - -[0m
2026-08-01 09:08:55 [INFO]: [0mGET /images/logo/plantora.png [36m304[0m 1.714 ms - -[0m
2026-08-01 09:08:55 [INFO]: [0mGET /images/hero/hero-placeholder.png [36m304[0m 1.905 ms - -[0m
2026-08-01 09:08:55 [INFO]: [0mGET /images/hero/snake-plant.jpg [36m304[0m 2.397 ms - -[0m
2026-08-01 09:08:55 [INFO]: [0mGET /images/hero/peace-lily.jpg [36m304[0m 2.599 ms - -[0m
2026-08-01 09:08:55 [INFO]: [0mGET /images/hero/monstera-plant.jpg [36m304[0m 3.122 ms - -[0m
2026-08-01 09:08:55 [INFO]: [0mGET /public/js/header.js [33m404[0m 2.482 ms - 83[0m
2026-08-01 09:08:55 [INFO]: [0mGET /js/featured.js [36m304[0m 2.573 ms - -[0m
2026-08-01 09:08:55 [INFO]: [0mGET /js/why-choose.js [36m304[0m 0.341 ms - -[0m
2026-08-01 09:08:55 [INFO]: [0mGET /js/notification.js [36m304[0m 0.402 ms - -[0m
2026-08-01 09:08:55 [INFO]: [0mGET /js/footer.js [36m304[0m 1.477 ms - -[0m
2026-08-01 09:08:55 [INFO]: [0mGET /js/auth.js [36m304[0m 1.353 ms - -[0m
2026-08-01 09:08:55 [INFO]: [0mGET /images/hero/tulip-plant.jpg [36m304[0m 0.765 ms - -[0m
2026-08-01 09:08:55 [INFO]: [0mGET /images/hero/rubber-plant.jpg [36m304[0m 0.914 ms - -[0m
2026-08-01 09:08:55 [INFO]: [0mGET /images/hero/aloe-vera.jpg [36m304[0m 1.128 ms - -[0m
2026-08-01 09:08:55 [INFO]: [0mGET /images/hero/areca-palm.jpg [36m304[0m 1.286 ms - -[0m
2026-08-01 09:08:55 [INFO]: [0mGET /images/hero/jade-plant.jpg [36m304[0m 0.369 ms - -[0m
2026-08-01 09:08:55 [INFO]: [0mGET /images/hero/golden-pothos.jpg [36m304[0m 0.661 ms - -[0m
2026-08-01 09:08:55 [INFO]: [0mGET /images/hero/fiddle-leaf-fig.jpg [36m304[0m 0.788 ms - -[0m
2026-08-01 09:08:55 [INFO]: [0mGET /images/hero/why-choose.jpg [36m304[0m 0.289 ms - -[0m
2026-08-01 09:08:55 [INFO]: [0mGET /css/variables.css [36m304[0m 1.017 ms - -[0m
2026-08-01 09:08:55 [INFO]: [0mGET /css/utilities.css [36m304[0m 1.241 ms - -[0m
2026-08-01 09:08:55 [INFO]: [0mGET /css/animations.css [36m304[0m 1.536 ms - -[0m
2026-08-01 09:08:55 [INFO]: [0mGET /css/announcement.css [36m304[0m 1.794 ms - -[0m
2026-08-01 09:08:55 [INFO]: [0mGET /css/header.css [36m304[0m 2.015 ms - -[0m
2026-08-01 09:08:55 [INFO]: [0mGET /css/hero.css [36m304[0m 2.384 ms - -[0m
2026-08-01 09:08:55 [INFO]: [0mGET /css/featured.css [36m304[0m 1.575 ms - -[0m
2026-08-01 09:08:55 [INFO]: [0mGET /css/why-choose.css [36m304[0m 1.857 ms - -[0m
2026-08-01 09:08:55 [INFO]: [0mGET /css/footer.css [36m304[0m 1.493 ms - -[0m
2026-08-01 09:08:55 [INFO]: [0mGET /css/auth.css [36m304[0m 1.711 ms - -[0m
2026-08-01 09:08:55 [INFO]: [0mGET /css/verify.css [36m304[0m 2.084 ms - -[0m
2026-08-01 09:08:55 [INFO]: [0mGET /images/logo/plantora-orgn-white.png [36m304[0m 0.255 ms - -[0m
2026-08-01 09:08:56 [WARN]: Socket connection rejected. Missing token.
2026-08-01 09:09:17 [INFO]: Email sent successfully to 'customer_0004@yopmail.com'. Subject: 'Verify Your Plantora Account'.
2026-08-01 09:09:17 [INFO]: Customer registered successfully : customer_0004@yopmail.com
2026-08-01 09:09:17 [INFO]: [0mPOST /auth/register [32m201[0m 5412.943 ms - 97[0m
2026-08-01 09:09:21 [INFO]: Email verified successfully : customer_0004@yopmail.com
2026-08-01 09:09:21 [INFO]: [0mGET /auth/verify-email/a0a31a984293b8b930b35eda21204905fb6e702d10be1b2afb762f87c22c986e [32m200[0m 199.239 ms - -[0m
2026-08-01 09:09:21 [INFO]: [0mGET /css/style.css [36m304[0m 0.185 ms - -[0m
2026-08-01 09:09:21 [INFO]: [0mGET /auth/verify-email/public/js/header.js [33m404[0m 1.202 ms - 101[0m
2026-08-01 09:09:21 [INFO]: [0mGET /js/featured.js [36m304[0m 1.252 ms - -[0m
2026-08-01 09:09:21 [INFO]: [0mGET /js/why-choose.js [36m304[0m 1.271 ms - -[0m
2026-08-01 09:09:21 [INFO]: [0mGET /js/notification.js [36m304[0m 1.337 ms - -[0m
2026-08-01 09:09:21 [INFO]: [0mGET /js/footer.js [36m304[0m 0.724 ms - -[0m
2026-08-01 09:09:21 [INFO]: [0mGET /js/auth.js [36m304[0m 0.942 ms - -[0m
2026-08-01 09:09:21 [INFO]: [0mGET /js/verify.js [36m304[0m 1.265 ms - -[0m
2026-08-01 09:09:21 [INFO]: [0mGET /css/variables.css [36m304[0m 0.947 ms - -[0m
2026-08-01 09:09:21 [INFO]: [0mGET /css/utilities.css [36m304[0m 1.031 ms - -[0m
2026-08-01 09:09:21 [INFO]: [0mGET /css/animations.css [36m304[0m 1.146 ms - -[0m
2026-08-01 09:09:21 [INFO]: [0mGET /css/announcement.css [36m304[0m 1.539 ms - -[0m
2026-08-01 09:09:21 [INFO]: [0mGET /css/header.css [36m304[0m 1.501 ms - -[0m
2026-08-01 09:09:21 [INFO]: [0mGET /css/hero.css [36m304[0m 0.203 ms - -[0m
2026-08-01 09:09:21 [INFO]: [0mGET /css/featured.css [36m304[0m 0.607 ms - -[0m
2026-08-01 09:09:21 [INFO]: [0mGET /css/why-choose.css [36m304[0m 0.718 ms - -[0m
2026-08-01 09:09:21 [INFO]: [0mGET /css/footer.css [36m304[0m 0.808 ms - -[0m
2026-08-01 09:09:21 [INFO]: [0mGET /css/auth.css [36m304[0m 1.074 ms - -[0m
2026-08-01 09:09:21 [INFO]: [0mGET /css/verify.css [36m304[0m 1.281 ms - -[0m
2026-08-01 09:09:26 [INFO]: Login successful : customer_0004@yopmail.com
2026-08-01 09:09:26 [INFO]: [0mPOST /auth/login [32m200[0m 451.376 ms - 46[0m
2026-08-01 09:09:27 [INFO]: [0mGET / [32m200[0m 43.702 ms - -[0m
2026-08-01 09:09:27 [INFO]: [0mGET /css/style.css [36m304[0m 0.237 ms - -[0m
2026-08-01 09:09:27 [INFO]: [0mGET /images/logo/plantora.png [36m304[0m 0.221 ms - -[0m
2026-08-01 09:09:27 [INFO]: [0mGET /images/hero/hero-placeholder.png [36m304[0m 1.003 ms - -[0m
2026-08-01 09:09:27 [INFO]: [0mGET /images/hero/monstera-plant.jpg [36m304[0m 1.337 ms - -[0m
2026-08-01 09:09:27 [INFO]: [0mGET /js/featured.js [36m304[0m 2.448 ms - -[0m
2026-08-01 09:09:27 [INFO]: [0mGET /js/why-choose.js [36m304[0m 1.516 ms - -[0m
2026-08-01 09:09:27 [INFO]: [0mGET /js/notification.js [36m304[0m 0.613 ms - -[0m
2026-08-01 09:09:27 [INFO]: [0mGET /js/footer.js [36m304[0m 1.422 ms - -[0m
2026-08-01 09:09:27 [INFO]: [0mGET /js/auth.js [36m304[0m 0.867 ms - -[0m
2026-08-01 09:09:27 [INFO]: [0mGET /images/hero/snake-plant.jpg [36m304[0m 0.351 ms - -[0m
2026-08-01 09:09:27 [INFO]: [0mGET /images/hero/peace-lily.jpg [36m304[0m 0.600 ms - -[0m
2026-08-01 09:09:27 [INFO]: [0mGET /images/hero/tulip-plant.jpg [36m304[0m 0.904 ms - -[0m
2026-08-01 09:09:27 [INFO]: [0mGET /css/variables.css [36m304[0m 0.834 ms - -[0m
2026-08-01 09:09:27 [INFO]: [0mGET /css/utilities.css [36m304[0m 1.034 ms - -[0m
2026-08-01 09:09:27 [INFO]: [0mGET /css/animations.css [36m304[0m 1.356 ms - -[0m
2026-08-01 09:09:27 [INFO]: [0mGET /css/announcement.css [36m304[0m 0.358 ms - -[0m
2026-08-01 09:09:27 [INFO]: [0mGET /css/header.css [36m304[0m 0.386 ms - -[0m
2026-08-01 09:09:27 [INFO]: [0mGET /css/hero.css [36m304[0m 0.567 ms - -[0m
2026-08-01 09:09:27 [INFO]: [0mGET /css/featured.css [36m304[0m 2.481 ms - -[0m
2026-08-01 09:09:27 [INFO]: [0mGET /css/why-choose.css [36m304[0m 2.001 ms - -[0m
2026-08-01 09:09:27 [INFO]: [0mGET /css/footer.css [36m304[0m 0.270 ms - -[0m
2026-08-01 09:09:27 [INFO]: [0mGET /css/auth.css [36m304[0m 0.394 ms - -[0m
2026-08-01 09:09:27 [INFO]: [0mGET /css/verify.css [36m304[0m 1.213 ms - -[0m
2026-08-01 09:09:27 [INFO]: [0mGET /images/hero/rubber-plant.jpg [36m304[0m 0.361 ms - -[0m
2026-08-01 09:09:27 [INFO]: [0mGET /images/hero/aloe-vera.jpg [36m304[0m 0.406 ms - -[0m
2026-08-01 09:09:27 [INFO]: [0mGET /images/hero/areca-palm.jpg [36m304[0m 0.525 ms - -[0m
2026-08-01 09:09:27 [INFO]: [0mGET /images/hero/jade-plant.jpg [36m304[0m 0.111 ms - -[0m
2026-08-01 09:09:27 [INFO]: [0mGET /images/hero/golden-pothos.jpg [36m304[0m 0.096 ms - -[0m
2026-08-01 09:09:27 [INFO]: [0mGET /images/hero/fiddle-leaf-fig.jpg [36m304[0m 0.123 ms - -[0m
2026-08-01 09:09:27 [INFO]: [0mGET /images/hero/why-choose.jpg [36m304[0m 0.170 ms - -[0m
2026-08-01 09:09:27 [INFO]: [0mGET /images/logo/plantora-orgn-white.png [36m304[0m 0.275 ms - -[0m
2026-08-01 09:09:27 [INFO]: [0mGET /public/js/header.js [33m404[0m 38.658 ms - 83[0m
2026-08-01 09:09:27 [INFO]: [0mGET /%7B%20%20publicId:%20'/public/default/profile.png',%20%20url:%20'https://res.cloudinary.com/desmwasfe/image/upload/v1781973939/default-avatar_d6ofmr.png'%7D [33m404[0m 41.346 ms - 236[0m
2026-08-01 09:09:27 [WARN]: Socket connection rejected. Missing token.
2026-08-01 09:09:29 [INFO]: [0mGET /auth/profile [32m200[0m 93.648 ms - -[0m
2026-08-01 09:09:29 [INFO]: [0mGET /css/style.css [36m304[0m 0.182 ms - -[0m
2026-08-01 09:09:29 [INFO]: [0mGET /css/profile.css [36m304[0m 0.624 ms - -[0m
2026-08-01 09:09:29 [INFO]: [0mGET /images/logo/plantora.png [36m304[0m 1.123 ms - -[0m
2026-08-01 09:09:29 [INFO]: [0mGET /js/profile.js [36m304[0m 1.947 ms - -[0m
2026-08-01 09:09:29 [INFO]: [0mGET /images/logo/plantora-orgn-white.png [36m304[0m 1.481 ms - -[0m
2026-08-01 09:09:29 [INFO]: [0mGET /js/featured.js [36m304[0m 2.050 ms - -[0m
2026-08-01 09:09:29 [INFO]: [0mGET /js/why-choose.js [36m304[0m 2.218 ms - -[0m
2026-08-01 09:09:29 [INFO]: [0mGET /css/variables.css [36m304[0m 0.619 ms - -[0m
2026-08-01 09:09:29 [INFO]: [0mGET /css/utilities.css [36m304[0m 0.711 ms - -[0m
2026-08-01 09:09:29 [INFO]: [0mGET /css/animations.css [36m304[0m 0.680 ms - -[0m
2026-08-01 09:09:29 [INFO]: [0mGET /css/announcement.css [36m304[0m 1.145 ms - -[0m
2026-08-01 09:09:29 [INFO]: [0mGET /css/header.css [36m304[0m 0.295 ms - -[0m
2026-08-01 09:09:29 [INFO]: [0mGET /css/hero.css [36m304[0m 0.385 ms - -[0m
2026-08-01 09:09:29 [INFO]: [0mGET /css/featured.css [36m304[0m 0.830 ms - -[0m
2026-08-01 09:09:29 [INFO]: [0mGET /css/why-choose.css [36m304[0m 0.470 ms - -[0m
2026-08-01 09:09:29 [INFO]: [0mGET /css/footer.css [36m304[0m 0.218 ms - -[0m
2026-08-01 09:09:29 [INFO]: [0mGET /css/auth.css [36m304[0m 0.374 ms - -[0m
2026-08-01 09:09:29 [INFO]: [0mGET /css/verify.css [36m304[0m 0.210 ms - -[0m
2026-08-01 09:09:29 [INFO]: [0mGET /js/notification.js [36m304[0m 0.435 ms - -[0m
2026-08-01 09:09:29 [INFO]: [0mGET /js/footer.js [36m304[0m 0.469 ms - -[0m
2026-08-01 09:09:29 [INFO]: [0mGET /js/auth.js [36m304[0m 0.279 ms - -[0m
2026-08-01 09:09:29 [INFO]: [0mGET /auth/public/js/header.js [33m404[0m 36.252 ms - 88[0m
2026-08-01 09:09:29 [INFO]: [0mGET /auth/%7B%20%20publicId:%20'/public/default/profile.png',%20%20url:%20'https://res.cloudinary.com/desmwasfe/image/upload/v1781973939/default-avatar_d6ofmr.png'%7D [33m404[0m 40.755 ms - 241[0m
2026-08-01 09:09:29 [WARN]: Socket connection rejected. Missing token.
2026-08-01 09:09:33 [INFO]: Notification sent successfully. Recipient: 6a6bd604b8ef49ebecf645e3, Type: seller
2026-08-01 09:09:37 [INFO]: Email sent successfully to 'plantora-admin@yopmail.com'. Subject: 'New Seller Request - Plantora'.
2026-08-01 09:09:37 [INFO]: Seller request submitted: customer_0004@yopmail.com
2026-08-01 09:09:37 [INFO]: [0mPOST /auth/become-seller [36m302[0m 5082.143 ms - 112[0m
2026-08-01 09:09:38 [INFO]: [0mGET /auth/profile?type=success&message=Seller%20request%20submitted%20successfully. [32m200[0m 87.808 ms - -[0m
2026-08-01 09:09:38 [INFO]: [0mGET /css/style.css [36m304[0m 0.361 ms - -[0m
2026-08-01 09:09:38 [INFO]: [0mGET /css/profile.css [36m304[0m 0.350 ms - -[0m
2026-08-01 09:09:38 [INFO]: [0mGET /images/logo/plantora.png [36m304[0m 0.517 ms - -[0m
2026-08-01 09:09:38 [INFO]: [0mGET /js/profile.js [36m304[0m 0.327 ms - -[0m
2026-08-01 09:09:38 [INFO]: [0mGET /images/logo/plantora-orgn-white.png [36m304[0m 0.596 ms - -[0m
2026-08-01 09:09:38 [INFO]: [0mGET /js/featured.js [36m304[0m 0.539 ms - -[0m
2026-08-01 09:09:38 [INFO]: [0mGET /js/why-choose.js [36m304[0m 1.715 ms - -[0m
2026-08-01 09:09:38 [INFO]: [0mGET /js/notification.js [36m304[0m 0.958 ms - -[0m
2026-08-01 09:09:38 [INFO]: [0mGET /js/footer.js [36m304[0m 0.954 ms - -[0m
2026-08-01 09:09:38 [INFO]: [0mGET /js/auth.js [36m304[0m 0.134 ms - -[0m
2026-08-01 09:09:38 [INFO]: [0mGET /css/variables.css [36m304[0m 0.552 ms - -[0m
2026-08-01 09:09:38 [INFO]: [0mGET /css/utilities.css [36m304[0m 0.794 ms - -[0m
2026-08-01 09:09:38 [INFO]: [0mGET /css/animations.css [36m304[0m 0.717 ms - -[0m
2026-08-01 09:09:38 [INFO]: [0mGET /css/announcement.css [36m304[0m 0.672 ms - -[0m
2026-08-01 09:09:38 [INFO]: [0mGET /css/header.css [36m304[0m 0.769 ms - -[0m
2026-08-01 09:09:38 [INFO]: [0mGET /css/hero.css [36m304[0m 0.557 ms - -[0m
2026-08-01 09:09:38 [INFO]: [0mGET /css/featured.css [36m304[0m 0.178 ms - -[0m
2026-08-01 09:09:38 [INFO]: [0mGET /css/why-choose.css [36m304[0m 0.641 ms - -[0m
2026-08-01 09:09:38 [INFO]: [0mGET /css/footer.css [36m304[0m 0.586 ms - -[0m
2026-08-01 09:09:38 [INFO]: [0mGET /css/auth.css [36m304[0m 0.641 ms - -[0m
2026-08-01 09:09:38 [INFO]: [0mGET /css/verify.css [36m304[0m 0.261 ms - -[0m
2026-08-01 09:09:38 [INFO]: [0mGET /auth/%7B%20%20publicId:%20'/public/default/profile.png',%20%20url:%20'https://res.cloudinary.com/desmwasfe/image/upload/v1781973939/default-avatar_d6ofmr.png'%7D [33m404[0m 37.434 ms - 241[0m
2026-08-01 09:09:38 [INFO]: [0mGET /auth/public/js/header.js [33m404[0m 35.736 ms - 88[0m
2026-08-01 09:09:38 [WARN]: Socket connection rejected. Missing token.
2026-08-01 09:09:44 [INFO]: [0mGET / [32m200[0m 7.250 ms - -[0m
2026-08-01 09:09:44 [INFO]: [0mGET /css/style.css [36m304[0m 0.338 ms - -[0m
2026-08-01 09:09:44 [INFO]: [0mGET /images/logo/plantora.png [36m304[0m 0.311 ms - -[0m
2026-08-01 09:09:44 [INFO]: [0mGET /images/hero/hero-placeholder.png [36m304[0m 0.478 ms - -[0m
2026-08-01 09:09:44 [INFO]: [0mGET /images/hero/monstera-plant.jpg [36m304[0m 0.437 ms - -[0m
2026-08-01 09:09:44 [INFO]: [0mGET /images/hero/snake-plant.jpg [36m304[0m 0.372 ms - -[0m
2026-08-01 09:09:44 [INFO]: [0mGET /images/hero/peace-lily.jpg [36m304[0m 0.567 ms - -[0m
2026-08-01 09:09:44 [INFO]: [0mGET /js/featured.js [36m304[0m 0.709 ms - -[0m
2026-08-01 09:09:44 [INFO]: [0mGET /public/js/header.js [33m404[0m 1.523 ms - 83[0m
2026-08-01 09:09:44 [INFO]: [0mGET /css/variables.css [36m304[0m 1.060 ms - -[0m
2026-08-01 09:09:44 [INFO]: [0mGET /css/header.css [36m304[0m 1.138 ms - -[0m
2026-08-01 09:09:44 [INFO]: [0mGET /css/utilities.css [36m304[0m 1.765 ms - -[0m
2026-08-01 09:09:44 [INFO]: [0mGET /css/animations.css [36m304[0m 0.949 ms - -[0m
2026-08-01 09:09:44 [INFO]: [0mGET /css/announcement.css [36m304[0m 1.170 ms - -[0m
2026-08-01 09:09:44 [INFO]: [0mGET /css/hero.css [36m304[0m 0.534 ms - -[0m
2026-08-01 09:09:44 [INFO]: [0mGET /css/featured.css [36m304[0m 0.674 ms - -[0m
2026-08-01 09:09:44 [INFO]: [0mGET /css/why-choose.css [36m304[0m 1.907 ms - -[0m
2026-08-01 09:09:44 [INFO]: [0mGET /css/footer.css [36m304[0m 1.241 ms - -[0m
2026-08-01 09:09:44 [INFO]: [0mGET /css/auth.css [36m304[0m 1.304 ms - -[0m
2026-08-01 09:09:44 [INFO]: [0mGET /css/verify.css [36m304[0m 1.512 ms - -[0m
2026-08-01 09:09:44 [INFO]: [0mGET /js/why-choose.js [36m304[0m 0.972 ms - -[0m
2026-08-01 09:09:44 [INFO]: [0mGET /js/notification.js [36m304[0m 1.154 ms - -[0m
2026-08-01 09:09:44 [INFO]: [0mGET /js/footer.js [36m304[0m 1.566 ms - -[0m
2026-08-01 09:09:44 [INFO]: [0mGET /js/auth.js [36m304[0m 1.849 ms - -[0m
2026-08-01 09:09:44 [INFO]: [0mGET /images/hero/tulip-plant.jpg [36m304[0m 0.246 ms - -[0m
2026-08-01 09:09:44 [INFO]: [0mGET /images/hero/rubber-plant.jpg [36m304[0m 0.226 ms - -[0m
2026-08-01 09:09:44 [INFO]: [0mGET /images/hero/aloe-vera.jpg [36m304[0m 0.182 ms - -[0m
2026-08-01 09:09:44 [INFO]: [0mGET /images/hero/areca-palm.jpg [36m304[0m 0.301 ms - -[0m
2026-08-01 09:09:44 [INFO]: [0mGET /images/hero/jade-plant.jpg [36m304[0m 0.494 ms - -[0m
2026-08-01 09:09:44 [INFO]: [0mGET /images/hero/golden-pothos.jpg [36m304[0m 0.270 ms - -[0m
2026-08-01 09:09:44 [INFO]: [0mGET /images/hero/fiddle-leaf-fig.jpg [36m304[0m 0.361 ms - -[0m
2026-08-01 09:09:44 [INFO]: [0mGET /images/hero/why-choose.jpg [36m304[0m 0.190 ms - -[0m
2026-08-01 09:09:44 [INFO]: [0mGET /images/logo/plantora-orgn-white.png [36m304[0m 0.327 ms - -[0m
2026-08-01 09:09:44 [WARN]: Socket connection rejected. Missing token.
2026-08-01 09:09:51 [INFO]: Login successful : plantora-admin@yopmail.com
2026-08-01 09:09:51 [INFO]: [0mPOST /auth/login [32m200[0m 449.354 ms - 46[0m
2026-08-01 09:09:52 [INFO]: [0mGET / [32m200[0m 37.294 ms - -[0m
2026-08-01 09:09:52 [INFO]: [0mGET /css/style.css [36m304[0m 0.243 ms - -[0m
2026-08-01 09:09:52 [INFO]: [0mGET /images/logo/plantora.png [36m304[0m 2.391 ms - -[0m
2026-08-01 09:09:52 [INFO]: [0mGET /images/hero/hero-placeholder.png [36m304[0m 0.222 ms - -[0m
2026-08-01 09:09:52 [INFO]: [0mGET /images/hero/monstera-plant.jpg [36m304[0m 0.447 ms - -[0m
2026-08-01 09:09:52 [INFO]: [0mGET /js/featured.js [36m304[0m 1.285 ms - -[0m
2026-08-01 09:09:52 [INFO]: [0mGET /js/why-choose.js [36m304[0m 0.447 ms - -[0m
2026-08-01 09:09:52 [INFO]: [0mGET /js/notification.js [36m304[0m 0.362 ms - -[0m
2026-08-01 09:09:52 [INFO]: [0mGET /js/footer.js [36m304[0m 0.501 ms - -[0m
2026-08-01 09:09:52 [INFO]: [0mGET /js/auth.js [36m304[0m 0.214 ms - -[0m
2026-08-01 09:09:52 [INFO]: [0mGET /css/variables.css [36m304[0m 0.186 ms - -[0m
2026-08-01 09:09:52 [INFO]: [0mGET /css/utilities.css [36m304[0m 0.536 ms - -[0m
2026-08-01 09:09:52 [INFO]: [0mGET /css/animations.css [36m304[0m 0.844 ms - -[0m
2026-08-01 09:09:52 [INFO]: [0mGET /css/announcement.css [36m304[0m 0.428 ms - -[0m
2026-08-01 09:09:52 [INFO]: [0mGET /css/header.css [36m304[0m 0.286 ms - -[0m
2026-08-01 09:09:52 [INFO]: [0mGET /css/hero.css [36m304[0m 0.417 ms - -[0m
2026-08-01 09:09:52 [INFO]: [0mGET /css/featured.css [36m304[0m 0.162 ms - -[0m
2026-08-01 09:09:52 [INFO]: [0mGET /css/why-choose.css [36m304[0m 0.124 ms - -[0m
2026-08-01 09:09:52 [INFO]: [0mGET /css/footer.css [36m304[0m 0.357 ms - -[0m
2026-08-01 09:09:52 [INFO]: [0mGET /css/auth.css [36m304[0m 0.408 ms - -[0m
2026-08-01 09:09:52 [INFO]: [0mGET /css/verify.css [36m304[0m 0.129 ms - -[0m
2026-08-01 09:09:52 [INFO]: [0mGET /images/hero/snake-plant.jpg [36m304[0m 0.109 ms - -[0m
2026-08-01 09:09:52 [INFO]: [0mGET /images/hero/peace-lily.jpg [36m304[0m 0.462 ms - -[0m
2026-08-01 09:09:52 [INFO]: [0mGET /images/hero/tulip-plant.jpg [36m304[0m 0.503 ms - -[0m
2026-08-01 09:09:52 [INFO]: [0mGET /images/hero/rubber-plant.jpg [36m304[0m 0.190 ms - -[0m
2026-08-01 09:09:52 [INFO]: [0mGET /images/hero/aloe-vera.jpg [36m304[0m 0.181 ms - -[0m
2026-08-01 09:09:52 [INFO]: [0mGET /images/hero/areca-palm.jpg [36m304[0m 0.175 ms - -[0m
2026-08-01 09:09:52 [INFO]: [0mGET /images/hero/jade-plant.jpg [36m304[0m 0.203 ms - -[0m
2026-08-01 09:09:52 [INFO]: [0mGET /images/hero/golden-pothos.jpg [36m304[0m 0.339 ms - -[0m
2026-08-01 09:09:52 [INFO]: [0mGET /images/hero/fiddle-leaf-fig.jpg [36m304[0m 0.110 ms - -[0m
2026-08-01 09:09:52 [INFO]: [0mGET /images/hero/why-choose.jpg [36m304[0m 0.111 ms - -[0m
2026-08-01 09:09:52 [INFO]: [0mGET /images/logo/plantora-orgn-white.png [36m304[0m 0.139 ms - -[0m
2026-08-01 09:09:52 [INFO]: [0mGET /%7B%20%20publicId:%20'/public/default/profile.png',%20%20url:%20'https://res.cloudinary.com/desmwasfe/image/upload/v1781973939/default-avatar_d6ofmr.png'%7D [33m404[0m 38.480 ms - 236[0m
2026-08-01 09:09:52 [INFO]: [0mGET /public/js/header.js [33m404[0m 37.817 ms - 83[0m
2026-08-01 09:09:52 [WARN]: Socket connection rejected. Missing token.
2026-08-01 09:10:02 [INFO]: [0mGET /admin/users/seller-request/6a6d6a60f97f2913105902e7 [32m200[0m 166.007 ms - -[0m
2026-08-01 09:10:10 [INFO]: Email sent successfully to 'customer_0004@yopmail.com'. Subject: 'Your Seller Account Has Been Approved!'.
2026-08-01 09:10:10 [ERROR]: Failed to create audit log: AuditLog validation failed: action: `approve_seller` is not a valid enum value for path `action`., severity: `warning` is not a valid enum value for path `severity`.
2026-08-01 09:10:10 [INFO]: [0mPOST /admin/users/seller-request/6a6d6a60f97f2913105902e7/approve [32m200[0m 4881.465 ms - -[0m
2026-08-01 09:10:15 [INFO]: [0mGET / [36m304[0m 39.917 ms - -[0m
2026-08-01 09:10:15 [INFO]: [0mGET /css/style.css [36m304[0m 0.421 ms - -[0m
2026-08-01 09:10:15 [INFO]: [0mGET /images/logo/plantora.png [36m304[0m 0.230 ms - -[0m
2026-08-01 09:10:15 [INFO]: [0mGET /images/hero/hero-placeholder.png [36m304[0m 0.363 ms - -[0m
2026-08-01 09:10:15 [INFO]: [0mGET /images/hero/monstera-plant.jpg [36m304[0m 0.724 ms - -[0m
2026-08-01 09:10:15 [INFO]: [0mGET /js/featured.js [36m304[0m 0.433 ms - -[0m
2026-08-01 09:10:15 [INFO]: [0mGET /js/why-choose.js [36m304[0m 0.628 ms - -[0m
2026-08-01 09:10:15 [INFO]: [0mGET /css/variables.css [36m304[0m 0.845 ms - -[0m
2026-08-01 09:10:15 [INFO]: [0mGET /css/utilities.css [36m304[0m 1.978 ms - -[0m
2026-08-01 09:10:15 [INFO]: [0mGET /css/animations.css [36m304[0m 1.291 ms - -[0m
2026-08-01 09:10:15 [INFO]: [0mGET /css/announcement.css [36m304[0m 1.335 ms - -[0m
2026-08-01 09:10:15 [INFO]: [0mGET /css/header.css [36m304[0m 1.038 ms - -[0m
2026-08-01 09:10:15 [INFO]: [0mGET /css/hero.css [36m304[0m 1.268 ms - -[0m
2026-08-01 09:10:15 [INFO]: [0mGET /css/featured.css [36m304[0m 0.548 ms - -[0m
2026-08-01 09:10:15 [INFO]: [0mGET /css/why-choose.css [36m304[0m 0.779 ms - -[0m
2026-08-01 09:10:15 [INFO]: [0mGET /css/footer.css [36m304[0m 0.940 ms - -[0m
2026-08-01 09:10:15 [INFO]: [0mGET /css/auth.css [36m304[0m 1.076 ms - -[0m
2026-08-01 09:10:15 [INFO]: [0mGET /css/verify.css [36m304[0m 0.190 ms - -[0m
2026-08-01 09:10:15 [INFO]: [0mGET /js/notification.js [36m304[0m 0.480 ms - -[0m
2026-08-01 09:10:15 [INFO]: [0mGET /js/footer.js [36m304[0m 0.770 ms - -[0m
2026-08-01 09:10:15 [INFO]: [0mGET /js/auth.js [36m304[0m 1.022 ms - -[0m
2026-08-01 09:10:15 [INFO]: [0mGET /images/hero/snake-plant.jpg [36m304[0m 0.210 ms - -[0m
2026-08-01 09:10:15 [INFO]: [0mGET /images/hero/peace-lily.jpg [36m304[0m 0.159 ms - -[0m
2026-08-01 09:10:15 [INFO]: [0mGET /images/hero/tulip-plant.jpg [36m304[0m 0.142 ms - -[0m
2026-08-01 09:10:15 [INFO]: [0mGET /images/hero/rubber-plant.jpg [36m304[0m 0.354 ms - -[0m
2026-08-01 09:10:15 [INFO]: [0mGET /images/hero/aloe-vera.jpg [36m304[0m 0.562 ms - -[0m
2026-08-01 09:10:15 [INFO]: [0mGET /images/hero/areca-palm.jpg [36m304[0m 0.159 ms - -[0m
2026-08-01 09:10:15 [INFO]: [0mGET /%7B%20%20publicId:%20'/public/default/profile.png',%20%20url:%20'https://res.cloudinary.com/desmwasfe/image/upload/v1781973939/default-avatar_d6ofmr.png'%7D [33m404[0m 36.023 ms - 236[0m
2026-08-01 09:10:15 [INFO]: [0mGET /images/hero/jade-plant.jpg [36m304[0m 0.212 ms - -[0m
2026-08-01 09:10:15 [INFO]: [0mGET /images/hero/golden-pothos.jpg [36m304[0m 0.130 ms - -[0m
2026-08-01 09:10:15 [INFO]: [0mGET /images/hero/fiddle-leaf-fig.jpg [36m304[0m 0.284 ms - -[0m
2026-08-01 09:10:15 [INFO]: [0mGET /public/js/header.js [33m404[0m 35.748 ms - 83[0m
2026-08-01 09:10:15 [INFO]: [0mGET /images/hero/why-choose.jpg [36m304[0m 0.249 ms - -[0m
2026-08-01 09:10:15 [INFO]: [0mGET /images/logo/plantora-orgn-white.png [36m304[0m 0.460 ms - -[0m
2026-08-01 09:10:15 [WARN]: Socket connection rejected. Missing token.
2026-08-01 09:10:22 [INFO]: [0mGET /auth/profile [32m200[0m 75.072 ms - -[0m
2026-08-01 09:10:22 [INFO]: [0mGET /css/style.css [36m304[0m 0.341 ms - -[0m
2026-08-01 09:10:22 [INFO]: [0mGET /css/profile.css [36m304[0m 0.228 ms - -[0m
2026-08-01 09:10:22 [INFO]: [0mGET /images/logo/plantora.png [36m304[0m 0.469 ms - -[0m
2026-08-01 09:10:22 [INFO]: [0mGET /js/profile.js [36m304[0m 0.461 ms - -[0m
2026-08-01 09:10:22 [INFO]: [0mGET /images/logo/plantora-orgn-white.png [36m304[0m 0.697 ms - -[0m
2026-08-01 09:10:22 [INFO]: [0mGET /js/featured.js [36m304[0m 1.720 ms - -[0m
2026-08-01 09:10:22 [INFO]: [0mGET /js/why-choose.js [36m304[0m 2.053 ms - -[0m
2026-08-01 09:10:22 [INFO]: [0mGET /js/notification.js [36m304[0m 0.441 ms - -[0m
2026-08-01 09:10:22 [INFO]: [0mGET /js/footer.js [36m304[0m 0.570 ms - -[0m
2026-08-01 09:10:22 [INFO]: [0mGET /js/auth.js [36m304[0m 0.757 ms - -[0m
2026-08-01 09:10:22 [INFO]: [0mGET /css/variables.css [36m304[0m 0.788 ms - -[0m
2026-08-01 09:10:22 [INFO]: [0mGET /css/utilities.css [36m304[0m 0.612 ms - -[0m
2026-08-01 09:10:22 [INFO]: [0mGET /css/animations.css [36m304[0m 0.400 ms - -[0m
2026-08-01 09:10:22 [INFO]: [0mGET /css/announcement.css [36m304[0m 0.612 ms - -[0m
2026-08-01 09:10:22 [INFO]: [0mGET /css/header.css [36m304[0m 0.231 ms - -[0m
2026-08-01 09:10:22 [INFO]: [0mGET /css/hero.css [36m304[0m 0.712 ms - -[0m
2026-08-01 09:10:22 [INFO]: [0mGET /css/featured.css [36m304[0m 0.617 ms - -[0m
2026-08-01 09:10:22 [INFO]: [0mGET /css/why-choose.css [36m304[0m 0.638 ms - -[0m
2026-08-01 09:10:22 [INFO]: [0mGET /css/footer.css [36m304[0m 0.295 ms - -[0m
2026-08-01 09:10:22 [INFO]: [0mGET /css/auth.css [36m304[0m 0.491 ms - -[0m
2026-08-01 09:10:22 [INFO]: [0mGET /css/verify.css [36m304[0m 0.681 ms - -[0m
2026-08-01 09:10:22 [INFO]: [0mGET /auth/%7B%20%20publicId:%20'/public/default/profile.png',%20%20url:%20'https://res.cloudinary.com/desmwasfe/image/upload/v1781973939/default-avatar_d6ofmr.png'%7D [33m404[0m 34.643 ms - 241[0m
2026-08-01 09:10:22 [INFO]: [0mGET /auth/public/js/header.js [33m404[0m 37.208 ms - 88[0m
2026-08-01 09:10:22 [WARN]: Socket connection rejected. Missing token.
2026-08-01 09:13:33 [INFO]: MongoDB connected successfully.
2026-08-01 09:13:36 [INFO]: Email server connected successfully.
2026-08-01 09:13:36 [INFO]: Server is running on port 5132.
2026-08-01 09:13:52 [INFO]: MongoDB connected successfully.
2026-08-01 09:13:55 [INFO]: Email server connected successfully.
2026-08-01 09:13:55 [INFO]: Server is running on port 5132.
2026-08-01 09:14:03 [INFO]: MongoDB connected successfully.
2026-08-01 09:14:06 [INFO]: Email server connected successfully.
2026-08-01 09:14:06 [INFO]: Server is running on port 5132.
2026-08-01 09:14:19 [INFO]: MongoDB connected successfully.
2026-08-01 09:14:22 [INFO]: Email server connected successfully.
2026-08-01 09:14:22 [INFO]: Server is running on port 5132.
2026-08-01 09:16:07 [INFO]: MongoDB connected successfully.
2026-08-01 09:16:10 [INFO]: Email server connected successfully.
2026-08-01 09:16:10 [INFO]: Server is running on port 5132.
2026-08-01 09:16:22 [INFO]: MongoDB connected successfully.
2026-08-01 09:16:25 [INFO]: Email server connected successfully.
2026-08-01 09:16:25 [INFO]: Server is running on port 5132.
2026-08-01 09:16:43 [INFO]: MongoDB connected successfully.
2026-08-01 09:16:46 [INFO]: Email server connected successfully.
2026-08-01 09:16:46 [INFO]: Server is running on port 5132.
2026-08-01 09:53:19 [INFO]: MongoDB connected successfully.
2026-08-01 09:53:22 [INFO]: Email server connected successfully.
2026-08-01 09:53:22 [INFO]: Server is running on port 5132.
2026-08-01 09:53:53 [INFO]: MongoDB connected successfully.
2026-08-01 09:53:56 [INFO]: Email server connected successfully.
2026-08-01 09:53:56 [INFO]: Server is running on port 5132.
2026-08-01 09:53:59 [INFO]: MongoDB connected successfully.
2026-08-01 09:54:02 [INFO]: Email server connected successfully.
2026-08-01 09:54:02 [INFO]: Server is running on port 5132.
2026-08-01 09:54:07 [INFO]: MongoDB connected successfully.
2026-08-01 09:54:10 [INFO]: Email server connected successfully.
2026-08-01 09:54:10 [INFO]: Server is running on port 5132.
2026-08-01 10:01:57 [INFO]: MongoDB connected successfully.
2026-08-01 10:02:00 [INFO]: Email server connected successfully.
2026-08-01 10:02:00 [INFO]: Server is running on port 5132.
2026-08-01 10:02:32 [INFO]: MongoDB connected successfully.
2026-08-01 10:02:35 [INFO]: Email server connected successfully.
2026-08-01 10:02:35 [INFO]: Server is running on port 5132.
2026-08-01 10:02:46 [INFO]: [0mGET /auth/profile [36m304[0m 119.697 ms - -[0m
2026-08-01 10:02:46 [INFO]: [0mGET /css/style.css [36m304[0m 0.680 ms - -[0m
2026-08-01 10:02:46 [INFO]: [0mGET /css/profile.css [36m304[0m 0.384 ms - -[0m
2026-08-01 10:02:46 [INFO]: [0mGET /images/logo/plantora.png [36m304[0m 0.533 ms - -[0m
2026-08-01 10:02:46 [INFO]: [0mGET /js/profile.js [36m304[0m 1.198 ms - -[0m
2026-08-01 10:02:46 [INFO]: [0mGET /images/logo/plantora-orgn-white.png [36m304[0m 1.270 ms - -[0m
2026-08-01 10:02:46 [INFO]: [0mGET /js/featured.js [36m304[0m 0.976 ms - -[0m
2026-08-01 10:02:46 [INFO]: [0mGET /js/why-choose.js [36m304[0m 0.731 ms - -[0m
2026-08-01 10:02:46 [INFO]: [0mGET /js/notification.js [36m304[0m 0.765 ms - -[0m
2026-08-01 10:02:46 [INFO]: [0mGET /css/variables.css [36m304[0m 0.898 ms - -[0m
2026-08-01 10:02:46 [INFO]: [0mGET /css/utilities.css [36m304[0m 2.126 ms - -[0m
2026-08-01 10:02:46 [INFO]: [0mGET /css/animations.css [36m304[0m 0.782 ms - -[0m
2026-08-01 10:02:46 [INFO]: [0mGET /css/announcement.css [36m304[0m 0.542 ms - -[0m
2026-08-01 10:02:46 [INFO]: [0mGET /css/header.css [36m304[0m 0.575 ms - -[0m
2026-08-01 10:02:46 [INFO]: [0mGET /css/hero.css [36m304[0m 0.671 ms - -[0m
2026-08-01 10:02:46 [INFO]: [0mGET /css/featured.css [36m304[0m 0.214 ms - -[0m
2026-08-01 10:02:46 [INFO]: [0mGET /css/why-choose.css [36m304[0m 0.761 ms - -[0m
2026-08-01 10:02:46 [INFO]: [0mGET /css/footer.css [36m304[0m 0.939 ms - -[0m
2026-08-01 10:02:46 [INFO]: [0mGET /css/auth.css [36m304[0m 0.735 ms - -[0m
2026-08-01 10:02:46 [INFO]: [0mGET /css/verify.css [36m304[0m 0.186 ms - -[0m
2026-08-01 10:02:46 [INFO]: [0mGET /js/footer.js [36m304[0m 0.190 ms - -[0m
2026-08-01 10:02:46 [INFO]: [0mGET /js/auth.js [36m304[0m 0.588 ms - -[0m
2026-08-01 10:02:46 [INFO]: [0mGET /auth/%7B%20%20publicId:%20'/public/default/profile.png',%20%20url:%20'https://res.cloudinary.com/desmwasfe/image/upload/v1781973939/default-avatar_d6ofmr.png'%7D [33m404[0m 41.000 ms - 241[0m
2026-08-01 10:02:46 [INFO]: [0mGET /auth/public/js/header.js [33m404[0m 43.855 ms - 88[0m
2026-08-01 10:02:48 [INFO]: [0mGET / [32m200[0m 56.702 ms - -[0m
2026-08-01 10:02:48 [INFO]: [0mGET /css/style.css [36m304[0m 0.354 ms - -[0m
2026-08-01 10:02:48 [INFO]: [0mGET /images/logo/plantora.png [36m304[0m 0.581 ms - -[0m
2026-08-01 10:02:48 [INFO]: [0mGET /images/hero/hero-placeholder.png [36m304[0m 1.724 ms - -[0m
2026-08-01 10:02:48 [INFO]: [0mGET /images/hero/monstera-plant.jpg [36m304[0m 2.177 ms - -[0m
2026-08-01 10:02:48 [INFO]: [0mGET /js/featured.js [36m304[0m 3.466 ms - -[0m
2026-08-01 10:02:48 [INFO]: [0mGET /js/why-choose.js [36m304[0m 0.676 ms - -[0m
2026-08-01 10:02:48 [INFO]: [0mGET /js/notification.js [36m304[0m 0.355 ms - -[0m
2026-08-01 10:02:48 [INFO]: [0mGET /js/footer.js [36m304[0m 0.763 ms - -[0m
2026-08-01 10:02:48 [INFO]: [0mGET /js/auth.js [36m304[0m 0.383 ms - -[0m
2026-08-01 10:02:48 [INFO]: [0mGET /css/variables.css [36m304[0m 1.116 ms - -[0m
2026-08-01 10:02:48 [INFO]: [0mGET /css/utilities.css [36m304[0m 1.075 ms - -[0m
2026-08-01 10:02:48 [INFO]: [0mGET /css/animations.css [36m304[0m 0.730 ms - -[0m
2026-08-01 10:02:48 [INFO]: [0mGET /css/announcement.css [36m304[0m 1.005 ms - -[0m
2026-08-01 10:02:48 [INFO]: [0mGET /css/header.css [36m304[0m 0.981 ms - -[0m
2026-08-01 10:02:48 [INFO]: [0mGET /css/hero.css [36m304[0m 0.906 ms - -[0m
2026-08-01 10:02:48 [INFO]: [0mGET /css/featured.css [36m304[0m 1.429 ms - -[0m
2026-08-01 10:02:48 [INFO]: [0mGET /css/why-choose.css [36m304[0m 1.544 ms - -[0m
2026-08-01 10:02:48 [INFO]: [0mGET /css/footer.css [36m304[0m 1.797 ms - -[0m
2026-08-01 10:02:48 [INFO]: [0mGET /css/auth.css [36m304[0m 3.551 ms - -[0m
2026-08-01 10:02:48 [INFO]: [0mGET /css/verify.css [36m304[0m 1.785 ms - -[0m
2026-08-01 10:02:48 [INFO]: [0mGET /images/hero/snake-plant.jpg [36m304[0m 0.611 ms - -[0m
2026-08-01 10:02:48 [INFO]: [0mGET /images/hero/peace-lily.jpg [36m304[0m 0.834 ms - -[0m
2026-08-01 10:02:48 [INFO]: [0mGET /images/hero/tulip-plant.jpg [36m304[0m 1.090 ms - -[0m
2026-08-01 10:02:48 [INFO]: [0mGET /images/hero/rubber-plant.jpg [36m304[0m 0.353 ms - -[0m
2026-08-01 10:02:48 [INFO]: [0mGET /images/hero/aloe-vera.jpg [36m304[0m 0.184 ms - -[0m
2026-08-01 10:02:48 [INFO]: [0mGET /images/hero/areca-palm.jpg [36m304[0m 0.169 ms - -[0m
2026-08-01 10:02:48 [INFO]: [0mGET /images/hero/jade-plant.jpg [36m304[0m 0.365 ms - -[0m
2026-08-01 10:02:48 [INFO]: [0mGET /images/hero/golden-pothos.jpg [36m304[0m 0.493 ms - -[0m
2026-08-01 10:02:48 [INFO]: [0mGET /images/hero/fiddle-leaf-fig.jpg [36m304[0m 0.754 ms - -[0m
2026-08-01 10:02:48 [INFO]: [0mGET /images/hero/why-choose.jpg [36m304[0m 0.214 ms - -[0m
2026-08-01 10:02:48 [INFO]: [0mGET /%7B%20%20publicId:%20'/public/default/profile.png',%20%20url:%20'https://res.cloudinary.com/desmwasfe/image/upload/v1781973939/default-avatar_d6ofmr.png'%7D [33m404[0m 40.325 ms - 236[0m
2026-08-01 10:02:48 [INFO]: [0mGET /public/js/header.js [33m404[0m 40.626 ms - 83[0m
2026-08-01 10:02:48 [INFO]: [0mGET /images/logo/plantora-orgn-white.png [36m304[0m 0.356 ms - -[0m
2026-08-01 10:02:55 [INFO]: Notifications viewed by customer_0004@yopmail.com
2026-08-01 10:02:55 [ERROR]: Error: E:\Webskitters_Academy\NODE JS\final_project_node\plantora_final_project_node_ejs\views\notifications\index.ejs:1
 >> 1| <%- include("../partials/common/header") %>
    2| 
    3| <section class="notification-page py-5">
    4| 

Could not find the include file "../partials/common/header"
    at getIncludePath (E:\Webskitters_Academy\NODE JS\final_project_node\plantora_final_project_node_ejs\node_modules\ejs\lib\cjs\ejs.js:170:19)
    at includeFile (E:\Webskitters_Academy\NODE JS\final_project_node\plantora_final_project_node_ejs\node_modules\ejs\lib\cjs\ejs.js:284:21)
    at include (E:\Webskitters_Academy\NODE JS\final_project_node\plantora_final_project_node_ejs\node_modules\ejs\lib\cjs\ejs.js:634:24)
    at eval (eval at compile (E:\Webskitters_Academy\NODE JS\final_project_node\plantora_final_project_node_ejs\node_modules\ejs\lib\cjs\ejs.js:607:18), <anonymous>:10:17)
    at index (E:\Webskitters_Academy\NODE JS\final_project_node\plantora_final_project_node_ejs\node_modules\ejs\lib\cjs\ejs.js:643:23)
    at tryHandleCache (E:\Webskitters_Academy\NODE JS\final_project_node\plantora_final_project_node_ejs\node_modules\ejs\lib\cjs\ejs.js:253:42)
    at ejs.renderFile [as engine] (E:\Webskitters_Academy\NODE JS\final_project_node\plantora_final_project_node_ejs\node_modules\ejs\lib\cjs\ejs.js:444:12)
    at View.render (E:\Webskitters_Academy\NODE JS\final_project_node\plantora_final_project_node_ejs\node_modules\express\lib\view.js:139:8)
    at tryRender (E:\Webskitters_Academy\NODE JS\final_project_node\plantora_final_project_node_ejs\node_modules\express\lib\application.js:627:10)
    at app.render (E:\Webskitters_Academy\NODE JS\final_project_node\plantora_final_project_node_ejs\node_modules\express\lib\application.js:574:3)
2026-08-01 10:02:55 [INFO]: [0mGET /notifications [31m500[0m 125.072 ms - 387[0m
2026-08-01 10:04:21 [INFO]: Notifications viewed by customer_0004@yopmail.com
2026-08-01 10:04:21 [INFO]: [0mGET /notifications [32m200[0m 117.321 ms - -[0m
2026-08-01 10:04:21 [INFO]: [0mGET /images/logo/plantora.png [36m304[0m 0.626 ms - -[0m
2026-08-01 10:04:21 [INFO]: [0mGET /images/logo/plantora-orgn-white.png [36m304[0m 0.646 ms - -[0m
2026-08-01 10:04:21 [INFO]: [0mGET /js/notifications.js [32m200[0m 2.299 ms - -[0m
2026-08-01 10:04:21 [INFO]: [0mGET /js/featured.js [36m304[0m 1.234 ms - -[0m
2026-08-01 10:04:21 [INFO]: [0mGET /js/header.js [32m200[0m 2.125 ms - -[0m
2026-08-01 10:04:21 [INFO]: [0mGET /js/why-choose.js [36m304[0m 1.078 ms - -[0m
2026-08-01 10:04:21 [INFO]: [0mGET /js/notification.js [36m304[0m 0.472 ms - -[0m
2026-08-01 10:04:21 [INFO]: [0mGET /js/footer.js [36m304[0m 0.567 ms - -[0m
2026-08-01 10:04:21 [INFO]: [0mGET /js/auth.js [36m304[0m 1.440 ms - -[0m
2026-08-01 10:04:21 [INFO]: [0mGET /%7B%20%20publicId:%20'/public/default/profile.png',%20%20url:%20'https://res.cloudinary.com/desmwasfe/image/upload/v1781973939/default-avatar_d6ofmr.png'%7D [33m404[0m 38.535 ms - 236[0m
2026-08-01 10:04:21 [INFO]: [0mGET /public/js/header.js [33m404[0m 39.807 ms - 83[0m
2026-08-01 10:04:27 [INFO]: Notifications viewed by customer_0004@yopmail.com
2026-08-01 10:04:27 [INFO]: [0mGET /notifications [36m304[0m 117.660 ms - -[0m
2026-08-01 10:04:27 [INFO]: [0mGET /images/logo/plantora.png [36m304[0m 0.462 ms - -[0m
2026-08-01 10:04:27 [INFO]: [0mGET /js/header.js [36m304[0m 0.889 ms - -[0m
2026-08-01 10:04:27 [INFO]: [0mGET /js/notifications.js [36m304[0m 1.194 ms - -[0m
2026-08-01 10:04:27 [INFO]: [0mGET /images/logo/plantora-orgn-white.png [36m304[0m 1.214 ms - -[0m
2026-08-01 10:04:27 [INFO]: [0mGET /js/featured.js [36m304[0m 1.062 ms - -[0m
2026-08-01 10:04:27 [INFO]: [0mGET /js/why-choose.js [36m304[0m 0.773 ms - -[0m
2026-08-01 10:04:27 [INFO]: [0mGET /js/notification.js [36m304[0m 1.005 ms - -[0m
2026-08-01 10:04:27 [INFO]: [0mGET /js/footer.js [36m304[0m 1.337 ms - -[0m
2026-08-01 10:04:27 [INFO]: [0mGET /js/auth.js [36m304[0m 0.246 ms - -[0m
2026-08-01 10:04:27 [INFO]: [0mGET /%7B%20%20publicId:%20'/public/default/profile.png',%20%20url:%20'https://res.cloudinary.com/desmwasfe/image/upload/v1781973939/default-avatar_d6ofmr.png'%7D [33m404[0m 39.167 ms - 236[0m
2026-08-01 10:04:27 [INFO]: [0mGET /public/js/header.js [33m404[0m 39.764 ms - 83[0m
2026-08-01 10:05:52 [INFO]: Notifications viewed by customer_0004@yopmail.com
2026-08-01 10:05:52 [INFO]: [0mGET /notifications [32m200[0m 119.468 ms - -[0m
2026-08-01 10:05:52 [INFO]: [0mGET /css/style.css [36m304[0m 1.121 ms - -[0m
2026-08-01 10:05:52 [INFO]: [0mGET /images/logo/plantora.png [36m304[0m 0.382 ms - -[0m
2026-08-01 10:05:52 [INFO]: [0mGET /js/header.js [36m304[0m 0.583 ms - -[0m
2026-08-01 10:05:52 [INFO]: [0mGET /js/notifications.js [36m304[0m 0.857 ms - -[0m
2026-08-01 10:05:52 [INFO]: [0mGET /images/logo/plantora-orgn-white.png [36m304[0m 1.325 ms - -[0m
2026-08-01 10:05:52 [INFO]: [0mGET /js/featured.js [36m304[0m 0.436 ms - -[0m
2026-08-01 10:05:52 [INFO]: [0mGET /js/why-choose.js [36m304[0m 0.509 ms - -[0m
2026-08-01 10:05:52 [INFO]: [0mGET /js/notification.js [36m304[0m 0.668 ms - -[0m
2026-08-01 10:05:52 [INFO]: [0mGET /js/footer.js [36m304[0m 0.412 ms - -[0m
2026-08-01 10:05:52 [INFO]: [0mGET /js/auth.js [36m304[0m 0.395 ms - -[0m
2026-08-01 10:05:52 [INFO]: [0mGET /css/variables.css [36m304[0m 0.100 ms - -[0m
2026-08-01 10:05:52 [INFO]: [0mGET /css/animations.css [36m304[0m 0.163 ms - -[0m
2026-08-01 10:05:52 [INFO]: [0mGET /css/utilities.css [36m304[0m 0.443 ms - -[0m
2026-08-01 10:05:52 [INFO]: [0mGET /css/announcement.css [36m304[0m 0.403 ms - -[0m
2026-08-01 10:05:52 [INFO]: [0mGET /css/header.css [36m304[0m 0.184 ms - -[0m
2026-08-01 10:05:52 [INFO]: [0mGET /css/hero.css [36m304[0m 0.400 ms - -[0m
2026-08-01 10:05:52 [INFO]: [0mGET /css/featured.css [36m304[0m 0.596 ms - -[0m
2026-08-01 10:05:52 [INFO]: [0mGET /css/why-choose.css [36m304[0m 0.124 ms - -[0m
2026-08-01 10:05:52 [INFO]: [0mGET /css/footer.css [36m304[0m 0.296 ms - -[0m
2026-08-01 10:05:52 [INFO]: [0mGET /css/auth.css [36m304[0m 0.688 ms - -[0m
2026-08-01 10:05:52 [INFO]: [0mGET /css/verify.css [36m304[0m 0.401 ms - -[0m
2026-08-01 10:05:52 [INFO]: [0mGET /css/notification.css [33m404[0m 38.745 ms - 84[0m
2026-08-01 10:05:52 [INFO]: [0mGET /%7B%20%20publicId:%20'/public/default/profile.png',%20%20url:%20'https://res.cloudinary.com/desmwasfe/image/upload/v1781973939/default-avatar_d6ofmr.png'%7D [33m404[0m 39.304 ms - 236[0m
2026-08-01 10:05:52 [INFO]: [0mGET /public/js/header.js [33m404[0m 38.868 ms - 83[0m
2026-08-01 10:06:02 [ERROR]: Failed to create audit log: AuditLog validation failed: target.model: Path `model` is required., action: `update` is not a valid enum value for path `action`.
2026-08-01 10:06:02 [INFO]: All notifications marked as read by customer_0004@yopmail.com
2026-08-01 10:06:02 [INFO]: [0mPATCH /notifications/read-all?_method=PATCH [32m200[0m 232.970 ms - 62[0m
2026-08-01 10:06:04 [ERROR]: Failed to create audit log: AuditLog validation failed: target.model: Path `model` is required., action: `delete` is not a valid enum value for path `action`.
2026-08-01 10:06:04 [INFO]: All notifications deleted by customer_0004@yopmail.com
2026-08-01 10:06:04 [INFO]: [0mPATCH /notifications/delete-all?_method=PATCH [32m200[0m 182.146 ms - 68[0m
2026-08-01 10:06:06 [INFO]: [0mGET /notifications?type=&isRead= [33m400[0m 75.674 ms - 103[0m
2026-08-01 10:06:24 [INFO]: [0mGET /notifications?type=&isRead= [33m400[0m 85.521 ms - 103[0m
2026-08-01 10:14:47 [INFO]: MongoDB connected successfully.
2026-08-01 10:14:50 [INFO]: Email server connected successfully.
2026-08-01 10:14:50 [INFO]: Server is running on port 5132.
2026-08-01 10:16:28 [INFO]: MongoDB connected successfully.
2026-08-01 10:16:31 [INFO]: Email server connected successfully.
2026-08-01 10:16:31 [INFO]: Server is running on port 5132.
2026-08-01 10:16:41 [INFO]: SIGINT received. Shutting down server...
2026-08-01 10:16:43 [INFO]: MongoDB connected successfully.
2026-08-01 10:16:46 [INFO]: Email server connected successfully.
2026-08-01 10:16:46 [INFO]: Server is running on port 5132.
2026-08-01 10:16:47 [INFO]: [0mGET /notifications [36m304[0m 145.970 ms - -[0m
2026-08-01 10:16:47 [INFO]: [0mGET /css/style.css [36m304[0m 1.233 ms - -[0m
2026-08-01 10:16:47 [INFO]: [0mGET /images/logo/plantora.png [36m304[0m 1.537 ms - -[0m
2026-08-01 10:16:47 [INFO]: [0mGET /js/header.js [36m304[0m 0.438 ms - -[0m
2026-08-01 10:16:47 [INFO]: [0mGET /js/notifications.js [36m304[0m 0.624 ms - -[0m
2026-08-01 10:16:47 [INFO]: [0mGET /images/logo/plantora-orgn-white.png [36m304[0m 0.665 ms - -[0m
2026-08-01 10:16:47 [INFO]: [0mGET /js/featured.js [36m304[0m 0.291 ms - -[0m
2026-08-01 10:16:47 [INFO]: [0mGET /js/why-choose.js [36m304[0m 0.694 ms - -[0m
2026-08-01 10:16:47 [INFO]: [0mGET /css/variables.css [36m304[0m 0.671 ms - -[0m
2026-08-01 10:16:47 [INFO]: [0mGET /css/utilities.css [36m304[0m 0.477 ms - -[0m
2026-08-01 10:16:47 [INFO]: [0mGET /css/animations.css [36m304[0m 0.675 ms - -[0m
2026-08-01 10:16:47 [INFO]: [0mGET /css/announcement.css [36m304[0m 0.172 ms - -[0m
2026-08-01 10:16:47 [INFO]: [0mGET /css/header.css [36m304[0m 0.344 ms - -[0m
2026-08-01 10:16:47 [INFO]: [0mGET /css/hero.css [36m304[0m 0.484 ms - -[0m
2026-08-01 10:16:47 [INFO]: [0mGET /css/featured.css [36m304[0m 0.321 ms - -[0m
2026-08-01 10:16:47 [INFO]: [0mGET /css/why-choose.css [36m304[0m 0.483 ms - -[0m
2026-08-01 10:16:47 [INFO]: [0mGET /css/footer.css [36m304[0m 0.680 ms - -[0m
2026-08-01 10:16:47 [INFO]: [0mGET /css/auth.css [36m304[0m 0.174 ms - -[0m
2026-08-01 10:16:47 [INFO]: [0mGET /css/verify.css [36m304[0m 0.353 ms - -[0m
2026-08-01 10:16:47 [INFO]: [0mGET /js/notification.js [36m304[0m 0.214 ms - -[0m
2026-08-01 10:16:47 [INFO]: [0mGET /js/footer.js [36m304[0m 0.261 ms - -[0m
2026-08-01 10:16:47 [INFO]: [0mGET /js/auth.js [36m304[0m 0.405 ms - -[0m
2026-08-01 10:16:47 [INFO]: [0mGET /css/notification.css [33m404[0m 38.074 ms - 84[0m
2026-08-01 10:16:47 [INFO]: [0mGET /%7B%20%20publicId:%20'/public/default/profile.png',%20%20url:%20'https://res.cloudinary.com/desmwasfe/image/upload/v1781973939/default-avatar_d6ofmr.png'%7D [33m404[0m 37.076 ms - 236[0m
2026-08-01 10:16:47 [INFO]: [0mGET /public/js/header.js [33m404[0m 39.575 ms - 83[0m
2026-08-01 10:16:49 [INFO]: [0mGET / [36m304[0m 52.252 ms - -[0m
2026-08-01 10:16:49 [INFO]: [0mGET /css/style.css [36m304[0m 0.957 ms - -[0m
2026-08-01 10:16:49 [INFO]: [0mGET /images/logo/plantora.png [36m304[0m 1.537 ms - -[0m
2026-08-01 10:16:49 [INFO]: [0mGET /images/hero/hero-placeholder.png [36m304[0m 0.916 ms - -[0m
2026-08-01 10:16:49 [INFO]: [0mGET /images/hero/monstera-plant.jpg [36m304[0m 1.231 ms - -[0m
2026-08-01 10:16:49 [INFO]: [0mGET /js/featured.js [36m304[0m 2.556 ms - -[0m
2026-08-01 10:16:49 [INFO]: [0mGET /js/why-choose.js [36m304[0m 2.811 ms - -[0m
2026-08-01 10:16:49 [INFO]: [0mGET /css/variables.css [36m304[0m 0.619 ms - -[0m
2026-08-01 10:16:49 [INFO]: [0mGET /css/utilities.css [36m304[0m 1.028 ms - -[0m
2026-08-01 10:16:49 [INFO]: [0mGET /css/animations.css [36m304[0m 1.157 ms - -[0m
2026-08-01 10:16:49 [INFO]: [0mGET /css/announcement.css [36m304[0m 1.413 ms - -[0m
2026-08-01 10:16:49 [INFO]: [0mGET /css/header.css [36m304[0m 0.257 ms - -[0m
2026-08-01 10:16:49 [INFO]: [0mGET /css/hero.css [36m304[0m 0.404 ms - -[0m
2026-08-01 10:16:49 [INFO]: [0mGET /css/featured.css [36m304[0m 0.847 ms - -[0m
2026-08-01 10:16:49 [INFO]: [0mGET /css/why-choose.css [36m304[0m 0.486 ms - -[0m
2026-08-01 10:16:49 [INFO]: [0mGET /css/footer.css [36m304[0m 0.328 ms - -[0m
2026-08-01 10:16:49 [INFO]: [0mGET /css/auth.css [36m304[0m 0.755 ms - -[0m
2026-08-01 10:16:49 [INFO]: [0mGET /css/verify.css [36m304[0m 0.497 ms - -[0m
2026-08-01 10:16:49 [INFO]: [0mGET /js/notification.js [36m304[0m 0.298 ms - -[0m
2026-08-01 10:16:49 [INFO]: [0mGET /js/footer.js [36m304[0m 0.509 ms - -[0m
2026-08-01 10:16:49 [INFO]: [0mGET /js/auth.js [36m304[0m 0.134 ms - -[0m
2026-08-01 10:16:49 [INFO]: [0mGET /images/logo/plantora-orgn-white.png [36m304[0m 0.117 ms - -[0m
2026-08-01 10:16:49 [INFO]: [0mGET /images/hero/snake-plant.jpg [36m304[0m 0.227 ms - -[0m
2026-08-01 10:16:49 [INFO]: [0mGET /images/hero/peace-lily.jpg [36m304[0m 0.489 ms - -[0m
2026-08-01 10:16:49 [INFO]: [0mGET /images/hero/tulip-plant.jpg [36m304[0m 0.261 ms - -[0m
2026-08-01 10:16:49 [INFO]: [0mGET /images/hero/rubber-plant.jpg [36m304[0m 0.191 ms - -[0m
2026-08-01 10:16:49 [INFO]: [0mGET /images/hero/aloe-vera.jpg [36m304[0m 0.159 ms - -[0m
2026-08-01 10:16:49 [INFO]: [0mGET /images/hero/areca-palm.jpg [36m304[0m 0.213 ms - -[0m
2026-08-01 10:16:49 [INFO]: [0mGET /images/hero/jade-plant.jpg [36m304[0m 0.264 ms - -[0m
2026-08-01 10:16:49 [INFO]: [0mGET /images/hero/golden-pothos.jpg [36m304[0m 0.368 ms - -[0m
2026-08-01 10:16:49 [INFO]: [0mGET /images/hero/fiddle-leaf-fig.jpg [36m304[0m 0.199 ms - -[0m
2026-08-01 10:16:49 [INFO]: [0mGET /images/hero/why-choose.jpg [36m304[0m 0.393 ms - -[0m
2026-08-01 10:16:49 [INFO]: [0mGET /public/js/header.js [33m404[0m 38.870 ms - 83[0m
2026-08-01 10:16:49 [INFO]: [0mGET /%7B%20%20publicId:%20'/public/default/profile.png',%20%20url:%20'https://res.cloudinary.com/desmwasfe/image/upload/v1781973939/default-avatar_d6ofmr.png'%7D [33m404[0m 45.606 ms - 236[0m
2026-08-01 10:16:53 [INFO]: [0mGET /notifications [36m304[0m 129.273 ms - -[0m
2026-08-01 10:16:53 [INFO]: [0mGET /css/style.css [36m304[0m 0.478 ms - -[0m
2026-08-01 10:16:53 [INFO]: [0mGET /images/logo/plantora.png [36m304[0m 1.502 ms - -[0m
2026-08-01 10:16:53 [INFO]: [0mGET /js/header.js [36m304[0m 0.788 ms - -[0m
2026-08-01 10:16:53 [INFO]: [0mGET /js/notifications.js [36m304[0m 1.115 ms - -[0m
2026-08-01 10:16:53 [INFO]: [0mGET /images/logo/plantora-orgn-white.png [36m304[0m 0.827 ms - -[0m
2026-08-01 10:16:53 [INFO]: [0mGET /css/variables.css [36m304[0m 1.008 ms - -[0m
2026-08-01 10:16:53 [INFO]: [0mGET /css/utilities.css [36m304[0m 0.521 ms - -[0m
2026-08-01 10:16:53 [INFO]: [0mGET /css/animations.css [36m304[0m 0.272 ms - -[0m
2026-08-01 10:16:53 [INFO]: [0mGET /css/announcement.css [36m304[0m 0.393 ms - -[0m
2026-08-01 10:16:53 [INFO]: [0mGET /css/header.css [36m304[0m 0.182 ms - -[0m
2026-08-01 10:16:53 [INFO]: [0mGET /css/hero.css [36m304[0m 0.361 ms - -[0m
2026-08-01 10:16:53 [INFO]: [0mGET /css/featured.css [36m304[0m 0.801 ms - -[0m
2026-08-01 10:16:53 [INFO]: [0mGET /css/why-choose.css [36m304[0m 0.796 ms - -[0m
2026-08-01 10:16:53 [INFO]: [0mGET /css/footer.css [36m304[0m 0.381 ms - -[0m
2026-08-01 10:16:53 [INFO]: [0mGET /css/auth.css [36m304[0m 0.124 ms - -[0m
2026-08-01 10:16:53 [INFO]: [0mGET /css/verify.css [36m304[0m 0.230 ms - -[0m
2026-08-01 10:16:53 [INFO]: [0mGET /js/featured.js [36m304[0m 0.410 ms - -[0m
2026-08-01 10:16:53 [INFO]: [0mGET /js/why-choose.js [36m304[0m 0.133 ms - -[0m
2026-08-01 10:16:53 [INFO]: [0mGET /js/notification.js [36m304[0m 0.355 ms - -[0m
2026-08-01 10:16:53 [INFO]: [0mGET /js/footer.js [36m304[0m 0.503 ms - -[0m
2026-08-01 10:16:53 [INFO]: [0mGET /js/auth.js [36m304[0m 0.224 ms - -[0m
2026-08-01 10:16:53 [INFO]: [0mGET /%7B%20%20publicId:%20'/public/default/profile.png',%20%20url:%20'https://res.cloudinary.com/desmwasfe/image/upload/v1781973939/default-avatar_d6ofmr.png'%7D [33m404[0m 35.461 ms - 236[0m
2026-08-01 10:16:53 [INFO]: [0mGET /public/js/header.js [33m404[0m 34.034 ms - 83[0m
2026-08-01 10:16:53 [INFO]: [0mGET /css/notification.css [33m404[0m 40.549 ms - 84[0m
2026-08-01 10:16:53 [INFO]: [0mGET /%7B%20%20publicId:%20'/public/default/profile.png',%20%20url:%20'https://res.cloudinary.com/desmwasfe/image/upload/v1781973939/default-avatar_d6ofmr.png'%7D [33m404[0m 39.992 ms - 236[0m
2026-08-01 10:16:55 [ERROR]: Failed to create audit log: AuditLog validation failed: target.model: Path `model` is required., action: `update` is not a valid enum value for path `action`.
2026-08-01 10:16:55 [INFO]: All notifications marked as read by customer_0004@yopmail.com
2026-08-01 10:16:55 [INFO]: [0mPATCH /notifications/read-all?_method=PATCH [32m200[0m 190.574 ms - 62[0m
2026-08-01 10:16:59 [INFO]: [0mGET /notifications [36m304[0m 124.504 ms - -[0m
2026-08-01 10:16:59 [INFO]: [0mGET /css/style.css [36m304[0m 0.365 ms - -[0m
2026-08-01 10:16:59 [INFO]: [0mGET /images/logo/plantora.png [36m304[0m 0.522 ms - -[0m
2026-08-01 10:16:59 [INFO]: [0mGET /js/header.js [36m304[0m 1.343 ms - -[0m
2026-08-01 10:16:59 [INFO]: [0mGET /js/notifications.js [36m304[0m 1.829 ms - -[0m
2026-08-01 10:16:59 [INFO]: [0mGET /images/logo/plantora-orgn-white.png [36m304[0m 0.786 ms - -[0m
2026-08-01 10:16:59 [INFO]: [0mGET /css/variables.css [36m304[0m 1.189 ms - -[0m
2026-08-01 10:16:59 [INFO]: [0mGET /css/utilities.css [36m304[0m 0.365 ms - -[0m
2026-08-01 10:16:59 [INFO]: [0mGET /css/animations.css [36m304[0m 0.267 ms - -[0m
2026-08-01 10:16:59 [INFO]: [0mGET /css/announcement.css [36m304[0m 0.561 ms - -[0m
2026-08-01 10:16:59 [INFO]: [0mGET /css/header.css [36m304[0m 0.421 ms - -[0m
2026-08-01 10:16:59 [INFO]: [0mGET /css/hero.css [36m304[0m 0.795 ms - -[0m
2026-08-01 10:16:59 [INFO]: [0mGET /css/featured.css [36m304[0m 0.794 ms - -[0m
2026-08-01 10:16:59 [INFO]: [0mGET /css/why-choose.css [36m304[0m 0.219 ms - -[0m
2026-08-01 10:16:59 [INFO]: [0mGET /css/footer.css [36m304[0m 0.525 ms - -[0m
2026-08-01 10:16:59 [INFO]: [0mGET /css/auth.css [36m304[0m 0.615 ms - -[0m
2026-08-01 10:16:59 [INFO]: [0mGET /css/verify.css [36m304[0m 0.218 ms - -[0m
2026-08-01 10:16:59 [INFO]: [0mGET /js/featured.js [36m304[0m 0.330 ms - -[0m
2026-08-01 10:16:59 [INFO]: [0mGET /js/why-choose.js [36m304[0m 0.107 ms - -[0m
2026-08-01 10:16:59 [INFO]: [0mGET /js/notification.js [36m304[0m 0.098 ms - -[0m
2026-08-01 10:16:59 [INFO]: [0mGET /js/footer.js [36m304[0m 0.249 ms - -[0m
2026-08-01 10:16:59 [INFO]: [0mGET /js/auth.js [36m304[0m 0.459 ms - -[0m
2026-08-01 10:16:59 [INFO]: [0mGET /%7B%20%20publicId:%20'/public/default/profile.png',%20%20url:%20'https://res.cloudinary.com/desmwasfe/image/upload/v1781973939/default-avatar_d6ofmr.png'%7D [33m404[0m 41.738 ms - 236[0m
2026-08-01 10:16:59 [INFO]: [0mGET /public/js/header.js [33m404[0m 39.842 ms - 83[0m
2026-08-01 10:16:59 [INFO]: [0mGET /css/notification.css [33m404[0m 48.477 ms - 84[0m
2026-08-01 10:16:59 [INFO]: [0mGET /%7B%20%20publicId:%20'/public/default/profile.png',%20%20url:%20'https://res.cloudinary.com/desmwasfe/image/upload/v1781973939/default-avatar_d6ofmr.png'%7D [33m404[0m 40.075 ms - 236[0m
2026-08-01 10:17:00 [INFO]: [0mGET /notifications [36m304[0m 130.316 ms - -[0m
2026-08-01 10:17:00 [INFO]: [0mGET /css/style.css [36m304[0m 0.678 ms - -[0m
2026-08-01 10:17:00 [INFO]: [0mGET /images/logo/plantora.png [36m304[0m 1.694 ms - -[0m
2026-08-01 10:17:00 [INFO]: [0mGET /js/header.js [36m304[0m 0.476 ms - -[0m
2026-08-01 10:17:00 [INFO]: [0mGET /js/notifications.js [36m304[0m 0.534 ms - -[0m
2026-08-01 10:17:00 [INFO]: [0mGET /images/logo/plantora-orgn-white.png [36m304[0m 0.953 ms - -[0m
2026-08-01 10:17:00 [INFO]: [0mGET /css/variables.css [36m304[0m 0.464 ms - -[0m
2026-08-01 10:17:00 [INFO]: [0mGET /css/utilities.css [36m304[0m 0.348 ms - -[0m
2026-08-01 10:17:00 [INFO]: [0mGET /css/animations.css [36m304[0m 0.435 ms - -[0m
2026-08-01 10:17:00 [INFO]: [0mGET /css/announcement.css [36m304[0m 0.624 ms - -[0m
2026-08-01 10:17:00 [INFO]: [0mGET /css/header.css [36m304[0m 0.134 ms - -[0m
2026-08-01 10:17:00 [INFO]: [0mGET /css/hero.css [36m304[0m 0.371 ms - -[0m
2026-08-01 10:17:00 [INFO]: [0mGET /css/featured.css [36m304[0m 0.442 ms - -[0m
2026-08-01 10:17:00 [INFO]: [0mGET /css/why-choose.css [36m304[0m 0.559 ms - -[0m
2026-08-01 10:17:00 [INFO]: [0mGET /css/footer.css [36m304[0m 0.112 ms - -[0m
2026-08-01 10:17:00 [INFO]: [0mGET /css/auth.css [36m304[0m 0.390 ms - -[0m
2026-08-01 10:17:00 [INFO]: [0mGET /css/verify.css [36m304[0m 1.041 ms - -[0m
2026-08-01 10:17:00 [INFO]: [0mGET /js/featured.js [36m304[0m 1.162 ms - -[0m
2026-08-01 10:17:00 [INFO]: [0mGET /js/why-choose.js [36m304[0m 0.135 ms - -[0m
2026-08-01 10:17:00 [INFO]: [0mGET /js/notification.js [36m304[0m 0.278 ms - -[0m
2026-08-01 10:17:00 [INFO]: [0mGET /js/footer.js [36m304[0m 0.465 ms - -[0m
2026-08-01 10:17:00 [INFO]: [0mGET /js/auth.js [36m304[0m 0.113 ms - -[0m
2026-08-01 10:17:00 [INFO]: [0mGET /%7B%20%20publicId:%20'/public/default/profile.png',%20%20url:%20'https://res.cloudinary.com/desmwasfe/image/upload/v1781973939/default-avatar_d6ofmr.png'%7D [33m404[0m 36.162 ms - 236[0m
2026-08-01 10:17:00 [INFO]: [0mGET /css/notification.css [33m404[0m 41.319 ms - 84[0m
2026-08-01 10:17:00 [INFO]: [0mGET /public/js/header.js [33m404[0m 35.906 ms - 83[0m
2026-08-01 10:17:00 [INFO]: [0mGET /%7B%20%20publicId:%20'/public/default/profile.png',%20%20url:%20'https://res.cloudinary.com/desmwasfe/image/upload/v1781973939/default-avatar_d6ofmr.png'%7D [33m404[0m 39.006 ms - 236[0m
2026-08-01 10:17:00 [INFO]: [0mGET /notifications [36m304[0m 108.396 ms - -[0m
2026-08-01 10:17:00 [INFO]: [0mGET /css/style.css [36m304[0m 1.047 ms - -[0m
2026-08-01 10:17:00 [INFO]: [0mGET /images/logo/plantora.png [36m304[0m 1.282 ms - -[0m
2026-08-01 10:17:00 [INFO]: [0mGET /js/header.js [36m304[0m 0.457 ms - -[0m
2026-08-01 10:17:00 [INFO]: [0mGET /js/notifications.js [36m304[0m 0.657 ms - -[0m
2026-08-01 10:17:00 [INFO]: [0mGET /images/logo/plantora-orgn-white.png [36m304[0m 1.053 ms - -[0m
2026-08-01 10:17:00 [INFO]: [0mGET /css/variables.css [36m304[0m 0.555 ms - -[0m
2026-08-01 10:17:00 [INFO]: [0mGET /css/utilities.css [36m304[0m 0.299 ms - -[0m
2026-08-01 10:17:00 [INFO]: [0mGET /css/animations.css [36m304[0m 0.525 ms - -[0m
2026-08-01 10:17:00 [INFO]: [0mGET /css/announcement.css [36m304[0m 0.835 ms - -[0m
2026-08-01 10:17:00 [INFO]: [0mGET /css/header.css [36m304[0m 0.336 ms - -[0m
2026-08-01 10:17:00 [INFO]: [0mGET /css/hero.css [36m304[0m 0.332 ms - -[0m
2026-08-01 10:17:00 [INFO]: [0mGET /css/featured.css [36m304[0m 0.441 ms - -[0m
2026-08-01 10:17:00 [INFO]: [0mGET /css/why-choose.css [36m304[0m 0.228 ms - -[0m
2026-08-01 10:17:00 [INFO]: [0mGET /css/footer.css [36m304[0m 0.749 ms - -[0m
2026-08-01 10:17:00 [INFO]: [0mGET /css/auth.css [36m304[0m 0.619 ms - -[0m
2026-08-01 10:17:00 [INFO]: [0mGET /css/verify.css [36m304[0m 0.740 ms - -[0m
2026-08-01 10:17:00 [INFO]: [0mGET /js/featured.js [36m304[0m 0.660 ms - -[0m
2026-08-01 10:17:00 [INFO]: [0mGET /js/why-choose.js [36m304[0m 0.495 ms - -[0m
2026-08-01 10:17:00 [INFO]: [0mGET /js/notification.js [36m304[0m 1.056 ms - -[0m
2026-08-01 10:17:00 [INFO]: [0mGET /js/footer.js [36m304[0m 0.351 ms - -[0m
2026-08-01 10:17:00 [INFO]: [0mGET /js/auth.js [36m304[0m 0.182 ms - -[0m
2026-08-01 10:17:00 [INFO]: [0mGET /css/notification.css [33m404[0m 34.349 ms - 84[0m
2026-08-01 10:17:00 [INFO]: [0mGET /%7B%20%20publicId:%20'/public/default/profile.png',%20%20url:%20'https://res.cloudinary.com/desmwasfe/image/upload/v1781973939/default-avatar_d6ofmr.png'%7D [33m404[0m 40.524 ms - 236[0m
2026-08-01 10:17:00 [INFO]: [0mGET /public/js/header.js [33m404[0m 33.543 ms - 83[0m
2026-08-01 10:17:00 [INFO]: [0mGET /notifications [36m304[0m 106.503 ms - -[0m
2026-08-01 10:17:00 [INFO]: [0mGET /css/style.css [36m304[0m 0.370 ms - -[0m
2026-08-01 10:17:00 [INFO]: [0mGET /images/logo/plantora.png [36m304[0m 1.529 ms - -[0m
2026-08-01 10:17:00 [INFO]: [0mGET /js/header.js [36m304[0m 0.335 ms - -[0m
2026-08-01 10:17:00 [INFO]: [0mGET /js/notifications.js [36m304[0m 0.454 ms - -[0m
2026-08-01 10:17:00 [INFO]: [0mGET /images/logo/plantora-orgn-white.png [36m304[0m 1.002 ms - -[0m
2026-08-01 10:17:00 [INFO]: [0mGET /css/variables.css [36m304[0m 2.155 ms - -[0m
2026-08-01 10:17:00 [INFO]: [0mGET /css/utilities.css [36m304[0m 2.255 ms - -[0m
2026-08-01 10:17:00 [INFO]: [0mGET /css/animations.css [36m304[0m 0.227 ms - -[0m
2026-08-01 10:17:00 [INFO]: [0mGET /css/announcement.css [36m304[0m 0.368 ms - -[0m
2026-08-01 10:17:00 [INFO]: [0mGET /css/header.css [36m304[0m 0.600 ms - -[0m
2026-08-01 10:17:00 [INFO]: [0mGET /css/hero.css [36m304[0m 0.894 ms - -[0m
2026-08-01 10:17:00 [INFO]: [0mGET /css/featured.css [36m304[0m 1.038 ms - -[0m
2026-08-01 10:17:00 [INFO]: [0mGET /css/why-choose.css [36m304[0m 0.212 ms - -[0m
2026-08-01 10:17:00 [INFO]: [0mGET /css/footer.css [36m304[0m 0.676 ms - -[0m
2026-08-01 10:17:00 [INFO]: [0mGET /css/auth.css [36m304[0m 0.622 ms - -[0m
2026-08-01 10:17:00 [INFO]: [0mGET /css/verify.css [36m304[0m 0.487 ms - -[0m
2026-08-01 10:17:00 [INFO]: [0mGET /js/featured.js [36m304[0m 0.995 ms - -[0m
2026-08-01 10:17:00 [INFO]: [0mGET /js/why-choose.js [36m304[0m 1.140 ms - -[0m
2026-08-01 10:17:00 [INFO]: [0mGET /js/notification.js [36m304[0m 0.749 ms - -[0m
2026-08-01 10:17:00 [INFO]: [0mGET /js/footer.js [36m304[0m 0.270 ms - -[0m
2026-08-01 10:17:00 [INFO]: [0mGET /js/auth.js [36m304[0m 0.419 ms - -[0m
2026-08-01 10:17:00 [INFO]: [0mGET /css/notification.css [33m404[0m 35.414 ms - 84[0m
2026-08-01 10:17:00 [INFO]: [0mGET /public/js/header.js [33m404[0m 36.169 ms - 83[0m
2026-08-01 10:17:00 [INFO]: [0mGET /%7B%20%20publicId:%20'/public/default/profile.png',%20%20url:%20'https://res.cloudinary.com/desmwasfe/image/upload/v1781973939/default-avatar_d6ofmr.png'%7D [33m404[0m 41.156 ms - 236[0m
2026-08-01 10:17:00 [INFO]: [0mGET /notifications [36m304[0m 122.677 ms - -[0m
2026-08-01 10:17:00 [INFO]: [0mGET /css/style.css [36m304[0m 0.256 ms - -[0m
2026-08-01 10:17:00 [INFO]: [0mGET /images/logo/plantora.png [36m304[0m 0.813 ms - -[0m
2026-08-01 10:17:00 [INFO]: [0mGET /js/header.js [36m304[0m 1.173 ms - -[0m
2026-08-01 10:17:00 [INFO]: [0mGET /js/notifications.js [36m304[0m 1.158 ms - -[0m
2026-08-01 10:17:00 [INFO]: [0mGET /images/logo/plantora-orgn-white.png [36m304[0m 0.193 ms - -[0m
2026-08-01 10:17:00 [INFO]: [0mGET /css/variables.css [36m304[0m 0.665 ms - -[0m
2026-08-01 10:17:00 [INFO]: [0mGET /css/utilities.css [36m304[0m 0.786 ms - -[0m
2026-08-01 10:17:00 [INFO]: [0mGET /css/animations.css [36m304[0m 0.156 ms - -[0m
2026-08-01 10:17:00 [INFO]: [0mGET /css/announcement.css [36m304[0m 0.372 ms - -[0m
2026-08-01 10:17:00 [INFO]: [0mGET /css/header.css [36m304[0m 0.355 ms - -[0m
2026-08-01 10:17:00 [INFO]: [0mGET /css/hero.css [36m304[0m 0.183 ms - -[0m
2026-08-01 10:17:00 [INFO]: [0mGET /css/featured.css [36m304[0m 0.392 ms - -[0m
2026-08-01 10:17:00 [INFO]: [0mGET /css/why-choose.css [36m304[0m 0.299 ms - -[0m
2026-08-01 10:17:00 [INFO]: [0mGET /css/footer.css [36m304[0m 0.215 ms - -[0m
2026-08-01 10:17:00 [INFO]: [0mGET /css/auth.css [36m304[0m 0.584 ms - -[0m
2026-08-01 10:17:00 [INFO]: [0mGET /css/verify.css [36m304[0m 0.341 ms - -[0m
2026-08-01 10:17:00 [INFO]: [0mGET /js/featured.js [36m304[0m 0.401 ms - -[0m
2026-08-01 10:17:00 [INFO]: [0mGET /js/why-choose.js [36m304[0m 0.179 ms - -[0m
2026-08-01 10:17:00 [INFO]: [0mGET /js/notification.js [36m304[0m 0.399 ms - -[0m
2026-08-01 10:17:00 [INFO]: [0mGET /js/footer.js [36m304[0m 0.320 ms - -[0m
2026-08-01 10:17:00 [INFO]: [0mGET /js/auth.js [36m304[0m 0.104 ms - -[0m
2026-08-01 10:17:00 [INFO]: [0mGET /%7B%20%20publicId:%20'/public/default/profile.png',%20%20url:%20'https://res.cloudinary.com/desmwasfe/image/upload/v1781973939/default-avatar_d6ofmr.png'%7D [33m404[0m 35.021 ms - 236[0m
2026-08-01 10:17:00 [INFO]: [0mGET /public/js/header.js [33m404[0m 33.478 ms - 83[0m
2026-08-01 10:17:00 [INFO]: [0mGET /css/notification.css [33m404[0m 39.017 ms - 84[0m
2026-08-01 10:17:01 [INFO]: [0mGET /%7B%20%20publicId:%20'/public/default/profile.png',%20%20url:%20'https://res.cloudinary.com/desmwasfe/image/upload/v1781973939/default-avatar_d6ofmr.png'%7D [33m404[0m 40.918 ms - 236[0m
2026-08-01 10:17:01 [INFO]: [0mGET /notifications [36m304[0m 121.775 ms - -[0m
2026-08-01 10:17:01 [INFO]: [0mGET /css/style.css [36m304[0m 0.388 ms - -[0m
2026-08-01 10:17:01 [INFO]: [0mGET /images/logo/plantora.png [36m304[0m 1.100 ms - -[0m
2026-08-01 10:17:01 [INFO]: [0mGET /js/header.js [36m304[0m 0.564 ms - -[0m
2026-08-01 10:17:01 [INFO]: [0mGET /js/notifications.js [36m304[0m 0.606 ms - -[0m
2026-08-01 10:17:01 [INFO]: [0mGET /images/logo/plantora-orgn-white.png [36m304[0m 0.771 ms - -[0m
2026-08-01 10:17:01 [INFO]: [0mGET /css/variables.css [36m304[0m 0.182 ms - -[0m
2026-08-01 10:17:01 [INFO]: [0mGET /css/utilities.css [36m304[0m 0.296 ms - -[0m
2026-08-01 10:17:01 [INFO]: [0mGET /css/animations.css [36m304[0m 0.165 ms - -[0m
2026-08-01 10:17:01 [INFO]: [0mGET /css/announcement.css [36m304[0m 0.390 ms - -[0m
2026-08-01 10:17:01 [INFO]: [0mGET /css/header.css [36m304[0m 0.484 ms - -[0m
2026-08-01 10:17:01 [INFO]: [0mGET /css/hero.css [36m304[0m 0.716 ms - -[0m
2026-08-01 10:17:01 [INFO]: [0mGET /css/featured.css [36m304[0m 0.311 ms - -[0m
2026-08-01 10:17:01 [INFO]: [0mGET /css/why-choose.css [36m304[0m 0.164 ms - -[0m
2026-08-01 10:17:01 [INFO]: [0mGET /css/footer.css [36m304[0m 0.255 ms - -[0m
2026-08-01 10:17:01 [INFO]: [0mGET /css/auth.css [36m304[0m 0.120 ms - -[0m
2026-08-01 10:17:01 [INFO]: [0mGET /css/verify.css [36m304[0m 0.113 ms - -[0m
2026-08-01 10:17:01 [INFO]: [0mGET /js/featured.js [36m304[0m 0.963 ms - -[0m
2026-08-01 10:17:01 [INFO]: [0mGET /js/why-choose.js [36m304[0m 0.470 ms - -[0m
2026-08-01 10:17:01 [INFO]: [0mGET /js/notification.js [36m304[0m 0.470 ms - -[0m
2026-08-01 10:17:01 [INFO]: [0mGET /js/footer.js [36m304[0m 0.167 ms - -[0m
2026-08-01 10:17:01 [INFO]: [0mGET /js/auth.js [36m304[0m 0.277 ms - -[0m
2026-08-01 10:17:01 [INFO]: [0mGET /%7B%20%20publicId:%20'/public/default/profile.png',%20%20url:%20'https://res.cloudinary.com/desmwasfe/image/upload/v1781973939/default-avatar_d6ofmr.png'%7D [33m404[0m 34.701 ms - 236[0m
2026-08-01 10:17:01 [INFO]: [0mGET /css/notification.css [33m404[0m 39.537 ms - 84[0m
2026-08-01 10:17:01 [INFO]: [0mGET /public/js/header.js [33m404[0m 32.794 ms - 83[0m
2026-08-01 10:17:01 [INFO]: [0mGET /%7B%20%20publicId:%20'/public/default/profile.png',%20%20url:%20'https://res.cloudinary.com/desmwasfe/image/upload/v1781973939/default-avatar_d6ofmr.png'%7D [33m404[0m 34.423 ms - 236[0m
2026-08-01 10:17:10 [INFO]: [0mGET /notifications [32m200[0m 146.055 ms - -[0m
2026-08-01 10:17:10 [INFO]: [0mGET /css/style.css [36m304[0m 0.215 ms - -[0m
2026-08-01 10:17:10 [INFO]: [0mGET /images/logo/plantora.png [36m304[0m 0.217 ms - -[0m
2026-08-01 10:17:10 [INFO]: [0mGET /images/logo/plantora-orgn-white.png [36m304[0m 1.877 ms - -[0m
2026-08-01 10:17:10 [INFO]: [0mGET /css/notification.css [33m404[0m 37.090 ms - 84[0m
2026-08-01 10:17:10 [INFO]: [0mGET /css/variables.css [36m304[0m 3.959 ms - -[0m
2026-08-01 10:17:10 [INFO]: [0mGET /css/utilities.css [36m304[0m 0.704 ms - -[0m
2026-08-01 10:17:10 [INFO]: [0mGET /js/notifications.js [32m200[0m 9.257 ms - -[0m
2026-08-01 10:17:10 [INFO]: [0mGET /css/animations.css [36m304[0m 1.282 ms - -[0m
2026-08-01 10:17:10 [INFO]: [0mGET /css/announcement.css [36m304[0m 1.852 ms - -[0m
2026-08-01 10:17:10 [INFO]: [0mGET /js/header.js [32m200[0m 9.011 ms - -[0m
2026-08-01 10:17:10 [INFO]: [0mGET /%7B%20%20publicId:%20'/public/default/profile.png',%20%20url:%20'https://res.cloudinary.com/desmwasfe/image/upload/v1781973939/default-avatar_d6ofmr.png'%7D [33m404[0m 42.625 ms - 236[0m
2026-08-01 10:17:10 [INFO]: [0mGET /css/header.css [36m304[0m 3.217 ms - -[0m
2026-08-01 10:17:10 [INFO]: [0mGET /css/hero.css [36m304[0m 0.732 ms - -[0m
2026-08-01 10:17:10 [INFO]: [0mGET /css/featured.css [36m304[0m 0.915 ms - -[0m
2026-08-01 10:17:10 [INFO]: [0mGET /css/why-choose.css [36m304[0m 1.464 ms - -[0m
2026-08-01 10:17:10 [INFO]: [0mGET /css/footer.css [36m304[0m 1.648 ms - -[0m
2026-08-01 10:17:10 [INFO]: [0mGET /css/auth.css [36m304[0m 1.304 ms - -[0m
2026-08-01 10:17:10 [INFO]: [0mGET /css/verify.css [36m304[0m 1.422 ms - -[0m
2026-08-01 10:17:10 [INFO]: [0mGET /js/featured.js [36m304[0m 1.317 ms - -[0m
2026-08-01 10:17:10 [INFO]: [0mGET /js/why-choose.js [36m304[0m 1.764 ms - -[0m
2026-08-01 10:17:10 [INFO]: [0mGET /js/notification.js [36m304[0m 0.789 ms - -[0m
2026-08-01 10:17:10 [INFO]: [0mGET /js/footer.js [36m304[0m 0.647 ms - -[0m
2026-08-01 10:17:10 [INFO]: [0mGET /js/auth.js [36m304[0m 0.809 ms - -[0m
2026-08-01 10:17:10 [INFO]: [0mGET /%7B%20%20publicId:%20'/public/default/profile.png',%20%20url:%20'https://res.cloudinary.com/desmwasfe/image/upload/v1781973939/default-avatar_d6ofmr.png'%7D [33m404[0m 35.862 ms - 236[0m
2026-08-01 10:17:10 [INFO]: [0mGET /public/js/header.js [33m404[0m 43.477 ms - 83[0m
2026-08-01 11:14:11 [INFO]: MongoDB connected successfully.
2026-08-01 11:14:14 [INFO]: Email server connected successfully.
2026-08-01 11:14:14 [INFO]: Server is running on port 5132.
2026-08-01 11:15:04 [INFO]: MongoDB connected successfully.
2026-08-01 11:15:07 [INFO]: Email server connected successfully.
2026-08-01 11:15:07 [INFO]: Server is running on port 5132.
2026-08-01 11:15:45 [INFO]: MongoDB connected successfully.
2026-08-01 11:15:48 [INFO]: Email server connected successfully.
2026-08-01 11:15:48 [INFO]: Server is running on port 5132.
2026-08-01 11:15:57 [INFO]: [0mGET /notifications [33m401[0m 3.515 ms - 55[0m
2026-08-01 11:16:00 [INFO]: [0mGET /notifications [33m401[0m 1.244 ms - 55[0m
2026-08-01 11:16:04 [INFO]: [0mGET / [32m200[0m 14.643 ms - -[0m
2026-08-01 11:16:04 [INFO]: [0mGET /css/style.css [36m304[0m 0.837 ms - -[0m
2026-08-01 11:16:04 [INFO]: [0mGET /images/logo/plantora.png [36m304[0m 0.736 ms - -[0m
2026-08-01 11:16:04 [INFO]: [0mGET /images/hero/hero-placeholder.png [36m304[0m 0.791 ms - -[0m
2026-08-01 11:16:04 [INFO]: [0mGET /css/variables.css [36m304[0m 1.139 ms - -[0m
2026-08-01 11:16:04 [INFO]: [0mGET /css/utilities.css [36m304[0m 1.556 ms - -[0m
2026-08-01 11:16:04 [INFO]: [0mGET /css/animations.css [36m304[0m 2.024 ms - -[0m
2026-08-01 11:16:04 [INFO]: [0mGET /css/announcement.css [36m304[0m 3.026 ms - -[0m
2026-08-01 11:16:04 [INFO]: [0mGET /css/header.css [36m304[0m 1.525 ms - -[0m
2026-08-01 11:16:04 [INFO]: [0mGET /css/hero.css [36m304[0m 1.815 ms - -[0m
2026-08-01 11:16:04 [INFO]: [0mGET /css/featured.css [36m304[0m 0.723 ms - -[0m
2026-08-01 11:16:04 [INFO]: [0mGET /css/why-choose.css [36m304[0m 1.288 ms - -[0m
2026-08-01 11:16:04 [INFO]: [0mGET /css/footer.css [36m304[0m 2.058 ms - -[0m
2026-08-01 11:16:04 [INFO]: [0mGET /css/auth.css [36m304[0m 2.909 ms - -[0m
2026-08-01 11:16:04 [INFO]: [0mGET /css/verify.css [36m304[0m 0.462 ms - -[0m
2026-08-01 11:16:04 [INFO]: [0mGET /images/hero/monstera-plant.jpg [36m304[0m 0.475 ms - -[0m
2026-08-01 11:16:04 [INFO]: [0mGET /images/hero/snake-plant.jpg [36m304[0m 0.672 ms - -[0m
2026-08-01 11:16:04 [INFO]: [0mGET /images/hero/peace-lily.jpg [36m304[0m 0.243 ms - -[0m
2026-08-01 11:16:04 [INFO]: [0mGET /js/header.js [32m200[0m 1.607 ms - -[0m
2026-08-01 11:16:04 [INFO]: [0mGET /js/featured.js [36m304[0m 1.187 ms - -[0m
2026-08-01 11:16:04 [INFO]: [0mGET /js/why-choose.js [36m304[0m 0.956 ms - -[0m
2026-08-01 11:16:04 [INFO]: [0mGET /js/notification.js [36m304[0m 0.694 ms - -[0m
2026-08-01 11:16:04 [INFO]: [0mGET /js/footer.js [36m304[0m 0.956 ms - -[0m
2026-08-01 11:16:04 [INFO]: [0mGET /js/auth.js [36m304[0m 2.097 ms - -[0m
2026-08-01 11:16:04 [INFO]: [0mGET /images/hero/tulip-plant.jpg [36m304[0m 3.486 ms - -[0m
2026-08-01 11:16:04 [INFO]: [0mGET /images/hero/rubber-plant.jpg [36m304[0m 3.009 ms - -[0m
2026-08-01 11:16:04 [INFO]: [0mGET /images/hero/aloe-vera.jpg [36m304[0m 1.351 ms - -[0m
2026-08-01 11:16:04 [INFO]: [0mGET /images/hero/areca-palm.jpg [36m304[0m 2.011 ms - -[0m
2026-08-01 11:16:04 [INFO]: [0mGET /images/hero/jade-plant.jpg [36m304[0m 2.591 ms - -[0m
2026-08-01 11:16:04 [INFO]: [0mGET /images/hero/golden-pothos.jpg [36m304[0m 0.616 ms - -[0m
2026-08-01 11:16:04 [INFO]: [0mGET /images/hero/fiddle-leaf-fig.jpg [36m304[0m 0.721 ms - -[0m
2026-08-01 11:16:04 [INFO]: [0mGET /images/hero/why-choose.jpg [36m304[0m 0.475 ms - -[0m
2026-08-01 11:16:04 [INFO]: [0mGET /images/logo/plantora-orgn-white.png [36m304[0m 0.553 ms - -[0m
2026-08-01 11:16:08 [INFO]: SIGINT received. Shutting down server...
2026-08-01 11:16:10 [INFO]: MongoDB connected successfully.
2026-08-01 11:16:14 [INFO]: Email server connected successfully.
2026-08-01 11:16:14 [INFO]: Server is running on port 5132.
2026-08-01 11:16:18 [INFO]: [0mPOST /auth/logout [33m401[0m 20.780 ms - 55[0m
2026-08-01 11:16:22 [INFO]: [0mGET / [32m200[0m 18.955 ms - -[0m
2026-08-01 11:16:22 [INFO]: [0mGET /css/style.css [36m304[0m 1.952 ms - -[0m
2026-08-01 11:16:22 [INFO]: [0mGET /images/logo/plantora.png [36m304[0m 2.306 ms - -[0m
2026-08-01 11:16:22 [INFO]: [0mGET /images/hero/hero-placeholder.png [36m304[0m 0.471 ms - -[0m
2026-08-01 11:16:22 [INFO]: [0mGET /images/hero/monstera-plant.jpg [36m304[0m 0.534 ms - -[0m
2026-08-01 11:16:22 [INFO]: [0mGET /css/variables.css [36m304[0m 0.513 ms - -[0m
2026-08-01 11:16:22 [INFO]: [0mGET /css/utilities.css [36m304[0m 0.407 ms - -[0m
2026-08-01 11:16:22 [INFO]: [0mGET /css/animations.css [36m304[0m 1.251 ms - -[0m
2026-08-01 11:16:22 [INFO]: [0mGET /css/announcement.css [36m304[0m 1.711 ms - -[0m
2026-08-01 11:16:22 [INFO]: [0mGET /css/header.css [36m304[0m 2.249 ms - -[0m
2026-08-01 11:16:22 [INFO]: [0mGET /css/hero.css [36m304[0m 0.450 ms - -[0m
2026-08-01 11:16:22 [INFO]: [0mGET /css/featured.css [36m304[0m 0.341 ms - -[0m
2026-08-01 11:16:22 [INFO]: [0mGET /css/why-choose.css [36m304[0m 0.235 ms - -[0m
2026-08-01 11:16:22 [INFO]: [0mGET /css/footer.css [36m304[0m 1.060 ms - -[0m
2026-08-01 11:16:22 [INFO]: [0mGET /css/auth.css [36m304[0m 1.427 ms - -[0m
2026-08-01 11:16:22 [INFO]: [0mGET /css/verify.css [36m304[0m 0.787 ms - -[0m
2026-08-01 11:16:22 [INFO]: [0mGET /images/hero/snake-plant.jpg [36m304[0m 0.606 ms - -[0m
2026-08-01 11:16:22 [INFO]: [0mGET /images/hero/peace-lily.jpg [36m304[0m 0.843 ms - -[0m
2026-08-01 11:16:22 [INFO]: [0mGET /js/header.js [32m200[0m 1.730 ms - -[0m
2026-08-01 11:16:22 [INFO]: [0mGET /js/featured.js [36m304[0m 0.388 ms - -[0m
2026-08-01 11:16:22 [INFO]: [0mGET /js/why-choose.js [36m304[0m 0.346 ms - -[0m
2026-08-01 11:16:22 [INFO]: [0mGET /js/notification.js [36m304[0m 0.467 ms - -[0m
2026-08-01 11:16:22 [INFO]: [0mGET /js/footer.js [36m304[0m 0.660 ms - -[0m
2026-08-01 11:16:22 [INFO]: [0mGET /js/auth.js [36m304[0m 0.188 ms - -[0m
2026-08-01 11:16:22 [INFO]: [0mGET /images/hero/tulip-plant.jpg [36m304[0m 0.264 ms - -[0m
2026-08-01 11:16:22 [INFO]: [0mGET /images/hero/rubber-plant.jpg [36m304[0m 0.848 ms - -[0m
2026-08-01 11:16:22 [INFO]: [0mGET /images/hero/aloe-vera.jpg [36m304[0m 0.242 ms - -[0m
2026-08-01 11:16:22 [INFO]: [0mGET /images/hero/areca-palm.jpg [36m304[0m 0.397 ms - -[0m
2026-08-01 11:16:22 [INFO]: [0mGET /images/hero/jade-plant.jpg [36m304[0m 0.449 ms - -[0m
2026-08-01 11:16:22 [INFO]: [0mGET /images/hero/golden-pothos.jpg [36m304[0m 1.468 ms - -[0m
2026-08-01 11:16:22 [INFO]: [0mGET /images/hero/fiddle-leaf-fig.jpg [36m304[0m 0.908 ms - -[0m
2026-08-01 11:16:22 [INFO]: [0mGET /images/hero/why-choose.jpg [36m304[0m 3.568 ms - -[0m
2026-08-01 11:16:22 [INFO]: [0mGET /images/logo/plantora-orgn-white.png [36m304[0m 4.036 ms - -[0m
2026-08-01 11:16:27 [INFO]: Login successful : plantora-admin@yopmail.com
2026-08-01 11:16:27 [INFO]: [0mPOST /auth/login [32m200[0m 2576.698 ms - 46[0m
2026-08-01 11:16:28 [INFO]: [0mGET / [32m200[0m 46.535 ms - -[0m
2026-08-01 11:16:28 [INFO]: [0mGET /css/style.css [36m304[0m 0.553 ms - -[0m
2026-08-01 11:16:28 [INFO]: [0mGET /images/logo/plantora.png [36m304[0m 0.843 ms - -[0m
2026-08-01 11:16:28 [INFO]: [0mGET /images/hero/hero-placeholder.png [36m304[0m 0.246 ms - -[0m
2026-08-01 11:16:28 [INFO]: [0mGET /images/hero/monstera-plant.jpg [36m304[0m 0.195 ms - -[0m
2026-08-01 11:16:28 [INFO]: [0mGET /js/header.js [36m304[0m 0.543 ms - -[0m
2026-08-01 11:16:28 [INFO]: [0mGET /js/featured.js [36m304[0m 0.633 ms - -[0m
2026-08-01 11:16:28 [INFO]: [0mGET /css/variables.css [36m304[0m 0.368 ms - -[0m
2026-08-01 11:16:28 [INFO]: [0mGET /css/utilities.css [36m304[0m 0.178 ms - -[0m
2026-08-01 11:16:28 [INFO]: [0mGET /css/animations.css [36m304[0m 0.308 ms - -[0m
2026-08-01 11:16:28 [INFO]: [0mGET /css/announcement.css [36m304[0m 1.112 ms - -[0m
2026-08-01 11:16:28 [INFO]: [0mGET /css/header.css [36m304[0m 0.910 ms - -[0m
2026-08-01 11:16:28 [INFO]: [0mGET /css/hero.css [36m304[0m 1.073 ms - -[0m
2026-08-01 11:16:28 [INFO]: [0mGET /css/featured.css [36m304[0m 0.501 ms - -[0m
2026-08-01 11:16:28 [INFO]: [0mGET /css/why-choose.css [36m304[0m 0.690 ms - -[0m
2026-08-01 11:16:28 [INFO]: [0mGET /css/footer.css [36m304[0m 0.821 ms - -[0m
2026-08-01 11:16:28 [INFO]: [0mGET /css/auth.css [36m304[0m 1.151 ms - -[0m
2026-08-01 11:16:28 [INFO]: [0mGET /css/verify.css [36m304[0m 1.431 ms - -[0m
2026-08-01 11:16:28 [INFO]: [0mGET /js/why-choose.js [36m304[0m 0.238 ms - -[0m
2026-08-01 11:16:28 [INFO]: [0mGET /js/notification.js [36m304[0m 0.388 ms - -[0m
2026-08-01 11:16:28 [INFO]: [0mGET /js/footer.js [36m304[0m 0.627 ms - -[0m
2026-08-01 11:16:28 [INFO]: [0mGET /js/auth.js [36m304[0m 0.973 ms - -[0m
2026-08-01 11:16:28 [INFO]: [0mGET /images/hero/snake-plant.jpg [36m304[0m 1.043 ms - -[0m
2026-08-01 11:16:28 [INFO]: [0mGET /images/hero/peace-lily.jpg [36m304[0m 1.200 ms - -[0m
2026-08-01 11:16:28 [INFO]: [0mGET /images/hero/tulip-plant.jpg [36m304[0m 0.360 ms - -[0m
2026-08-01 11:16:28 [INFO]: [0mGET /images/hero/rubber-plant.jpg [36m304[0m 0.239 ms - -[0m
2026-08-01 11:16:28 [INFO]: [0mGET /images/hero/aloe-vera.jpg [36m304[0m 0.290 ms - -[0m
2026-08-01 11:16:28 [INFO]: [0mGET /images/hero/areca-palm.jpg [36m304[0m 0.234 ms - -[0m
2026-08-01 11:16:28 [INFO]: [0mGET /images/hero/jade-plant.jpg [36m304[0m 0.760 ms - -[0m
2026-08-01 11:16:28 [INFO]: [0mGET /images/hero/golden-pothos.jpg [36m304[0m 0.850 ms - -[0m
2026-08-01 11:16:28 [INFO]: [0mGET /images/hero/fiddle-leaf-fig.jpg [36m304[0m 0.399 ms - -[0m
2026-08-01 11:16:28 [INFO]: [0mGET /images/hero/why-choose.jpg [36m304[0m 0.888 ms - -[0m
2026-08-01 11:16:28 [INFO]: [0mGET /images/logo/plantora-orgn-white.png [36m304[0m 0.685 ms - -[0m
2026-08-01 11:16:28 [INFO]: [0mGET /%7B%20%20publicId:%20'/public/default/profile.png',%20%20url:%20'https://res.cloudinary.com/desmwasfe/image/upload/v1781973939/default-avatar_d6ofmr.png'%7D [33m404[0m 42.212 ms - 236[0m
2026-08-01 11:16:30 [INFO]: [0mGET /notifications/latest [32m200[0m 131.068 ms - -[0m
2026-08-01 11:16:36 [INFO]: [0mGET /notifications [32m200[0m 144.831 ms - -[0m
2026-08-01 11:16:36 [INFO]: [0mGET /css/style.css [36m304[0m 0.458 ms - -[0m
2026-08-01 11:16:36 [INFO]: [0mGET /images/logo/plantora.png [36m304[0m 0.369 ms - -[0m
2026-08-01 11:16:36 [INFO]: [0mGET /js/notification.js [36m304[0m 1.116 ms - -[0m
2026-08-01 11:16:36 [INFO]: [0mGET /images/logo/plantora-orgn-white.png [36m304[0m 1.721 ms - -[0m
2026-08-01 11:16:36 [INFO]: [0mGET /css/variables.css [36m304[0m 0.482 ms - -[0m
2026-08-01 11:16:36 [INFO]: [0mGET /js/header.js [36m304[0m 0.902 ms - -[0m
2026-08-01 11:16:36 [INFO]: [0mGET /css/utilities.css [36m304[0m 0.983 ms - -[0m
2026-08-01 11:16:36 [INFO]: [0mGET /css/animations.css [36m304[0m 1.131 ms - -[0m
2026-08-01 11:16:36 [INFO]: [0mGET /css/announcement.css [36m304[0m 1.413 ms - -[0m
2026-08-01 11:16:36 [INFO]: [0mGET /css/header.css [36m304[0m 1.588 ms - -[0m
2026-08-01 11:16:36 [INFO]: [0mGET /css/hero.css [36m304[0m 0.780 ms - -[0m
2026-08-01 11:16:36 [INFO]: [0mGET /css/featured.css [36m304[0m 0.990 ms - -[0m
2026-08-01 11:16:36 [INFO]: [0mGET /css/why-choose.css [36m304[0m 1.236 ms - -[0m
2026-08-01 11:16:36 [INFO]: [0mGET /css/footer.css [36m304[0m 0.419 ms - -[0m
2026-08-01 11:16:36 [INFO]: [0mGET /css/auth.css [36m304[0m 0.658 ms - -[0m
2026-08-01 11:16:36 [INFO]: [0mGET /css/verify.css [36m304[0m 0.966 ms - -[0m
2026-08-01 11:16:36 [INFO]: [0mGET /js/featured.js [36m304[0m 0.463 ms - -[0m
2026-08-01 11:16:36 [INFO]: [0mGET /js/why-choose.js [36m304[0m 0.624 ms - -[0m
2026-08-01 11:16:36 [INFO]: [0mGET /js/footer.js [36m304[0m 0.936 ms - -[0m
2026-08-01 11:16:36 [INFO]: [0mGET /js/auth.js [36m304[0m 0.685 ms - -[0m
2026-08-01 11:16:36 [INFO]: [0mGET /%7B%20%20publicId:%20'/public/default/profile.png',%20%20url:%20'https://res.cloudinary.com/desmwasfe/image/upload/v1781973939/default-avatar_d6ofmr.png'%7D [33m404[0m 45.806 ms - 236[0m
2026-08-01 11:16:36 [INFO]: [0mGET /css/notification.css [33m404[0m 53.808 ms - 84[0m
2026-08-01 11:16:36 [INFO]: [0mGET /%7B%20%20publicId:%20'/public/default/profile.png',%20%20url:%20'https://res.cloudinary.com/desmwasfe/image/upload/v1781973939/default-avatar_d6ofmr.png'%7D [33m404[0m 43.620 ms - 236[0m
2026-08-01 11:18:12 [ERROR]: Error: E:\Webskitters_Academy\NODE JS\final_project_node\plantora_final_project_node_ejs\views\notifications\index.ejs:204
    202| <!-- <script src="/js/verify.js"></script> -->
    203| 
 >> 204| <%- include("../toast.ejs") %>

Could not find the include file "../toast.ejs"
    at getIncludePath (E:\Webskitters_Academy\NODE JS\final_project_node\plantora_final_project_node_ejs\node_modules\ejs\lib\cjs\ejs.js:170:19)
    at includeFile (E:\Webskitters_Academy\NODE JS\final_project_node\plantora_final_project_node_ejs\node_modules\ejs\lib\cjs\ejs.js:284:21)
    at include (E:\Webskitters_Academy\NODE JS\final_project_node\plantora_final_project_node_ejs\node_modules\ejs\lib\cjs\ejs.js:634:24)
    at eval (eval at compile (E:\Webskitters_Academy\NODE JS\final_project_node\plantora_final_project_node_ejs\node_modules\ejs\lib\cjs\ejs.js:607:18), <anonymous>:90:17)
    at index (E:\Webskitters_Academy\NODE JS\final_project_node\plantora_final_project_node_ejs\node_modules\ejs\lib\cjs\ejs.js:643:23)
    at tryHandleCache (E:\Webskitters_Academy\NODE JS\final_project_node\plantora_final_project_node_ejs\node_modules\ejs\lib\cjs\ejs.js:253:42)
    at ejs.renderFile [as engine] (E:\Webskitters_Academy\NODE JS\final_project_node\plantora_final_project_node_ejs\node_modules\ejs\lib\cjs\ejs.js:444:12)
    at View.render (E:\Webskitters_Academy\NODE JS\final_project_node\plantora_final_project_node_ejs\node_modules\express\lib\view.js:139:8)
    at tryRender (E:\Webskitters_Academy\NODE JS\final_project_node\plantora_final_project_node_ejs\node_modules\express\lib\application.js:627:10)
    at app.render (E:\Webskitters_Academy\NODE JS\final_project_node\plantora_final_project_node_ejs\node_modules\express\lib\application.js:574:3)
2026-08-01 11:18:12 [INFO]: [0mGET /notifications [31m500[0m 17288.219 ms - 377[0m
2026-08-01 11:19:25 [INFO]: SIGINT received. Shutting down server...
2026-08-01 11:19:28 [INFO]: MongoDB connected successfully.
2026-08-01 11:19:31 [INFO]: Email server connected successfully.
2026-08-01 11:19:31 [INFO]: Server is running on port 5132.
2026-08-01 11:19:32 [ERROR]: Error: E:\Webskitters_Academy\NODE JS\final_project_node\plantora_final_project_node_ejs\views\notifications\index.ejs:201
    199| 
    200| <!-- Toast -->
 >> 201| <%- include("../toast.ejs") %>
    202| 
    203| </body>
    204| </html>

Could not find the include file "../toast.ejs"
    at getIncludePath (E:\Webskitters_Academy\NODE JS\final_project_node\plantora_final_project_node_ejs\node_modules\ejs\lib\cjs\ejs.js:170:19)
    at includeFile (E:\Webskitters_Academy\NODE JS\final_project_node\plantora_final_project_node_ejs\node_modules\ejs\lib\cjs\ejs.js:284:21)
    at include (E:\Webskitters_Academy\NODE JS\final_project_node\plantora_final_project_node_ejs\node_modules\ejs\lib\cjs\ejs.js:634:24)
    at eval (eval at compile (E:\Webskitters_Academy\NODE JS\final_project_node\plantora_final_project_node_ejs\node_modules\ejs\lib\cjs\ejs.js:607:18), <anonymous>:90:17)
    at index (E:\Webskitters_Academy\NODE JS\final_project_node\plantora_final_project_node_ejs\node_modules\ejs\lib\cjs\ejs.js:643:23)
    at tryHandleCache (E:\Webskitters_Academy\NODE JS\final_project_node\plantora_final_project_node_ejs\node_modules\ejs\lib\cjs\ejs.js:253:42)
    at ejs.renderFile [as engine] (E:\Webskitters_Academy\NODE JS\final_project_node\plantora_final_project_node_ejs\node_modules\ejs\lib\cjs\ejs.js:444:12)
    at View.render (E:\Webskitters_Academy\NODE JS\final_project_node\plantora_final_project_node_ejs\node_modules\express\lib\view.js:139:8)
    at tryRender (E:\Webskitters_Academy\NODE JS\final_project_node\plantora_final_project_node_ejs\node_modules\express\lib\application.js:627:10)
    at app.render (E:\Webskitters_Academy\NODE JS\final_project_node\plantora_final_project_node_ejs\node_modules\express\lib\application.js:574:3)
2026-08-01 11:19:32 [INFO]: [0mGET /notifications [31m500[0m 158.950 ms - 384[0m
2026-08-01 11:19:54 [INFO]: [0mGET /notifications [32m200[0m 1392.424 ms - -[0m
2026-08-01 11:19:54 [INFO]: [0mGET /css/style.css [36m304[0m 0.919 ms - -[0m
2026-08-01 11:19:54 [INFO]: [0mGET /images/logo/plantora.png [36m304[0m 0.624 ms - -[0m
2026-08-01 11:19:54 [INFO]: [0mGET /js/header.js [36m304[0m 0.315 ms - -[0m
2026-08-01 11:19:54 [INFO]: [0mGET /js/notification.js [36m304[0m 0.780 ms - -[0m
2026-08-01 11:19:54 [INFO]: [0mGET /js/auth.js [36m304[0m 0.286 ms - -[0m
2026-08-01 11:19:54 [INFO]: [0mGET /css/variables.css [36m304[0m 0.848 ms - -[0m
2026-08-01 11:19:54 [INFO]: [0mGET /css/utilities.css [36m304[0m 0.972 ms - -[0m
2026-08-01 11:19:54 [INFO]: [0mGET /css/animations.css [36m304[0m 1.149 ms - -[0m
2026-08-01 11:19:54 [INFO]: [0mGET /css/announcement.css [36m304[0m 1.252 ms - -[0m
2026-08-01 11:19:54 [INFO]: [0mGET /css/header.css [36m304[0m 0.777 ms - -[0m
2026-08-01 11:19:54 [INFO]: [0mGET /css/hero.css [36m304[0m 0.901 ms - -[0m
2026-08-01 11:19:54 [INFO]: [0mGET /css/featured.css [36m304[0m 1.042 ms - -[0m
2026-08-01 11:19:54 [INFO]: [0mGET /css/why-choose.css [36m304[0m 1.100 ms - -[0m
2026-08-01 11:19:54 [INFO]: [0mGET /css/footer.css [36m304[0m 0.772 ms - -[0m
2026-08-01 11:19:54 [INFO]: [0mGET /css/auth.css [36m304[0m 0.520 ms - -[0m
2026-08-01 11:19:54 [INFO]: [0mGET /css/verify.css [36m304[0m 0.817 ms - -[0m
2026-08-01 11:19:54 [INFO]: [0mGET /css/notification.css [33m404[0m 39.724 ms - 84[0m
2026-08-01 11:19:54 [INFO]: [0mGET /%7B%20%20publicId:%20'/public/default/profile.png',%20%20url:%20'https://res.cloudinary.com/desmwasfe/image/upload/v1781973939/default-avatar_d6ofmr.png'%7D [33m404[0m 47.465 ms - 236[0m
2026-08-01 11:20:13 [ERROR]: Error: Failed to lookup view "admin/users/customer-details" in views directory "E:\Webskitters_Academy\NODE JS\final_project_node\plantora_final_project_node_ejs\views"
    at app.render (E:\Webskitters_Academy\NODE JS\final_project_node\plantora_final_project_node_ejs\node_modules\express\lib\application.js:562:17)
    at ServerResponse.render (E:\Webskitters_Academy\NODE JS\final_project_node\plantora_final_project_node_ejs\node_modules\express\lib\response.js:923:7)
    at showCustomerDetails (E:\Webskitters_Academy\NODE JS\final_project_node\plantora_final_project_node_ejs\app\controllers\UserController.js:420:18)
    at process.processTicksAndRejections (node:internal/process/task_queues:103:5)
2026-08-01 11:20:13 [INFO]: [0mGET /admin/users/customers/6a6d6a60f97f2913105902e7 [31m500[0m 4889.102 ms - 229[0m
2026-08-01 11:20:32 [INFO]: [0mGET /notifications/latest [36m304[0m 516.924 ms - -[0m
2026-08-01 11:22:18 [INFO]: MongoDB connected successfully.
2026-08-01 11:22:21 [INFO]: Email server connected successfully.
2026-08-01 11:22:21 [INFO]: Server is running on port 5132.
2026-08-01 11:22:29 [INFO]: Login successful : customer_0004@yopmail.com
2026-08-01 11:22:29 [INFO]: [0mPOST /auth/login [32m200[0m 530.961 ms - 46[0m
2026-08-01 11:22:30 [INFO]: [0mGET / [32m200[0m 50.914 ms - -[0m
2026-08-01 11:22:30 [INFO]: [0mGET /css/style.css [36m304[0m 0.690 ms - -[0m
2026-08-01 11:22:30 [INFO]: [0mGET /images/logo/plantora.png [36m304[0m 0.934 ms - -[0m
2026-08-01 11:22:30 [INFO]: [0mGET /images/hero/hero-placeholder.png [36m304[0m 0.485 ms - -[0m
2026-08-01 11:22:30 [INFO]: [0mGET /images/hero/monstera-plant.jpg [36m304[0m 0.938 ms - -[0m
2026-08-01 11:22:30 [INFO]: [0mGET /js/header.js [36m304[0m 0.927 ms - -[0m
2026-08-01 11:22:30 [INFO]: [0mGET /js/featured.js [36m304[0m 0.498 ms - -[0m
2026-08-01 11:22:30 [INFO]: [0mGET /js/why-choose.js [36m304[0m 0.708 ms - -[0m
2026-08-01 11:22:30 [INFO]: [0mGET /js/notification.js [36m304[0m 1.006 ms - -[0m
2026-08-01 11:22:30 [INFO]: [0mGET /js/footer.js [36m304[0m 0.999 ms - -[0m
2026-08-01 11:22:30 [INFO]: [0mGET /js/auth.js [36m304[0m 0.267 ms - -[0m
2026-08-01 11:22:30 [INFO]: [0mGET /images/hero/snake-plant.jpg [36m304[0m 0.444 ms - -[0m
2026-08-01 11:22:30 [INFO]: [0mGET /images/hero/peace-lily.jpg [36m304[0m 0.172 ms - -[0m
2026-08-01 11:22:30 [INFO]: [0mGET /images/hero/tulip-plant.jpg [36m304[0m 0.212 ms - -[0m
2026-08-01 11:22:30 [INFO]: [0mGET /images/hero/rubber-plant.jpg [36m304[0m 0.584 ms - -[0m
2026-08-01 11:22:30 [INFO]: [0mGET /images/hero/aloe-vera.jpg [36m304[0m 0.795 ms - -[0m
2026-08-01 11:22:30 [INFO]: [0mGET /images/hero/areca-palm.jpg [36m304[0m 0.200 ms - -[0m
2026-08-01 11:22:30 [INFO]: [0mGET /images/hero/jade-plant.jpg [36m304[0m 0.211 ms - -[0m
2026-08-01 11:22:30 [INFO]: [0mGET /images/hero/golden-pothos.jpg [36m304[0m 0.195 ms - -[0m
2026-08-01 11:22:30 [INFO]: [0mGET /%7B%20%20publicId:%20'/public/default/profile.png',%20%20url:%20'https://res.cloudinary.com/desmwasfe/image/upload/v1781973939/default-avatar_d6ofmr.png'%7D [33m404[0m 43.217 ms - 236[0m
2026-08-01 11:22:30 [INFO]: [0mGET /images/hero/fiddle-leaf-fig.jpg [36m304[0m 0.342 ms - -[0m
2026-08-01 11:22:30 [INFO]: [0mGET /css/variables.css [36m304[0m 2.031 ms - -[0m
2026-08-01 11:22:30 [INFO]: [0mGET /css/utilities.css [36m304[0m 2.511 ms - -[0m
2026-08-01 11:22:30 [INFO]: [0mGET /css/animations.css [36m304[0m 2.864 ms - -[0m
2026-08-01 11:22:30 [INFO]: [0mGET /css/announcement.css [36m304[0m 3.011 ms - -[0m
2026-08-01 11:22:30 [INFO]: [0mGET /css/header.css [36m304[0m 3.144 ms - -[0m
2026-08-01 11:22:30 [INFO]: [0mGET /css/hero.css [36m304[0m 3.131 ms - -[0m
2026-08-01 11:22:30 [INFO]: [0mGET /css/featured.css [36m304[0m 0.968 ms - -[0m
2026-08-01 11:22:30 [INFO]: [0mGET /css/why-choose.css [36m304[0m 1.178 ms - -[0m
2026-08-01 11:22:30 [INFO]: [0mGET /css/footer.css [36m304[0m 1.387 ms - -[0m
2026-08-01 11:22:30 [INFO]: [0mGET /css/auth.css [36m304[0m 1.714 ms - -[0m
2026-08-01 11:22:30 [INFO]: [0mGET /css/verify.css [36m304[0m 2.158 ms - -[0m
2026-08-01 11:22:30 [INFO]: [0mGET /images/hero/why-choose.jpg [36m304[0m 0.553 ms - -[0m
2026-08-01 11:22:30 [INFO]: [0mGET /images/logo/plantora-orgn-white.png [36m304[0m 0.711 ms - -[0m
2026-08-01 11:22:32 [INFO]: [0mGET /notifications/latest [32m200[0m 127.467 ms - 35[0m
2026-08-01 11:22:35 [ERROR]: Error: Failed to lookup view "notifications/index" in views directory "E:\Webskitters_Academy\NODE JS\final_project_node\plantora_final_project_node_ejs\views"
    at app.render (E:\Webskitters_Academy\NODE JS\final_project_node\plantora_final_project_node_ejs\node_modules\express\lib\application.js:562:17)
    at ServerResponse.render (E:\Webskitters_Academy\NODE JS\final_project_node\plantora_final_project_node_ejs\node_modules\express\lib\response.js:923:7)
    at showNotificationsPage (E:\Webskitters_Academy\NODE JS\final_project_node\plantora_final_project_node_ejs\app\controllers\NotificationController.js:35:18)
    at process.processTicksAndRejections (node:internal/process/task_queues:103:5)
2026-08-01 11:22:35 [INFO]: [0mGET /notifications [31m500[0m 129.260 ms - 220[0m
2026-08-01 11:23:04 [INFO]: [0mGET /notifications/latest [36m304[0m 126.475 ms - -[0m
2026-08-01 11:23:05 [INFO]: [0mGET / [32m200[0m 58.497 ms - -[0m
2026-08-01 11:23:05 [INFO]: [0mGET /css/style.css [36m304[0m 0.394 ms - -[0m
2026-08-01 11:23:05 [INFO]: [0mGET /images/logo/plantora.png [36m304[0m 0.338 ms - -[0m
2026-08-01 11:23:05 [INFO]: [0mGET /images/hero/hero-placeholder.png [36m304[0m 1.154 ms - -[0m
2026-08-01 11:23:05 [INFO]: [0mGET /js/featured.js [36m304[0m 1.073 ms - -[0m
2026-08-01 11:23:05 [INFO]: [0mGET /images/hero/monstera-plant.jpg [36m304[0m 1.265 ms - -[0m
2026-08-01 11:23:05 [INFO]: [0mGET /js/header.js [36m304[0m 1.196 ms - -[0m
2026-08-01 11:23:05 [INFO]: [0mGET /js/why-choose.js [36m304[0m 0.451 ms - -[0m
2026-08-01 11:23:05 [INFO]: [0mGET /js/notification.js [36m304[0m 0.612 ms - -[0m
2026-08-01 11:23:05 [INFO]: [0mGET /js/footer.js [36m304[0m 1.478 ms - -[0m
2026-08-01 11:23:05 [INFO]: [0mGET /js/auth.js [36m304[0m 1.020 ms - -[0m
2026-08-01 11:23:05 [INFO]: [0mGET /images/hero/snake-plant.jpg [36m304[0m 1.121 ms - -[0m
2026-08-01 11:23:05 [INFO]: [0mGET /images/hero/peace-lily.jpg [36m304[0m 0.644 ms - -[0m
2026-08-01 11:23:05 [INFO]: [0mGET /images/hero/tulip-plant.jpg [36m304[0m 0.873 ms - -[0m
2026-08-01 11:23:05 [INFO]: [0mGET /images/hero/rubber-plant.jpg [36m304[0m 0.549 ms - -[0m
2026-08-01 11:23:05 [INFO]: [0mGET /images/hero/aloe-vera.jpg [36m304[0m 0.990 ms - -[0m
2026-08-01 11:23:05 [INFO]: [0mGET /css/variables.css [36m304[0m 1.150 ms - -[0m
2026-08-01 11:23:05 [INFO]: [0mGET /css/utilities.css [36m304[0m 0.898 ms - -[0m
2026-08-01 11:23:05 [INFO]: [0mGET /css/animations.css [36m304[0m 1.002 ms - -[0m
2026-08-01 11:23:05 [INFO]: [0mGET /css/announcement.css [36m304[0m 0.419 ms - -[0m
2026-08-01 11:23:05 [INFO]: [0mGET /css/header.css [36m304[0m 1.638 ms - -[0m
2026-08-01 11:23:05 [INFO]: [0mGET /css/hero.css [36m304[0m 1.643 ms - -[0m
2026-08-01 11:23:05 [INFO]: [0mGET /css/featured.css [36m304[0m 2.071 ms - -[0m
2026-08-01 11:23:05 [INFO]: [0mGET /css/why-choose.css [36m304[0m 3.865 ms - -[0m
2026-08-01 11:23:05 [INFO]: [0mGET /css/footer.css [36m304[0m 1.792 ms - -[0m
2026-08-01 11:23:05 [INFO]: [0mGET /css/auth.css [36m304[0m 0.714 ms - -[0m
2026-08-01 11:23:05 [INFO]: [0mGET /css/verify.css [36m304[0m 0.924 ms - -[0m
2026-08-01 11:23:05 [INFO]: [0mGET /images/hero/areca-palm.jpg [36m304[0m 1.126 ms - -[0m
2026-08-01 11:23:05 [INFO]: [0mGET /images/hero/jade-plant.jpg [36m304[0m 0.391 ms - -[0m
2026-08-01 11:23:05 [INFO]: [0mGET /images/hero/golden-pothos.jpg [36m304[0m 0.651 ms - -[0m
2026-08-01 11:23:05 [INFO]: [0mGET /images/hero/fiddle-leaf-fig.jpg [36m304[0m 0.620 ms - -[0m
2026-08-01 11:23:05 [INFO]: [0mGET /images/hero/why-choose.jpg [36m304[0m 0.885 ms - -[0m
2026-08-01 11:23:05 [INFO]: [0mGET /images/logo/plantora-orgn-white.png [36m304[0m 1.156 ms - -[0m
2026-08-01 11:23:05 [INFO]: [0mGET /%7B%20%20publicId:%20'/public/default/profile.png',%20%20url:%20'https://res.cloudinary.com/desmwasfe/image/upload/v1781973939/default-avatar_d6ofmr.png'%7D [33m404[0m 45.418 ms - 236[0m
2026-08-01 11:23:06 [INFO]: [0mGET /notifications/latest [36m304[0m 122.454 ms - -[0m
2026-08-01 11:23:14 [INFO]: [0mGET / [32m200[0m 53.441 ms - -[0m
2026-08-01 11:23:14 [INFO]: [0mGET /css/style.css [36m304[0m 0.915 ms - -[0m
2026-08-01 11:23:14 [INFO]: [0mGET /images/logo/plantora.png [36m304[0m 1.046 ms - -[0m
2026-08-01 11:23:14 [INFO]: [0mGET /images/hero/hero-placeholder.png [36m304[0m 0.373 ms - -[0m
2026-08-01 11:23:14 [INFO]: [0mGET /images/hero/monstera-plant.jpg [36m304[0m 0.559 ms - -[0m
2026-08-01 11:23:14 [INFO]: [0mGET /js/header.js [36m304[0m 0.722 ms - -[0m
2026-08-01 11:23:14 [INFO]: [0mGET /js/featured.js [36m304[0m 0.999 ms - -[0m
2026-08-01 11:23:14 [INFO]: [0mGET /css/variables.css [36m304[0m 1.603 ms - -[0m
2026-08-01 11:23:14 [INFO]: [0mGET /css/utilities.css [36m304[0m 1.123 ms - -[0m
2026-08-01 11:23:14 [INFO]: [0mGET /css/animations.css [36m304[0m 1.401 ms - -[0m
2026-08-01 11:23:14 [INFO]: [0mGET /css/announcement.css [36m304[0m 0.563 ms - -[0m
2026-08-01 11:23:14 [INFO]: [0mGET /css/header.css [36m304[0m 0.773 ms - -[0m
2026-08-01 11:23:14 [INFO]: [0mGET /css/hero.css [36m304[0m 1.334 ms - -[0m
2026-08-01 11:23:14 [INFO]: [0mGET /css/featured.css [36m304[0m 0.748 ms - -[0m
2026-08-01 11:23:14 [INFO]: [0mGET /css/why-choose.css [36m304[0m 1.623 ms - -[0m
2026-08-01 11:23:14 [INFO]: [0mGET /css/footer.css [36m304[0m 1.117 ms - -[0m
2026-08-01 11:23:14 [INFO]: [0mGET /css/auth.css [36m304[0m 1.401 ms - -[0m
2026-08-01 11:23:14 [INFO]: [0mGET /css/verify.css [36m304[0m 0.885 ms - -[0m
2026-08-01 11:23:14 [INFO]: [0mGET /js/why-choose.js [36m304[0m 1.264 ms - -[0m
2026-08-01 11:23:14 [INFO]: [0mGET /js/notification.js [36m304[0m 0.543 ms - -[0m
2026-08-01 11:23:14 [INFO]: [0mGET /js/footer.js [36m304[0m 0.513 ms - -[0m
2026-08-01 11:23:14 [INFO]: [0mGET /js/auth.js [36m304[0m 0.684 ms - -[0m
2026-08-01 11:23:14 [INFO]: [0mGET /images/hero/snake-plant.jpg [36m304[0m 0.857 ms - -[0m
2026-08-01 11:23:14 [INFO]: [0mGET /images/hero/peace-lily.jpg [36m304[0m 0.366 ms - -[0m
2026-08-01 11:23:14 [INFO]: [0mGET /images/hero/tulip-plant.jpg [36m304[0m 0.855 ms - -[0m
2026-08-01 11:23:14 [INFO]: [0mGET /images/hero/rubber-plant.jpg [36m304[0m 0.928 ms - -[0m
2026-08-01 11:23:14 [INFO]: [0mGET /images/hero/aloe-vera.jpg [36m304[0m 1.528 ms - -[0m
2026-08-01 11:23:14 [INFO]: [0mGET /images/hero/areca-palm.jpg [36m304[0m 0.572 ms - -[0m
2026-08-01 11:23:14 [INFO]: [0mGET /images/hero/jade-plant.jpg [36m304[0m 1.049 ms - -[0m
2026-08-01 11:23:14 [INFO]: [0mGET /images/hero/golden-pothos.jpg [36m304[0m 1.220 ms - -[0m
2026-08-01 11:23:14 [INFO]: [0mGET /images/hero/fiddle-leaf-fig.jpg [36m304[0m 0.908 ms - -[0m
2026-08-01 11:23:14 [INFO]: [0mGET /images/hero/why-choose.jpg [36m304[0m 0.446 ms - -[0m
2026-08-01 11:23:14 [INFO]: [0mGET /images/logo/plantora-orgn-white.png [36m304[0m 0.731 ms - -[0m
2026-08-01 11:23:14 [INFO]: [0mGET /%7B%20%20publicId:%20'/public/default/profile.png',%20%20url:%20'https://res.cloudinary.com/desmwasfe/image/upload/v1781973939/default-avatar_d6ofmr.png'%7D [33m404[0m 42.040 ms - 236[0m
2026-08-01 11:23:16 [INFO]: [0mGET /notifications/latest [36m304[0m 133.427 ms - -[0m
2026-08-01 11:23:17 [ERROR]: Error: Failed to lookup view "admin/users/customer-details" in views directory "E:\Webskitters_Academy\NODE JS\final_project_node\plantora_final_project_node_ejs\views"
    at app.render (E:\Webskitters_Academy\NODE JS\final_project_node\plantora_final_project_node_ejs\node_modules\express\lib\application.js:562:17)
    at ServerResponse.render (E:\Webskitters_Academy\NODE JS\final_project_node\plantora_final_project_node_ejs\node_modules\express\lib\response.js:923:7)
    at showCustomerDetails (E:\Webskitters_Academy\NODE JS\final_project_node\plantora_final_project_node_ejs\app\controllers\UserController.js:420:18)
    at process.processTicksAndRejections (node:internal/process/task_queues:103:5)
2026-08-01 11:23:17 [INFO]: [0mGET /admin/users/customers/6a6d6a60f97f2913105902e7 [31m500[0m 129.280 ms - 229[0m
2026-08-01 11:23:22 [INFO]: [0mGET /notifications/latest [36m304[0m 125.361 ms - -[0m
2026-08-01 11:29:09 [INFO]: MongoDB connected successfully.
2026-08-01 11:29:12 [INFO]: Email server connected successfully.
2026-08-01 11:29:12 [INFO]: Server is running on port 5132.
2026-08-01 11:29:50 [INFO]: MongoDB connected successfully.
2026-08-01 11:29:53 [INFO]: Email server connected successfully.
2026-08-01 11:29:53 [INFO]: Server is running on port 5132.
2026-08-01 11:30:21 [INFO]: MongoDB connected successfully.
2026-08-01 11:30:24 [INFO]: Email server connected successfully.
2026-08-01 11:30:24 [INFO]: Server is running on port 5132.
2026-08-01 11:30:57 [INFO]: MongoDB connected successfully.
2026-08-01 11:31:00 [INFO]: Email server connected successfully.
2026-08-01 11:31:00 [INFO]: Server is running on port 5132.
2026-08-01 11:31:06 [INFO]: [0mGET / [36m304[0m 76.267 ms - -[0m
2026-08-01 11:31:06 [INFO]: [0mGET /css/style.css [36m304[0m 1.521 ms - -[0m
2026-08-01 11:31:06 [INFO]: [0mGET /images/logo/plantora.png [36m304[0m 1.978 ms - -[0m
2026-08-01 11:31:06 [INFO]: [0mGET /images/hero/hero-placeholder.png [36m304[0m 1.721 ms - -[0m
2026-08-01 11:31:06 [INFO]: [0mGET /images/hero/monstera-plant.jpg [36m304[0m 1.919 ms - -[0m
2026-08-01 11:31:06 [INFO]: [0mGET /js/featured.js [36m304[0m 0.912 ms - -[0m
2026-08-01 11:31:06 [INFO]: [0mGET /css/variables.css [36m304[0m 1.571 ms - -[0m
2026-08-01 11:31:06 [INFO]: [0mGET /css/utilities.css [36m304[0m 1.469 ms - -[0m
2026-08-01 11:31:06 [INFO]: [0mGET /css/animations.css [36m304[0m 1.433 ms - -[0m
2026-08-01 11:31:06 [INFO]: [0mGET /css/announcement.css [36m304[0m 1.692 ms - -[0m
2026-08-01 11:31:06 [INFO]: [0mGET /css/header.css [36m304[0m 0.934 ms - -[0m
2026-08-01 11:31:06 [INFO]: [0mGET /css/hero.css [36m304[0m 1.260 ms - -[0m
2026-08-01 11:31:06 [INFO]: [0mGET /css/featured.css [36m304[0m 1.940 ms - -[0m
2026-08-01 11:31:06 [INFO]: [0mGET /js/header.js [32m200[0m 9.315 ms - -[0m
2026-08-01 11:31:06 [INFO]: [0mGET /css/why-choose.css [36m304[0m 2.350 ms - -[0m
2026-08-01 11:31:06 [INFO]: [0mGET /css/footer.css [36m304[0m 0.490 ms - -[0m
2026-08-01 11:31:06 [INFO]: [0mGET /%7B%20%20publicId:%20'/public/default/profile.png',%20%20url:%20'https://res.cloudinary.com/desmwasfe/image/upload/v1781973939/default-avatar_d6ofmr.png'%7D [33m404[0m 48.239 ms - 236[0m
2026-08-01 11:31:06 [INFO]: [0mGET /css/auth.css [36m304[0m 3.098 ms - -[0m
2026-08-01 11:31:06 [INFO]: [0mGET /css/verify.css [36m304[0m 3.353 ms - -[0m
2026-08-01 11:31:06 [INFO]: [0mGET /js/why-choose.js [36m304[0m 3.592 ms - -[0m
2026-08-01 11:31:06 [INFO]: [0mGET /js/notification.js [36m304[0m 0.262 ms - -[0m
2026-08-01 11:31:06 [INFO]: [0mGET /js/footer.js [36m304[0m 0.414 ms - -[0m
2026-08-01 11:31:06 [INFO]: [0mGET /js/auth.js [36m304[0m 0.888 ms - -[0m
2026-08-01 11:31:06 [INFO]: [0mGET /images/hero/snake-plant.jpg [36m304[0m 0.942 ms - -[0m
2026-08-01 11:31:06 [INFO]: [0mGET /images/hero/peace-lily.jpg [36m304[0m 1.024 ms - -[0m
2026-08-01 11:31:06 [INFO]: [0mGET /images/hero/tulip-plant.jpg [36m304[0m 1.228 ms - -[0m
2026-08-01 11:31:06 [INFO]: [0mGET /images/hero/rubber-plant.jpg [36m304[0m 1.589 ms - -[0m
2026-08-01 11:31:06 [INFO]: [0mGET /images/hero/aloe-vera.jpg [36m304[0m 1.790 ms - -[0m
2026-08-01 11:31:06 [INFO]: [0mGET /images/hero/areca-palm.jpg [36m304[0m 0.433 ms - -[0m
2026-08-01 11:31:06 [INFO]: [0mGET /images/hero/jade-plant.jpg [36m304[0m 0.597 ms - -[0m
2026-08-01 11:31:06 [INFO]: [0mGET /images/hero/golden-pothos.jpg [36m304[0m 0.321 ms - -[0m
2026-08-01 11:31:06 [INFO]: [0mGET /images/hero/fiddle-leaf-fig.jpg [36m304[0m 0.472 ms - -[0m
2026-08-01 11:31:06 [INFO]: [0mGET /images/hero/why-choose.jpg [36m304[0m 0.239 ms - -[0m
2026-08-01 11:31:06 [INFO]: [0mGET /images/logo/plantora-orgn-white.png [36m304[0m 0.488 ms - -[0m
2026-08-01 11:31:08 [INFO]: [0mGET /notifications/latest [36m304[0m 132.587 ms - -[0m
2026-08-01 11:31:09 [ERROR]: Failed to create audit log: AuditLog validation failed: action: `update` is not a valid enum value for path `action`.
2026-08-01 11:31:09 [INFO]: Notification marked as read by plantora-admin@yopmail.com
2026-08-01 11:31:09 [INFO]: [0mPATCH /notifications/6a6d6a75f97f2913105902ed/read?_method=PATCH [32m200[0m 182.579 ms - 57[0m
2026-08-01 11:31:09 [ERROR]: Error: Failed to lookup view "admin/users/customer-details" in views directory "E:\Webskitters_Academy\NODE JS\final_project_node\plantora_final_project_node_ejs\views"
    at app.render (E:\Webskitters_Academy\NODE JS\final_project_node\plantora_final_project_node_ejs\node_modules\express\lib\application.js:562:17)
    at ServerResponse.render (E:\Webskitters_Academy\NODE JS\final_project_node\plantora_final_project_node_ejs\node_modules\express\lib\response.js:923:7)
    at showCustomerDetails (E:\Webskitters_Academy\NODE JS\final_project_node\plantora_final_project_node_ejs\app\controllers\UserController.js:420:18)
    at process.processTicksAndRejections (node:internal/process/task_queues:103:5)
2026-08-01 11:31:09 [INFO]: [0mGET /admin/users/customers/6a6d6a60f97f2913105902e7 [31m500[0m 128.431 ms - 229[0m
2026-08-01 11:31:12 [INFO]: [0mGET /notifications/latest [32m200[0m 143.393 ms - -[0m
2026-08-01 11:31:13 [ERROR]: Failed to create audit log: AuditLog validation failed: action: `update` is not a valid enum value for path `action`.
2026-08-01 11:31:13 [INFO]: Notification marked as read by plantora-admin@yopmail.com
2026-08-01 11:31:13 [INFO]: [0mPATCH /notifications/6a6d51caf0d5222d8a4ff1d5/read?_method=PATCH [32m200[0m 196.764 ms - 57[0m
2026-08-01 11:31:14 [ERROR]: Show customer details failed: req.flash is not a function
2026-08-01 11:31:14 [ERROR]: Error: Failed to lookup view "errors/500" in views directory "E:\Webskitters_Academy\NODE JS\final_project_node\plantora_final_project_node_ejs\views"
    at app.render (E:\Webskitters_Academy\NODE JS\final_project_node\plantora_final_project_node_ejs\node_modules\express\lib\application.js:562:17)
    at ServerResponse.render (E:\Webskitters_Academy\NODE JS\final_project_node\plantora_final_project_node_ejs\node_modules\express\lib\response.js:923:7)
    at showCustomerDetails (E:\Webskitters_Academy\NODE JS\final_project_node\plantora_final_project_node_ejs\app\controllers\UserController.js:427:30)
    at process.processTicksAndRejections (node:internal/process/task_queues:103:5)
2026-08-01 11:31:14 [INFO]: [0mGET /admin/users/customers/6a6d51a6f0d5222d8a4ff1cf [31m500[0m 131.147 ms - 211[0m
2026-08-01 11:38:16 [INFO]: MongoDB connected successfully.
2026-08-01 11:38:19 [INFO]: Email server connected successfully.
2026-08-01 11:38:19 [INFO]: Server is running on port 5132.
2026-08-01 11:39:09 [INFO]: MongoDB connected successfully.
2026-08-01 11:39:11 [INFO]: Email server connected successfully.
2026-08-01 11:39:11 [INFO]: Server is running on port 5132.
2026-08-01 11:41:17 [INFO]: MongoDB connected successfully.
2026-08-01 11:41:20 [INFO]: Email server connected successfully.
2026-08-01 11:41:20 [INFO]: Server is running on port 5132.
2026-08-01 11:41:25 [INFO]: MongoDB connected successfully.
2026-08-01 11:41:26 [INFO]: MongoDB connected successfully.
2026-08-01 11:41:29 [INFO]: Email server connected successfully.
2026-08-01 11:41:29 [INFO]: Server is running on port 5132.
2026-08-01 11:41:33 [INFO]: MongoDB connected successfully.
2026-08-01 11:41:36 [INFO]: Email server connected successfully.
2026-08-01 11:41:36 [INFO]: Server is running on port 5132.
2026-08-01 11:42:02 [INFO]: MongoDB connected successfully.
2026-08-01 11:42:05 [INFO]: Email server connected successfully.
2026-08-01 11:42:05 [INFO]: Server is running on port 5132.
2026-08-01 11:42:16 [INFO]: MongoDB connected successfully.
2026-08-01 11:42:19 [INFO]: Email server connected successfully.
2026-08-01 11:42:19 [INFO]: Server is running on port 5132.
2026-08-01 11:42:21 [INFO]: MongoDB connected successfully.
2026-08-01 11:42:24 [INFO]: Email server connected successfully.
2026-08-01 11:42:24 [INFO]: Server is running on port 5132.
2026-08-01 11:42:38 [INFO]: MongoDB connected successfully.
2026-08-01 11:42:40 [INFO]: Email server connected successfully.
2026-08-01 11:42:40 [INFO]: Server is running on port 5132.
2026-08-01 11:42:53 [INFO]: MongoDB connected successfully.
2026-08-01 11:42:56 [INFO]: Email server connected successfully.
2026-08-01 11:42:56 [INFO]: Server is running on port 5132.
2026-08-01 11:42:59 [INFO]: MongoDB connected successfully.
2026-08-01 11:43:02 [INFO]: MongoDB connected successfully.
2026-08-01 11:43:03 [INFO]: MongoDB connected successfully.
2026-08-01 11:43:06 [INFO]: Email server connected successfully.
2026-08-01 11:43:06 [INFO]: Server is running on port 5132.
2026-08-01 12:11:44 [INFO]: MongoDB connected successfully.
2026-08-01 12:11:47 [INFO]: Email server connected successfully.
2026-08-01 12:11:47 [INFO]: Server is running on port 5132.
2026-08-01 12:13:03 [INFO]: MongoDB connected successfully.
2026-08-01 12:13:05 [INFO]: Email server connected successfully.
2026-08-01 12:13:05 [INFO]: Server is running on port 5132.
2026-08-01 12:13:15 [INFO]: MongoDB connected successfully.
2026-08-01 12:13:18 [INFO]: Email server connected successfully.
2026-08-01 12:13:18 [INFO]: Server is running on port 5132.
2026-08-01 12:13:50 [INFO]: MongoDB connected successfully.
2026-08-01 12:13:53 [INFO]: Email server connected successfully.
2026-08-01 12:13:53 [INFO]: Server is running on port 5132.
2026-08-01 12:14:16 [INFO]: MongoDB connected successfully.
2026-08-01 12:14:19 [INFO]: Email server connected successfully.
2026-08-01 12:14:19 [INFO]: Server is running on port 5132.
2026-08-01 12:15:51 [INFO]: MongoDB connected successfully.
2026-08-01 12:15:53 [INFO]: MongoDB connected successfully.
2026-08-01 12:15:55 [INFO]: Email server connected successfully.
2026-08-01 12:15:55 [INFO]: Server is running on port 5132.
2026-08-01 12:16:15 [INFO]: MongoDB connected successfully.
2026-08-01 12:16:18 [INFO]: Email server connected successfully.
2026-08-01 12:16:18 [INFO]: Server is running on port 5132.
2026-08-01 12:17:03 [INFO]: MongoDB connected successfully.
2026-08-01 12:17:06 [INFO]: Email server connected successfully.
2026-08-01 12:17:06 [INFO]: Server is running on port 5132.
2026-08-01 12:17:13 [INFO]: [0mGET / [36m304[0m 95.742 ms - -[0m
2026-08-01 12:17:13 [INFO]: [0mGET /css/style.css [36m304[0m 1.505 ms - -[0m
2026-08-01 12:17:13 [INFO]: [0mGET /images/logo/plantora.png [36m304[0m 1.891 ms - -[0m
2026-08-01 12:17:13 [INFO]: [0mGET /images/hero/hero-placeholder.png [36m304[0m 0.456 ms - -[0m
2026-08-01 12:17:13 [INFO]: [0mGET /images/hero/monstera-plant.jpg [36m304[0m 0.661 ms - -[0m
2026-08-01 12:17:13 [INFO]: [0mGET /js/featured.js [36m304[0m 0.471 ms - -[0m
2026-08-01 12:17:13 [INFO]: [0mGET /css/variables.css [36m304[0m 1.024 ms - -[0m
2026-08-01 12:17:13 [INFO]: [0mGET /js/header.js [32m200[0m 2.715 ms - -[0m
2026-08-01 12:17:13 [INFO]: [0mGET /css/utilities.css [36m304[0m 1.808 ms - -[0m
2026-08-01 12:17:13 [INFO]: [0mGET /css/animations.css [36m304[0m 2.095 ms - -[0m
2026-08-01 12:17:13 [INFO]: [0mGET /%7B%20%20publicId:%20'/public/default/profile.png',%20%20url:%20'https://res.cloudinary.com/desmwasfe/image/upload/v1781973939/default-avatar_d6ofmr.png'%7D [33m404[0m 38.031 ms - 236[0m
2026-08-01 12:17:13 [INFO]: [0mGET /css/header.css [36m304[0m 5.127 ms - -[0m
2026-08-01 12:17:13 [INFO]: [0mGET /css/announcement.css [36m304[0m 1.637 ms - -[0m
2026-08-01 12:17:13 [INFO]: [0mGET /css/hero.css [36m304[0m 1.178 ms - -[0m
2026-08-01 12:17:13 [INFO]: [0mGET /css/featured.css [36m304[0m 1.305 ms - -[0m
2026-08-01 12:17:13 [INFO]: [0mGET /css/why-choose.css [36m304[0m 1.446 ms - -[0m
2026-08-01 12:17:13 [INFO]: [0mGET /css/footer.css [36m304[0m 1.570 ms - -[0m
2026-08-01 12:17:13 [INFO]: [0mGET /css/auth.css [36m304[0m 0.487 ms - -[0m
2026-08-01 12:17:13 [INFO]: [0mGET /css/verify.css [36m304[0m 0.772 ms - -[0m
2026-08-01 12:17:13 [INFO]: [0mGET /js/why-choose.js [36m304[0m 0.305 ms - -[0m
2026-08-01 12:17:13 [INFO]: [0mGET /js/notification.js [36m304[0m 0.473 ms - -[0m
2026-08-01 12:17:13 [INFO]: [0mGET /js/footer.js [36m304[0m 0.712 ms - -[0m
2026-08-01 12:17:13 [INFO]: [0mGET /js/auth.js [36m304[0m 0.494 ms - -[0m
2026-08-01 12:17:13 [INFO]: [0mGET /images/hero/snake-plant.jpg [36m304[0m 0.582 ms - -[0m
2026-08-01 12:17:13 [INFO]: [0mGET /images/hero/peace-lily.jpg [36m304[0m 0.241 ms - -[0m
2026-08-01 12:17:13 [INFO]: [0mGET /images/hero/tulip-plant.jpg [36m304[0m 0.585 ms - -[0m
2026-08-01 12:17:13 [INFO]: [0mGET /images/hero/rubber-plant.jpg [36m304[0m 0.664 ms - -[0m
2026-08-01 12:17:13 [INFO]: [0mGET /images/hero/aloe-vera.jpg [36m304[0m 0.192 ms - -[0m
2026-08-01 12:17:13 [INFO]: [0mGET /images/hero/areca-palm.jpg [36m304[0m 0.254 ms - -[0m
2026-08-01 12:17:13 [INFO]: [0mGET /images/hero/jade-plant.jpg [36m304[0m 0.135 ms - -[0m
2026-08-01 12:17:13 [INFO]: [0mGET /images/hero/golden-pothos.jpg [36m304[0m 0.233 ms - -[0m
2026-08-01 12:17:13 [INFO]: [0mGET /images/hero/fiddle-leaf-fig.jpg [36m304[0m 0.334 ms - -[0m
2026-08-01 12:17:13 [INFO]: [0mGET /images/hero/why-choose.jpg [36m304[0m 0.169 ms - -[0m
2026-08-01 12:17:13 [INFO]: [0mGET /images/logo/plantora-orgn-white.png [36m304[0m 0.364 ms - -[0m
2026-08-01 12:17:15 [INFO]: [0mGET /notifications/latest [32m200[0m 110.597 ms - -[0m
2026-08-01 12:17:18 [INFO]: [0mGET /notifications/latest [36m304[0m 111.672 ms - -[0m
2026-08-01 12:17:22 [INFO]: [0mGET /cart [33m403[0m 70.509 ms - 80[0m
2026-08-01 12:17:25 [INFO]: [0mGET /notifications/latest [36m304[0m 107.638 ms - -[0m
2026-08-01 12:17:27 [ERROR]: Failed to create audit log: AuditLog validation failed: action: `update` is not a valid enum value for path `action`.
2026-08-01 12:17:27 [INFO]: Notification marked as read by plantora-admin@yopmail.com
2026-08-01 12:17:27 [INFO]: [0mPATCH /notifications/6a6d490853ea055c844efe50/read?_method=PATCH [32m200[0m 150.856 ms - 57[0m
2026-08-01 12:17:28 [INFO]: [0mGET /notifications/latest [32m200[0m 113.942 ms - -[0m
2026-08-01 12:17:37 [INFO]: Logout successful : customer_0004@yopmail.com
2026-08-01 12:17:37 [INFO]: [0mPOST /auth/logout [36m302[0m 216.248 ms - 30[0m
2026-08-01 12:17:37 [INFO]: [0mGET / [32m200[0m 9.075 ms - -[0m
2026-08-01 12:17:37 [INFO]: [0mGET /css/style.css [36m304[0m 0.288 ms - -[0m
2026-08-01 12:17:37 [INFO]: [0mGET /images/logo/plantora.png [36m304[0m 0.576 ms - -[0m
2026-08-01 12:17:37 [INFO]: [0mGET /images/hero/hero-placeholder.png [36m304[0m 0.793 ms - -[0m
2026-08-01 12:17:37 [INFO]: [0mGET /images/hero/peace-lily.jpg [36m304[0m 0.471 ms - -[0m
2026-08-01 12:17:37 [INFO]: [0mGET /images/hero/monstera-plant.jpg [36m304[0m 0.442 ms - -[0m
2026-08-01 12:17:37 [INFO]: [0mGET /images/hero/snake-plant.jpg [36m304[0m 0.992 ms - -[0m
2026-08-01 12:17:37 [INFO]: [0mGET /js/featured.js [36m304[0m 0.235 ms - -[0m
2026-08-01 12:17:37 [INFO]: [0mGET /js/header.js [32m200[0m 1.025 ms - -[0m
2026-08-01 12:17:37 [INFO]: [0mGET /js/why-choose.js [36m304[0m 0.202 ms - -[0m
2026-08-01 12:17:37 [INFO]: [0mGET /js/notification.js [36m304[0m 0.217 ms - -[0m
2026-08-01 12:17:37 [INFO]: [0mGET /js/footer.js [36m304[0m 0.195 ms - -[0m
2026-08-01 12:17:37 [INFO]: [0mGET /js/auth.js [36m304[0m 0.606 ms - -[0m
2026-08-01 12:17:37 [INFO]: [0mGET /images/hero/tulip-plant.jpg [36m304[0m 0.880 ms - -[0m
2026-08-01 12:17:37 [INFO]: [0mGET /images/hero/rubber-plant.jpg [36m304[0m 1.111 ms - -[0m
2026-08-01 12:17:37 [INFO]: [0mGET /images/hero/aloe-vera.jpg [36m304[0m 1.582 ms - -[0m
2026-08-01 12:17:37 [INFO]: [0mGET /css/variables.css [36m304[0m 1.437 ms - -[0m
2026-08-01 12:17:37 [INFO]: [0mGET /css/animations.css [36m304[0m 1.000 ms - -[0m
2026-08-01 12:17:37 [INFO]: [0mGET /css/announcement.css [36m304[0m 1.159 ms - -[0m
2026-08-01 12:17:37 [INFO]: [0mGET /css/utilities.css [36m304[0m 1.252 ms - -[0m
2026-08-01 12:17:37 [INFO]: [0mGET /css/header.css [36m304[0m 1.517 ms - -[0m
2026-08-01 12:17:37 [INFO]: [0mGET /css/hero.css [36m304[0m 0.416 ms - -[0m
2026-08-01 12:17:37 [INFO]: [0mGET /css/featured.css [36m304[0m 0.336 ms - -[0m
2026-08-01 12:17:37 [INFO]: [0mGET /css/why-choose.css [36m304[0m 0.560 ms - -[0m
2026-08-01 12:17:37 [INFO]: [0mGET /css/footer.css [36m304[0m 0.779 ms - -[0m
2026-08-01 12:17:37 [INFO]: [0mGET /css/auth.css [36m304[0m 1.105 ms - -[0m
2026-08-01 12:17:37 [INFO]: [0mGET /css/verify.css [36m304[0m 0.382 ms - -[0m
2026-08-01 12:17:37 [INFO]: [0mGET /images/hero/areca-palm.jpg [36m304[0m 0.334 ms - -[0m
2026-08-01 12:17:37 [INFO]: [0mGET /images/hero/jade-plant.jpg [36m304[0m 0.494 ms - -[0m
2026-08-01 12:17:37 [INFO]: [0mGET /images/hero/golden-pothos.jpg [36m304[0m 0.162 ms - -[0m
2026-08-01 12:17:37 [INFO]: [0mGET /images/hero/fiddle-leaf-fig.jpg [36m304[0m 0.322 ms - -[0m
2026-08-01 12:17:37 [INFO]: [0mGET /images/hero/why-choose.jpg [36m304[0m 0.496 ms - -[0m
2026-08-01 12:17:37 [INFO]: [0mGET /images/logo/plantora-orgn-white.png [36m304[0m 0.816 ms - -[0m
2026-08-01 12:18:15 [INFO]: Email sent successfully to 'customer_0004@yopmail.com'. Subject: 'Verify Your Plantora Account'.
2026-08-01 12:18:15 [INFO]: Customer registered successfully : customer_0004@yopmail.com
2026-08-01 12:18:15 [INFO]: [0mPOST /auth/register [32m201[0m 5373.095 ms - 97[0m
2026-08-01 12:18:25 [INFO]: Email verified successfully : customer_0004@yopmail.com
2026-08-01 12:18:25 [INFO]: [0mGET /auth/verify-email/3eb18419152a9e5a17f489337ec0b86a89b9cf71dd15ce18ababff8980e0f91c [32m200[0m 184.607 ms - -[0m
2026-08-01 12:18:25 [INFO]: [0mGET /css/style.css [36m304[0m 1.390 ms - -[0m
2026-08-01 12:18:25 [INFO]: [0mGET /auth/verify-email/public/js/header.js [33m404[0m 1.943 ms - 101[0m
2026-08-01 12:18:25 [INFO]: [0mGET /js/notification.js [36m304[0m 0.621 ms - -[0m
2026-08-01 12:18:25 [INFO]: [0mGET /js/featured.js [36m304[0m 0.753 ms - -[0m
2026-08-01 12:18:25 [INFO]: [0mGET /js/why-choose.js [36m304[0m 1.063 ms - -[0m
2026-08-01 12:18:25 [INFO]: [0mGET /js/auth.js [36m304[0m 1.449 ms - -[0m
2026-08-01 12:18:25 [INFO]: [0mGET /js/footer.js [36m304[0m 0.395 ms - -[0m
2026-08-01 12:18:25 [INFO]: [0mGET /js/verify.js [36m304[0m 0.902 ms - -[0m
2026-08-01 12:18:25 [INFO]: [0mGET /css/variables.css [36m304[0m 0.521 ms - -[0m
2026-08-01 12:18:25 [INFO]: [0mGET /css/utilities.css [36m304[0m 0.853 ms - -[0m
2026-08-01 12:18:25 [INFO]: [0mGET /css/animations.css [36m304[0m 0.993 ms - -[0m
2026-08-01 12:18:25 [INFO]: [0mGET /css/announcement.css [36m304[0m 1.152 ms - -[0m
2026-08-01 12:18:25 [INFO]: [0mGET /css/header.css [36m304[0m 1.365 ms - -[0m
2026-08-01 12:18:25 [INFO]: [0mGET /css/hero.css [36m304[0m 1.672 ms - -[0m
2026-08-01 12:18:25 [INFO]: [0mGET /css/featured.css [36m304[0m 0.404 ms - -[0m
2026-08-01 12:18:25 [INFO]: [0mGET /css/why-choose.css [36m304[0m 0.857 ms - -[0m
2026-08-01 12:18:25 [INFO]: [0mGET /css/footer.css [36m304[0m 1.003 ms - -[0m
2026-08-01 12:18:25 [INFO]: [0mGET /css/auth.css [36m304[0m 0.771 ms - -[0m
2026-08-01 12:18:25 [INFO]: [0mGET /css/verify.css [36m304[0m 0.944 ms - -[0m
2026-08-01 12:18:30 [INFO]: [0mGET /?openLogin=true [32m200[0m 7.615 ms - -[0m
2026-08-01 12:18:30 [INFO]: [0mGET /css/style.css [36m304[0m 0.324 ms - -[0m
2026-08-01 12:18:30 [INFO]: [0mGET /images/logo/plantora.png [36m304[0m 0.679 ms - -[0m
2026-08-01 12:18:30 [INFO]: [0mGET /images/hero/hero-placeholder.png [36m304[0m 0.937 ms - -[0m
2026-08-01 12:18:30 [INFO]: [0mGET /images/hero/monstera-plant.jpg [36m304[0m 0.664 ms - -[0m
2026-08-01 12:18:30 [INFO]: [0mGET /images/hero/snake-plant.jpg [36m304[0m 0.868 ms - -[0m
2026-08-01 12:18:30 [INFO]: [0mGET /images/hero/peace-lily.jpg [36m304[0m 1.260 ms - -[0m
2026-08-01 12:18:30 [INFO]: [0mGET /js/header.js [36m304[0m 0.205 ms - -[0m
2026-08-01 12:18:30 [INFO]: [0mGET /js/featured.js [36m304[0m 0.136 ms - -[0m
2026-08-01 12:18:30 [INFO]: [0mGET /js/why-choose.js [36m304[0m 0.104 ms - -[0m
2026-08-01 12:18:30 [INFO]: [0mGET /js/notification.js [36m304[0m 0.156 ms - -[0m
2026-08-01 12:18:30 [INFO]: [0mGET /js/footer.js [36m304[0m 0.122 ms - -[0m
2026-08-01 12:18:30 [INFO]: [0mGET /js/auth.js [36m304[0m 0.102 ms - -[0m
2026-08-01 12:18:30 [INFO]: [0mGET /images/hero/tulip-plant.jpg [36m304[0m 0.147 ms - -[0m
2026-08-01 12:18:30 [INFO]: [0mGET /images/hero/rubber-plant.jpg [36m304[0m 0.176 ms - -[0m
2026-08-01 12:18:30 [INFO]: [0mGET /images/hero/aloe-vera.jpg [36m304[0m 0.292 ms - -[0m
2026-08-01 12:18:30 [INFO]: [0mGET /images/hero/areca-palm.jpg [36m304[0m 0.089 ms - -[0m
2026-08-01 12:18:30 [INFO]: [0mGET /images/hero/jade-plant.jpg [36m304[0m 0.124 ms - -[0m
2026-08-01 12:18:30 [INFO]: [0mGET /images/hero/golden-pothos.jpg [36m304[0m 0.151 ms - -[0m
2026-08-01 12:18:30 [INFO]: [0mGET /images/hero/fiddle-leaf-fig.jpg [36m304[0m 0.111 ms - -[0m
2026-08-01 12:18:30 [INFO]: [0mGET /images/hero/why-choose.jpg [36m304[0m 0.118 ms - -[0m
2026-08-01 12:18:30 [INFO]: [0mGET /css/variables.css [36m304[0m 1.843 ms - -[0m
2026-08-01 12:18:30 [INFO]: [0mGET /css/utilities.css [36m304[0m 2.204 ms - -[0m
2026-08-01 12:18:30 [INFO]: [0mGET /css/animations.css [36m304[0m 2.476 ms - -[0m
2026-08-01 12:18:30 [INFO]: [0mGET /css/announcement.css [36m304[0m 2.544 ms - -[0m
2026-08-01 12:18:30 [INFO]: [0mGET /css/header.css [36m304[0m 2.495 ms - -[0m
2026-08-01 12:18:30 [INFO]: [0mGET /css/hero.css [36m304[0m 2.470 ms - -[0m
2026-08-01 12:18:30 [INFO]: [0mGET /css/featured.css [36m304[0m 1.626 ms - -[0m
2026-08-01 12:18:30 [INFO]: [0mGET /css/why-choose.css [36m304[0m 2.034 ms - -[0m
2026-08-01 12:18:30 [INFO]: [0mGET /css/footer.css [36m304[0m 2.373 ms - -[0m
2026-08-01 12:18:30 [INFO]: [0mGET /css/auth.css [36m304[0m 2.629 ms - -[0m
2026-08-01 12:18:30 [INFO]: [0mGET /css/verify.css [36m304[0m 2.549 ms - -[0m
2026-08-01 12:18:30 [INFO]: [0mGET /images/logo/plantora-orgn-white.png [36m304[0m 0.175 ms - -[0m
2026-08-01 12:18:44 [INFO]: [0mGET / [36m304[0m 61.634 ms - -[0m
2026-08-01 12:18:44 [INFO]: [0mGET /css/style.css [36m304[0m 0.304 ms - -[0m
2026-08-01 12:18:44 [INFO]: [0mGET /images/logo/plantora.png [36m304[0m 0.142 ms - -[0m
2026-08-01 12:18:44 [INFO]: [0mGET /images/hero/hero-placeholder.png [36m304[0m 0.261 ms - -[0m
2026-08-01 12:18:44 [INFO]: [0mGET /images/hero/monstera-plant.jpg [36m304[0m 0.492 ms - -[0m
2026-08-01 12:18:44 [INFO]: [0mGET /js/header.js [36m304[0m 0.210 ms - -[0m
2026-08-01 12:18:44 [INFO]: [0mGET /js/featured.js [36m304[0m 0.426 ms - -[0m
2026-08-01 12:18:44 [INFO]: [0mGET /js/why-choose.js [36m304[0m 0.170 ms - -[0m
2026-08-01 12:18:44 [INFO]: [0mGET /js/notification.js [36m304[0m 0.283 ms - -[0m
2026-08-01 12:18:44 [INFO]: [0mGET /js/footer.js [36m304[0m 0.377 ms - -[0m
2026-08-01 12:18:44 [INFO]: [0mGET /css/variables.css [36m304[0m 0.276 ms - -[0m
2026-08-01 12:18:44 [INFO]: [0mGET /css/utilities.css [36m304[0m 0.698 ms - -[0m
2026-08-01 12:18:44 [INFO]: [0mGET /css/announcement.css [36m304[0m 0.541 ms - -[0m
2026-08-01 12:18:44 [INFO]: [0mGET /css/header.css [36m304[0m 0.595 ms - -[0m
2026-08-01 12:18:44 [INFO]: [0mGET /css/animations.css [36m304[0m 0.807 ms - -[0m
2026-08-01 12:18:44 [INFO]: [0mGET /css/hero.css [36m304[0m 0.738 ms - -[0m
2026-08-01 12:18:44 [INFO]: [0mGET /css/featured.css [36m304[0m 1.008 ms - -[0m
2026-08-01 12:18:44 [INFO]: [0mGET /css/why-choose.css [36m304[0m 0.935 ms - -[0m
2026-08-01 12:18:44 [INFO]: [0mGET /css/footer.css [36m304[0m 0.826 ms - -[0m
2026-08-01 12:18:44 [INFO]: [0mGET /css/auth.css [36m304[0m 1.113 ms - -[0m
2026-08-01 12:18:44 [INFO]: [0mGET /css/verify.css [36m304[0m 0.723 ms - -[0m
2026-08-01 12:18:44 [INFO]: [0mGET /js/auth.js [36m304[0m 0.292 ms - -[0m
2026-08-01 12:18:44 [INFO]: [0mGET /images/hero/snake-plant.jpg [36m304[0m 0.393 ms - -[0m
2026-08-01 12:18:44 [INFO]: [0mGET /images/hero/peace-lily.jpg [36m304[0m 0.407 ms - -[0m
2026-08-01 12:18:44 [INFO]: [0mGET /images/hero/tulip-plant.jpg [36m304[0m 0.137 ms - -[0m
2026-08-01 12:18:44 [INFO]: [0mGET /images/hero/rubber-plant.jpg [36m304[0m 0.206 ms - -[0m
2026-08-01 12:18:44 [INFO]: [0mGET /images/hero/aloe-vera.jpg [36m304[0m 0.323 ms - -[0m
2026-08-01 12:18:44 [INFO]: [0mGET /images/hero/areca-palm.jpg [36m304[0m 0.355 ms - -[0m
2026-08-01 12:18:44 [INFO]: [0mGET /images/hero/jade-plant.jpg [36m304[0m 0.573 ms - -[0m
2026-08-01 12:18:44 [INFO]: [0mGET /%7B%20%20publicId:%20'/public/default/profile.png',%20%20url:%20'https://res.cloudinary.com/desmwasfe/image/upload/v1781973939/default-avatar_d6ofmr.png'%7D [33m404[0m 34.510 ms - 236[0m
2026-08-01 12:18:44 [INFO]: [0mGET /images/hero/golden-pothos.jpg [36m304[0m 0.225 ms - -[0m
2026-08-01 12:18:44 [INFO]: [0mGET /images/hero/fiddle-leaf-fig.jpg [36m304[0m 0.350 ms - -[0m
2026-08-01 12:18:44 [INFO]: [0mGET /images/hero/why-choose.jpg [36m304[0m 0.495 ms - -[0m
2026-08-01 12:18:44 [INFO]: [0mGET /images/logo/plantora-orgn-white.png [36m304[0m 0.452 ms - -[0m
2026-08-01 12:18:46 [INFO]: Logout successful : plantora-admin@yopmail.com
2026-08-01 12:18:46 [INFO]: [0mPOST /auth/logout [36m302[0m 180.698 ms - 30[0m
2026-08-01 12:18:46 [INFO]: [0mGET / [32m200[0m 5.983 ms - -[0m
2026-08-01 12:18:46 [INFO]: [0mGET /css/style.css [36m304[0m 0.523 ms - -[0m
2026-08-01 12:18:46 [INFO]: [0mGET /images/logo/plantora.png [36m304[0m 0.965 ms - -[0m
2026-08-01 12:18:46 [INFO]: [0mGET /images/hero/hero-placeholder.png [36m304[0m 1.391 ms - -[0m
2026-08-01 12:18:46 [INFO]: [0mGET /images/hero/monstera-plant.jpg [36m304[0m 0.267 ms - -[0m
2026-08-01 12:18:46 [INFO]: [0mGET /images/hero/snake-plant.jpg [36m304[0m 0.533 ms - -[0m
2026-08-01 12:18:46 [INFO]: [0mGET /images/hero/peace-lily.jpg [36m304[0m 0.827 ms - -[0m
2026-08-01 12:18:46 [INFO]: [0mGET /js/header.js [36m304[0m 0.962 ms - -[0m
2026-08-01 12:18:46 [INFO]: [0mGET /js/featured.js [36m304[0m 1.374 ms - -[0m
2026-08-01 12:18:46 [INFO]: [0mGET /css/variables.css [36m304[0m 0.299 ms - -[0m
2026-08-01 12:18:46 [INFO]: [0mGET /css/utilities.css [36m304[0m 0.807 ms - -[0m
2026-08-01 12:18:46 [INFO]: [0mGET /css/animations.css [36m304[0m 0.828 ms - -[0m
2026-08-01 12:18:46 [INFO]: [0mGET /css/announcement.css [36m304[0m 0.628 ms - -[0m
2026-08-01 12:18:46 [INFO]: [0mGET /css/header.css [36m304[0m 0.757 ms - -[0m
2026-08-01 12:18:46 [INFO]: [0mGET /css/hero.css [36m304[0m 1.308 ms - -[0m
2026-08-01 12:18:46 [INFO]: [0mGET /css/featured.css [36m304[0m 0.668 ms - -[0m
2026-08-01 12:18:46 [INFO]: [0mGET /css/why-choose.css [36m304[0m 0.378 ms - -[0m
2026-08-01 12:18:46 [INFO]: [0mGET /css/footer.css [36m304[0m 0.562 ms - -[0m
2026-08-01 12:18:46 [INFO]: [0mGET /css/auth.css [36m304[0m 0.830 ms - -[0m
2026-08-01 12:18:46 [INFO]: [0mGET /css/verify.css [36m304[0m 0.992 ms - -[0m
2026-08-01 12:18:46 [INFO]: [0mGET /js/why-choose.js [36m304[0m 0.504 ms - -[0m
2026-08-01 12:18:46 [INFO]: [0mGET /js/notification.js [36m304[0m 0.804 ms - -[0m
2026-08-01 12:18:46 [INFO]: [0mGET /js/footer.js [36m304[0m 1.492 ms - -[0m
2026-08-01 12:18:46 [INFO]: [0mGET /js/auth.js [36m304[0m 0.896 ms - -[0m
2026-08-01 12:18:46 [INFO]: [0mGET /images/hero/tulip-plant.jpg [36m304[0m 0.709 ms - -[0m
2026-08-01 12:18:46 [INFO]: [0mGET /images/hero/rubber-plant.jpg [36m304[0m 1.014 ms - -[0m
2026-08-01 12:18:46 [INFO]: [0mGET /images/hero/aloe-vera.jpg [36m304[0m 0.670 ms - -[0m
2026-08-01 12:18:46 [INFO]: [0mGET /images/hero/areca-palm.jpg [36m304[0m 0.449 ms - -[0m
2026-08-01 12:18:46 [INFO]: [0mGET /images/hero/jade-plant.jpg [36m304[0m 0.973 ms - -[0m
2026-08-01 12:18:46 [INFO]: [0mGET /images/hero/golden-pothos.jpg [36m304[0m 0.169 ms - -[0m
2026-08-01 12:18:46 [INFO]: [0mGET /images/hero/fiddle-leaf-fig.jpg [36m304[0m 0.422 ms - -[0m
2026-08-01 12:18:46 [INFO]: [0mGET /images/hero/why-choose.jpg [36m304[0m 0.540 ms - -[0m
2026-08-01 12:18:46 [INFO]: [0mGET /images/logo/plantora-orgn-white.png [36m304[0m 0.705 ms - -[0m
2026-08-01 12:18:50 [INFO]: Login successful : plantora-admin@yopmail.com
2026-08-01 12:18:50 [INFO]: [0mPOST /auth/login [32m200[0m 418.698 ms - 46[0m
2026-08-01 12:18:51 [INFO]: [0mGET / [32m200[0m 42.009 ms - -[0m
2026-08-01 12:18:51 [INFO]: [0mGET /css/style.css [36m304[0m 0.841 ms - -[0m
2026-08-01 12:18:51 [INFO]: [0mGET /images/logo/plantora.png [36m304[0m 0.835 ms - -[0m
2026-08-01 12:18:51 [INFO]: [0mGET /images/hero/hero-placeholder.png [36m304[0m 1.640 ms - -[0m
2026-08-01 12:18:51 [INFO]: [0mGET /images/hero/monstera-plant.jpg [36m304[0m 2.111 ms - -[0m
2026-08-01 12:18:51 [INFO]: [0mGET /js/header.js [36m304[0m 0.469 ms - -[0m
2026-08-01 12:18:51 [INFO]: [0mGET /css/variables.css [36m304[0m 0.551 ms - -[0m
2026-08-01 12:18:51 [INFO]: [0mGET /css/utilities.css [36m304[0m 0.641 ms - -[0m
2026-08-01 12:18:51 [INFO]: [0mGET /css/animations.css [36m304[0m 0.771 ms - -[0m
2026-08-01 12:18:51 [INFO]: [0mGET /css/announcement.css [36m304[0m 0.225 ms - -[0m
2026-08-01 12:18:51 [INFO]: [0mGET /css/header.css [36m304[0m 0.328 ms - -[0m
2026-08-01 12:18:51 [INFO]: [0mGET /css/hero.css [36m304[0m 0.450 ms - -[0m
2026-08-01 12:18:51 [INFO]: [0mGET /css/featured.css [36m304[0m 0.233 ms - -[0m
2026-08-01 12:18:51 [INFO]: [0mGET /css/why-choose.css [36m304[0m 0.404 ms - -[0m
2026-08-01 12:18:51 [INFO]: [0mGET /css/footer.css [36m304[0m 0.172 ms - -[0m
2026-08-01 12:18:51 [INFO]: [0mGET /css/auth.css [36m304[0m 0.584 ms - -[0m
2026-08-01 12:18:51 [INFO]: [0mGET /css/verify.css [36m304[0m 0.526 ms - -[0m
2026-08-01 12:18:51 [INFO]: [0mGET /js/featured.js [36m304[0m 0.238 ms - -[0m
2026-08-01 12:18:51 [INFO]: [0mGET /js/why-choose.js [36m304[0m 0.295 ms - -[0m
2026-08-01 12:18:51 [INFO]: [0mGET /js/notification.js [36m304[0m 0.173 ms - -[0m
2026-08-01 12:18:51 [INFO]: [0mGET /js/footer.js [36m304[0m 0.274 ms - -[0m
2026-08-01 12:18:51 [INFO]: [0mGET /js/auth.js [36m304[0m 0.122 ms - -[0m
2026-08-01 12:18:51 [INFO]: [0mGET /images/hero/snake-plant.jpg [36m304[0m 0.584 ms - -[0m
2026-08-01 12:18:51 [INFO]: [0mGET /images/hero/peace-lily.jpg [36m304[0m 0.799 ms - -[0m
2026-08-01 12:18:51 [INFO]: [0mGET /images/hero/tulip-plant.jpg [36m304[0m 0.412 ms - -[0m
2026-08-01 12:18:51 [INFO]: [0mGET /images/hero/rubber-plant.jpg [36m304[0m 0.568 ms - -[0m
2026-08-01 12:18:51 [INFO]: [0mGET /images/hero/aloe-vera.jpg [36m304[0m 0.721 ms - -[0m
2026-08-01 12:18:51 [INFO]: [0mGET /images/hero/areca-palm.jpg [36m304[0m 0.198 ms - -[0m
2026-08-01 12:18:51 [INFO]: [0mGET /images/hero/jade-plant.jpg [36m304[0m 0.707 ms - -[0m
2026-08-01 12:18:51 [INFO]: [0mGET /images/hero/golden-pothos.jpg [36m304[0m 0.385 ms - -[0m
2026-08-01 12:18:51 [INFO]: [0mGET /images/hero/fiddle-leaf-fig.jpg [36m304[0m 0.188 ms - -[0m
2026-08-01 12:18:51 [INFO]: [0mGET /images/hero/why-choose.jpg [36m304[0m 0.386 ms - -[0m
2026-08-01 12:18:51 [INFO]: [0mGET /images/logo/plantora-orgn-white.png [36m304[0m 0.146 ms - -[0m
2026-08-01 12:18:51 [INFO]: [0mGET /%7B%20%20publicId:%20'/public/default/profile.png',%20%20url:%20'https://res.cloudinary.com/desmwasfe/image/upload/v1781973939/default-avatar_d6ofmr.png'%7D [33m404[0m 36.261 ms - 236[0m
2026-08-01 12:18:58 [INFO]: Login successful : customer_0004@yopmail.com
2026-08-01 12:18:58 [INFO]: [0mPOST /auth/login [32m200[0m 435.081 ms - 46[0m
2026-08-01 12:19:00 [INFO]: [0mGET /?openLogin=true [32m200[0m 43.065 ms - -[0m
2026-08-01 12:19:00 [INFO]: [0mGET /css/style.css [36m304[0m 0.287 ms - -[0m
2026-08-01 12:19:00 [INFO]: [0mGET /images/logo/plantora.png [36m304[0m 0.411 ms - -[0m
2026-08-01 12:19:00 [INFO]: [0mGET /images/hero/monstera-plant.jpg [36m304[0m 0.226 ms - -[0m
2026-08-01 12:19:00 [INFO]: [0mGET /images/hero/hero-placeholder.png [36m304[0m 0.812 ms - -[0m
2026-08-01 12:19:00 [INFO]: [0mGET /js/header.js [36m304[0m 0.207 ms - -[0m
2026-08-01 12:19:00 [INFO]: [0mGET /js/featured.js [36m304[0m 0.268 ms - -[0m
2026-08-01 12:19:00 [INFO]: [0mGET /js/why-choose.js [36m304[0m 0.411 ms - -[0m
2026-08-01 12:19:00 [INFO]: [0mGET /js/notification.js [36m304[0m 0.110 ms - -[0m
2026-08-01 12:19:00 [INFO]: [0mGET /js/footer.js [36m304[0m 0.142 ms - -[0m
2026-08-01 12:19:00 [INFO]: [0mGET /js/auth.js [36m304[0m 0.245 ms - -[0m
2026-08-01 12:19:00 [INFO]: [0mGET /images/hero/snake-plant.jpg [36m304[0m 0.368 ms - -[0m
2026-08-01 12:19:00 [INFO]: [0mGET /images/hero/peace-lily.jpg [36m304[0m 0.280 ms - -[0m
2026-08-01 12:19:00 [INFO]: [0mGET /images/hero/tulip-plant.jpg [36m304[0m 0.417 ms - -[0m
2026-08-01 12:19:00 [INFO]: [0mGET /images/hero/rubber-plant.jpg [36m304[0m 0.204 ms - -[0m
2026-08-01 12:19:00 [INFO]: [0mGET /images/hero/aloe-vera.jpg [36m304[0m 0.095 ms - -[0m
2026-08-01 12:19:00 [INFO]: [0mGET /images/hero/areca-palm.jpg [36m304[0m 0.189 ms - -[0m
2026-08-01 12:19:00 [INFO]: [0mGET /images/hero/jade-plant.jpg [36m304[0m 0.294 ms - -[0m
2026-08-01 12:19:00 [INFO]: [0mGET /images/hero/golden-pothos.jpg [36m304[0m 0.300 ms - -[0m
2026-08-01 12:19:00 [INFO]: [0mGET /css/variables.css [36m304[0m 0.834 ms - -[0m
2026-08-01 12:19:00 [INFO]: [0mGET /css/utilities.css [36m304[0m 1.182 ms - -[0m
2026-08-01 12:19:00 [INFO]: [0mGET /css/animations.css [36m304[0m 1.426 ms - -[0m
2026-08-01 12:19:00 [INFO]: [0mGET /css/announcement.css [36m304[0m 1.995 ms - -[0m
2026-08-01 12:19:00 [INFO]: [0mGET /%7B%20%20publicId:%20'/public/default/profile.png',%20%20url:%20'https://res.cloudinary.com/desmwasfe/image/upload/v1781973939/default-avatar_d6ofmr.png'%7D [33m404[0m 35.837 ms - 236[0m
2026-08-01 12:19:00 [INFO]: [0mGET /css/header.css [36m304[0m 3.110 ms - -[0m
2026-08-01 12:19:00 [INFO]: [0mGET /css/hero.css [36m304[0m 2.899 ms - -[0m
2026-08-01 12:19:00 [INFO]: [0mGET /css/featured.css [36m304[0m 3.100 ms - -[0m
2026-08-01 12:19:00 [INFO]: [0mGET /css/why-choose.css [36m304[0m 1.425 ms - -[0m
2026-08-01 12:19:00 [INFO]: [0mGET /css/footer.css [36m304[0m 0.608 ms - -[0m
2026-08-01 12:19:00 [INFO]: [0mGET /css/auth.css [36m304[0m 1.196 ms - -[0m
2026-08-01 12:19:00 [INFO]: [0mGET /css/verify.css [36m304[0m 0.506 ms - -[0m
2026-08-01 12:19:00 [INFO]: [0mGET /images/hero/fiddle-leaf-fig.jpg [36m304[0m 0.460 ms - -[0m
2026-08-01 12:19:00 [INFO]: [0mGET /images/hero/why-choose.jpg [36m304[0m 0.637 ms - -[0m
2026-08-01 12:19:00 [INFO]: [0mGET /images/logo/plantora-orgn-white.png [36m304[0m 0.444 ms - -[0m
2026-08-01 12:19:01 [INFO]: [0mGET /auth/profile [32m200[0m 94.443 ms - -[0m
2026-08-01 12:19:01 [INFO]: [0mGET /css/style.css [36m304[0m 0.484 ms - -[0m
2026-08-01 12:19:01 [INFO]: [0mGET /css/profile.css [36m304[0m 1.019 ms - -[0m
2026-08-01 12:19:01 [INFO]: [0mGET /images/logo/plantora.png [36m304[0m 1.381 ms - -[0m
2026-08-01 12:19:01 [INFO]: [0mGET /images/logo/plantora-orgn-white.png [36m304[0m 0.950 ms - -[0m
2026-08-01 12:19:01 [INFO]: [0mGET /js/profile.js [36m304[0m 1.612 ms - -[0m
2026-08-01 12:19:01 [INFO]: [0mGET /js/header.js [36m304[0m 1.406 ms - -[0m
2026-08-01 12:19:01 [INFO]: [0mGET /js/featured.js [36m304[0m 1.321 ms - -[0m
2026-08-01 12:19:01 [INFO]: [0mGET /css/variables.css [36m304[0m 0.482 ms - -[0m
2026-08-01 12:19:01 [INFO]: [0mGET /css/utilities.css [36m304[0m 0.774 ms - -[0m
2026-08-01 12:19:01 [INFO]: [0mGET /css/animations.css [36m304[0m 1.064 ms - -[0m
2026-08-01 12:19:01 [INFO]: [0mGET /css/announcement.css [36m304[0m 1.176 ms - -[0m
2026-08-01 12:19:01 [INFO]: [0mGET /css/header.css [36m304[0m 1.366 ms - -[0m
2026-08-01 12:19:01 [INFO]: [0mGET /css/hero.css [36m304[0m 0.646 ms - -[0m
2026-08-01 12:19:01 [INFO]: [0mGET /css/featured.css [36m304[0m 0.725 ms - -[0m
2026-08-01 12:19:01 [INFO]: [0mGET /css/why-choose.css [36m304[0m 0.530 ms - -[0m
2026-08-01 12:19:01 [INFO]: [0mGET /css/footer.css [36m304[0m 0.890 ms - -[0m
2026-08-01 12:19:01 [INFO]: [0mGET /css/auth.css [36m304[0m 0.491 ms - -[0m
2026-08-01 12:19:01 [INFO]: [0mGET /css/verify.css [36m304[0m 0.165 ms - -[0m
2026-08-01 12:19:01 [INFO]: [0mGET /js/why-choose.js [36m304[0m 0.386 ms - -[0m
2026-08-01 12:19:01 [INFO]: [0mGET /js/notification.js [36m304[0m 0.422 ms - -[0m
2026-08-01 12:19:01 [INFO]: [0mGET /js/footer.js [36m304[0m 0.570 ms - -[0m
2026-08-01 12:19:01 [INFO]: [0mGET /js/auth.js [36m304[0m 0.871 ms - -[0m
2026-08-01 12:19:01 [INFO]: [0mGET /auth/%7B%20%20publicId:%20'/public/default/profile.png',%20%20url:%20'https://res.cloudinary.com/desmwasfe/image/upload/v1781973939/default-avatar_d6ofmr.png'%7D [33m404[0m 38.968 ms - 241[0m
2026-08-01 12:19:05 [INFO]: Notification sent successfully. Recipient: 6a6bd604b8ef49ebecf645e3, Type: seller
2026-08-01 12:19:10 [INFO]: Email sent successfully to 'plantora-admin@yopmail.com'. Subject: 'New Seller Request - Plantora'.
2026-08-01 12:19:10 [INFO]: Seller request submitted: customer_0004@yopmail.com
2026-08-01 12:19:10 [INFO]: [0mPOST /auth/become-seller [36m302[0m 5164.740 ms - 112[0m
2026-08-01 12:19:10 [INFO]: [0mGET /auth/profile?type=success&message=Seller%20request%20submitted%20successfully. [32m200[0m 73.357 ms - -[0m
2026-08-01 12:19:10 [INFO]: [0mGET /css/style.css [36m304[0m 0.224 ms - -[0m
2026-08-01 12:19:10 [INFO]: [0mGET /css/profile.css [36m304[0m 0.365 ms - -[0m
2026-08-01 12:19:10 [INFO]: [0mGET /images/logo/plantora.png [36m304[0m 0.708 ms - -[0m
2026-08-01 12:19:10 [INFO]: [0mGET /js/profile.js [36m304[0m 0.734 ms - -[0m
2026-08-01 12:19:10 [INFO]: [0mGET /images/logo/plantora-orgn-white.png [36m304[0m 1.108 ms - -[0m
2026-08-01 12:19:10 [INFO]: [0mGET /js/header.js [36m304[0m 1.528 ms - -[0m
2026-08-01 12:19:10 [INFO]: [0mGET /js/featured.js [36m304[0m 0.659 ms - -[0m
2026-08-01 12:19:10 [INFO]: [0mGET /css/variables.css [36m304[0m 0.390 ms - -[0m
2026-08-01 12:19:10 [INFO]: [0mGET /css/utilities.css [36m304[0m 0.423 ms - -[0m
2026-08-01 12:19:10 [INFO]: [0mGET /css/animations.css [36m304[0m 0.758 ms - -[0m
2026-08-01 12:19:10 [INFO]: [0mGET /css/announcement.css [36m304[0m 0.469 ms - -[0m
2026-08-01 12:19:10 [INFO]: [0mGET /css/header.css [36m304[0m 0.680 ms - -[0m
2026-08-01 12:19:10 [INFO]: [0mGET /css/hero.css [36m304[0m 0.373 ms - -[0m
2026-08-01 12:19:10 [INFO]: [0mGET /css/featured.css [36m304[0m 0.699 ms - -[0m
2026-08-01 12:19:10 [INFO]: [0mGET /css/why-choose.css [36m304[0m 0.838 ms - -[0m
2026-08-01 12:19:10 [INFO]: [0mGET /css/footer.css [36m304[0m 1.048 ms - -[0m
2026-08-01 12:19:10 [INFO]: [0mGET /css/auth.css [36m304[0m 1.556 ms - -[0m
2026-08-01 12:19:10 [INFO]: [0mGET /css/verify.css [36m304[0m 0.528 ms - -[0m
2026-08-01 12:19:10 [INFO]: [0mGET /js/why-choose.js [36m304[0m 0.608 ms - -[0m
2026-08-01 12:19:10 [INFO]: [0mGET /js/notification.js [36m304[0m 0.565 ms - -[0m
2026-08-01 12:19:10 [INFO]: [0mGET /js/footer.js [36m304[0m 0.713 ms - -[0m
2026-08-01 12:19:10 [INFO]: [0mGET /js/auth.js [36m304[0m 0.278 ms - -[0m
2026-08-01 12:19:10 [INFO]: [0mGET /auth/%7B%20%20publicId:%20'/public/default/profile.png',%20%20url:%20'https://res.cloudinary.com/desmwasfe/image/upload/v1781973939/default-avatar_d6ofmr.png'%7D [33m404[0m 38.864 ms - 241[0m
2026-08-01 12:19:24 [INFO]: [0mGET /admin/users/seller-request/6a6d96aa5dedb42686c774da [32m200[0m 143.411 ms - -[0m
2026-08-01 12:19:35 [INFO]: Notification sent successfully. Recipient: 6a6d96aa5dedb42686c774da, Type: seller
2026-08-01 12:19:40 [INFO]: Email sent successfully to 'customer_0004@yopmail.com'. Subject: 'Your Seller Account Has Been Approved!'.
2026-08-01 12:19:40 [ERROR]: Failed to create audit log: AuditLog validation failed: action: `approve_seller` is not a valid enum value for path `action`., severity: `warning` is not a valid enum value for path `severity`.
2026-08-01 12:19:40 [INFO]: [0mPOST /admin/users/seller-request/6a6d96aa5dedb42686c774da/approve [32m200[0m 4966.295 ms - -[0m
2026-08-01 12:19:45 [INFO]: [0mGET / [36m304[0m 54.565 ms - -[0m
2026-08-01 12:19:45 [INFO]: [0mGET /css/style.css [36m304[0m 0.216 ms - -[0m
2026-08-01 12:19:45 [INFO]: [0mGET /images/logo/plantora.png [36m304[0m 0.251 ms - -[0m
2026-08-01 12:19:45 [INFO]: [0mGET /images/hero/hero-placeholder.png [36m304[0m 0.396 ms - -[0m
2026-08-01 12:19:45 [INFO]: [0mGET /images/hero/monstera-plant.jpg [36m304[0m 0.998 ms - -[0m
2026-08-01 12:19:45 [INFO]: [0mGET /js/featured.js [36m304[0m 0.547 ms - -[0m
2026-08-01 12:19:45 [INFO]: [0mGET /js/header.js [36m304[0m 1.145 ms - -[0m
2026-08-01 12:19:45 [INFO]: [0mGET /css/variables.css [36m304[0m 0.693 ms - -[0m
2026-08-01 12:19:45 [INFO]: [0mGET /css/utilities.css [36m304[0m 0.323 ms - -[0m
2026-08-01 12:19:45 [INFO]: [0mGET /css/animations.css [36m304[0m 0.638 ms - -[0m
2026-08-01 12:19:45 [INFO]: [0mGET /css/announcement.css [36m304[0m 1.676 ms - -[0m
2026-08-01 12:19:45 [INFO]: [0mGET /css/header.css [36m304[0m 1.138 ms - -[0m
2026-08-01 12:19:45 [INFO]: [0mGET /css/hero.css [36m304[0m 1.034 ms - -[0m
2026-08-01 12:19:45 [INFO]: [0mGET /css/featured.css [36m304[0m 0.239 ms - -[0m
2026-08-01 12:19:45 [INFO]: [0mGET /css/why-choose.css [36m304[0m 0.765 ms - -[0m
2026-08-01 12:19:45 [INFO]: [0mGET /css/footer.css [36m304[0m 0.636 ms - -[0m
2026-08-01 12:19:45 [INFO]: [0mGET /css/auth.css [36m304[0m 0.808 ms - -[0m
2026-08-01 12:19:45 [INFO]: [0mGET /css/verify.css [36m304[0m 1.220 ms - -[0m
2026-08-01 12:19:45 [INFO]: [0mGET /js/why-choose.js [36m304[0m 0.152 ms - -[0m
2026-08-01 12:19:45 [INFO]: [0mGET /js/notification.js [36m304[0m 0.335 ms - -[0m
2026-08-01 12:19:45 [INFO]: [0mGET /js/footer.js [36m304[0m 0.519 ms - -[0m
2026-08-01 12:19:45 [INFO]: [0mGET /js/auth.js [36m304[0m 0.234 ms - -[0m
2026-08-01 12:19:45 [INFO]: [0mGET /images/hero/snake-plant.jpg [36m304[0m 0.167 ms - -[0m
2026-08-01 12:19:45 [INFO]: [0mGET /images/hero/peace-lily.jpg [36m304[0m 0.243 ms - -[0m
2026-08-01 12:19:45 [INFO]: [0mGET /images/hero/tulip-plant.jpg [36m304[0m 0.542 ms - -[0m
2026-08-01 12:19:45 [INFO]: [0mGET /images/hero/rubber-plant.jpg [36m304[0m 0.253 ms - -[0m
2026-08-01 12:19:45 [INFO]: [0mGET /images/hero/aloe-vera.jpg [36m304[0m 0.270 ms - -[0m
2026-08-01 12:19:45 [INFO]: [0mGET /images/hero/areca-palm.jpg [36m304[0m 0.156 ms - -[0m
2026-08-01 12:19:45 [INFO]: [0mGET /images/hero/jade-plant.jpg [36m304[0m 0.199 ms - -[0m
2026-08-01 12:19:45 [INFO]: [0mGET /%7B%20%20publicId:%20'/public/default/profile.png',%20%20url:%20'https://res.cloudinary.com/desmwasfe/image/upload/v1781973939/default-avatar_d6ofmr.png'%7D [33m404[0m 37.598 ms - 236[0m
2026-08-01 12:19:45 [INFO]: [0mGET /images/hero/golden-pothos.jpg [36m304[0m 0.436 ms - -[0m
2026-08-01 12:19:45 [INFO]: [0mGET /images/hero/fiddle-leaf-fig.jpg [36m304[0m 0.562 ms - -[0m
2026-08-01 12:19:45 [INFO]: [0mGET /images/hero/why-choose.jpg [36m304[0m 0.230 ms - -[0m
2026-08-01 12:19:45 [INFO]: [0mGET /images/logo/plantora-orgn-white.png [36m304[0m 0.278 ms - -[0m
2026-08-01 12:19:49 [INFO]: [0mGET /notifications/latest [32m200[0m 116.821 ms - -[0m
2026-08-01 12:23:33 [INFO]: [0mGET / [36m304[0m 37.125 ms - -[0m
2026-08-01 12:23:33 [INFO]: [0mGET /css/style.css [36m304[0m 0.513 ms - -[0m
2026-08-01 12:23:33 [INFO]: [0mGET /images/logo/plantora.png [36m304[0m 0.314 ms - -[0m
2026-08-01 12:23:33 [INFO]: [0mGET /%7B%20%20publicId:%20'/public/default/profile.png',%20%20url:%20'https://res.cloudinary.com/desmwasfe/image/upload/v1781973939/default-avatar_d6ofmr.png'%7D [33m404[0m 35.761 ms - 236[0m
2026-08-01 12:23:33 [INFO]: [0mGET /images/hero/hero-placeholder.png [36m304[0m 2.491 ms - -[0m
2026-08-01 12:23:33 [INFO]: [0mGET /images/hero/monstera-plant.jpg [36m304[0m 0.542 ms - -[0m
2026-08-01 12:23:33 [INFO]: [0mGET /js/header.js [36m304[0m 0.555 ms - -[0m
2026-08-01 12:23:33 [INFO]: [0mGET /js/featured.js [36m304[0m 0.776 ms - -[0m
2026-08-01 12:23:33 [INFO]: [0mGET /css/variables.css [36m304[0m 0.230 ms - -[0m
2026-08-01 12:23:33 [INFO]: [0mGET /css/utilities.css [36m304[0m 0.806 ms - -[0m
2026-08-01 12:23:33 [INFO]: [0mGET /css/animations.css [36m304[0m 0.669 ms - -[0m
2026-08-01 12:23:33 [INFO]: [0mGET /css/announcement.css [36m304[0m 0.853 ms - -[0m
2026-08-01 12:23:33 [INFO]: [0mGET /css/hero.css [36m304[0m 1.137 ms - -[0m
2026-08-01 12:23:33 [INFO]: [0mGET /css/featured.css [36m304[0m 1.268 ms - -[0m
2026-08-01 12:23:33 [INFO]: [0mGET /css/why-choose.css [36m304[0m 1.493 ms - -[0m
2026-08-01 12:23:33 [INFO]: [0mGET /css/footer.css [36m304[0m 1.391 ms - -[0m
2026-08-01 12:23:33 [INFO]: [0mGET /css/auth.css [36m304[0m 0.689 ms - -[0m
2026-08-01 12:23:33 [INFO]: [0mGET /css/verify.css [36m304[0m 0.931 ms - -[0m
2026-08-01 12:23:33 [INFO]: [0mGET /js/why-choose.js [36m304[0m 0.544 ms - -[0m
2026-08-01 12:23:33 [INFO]: [0mGET /js/notification.js [36m304[0m 1.337 ms - -[0m
2026-08-01 12:23:33 [INFO]: [0mGET /css/header.css [32m200[0m 4.012 ms - -[0m
2026-08-01 12:23:33 [INFO]: [0mGET /js/footer.js [36m304[0m 1.226 ms - -[0m
2026-08-01 12:23:33 [INFO]: [0mGET /js/auth.js [36m304[0m 0.492 ms - -[0m
2026-08-01 12:23:33 [INFO]: [0mGET /images/hero/snake-plant.jpg [36m304[0m 0.691 ms - -[0m
2026-08-01 12:23:33 [INFO]: [0mGET /images/hero/peace-lily.jpg [36m304[0m 1.436 ms - -[0m
2026-08-01 12:23:33 [INFO]: [0mGET /images/hero/tulip-plant.jpg [36m304[0m 0.829 ms - -[0m
2026-08-01 12:23:33 [INFO]: [0mGET /images/hero/rubber-plant.jpg [36m304[0m 0.609 ms - -[0m
2026-08-01 12:23:33 [INFO]: [0mGET /images/hero/aloe-vera.jpg [36m304[0m 0.860 ms - -[0m
2026-08-01 12:23:33 [INFO]: [0mGET /images/hero/areca-palm.jpg [36m304[0m 1.089 ms - -[0m
2026-08-01 12:23:33 [INFO]: [0mGET /images/hero/jade-plant.jpg [36m304[0m 0.455 ms - -[0m
2026-08-01 12:23:33 [INFO]: [0mGET /images/hero/golden-pothos.jpg [36m304[0m 0.386 ms - -[0m
2026-08-01 12:23:33 [INFO]: [0mGET /images/hero/fiddle-leaf-fig.jpg [36m304[0m 0.605 ms - -[0m
2026-08-01 12:23:33 [INFO]: [0mGET /images/hero/why-choose.jpg [36m304[0m 0.339 ms - -[0m
2026-08-01 12:23:33 [INFO]: [0mGET /images/logo/plantora-orgn-white.png [36m304[0m 0.524 ms - -[0m
2026-08-01 12:23:36 [INFO]: [0mGET /notifications/latest [36m304[0m 109.101 ms - -[0m
2026-08-01 12:23:48 [INFO]: [0mGET /auth/profile [32m200[0m 73.115 ms - -[0m
2026-08-01 12:23:48 [INFO]: [0mGET /css/style.css [36m304[0m 0.246 ms - -[0m
2026-08-01 12:23:48 [INFO]: [0mGET /css/profile.css [36m304[0m 0.416 ms - -[0m
2026-08-01 12:23:48 [INFO]: [0mGET /images/logo/plantora.png [36m304[0m 0.128 ms - -[0m
2026-08-01 12:23:48 [INFO]: [0mGET /js/profile.js [36m304[0m 1.140 ms - -[0m
2026-08-01 12:23:48 [INFO]: [0mGET /images/logo/plantora-orgn-white.png [36m304[0m 1.531 ms - -[0m
2026-08-01 12:23:48 [INFO]: [0mGET /js/featured.js [36m304[0m 0.210 ms - -[0m
2026-08-01 12:23:48 [INFO]: [0mGET /js/notification.js [36m304[0m 0.321 ms - -[0m
2026-08-01 12:23:48 [INFO]: [0mGET /js/header.js [36m304[0m 0.560 ms - -[0m
2026-08-01 12:23:48 [INFO]: [0mGET /js/why-choose.js [36m304[0m 0.696 ms - -[0m
2026-08-01 12:23:48 [INFO]: [0mGET /js/footer.js [36m304[0m 1.011 ms - -[0m
2026-08-01 12:23:48 [INFO]: [0mGET /js/auth.js [36m304[0m 0.308 ms - -[0m
2026-08-01 12:23:48 [INFO]: [0mGET /css/variables.css [36m304[0m 0.202 ms - -[0m
2026-08-01 12:23:48 [INFO]: [0mGET /css/utilities.css [36m304[0m 0.980 ms - -[0m
2026-08-01 12:23:48 [INFO]: [0mGET /css/animations.css [36m304[0m 0.990 ms - -[0m
2026-08-01 12:23:48 [INFO]: [0mGET /css/announcement.css [36m304[0m 0.775 ms - -[0m
2026-08-01 12:23:48 [INFO]: [0mGET /css/hero.css [36m304[0m 0.216 ms - -[0m
2026-08-01 12:23:48 [INFO]: [0mGET /css/featured.css [36m304[0m 0.701 ms - -[0m
2026-08-01 12:23:48 [INFO]: [0mGET /css/why-choose.css [36m304[0m 0.603 ms - -[0m
2026-08-01 12:23:48 [INFO]: [0mGET /css/footer.css [36m304[0m 0.682 ms - -[0m
2026-08-01 12:23:48 [INFO]: [0mGET /css/auth.css [36m304[0m 0.542 ms - -[0m
2026-08-01 12:23:48 [INFO]: [0mGET /css/verify.css [36m304[0m 0.366 ms - -[0m
2026-08-01 12:23:48 [INFO]: [0mGET /css/header.css [32m200[0m 3.332 ms - -[0m
2026-08-01 12:23:48 [INFO]: [0mGET /auth/%7B%20%20publicId:%20'/public/default/profile.png',%20%20url:%20'https://res.cloudinary.com/desmwasfe/image/upload/v1781973939/default-avatar_d6ofmr.png'%7D [33m404[0m 34.972 ms - 241[0m
2026-08-01 12:25:08 [INFO]: MongoDB connected successfully.
2026-08-01 12:25:11 [INFO]: Email server connected successfully.
2026-08-01 12:25:11 [INFO]: Server is running on port 5132.
2026-08-01 12:25:39 [INFO]: [0mGET / [32m200[0m 101.214 ms - -[0m
2026-08-01 12:25:39 [INFO]: [0mGET /css/style.css [36m304[0m 1.220 ms - -[0m
2026-08-01 12:25:39 [INFO]: [0mGET /images/logo/plantora.png [36m304[0m 1.454 ms - -[0m
2026-08-01 12:25:39 [INFO]: [0mGET /images/hero/hero-placeholder.png [36m304[0m 0.677 ms - -[0m
2026-08-01 12:25:39 [INFO]: [0mGET /images/hero/monstera-plant.jpg [36m304[0m 0.880 ms - -[0m
2026-08-01 12:25:39 [INFO]: [0mGET /js/header.js [36m304[0m 0.398 ms - -[0m
2026-08-01 12:25:39 [INFO]: [0mGET /js/featured.js [36m304[0m 0.633 ms - -[0m
2026-08-01 12:25:39 [INFO]: [0mGET /css/variables.css [36m304[0m 0.896 ms - -[0m
2026-08-01 12:25:39 [INFO]: [0mGET /css/utilities.css [36m304[0m 0.588 ms - -[0m
2026-08-01 12:25:39 [INFO]: [0mGET /css/animations.css [36m304[0m 0.674 ms - -[0m
2026-08-01 12:25:39 [INFO]: [0mGET /css/announcement.css [36m304[0m 1.159 ms - -[0m
2026-08-01 12:25:39 [INFO]: [0mGET /css/header.css [36m304[0m 1.428 ms - -[0m
2026-08-01 12:25:39 [INFO]: [0mGET /css/hero.css [36m304[0m 0.384 ms - -[0m
2026-08-01 12:25:39 [INFO]: [0mGET /css/featured.css [36m304[0m 0.983 ms - -[0m
2026-08-01 12:25:39 [INFO]: [0mGET /css/why-choose.css [36m304[0m 0.665 ms - -[0m
2026-08-01 12:25:39 [INFO]: [0mGET /css/footer.css [36m304[0m 0.808 ms - -[0m
2026-08-01 12:25:39 [INFO]: [0mGET /css/auth.css [36m304[0m 0.961 ms - -[0m
2026-08-01 12:25:39 [INFO]: [0mGET /css/verify.css [36m304[0m 0.249 ms - -[0m
2026-08-01 12:25:39 [INFO]: [0mGET /js/why-choose.js [36m304[0m 0.176 ms - -[0m
2026-08-01 12:25:39 [INFO]: [0mGET /js/notification.js [36m304[0m 0.411 ms - -[0m
2026-08-01 12:25:39 [INFO]: [0mGET /js/footer.js [36m304[0m 0.314 ms - -[0m
2026-08-01 12:25:39 [INFO]: [0mGET /js/auth.js [36m304[0m 0.480 ms - -[0m
2026-08-01 12:25:39 [INFO]: [0mGET /images/hero/snake-plant.jpg [36m304[0m 0.246 ms - -[0m
2026-08-01 12:25:39 [INFO]: [0mGET /images/hero/peace-lily.jpg [36m304[0m 0.429 ms - -[0m
2026-08-01 12:25:39 [INFO]: [0mGET /images/hero/tulip-plant.jpg [36m304[0m 0.218 ms - -[0m
2026-08-01 12:25:39 [INFO]: [0mGET /images/hero/rubber-plant.jpg [36m304[0m 0.521 ms - -[0m
2026-08-01 12:25:39 [INFO]: [0mGET /images/hero/aloe-vera.jpg [36m304[0m 0.464 ms - -[0m
2026-08-01 12:25:39 [INFO]: [0mGET /images/hero/areca-palm.jpg [36m304[0m 0.322 ms - -[0m
2026-08-01 12:25:39 [INFO]: [0mGET /images/hero/jade-plant.jpg [36m304[0m 0.561 ms - -[0m
2026-08-01 12:25:39 [INFO]: [0mGET /images/hero/golden-pothos.jpg [36m304[0m 0.687 ms - -[0m
2026-08-01 12:25:39 [INFO]: [0mGET /images/hero/fiddle-leaf-fig.jpg [36m304[0m 0.422 ms - -[0m
2026-08-01 12:25:39 [INFO]: [0mGET /images/hero/why-choose.jpg [36m304[0m 0.432 ms - -[0m
2026-08-01 12:25:39 [INFO]: [0mGET /images/logo/plantora-orgn-white.png [36m304[0m 0.679 ms - -[0m
2026-08-01 12:25:39 [INFO]: [0mGET /%7B%20%20publicId:%20'/public/default/profile.png',%20%20url:%20'https://res.cloudinary.com/desmwasfe/image/upload/v1781973939/default-avatar_d6ofmr.png'%7D [33m404[0m 72.223 ms - 236[0m
2026-08-01 12:25:47 [INFO]: [0mGET /notifications/latest [36m304[0m 149.861 ms - -[0m
2026-08-01 12:26:00 [INFO]: [0mGET /css/style.css [36m304[0m 0.443 ms - -[0m
2026-08-01 12:26:00 [INFO]: [0mGET /css/variables.css [36m304[0m 0.816 ms - -[0m
2026-08-01 12:26:00 [INFO]: [0mGET /css/utilities.css [36m304[0m 0.803 ms - -[0m
2026-08-01 12:26:00 [INFO]: [0mGET /css/animations.css [36m304[0m 0.841 ms - -[0m
2026-08-01 12:26:00 [INFO]: [0mGET /css/hero.css [36m304[0m 1.205 ms - -[0m
2026-08-01 12:26:00 [INFO]: [0mGET /css/announcement.css [36m304[0m 1.363 ms - -[0m
2026-08-01 12:26:00 [INFO]: [0mGET /css/header.css [36m304[0m 1.691 ms - -[0m
2026-08-01 12:26:00 [INFO]: [0mGET /css/featured.css [36m304[0m 0.253 ms - -[0m
2026-08-01 12:26:00 [INFO]: [0mGET /css/why-choose.css [36m304[0m 0.866 ms - -[0m
2026-08-01 12:26:00 [INFO]: [0mGET /css/footer.css [36m304[0m 1.254 ms - -[0m
2026-08-01 12:26:00 [INFO]: [0mGET /css/auth.css [36m304[0m 1.499 ms - -[0m
2026-08-01 12:26:00 [INFO]: [0mGET /css/verify.css [36m304[0m 1.772 ms - -[0m
2026-08-01 12:26:00 [INFO]: [0mGET /.well-known/appspecific/com.chrome.devtools.json [33m404[0m 71.837 ms - 112[0m
2026-08-01 12:26:43 [INFO]: [0mGET / [36m304[0m 82.715 ms - -[0m
2026-08-01 12:26:43 [INFO]: [0mGET /css/style.css [36m304[0m 0.368 ms - -[0m
2026-08-01 12:26:43 [INFO]: [0mGET /images/logo/plantora.png [36m304[0m 0.315 ms - -[0m
2026-08-01 12:26:43 [INFO]: [0mGET /images/hero/hero-placeholder.png [36m304[0m 0.395 ms - -[0m
2026-08-01 12:26:43 [INFO]: [0mGET /images/hero/monstera-plant.jpg [36m304[0m 0.208 ms - -[0m
2026-08-01 12:26:43 [INFO]: [0mGET /js/header.js [36m304[0m 0.240 ms - -[0m
2026-08-01 12:26:43 [INFO]: [0mGET /js/featured.js [36m304[0m 0.703 ms - -[0m
2026-08-01 12:26:43 [INFO]: [0mGET /css/variables.css [36m304[0m 0.256 ms - -[0m
2026-08-01 12:26:43 [INFO]: [0mGET /css/utilities.css [36m304[0m 0.463 ms - -[0m
2026-08-01 12:26:43 [INFO]: [0mGET /css/animations.css [36m304[0m 0.751 ms - -[0m
2026-08-01 12:26:43 [INFO]: [0mGET /css/announcement.css [36m304[0m 0.352 ms - -[0m
2026-08-01 12:26:43 [INFO]: [0mGET /css/header.css [36m304[0m 1.283 ms - -[0m
2026-08-01 12:26:43 [INFO]: [0mGET /css/hero.css [36m304[0m 0.973 ms - -[0m
2026-08-01 12:26:43 [INFO]: [0mGET /css/featured.css [36m304[0m 0.866 ms - -[0m
2026-08-01 12:26:43 [INFO]: [0mGET /css/why-choose.css [36m304[0m 0.336 ms - -[0m
2026-08-01 12:26:43 [INFO]: [0mGET /css/footer.css [36m304[0m 0.771 ms - -[0m
2026-08-01 12:26:43 [INFO]: [0mGET /css/auth.css [36m304[0m 1.047 ms - -[0m
2026-08-01 12:26:43 [INFO]: [0mGET /css/verify.css [36m304[0m 1.765 ms - -[0m
2026-08-01 12:26:43 [INFO]: [0mGET /js/why-choose.js [36m304[0m 0.197 ms - -[0m
2026-08-01 12:26:43 [INFO]: [0mGET /js/notification.js [36m304[0m 0.135 ms - -[0m
2026-08-01 12:26:43 [INFO]: [0mGET /js/footer.js [36m304[0m 0.124 ms - -[0m
2026-08-01 12:26:43 [INFO]: [0mGET /js/auth.js [36m304[0m 0.174 ms - -[0m
2026-08-01 12:26:43 [INFO]: [0mGET /images/hero/snake-plant.jpg [36m304[0m 0.151 ms - -[0m
2026-08-01 12:26:43 [INFO]: [0mGET /images/hero/peace-lily.jpg [36m304[0m 0.348 ms - -[0m
2026-08-01 12:26:43 [INFO]: [0mGET /images/hero/tulip-plant.jpg [36m304[0m 0.546 ms - -[0m
2026-08-01 12:26:43 [INFO]: [0mGET /images/hero/rubber-plant.jpg [36m304[0m 0.183 ms - -[0m
2026-08-01 12:26:43 [INFO]: [0mGET /images/hero/aloe-vera.jpg [36m304[0m 0.510 ms - -[0m
2026-08-01 12:26:43 [INFO]: [0mGET /images/hero/areca-palm.jpg [36m304[0m 0.815 ms - -[0m
2026-08-01 12:26:43 [INFO]: [0mGET /images/hero/jade-plant.jpg [36m304[0m 0.234 ms - -[0m
2026-08-01 12:26:43 [INFO]: [0mGET /%7B%20%20publicId:%20'/public/default/profile.png',%20%20url:%20'https://res.cloudinary.com/desmwasfe/image/upload/v1781973939/default-avatar_d6ofmr.png'%7D [33m404[0m 70.582 ms - 236[0m
2026-08-01 12:26:43 [INFO]: [0mGET /images/hero/golden-pothos.jpg [36m304[0m 0.707 ms - -[0m
2026-08-01 12:26:43 [INFO]: [0mGET /images/hero/fiddle-leaf-fig.jpg [36m304[0m 0.937 ms - -[0m
2026-08-01 12:26:43 [INFO]: [0mGET /images/hero/why-choose.jpg [36m304[0m 0.240 ms - -[0m
2026-08-01 12:26:43 [INFO]: [0mGET /.well-known/appspecific/com.chrome.devtools.json [33m404[0m 77.242 ms - 112[0m
2026-08-01 12:26:43 [INFO]: [0mGET /images/logo/plantora-orgn-white.png [36m304[0m 0.314 ms - -[0m
2026-08-01 12:27:15 [INFO]: [0mGET / [36m304[0m 83.385 ms - -[0m
2026-08-01 12:27:15 [INFO]: [0mGET /css/style.css [36m304[0m 0.604 ms - -[0m
2026-08-01 12:27:15 [INFO]: [0mGET /images/logo/plantora.png [36m304[0m 0.225 ms - -[0m
2026-08-01 12:27:15 [INFO]: [0mGET /images/hero/hero-placeholder.png [36m304[0m 0.699 ms - -[0m
2026-08-01 12:27:15 [INFO]: [0mGET /images/hero/monstera-plant.jpg [36m304[0m 1.879 ms - -[0m
2026-08-01 12:27:15 [INFO]: [0mGET /js/header.js [36m304[0m 0.306 ms - -[0m
2026-08-01 12:27:15 [INFO]: [0mGET /css/variables.css [36m304[0m 0.232 ms - -[0m
2026-08-01 12:27:15 [INFO]: [0mGET /css/utilities.css [36m304[0m 0.327 ms - -[0m
2026-08-01 12:27:15 [INFO]: [0mGET /css/animations.css [36m304[0m 0.499 ms - -[0m
2026-08-01 12:27:15 [INFO]: [0mGET /css/announcement.css [36m304[0m 0.438 ms - -[0m
2026-08-01 12:27:15 [INFO]: [0mGET /css/header.css [36m304[0m 0.686 ms - -[0m
2026-08-01 12:27:15 [INFO]: [0mGET /css/hero.css [36m304[0m 1.067 ms - -[0m
2026-08-01 12:27:15 [INFO]: [0mGET /css/featured.css [36m304[0m 1.441 ms - -[0m
2026-08-01 12:27:15 [INFO]: [0mGET /css/why-choose.css [36m304[0m 0.239 ms - -[0m
2026-08-01 12:27:15 [INFO]: [0mGET /css/footer.css [36m304[0m 0.951 ms - -[0m
2026-08-01 12:27:15 [INFO]: [0mGET /css/auth.css [36m304[0m 1.095 ms - -[0m
2026-08-01 12:27:15 [INFO]: [0mGET /css/verify.css [36m304[0m 1.370 ms - -[0m
2026-08-01 12:27:15 [INFO]: [0mGET /js/featured.js [36m304[0m 0.242 ms - -[0m
2026-08-01 12:27:15 [INFO]: [0mGET /js/why-choose.js [36m304[0m 0.192 ms - -[0m
2026-08-01 12:27:15 [INFO]: [0mGET /js/notification.js [36m304[0m 0.229 ms - -[0m
2026-08-01 12:27:15 [INFO]: [0mGET /js/footer.js [36m304[0m 0.197 ms - -[0m
2026-08-01 12:27:15 [INFO]: [0mGET /js/auth.js [36m304[0m 0.292 ms - -[0m
2026-08-01 12:27:15 [INFO]: [0mGET /images/hero/snake-plant.jpg [36m304[0m 0.882 ms - -[0m
2026-08-01 12:27:15 [INFO]: [0mGET /images/hero/peace-lily.jpg [36m304[0m 0.244 ms - -[0m
2026-08-01 12:27:15 [INFO]: [0mGET /images/hero/tulip-plant.jpg [36m304[0m 0.397 ms - -[0m
2026-08-01 12:27:15 [INFO]: [0mGET /images/hero/rubber-plant.jpg [36m304[0m 0.999 ms - -[0m
2026-08-01 12:27:15 [INFO]: [0mGET /images/hero/aloe-vera.jpg [36m304[0m 0.750 ms - -[0m
2026-08-01 12:27:15 [INFO]: [0mGET /.well-known/appspecific/com.chrome.devtools.json [33m404[0m 70.553 ms - 112[0m
2026-08-01 12:27:15 [INFO]: [0mGET /images/hero/areca-palm.jpg [36m304[0m 0.878 ms - -[0m
2026-08-01 12:27:15 [INFO]: [0mGET /images/hero/jade-plant.jpg [36m304[0m 1.052 ms - -[0m
2026-08-01 12:27:15 [INFO]: [0mGET /images/hero/golden-pothos.jpg [36m304[0m 1.288 ms - -[0m
2026-08-01 12:27:15 [INFO]: [0mGET /images/hero/fiddle-leaf-fig.jpg [36m304[0m 1.719 ms - -[0m
2026-08-01 12:27:15 [INFO]: [0mGET /images/hero/why-choose.jpg [36m304[0m 0.616 ms - -[0m
2026-08-01 12:27:15 [INFO]: [0mGET /%7B%20%20publicId:%20'/public/default/profile.png',%20%20url:%20'https://res.cloudinary.com/desmwasfe/image/upload/v1781973939/default-avatar_d6ofmr.png'%7D [33m404[0m 82.817 ms - 236[0m
2026-08-01 12:27:15 [INFO]: [0mGET /images/logo/plantora-orgn-white.png [36m304[0m 0.234 ms - -[0m
2026-08-01 12:28:03 [INFO]: [0mGET / [36m304[0m 81.010 ms - -[0m
2026-08-01 12:28:03 [INFO]: [0mGET /css/style.css [36m304[0m 0.343 ms - -[0m
2026-08-01 12:28:03 [INFO]: [0mGET /images/logo/plantora.png [36m304[0m 0.320 ms - -[0m
2026-08-01 12:28:03 [INFO]: [0mGET /images/hero/hero-placeholder.png [36m304[0m 0.930 ms - -[0m
2026-08-01 12:28:03 [INFO]: [0mGET /images/hero/monstera-plant.jpg [36m304[0m 0.533 ms - -[0m
2026-08-01 12:28:03 [INFO]: [0mGET /css/variables.css [36m304[0m 0.352 ms - -[0m
2026-08-01 12:28:03 [INFO]: [0mGET /js/header.js [36m304[0m 0.565 ms - -[0m
2026-08-01 12:28:03 [INFO]: [0mGET /css/utilities.css [36m304[0m 0.886 ms - -[0m
2026-08-01 12:28:03 [INFO]: [0mGET /css/animations.css [36m304[0m 0.946 ms - -[0m
2026-08-01 12:28:03 [INFO]: [0mGET /css/announcement.css [36m304[0m 1.201 ms - -[0m
2026-08-01 12:28:03 [INFO]: [0mGET /css/hero.css [36m304[0m 0.741 ms - -[0m
2026-08-01 12:28:03 [INFO]: [0mGET /css/featured.css [36m304[0m 1.118 ms - -[0m
2026-08-01 12:28:03 [INFO]: [0mGET /css/why-choose.css [36m304[0m 1.269 ms - -[0m
2026-08-01 12:28:03 [INFO]: [0mGET /css/footer.css [36m304[0m 1.477 ms - -[0m
2026-08-01 12:28:03 [INFO]: [0mGET /css/auth.css [36m304[0m 1.241 ms - -[0m
2026-08-01 12:28:03 [INFO]: [0mGET /css/verify.css [36m304[0m 1.284 ms - -[0m
2026-08-01 12:28:03 [INFO]: [0mGET /css/header.css [32m200[0m 4.191 ms - -[0m
2026-08-01 12:28:03 [INFO]: [0mGET /js/featured.js [36m304[0m 0.150 ms - -[0m
2026-08-01 12:28:03 [INFO]: [0mGET /js/why-choose.js [36m304[0m 0.343 ms - -[0m
2026-08-01 12:28:03 [INFO]: [0mGET /js/notification.js [36m304[0m 0.279 ms - -[0m
2026-08-01 12:28:03 [INFO]: [0mGET /js/footer.js [36m304[0m 0.171 ms - -[0m
2026-08-01 12:28:03 [INFO]: [0mGET /js/auth.js [36m304[0m 0.212 ms - -[0m
2026-08-01 12:28:03 [INFO]: [0mGET /images/hero/snake-plant.jpg [36m304[0m 0.170 ms - -[0m
2026-08-01 12:28:03 [INFO]: [0mGET /.well-known/appspecific/com.chrome.devtools.json [33m404[0m 68.241 ms - 112[0m
2026-08-01 12:28:03 [INFO]: [0mGET /images/hero/peace-lily.jpg [36m304[0m 0.245 ms - -[0m
2026-08-01 12:28:03 [INFO]: [0mGET /images/hero/tulip-plant.jpg [36m304[0m 0.444 ms - -[0m
2026-08-01 12:28:03 [INFO]: [0mGET /images/hero/rubber-plant.jpg [36m304[0m 0.248 ms - -[0m
2026-08-01 12:28:03 [INFO]: [0mGET /images/hero/aloe-vera.jpg [36m304[0m 0.240 ms - -[0m
2026-08-01 12:28:03 [INFO]: [0mGET /images/hero/areca-palm.jpg [36m304[0m 0.338 ms - -[0m
2026-08-01 12:28:03 [INFO]: [0mGET /%7B%20%20publicId:%20'/public/default/profile.png',%20%20url:%20'https://res.cloudinary.com/desmwasfe/image/upload/v1781973939/default-avatar_d6ofmr.png'%7D [33m404[0m 78.304 ms - 236[0m
2026-08-01 12:28:03 [INFO]: [0mGET /images/hero/jade-plant.jpg [36m304[0m 0.441 ms - -[0m
2026-08-01 12:28:03 [INFO]: [0mGET /images/hero/golden-pothos.jpg [36m304[0m 0.326 ms - -[0m
2026-08-01 12:28:03 [INFO]: [0mGET /images/hero/fiddle-leaf-fig.jpg [36m304[0m 0.384 ms - -[0m
2026-08-01 12:28:03 [INFO]: [0mGET /images/hero/why-choose.jpg [36m304[0m 0.447 ms - -[0m
2026-08-01 12:28:03 [INFO]: [0mGET /images/logo/plantora-orgn-white.png [36m304[0m 0.366 ms - -[0m
2026-08-01 12:28:22 [INFO]: [0mGET / [36m304[0m 80.860 ms - -[0m
2026-08-01 12:28:22 [INFO]: [0mGET /css/style.css [36m304[0m 0.287 ms - -[0m
2026-08-01 12:28:22 [INFO]: [0mGET /images/logo/plantora.png [36m304[0m 0.270 ms - -[0m
2026-08-01 12:28:22 [INFO]: [0mGET /images/hero/hero-placeholder.png [36m304[0m 0.496 ms - -[0m
2026-08-01 12:28:22 [INFO]: [0mGET /images/hero/monstera-plant.jpg [36m304[0m 0.682 ms - -[0m
2026-08-01 12:28:22 [INFO]: [0mGET /js/header.js [36m304[0m 0.483 ms - -[0m
2026-08-01 12:28:22 [INFO]: [0mGET /js/featured.js [36m304[0m 0.486 ms - -[0m
2026-08-01 12:28:22 [INFO]: [0mGET /css/variables.css [36m304[0m 0.568 ms - -[0m
2026-08-01 12:28:22 [INFO]: [0mGET /css/utilities.css [36m304[0m 0.776 ms - -[0m
2026-08-01 12:28:22 [INFO]: [0mGET /css/animations.css [36m304[0m 0.889 ms - -[0m
2026-08-01 12:28:22 [INFO]: [0mGET /css/announcement.css [36m304[0m 0.278 ms - -[0m
2026-08-01 12:28:22 [INFO]: [0mGET /css/hero.css [36m304[0m 0.528 ms - -[0m
2026-08-01 12:28:22 [INFO]: [0mGET /css/featured.css [36m304[0m 0.772 ms - -[0m
2026-08-01 12:28:22 [INFO]: [0mGET /css/why-choose.css [36m304[0m 0.951 ms - -[0m
2026-08-01 12:28:22 [INFO]: [0mGET /css/footer.css [36m304[0m 0.846 ms - -[0m
2026-08-01 12:28:22 [INFO]: [0mGET /css/auth.css [36m304[0m 0.987 ms - -[0m
2026-08-01 12:28:22 [INFO]: [0mGET /css/verify.css [36m304[0m 1.026 ms - -[0m
2026-08-01 12:28:22 [INFO]: [0mGET /css/header.css [32m200[0m 3.379 ms - -[0m
2026-08-01 12:28:22 [INFO]: [0mGET /js/why-choose.js [36m304[0m 0.197 ms - -[0m
2026-08-01 12:28:22 [INFO]: [0mGET /js/notification.js [36m304[0m 0.202 ms - -[0m
2026-08-01 12:28:22 [INFO]: [0mGET /js/footer.js [36m304[0m 0.357 ms - -[0m
2026-08-01 12:28:22 [INFO]: [0mGET /js/auth.js [36m304[0m 0.131 ms - -[0m
2026-08-01 12:28:22 [INFO]: [0mGET /images/hero/snake-plant.jpg [36m304[0m 0.321 ms - -[0m
2026-08-01 12:28:22 [INFO]: [0mGET /images/hero/peace-lily.jpg [36m304[0m 0.245 ms - -[0m
2026-08-01 12:28:22 [INFO]: [0mGET /images/hero/tulip-plant.jpg [36m304[0m 0.423 ms - -[0m
2026-08-01 12:28:22 [INFO]: [0mGET /images/hero/rubber-plant.jpg [36m304[0m 0.533 ms - -[0m
2026-08-01 12:28:22 [INFO]: [0mGET /images/hero/aloe-vera.jpg [36m304[0m 0.255 ms - -[0m
2026-08-01 12:28:22 [INFO]: [0mGET /images/hero/areca-palm.jpg [36m304[0m 0.245 ms - -[0m
2026-08-01 12:28:22 [INFO]: [0mGET /images/hero/jade-plant.jpg [36m304[0m 0.298 ms - -[0m
2026-08-01 12:28:22 [INFO]: [0mGET /images/hero/golden-pothos.jpg [36m304[0m 0.412 ms - -[0m
2026-08-01 12:28:22 [INFO]: [0mGET /images/hero/fiddle-leaf-fig.jpg [36m304[0m 0.647 ms - -[0m
2026-08-01 12:28:22 [INFO]: [0mGET /images/hero/why-choose.jpg [36m304[0m 0.325 ms - -[0m
2026-08-01 12:28:22 [INFO]: [0mGET /%7B%20%20publicId:%20'/public/default/profile.png',%20%20url:%20'https://res.cloudinary.com/desmwasfe/image/upload/v1781973939/default-avatar_d6ofmr.png'%7D [33m404[0m 78.252 ms - 236[0m
2026-08-01 12:28:22 [INFO]: [0mGET /images/logo/plantora-orgn-white.png [36m304[0m 0.288 ms - -[0m
2026-08-01 12:28:32 [INFO]: [0mGET /css/style.css [36m304[0m 0.878 ms - -[0m
2026-08-01 12:28:32 [INFO]: [0mGET /css/variables.css [36m304[0m 1.034 ms - -[0m
2026-08-01 12:28:32 [INFO]: [0mGET /css/utilities.css [36m304[0m 1.268 ms - -[0m
2026-08-01 12:28:32 [INFO]: [0mGET /css/animations.css [36m304[0m 1.437 ms - -[0m
2026-08-01 12:28:32 [INFO]: [0mGET /css/announcement.css [36m304[0m 1.497 ms - -[0m
2026-08-01 12:28:32 [INFO]: [0mGET /css/header.css [36m304[0m 1.725 ms - -[0m
2026-08-01 12:28:32 [INFO]: [0mGET /css/hero.css [36m304[0m 0.810 ms - -[0m
2026-08-01 12:28:32 [INFO]: [0mGET /css/featured.css [36m304[0m 1.006 ms - -[0m
2026-08-01 12:28:32 [INFO]: [0mGET /css/why-choose.css [36m304[0m 1.334 ms - -[0m
2026-08-01 12:28:32 [INFO]: [0mGET /css/footer.css [36m304[0m 0.543 ms - -[0m
2026-08-01 12:28:32 [INFO]: [0mGET /css/auth.css [36m304[0m 0.665 ms - -[0m
2026-08-01 12:28:32 [INFO]: [0mGET /css/verify.css [36m304[0m 0.766 ms - -[0m
2026-08-01 12:28:32 [INFO]: [0mGET /.well-known/appspecific/com.chrome.devtools.json [33m404[0m 80.270 ms - 112[0m
2026-08-01 12:29:33 [INFO]: [0mGET / [32m200[0m 83.980 ms - -[0m
2026-08-01 12:29:33 [INFO]: [0mGET /css/style.css [36m304[0m 0.414 ms - -[0m
2026-08-01 12:29:33 [INFO]: [0mGET /images/logo/plantora.png [36m304[0m 0.313 ms - -[0m
2026-08-01 12:29:33 [INFO]: [0mGET /images/hero/hero-placeholder.png [36m304[0m 0.512 ms - -[0m
2026-08-01 12:29:33 [INFO]: [0mGET /images/hero/monstera-plant.jpg [36m304[0m 0.373 ms - -[0m
2026-08-01 12:29:33 [INFO]: [0mGET /css/variables.css [36m304[0m 0.354 ms - -[0m
2026-08-01 12:29:33 [INFO]: [0mGET /css/utilities.css [36m304[0m 0.611 ms - -[0m
2026-08-01 12:29:33 [INFO]: [0mGET /css/animations.css [36m304[0m 0.940 ms - -[0m
2026-08-01 12:29:33 [INFO]: [0mGET /css/announcement.css [36m304[0m 1.270 ms - -[0m
2026-08-01 12:29:33 [INFO]: [0mGET /css/hero.css [36m304[0m 0.625 ms - -[0m
2026-08-01 12:29:33 [INFO]: [0mGET /css/featured.css [36m304[0m 1.020 ms - -[0m
2026-08-01 12:29:33 [INFO]: [0mGET /css/why-choose.css [36m304[0m 1.086 ms - -[0m
2026-08-01 12:29:33 [INFO]: [0mGET /css/footer.css [36m304[0m 1.214 ms - -[0m
2026-08-01 12:29:33 [INFO]: [0mGET /css/auth.css [36m304[0m 0.702 ms - -[0m
2026-08-01 12:29:33 [INFO]: [0mGET /css/header.css [32m200[0m 2.806 ms - -[0m
2026-08-01 12:29:33 [INFO]: [0mGET /css/verify.css [36m304[0m 1.037 ms - -[0m
2026-08-01 12:29:33 [INFO]: [0mGET /js/header.js [36m304[0m 0.155 ms - -[0m
2026-08-01 12:29:33 [INFO]: [0mGET /js/featured.js [36m304[0m 0.223 ms - -[0m
2026-08-01 12:29:33 [INFO]: [0mGET /js/why-choose.js [36m304[0m 0.585 ms - -[0m
2026-08-01 12:29:33 [INFO]: [0mGET /js/notification.js [36m304[0m 0.855 ms - -[0m
2026-08-01 12:29:33 [INFO]: [0mGET /js/footer.js [36m304[0m 1.108 ms - -[0m
2026-08-01 12:29:33 [INFO]: [0mGET /js/auth.js [36m304[0m 0.243 ms - -[0m
2026-08-01 12:29:33 [INFO]: [0mGET /images/hero/snake-plant.jpg [36m304[0m 0.205 ms - -[0m
2026-08-01 12:29:33 [INFO]: [0mGET /images/hero/peace-lily.jpg [36m304[0m 0.239 ms - -[0m
2026-08-01 12:29:33 [INFO]: [0mGET /images/hero/tulip-plant.jpg [36m304[0m 0.261 ms - -[0m
2026-08-01 12:29:33 [INFO]: [0mGET /images/hero/rubber-plant.jpg [36m304[0m 0.140 ms - -[0m
2026-08-01 12:29:33 [INFO]: [0mGET /images/hero/aloe-vera.jpg [36m304[0m 0.247 ms - -[0m
2026-08-01 12:29:33 [INFO]: [0mGET /images/hero/areca-palm.jpg [36m304[0m 0.181 ms - -[0m
2026-08-01 12:29:33 [INFO]: [0mGET /images/hero/jade-plant.jpg [36m304[0m 0.207 ms - -[0m
2026-08-01 12:29:33 [INFO]: [0mGET /.well-known/appspecific/com.chrome.devtools.json [33m404[0m 69.125 ms - 112[0m
2026-08-01 12:29:33 [INFO]: [0mGET /images/hero/golden-pothos.jpg [36m304[0m 0.532 ms - -[0m
2026-08-01 12:29:33 [INFO]: [0mGET /images/hero/fiddle-leaf-fig.jpg [36m304[0m 0.577 ms - -[0m
2026-08-01 12:29:33 [INFO]: [0mGET /%7B%20%20publicId:%20'/public/default/profile.png',%20%20url:%20'https://res.cloudinary.com/desmwasfe/image/upload/v1781973939/default-avatar_d6ofmr.png'%7D [33m404[0m 79.842 ms - 236[0m
2026-08-01 12:29:33 [INFO]: [0mGET /images/hero/why-choose.jpg [36m304[0m 0.362 ms - -[0m
2026-08-01 12:29:33 [INFO]: [0mGET /images/logo/plantora-orgn-white.png [36m304[0m 0.276 ms - -[0m
2026-08-01 12:31:03 [INFO]: [0mGET / [32m200[0m 82.450 ms - -[0m
2026-08-01 12:31:03 [INFO]: [0mGET /css/style.css [36m304[0m 0.281 ms - -[0m
2026-08-01 12:31:03 [INFO]: [0mGET /images/logo/plantora.png [36m304[0m 0.971 ms - -[0m
2026-08-01 12:31:03 [INFO]: [0mGET /images/hero/hero-placeholder.png [36m304[0m 0.201 ms - -[0m
2026-08-01 12:31:03 [INFO]: [0mGET /images/hero/monstera-plant.jpg [36m304[0m 0.159 ms - -[0m
2026-08-01 12:31:03 [INFO]: [0mGET /js/header.js [36m304[0m 0.169 ms - -[0m
2026-08-01 12:31:03 [INFO]: [0mGET /js/featured.js [36m304[0m 0.729 ms - -[0m
2026-08-01 12:31:03 [INFO]: [0mGET /js/why-choose.js [36m304[0m 0.287 ms - -[0m
2026-08-01 12:31:03 [INFO]: [0mGET /css/variables.css [36m304[0m 0.414 ms - -[0m
2026-08-01 12:31:03 [INFO]: [0mGET /css/utilities.css [36m304[0m 0.605 ms - -[0m
2026-08-01 12:31:03 [INFO]: [0mGET /css/animations.css [36m304[0m 0.548 ms - -[0m
2026-08-01 12:31:03 [INFO]: [0mGET /css/announcement.css [36m304[0m 0.545 ms - -[0m
2026-08-01 12:31:03 [INFO]: [0mGET /css/hero.css [36m304[0m 0.841 ms - -[0m
2026-08-01 12:31:03 [INFO]: [0mGET /css/featured.css [36m304[0m 1.042 ms - -[0m
2026-08-01 12:31:03 [INFO]: [0mGET /css/why-choose.css [36m304[0m 0.542 ms - -[0m
2026-08-01 12:31:03 [INFO]: [0mGET /css/footer.css [36m304[0m 0.691 ms - -[0m
2026-08-01 12:31:03 [INFO]: [0mGET /css/auth.css [36m304[0m 0.919 ms - -[0m
2026-08-01 12:31:03 [INFO]: [0mGET /css/verify.css [36m304[0m 1.808 ms - -[0m
2026-08-01 12:31:03 [INFO]: [0mGET /css/header.css [32m200[0m 2.012 ms - -[0m
2026-08-01 12:31:03 [INFO]: [0mGET /js/notification.js [36m304[0m 0.789 ms - -[0m
2026-08-01 12:31:03 [INFO]: [0mGET /js/footer.js [36m304[0m 1.003 ms - -[0m
2026-08-01 12:31:03 [INFO]: [0mGET /js/auth.js [36m304[0m 0.221 ms - -[0m
2026-08-01 12:31:03 [INFO]: [0mGET /images/hero/snake-plant.jpg [36m304[0m 0.129 ms - -[0m
2026-08-01 12:31:03 [INFO]: [0mGET /images/hero/peace-lily.jpg [36m304[0m 0.110 ms - -[0m
2026-08-01 12:31:03 [INFO]: [0mGET /images/hero/tulip-plant.jpg [36m304[0m 0.104 ms - -[0m
2026-08-01 12:31:03 [INFO]: [0mGET /images/hero/rubber-plant.jpg [36m304[0m 0.103 ms - -[0m
2026-08-01 12:31:03 [INFO]: [0mGET /images/hero/aloe-vera.jpg [36m304[0m 0.228 ms - -[0m
2026-08-01 12:31:03 [INFO]: [0mGET /images/hero/areca-palm.jpg [36m304[0m 0.148 ms - -[0m
2026-08-01 12:31:03 [INFO]: [0mGET /images/hero/jade-plant.jpg [36m304[0m 0.132 ms - -[0m
2026-08-01 12:31:03 [INFO]: [0mGET /images/hero/golden-pothos.jpg [36m304[0m 0.247 ms - -[0m
2026-08-01 12:31:03 [INFO]: [0mGET /images/hero/fiddle-leaf-fig.jpg [36m304[0m 0.272 ms - -[0m
2026-08-01 12:31:03 [INFO]: [0mGET /images/hero/why-choose.jpg [36m304[0m 0.291 ms - -[0m
2026-08-01 12:31:03 [INFO]: [0mGET /images/logo/plantora-orgn-white.png [36m304[0m 0.328 ms - -[0m
2026-08-01 12:31:03 [INFO]: [0mGET /%7B%20%20publicId:%20'/public/default/profile.png',%20%20url:%20'https://res.cloudinary.com/desmwasfe/image/upload/v1781973939/default-avatar_d6ofmr.png'%7D [33m404[0m 79.029 ms - 236[0m
2026-08-01 12:31:14 [INFO]: [0mGET / [36m304[0m 82.453 ms - -[0m
2026-08-01 12:31:14 [INFO]: [0mGET /css/style.css [36m304[0m 0.971 ms - -[0m
2026-08-01 12:31:14 [INFO]: [0mGET /images/logo/plantora.png [36m304[0m 2.072 ms - -[0m
2026-08-01 12:31:14 [INFO]: [0mGET /images/hero/hero-placeholder.png [36m304[0m 0.177 ms - -[0m
2026-08-01 12:31:14 [INFO]: [0mGET /images/hero/monstera-plant.jpg [36m304[0m 0.424 ms - -[0m
2026-08-01 12:31:14 [INFO]: [0mGET /js/header.js [36m304[0m 0.306 ms - -[0m
2026-08-01 12:31:14 [INFO]: [0mGET /js/featured.js [36m304[0m 0.435 ms - -[0m
2026-08-01 12:31:14 [INFO]: [0mGET /js/why-choose.js [36m304[0m 0.154 ms - -[0m
2026-08-01 12:31:14 [INFO]: [0mGET /js/notification.js [36m304[0m 0.420 ms - -[0m
2026-08-01 12:31:14 [INFO]: [0mGET /js/footer.js [36m304[0m 0.614 ms - -[0m
2026-08-01 12:31:14 [INFO]: [0mGET /js/auth.js [36m304[0m 0.302 ms - -[0m
2026-08-01 12:31:14 [INFO]: [0mGET /images/hero/snake-plant.jpg [36m304[0m 0.239 ms - -[0m
2026-08-01 12:31:14 [INFO]: [0mGET /images/hero/peace-lily.jpg [36m304[0m 0.257 ms - -[0m
2026-08-01 12:31:14 [INFO]: [0mGET /css/variables.css [36m304[0m 0.616 ms - -[0m
2026-08-01 12:31:14 [INFO]: [0mGET /css/utilities.css [36m304[0m 1.198 ms - -[0m
2026-08-01 12:31:14 [INFO]: [0mGET /css/animations.css [36m304[0m 0.638 ms - -[0m
2026-08-01 12:31:14 [INFO]: [0mGET /css/announcement.css [36m304[0m 1.292 ms - -[0m
2026-08-01 12:31:14 [INFO]: [0mGET /css/hero.css [36m304[0m 0.986 ms - -[0m
2026-08-01 12:31:14 [INFO]: [0mGET /css/featured.css [36m304[0m 0.540 ms - -[0m
2026-08-01 12:31:14 [INFO]: [0mGET /css/why-choose.css [36m304[0m 1.148 ms - -[0m
2026-08-01 12:31:14 [INFO]: [0mGET /css/footer.css [36m304[0m 1.392 ms - -[0m
2026-08-01 12:31:14 [INFO]: [0mGET /css/auth.css [36m304[0m 1.077 ms - -[0m
2026-08-01 12:31:14 [INFO]: [0mGET /css/verify.css [36m304[0m 0.785 ms - -[0m
2026-08-01 12:31:14 [INFO]: [0mGET /images/hero/tulip-plant.jpg [36m304[0m 1.012 ms - -[0m
2026-08-01 12:31:14 [INFO]: [0mGET /css/header.css [32m200[0m 3.087 ms - -[0m
2026-08-01 12:31:14 [INFO]: [0mGET /images/hero/rubber-plant.jpg [36m304[0m 0.536 ms - -[0m
2026-08-01 12:31:14 [INFO]: [0mGET /images/hero/aloe-vera.jpg [36m304[0m 1.017 ms - -[0m
2026-08-01 12:31:14 [INFO]: [0mGET /images/hero/areca-palm.jpg [36m304[0m 1.259 ms - -[0m
2026-08-01 12:31:14 [INFO]: [0mGET /images/hero/jade-plant.jpg [36m304[0m 0.929 ms - -[0m
2026-08-01 12:31:14 [INFO]: [0mGET /images/hero/golden-pothos.jpg [36m304[0m 0.649 ms - -[0m
2026-08-01 12:31:14 [INFO]: [0mGET /images/hero/fiddle-leaf-fig.jpg [36m304[0m 0.825 ms - -[0m
2026-08-01 12:31:14 [INFO]: [0mGET /images/hero/why-choose.jpg [36m304[0m 1.029 ms - -[0m
2026-08-01 12:31:14 [INFO]: [0mGET /images/logo/plantora-orgn-white.png [36m304[0m 1.226 ms - -[0m
2026-08-01 12:31:14 [INFO]: [0mGET /%7B%20%20publicId:%20'/public/default/profile.png',%20%20url:%20'https://res.cloudinary.com/desmwasfe/image/upload/v1781973939/default-avatar_d6ofmr.png'%7D [33m404[0m 90.821 ms - 236[0m
2026-08-01 12:31:21 [INFO]: [0mGET / [36m304[0m 89.634 ms - -[0m
2026-08-01 12:31:21 [INFO]: [0mGET /css/style.css [36m304[0m 0.743 ms - -[0m
2026-08-01 12:31:21 [INFO]: [0mGET /images/logo/plantora.png [36m304[0m 0.678 ms - -[0m
2026-08-01 12:31:21 [INFO]: [0mGET /images/hero/hero-placeholder.png [36m304[0m 0.139 ms - -[0m
2026-08-01 12:31:21 [INFO]: [0mGET /images/hero/monstera-plant.jpg [36m304[0m 0.234 ms - -[0m
2026-08-01 12:31:21 [INFO]: [0mGET /js/header.js [36m304[0m 0.168 ms - -[0m
2026-08-01 12:31:21 [INFO]: [0mGET /js/featured.js [36m304[0m 0.287 ms - -[0m
2026-08-01 12:31:21 [INFO]: [0mGET /js/why-choose.js [36m304[0m 0.219 ms - -[0m
2026-08-01 12:31:21 [INFO]: [0mGET /js/notification.js [36m304[0m 0.143 ms - -[0m
2026-08-01 12:31:21 [INFO]: [0mGET /js/footer.js [36m304[0m 0.185 ms - -[0m
2026-08-01 12:31:21 [INFO]: [0mGET /js/auth.js [36m304[0m 0.102 ms - -[0m
2026-08-01 12:31:21 [INFO]: [0mGET /images/hero/snake-plant.jpg [36m304[0m 0.383 ms - -[0m
2026-08-01 12:31:21 [INFO]: [0mGET /css/variables.css [36m304[0m 0.494 ms - -[0m
2026-08-01 12:31:21 [INFO]: [0mGET /css/utilities.css [36m304[0m 0.153 ms - -[0m
2026-08-01 12:31:21 [INFO]: [0mGET /css/animations.css [36m304[0m 0.277 ms - -[0m
2026-08-01 12:31:21 [INFO]: [0mGET /css/announcement.css [36m304[0m 0.758 ms - -[0m
2026-08-01 12:31:21 [INFO]: [0mGET /css/hero.css [36m304[0m 0.617 ms - -[0m
2026-08-01 12:31:21 [INFO]: [0mGET /css/featured.css [36m304[0m 0.415 ms - -[0m
2026-08-01 12:31:21 [INFO]: [0mGET /css/why-choose.css [36m304[0m 0.709 ms - -[0m
2026-08-01 12:31:21 [INFO]: [0mGET /css/footer.css [36m304[0m 0.515 ms - -[0m
2026-08-01 12:31:21 [INFO]: [0mGET /css/auth.css [36m304[0m 0.296 ms - -[0m
2026-08-01 12:31:21 [INFO]: [0mGET /css/verify.css [36m304[0m 0.392 ms - -[0m
2026-08-01 12:31:21 [INFO]: [0mGET /css/header.css [32m200[0m 1.787 ms - -[0m
2026-08-01 12:31:21 [INFO]: [0mGET /images/hero/peace-lily.jpg [36m304[0m 0.214 ms - -[0m
2026-08-01 12:31:21 [INFO]: [0mGET /images/hero/tulip-plant.jpg [36m304[0m 0.544 ms - -[0m
2026-08-01 12:31:21 [INFO]: [0mGET /images/hero/rubber-plant.jpg [36m304[0m 0.158 ms - -[0m
2026-08-01 12:31:21 [INFO]: [0mGET /images/hero/aloe-vera.jpg [36m304[0m 0.093 ms - -[0m
2026-08-01 12:31:21 [INFO]: [0mGET /images/hero/areca-palm.jpg [36m304[0m 0.099 ms - -[0m
2026-08-01 12:31:21 [INFO]: [0mGET /images/hero/jade-plant.jpg [36m304[0m 0.276 ms - -[0m
2026-08-01 12:31:21 [INFO]: [0mGET /images/hero/golden-pothos.jpg [36m304[0m 0.107 ms - -[0m
2026-08-01 12:31:21 [INFO]: [0mGET /images/hero/fiddle-leaf-fig.jpg [36m304[0m 0.554 ms - -[0m
2026-08-01 12:31:21 [INFO]: [0mGET /images/hero/why-choose.jpg [36m304[0m 0.637 ms - -[0m
2026-08-01 12:31:21 [INFO]: [0mGET /images/logo/plantora-orgn-white.png [36m304[0m 0.741 ms - -[0m
2026-08-01 12:31:21 [INFO]: [0mGET /%7B%20%20publicId:%20'/public/default/profile.png',%20%20url:%20'https://res.cloudinary.com/desmwasfe/image/upload/v1781973939/default-avatar_d6ofmr.png'%7D [33m404[0m 80.329 ms - 236[0m
2026-08-01 12:31:22 [INFO]: [0mGET / [36m304[0m 89.526 ms - -[0m
2026-08-01 12:31:22 [INFO]: [0mGET /css/style.css [36m304[0m 0.703 ms - -[0m
2026-08-01 12:31:22 [INFO]: [0mGET /images/logo/plantora.png [36m304[0m 0.933 ms - -[0m
2026-08-01 12:31:22 [INFO]: [0mGET /images/hero/hero-placeholder.png [36m304[0m 0.614 ms - -[0m
2026-08-01 12:31:22 [INFO]: [0mGET /images/hero/monstera-plant.jpg [36m304[0m 0.722 ms - -[0m
2026-08-01 12:31:22 [INFO]: [0mGET /js/header.js [36m304[0m 0.743 ms - -[0m
2026-08-01 12:31:22 [INFO]: [0mGET /js/featured.js [36m304[0m 1.546 ms - -[0m
2026-08-01 12:31:22 [INFO]: [0mGET /css/variables.css [36m304[0m 1.237 ms - -[0m
2026-08-01 12:31:22 [INFO]: [0mGET /css/utilities.css [36m304[0m 1.358 ms - -[0m
2026-08-01 12:31:22 [INFO]: [0mGET /css/animations.css [36m304[0m 0.420 ms - -[0m
2026-08-01 12:31:22 [INFO]: [0mGET /css/announcement.css [36m304[0m 1.807 ms - -[0m
2026-08-01 12:31:22 [INFO]: [0mGET /css/header.css [36m304[0m 1.317 ms - -[0m
2026-08-01 12:31:22 [INFO]: [0mGET /css/hero.css [36m304[0m 1.361 ms - -[0m
2026-08-01 12:31:22 [INFO]: [0mGET /css/featured.css [36m304[0m 2.009 ms - -[0m
2026-08-01 12:31:22 [INFO]: [0mGET /css/why-choose.css [36m304[0m 0.843 ms - -[0m
2026-08-01 12:31:22 [INFO]: [0mGET /css/footer.css [36m304[0m 1.109 ms - -[0m
2026-08-01 12:31:22 [INFO]: [0mGET /css/auth.css [36m304[0m 1.126 ms - -[0m
2026-08-01 12:31:22 [INFO]: [0mGET /css/verify.css [36m304[0m 0.291 ms - -[0m
2026-08-01 12:31:22 [INFO]: [0mGET /js/why-choose.js [36m304[0m 0.813 ms - -[0m
2026-08-01 12:31:22 [INFO]: [0mGET /js/notification.js [36m304[0m 0.715 ms - -[0m
2026-08-01 12:31:22 [INFO]: [0mGET /js/footer.js [36m304[0m 0.374 ms - -[0m
2026-08-01 12:31:22 [INFO]: [0mGET /js/auth.js [36m304[0m 0.586 ms - -[0m
2026-08-01 12:31:22 [INFO]: [0mGET /images/hero/snake-plant.jpg [36m304[0m 0.205 ms - -[0m
2026-08-01 12:31:22 [INFO]: [0mGET /images/hero/peace-lily.jpg [36m304[0m 0.499 ms - -[0m
2026-08-01 12:31:22 [INFO]: [0mGET /images/hero/tulip-plant.jpg [36m304[0m 0.211 ms - -[0m
2026-08-01 12:31:22 [INFO]: [0mGET /images/hero/rubber-plant.jpg [36m304[0m 0.356 ms - -[0m
2026-08-01 12:31:22 [INFO]: [0mGET /images/hero/aloe-vera.jpg [36m304[0m 0.543 ms - -[0m
2026-08-01 12:31:22 [INFO]: [0mGET /images/hero/areca-palm.jpg [36m304[0m 0.290 ms - -[0m
2026-08-01 12:31:22 [INFO]: [0mGET /images/hero/jade-plant.jpg [36m304[0m 0.442 ms - -[0m
2026-08-01 12:31:22 [INFO]: [0mGET /images/hero/golden-pothos.jpg [36m304[0m 0.216 ms - -[0m
2026-08-01 12:31:22 [INFO]: [0mGET /images/hero/fiddle-leaf-fig.jpg [36m304[0m 0.404 ms - -[0m
2026-08-01 12:31:22 [INFO]: [0mGET /images/hero/why-choose.jpg [36m304[0m 0.183 ms - -[0m
2026-08-01 12:31:22 [INFO]: [0mGET /images/logo/plantora-orgn-white.png [36m304[0m 0.289 ms - -[0m
2026-08-01 12:31:22 [INFO]: [0mGET /%7B%20%20publicId:%20'/public/default/profile.png',%20%20url:%20'https://res.cloudinary.com/desmwasfe/image/upload/v1781973939/default-avatar_d6ofmr.png'%7D [33m404[0m 78.351 ms - 236[0m
2026-08-01 12:31:56 [INFO]: [0mGET / [36m304[0m 80.963 ms - -[0m
2026-08-01 12:31:56 [INFO]: [0mGET /css/style.css [36m304[0m 0.392 ms - -[0m
2026-08-01 12:31:56 [INFO]: [0mGET /images/logo/plantora.png [36m304[0m 0.175 ms - -[0m
2026-08-01 12:31:56 [INFO]: [0mGET /images/hero/hero-placeholder.png [36m304[0m 0.105 ms - -[0m
2026-08-01 12:31:56 [INFO]: [0mGET /images/hero/monstera-plant.jpg [36m304[0m 0.247 ms - -[0m
2026-08-01 12:31:56 [INFO]: [0mGET /js/header.js [36m304[0m 0.136 ms - -[0m
2026-08-01 12:31:56 [INFO]: [0mGET /js/featured.js [36m304[0m 0.343 ms - -[0m
2026-08-01 12:31:56 [INFO]: [0mGET /js/why-choose.js [36m304[0m 0.127 ms - -[0m
2026-08-01 12:31:56 [INFO]: [0mGET /css/variables.css [36m304[0m 0.100 ms - -[0m
2026-08-01 12:31:56 [INFO]: [0mGET /css/utilities.css [36m304[0m 0.351 ms - -[0m
2026-08-01 12:31:56 [INFO]: [0mGET /css/animations.css [36m304[0m 0.509 ms - -[0m
2026-08-01 12:31:56 [INFO]: [0mGET /css/announcement.css [36m304[0m 0.705 ms - -[0m
2026-08-01 12:31:56 [INFO]: [0mGET /css/hero.css [36m304[0m 0.173 ms - -[0m
2026-08-01 12:31:56 [INFO]: [0mGET /css/featured.css [36m304[0m 0.471 ms - -[0m
2026-08-01 12:31:56 [INFO]: [0mGET /css/why-choose.css [36m304[0m 0.552 ms - -[0m
2026-08-01 12:31:56 [INFO]: [0mGET /css/footer.css [36m304[0m 0.608 ms - -[0m
2026-08-01 12:31:56 [INFO]: [0mGET /css/auth.css [36m304[0m 0.849 ms - -[0m
2026-08-01 12:31:56 [INFO]: [0mGET /css/verify.css [36m304[0m 1.152 ms - -[0m
2026-08-01 12:31:56 [INFO]: [0mGET /js/notification.js [36m304[0m 0.998 ms - -[0m
2026-08-01 12:31:56 [INFO]: [0mGET /css/header.css [32m200[0m 1.913 ms - -[0m
2026-08-01 12:31:56 [INFO]: [0mGET /js/footer.js [36m304[0m 0.230 ms - -[0m
2026-08-01 12:31:56 [INFO]: [0mGET /js/auth.js [36m304[0m 0.270 ms - -[0m
2026-08-01 12:31:56 [INFO]: [0mGET /images/hero/snake-plant.jpg [36m304[0m 0.246 ms - -[0m
2026-08-01 12:31:56 [INFO]: [0mGET /images/hero/peace-lily.jpg [36m304[0m 0.372 ms - -[0m
2026-08-01 12:31:56 [INFO]: [0mGET /images/hero/tulip-plant.jpg [36m304[0m 0.214 ms - -[0m
2026-08-01 12:31:56 [INFO]: [0mGET /images/hero/rubber-plant.jpg [36m304[0m 0.453 ms - -[0m
2026-08-01 12:31:56 [INFO]: [0mGET /images/hero/aloe-vera.jpg [36m304[0m 0.106 ms - -[0m
2026-08-01 12:31:56 [INFO]: [0mGET /images/hero/areca-palm.jpg [36m304[0m 0.262 ms - -[0m
2026-08-01 12:31:56 [INFO]: [0mGET /images/hero/jade-plant.jpg [36m304[0m 0.385 ms - -[0m
2026-08-01 12:31:56 [INFO]: [0mGET /images/hero/golden-pothos.jpg [36m304[0m 0.176 ms - -[0m
2026-08-01 12:31:56 [INFO]: [0mGET /images/hero/fiddle-leaf-fig.jpg [36m304[0m 0.249 ms - -[0m
2026-08-01 12:31:56 [INFO]: [0mGET /images/hero/why-choose.jpg [36m304[0m 0.895 ms - -[0m
2026-08-01 12:31:56 [INFO]: [0mGET /images/logo/plantora-orgn-white.png [36m304[0m 0.461 ms - -[0m
2026-08-01 12:31:56 [INFO]: [0mGET /%7B%20%20publicId:%20'/public/default/profile.png',%20%20url:%20'https://res.cloudinary.com/desmwasfe/image/upload/v1781973939/default-avatar_d6ofmr.png'%7D [33m404[0m 77.781 ms - 236[0m
2026-08-01 12:32:12 [INFO]: [0mGET / [36m304[0m 90.758 ms - -[0m
2026-08-01 12:32:12 [INFO]: [0mGET /css/style.css [36m304[0m 0.269 ms - -[0m
2026-08-01 12:32:12 [INFO]: [0mGET /images/logo/plantora.png [36m304[0m 0.458 ms - -[0m
2026-08-01 12:32:12 [INFO]: [0mGET /images/hero/hero-placeholder.png [36m304[0m 0.437 ms - -[0m
2026-08-01 12:32:12 [INFO]: [0mGET /images/hero/monstera-plant.jpg [36m304[0m 0.731 ms - -[0m
2026-08-01 12:32:12 [INFO]: [0mGET /js/header.js [36m304[0m 0.280 ms - -[0m
2026-08-01 12:32:12 [INFO]: [0mGET /js/featured.js [36m304[0m 0.198 ms - -[0m
2026-08-01 12:32:12 [INFO]: [0mGET /js/why-choose.js [36m304[0m 0.597 ms - -[0m
2026-08-01 12:32:12 [INFO]: [0mGET /js/notification.js [36m304[0m 0.843 ms - -[0m
2026-08-01 12:32:12 [INFO]: [0mGET /css/variables.css [36m304[0m 0.971 ms - -[0m
2026-08-01 12:32:12 [INFO]: [0mGET /css/utilities.css [36m304[0m 0.575 ms - -[0m
2026-08-01 12:32:12 [INFO]: [0mGET /css/animations.css [36m304[0m 0.921 ms - -[0m
2026-08-01 12:32:12 [INFO]: [0mGET /css/announcement.css [36m304[0m 0.768 ms - -[0m
2026-08-01 12:32:12 [INFO]: [0mGET /css/hero.css [36m304[0m 0.733 ms - -[0m
2026-08-01 12:32:12 [INFO]: [0mGET /css/featured.css [36m304[0m 0.814 ms - -[0m
2026-08-01 12:32:12 [INFO]: [0mGET /css/why-choose.css [36m304[0m 0.954 ms - -[0m
2026-08-01 12:32:12 [INFO]: [0mGET /css/footer.css [36m304[0m 0.497 ms - -[0m
2026-08-01 12:32:12 [INFO]: [0mGET /css/auth.css [36m304[0m 0.597 ms - -[0m
2026-08-01 12:32:12 [INFO]: [0mGET /css/verify.css [36m304[0m 0.431 ms - -[0m
2026-08-01 12:32:12 [INFO]: [0mGET /css/header.css [32m200[0m 3.116 ms - -[0m
2026-08-01 12:32:12 [INFO]: [0mGET /js/footer.js [36m304[0m 0.305 ms - -[0m
2026-08-01 12:32:12 [INFO]: [0mGET /js/auth.js [36m304[0m 0.142 ms - -[0m
2026-08-01 12:32:12 [INFO]: [0mGET /images/hero/snake-plant.jpg [36m304[0m 0.144 ms - -[0m
2026-08-01 12:32:12 [INFO]: [0mGET /images/hero/peace-lily.jpg [36m304[0m 0.142 ms - -[0m
2026-08-01 12:32:12 [INFO]: [0mGET /images/hero/tulip-plant.jpg [36m304[0m 0.175 ms - -[0m
2026-08-01 12:32:12 [INFO]: [0mGET /images/hero/rubber-plant.jpg [36m304[0m 0.150 ms - -[0m
2026-08-01 12:32:12 [INFO]: [0mGET /images/hero/aloe-vera.jpg [36m304[0m 0.133 ms - -[0m
2026-08-01 12:32:12 [INFO]: [0mGET /images/hero/areca-palm.jpg [36m304[0m 0.112 ms - -[0m
2026-08-01 12:32:12 [INFO]: [0mGET /images/hero/jade-plant.jpg [36m304[0m 0.176 ms - -[0m
2026-08-01 12:32:12 [INFO]: [0mGET /images/hero/golden-pothos.jpg [36m304[0m 0.381 ms - -[0m
2026-08-01 12:32:12 [INFO]: [0mGET /images/hero/fiddle-leaf-fig.jpg [36m304[0m 0.624 ms - -[0m
2026-08-01 12:32:12 [INFO]: [0mGET /images/hero/why-choose.jpg [36m304[0m 0.170 ms - -[0m
2026-08-01 12:32:12 [INFO]: [0mGET /images/logo/plantora-orgn-white.png [36m304[0m 0.140 ms - -[0m
2026-08-01 12:32:12 [INFO]: [0mGET /%7B%20%20publicId:%20'/public/default/profile.png',%20%20url:%20'https://res.cloudinary.com/desmwasfe/image/upload/v1781973939/default-avatar_d6ofmr.png'%7D [33m404[0m 80.935 ms - 236[0m
2026-08-01 12:32:13 [INFO]: [0mGET / [36m304[0m 85.565 ms - -[0m
2026-08-01 12:32:13 [INFO]: [0mGET /css/style.css [36m304[0m 0.356 ms - -[0m
2026-08-01 12:32:13 [INFO]: [0mGET /images/logo/plantora.png [36m304[0m 0.498 ms - -[0m
2026-08-01 12:32:13 [INFO]: [0mGET /images/hero/hero-placeholder.png [36m304[0m 0.318 ms - -[0m
2026-08-01 12:32:13 [INFO]: [0mGET /images/hero/monstera-plant.jpg [36m304[0m 0.217 ms - -[0m
2026-08-01 12:32:13 [INFO]: [0mGET /js/header.js [36m304[0m 0.424 ms - -[0m
2026-08-01 12:32:13 [INFO]: [0mGET /js/featured.js [36m304[0m 1.247 ms - -[0m
2026-08-01 12:32:13 [INFO]: [0mGET /css/variables.css [36m304[0m 1.095 ms - -[0m
2026-08-01 12:32:13 [INFO]: [0mGET /css/utilities.css [36m304[0m 0.441 ms - -[0m
2026-08-01 12:32:13 [INFO]: [0mGET /css/animations.css [36m304[0m 0.516 ms - -[0m
2026-08-01 12:32:13 [INFO]: [0mGET /css/announcement.css [36m304[0m 0.189 ms - -[0m
2026-08-01 12:32:13 [INFO]: [0mGET /css/header.css [36m304[0m 0.337 ms - -[0m
2026-08-01 12:32:13 [INFO]: [0mGET /css/hero.css [36m304[0m 0.125 ms - -[0m
2026-08-01 12:32:13 [INFO]: [0mGET /css/featured.css [36m304[0m 0.122 ms - -[0m
2026-08-01 12:32:13 [INFO]: [0mGET /css/why-choose.css [36m304[0m 0.236 ms - -[0m
2026-08-01 12:32:13 [INFO]: [0mGET /css/footer.css [36m304[0m 0.388 ms - -[0m
2026-08-01 12:32:13 [INFO]: [0mGET /css/auth.css [36m304[0m 0.568 ms - -[0m
2026-08-01 12:32:13 [INFO]: [0mGET /css/verify.css [36m304[0m 0.158 ms - -[0m
2026-08-01 12:32:13 [INFO]: [0mGET /js/why-choose.js [36m304[0m 0.177 ms - -[0m
2026-08-01 12:32:13 [INFO]: [0mGET /js/notification.js [36m304[0m 0.115 ms - -[0m
2026-08-01 12:32:13 [INFO]: [0mGET /js/footer.js [36m304[0m 0.177 ms - -[0m
2026-08-01 12:32:13 [INFO]: [0mGET /js/auth.js [36m304[0m 0.319 ms - -[0m
2026-08-01 12:32:13 [INFO]: [0mGET /images/hero/snake-plant.jpg [36m304[0m 0.184 ms - -[0m
2026-08-01 12:32:13 [INFO]: [0mGET /images/hero/peace-lily.jpg [36m304[0m 0.190 ms - -[0m
2026-08-01 12:32:13 [INFO]: [0mGET /images/hero/tulip-plant.jpg [36m304[0m 0.314 ms - -[0m
2026-08-01 12:32:13 [INFO]: [0mGET /images/hero/rubber-plant.jpg [36m304[0m 0.170 ms - -[0m
2026-08-01 12:32:13 [INFO]: [0mGET /images/hero/aloe-vera.jpg [36m304[0m 0.309 ms - -[0m
2026-08-01 12:32:13 [INFO]: [0mGET /images/hero/areca-palm.jpg [36m304[0m 0.164 ms - -[0m
2026-08-01 12:32:13 [INFO]: [0mGET /images/hero/jade-plant.jpg [36m304[0m 0.194 ms - -[0m
2026-08-01 12:32:13 [INFO]: [0mGET /images/hero/golden-pothos.jpg [36m304[0m 0.309 ms - -[0m
2026-08-01 12:32:13 [INFO]: [0mGET /images/hero/fiddle-leaf-fig.jpg [36m304[0m 0.272 ms - -[0m
2026-08-01 12:32:13 [INFO]: [0mGET /images/hero/why-choose.jpg [36m304[0m 0.444 ms - -[0m
2026-08-01 12:32:13 [INFO]: [0mGET /images/logo/plantora-orgn-white.png [36m304[0m 0.160 ms - -[0m
2026-08-01 12:32:13 [INFO]: [0mGET /%7B%20%20publicId:%20'/public/default/profile.png',%20%20url:%20'https://res.cloudinary.com/desmwasfe/image/upload/v1781973939/default-avatar_d6ofmr.png'%7D [33m404[0m 83.078 ms - 236[0m
2026-08-01 12:32:15 [INFO]: [0mGET /css/style.css [36m304[0m 1.540 ms - -[0m
2026-08-01 12:32:15 [INFO]: [0mGET /css/variables.css [36m304[0m 1.506 ms - -[0m
2026-08-01 12:32:15 [INFO]: [0mGET /css/utilities.css [36m304[0m 1.596 ms - -[0m
2026-08-01 12:32:15 [INFO]: [0mGET /css/animations.css [36m304[0m 1.639 ms - -[0m
2026-08-01 12:32:15 [INFO]: [0mGET /css/announcement.css [36m304[0m 1.776 ms - -[0m
2026-08-01 12:32:15 [INFO]: [0mGET /css/header.css [36m304[0m 1.942 ms - -[0m
2026-08-01 12:32:15 [INFO]: [0mGET /css/hero.css [36m304[0m 0.557 ms - -[0m
2026-08-01 12:32:15 [INFO]: [0mGET /css/featured.css [36m304[0m 0.714 ms - -[0m
2026-08-01 12:32:15 [INFO]: [0mGET /css/why-choose.css [36m304[0m 0.782 ms - -[0m
2026-08-01 12:32:15 [INFO]: [0mGET /css/footer.css [36m304[0m 0.883 ms - -[0m
2026-08-01 12:32:15 [INFO]: [0mGET /css/auth.css [36m304[0m 0.222 ms - -[0m
2026-08-01 12:32:15 [INFO]: [0mGET /css/verify.css [36m304[0m 0.372 ms - -[0m
2026-08-01 12:32:15 [INFO]: [0mGET /.well-known/appspecific/com.chrome.devtools.json [33m404[0m 327.542 ms - 112[0m
2026-08-01 12:32:46 [INFO]: [0mGET /notifications/latest [36m304[0m 171.522 ms - -[0m
2026-08-01 12:32:52 [INFO]: [0mGET /.well-known/appspecific/com.chrome.devtools.json [33m404[0m 87.178 ms - 112[0m
2026-08-01 12:33:33 [INFO]: [0mGET / [36m304[0m 80.861 ms - -[0m
2026-08-01 12:33:33 [INFO]: [0mGET /css/style.css [36m304[0m 0.203 ms - -[0m
2026-08-01 12:33:33 [INFO]: [0mGET /images/logo/plantora.png [36m304[0m 0.219 ms - -[0m
2026-08-01 12:33:33 [INFO]: [0mGET /images/hero/hero-placeholder.png [36m304[0m 0.714 ms - -[0m
2026-08-01 12:33:33 [INFO]: [0mGET /images/hero/monstera-plant.jpg [36m304[0m 0.365 ms - -[0m
2026-08-01 12:33:33 [INFO]: [0mGET /js/header.js [36m304[0m 0.180 ms - -[0m
2026-08-01 12:33:33 [INFO]: [0mGET /js/featured.js [36m304[0m 0.332 ms - -[0m
2026-08-01 12:33:33 [INFO]: [0mGET /css/variables.css [36m304[0m 0.403 ms - -[0m
2026-08-01 12:33:33 [INFO]: [0mGET /css/utilities.css [36m304[0m 0.647 ms - -[0m
2026-08-01 12:33:33 [INFO]: [0mGET /css/animations.css [36m304[0m 0.912 ms - -[0m
2026-08-01 12:33:33 [INFO]: [0mGET /js/why-choose.js [36m304[0m 1.743 ms - -[0m
2026-08-01 12:33:33 [INFO]: [0mGET /css/announcement.css [36m304[0m 2.626 ms - -[0m
2026-08-01 12:33:33 [INFO]: [0mGET /css/hero.css [36m304[0m 1.617 ms - -[0m
2026-08-01 12:33:33 [INFO]: [0mGET /css/featured.css [36m304[0m 1.277 ms - -[0m
2026-08-01 12:33:33 [INFO]: [0mGET /css/why-choose.css [36m304[0m 1.568 ms - -[0m
2026-08-01 12:33:33 [INFO]: [0mGET /css/footer.css [36m304[0m 0.799 ms - -[0m
2026-08-01 12:33:33 [INFO]: [0mGET /css/auth.css [36m304[0m 2.046 ms - -[0m
2026-08-01 12:33:33 [INFO]: [0mGET /css/verify.css [36m304[0m 0.606 ms - -[0m
2026-08-01 12:33:33 [INFO]: [0mGET /js/notification.js [36m304[0m 0.620 ms - -[0m
2026-08-01 12:33:33 [INFO]: [0mGET /css/header.css [32m200[0m 6.005 ms - -[0m
2026-08-01 12:33:33 [INFO]: [0mGET /js/footer.js [36m304[0m 1.337 ms - -[0m
2026-08-01 12:33:33 [INFO]: [0mGET /js/auth.js [36m304[0m 0.910 ms - -[0m
2026-08-01 12:33:33 [INFO]: [0mGET /images/hero/snake-plant.jpg [36m304[0m 0.916 ms - -[0m
2026-08-01 12:33:33 [INFO]: [0mGET /images/hero/peace-lily.jpg [36m304[0m 0.810 ms - -[0m
2026-08-01 12:33:33 [INFO]: [0mGET /images/hero/tulip-plant.jpg [36m304[0m 0.233 ms - -[0m
2026-08-01 12:33:33 [INFO]: [0mGET /images/hero/rubber-plant.jpg [36m304[0m 0.208 ms - -[0m
2026-08-01 12:33:33 [INFO]: [0mGET /images/hero/aloe-vera.jpg [36m304[0m 0.172 ms - -[0m
2026-08-01 12:33:33 [INFO]: [0mGET /images/hero/areca-palm.jpg [36m304[0m 0.164 ms - -[0m
2026-08-01 12:33:33 [INFO]: [0mGET /images/hero/jade-plant.jpg [36m304[0m 0.155 ms - -[0m
2026-08-01 12:33:33 [INFO]: [0mGET /images/hero/golden-pothos.jpg [36m304[0m 0.996 ms - -[0m
2026-08-01 12:33:33 [INFO]: [0mGET /images/hero/fiddle-leaf-fig.jpg [36m304[0m 0.283 ms - -[0m
2026-08-01 12:33:33 [INFO]: [0mGET /images/hero/why-choose.jpg [36m304[0m 0.428 ms - -[0m
2026-08-01 12:33:33 [INFO]: [0mGET /%7B%20%20publicId:%20'/public/default/profile.png',%20%20url:%20'https://res.cloudinary.com/desmwasfe/image/upload/v1781973939/default-avatar_d6ofmr.png'%7D [33m404[0m 78.846 ms - 236[0m
2026-08-01 12:33:33 [INFO]: [0mGET /images/logo/plantora-orgn-white.png [36m304[0m 0.421 ms - -[0m
2026-08-01 12:34:35 [INFO]: MongoDB connected successfully.
2026-08-01 12:34:38 [INFO]: MongoDB connected successfully.
2026-08-01 12:34:41 [INFO]: MongoDB connected successfully.
2026-08-01 12:34:44 [INFO]: Email server connected successfully.
2026-08-01 12:34:44 [INFO]: Server is running on port 5132.
2026-08-01 12:35:16 [INFO]: MongoDB connected successfully.
2026-08-01 12:35:18 [INFO]: MongoDB connected successfully.
2026-08-01 12:35:21 [INFO]: Email server connected successfully.
2026-08-01 12:35:21 [INFO]: Server is running on port 5132.
2026-08-01 12:35:21 [INFO]: [0mGET / [36m304[0m 90.289 ms - -[0m
2026-08-01 12:35:21 [INFO]: [0mGET /css/style.css [36m304[0m 1.091 ms - -[0m
2026-08-01 12:35:21 [INFO]: [0mGET /images/logo/plantora.png [36m304[0m 1.320 ms - -[0m
2026-08-01 12:35:21 [INFO]: [0mGET /images/hero/hero-placeholder.png [36m304[0m 0.543 ms - -[0m
2026-08-01 12:35:21 [INFO]: [0mGET /images/hero/monstera-plant.jpg [36m304[0m 0.670 ms - -[0m
2026-08-01 12:35:21 [INFO]: [0mGET /js/featured.js [36m304[0m 0.548 ms - -[0m
2026-08-01 12:35:21 [INFO]: [0mGET /css/variables.css [36m304[0m 0.831 ms - -[0m
2026-08-01 12:35:21 [INFO]: [0mGET /js/header.js [32m200[0m 3.362 ms - -[0m
2026-08-01 12:35:21 [INFO]: [0mGET /css/utilities.css [36m304[0m 1.711 ms - -[0m
2026-08-01 12:35:21 [INFO]: [0mGET /css/animations.css [36m304[0m 1.866 ms - -[0m
2026-08-01 12:35:21 [INFO]: [0mGET /css/header.css [36m304[0m 2.150 ms - -[0m
2026-08-01 12:35:21 [INFO]: [0mGET /css/announcement.css [36m304[0m 1.347 ms - -[0m
2026-08-01 12:35:21 [INFO]: [0mGET /css/hero.css [36m304[0m 1.154 ms - -[0m
2026-08-01 12:35:21 [INFO]: [0mGET /css/featured.css [36m304[0m 1.307 ms - -[0m
2026-08-01 12:35:21 [INFO]: [0mGET /css/why-choose.css [36m304[0m 1.490 ms - -[0m
2026-08-01 12:35:21 [INFO]: [0mGET /css/footer.css [36m304[0m 0.478 ms - -[0m
2026-08-01 12:35:21 [INFO]: [0mGET /css/auth.css [36m304[0m 0.667 ms - -[0m
2026-08-01 12:35:21 [INFO]: [0mGET /css/verify.css [36m304[0m 0.455 ms - -[0m
2026-08-01 12:35:21 [INFO]: [0mGET /js/why-choose.js [36m304[0m 0.132 ms - -[0m
2026-08-01 12:35:21 [INFO]: [0mGET /js/notification.js [36m304[0m 0.199 ms - -[0m
2026-08-01 12:35:21 [INFO]: [0mGET /js/footer.js [36m304[0m 0.394 ms - -[0m
2026-08-01 12:35:21 [INFO]: [0mGET /js/auth.js [36m304[0m 0.556 ms - -[0m
2026-08-01 12:35:21 [INFO]: [0mGET /images/hero/snake-plant.jpg [36m304[0m 0.256 ms - -[0m
2026-08-01 12:35:21 [INFO]: [0mGET /images/hero/peace-lily.jpg [36m304[0m 0.168 ms - -[0m
2026-08-01 12:35:21 [INFO]: [0mGET /images/hero/tulip-plant.jpg [36m304[0m 0.272 ms - -[0m
2026-08-01 12:35:21 [INFO]: [0mGET /images/hero/rubber-plant.jpg [36m304[0m 0.131 ms - -[0m
2026-08-01 12:35:21 [INFO]: [0mGET /images/hero/aloe-vera.jpg [36m304[0m 0.252 ms - -[0m
2026-08-01 12:35:21 [INFO]: [0mGET /images/hero/areca-palm.jpg [36m304[0m 0.271 ms - -[0m
2026-08-01 12:35:21 [INFO]: [0mGET /images/hero/jade-plant.jpg [36m304[0m 0.177 ms - -[0m
2026-08-01 12:35:21 [INFO]: [0mGET /images/hero/golden-pothos.jpg [36m304[0m 0.220 ms - -[0m
2026-08-01 12:35:21 [INFO]: [0mGET /images/hero/fiddle-leaf-fig.jpg [36m304[0m 0.329 ms - -[0m
2026-08-01 12:35:21 [INFO]: [0mGET /images/hero/why-choose.jpg [36m304[0m 0.353 ms - -[0m
2026-08-01 12:35:21 [INFO]: [0mGET /images/logo/plantora-orgn-white.png [36m304[0m 0.400 ms - -[0m
2026-08-01 12:35:21 [INFO]: [0mGET /%7B%20%20publicId:%20'/public/default/profile.png',%20%20url:%20'https://res.cloudinary.com/desmwasfe/image/upload/v1781973939/default-avatar_d6ofmr.png'%7D [33m404[0m 78.631 ms - 236[0m
2026-08-01 12:35:23 [INFO]: [0mGET /notifications/latest [36m304[0m 158.309 ms - -[0m
2026-08-01 12:35:31 [INFO]: MongoDB connected successfully.
2026-08-01 12:35:34 [INFO]: Email server connected successfully.
2026-08-01 12:35:34 [INFO]: Server is running on port 5132.
2026-08-01 12:35:34 [INFO]: [0mGET / [36m304[0m 98.541 ms - -[0m
2026-08-01 12:35:34 [INFO]: [0mGET /css/style.css [36m304[0m 1.394 ms - -[0m
2026-08-01 12:35:34 [INFO]: [0mGET /images/logo/plantora.png [36m304[0m 1.973 ms - -[0m
2026-08-01 12:35:34 [INFO]: [0mGET /images/hero/hero-placeholder.png [36m304[0m 1.286 ms - -[0m
2026-08-01 12:35:34 [INFO]: [0mGET /images/hero/monstera-plant.jpg [36m304[0m 0.408 ms - -[0m
2026-08-01 12:35:34 [INFO]: [0mGET /js/featured.js [36m304[0m 1.462 ms - -[0m
2026-08-01 12:35:34 [INFO]: [0mGET /css/variables.css [36m304[0m 0.851 ms - -[0m
2026-08-01 12:35:34 [INFO]: [0mGET /css/utilities.css [36m304[0m 1.054 ms - -[0m
2026-08-01 12:35:34 [INFO]: [0mGET /css/animations.css [36m304[0m 0.331 ms - -[0m
2026-08-01 12:35:34 [INFO]: [0mGET /css/announcement.css [36m304[0m 1.986 ms - -[0m
2026-08-01 12:35:34 [INFO]: [0mGET /css/header.css [36m304[0m 2.542 ms - -[0m
2026-08-01 12:35:34 [INFO]: [0mGET /css/hero.css [36m304[0m 1.026 ms - -[0m
2026-08-01 12:35:34 [INFO]: [0mGET /js/header.js [32m200[0m 4.943 ms - -[0m
2026-08-01 12:35:34 [INFO]: [0mGET /css/featured.css [36m304[0m 1.345 ms - -[0m
2026-08-01 12:35:34 [INFO]: [0mGET /css/why-choose.css [36m304[0m 1.399 ms - -[0m
2026-08-01 12:35:34 [INFO]: [0mGET /css/footer.css [36m304[0m 0.300 ms - -[0m
2026-08-01 12:35:34 [INFO]: [0mGET /css/auth.css [36m304[0m 0.270 ms - -[0m
2026-08-01 12:35:34 [INFO]: [0mGET /css/verify.css [36m304[0m 0.431 ms - -[0m
2026-08-01 12:35:34 [INFO]: [0mGET /js/why-choose.js [36m304[0m 0.264 ms - -[0m
2026-08-01 12:35:34 [INFO]: [0mGET /js/notification.js [36m304[0m 0.384 ms - -[0m
2026-08-01 12:35:34 [INFO]: [0mGET /js/footer.js [36m304[0m 0.539 ms - -[0m
2026-08-01 12:35:34 [INFO]: [0mGET /js/auth.js [36m304[0m 0.670 ms - -[0m
2026-08-01 12:35:34 [INFO]: [0mGET /images/hero/snake-plant.jpg [36m304[0m 1.031 ms - -[0m
2026-08-01 12:35:34 [INFO]: [0mGET /images/hero/peace-lily.jpg [36m304[0m 0.160 ms - -[0m
2026-08-01 12:35:34 [INFO]: [0mGET /images/hero/tulip-plant.jpg [36m304[0m 0.212 ms - -[0m
2026-08-01 12:35:34 [INFO]: [0mGET /images/hero/rubber-plant.jpg [36m304[0m 0.249 ms - -[0m
2026-08-01 12:35:34 [INFO]: [0mGET /images/hero/aloe-vera.jpg [36m304[0m 0.491 ms - -[0m
2026-08-01 12:35:34 [INFO]: [0mGET /images/hero/areca-palm.jpg [36m304[0m 0.545 ms - -[0m
2026-08-01 12:35:34 [INFO]: [0mGET /images/hero/jade-plant.jpg [36m304[0m 0.542 ms - -[0m
2026-08-01 12:35:34 [INFO]: [0mGET /images/hero/golden-pothos.jpg [36m304[0m 0.582 ms - -[0m
2026-08-01 12:35:34 [INFO]: [0mGET /images/hero/fiddle-leaf-fig.jpg [36m304[0m 0.611 ms - -[0m
2026-08-01 12:35:34 [INFO]: [0mGET /images/hero/why-choose.jpg [36m304[0m 0.582 ms - -[0m
2026-08-01 12:35:34 [INFO]: [0mGET /images/logo/plantora-orgn-white.png [36m304[0m 2.106 ms - -[0m
2026-08-01 12:35:34 [INFO]: [0mGET /%7B%20%20publicId:%20'/public/default/profile.png',%20%20url:%20'https://res.cloudinary.com/desmwasfe/image/upload/v1781973939/default-avatar_d6ofmr.png'%7D [33m404[0m 89.129 ms - 236[0m
2026-08-01 12:35:36 [INFO]: [0mGET /notifications/latest [36m304[0m 174.039 ms - -[0m
2026-08-01 12:35:40 [INFO]: [0mGET /css/style.css [36m304[0m 1.430 ms - -[0m
2026-08-01 12:35:40 [INFO]: [0mGET /css/variables.css [36m304[0m 1.588 ms - -[0m
2026-08-01 12:35:40 [INFO]: [0mGET /css/utilities.css [36m304[0m 2.002 ms - -[0m
2026-08-01 12:35:40 [INFO]: [0mGET /css/animations.css [36m304[0m 2.195 ms - -[0m
2026-08-01 12:35:40 [INFO]: [0mGET /css/announcement.css [36m304[0m 2.555 ms - -[0m
2026-08-01 12:35:40 [INFO]: [0mGET /css/header.css [36m304[0m 2.884 ms - -[0m
2026-08-01 12:35:40 [INFO]: [0mGET /css/hero.css [36m304[0m 1.315 ms - -[0m
2026-08-01 12:35:40 [INFO]: [0mGET /css/featured.css [36m304[0m 1.381 ms - -[0m
2026-08-01 12:35:40 [INFO]: [0mGET /css/why-choose.css [36m304[0m 1.511 ms - -[0m
2026-08-01 12:35:40 [INFO]: [0mGET /css/footer.css [36m304[0m 1.327 ms - -[0m
2026-08-01 12:35:40 [INFO]: [0mGET /css/auth.css [36m304[0m 1.484 ms - -[0m
2026-08-01 12:35:40 [INFO]: [0mGET /css/verify.css [36m304[0m 0.317 ms - -[0m
2026-08-01 12:35:40 [INFO]: [0mGET /.well-known/appspecific/com.chrome.devtools.json [33m404[0m 90.625 ms - 112[0m
2026-08-01 12:36:04 [INFO]: MongoDB connected successfully.
2026-08-01 12:36:06 [INFO]: Email server connected successfully.
2026-08-01 12:36:06 [INFO]: Server is running on port 5132.
2026-08-01 12:36:56 [INFO]: [0mGET / [36m304[0m 103.029 ms - -[0m
2026-08-01 12:36:56 [INFO]: [0mGET /css/style.css [36m304[0m 1.585 ms - -[0m
2026-08-01 12:36:56 [INFO]: [0mGET /images/logo/plantora.png [36m304[0m 1.758 ms - -[0m
2026-08-01 12:36:57 [INFO]: [0mGET /images/hero/hero-placeholder.png [36m304[0m 1.722 ms - -[0m
2026-08-01 12:36:57 [INFO]: [0mGET /images/hero/monstera-plant.jpg [36m304[0m 0.619 ms - -[0m
2026-08-01 12:36:57 [INFO]: [0mGET /css/variables.css [36m304[0m 1.283 ms - -[0m
2026-08-01 12:36:57 [INFO]: [0mGET /css/utilities.css [36m304[0m 1.544 ms - -[0m
2026-08-01 12:36:57 [INFO]: [0mGET /css/animations.css [36m304[0m 1.987 ms - -[0m
2026-08-01 12:36:57 [INFO]: [0mGET /css/announcement.css [36m304[0m 1.215 ms - -[0m
2026-08-01 12:36:57 [INFO]: [0mGET /js/header.js [32m200[0m 6.046 ms - -[0m
2026-08-01 12:36:57 [INFO]: [0mGET /css/hero.css [36m304[0m 2.093 ms - -[0m
2026-08-01 12:36:57 [INFO]: [0mGET /%7B%20%20publicId:%20'/public/default/profile.png',%20%20url:%20'https://res.cloudinary.com/desmwasfe/image/upload/v1781973939/default-avatar_d6ofmr.png'%7D [33m404[0m 75.033 ms - 236[0m
2026-08-01 12:36:57 [INFO]: [0mGET /css/featured.css [36m304[0m 0.859 ms - -[0m
2026-08-01 12:36:57 [INFO]: [0mGET /css/why-choose.css [36m304[0m 0.939 ms - -[0m
2026-08-01 12:36:57 [INFO]: [0mGET /css/footer.css [36m304[0m 1.055 ms - -[0m
2026-08-01 12:36:57 [INFO]: [0mGET /css/header.css [32m200[0m 8.173 ms - -[0m
2026-08-01 12:36:57 [INFO]: [0mGET /css/auth.css [36m304[0m 1.080 ms - -[0m
2026-08-01 12:36:57 [INFO]: [0mGET /css/verify.css [36m304[0m 1.322 ms - -[0m
2026-08-01 12:36:57 [INFO]: [0mGET /js/featured.js [36m304[0m 0.252 ms - -[0m
2026-08-01 12:36:57 [INFO]: [0mGET /.well-known/appspecific/com.chrome.devtools.json [33m404[0m 77.355 ms - 112[0m
2026-08-01 12:36:57 [INFO]: [0mGET /js/why-choose.js [36m304[0m 0.712 ms - -[0m
2026-08-01 12:36:57 [INFO]: [0mGET /js/notification.js [36m304[0m 1.115 ms - -[0m
2026-08-01 12:36:57 [INFO]: [0mGET /js/footer.js [36m304[0m 1.559 ms - -[0m
2026-08-01 12:36:57 [INFO]: [0mGET /js/auth.js [36m304[0m 1.942 ms - -[0m
2026-08-01 12:36:57 [INFO]: [0mGET /images/hero/snake-plant.jpg [36m304[0m 0.345 ms - -[0m
2026-08-01 12:36:57 [INFO]: [0mGET /images/hero/peace-lily.jpg [36m304[0m 0.703 ms - -[0m
2026-08-01 12:36:57 [INFO]: [0mGET /images/hero/tulip-plant.jpg [36m304[0m 0.248 ms - -[0m
2026-08-01 12:36:57 [INFO]: [0mGET /images/hero/rubber-plant.jpg [36m304[0m 0.383 ms - -[0m
2026-08-01 12:36:57 [INFO]: [0mGET /images/hero/aloe-vera.jpg [36m304[0m 0.683 ms - -[0m
2026-08-01 12:36:57 [INFO]: [0mGET /images/logo/plantora-orgn-white.png [36m304[0m 0.385 ms - -[0m
2026-08-01 12:36:57 [INFO]: [0mGET /images/hero/areca-palm.jpg [36m304[0m 0.395 ms - -[0m
2026-08-01 12:36:57 [INFO]: [0mGET /images/hero/jade-plant.jpg [36m304[0m 0.278 ms - -[0m
2026-08-01 12:36:57 [INFO]: [0mGET /images/hero/golden-pothos.jpg [36m304[0m 0.532 ms - -[0m
2026-08-01 12:36:57 [INFO]: [0mGET /images/hero/fiddle-leaf-fig.jpg [36m304[0m 0.458 ms - -[0m
2026-08-01 12:36:57 [INFO]: [0mGET /images/hero/why-choose.jpg [36m304[0m 0.356 ms - -[0m
2026-08-01 12:36:58 [INFO]: [0mGET /notifications/latest [36m304[0m 173.758 ms - -[0m
2026-08-01 12:37:34 [INFO]: [0mGET / [36m304[0m 81.323 ms - -[0m
2026-08-01 12:37:34 [INFO]: [0mGET /css/style.css [36m304[0m 0.772 ms - -[0m
2026-08-01 12:37:34 [INFO]: [0mGET /images/logo/plantora.png [36m304[0m 0.726 ms - -[0m
2026-08-01 12:37:34 [INFO]: [0mGET /images/hero/hero-placeholder.png [36m304[0m 0.325 ms - -[0m
2026-08-01 12:37:34 [INFO]: [0mGET /images/hero/monstera-plant.jpg [36m304[0m 0.674 ms - -[0m
2026-08-01 12:37:34 [INFO]: [0mGET /js/header.js [36m304[0m 0.388 ms - -[0m
2026-08-01 12:37:34 [INFO]: [0mGET /js/featured.js [36m304[0m 0.587 ms - -[0m
2026-08-01 12:37:34 [INFO]: [0mGET /js/why-choose.js [36m304[0m 0.292 ms - -[0m
2026-08-01 12:37:34 [INFO]: [0mGET /css/variables.css [36m304[0m 0.377 ms - -[0m
2026-08-01 12:37:34 [INFO]: [0mGET /css/utilities.css [36m304[0m 1.821 ms - -[0m
2026-08-01 12:37:34 [INFO]: [0mGET /css/animations.css [36m304[0m 1.913 ms - -[0m
2026-08-01 12:37:34 [INFO]: [0mGET /css/announcement.css [36m304[0m 2.124 ms - -[0m
2026-08-01 12:37:34 [INFO]: [0mGET /css/hero.css [36m304[0m 1.544 ms - -[0m
2026-08-01 12:37:34 [INFO]: [0mGET /css/featured.css [36m304[0m 0.495 ms - -[0m
2026-08-01 12:37:34 [INFO]: [0mGET /css/why-choose.css [36m304[0m 0.622 ms - -[0m
2026-08-01 12:37:34 [INFO]: [0mGET /css/footer.css [36m304[0m 0.769 ms - -[0m
2026-08-01 12:37:34 [INFO]: [0mGET /css/auth.css [36m304[0m 1.065 ms - -[0m
2026-08-01 12:37:34 [INFO]: [0mGET /css/verify.css [36m304[0m 0.241 ms - -[0m
2026-08-01 12:37:34 [INFO]: [0mGET /css/header.css [32m200[0m 4.043 ms - -[0m
2026-08-01 12:37:34 [INFO]: [0mGET /js/notification.js [36m304[0m 0.326 ms - -[0m
2026-08-01 12:37:34 [INFO]: [0mGET /js/footer.js [36m304[0m 0.135 ms - -[0m
2026-08-01 12:37:34 [INFO]: [0mGET /js/auth.js [36m304[0m 0.192 ms - -[0m
2026-08-01 12:37:34 [INFO]: [0mGET /images/hero/snake-plant.jpg [36m304[0m 0.512 ms - -[0m
2026-08-01 12:37:34 [INFO]: [0mGET /images/hero/peace-lily.jpg [36m304[0m 0.615 ms - -[0m
2026-08-01 12:37:34 [INFO]: [0mGET /images/hero/tulip-plant.jpg [36m304[0m 0.242 ms - -[0m
2026-08-01 12:37:34 [INFO]: [0mGET /images/hero/rubber-plant.jpg [36m304[0m 0.353 ms - -[0m
2026-08-01 12:37:34 [INFO]: [0mGET /images/hero/aloe-vera.jpg [36m304[0m 0.342 ms - -[0m
2026-08-01 12:37:34 [INFO]: [0mGET /images/hero/areca-palm.jpg [36m304[0m 0.710 ms - -[0m
2026-08-01 12:37:34 [INFO]: [0mGET /images/hero/jade-plant.jpg [36m304[0m 0.139 ms - -[0m
2026-08-01 12:37:34 [INFO]: [0mGET /images/hero/golden-pothos.jpg [36m304[0m 0.358 ms - -[0m
2026-08-01 12:37:34 [INFO]: [0mGET /images/hero/fiddle-leaf-fig.jpg [36m304[0m 0.157 ms - -[0m
2026-08-01 12:37:34 [INFO]: [0mGET /images/hero/why-choose.jpg [36m304[0m 0.371 ms - -[0m
2026-08-01 12:37:34 [INFO]: [0mGET /images/logo/plantora-orgn-white.png [36m304[0m 0.342 ms - -[0m
2026-08-01 12:37:34 [INFO]: [0mGET /%7B%20%20publicId:%20'/public/default/profile.png',%20%20url:%20'https://res.cloudinary.com/desmwasfe/image/upload/v1781973939/default-avatar_d6ofmr.png'%7D [33m404[0m 79.114 ms - 236[0m
2026-08-01 12:37:36 [INFO]: [0mGET /notifications/latest [36m304[0m 162.706 ms - -[0m
2026-08-01 12:37:49 [INFO]: [0mGET / [36m304[0m 79.626 ms - -[0m
2026-08-01 12:37:49 [INFO]: [0mGET /css/style.css [36m304[0m 0.310 ms - -[0m
2026-08-01 12:37:49 [INFO]: [0mGET /images/logo/plantora.png [36m304[0m 0.694 ms - -[0m
2026-08-01 12:37:49 [INFO]: [0mGET /images/hero/hero-placeholder.png [36m304[0m 0.157 ms - -[0m
2026-08-01 12:37:49 [INFO]: [0mGET /images/hero/monstera-plant.jpg [36m304[0m 0.271 ms - -[0m
2026-08-01 12:37:49 [INFO]: [0mGET /js/header.js [36m304[0m 0.379 ms - -[0m
2026-08-01 12:37:49 [INFO]: [0mGET /js/featured.js [36m304[0m 0.166 ms - -[0m
2026-08-01 12:37:49 [INFO]: [0mGET /js/why-choose.js [36m304[0m 0.262 ms - -[0m
2026-08-01 12:37:49 [INFO]: [0mGET /js/notification.js [36m304[0m 0.099 ms - -[0m
2026-08-01 12:37:49 [INFO]: [0mGET /js/footer.js [36m304[0m 0.280 ms - -[0m
2026-08-01 12:37:49 [INFO]: [0mGET /js/auth.js [36m304[0m 0.451 ms - -[0m
2026-08-01 12:37:49 [INFO]: [0mGET /images/hero/snake-plant.jpg [36m304[0m 0.617 ms - -[0m
2026-08-01 12:37:49 [INFO]: [0mGET /css/variables.css [36m304[0m 0.907 ms - -[0m
2026-08-01 12:37:49 [INFO]: [0mGET /css/utilities.css [36m304[0m 0.172 ms - -[0m
2026-08-01 12:37:49 [INFO]: [0mGET /css/animations.css [36m304[0m 0.346 ms - -[0m
2026-08-01 12:37:49 [INFO]: [0mGET /css/announcement.css [36m304[0m 0.485 ms - -[0m
2026-08-01 12:37:49 [INFO]: [0mGET /css/hero.css [36m304[0m 0.240 ms - -[0m
2026-08-01 12:37:49 [INFO]: [0mGET /css/featured.css [36m304[0m 0.305 ms - -[0m
2026-08-01 12:37:49 [INFO]: [0mGET /css/why-choose.css [36m304[0m 0.806 ms - -[0m
2026-08-01 12:37:49 [INFO]: [0mGET /css/footer.css [36m304[0m 0.584 ms - -[0m
2026-08-01 12:37:49 [INFO]: [0mGET /css/auth.css [36m304[0m 0.325 ms - -[0m
2026-08-01 12:37:49 [INFO]: [0mGET /css/verify.css [36m304[0m 0.451 ms - -[0m
2026-08-01 12:37:49 [INFO]: [0mGET /css/header.css [32m200[0m 2.495 ms - -[0m
2026-08-01 12:37:49 [INFO]: [0mGET /images/hero/peace-lily.jpg [36m304[0m 1.158 ms - -[0m
2026-08-01 12:37:49 [INFO]: [0mGET /images/hero/tulip-plant.jpg [36m304[0m 0.674 ms - -[0m
2026-08-01 12:37:49 [INFO]: [0mGET /images/hero/rubber-plant.jpg [36m304[0m 0.805 ms - -[0m
2026-08-01 12:37:49 [INFO]: [0mGET /images/hero/aloe-vera.jpg [36m304[0m 0.418 ms - -[0m
2026-08-01 12:37:49 [INFO]: [0mGET /images/hero/areca-palm.jpg [36m304[0m 0.239 ms - -[0m
2026-08-01 12:37:49 [INFO]: [0mGET /images/hero/jade-plant.jpg [36m304[0m 0.778 ms - -[0m
2026-08-01 12:37:49 [INFO]: [0mGET /images/hero/golden-pothos.jpg [36m304[0m 0.605 ms - -[0m
2026-08-01 12:37:49 [INFO]: [0mGET /images/hero/fiddle-leaf-fig.jpg [36m304[0m 0.253 ms - -[0m
2026-08-01 12:37:49 [INFO]: [0mGET /images/hero/why-choose.jpg [36m304[0m 0.455 ms - -[0m
2026-08-01 12:37:49 [INFO]: [0mGET /images/logo/plantora-orgn-white.png [36m304[0m 0.345 ms - -[0m
2026-08-01 12:37:49 [INFO]: [0mGET /%7B%20%20publicId:%20'/public/default/profile.png',%20%20url:%20'https://res.cloudinary.com/desmwasfe/image/upload/v1781973939/default-avatar_d6ofmr.png'%7D [33m404[0m 77.280 ms - 236[0m
2026-08-01 12:37:50 [INFO]: [0mGET /notifications/latest [36m304[0m 166.546 ms - -[0m
2026-08-01 12:38:13 [INFO]: [0mGET / [36m304[0m 84.905 ms - -[0m
2026-08-01 12:38:13 [INFO]: [0mGET /css/style.css [36m304[0m 0.585 ms - -[0m
2026-08-01 12:38:13 [INFO]: [0mGET /images/logo/plantora.png [36m304[0m 0.818 ms - -[0m
2026-08-01 12:38:13 [INFO]: [0mGET /images/hero/hero-placeholder.png [36m304[0m 0.293 ms - -[0m
2026-08-01 12:38:13 [INFO]: [0mGET /images/hero/monstera-plant.jpg [36m304[0m 0.478 ms - -[0m
2026-08-01 12:38:13 [INFO]: [0mGET /js/header.js [36m304[0m 0.326 ms - -[0m
2026-08-01 12:38:13 [INFO]: [0mGET /js/featured.js [36m304[0m 0.709 ms - -[0m
2026-08-01 12:38:13 [INFO]: [0mGET /js/why-choose.js [36m304[0m 0.552 ms - -[0m
2026-08-01 12:38:13 [INFO]: [0mGET /js/notification.js [36m304[0m 0.221 ms - -[0m
2026-08-01 12:38:13 [INFO]: [0mGET /js/footer.js [36m304[0m 0.359 ms - -[0m
2026-08-01 12:38:13 [INFO]: [0mGET /js/auth.js [36m304[0m 0.321 ms - -[0m
2026-08-01 12:38:13 [INFO]: [0mGET /css/variables.css [36m304[0m 0.442 ms - -[0m
2026-08-01 12:38:13 [INFO]: [0mGET /css/utilities.css [36m304[0m 0.178 ms - -[0m
2026-08-01 12:38:13 [INFO]: [0mGET /css/animations.css [36m304[0m 0.205 ms - -[0m
2026-08-01 12:38:13 [INFO]: [0mGET /css/announcement.css [36m304[0m 1.157 ms - -[0m
2026-08-01 12:38:13 [INFO]: [0mGET /css/hero.css [36m304[0m 0.582 ms - -[0m
2026-08-01 12:38:13 [INFO]: [0mGET /css/featured.css [36m304[0m 0.228 ms - -[0m
2026-08-01 12:38:13 [INFO]: [0mGET /css/why-choose.css [36m304[0m 0.385 ms - -[0m
2026-08-01 12:38:13 [INFO]: [0mGET /css/footer.css [36m304[0m 0.503 ms - -[0m
2026-08-01 12:38:13 [INFO]: [0mGET /css/auth.css [36m304[0m 0.690 ms - -[0m
2026-08-01 12:38:13 [INFO]: [0mGET /css/verify.css [36m304[0m 0.502 ms - -[0m
2026-08-01 12:38:13 [INFO]: [0mGET /css/header.css [32m200[0m 2.593 ms - -[0m
2026-08-01 12:38:13 [INFO]: [0mGET /images/hero/snake-plant.jpg [36m304[0m 1.102 ms - -[0m
2026-08-01 12:38:13 [INFO]: [0mGET /images/hero/peace-lily.jpg [36m304[0m 1.166 ms - -[0m
2026-08-01 12:38:13 [INFO]: [0mGET /images/hero/tulip-plant.jpg [36m304[0m 0.308 ms - -[0m
2026-08-01 12:38:13 [INFO]: [0mGET /images/hero/rubber-plant.jpg [36m304[0m 0.439 ms - -[0m
2026-08-01 12:38:13 [INFO]: [0mGET /images/hero/aloe-vera.jpg [36m304[0m 0.823 ms - -[0m
2026-08-01 12:38:13 [INFO]: [0mGET /images/hero/areca-palm.jpg [36m304[0m 0.465 ms - -[0m
2026-08-01 12:38:13 [INFO]: [0mGET /images/hero/jade-plant.jpg [36m304[0m 0.659 ms - -[0m
2026-08-01 12:38:13 [INFO]: [0mGET /images/hero/golden-pothos.jpg [36m304[0m 1.206 ms - -[0m
2026-08-01 12:38:13 [INFO]: [0mGET /images/hero/fiddle-leaf-fig.jpg [36m304[0m 0.644 ms - -[0m
2026-08-01 12:38:13 [INFO]: [0mGET /images/hero/why-choose.jpg [36m304[0m 0.779 ms - -[0m
2026-08-01 12:38:13 [INFO]: [0mGET /images/logo/plantora-orgn-white.png [36m304[0m 0.183 ms - -[0m
2026-08-01 12:38:13 [INFO]: [0mGET /%7B%20%20publicId:%20'/public/default/profile.png',%20%20url:%20'https://res.cloudinary.com/desmwasfe/image/upload/v1781973939/default-avatar_d6ofmr.png'%7D [33m404[0m 77.187 ms - 236[0m
2026-08-01 12:38:15 [INFO]: [0mGET /notifications/latest [36m304[0m 172.621 ms - -[0m
2026-08-01 12:38:31 [INFO]: [0mGET / [36m304[0m 87.678 ms - -[0m
2026-08-01 12:38:31 [INFO]: [0mGET /css/style.css [36m304[0m 0.258 ms - -[0m
2026-08-01 12:38:31 [INFO]: [0mGET /images/logo/plantora.png [36m304[0m 1.015 ms - -[0m
2026-08-01 12:38:31 [INFO]: [0mGET /images/hero/hero-placeholder.png [36m304[0m 0.180 ms - -[0m
2026-08-01 12:38:31 [INFO]: [0mGET /images/hero/monstera-plant.jpg [36m304[0m 0.579 ms - -[0m
2026-08-01 12:38:31 [INFO]: [0mGET /js/header.js [36m304[0m 0.479 ms - -[0m
2026-08-01 12:38:31 [INFO]: [0mGET /js/featured.js [36m304[0m 0.948 ms - -[0m
2026-08-01 12:38:31 [INFO]: [0mGET /js/why-choose.js [36m304[0m 0.986 ms - -[0m
2026-08-01 12:38:31 [INFO]: [0mGET /js/notification.js [36m304[0m 1.194 ms - -[0m
2026-08-01 12:38:31 [INFO]: [0mGET /js/footer.js [36m304[0m 1.371 ms - -[0m
2026-08-01 12:38:31 [INFO]: [0mGET /js/auth.js [36m304[0m 1.493 ms - -[0m
2026-08-01 12:38:31 [INFO]: [0mGET /images/hero/snake-plant.jpg [36m304[0m 0.476 ms - -[0m
2026-08-01 12:38:31 [INFO]: [0mGET /css/variables.css [36m304[0m 0.559 ms - -[0m
2026-08-01 12:38:31 [INFO]: [0mGET /css/utilities.css [36m304[0m 0.692 ms - -[0m
2026-08-01 12:38:31 [INFO]: [0mGET /css/animations.css [36m304[0m 0.206 ms - -[0m
2026-08-01 12:38:31 [INFO]: [0mGET /css/announcement.css [36m304[0m 0.540 ms - -[0m
2026-08-01 12:38:31 [INFO]: [0mGET /css/hero.css [36m304[0m 0.730 ms - -[0m
2026-08-01 12:38:31 [INFO]: [0mGET /css/featured.css [36m304[0m 0.593 ms - -[0m
2026-08-01 12:38:31 [INFO]: [0mGET /css/why-choose.css [36m304[0m 0.338 ms - -[0m
2026-08-01 12:38:31 [INFO]: [0mGET /css/footer.css [36m304[0m 0.570 ms - -[0m
2026-08-01 12:38:31 [INFO]: [0mGET /css/auth.css [36m304[0m 0.377 ms - -[0m
2026-08-01 12:38:31 [INFO]: [0mGET /css/header.css [32m200[0m 1.681 ms - -[0m
2026-08-01 12:38:31 [INFO]: [0mGET /css/verify.css [36m304[0m 0.504 ms - -[0m
2026-08-01 12:38:31 [INFO]: [0mGET /images/hero/peace-lily.jpg [36m304[0m 0.117 ms - -[0m
2026-08-01 12:38:31 [INFO]: [0mGET /images/hero/tulip-plant.jpg [36m304[0m 0.202 ms - -[0m
2026-08-01 12:38:31 [INFO]: [0mGET /images/hero/rubber-plant.jpg [36m304[0m 0.367 ms - -[0m
2026-08-01 12:38:31 [INFO]: [0mGET /images/hero/aloe-vera.jpg [36m304[0m 0.188 ms - -[0m
2026-08-01 12:38:31 [INFO]: [0mGET /images/hero/areca-palm.jpg [36m304[0m 0.113 ms - -[0m
2026-08-01 12:38:31 [INFO]: [0mGET /images/hero/jade-plant.jpg [36m304[0m 0.193 ms - -[0m
2026-08-01 12:38:31 [INFO]: [0mGET /images/hero/golden-pothos.jpg [36m304[0m 0.575 ms - -[0m
2026-08-01 12:38:31 [INFO]: [0mGET /images/hero/fiddle-leaf-fig.jpg [36m304[0m 0.105 ms - -[0m
2026-08-01 12:38:31 [INFO]: [0mGET /images/hero/why-choose.jpg [36m304[0m 0.112 ms - -[0m
2026-08-01 12:38:31 [INFO]: [0mGET /images/logo/plantora-orgn-white.png [36m304[0m 0.122 ms - -[0m
2026-08-01 12:38:31 [INFO]: [0mGET /%7B%20%20publicId:%20'/public/default/profile.png',%20%20url:%20'https://res.cloudinary.com/desmwasfe/image/upload/v1781973939/default-avatar_d6ofmr.png'%7D [33m404[0m 76.188 ms - 236[0m
2026-08-01 12:38:33 [INFO]: [0mGET /notifications/latest [36m304[0m 154.821 ms - -[0m
2026-08-01 12:39:20 [INFO]: [0mGET / [36m304[0m 87.699 ms - -[0m
2026-08-01 12:39:20 [INFO]: [0mGET /css/style.css [36m304[0m 0.199 ms - -[0m
2026-08-01 12:39:20 [INFO]: [0mGET /images/logo/plantora.png [36m304[0m 1.185 ms - -[0m
2026-08-01 12:39:20 [INFO]: [0mGET /images/hero/hero-placeholder.png [36m304[0m 0.146 ms - -[0m
2026-08-01 12:39:20 [INFO]: [0mGET /images/hero/monstera-plant.jpg [36m304[0m 0.120 ms - -[0m
2026-08-01 12:39:20 [INFO]: [0mGET /js/header.js [36m304[0m 0.174 ms - -[0m
2026-08-01 12:39:20 [INFO]: [0mGET /js/featured.js [36m304[0m 0.339 ms - -[0m
2026-08-01 12:39:20 [INFO]: [0mGET /js/why-choose.js [36m304[0m 0.426 ms - -[0m
2026-08-01 12:39:20 [INFO]: [0mGET /css/variables.css [36m304[0m 0.513 ms - -[0m
2026-08-01 12:39:20 [INFO]: [0mGET /css/utilities.css [36m304[0m 0.536 ms - -[0m
2026-08-01 12:39:20 [INFO]: [0mGET /css/animations.css [36m304[0m 0.370 ms - -[0m
2026-08-01 12:39:20 [INFO]: [0mGET /css/announcement.css [36m304[0m 0.537 ms - -[0m
2026-08-01 12:39:20 [INFO]: [0mGET /css/hero.css [36m304[0m 1.059 ms - -[0m
2026-08-01 12:39:20 [INFO]: [0mGET /css/featured.css [36m304[0m 0.729 ms - -[0m
2026-08-01 12:39:20 [INFO]: [0mGET /css/why-choose.css [36m304[0m 0.535 ms - -[0m
2026-08-01 12:39:20 [INFO]: [0mGET /css/footer.css [36m304[0m 0.531 ms - -[0m
2026-08-01 12:39:20 [INFO]: [0mGET /css/auth.css [36m304[0m 0.385 ms - -[0m
2026-08-01 12:39:20 [INFO]: [0mGET /css/verify.css [36m304[0m 0.570 ms - -[0m
2026-08-01 12:39:20 [INFO]: [0mGET /css/header.css [32m200[0m 3.383 ms - -[0m
2026-08-01 12:39:20 [INFO]: [0mGET /js/notification.js [36m304[0m 0.436 ms - -[0m
2026-08-01 12:39:20 [INFO]: [0mGET /js/footer.js [36m304[0m 0.452 ms - -[0m
2026-08-01 12:39:20 [INFO]: [0mGET /js/auth.js [36m304[0m 0.599 ms - -[0m
2026-08-01 12:39:20 [INFO]: [0mGET /images/hero/snake-plant.jpg [36m304[0m 0.813 ms - -[0m
2026-08-01 12:39:20 [INFO]: [0mGET /images/hero/peace-lily.jpg [36m304[0m 0.275 ms - -[0m
2026-08-01 12:39:20 [INFO]: [0mGET /images/hero/tulip-plant.jpg [36m304[0m 0.405 ms - -[0m
2026-08-01 12:39:20 [INFO]: [0mGET /images/hero/rubber-plant.jpg [36m304[0m 0.641 ms - -[0m
2026-08-01 12:39:20 [INFO]: [0mGET /images/hero/aloe-vera.jpg [36m304[0m 0.139 ms - -[0m
2026-08-01 12:39:20 [INFO]: [0mGET /images/hero/areca-palm.jpg [36m304[0m 0.120 ms - -[0m
2026-08-01 12:39:20 [INFO]: [0mGET /images/hero/jade-plant.jpg [36m304[0m 0.510 ms - -[0m
2026-08-01 12:39:20 [INFO]: [0mGET /images/hero/golden-pothos.jpg [36m304[0m 0.280 ms - -[0m
2026-08-01 12:39:20 [INFO]: [0mGET /images/hero/fiddle-leaf-fig.jpg [36m304[0m 0.280 ms - -[0m
2026-08-01 12:39:20 [INFO]: [0mGET /images/hero/why-choose.jpg [36m304[0m 0.238 ms - -[0m
2026-08-01 12:39:20 [INFO]: [0mGET /images/logo/plantora-orgn-white.png [36m304[0m 0.345 ms - -[0m
2026-08-01 12:39:20 [INFO]: [0mGET /%7B%20%20publicId:%20'/public/default/profile.png',%20%20url:%20'https://res.cloudinary.com/desmwasfe/image/upload/v1781973939/default-avatar_d6ofmr.png'%7D [33m404[0m 75.911 ms - 236[0m
2026-08-01 12:39:21 [INFO]: [0mGET /notifications/latest [36m304[0m 169.697 ms - -[0m
2026-08-01 12:39:58 [INFO]: [0mGET / [36m304[0m 84.242 ms - -[0m
2026-08-01 12:39:58 [INFO]: [0mGET /css/style.css [36m304[0m 0.488 ms - -[0m
2026-08-01 12:39:58 [INFO]: [0mGET /images/logo/plantora.png [36m304[0m 0.877 ms - -[0m
2026-08-01 12:39:58 [INFO]: [0mGET /images/hero/hero-placeholder.png [36m304[0m 0.236 ms - -[0m
2026-08-01 12:39:58 [INFO]: [0mGET /images/hero/monstera-plant.jpg [36m304[0m 0.262 ms - -[0m
2026-08-01 12:39:58 [INFO]: [0mGET /js/header.js [36m304[0m 0.554 ms - -[0m
2026-08-01 12:39:58 [INFO]: [0mGET /js/featured.js [36m304[0m 0.612 ms - -[0m
2026-08-01 12:39:58 [INFO]: [0mGET /js/why-choose.js [36m304[0m 0.352 ms - -[0m
2026-08-01 12:39:58 [INFO]: [0mGET /js/notification.js [36m304[0m 0.448 ms - -[0m
2026-08-01 12:39:58 [INFO]: [0mGET /js/footer.js [36m304[0m 0.985 ms - -[0m
2026-08-01 12:39:58 [INFO]: [0mGET /js/auth.js [36m304[0m 0.324 ms - -[0m
2026-08-01 12:39:58 [INFO]: [0mGET /images/hero/snake-plant.jpg [36m304[0m 0.575 ms - -[0m
2026-08-01 12:39:58 [INFO]: [0mGET /css/variables.css [36m304[0m 1.090 ms - -[0m
2026-08-01 12:39:58 [INFO]: [0mGET /css/utilities.css [36m304[0m 0.784 ms - -[0m
2026-08-01 12:39:58 [INFO]: [0mGET /css/animations.css [36m304[0m 0.537 ms - -[0m
2026-08-01 12:39:58 [INFO]: [0mGET /css/announcement.css [36m304[0m 0.882 ms - -[0m
2026-08-01 12:39:58 [INFO]: [0mGET /css/hero.css [36m304[0m 0.213 ms - -[0m
2026-08-01 12:39:58 [INFO]: [0mGET /css/featured.css [36m304[0m 0.545 ms - -[0m
2026-08-01 12:39:58 [INFO]: [0mGET /css/why-choose.css [36m304[0m 0.760 ms - -[0m
2026-08-01 12:39:58 [INFO]: [0mGET /css/footer.css [36m304[0m 1.218 ms - -[0m
2026-08-01 12:39:58 [INFO]: [0mGET /css/header.css [32m200[0m 1.236 ms - -[0m
2026-08-01 12:39:58 [INFO]: [0mGET /css/auth.css [36m304[0m 1.826 ms - -[0m
2026-08-01 12:39:58 [INFO]: [0mGET /css/verify.css [36m304[0m 0.867 ms - -[0m
2026-08-01 12:39:58 [INFO]: [0mGET /images/hero/peace-lily.jpg [36m304[0m 0.557 ms - -[0m
2026-08-01 12:39:58 [INFO]: [0mGET /images/hero/tulip-plant.jpg [36m304[0m 1.076 ms - -[0m
2026-08-01 12:39:58 [INFO]: [0mGET /images/hero/rubber-plant.jpg [36m304[0m 0.555 ms - -[0m
2026-08-01 12:39:58 [INFO]: [0mGET /images/hero/aloe-vera.jpg [36m304[0m 0.207 ms - -[0m
2026-08-01 12:39:58 [INFO]: [0mGET /images/hero/areca-palm.jpg [36m304[0m 0.185 ms - -[0m
2026-08-01 12:39:58 [INFO]: [0mGET /images/hero/jade-plant.jpg [36m304[0m 0.377 ms - -[0m
2026-08-01 12:39:58 [INFO]: [0mGET /images/hero/golden-pothos.jpg [36m304[0m 0.517 ms - -[0m
2026-08-01 12:39:58 [INFO]: [0mGET /images/hero/fiddle-leaf-fig.jpg [36m304[0m 0.405 ms - -[0m
2026-08-01 12:39:58 [INFO]: [0mGET /images/hero/why-choose.jpg [36m304[0m 0.645 ms - -[0m
2026-08-01 12:39:58 [INFO]: [0mGET /images/logo/plantora-orgn-white.png [36m304[0m 0.888 ms - -[0m
2026-08-01 12:39:58 [INFO]: [0mGET /%7B%20%20publicId:%20'/public/default/profile.png',%20%20url:%20'https://res.cloudinary.com/desmwasfe/image/upload/v1781973939/default-avatar_d6ofmr.png'%7D [33m404[0m 76.115 ms - 236[0m
2026-08-01 12:39:59 [INFO]: [0mGET /notifications/latest [36m304[0m 162.356 ms - -[0m
2026-08-01 12:40:19 [INFO]: [0mGET / [36m304[0m 84.228 ms - -[0m
2026-08-01 12:40:19 [INFO]: [0mGET /css/style.css [36m304[0m 0.838 ms - -[0m
2026-08-01 12:40:19 [INFO]: [0mGET /images/logo/plantora.png [36m304[0m 0.985 ms - -[0m
2026-08-01 12:40:19 [INFO]: [0mGET /images/hero/hero-placeholder.png [36m304[0m 0.321 ms - -[0m
2026-08-01 12:40:19 [INFO]: [0mGET /images/hero/monstera-plant.jpg [36m304[0m 0.580 ms - -[0m
2026-08-01 12:40:19 [INFO]: [0mGET /js/header.js [36m304[0m 0.250 ms - -[0m
2026-08-01 12:40:19 [INFO]: [0mGET /css/variables.css [36m304[0m 0.901 ms - -[0m
2026-08-01 12:40:19 [INFO]: [0mGET /css/utilities.css [36m304[0m 1.395 ms - -[0m
2026-08-01 12:40:19 [INFO]: [0mGET /css/animations.css [36m304[0m 1.884 ms - -[0m
2026-08-01 12:40:19 [INFO]: [0mGET /css/announcement.css [36m304[0m 2.035 ms - -[0m
2026-08-01 12:40:19 [INFO]: [0mGET /css/hero.css [36m304[0m 1.017 ms - -[0m
2026-08-01 12:40:19 [INFO]: [0mGET /css/featured.css [36m304[0m 0.964 ms - -[0m
2026-08-01 12:40:19 [INFO]: [0mGET /css/why-choose.css [36m304[0m 1.159 ms - -[0m
2026-08-01 12:40:19 [INFO]: [0mGET /css/footer.css [36m304[0m 0.396 ms - -[0m
2026-08-01 12:40:19 [INFO]: [0mGET /css/auth.css [36m304[0m 0.615 ms - -[0m
2026-08-01 12:40:19 [INFO]: [0mGET /css/verify.css [36m304[0m 0.805 ms - -[0m
2026-08-01 12:40:19 [INFO]: [0mGET /css/header.css [32m200[0m 2.490 ms - -[0m
2026-08-01 12:40:19 [INFO]: [0mGET /js/featured.js [36m304[0m 0.320 ms - -[0m
2026-08-01 12:40:19 [INFO]: [0mGET /js/why-choose.js [36m304[0m 0.679 ms - -[0m
2026-08-01 12:40:19 [INFO]: [0mGET /js/notification.js [36m304[0m 0.659 ms - -[0m
2026-08-01 12:40:19 [INFO]: [0mGET /js/footer.js [36m304[0m 0.479 ms - -[0m
2026-08-01 12:40:19 [INFO]: [0mGET /js/auth.js [36m304[0m 0.333 ms - -[0m
2026-08-01 12:40:19 [INFO]: [0mGET /images/hero/snake-plant.jpg [36m304[0m 0.544 ms - -[0m
2026-08-01 12:40:19 [INFO]: [0mGET /images/hero/peace-lily.jpg [36m304[0m 0.513 ms - -[0m
2026-08-01 12:40:19 [INFO]: [0mGET /images/hero/tulip-plant.jpg [36m304[0m 0.593 ms - -[0m
2026-08-01 12:40:19 [INFO]: [0mGET /images/hero/rubber-plant.jpg [36m304[0m 0.722 ms - -[0m
2026-08-01 12:40:19 [INFO]: [0mGET /images/hero/aloe-vera.jpg [36m304[0m 0.252 ms - -[0m
2026-08-01 12:40:19 [INFO]: [0mGET /images/hero/areca-palm.jpg [36m304[0m 0.202 ms - -[0m
2026-08-01 12:40:19 [INFO]: [0mGET /images/hero/jade-plant.jpg [36m304[0m 0.190 ms - -[0m
2026-08-01 12:40:19 [INFO]: [0mGET /images/hero/golden-pothos.jpg [36m304[0m 0.454 ms - -[0m
2026-08-01 12:40:19 [INFO]: [0mGET /images/hero/fiddle-leaf-fig.jpg [36m304[0m 0.733 ms - -[0m
2026-08-01 12:40:19 [INFO]: [0mGET /images/hero/why-choose.jpg [36m304[0m 0.363 ms - -[0m
2026-08-01 12:40:19 [INFO]: [0mGET /images/logo/plantora-orgn-white.png [36m304[0m 0.353 ms - -[0m
2026-08-01 12:40:19 [INFO]: [0mGET /%7B%20%20publicId:%20'/public/default/profile.png',%20%20url:%20'https://res.cloudinary.com/desmwasfe/image/upload/v1781973939/default-avatar_d6ofmr.png'%7D [33m404[0m 77.443 ms - 236[0m
2026-08-01 12:40:21 [INFO]: [0mGET /notifications/latest [36m304[0m 167.157 ms - -[0m
2026-08-01 12:40:30 [INFO]: [0mGET / [36m304[0m 95.155 ms - -[0m
2026-08-01 12:40:30 [INFO]: [0mGET /css/style.css [36m304[0m 0.664 ms - -[0m
2026-08-01 12:40:30 [INFO]: [0mGET /images/logo/plantora.png [36m304[0m 0.862 ms - -[0m
2026-08-01 12:40:30 [INFO]: [0mGET /images/hero/hero-placeholder.png [36m304[0m 0.218 ms - -[0m
2026-08-01 12:40:30 [INFO]: [0mGET /images/hero/monstera-plant.jpg [36m304[0m 0.202 ms - -[0m
2026-08-01 12:40:30 [INFO]: [0mGET /js/header.js [36m304[0m 0.247 ms - -[0m
2026-08-01 12:40:30 [INFO]: [0mGET /js/featured.js [36m304[0m 0.132 ms - -[0m
2026-08-01 12:40:30 [INFO]: [0mGET /js/why-choose.js [36m304[0m 0.617 ms - -[0m
2026-08-01 12:40:30 [INFO]: [0mGET /js/notification.js [36m304[0m 0.539 ms - -[0m
2026-08-01 12:40:30 [INFO]: [0mGET /js/footer.js [36m304[0m 0.178 ms - -[0m
2026-08-01 12:40:30 [INFO]: [0mGET /css/variables.css [36m304[0m 0.533 ms - -[0m
2026-08-01 12:40:30 [INFO]: [0mGET /js/auth.js [36m304[0m 0.701 ms - -[0m
2026-08-01 12:40:30 [INFO]: [0mGET /css/utilities.css [36m304[0m 0.879 ms - -[0m
2026-08-01 12:40:30 [INFO]: [0mGET /css/animations.css [36m304[0m 1.052 ms - -[0m
2026-08-01 12:40:30 [INFO]: [0mGET /css/announcement.css [36m304[0m 0.180 ms - -[0m
2026-08-01 12:40:30 [INFO]: [0mGET /css/hero.css [36m304[0m 0.232 ms - -[0m
2026-08-01 12:40:30 [INFO]: [0mGET /css/featured.css [36m304[0m 0.486 ms - -[0m
2026-08-01 12:40:30 [INFO]: [0mGET /css/why-choose.css [36m304[0m 0.648 ms - -[0m
2026-08-01 12:40:30 [INFO]: [0mGET /css/footer.css [36m304[0m 0.841 ms - -[0m
2026-08-01 12:40:30 [INFO]: [0mGET /css/auth.css [36m304[0m 0.324 ms - -[0m
2026-08-01 12:40:30 [INFO]: [0mGET /css/verify.css [36m304[0m 1.067 ms - -[0m
2026-08-01 12:40:30 [INFO]: [0mGET /css/header.css [32m200[0m 1.686 ms - -[0m
2026-08-01 12:40:30 [INFO]: [0mGET /images/hero/snake-plant.jpg [36m304[0m 1.050 ms - -[0m
2026-08-01 12:40:30 [INFO]: [0mGET /images/hero/peace-lily.jpg [36m304[0m 0.201 ms - -[0m
2026-08-01 12:40:30 [INFO]: [0mGET /images/hero/tulip-plant.jpg [36m304[0m 0.452 ms - -[0m
2026-08-01 12:40:30 [INFO]: [0mGET /images/hero/rubber-plant.jpg [36m304[0m 0.348 ms - -[0m
2026-08-01 12:40:30 [INFO]: [0mGET /images/hero/aloe-vera.jpg [36m304[0m 0.183 ms - -[0m
2026-08-01 12:40:30 [INFO]: [0mGET /images/hero/areca-palm.jpg [36m304[0m 0.134 ms - -[0m
2026-08-01 12:40:30 [INFO]: [0mGET /images/hero/jade-plant.jpg [36m304[0m 0.210 ms - -[0m
2026-08-01 12:40:30 [INFO]: [0mGET /images/hero/golden-pothos.jpg [36m304[0m 0.354 ms - -[0m
2026-08-01 12:40:30 [INFO]: [0mGET /images/hero/fiddle-leaf-fig.jpg [36m304[0m 0.293 ms - -[0m
2026-08-01 12:40:30 [INFO]: [0mGET /images/hero/why-choose.jpg [36m304[0m 0.474 ms - -[0m
2026-08-01 12:40:30 [INFO]: [0mGET /images/logo/plantora-orgn-white.png [36m304[0m 0.127 ms - -[0m
2026-08-01 12:40:30 [INFO]: [0mGET /%7B%20%20publicId:%20'/public/default/profile.png',%20%20url:%20'https://res.cloudinary.com/desmwasfe/image/upload/v1781973939/default-avatar_d6ofmr.png'%7D [33m404[0m 83.697 ms - 236[0m
2026-08-01 12:40:32 [INFO]: [0mGET /notifications/latest [36m304[0m 154.259 ms - -[0m
2026-08-01 12:40:46 [INFO]: [0mGET / [36m304[0m 92.017 ms - -[0m
2026-08-01 12:40:46 [INFO]: [0mGET /css/style.css [36m304[0m 0.448 ms - -[0m
2026-08-01 12:40:46 [INFO]: [0mGET /images/logo/plantora.png [36m304[0m 1.713 ms - -[0m
2026-08-01 12:40:46 [INFO]: [0mGET /images/hero/hero-placeholder.png [36m304[0m 0.205 ms - -[0m
2026-08-01 12:40:46 [INFO]: [0mGET /images/hero/monstera-plant.jpg [36m304[0m 0.399 ms - -[0m
2026-08-01 12:40:46 [INFO]: [0mGET /js/header.js [36m304[0m 0.165 ms - -[0m
2026-08-01 12:40:46 [INFO]: [0mGET /js/featured.js [36m304[0m 0.337 ms - -[0m
2026-08-01 12:40:46 [INFO]: [0mGET /js/why-choose.js [36m304[0m 0.163 ms - -[0m
2026-08-01 12:40:46 [INFO]: [0mGET /js/notification.js [36m304[0m 0.328 ms - -[0m
2026-08-01 12:40:46 [INFO]: [0mGET /js/footer.js [36m304[0m 0.630 ms - -[0m
2026-08-01 12:40:46 [INFO]: [0mGET /js/auth.js [36m304[0m 0.197 ms - -[0m
2026-08-01 12:40:46 [INFO]: [0mGET /css/variables.css [36m304[0m 0.582 ms - -[0m
2026-08-01 12:40:46 [INFO]: [0mGET /images/hero/snake-plant.jpg [36m304[0m 0.508 ms - -[0m
2026-08-01 12:40:46 [INFO]: [0mGET /css/utilities.css [36m304[0m 0.195 ms - -[0m
2026-08-01 12:40:46 [INFO]: [0mGET /css/animations.css [36m304[0m 0.429 ms - -[0m
2026-08-01 12:40:46 [INFO]: [0mGET /css/announcement.css [36m304[0m 0.354 ms - -[0m
2026-08-01 12:40:46 [INFO]: [0mGET /css/hero.css [36m304[0m 0.313 ms - -[0m
2026-08-01 12:40:46 [INFO]: [0mGET /css/featured.css [36m304[0m 0.371 ms - -[0m
2026-08-01 12:40:46 [INFO]: [0mGET /css/why-choose.css [36m304[0m 0.671 ms - -[0m
2026-08-01 12:40:46 [INFO]: [0mGET /css/footer.css [36m304[0m 0.491 ms - -[0m
2026-08-01 12:40:46 [INFO]: [0mGET /css/auth.css [36m304[0m 0.209 ms - -[0m
2026-08-01 12:40:46 [INFO]: [0mGET /css/verify.css [36m304[0m 0.329 ms - -[0m
2026-08-01 12:40:46 [INFO]: [0mGET /css/header.css [32m200[0m 1.556 ms - -[0m
2026-08-01 12:40:46 [INFO]: [0mGET /images/hero/peace-lily.jpg [36m304[0m 0.114 ms - -[0m
2026-08-01 12:40:46 [INFO]: [0mGET /images/hero/tulip-plant.jpg [36m304[0m 0.099 ms - -[0m
2026-08-01 12:40:46 [INFO]: [0mGET /images/hero/rubber-plant.jpg [36m304[0m 0.212 ms - -[0m
2026-08-01 12:40:46 [INFO]: [0mGET /images/hero/aloe-vera.jpg [36m304[0m 0.445 ms - -[0m
2026-08-01 12:40:46 [INFO]: [0mGET /images/hero/areca-palm.jpg [36m304[0m 0.218 ms - -[0m
2026-08-01 12:40:46 [INFO]: [0mGET /images/hero/jade-plant.jpg [36m304[0m 0.927 ms - -[0m
2026-08-01 12:40:46 [INFO]: [0mGET /images/hero/golden-pothos.jpg [36m304[0m 0.235 ms - -[0m
2026-08-01 12:40:46 [INFO]: [0mGET /images/hero/fiddle-leaf-fig.jpg [36m304[0m 0.367 ms - -[0m
2026-08-01 12:40:46 [INFO]: [0mGET /images/hero/why-choose.jpg [36m304[0m 0.552 ms - -[0m
2026-08-01 12:40:46 [INFO]: [0mGET /images/logo/plantora-orgn-white.png [36m304[0m 0.196 ms - -[0m
2026-08-01 12:40:46 [INFO]: [0mGET /%7B%20%20publicId:%20'/public/default/profile.png',%20%20url:%20'https://res.cloudinary.com/desmwasfe/image/upload/v1781973939/default-avatar_d6ofmr.png'%7D [33m404[0m 76.878 ms - 236[0m
2026-08-01 12:40:47 [INFO]: [0mGET /notifications/latest [36m304[0m 161.751 ms - -[0m
2026-08-01 12:41:25 [INFO]: [0mGET / [36m304[0m 86.604 ms - -[0m
2026-08-01 12:41:25 [INFO]: [0mGET /css/style.css [36m304[0m 0.814 ms - -[0m
2026-08-01 12:41:25 [INFO]: [0mGET /images/logo/plantora.png [36m304[0m 2.146 ms - -[0m
2026-08-01 12:41:25 [INFO]: [0mGET /images/hero/hero-placeholder.png [36m304[0m 1.466 ms - -[0m
2026-08-01 12:41:25 [INFO]: [0mGET /images/hero/monstera-plant.jpg [36m304[0m 2.249 ms - -[0m
2026-08-01 12:41:25 [INFO]: [0mGET /js/header.js [36m304[0m 1.262 ms - -[0m
2026-08-01 12:41:25 [INFO]: [0mGET /js/featured.js [36m304[0m 1.592 ms - -[0m
2026-08-01 12:41:25 [INFO]: [0mGET /js/why-choose.js [36m304[0m 0.976 ms - -[0m
2026-08-01 12:41:25 [INFO]: [0mGET /js/notification.js [36m304[0m 0.902 ms - -[0m
2026-08-01 12:41:25 [INFO]: [0mGET /css/variables.css [36m304[0m 0.569 ms - -[0m
2026-08-01 12:41:25 [INFO]: [0mGET /css/utilities.css [36m304[0m 0.998 ms - -[0m
2026-08-01 12:41:25 [INFO]: [0mGET /css/animations.css [36m304[0m 1.014 ms - -[0m
2026-08-01 12:41:25 [INFO]: [0mGET /css/announcement.css [36m304[0m 1.116 ms - -[0m
2026-08-01 12:41:25 [INFO]: [0mGET /css/hero.css [36m304[0m 0.454 ms - -[0m
2026-08-01 12:41:25 [INFO]: [0mGET /css/featured.css [36m304[0m 0.753 ms - -[0m
2026-08-01 12:41:25 [INFO]: [0mGET /css/why-choose.css [36m304[0m 1.037 ms - -[0m
2026-08-01 12:41:25 [INFO]: [0mGET /css/footer.css [36m304[0m 1.069 ms - -[0m
2026-08-01 12:41:25 [INFO]: [0mGET /css/auth.css [36m304[0m 0.850 ms - -[0m
2026-08-01 12:41:25 [INFO]: [0mGET /css/verify.css [36m304[0m 0.796 ms - -[0m
2026-08-01 12:41:25 [INFO]: [0mGET /css/header.css [32m200[0m 2.293 ms - -[0m
2026-08-01 12:41:25 [INFO]: [0mGET /js/footer.js [36m304[0m 1.032 ms - -[0m
2026-08-01 12:41:25 [INFO]: [0mGET /js/auth.js [36m304[0m 0.620 ms - -[0m
2026-08-01 12:41:25 [INFO]: [0mGET /images/hero/snake-plant.jpg [36m304[0m 0.238 ms - -[0m
2026-08-01 12:41:25 [INFO]: [0mGET /images/hero/peace-lily.jpg [36m304[0m 0.414 ms - -[0m
2026-08-01 12:41:25 [INFO]: [0mGET /images/hero/tulip-plant.jpg [36m304[0m 0.303 ms - -[0m
2026-08-01 12:41:25 [INFO]: [0mGET /images/hero/rubber-plant.jpg [36m304[0m 1.006 ms - -[0m
2026-08-01 12:41:25 [INFO]: [0mGET /images/hero/aloe-vera.jpg [36m304[0m 1.179 ms - -[0m
2026-08-01 12:41:25 [INFO]: [0mGET /images/hero/areca-palm.jpg [36m304[0m 0.405 ms - -[0m
2026-08-01 12:41:25 [INFO]: [0mGET /images/hero/jade-plant.jpg [36m304[0m 0.789 ms - -[0m
2026-08-01 12:41:25 [INFO]: [0mGET /images/hero/golden-pothos.jpg [36m304[0m 0.687 ms - -[0m
2026-08-01 12:41:25 [INFO]: [0mGET /images/hero/fiddle-leaf-fig.jpg [36m304[0m 2.224 ms - -[0m
2026-08-01 12:41:25 [INFO]: [0mGET /images/hero/why-choose.jpg [36m304[0m 1.701 ms - -[0m
2026-08-01 12:41:25 [INFO]: [0mGET /images/logo/plantora-orgn-white.png [36m304[0m 0.241 ms - -[0m
2026-08-01 12:41:25 [INFO]: [0mGET /%7B%20%20publicId:%20'/public/default/profile.png',%20%20url:%20'https://res.cloudinary.com/desmwasfe/image/upload/v1781973939/default-avatar_d6ofmr.png'%7D [33m404[0m 80.110 ms - 236[0m
2026-08-01 12:41:27 [INFO]: [0mGET /notifications/latest [36m304[0m 191.731 ms - -[0m
2026-08-01 12:41:31 [INFO]: [0mGET /css/style.css [36m304[0m 0.649 ms - -[0m
2026-08-01 12:41:31 [INFO]: [0mGET /css/variables.css [36m304[0m 1.042 ms - -[0m
2026-08-01 12:41:31 [INFO]: [0mGET /css/utilities.css [36m304[0m 1.287 ms - -[0m
2026-08-01 12:41:31 [INFO]: [0mGET /css/animations.css [36m304[0m 1.460 ms - -[0m
2026-08-01 12:41:31 [INFO]: [0mGET /css/announcement.css [36m304[0m 0.423 ms - -[0m
2026-08-01 12:41:31 [INFO]: [0mGET /css/header.css [36m304[0m 0.672 ms - -[0m
2026-08-01 12:41:31 [INFO]: [0mGET /css/hero.css [36m304[0m 0.905 ms - -[0m
2026-08-01 12:41:31 [INFO]: [0mGET /css/featured.css [36m304[0m 1.086 ms - -[0m
2026-08-01 12:41:31 [INFO]: [0mGET /css/why-choose.css [36m304[0m 1.281 ms - -[0m
2026-08-01 12:41:31 [INFO]: [0mGET /css/footer.css [36m304[0m 1.810 ms - -[0m
2026-08-01 12:41:31 [INFO]: [0mGET /css/auth.css [36m304[0m 0.348 ms - -[0m
2026-08-01 12:41:31 [INFO]: [0mGET /css/verify.css [36m304[0m 0.496 ms - -[0m
2026-08-01 12:41:31 [INFO]: [0mGET /.well-known/appspecific/com.chrome.devtools.json [33m404[0m 76.210 ms - 112[0m
2026-08-01 12:42:11 [INFO]: [0mGET / [36m304[0m 84.297 ms - -[0m
2026-08-01 12:42:11 [INFO]: [0mGET /css/style.css [36m304[0m 0.366 ms - -[0m
2026-08-01 12:42:11 [INFO]: [0mGET /images/logo/plantora.png [36m304[0m 0.388 ms - -[0m
2026-08-01 12:42:11 [INFO]: [0mGET /images/hero/hero-placeholder.png [36m304[0m 0.220 ms - -[0m
2026-08-01 12:42:11 [INFO]: [0mGET /images/hero/monstera-plant.jpg [36m304[0m 0.512 ms - -[0m
2026-08-01 12:42:11 [INFO]: [0mGET /js/header.js [36m304[0m 0.589 ms - -[0m
2026-08-01 12:42:11 [INFO]: [0mGET /js/featured.js [36m304[0m 0.840 ms - -[0m
2026-08-01 12:42:11 [INFO]: [0mGET /css/variables.css [36m304[0m 0.305 ms - -[0m
2026-08-01 12:42:11 [INFO]: [0mGET /css/utilities.css [36m304[0m 0.486 ms - -[0m
2026-08-01 12:42:11 [INFO]: [0mGET /css/animations.css [36m304[0m 1.487 ms - -[0m
2026-08-01 12:42:11 [INFO]: [0mGET /css/announcement.css [36m304[0m 1.180 ms - -[0m
2026-08-01 12:42:11 [INFO]: [0mGET /css/hero.css [36m304[0m 0.401 ms - -[0m
2026-08-01 12:42:11 [INFO]: [0mGET /css/featured.css [36m304[0m 0.516 ms - -[0m
2026-08-01 12:42:11 [INFO]: [0mGET /css/why-choose.css [36m304[0m 0.953 ms - -[0m
2026-08-01 12:42:11 [INFO]: [0mGET /css/footer.css [36m304[0m 0.882 ms - -[0m
2026-08-01 12:42:11 [INFO]: [0mGET /css/auth.css [36m304[0m 0.988 ms - -[0m
2026-08-01 12:42:11 [INFO]: [0mGET /css/verify.css [36m304[0m 0.738 ms - -[0m
2026-08-01 12:42:11 [INFO]: [0mGET /css/header.css [32m200[0m 3.804 ms - -[0m
2026-08-01 12:42:11 [INFO]: [0mGET /js/why-choose.js [36m304[0m 0.320 ms - -[0m
2026-08-01 12:42:11 [INFO]: [0mGET /js/notification.js [36m304[0m 0.378 ms - -[0m
2026-08-01 12:42:11 [INFO]: [0mGET /js/footer.js [36m304[0m 0.579 ms - -[0m
2026-08-01 12:42:11 [INFO]: [0mGET /js/auth.js [36m304[0m 0.129 ms - -[0m
2026-08-01 12:42:11 [INFO]: [0mGET /%7B%20%20publicId:%20'/public/default/profile.png',%20%20url:%20'https://res.cloudinary.com/desmwasfe/image/upload/v1781973939/default-avatar_d6ofmr.png'%7D [33m404[0m 77.210 ms - 236[0m
2026-08-01 12:42:11 [INFO]: [0mGET /images/hero/snake-plant.jpg [36m304[0m 0.340 ms - -[0m
2026-08-01 12:42:11 [INFO]: [0mGET /.well-known/appspecific/com.chrome.devtools.json [33m404[0m 72.309 ms - 112[0m
2026-08-01 12:42:11 [INFO]: [0mGET /images/hero/peace-lily.jpg [36m304[0m 0.358 ms - -[0m
2026-08-01 12:42:11 [INFO]: [0mGET /images/hero/tulip-plant.jpg [36m304[0m 0.716 ms - -[0m
2026-08-01 12:42:11 [INFO]: [0mGET /images/hero/rubber-plant.jpg [36m304[0m 0.195 ms - -[0m
2026-08-01 12:42:11 [INFO]: [0mGET /images/hero/aloe-vera.jpg [36m304[0m 0.250 ms - -[0m
2026-08-01 12:42:11 [INFO]: [0mGET /images/hero/areca-palm.jpg [36m304[0m 0.372 ms - -[0m
2026-08-01 12:42:11 [INFO]: [0mGET /images/hero/jade-plant.jpg [36m304[0m 0.183 ms - -[0m
2026-08-01 12:42:11 [INFO]: [0mGET /images/hero/golden-pothos.jpg [36m304[0m 0.190 ms - -[0m
2026-08-01 12:42:11 [INFO]: [0mGET /images/logo/plantora-orgn-white.png [36m304[0m 0.312 ms - -[0m
2026-08-01 12:42:11 [INFO]: [0mGET /images/hero/fiddle-leaf-fig.jpg [36m304[0m 0.366 ms - -[0m
2026-08-01 12:42:11 [INFO]: [0mGET /images/hero/why-choose.jpg [36m304[0m 0.482 ms - -[0m
2026-08-01 12:42:13 [INFO]: [0mGET /notifications/latest [36m304[0m 163.334 ms - -[0m
2026-08-01 12:42:25 [INFO]: [0mGET / [36m304[0m 72.286 ms - -[0m
2026-08-01 12:42:25 [INFO]: [0mGET /css/style.css [36m304[0m 0.262 ms - -[0m
2026-08-01 12:42:25 [INFO]: [0mGET /images/logo/plantora.png [36m304[0m 0.439 ms - -[0m
2026-08-01 12:42:25 [INFO]: [0mGET /images/hero/hero-placeholder.png [36m304[0m 0.251 ms - -[0m
2026-08-01 12:42:25 [INFO]: [0mGET /images/hero/monstera-plant.jpg [36m304[0m 0.276 ms - -[0m
2026-08-01 12:42:25 [INFO]: [0mGET /js/header.js [36m304[0m 0.586 ms - -[0m
2026-08-01 12:42:25 [INFO]: [0mGET /js/featured.js [36m304[0m 0.767 ms - -[0m
2026-08-01 12:42:25 [INFO]: [0mGET /css/variables.css [36m304[0m 0.431 ms - -[0m
2026-08-01 12:42:25 [INFO]: [0mGET /%7B%20%20publicId:%20'/public/default/profile.png',%20%20url:%20'https://res.cloudinary.com/desmwasfe/image/upload/v1781973939/default-avatar_d6ofmr.png'%7D [33m404[0m 70.509 ms - 236[0m
2026-08-01 12:42:25 [INFO]: [0mGET /css/utilities.css [36m304[0m 0.590 ms - -[0m
2026-08-01 12:42:25 [INFO]: [0mGET /css/animations.css [36m304[0m 0.900 ms - -[0m
2026-08-01 12:42:25 [INFO]: [0mGET /css/announcement.css [36m304[0m 2.176 ms - -[0m
2026-08-01 12:42:25 [INFO]: [0mGET /css/hero.css [36m304[0m 1.298 ms - -[0m
2026-08-01 12:42:25 [INFO]: [0mGET /css/featured.css [36m304[0m 0.698 ms - -[0m
2026-08-01 12:42:25 [INFO]: [0mGET /css/why-choose.css [36m304[0m 1.112 ms - -[0m
2026-08-01 12:42:25 [INFO]: [0mGET /css/footer.css [36m304[0m 1.042 ms - -[0m
2026-08-01 12:42:25 [INFO]: [0mGET /css/auth.css [36m304[0m 1.309 ms - -[0m
2026-08-01 12:42:25 [INFO]: [0mGET /css/verify.css [36m304[0m 0.454 ms - -[0m
2026-08-01 12:42:25 [INFO]: [0mGET /js/why-choose.js [36m304[0m 0.530 ms - -[0m
2026-08-01 12:42:25 [INFO]: [0mGET /css/header.css [32m200[0m 4.185 ms - -[0m
2026-08-01 12:42:25 [INFO]: [0mGET /js/notification.js [36m304[0m 0.313 ms - -[0m
2026-08-01 12:42:25 [INFO]: [0mGET /js/footer.js [36m304[0m 0.227 ms - -[0m
2026-08-01 12:42:25 [INFO]: [0mGET /js/auth.js [36m304[0m 0.192 ms - -[0m
2026-08-01 12:42:25 [INFO]: [0mGET /images/hero/snake-plant.jpg [36m304[0m 0.245 ms - -[0m
2026-08-01 12:42:25 [INFO]: [0mGET /images/hero/peace-lily.jpg [36m304[0m 0.855 ms - -[0m
2026-08-01 12:42:25 [INFO]: [0mGET /images/hero/tulip-plant.jpg [36m304[0m 1.039 ms - -[0m
2026-08-01 12:42:25 [INFO]: [0mGET /images/hero/rubber-plant.jpg [36m304[0m 0.345 ms - -[0m
2026-08-01 12:42:25 [INFO]: [0mGET /images/hero/aloe-vera.jpg [36m304[0m 0.984 ms - -[0m
2026-08-01 12:42:25 [INFO]: [0mGET /images/hero/areca-palm.jpg [36m304[0m 0.648 ms - -[0m
2026-08-01 12:42:25 [INFO]: [0mGET /images/hero/jade-plant.jpg [36m304[0m 0.263 ms - -[0m
2026-08-01 12:42:25 [INFO]: [0mGET /images/hero/golden-pothos.jpg [36m304[0m 0.290 ms - -[0m
2026-08-01 12:42:25 [INFO]: [0mGET /.well-known/appspecific/com.chrome.devtools.json [33m404[0m 77.228 ms - 112[0m
2026-08-01 12:42:25 [INFO]: [0mGET /images/hero/fiddle-leaf-fig.jpg [36m304[0m 0.213 ms - -[0m
2026-08-01 12:42:25 [INFO]: [0mGET /images/hero/why-choose.jpg [36m304[0m 0.273 ms - -[0m
2026-08-01 12:42:25 [INFO]: [0mGET /images/logo/plantora-orgn-white.png [36m304[0m 0.235 ms - -[0m
2026-08-01 12:42:26 [INFO]: [0mGET /notifications/latest [36m304[0m 160.097 ms - -[0m
2026-08-01 12:45:26 [INFO]: [0mGET / [36m304[0m 105.788 ms - -[0m
2026-08-01 12:45:26 [INFO]: [0mGET /css/style.css [36m304[0m 0.680 ms - -[0m
2026-08-01 12:45:26 [INFO]: [0mGET /images/logo/plantora.png [36m304[0m 0.673 ms - -[0m
2026-08-01 12:45:26 [INFO]: [0mGET /images/hero/hero-placeholder.png [36m304[0m 0.261 ms - -[0m
2026-08-01 12:45:26 [INFO]: [0mGET /images/hero/monstera-plant.jpg [36m304[0m 0.141 ms - -[0m
2026-08-01 12:45:26 [INFO]: [0mGET /js/header.js [36m304[0m 0.300 ms - -[0m
2026-08-01 12:45:26 [INFO]: [0mGET /js/featured.js [36m304[0m 0.382 ms - -[0m
2026-08-01 12:45:26 [INFO]: [0mGET /js/why-choose.js [36m304[0m 0.445 ms - -[0m
2026-08-01 12:45:26 [INFO]: [0mGET /js/notification.js [36m304[0m 0.544 ms - -[0m
2026-08-01 12:45:26 [INFO]: [0mGET /js/footer.js [36m304[0m 0.737 ms - -[0m
2026-08-01 12:45:26 [INFO]: [0mGET /css/variables.css [36m304[0m 0.655 ms - -[0m
2026-08-01 12:45:26 [INFO]: [0mGET /css/utilities.css [36m304[0m 0.930 ms - -[0m
2026-08-01 12:45:26 [INFO]: [0mGET /css/animations.css [36m304[0m 1.002 ms - -[0m
2026-08-01 12:45:26 [INFO]: [0mGET /css/announcement.css [36m304[0m 1.105 ms - -[0m
2026-08-01 12:45:26 [INFO]: [0mGET /css/hero.css [36m304[0m 0.841 ms - -[0m
2026-08-01 12:45:26 [INFO]: [0mGET /css/featured.css [36m304[0m 1.214 ms - -[0m
2026-08-01 12:45:26 [INFO]: [0mGET /css/why-choose.css [36m304[0m 1.569 ms - -[0m
2026-08-01 12:45:26 [INFO]: [0mGET /css/footer.css [36m304[0m 1.684 ms - -[0m
2026-08-01 12:45:26 [INFO]: [0mGET /css/auth.css [36m304[0m 2.663 ms - -[0m
2026-08-01 12:45:26 [INFO]: [0mGET /css/verify.css [36m304[0m 1.535 ms - -[0m
2026-08-01 12:45:26 [INFO]: [0mGET /js/auth.js [36m304[0m 0.929 ms - -[0m
2026-08-01 12:45:26 [INFO]: [0mGET /css/header.css [32m200[0m 5.956 ms - -[0m
2026-08-01 12:45:26 [INFO]: [0mGET /images/hero/snake-plant.jpg [36m304[0m 0.220 ms - -[0m
2026-08-01 12:45:26 [INFO]: [0mGET /images/hero/peace-lily.jpg [36m304[0m 0.197 ms - -[0m
2026-08-01 12:45:26 [INFO]: [0mGET /images/hero/tulip-plant.jpg [36m304[0m 0.160 ms - -[0m
2026-08-01 12:45:26 [INFO]: [0mGET /images/hero/rubber-plant.jpg [36m304[0m 0.681 ms - -[0m
2026-08-01 12:45:26 [INFO]: [0mGET /images/hero/aloe-vera.jpg [36m304[0m 0.440 ms - -[0m
2026-08-01 12:45:26 [INFO]: [0mGET /images/hero/areca-palm.jpg [36m304[0m 0.253 ms - -[0m
2026-08-01 12:45:26 [INFO]: [0mGET /images/hero/jade-plant.jpg [36m304[0m 0.229 ms - -[0m
2026-08-01 12:45:26 [INFO]: [0mGET /images/hero/golden-pothos.jpg [36m304[0m 0.346 ms - -[0m
2026-08-01 12:45:26 [INFO]: [0mGET /images/hero/fiddle-leaf-fig.jpg [36m304[0m 0.445 ms - -[0m
2026-08-01 12:45:26 [INFO]: [0mGET /images/hero/why-choose.jpg [36m304[0m 0.404 ms - -[0m
2026-08-01 12:45:26 [INFO]: [0mGET /images/logo/plantora-orgn-white.png [36m304[0m 0.382 ms - -[0m
2026-08-01 12:45:26 [INFO]: [0mGET /%7B%20%20publicId:%20'/public/default/profile.png',%20%20url:%20'https://res.cloudinary.com/desmwasfe/image/upload/v1781973939/default-avatar_d6ofmr.png'%7D [33m404[0m 100.430 ms - 236[0m
2026-08-01 12:45:28 [INFO]: [0mGET /notifications/latest [36m304[0m 201.295 ms - -[0m
2026-08-01 12:45:35 [ERROR]: Failed to create audit log: AuditLog validation failed: action: `update` is not a valid enum value for path `action`.
2026-08-01 12:45:35 [INFO]: Notification marked as read by plantora-admin@yopmail.com
2026-08-01 12:45:35 [INFO]: [0mPATCH /notifications/6a6d4133ef3bffb151f4f405/read?_method=PATCH [32m200[0m 309.005 ms - 57[0m
2026-08-01 12:45:37 [INFO]: [0mGET /notifications/latest [32m200[0m 154.930 ms - -[0m
2026-08-01 12:45:42 [INFO]: [0mGET /notifications/latest [36m304[0m 159.038 ms - -[0m
2026-08-01 12:47:38 [INFO]: [0mGET / [32m200[0m 84.833 ms - -[0m
2026-08-01 12:47:38 [INFO]: [0mGET /css/style.css [36m304[0m 1.099 ms - -[0m
2026-08-01 12:47:38 [INFO]: [0mGET /images/logo/plantora.png [36m304[0m 1.358 ms - -[0m
2026-08-01 12:47:38 [INFO]: [0mGET /images/hero/hero-placeholder.png [36m304[0m 0.465 ms - -[0m
2026-08-01 12:47:38 [INFO]: [0mGET /images/hero/monstera-plant.jpg [36m304[0m 0.835 ms - -[0m
2026-08-01 12:47:38 [INFO]: [0mGET /js/header.js [36m304[0m 0.300 ms - -[0m
2026-08-01 12:47:38 [INFO]: [0mGET /js/featured.js [36m304[0m 0.551 ms - -[0m
2026-08-01 12:47:38 [INFO]: [0mGET /js/why-choose.js [36m304[0m 0.811 ms - -[0m
2026-08-01 12:47:38 [INFO]: [0mGET /js/notification.js [36m304[0m 1.383 ms - -[0m
2026-08-01 12:47:38 [INFO]: [0mGET /js/footer.js [36m304[0m 1.411 ms - -[0m
2026-08-01 12:47:38 [INFO]: [0mGET /js/auth.js [36m304[0m 1.034 ms - -[0m
2026-08-01 12:47:38 [INFO]: [0mGET /css/variables.css [36m304[0m 0.487 ms - -[0m
2026-08-01 12:47:38 [INFO]: [0mGET /css/utilities.css [36m304[0m 0.644 ms - -[0m
2026-08-01 12:47:38 [INFO]: [0mGET /css/animations.css [36m304[0m 1.233 ms - -[0m
2026-08-01 12:47:38 [INFO]: [0mGET /css/announcement.css [36m304[0m 0.723 ms - -[0m
2026-08-01 12:47:38 [INFO]: [0mGET /css/hero.css [36m304[0m 0.381 ms - -[0m
2026-08-01 12:47:38 [INFO]: [0mGET /css/featured.css [36m304[0m 0.760 ms - -[0m
2026-08-01 12:47:38 [INFO]: [0mGET /css/why-choose.css [36m304[0m 0.844 ms - -[0m
2026-08-01 12:47:38 [INFO]: [0mGET /css/footer.css [36m304[0m 0.761 ms - -[0m
2026-08-01 12:47:38 [INFO]: [0mGET /css/auth.css [36m304[0m 0.467 ms - -[0m
2026-08-01 12:47:38 [INFO]: [0mGET /css/verify.css [36m304[0m 0.615 ms - -[0m
2026-08-01 12:47:38 [INFO]: [0mGET /css/header.css [32m200[0m 2.261 ms - -[0m
2026-08-01 12:47:38 [INFO]: [0mGET /images/hero/snake-plant.jpg [36m304[0m 0.398 ms - -[0m
2026-08-01 12:47:38 [INFO]: [0mGET /images/hero/peace-lily.jpg [36m304[0m 0.528 ms - -[0m
2026-08-01 12:47:38 [INFO]: [0mGET /images/hero/tulip-plant.jpg [36m304[0m 0.444 ms - -[0m
2026-08-01 12:47:38 [INFO]: [0mGET /images/hero/rubber-plant.jpg [36m304[0m 0.663 ms - -[0m
2026-08-01 12:47:38 [INFO]: [0mGET /images/hero/aloe-vera.jpg [36m304[0m 0.519 ms - -[0m
2026-08-01 12:47:38 [INFO]: [0mGET /images/hero/areca-palm.jpg [36m304[0m 0.630 ms - -[0m
2026-08-01 12:47:38 [INFO]: [0mGET /images/hero/jade-plant.jpg [36m304[0m 1.170 ms - -[0m
2026-08-01 12:47:38 [INFO]: [0mGET /images/hero/golden-pothos.jpg [36m304[0m 0.739 ms - -[0m
2026-08-01 12:47:38 [INFO]: [0mGET /images/hero/fiddle-leaf-fig.jpg [36m304[0m 0.508 ms - -[0m
2026-08-01 12:47:38 [INFO]: [0mGET /images/hero/why-choose.jpg [36m304[0m 0.217 ms - -[0m
2026-08-01 12:47:38 [INFO]: [0mGET /images/logo/plantora-orgn-white.png [36m304[0m 0.205 ms - -[0m
2026-08-01 12:47:38 [INFO]: [0mGET /%7B%20%20publicId:%20'/public/default/profile.png',%20%20url:%20'https://res.cloudinary.com/desmwasfe/image/upload/v1781973939/default-avatar_d6ofmr.png'%7D [33m404[0m 77.937 ms - 236[0m
2026-08-01 12:47:41 [INFO]: [0mGET /notifications/latest [36m304[0m 155.731 ms - -[0m
2026-08-01 12:47:53 [INFO]: [0mGET / [36m304[0m 76.698 ms - -[0m
2026-08-01 12:47:53 [INFO]: [0mGET /css/style.css [36m304[0m 0.324 ms - -[0m
2026-08-01 12:47:53 [INFO]: [0mGET /images/logo/plantora.png [36m304[0m 0.293 ms - -[0m
2026-08-01 12:47:53 [INFO]: [0mGET /images/hero/hero-placeholder.png [36m304[0m 0.148 ms - -[0m
2026-08-01 12:47:53 [INFO]: [0mGET /images/hero/monstera-plant.jpg [36m304[0m 0.121 ms - -[0m
2026-08-01 12:47:53 [INFO]: [0mGET /js/header.js [36m304[0m 0.210 ms - -[0m
2026-08-01 12:47:53 [INFO]: [0mGET /js/featured.js [36m304[0m 0.339 ms - -[0m
2026-08-01 12:47:53 [INFO]: [0mGET /js/why-choose.js [36m304[0m 0.175 ms - -[0m
2026-08-01 12:47:53 [INFO]: [0mGET /js/notification.js [36m304[0m 0.224 ms - -[0m
2026-08-01 12:47:53 [INFO]: [0mGET /js/footer.js [36m304[0m 0.139 ms - -[0m
2026-08-01 12:47:53 [INFO]: [0mGET /js/auth.js [36m304[0m 0.113 ms - -[0m
2026-08-01 12:47:53 [INFO]: [0mGET /images/hero/snake-plant.jpg [36m304[0m 0.467 ms - -[0m
2026-08-01 12:47:53 [INFO]: [0mGET /css/variables.css [36m304[0m 0.810 ms - -[0m
2026-08-01 12:47:53 [INFO]: [0mGET /css/utilities.css [36m304[0m 0.263 ms - -[0m
2026-08-01 12:47:53 [INFO]: [0mGET /css/animations.css [36m304[0m 0.385 ms - -[0m
2026-08-01 12:47:53 [INFO]: [0mGET /css/announcement.css [36m304[0m 0.643 ms - -[0m
2026-08-01 12:47:53 [INFO]: [0mGET /css/hero.css [36m304[0m 0.329 ms - -[0m
2026-08-01 12:47:53 [INFO]: [0mGET /css/featured.css [36m304[0m 0.516 ms - -[0m
2026-08-01 12:47:53 [INFO]: [0mGET /css/why-choose.css [36m304[0m 0.244 ms - -[0m
2026-08-01 12:47:53 [INFO]: [0mGET /css/footer.css [36m304[0m 0.400 ms - -[0m
2026-08-01 12:47:53 [INFO]: [0mGET /css/auth.css [36m304[0m 0.389 ms - -[0m
2026-08-01 12:47:53 [INFO]: [0mGET /css/header.css [32m200[0m 1.482 ms - -[0m
2026-08-01 12:47:53 [INFO]: [0mGET /css/verify.css [36m304[0m 0.503 ms - -[0m
2026-08-01 12:47:53 [INFO]: [0mGET /images/hero/peace-lily.jpg [36m304[0m 0.219 ms - -[0m
2026-08-01 12:47:53 [INFO]: [0mGET /images/hero/tulip-plant.jpg [36m304[0m 0.230 ms - -[0m
2026-08-01 12:47:53 [INFO]: [0mGET /images/hero/rubber-plant.jpg [36m304[0m 0.258 ms - -[0m
2026-08-01 12:47:53 [INFO]: [0mGET /images/hero/aloe-vera.jpg [36m304[0m 0.267 ms - -[0m
2026-08-01 12:47:53 [INFO]: [0mGET /images/hero/areca-palm.jpg [36m304[0m 0.591 ms - -[0m
2026-08-01 12:47:53 [INFO]: [0mGET /images/hero/jade-plant.jpg [36m304[0m 0.712 ms - -[0m
2026-08-01 12:47:53 [INFO]: [0mGET /images/hero/golden-pothos.jpg [36m304[0m 0.448 ms - -[0m
2026-08-01 12:47:53 [INFO]: [0mGET /images/hero/fiddle-leaf-fig.jpg [36m304[0m 0.328 ms - -[0m
2026-08-01 12:47:53 [INFO]: [0mGET /images/hero/why-choose.jpg [36m304[0m 0.401 ms - -[0m
2026-08-01 12:47:53 [INFO]: [0mGET /images/logo/plantora-orgn-white.png [36m304[0m 0.369 ms - -[0m
2026-08-01 12:47:53 [INFO]: [0mGET /%7B%20%20publicId:%20'/public/default/profile.png',%20%20url:%20'https://res.cloudinary.com/desmwasfe/image/upload/v1781973939/default-avatar_d6ofmr.png'%7D [33m404[0m 76.304 ms - 236[0m
2026-08-01 12:47:55 [INFO]: [0mGET /notifications/latest [36m304[0m 162.869 ms - -[0m
2026-08-01 12:48:24 [INFO]: [0mGET / [36m304[0m 82.461 ms - -[0m
2026-08-01 12:48:24 [INFO]: [0mGET /css/style.css [36m304[0m 0.274 ms - -[0m
2026-08-01 12:48:24 [INFO]: [0mGET /images/logo/plantora.png [36m304[0m 0.543 ms - -[0m
2026-08-01 12:48:24 [INFO]: [0mGET /images/hero/hero-placeholder.png [36m304[0m 0.140 ms - -[0m
2026-08-01 12:48:24 [INFO]: [0mGET /images/hero/monstera-plant.jpg [36m304[0m 0.122 ms - -[0m
2026-08-01 12:48:24 [INFO]: [0mGET /js/header.js [36m304[0m 0.153 ms - -[0m
2026-08-01 12:48:24 [INFO]: [0mGET /js/featured.js [36m304[0m 0.283 ms - -[0m
2026-08-01 12:48:24 [INFO]: [0mGET /js/why-choose.js [36m304[0m 0.131 ms - -[0m
2026-08-01 12:48:24 [INFO]: [0mGET /js/notification.js [36m304[0m 0.145 ms - -[0m
2026-08-01 12:48:24 [INFO]: [0mGET /css/variables.css [36m304[0m 0.322 ms - -[0m
2026-08-01 12:48:24 [INFO]: [0mGET /js/footer.js [36m304[0m 0.406 ms - -[0m
2026-08-01 12:48:24 [INFO]: [0mGET /js/auth.js [36m304[0m 0.538 ms - -[0m
2026-08-01 12:48:24 [INFO]: [0mGET /css/utilities.css [36m304[0m 0.162 ms - -[0m
2026-08-01 12:48:24 [INFO]: [0mGET /css/animations.css [36m304[0m 0.355 ms - -[0m
2026-08-01 12:48:24 [INFO]: [0mGET /css/announcement.css [36m304[0m 0.438 ms - -[0m
2026-08-01 12:48:24 [INFO]: [0mGET /css/hero.css [36m304[0m 0.409 ms - -[0m
2026-08-01 12:48:24 [INFO]: [0mGET /css/featured.css [36m304[0m 0.506 ms - -[0m
2026-08-01 12:48:24 [INFO]: [0mGET /css/why-choose.css [36m304[0m 0.693 ms - -[0m
2026-08-01 12:48:24 [INFO]: [0mGET /css/footer.css [36m304[0m 0.448 ms - -[0m
2026-08-01 12:48:24 [INFO]: [0mGET /css/auth.css [36m304[0m 0.157 ms - -[0m
2026-08-01 12:48:24 [INFO]: [0mGET /css/header.css [32m200[0m 2.054 ms - -[0m
2026-08-01 12:48:24 [INFO]: [0mGET /css/verify.css [36m304[0m 0.448 ms - -[0m
2026-08-01 12:48:24 [INFO]: [0mGET /images/hero/snake-plant.jpg [36m304[0m 0.138 ms - -[0m
2026-08-01 12:48:24 [INFO]: [0mGET /images/hero/peace-lily.jpg [36m304[0m 0.161 ms - -[0m
2026-08-01 12:48:24 [INFO]: [0mGET /images/hero/tulip-plant.jpg [36m304[0m 0.238 ms - -[0m
2026-08-01 12:48:24 [INFO]: [0mGET /images/hero/rubber-plant.jpg [36m304[0m 0.123 ms - -[0m
2026-08-01 12:48:24 [INFO]: [0mGET /images/hero/aloe-vera.jpg [36m304[0m 0.128 ms - -[0m
2026-08-01 12:48:24 [INFO]: [0mGET /images/hero/areca-palm.jpg [36m304[0m 0.148 ms - -[0m
2026-08-01 12:48:24 [INFO]: [0mGET /images/hero/jade-plant.jpg [36m304[0m 0.990 ms - -[0m
2026-08-01 12:48:24 [INFO]: [0mGET /images/hero/golden-pothos.jpg [36m304[0m 1.372 ms - -[0m
2026-08-01 12:48:24 [INFO]: [0mGET /images/hero/fiddle-leaf-fig.jpg [36m304[0m 0.804 ms - -[0m
2026-08-01 12:48:24 [INFO]: [0mGET /images/hero/why-choose.jpg [36m304[0m 0.300 ms - -[0m
2026-08-01 12:48:24 [INFO]: [0mGET /images/logo/plantora-orgn-white.png [36m304[0m 0.356 ms - -[0m
2026-08-01 12:48:25 [INFO]: [0mGET /%7B%20%20publicId:%20'/public/default/profile.png',%20%20url:%20'https://res.cloudinary.com/desmwasfe/image/upload/v1781973939/default-avatar_d6ofmr.png'%7D [33m404[0m 87.865 ms - 236[0m
2026-08-01 12:48:52 [INFO]: [0mGET /auth/profile [32m200[0m 138.913 ms - -[0m
2026-08-01 12:48:52 [INFO]: [0mGET /css/style.css [36m304[0m 0.844 ms - -[0m
2026-08-01 12:48:52 [INFO]: [0mGET /css/profile.css [36m304[0m 0.995 ms - -[0m
2026-08-01 12:48:52 [INFO]: [0mGET /images/logo/plantora.png [36m304[0m 0.494 ms - -[0m
2026-08-01 12:48:52 [INFO]: [0mGET /js/profile.js [36m304[0m 0.238 ms - -[0m
2026-08-01 12:48:52 [INFO]: [0mGET /images/logo/plantora-orgn-white.png [36m304[0m 0.569 ms - -[0m
2026-08-01 12:48:52 [INFO]: [0mGET /js/header.js [36m304[0m 0.481 ms - -[0m
2026-08-01 12:48:52 [INFO]: [0mGET /js/featured.js [36m304[0m 1.260 ms - -[0m
2026-08-01 12:48:52 [INFO]: [0mGET /css/variables.css [36m304[0m 1.025 ms - -[0m
2026-08-01 12:48:52 [INFO]: [0mGET /css/utilities.css [36m304[0m 0.268 ms - -[0m
2026-08-01 12:48:52 [INFO]: [0mGET /css/animations.css [36m304[0m 0.650 ms - -[0m
2026-08-01 12:48:52 [INFO]: [0mGET /css/announcement.css [36m304[0m 0.472 ms - -[0m
2026-08-01 12:48:52 [INFO]: [0mGET /css/header.css [36m304[0m 0.202 ms - -[0m
2026-08-01 12:48:52 [INFO]: [0mGET /css/hero.css [36m304[0m 0.220 ms - -[0m
2026-08-01 12:48:52 [INFO]: [0mGET /css/featured.css [36m304[0m 0.466 ms - -[0m
2026-08-01 12:48:52 [INFO]: [0mGET /css/why-choose.css [36m304[0m 0.161 ms - -[0m
2026-08-01 12:48:52 [INFO]: [0mGET /css/footer.css [36m304[0m 0.330 ms - -[0m
2026-08-01 12:48:52 [INFO]: [0mGET /css/auth.css [36m304[0m 0.415 ms - -[0m
2026-08-01 12:48:52 [INFO]: [0mGET /css/verify.css [36m304[0m 0.600 ms - -[0m
2026-08-01 12:48:52 [INFO]: [0mGET /js/why-choose.js [36m304[0m 0.205 ms - -[0m
2026-08-01 12:48:52 [INFO]: [0mGET /js/notification.js [36m304[0m 0.298 ms - -[0m
2026-08-01 12:48:52 [INFO]: [0mGET /js/footer.js [36m304[0m 0.284 ms - -[0m
2026-08-01 12:48:52 [INFO]: [0mGET /js/auth.js [36m304[0m 0.408 ms - -[0m
2026-08-01 12:48:52 [INFO]: [0mGET /auth/%7B%20%20publicId:%20'/public/default/profile.png',%20%20url:%20'https://res.cloudinary.com/desmwasfe/image/upload/v1781973939/default-avatar_d6ofmr.png'%7D [33m404[0m 75.715 ms - 241[0m
2026-08-01 12:49:09 [INFO]: Image uploaded successfully to '[object Object]'.
2026-08-01 12:49:09 [INFO]: Local file deleted successfully: E:\Webskitters_Academy\NODE JS\final_project_node\plantora_final_project_node_ejs\uploads\temp\d0784c32-7812-4a5d-8547-96c6622cfba0.jpg
2026-08-01 12:49:09 [INFO]: Profile updated : plantora-admin@yopmail.com
2026-08-01 12:49:09 [INFO]: [0mPUT /auth/profile?_method=PUT [36m302[0m 7007.672 ms - 101[0m
2026-08-01 12:49:09 [INFO]: [0mGET /auth/profile?type=success&message=Profile%20updated%20successfully. [32m200[0m 118.287 ms - -[0m
2026-08-01 12:49:09 [INFO]: [0mGET /css/style.css [36m304[0m 1.095 ms - -[0m
2026-08-01 12:49:09 [INFO]: [0mGET /css/profile.css [36m304[0m 1.774 ms - -[0m
2026-08-01 12:49:09 [INFO]: [0mGET /images/logo/plantora.png [36m304[0m 1.206 ms - -[0m
2026-08-01 12:49:09 [INFO]: [0mGET /js/profile.js [36m304[0m 0.579 ms - -[0m
2026-08-01 12:49:09 [INFO]: [0mGET /images/logo/plantora-orgn-white.png [36m304[0m 1.063 ms - -[0m
2026-08-01 12:49:09 [INFO]: [0mGET /js/header.js [36m304[0m 0.971 ms - -[0m
2026-08-01 12:49:09 [INFO]: [0mGET /js/featured.js [36m304[0m 0.736 ms - -[0m
2026-08-01 12:49:09 [INFO]: [0mGET /css/variables.css [36m304[0m 0.565 ms - -[0m
2026-08-01 12:49:09 [INFO]: [0mGET /css/utilities.css [36m304[0m 0.725 ms - -[0m
2026-08-01 12:49:09 [INFO]: [0mGET /css/animations.css [36m304[0m 0.916 ms - -[0m
2026-08-01 12:49:09 [INFO]: [0mGET /css/announcement.css [36m304[0m 0.785 ms - -[0m
2026-08-01 12:49:09 [INFO]: [0mGET /css/header.css [36m304[0m 0.908 ms - -[0m
2026-08-01 12:49:09 [INFO]: [0mGET /css/hero.css [36m304[0m 0.465 ms - -[0m
2026-08-01 12:49:09 [INFO]: [0mGET /css/featured.css [36m304[0m 0.670 ms - -[0m
2026-08-01 12:49:09 [INFO]: [0mGET /css/why-choose.css [36m304[0m 0.995 ms - -[0m
2026-08-01 12:49:09 [INFO]: [0mGET /css/footer.css [36m304[0m 0.563 ms - -[0m
2026-08-01 12:49:09 [INFO]: [0mGET /css/auth.css [36m304[0m 0.865 ms - -[0m
2026-08-01 12:49:09 [INFO]: [0mGET /css/verify.css [36m304[0m 0.497 ms - -[0m
2026-08-01 12:49:09 [INFO]: [0mGET /js/why-choose.js [36m304[0m 0.681 ms - -[0m
2026-08-01 12:49:09 [INFO]: [0mGET /js/notification.js [36m304[0m 0.848 ms - -[0m
2026-08-01 12:49:09 [INFO]: [0mGET /js/footer.js [36m304[0m 0.788 ms - -[0m
2026-08-01 12:49:09 [INFO]: [0mGET /js/auth.js [36m304[0m 0.568 ms - -[0m
2026-08-01 12:49:09 [INFO]: [0mGET /auth/%7B%20%20publicId:%20'[object%20Object]/d0784c32-7812-4a5d-8547-96c6622cfba0_hffdik',%20%20url:%20'https://res.cloudinary.com/desmwasfe/image/upload/v1785568747/%5Bobject%20Object%5D/d0784c32-7812-4a5d-8547-96c6622cfba0_hffdik.jpg'%7D [33m404[0m 85.563 ms - 319[0m
2026-08-01 12:50:12 [INFO]: [0mGET /auth/profile [32m200[0m 142.257 ms - -[0m
2026-08-01 12:50:12 [INFO]: [0mGET /css/style.css [36m304[0m 0.208 ms - -[0m
2026-08-01 12:50:12 [INFO]: [0mGET /css/profile.css [36m304[0m 0.346 ms - -[0m
2026-08-01 12:50:12 [INFO]: [0mGET /images/logo/plantora.png [36m304[0m 0.177 ms - -[0m
2026-08-01 12:50:12 [INFO]: [0mGET /js/profile.js [36m304[0m 0.242 ms - -[0m
2026-08-01 12:50:12 [INFO]: [0mGET /images/logo/plantora-orgn-white.png [36m304[0m 0.782 ms - -[0m
2026-08-01 12:50:12 [INFO]: [0mGET /js/featured.js [36m304[0m 0.110 ms - -[0m
2026-08-01 12:50:12 [INFO]: [0mGET /js/why-choose.js [36m304[0m 0.156 ms - -[0m
2026-08-01 12:50:12 [INFO]: [0mGET /js/header.js [32m200[0m 0.884 ms - -[0m
2026-08-01 12:50:12 [INFO]: [0mGET /js/notification.js [36m304[0m 0.755 ms - -[0m
2026-08-01 12:50:12 [INFO]: [0mGET /js/footer.js [36m304[0m 0.545 ms - -[0m
2026-08-01 12:50:12 [INFO]: [0mGET /js/auth.js [36m304[0m 0.477 ms - -[0m
2026-08-01 12:50:12 [INFO]: [0mGET /css/variables.css [36m304[0m 0.707 ms - -[0m
2026-08-01 12:50:12 [INFO]: [0mGET /css/utilities.css [36m304[0m 0.813 ms - -[0m
2026-08-01 12:50:12 [INFO]: [0mGET /css/animations.css [36m304[0m 0.920 ms - -[0m
2026-08-01 12:50:12 [INFO]: [0mGET /css/announcement.css [36m304[0m 1.373 ms - -[0m
2026-08-01 12:50:12 [INFO]: [0mGET /css/hero.css [36m304[0m 0.934 ms - -[0m
2026-08-01 12:50:12 [INFO]: [0mGET /css/featured.css [36m304[0m 1.173 ms - -[0m
2026-08-01 12:50:12 [INFO]: [0mGET /css/why-choose.css [36m304[0m 1.255 ms - -[0m
2026-08-01 12:50:12 [INFO]: [0mGET /css/footer.css [36m304[0m 1.325 ms - -[0m
2026-08-01 12:50:12 [INFO]: [0mGET /css/auth.css [36m304[0m 0.452 ms - -[0m
2026-08-01 12:50:12 [INFO]: [0mGET /css/verify.css [36m304[0m 0.531 ms - -[0m
2026-08-01 12:50:12 [INFO]: [0mGET /css/header.css [32m200[0m 2.318 ms - -[0m
2026-08-01 12:50:13 [INFO]: [0mGET /auth/%7B%20%20publicId:%20'/public/default/profile.png',%20%20url:%20'https://res.cloudinary.com/desmwasfe/image/upload/v1781973939/default-avatar_d6ofmr.png'%7D [33m404[0m 96.414 ms - 241[0m
2026-08-01 12:50:18 [INFO]: Logout successful : customer_0004@yopmail.com
2026-08-01 12:50:18 [INFO]: [0mPOST /auth/logout [36m302[0m 267.978 ms - 30[0m
2026-08-01 12:50:18 [INFO]: [0mGET / [36m304[0m 2.931 ms - -[0m
2026-08-01 12:50:18 [INFO]: [0mGET /css/style.css [36m304[0m 0.202 ms - -[0m
2026-08-01 12:50:18 [INFO]: [0mGET /images/logo/plantora.png [36m304[0m 0.190 ms - -[0m
2026-08-01 12:50:18 [INFO]: [0mGET /images/hero/hero-placeholder.png [36m304[0m 0.405 ms - -[0m
2026-08-01 12:50:18 [INFO]: [0mGET /images/hero/monstera-plant.jpg [36m304[0m 0.344 ms - -[0m
2026-08-01 12:50:18 [INFO]: [0mGET /images/hero/snake-plant.jpg [36m304[0m 0.873 ms - -[0m
2026-08-01 12:50:18 [INFO]: [0mGET /images/hero/peace-lily.jpg [36m304[0m 1.468 ms - -[0m
2026-08-01 12:50:18 [INFO]: [0mGET /js/header.js [36m304[0m 1.034 ms - -[0m
2026-08-01 12:50:18 [INFO]: [0mGET /js/featured.js [36m304[0m 0.194 ms - -[0m
2026-08-01 12:50:18 [INFO]: [0mGET /js/why-choose.js [36m304[0m 0.297 ms - -[0m
2026-08-01 12:50:18 [INFO]: [0mGET /js/notification.js [36m304[0m 0.438 ms - -[0m
2026-08-01 12:50:18 [INFO]: [0mGET /js/footer.js [36m304[0m 0.397 ms - -[0m
2026-08-01 12:50:18 [INFO]: [0mGET /js/auth.js [36m304[0m 0.736 ms - -[0m
2026-08-01 12:50:18 [INFO]: [0mGET /images/hero/tulip-plant.jpg [36m304[0m 0.259 ms - -[0m
2026-08-01 12:50:18 [INFO]: [0mGET /images/hero/rubber-plant.jpg [36m304[0m 0.329 ms - -[0m
2026-08-01 12:50:18 [INFO]: [0mGET /images/hero/aloe-vera.jpg [36m304[0m 0.555 ms - -[0m
2026-08-01 12:50:18 [INFO]: [0mGET /images/hero/areca-palm.jpg [36m304[0m 0.210 ms - -[0m
2026-08-01 12:50:18 [INFO]: [0mGET /css/variables.css [36m304[0m 0.304 ms - -[0m
2026-08-01 12:50:18 [INFO]: [0mGET /css/utilities.css [36m304[0m 0.682 ms - -[0m
2026-08-01 12:50:18 [INFO]: [0mGET /css/animations.css [36m304[0m 0.580 ms - -[0m
2026-08-01 12:50:18 [INFO]: [0mGET /css/announcement.css [36m304[0m 1.341 ms - -[0m
2026-08-01 12:50:18 [INFO]: [0mGET /css/header.css [36m304[0m 0.649 ms - -[0m
2026-08-01 12:50:18 [INFO]: [0mGET /css/hero.css [36m304[0m 0.774 ms - -[0m
2026-08-01 12:50:18 [INFO]: [0mGET /css/featured.css [36m304[0m 0.304 ms - -[0m
2026-08-01 12:50:18 [INFO]: [0mGET /css/why-choose.css [36m304[0m 0.456 ms - -[0m
2026-08-01 12:50:18 [INFO]: [0mGET /css/footer.css [36m304[0m 1.027 ms - -[0m
2026-08-01 12:50:18 [INFO]: [0mGET /css/auth.css [36m304[0m 0.636 ms - -[0m
2026-08-01 12:50:18 [INFO]: [0mGET /css/verify.css [36m304[0m 0.757 ms - -[0m
2026-08-01 12:50:18 [INFO]: [0mGET /images/hero/jade-plant.jpg [36m304[0m 0.322 ms - -[0m
2026-08-01 12:50:18 [INFO]: [0mGET /images/hero/golden-pothos.jpg [36m304[0m 0.454 ms - -[0m
2026-08-01 12:50:18 [INFO]: [0mGET /images/hero/fiddle-leaf-fig.jpg [36m304[0m 0.212 ms - -[0m
2026-08-01 12:50:18 [INFO]: [0mGET /images/hero/why-choose.jpg [36m304[0m 0.246 ms - -[0m
2026-08-01 12:50:18 [INFO]: [0mGET /images/logo/plantora-orgn-white.png [36m304[0m 0.276 ms - -[0m
2026-08-01 12:50:21 [INFO]: Login successful : customer_0004@yopmail.com
2026-08-01 12:50:21 [INFO]: [0mPOST /auth/login [32m200[0m 485.029 ms - 46[0m
2026-08-01 12:50:22 [INFO]: [0mGET / [32m200[0m 79.848 ms - -[0m
2026-08-01 12:50:22 [INFO]: [0mGET /css/style.css [36m304[0m 0.313 ms - -[0m
2026-08-01 12:50:22 [INFO]: [0mGET /images/logo/plantora.png [36m304[0m 0.337 ms - -[0m
2026-08-01 12:50:22 [INFO]: [0mGET /images/hero/hero-placeholder.png [36m304[0m 0.965 ms - -[0m
2026-08-01 12:50:22 [INFO]: [0mGET /images/hero/monstera-plant.jpg [36m304[0m 1.508 ms - -[0m
2026-08-01 12:50:22 [INFO]: [0mGET /js/header.js [36m304[0m 1.626 ms - -[0m
2026-08-01 12:50:22 [INFO]: [0mGET /js/featured.js [36m304[0m 1.571 ms - -[0m
2026-08-01 12:50:22 [INFO]: [0mGET /js/why-choose.js [36m304[0m 0.860 ms - -[0m
2026-08-01 12:50:22 [INFO]: [0mGET /js/notification.js [36m304[0m 1.069 ms - -[0m
2026-08-01 12:50:22 [INFO]: [0mGET /js/footer.js [36m304[0m 1.359 ms - -[0m
2026-08-01 12:50:22 [INFO]: [0mGET /js/auth.js [36m304[0m 1.492 ms - -[0m
2026-08-01 12:50:22 [INFO]: [0mGET /images/hero/snake-plant.jpg [36m304[0m 1.758 ms - -[0m
2026-08-01 12:50:22 [INFO]: [0mGET /images/hero/peace-lily.jpg [36m304[0m 0.643 ms - -[0m
2026-08-01 12:50:22 [INFO]: [0mGET /images/hero/tulip-plant.jpg [36m304[0m 0.805 ms - -[0m
2026-08-01 12:50:22 [INFO]: [0mGET /images/hero/rubber-plant.jpg [36m304[0m 1.123 ms - -[0m
2026-08-01 12:50:22 [INFO]: [0mGET /images/hero/aloe-vera.jpg [36m304[0m 1.159 ms - -[0m
2026-08-01 12:50:22 [INFO]: [0mGET /css/variables.css [36m304[0m 1.464 ms - -[0m
2026-08-01 12:50:22 [INFO]: [0mGET /css/utilities.css [36m304[0m 0.830 ms - -[0m
2026-08-01 12:50:22 [INFO]: [0mGET /css/animations.css [36m304[0m 0.995 ms - -[0m
2026-08-01 12:50:22 [INFO]: [0mGET /css/announcement.css [36m304[0m 1.618 ms - -[0m
2026-08-01 12:50:22 [INFO]: [0mGET /css/header.css [36m304[0m 2.369 ms - -[0m
2026-08-01 12:50:22 [INFO]: [0mGET /css/hero.css [36m304[0m 1.238 ms - -[0m
2026-08-01 12:50:22 [INFO]: [0mGET /css/featured.css [36m304[0m 1.167 ms - -[0m
2026-08-01 12:50:22 [INFO]: [0mGET /css/why-choose.css [36m304[0m 1.452 ms - -[0m
2026-08-01 12:50:22 [INFO]: [0mGET /css/footer.css [36m304[0m 1.726 ms - -[0m
2026-08-01 12:50:22 [INFO]: [0mGET /css/auth.css [36m304[0m 2.489 ms - -[0m
2026-08-01 12:50:22 [INFO]: [0mGET /css/verify.css [36m304[0m 1.194 ms - -[0m
2026-08-01 12:50:22 [INFO]: [0mGET /images/hero/areca-palm.jpg [36m304[0m 0.420 ms - -[0m
2026-08-01 12:50:22 [INFO]: [0mGET /images/hero/jade-plant.jpg [36m304[0m 0.638 ms - -[0m
2026-08-01 12:50:22 [INFO]: [0mGET /images/hero/golden-pothos.jpg [36m304[0m 1.470 ms - -[0m
2026-08-01 12:50:22 [INFO]: [0mGET /images/hero/fiddle-leaf-fig.jpg [36m304[0m 1.139 ms - -[0m
2026-08-01 12:50:22 [INFO]: [0mGET /images/hero/why-choose.jpg [36m304[0m 0.524 ms - -[0m
2026-08-01 12:50:22 [INFO]: [0mGET /images/logo/plantora-orgn-white.png [36m304[0m 0.620 ms - -[0m
2026-08-01 12:50:22 [INFO]: [0mGET /%7B%20%20publicId:%20'/public/default/profile.png',%20%20url:%20'https://res.cloudinary.com/desmwasfe/image/upload/v1781973939/default-avatar_d6ofmr.png'%7D [33m404[0m 84.759 ms - 236[0m
2026-08-01 12:50:24 [INFO]: [0mGET /notifications/latest [32m200[0m 155.201 ms - 406[0m
2026-08-01 12:50:48 [INFO]: [0mGET /notifications/latest [36m304[0m 151.579 ms - -[0m
2026-08-01 12:50:51 [INFO]: [0mGET /notifications/latest [36m304[0m 149.985 ms - -[0m
2026-08-01 13:18:59 [INFO]: [0mGET /auth/profile [32m200[0m 189.500 ms - -[0m
2026-08-01 13:18:59 [INFO]: [0mGET /css/style.css [36m304[0m 0.635 ms - -[0m
2026-08-01 13:18:59 [INFO]: [0mGET /css/profile.css [36m304[0m 0.679 ms - -[0m
2026-08-01 13:18:59 [INFO]: [0mGET /images/logo/plantora.png [36m304[0m 0.665 ms - -[0m
2026-08-01 13:18:59 [INFO]: [0mGET /js/profile.js [36m304[0m 2.158 ms - -[0m
2026-08-01 13:18:59 [INFO]: [0mGET /images/logo/plantora-orgn-white.png [36m304[0m 1.980 ms - -[0m
2026-08-01 13:18:59 [INFO]: [0mGET /js/header.js [36m304[0m 0.256 ms - -[0m
2026-08-01 13:18:59 [INFO]: [0mGET /js/featured.js [36m304[0m 0.348 ms - -[0m
2026-08-01 13:18:59 [INFO]: [0mGET /js/why-choose.js [36m304[0m 0.199 ms - -[0m
2026-08-01 13:18:59 [INFO]: [0mGET /css/variables.css [36m304[0m 0.238 ms - -[0m
2026-08-01 13:18:59 [INFO]: [0mGET /css/utilities.css [36m304[0m 0.682 ms - -[0m
2026-08-01 13:18:59 [INFO]: [0mGET /css/animations.css [36m304[0m 1.719 ms - -[0m
2026-08-01 13:18:59 [INFO]: [0mGET /css/announcement.css [36m304[0m 0.972 ms - -[0m
2026-08-01 13:18:59 [INFO]: [0mGET /css/header.css [36m304[0m 0.996 ms - -[0m
2026-08-01 13:18:59 [INFO]: [0mGET /css/hero.css [36m304[0m 1.441 ms - -[0m
2026-08-01 13:18:59 [INFO]: [0mGET /css/featured.css [36m304[0m 1.322 ms - -[0m
2026-08-01 13:18:59 [INFO]: [0mGET /css/why-choose.css [36m304[0m 0.973 ms - -[0m
2026-08-01 13:18:59 [INFO]: [0mGET /css/footer.css [36m304[0m 1.102 ms - -[0m
2026-08-01 13:18:59 [INFO]: [0mGET /css/auth.css [36m304[0m 1.496 ms - -[0m
2026-08-01 13:18:59 [INFO]: [0mGET /css/verify.css [36m304[0m 0.470 ms - -[0m
2026-08-01 13:18:59 [INFO]: [0mGET /js/notification.js [36m304[0m 0.199 ms - -[0m
2026-08-01 13:18:59 [INFO]: [0mGET /js/footer.js [36m304[0m 0.191 ms - -[0m
2026-08-01 13:18:59 [INFO]: [0mGET /js/auth.js [36m304[0m 0.312 ms - -[0m
2026-08-01 13:18:59 [INFO]: [0mGET /auth/%7B%20%20publicId:%20'[object%20Object]/d0784c32-7812-4a5d-8547-96c6622cfba0_hffdik',%20%20url:%20'https://res.cloudinary.com/desmwasfe/image/upload/v1785568747/%5Bobject%20Object%5D/d0784c32-7812-4a5d-8547-96c6622cfba0_hffdik.jpg'%7D [33m404[0m 122.820 ms - 319[0m
2026-08-01 13:19:12 [INFO]: [0mGET / [32m200[0m 79.099 ms - -[0m
2026-08-01 13:19:12 [INFO]: [0mGET /css/style.css [36m304[0m 0.410 ms - -[0m
2026-08-01 13:19:12 [INFO]: [0mGET /images/logo/plantora.png [36m304[0m 0.272 ms - -[0m
2026-08-01 13:19:12 [INFO]: [0mGET /images/hero/hero-placeholder.png [36m304[0m 0.702 ms - -[0m
2026-08-01 13:19:12 [INFO]: [0mGET /images/hero/monstera-plant.jpg [36m304[0m 0.840 ms - -[0m
2026-08-01 13:19:12 [INFO]: [0mGET /js/header.js [36m304[0m 0.118 ms - -[0m
2026-08-01 13:19:12 [INFO]: [0mGET /js/featured.js [36m304[0m 0.241 ms - -[0m
2026-08-01 13:19:12 [INFO]: [0mGET /js/why-choose.js [36m304[0m 0.163 ms - -[0m
2026-08-01 13:19:12 [INFO]: [0mGET /js/notification.js [36m304[0m 0.242 ms - -[0m
2026-08-01 13:19:12 [INFO]: [0mGET /js/footer.js [36m304[0m 0.098 ms - -[0m
2026-08-01 13:19:12 [INFO]: [0mGET /js/auth.js [36m304[0m 0.114 ms - -[0m
2026-08-01 13:19:12 [INFO]: [0mGET /images/hero/snake-plant.jpg [36m304[0m 0.192 ms - -[0m
2026-08-01 13:19:12 [INFO]: [0mGET /images/hero/peace-lily.jpg [36m304[0m 0.174 ms - -[0m
2026-08-01 13:19:12 [INFO]: [0mGET /images/hero/tulip-plant.jpg [36m304[0m 0.120 ms - -[0m
2026-08-01 13:19:12 [INFO]: [0mGET /css/variables.css [36m304[0m 0.456 ms - -[0m
2026-08-01 13:19:12 [INFO]: [0mGET /css/utilities.css [36m304[0m 0.679 ms - -[0m
2026-08-01 13:19:12 [INFO]: [0mGET /css/animations.css [36m304[0m 0.824 ms - -[0m
2026-08-01 13:19:12 [INFO]: [0mGET /css/announcement.css [36m304[0m 1.041 ms - -[0m
2026-08-01 13:19:12 [INFO]: [0mGET /css/hero.css [36m304[0m 0.479 ms - -[0m
2026-08-01 13:19:12 [INFO]: [0mGET /css/header.css [36m304[0m 0.454 ms - -[0m
2026-08-01 13:19:12 [INFO]: [0mGET /css/featured.css [36m304[0m 0.649 ms - -[0m
2026-08-01 13:19:12 [INFO]: [0mGET /css/why-choose.css [36m304[0m 0.389 ms - -[0m
2026-08-01 13:19:12 [INFO]: [0mGET /css/footer.css [36m304[0m 0.128 ms - -[0m
2026-08-01 13:19:12 [INFO]: [0mGET /css/auth.css [36m304[0m 0.366 ms - -[0m
2026-08-01 13:19:12 [INFO]: [0mGET /css/verify.css [36m304[0m 0.099 ms - -[0m
2026-08-01 13:19:12 [INFO]: [0mGET /images/hero/rubber-plant.jpg [36m304[0m 0.144 ms - -[0m
2026-08-01 13:19:12 [INFO]: [0mGET /images/hero/aloe-vera.jpg [36m304[0m 0.151 ms - -[0m
2026-08-01 13:19:12 [INFO]: [0mGET /images/hero/areca-palm.jpg [36m304[0m 0.339 ms - -[0m
2026-08-01 13:19:12 [INFO]: [0mGET /images/hero/jade-plant.jpg [36m304[0m 0.139 ms - -[0m
2026-08-01 13:19:12 [INFO]: [0mGET /images/hero/golden-pothos.jpg [36m304[0m 0.338 ms - -[0m
2026-08-01 13:19:12 [INFO]: [0mGET /images/hero/fiddle-leaf-fig.jpg [36m304[0m 0.202 ms - -[0m
2026-08-01 13:19:12 [INFO]: [0mGET /images/hero/why-choose.jpg [36m304[0m 0.238 ms - -[0m
2026-08-01 13:19:12 [INFO]: [0mGET /images/logo/plantora-orgn-white.png [36m304[0m 0.207 ms - -[0m
2026-08-01 13:19:12 [INFO]: [0mGET /%7B%20%20publicId:%20'/public/default/profile.png',%20%20url:%20'https://res.cloudinary.com/desmwasfe/image/upload/v1781973939/default-avatar_d6ofmr.png'%7D [33m404[0m 76.452 ms - 236[0m
2026-08-01 13:19:26 [INFO]: [0mGET /css/style.css [36m304[0m 0.372 ms - -[0m
2026-08-01 13:19:26 [INFO]: [0mGET /css/variables.css [36m304[0m 0.596 ms - -[0m
2026-08-01 13:19:26 [INFO]: [0mGET /css/utilities.css [36m304[0m 0.288 ms - -[0m
2026-08-01 13:19:26 [INFO]: [0mGET /css/animations.css [36m304[0m 0.386 ms - -[0m
2026-08-01 13:19:26 [INFO]: [0mGET /css/announcement.css [36m304[0m 0.547 ms - -[0m
2026-08-01 13:19:26 [INFO]: [0mGET /css/header.css [36m304[0m 0.727 ms - -[0m
2026-08-01 13:19:26 [INFO]: [0mGET /css/hero.css [36m304[0m 0.202 ms - -[0m
2026-08-01 13:19:26 [INFO]: [0mGET /css/featured.css [36m304[0m 0.574 ms - -[0m
2026-08-01 13:19:26 [INFO]: [0mGET /css/why-choose.css [36m304[0m 0.542 ms - -[0m
2026-08-01 13:19:26 [INFO]: [0mGET /css/footer.css [36m304[0m 0.678 ms - -[0m
2026-08-01 13:19:26 [INFO]: [0mGET /css/auth.css [36m304[0m 0.879 ms - -[0m
2026-08-01 13:19:26 [INFO]: [0mGET /css/verify.css [36m304[0m 1.132 ms - -[0m
2026-08-01 13:19:26 [INFO]: [0mGET /.well-known/appspecific/com.chrome.devtools.json [33m404[0m 76.615 ms - 112[0m
2026-08-01 13:20:04 [INFO]: [0mGET / [36m304[0m 82.029 ms - -[0m
2026-08-01 13:20:04 [INFO]: [0mGET /css/style.css [36m304[0m 0.432 ms - -[0m
2026-08-01 13:20:04 [INFO]: [0mGET /images/logo/plantora.png [36m304[0m 0.302 ms - -[0m
2026-08-01 13:20:04 [INFO]: [0mGET /images/hero/hero-placeholder.png [36m304[0m 1.483 ms - -[0m
2026-08-01 13:20:04 [INFO]: [0mGET /images/hero/monstera-plant.jpg [36m304[0m 1.796 ms - -[0m
2026-08-01 13:20:04 [INFO]: [0mGET /js/header.js [36m304[0m 0.214 ms - -[0m
2026-08-01 13:20:04 [INFO]: [0mGET /js/featured.js [36m304[0m 0.307 ms - -[0m
2026-08-01 13:20:04 [INFO]: [0mGET /js/why-choose.js [36m304[0m 0.311 ms - -[0m
2026-08-01 13:20:04 [INFO]: [0mGET /js/notification.js [36m304[0m 0.745 ms - -[0m
2026-08-01 13:20:04 [INFO]: [0mGET /js/footer.js [36m304[0m 1.066 ms - -[0m
2026-08-01 13:20:04 [INFO]: [0mGET /js/auth.js [36m304[0m 0.222 ms - -[0m
2026-08-01 13:20:04 [INFO]: [0mGET /images/hero/snake-plant.jpg [36m304[0m 0.375 ms - -[0m
2026-08-01 13:20:04 [INFO]: [0mGET /images/hero/peace-lily.jpg [36m304[0m 0.554 ms - -[0m
2026-08-01 13:20:04 [INFO]: [0mGET /css/variables.css [36m304[0m 0.407 ms - -[0m
2026-08-01 13:20:04 [INFO]: [0mGET /css/utilities.css [36m304[0m 0.521 ms - -[0m
2026-08-01 13:20:04 [INFO]: [0mGET /css/animations.css [36m304[0m 0.519 ms - -[0m
2026-08-01 13:20:04 [INFO]: [0mGET /css/announcement.css [36m304[0m 1.216 ms - -[0m
2026-08-01 13:20:04 [INFO]: [0mGET /css/header.css [36m304[0m 0.692 ms - -[0m
2026-08-01 13:20:04 [INFO]: [0mGET /css/hero.css [36m304[0m 1.088 ms - -[0m
2026-08-01 13:20:04 [INFO]: [0mGET /css/featured.css [36m304[0m 0.650 ms - -[0m
2026-08-01 13:20:04 [INFO]: [0mGET /css/why-choose.css [36m304[0m 1.160 ms - -[0m
2026-08-01 13:20:04 [INFO]: [0mGET /css/footer.css [36m304[0m 0.414 ms - -[0m
2026-08-01 13:20:04 [INFO]: [0mGET /css/auth.css [36m304[0m 1.007 ms - -[0m
2026-08-01 13:20:04 [INFO]: [0mGET /css/verify.css [36m304[0m 1.152 ms - -[0m
2026-08-01 13:20:04 [INFO]: [0mGET /images/hero/tulip-plant.jpg [36m304[0m 0.430 ms - -[0m
2026-08-01 13:20:04 [INFO]: [0mGET /images/hero/rubber-plant.jpg [36m304[0m 0.584 ms - -[0m
2026-08-01 13:20:04 [INFO]: [0mGET /images/hero/aloe-vera.jpg [36m304[0m 0.749 ms - -[0m
2026-08-01 13:20:04 [INFO]: [0mGET /images/hero/areca-palm.jpg [36m304[0m 0.229 ms - -[0m
2026-08-01 13:20:04 [INFO]: [0mGET /images/hero/jade-plant.jpg [36m304[0m 0.160 ms - -[0m
2026-08-01 13:20:04 [INFO]: [0mGET /images/hero/golden-pothos.jpg [36m304[0m 0.282 ms - -[0m
2026-08-01 13:20:04 [INFO]: [0mGET /images/hero/fiddle-leaf-fig.jpg [36m304[0m 0.505 ms - -[0m
2026-08-01 13:20:04 [INFO]: [0mGET /images/hero/why-choose.jpg [36m304[0m 0.367 ms - -[0m
2026-08-01 13:20:04 [INFO]: [0mGET /images/logo/plantora-orgn-white.png [36m304[0m 0.218 ms - -[0m
2026-08-01 13:20:05 [INFO]: [0mGET /%7B%20%20publicId:%20'/public/default/profile.png',%20%20url:%20'https://res.cloudinary.com/desmwasfe/image/upload/v1781973939/default-avatar_d6ofmr.png'%7D [33m404[0m 91.415 ms - 236[0m
2026-08-01 13:20:05 [INFO]: [0mGET /.well-known/appspecific/com.chrome.devtools.json [33m404[0m 77.993 ms - 112[0m
2026-08-01 13:20:59 [INFO]: [0mGET /auth/profile [36m304[0m 116.702 ms - -[0m
2026-08-01 13:20:59 [INFO]: [0mGET /css/style.css [36m304[0m 0.667 ms - -[0m
2026-08-01 13:20:59 [INFO]: [0mGET /css/profile.css [36m304[0m 0.907 ms - -[0m
2026-08-01 13:20:59 [INFO]: [0mGET /images/logo/plantora.png [36m304[0m 0.159 ms - -[0m
2026-08-01 13:20:59 [INFO]: [0mGET /js/profile.js [36m304[0m 0.919 ms - -[0m
2026-08-01 13:20:59 [INFO]: [0mGET /images/logo/plantora-orgn-white.png [36m304[0m 0.440 ms - -[0m
2026-08-01 13:20:59 [INFO]: [0mGET /js/header.js [36m304[0m 0.247 ms - -[0m
2026-08-01 13:20:59 [INFO]: [0mGET /js/featured.js [36m304[0m 1.637 ms - -[0m
2026-08-01 13:20:59 [INFO]: [0mGET /css/variables.css [36m304[0m 0.552 ms - -[0m
2026-08-01 13:20:59 [INFO]: [0mGET /css/utilities.css [36m304[0m 0.729 ms - -[0m
2026-08-01 13:20:59 [INFO]: [0mGET /css/animations.css [36m304[0m 0.963 ms - -[0m
2026-08-01 13:20:59 [INFO]: [0mGET /css/announcement.css [36m304[0m 1.450 ms - -[0m
2026-08-01 13:20:59 [INFO]: [0mGET /css/hero.css [36m304[0m 0.401 ms - -[0m
2026-08-01 13:20:59 [INFO]: [0mGET /css/featured.css [36m304[0m 0.634 ms - -[0m
2026-08-01 13:20:59 [INFO]: [0mGET /css/why-choose.css [36m304[0m 1.136 ms - -[0m
2026-08-01 13:20:59 [INFO]: [0mGET /css/footer.css [36m304[0m 0.784 ms - -[0m
2026-08-01 13:20:59 [INFO]: [0mGET /css/auth.css [36m304[0m 0.293 ms - -[0m
2026-08-01 13:20:59 [INFO]: [0mGET /css/verify.css [36m304[0m 0.911 ms - -[0m
2026-08-01 13:20:59 [INFO]: [0mGET /css/header.css [32m200[0m 2.502 ms - -[0m
2026-08-01 13:20:59 [INFO]: [0mGET /js/why-choose.js [36m304[0m 0.223 ms - -[0m
2026-08-01 13:20:59 [INFO]: [0mGET /js/notification.js [36m304[0m 0.331 ms - -[0m
2026-08-01 13:20:59 [INFO]: [0mGET /js/footer.js [36m304[0m 0.190 ms - -[0m
2026-08-01 13:20:59 [INFO]: [0mGET /js/auth.js [36m304[0m 0.123 ms - -[0m
2026-08-01 13:20:59 [INFO]: [0mGET /auth/%7B%20%20publicId:%20'[object%20Object]/d0784c32-7812-4a5d-8547-96c6622cfba0_hffdik',%20%20url:%20'https://res.cloudinary.com/desmwasfe/image/upload/v1785568747/%5Bobject%20Object%5D/d0784c32-7812-4a5d-8547-96c6622cfba0_hffdik.jpg'%7D [33m404[0m 77.076 ms - 319[0m
2026-08-01 13:21:48 [INFO]: Image uploaded successfully to '[object Object]'.
2026-08-01 13:21:48 [INFO]: Local file deleted successfully: E:\Webskitters_Academy\NODE JS\final_project_node\plantora_final_project_node_ejs\uploads\temp\806f7e1b-c6ad-4a82-902e-d9cbb7c62dd6.jpg
2026-08-01 13:21:49 [INFO]: Image '[object Object]/d0784c32-7812-4a5d-8547-96c6622cfba0_hffdik' deleted successfully.
2026-08-01 13:21:49 [INFO]: Profile updated : plantora-admin@yopmail.com
2026-08-01 13:21:49 [INFO]: [0mPUT /auth/profile?_method=PUT [36m302[0m 2821.095 ms - 101[0m
2026-08-01 13:21:49 [INFO]: [0mGET /auth/profile?type=success&message=Profile%20updated%20successfully. [32m200[0m 109.957 ms - -[0m
2026-08-01 13:21:49 [INFO]: [0mGET /css/style.css [36m304[0m 1.156 ms - -[0m
2026-08-01 13:21:49 [INFO]: [0mGET /css/profile.css [36m304[0m 0.819 ms - -[0m
2026-08-01 13:21:49 [INFO]: [0mGET /images/logo/plantora.png [36m304[0m 0.249 ms - -[0m
2026-08-01 13:21:49 [INFO]: [0mGET /js/profile.js [36m304[0m 0.676 ms - -[0m
2026-08-01 13:21:49 [INFO]: [0mGET /images/logo/plantora-orgn-white.png [36m304[0m 0.843 ms - -[0m
2026-08-01 13:21:49 [INFO]: [0mGET /js/header.js [36m304[0m 0.855 ms - -[0m
2026-08-01 13:21:49 [INFO]: [0mGET /js/featured.js [36m304[0m 1.137 ms - -[0m
2026-08-01 13:21:49 [INFO]: [0mGET /css/variables.css [36m304[0m 0.443 ms - -[0m
2026-08-01 13:21:49 [INFO]: [0mGET /css/utilities.css [36m304[0m 0.564 ms - -[0m
2026-08-01 13:21:49 [INFO]: [0mGET /css/animations.css [36m304[0m 0.990 ms - -[0m
2026-08-01 13:21:49 [INFO]: [0mGET /css/announcement.css [36m304[0m 0.562 ms - -[0m
2026-08-01 13:21:49 [INFO]: [0mGET /css/header.css [36m304[0m 0.826 ms - -[0m
2026-08-01 13:21:49 [INFO]: [0mGET /css/hero.css [36m304[0m 0.539 ms - -[0m
2026-08-01 13:21:49 [INFO]: [0mGET /css/featured.css [36m304[0m 0.539 ms - -[0m
2026-08-01 13:21:49 [INFO]: [0mGET /css/why-choose.css [36m304[0m 1.027 ms - -[0m
2026-08-01 13:21:49 [INFO]: [0mGET /css/footer.css [36m304[0m 0.549 ms - -[0m
2026-08-01 13:21:49 [INFO]: [0mGET /css/auth.css [36m304[0m 0.805 ms - -[0m
2026-08-01 13:21:49 [INFO]: [0mGET /css/verify.css [36m304[0m 0.943 ms - -[0m
2026-08-01 13:21:49 [INFO]: [0mGET /js/why-choose.js [36m304[0m 0.223 ms - -[0m
2026-08-01 13:21:49 [INFO]: [0mGET /js/notification.js [36m304[0m 0.141 ms - -[0m
2026-08-01 13:21:49 [INFO]: [0mGET /js/footer.js [36m304[0m 0.142 ms - -[0m
2026-08-01 13:21:49 [INFO]: [0mGET /js/auth.js [36m304[0m 0.192 ms - -[0m
2026-08-01 13:21:49 [INFO]: [0mGET /auth/%7B%20%20publicId:%20'[object%20Object]/806f7e1b-c6ad-4a82-902e-d9cbb7c62dd6_irccnv',%20%20url:%20'https://res.cloudinary.com/desmwasfe/image/upload/v1785570707/%5Bobject%20Object%5D/806f7e1b-c6ad-4a82-902e-d9cbb7c62dd6_irccnv.jpg'%7D [33m404[0m 76.560 ms - 319[0m
2026-08-01 13:22:25 [INFO]: [0mGET /css/style.css [36m304[0m 0.977 ms - -[0m
2026-08-01 13:22:25 [INFO]: [0mGET /css/variables.css [36m304[0m 1.250 ms - -[0m
2026-08-01 13:22:25 [INFO]: [0mGET /css/utilities.css [36m304[0m 1.420 ms - -[0m
2026-08-01 13:22:25 [INFO]: [0mGET /css/animations.css [36m304[0m 1.551 ms - -[0m
2026-08-01 13:22:25 [INFO]: [0mGET /css/announcement.css [36m304[0m 0.355 ms - -[0m
2026-08-01 13:22:25 [INFO]: [0mGET /css/header.css [36m304[0m 0.497 ms - -[0m
2026-08-01 13:22:25 [INFO]: [0mGET /css/hero.css [36m304[0m 0.663 ms - -[0m
2026-08-01 13:22:25 [INFO]: [0mGET /css/featured.css [36m304[0m 1.031 ms - -[0m
2026-08-01 13:22:25 [INFO]: [0mGET /css/why-choose.css [36m304[0m 1.194 ms - -[0m
2026-08-01 13:22:25 [INFO]: [0mGET /css/footer.css [36m304[0m 1.382 ms - -[0m
2026-08-01 13:22:25 [INFO]: [0mGET /css/auth.css [36m304[0m 1.612 ms - -[0m
2026-08-01 13:22:25 [INFO]: [0mGET /css/verify.css [36m304[0m 1.854 ms - -[0m
2026-08-01 13:22:25 [INFO]: [0mGET /css/profile.css [36m304[0m 2.100 ms - -[0m
2026-08-01 13:22:25 [INFO]: [0mGET /.well-known/appspecific/com.chrome.devtools.json [33m404[0m 158.416 ms - 112[0m
2026-08-01 13:23:01 [INFO]: [0mGET /auth/profile [32m200[0m 113.641 ms - -[0m
2026-08-01 13:23:01 [INFO]: [0mGET /css/style.css [36m304[0m 0.679 ms - -[0m
2026-08-01 13:23:01 [INFO]: [0mGET /images/logo/plantora.png [36m304[0m 0.435 ms - -[0m
2026-08-01 13:23:01 [INFO]: [0mGET /css/profile.css [32m200[0m 2.332 ms - -[0m
2026-08-01 13:23:01 [INFO]: [0mGET /js/profile.js [36m304[0m 0.987 ms - -[0m
2026-08-01 13:23:01 [INFO]: [0mGET /images/logo/plantora-orgn-white.png [36m304[0m 0.533 ms - -[0m
2026-08-01 13:23:01 [INFO]: [0mGET /js/featured.js [36m304[0m 1.388 ms - -[0m
2026-08-01 13:23:01 [INFO]: [0mGET /js/header.js [36m304[0m 1.174 ms - -[0m
2026-08-01 13:23:01 [INFO]: [0mGET /css/variables.css [36m304[0m 0.284 ms - -[0m
2026-08-01 13:23:01 [INFO]: [0mGET /css/utilities.css [36m304[0m 0.453 ms - -[0m
2026-08-01 13:23:01 [INFO]: [0mGET /css/animations.css [36m304[0m 0.421 ms - -[0m
2026-08-01 13:23:01 [INFO]: [0mGET /css/announcement.css [36m304[0m 1.055 ms - -[0m
2026-08-01 13:23:01 [INFO]: [0mGET /css/header.css [36m304[0m 0.842 ms - -[0m
2026-08-01 13:23:01 [INFO]: [0mGET /css/hero.css [36m304[0m 1.135 ms - -[0m
2026-08-01 13:23:01 [INFO]: [0mGET /css/featured.css [36m304[0m 0.608 ms - -[0m
2026-08-01 13:23:01 [INFO]: [0mGET /css/why-choose.css [36m304[0m 0.749 ms - -[0m
2026-08-01 13:23:01 [INFO]: [0mGET /css/footer.css [36m304[0m 0.966 ms - -[0m
2026-08-01 13:23:01 [INFO]: [0mGET /css/auth.css [36m304[0m 1.184 ms - -[0m
2026-08-01 13:23:01 [INFO]: [0mGET /css/verify.css [36m304[0m 0.196 ms - -[0m
2026-08-01 13:23:01 [INFO]: [0mGET /js/why-choose.js [36m304[0m 0.244 ms - -[0m
2026-08-01 13:23:01 [INFO]: [0mGET /js/notification.js [36m304[0m 0.629 ms - -[0m
2026-08-01 13:23:01 [INFO]: [0mGET /js/footer.js [36m304[0m 0.743 ms - -[0m
2026-08-01 13:23:01 [INFO]: [0mGET /js/auth.js [36m304[0m 0.596 ms - -[0m
2026-08-01 13:23:01 [INFO]: [0mGET /.well-known/appspecific/com.chrome.devtools.json [33m404[0m 71.631 ms - 112[0m
2026-08-01 13:23:01 [INFO]: [0mGET /auth/%7B%20%20publicId:%20'[object%20Object]/806f7e1b-c6ad-4a82-902e-d9cbb7c62dd6_irccnv',%20%20url:%20'https://res.cloudinary.com/desmwasfe/image/upload/v1785570707/%5Bobject%20Object%5D/806f7e1b-c6ad-4a82-902e-d9cbb7c62dd6_irccnv.jpg'%7D [33m404[0m 76.334 ms - 319[0m
2026-08-01 13:23:09 [INFO]: [0mGET /css/style.css [36m304[0m 0.259 ms - -[0m
2026-08-01 13:23:09 [INFO]: [0mGET /css/variables.css [36m304[0m 0.899 ms - -[0m
2026-08-01 13:23:09 [INFO]: [0mGET /css/utilities.css [36m304[0m 0.940 ms - -[0m
2026-08-01 13:23:09 [INFO]: [0mGET /css/animations.css [36m304[0m 1.087 ms - -[0m
2026-08-01 13:23:09 [INFO]: [0mGET /css/announcement.css [36m304[0m 1.244 ms - -[0m
2026-08-01 13:23:09 [INFO]: [0mGET /css/header.css [36m304[0m 0.307 ms - -[0m
2026-08-01 13:23:09 [INFO]: [0mGET /css/featured.css [36m304[0m 0.710 ms - -[0m
2026-08-01 13:23:09 [INFO]: [0mGET /css/why-choose.css [36m304[0m 0.953 ms - -[0m
2026-08-01 13:23:09 [INFO]: [0mGET /css/footer.css [36m304[0m 1.206 ms - -[0m
2026-08-01 13:23:09 [INFO]: [0mGET /css/auth.css [36m304[0m 1.482 ms - -[0m
2026-08-01 13:23:09 [INFO]: [0mGET /css/hero.css [36m304[0m 2.434 ms - -[0m
2026-08-01 13:23:09 [INFO]: [0mGET /css/verify.css [36m304[0m 1.296 ms - -[0m
2026-08-01 13:23:09 [INFO]: [0mGET /css/profile.css [36m304[0m 1.365 ms - -[0m
2026-08-01 13:23:09 [INFO]: [0mGET /.well-known/appspecific/com.chrome.devtools.json [33m404[0m 77.422 ms - 112[0m
2026-08-01 13:23:54 [INFO]: [0mGET /auth/profile [36m304[0m 120.189 ms - -[0m
2026-08-01 13:23:54 [INFO]: [0mGET /css/style.css [36m304[0m 1.454 ms - -[0m
2026-08-01 13:23:54 [INFO]: [0mGET /images/logo/plantora.png [36m304[0m 1.484 ms - -[0m
2026-08-01 13:23:54 [INFO]: [0mGET /css/profile.css [32m200[0m 2.892 ms - -[0m
2026-08-01 13:23:54 [INFO]: [0mGET /js/profile.js [36m304[0m 0.713 ms - -[0m
2026-08-01 13:23:54 [INFO]: [0mGET /images/logo/plantora-orgn-white.png [36m304[0m 1.228 ms - -[0m
2026-08-01 13:23:54 [INFO]: [0mGET /js/header.js [36m304[0m 0.779 ms - -[0m
2026-08-01 13:23:54 [INFO]: [0mGET /js/featured.js [36m304[0m 1.073 ms - -[0m
2026-08-01 13:23:54 [INFO]: [0mGET /js/why-choose.js [36m304[0m 0.153 ms - -[0m
2026-08-01 13:23:54 [INFO]: [0mGET /css/variables.css [36m304[0m 0.366 ms - -[0m
2026-08-01 13:23:54 [INFO]: [0mGET /css/utilities.css [36m304[0m 0.567 ms - -[0m
2026-08-01 13:23:54 [INFO]: [0mGET /css/animations.css [36m304[0m 0.863 ms - -[0m
2026-08-01 13:23:54 [INFO]: [0mGET /css/announcement.css [36m304[0m 1.234 ms - -[0m
2026-08-01 13:23:54 [INFO]: [0mGET /css/header.css [36m304[0m 1.357 ms - -[0m
2026-08-01 13:23:54 [INFO]: [0mGET /css/hero.css [36m304[0m 0.985 ms - -[0m
2026-08-01 13:23:54 [INFO]: [0mGET /css/featured.css [36m304[0m 1.053 ms - -[0m
2026-08-01 13:23:54 [INFO]: [0mGET /css/why-choose.css [36m304[0m 1.296 ms - -[0m
2026-08-01 13:23:54 [INFO]: [0mGET /css/footer.css [36m304[0m 0.476 ms - -[0m
2026-08-01 13:23:54 [INFO]: [0mGET /css/auth.css [36m304[0m 0.687 ms - -[0m
2026-08-01 13:23:54 [INFO]: [0mGET /css/verify.css [36m304[0m 0.827 ms - -[0m
2026-08-01 13:23:54 [INFO]: [0mGET /js/notification.js [36m304[0m 0.238 ms - -[0m
2026-08-01 13:23:54 [INFO]: [0mGET /js/footer.js [36m304[0m 0.220 ms - -[0m
2026-08-01 13:23:54 [INFO]: [0mGET /js/auth.js [36m304[0m 0.174 ms - -[0m
2026-08-01 13:23:55 [INFO]: [0mGET /.well-known/appspecific/com.chrome.devtools.json [33m404[0m 81.848 ms - 112[0m
2026-08-01 13:23:55 [INFO]: [0mGET /auth/%7B%20%20publicId:%20'[object%20Object]/806f7e1b-c6ad-4a82-902e-d9cbb7c62dd6_irccnv',%20%20url:%20'https://res.cloudinary.com/desmwasfe/image/upload/v1785570707/%5Bobject%20Object%5D/806f7e1b-c6ad-4a82-902e-d9cbb7c62dd6_irccnv.jpg'%7D [33m404[0m 71.806 ms - 319[0m
2026-08-01 13:24:17 [INFO]: [0mGET /auth/profile [36m304[0m 115.363 ms - -[0m
2026-08-01 13:24:17 [INFO]: [0mGET /css/style.css [36m304[0m 0.332 ms - -[0m
2026-08-01 13:24:17 [INFO]: [0mGET /images/logo/plantora.png [36m304[0m 0.261 ms - -[0m
2026-08-01 13:24:17 [INFO]: [0mGET /css/profile.css [32m200[0m 1.917 ms - -[0m
2026-08-01 13:24:17 [INFO]: [0mGET /js/profile.js [36m304[0m 1.160 ms - -[0m
2026-08-01 13:24:17 [INFO]: [0mGET /images/logo/plantora-orgn-white.png [36m304[0m 1.542 ms - -[0m
2026-08-01 13:24:17 [INFO]: [0mGET /js/header.js [36m304[0m 0.353 ms - -[0m
2026-08-01 13:24:17 [INFO]: [0mGET /js/featured.js [36m304[0m 0.588 ms - -[0m
2026-08-01 13:24:17 [INFO]: [0mGET /css/variables.css [36m304[0m 0.383 ms - -[0m
2026-08-01 13:24:17 [INFO]: [0mGET /css/utilities.css [36m304[0m 0.585 ms - -[0m
2026-08-01 13:24:17 [INFO]: [0mGET /css/animations.css [36m304[0m 0.188 ms - -[0m
2026-08-01 13:24:17 [INFO]: [0mGET /css/announcement.css [36m304[0m 0.694 ms - -[0m
2026-08-01 13:24:17 [INFO]: [0mGET /css/header.css [36m304[0m 1.022 ms - -[0m
2026-08-01 13:24:17 [INFO]: [0mGET /css/hero.css [36m304[0m 1.289 ms - -[0m
2026-08-01 13:24:17 [INFO]: [0mGET /css/featured.css [36m304[0m 1.482 ms - -[0m
2026-08-01 13:24:17 [INFO]: [0mGET /css/why-choose.css [36m304[0m 0.268 ms - -[0m
2026-08-01 13:24:17 [INFO]: [0mGET /css/footer.css [36m304[0m 1.303 ms - -[0m
2026-08-01 13:24:17 [INFO]: [0mGET /css/auth.css [36m304[0m 0.710 ms - -[0m
2026-08-01 13:24:17 [INFO]: [0mGET /css/verify.css [36m304[0m 0.914 ms - -[0m
2026-08-01 13:24:17 [INFO]: [0mGET /js/why-choose.js [36m304[0m 0.259 ms - -[0m
2026-08-01 13:24:17 [INFO]: [0mGET /js/notification.js [36m304[0m 0.207 ms - -[0m
2026-08-01 13:24:17 [INFO]: [0mGET /js/footer.js [36m304[0m 0.352 ms - -[0m
2026-08-01 13:24:17 [INFO]: [0mGET /js/auth.js [36m304[0m 0.561 ms - -[0m
2026-08-01 13:24:17 [INFO]: [0mGET /auth/%7B%20%20publicId:%20'[object%20Object]/806f7e1b-c6ad-4a82-902e-d9cbb7c62dd6_irccnv',%20%20url:%20'https://res.cloudinary.com/desmwasfe/image/upload/v1785570707/%5Bobject%20Object%5D/806f7e1b-c6ad-4a82-902e-d9cbb7c62dd6_irccnv.jpg'%7D [33m404[0m 71.699 ms - 319[0m
2026-08-01 13:24:33 [INFO]: [0mGET /auth/profile [36m304[0m 114.033 ms - -[0m
2026-08-01 13:24:33 [INFO]: [0mGET /css/style.css [36m304[0m 0.469 ms - -[0m
2026-08-01 13:24:33 [INFO]: [0mGET /images/logo/plantora.png [36m304[0m 1.461 ms - -[0m
2026-08-01 13:24:33 [INFO]: [0mGET /js/profile.js [36m304[0m 0.705 ms - -[0m
2026-08-01 13:24:33 [INFO]: [0mGET /css/profile.css [32m200[0m 3.335 ms - -[0m
2026-08-01 13:24:33 [INFO]: [0mGET /images/logo/plantora-orgn-white.png [36m304[0m 1.130 ms - -[0m
2026-08-01 13:24:33 [INFO]: [0mGET /js/header.js [36m304[0m 0.192 ms - -[0m
2026-08-01 13:24:33 [INFO]: [0mGET /js/featured.js [36m304[0m 0.267 ms - -[0m
2026-08-01 13:24:33 [INFO]: [0mGET /js/why-choose.js [36m304[0m 0.211 ms - -[0m
2026-08-01 13:24:33 [INFO]: [0mGET /js/notification.js [36m304[0m 0.405 ms - -[0m
2026-08-01 13:24:33 [INFO]: [0mGET /js/footer.js [36m304[0m 0.153 ms - -[0m
2026-08-01 13:24:33 [INFO]: [0mGET /js/auth.js [36m304[0m 0.427 ms - -[0m
2026-08-01 13:24:33 [INFO]: [0mGET /css/variables.css [36m304[0m 0.445 ms - -[0m
2026-08-01 13:24:33 [INFO]: [0mGET /css/utilities.css [36m304[0m 0.583 ms - -[0m
2026-08-01 13:24:33 [INFO]: [0mGET /css/animations.css [36m304[0m 0.843 ms - -[0m
2026-08-01 13:24:33 [INFO]: [0mGET /css/announcement.css [36m304[0m 0.133 ms - -[0m
2026-08-01 13:24:33 [INFO]: [0mGET /css/header.css [36m304[0m 0.260 ms - -[0m
2026-08-01 13:24:33 [INFO]: [0mGET /css/hero.css [36m304[0m 0.376 ms - -[0m
2026-08-01 13:24:33 [INFO]: [0mGET /css/featured.css [36m304[0m 0.560 ms - -[0m
2026-08-01 13:24:33 [INFO]: [0mGET /css/why-choose.css [36m304[0m 0.123 ms - -[0m
2026-08-01 13:24:33 [INFO]: [0mGET /css/footer.css [36m304[0m 0.296 ms - -[0m
2026-08-01 13:24:33 [INFO]: [0mGET /css/auth.css [36m304[0m 0.381 ms - -[0m
2026-08-01 13:24:33 [INFO]: [0mGET /css/verify.css [36m304[0m 0.494 ms - -[0m
2026-08-01 13:24:33 [INFO]: [0mGET /auth/%7B%20%20publicId:%20'[object%20Object]/806f7e1b-c6ad-4a82-902e-d9cbb7c62dd6_irccnv',%20%20url:%20'https://res.cloudinary.com/desmwasfe/image/upload/v1785570707/%5Bobject%20Object%5D/806f7e1b-c6ad-4a82-902e-d9cbb7c62dd6_irccnv.jpg'%7D [33m404[0m 70.734 ms - 319[0m
2026-08-01 13:24:45 [INFO]: [0mGET /auth/profile [36m304[0m 107.530 ms - -[0m
2026-08-01 13:24:45 [INFO]: [0mGET /css/style.css [36m304[0m 0.427 ms - -[0m
2026-08-01 13:24:45 [INFO]: [0mGET /css/profile.css [36m304[0m 0.808 ms - -[0m
2026-08-01 13:24:45 [INFO]: [0mGET /images/logo/plantora.png [36m304[0m 0.427 ms - -[0m
2026-08-01 13:24:45 [INFO]: [0mGET /js/profile.js [36m304[0m 0.868 ms - -[0m
2026-08-01 13:24:45 [INFO]: [0mGET /images/logo/plantora-orgn-white.png [36m304[0m 1.020 ms - -[0m
2026-08-01 13:24:45 [INFO]: [0mGET /js/header.js [36m304[0m 0.634 ms - -[0m
2026-08-01 13:24:45 [INFO]: [0mGET /js/featured.js [36m304[0m 0.621 ms - -[0m
2026-08-01 13:24:45 [INFO]: [0mGET /js/why-choose.js [36m304[0m 0.242 ms - -[0m
2026-08-01 13:24:45 [INFO]: [0mGET /js/notification.js [36m304[0m 0.546 ms - -[0m
2026-08-01 13:24:45 [INFO]: [0mGET /js/footer.js [36m304[0m 0.567 ms - -[0m
2026-08-01 13:24:45 [INFO]: [0mGET /js/auth.js [36m304[0m 0.390 ms - -[0m
2026-08-01 13:24:45 [INFO]: [0mGET /css/variables.css [36m304[0m 1.044 ms - -[0m
2026-08-01 13:24:45 [INFO]: [0mGET /css/utilities.css [36m304[0m 1.367 ms - -[0m
2026-08-01 13:24:45 [INFO]: [0mGET /css/animations.css [36m304[0m 1.640 ms - -[0m
2026-08-01 13:24:45 [INFO]: [0mGET /css/announcement.css [36m304[0m 1.856 ms - -[0m
2026-08-01 13:24:45 [INFO]: [0mGET /css/header.css [36m304[0m 2.442 ms - -[0m
2026-08-01 13:24:45 [INFO]: [0mGET /css/hero.css [36m304[0m 0.525 ms - -[0m
2026-08-01 13:24:45 [INFO]: [0mGET /css/why-choose.css [36m304[0m 1.068 ms - -[0m
2026-08-01 13:24:45 [INFO]: [0mGET /css/footer.css [36m304[0m 1.338 ms - -[0m
2026-08-01 13:24:45 [INFO]: [0mGET /css/featured.css [36m304[0m 1.890 ms - -[0m
2026-08-01 13:24:45 [INFO]: [0mGET /css/auth.css [36m304[0m 1.247 ms - -[0m
2026-08-01 13:24:45 [INFO]: [0mGET /css/verify.css [36m304[0m 0.230 ms - -[0m
2026-08-01 13:24:45 [INFO]: [0mGET /auth/%7B%20%20publicId:%20'[object%20Object]/806f7e1b-c6ad-4a82-902e-d9cbb7c62dd6_irccnv',%20%20url:%20'https://res.cloudinary.com/desmwasfe/image/upload/v1785570707/%5Bobject%20Object%5D/806f7e1b-c6ad-4a82-902e-d9cbb7c62dd6_irccnv.jpg'%7D [33m404[0m 71.996 ms - 319[0m
2026-08-01 13:24:51 [INFO]: [0mGET /css/animations.css [36m304[0m 1.105 ms - -[0m
2026-08-01 13:24:51 [INFO]: [0mGET /css/style.css [36m304[0m 1.504 ms - -[0m
2026-08-01 13:24:51 [INFO]: [0mGET /css/variables.css [36m304[0m 1.785 ms - -[0m
2026-08-01 13:24:51 [INFO]: [0mGET /css/utilities.css [36m304[0m 1.946 ms - -[0m
2026-08-01 13:24:51 [INFO]: [0mGET /css/announcement.css [36m304[0m 1.965 ms - -[0m
2026-08-01 13:24:51 [INFO]: [0mGET /css/header.css [36m304[0m 2.103 ms - -[0m
2026-08-01 13:24:51 [INFO]: [0mGET /css/hero.css [36m304[0m 1.056 ms - -[0m
2026-08-01 13:24:51 [INFO]: [0mGET /css/featured.css [36m304[0m 1.174 ms - -[0m
2026-08-01 13:24:51 [INFO]: [0mGET /css/why-choose.css [36m304[0m 1.362 ms - -[0m
2026-08-01 13:24:51 [INFO]: [0mGET /css/footer.css [36m304[0m 0.788 ms - -[0m
2026-08-01 13:24:51 [INFO]: [0mGET /css/auth.css [36m304[0m 0.845 ms - -[0m
2026-08-01 13:24:51 [INFO]: [0mGET /css/verify.css [36m304[0m 0.941 ms - -[0m
2026-08-01 13:24:51 [INFO]: [0mGET /css/profile.css [36m304[0m 0.251 ms - -[0m
2026-08-01 13:24:51 [INFO]: [0mGET /.well-known/appspecific/com.chrome.devtools.json [33m404[0m 84.434 ms - 112[0m
2026-08-01 13:25:52 [INFO]: [0mGET /auth/profile [36m304[0m 139.177 ms - -[0m
2026-08-01 13:25:52 [INFO]: [0mGET /css/style.css [36m304[0m 0.378 ms - -[0m
2026-08-01 13:25:52 [INFO]: [0mGET /css/profile.css [36m304[0m 0.625 ms - -[0m
2026-08-01 13:25:52 [INFO]: [0mGET /images/logo/plantora.png [36m304[0m 0.297 ms - -[0m
2026-08-01 13:25:52 [INFO]: [0mGET /js/profile.js [36m304[0m 0.744 ms - -[0m
2026-08-01 13:25:52 [INFO]: [0mGET /images/logo/plantora-orgn-white.png [36m304[0m 0.311 ms - -[0m
2026-08-01 13:25:52 [INFO]: [0mGET /js/header.js [36m304[0m 0.177 ms - -[0m
2026-08-01 13:25:52 [INFO]: [0mGET /js/featured.js [36m304[0m 0.880 ms - -[0m
2026-08-01 13:25:52 [INFO]: [0mGET /js/why-choose.js [36m304[0m 0.269 ms - -[0m
2026-08-01 13:25:52 [INFO]: [0mGET /js/notification.js [36m304[0m 0.220 ms - -[0m
2026-08-01 13:25:52 [INFO]: [0mGET /js/footer.js [36m304[0m 0.354 ms - -[0m
2026-08-01 13:25:52 [INFO]: [0mGET /js/auth.js [36m304[0m 0.299 ms - -[0m
2026-08-01 13:25:52 [INFO]: [0mGET /css/variables.css [36m304[0m 0.150 ms - -[0m
2026-08-01 13:25:52 [INFO]: [0mGET /css/utilities.css [36m304[0m 0.269 ms - -[0m
2026-08-01 13:25:52 [INFO]: [0mGET /css/animations.css [36m304[0m 0.495 ms - -[0m
2026-08-01 13:25:52 [INFO]: [0mGET /css/announcement.css [36m304[0m 0.678 ms - -[0m
2026-08-01 13:25:52 [INFO]: [0mGET /css/header.css [36m304[0m 0.349 ms - -[0m
2026-08-01 13:25:52 [INFO]: [0mGET /css/hero.css [36m304[0m 1.202 ms - -[0m
2026-08-01 13:25:52 [INFO]: [0mGET /css/featured.css [36m304[0m 0.897 ms - -[0m
2026-08-01 13:25:52 [INFO]: [0mGET /css/why-choose.css [36m304[0m 1.012 ms - -[0m
2026-08-01 13:25:52 [INFO]: [0mGET /css/footer.css [36m304[0m 1.193 ms - -[0m
2026-08-01 13:25:52 [INFO]: [0mGET /css/auth.css [36m304[0m 0.794 ms - -[0m
2026-08-01 13:25:52 [INFO]: [0mGET /css/verify.css [36m304[0m 0.458 ms - -[0m
2026-08-01 13:25:52 [INFO]: [0mGET /auth/%7B%20%20publicId:%20'[object%20Object]/806f7e1b-c6ad-4a82-902e-d9cbb7c62dd6_irccnv',%20%20url:%20'https://res.cloudinary.com/desmwasfe/image/upload/v1785570707/%5Bobject%20Object%5D/806f7e1b-c6ad-4a82-902e-d9cbb7c62dd6_irccnv.jpg'%7D [33m404[0m 69.813 ms - 319[0m
2026-08-01 13:26:06 [INFO]: [0mGET / [36m304[0m 81.744 ms - -[0m
2026-08-01 13:26:06 [INFO]: [0mGET /css/style.css [36m304[0m 0.318 ms - -[0m
2026-08-01 13:26:06 [INFO]: [0mGET /images/logo/plantora.png [36m304[0m 0.210 ms - -[0m
2026-08-01 13:26:06 [INFO]: [0mGET /images/hero/hero-placeholder.png [36m304[0m 1.109 ms - -[0m
2026-08-01 13:26:06 [INFO]: [0mGET /images/hero/monstera-plant.jpg [36m304[0m 1.407 ms - -[0m
2026-08-01 13:26:06 [INFO]: [0mGET /js/featured.js [36m304[0m 0.300 ms - -[0m
2026-08-01 13:26:06 [INFO]: [0mGET /js/header.js [36m304[0m 0.692 ms - -[0m
2026-08-01 13:26:06 [INFO]: [0mGET /js/why-choose.js [36m304[0m 0.423 ms - -[0m
2026-08-01 13:26:06 [INFO]: [0mGET /js/notification.js [36m304[0m 0.658 ms - -[0m
2026-08-01 13:26:06 [INFO]: [0mGET /js/footer.js [36m304[0m 0.963 ms - -[0m
2026-08-01 13:26:06 [INFO]: [0mGET /css/variables.css [36m304[0m 0.702 ms - -[0m
2026-08-01 13:26:06 [INFO]: [0mGET /css/utilities.css [36m304[0m 0.899 ms - -[0m
2026-08-01 13:26:06 [INFO]: [0mGET /css/animations.css [36m304[0m 1.010 ms - -[0m
2026-08-01 13:26:06 [INFO]: [0mGET /css/announcement.css [36m304[0m 1.973 ms - -[0m
2026-08-01 13:26:06 [INFO]: [0mGET /css/hero.css [36m304[0m 0.474 ms - -[0m
2026-08-01 13:26:06 [INFO]: [0mGET /css/featured.css [36m304[0m 0.581 ms - -[0m
2026-08-01 13:26:06 [INFO]: [0mGET /css/why-choose.css [36m304[0m 0.775 ms - -[0m
2026-08-01 13:26:06 [INFO]: [0mGET /css/footer.css [36m304[0m 0.948 ms - -[0m
2026-08-01 13:26:06 [INFO]: [0mGET /css/auth.css [36m304[0m 0.391 ms - -[0m
2026-08-01 13:26:06 [INFO]: [0mGET /css/verify.css [36m304[0m 0.636 ms - -[0m
2026-08-01 13:26:06 [INFO]: [0mGET /css/header.css [32m200[0m 2.952 ms - -[0m
2026-08-01 13:26:06 [INFO]: [0mGET /js/auth.js [36m304[0m 0.982 ms - -[0m
2026-08-01 13:26:06 [INFO]: [0mGET /images/hero/snake-plant.jpg [36m304[0m 0.554 ms - -[0m
2026-08-01 13:26:06 [INFO]: [0mGET /images/hero/peace-lily.jpg [36m304[0m 0.819 ms - -[0m
2026-08-01 13:26:06 [INFO]: [0mGET /images/hero/tulip-plant.jpg [36m304[0m 0.339 ms - -[0m
2026-08-01 13:26:06 [INFO]: [0mGET /images/hero/rubber-plant.jpg [36m304[0m 0.638 ms - -[0m
2026-08-01 13:26:06 [INFO]: [0mGET /images/hero/aloe-vera.jpg [36m304[0m 0.875 ms - -[0m
2026-08-01 13:26:06 [INFO]: [0mGET /images/hero/areca-palm.jpg [36m304[0m 0.264 ms - -[0m
2026-08-01 13:26:06 [INFO]: [0mGET /images/hero/jade-plant.jpg [36m304[0m 0.176 ms - -[0m
2026-08-01 13:26:06 [INFO]: [0mGET /images/hero/golden-pothos.jpg [36m304[0m 0.328 ms - -[0m
2026-08-01 13:26:06 [INFO]: [0mGET /images/hero/fiddle-leaf-fig.jpg [36m304[0m 0.225 ms - -[0m
2026-08-01 13:26:06 [INFO]: [0mGET /images/hero/why-choose.jpg [36m304[0m 0.402 ms - -[0m
2026-08-01 13:26:06 [INFO]: [0mGET /images/logo/plantora-orgn-white.png [36m304[0m 0.364 ms - -[0m
2026-08-01 13:26:06 [INFO]: [0mGET /%7B%20%20publicId:%20'/public/default/profile.png',%20%20url:%20'https://res.cloudinary.com/desmwasfe/image/upload/v1781973939/default-avatar_d6ofmr.png'%7D [33m404[0m 73.073 ms - 236[0m
2026-08-01 13:26:15 [INFO]: [0mGET /notifications/latest [36m304[0m 144.314 ms - -[0m
2026-08-01 13:26:18 [INFO]: [0mGET /notifications/latest [36m304[0m 144.682 ms - -[0m
2026-08-01 13:26:24 [INFO]: [0mGET /notifications/latest [36m304[0m 143.380 ms - -[0m
2026-08-01 13:27:26 [INFO]: [0mGET /notifications/latest [36m304[0m 144.838 ms - -[0m
2026-08-01 13:27:33 [INFO]: [0mGET / [32m200[0m 73.782 ms - -[0m
2026-08-01 13:27:33 [INFO]: [0mGET /css/style.css [36m304[0m 0.544 ms - -[0m
2026-08-01 13:27:33 [INFO]: [0mGET /images/logo/plantora.png [36m304[0m 0.723 ms - -[0m
2026-08-01 13:27:33 [INFO]: [0mGET /images/hero/hero-placeholder.png [36m304[0m 0.375 ms - -[0m
2026-08-01 13:27:33 [INFO]: [0mGET /images/hero/monstera-plant.jpg [36m304[0m 0.864 ms - -[0m
2026-08-01 13:27:33 [INFO]: [0mGET /js/header.js [36m304[0m 1.032 ms - -[0m
2026-08-01 13:27:33 [INFO]: [0mGET /js/featured.js [36m304[0m 1.239 ms - -[0m
2026-08-01 13:27:33 [INFO]: [0mGET /js/why-choose.js [36m304[0m 0.371 ms - -[0m
2026-08-01 13:27:33 [INFO]: [0mGET /js/notification.js [36m304[0m 0.321 ms - -[0m
2026-08-01 13:27:33 [INFO]: [0mGET /js/footer.js [36m304[0m 0.891 ms - -[0m
2026-08-01 13:27:33 [INFO]: [0mGET /js/auth.js [36m304[0m 0.709 ms - -[0m
2026-08-01 13:27:33 [INFO]: [0mGET /css/variables.css [36m304[0m 0.606 ms - -[0m
2026-08-01 13:27:33 [INFO]: [0mGET /css/utilities.css [36m304[0m 0.832 ms - -[0m
2026-08-01 13:27:33 [INFO]: [0mGET /css/animations.css [36m304[0m 1.057 ms - -[0m
2026-08-01 13:27:33 [INFO]: [0mGET /css/announcement.css [36m304[0m 0.284 ms - -[0m
2026-08-01 13:27:33 [INFO]: [0mGET /css/header.css [36m304[0m 0.462 ms - -[0m
2026-08-01 13:27:33 [INFO]: [0mGET /css/hero.css [36m304[0m 0.691 ms - -[0m
2026-08-01 13:27:33 [INFO]: [0mGET /css/featured.css [36m304[0m 0.403 ms - -[0m
2026-08-01 13:27:33 [INFO]: [0mGET /css/why-choose.css [36m304[0m 0.665 ms - -[0m
2026-08-01 13:27:33 [INFO]: [0mGET /css/footer.css [36m304[0m 0.811 ms - -[0m
2026-08-01 13:27:33 [INFO]: [0mGET /css/auth.css [36m304[0m 0.383 ms - -[0m
2026-08-01 13:27:33 [INFO]: [0mGET /css/verify.css [36m304[0m 1.190 ms - -[0m
2026-08-01 13:27:33 [INFO]: [0mGET /images/hero/snake-plant.jpg [36m304[0m 0.818 ms - -[0m
2026-08-01 13:27:33 [INFO]: [0mGET /images/hero/peace-lily.jpg [36m304[0m 1.254 ms - -[0m
2026-08-01 13:27:33 [INFO]: [0mGET /images/hero/tulip-plant.jpg [36m304[0m 0.819 ms - -[0m
2026-08-01 13:27:33 [INFO]: [0mGET /images/hero/rubber-plant.jpg [36m304[0m 0.732 ms - -[0m
2026-08-01 13:27:33 [INFO]: [0mGET /images/hero/aloe-vera.jpg [36m304[0m 0.579 ms - -[0m
2026-08-01 13:27:33 [INFO]: [0mGET /images/hero/areca-palm.jpg [36m304[0m 0.295 ms - -[0m
2026-08-01 13:27:33 [INFO]: [0mGET /images/hero/jade-plant.jpg [36m304[0m 0.291 ms - -[0m
2026-08-01 13:27:33 [INFO]: [0mGET /images/hero/golden-pothos.jpg [36m304[0m 0.317 ms - -[0m
2026-08-01 13:27:33 [INFO]: [0mGET /images/hero/fiddle-leaf-fig.jpg [36m304[0m 0.281 ms - -[0m
2026-08-01 13:27:33 [INFO]: [0mGET /images/hero/why-choose.jpg [36m304[0m 0.222 ms - -[0m
2026-08-01 13:27:33 [INFO]: [0mGET /images/logo/plantora-orgn-white.png [36m304[0m 0.397 ms - -[0m
2026-08-01 13:27:33 [INFO]: [0mGET /%7B%20%20publicId:%20'[object%20Object]/806f7e1b-c6ad-4a82-902e-d9cbb7c62dd6_irccnv',%20%20url:%20'https://res.cloudinary.com/desmwasfe/image/upload/v1785570707/%5Bobject%20Object%5D/806f7e1b-c6ad-4a82-902e-d9cbb7c62dd6_irccnv.jpg'%7D [33m404[0m 90.672 ms - 314[0m
2026-08-01 13:27:56 [INFO]: [0mGET /wishlist [33m403[0m 107.477 ms - 80[0m
2026-08-01 13:27:58 [INFO]: [0mGET /cart [33m403[0m 105.344 ms - 80[0m
2026-08-01 13:28:06 [ERROR]: Error: Failed to lookup view "product/index" in views directory "E:\Webskitters_Academy\NODE JS\final_project_node\plantora_final_project_node_ejs\views"
    at app.render (E:\Webskitters_Academy\NODE JS\final_project_node\plantora_final_project_node_ejs\node_modules\express\lib\application.js:562:17)
    at ServerResponse.render (E:\Webskitters_Academy\NODE JS\final_project_node\plantora_final_project_node_ejs\node_modules\express\lib\response.js:923:7)
    at showProductsPage (E:\Webskitters_Academy\NODE JS\final_project_node\plantora_final_project_node_ejs\app\controllers\ProductController.js:232:18)
    at process.processTicksAndRejections (node:internal/process/task_queues:103:5)
2026-08-01 13:28:06 [INFO]: [0mGET /products [31m500[0m 151.313 ms - 214[0m
2026-08-01 13:28:09 [ERROR]: Error: Failed to lookup view "home/about" in views directory "E:\Webskitters_Academy\NODE JS\final_project_node\plantora_final_project_node_ejs\views"
    at app.render (E:\Webskitters_Academy\NODE JS\final_project_node\plantora_final_project_node_ejs\node_modules\express\lib\application.js:562:17)
    at ServerResponse.render (E:\Webskitters_Academy\NODE JS\final_project_node\plantora_final_project_node_ejs\node_modules\express\lib\response.js:923:7)
    at showAboutPage (E:\Webskitters_Academy\NODE JS\final_project_node\plantora_final_project_node_ejs\app\controllers\HomeController.js:18:44)
    at Layer.handleRequest (E:\Webskitters_Academy\NODE JS\final_project_node\plantora_final_project_node_ejs\node_modules\router\lib\layer.js:152:17)
    at next (E:\Webskitters_Academy\NODE JS\final_project_node\plantora_final_project_node_ejs\node_modules\router\lib\route.js:157:13)
    at Route.dispatch (E:\Webskitters_Academy\NODE JS\final_project_node\plantora_final_project_node_ejs\node_modules\router\lib\route.js:117:3)
    at handle (E:\Webskitters_Academy\NODE JS\final_project_node\plantora_final_project_node_ejs\node_modules\router\index.js:435:11)
    at Layer.handleRequest (E:\Webskitters_Academy\NODE JS\final_project_node\plantora_final_project_node_ejs\node_modules\router\lib\layer.js:152:17)
    at E:\Webskitters_Academy\NODE JS\final_project_node\plantora_final_project_node_ejs\node_modules\router\index.js:295:15
    at processParams (E:\Webskitters_Academy\NODE JS\final_project_node\plantora_final_project_node_ejs\node_modules\router\index.js:582:12)
2026-08-01 13:28:09 [INFO]: [0mGET /about [31m500[0m 83.046 ms - 211[0m
2026-08-01 13:28:11 [ERROR]: Error: Failed to lookup view "home/contact" in views directory "E:\Webskitters_Academy\NODE JS\final_project_node\plantora_final_project_node_ejs\views"
    at app.render (E:\Webskitters_Academy\NODE JS\final_project_node\plantora_final_project_node_ejs\node_modules\express\lib\application.js:562:17)
    at ServerResponse.render (E:\Webskitters_Academy\NODE JS\final_project_node\plantora_final_project_node_ejs\node_modules\express\lib\response.js:923:7)
    at showContactPage (E:\Webskitters_Academy\NODE JS\final_project_node\plantora_final_project_node_ejs\app\controllers\HomeController.js:29:44)
    at Layer.handleRequest (E:\Webskitters_Academy\NODE JS\final_project_node\plantora_final_project_node_ejs\node_modules\router\lib\layer.js:152:17)
    at next (E:\Webskitters_Academy\NODE JS\final_project_node\plantora_final_project_node_ejs\node_modules\router\lib\route.js:157:13)
    at Route.dispatch (E:\Webskitters_Academy\NODE JS\final_project_node\plantora_final_project_node_ejs\node_modules\router\lib\route.js:117:3)
    at handle (E:\Webskitters_Academy\NODE JS\final_project_node\plantora_final_project_node_ejs\node_modules\router\index.js:435:11)
    at Layer.handleRequest (E:\Webskitters_Academy\NODE JS\final_project_node\plantora_final_project_node_ejs\node_modules\router\lib\layer.js:152:17)
    at E:\Webskitters_Academy\NODE JS\final_project_node\plantora_final_project_node_ejs\node_modules\router\index.js:295:15
    at processParams (E:\Webskitters_Academy\NODE JS\final_project_node\plantora_final_project_node_ejs\node_modules\router\index.js:582:12)
2026-08-01 13:28:11 [INFO]: [0mGET /contact [31m500[0m 83.465 ms - 213[0m
2026-08-01 13:28:19 [INFO]: [0mGET / [36m304[0m 86.521 ms - -[0m
2026-08-01 13:28:19 [INFO]: [0mGET /css/style.css [36m304[0m 0.553 ms - -[0m
2026-08-01 13:28:19 [INFO]: [0mGET /images/logo/plantora.png [36m304[0m 0.548 ms - -[0m
2026-08-01 13:28:19 [INFO]: [0mGET /images/hero/hero-placeholder.png [36m304[0m 0.628 ms - -[0m
2026-08-01 13:28:19 [INFO]: [0mGET /images/hero/monstera-plant.jpg [36m304[0m 1.216 ms - -[0m
2026-08-01 13:28:19 [INFO]: [0mGET /js/header.js [36m304[0m 0.466 ms - -[0m
2026-08-01 13:28:19 [INFO]: [0mGET /js/featured.js [36m304[0m 1.097 ms - -[0m
2026-08-01 13:28:19 [INFO]: [0mGET /js/why-choose.js [36m304[0m 1.220 ms - -[0m
2026-08-01 13:28:19 [INFO]: [0mGET /js/notification.js [36m304[0m 0.372 ms - -[0m
2026-08-01 13:28:19 [INFO]: [0mGET /js/footer.js [36m304[0m 0.704 ms - -[0m
2026-08-01 13:28:19 [INFO]: [0mGET /js/auth.js [36m304[0m 1.070 ms - -[0m
2026-08-01 13:28:19 [INFO]: [0mGET /css/variables.css [36m304[0m 0.856 ms - -[0m
2026-08-01 13:28:19 [INFO]: [0mGET /images/hero/snake-plant.jpg [36m304[0m 1.176 ms - -[0m
2026-08-01 13:28:19 [INFO]: [0mGET /css/utilities.css [36m304[0m 1.184 ms - -[0m
2026-08-01 13:28:19 [INFO]: [0mGET /css/animations.css [36m304[0m 0.391 ms - -[0m
2026-08-01 13:28:19 [INFO]: [0mGET /css/announcement.css [36m304[0m 0.548 ms - -[0m
2026-08-01 13:28:19 [INFO]: [0mGET /css/header.css [36m304[0m 0.381 ms - -[0m
2026-08-01 13:28:19 [INFO]: [0mGET /css/hero.css [36m304[0m 0.649 ms - -[0m
2026-08-01 13:28:19 [INFO]: [0mGET /css/featured.css [36m304[0m 0.339 ms - -[0m
2026-08-01 13:28:19 [INFO]: [0mGET /css/why-choose.css [36m304[0m 1.197 ms - -[0m
2026-08-01 13:28:19 [INFO]: [0mGET /css/footer.css [36m304[0m 0.991 ms - -[0m
2026-08-01 13:28:19 [INFO]: [0mGET /css/auth.css [36m304[0m 0.258 ms - -[0m
2026-08-01 13:28:19 [INFO]: [0mGET /css/verify.css [36m304[0m 0.423 ms - -[0m
2026-08-01 13:28:19 [INFO]: [0mGET /images/hero/peace-lily.jpg [36m304[0m 0.271 ms - -[0m
2026-08-01 13:28:19 [INFO]: [0mGET /images/hero/tulip-plant.jpg [36m304[0m 0.402 ms - -[0m
2026-08-01 13:28:19 [INFO]: [0mGET /images/hero/rubber-plant.jpg [36m304[0m 0.379 ms - -[0m
2026-08-01 13:28:19 [INFO]: [0mGET /images/hero/aloe-vera.jpg [36m304[0m 0.550 ms - -[0m
2026-08-01 13:28:19 [INFO]: [0mGET /images/hero/areca-palm.jpg [36m304[0m 0.763 ms - -[0m
2026-08-01 13:28:19 [INFO]: [0mGET /images/hero/jade-plant.jpg [36m304[0m 0.450 ms - -[0m
2026-08-01 13:28:19 [INFO]: [0mGET /images/hero/golden-pothos.jpg [36m304[0m 1.142 ms - -[0m
2026-08-01 13:28:19 [INFO]: [0mGET /images/hero/fiddle-leaf-fig.jpg [36m304[0m 0.890 ms - -[0m
2026-08-01 13:28:19 [INFO]: [0mGET /images/hero/why-choose.jpg [36m304[0m 1.132 ms - -[0m
2026-08-01 13:28:19 [INFO]: [0mGET /images/logo/plantora-orgn-white.png [36m304[0m 1.440 ms - -[0m
2026-08-01 13:28:19 [INFO]: [0mGET /%7B%20%20publicId:%20'[object%20Object]/806f7e1b-c6ad-4a82-902e-d9cbb7c62dd6_irccnv',%20%20url:%20'https://res.cloudinary.com/desmwasfe/image/upload/v1785570707/%5Bobject%20Object%5D/806f7e1b-c6ad-4a82-902e-d9cbb7c62dd6_irccnv.jpg'%7D [33m404[0m 86.141 ms - 314[0m
2026-08-01 13:36:08 [INFO]: [0mGET / [36m304[0m 139.290 ms - -[0m
2026-08-01 13:36:08 [INFO]: [0mGET /css/style.css [36m304[0m 0.351 ms - -[0m
2026-08-01 13:36:08 [INFO]: [0mGET /images/logo/plantora.png [36m304[0m 0.296 ms - -[0m
2026-08-01 13:36:08 [INFO]: [0mGET /images/hero/hero-placeholder.png [36m304[0m 0.900 ms - -[0m
2026-08-01 13:36:08 [INFO]: [0mGET /images/hero/monstera-plant.jpg [36m304[0m 0.912 ms - -[0m
2026-08-01 13:36:08 [INFO]: [0mGET /js/header.js [36m304[0m 0.788 ms - -[0m
2026-08-01 13:36:08 [INFO]: [0mGET /js/featured.js [36m304[0m 0.394 ms - -[0m
2026-08-01 13:36:08 [INFO]: [0mGET /css/variables.css [36m304[0m 0.397 ms - -[0m
2026-08-01 13:36:08 [INFO]: [0mGET /css/utilities.css [36m304[0m 0.523 ms - -[0m
2026-08-01 13:36:08 [INFO]: [0mGET /css/animations.css [36m304[0m 1.292 ms - -[0m
2026-08-01 13:36:08 [INFO]: [0mGET /css/announcement.css [36m304[0m 0.747 ms - -[0m
2026-08-01 13:36:08 [INFO]: [0mGET /css/header.css [36m304[0m 1.063 ms - -[0m
2026-08-01 13:36:08 [INFO]: [0mGET /css/featured.css [36m304[0m 1.046 ms - -[0m
2026-08-01 13:36:08 [INFO]: [0mGET /css/hero.css [36m304[0m 1.714 ms - -[0m
2026-08-01 13:36:08 [INFO]: [0mGET /css/why-choose.css [36m304[0m 1.561 ms - -[0m
2026-08-01 13:36:08 [INFO]: [0mGET /css/footer.css [36m304[0m 1.805 ms - -[0m
2026-08-01 13:36:08 [INFO]: [0mGET /css/auth.css [36m304[0m 0.501 ms - -[0m
2026-08-01 13:36:08 [INFO]: [0mGET /css/verify.css [36m304[0m 0.892 ms - -[0m
2026-08-01 13:36:08 [INFO]: [0mGET /js/why-choose.js [36m304[0m 0.291 ms - -[0m
2026-08-01 13:36:08 [INFO]: [0mGET /js/notification.js [36m304[0m 0.332 ms - -[0m
2026-08-01 13:36:08 [INFO]: [0mGET /js/footer.js [36m304[0m 0.486 ms - -[0m
2026-08-01 13:36:08 [INFO]: [0mGET /js/auth.js [36m304[0m 0.174 ms - -[0m
2026-08-01 13:36:08 [INFO]: [0mGET /images/hero/snake-plant.jpg [36m304[0m 0.299 ms - -[0m
2026-08-01 13:36:08 [INFO]: [0mGET /images/hero/peace-lily.jpg [36m304[0m 0.110 ms - -[0m
2026-08-01 13:36:08 [INFO]: [0mGET /images/hero/tulip-plant.jpg [36m304[0m 0.252 ms - -[0m
2026-08-01 13:36:08 [INFO]: [0mGET /images/hero/rubber-plant.jpg [36m304[0m 0.131 ms - -[0m
2026-08-01 13:36:08 [INFO]: [0mGET /images/hero/aloe-vera.jpg [36m304[0m 0.228 ms - -[0m
2026-08-01 13:36:08 [INFO]: [0mGET /images/hero/areca-palm.jpg [36m304[0m 0.198 ms - -[0m
2026-08-01 13:36:08 [INFO]: [0mGET /images/hero/jade-plant.jpg [36m304[0m 0.260 ms - -[0m
2026-08-01 13:36:08 [INFO]: [0mGET /images/hero/golden-pothos.jpg [36m304[0m 0.382 ms - -[0m
2026-08-01 13:36:08 [INFO]: [0mGET /images/hero/fiddle-leaf-fig.jpg [36m304[0m 0.345 ms - -[0m
2026-08-01 13:36:08 [INFO]: [0mGET /images/hero/why-choose.jpg [36m304[0m 0.446 ms - -[0m
2026-08-01 13:36:08 [INFO]: [0mGET /images/logo/plantora-orgn-white.png [36m304[0m 0.361 ms - -[0m
2026-08-01 13:36:08 [INFO]: [0mGET /%7B%20%20publicId:%20'[object%20Object]/806f7e1b-c6ad-4a82-902e-d9cbb7c62dd6_irccnv',%20%20url:%20'https://res.cloudinary.com/desmwasfe/image/upload/v1785570707/%5Bobject%20Object%5D/806f7e1b-c6ad-4a82-902e-d9cbb7c62dd6_irccnv.jpg'%7D [33m404[0m 375.520 ms - 314[0m
2026-08-01 13:36:10 [INFO]: [0mGET /auth/profile [36m304[0m 214.819 ms - -[0m
2026-08-01 13:36:10 [INFO]: [0mGET /css/style.css [36m304[0m 0.211 ms - -[0m
2026-08-01 13:36:10 [INFO]: [0mGET /images/logo/plantora.png [36m304[0m 0.743 ms - -[0m
2026-08-01 13:36:10 [INFO]: [0mGET /css/profile.css [32m200[0m 2.991 ms - -[0m
2026-08-01 13:36:10 [INFO]: [0mGET /js/profile.js [36m304[0m 0.588 ms - -[0m
2026-08-01 13:36:10 [INFO]: [0mGET /images/logo/plantora-orgn-white.png [36m304[0m 0.777 ms - -[0m
2026-08-01 13:36:10 [INFO]: [0mGET /js/header.js [36m304[0m 0.207 ms - -[0m
2026-08-01 13:36:10 [INFO]: [0mGET /js/featured.js [36m304[0m 0.337 ms - -[0m
2026-08-01 13:36:10 [INFO]: [0mGET /css/variables.css [36m304[0m 0.209 ms - -[0m
2026-08-01 13:36:10 [INFO]: [0mGET /css/utilities.css [36m304[0m 0.664 ms - -[0m
2026-08-01 13:36:10 [INFO]: [0mGET /css/animations.css [36m304[0m 0.525 ms - -[0m
2026-08-01 13:36:10 [INFO]: [0mGET /css/announcement.css [36m304[0m 0.258 ms - -[0m
2026-08-01 13:36:10 [INFO]: [0mGET /css/header.css [36m304[0m 0.391 ms - -[0m
2026-08-01 13:36:10 [INFO]: [0mGET /css/hero.css [36m304[0m 0.541 ms - -[0m
2026-08-01 13:36:10 [INFO]: [0mGET /css/featured.css [36m304[0m 0.166 ms - -[0m
2026-08-01 13:36:10 [INFO]: [0mGET /css/why-choose.css [36m304[0m 0.235 ms - -[0m
2026-08-01 13:36:10 [INFO]: [0mGET /css/footer.css [36m304[0m 0.400 ms - -[0m
2026-08-01 13:36:10 [INFO]: [0mGET /css/auth.css [36m304[0m 0.678 ms - -[0m
2026-08-01 13:36:10 [INFO]: [0mGET /css/verify.css [36m304[0m 0.170 ms - -[0m
2026-08-01 13:36:10 [INFO]: [0mGET /js/why-choose.js [36m304[0m 0.310 ms - -[0m
2026-08-01 13:36:10 [INFO]: [0mGET /js/notification.js [36m304[0m 0.530 ms - -[0m
2026-08-01 13:36:10 [INFO]: [0mGET /js/footer.js [36m304[0m 0.191 ms - -[0m
2026-08-01 13:36:10 [INFO]: [0mGET /js/auth.js [36m304[0m 0.312 ms - -[0m
2026-08-01 13:36:11 [INFO]: [0mGET /auth/%7B%20%20publicId:%20'[object%20Object]/806f7e1b-c6ad-4a82-902e-d9cbb7c62dd6_irccnv',%20%20url:%20'https://res.cloudinary.com/desmwasfe/image/upload/v1785570707/%5Bobject%20Object%5D/806f7e1b-c6ad-4a82-902e-d9cbb7c62dd6_irccnv.jpg'%7D [33m404[0m 1254.890 ms - 319[0m
2026-08-01 13:36:50 [INFO]: [0mGET /auth/profile [36m304[0m 133.258 ms - -[0m
2026-08-01 13:36:50 [INFO]: [0mGET /css/style.css [36m304[0m 0.609 ms - -[0m
2026-08-01 13:36:50 [INFO]: [0mGET /images/logo/plantora.png [36m304[0m 0.389 ms - -[0m
2026-08-01 13:36:50 [INFO]: [0mGET /css/profile.css [32m200[0m 3.182 ms - -[0m
2026-08-01 13:36:50 [INFO]: [0mGET /js/profile.js [36m304[0m 1.088 ms - -[0m
2026-08-01 13:36:50 [INFO]: [0mGET /images/logo/plantora-orgn-white.png [36m304[0m 1.594 ms - -[0m
2026-08-01 13:36:50 [INFO]: [0mGET /js/header.js [36m304[0m 0.218 ms - -[0m
2026-08-01 13:36:50 [INFO]: [0mGET /js/featured.js [36m304[0m 0.361 ms - -[0m
2026-08-01 13:36:50 [INFO]: [0mGET /js/why-choose.js [36m304[0m 0.186 ms - -[0m
2026-08-01 13:36:50 [INFO]: [0mGET /js/notification.js [36m304[0m 0.598 ms - -[0m
2026-08-01 13:36:50 [INFO]: [0mGET /js/footer.js [36m304[0m 0.702 ms - -[0m
2026-08-01 13:36:50 [INFO]: [0mGET /css/variables.css [36m304[0m 0.805 ms - -[0m
2026-08-01 13:36:50 [INFO]: [0mGET /css/utilities.css [36m304[0m 1.020 ms - -[0m
2026-08-01 13:36:50 [INFO]: [0mGET /css/animations.css [36m304[0m 0.499 ms - -[0m
2026-08-01 13:36:50 [INFO]: [0mGET /css/announcement.css [36m304[0m 0.345 ms - -[0m
2026-08-01 13:36:50 [INFO]: [0mGET /css/header.css [36m304[0m 0.177 ms - -[0m
2026-08-01 13:36:50 [INFO]: [0mGET /css/hero.css [36m304[0m 0.318 ms - -[0m
2026-08-01 13:36:50 [INFO]: [0mGET /css/featured.css [36m304[0m 0.470 ms - -[0m
2026-08-01 13:36:50 [INFO]: [0mGET /css/why-choose.css [36m304[0m 0.301 ms - -[0m
2026-08-01 13:36:50 [INFO]: [0mGET /css/footer.css [36m304[0m 0.483 ms - -[0m
2026-08-01 13:36:50 [INFO]: [0mGET /css/auth.css [36m304[0m 0.284 ms - -[0m
2026-08-01 13:36:50 [INFO]: [0mGET /css/verify.css [36m304[0m 0.426 ms - -[0m
2026-08-01 13:36:50 [INFO]: [0mGET /js/auth.js [36m304[0m 0.576 ms - -[0m
2026-08-01 13:36:50 [INFO]: [0mGET /auth/%7B%20%20publicId:%20'[object%20Object]/806f7e1b-c6ad-4a82-902e-d9cbb7c62dd6_irccnv',%20%20url:%20'https://res.cloudinary.com/desmwasfe/image/upload/v1785570707/%5Bobject%20Object%5D/806f7e1b-c6ad-4a82-902e-d9cbb7c62dd6_irccnv.jpg'%7D [33m404[0m 364.223 ms - 319[0m
2026-08-01 13:37:34 [INFO]: [0mGET /auth/profile [36m304[0m 428.558 ms - -[0m
2026-08-01 13:37:34 [INFO]: [0mGET /css/style.css [36m304[0m 0.563 ms - -[0m
2026-08-01 13:37:34 [INFO]: [0mGET /css/profile.css [36m304[0m 1.217 ms - -[0m
2026-08-01 13:37:34 [INFO]: [0mGET /images/logo/plantora.png [36m304[0m 0.439 ms - -[0m
2026-08-01 13:37:34 [INFO]: [0mGET /js/profile.js [36m304[0m 0.625 ms - -[0m
2026-08-01 13:37:34 [INFO]: [0mGET /images/logo/plantora-orgn-white.png [36m304[0m 0.600 ms - -[0m
2026-08-01 13:37:34 [INFO]: [0mGET /js/header.js [36m304[0m 0.163 ms - -[0m
2026-08-01 13:37:34 [INFO]: [0mGET /js/featured.js [36m304[0m 0.286 ms - -[0m
2026-08-01 13:37:34 [INFO]: [0mGET /js/why-choose.js [36m304[0m 0.112 ms - -[0m
2026-08-01 13:37:34 [INFO]: [0mGET /js/notification.js [36m304[0m 0.159 ms - -[0m
2026-08-01 13:37:34 [INFO]: [0mGET /js/footer.js [36m304[0m 0.256 ms - -[0m
2026-08-01 13:37:34 [INFO]: [0mGET /js/auth.js [36m304[0m 0.106 ms - -[0m
2026-08-01 13:37:34 [INFO]: [0mGET /css/variables.css [36m304[0m 0.282 ms - -[0m
2026-08-01 13:37:34 [INFO]: [0mGET /css/utilities.css [36m304[0m 0.477 ms - -[0m
2026-08-01 13:37:34 [INFO]: [0mGET /css/animations.css [36m304[0m 0.688 ms - -[0m
2026-08-01 13:37:34 [INFO]: [0mGET /css/announcement.css [36m304[0m 1.236 ms - -[0m
2026-08-01 13:37:34 [INFO]: [0mGET /css/header.css [36m304[0m 0.711 ms - -[0m
2026-08-01 13:37:34 [INFO]: [0mGET /css/hero.css [36m304[0m 0.553 ms - -[0m
2026-08-01 13:37:34 [INFO]: [0mGET /css/featured.css [36m304[0m 0.686 ms - -[0m
2026-08-01 13:37:34 [INFO]: [0mGET /css/why-choose.css [36m304[0m 1.171 ms - -[0m
2026-08-01 13:37:34 [INFO]: [0mGET /css/footer.css [36m304[0m 1.358 ms - -[0m
2026-08-01 13:37:34 [INFO]: [0mGET /css/auth.css [36m304[0m 0.946 ms - -[0m
2026-08-01 13:37:34 [INFO]: [0mGET /css/verify.css [36m304[0m 0.158 ms - -[0m
2026-08-01 13:37:34 [INFO]: [0mGET /auth/%7B%20%20publicId:%20'[object%20Object]/806f7e1b-c6ad-4a82-902e-d9cbb7c62dd6_irccnv',%20%20url:%20'https://res.cloudinary.com/desmwasfe/image/upload/v1785570707/%5Bobject%20Object%5D/806f7e1b-c6ad-4a82-902e-d9cbb7c62dd6_irccnv.jpg'%7D [33m404[0m 91.291 ms - 319[0m
2026-08-01 13:37:52 [INFO]: [0mGET /css/variables.css [36m304[0m 0.761 ms - -[0m
2026-08-01 13:37:52 [INFO]: [0mGET /css/utilities.css [36m304[0m 0.799 ms - -[0m
2026-08-01 13:37:52 [INFO]: [0mGET /css/style.css [36m304[0m 0.922 ms - -[0m
2026-08-01 13:37:52 [INFO]: [0mGET /css/animations.css [36m304[0m 0.496 ms - -[0m
2026-08-01 13:37:52 [INFO]: [0mGET /css/announcement.css [36m304[0m 0.565 ms - -[0m
2026-08-01 13:37:52 [INFO]: [0mGET /css/header.css [36m304[0m 0.663 ms - -[0m
2026-08-01 13:37:52 [INFO]: [0mGET /css/hero.css [36m304[0m 0.225 ms - -[0m
2026-08-01 13:37:52 [INFO]: [0mGET /css/featured.css [36m304[0m 0.343 ms - -[0m
2026-08-01 13:37:52 [INFO]: [0mGET /css/why-choose.css [36m304[0m 0.267 ms - -[0m
2026-08-01 13:37:52 [INFO]: [0mGET /css/footer.css [36m304[0m 0.429 ms - -[0m
2026-08-01 13:37:52 [INFO]: [0mGET /css/auth.css [36m304[0m 1.004 ms - -[0m
2026-08-01 13:37:52 [INFO]: [0mGET /css/verify.css [36m304[0m 0.696 ms - -[0m
2026-08-01 13:37:52 [INFO]: [0mGET /css/profile.css [36m304[0m 0.853 ms - -[0m
2026-08-01 13:37:52 [INFO]: [0mGET /.well-known/appspecific/com.chrome.devtools.json [33m404[0m 84.111 ms - 112[0m
2026-08-01 13:38:39 [INFO]: [0mGET /auth/profile [36m304[0m 129.552 ms - -[0m
2026-08-01 13:38:39 [INFO]: [0mGET /css/style.css [36m304[0m 0.306 ms - -[0m
2026-08-01 13:38:39 [INFO]: [0mGET /images/logo/plantora.png [36m304[0m 0.181 ms - -[0m
2026-08-01 13:38:39 [INFO]: [0mGET /css/profile.css [32m200[0m 0.923 ms - -[0m
2026-08-01 13:38:39 [INFO]: [0mGET /images/logo/plantora-orgn-white.png [36m304[0m 1.063 ms - -[0m
2026-08-01 13:38:39 [INFO]: [0mGET /js/profile.js [36m304[0m 2.084 ms - -[0m
2026-08-01 13:38:39 [INFO]: [0mGET /js/header.js [36m304[0m 0.309 ms - -[0m
2026-08-01 13:38:39 [INFO]: [0mGET /js/featured.js [36m304[0m 0.274 ms - -[0m
2026-08-01 13:38:39 [INFO]: [0mGET /css/variables.css [36m304[0m 0.445 ms - -[0m
2026-08-01 13:38:39 [INFO]: [0mGET /css/utilities.css [36m304[0m 0.470 ms - -[0m
2026-08-01 13:38:39 [INFO]: [0mGET /css/animations.css [36m304[0m 0.762 ms - -[0m
2026-08-01 13:38:39 [INFO]: [0mGET /css/announcement.css [36m304[0m 1.037 ms - -[0m
2026-08-01 13:38:39 [INFO]: [0mGET /js/why-choose.js [36m304[0m 0.277 ms - -[0m
2026-08-01 13:38:39 [INFO]: [0mGET /css/header.css [36m304[0m 0.210 ms - -[0m
2026-08-01 13:38:39 [INFO]: [0mGET /css/hero.css [36m304[0m 0.558 ms - -[0m
2026-08-01 13:38:39 [INFO]: [0mGET /css/featured.css [36m304[0m 0.730 ms - -[0m
2026-08-01 13:38:39 [INFO]: [0mGET /css/why-choose.css [36m304[0m 1.030 ms - -[0m
2026-08-01 13:38:39 [INFO]: [0mGET /css/footer.css [36m304[0m 1.248 ms - -[0m
2026-08-01 13:38:39 [INFO]: [0mGET /css/auth.css [36m304[0m 0.201 ms - -[0m
2026-08-01 13:38:39 [INFO]: [0mGET /css/verify.css [36m304[0m 0.395 ms - -[0m
2026-08-01 13:38:39 [INFO]: [0mGET /js/notification.js [36m304[0m 0.504 ms - -[0m
2026-08-01 13:38:39 [INFO]: [0mGET /js/footer.js [36m304[0m 0.731 ms - -[0m
2026-08-01 13:38:39 [INFO]: [0mGET /js/auth.js [36m304[0m 1.084 ms - -[0m
2026-08-01 13:38:39 [INFO]: [0mGET /.well-known/appspecific/com.chrome.devtools.json [33m404[0m 90.037 ms - 112[0m
2026-08-01 13:38:39 [INFO]: [0mGET /auth/%7B%20%20publicId:%20'[object%20Object]/806f7e1b-c6ad-4a82-902e-d9cbb7c62dd6_irccnv',%20%20url:%20'https://res.cloudinary.com/desmwasfe/image/upload/v1785570707/%5Bobject%20Object%5D/806f7e1b-c6ad-4a82-902e-d9cbb7c62dd6_irccnv.jpg'%7D [33m404[0m 81.632 ms - 319[0m
2026-08-01 13:38:57 [INFO]: [0mPUT /auth/change-password?_method=PUT [33m400[0m 119.304 ms - 169[0m
2026-08-01 13:39:24 [INFO]: [0mGET /auth/profile [36m304[0m 837.234 ms - -[0m
2026-08-01 13:39:24 [INFO]: [0mGET /css/style.css [36m304[0m 0.864 ms - -[0m
2026-08-01 13:39:24 [INFO]: [0mGET /css/profile.css [36m304[0m 0.963 ms - -[0m
2026-08-01 13:39:24 [INFO]: [0mGET /images/logo/plantora.png [36m304[0m 0.225 ms - -[0m
2026-08-01 13:39:24 [INFO]: [0mGET /js/profile.js [36m304[0m 1.526 ms - -[0m
2026-08-01 13:39:24 [INFO]: [0mGET /images/logo/plantora-orgn-white.png [36m304[0m 2.686 ms - -[0m
2026-08-01 13:39:24 [INFO]: [0mGET /js/header.js [36m304[0m 0.543 ms - -[0m
2026-08-01 13:39:24 [INFO]: [0mGET /js/featured.js [36m304[0m 0.954 ms - -[0m
2026-08-01 13:39:24 [INFO]: [0mGET /js/why-choose.js [36m304[0m 0.221 ms - -[0m
2026-08-01 13:39:24 [INFO]: [0mGET /css/variables.css [36m304[0m 0.560 ms - -[0m
2026-08-01 13:39:24 [INFO]: [0mGET /css/utilities.css [36m304[0m 0.724 ms - -[0m
2026-08-01 13:39:24 [INFO]: [0mGET /css/animations.css [36m304[0m 0.642 ms - -[0m
2026-08-01 13:39:24 [INFO]: [0mGET /css/announcement.css [36m304[0m 0.843 ms - -[0m
2026-08-01 13:39:24 [INFO]: [0mGET /css/header.css [36m304[0m 1.318 ms - -[0m
2026-08-01 13:39:24 [INFO]: [0mGET /css/hero.css [36m304[0m 0.754 ms - -[0m
2026-08-01 13:39:24 [INFO]: [0mGET /css/featured.css [36m304[0m 1.111 ms - -[0m
2026-08-01 13:39:24 [INFO]: [0mGET /css/why-choose.css [36m304[0m 0.779 ms - -[0m
2026-08-01 13:39:24 [INFO]: [0mGET /css/footer.css [36m304[0m 0.845 ms - -[0m
2026-08-01 13:39:24 [INFO]: [0mGET /css/auth.css [36m304[0m 0.938 ms - -[0m
2026-08-01 13:39:24 [INFO]: [0mGET /css/verify.css [36m304[0m 0.925 ms - -[0m
2026-08-01 13:39:24 [INFO]: [0mGET /js/notification.js [36m304[0m 0.635 ms - -[0m
2026-08-01 13:39:24 [INFO]: [0mGET /js/footer.js [36m304[0m 0.239 ms - -[0m
2026-08-01 13:39:24 [INFO]: [0mGET /js/auth.js [36m304[0m 0.211 ms - -[0m
2026-08-01 13:39:25 [INFO]: [0mGET /auth/%7B%20%20publicId:%20'[object%20Object]/806f7e1b-c6ad-4a82-902e-d9cbb7c62dd6_irccnv',%20%20url:%20'https://res.cloudinary.com/desmwasfe/image/upload/v1785570707/%5Bobject%20Object%5D/806f7e1b-c6ad-4a82-902e-d9cbb7c62dd6_irccnv.jpg'%7D [33m404[0m 931.734 ms - 319[0m
2026-08-01 14:00:12 [INFO]: MongoDB connected successfully.
2026-08-01 14:00:15 [INFO]: Email server connected successfully.
2026-08-01 14:00:15 [INFO]: Server is running on port 5132.
2026-08-01 14:01:46 [ERROR]: ReferenceError: E:\Webskitters_Academy\NODE JS\final_project_node\plantora_final_project_node_ejs\views\auth\profile.ejs:571
    569|                                     </button>
    570| 
 >> 571|                                     <% if (request.query.passwordError) { %>
    572| 
    573|     <small class="text-danger d-block mt-2">
    574| 

request is not defined
    at eval (eval at compile (E:\Webskitters_Academy\NODE JS\final_project_node\plantora_final_project_node_ejs\node_modules\ejs\lib\cjs\ejs.js:607:18), <anonymous>:105:8)
    at profile (E:\Webskitters_Academy\NODE JS\final_project_node\plantora_final_project_node_ejs\node_modules\ejs\lib\cjs\ejs.js:643:23)
    at tryHandleCache (E:\Webskitters_Academy\NODE JS\final_project_node\plantora_final_project_node_ejs\node_modules\ejs\lib\cjs\ejs.js:253:42)
    at ejs.renderFile [as engine] (E:\Webskitters_Academy\NODE JS\final_project_node\plantora_final_project_node_ejs\node_modules\ejs\lib\cjs\ejs.js:444:12)
    at View.render (E:\Webskitters_Academy\NODE JS\final_project_node\plantora_final_project_node_ejs\node_modules\express\lib\view.js:139:8)
    at tryRender (E:\Webskitters_Academy\NODE JS\final_project_node\plantora_final_project_node_ejs\node_modules\express\lib\application.js:627:10)
    at app.render (E:\Webskitters_Academy\NODE JS\final_project_node\plantora_final_project_node_ejs\node_modules\express\lib\application.js:574:3)
    at ServerResponse.render (E:\Webskitters_Academy\NODE JS\final_project_node\plantora_final_project_node_ejs\node_modules\express\lib\response.js:923:7)
    at showProfilePage (E:\Webskitters_Academy\NODE JS\final_project_node\plantora_final_project_node_ejs\app\controllers\authController.js:99:18)
    at Layer.handleRequest (E:\Webskitters_Academy\NODE JS\final_project_node\plantora_final_project_node_ejs\node_modules\router\lib\layer.js:152:17)
2026-08-01 14:01:46 [INFO]: [0mGET /auth/profile [31m500[0m 151.575 ms - 447[0m
2026-08-01 14:01:51 [INFO]: [0mGET / [36m304[0m 90.337 ms - -[0m
2026-08-01 14:01:51 [INFO]: [0mGET /css/style.css [36m304[0m 2.201 ms - -[0m
2026-08-01 14:01:51 [INFO]: [0mGET /images/logo/plantora.png [36m304[0m 2.742 ms - -[0m
2026-08-01 14:01:51 [INFO]: [0mGET /js/header.js [36m304[0m 1.763 ms - -[0m
2026-08-01 14:01:51 [INFO]: [0mGET /images/hero/hero-placeholder.png [36m304[0m 1.712 ms - -[0m
2026-08-01 14:01:51 [INFO]: [0mGET /images/hero/monstera-plant.jpg [36m304[0m 1.951 ms - -[0m
2026-08-01 14:01:51 [INFO]: [0mGET /js/featured.js [36m304[0m 0.633 ms - -[0m
2026-08-01 14:01:51 [INFO]: [0mGET /css/variables.css [36m304[0m 1.420 ms - -[0m
2026-08-01 14:01:51 [INFO]: [0mGET /css/utilities.css [36m304[0m 1.220 ms - -[0m
2026-08-01 14:01:51 [INFO]: [0mGET /css/animations.css [36m304[0m 1.520 ms - -[0m
2026-08-01 14:01:51 [INFO]: [0mGET /css/announcement.css [36m304[0m 1.587 ms - -[0m
2026-08-01 14:01:51 [INFO]: [0mGET /css/header.css [36m304[0m 0.433 ms - -[0m
2026-08-01 14:01:51 [INFO]: [0mGET /css/hero.css [36m304[0m 0.396 ms - -[0m
2026-08-01 14:01:51 [INFO]: [0mGET /css/featured.css [36m304[0m 0.739 ms - -[0m
2026-08-01 14:01:51 [INFO]: [0mGET /css/why-choose.css [36m304[0m 0.886 ms - -[0m
2026-08-01 14:01:51 [INFO]: [0mGET /css/footer.css [36m304[0m 1.029 ms - -[0m
2026-08-01 14:01:51 [INFO]: [0mGET /css/auth.css [36m304[0m 0.807 ms - -[0m
2026-08-01 14:01:51 [INFO]: [0mGET /css/verify.css [36m304[0m 0.142 ms - -[0m
2026-08-01 14:01:51 [INFO]: [0mGET /js/why-choose.js [36m304[0m 0.194 ms - -[0m
2026-08-01 14:01:51 [INFO]: [0mGET /js/notification.js [36m304[0m 0.629 ms - -[0m
2026-08-01 14:01:51 [INFO]: [0mGET /js/footer.js [36m304[0m 0.424 ms - -[0m
2026-08-01 14:01:51 [INFO]: [0mGET /js/auth.js [36m304[0m 0.199 ms - -[0m
2026-08-01 14:01:51 [INFO]: [0mGET /images/hero/snake-plant.jpg [36m304[0m 0.498 ms - -[0m
2026-08-01 14:01:51 [INFO]: [0mGET /images/hero/peace-lily.jpg [36m304[0m 1.012 ms - -[0m
2026-08-01 14:01:51 [INFO]: [0mGET /images/hero/tulip-plant.jpg [36m304[0m 0.794 ms - -[0m
2026-08-01 14:01:51 [INFO]: [0mGET /images/hero/rubber-plant.jpg [36m304[0m 0.131 ms - -[0m
2026-08-01 14:01:51 [INFO]: [0mGET /images/hero/aloe-vera.jpg [36m304[0m 0.208 ms - -[0m
2026-08-01 14:01:51 [INFO]: [0mGET /images/hero/areca-palm.jpg [36m304[0m 0.339 ms - -[0m
2026-08-01 14:01:51 [INFO]: [0mGET /images/hero/jade-plant.jpg [36m304[0m 0.204 ms - -[0m
2026-08-01 14:01:51 [INFO]: [0mGET /images/hero/golden-pothos.jpg [36m304[0m 0.649 ms - -[0m
2026-08-01 14:01:51 [INFO]: [0mGET /images/hero/fiddle-leaf-fig.jpg [36m304[0m 0.237 ms - -[0m
2026-08-01 14:01:51 [INFO]: [0mGET /images/hero/why-choose.jpg [36m304[0m 0.301 ms - -[0m
2026-08-01 14:01:51 [INFO]: [0mGET /images/logo/plantora-orgn-white.png [36m304[0m 0.363 ms - -[0m
2026-08-01 14:01:51 [INFO]: [0mGET /%7B%20%20publicId:%20'/public/default/profile.png',%20%20url:%20'https://res.cloudinary.com/desmwasfe/image/upload/v1781973939/default-avatar_d6ofmr.png'%7D [33m404[0m 74.507 ms - 236[0m
2026-08-01 14:01:53 [ERROR]: ReferenceError: E:\Webskitters_Academy\NODE JS\final_project_node\plantora_final_project_node_ejs\views\auth\profile.ejs:571
    569|                                     </button>
    570| 
 >> 571|                                     <% if (request.query.passwordError) { %>
    572| 
    573|     <small class="text-danger d-block mt-2">
    574| 

request is not defined
    at eval (eval at compile (E:\Webskitters_Academy\NODE JS\final_project_node\plantora_final_project_node_ejs\node_modules\ejs\lib\cjs\ejs.js:607:18), <anonymous>:105:8)
    at profile (E:\Webskitters_Academy\NODE JS\final_project_node\plantora_final_project_node_ejs\node_modules\ejs\lib\cjs\ejs.js:643:23)
    at tryHandleCache (E:\Webskitters_Academy\NODE JS\final_project_node\plantora_final_project_node_ejs\node_modules\ejs\lib\cjs\ejs.js:253:42)
    at ejs.renderFile [as engine] (E:\Webskitters_Academy\NODE JS\final_project_node\plantora_final_project_node_ejs\node_modules\ejs\lib\cjs\ejs.js:444:12)
    at View.render (E:\Webskitters_Academy\NODE JS\final_project_node\plantora_final_project_node_ejs\node_modules\express\lib\view.js:139:8)
    at tryRender (E:\Webskitters_Academy\NODE JS\final_project_node\plantora_final_project_node_ejs\node_modules\express\lib\application.js:627:10)
    at app.render (E:\Webskitters_Academy\NODE JS\final_project_node\plantora_final_project_node_ejs\node_modules\express\lib\application.js:574:3)
    at ServerResponse.render (E:\Webskitters_Academy\NODE JS\final_project_node\plantora_final_project_node_ejs\node_modules\express\lib\response.js:923:7)
    at showProfilePage (E:\Webskitters_Academy\NODE JS\final_project_node\plantora_final_project_node_ejs\app\controllers\authController.js:99:18)
    at Layer.handleRequest (E:\Webskitters_Academy\NODE JS\final_project_node\plantora_final_project_node_ejs\node_modules\router\lib\layer.js:152:17)
2026-08-01 14:01:53 [INFO]: [0mGET /auth/profile [31m500[0m 120.554 ms - 447[0m
2026-08-01 14:09:52 [INFO]: MongoDB connected successfully.
2026-08-01 14:09:54 [INFO]: MongoDB connected successfully.
2026-08-01 14:09:57 [INFO]: Email server connected successfully.
2026-08-01 14:09:57 [INFO]: Server is running on port 5132.
2026-08-01 14:10:01 [INFO]: [0mGET /auth/profile [33m401[0m 4.058 ms - 55[0m
2026-08-01 14:10:03 [INFO]: [0mGET /auth/profile [33m401[0m 0.989 ms - 55[0m
2026-08-01 14:10:08 [INFO]: [0mGET / [32m200[0m 14.123 ms - -[0m
2026-08-01 14:10:08 [INFO]: [0mGET /css/style.css [36m304[0m 1.592 ms - -[0m
2026-08-01 14:10:08 [INFO]: [0mGET /images/logo/plantora.png [36m304[0m 1.764 ms - -[0m
2026-08-01 14:10:08 [INFO]: [0mGET /images/hero/hero-placeholder.png [36m304[0m 1.894 ms - -[0m
2026-08-01 14:10:08 [INFO]: [0mGET /images/hero/monstera-plant.jpg [36m304[0m 0.663 ms - -[0m
2026-08-01 14:10:08 [INFO]: [0mGET /css/variables.css [36m304[0m 1.066 ms - -[0m
2026-08-01 14:10:08 [INFO]: [0mGET /css/utilities.css [36m304[0m 0.403 ms - -[0m
2026-08-01 14:10:08 [INFO]: [0mGET /css/animations.css [36m304[0m 0.456 ms - -[0m
2026-08-01 14:10:08 [INFO]: [0mGET /css/announcement.css [36m304[0m 0.378 ms - -[0m
2026-08-01 14:10:08 [INFO]: [0mGET /css/header.css [36m304[0m 0.672 ms - -[0m
2026-08-01 14:10:08 [INFO]: [0mGET /css/hero.css [36m304[0m 0.917 ms - -[0m
2026-08-01 14:10:08 [INFO]: [0mGET /css/featured.css [36m304[0m 0.351 ms - -[0m
2026-08-01 14:10:08 [INFO]: [0mGET /css/why-choose.css [36m304[0m 0.224 ms - -[0m
2026-08-01 14:10:08 [INFO]: [0mGET /css/footer.css [36m304[0m 0.251 ms - -[0m
2026-08-01 14:10:08 [INFO]: [0mGET /css/auth.css [36m304[0m 0.213 ms - -[0m
2026-08-01 14:10:08 [INFO]: [0mGET /css/verify.css [36m304[0m 0.275 ms - -[0m
2026-08-01 14:10:08 [INFO]: [0mGET /images/hero/snake-plant.jpg [36m304[0m 0.310 ms - -[0m
2026-08-01 14:10:08 [INFO]: [0mGET /images/hero/peace-lily.jpg [36m304[0m 0.393 ms - -[0m
2026-08-01 14:10:08 [INFO]: [0mGET /js/header.js [36m304[0m 0.305 ms - -[0m
2026-08-01 14:10:08 [INFO]: [0mGET /js/featured.js [36m304[0m 0.808 ms - -[0m
2026-08-01 14:10:08 [INFO]: [0mGET /js/why-choose.js [36m304[0m 0.607 ms - -[0m
2026-08-01 14:10:08 [INFO]: [0mGET /js/notification.js [36m304[0m 0.318 ms - -[0m
2026-08-01 14:10:08 [INFO]: [0mGET /js/footer.js [36m304[0m 0.216 ms - -[0m
2026-08-01 14:10:08 [INFO]: [0mGET /js/auth.js [36m304[0m 0.190 ms - -[0m
2026-08-01 14:10:08 [INFO]: [0mGET /images/hero/tulip-plant.jpg [36m304[0m 0.171 ms - -[0m
2026-08-01 14:10:08 [INFO]: [0mGET /images/hero/rubber-plant.jpg [36m304[0m 0.189 ms - -[0m
2026-08-01 14:10:08 [INFO]: [0mGET /images/hero/aloe-vera.jpg [36m304[0m 0.661 ms - -[0m
2026-08-01 14:10:08 [INFO]: [0mGET /images/hero/areca-palm.jpg [36m304[0m 0.219 ms - -[0m
2026-08-01 14:10:08 [INFO]: [0mGET /images/hero/jade-plant.jpg [36m304[0m 0.122 ms - -[0m
2026-08-01 14:10:08 [INFO]: [0mGET /images/hero/golden-pothos.jpg [36m304[0m 0.203 ms - -[0m
2026-08-01 14:10:08 [INFO]: [0mGET /images/hero/fiddle-leaf-fig.jpg [36m304[0m 0.354 ms - -[0m
2026-08-01 14:10:08 [INFO]: [0mGET /images/hero/why-choose.jpg [36m304[0m 0.564 ms - -[0m
2026-08-01 14:10:08 [INFO]: [0mGET /images/logo/plantora-orgn-white.png [36m304[0m 0.789 ms - -[0m
2026-08-01 14:10:11 [INFO]: Login successful : plantora-admin@yopmail.com
2026-08-01 14:10:11 [INFO]: [0mPOST /auth/login [32m200[0m 531.794 ms - 46[0m
2026-08-01 14:10:12 [INFO]: [0mGET / [32m200[0m 87.912 ms - -[0m
2026-08-01 14:10:12 [INFO]: [0mGET /css/style.css [36m304[0m 0.566 ms - -[0m
2026-08-01 14:10:12 [INFO]: [0mGET /images/logo/plantora.png [36m304[0m 0.683 ms - -[0m
2026-08-01 14:10:12 [INFO]: [0mGET /images/hero/hero-placeholder.png [36m304[0m 0.443 ms - -[0m
2026-08-01 14:10:12 [INFO]: [0mGET /js/header.js [36m304[0m 0.570 ms - -[0m
2026-08-01 14:10:12 [INFO]: [0mGET /images/hero/monstera-plant.jpg [36m304[0m 0.623 ms - -[0m
2026-08-01 14:10:12 [INFO]: [0mGET /js/featured.js [36m304[0m 0.224 ms - -[0m
2026-08-01 14:10:12 [INFO]: [0mGET /css/variables.css [36m304[0m 0.749 ms - -[0m
2026-08-01 14:10:12 [INFO]: [0mGET /css/utilities.css [36m304[0m 0.763 ms - -[0m
2026-08-01 14:10:12 [INFO]: [0mGET /css/animations.css [36m304[0m 1.356 ms - -[0m
2026-08-01 14:10:12 [INFO]: [0mGET /css/announcement.css [36m304[0m 0.581 ms - -[0m
2026-08-01 14:10:12 [INFO]: [0mGET /css/header.css [36m304[0m 0.759 ms - -[0m
2026-08-01 14:10:12 [INFO]: [0mGET /css/hero.css [36m304[0m 0.517 ms - -[0m
2026-08-01 14:10:12 [INFO]: [0mGET /css/featured.css [36m304[0m 0.610 ms - -[0m
2026-08-01 14:10:12 [INFO]: [0mGET /css/why-choose.css [36m304[0m 0.322 ms - -[0m
2026-08-01 14:10:12 [INFO]: [0mGET /css/footer.css [36m304[0m 0.488 ms - -[0m
2026-08-01 14:10:12 [INFO]: [0mGET /css/auth.css [36m304[0m 1.098 ms - -[0m
2026-08-01 14:10:12 [INFO]: [0mGET /css/verify.css [36m304[0m 0.784 ms - -[0m
2026-08-01 14:10:12 [INFO]: [0mGET /js/why-choose.js [36m304[0m 0.349 ms - -[0m
2026-08-01 14:10:12 [INFO]: [0mGET /js/notification.js [36m304[0m 0.453 ms - -[0m
2026-08-01 14:10:12 [INFO]: [0mGET /js/footer.js [36m304[0m 0.131 ms - -[0m
2026-08-01 14:10:12 [INFO]: [0mGET /js/auth.js [36m304[0m 0.210 ms - -[0m
2026-08-01 14:10:12 [INFO]: [0mGET /images/hero/snake-plant.jpg [36m304[0m 0.476 ms - -[0m
2026-08-01 14:10:12 [INFO]: [0mGET /images/hero/peace-lily.jpg [36m304[0m 0.423 ms - -[0m
2026-08-01 14:10:12 [INFO]: [0mGET /images/hero/tulip-plant.jpg [36m304[0m 0.129 ms - -[0m
2026-08-01 14:10:12 [INFO]: [0mGET /images/hero/rubber-plant.jpg [36m304[0m 0.198 ms - -[0m
2026-08-01 14:10:12 [INFO]: [0mGET /images/hero/aloe-vera.jpg [36m304[0m 0.145 ms - -[0m
2026-08-01 14:10:12 [INFO]: [0mGET /images/hero/areca-palm.jpg [36m304[0m 0.320 ms - -[0m
2026-08-01 14:10:12 [INFO]: [0mGET /images/hero/jade-plant.jpg [36m304[0m 0.526 ms - -[0m
2026-08-01 14:10:12 [INFO]: [0mGET /images/hero/golden-pothos.jpg [36m304[0m 0.989 ms - -[0m
2026-08-01 14:10:12 [INFO]: [0mGET /images/hero/fiddle-leaf-fig.jpg [36m304[0m 0.589 ms - -[0m
2026-08-01 14:10:12 [INFO]: [0mGET /images/hero/why-choose.jpg [36m304[0m 0.267 ms - -[0m
2026-08-01 14:10:12 [INFO]: [0mGET /images/logo/plantora-orgn-white.png [36m304[0m 0.357 ms - -[0m
2026-08-01 14:10:12 [INFO]: [0mGET /%7B%20%20publicId:%20'[object%20Object]/806f7e1b-c6ad-4a82-902e-d9cbb7c62dd6_irccnv',%20%20url:%20'https://res.cloudinary.com/desmwasfe/image/upload/v1785570707/%5Bobject%20Object%5D/806f7e1b-c6ad-4a82-902e-d9cbb7c62dd6_irccnv.jpg'%7D [33m404[0m 84.627 ms - 314[0m
2026-08-01 14:10:19 [INFO]: [0mGET / [36m304[0m 83.261 ms - -[0m
2026-08-01 14:10:19 [INFO]: [0mGET /css/style.css [36m304[0m 0.186 ms - -[0m
2026-08-01 14:10:19 [INFO]: [0mGET /images/logo/plantora.png [36m304[0m 0.328 ms - -[0m
2026-08-01 14:10:19 [INFO]: [0mGET /images/hero/hero-placeholder.png [36m304[0m 0.764 ms - -[0m
2026-08-01 14:10:19 [INFO]: [0mGET /images/hero/monstera-plant.jpg [36m304[0m 0.984 ms - -[0m
2026-08-01 14:10:19 [INFO]: [0mGET /js/header.js [36m304[0m 1.007 ms - -[0m
2026-08-01 14:10:19 [INFO]: [0mGET /js/featured.js [36m304[0m 0.692 ms - -[0m
2026-08-01 14:10:19 [INFO]: [0mGET /js/why-choose.js [36m304[0m 0.748 ms - -[0m
2026-08-01 14:10:19 [INFO]: [0mGET /js/notification.js [36m304[0m 1.081 ms - -[0m
2026-08-01 14:10:19 [INFO]: [0mGET /js/footer.js [36m304[0m 1.397 ms - -[0m
2026-08-01 14:10:19 [INFO]: [0mGET /js/auth.js [36m304[0m 1.629 ms - -[0m
2026-08-01 14:10:19 [INFO]: [0mGET /images/hero/snake-plant.jpg [36m304[0m 0.231 ms - -[0m
2026-08-01 14:10:19 [INFO]: [0mGET /images/hero/peace-lily.jpg [36m304[0m 1.057 ms - -[0m
2026-08-01 14:10:19 [INFO]: [0mGET /images/hero/tulip-plant.jpg [36m304[0m 0.554 ms - -[0m
2026-08-01 14:10:19 [INFO]: [0mGET /images/hero/rubber-plant.jpg [36m304[0m 0.632 ms - -[0m
2026-08-01 14:10:19 [INFO]: [0mGET /images/hero/aloe-vera.jpg [36m304[0m 0.761 ms - -[0m
2026-08-01 14:10:19 [INFO]: [0mGET /css/variables.css [36m304[0m 1.281 ms - -[0m
2026-08-01 14:10:19 [INFO]: [0mGET /css/utilities.css [36m304[0m 0.490 ms - -[0m
2026-08-01 14:10:19 [INFO]: [0mGET /css/animations.css [36m304[0m 0.754 ms - -[0m
2026-08-01 14:10:19 [INFO]: [0mGET /css/announcement.css [36m304[0m 0.815 ms - -[0m
2026-08-01 14:10:19 [INFO]: [0mGET /css/header.css [36m304[0m 1.064 ms - -[0m
2026-08-01 14:10:19 [INFO]: [0mGET /css/hero.css [36m304[0m 1.796 ms - -[0m
2026-08-01 14:10:19 [INFO]: [0mGET /css/featured.css [36m304[0m 0.746 ms - -[0m
2026-08-01 14:10:19 [INFO]: [0mGET /css/why-choose.css [36m304[0m 0.434 ms - -[0m
2026-08-01 14:10:19 [INFO]: [0mGET /css/footer.css [36m304[0m 0.675 ms - -[0m
2026-08-01 14:10:19 [INFO]: [0mGET /css/auth.css [36m304[0m 1.173 ms - -[0m
2026-08-01 14:10:19 [INFO]: [0mGET /css/verify.css [36m304[0m 0.718 ms - -[0m
2026-08-01 14:10:19 [INFO]: [0mGET /images/hero/areca-palm.jpg [36m304[0m 0.406 ms - -[0m
2026-08-01 14:10:19 [INFO]: [0mGET /images/hero/jade-plant.jpg [36m304[0m 0.887 ms - -[0m
2026-08-01 14:10:19 [INFO]: [0mGET /images/hero/golden-pothos.jpg [36m304[0m 1.080 ms - -[0m
2026-08-01 14:10:19 [INFO]: [0mGET /images/hero/fiddle-leaf-fig.jpg [36m304[0m 1.352 ms - -[0m
2026-08-01 14:10:19 [INFO]: [0mGET /images/hero/why-choose.jpg [36m304[0m 0.564 ms - -[0m
2026-08-01 14:10:19 [INFO]: [0mGET /images/logo/plantora-orgn-white.png [36m304[0m 0.158 ms - -[0m
2026-08-01 14:10:19 [INFO]: [0mGET /%7B%20%20publicId:%20'/public/default/profile.png',%20%20url:%20'https://res.cloudinary.com/desmwasfe/image/upload/v1781973939/default-avatar_d6ofmr.png'%7D [33m404[0m 89.331 ms - 236[0m
2026-08-01 14:10:21 [INFO]: [0mGET /auth/profile [32m200[0m 142.770 ms - -[0m
2026-08-01 14:10:21 [INFO]: [0mGET /css/style.css [36m304[0m 0.201 ms - -[0m
2026-08-01 14:10:21 [INFO]: [0mGET /images/logo/plantora.png [36m304[0m 0.541 ms - -[0m
2026-08-01 14:10:21 [INFO]: [0mGET /js/profile.js [36m304[0m 1.609 ms - -[0m
2026-08-01 14:10:21 [INFO]: [0mGET /images/logo/plantora-orgn-white.png [36m304[0m 1.820 ms - -[0m
2026-08-01 14:10:21 [INFO]: [0mGET /js/header.js [36m304[0m 0.447 ms - -[0m
2026-08-01 14:10:21 [INFO]: [0mGET /js/featured.js [36m304[0m 0.820 ms - -[0m
2026-08-01 14:10:21 [INFO]: [0mGET /js/why-choose.js [36m304[0m 1.071 ms - -[0m
2026-08-01 14:10:21 [INFO]: [0mGET /js/notification.js [36m304[0m 1.351 ms - -[0m
2026-08-01 14:10:21 [INFO]: [0mGET /css/profile.css [32m200[0m 3.592 ms - -[0m
2026-08-01 14:10:21 [INFO]: [0mGET /css/variables.css [36m304[0m 0.366 ms - -[0m
2026-08-01 14:10:21 [INFO]: [0mGET /css/utilities.css [36m304[0m 0.524 ms - -[0m
2026-08-01 14:10:21 [INFO]: [0mGET /css/animations.css [36m304[0m 0.713 ms - -[0m
2026-08-01 14:10:21 [INFO]: [0mGET /css/announcement.css [36m304[0m 0.913 ms - -[0m
2026-08-01 14:10:21 [INFO]: [0mGET /css/header.css [36m304[0m 1.153 ms - -[0m
2026-08-01 14:10:21 [INFO]: [0mGET /css/hero.css [36m304[0m 1.303 ms - -[0m
2026-08-01 14:10:21 [INFO]: [0mGET /css/featured.css [36m304[0m 1.304 ms - -[0m
2026-08-01 14:10:21 [INFO]: [0mGET /css/why-choose.css [36m304[0m 1.385 ms - -[0m
2026-08-01 14:10:21 [INFO]: [0mGET /css/footer.css [36m304[0m 0.936 ms - -[0m
2026-08-01 14:10:21 [INFO]: [0mGET /css/auth.css [36m304[0m 0.337 ms - -[0m
2026-08-01 14:10:21 [INFO]: [0mGET /css/verify.css [36m304[0m 0.118 ms - -[0m
2026-08-01 14:10:21 [INFO]: [0mGET /js/footer.js [36m304[0m 0.241 ms - -[0m
2026-08-01 14:10:21 [INFO]: [0mGET /js/auth.js [36m304[0m 0.425 ms - -[0m
2026-08-01 14:10:21 [INFO]: [0mGET /auth/%7B%20%20publicId:%20'/public/default/profile.png',%20%20url:%20'https://res.cloudinary.com/desmwasfe/image/upload/v1781973939/default-avatar_d6ofmr.png'%7D [33m404[0m 82.199 ms - 241[0m
2026-08-01 14:10:29 [INFO]: [0mPUT /auth/change-password?_method=PUT [36m302[0m 131.847 ms - 259[0m
2026-08-01 14:10:29 [INFO]: [0mGET /auth/profile?type=error&passwordError=New%20password%20must%20be%20at%20least%209%20characters%20long%20and%20contain%20at%20least%20one%20uppercase%20letter%2C%20one%20lowercase%20letter%2C%20and%20one%20special%20character. [32m200[0m 122.827 ms - -[0m
2026-08-01 14:10:29 [INFO]: [0mGET /css/style.css [36m304[0m 0.438 ms - -[0m
2026-08-01 14:10:29 [INFO]: [0mGET /css/profile.css [36m304[0m 0.995 ms - -[0m
2026-08-01 14:10:29 [INFO]: [0mGET /images/logo/plantora.png [36m304[0m 1.255 ms - -[0m
2026-08-01 14:10:29 [INFO]: [0mGET /js/profile.js [36m304[0m 2.824 ms - -[0m
2026-08-01 14:10:29 [INFO]: [0mGET /images/logo/plantora-orgn-white.png [36m304[0m 3.220 ms - -[0m
2026-08-01 14:10:29 [INFO]: [0mGET /js/header.js [36m304[0m 3.487 ms - -[0m
2026-08-01 14:10:29 [INFO]: [0mGET /js/featured.js [36m304[0m 1.009 ms - -[0m
2026-08-01 14:10:29 [INFO]: [0mGET /js/why-choose.js [36m304[0m 0.898 ms - -[0m
2026-08-01 14:10:29 [INFO]: [0mGET /js/notification.js [36m304[0m 1.364 ms - -[0m
2026-08-01 14:10:29 [INFO]: [0mGET /js/footer.js [36m304[0m 0.717 ms - -[0m
2026-08-01 14:10:29 [INFO]: [0mGET /css/variables.css [36m304[0m 1.273 ms - -[0m
2026-08-01 14:10:29 [INFO]: [0mGET /css/utilities.css [36m304[0m 0.696 ms - -[0m
2026-08-01 14:10:29 [INFO]: [0mGET /css/animations.css [36m304[0m 0.962 ms - -[0m
2026-08-01 14:10:29 [INFO]: [0mGET /css/announcement.css [36m304[0m 0.396 ms - -[0m
2026-08-01 14:10:29 [INFO]: [0mGET /css/header.css [36m304[0m 0.625 ms - -[0m
2026-08-01 14:10:29 [INFO]: [0mGET /css/hero.css [36m304[0m 1.217 ms - -[0m
2026-08-01 14:10:29 [INFO]: [0mGET /css/featured.css [36m304[0m 0.667 ms - -[0m
2026-08-01 14:10:29 [INFO]: [0mGET /css/why-choose.css [36m304[0m 0.776 ms - -[0m
2026-08-01 14:10:29 [INFO]: [0mGET /css/footer.css [36m304[0m 0.371 ms - -[0m
2026-08-01 14:10:29 [INFO]: [0mGET /css/auth.css [36m304[0m 0.518 ms - -[0m
2026-08-01 14:10:29 [INFO]: [0mGET /css/verify.css [36m304[0m 0.385 ms - -[0m
2026-08-01 14:10:29 [INFO]: [0mGET /js/auth.js [36m304[0m 0.481 ms - -[0m
2026-08-01 14:10:29 [INFO]: [0mGET /auth/%7B%20%20publicId:%20'/public/default/profile.png',%20%20url:%20'https://res.cloudinary.com/desmwasfe/image/upload/v1781973939/default-avatar_d6ofmr.png'%7D [33m404[0m 89.373 ms - 241[0m
2026-08-01 14:11:18 [INFO]: [0mGET /auth/profile?type=error&passwordError=New%20password%20must%20be%20at%20least%209%20characters%20long%20and%20contain%20at%20least%20one%20uppercase%20letter%2C%20one%20lowercase%20letter%2C%20and%20one%20special%20character. [32m200[0m 127.340 ms - -[0m
2026-08-01 14:11:18 [INFO]: [0mGET /css/style.css [36m304[0m 0.172 ms - -[0m
2026-08-01 14:11:18 [INFO]: [0mGET /css/profile.css [36m304[0m 0.141 ms - -[0m
2026-08-01 14:11:18 [INFO]: [0mGET /images/logo/plantora.png [36m304[0m 0.672 ms - -[0m
2026-08-01 14:11:18 [INFO]: [0mGET /js/profile.js [36m304[0m 0.717 ms - -[0m
2026-08-01 14:11:18 [INFO]: [0mGET /images/logo/plantora-orgn-white.png [36m304[0m 0.888 ms - -[0m
2026-08-01 14:11:18 [INFO]: [0mGET /js/header.js [36m304[0m 1.122 ms - -[0m
2026-08-01 14:11:18 [INFO]: [0mGET /js/featured.js [36m304[0m 1.712 ms - -[0m
2026-08-01 14:11:18 [INFO]: [0mGET /js/why-choose.js [36m304[0m 1.371 ms - -[0m
2026-08-01 14:11:18 [INFO]: [0mGET /js/notification.js [36m304[0m 1.684 ms - -[0m
2026-08-01 14:11:18 [INFO]: [0mGET /js/footer.js [36m304[0m 1.828 ms - -[0m
2026-08-01 14:11:18 [INFO]: [0mGET /js/auth.js [36m304[0m 1.760 ms - -[0m
2026-08-01 14:11:18 [INFO]: [0mGET /css/variables.css [36m304[0m 0.484 ms - -[0m
2026-08-01 14:11:18 [INFO]: [0mGET /css/utilities.css [36m304[0m 0.804 ms - -[0m
2026-08-01 14:11:18 [INFO]: [0mGET /css/animations.css [36m304[0m 1.211 ms - -[0m
2026-08-01 14:11:18 [INFO]: [0mGET /css/announcement.css [36m304[0m 1.501 ms - -[0m
2026-08-01 14:11:18 [INFO]: [0mGET /css/header.css [36m304[0m 2.137 ms - -[0m
2026-08-01 14:11:18 [INFO]: [0mGET /css/hero.css [36m304[0m 1.166 ms - -[0m
2026-08-01 14:11:18 [INFO]: [0mGET /css/featured.css [36m304[0m 1.030 ms - -[0m
2026-08-01 14:11:18 [INFO]: [0mGET /css/why-choose.css [36m304[0m 1.235 ms - -[0m
2026-08-01 14:11:18 [INFO]: [0mGET /css/footer.css [36m304[0m 1.403 ms - -[0m
2026-08-01 14:11:18 [INFO]: [0mGET /css/auth.css [36m304[0m 0.280 ms - -[0m
2026-08-01 14:11:18 [INFO]: [0mGET /css/verify.css [36m304[0m 0.199 ms - -[0m
2026-08-01 14:11:18 [INFO]: [0mGET /auth/%7B%20%20publicId:%20'/public/default/profile.png',%20%20url:%20'https://res.cloudinary.com/desmwasfe/image/upload/v1781973939/default-avatar_d6ofmr.png'%7D [33m404[0m 80.581 ms - 241[0m
2026-08-01 14:11:50 [INFO]: [0mGET /auth/profile?type=error&passwordError=New%20password%20must%20be%20at%20least%209%20characters%20long%20and%20contain%20at%20least%20one%20uppercase%20letter%2C%20one%20lowercase%20letter%2C%20and%20one%20special%20character. [32m200[0m 130.774 ms - -[0m
2026-08-01 14:11:50 [INFO]: [0mGET /css/style.css [36m304[0m 0.672 ms - -[0m
2026-08-01 14:11:50 [INFO]: [0mGET /css/profile.css [36m304[0m 0.169 ms - -[0m
2026-08-01 14:11:50 [INFO]: [0mGET /images/logo/plantora.png [36m304[0m 0.314 ms - -[0m
2026-08-01 14:11:50 [INFO]: [0mGET /js/profile.js [36m304[0m 0.708 ms - -[0m
2026-08-01 14:11:50 [INFO]: [0mGET /images/logo/plantora-orgn-white.png [36m304[0m 0.923 ms - -[0m
2026-08-01 14:11:50 [INFO]: [0mGET /js/header.js [36m304[0m 0.771 ms - -[0m
2026-08-01 14:11:50 [INFO]: [0mGET /js/featured.js [36m304[0m 1.287 ms - -[0m
2026-08-01 14:11:50 [INFO]: [0mGET /js/why-choose.js [36m304[0m 0.896 ms - -[0m
2026-08-01 14:11:50 [INFO]: [0mGET /js/notification.js [36m304[0m 0.760 ms - -[0m
2026-08-01 14:11:50 [INFO]: [0mGET /js/footer.js [36m304[0m 0.773 ms - -[0m
2026-08-01 14:11:50 [INFO]: [0mGET /js/auth.js [36m304[0m 0.958 ms - -[0m
2026-08-01 14:11:50 [INFO]: [0mGET /css/variables.css [36m304[0m 0.301 ms - -[0m
2026-08-01 14:11:50 [INFO]: [0mGET /css/utilities.css [36m304[0m 0.747 ms - -[0m
2026-08-01 14:11:50 [INFO]: [0mGET /css/animations.css [36m304[0m 0.452 ms - -[0m
2026-08-01 14:11:50 [INFO]: [0mGET /css/announcement.css [36m304[0m 0.709 ms - -[0m
2026-08-01 14:11:50 [INFO]: [0mGET /css/header.css [36m304[0m 0.646 ms - -[0m
2026-08-01 14:11:50 [INFO]: [0mGET /css/hero.css [36m304[0m 0.696 ms - -[0m
2026-08-01 14:11:50 [INFO]: [0mGET /css/featured.css [36m304[0m 0.704 ms - -[0m
2026-08-01 14:11:50 [INFO]: [0mGET /css/why-choose.css [36m304[0m 0.879 ms - -[0m
2026-08-01 14:11:50 [INFO]: [0mGET /css/footer.css [36m304[0m 0.848 ms - -[0m
2026-08-01 14:11:50 [INFO]: [0mGET /css/auth.css [36m304[0m 0.507 ms - -[0m
2026-08-01 14:11:50 [INFO]: [0mGET /css/verify.css [36m304[0m 0.633 ms - -[0m
2026-08-01 14:11:50 [INFO]: [0mGET /auth/%7B%20%20publicId:%20'/public/default/profile.png',%20%20url:%20'https://res.cloudinary.com/desmwasfe/image/upload/v1781973939/default-avatar_d6ofmr.png'%7D [33m404[0m 80.092 ms - 241[0m
2026-08-01 14:12:01 [INFO]: [0mGET /auth/profile?type=error&passwordError=New%20password%20must%20be%20at%20least%209%20characters%20long%20and%20contain%20at%20least%20one%20uppercase%20letter%2C%20one%20lowercase%20letter%2C%20and%20one%20special%20character. [32m200[0m 131.199 ms - -[0m
2026-08-01 14:12:01 [INFO]: [0mGET /css/style.css [36m304[0m 0.165 ms - -[0m
2026-08-01 14:12:01 [INFO]: [0mGET /css/profile.css [36m304[0m 0.409 ms - -[0m
2026-08-01 14:12:01 [INFO]: [0mGET /images/logo/plantora.png [36m304[0m 0.260 ms - -[0m
2026-08-01 14:12:01 [INFO]: [0mGET /js/profile.js [36m304[0m 0.859 ms - -[0m
2026-08-01 14:12:01 [INFO]: [0mGET /images/logo/plantora-orgn-white.png [36m304[0m 1.271 ms - -[0m
2026-08-01 14:12:01 [INFO]: [0mGET /js/header.js [36m304[0m 1.374 ms - -[0m
2026-08-01 14:12:01 [INFO]: [0mGET /js/featured.js [36m304[0m 0.211 ms - -[0m
2026-08-01 14:12:01 [INFO]: [0mGET /js/why-choose.js [36m304[0m 0.944 ms - -[0m
2026-08-01 14:12:01 [INFO]: [0mGET /js/notification.js [36m304[0m 0.867 ms - -[0m
2026-08-01 14:12:01 [INFO]: [0mGET /js/footer.js [36m304[0m 0.384 ms - -[0m
2026-08-01 14:12:01 [INFO]: [0mGET /js/auth.js [36m304[0m 0.624 ms - -[0m
2026-08-01 14:12:01 [INFO]: [0mGET /css/variables.css [36m304[0m 0.849 ms - -[0m
2026-08-01 14:12:01 [INFO]: [0mGET /css/utilities.css [36m304[0m 0.468 ms - -[0m
2026-08-01 14:12:01 [INFO]: [0mGET /css/animations.css [36m304[0m 0.506 ms - -[0m
2026-08-01 14:12:01 [INFO]: [0mGET /css/announcement.css [36m304[0m 0.625 ms - -[0m
2026-08-01 14:12:01 [INFO]: [0mGET /css/header.css [36m304[0m 0.234 ms - -[0m
2026-08-01 14:12:01 [INFO]: [0mGET /css/hero.css [36m304[0m 0.589 ms - -[0m
2026-08-01 14:12:01 [INFO]: [0mGET /css/featured.css [36m304[0m 0.494 ms - -[0m
2026-08-01 14:12:01 [INFO]: [0mGET /css/why-choose.css [36m304[0m 0.690 ms - -[0m
2026-08-01 14:12:01 [INFO]: [0mGET /css/footer.css [36m304[0m 0.903 ms - -[0m
2026-08-01 14:12:01 [INFO]: [0mGET /css/auth.css [36m304[0m 0.445 ms - -[0m
2026-08-01 14:12:01 [INFO]: [0mGET /css/verify.css [36m304[0m 0.113 ms - -[0m
2026-08-01 14:12:01 [INFO]: [0mGET /auth/%7B%20%20publicId:%20'/public/default/profile.png',%20%20url:%20'https://res.cloudinary.com/desmwasfe/image/upload/v1781973939/default-avatar_d6ofmr.png'%7D [33m404[0m 81.341 ms - 241[0m
2026-08-01 14:12:44 [INFO]: [0mGET /auth/profile?type=error&passwordError=New%20password%20must%20be%20at%20least%209%20characters%20long%20and%20contain%20at%20least%20one%20uppercase%20letter%2C%20one%20lowercase%20letter%2C%20and%20one%20special%20character. [32m200[0m 129.014 ms - -[0m
2026-08-01 14:12:44 [INFO]: [0mGET /css/style.css [36m304[0m 0.183 ms - -[0m
2026-08-01 14:12:44 [INFO]: [0mGET /images/logo/plantora.png [36m304[0m 0.590 ms - -[0m
2026-08-01 14:12:44 [INFO]: [0mGET /js/profile.js [36m304[0m 1.603 ms - -[0m
2026-08-01 14:12:44 [INFO]: [0mGET /css/profile.css [32m200[0m 1.487 ms - -[0m
2026-08-01 14:12:44 [INFO]: [0mGET /images/logo/plantora-orgn-white.png [36m304[0m 2.426 ms - -[0m
2026-08-01 14:12:44 [INFO]: [0mGET /js/header.js [36m304[0m 0.385 ms - -[0m
2026-08-01 14:12:44 [INFO]: [0mGET /js/featured.js [36m304[0m 0.674 ms - -[0m
2026-08-01 14:12:44 [INFO]: [0mGET /js/why-choose.js [36m304[0m 0.246 ms - -[0m
2026-08-01 14:12:44 [INFO]: [0mGET /js/notification.js [36m304[0m 0.458 ms - -[0m
2026-08-01 14:12:44 [INFO]: [0mGET /js/footer.js [36m304[0m 0.925 ms - -[0m
2026-08-01 14:12:44 [INFO]: [0mGET /js/auth.js [36m304[0m 1.119 ms - -[0m
2026-08-01 14:12:44 [INFO]: [0mGET /css/variables.css [36m304[0m 2.028 ms - -[0m
2026-08-01 14:12:44 [INFO]: [0mGET /css/utilities.css [36m304[0m 0.638 ms - -[0m
2026-08-01 14:12:44 [INFO]: [0mGET /css/animations.css [36m304[0m 0.634 ms - -[0m
2026-08-01 14:12:44 [INFO]: [0mGET /css/announcement.css [36m304[0m 0.186 ms - -[0m
2026-08-01 14:12:44 [INFO]: [0mGET /css/header.css [36m304[0m 0.513 ms - -[0m
2026-08-01 14:12:44 [INFO]: [0mGET /css/hero.css [36m304[0m 0.444 ms - -[0m
2026-08-01 14:12:44 [INFO]: [0mGET /css/featured.css [36m304[0m 1.124 ms - -[0m
2026-08-01 14:12:44 [INFO]: [0mGET /css/why-choose.css [36m304[0m 0.737 ms - -[0m
2026-08-01 14:12:44 [INFO]: [0mGET /css/footer.css [36m304[0m 0.794 ms - -[0m
2026-08-01 14:12:44 [INFO]: [0mGET /css/auth.css [36m304[0m 0.174 ms - -[0m
2026-08-01 14:12:44 [INFO]: [0mGET /css/verify.css [36m304[0m 0.315 ms - -[0m
2026-08-01 14:12:44 [INFO]: [0mGET /auth/%7B%20%20publicId:%20'/public/default/profile.png',%20%20url:%20'https://res.cloudinary.com/desmwasfe/image/upload/v1781973939/default-avatar_d6ofmr.png'%7D [33m404[0m 80.463 ms - 241[0m
2026-08-01 14:12:50 [INFO]: [0mGET / [36m304[0m 84.497 ms - -[0m
2026-08-01 14:12:50 [INFO]: [0mGET /css/style.css [36m304[0m 0.497 ms - -[0m
2026-08-01 14:12:50 [INFO]: [0mGET /images/logo/plantora.png [36m304[0m 0.771 ms - -[0m
2026-08-01 14:12:50 [INFO]: [0mGET /images/hero/hero-placeholder.png [36m304[0m 1.217 ms - -[0m
2026-08-01 14:12:50 [INFO]: [0mGET /images/hero/monstera-plant.jpg [36m304[0m 0.923 ms - -[0m
2026-08-01 14:12:50 [INFO]: [0mGET /js/header.js [36m304[0m 0.843 ms - -[0m
2026-08-01 14:12:50 [INFO]: [0mGET /js/featured.js [36m304[0m 0.976 ms - -[0m
2026-08-01 14:12:50 [INFO]: [0mGET /js/why-choose.js [36m304[0m 0.224 ms - -[0m
2026-08-01 14:12:50 [INFO]: [0mGET /js/notification.js [36m304[0m 0.724 ms - -[0m
2026-08-01 14:12:50 [INFO]: [0mGET /js/footer.js [36m304[0m 0.659 ms - -[0m
2026-08-01 14:12:50 [INFO]: [0mGET /js/auth.js [36m304[0m 0.820 ms - -[0m
2026-08-01 14:12:50 [INFO]: [0mGET /images/hero/snake-plant.jpg [36m304[0m 1.087 ms - -[0m
2026-08-01 14:12:50 [INFO]: [0mGET /images/hero/peace-lily.jpg [36m304[0m 0.383 ms - -[0m
2026-08-01 14:12:50 [INFO]: [0mGET /css/variables.css [36m304[0m 0.584 ms - -[0m
2026-08-01 14:12:50 [INFO]: [0mGET /css/utilities.css [36m304[0m 0.600 ms - -[0m
2026-08-01 14:12:50 [INFO]: [0mGET /css/animations.css [36m304[0m 0.640 ms - -[0m
2026-08-01 14:12:50 [INFO]: [0mGET /css/announcement.css [36m304[0m 0.841 ms - -[0m
2026-08-01 14:12:50 [INFO]: [0mGET /css/header.css [36m304[0m 0.974 ms - -[0m
2026-08-01 14:12:50 [INFO]: [0mGET /css/hero.css [36m304[0m 1.215 ms - -[0m
2026-08-01 14:12:50 [INFO]: [0mGET /css/featured.css [36m304[0m 1.428 ms - -[0m
2026-08-01 14:12:50 [INFO]: [0mGET /css/why-choose.css [36m304[0m 1.703 ms - -[0m
2026-08-01 14:12:50 [INFO]: [0mGET /css/footer.css [36m304[0m 1.995 ms - -[0m
2026-08-01 14:12:50 [INFO]: [0mGET /css/auth.css [36m304[0m 0.857 ms - -[0m
2026-08-01 14:12:50 [INFO]: [0mGET /css/verify.css [36m304[0m 0.917 ms - -[0m
2026-08-01 14:12:50 [INFO]: [0mGET /images/hero/tulip-plant.jpg [36m304[0m 1.073 ms - -[0m
2026-08-01 14:12:50 [INFO]: [0mGET /images/hero/rubber-plant.jpg [36m304[0m 0.308 ms - -[0m
2026-08-01 14:12:50 [INFO]: [0mGET /images/hero/aloe-vera.jpg [36m304[0m 0.435 ms - -[0m
2026-08-01 14:12:50 [INFO]: [0mGET /images/hero/areca-palm.jpg [36m304[0m 0.807 ms - -[0m
2026-08-01 14:12:50 [INFO]: [0mGET /images/hero/jade-plant.jpg [36m304[0m 0.811 ms - -[0m
2026-08-01 14:12:50 [INFO]: [0mGET /images/hero/golden-pothos.jpg [36m304[0m 0.616 ms - -[0m
2026-08-01 14:12:50 [INFO]: [0mGET /images/hero/fiddle-leaf-fig.jpg [36m304[0m 0.303 ms - -[0m
2026-08-01 14:12:50 [INFO]: [0mGET /images/hero/why-choose.jpg [36m304[0m 0.541 ms - -[0m
2026-08-01 14:12:50 [INFO]: [0mGET /images/logo/plantora-orgn-white.png [36m304[0m 0.238 ms - -[0m
2026-08-01 14:12:50 [INFO]: [0mGET /%7B%20%20publicId:%20'/public/default/profile.png',%20%20url:%20'https://res.cloudinary.com/desmwasfe/image/upload/v1781973939/default-avatar_d6ofmr.png'%7D [33m404[0m 82.598 ms - 236[0m
2026-08-01 14:12:53 [INFO]: [0mGET /auth/profile [32m200[0m 127.116 ms - -[0m
2026-08-01 14:12:53 [INFO]: [0mGET /css/style.css [36m304[0m 0.146 ms - -[0m
2026-08-01 14:12:53 [INFO]: [0mGET /css/profile.css [36m304[0m 0.373 ms - -[0m
2026-08-01 14:12:53 [INFO]: [0mGET /images/logo/plantora.png [36m304[0m 0.601 ms - -[0m
2026-08-01 14:12:53 [INFO]: [0mGET /js/profile.js [36m304[0m 1.207 ms - -[0m
2026-08-01 14:12:53 [INFO]: [0mGET /images/logo/plantora-orgn-white.png [36m304[0m 1.243 ms - -[0m
2026-08-01 14:12:53 [INFO]: [0mGET /js/header.js [36m304[0m 0.321 ms - -[0m
2026-08-01 14:12:53 [INFO]: [0mGET /js/featured.js [36m304[0m 0.434 ms - -[0m
2026-08-01 14:12:53 [INFO]: [0mGET /js/why-choose.js [36m304[0m 0.581 ms - -[0m
2026-08-01 14:12:53 [INFO]: [0mGET /js/notification.js [36m304[0m 0.694 ms - -[0m
2026-08-01 14:12:53 [INFO]: [0mGET /js/footer.js [36m304[0m 1.569 ms - -[0m
2026-08-01 14:12:53 [INFO]: [0mGET /js/auth.js [36m304[0m 0.576 ms - -[0m
2026-08-01 14:12:53 [INFO]: [0mGET /css/variables.css [36m304[0m 0.790 ms - -[0m
2026-08-01 14:12:53 [INFO]: [0mGET /css/utilities.css [36m304[0m 0.744 ms - -[0m
2026-08-01 14:12:53 [INFO]: [0mGET /css/animations.css [36m304[0m 0.937 ms - -[0m
2026-08-01 14:12:53 [INFO]: [0mGET /css/announcement.css [36m304[0m 1.075 ms - -[0m
2026-08-01 14:12:53 [INFO]: [0mGET /css/header.css [36m304[0m 0.386 ms - -[0m
2026-08-01 14:12:53 [INFO]: [0mGET /css/hero.css [36m304[0m 0.413 ms - -[0m
2026-08-01 14:12:53 [INFO]: [0mGET /css/featured.css [36m304[0m 0.533 ms - -[0m
2026-08-01 14:12:53 [INFO]: [0mGET /css/why-choose.css [36m304[0m 0.710 ms - -[0m
2026-08-01 14:12:53 [INFO]: [0mGET /css/footer.css [36m304[0m 0.847 ms - -[0m
2026-08-01 14:12:53 [INFO]: [0mGET /css/auth.css [36m304[0m 0.169 ms - -[0m
2026-08-01 14:12:53 [INFO]: [0mGET /css/verify.css [36m304[0m 0.260 ms - -[0m
2026-08-01 14:12:53 [INFO]: [0mGET /auth/%7B%20%20publicId:%20'/public/default/profile.png',%20%20url:%20'https://res.cloudinary.com/desmwasfe/image/upload/v1781973939/default-avatar_d6ofmr.png'%7D [33m404[0m 81.772 ms - 241[0m
2026-08-01 14:13:00 [INFO]: [0mPUT /auth/change-password?_method=PUT [36m302[0m 119.154 ms - 259[0m
2026-08-01 14:13:00 [INFO]: [0mGET /auth/profile?type=error&passwordError=New%20password%20must%20be%20at%20least%209%20characters%20long%20and%20contain%20at%20least%20one%20uppercase%20letter%2C%20one%20lowercase%20letter%2C%20and%20one%20special%20character. [36m304[0m 123.161 ms - -[0m
2026-08-01 14:13:00 [INFO]: [0mGET /css/style.css [36m304[0m 0.380 ms - -[0m
2026-08-01 14:13:00 [INFO]: [0mGET /css/profile.css [36m304[0m 1.011 ms - -[0m
2026-08-01 14:13:00 [INFO]: [0mGET /images/logo/plantora.png [36m304[0m 0.648 ms - -[0m
2026-08-01 14:13:00 [INFO]: [0mGET /js/profile.js [36m304[0m 1.084 ms - -[0m
2026-08-01 14:13:00 [INFO]: [0mGET /images/logo/plantora-orgn-white.png [36m304[0m 0.686 ms - -[0m
2026-08-01 14:13:00 [INFO]: [0mGET /js/header.js [36m304[0m 0.533 ms - -[0m
2026-08-01 14:13:00 [INFO]: [0mGET /js/featured.js [36m304[0m 0.815 ms - -[0m
2026-08-01 14:13:00 [INFO]: [0mGET /js/why-choose.js [36m304[0m 0.680 ms - -[0m
2026-08-01 14:13:00 [INFO]: [0mGET /js/notification.js [36m304[0m 0.370 ms - -[0m
2026-08-01 14:13:00 [INFO]: [0mGET /js/footer.js [36m304[0m 0.413 ms - -[0m
2026-08-01 14:13:00 [INFO]: [0mGET /js/auth.js [36m304[0m 0.409 ms - -[0m
2026-08-01 14:13:00 [INFO]: [0mGET /css/utilities.css [36m304[0m 0.186 ms - -[0m
2026-08-01 14:13:00 [INFO]: [0mGET /css/variables.css [36m304[0m 0.515 ms - -[0m
2026-08-01 14:13:00 [INFO]: [0mGET /css/animations.css [36m304[0m 0.513 ms - -[0m
2026-08-01 14:13:00 [INFO]: [0mGET /css/announcement.css [36m304[0m 0.607 ms - -[0m
2026-08-01 14:13:00 [INFO]: [0mGET /css/header.css [36m304[0m 0.618 ms - -[0m
2026-08-01 14:13:00 [INFO]: [0mGET /css/hero.css [36m304[0m 0.512 ms - -[0m
2026-08-01 14:13:00 [INFO]: [0mGET /css/featured.css [36m304[0m 0.650 ms - -[0m
2026-08-01 14:13:00 [INFO]: [0mGET /css/why-choose.css [36m304[0m 0.962 ms - -[0m
2026-08-01 14:13:00 [INFO]: [0mGET /css/footer.css [36m304[0m 0.365 ms - -[0m
2026-08-01 14:13:00 [INFO]: [0mGET /css/auth.css [36m304[0m 0.324 ms - -[0m
2026-08-01 14:13:00 [INFO]: [0mGET /css/verify.css [36m304[0m 0.397 ms - -[0m
2026-08-01 14:13:00 [INFO]: [0mGET /auth/%7B%20%20publicId:%20'/public/default/profile.png',%20%20url:%20'https://res.cloudinary.com/desmwasfe/image/upload/v1781973939/default-avatar_d6ofmr.png'%7D [33m404[0m 80.059 ms - 241[0m
2026-08-01 14:17:36 [INFO]: MongoDB connected successfully.
2026-08-01 14:17:39 [INFO]: Email server connected successfully.
2026-08-01 14:17:39 [INFO]: Server is running on port 5132.
2026-08-01 14:17:40 [INFO]: [0mGET /auth/profile?type=error&passwordError=New%20password%20must%20be%20at%20least%209%20characters%20long%20and%20contain%20at%20least%20one%20uppercase%20letter%2C%20one%20lowercase%20letter%2C%20and%20one%20special%20character. [36m304[0m 176.610 ms - -[0m
2026-08-01 14:17:40 [INFO]: [0mGET /css/style.css [36m304[0m 0.710 ms - -[0m
2026-08-01 14:17:40 [INFO]: [0mGET /css/profile.css [36m304[0m 0.663 ms - -[0m
2026-08-01 14:17:40 [INFO]: [0mGET /images/logo/plantora.png [36m304[0m 0.734 ms - -[0m
2026-08-01 14:17:40 [INFO]: [0mGET /images/logo/plantora-orgn-white.png [36m304[0m 1.632 ms - -[0m
2026-08-01 14:17:40 [INFO]: [0mGET /js/header.js [36m304[0m 2.288 ms - -[0m
2026-08-01 14:17:40 [INFO]: [0mGET /js/featured.js [36m304[0m 2.527 ms - -[0m
2026-08-01 14:17:40 [INFO]: [0mGET /css/variables.css [36m304[0m 3.096 ms - -[0m
2026-08-01 14:17:40 [INFO]: [0mGET /css/utilities.css [36m304[0m 1.110 ms - -[0m
2026-08-01 14:17:40 [INFO]: [0mGET /js/profile.js [32m200[0m 6.313 ms - -[0m
2026-08-01 14:17:40 [INFO]: [0mGET /css/animations.css [36m304[0m 2.991 ms - -[0m
2026-08-01 14:17:40 [INFO]: [0mGET /css/announcement.css [36m304[0m 3.236 ms - -[0m
2026-08-01 14:17:40 [INFO]: [0mGET /css/header.css [36m304[0m 3.213 ms - -[0m
2026-08-01 14:17:40 [INFO]: [0mGET /css/hero.css [36m304[0m 1.112 ms - -[0m
2026-08-01 14:17:40 [INFO]: [0mGET /css/featured.css [36m304[0m 1.285 ms - -[0m
2026-08-01 14:17:40 [INFO]: [0mGET /css/why-choose.css [36m304[0m 1.619 ms - -[0m
2026-08-01 14:17:40 [INFO]: [0mGET /css/footer.css [36m304[0m 2.008 ms - -[0m
2026-08-01 14:17:40 [INFO]: [0mGET /css/auth.css [36m304[0m 2.329 ms - -[0m
2026-08-01 14:17:40 [INFO]: [0mGET /css/verify.css [36m304[0m 0.513 ms - -[0m
2026-08-01 14:17:40 [INFO]: [0mGET /js/why-choose.js [36m304[0m 0.766 ms - -[0m
2026-08-01 14:17:40 [INFO]: [0mGET /js/notification.js [36m304[0m 1.135 ms - -[0m
2026-08-01 14:17:40 [INFO]: [0mGET /js/footer.js [36m304[0m 1.794 ms - -[0m
2026-08-01 14:17:40 [INFO]: [0mGET /js/auth.js [36m304[0m 0.744 ms - -[0m
2026-08-01 14:17:40 [INFO]: [0mGET /auth/%7B%20%20publicId:%20'/public/default/profile.png',%20%20url:%20'https://res.cloudinary.com/desmwasfe/image/upload/v1781973939/default-avatar_d6ofmr.png'%7D [33m404[0m 77.915 ms - 241[0m
2026-08-01 14:17:45 [INFO]: [0mGET /auth/profile?type=error&passwordError=New%20password%20must%20be%20at%20least%209%20characters%20long%20and%20contain%20at%20least%20one%20uppercase%20letter%2C%20one%20lowercase%20letter%2C%20and%20one%20special%20character. [36m304[0m 142.296 ms - -[0m
2026-08-01 14:17:45 [INFO]: [0mGET /css/style.css [36m304[0m 0.547 ms - -[0m
2026-08-01 14:17:45 [INFO]: [0mGET /css/profile.css [36m304[0m 0.809 ms - -[0m
2026-08-01 14:17:45 [INFO]: [0mGET /images/logo/plantora.png [36m304[0m 1.196 ms - -[0m
2026-08-01 14:17:45 [INFO]: [0mGET /js/profile.js [36m304[0m 0.757 ms - -[0m
2026-08-01 14:17:45 [INFO]: [0mGET /images/logo/plantora-orgn-white.png [36m304[0m 1.360 ms - -[0m
2026-08-01 14:17:45 [INFO]: [0mGET /js/header.js [36m304[0m 1.030 ms - -[0m
2026-08-01 14:17:45 [INFO]: [0mGET /js/featured.js [36m304[0m 1.401 ms - -[0m
2026-08-01 14:17:45 [INFO]: [0mGET /css/variables.css [36m304[0m 1.139 ms - -[0m
2026-08-01 14:17:45 [INFO]: [0mGET /css/utilities.css [36m304[0m 1.280 ms - -[0m
2026-08-01 14:17:45 [INFO]: [0mGET /css/animations.css [36m304[0m 0.476 ms - -[0m
2026-08-01 14:17:45 [INFO]: [0mGET /css/announcement.css [36m304[0m 0.542 ms - -[0m
2026-08-01 14:17:45 [INFO]: [0mGET /css/header.css [36m304[0m 0.870 ms - -[0m
2026-08-01 14:17:45 [INFO]: [0mGET /css/hero.css [36m304[0m 0.473 ms - -[0m
2026-08-01 14:17:45 [INFO]: [0mGET /css/featured.css [36m304[0m 0.975 ms - -[0m
2026-08-01 14:17:45 [INFO]: [0mGET /css/why-choose.css [36m304[0m 0.570 ms - -[0m
2026-08-01 14:17:45 [INFO]: [0mGET /css/footer.css [36m304[0m 0.770 ms - -[0m
2026-08-01 14:17:45 [INFO]: [0mGET /css/auth.css [36m304[0m 0.225 ms - -[0m
2026-08-01 14:17:45 [INFO]: [0mGET /css/verify.css [36m304[0m 0.642 ms - -[0m
2026-08-01 14:17:45 [INFO]: [0mGET /js/why-choose.js [36m304[0m 1.332 ms - -[0m
2026-08-01 14:17:45 [INFO]: [0mGET /js/notification.js [36m304[0m 0.887 ms - -[0m
2026-08-01 14:17:45 [INFO]: [0mGET /js/footer.js [36m304[0m 0.940 ms - -[0m
2026-08-01 14:17:45 [INFO]: [0mGET /js/auth.js [36m304[0m 1.062 ms - -[0m
2026-08-01 14:17:45 [INFO]: [0mGET /auth/%7B%20%20publicId:%20'/public/default/profile.png',%20%20url:%20'https://res.cloudinary.com/desmwasfe/image/upload/v1781973939/default-avatar_d6ofmr.png'%7D [33m404[0m 84.115 ms - 241[0m
2026-08-01 14:18:06 [INFO]: MongoDB connected successfully.
2026-08-01 14:18:09 [INFO]: Email server connected successfully.
2026-08-01 14:18:09 [INFO]: Server is running on port 5132.
2026-08-01 14:18:17 [INFO]: [0mGET /auth/profile?type=error&passwordError=New%20password%20must%20be%20at%20least%209%20characters%20long%20and%20contain%20at%20least%20one%20uppercase%20letter%2C%20one%20lowercase%20letter%2C%20and%20one%20special%20character. [32m200[0m 166.596 ms - -[0m
2026-08-01 14:18:17 [INFO]: [0mGET /css/style.css [36m304[0m 2.181 ms - -[0m
2026-08-01 14:18:17 [INFO]: [0mGET /css/profile.css [36m304[0m 2.716 ms - -[0m
2026-08-01 14:18:17 [INFO]: [0mGET /images/logo/plantora.png [36m304[0m 0.924 ms - -[0m
2026-08-01 14:18:17 [INFO]: [0mGET /js/profile.js [36m304[0m 2.241 ms - -[0m
2026-08-01 14:18:17 [INFO]: [0mGET /images/logo/plantora-orgn-white.png [36m304[0m 2.294 ms - -[0m
2026-08-01 14:18:17 [INFO]: [0mGET /js/header.js [36m304[0m 1.976 ms - -[0m
2026-08-01 14:18:17 [INFO]: [0mGET /css/variables.css [36m304[0m 1.746 ms - -[0m
2026-08-01 14:18:17 [INFO]: [0mGET /css/utilities.css [36m304[0m 1.073 ms - -[0m
2026-08-01 14:18:17 [INFO]: [0mGET /css/animations.css [36m304[0m 0.502 ms - -[0m
2026-08-01 14:18:17 [INFO]: [0mGET /css/announcement.css [36m304[0m 0.590 ms - -[0m
2026-08-01 14:18:17 [INFO]: [0mGET /css/header.css [36m304[0m 0.952 ms - -[0m
2026-08-01 14:18:17 [INFO]: [0mGET /css/hero.css [36m304[0m 0.474 ms - -[0m
2026-08-01 14:18:17 [INFO]: [0mGET /css/featured.css [36m304[0m 1.054 ms - -[0m
2026-08-01 14:18:17 [INFO]: [0mGET /css/why-choose.css [36m304[0m 0.712 ms - -[0m
2026-08-01 14:18:17 [INFO]: [0mGET /css/footer.css [36m304[0m 0.747 ms - -[0m
2026-08-01 14:18:17 [INFO]: [0mGET /css/auth.css [36m304[0m 0.231 ms - -[0m
2026-08-01 14:18:17 [INFO]: [0mGET /css/verify.css [36m304[0m 0.330 ms - -[0m
2026-08-01 14:18:17 [INFO]: [0mGET /js/featured.js [36m304[0m 0.489 ms - -[0m
2026-08-01 14:18:17 [INFO]: [0mGET /js/why-choose.js [36m304[0m 0.541 ms - -[0m
2026-08-01 14:18:17 [INFO]: [0mGET /js/notification.js [36m304[0m 1.090 ms - -[0m
2026-08-01 14:18:17 [INFO]: [0mGET /js/footer.js [36m304[0m 0.679 ms - -[0m
2026-08-01 14:18:17 [INFO]: [0mGET /js/auth.js [36m304[0m 0.707 ms - -[0m
2026-08-01 14:18:17 [INFO]: [0mGET /auth/%7B%20%20publicId:%20'/public/default/profile.png',%20%20url:%20'https://res.cloudinary.com/desmwasfe/image/upload/v1781973939/default-avatar_d6ofmr.png'%7D [33m404[0m 83.521 ms - 241[0m
2026-08-01 14:19:07 [INFO]: [0mGET /notifications/latest [36m304[0m 147.240 ms - -[0m
2026-08-01 14:23:48 [INFO]: MongoDB connected successfully.
2026-08-01 14:23:51 [INFO]: Email server connected successfully.
2026-08-01 14:23:51 [INFO]: Server is running on port 5132.
2026-08-01 14:23:53 [INFO]: [0mGET /auth/profile?type=error&passwordError=New%20password%20must%20be%20at%20least%209%20characters%20long%20and%20contain%20at%20least%20one%20uppercase%20letter%2C%20one%20lowercase%20letter%2C%20and%20one%20special%20character. [36m304[0m 162.896 ms - -[0m
2026-08-01 14:23:53 [INFO]: [0mGET /css/style.css [36m304[0m 0.901 ms - -[0m
2026-08-01 14:23:53 [INFO]: [0mGET /images/logo/plantora.png [36m304[0m 1.522 ms - -[0m
2026-08-01 14:23:53 [INFO]: [0mGET /images/logo/plantora-orgn-white.png [36m304[0m 1.833 ms - -[0m
2026-08-01 14:23:53 [INFO]: [0mGET /js/header.js [36m304[0m 1.710 ms - -[0m
2026-08-01 14:23:53 [INFO]: [0mGET /css/profile.css [32m200[0m 5.046 ms - -[0m
2026-08-01 14:23:53 [INFO]: [0mGET /js/featured.js [36m304[0m 1.181 ms - -[0m
2026-08-01 14:23:53 [INFO]: [0mGET /css/variables.css [36m304[0m 1.324 ms - -[0m
2026-08-01 14:23:53 [INFO]: [0mGET /css/utilities.css [36m304[0m 1.744 ms - -[0m
2026-08-01 14:23:53 [INFO]: [0mGET /css/animations.css [36m304[0m 0.527 ms - -[0m
2026-08-01 14:23:53 [INFO]: [0mGET /js/profile.js [32m200[0m 6.851 ms - -[0m
2026-08-01 14:23:53 [INFO]: [0mGET /css/announcement.css [36m304[0m 0.964 ms - -[0m
2026-08-01 14:23:53 [INFO]: [0mGET /css/header.css [36m304[0m 1.125 ms - -[0m
2026-08-01 14:23:53 [INFO]: [0mGET /css/hero.css [36m304[0m 1.158 ms - -[0m
2026-08-01 14:23:53 [INFO]: [0mGET /css/featured.css [36m304[0m 0.211 ms - -[0m
2026-08-01 14:23:53 [INFO]: [0mGET /css/why-choose.css [36m304[0m 0.378 ms - -[0m
2026-08-01 14:23:53 [INFO]: [0mGET /css/footer.css [36m304[0m 0.515 ms - -[0m
2026-08-01 14:23:53 [INFO]: [0mGET /css/auth.css [36m304[0m 0.637 ms - -[0m
2026-08-01 14:23:53 [INFO]: [0mGET /css/verify.css [36m304[0m 0.784 ms - -[0m
2026-08-01 14:23:53 [INFO]: [0mGET /js/why-choose.js [36m304[0m 0.208 ms - -[0m
2026-08-01 14:23:53 [INFO]: [0mGET /js/notification.js [36m304[0m 0.639 ms - -[0m
2026-08-01 14:23:53 [INFO]: [0mGET /js/footer.js [36m304[0m 0.570 ms - -[0m
2026-08-01 14:23:53 [INFO]: [0mGET /js/auth.js [36m304[0m 0.166 ms - -[0m
2026-08-01 14:23:53 [INFO]: [0mGET /auth/%7B%20%20publicId:%20'/public/default/profile.png',%20%20url:%20'https://res.cloudinary.com/desmwasfe/image/upload/v1781973939/default-avatar_d6ofmr.png'%7D [33m404[0m 112.770 ms - 241[0m
2026-08-01 14:25:39 [INFO]: MongoDB connected successfully.
2026-08-01 14:25:41 [INFO]: Email server connected successfully.
2026-08-01 14:25:41 [INFO]: Server is running on port 5132.
2026-08-01 14:25:42 [INFO]: [0mGET /auth/profile?type=error&passwordError=New%20password%20must%20be%20at%20least%209%20characters%20long%20and%20contain%20at%20least%20one%20uppercase%20letter%2C%20one%20lowercase%20letter%2C%20and%20one%20special%20character. [33m401[0m 3.069 ms - 55[0m
2026-08-01 14:25:48 [INFO]: [0mGET /auth/profile?type=error&passwordError=New%20password%20must%20be%20at%20least%209%20characters%20long%20and%20contain%20at%20least%20one%20uppercase%20letter%2C%20one%20lowercase%20letter%2C%20and%20one%20special%20character. [33m401[0m 0.729 ms - 55[0m
2026-08-01 14:25:53 [INFO]: [0mGET / [32m200[0m 12.824 ms - -[0m
2026-08-01 14:25:53 [INFO]: [0mGET /css/style.css [36m304[0m 1.451 ms - -[0m
2026-08-01 14:25:53 [INFO]: [0mGET /images/logo/plantora.png [36m304[0m 0.322 ms - -[0m
2026-08-01 14:25:53 [INFO]: [0mGET /images/hero/hero-placeholder.png [36m304[0m 1.071 ms - -[0m
2026-08-01 14:25:53 [INFO]: [0mGET /images/hero/monstera-plant.jpg [36m304[0m 0.983 ms - -[0m
2026-08-01 14:25:53 [INFO]: [0mGET /js/header.js [36m304[0m 1.577 ms - -[0m
2026-08-01 14:25:53 [INFO]: [0mGET /images/hero/snake-plant.jpg [36m304[0m 1.966 ms - -[0m
2026-08-01 14:25:53 [INFO]: [0mGET /images/hero/peace-lily.jpg [36m304[0m 2.329 ms - -[0m
2026-08-01 14:25:53 [INFO]: [0mGET /js/featured.js [36m304[0m 0.926 ms - -[0m
2026-08-01 14:25:53 [INFO]: [0mGET /js/why-choose.js [36m304[0m 1.486 ms - -[0m
2026-08-01 14:25:53 [INFO]: [0mGET /js/notification.js [36m304[0m 0.719 ms - -[0m
2026-08-01 14:25:53 [INFO]: [0mGET /js/footer.js [36m304[0m 0.963 ms - -[0m
2026-08-01 14:25:53 [INFO]: [0mGET /js/auth.js [36m304[0m 1.374 ms - -[0m
2026-08-01 14:25:53 [INFO]: [0mGET /images/hero/tulip-plant.jpg [36m304[0m 2.108 ms - -[0m
2026-08-01 14:25:53 [INFO]: [0mGET /images/hero/rubber-plant.jpg [36m304[0m 0.950 ms - -[0m
2026-08-01 14:25:53 [INFO]: [0mGET /images/hero/aloe-vera.jpg [36m304[0m 1.150 ms - -[0m
2026-08-01 14:25:53 [INFO]: [0mGET /images/hero/areca-palm.jpg [36m304[0m 0.755 ms - -[0m
2026-08-01 14:25:53 [INFO]: [0mGET /images/hero/jade-plant.jpg [36m304[0m 0.703 ms - -[0m
2026-08-01 14:25:53 [INFO]: [0mGET /images/hero/golden-pothos.jpg [36m304[0m 1.504 ms - -[0m
2026-08-01 14:25:53 [INFO]: [0mGET /images/hero/fiddle-leaf-fig.jpg [36m304[0m 0.963 ms - -[0m
2026-08-01 14:25:53 [INFO]: [0mGET /images/hero/why-choose.jpg [36m304[0m 1.025 ms - -[0m
2026-08-01 14:25:53 [INFO]: [0mGET /images/logo/plantora-orgn-white.png [36m304[0m 1.615 ms - -[0m
2026-08-01 14:25:53 [INFO]: [0mGET /css/variables.css [36m304[0m 1.079 ms - -[0m
2026-08-01 14:25:53 [INFO]: [0mGET /css/utilities.css [36m304[0m 1.355 ms - -[0m
2026-08-01 14:25:53 [INFO]: [0mGET /css/animations.css [36m304[0m 1.995 ms - -[0m
2026-08-01 14:25:53 [INFO]: [0mGET /css/announcement.css [36m304[0m 2.684 ms - -[0m
2026-08-01 14:25:53 [INFO]: [0mGET /css/header.css [36m304[0m 3.118 ms - -[0m
2026-08-01 14:25:53 [INFO]: [0mGET /css/hero.css [36m304[0m 3.676 ms - -[0m
2026-08-01 14:25:53 [INFO]: [0mGET /css/featured.css [36m304[0m 1.690 ms - -[0m
2026-08-01 14:25:53 [INFO]: [0mGET /css/why-choose.css [36m304[0m 1.733 ms - -[0m
2026-08-01 14:25:53 [INFO]: [0mGET /css/footer.css [36m304[0m 1.726 ms - -[0m
2026-08-01 14:25:53 [INFO]: [0mGET /css/auth.css [36m304[0m 1.831 ms - -[0m
2026-08-01 14:25:53 [INFO]: [0mGET /css/verify.css [36m304[0m 1.721 ms - -[0m
2026-08-01 14:25:56 [INFO]: Login successful : customer_0004@yopmail.com
2026-08-01 14:25:56 [INFO]: [0mPOST /auth/login [32m200[0m 502.883 ms - 46[0m
2026-08-01 14:25:57 [INFO]: [0mGET / [32m200[0m 83.567 ms - -[0m
2026-08-01 14:25:57 [INFO]: [0mGET /css/style.css [36m304[0m 0.225 ms - -[0m
2026-08-01 14:25:57 [INFO]: [0mGET /images/logo/plantora.png [36m304[0m 0.303 ms - -[0m
2026-08-01 14:25:57 [INFO]: [0mGET /images/hero/hero-placeholder.png [36m304[0m 0.571 ms - -[0m
2026-08-01 14:25:57 [INFO]: [0mGET /images/hero/monstera-plant.jpg [36m304[0m 0.697 ms - -[0m
2026-08-01 14:25:57 [INFO]: [0mGET /js/header.js [36m304[0m 0.788 ms - -[0m
2026-08-01 14:25:57 [INFO]: [0mGET /js/featured.js [36m304[0m 0.956 ms - -[0m
2026-08-01 14:25:57 [INFO]: [0mGET /js/why-choose.js [36m304[0m 0.132 ms - -[0m
2026-08-01 14:25:57 [INFO]: [0mGET /js/notification.js [36m304[0m 0.606 ms - -[0m
2026-08-01 14:25:57 [INFO]: [0mGET /js/footer.js [36m304[0m 1.002 ms - -[0m
2026-08-01 14:25:57 [INFO]: [0mGET /js/auth.js [36m304[0m 1.117 ms - -[0m
2026-08-01 14:25:57 [INFO]: [0mGET /images/hero/snake-plant.jpg [36m304[0m 1.374 ms - -[0m
2026-08-01 14:25:57 [INFO]: [0mGET /images/hero/peace-lily.jpg [36m304[0m 0.180 ms - -[0m
2026-08-01 14:25:57 [INFO]: [0mGET /images/hero/tulip-plant.jpg [36m304[0m 0.557 ms - -[0m
2026-08-01 14:25:57 [INFO]: [0mGET /images/hero/rubber-plant.jpg [36m304[0m 0.569 ms - -[0m
2026-08-01 14:25:57 [INFO]: [0mGET /images/hero/aloe-vera.jpg [36m304[0m 0.783 ms - -[0m
2026-08-01 14:25:57 [INFO]: [0mGET /images/hero/areca-palm.jpg [36m304[0m 0.968 ms - -[0m
2026-08-01 14:25:57 [INFO]: [0mGET /images/hero/jade-plant.jpg [36m304[0m 0.303 ms - -[0m
2026-08-01 14:25:57 [INFO]: [0mGET /images/hero/golden-pothos.jpg [36m304[0m 0.495 ms - -[0m
2026-08-01 14:25:57 [INFO]: [0mGET /images/hero/fiddle-leaf-fig.jpg [36m304[0m 0.876 ms - -[0m
2026-08-01 14:25:57 [INFO]: [0mGET /images/hero/why-choose.jpg [36m304[0m 0.386 ms - -[0m
2026-08-01 14:25:57 [INFO]: [0mGET /images/logo/plantora-orgn-white.png [36m304[0m 1.915 ms - -[0m
2026-08-01 14:25:57 [INFO]: [0mGET /css/variables.css [36m304[0m 1.016 ms - -[0m
2026-08-01 14:25:57 [INFO]: [0mGET /css/utilities.css [36m304[0m 1.137 ms - -[0m
2026-08-01 14:25:57 [INFO]: [0mGET /css/animations.css [36m304[0m 1.109 ms - -[0m
2026-08-01 14:25:57 [INFO]: [0mGET /css/announcement.css [36m304[0m 0.132 ms - -[0m
2026-08-01 14:25:57 [INFO]: [0mGET /css/header.css [36m304[0m 0.363 ms - -[0m
2026-08-01 14:25:57 [INFO]: [0mGET /css/hero.css [36m304[0m 0.486 ms - -[0m
2026-08-01 14:25:57 [INFO]: [0mGET /css/featured.css [36m304[0m 0.785 ms - -[0m
2026-08-01 14:25:57 [INFO]: [0mGET /css/why-choose.css [36m304[0m 0.331 ms - -[0m
2026-08-01 14:25:57 [INFO]: [0mGET /css/footer.css [36m304[0m 1.094 ms - -[0m
2026-08-01 14:25:57 [INFO]: [0mGET /css/auth.css [36m304[0m 1.046 ms - -[0m
2026-08-01 14:25:57 [INFO]: [0mGET /css/verify.css [36m304[0m 1.233 ms - -[0m
2026-08-01 14:25:57 [INFO]: [0mGET /%7B%20%20publicId:%20'/public/default/profile.png',%20%20url:%20'https://res.cloudinary.com/desmwasfe/image/upload/v1781973939/default-avatar_d6ofmr.png'%7D [33m404[0m 79.935 ms - 236[0m
2026-08-01 14:26:00 [ERROR]: Show admin order details failed: req.flash is not a function
2026-08-01 14:26:00 [ERROR]: TypeError: req.flash is not a function
    at showOrdersPage (E:\Webskitters_Academy\NODE JS\final_project_node\plantora_final_project_node_ejs\app\controllers\OrderController.js:619:11)
    at Layer.handleRequest (E:\Webskitters_Academy\NODE JS\final_project_node\plantora_final_project_node_ejs\node_modules\router\lib\layer.js:152:17)
    at next (E:\Webskitters_Academy\NODE JS\final_project_node\plantora_final_project_node_ejs\node_modules\router\lib\route.js:157:13)
    at E:\Webskitters_Academy\NODE JS\final_project_node\plantora_final_project_node_ejs\app\middlewares\authorizeRoles.js:23:12
    at Layer.handleRequest (E:\Webskitters_Academy\NODE JS\final_project_node\plantora_final_project_node_ejs\node_modules\router\lib\layer.js:152:17)
    at next (E:\Webskitters_Academy\NODE JS\final_project_node\plantora_final_project_node_ejs\node_modules\router\lib\route.js:157:13)
    at authMiddleware (E:\Webskitters_Academy\NODE JS\final_project_node\plantora_final_project_node_ejs\app\middlewares\authMiddleware.js:71:12)
    at process.processTicksAndRejections (node:internal/process/task_queues:103:5)
2026-08-01 14:26:00 [INFO]: [0mGET /orders [31m500[0m 113.315 ms - 79[0m
2026-08-01 14:26:05 [INFO]: [0mGET /auth/profile [32m200[0m 142.342 ms - -[0m
2026-08-01 14:26:05 [INFO]: [0mGET /css/style.css [36m304[0m 0.288 ms - -[0m
2026-08-01 14:26:05 [INFO]: [0mGET /css/profile.css [36m304[0m 0.501 ms - -[0m
2026-08-01 14:26:05 [INFO]: [0mGET /images/logo/plantora.png [36m304[0m 0.381 ms - -[0m
2026-08-01 14:26:05 [INFO]: [0mGET /images/logo/plantora-orgn-white.png [36m304[0m 1.807 ms - -[0m
2026-08-01 14:26:05 [INFO]: [0mGET /js/header.js [36m304[0m 1.282 ms - -[0m
2026-08-01 14:26:05 [INFO]: [0mGET /js/featured.js [36m304[0m 0.751 ms - -[0m
2026-08-01 14:26:05 [INFO]: [0mGET /js/why-choose.js [36m304[0m 0.906 ms - -[0m
2026-08-01 14:26:05 [INFO]: [0mGET /css/variables.css [36m304[0m 1.111 ms - -[0m
2026-08-01 14:26:05 [INFO]: [0mGET /css/utilities.css [36m304[0m 1.566 ms - -[0m
2026-08-01 14:26:05 [INFO]: [0mGET /css/animations.css [36m304[0m 0.263 ms - -[0m
2026-08-01 14:26:05 [INFO]: [0mGET /js/profile.js [32m200[0m 4.401 ms - -[0m
2026-08-01 14:26:05 [INFO]: [0mGET /css/announcement.css [36m304[0m 1.574 ms - -[0m
2026-08-01 14:26:05 [INFO]: [0mGET /css/header.css [36m304[0m 1.580 ms - -[0m
2026-08-01 14:26:05 [INFO]: [0mGET /css/hero.css [36m304[0m 1.647 ms - -[0m
2026-08-01 14:26:05 [INFO]: [0mGET /css/featured.css [36m304[0m 0.519 ms - -[0m
2026-08-01 14:26:05 [INFO]: [0mGET /css/why-choose.css [36m304[0m 0.546 ms - -[0m
2026-08-01 14:26:05 [INFO]: [0mGET /css/footer.css [36m304[0m 0.560 ms - -[0m
2026-08-01 14:26:05 [INFO]: [0mGET /css/auth.css [36m304[0m 0.745 ms - -[0m
2026-08-01 14:26:05 [INFO]: [0mGET /css/verify.css [36m304[0m 1.120 ms - -[0m
2026-08-01 14:26:05 [INFO]: [0mGET /js/notification.js [36m304[0m 0.840 ms - -[0m
2026-08-01 14:26:05 [INFO]: [0mGET /js/footer.js [36m304[0m 0.667 ms - -[0m
2026-08-01 14:26:05 [INFO]: [0mGET /js/auth.js [36m304[0m 0.754 ms - -[0m
2026-08-01 14:26:05 [INFO]: [0mGET /auth/%7B%20%20publicId:%20'/public/default/profile.png',%20%20url:%20'https://res.cloudinary.com/desmwasfe/image/upload/v1781973939/default-avatar_d6ofmr.png'%7D [33m404[0m 100.733 ms - 241[0m
2026-08-01 14:26:17 [INFO]: [0mPUT /auth/change-password?_method=PUT [36m302[0m 115.289 ms - 259[0m
2026-08-01 14:26:17 [INFO]: [0mGET /auth/profile?type=error&passwordError=New%20password%20must%20be%20at%20least%209%20characters%20long%20and%20contain%20at%20least%20one%20uppercase%20letter%2C%20one%20lowercase%20letter%2C%20and%20one%20special%20character. [36m304[0m 118.524 ms - -[0m
2026-08-01 14:26:17 [INFO]: [0mGET /css/style.css [36m304[0m 0.175 ms - -[0m
2026-08-01 14:26:17 [INFO]: [0mGET /css/profile.css [36m304[0m 0.349 ms - -[0m
2026-08-01 14:26:17 [INFO]: [0mGET /images/logo/plantora.png [36m304[0m 0.244 ms - -[0m
2026-08-01 14:26:17 [INFO]: [0mGET /js/profile.js [36m304[0m 0.524 ms - -[0m
2026-08-01 14:26:17 [INFO]: [0mGET /images/logo/plantora-orgn-white.png [36m304[0m 0.558 ms - -[0m
2026-08-01 14:26:17 [INFO]: [0mGET /js/featured.js [36m304[0m 0.948 ms - -[0m
2026-08-01 14:26:17 [INFO]: [0mGET /js/header.js [36m304[0m 1.414 ms - -[0m
2026-08-01 14:26:17 [INFO]: [0mGET /js/why-choose.js [36m304[0m 0.434 ms - -[0m
2026-08-01 14:26:17 [INFO]: [0mGET /js/notification.js [36m304[0m 0.236 ms - -[0m
2026-08-01 14:26:17 [INFO]: [0mGET /js/footer.js [36m304[0m 0.436 ms - -[0m
2026-08-01 14:26:17 [INFO]: [0mGET /js/auth.js [36m304[0m 0.903 ms - -[0m
2026-08-01 14:26:17 [INFO]: [0mGET /css/variables.css [36m304[0m 0.560 ms - -[0m
2026-08-01 14:26:17 [INFO]: [0mGET /css/utilities.css [36m304[0m 0.654 ms - -[0m
2026-08-01 14:26:17 [INFO]: [0mGET /css/animations.css [36m304[0m 0.854 ms - -[0m
2026-08-01 14:26:17 [INFO]: [0mGET /css/announcement.css [36m304[0m 1.034 ms - -[0m
2026-08-01 14:26:17 [INFO]: [0mGET /css/header.css [36m304[0m 0.363 ms - -[0m
2026-08-01 14:26:17 [INFO]: [0mGET /css/hero.css [36m304[0m 0.462 ms - -[0m
2026-08-01 14:26:17 [INFO]: [0mGET /css/featured.css [36m304[0m 0.630 ms - -[0m
2026-08-01 14:26:17 [INFO]: [0mGET /css/why-choose.css [36m304[0m 0.777 ms - -[0m
2026-08-01 14:26:17 [INFO]: [0mGET /css/footer.css [36m304[0m 0.906 ms - -[0m
2026-08-01 14:26:17 [INFO]: [0mGET /css/auth.css [36m304[0m 0.252 ms - -[0m
2026-08-01 14:26:17 [INFO]: [0mGET /css/verify.css [36m304[0m 0.324 ms - -[0m
2026-08-01 14:26:17 [INFO]: [0mGET /auth/%7B%20%20publicId:%20'/public/default/profile.png',%20%20url:%20'https://res.cloudinary.com/desmwasfe/image/upload/v1781973939/default-avatar_d6ofmr.png'%7D [33m404[0m 78.703 ms - 241[0m
2026-08-01 14:29:41 [INFO]: [0mGET /auth/profile [36m304[0m 118.921 ms - -[0m
2026-08-01 14:29:42 [INFO]: [0mGET /css/style.css [36m304[0m 2.004 ms - -[0m
2026-08-01 14:29:42 [INFO]: [0mGET /images/logo/plantora.png [36m304[0m 1.466 ms - -[0m
2026-08-01 14:29:42 [INFO]: [0mGET /css/profile.css [32m200[0m 4.688 ms - -[0m
2026-08-01 14:29:42 [INFO]: [0mGET /images/logo/plantora-orgn-white.png [36m304[0m 2.078 ms - -[0m
2026-08-01 14:29:42 [INFO]: [0mGET /js/header.js [36m304[0m 0.715 ms - -[0m
2026-08-01 14:29:42 [INFO]: [0mGET /js/featured.js [36m304[0m 1.024 ms - -[0m
2026-08-01 14:29:42 [INFO]: [0mGET /js/profile.js [32m200[0m 4.011 ms - -[0m
2026-08-01 14:29:42 [INFO]: [0mGET /css/variables.css [36m304[0m 0.779 ms - -[0m
2026-08-01 14:29:42 [INFO]: [0mGET /css/utilities.css [36m304[0m 0.601 ms - -[0m
2026-08-01 14:29:42 [INFO]: [0mGET /css/animations.css [36m304[0m 1.657 ms - -[0m
2026-08-01 14:29:42 [INFO]: [0mGET /css/announcement.css [36m304[0m 1.172 ms - -[0m
2026-08-01 14:29:42 [INFO]: [0mGET /css/header.css [36m304[0m 1.482 ms - -[0m
2026-08-01 14:29:42 [INFO]: [0mGET /css/hero.css [36m304[0m 1.899 ms - -[0m
2026-08-01 14:29:42 [INFO]: [0mGET /css/featured.css [36m304[0m 0.909 ms - -[0m
2026-08-01 14:29:42 [INFO]: [0mGET /css/why-choose.css [36m304[0m 0.827 ms - -[0m
2026-08-01 14:29:42 [INFO]: [0mGET /css/footer.css [36m304[0m 0.995 ms - -[0m
2026-08-01 14:29:42 [INFO]: [0mGET /css/auth.css [36m304[0m 1.133 ms - -[0m
2026-08-01 14:29:42 [INFO]: [0mGET /css/verify.css [36m304[0m 1.354 ms - -[0m
2026-08-01 14:29:42 [INFO]: [0mGET /js/why-choose.js [36m304[0m 0.524 ms - -[0m
2026-08-01 14:29:42 [INFO]: [0mGET /js/notification.js [36m304[0m 0.630 ms - -[0m
2026-08-01 14:29:42 [INFO]: [0mGET /js/footer.js [36m304[0m 0.393 ms - -[0m
2026-08-01 14:29:42 [INFO]: [0mGET /js/auth.js [36m304[0m 0.625 ms - -[0m
2026-08-01 14:29:42 [INFO]: [0mGET /auth/%7B%20%20publicId:%20'[object%20Object]/806f7e1b-c6ad-4a82-902e-d9cbb7c62dd6_irccnv',%20%20url:%20'https://res.cloudinary.com/desmwasfe/image/upload/v1785570707/%5Bobject%20Object%5D/806f7e1b-c6ad-4a82-902e-d9cbb7c62dd6_irccnv.jpg'%7D [33m404[0m 77.917 ms - 319[0m
2026-08-01 14:41:10 [INFO]: [0mGET /auth/profile?type=error&passwordError=New%20password%20must%20be%20at%20least%209%20characters%20long%20and%20contain%20at%20least%20one%20uppercase%20letter%2C%20one%20lowercase%20letter%2C%20and%20one%20special%20character. [32m200[0m 123.988 ms - -[0m
2026-08-01 14:41:10 [INFO]: [0mGET /css/style.css [36m304[0m 0.342 ms - -[0m
2026-08-01 14:41:10 [INFO]: [0mGET /css/profile.css [36m304[0m 0.609 ms - -[0m
2026-08-01 14:41:10 [INFO]: [0mGET /images/logo/plantora.png [36m304[0m 0.203 ms - -[0m
2026-08-01 14:41:10 [INFO]: [0mGET /js/profile.js [36m304[0m 0.748 ms - -[0m
2026-08-01 14:41:10 [INFO]: [0mGET /images/logo/plantora-orgn-white.png [36m304[0m 1.166 ms - -[0m
2026-08-01 14:41:10 [INFO]: [0mGET /js/header.js [36m304[0m 0.383 ms - -[0m
2026-08-01 14:41:10 [INFO]: [0mGET /js/featured.js [36m304[0m 0.162 ms - -[0m
2026-08-01 14:41:10 [INFO]: [0mGET /js/why-choose.js [36m304[0m 0.120 ms - -[0m
2026-08-01 14:41:10 [INFO]: [0mGET /js/notification.js [36m304[0m 0.283 ms - -[0m
2026-08-01 14:41:10 [INFO]: [0mGET /js/footer.js [36m304[0m 0.435 ms - -[0m
2026-08-01 14:41:10 [INFO]: [0mGET /js/auth.js [36m304[0m 0.536 ms - -[0m
2026-08-01 14:41:10 [INFO]: [0mGET /css/variables.css [36m304[0m 0.375 ms - -[0m
2026-08-01 14:41:10 [INFO]: [0mGET /css/utilities.css [36m304[0m 0.532 ms - -[0m
2026-08-01 14:41:10 [INFO]: [0mGET /css/animations.css [36m304[0m 0.844 ms - -[0m
2026-08-01 14:41:10 [INFO]: [0mGET /css/announcement.css [36m304[0m 1.084 ms - -[0m
2026-08-01 14:41:10 [INFO]: [0mGET /css/hero.css [36m304[0m 1.424 ms - -[0m
2026-08-01 14:41:10 [INFO]: [0mGET /css/featured.css [36m304[0m 1.133 ms - -[0m
2026-08-01 14:41:10 [INFO]: [0mGET /css/header.css [36m304[0m 1.240 ms - -[0m
2026-08-01 14:41:10 [INFO]: [0mGET /css/why-choose.css [36m304[0m 1.561 ms - -[0m
2026-08-01 14:41:10 [INFO]: [0mGET /css/footer.css [36m304[0m 2.195 ms - -[0m
2026-08-01 14:41:10 [INFO]: [0mGET /css/auth.css [36m304[0m 0.316 ms - -[0m
2026-08-01 14:41:10 [INFO]: [0mGET /css/verify.css [36m304[0m 0.453 ms - -[0m
2026-08-01 14:41:10 [INFO]: [0mGET /auth/%7B%20%20publicId:%20'/public/default/profile.png',%20%20url:%20'https://res.cloudinary.com/desmwasfe/image/upload/v1781973939/default-avatar_d6ofmr.png'%7D [33m404[0m 76.718 ms - 241[0m
2026-08-01 14:41:29 [INFO]: [0mGET /auth/profile [32m200[0m 117.882 ms - -[0m
2026-08-01 14:41:29 [INFO]: [0mGET /css/style.css [36m304[0m 0.630 ms - -[0m
2026-08-01 14:41:29 [INFO]: [0mGET /css/profile.css [36m304[0m 1.053 ms - -[0m
2026-08-01 14:41:29 [INFO]: [0mGET /images/logo/plantora.png [36m304[0m 0.446 ms - -[0m
2026-08-01 14:41:29 [INFO]: [0mGET /js/profile.js [36m304[0m 0.363 ms - -[0m
2026-08-01 14:41:29 [INFO]: [0mGET /images/logo/plantora-orgn-white.png [36m304[0m 0.701 ms - -[0m
2026-08-01 14:41:29 [INFO]: [0mGET /js/header.js [36m304[0m 0.216 ms - -[0m
2026-08-01 14:41:29 [INFO]: [0mGET /js/featured.js [36m304[0m 0.358 ms - -[0m
2026-08-01 14:41:29 [INFO]: [0mGET /js/why-choose.js [36m304[0m 0.314 ms - -[0m
2026-08-01 14:41:29 [INFO]: [0mGET /js/notification.js [36m304[0m 0.450 ms - -[0m
2026-08-01 14:41:29 [INFO]: [0mGET /js/footer.js [36m304[0m 0.138 ms - -[0m
2026-08-01 14:41:29 [INFO]: [0mGET /css/variables.css [36m304[0m 0.292 ms - -[0m
2026-08-01 14:41:29 [INFO]: [0mGET /js/auth.js [36m304[0m 0.534 ms - -[0m
2026-08-01 14:41:29 [INFO]: [0mGET /css/utilities.css [36m304[0m 0.397 ms - -[0m
2026-08-01 14:41:29 [INFO]: [0mGET /css/animations.css [36m304[0m 0.722 ms - -[0m
2026-08-01 14:41:29 [INFO]: [0mGET /css/announcement.css [36m304[0m 1.659 ms - -[0m
2026-08-01 14:41:29 [INFO]: [0mGET /css/header.css [36m304[0m 0.515 ms - -[0m
2026-08-01 14:41:29 [INFO]: [0mGET /css/hero.css [36m304[0m 0.873 ms - -[0m
2026-08-01 14:41:29 [INFO]: [0mGET /css/featured.css [36m304[0m 0.482 ms - -[0m
2026-08-01 14:41:29 [INFO]: [0mGET /css/why-choose.css [36m304[0m 0.750 ms - -[0m
2026-08-01 14:41:29 [INFO]: [0mGET /css/footer.css [36m304[0m 0.488 ms - -[0m
2026-08-01 14:41:29 [INFO]: [0mGET /css/auth.css [36m304[0m 0.245 ms - -[0m
2026-08-01 14:41:29 [INFO]: [0mGET /css/verify.css [36m304[0m 0.351 ms - -[0m
2026-08-01 14:41:29 [INFO]: [0mGET /auth/%7B%20%20publicId:%20'[object%20Object]/806f7e1b-c6ad-4a82-902e-d9cbb7c62dd6_irccnv',%20%20url:%20'https://res.cloudinary.com/desmwasfe/image/upload/v1785570707/%5Bobject%20Object%5D/806f7e1b-c6ad-4a82-902e-d9cbb7c62dd6_irccnv.jpg'%7D [33m404[0m 87.748 ms - 319[0m
2026-08-01 14:46:24 [INFO]: [0mGET /auth/profile [32m200[0m 120.251 ms - -[0m
2026-08-01 14:46:24 [INFO]: [0mGET /css/style.css [36m304[0m 1.210 ms - -[0m
2026-08-01 14:46:24 [INFO]: [0mGET /css/profile.css [36m304[0m 1.411 ms - -[0m
2026-08-01 14:46:24 [INFO]: [0mGET /images/logo/plantora.png [36m304[0m 0.273 ms - -[0m
2026-08-01 14:46:24 [INFO]: [0mGET /js/profile.js [36m304[0m 0.483 ms - -[0m
2026-08-01 14:46:24 [INFO]: [0mGET /images/logo/plantora-orgn-white.png [36m304[0m 0.670 ms - -[0m
2026-08-01 14:46:24 [INFO]: [0mGET /js/header.js [36m304[0m 0.260 ms - -[0m
2026-08-01 14:46:24 [INFO]: [0mGET /js/featured.js [36m304[0m 0.898 ms - -[0m
2026-08-01 14:46:24 [INFO]: [0mGET /js/why-choose.js [36m304[0m 0.449 ms - -[0m
2026-08-01 14:46:24 [INFO]: [0mGET /js/notification.js [36m304[0m 1.045 ms - -[0m
2026-08-01 14:46:24 [INFO]: [0mGET /js/footer.js [36m304[0m 0.653 ms - -[0m
2026-08-01 14:46:24 [INFO]: [0mGET /js/auth.js [36m304[0m 1.449 ms - -[0m
2026-08-01 14:46:24 [INFO]: [0mGET /css/variables.css [36m304[0m 0.504 ms - -[0m
2026-08-01 14:46:24 [INFO]: [0mGET /css/utilities.css [36m304[0m 1.078 ms - -[0m
2026-08-01 14:46:24 [INFO]: [0mGET /css/animations.css [36m304[0m 0.496 ms - -[0m
2026-08-01 14:46:24 [INFO]: [0mGET /css/announcement.css [36m304[0m 0.628 ms - -[0m
2026-08-01 14:46:24 [INFO]: [0mGET /css/header.css [36m304[0m 0.863 ms - -[0m
2026-08-01 14:46:24 [INFO]: [0mGET /css/hero.css [36m304[0m 0.522 ms - -[0m
2026-08-01 14:46:24 [INFO]: [0mGET /css/featured.css [36m304[0m 0.937 ms - -[0m
2026-08-01 14:46:24 [INFO]: [0mGET /css/why-choose.css [36m304[0m 0.713 ms - -[0m
2026-08-01 14:46:24 [INFO]: [0mGET /css/footer.css [36m304[0m 0.731 ms - -[0m
2026-08-01 14:46:24 [INFO]: [0mGET /css/auth.css [36m304[0m 0.500 ms - -[0m
2026-08-01 14:46:24 [INFO]: [0mGET /css/verify.css [36m304[0m 0.552 ms - -[0m
2026-08-01 14:46:24 [INFO]: [0mGET /auth/%7B%20%20publicId:%20'[object%20Object]/806f7e1b-c6ad-4a82-902e-d9cbb7c62dd6_irccnv',%20%20url:%20'https://res.cloudinary.com/desmwasfe/image/upload/v1785570707/%5Bobject%20Object%5D/806f7e1b-c6ad-4a82-902e-d9cbb7c62dd6_irccnv.jpg'%7D [33m404[0m 89.305 ms - 319[0m
2026-08-01 14:46:30 [INFO]: [0mGET /auth/profile?type=error&passwordError=New%20password%20must%20be%20at%20least%209%20characters%20long%20and%20contain%20at%20least%20one%20uppercase%20letter%2C%20one%20lowercase%20letter%2C%20and%20one%20special%20character. [32m200[0m 117.566 ms - -[0m
2026-08-01 14:46:30 [INFO]: [0mGET /css/style.css [36m304[0m 0.168 ms - -[0m
2026-08-01 14:46:30 [INFO]: [0mGET /css/profile.css [36m304[0m 0.374 ms - -[0m
2026-08-01 14:46:30 [INFO]: [0mGET /images/logo/plantora.png [36m304[0m 0.184 ms - -[0m
2026-08-01 14:46:30 [INFO]: [0mGET /js/profile.js [36m304[0m 0.148 ms - -[0m
2026-08-01 14:46:30 [INFO]: [0mGET /images/logo/plantora-orgn-white.png [36m304[0m 0.627 ms - -[0m
2026-08-01 14:46:30 [INFO]: [0mGET /js/header.js [36m304[0m 0.625 ms - -[0m
2026-08-01 14:46:30 [INFO]: [0mGET /js/featured.js [36m304[0m 1.016 ms - -[0m
2026-08-01 14:46:30 [INFO]: [0mGET /js/footer.js [36m304[0m 0.647 ms - -[0m
2026-08-01 14:46:30 [INFO]: [0mGET /js/why-choose.js [36m304[0m 0.548 ms - -[0m
2026-08-01 14:46:30 [INFO]: [0mGET /js/notification.js [36m304[0m 0.834 ms - -[0m
2026-08-01 14:46:30 [INFO]: [0mGET /js/auth.js [36m304[0m 1.100 ms - -[0m
2026-08-01 14:46:30 [INFO]: [0mGET /css/variables.css [36m304[0m 0.333 ms - -[0m
2026-08-01 14:46:30 [INFO]: [0mGET /css/utilities.css [36m304[0m 0.863 ms - -[0m
2026-08-01 14:46:30 [INFO]: [0mGET /css/animations.css [36m304[0m 1.181 ms - -[0m
2026-08-01 14:46:30 [INFO]: [0mGET /css/announcement.css [36m304[0m 1.613 ms - -[0m
2026-08-01 14:46:30 [INFO]: [0mGET /css/header.css [36m304[0m 0.662 ms - -[0m
2026-08-01 14:46:30 [INFO]: [0mGET /css/hero.css [36m304[0m 0.352 ms - -[0m
2026-08-01 14:46:30 [INFO]: [0mGET /css/featured.css [36m304[0m 0.630 ms - -[0m
2026-08-01 14:46:30 [INFO]: [0mGET /css/why-choose.css [36m304[0m 0.953 ms - -[0m
2026-08-01 14:46:30 [INFO]: [0mGET /css/footer.css [36m304[0m 1.440 ms - -[0m
2026-08-01 14:46:30 [INFO]: [0mGET /css/auth.css [36m304[0m 0.167 ms - -[0m
2026-08-01 14:46:30 [INFO]: [0mGET /css/verify.css [36m304[0m 0.192 ms - -[0m
2026-08-01 14:46:30 [INFO]: [0mGET /auth/%7B%20%20publicId:%20'/public/default/profile.png',%20%20url:%20'https://res.cloudinary.com/desmwasfe/image/upload/v1781973939/default-avatar_d6ofmr.png'%7D [33m404[0m 75.784 ms - 241[0m
2026-08-01 14:46:33 [INFO]: [0mGET /notifications/latest [36m304[0m 152.622 ms - -[0m
2026-08-01 15:20:23 [INFO]: [0mGET /auth/profile [32m200[0m 128.405 ms - -[0m
2026-08-01 15:20:23 [INFO]: [0mGET /css/style.css [36m304[0m 0.301 ms - -[0m
2026-08-01 15:20:23 [INFO]: [0mGET /css/profile.css [36m304[0m 0.500 ms - -[0m
2026-08-01 15:20:23 [INFO]: [0mGET /images/logo/plantora.png [36m304[0m 0.112 ms - -[0m
2026-08-01 15:20:23 [INFO]: [0mGET /js/profile.js [36m304[0m 0.551 ms - -[0m
2026-08-01 15:20:23 [INFO]: [0mGET /images/logo/plantora-orgn-white.png [36m304[0m 1.159 ms - -[0m
2026-08-01 15:20:23 [INFO]: [0mGET /js/header.js [36m304[0m 0.995 ms - -[0m
2026-08-01 15:20:23 [INFO]: [0mGET /js/featured.js [36m304[0m 0.589 ms - -[0m
2026-08-01 15:20:23 [INFO]: [0mGET /js/why-choose.js [36m304[0m 0.827 ms - -[0m
2026-08-01 15:20:23 [INFO]: [0mGET /js/notification.js [36m304[0m 0.280 ms - -[0m
2026-08-01 15:20:23 [INFO]: [0mGET /js/footer.js [36m304[0m 0.213 ms - -[0m
2026-08-01 15:20:23 [INFO]: [0mGET /js/auth.js [36m304[0m 0.858 ms - -[0m
2026-08-01 15:20:23 [INFO]: [0mGET /css/variables.css [36m304[0m 1.115 ms - -[0m
2026-08-01 15:20:23 [INFO]: [0mGET /css/utilities.css [36m304[0m 1.462 ms - -[0m
2026-08-01 15:20:23 [INFO]: [0mGET /css/animations.css [36m304[0m 1.649 ms - -[0m
2026-08-01 15:20:23 [INFO]: [0mGET /css/announcement.css [36m304[0m 1.810 ms - -[0m
2026-08-01 15:20:23 [INFO]: [0mGET /css/header.css [36m304[0m 2.648 ms - -[0m
2026-08-01 15:20:23 [INFO]: [0mGET /css/hero.css [36m304[0m 0.869 ms - -[0m
2026-08-01 15:20:23 [INFO]: [0mGET /css/featured.css [36m304[0m 0.927 ms - -[0m
2026-08-01 15:20:23 [INFO]: [0mGET /css/why-choose.css [36m304[0m 1.030 ms - -[0m
2026-08-01 15:20:23 [INFO]: [0mGET /css/footer.css [36m304[0m 1.119 ms - -[0m
2026-08-01 15:20:23 [INFO]: [0mGET /css/auth.css [36m304[0m 1.250 ms - -[0m
2026-08-01 15:20:23 [INFO]: [0mGET /css/verify.css [36m304[0m 1.579 ms - -[0m
2026-08-01 15:20:28 [INFO]: [0mGET / [32m200[0m 80.219 ms - -[0m
2026-08-01 15:20:28 [INFO]: [0mGET /css/style.css [36m304[0m 0.329 ms - -[0m
2026-08-01 15:20:28 [INFO]: [0mGET /images/logo/plantora.png [36m304[0m 0.534 ms - -[0m
2026-08-01 15:20:28 [INFO]: [0mGET /images/hero/hero-placeholder.png [36m304[0m 0.802 ms - -[0m
2026-08-01 15:20:28 [INFO]: [0mGET /images/hero/monstera-plant.jpg [36m304[0m 0.436 ms - -[0m
2026-08-01 15:20:28 [INFO]: [0mGET /js/featured.js [36m304[0m 0.166 ms - -[0m
2026-08-01 15:20:28 [INFO]: [0mGET /js/why-choose.js [36m304[0m 0.465 ms - -[0m
2026-08-01 15:20:28 [INFO]: [0mGET /js/header.js [36m304[0m 1.082 ms - -[0m
2026-08-01 15:20:28 [INFO]: [0mGET /css/variables.css [36m304[0m 0.237 ms - -[0m
2026-08-01 15:20:28 [INFO]: [0mGET /css/utilities.css [36m304[0m 0.348 ms - -[0m
2026-08-01 15:20:28 [INFO]: [0mGET /css/animations.css [36m304[0m 0.319 ms - -[0m
2026-08-01 15:20:28 [INFO]: [0mGET /css/announcement.css [36m304[0m 0.353 ms - -[0m
2026-08-01 15:20:28 [INFO]: [0mGET /css/header.css [36m304[0m 0.271 ms - -[0m
2026-08-01 15:20:28 [INFO]: [0mGET /css/hero.css [36m304[0m 0.242 ms - -[0m
2026-08-01 15:20:28 [INFO]: [0mGET /css/featured.css [36m304[0m 1.037 ms - -[0m
2026-08-01 15:20:28 [INFO]: [0mGET /css/why-choose.css [36m304[0m 1.049 ms - -[0m
2026-08-01 15:20:28 [INFO]: [0mGET /css/footer.css [36m304[0m 1.553 ms - -[0m
2026-08-01 15:20:28 [INFO]: [0mGET /css/auth.css [36m304[0m 0.809 ms - -[0m
2026-08-01 15:20:28 [INFO]: [0mGET /css/verify.css [36m304[0m 1.452 ms - -[0m
2026-08-01 15:20:28 [INFO]: [0mGET /js/notification.js [36m304[0m 0.557 ms - -[0m
2026-08-01 15:20:28 [INFO]: [0mGET /js/footer.js [36m304[0m 0.713 ms - -[0m
2026-08-01 15:20:28 [INFO]: [0mGET /js/auth.js [36m304[0m 0.346 ms - -[0m
2026-08-01 15:20:28 [INFO]: [0mGET /images/hero/snake-plant.jpg [36m304[0m 0.393 ms - -[0m
2026-08-01 15:20:28 [INFO]: [0mGET /images/hero/peace-lily.jpg [36m304[0m 0.749 ms - -[0m
2026-08-01 15:20:28 [INFO]: [0mGET /images/hero/tulip-plant.jpg [36m304[0m 0.587 ms - -[0m
2026-08-01 15:20:28 [INFO]: [0mGET /images/hero/rubber-plant.jpg [36m304[0m 0.601 ms - -[0m
2026-08-01 15:20:28 [INFO]: [0mGET /images/hero/aloe-vera.jpg [36m304[0m 0.169 ms - -[0m
2026-08-01 15:20:28 [INFO]: [0mGET /images/hero/areca-palm.jpg [36m304[0m 0.258 ms - -[0m
2026-08-01 15:20:28 [INFO]: [0mGET /images/hero/jade-plant.jpg [36m304[0m 0.232 ms - -[0m
2026-08-01 15:20:28 [INFO]: [0mGET /images/hero/golden-pothos.jpg [36m304[0m 0.236 ms - -[0m
2026-08-01 15:20:28 [INFO]: [0mGET /images/hero/fiddle-leaf-fig.jpg [36m304[0m 0.202 ms - -[0m
2026-08-01 15:20:28 [INFO]: [0mGET /images/hero/why-choose.jpg [36m304[0m 0.202 ms - -[0m
2026-08-01 15:20:28 [INFO]: [0mGET /images/logo/plantora-orgn-white.png [36m304[0m 0.396 ms - -[0m
2026-08-01 15:20:30 [INFO]: [0mGET /notifications/latest [36m304[0m 158.444 ms - -[0m
2026-08-01 15:20:37 [INFO]: [0mGET /notifications/latest [36m304[0m 156.448 ms - -[0m
2026-08-01 15:21:05 [INFO]: [0mGET /auth/profile?type=error&passwordError=New%20password%20must%20be%20at%20least%209%20characters%20long%20and%20contain%20at%20least%20one%20uppercase%20letter%2C%20one%20lowercase%20letter%2C%20and%20one%20special%20character. [32m200[0m 125.437 ms - -[0m
2026-08-01 15:21:05 [INFO]: [0mGET /css/style.css [36m304[0m 0.170 ms - -[0m
2026-08-01 15:21:05 [INFO]: [0mGET /css/profile.css [36m304[0m 0.348 ms - -[0m
2026-08-01 15:21:05 [INFO]: [0mGET /images/logo/plantora.png [36m304[0m 0.182 ms - -[0m
2026-08-01 15:21:05 [INFO]: [0mGET /js/profile.js [36m304[0m 0.444 ms - -[0m
2026-08-01 15:21:05 [INFO]: [0mGET /images/logo/plantora-orgn-white.png [36m304[0m 0.515 ms - -[0m
2026-08-01 15:21:05 [INFO]: [0mGET /js/header.js [36m304[0m 0.094 ms - -[0m
2026-08-01 15:21:05 [INFO]: [0mGET /js/featured.js [36m304[0m 0.157 ms - -[0m
2026-08-01 15:21:05 [INFO]: [0mGET /js/why-choose.js [36m304[0m 0.193 ms - -[0m
2026-08-01 15:21:05 [INFO]: [0mGET /js/notification.js [36m304[0m 0.143 ms - -[0m
2026-08-01 15:21:05 [INFO]: [0mGET /js/footer.js [36m304[0m 0.324 ms - -[0m
2026-08-01 15:21:05 [INFO]: [0mGET /js/auth.js [36m304[0m 0.305 ms - -[0m
2026-08-01 15:21:05 [INFO]: [0mGET /css/variables.css [36m304[0m 0.411 ms - -[0m
2026-08-01 15:21:05 [INFO]: [0mGET /css/utilities.css [36m304[0m 0.558 ms - -[0m
2026-08-01 15:21:05 [INFO]: [0mGET /css/animations.css [36m304[0m 0.650 ms - -[0m
2026-08-01 15:21:05 [INFO]: [0mGET /css/announcement.css [36m304[0m 0.192 ms - -[0m
2026-08-01 15:21:05 [INFO]: [0mGET /css/featured.css [36m304[0m 0.466 ms - -[0m
2026-08-01 15:21:05 [INFO]: [0mGET /css/why-choose.css [36m304[0m 0.590 ms - -[0m
2026-08-01 15:21:05 [INFO]: [0mGET /css/header.css [36m304[0m 0.758 ms - -[0m
2026-08-01 15:21:05 [INFO]: [0mGET /css/hero.css [36m304[0m 0.947 ms - -[0m
2026-08-01 15:21:05 [INFO]: [0mGET /css/footer.css [36m304[0m 0.501 ms - -[0m
2026-08-01 15:21:05 [INFO]: [0mGET /css/auth.css [36m304[0m 0.484 ms - -[0m
2026-08-01 15:21:05 [INFO]: [0mGET /css/verify.css [36m304[0m 0.133 ms - -[0m
2026-08-01 15:21:06 [INFO]: [0mGET /auth/profile?type=error&passwordError=New%20password%20must%20be%20at%20least%209%20characters%20long%20and%20contain%20at%20least%20one%20uppercase%20letter%2C%20one%20lowercase%20letter%2C%20and%20one%20special%20character. [36m304[0m 116.580 ms - -[0m
2026-08-01 15:21:06 [INFO]: [0mGET /css/style.css [36m304[0m 0.436 ms - -[0m
2026-08-01 15:21:06 [INFO]: [0mGET /css/profile.css [36m304[0m 0.551 ms - -[0m
2026-08-01 15:21:06 [INFO]: [0mGET /images/logo/plantora.png [36m304[0m 0.739 ms - -[0m
2026-08-01 15:21:06 [INFO]: [0mGET /js/profile.js [36m304[0m 0.907 ms - -[0m
2026-08-01 15:21:06 [INFO]: [0mGET /images/logo/plantora-orgn-white.png [36m304[0m 0.381 ms - -[0m
2026-08-01 15:21:06 [INFO]: [0mGET /js/header.js [36m304[0m 0.464 ms - -[0m
2026-08-01 15:21:06 [INFO]: [0mGET /js/featured.js [36m304[0m 0.538 ms - -[0m
2026-08-01 15:21:06 [INFO]: [0mGET /js/why-choose.js [36m304[0m 0.734 ms - -[0m
2026-08-01 15:21:06 [INFO]: [0mGET /js/notification.js [36m304[0m 1.238 ms - -[0m
2026-08-01 15:21:06 [INFO]: [0mGET /js/footer.js [36m304[0m 0.659 ms - -[0m
2026-08-01 15:21:06 [INFO]: [0mGET /js/auth.js [36m304[0m 1.036 ms - -[0m
2026-08-01 15:21:06 [INFO]: [0mGET /css/variables.css [36m304[0m 0.524 ms - -[0m
2026-08-01 15:21:06 [INFO]: [0mGET /css/utilities.css [36m304[0m 0.644 ms - -[0m
2026-08-01 15:21:06 [INFO]: [0mGET /css/animations.css [36m304[0m 0.925 ms - -[0m
2026-08-01 15:21:06 [INFO]: [0mGET /css/announcement.css [36m304[0m 0.461 ms - -[0m
2026-08-01 15:21:06 [INFO]: [0mGET /css/header.css [36m304[0m 0.455 ms - -[0m
2026-08-01 15:21:06 [INFO]: [0mGET /css/hero.css [36m304[0m 0.901 ms - -[0m
2026-08-01 15:21:06 [INFO]: [0mGET /css/featured.css [36m304[0m 0.882 ms - -[0m
2026-08-01 15:21:06 [INFO]: [0mGET /css/why-choose.css [36m304[0m 0.768 ms - -[0m
2026-08-01 15:21:06 [INFO]: [0mGET /css/footer.css [36m304[0m 0.970 ms - -[0m
2026-08-01 15:21:06 [INFO]: [0mGET /css/auth.css [36m304[0m 1.358 ms - -[0m
2026-08-01 15:21:06 [INFO]: [0mGET /css/verify.css [36m304[0m 1.430 ms - -[0m
2026-08-01 15:21:07 [INFO]: [0mGET / [32m200[0m 87.116 ms - -[0m
2026-08-01 15:21:07 [INFO]: [0mGET /css/style.css [36m304[0m 0.404 ms - -[0m
2026-08-01 15:21:07 [INFO]: [0mGET /images/logo/plantora.png [36m304[0m 0.450 ms - -[0m
2026-08-01 15:21:07 [INFO]: [0mGET /images/hero/hero-placeholder.png [36m304[0m 0.565 ms - -[0m
2026-08-01 15:21:07 [INFO]: [0mGET /images/hero/monstera-plant.jpg [36m304[0m 0.217 ms - -[0m
2026-08-01 15:21:07 [INFO]: [0mGET /css/variables.css [36m304[0m 0.441 ms - -[0m
2026-08-01 15:21:07 [INFO]: [0mGET /css/utilities.css [36m304[0m 0.590 ms - -[0m
2026-08-01 15:21:07 [INFO]: [0mGET /css/animations.css [36m304[0m 0.798 ms - -[0m
2026-08-01 15:21:07 [INFO]: [0mGET /css/announcement.css [36m304[0m 0.906 ms - -[0m
2026-08-01 15:21:07 [INFO]: [0mGET /css/header.css [36m304[0m 1.045 ms - -[0m
2026-08-01 15:21:07 [INFO]: [0mGET /css/hero.css [36m304[0m 1.171 ms - -[0m
2026-08-01 15:21:07 [INFO]: [0mGET /css/why-choose.css [36m304[0m 0.232 ms - -[0m
2026-08-01 15:21:07 [INFO]: [0mGET /css/featured.css [36m304[0m 0.617 ms - -[0m
2026-08-01 15:21:07 [INFO]: [0mGET /css/footer.css [36m304[0m 0.773 ms - -[0m
2026-08-01 15:21:07 [INFO]: [0mGET /css/auth.css [36m304[0m 0.922 ms - -[0m
2026-08-01 15:21:07 [INFO]: [0mGET /css/verify.css [36m304[0m 1.200 ms - -[0m
2026-08-01 15:21:07 [INFO]: [0mGET /js/header.js [36m304[0m 0.160 ms - -[0m
2026-08-01 15:21:07 [INFO]: [0mGET /js/featured.js [36m304[0m 0.271 ms - -[0m
2026-08-01 15:21:07 [INFO]: [0mGET /js/why-choose.js [36m304[0m 0.164 ms - -[0m
2026-08-01 15:21:07 [INFO]: [0mGET /js/notification.js [36m304[0m 0.345 ms - -[0m
2026-08-01 15:21:07 [INFO]: [0mGET /js/footer.js [36m304[0m 0.464 ms - -[0m
2026-08-01 15:21:07 [INFO]: [0mGET /js/auth.js [36m304[0m 0.339 ms - -[0m
2026-08-01 15:21:07 [INFO]: [0mGET /images/hero/snake-plant.jpg [36m304[0m 0.174 ms - -[0m
2026-08-01 15:21:07 [INFO]: [0mGET /images/hero/peace-lily.jpg [36m304[0m 0.362 ms - -[0m
2026-08-01 15:21:07 [INFO]: [0mGET /images/hero/tulip-plant.jpg [36m304[0m 0.598 ms - -[0m
2026-08-01 15:21:07 [INFO]: [0mGET /images/hero/rubber-plant.jpg [36m304[0m 0.376 ms - -[0m
2026-08-01 15:21:07 [INFO]: [0mGET /images/hero/aloe-vera.jpg [36m304[0m 0.138 ms - -[0m
2026-08-01 15:21:07 [INFO]: [0mGET /images/hero/areca-palm.jpg [36m304[0m 0.179 ms - -[0m
2026-08-01 15:21:07 [INFO]: [0mGET /images/hero/jade-plant.jpg [36m304[0m 0.118 ms - -[0m
2026-08-01 15:21:07 [INFO]: [0mGET /images/hero/golden-pothos.jpg [36m304[0m 0.242 ms - -[0m
2026-08-01 15:21:07 [INFO]: [0mGET /images/hero/fiddle-leaf-fig.jpg [36m304[0m 0.384 ms - -[0m
2026-08-01 15:21:07 [INFO]: [0mGET /images/hero/why-choose.jpg [36m304[0m 0.125 ms - -[0m
2026-08-01 15:21:07 [INFO]: [0mGET /images/logo/plantora-orgn-white.png [36m304[0m 0.158 ms - -[0m
2026-08-01 15:21:09 [INFO]: [0mGET /notifications/latest [36m304[0m 153.202 ms - -[0m
2026-08-01 15:21:10 [INFO]: [0mGET /notifications/latest [36m304[0m 156.185 ms - -[0m
2026-08-01 15:21:17 [INFO]: [0mGET /notifications/latest [36m304[0m 157.961 ms - -[0m
2026-08-01 15:21:18 [INFO]: [0mGET /notifications/latest [36m304[0m 166.142 ms - -[0m
2026-08-01 15:21:22 [INFO]: [0mGET / [32m200[0m 92.206 ms - -[0m
2026-08-01 15:21:22 [INFO]: [0mGET /css/style.css [36m304[0m 0.345 ms - -[0m
2026-08-01 15:21:22 [INFO]: [0mGET /images/logo/plantora.png [36m304[0m 0.217 ms - -[0m
2026-08-01 15:21:22 [INFO]: [0mGET /images/hero/hero-placeholder.png [36m304[0m 0.423 ms - -[0m
2026-08-01 15:21:22 [INFO]: [0mGET /images/hero/monstera-plant.jpg [36m304[0m 0.103 ms - -[0m
2026-08-01 15:21:22 [INFO]: [0mGET /js/header.js [36m304[0m 0.155 ms - -[0m
2026-08-01 15:21:22 [INFO]: [0mGET /js/featured.js [36m304[0m 0.247 ms - -[0m
2026-08-01 15:21:22 [INFO]: [0mGET /js/why-choose.js [36m304[0m 0.087 ms - -[0m
2026-08-01 15:21:22 [INFO]: [0mGET /js/notification.js [36m304[0m 0.156 ms - -[0m
2026-08-01 15:21:22 [INFO]: [0mGET /js/footer.js [36m304[0m 0.195 ms - -[0m
2026-08-01 15:21:22 [INFO]: [0mGET /js/auth.js [36m304[0m 0.480 ms - -[0m
2026-08-01 15:21:22 [INFO]: [0mGET /css/variables.css [36m304[0m 0.522 ms - -[0m
2026-08-01 15:21:22 [INFO]: [0mGET /css/utilities.css [36m304[0m 0.208 ms - -[0m
2026-08-01 15:21:22 [INFO]: [0mGET /css/animations.css [36m304[0m 0.504 ms - -[0m
2026-08-01 15:21:22 [INFO]: [0mGET /css/announcement.css [36m304[0m 0.297 ms - -[0m
2026-08-01 15:21:22 [INFO]: [0mGET /css/header.css [36m304[0m 0.184 ms - -[0m
2026-08-01 15:21:22 [INFO]: [0mGET /css/hero.css [36m304[0m 0.535 ms - -[0m
2026-08-01 15:21:22 [INFO]: [0mGET /css/featured.css [36m304[0m 0.490 ms - -[0m
2026-08-01 15:21:22 [INFO]: [0mGET /css/why-choose.css [36m304[0m 0.780 ms - -[0m
2026-08-01 15:21:22 [INFO]: [0mGET /css/footer.css [36m304[0m 0.399 ms - -[0m
2026-08-01 15:21:22 [INFO]: [0mGET /css/auth.css [36m304[0m 0.784 ms - -[0m
2026-08-01 15:21:22 [INFO]: [0mGET /css/verify.css [36m304[0m 0.507 ms - -[0m
2026-08-01 15:21:22 [INFO]: [0mGET /images/hero/snake-plant.jpg [36m304[0m 0.205 ms - -[0m
2026-08-01 15:21:22 [INFO]: [0mGET /images/hero/peace-lily.jpg [36m304[0m 0.501 ms - -[0m
2026-08-01 15:21:22 [INFO]: [0mGET /images/hero/tulip-plant.jpg [36m304[0m 0.393 ms - -[0m
2026-08-01 15:21:22 [INFO]: [0mGET /images/hero/rubber-plant.jpg [36m304[0m 0.629 ms - -[0m
2026-08-01 15:21:22 [INFO]: [0mGET /images/hero/aloe-vera.jpg [36m304[0m 0.568 ms - -[0m
2026-08-01 15:21:22 [INFO]: [0mGET /images/hero/areca-palm.jpg [36m304[0m 0.383 ms - -[0m
2026-08-01 15:21:22 [INFO]: [0mGET /images/hero/jade-plant.jpg [36m304[0m 0.217 ms - -[0m
2026-08-01 15:21:22 [INFO]: [0mGET /images/hero/golden-pothos.jpg [36m304[0m 0.588 ms - -[0m
2026-08-01 15:21:22 [INFO]: [0mGET /images/hero/fiddle-leaf-fig.jpg [36m304[0m 0.587 ms - -[0m
2026-08-01 15:21:22 [INFO]: [0mGET /images/hero/why-choose.jpg [36m304[0m 0.650 ms - -[0m
2026-08-01 15:21:22 [INFO]: [0mGET /images/logo/plantora-orgn-white.png [36m304[0m 0.095 ms - -[0m
2026-08-01 15:21:26 [INFO]: [0mGET /notifications/latest [36m304[0m 172.962 ms - -[0m
2026-08-01 15:21:27 [INFO]: [0mGET /notifications/latest [36m304[0m 154.211 ms - -[0m
2026-08-01 15:21:29 [INFO]: [0mGET /notifications/latest [36m304[0m 155.166 ms - -[0m
2026-08-01 15:22:10 [INFO]: [0mGET / [32m200[0m 82.459 ms - -[0m
2026-08-01 15:22:10 [INFO]: [0mGET /css/style.css [36m304[0m 0.298 ms - -[0m
2026-08-01 15:22:10 [INFO]: [0mGET /images/logo/plantora.png [36m304[0m 0.373 ms - -[0m
2026-08-01 15:22:10 [INFO]: [0mGET /images/hero/hero-placeholder.png [36m304[0m 0.358 ms - -[0m
2026-08-01 15:22:10 [INFO]: [0mGET /images/hero/monstera-plant.jpg [36m304[0m 0.163 ms - -[0m
2026-08-01 15:22:10 [INFO]: [0mGET /js/header.js [36m304[0m 0.228 ms - -[0m
2026-08-01 15:22:10 [INFO]: [0mGET /js/featured.js [36m304[0m 0.468 ms - -[0m
2026-08-01 15:22:10 [INFO]: [0mGET /js/why-choose.js [36m304[0m 0.125 ms - -[0m
2026-08-01 15:22:10 [INFO]: [0mGET /js/notification.js [36m304[0m 0.205 ms - -[0m
2026-08-01 15:22:10 [INFO]: [0mGET /js/footer.js [36m304[0m 0.486 ms - -[0m
2026-08-01 15:22:10 [INFO]: [0mGET /js/auth.js [36m304[0m 1.036 ms - -[0m
2026-08-01 15:22:10 [INFO]: [0mGET /images/hero/snake-plant.jpg [36m304[0m 0.636 ms - -[0m
2026-08-01 15:22:10 [INFO]: [0mGET /images/hero/peace-lily.jpg [36m304[0m 0.726 ms - -[0m
2026-08-01 15:22:10 [INFO]: [0mGET /images/hero/tulip-plant.jpg [36m304[0m 0.239 ms - -[0m
2026-08-01 15:22:10 [INFO]: [0mGET /images/hero/rubber-plant.jpg [36m304[0m 0.601 ms - -[0m
2026-08-01 15:22:10 [INFO]: [0mGET /images/hero/aloe-vera.jpg [36m304[0m 0.772 ms - -[0m
2026-08-01 15:22:10 [INFO]: [0mGET /images/hero/areca-palm.jpg [36m304[0m 0.563 ms - -[0m
2026-08-01 15:22:10 [INFO]: [0mGET /images/hero/jade-plant.jpg [36m304[0m 0.223 ms - -[0m
2026-08-01 15:22:10 [INFO]: [0mGET /images/hero/golden-pothos.jpg [36m304[0m 0.429 ms - -[0m
2026-08-01 15:22:10 [INFO]: [0mGET /css/variables.css [36m304[0m 0.675 ms - -[0m
2026-08-01 15:22:10 [INFO]: [0mGET /css/utilities.css [36m304[0m 0.778 ms - -[0m
2026-08-01 15:22:10 [INFO]: [0mGET /css/animations.css [36m304[0m 0.545 ms - -[0m
2026-08-01 15:22:10 [INFO]: [0mGET /css/announcement.css [36m304[0m 0.693 ms - -[0m
2026-08-01 15:22:10 [INFO]: [0mGET /css/header.css [36m304[0m 0.330 ms - -[0m
2026-08-01 15:22:10 [INFO]: [0mGET /css/hero.css [36m304[0m 0.399 ms - -[0m
2026-08-01 15:22:10 [INFO]: [0mGET /css/featured.css [36m304[0m 0.500 ms - -[0m
2026-08-01 15:22:10 [INFO]: [0mGET /css/why-choose.css [36m304[0m 1.042 ms - -[0m
2026-08-01 15:22:10 [INFO]: [0mGET /css/footer.css [36m304[0m 0.372 ms - -[0m
2026-08-01 15:22:10 [INFO]: [0mGET /css/auth.css [36m304[0m 0.476 ms - -[0m
2026-08-01 15:22:10 [INFO]: [0mGET /css/verify.css [36m304[0m 0.361 ms - -[0m
2026-08-01 15:22:10 [INFO]: [0mGET /images/hero/fiddle-leaf-fig.jpg [36m304[0m 0.496 ms - -[0m
2026-08-01 15:22:10 [INFO]: [0mGET /images/hero/why-choose.jpg [36m304[0m 0.842 ms - -[0m
2026-08-01 15:22:10 [INFO]: [0mGET /images/logo/plantora-orgn-white.png [36m304[0m 0.160 ms - -[0m
2026-08-01 15:23:00 [INFO]: [0mGET / [32m200[0m 86.449 ms - -[0m
2026-08-01 15:23:00 [INFO]: [0mGET /css/style.css [36m304[0m 1.107 ms - -[0m
2026-08-01 15:23:00 [INFO]: [0mGET /images/logo/plantora.png [36m304[0m 1.132 ms - -[0m
2026-08-01 15:23:00 [INFO]: [0mGET /images/hero/hero-placeholder.png [36m304[0m 0.556 ms - -[0m
2026-08-01 15:23:00 [INFO]: [0mGET /js/featured.js [36m304[0m 0.548 ms - -[0m
2026-08-01 15:23:00 [INFO]: [0mGET /images/hero/monstera-plant.jpg [36m304[0m 0.775 ms - -[0m
2026-08-01 15:23:00 [INFO]: [0mGET /js/header.js [36m304[0m 0.768 ms - -[0m
2026-08-01 15:23:00 [INFO]: [0mGET /js/why-choose.js [36m304[0m 1.107 ms - -[0m
2026-08-01 15:23:00 [INFO]: [0mGET /js/notification.js [36m304[0m 0.404 ms - -[0m
2026-08-01 15:23:00 [INFO]: [0mGET /js/footer.js [36m304[0m 0.448 ms - -[0m
2026-08-01 15:23:00 [INFO]: [0mGET /js/auth.js [36m304[0m 0.507 ms - -[0m
2026-08-01 15:23:00 [INFO]: [0mGET /images/hero/snake-plant.jpg [36m304[0m 1.105 ms - -[0m
2026-08-01 15:23:00 [INFO]: [0mGET /images/hero/tulip-plant.jpg [36m304[0m 0.586 ms - -[0m
2026-08-01 15:23:00 [INFO]: [0mGET /images/hero/peace-lily.jpg [36m304[0m 0.879 ms - -[0m
2026-08-01 15:23:00 [INFO]: [0mGET /images/hero/rubber-plant.jpg [36m304[0m 0.910 ms - -[0m
2026-08-01 15:23:00 [INFO]: [0mGET /images/hero/aloe-vera.jpg [36m304[0m 0.338 ms - -[0m
2026-08-01 15:23:00 [INFO]: [0mGET /images/hero/areca-palm.jpg [36m304[0m 0.401 ms - -[0m
2026-08-01 15:23:00 [INFO]: [0mGET /images/hero/jade-plant.jpg [36m304[0m 0.131 ms - -[0m
2026-08-01 15:23:00 [INFO]: [0mGET /images/hero/golden-pothos.jpg [36m304[0m 0.630 ms - -[0m
2026-08-01 15:23:00 [INFO]: [0mGET /images/hero/fiddle-leaf-fig.jpg [36m304[0m 0.657 ms - -[0m
2026-08-01 15:23:00 [INFO]: [0mGET /images/hero/why-choose.jpg [36m304[0m 0.675 ms - -[0m
2026-08-01 15:23:00 [INFO]: [0mGET /css/variables.css [36m304[0m 0.918 ms - -[0m
2026-08-01 15:23:00 [INFO]: [0mGET /images/logo/plantora-orgn-white.png [36m304[0m 0.334 ms - -[0m
2026-08-01 15:23:00 [INFO]: [0mGET /css/utilities.css [36m304[0m 0.624 ms - -[0m
2026-08-01 15:23:00 [INFO]: [0mGET /css/animations.css [36m304[0m 0.385 ms - -[0m
2026-08-01 15:23:00 [INFO]: [0mGET /css/announcement.css [36m304[0m 0.534 ms - -[0m
2026-08-01 15:23:00 [INFO]: [0mGET /css/header.css [36m304[0m 1.374 ms - -[0m
2026-08-01 15:23:00 [INFO]: [0mGET /css/hero.css [36m304[0m 0.702 ms - -[0m
2026-08-01 15:23:00 [INFO]: [0mGET /css/featured.css [36m304[0m 0.686 ms - -[0m
2026-08-01 15:23:00 [INFO]: [0mGET /css/why-choose.css [36m304[0m 0.255 ms - -[0m
2026-08-01 15:23:00 [INFO]: [0mGET /css/footer.css [36m304[0m 0.459 ms - -[0m
2026-08-01 15:23:00 [INFO]: [0mGET /css/auth.css [36m304[0m 0.638 ms - -[0m
2026-08-01 15:23:00 [INFO]: [0mGET /css/verify.css [36m304[0m 0.273 ms - -[0m
2026-08-01 15:23:02 [INFO]: [0mGET /notifications/latest [36m304[0m 152.147 ms - -[0m
2026-08-01 15:23:10 [INFO]: [0mGET / [32m200[0m 84.518 ms - -[0m
2026-08-01 15:23:10 [INFO]: [0mGET /css/style.css [36m304[0m 0.424 ms - -[0m
2026-08-01 15:23:10 [INFO]: [0mGET /images/logo/plantora.png [36m304[0m 0.645 ms - -[0m
2026-08-01 15:23:10 [INFO]: [0mGET /images/hero/hero-placeholder.png [36m304[0m 0.148 ms - -[0m
2026-08-01 15:23:10 [INFO]: [0mGET /images/hero/monstera-plant.jpg [36m304[0m 0.184 ms - -[0m
2026-08-01 15:23:10 [INFO]: [0mGET /js/header.js [36m304[0m 0.126 ms - -[0m
2026-08-01 15:23:10 [INFO]: [0mGET /js/featured.js [36m304[0m 0.134 ms - -[0m
2026-08-01 15:23:10 [INFO]: [0mGET /js/why-choose.js [36m304[0m 0.235 ms - -[0m
2026-08-01 15:23:10 [INFO]: [0mGET /js/notification.js [36m304[0m 0.398 ms - -[0m
2026-08-01 15:23:10 [INFO]: [0mGET /js/footer.js [36m304[0m 0.616 ms - -[0m
2026-08-01 15:23:10 [INFO]: [0mGET /css/variables.css [36m304[0m 1.167 ms - -[0m
2026-08-01 15:23:10 [INFO]: [0mGET /css/utilities.css [36m304[0m 0.588 ms - -[0m
2026-08-01 15:23:10 [INFO]: [0mGET /css/hero.css [36m304[0m 0.406 ms - -[0m
2026-08-01 15:23:10 [INFO]: [0mGET /css/featured.css [36m304[0m 0.708 ms - -[0m
2026-08-01 15:23:10 [INFO]: [0mGET /css/animations.css [36m304[0m 1.282 ms - -[0m
2026-08-01 15:23:10 [INFO]: [0mGET /css/announcement.css [36m304[0m 1.498 ms - -[0m
2026-08-01 15:23:10 [INFO]: [0mGET /css/header.css [36m304[0m 2.032 ms - -[0m
2026-08-01 15:23:10 [INFO]: [0mGET /css/why-choose.css [36m304[0m 0.190 ms - -[0m
2026-08-01 15:23:10 [INFO]: [0mGET /css/footer.css [36m304[0m 0.426 ms - -[0m
2026-08-01 15:23:10 [INFO]: [0mGET /css/auth.css [36m304[0m 0.608 ms - -[0m
2026-08-01 15:23:10 [INFO]: [0mGET /css/verify.css [36m304[0m 1.502 ms - -[0m
2026-08-01 15:23:10 [INFO]: [0mGET /js/auth.js [36m304[0m 0.164 ms - -[0m
2026-08-01 15:23:10 [INFO]: [0mGET /images/hero/snake-plant.jpg [36m304[0m 0.259 ms - -[0m
2026-08-01 15:23:10 [INFO]: [0mGET /images/hero/peace-lily.jpg [36m304[0m 0.354 ms - -[0m
2026-08-01 15:23:10 [INFO]: [0mGET /images/hero/tulip-plant.jpg [36m304[0m 0.317 ms - -[0m
2026-08-01 15:23:10 [INFO]: [0mGET /images/hero/rubber-plant.jpg [36m304[0m 0.251 ms - -[0m
2026-08-01 15:23:10 [INFO]: [0mGET /images/hero/aloe-vera.jpg [36m304[0m 0.183 ms - -[0m
2026-08-01 15:23:10 [INFO]: [0mGET /images/hero/areca-palm.jpg [36m304[0m 0.570 ms - -[0m
2026-08-01 15:23:10 [INFO]: [0mGET /images/hero/jade-plant.jpg [36m304[0m 0.239 ms - -[0m
2026-08-01 15:23:10 [INFO]: [0mGET /images/hero/golden-pothos.jpg [36m304[0m 0.160 ms - -[0m
2026-08-01 15:23:10 [INFO]: [0mGET /images/hero/fiddle-leaf-fig.jpg [36m304[0m 0.575 ms - -[0m
2026-08-01 15:23:10 [INFO]: [0mGET /images/hero/why-choose.jpg [36m304[0m 0.811 ms - -[0m
2026-08-01 15:23:10 [INFO]: [0mGET /images/logo/plantora-orgn-white.png [36m304[0m 0.463 ms - -[0m
2026-08-01 15:43:03 [INFO]: [0mGET / [36m304[0m 85.905 ms - -[0m
2026-08-01 15:43:03 [INFO]: [0mGET /css/style.css [36m304[0m 0.554 ms - -[0m
2026-08-01 15:43:03 [INFO]: [0mGET /images/logo/plantora.png [36m304[0m 0.738 ms - -[0m
2026-08-01 15:43:03 [INFO]: [0mGET /images/hero/hero-placeholder.png [36m304[0m 0.806 ms - -[0m
2026-08-01 15:43:03 [INFO]: [0mGET /images/hero/monstera-plant.jpg [36m304[0m 0.882 ms - -[0m
2026-08-01 15:43:03 [INFO]: [0mGET /js/header.js [36m304[0m 0.843 ms - -[0m
2026-08-01 15:43:03 [INFO]: [0mGET /js/featured.js [36m304[0m 0.204 ms - -[0m
2026-08-01 15:43:03 [INFO]: [0mGET /js/why-choose.js [36m304[0m 0.329 ms - -[0m
2026-08-01 15:43:03 [INFO]: [0mGET /js/notification.js [36m304[0m 0.835 ms - -[0m
2026-08-01 15:43:03 [INFO]: [0mGET /js/footer.js [36m304[0m 0.938 ms - -[0m
2026-08-01 15:43:03 [INFO]: [0mGET /js/auth.js [36m304[0m 1.072 ms - -[0m
2026-08-01 15:43:03 [INFO]: [0mGET /images/hero/snake-plant.jpg [36m304[0m 0.449 ms - -[0m
2026-08-01 15:43:03 [INFO]: [0mGET /images/hero/peace-lily.jpg [36m304[0m 0.726 ms - -[0m
2026-08-01 15:43:03 [INFO]: [0mGET /images/hero/tulip-plant.jpg [36m304[0m 0.628 ms - -[0m
2026-08-01 15:43:03 [INFO]: [0mGET /images/hero/rubber-plant.jpg [36m304[0m 0.589 ms - -[0m
2026-08-01 15:43:03 [INFO]: [0mGET /css/variables.css [36m304[0m 0.431 ms - -[0m
2026-08-01 15:43:03 [INFO]: [0mGET /css/utilities.css [36m304[0m 0.649 ms - -[0m
2026-08-01 15:43:03 [INFO]: [0mGET /css/animations.css [36m304[0m 1.211 ms - -[0m
2026-08-01 15:43:03 [INFO]: [0mGET /css/announcement.css [36m304[0m 0.591 ms - -[0m
2026-08-01 15:43:03 [INFO]: [0mGET /css/header.css [36m304[0m 0.611 ms - -[0m
2026-08-01 15:43:03 [INFO]: [0mGET /css/hero.css [36m304[0m 0.909 ms - -[0m
2026-08-01 15:43:03 [INFO]: [0mGET /css/featured.css [36m304[0m 1.090 ms - -[0m
2026-08-01 15:43:03 [INFO]: [0mGET /css/why-choose.css [36m304[0m 1.219 ms - -[0m
2026-08-01 15:43:03 [INFO]: [0mGET /css/footer.css [36m304[0m 0.332 ms - -[0m
2026-08-01 15:43:03 [INFO]: [0mGET /css/auth.css [36m304[0m 0.755 ms - -[0m
2026-08-01 15:43:03 [INFO]: [0mGET /css/verify.css [36m304[0m 0.532 ms - -[0m
2026-08-01 15:43:03 [INFO]: [0mGET /images/hero/aloe-vera.jpg [36m304[0m 0.629 ms - -[0m
2026-08-01 15:43:03 [INFO]: [0mGET /images/hero/areca-palm.jpg [36m304[0m 0.342 ms - -[0m
2026-08-01 15:43:03 [INFO]: [0mGET /images/hero/jade-plant.jpg [36m304[0m 0.443 ms - -[0m
2026-08-01 15:43:03 [INFO]: [0mGET /images/hero/golden-pothos.jpg [36m304[0m 0.178 ms - -[0m
2026-08-01 15:43:03 [INFO]: [0mGET /images/hero/fiddle-leaf-fig.jpg [36m304[0m 0.289 ms - -[0m
2026-08-01 15:43:03 [INFO]: [0mGET /images/hero/why-choose.jpg [36m304[0m 0.437 ms - -[0m
2026-08-01 15:43:03 [INFO]: [0mGET /images/logo/plantora-orgn-white.png [36m304[0m 0.181 ms - -[0m
2026-08-01 15:43:10 [INFO]: [0mGET /notifications/latest [36m304[0m 151.701 ms - -[0m
2026-08-01 15:43:15 [INFO]: [0mGET / [36m304[0m 76.925 ms - -[0m
2026-08-01 15:43:15 [INFO]: [0mGET /css/style.css [36m304[0m 0.288 ms - -[0m
2026-08-01 15:43:15 [INFO]: [0mGET /images/logo/plantora.png [36m304[0m 0.571 ms - -[0m
2026-08-01 15:43:15 [INFO]: [0mGET /images/hero/hero-placeholder.png [36m304[0m 0.375 ms - -[0m
2026-08-01 15:43:15 [INFO]: [0mGET /images/hero/monstera-plant.jpg [36m304[0m 0.167 ms - -[0m
2026-08-01 15:43:15 [INFO]: [0mGET /js/header.js [36m304[0m 0.346 ms - -[0m
2026-08-01 15:43:15 [INFO]: [0mGET /js/featured.js [36m304[0m 0.402 ms - -[0m
2026-08-01 15:43:15 [INFO]: [0mGET /js/why-choose.js [36m304[0m 0.533 ms - -[0m
2026-08-01 15:43:15 [INFO]: [0mGET /css/variables.css [36m304[0m 0.516 ms - -[0m
2026-08-01 15:43:15 [INFO]: [0mGET /css/utilities.css [36m304[0m 0.981 ms - -[0m
2026-08-01 15:43:15 [INFO]: [0mGET /css/animations.css [36m304[0m 0.406 ms - -[0m
2026-08-01 15:43:15 [INFO]: [0mGET /css/announcement.css [36m304[0m 0.725 ms - -[0m
2026-08-01 15:43:15 [INFO]: [0mGET /css/header.css [36m304[0m 1.507 ms - -[0m
2026-08-01 15:43:15 [INFO]: [0mGET /css/hero.css [36m304[0m 0.523 ms - -[0m
2026-08-01 15:43:15 [INFO]: [0mGET /css/featured.css [36m304[0m 0.631 ms - -[0m
2026-08-01 15:43:15 [INFO]: [0mGET /css/why-choose.css [36m304[0m 2.027 ms - -[0m
2026-08-01 15:43:15 [INFO]: [0mGET /css/footer.css [36m304[0m 1.590 ms - -[0m
2026-08-01 15:43:15 [INFO]: [0mGET /css/auth.css [36m304[0m 1.308 ms - -[0m
2026-08-01 15:43:15 [INFO]: [0mGET /css/verify.css [36m304[0m 0.431 ms - -[0m
2026-08-01 15:43:15 [INFO]: [0mGET /js/notification.js [36m304[0m 0.225 ms - -[0m
2026-08-01 15:43:15 [INFO]: [0mGET /js/footer.js [36m304[0m 0.125 ms - -[0m
2026-08-01 15:43:15 [INFO]: [0mGET /js/auth.js [36m304[0m 0.314 ms - -[0m
2026-08-01 15:43:15 [INFO]: [0mGET /images/hero/snake-plant.jpg [36m304[0m 0.447 ms - -[0m
2026-08-01 15:43:15 [INFO]: [0mGET /images/hero/peace-lily.jpg [36m304[0m 0.177 ms - -[0m
2026-08-01 15:43:15 [INFO]: [0mGET /images/hero/tulip-plant.jpg [36m304[0m 0.313 ms - -[0m
2026-08-01 15:43:15 [INFO]: [0mGET /images/hero/rubber-plant.jpg [36m304[0m 0.110 ms - -[0m
2026-08-01 15:43:15 [INFO]: [0mGET /images/hero/aloe-vera.jpg [36m304[0m 0.207 ms - -[0m
2026-08-01 15:43:15 [INFO]: [0mGET /images/hero/areca-palm.jpg [36m304[0m 0.363 ms - -[0m
2026-08-01 15:43:15 [INFO]: [0mGET /images/hero/jade-plant.jpg [36m304[0m 0.532 ms - -[0m
2026-08-01 15:43:15 [INFO]: [0mGET /images/hero/golden-pothos.jpg [36m304[0m 0.159 ms - -[0m
2026-08-01 15:43:15 [INFO]: [0mGET /images/hero/fiddle-leaf-fig.jpg [36m304[0m 0.299 ms - -[0m
2026-08-01 15:43:15 [INFO]: [0mGET /images/hero/why-choose.jpg [36m304[0m 0.936 ms - -[0m
2026-08-01 15:43:15 [INFO]: [0mGET /images/logo/plantora-orgn-white.png [36m304[0m 0.283 ms - -[0m
2026-08-01 15:44:47 [INFO]: [0mGET / [36m304[0m 86.248 ms - -[0m
2026-08-01 15:44:47 [INFO]: [0mGET /css/style.css [36m304[0m 0.731 ms - -[0m
2026-08-01 15:44:47 [INFO]: [0mGET /images/logo/plantora.png [36m304[0m 0.518 ms - -[0m
2026-08-01 15:44:47 [INFO]: [0mGET /images/hero/hero-placeholder.png [36m304[0m 0.117 ms - -[0m
2026-08-01 15:44:47 [INFO]: [0mGET /images/hero/monstera-plant.jpg [36m304[0m 0.133 ms - -[0m
2026-08-01 15:44:47 [INFO]: [0mGET /js/header.js [36m304[0m 0.212 ms - -[0m
2026-08-01 15:44:47 [INFO]: [0mGET /js/featured.js [36m304[0m 0.197 ms - -[0m
2026-08-01 15:44:47 [INFO]: [0mGET /js/why-choose.js [36m304[0m 0.505 ms - -[0m
2026-08-01 15:44:47 [INFO]: [0mGET /js/notification.js [36m304[0m 0.587 ms - -[0m
2026-08-01 15:44:47 [INFO]: [0mGET /js/footer.js [36m304[0m 0.504 ms - -[0m
2026-08-01 15:44:47 [INFO]: [0mGET /js/auth.js [36m304[0m 0.590 ms - -[0m
2026-08-01 15:44:47 [INFO]: [0mGET /images/hero/snake-plant.jpg [36m304[0m 0.782 ms - -[0m
2026-08-01 15:44:47 [INFO]: [0mGET /images/hero/peace-lily.jpg [36m304[0m 0.230 ms - -[0m
2026-08-01 15:44:47 [INFO]: [0mGET /images/hero/tulip-plant.jpg [36m304[0m 0.140 ms - -[0m
2026-08-01 15:44:47 [INFO]: [0mGET /images/hero/rubber-plant.jpg [36m304[0m 0.232 ms - -[0m
2026-08-01 15:44:47 [INFO]: [0mGET /images/hero/aloe-vera.jpg [36m304[0m 0.367 ms - -[0m
2026-08-01 15:44:47 [INFO]: [0mGET /images/hero/areca-palm.jpg [36m304[0m 0.541 ms - -[0m
2026-08-01 15:44:47 [INFO]: [0mGET /css/variables.css [36m304[0m 0.166 ms - -[0m
2026-08-01 15:44:47 [INFO]: [0mGET /css/utilities.css [36m304[0m 0.340 ms - -[0m
2026-08-01 15:44:47 [INFO]: [0mGET /css/animations.css [36m304[0m 0.342 ms - -[0m
2026-08-01 15:44:47 [INFO]: [0mGET /css/announcement.css [36m304[0m 1.078 ms - -[0m
2026-08-01 15:44:47 [INFO]: [0mGET /css/hero.css [36m304[0m 0.839 ms - -[0m
2026-08-01 15:44:47 [INFO]: [0mGET /css/featured.css [36m304[0m 0.854 ms - -[0m
2026-08-01 15:44:47 [INFO]: [0mGET /css/why-choose.css [36m304[0m 0.652 ms - -[0m
2026-08-01 15:44:47 [INFO]: [0mGET /css/footer.css [36m304[0m 1.104 ms - -[0m
2026-08-01 15:44:47 [INFO]: [0mGET /css/auth.css [36m304[0m 0.948 ms - -[0m
2026-08-01 15:44:47 [INFO]: [0mGET /css/verify.css [36m304[0m 0.960 ms - -[0m
2026-08-01 15:44:47 [INFO]: [0mGET /images/hero/jade-plant.jpg [36m304[0m 0.184 ms - -[0m
2026-08-01 15:44:47 [INFO]: [0mGET /images/hero/golden-pothos.jpg [36m304[0m 0.406 ms - -[0m
2026-08-01 15:44:47 [INFO]: [0mGET /css/header.css [32m200[0m 3.733 ms - -[0m
2026-08-01 15:44:47 [INFO]: [0mGET /images/hero/fiddle-leaf-fig.jpg [36m304[0m 0.889 ms - -[0m
2026-08-01 15:44:47 [INFO]: [0mGET /images/hero/why-choose.jpg [36m304[0m 0.487 ms - -[0m
2026-08-01 15:44:47 [INFO]: [0mGET /images/logo/plantora-orgn-white.png [36m304[0m 0.589 ms - -[0m
2026-08-01 15:44:49 [INFO]: [0mGET /notifications/latest [36m304[0m 160.990 ms - -[0m
2026-08-01 15:44:51 [INFO]: [0mGET /notifications/latest [36m304[0m 160.802 ms - -[0m
2026-08-01 15:44:54 [INFO]: [0mGET /notifications/latest [36m304[0m 162.005 ms - -[0m
2026-08-01 15:45:05 [INFO]: [0mGET / [36m304[0m 83.901 ms - -[0m
2026-08-01 15:45:05 [INFO]: [0mGET /css/style.css [36m304[0m 0.595 ms - -[0m
2026-08-01 15:45:05 [INFO]: [0mGET /images/logo/plantora.png [36m304[0m 1.089 ms - -[0m
2026-08-01 15:45:05 [INFO]: [0mGET /images/hero/hero-placeholder.png [36m304[0m 0.189 ms - -[0m
2026-08-01 15:45:05 [INFO]: [0mGET /images/hero/monstera-plant.jpg [36m304[0m 0.441 ms - -[0m
2026-08-01 15:45:05 [INFO]: [0mGET /js/header.js [36m304[0m 0.432 ms - -[0m
2026-08-01 15:45:05 [INFO]: [0mGET /js/featured.js [36m304[0m 0.194 ms - -[0m
2026-08-01 15:45:05 [INFO]: [0mGET /js/why-choose.js [36m304[0m 0.118 ms - -[0m
2026-08-01 15:45:05 [INFO]: [0mGET /js/notification.js [36m304[0m 0.111 ms - -[0m
2026-08-01 15:45:05 [INFO]: [0mGET /js/footer.js [36m304[0m 0.243 ms - -[0m
2026-08-01 15:45:05 [INFO]: [0mGET /js/auth.js [36m304[0m 0.207 ms - -[0m
2026-08-01 15:45:05 [INFO]: [0mGET /images/hero/snake-plant.jpg [36m304[0m 0.335 ms - -[0m
2026-08-01 15:45:05 [INFO]: [0mGET /images/hero/peace-lily.jpg [36m304[0m 0.350 ms - -[0m
2026-08-01 15:45:05 [INFO]: [0mGET /images/hero/tulip-plant.jpg [36m304[0m 0.417 ms - -[0m
2026-08-01 15:45:05 [INFO]: [0mGET /images/hero/rubber-plant.jpg [36m304[0m 0.108 ms - -[0m
2026-08-01 15:45:05 [INFO]: [0mGET /images/hero/aloe-vera.jpg [36m304[0m 0.094 ms - -[0m
2026-08-01 15:45:05 [INFO]: [0mGET /css/variables.css [36m304[0m 0.104 ms - -[0m
2026-08-01 15:45:05 [INFO]: [0mGET /css/utilities.css [36m304[0m 0.110 ms - -[0m
2026-08-01 15:45:05 [INFO]: [0mGET /css/animations.css [36m304[0m 0.335 ms - -[0m
2026-08-01 15:45:05 [INFO]: [0mGET /css/announcement.css [36m304[0m 0.502 ms - -[0m
2026-08-01 15:45:05 [INFO]: [0mGET /css/hero.css [36m304[0m 0.950 ms - -[0m
2026-08-01 15:45:05 [INFO]: [0mGET /css/featured.css [36m304[0m 0.550 ms - -[0m
2026-08-01 15:45:05 [INFO]: [0mGET /css/why-choose.css [36m304[0m 0.528 ms - -[0m
2026-08-01 15:45:05 [INFO]: [0mGET /css/footer.css [36m304[0m 0.644 ms - -[0m
2026-08-01 15:45:05 [INFO]: [0mGET /css/auth.css [36m304[0m 0.445 ms - -[0m
2026-08-01 15:45:05 [INFO]: [0mGET /css/verify.css [36m304[0m 0.592 ms - -[0m
2026-08-01 15:45:05 [INFO]: [0mGET /css/header.css [32m200[0m 1.770 ms - -[0m
2026-08-01 15:45:05 [INFO]: [0mGET /images/hero/areca-palm.jpg [36m304[0m 0.251 ms - -[0m
2026-08-01 15:45:05 [INFO]: [0mGET /images/hero/jade-plant.jpg [36m304[0m 0.385 ms - -[0m
2026-08-01 15:45:05 [INFO]: [0mGET /images/hero/golden-pothos.jpg [36m304[0m 0.527 ms - -[0m
2026-08-01 15:45:05 [INFO]: [0mGET /images/hero/fiddle-leaf-fig.jpg [36m304[0m 0.107 ms - -[0m
2026-08-01 15:45:05 [INFO]: [0mGET /images/hero/why-choose.jpg [36m304[0m 0.104 ms - -[0m
2026-08-01 15:45:05 [INFO]: [0mGET /images/logo/plantora-orgn-white.png [36m304[0m 0.128 ms - -[0m
2026-08-01 15:45:06 [INFO]: [0mGET /notifications/latest [36m304[0m 152.382 ms - -[0m
2026-08-01 15:45:10 [INFO]: [0mGET /css/style.css [36m304[0m 0.647 ms - -[0m
2026-08-01 15:45:10 [INFO]: [0mGET /css/variables.css [36m304[0m 0.752 ms - -[0m
2026-08-01 15:45:10 [INFO]: [0mGET /css/utilities.css [36m304[0m 1.031 ms - -[0m
2026-08-01 15:45:10 [INFO]: [0mGET /css/animations.css [36m304[0m 1.189 ms - -[0m
2026-08-01 15:45:10 [INFO]: [0mGET /css/announcement.css [36m304[0m 1.528 ms - -[0m
2026-08-01 15:45:10 [INFO]: [0mGET /css/header.css [36m304[0m 1.748 ms - -[0m
2026-08-01 15:45:10 [INFO]: [0mGET /css/hero.css [36m304[0m 0.554 ms - -[0m
2026-08-01 15:45:10 [INFO]: [0mGET /css/featured.css [36m304[0m 0.597 ms - -[0m
2026-08-01 15:45:10 [INFO]: [0mGET /css/why-choose.css [36m304[0m 0.648 ms - -[0m
2026-08-01 15:45:10 [INFO]: [0mGET /css/footer.css [36m304[0m 0.975 ms - -[0m
2026-08-01 15:45:10 [INFO]: [0mGET /css/auth.css [36m304[0m 0.447 ms - -[0m
2026-08-01 15:45:10 [INFO]: [0mGET /css/verify.css [36m304[0m 0.596 ms - -[0m
2026-08-01 15:45:10 [INFO]: [0mGET /.well-known/appspecific/com.chrome.devtools.json [33m404[0m 76.309 ms - 112[0m
2026-08-01 15:45:39 [INFO]: [0mGET / [32m200[0m 7.197 ms - -[0m
2026-08-01 15:45:40 [INFO]: [0mGET /css/style.css [36m304[0m 0.770 ms - -[0m
2026-08-01 15:45:40 [INFO]: [0mGET /images/logo/plantora.png [36m304[0m 1.353 ms - -[0m
2026-08-01 15:45:40 [INFO]: [0mGET /images/hero/hero-placeholder.png [36m304[0m 0.945 ms - -[0m
2026-08-01 15:45:40 [INFO]: [0mGET /.well-known/appspecific/com.chrome.devtools.json [33m404[0m 1.234 ms - 112[0m
2026-08-01 15:45:40 [INFO]: [0mGET /images/hero/monstera-plant.jpg [36m304[0m 0.565 ms - -[0m
2026-08-01 15:45:40 [INFO]: [0mGET /images/hero/snake-plant.jpg [36m304[0m 0.839 ms - -[0m
2026-08-01 15:45:40 [INFO]: [0mGET /images/hero/peace-lily.jpg [36m304[0m 0.541 ms - -[0m
2026-08-01 15:45:40 [INFO]: [0mGET /js/header.js [36m304[0m 0.380 ms - -[0m
2026-08-01 15:45:40 [INFO]: [0mGET /css/variables.css [36m304[0m 0.594 ms - -[0m
2026-08-01 15:45:40 [INFO]: [0mGET /css/utilities.css [36m304[0m 0.859 ms - -[0m
2026-08-01 15:45:40 [INFO]: [0mGET /css/animations.css [36m304[0m 1.588 ms - -[0m
2026-08-01 15:45:40 [INFO]: [0mGET /css/header.css [36m304[0m 0.696 ms - -[0m
2026-08-01 15:45:40 [INFO]: [0mGET /css/announcement.css [36m304[0m 1.009 ms - -[0m
2026-08-01 15:45:40 [INFO]: [0mGET /css/featured.css [36m304[0m 1.215 ms - -[0m
2026-08-01 15:45:40 [INFO]: [0mGET /css/why-choose.css [36m304[0m 1.465 ms - -[0m
2026-08-01 15:45:40 [INFO]: [0mGET /css/hero.css [36m304[0m 1.508 ms - -[0m
2026-08-01 15:45:40 [INFO]: [0mGET /css/footer.css [36m304[0m 0.414 ms - -[0m
2026-08-01 15:45:40 [INFO]: [0mGET /css/auth.css [36m304[0m 0.587 ms - -[0m
2026-08-01 15:45:40 [INFO]: [0mGET /css/verify.css [36m304[0m 0.779 ms - -[0m
2026-08-01 15:45:40 [INFO]: [0mGET /js/featured.js [36m304[0m 0.698 ms - -[0m
2026-08-01 15:45:40 [INFO]: [0mGET /js/why-choose.js [36m304[0m 0.976 ms - -[0m
2026-08-01 15:45:40 [INFO]: [0mGET /js/notification.js [36m304[0m 1.218 ms - -[0m
2026-08-01 15:45:40 [INFO]: [0mGET /js/footer.js [36m304[0m 1.444 ms - -[0m
2026-08-01 15:45:40 [INFO]: [0mGET /js/auth.js [36m304[0m 0.289 ms - -[0m
2026-08-01 15:45:40 [INFO]: [0mGET /images/hero/tulip-plant.jpg [36m304[0m 0.455 ms - -[0m
2026-08-01 15:45:40 [INFO]: [0mGET /images/hero/rubber-plant.jpg [36m304[0m 0.631 ms - -[0m
2026-08-01 15:45:40 [INFO]: [0mGET /images/hero/aloe-vera.jpg [36m304[0m 0.971 ms - -[0m
2026-08-01 15:45:40 [INFO]: [0mGET /images/hero/areca-palm.jpg [36m304[0m 0.252 ms - -[0m
2026-08-01 15:45:40 [INFO]: [0mGET /images/hero/jade-plant.jpg [36m304[0m 0.242 ms - -[0m
2026-08-01 15:45:40 [INFO]: [0mGET /images/hero/golden-pothos.jpg [36m304[0m 0.227 ms - -[0m
2026-08-01 15:45:40 [INFO]: [0mGET /images/hero/fiddle-leaf-fig.jpg [36m304[0m 0.186 ms - -[0m
2026-08-01 15:45:40 [INFO]: [0mGET /images/hero/why-choose.jpg [36m304[0m 0.529 ms - -[0m
2026-08-01 15:45:40 [INFO]: [0mGET /images/logo/plantora-orgn-white.png [36m304[0m 1.324 ms - -[0m
2026-08-01 15:45:45 [INFO]: Login successful : plantora-admin@yopmail.com
2026-08-01 15:45:45 [INFO]: [0mPOST /auth/login [32m200[0m 526.971 ms - 46[0m
2026-08-01 15:45:46 [INFO]: [0mGET / [32m200[0m 80.367 ms - -[0m
2026-08-01 15:45:46 [INFO]: [0mGET /css/style.css [36m304[0m 0.469 ms - -[0m
2026-08-01 15:45:46 [INFO]: [0mGET /images/logo/plantora.png [36m304[0m 0.618 ms - -[0m
2026-08-01 15:45:46 [INFO]: [0mGET /images/hero/hero-placeholder.png [36m304[0m 0.339 ms - -[0m
2026-08-01 15:45:46 [INFO]: [0mGET /images/hero/monstera-plant.jpg [36m304[0m 0.753 ms - -[0m
2026-08-01 15:45:46 [INFO]: [0mGET /js/header.js [36m304[0m 0.942 ms - -[0m
2026-08-01 15:45:46 [INFO]: [0mGET /js/featured.js [36m304[0m 1.067 ms - -[0m
2026-08-01 15:45:46 [INFO]: [0mGET /js/why-choose.js [36m304[0m 0.191 ms - -[0m
2026-08-01 15:45:46 [INFO]: [0mGET /css/variables.css [36m304[0m 0.654 ms - -[0m
2026-08-01 15:45:46 [INFO]: [0mGET /css/utilities.css [36m304[0m 1.078 ms - -[0m
2026-08-01 15:45:46 [INFO]: [0mGET /css/animations.css [36m304[0m 0.567 ms - -[0m
2026-08-01 15:45:46 [INFO]: [0mGET /css/announcement.css [36m304[0m 0.779 ms - -[0m
2026-08-01 15:45:46 [INFO]: [0mGET /css/header.css [36m304[0m 0.872 ms - -[0m
2026-08-01 15:45:46 [INFO]: [0mGET /css/hero.css [36m304[0m 0.777 ms - -[0m
2026-08-01 15:45:46 [INFO]: [0mGET /css/featured.css [36m304[0m 1.071 ms - -[0m
2026-08-01 15:45:46 [INFO]: [0mGET /css/why-choose.css [36m304[0m 1.507 ms - -[0m
2026-08-01 15:45:46 [INFO]: [0mGET /css/footer.css [36m304[0m 1.625 ms - -[0m
2026-08-01 15:45:46 [INFO]: [0mGET /css/auth.css [36m304[0m 0.363 ms - -[0m
2026-08-01 15:45:46 [INFO]: [0mGET /css/verify.css [36m304[0m 0.987 ms - -[0m
2026-08-01 15:45:46 [INFO]: [0mGET /js/notification.js [36m304[0m 0.506 ms - -[0m
2026-08-01 15:45:46 [INFO]: [0mGET /js/footer.js [36m304[0m 0.676 ms - -[0m
2026-08-01 15:45:46 [INFO]: [0mGET /js/auth.js [36m304[0m 0.882 ms - -[0m
2026-08-01 15:45:46 [INFO]: [0mGET /images/hero/snake-plant.jpg [36m304[0m 0.227 ms - -[0m
2026-08-01 15:45:46 [INFO]: [0mGET /images/hero/peace-lily.jpg [36m304[0m 0.159 ms - -[0m
2026-08-01 15:45:46 [INFO]: [0mGET /images/hero/tulip-plant.jpg [36m304[0m 0.222 ms - -[0m
2026-08-01 15:45:46 [INFO]: [0mGET /images/hero/rubber-plant.jpg [36m304[0m 0.280 ms - -[0m
2026-08-01 15:45:46 [INFO]: [0mGET /images/hero/aloe-vera.jpg [36m304[0m 0.538 ms - -[0m
2026-08-01 15:45:46 [INFO]: [0mGET /images/hero/areca-palm.jpg [36m304[0m 0.871 ms - -[0m
2026-08-01 15:45:46 [INFO]: [0mGET /images/hero/jade-plant.jpg [36m304[0m 0.203 ms - -[0m
2026-08-01 15:45:46 [INFO]: [0mGET /images/hero/golden-pothos.jpg [36m304[0m 0.173 ms - -[0m
2026-08-01 15:45:46 [INFO]: [0mGET /images/hero/fiddle-leaf-fig.jpg [36m304[0m 0.386 ms - -[0m
2026-08-01 15:45:46 [INFO]: [0mGET /images/hero/why-choose.jpg [36m304[0m 0.510 ms - -[0m
2026-08-01 15:45:46 [INFO]: [0mGET /images/logo/plantora-orgn-white.png [36m304[0m 0.166 ms - -[0m
2026-08-01 15:45:46 [INFO]: [0mGET /.well-known/appspecific/com.chrome.devtools.json [33m404[0m 78.311 ms - 112[0m
2026-08-01 15:45:47 [INFO]: [0mGET /notifications/latest [36m304[0m 168.324 ms - -[0m
2026-08-01 15:47:06 [INFO]: [0mGET / [36m304[0m 77.944 ms - -[0m
2026-08-01 15:47:06 [INFO]: [0mGET /css/style.css [36m304[0m 0.829 ms - -[0m
2026-08-01 15:47:06 [INFO]: [0mGET /images/logo/plantora.png [36m304[0m 1.061 ms - -[0m
2026-08-01 15:47:06 [INFO]: [0mGET /images/hero/hero-placeholder.png [36m304[0m 0.516 ms - -[0m
2026-08-01 15:47:06 [INFO]: [0mGET /images/hero/monstera-plant.jpg [36m304[0m 1.179 ms - -[0m
2026-08-01 15:47:06 [INFO]: [0mGET /js/header.js [36m304[0m 0.568 ms - -[0m
2026-08-01 15:47:06 [INFO]: [0mGET /js/featured.js [36m304[0m 0.757 ms - -[0m
2026-08-01 15:47:06 [INFO]: [0mGET /js/why-choose.js [36m304[0m 0.980 ms - -[0m
2026-08-01 15:47:06 [INFO]: [0mGET /css/variables.css [36m304[0m 0.536 ms - -[0m
2026-08-01 15:47:06 [INFO]: [0mGET /css/utilities.css [36m304[0m 0.755 ms - -[0m
2026-08-01 15:47:06 [INFO]: [0mGET /css/animations.css [36m304[0m 1.425 ms - -[0m
2026-08-01 15:47:06 [INFO]: [0mGET /css/announcement.css [36m304[0m 0.581 ms - -[0m
2026-08-01 15:47:06 [INFO]: [0mGET /css/hero.css [36m304[0m 1.475 ms - -[0m
2026-08-01 15:47:06 [INFO]: [0mGET /css/featured.css [36m304[0m 0.835 ms - -[0m
2026-08-01 15:47:06 [INFO]: [0mGET /css/why-choose.css [36m304[0m 1.022 ms - -[0m
2026-08-01 15:47:06 [INFO]: [0mGET /css/footer.css [36m304[0m 0.803 ms - -[0m
2026-08-01 15:47:06 [INFO]: [0mGET /css/auth.css [36m304[0m 1.016 ms - -[0m
2026-08-01 15:47:06 [INFO]: [0mGET /css/verify.css [36m304[0m 1.026 ms - -[0m
2026-08-01 15:47:06 [INFO]: [0mGET /js/notification.js [36m304[0m 0.146 ms - -[0m
2026-08-01 15:47:06 [INFO]: [0mGET /css/header.css [32m200[0m 3.524 ms - -[0m
2026-08-01 15:47:06 [INFO]: [0mGET /js/footer.js [36m304[0m 0.369 ms - -[0m
2026-08-01 15:47:06 [INFO]: [0mGET /js/auth.js [36m304[0m 0.515 ms - -[0m
2026-08-01 15:47:06 [INFO]: [0mGET /images/hero/snake-plant.jpg [36m304[0m 0.229 ms - -[0m
2026-08-01 15:47:06 [INFO]: [0mGET /images/hero/peace-lily.jpg [36m304[0m 0.496 ms - -[0m
2026-08-01 15:47:06 [INFO]: [0mGET /images/hero/tulip-plant.jpg [36m304[0m 0.242 ms - -[0m
2026-08-01 15:47:06 [INFO]: [0mGET /images/hero/rubber-plant.jpg [36m304[0m 0.252 ms - -[0m
2026-08-01 15:47:06 [INFO]: [0mGET /images/hero/aloe-vera.jpg [36m304[0m 0.445 ms - -[0m
2026-08-01 15:47:06 [INFO]: [0mGET /images/hero/areca-palm.jpg [36m304[0m 0.352 ms - -[0m
2026-08-01 15:47:06 [INFO]: [0mGET /images/hero/jade-plant.jpg [36m304[0m 0.231 ms - -[0m
2026-08-01 15:47:06 [INFO]: [0mGET /images/hero/golden-pothos.jpg [36m304[0m 0.212 ms - -[0m
2026-08-01 15:47:06 [INFO]: [0mGET /images/hero/fiddle-leaf-fig.jpg [36m304[0m 0.499 ms - -[0m
2026-08-01 15:47:06 [INFO]: [0mGET /images/hero/why-choose.jpg [36m304[0m 0.319 ms - -[0m
2026-08-01 15:47:06 [INFO]: [0mGET /images/logo/plantora-orgn-white.png [36m304[0m 0.388 ms - -[0m
2026-08-01 15:47:08 [INFO]: [0mGET /notifications/latest [36m304[0m 157.306 ms - -[0m
2026-08-01 15:47:11 [INFO]: [0mGET /notifications/latest [36m304[0m 162.476 ms - -[0m
2026-08-01 15:47:30 [INFO]: [0mGET / [36m304[0m 85.957 ms - -[0m
2026-08-01 15:47:30 [INFO]: [0mGET /css/style.css [36m304[0m 0.411 ms - -[0m
2026-08-01 15:47:30 [INFO]: [0mGET /images/logo/plantora.png [36m304[0m 0.702 ms - -[0m
2026-08-01 15:47:30 [INFO]: [0mGET /images/hero/hero-placeholder.png [36m304[0m 0.436 ms - -[0m
2026-08-01 15:47:30 [INFO]: [0mGET /images/hero/monstera-plant.jpg [36m304[0m 0.606 ms - -[0m
2026-08-01 15:47:30 [INFO]: [0mGET /js/header.js [36m304[0m 0.209 ms - -[0m
2026-08-01 15:47:30 [INFO]: [0mGET /js/featured.js [36m304[0m 0.351 ms - -[0m
2026-08-01 15:47:30 [INFO]: [0mGET /js/why-choose.js [36m304[0m 0.120 ms - -[0m
2026-08-01 15:47:30 [INFO]: [0mGET /css/variables.css [36m304[0m 0.447 ms - -[0m
2026-08-01 15:47:30 [INFO]: [0mGET /css/utilities.css [36m304[0m 0.581 ms - -[0m
2026-08-01 15:47:30 [INFO]: [0mGET /css/animations.css [36m304[0m 0.254 ms - -[0m
2026-08-01 15:47:30 [INFO]: [0mGET /css/announcement.css [36m304[0m 1.019 ms - -[0m
2026-08-01 15:47:30 [INFO]: [0mGET /css/hero.css [36m304[0m 0.983 ms - -[0m
2026-08-01 15:47:30 [INFO]: [0mGET /css/footer.css [36m304[0m 0.684 ms - -[0m
2026-08-01 15:47:30 [INFO]: [0mGET /css/featured.css [36m304[0m 0.933 ms - -[0m
2026-08-01 15:47:30 [INFO]: [0mGET /css/why-choose.css [36m304[0m 1.241 ms - -[0m
2026-08-01 15:47:30 [INFO]: [0mGET /css/auth.css [36m304[0m 0.900 ms - -[0m
2026-08-01 15:47:30 [INFO]: [0mGET /css/verify.css [36m304[0m 0.905 ms - -[0m
2026-08-01 15:47:30 [INFO]: [0mGET /css/header.css [32m200[0m 2.669 ms - -[0m
2026-08-01 15:47:30 [INFO]: [0mGET /js/notification.js [36m304[0m 0.213 ms - -[0m
2026-08-01 15:47:30 [INFO]: [0mGET /js/footer.js [36m304[0m 0.211 ms - -[0m
2026-08-01 15:47:30 [INFO]: [0mGET /js/auth.js [36m304[0m 0.362 ms - -[0m
2026-08-01 15:47:30 [INFO]: [0mGET /images/hero/snake-plant.jpg [36m304[0m 0.197 ms - -[0m
2026-08-01 15:47:30 [INFO]: [0mGET /images/hero/peace-lily.jpg [36m304[0m 0.308 ms - -[0m
2026-08-01 15:47:30 [INFO]: [0mGET /images/hero/tulip-plant.jpg [36m304[0m 0.176 ms - -[0m
2026-08-01 15:47:30 [INFO]: [0mGET /images/hero/rubber-plant.jpg [36m304[0m 0.272 ms - -[0m
2026-08-01 15:47:30 [INFO]: [0mGET /images/hero/aloe-vera.jpg [36m304[0m 0.179 ms - -[0m
2026-08-01 15:47:30 [INFO]: [0mGET /images/hero/areca-palm.jpg [36m304[0m 0.261 ms - -[0m
2026-08-01 15:47:30 [INFO]: [0mGET /images/hero/jade-plant.jpg [36m304[0m 0.137 ms - -[0m
2026-08-01 15:47:30 [INFO]: [0mGET /images/hero/golden-pothos.jpg [36m304[0m 0.233 ms - -[0m
2026-08-01 15:47:30 [INFO]: [0mGET /images/hero/fiddle-leaf-fig.jpg [36m304[0m 0.462 ms - -[0m
2026-08-01 15:47:30 [INFO]: [0mGET /images/hero/why-choose.jpg [36m304[0m 0.672 ms - -[0m
2026-08-01 15:47:30 [INFO]: [0mGET /images/logo/plantora-orgn-white.png [36m304[0m 0.308 ms - -[0m
2026-08-01 15:47:32 [INFO]: [0mGET /notifications/latest [36m304[0m 155.574 ms - -[0m
2026-08-01 15:47:40 [INFO]: [0mGET / [36m304[0m 86.523 ms - -[0m
2026-08-01 15:47:40 [INFO]: [0mGET /css/style.css [36m304[0m 0.726 ms - -[0m
2026-08-01 15:47:40 [INFO]: [0mGET /images/logo/plantora.png [36m304[0m 0.580 ms - -[0m
2026-08-01 15:47:40 [INFO]: [0mGET /images/hero/hero-placeholder.png [36m304[0m 0.151 ms - -[0m
2026-08-01 15:47:40 [INFO]: [0mGET /images/hero/monstera-plant.jpg [36m304[0m 0.607 ms - -[0m
2026-08-01 15:47:40 [INFO]: [0mGET /js/header.js [36m304[0m 0.279 ms - -[0m
2026-08-01 15:47:40 [INFO]: [0mGET /js/featured.js [36m304[0m 0.648 ms - -[0m
2026-08-01 15:47:40 [INFO]: [0mGET /js/why-choose.js [36m304[0m 0.927 ms - -[0m
2026-08-01 15:47:40 [INFO]: [0mGET /js/notification.js [36m304[0m 1.650 ms - -[0m
2026-08-01 15:47:40 [INFO]: [0mGET /css/variables.css [36m304[0m 1.237 ms - -[0m
2026-08-01 15:47:40 [INFO]: [0mGET /css/utilities.css [36m304[0m 1.026 ms - -[0m
2026-08-01 15:47:40 [INFO]: [0mGET /css/animations.css [36m304[0m 1.365 ms - -[0m
2026-08-01 15:47:40 [INFO]: [0mGET /css/announcement.css [36m304[0m 1.641 ms - -[0m
2026-08-01 15:47:40 [INFO]: [0mGET /css/hero.css [36m304[0m 0.722 ms - -[0m
2026-08-01 15:47:40 [INFO]: [0mGET /css/featured.css [36m304[0m 0.843 ms - -[0m
2026-08-01 15:47:40 [INFO]: [0mGET /css/why-choose.css [36m304[0m 1.022 ms - -[0m
2026-08-01 15:47:40 [INFO]: [0mGET /css/footer.css [36m304[0m 1.463 ms - -[0m
2026-08-01 15:47:40 [INFO]: [0mGET /css/auth.css [36m304[0m 1.108 ms - -[0m
2026-08-01 15:47:40 [INFO]: [0mGET /css/verify.css [36m304[0m 0.746 ms - -[0m
2026-08-01 15:47:40 [INFO]: [0mGET /css/header.css [32m200[0m 2.815 ms - -[0m
2026-08-01 15:47:40 [INFO]: [0mGET /js/footer.js [36m304[0m 0.563 ms - -[0m
2026-08-01 15:47:40 [INFO]: [0mGET /js/auth.js [36m304[0m 0.710 ms - -[0m
2026-08-01 15:47:40 [INFO]: [0mGET /images/hero/snake-plant.jpg [36m304[0m 1.028 ms - -[0m
2026-08-01 15:47:40 [INFO]: [0mGET /images/hero/peace-lily.jpg [36m304[0m 0.397 ms - -[0m
2026-08-01 15:47:40 [INFO]: [0mGET /images/hero/tulip-plant.jpg [36m304[0m 1.105 ms - -[0m
2026-08-01 15:47:40 [INFO]: [0mGET /images/hero/rubber-plant.jpg [36m304[0m 0.810 ms - -[0m
2026-08-01 15:47:40 [INFO]: [0mGET /images/hero/aloe-vera.jpg [36m304[0m 0.937 ms - -[0m
2026-08-01 15:47:40 [INFO]: [0mGET /images/hero/areca-palm.jpg [36m304[0m 0.208 ms - -[0m
2026-08-01 15:47:40 [INFO]: [0mGET /images/hero/jade-plant.jpg [36m304[0m 0.182 ms - -[0m
2026-08-01 15:47:40 [INFO]: [0mGET /images/hero/golden-pothos.jpg [36m304[0m 0.383 ms - -[0m
2026-08-01 15:47:40 [INFO]: [0mGET /images/hero/fiddle-leaf-fig.jpg [36m304[0m 0.609 ms - -[0m
2026-08-01 15:47:40 [INFO]: [0mGET /images/hero/why-choose.jpg [36m304[0m 0.354 ms - -[0m
2026-08-01 15:47:40 [INFO]: [0mGET /images/logo/plantora-orgn-white.png [36m304[0m 0.555 ms - -[0m
2026-08-01 15:47:41 [INFO]: [0mGET /notifications/latest [36m304[0m 160.774 ms - -[0m
2026-08-01 15:47:51 [INFO]: [0mGET / [36m304[0m 84.552 ms - -[0m
2026-08-01 15:47:51 [INFO]: [0mGET /css/style.css [36m304[0m 0.203 ms - -[0m
2026-08-01 15:47:51 [INFO]: [0mGET /images/hero/hero-placeholder.png [36m304[0m 0.779 ms - -[0m
2026-08-01 15:47:51 [INFO]: [0mGET /images/logo/plantora.png [36m304[0m 0.832 ms - -[0m
2026-08-01 15:47:51 [INFO]: [0mGET /images/hero/monstera-plant.jpg [36m304[0m 0.226 ms - -[0m
2026-08-01 15:47:51 [INFO]: [0mGET /js/header.js [36m304[0m 0.354 ms - -[0m
2026-08-01 15:47:51 [INFO]: [0mGET /js/featured.js [36m304[0m 0.388 ms - -[0m
2026-08-01 15:47:51 [INFO]: [0mGET /css/utilities.css [36m304[0m 0.464 ms - -[0m
2026-08-01 15:47:51 [INFO]: [0mGET /css/variables.css [36m304[0m 0.887 ms - -[0m
2026-08-01 15:47:51 [INFO]: [0mGET /css/animations.css [36m304[0m 0.718 ms - -[0m
2026-08-01 15:47:51 [INFO]: [0mGET /css/announcement.css [36m304[0m 1.190 ms - -[0m
2026-08-01 15:47:51 [INFO]: [0mGET /css/hero.css [36m304[0m 1.007 ms - -[0m
2026-08-01 15:47:51 [INFO]: [0mGET /css/featured.css [36m304[0m 0.745 ms - -[0m
2026-08-01 15:47:51 [INFO]: [0mGET /css/why-choose.css [36m304[0m 0.883 ms - -[0m
2026-08-01 15:47:51 [INFO]: [0mGET /css/footer.css [36m304[0m 1.491 ms - -[0m
2026-08-01 15:47:51 [INFO]: [0mGET /css/auth.css [36m304[0m 1.075 ms - -[0m
2026-08-01 15:47:51 [INFO]: [0mGET /css/verify.css [36m304[0m 1.458 ms - -[0m
2026-08-01 15:47:51 [INFO]: [0mGET /js/why-choose.js [36m304[0m 1.079 ms - -[0m
2026-08-01 15:47:51 [INFO]: [0mGET /js/notification.js [36m304[0m 1.481 ms - -[0m
2026-08-01 15:47:51 [INFO]: [0mGET /css/header.css [32m200[0m 4.813 ms - -[0m
2026-08-01 15:47:51 [INFO]: [0mGET /js/footer.js [36m304[0m 1.437 ms - -[0m
2026-08-01 15:47:51 [INFO]: [0mGET /js/auth.js [36m304[0m 0.324 ms - -[0m
2026-08-01 15:47:51 [INFO]: [0mGET /images/hero/snake-plant.jpg [36m304[0m 0.499 ms - -[0m
2026-08-01 15:47:51 [INFO]: [0mGET /images/hero/peace-lily.jpg [36m304[0m 0.565 ms - -[0m
2026-08-01 15:47:51 [INFO]: [0mGET /images/hero/tulip-plant.jpg [36m304[0m 1.002 ms - -[0m
2026-08-01 15:47:51 [INFO]: [0mGET /images/hero/rubber-plant.jpg [36m304[0m 0.811 ms - -[0m
2026-08-01 15:47:51 [INFO]: [0mGET /images/hero/aloe-vera.jpg [36m304[0m 0.328 ms - -[0m
2026-08-01 15:47:51 [INFO]: [0mGET /images/hero/areca-palm.jpg [36m304[0m 0.429 ms - -[0m
2026-08-01 15:47:51 [INFO]: [0mGET /images/hero/jade-plant.jpg [36m304[0m 1.021 ms - -[0m
2026-08-01 15:47:51 [INFO]: [0mGET /images/hero/golden-pothos.jpg [36m304[0m 0.862 ms - -[0m
2026-08-01 15:47:51 [INFO]: [0mGET /images/hero/fiddle-leaf-fig.jpg [36m304[0m 1.586 ms - -[0m
2026-08-01 15:47:51 [INFO]: [0mGET /images/hero/why-choose.jpg [36m304[0m 0.809 ms - -[0m
2026-08-01 15:47:51 [INFO]: [0mGET /images/logo/plantora-orgn-white.png [36m304[0m 0.317 ms - -[0m
2026-08-01 15:47:53 [INFO]: [0mGET /notifications/latest [36m304[0m 166.508 ms - -[0m
2026-08-01 15:48:16 [INFO]: [0mGET / [36m304[0m 81.013 ms - -[0m
2026-08-01 15:48:16 [INFO]: [0mGET /css/style.css [36m304[0m 0.459 ms - -[0m
2026-08-01 15:48:16 [INFO]: [0mGET /images/logo/plantora.png [36m304[0m 0.580 ms - -[0m
2026-08-01 15:48:16 [INFO]: [0mGET /images/hero/hero-placeholder.png [36m304[0m 0.445 ms - -[0m
2026-08-01 15:48:16 [INFO]: [0mGET /images/hero/monstera-plant.jpg [36m304[0m 0.169 ms - -[0m
2026-08-01 15:48:16 [INFO]: [0mGET /js/header.js [36m304[0m 0.387 ms - -[0m
2026-08-01 15:48:16 [INFO]: [0mGET /js/featured.js [36m304[0m 0.197 ms - -[0m
2026-08-01 15:48:16 [INFO]: [0mGET /js/why-choose.js [36m304[0m 0.136 ms - -[0m
2026-08-01 15:48:16 [INFO]: [0mGET /js/notification.js [36m304[0m 0.123 ms - -[0m
2026-08-01 15:48:16 [INFO]: [0mGET /css/variables.css [36m304[0m 0.695 ms - -[0m
2026-08-01 15:48:16 [INFO]: [0mGET /css/utilities.css [36m304[0m 1.149 ms - -[0m
2026-08-01 15:48:16 [INFO]: [0mGET /css/animations.css [36m304[0m 1.272 ms - -[0m
2026-08-01 15:48:16 [INFO]: [0mGET /css/announcement.css [36m304[0m 1.382 ms - -[0m
2026-08-01 15:48:16 [INFO]: [0mGET /css/hero.css [36m304[0m 0.590 ms - -[0m
2026-08-01 15:48:16 [INFO]: [0mGET /css/featured.css [36m304[0m 0.958 ms - -[0m
2026-08-01 15:48:16 [INFO]: [0mGET /css/why-choose.css [36m304[0m 1.151 ms - -[0m
2026-08-01 15:48:16 [INFO]: [0mGET /css/footer.css [36m304[0m 1.227 ms - -[0m
2026-08-01 15:48:16 [INFO]: [0mGET /css/auth.css [36m304[0m 0.676 ms - -[0m
2026-08-01 15:48:16 [INFO]: [0mGET /css/verify.css [36m304[0m 0.177 ms - -[0m
2026-08-01 15:48:16 [INFO]: [0mGET /css/header.css [32m200[0m 4.158 ms - -[0m
2026-08-01 15:48:16 [INFO]: [0mGET /js/footer.js [36m304[0m 0.203 ms - -[0m
2026-08-01 15:48:16 [INFO]: [0mGET /js/auth.js [36m304[0m 0.330 ms - -[0m
2026-08-01 15:48:16 [INFO]: [0mGET /images/hero/snake-plant.jpg [36m304[0m 0.110 ms - -[0m
2026-08-01 15:48:16 [INFO]: [0mGET /images/hero/peace-lily.jpg [36m304[0m 0.206 ms - -[0m
2026-08-01 15:48:16 [INFO]: [0mGET /images/hero/tulip-plant.jpg [36m304[0m 0.341 ms - -[0m
2026-08-01 15:48:16 [INFO]: [0mGET /images/hero/rubber-plant.jpg [36m304[0m 0.183 ms - -[0m
2026-08-01 15:48:16 [INFO]: [0mGET /images/hero/aloe-vera.jpg [36m304[0m 0.302 ms - -[0m
2026-08-01 15:48:16 [INFO]: [0mGET /images/hero/areca-palm.jpg [36m304[0m 0.265 ms - -[0m
2026-08-01 15:48:16 [INFO]: [0mGET /images/hero/jade-plant.jpg [36m304[0m 0.352 ms - -[0m
2026-08-01 15:48:16 [INFO]: [0mGET /images/hero/golden-pothos.jpg [36m304[0m 0.112 ms - -[0m
2026-08-01 15:48:16 [INFO]: [0mGET /images/hero/fiddle-leaf-fig.jpg [36m304[0m 0.418 ms - -[0m
2026-08-01 15:48:16 [INFO]: [0mGET /images/hero/why-choose.jpg [36m304[0m 0.196 ms - -[0m
2026-08-01 15:48:16 [INFO]: [0mGET /images/logo/plantora-orgn-white.png [36m304[0m 0.372 ms - -[0m
2026-08-01 15:48:17 [INFO]: [0mGET /notifications/latest [36m304[0m 155.003 ms - -[0m
2026-08-01 15:49:10 [INFO]: [0mGET / [36m304[0m 86.217 ms - -[0m
2026-08-01 15:49:10 [INFO]: [0mGET /css/style.css [36m304[0m 0.439 ms - -[0m
2026-08-01 15:49:10 [INFO]: [0mGET /images/logo/plantora.png [36m304[0m 0.210 ms - -[0m
2026-08-01 15:49:10 [INFO]: [0mGET /images/hero/hero-placeholder.png [36m304[0m 0.347 ms - -[0m
2026-08-01 15:49:10 [INFO]: [0mGET /images/hero/monstera-plant.jpg [36m304[0m 0.129 ms - -[0m
2026-08-01 15:49:10 [INFO]: [0mGET /js/header.js [36m304[0m 0.224 ms - -[0m
2026-08-01 15:49:10 [INFO]: [0mGET /js/featured.js [36m304[0m 0.357 ms - -[0m
2026-08-01 15:49:10 [INFO]: [0mGET /js/why-choose.js [36m304[0m 0.162 ms - -[0m
2026-08-01 15:49:10 [INFO]: [0mGET /js/notification.js [36m304[0m 0.110 ms - -[0m
2026-08-01 15:49:10 [INFO]: [0mGET /js/footer.js [36m304[0m 0.204 ms - -[0m
2026-08-01 15:49:10 [INFO]: [0mGET /js/auth.js [36m304[0m 0.398 ms - -[0m
2026-08-01 15:49:10 [INFO]: [0mGET /css/variables.css [36m304[0m 1.156 ms - -[0m
2026-08-01 15:49:10 [INFO]: [0mGET /css/utilities.css [36m304[0m 0.999 ms - -[0m
2026-08-01 15:49:10 [INFO]: [0mGET /css/animations.css [36m304[0m 1.426 ms - -[0m
2026-08-01 15:49:10 [INFO]: [0mGET /css/announcement.css [36m304[0m 2.009 ms - -[0m
2026-08-01 15:49:10 [INFO]: [0mGET /css/hero.css [36m304[0m 0.299 ms - -[0m
2026-08-01 15:49:10 [INFO]: [0mGET /css/featured.css [36m304[0m 0.568 ms - -[0m
2026-08-01 15:49:10 [INFO]: [0mGET /css/why-choose.css [36m304[0m 0.902 ms - -[0m
2026-08-01 15:49:10 [INFO]: [0mGET /css/footer.css [36m304[0m 1.573 ms - -[0m
2026-08-01 15:49:10 [INFO]: [0mGET /css/auth.css [36m304[0m 0.395 ms - -[0m
2026-08-01 15:49:10 [INFO]: [0mGET /css/verify.css [36m304[0m 0.478 ms - -[0m
2026-08-01 15:49:10 [INFO]: [0mGET /images/hero/snake-plant.jpg [36m304[0m 0.797 ms - -[0m
2026-08-01 15:49:10 [INFO]: [0mGET /css/header.css [32m200[0m 3.150 ms - -[0m
2026-08-01 15:49:10 [INFO]: [0mGET /images/hero/peace-lily.jpg [36m304[0m 0.697 ms - -[0m
2026-08-01 15:49:10 [INFO]: [0mGET /images/hero/tulip-plant.jpg [36m304[0m 0.158 ms - -[0m
2026-08-01 15:49:10 [INFO]: [0mGET /images/hero/rubber-plant.jpg [36m304[0m 0.160 ms - -[0m
2026-08-01 15:49:10 [INFO]: [0mGET /images/hero/aloe-vera.jpg [36m304[0m 0.276 ms - -[0m
2026-08-01 15:49:10 [INFO]: [0mGET /images/hero/areca-palm.jpg [36m304[0m 0.096 ms - -[0m
2026-08-01 15:49:10 [INFO]: [0mGET /images/hero/jade-plant.jpg [36m304[0m 0.094 ms - -[0m
2026-08-01 15:49:10 [INFO]: [0mGET /images/hero/golden-pothos.jpg [36m304[0m 0.165 ms - -[0m
2026-08-01 15:49:10 [INFO]: [0mGET /images/hero/fiddle-leaf-fig.jpg [36m304[0m 0.439 ms - -[0m
2026-08-01 15:49:10 [INFO]: [0mGET /images/hero/why-choose.jpg [36m304[0m 0.670 ms - -[0m
2026-08-01 15:49:10 [INFO]: [0mGET /images/logo/plantora-orgn-white.png [36m304[0m 0.832 ms - -[0m
2026-08-01 15:49:11 [INFO]: [0mGET /notifications/latest [36m304[0m 155.760 ms - -[0m
2026-08-01 15:50:57 [INFO]: [0mGET / [36m304[0m 78.338 ms - -[0m
2026-08-01 15:50:57 [INFO]: [0mGET /css/style.css [36m304[0m 0.244 ms - -[0m
2026-08-01 15:50:57 [INFO]: [0mGET /images/hero/hero-placeholder.png [36m304[0m 0.217 ms - -[0m
2026-08-01 15:50:57 [INFO]: [0mGET /images/logo/plantora.png [36m304[0m 0.393 ms - -[0m
2026-08-01 15:50:57 [INFO]: [0mGET /images/hero/monstera-plant.jpg [36m304[0m 0.133 ms - -[0m
2026-08-01 15:50:57 [INFO]: [0mGET /js/header.js [36m304[0m 0.101 ms - -[0m
2026-08-01 15:50:57 [INFO]: [0mGET /js/featured.js [36m304[0m 0.198 ms - -[0m
2026-08-01 15:50:57 [INFO]: [0mGET /js/why-choose.js [36m304[0m 0.287 ms - -[0m
2026-08-01 15:50:57 [INFO]: [0mGET /js/notification.js [36m304[0m 0.586 ms - -[0m
2026-08-01 15:50:57 [INFO]: [0mGET /css/variables.css [36m304[0m 0.219 ms - -[0m
2026-08-01 15:50:57 [INFO]: [0mGET /js/footer.js [36m304[0m 0.349 ms - -[0m
2026-08-01 15:50:57 [INFO]: [0mGET /css/utilities.css [36m304[0m 0.247 ms - -[0m
2026-08-01 15:50:57 [INFO]: [0mGET /css/animations.css [36m304[0m 0.349 ms - -[0m
2026-08-01 15:50:57 [INFO]: [0mGET /css/announcement.css [36m304[0m 0.593 ms - -[0m
2026-08-01 15:50:57 [INFO]: [0mGET /css/hero.css [36m304[0m 0.217 ms - -[0m
2026-08-01 15:50:57 [INFO]: [0mGET /css/featured.css [36m304[0m 0.432 ms - -[0m
2026-08-01 15:50:57 [INFO]: [0mGET /css/why-choose.css [36m304[0m 0.355 ms - -[0m
2026-08-01 15:50:57 [INFO]: [0mGET /css/footer.css [36m304[0m 0.370 ms - -[0m
2026-08-01 15:50:57 [INFO]: [0mGET /css/auth.css [36m304[0m 0.414 ms - -[0m
2026-08-01 15:50:57 [INFO]: [0mGET /css/verify.css [36m304[0m 0.391 ms - -[0m
2026-08-01 15:50:57 [INFO]: [0mGET /css/header.css [32m200[0m 1.619 ms - -[0m
2026-08-01 15:50:57 [INFO]: [0mGET /js/auth.js [36m304[0m 0.518 ms - -[0m
2026-08-01 15:50:57 [INFO]: [0mGET /images/hero/snake-plant.jpg [36m304[0m 0.178 ms - -[0m
2026-08-01 15:50:57 [INFO]: [0mGET /images/hero/peace-lily.jpg [36m304[0m 0.289 ms - -[0m
2026-08-01 15:50:57 [INFO]: [0mGET /images/hero/tulip-plant.jpg [36m304[0m 0.213 ms - -[0m
2026-08-01 15:50:57 [INFO]: [0mGET /images/hero/rubber-plant.jpg [36m304[0m 0.348 ms - -[0m
2026-08-01 15:50:57 [INFO]: [0mGET /images/hero/aloe-vera.jpg [36m304[0m 0.201 ms - -[0m
2026-08-01 15:50:57 [INFO]: [0mGET /images/hero/areca-palm.jpg [36m304[0m 0.117 ms - -[0m
2026-08-01 15:50:57 [INFO]: [0mGET /images/hero/jade-plant.jpg [36m304[0m 0.140 ms - -[0m
2026-08-01 15:50:57 [INFO]: [0mGET /images/hero/golden-pothos.jpg [36m304[0m 0.255 ms - -[0m
2026-08-01 15:50:57 [INFO]: [0mGET /images/hero/fiddle-leaf-fig.jpg [36m304[0m 0.232 ms - -[0m
2026-08-01 15:50:57 [INFO]: [0mGET /images/hero/why-choose.jpg [36m304[0m 0.337 ms - -[0m
2026-08-01 15:50:57 [INFO]: [0mGET /images/logo/plantora-orgn-white.png [36m304[0m 0.156 ms - -[0m
2026-08-01 15:51:00 [INFO]: [0mGET / [36m304[0m 90.333 ms - -[0m
2026-08-01 15:51:00 [INFO]: [0mGET /css/style.css [36m304[0m 2.425 ms - -[0m
2026-08-01 15:51:00 [INFO]: [0mGET /images/logo/plantora.png [36m304[0m 3.748 ms - -[0m
2026-08-01 15:51:00 [INFO]: [0mGET /images/hero/hero-placeholder.png [36m304[0m 3.523 ms - -[0m
2026-08-01 15:51:00 [INFO]: [0mGET /images/hero/monstera-plant.jpg [36m304[0m 0.420 ms - -[0m
2026-08-01 15:51:00 [INFO]: [0mGET /js/header.js [36m304[0m 0.753 ms - -[0m
2026-08-01 15:51:00 [INFO]: [0mGET /js/featured.js [36m304[0m 0.789 ms - -[0m
2026-08-01 15:51:00 [INFO]: [0mGET /js/why-choose.js [36m304[0m 1.392 ms - -[0m
2026-08-01 15:51:00 [INFO]: [0mGET /js/notification.js [36m304[0m 1.833 ms - -[0m
2026-08-01 15:51:00 [INFO]: [0mGET /css/variables.css [36m304[0m 0.822 ms - -[0m
2026-08-01 15:51:00 [INFO]: [0mGET /css/utilities.css [36m304[0m 1.055 ms - -[0m
2026-08-01 15:51:00 [INFO]: [0mGET /css/animations.css [36m304[0m 1.312 ms - -[0m
2026-08-01 15:51:00 [INFO]: [0mGET /css/announcement.css [36m304[0m 0.839 ms - -[0m
2026-08-01 15:51:00 [INFO]: [0mGET /css/header.css [36m304[0m 0.564 ms - -[0m
2026-08-01 15:51:00 [INFO]: [0mGET /css/hero.css [36m304[0m 0.548 ms - -[0m
2026-08-01 15:51:00 [INFO]: [0mGET /css/featured.css [36m304[0m 0.663 ms - -[0m
2026-08-01 15:51:00 [INFO]: [0mGET /css/why-choose.css [36m304[0m 1.372 ms - -[0m
2026-08-01 15:51:00 [INFO]: [0mGET /css/footer.css [36m304[0m 0.776 ms - -[0m
2026-08-01 15:51:00 [INFO]: [0mGET /css/auth.css [36m304[0m 1.072 ms - -[0m
2026-08-01 15:51:00 [INFO]: [0mGET /css/verify.css [36m304[0m 1.489 ms - -[0m
2026-08-01 15:51:00 [INFO]: [0mGET /js/footer.js [36m304[0m 0.172 ms - -[0m
2026-08-01 15:51:00 [INFO]: [0mGET /js/auth.js [36m304[0m 0.226 ms - -[0m
2026-08-01 15:51:00 [INFO]: [0mGET /images/hero/snake-plant.jpg [36m304[0m 0.817 ms - -[0m
2026-08-01 15:51:00 [INFO]: [0mGET /images/hero/peace-lily.jpg [36m304[0m 1.036 ms - -[0m
2026-08-01 15:51:00 [INFO]: [0mGET /images/hero/tulip-plant.jpg [36m304[0m 1.227 ms - -[0m
2026-08-01 15:51:00 [INFO]: [0mGET /images/hero/rubber-plant.jpg [36m304[0m 1.551 ms - -[0m
2026-08-01 15:51:00 [INFO]: [0mGET /images/hero/aloe-vera.jpg [36m304[0m 1.293 ms - -[0m
2026-08-01 15:51:00 [INFO]: [0mGET /images/hero/areca-palm.jpg [36m304[0m 1.143 ms - -[0m
2026-08-01 15:51:00 [INFO]: [0mGET /images/hero/jade-plant.jpg [36m304[0m 0.433 ms - -[0m
2026-08-01 15:51:00 [INFO]: [0mGET /images/hero/golden-pothos.jpg [36m304[0m 0.658 ms - -[0m
2026-08-01 15:51:00 [INFO]: [0mGET /images/hero/fiddle-leaf-fig.jpg [36m304[0m 0.957 ms - -[0m
2026-08-01 15:51:00 [INFO]: [0mGET /images/hero/why-choose.jpg [36m304[0m 1.346 ms - -[0m
2026-08-01 15:51:00 [INFO]: [0mGET /images/logo/plantora-orgn-white.png [36m304[0m 0.351 ms - -[0m
2026-08-01 15:51:02 [INFO]: [0mGET /notifications/latest [36m304[0m 153.621 ms - -[0m
2026-08-01 15:51:56 [INFO]: [0mGET / [36m304[0m 88.455 ms - -[0m
2026-08-01 15:51:56 [INFO]: [0mGET /css/style.css [36m304[0m 0.988 ms - -[0m
2026-08-01 15:51:56 [INFO]: [0mGET /images/logo/plantora.png [36m304[0m 1.019 ms - -[0m
2026-08-01 15:51:56 [INFO]: [0mGET /images/hero/hero-placeholder.png [36m304[0m 1.285 ms - -[0m
2026-08-01 15:51:56 [INFO]: [0mGET /images/hero/monstera-plant.jpg [36m304[0m 0.367 ms - -[0m
2026-08-01 15:51:56 [INFO]: [0mGET /js/header.js [36m304[0m 0.370 ms - -[0m
2026-08-01 15:51:56 [INFO]: [0mGET /js/featured.js [36m304[0m 0.426 ms - -[0m
2026-08-01 15:51:56 [INFO]: [0mGET /js/why-choose.js [36m304[0m 0.826 ms - -[0m
2026-08-01 15:51:56 [INFO]: [0mGET /js/notification.js [36m304[0m 0.436 ms - -[0m
2026-08-01 15:51:56 [INFO]: [0mGET /css/variables.css [36m304[0m 0.219 ms - -[0m
2026-08-01 15:51:56 [INFO]: [0mGET /js/footer.js [36m304[0m 0.178 ms - -[0m
2026-08-01 15:51:56 [INFO]: [0mGET /js/auth.js [36m304[0m 0.187 ms - -[0m
2026-08-01 15:51:56 [INFO]: [0mGET /css/utilities.css [36m304[0m 0.407 ms - -[0m
2026-08-01 15:51:56 [INFO]: [0mGET /css/animations.css [36m304[0m 0.476 ms - -[0m
2026-08-01 15:51:56 [INFO]: [0mGET /css/announcement.css [36m304[0m 1.838 ms - -[0m
2026-08-01 15:51:56 [INFO]: [0mGET /css/header.css [36m304[0m 1.517 ms - -[0m
2026-08-01 15:51:56 [INFO]: [0mGET /css/hero.css [36m304[0m 1.631 ms - -[0m
2026-08-01 15:51:56 [INFO]: [0mGET /css/featured.css [36m304[0m 0.592 ms - -[0m
2026-08-01 15:51:56 [INFO]: [0mGET /css/why-choose.css [36m304[0m 0.632 ms - -[0m
2026-08-01 15:51:56 [INFO]: [0mGET /css/footer.css [36m304[0m 0.854 ms - -[0m
2026-08-01 15:51:56 [INFO]: [0mGET /css/auth.css [36m304[0m 0.214 ms - -[0m
2026-08-01 15:51:56 [INFO]: [0mGET /css/verify.css [36m304[0m 0.311 ms - -[0m
2026-08-01 15:51:56 [INFO]: [0mGET /images/hero/snake-plant.jpg [36m304[0m 0.191 ms - -[0m
2026-08-01 15:51:56 [INFO]: [0mGET /images/hero/peace-lily.jpg [36m304[0m 0.311 ms - -[0m
2026-08-01 15:51:56 [INFO]: [0mGET /images/hero/tulip-plant.jpg [36m304[0m 0.124 ms - -[0m
2026-08-01 15:51:56 [INFO]: [0mGET /images/hero/rubber-plant.jpg [36m304[0m 0.183 ms - -[0m
2026-08-01 15:51:56 [INFO]: [0mGET /images/hero/aloe-vera.jpg [36m304[0m 0.304 ms - -[0m
2026-08-01 15:51:56 [INFO]: [0mGET /images/hero/areca-palm.jpg [36m304[0m 0.146 ms - -[0m
2026-08-01 15:51:56 [INFO]: [0mGET /images/hero/jade-plant.jpg [36m304[0m 0.583 ms - -[0m
2026-08-01 15:51:56 [INFO]: [0mGET /images/hero/golden-pothos.jpg [36m304[0m 0.468 ms - -[0m
2026-08-01 15:51:56 [INFO]: [0mGET /images/hero/fiddle-leaf-fig.jpg [36m304[0m 0.633 ms - -[0m
2026-08-01 15:51:56 [INFO]: [0mGET /images/hero/why-choose.jpg [36m304[0m 0.510 ms - -[0m
2026-08-01 15:51:56 [INFO]: [0mGET /images/logo/plantora-orgn-white.png [36m304[0m 0.567 ms - -[0m
2026-08-01 15:55:04 [INFO]: [0mGET / [32m200[0m 89.499 ms - -[0m
2026-08-01 15:55:04 [INFO]: [0mGET /css/style.css [36m304[0m 0.377 ms - -[0m
2026-08-01 15:55:04 [INFO]: [0mGET /images/logo/plantora.png [36m304[0m 0.825 ms - -[0m
2026-08-01 15:55:04 [INFO]: [0mGET /images/hero/hero-placeholder.png [36m304[0m 0.113 ms - -[0m
2026-08-01 15:55:04 [INFO]: [0mGET /images/hero/monstera-plant.jpg [36m304[0m 0.821 ms - -[0m
2026-08-01 15:55:04 [INFO]: [0mGET /js/header.js [36m304[0m 0.263 ms - -[0m
2026-08-01 15:55:04 [INFO]: [0mGET /js/featured.js [36m304[0m 0.639 ms - -[0m
2026-08-01 15:55:04 [INFO]: [0mGET /js/why-choose.js [36m304[0m 0.483 ms - -[0m
2026-08-01 15:55:04 [INFO]: [0mGET /js/notification.js [36m304[0m 0.575 ms - -[0m
2026-08-01 15:55:04 [INFO]: [0mGET /js/footer.js [36m304[0m 0.223 ms - -[0m
2026-08-01 15:55:04 [INFO]: [0mGET /js/auth.js [36m304[0m 0.322 ms - -[0m
2026-08-01 15:55:04 [INFO]: [0mGET /css/variables.css [36m304[0m 0.241 ms - -[0m
2026-08-01 15:55:04 [INFO]: [0mGET /css/utilities.css [36m304[0m 0.437 ms - -[0m
2026-08-01 15:55:04 [INFO]: [0mGET /css/animations.css [36m304[0m 0.597 ms - -[0m
2026-08-01 15:55:04 [INFO]: [0mGET /css/announcement.css [36m304[0m 0.802 ms - -[0m
2026-08-01 15:55:04 [INFO]: [0mGET /css/header.css [36m304[0m 1.800 ms - -[0m
2026-08-01 15:55:04 [INFO]: [0mGET /css/hero.css [36m304[0m 0.733 ms - -[0m
2026-08-01 15:55:04 [INFO]: [0mGET /css/featured.css [36m304[0m 1.303 ms - -[0m
2026-08-01 15:55:04 [INFO]: [0mGET /css/why-choose.css [36m304[0m 0.708 ms - -[0m
2026-08-01 15:55:04 [INFO]: [0mGET /css/footer.css [36m304[0m 0.784 ms - -[0m
2026-08-01 15:55:04 [INFO]: [0mGET /css/auth.css [36m304[0m 0.237 ms - -[0m
2026-08-01 15:55:04 [INFO]: [0mGET /css/verify.css [36m304[0m 0.311 ms - -[0m
2026-08-01 15:55:04 [INFO]: [0mGET /images/hero/snake-plant.jpg [36m304[0m 0.212 ms - -[0m
2026-08-01 15:55:04 [INFO]: [0mGET /images/hero/peace-lily.jpg [36m304[0m 0.299 ms - -[0m
2026-08-01 15:55:04 [INFO]: [0mGET /images/hero/tulip-plant.jpg [36m304[0m 0.118 ms - -[0m
2026-08-01 15:55:04 [INFO]: [0mGET /images/hero/rubber-plant.jpg [36m304[0m 0.117 ms - -[0m
2026-08-01 15:55:04 [INFO]: [0mGET /images/hero/aloe-vera.jpg [36m304[0m 0.153 ms - -[0m
2026-08-01 15:55:04 [INFO]: [0mGET /images/hero/areca-palm.jpg [36m304[0m 0.223 ms - -[0m
2026-08-01 15:55:04 [INFO]: [0mGET /images/hero/jade-plant.jpg [36m304[0m 0.249 ms - -[0m
2026-08-01 15:55:04 [INFO]: [0mGET /images/hero/golden-pothos.jpg [36m304[0m 0.382 ms - -[0m
2026-08-01 15:55:04 [INFO]: [0mGET /images/hero/fiddle-leaf-fig.jpg [36m304[0m 0.512 ms - -[0m
2026-08-01 15:55:04 [INFO]: [0mGET /images/hero/why-choose.jpg [36m304[0m 0.293 ms - -[0m
2026-08-01 15:55:04 [INFO]: [0mGET /images/logo/plantora-orgn-white.png [36m304[0m 0.448 ms - -[0m
2026-08-01 15:55:06 [INFO]: [0mGET /notifications/latest [36m304[0m 157.841 ms - -[0m
2026-08-01 15:55:11 [INFO]: [0mGET /auth/profile [32m200[0m 118.916 ms - -[0m
2026-08-01 15:55:11 [INFO]: [0mGET /css/style.css [36m304[0m 0.337 ms - -[0m
2026-08-01 15:55:11 [INFO]: [0mGET /js/profile.js [36m304[0m 0.426 ms - -[0m
2026-08-01 15:55:11 [INFO]: [0mGET /images/logo/plantora.png [36m304[0m 0.725 ms - -[0m
2026-08-01 15:55:11 [INFO]: [0mGET /css/profile.css [32m200[0m 2.510 ms - -[0m
2026-08-01 15:55:11 [INFO]: [0mGET /images/logo/plantora-orgn-white.png [36m304[0m 0.209 ms - -[0m
2026-08-01 15:55:11 [INFO]: [0mGET /js/header.js [36m304[0m 0.168 ms - -[0m
2026-08-01 15:55:11 [INFO]: [0mGET /js/featured.js [36m304[0m 0.379 ms - -[0m
2026-08-01 15:55:11 [INFO]: [0mGET /js/why-choose.js [36m304[0m 0.596 ms - -[0m
2026-08-01 15:55:11 [INFO]: [0mGET /js/notification.js [36m304[0m 0.461 ms - -[0m
2026-08-01 15:55:11 [INFO]: [0mGET /css/variables.css [36m304[0m 0.556 ms - -[0m
2026-08-01 15:55:11 [INFO]: [0mGET /css/utilities.css [36m304[0m 0.694 ms - -[0m
2026-08-01 15:55:11 [INFO]: [0mGET /css/animations.css [36m304[0m 0.976 ms - -[0m
2026-08-01 15:55:11 [INFO]: [0mGET /css/announcement.css [36m304[0m 0.699 ms - -[0m
2026-08-01 15:55:11 [INFO]: [0mGET /css/header.css [36m304[0m 0.718 ms - -[0m
2026-08-01 15:55:11 [INFO]: [0mGET /css/hero.css [36m304[0m 0.813 ms - -[0m
2026-08-01 15:55:11 [INFO]: [0mGET /css/featured.css [36m304[0m 1.538 ms - -[0m
2026-08-01 15:55:11 [INFO]: [0mGET /css/why-choose.css [36m304[0m 1.024 ms - -[0m
2026-08-01 15:55:11 [INFO]: [0mGET /css/footer.css [36m304[0m 1.050 ms - -[0m
2026-08-01 15:55:11 [INFO]: [0mGET /css/auth.css [36m304[0m 0.226 ms - -[0m
2026-08-01 15:55:11 [INFO]: [0mGET /css/verify.css [36m304[0m 0.317 ms - -[0m
2026-08-01 15:55:11 [INFO]: [0mGET /js/footer.js [36m304[0m 0.166 ms - -[0m
2026-08-01 15:55:11 [INFO]: [0mGET /js/auth.js [36m304[0m 0.217 ms - -[0m
2026-08-01 15:55:24 [INFO]: [0mGET / [32m200[0m 86.451 ms - -[0m
2026-08-01 15:55:24 [INFO]: [0mGET /css/style.css [36m304[0m 0.260 ms - -[0m
2026-08-01 15:55:24 [INFO]: [0mGET /images/logo/plantora.png [36m304[0m 0.750 ms - -[0m
2026-08-01 15:55:24 [INFO]: [0mGET /images/hero/hero-placeholder.png [36m304[0m 0.132 ms - -[0m
2026-08-01 15:55:24 [INFO]: [0mGET /images/hero/monstera-plant.jpg [36m304[0m 0.286 ms - -[0m
2026-08-01 15:55:24 [INFO]: [0mGET /js/header.js [36m304[0m 0.143 ms - -[0m
2026-08-01 15:55:24 [INFO]: [0mGET /js/featured.js [36m304[0m 0.443 ms - -[0m
2026-08-01 15:55:24 [INFO]: [0mGET /js/why-choose.js [36m304[0m 0.664 ms - -[0m
2026-08-01 15:55:24 [INFO]: [0mGET /js/notification.js [36m304[0m 0.913 ms - -[0m
2026-08-01 15:55:24 [INFO]: [0mGET /js/footer.js [36m304[0m 1.107 ms - -[0m
2026-08-01 15:55:24 [INFO]: [0mGET /js/auth.js [36m304[0m 0.508 ms - -[0m
2026-08-01 15:55:24 [INFO]: [0mGET /images/hero/snake-plant.jpg [36m304[0m 0.545 ms - -[0m
2026-08-01 15:55:24 [INFO]: [0mGET /images/hero/peace-lily.jpg [36m304[0m 0.637 ms - -[0m
2026-08-01 15:55:24 [INFO]: [0mGET /images/hero/tulip-plant.jpg [36m304[0m 1.163 ms - -[0m
2026-08-01 15:55:24 [INFO]: [0mGET /images/hero/rubber-plant.jpg [36m304[0m 0.173 ms - -[0m
2026-08-01 15:55:24 [INFO]: [0mGET /css/variables.css [36m304[0m 0.338 ms - -[0m
2026-08-01 15:55:24 [INFO]: [0mGET /css/utilities.css [36m304[0m 0.520 ms - -[0m
2026-08-01 15:55:24 [INFO]: [0mGET /css/animations.css [36m304[0m 0.673 ms - -[0m
2026-08-01 15:55:24 [INFO]: [0mGET /images/hero/aloe-vera.jpg [36m304[0m 0.401 ms - -[0m
2026-08-01 15:55:24 [INFO]: [0mGET /css/announcement.css [36m304[0m 0.634 ms - -[0m
2026-08-01 15:55:24 [INFO]: [0mGET /css/hero.css [36m304[0m 0.361 ms - -[0m
2026-08-01 15:55:24 [INFO]: [0mGET /css/featured.css [36m304[0m 0.476 ms - -[0m
2026-08-01 15:55:24 [INFO]: [0mGET /css/why-choose.css [36m304[0m 0.596 ms - -[0m
2026-08-01 15:55:24 [INFO]: [0mGET /css/footer.css [36m304[0m 0.581 ms - -[0m
2026-08-01 15:55:24 [INFO]: [0mGET /css/auth.css [36m304[0m 0.856 ms - -[0m
2026-08-01 15:55:24 [INFO]: [0mGET /css/verify.css [36m304[0m 0.499 ms - -[0m
2026-08-01 15:55:24 [INFO]: [0mGET /css/header.css [32m200[0m 3.358 ms - -[0m
2026-08-01 15:55:24 [INFO]: [0mGET /images/hero/areca-palm.jpg [36m304[0m 0.377 ms - -[0m
2026-08-01 15:55:24 [INFO]: [0mGET /images/hero/jade-plant.jpg [36m304[0m 0.671 ms - -[0m
2026-08-01 15:55:24 [INFO]: [0mGET /images/hero/golden-pothos.jpg [36m304[0m 0.434 ms - -[0m
2026-08-01 15:55:24 [INFO]: [0mGET /images/hero/fiddle-leaf-fig.jpg [36m304[0m 0.320 ms - -[0m
2026-08-01 15:55:24 [INFO]: [0mGET /images/hero/why-choose.jpg [36m304[0m 0.211 ms - -[0m
2026-08-01 15:55:24 [INFO]: [0mGET /images/logo/plantora-orgn-white.png [36m304[0m 0.186 ms - -[0m
2026-08-01 15:55:26 [INFO]: [0mGET /auth/profile [32m200[0m 116.901 ms - -[0m
2026-08-01 15:55:26 [INFO]: [0mGET /css/style.css [36m304[0m 0.163 ms - -[0m
2026-08-01 15:55:26 [INFO]: [0mGET /images/logo/plantora.png [36m304[0m 0.337 ms - -[0m
2026-08-01 15:55:26 [INFO]: [0mGET /js/profile.js [36m304[0m 0.611 ms - -[0m
2026-08-01 15:55:26 [INFO]: [0mGET /images/logo/plantora-orgn-white.png [36m304[0m 0.837 ms - -[0m
2026-08-01 15:55:26 [INFO]: [0mGET /js/header.js [36m304[0m 0.887 ms - -[0m
2026-08-01 15:55:26 [INFO]: [0mGET /css/profile.css [32m200[0m 0.559 ms - -[0m
2026-08-01 15:55:26 [INFO]: [0mGET /js/featured.js [36m304[0m 0.663 ms - -[0m
2026-08-01 15:55:26 [INFO]: [0mGET /js/why-choose.js [36m304[0m 0.986 ms - -[0m
2026-08-01 15:55:26 [INFO]: [0mGET /js/notification.js [36m304[0m 1.276 ms - -[0m
2026-08-01 15:55:26 [INFO]: [0mGET /js/footer.js [36m304[0m 1.449 ms - -[0m
2026-08-01 15:55:26 [INFO]: [0mGET /js/auth.js [36m304[0m 1.677 ms - -[0m
2026-08-01 15:55:26 [INFO]: [0mGET /css/variables.css [36m304[0m 0.205 ms - -[0m
2026-08-01 15:55:26 [INFO]: [0mGET /css/utilities.css [36m304[0m 0.271 ms - -[0m
2026-08-01 15:55:26 [INFO]: [0mGET /css/animations.css [36m304[0m 0.671 ms - -[0m
2026-08-01 15:55:26 [INFO]: [0mGET /css/announcement.css [36m304[0m 0.697 ms - -[0m
2026-08-01 15:55:26 [INFO]: [0mGET /css/header.css [36m304[0m 0.619 ms - -[0m
2026-08-01 15:55:26 [INFO]: [0mGET /css/hero.css [36m304[0m 1.246 ms - -[0m
2026-08-01 15:55:26 [INFO]: [0mGET /css/featured.css [36m304[0m 0.690 ms - -[0m
2026-08-01 15:55:26 [INFO]: [0mGET /css/why-choose.css [36m304[0m 0.801 ms - -[0m
2026-08-01 15:55:26 [INFO]: [0mGET /css/footer.css [36m304[0m 0.305 ms - -[0m
2026-08-01 15:55:26 [INFO]: [0mGET /css/auth.css [36m304[0m 0.359 ms - -[0m
2026-08-01 15:55:26 [INFO]: [0mGET /css/verify.css [36m304[0m 0.489 ms - -[0m
2026-08-01 15:55:37 [INFO]: [0mGET / [36m304[0m 81.245 ms - -[0m
2026-08-01 15:55:37 [INFO]: [0mGET /css/style.css [36m304[0m 0.292 ms - -[0m
2026-08-01 15:55:37 [INFO]: [0mGET /images/logo/plantora.png [36m304[0m 0.279 ms - -[0m
2026-08-01 15:55:37 [INFO]: [0mGET /images/hero/hero-placeholder.png [36m304[0m 0.684 ms - -[0m
2026-08-01 15:55:37 [INFO]: [0mGET /images/hero/monstera-plant.jpg [36m304[0m 0.453 ms - -[0m
2026-08-01 15:55:37 [INFO]: [0mGET /js/header.js [36m304[0m 0.454 ms - -[0m
2026-08-01 15:55:37 [INFO]: [0mGET /js/featured.js [36m304[0m 0.598 ms - -[0m
2026-08-01 15:55:37 [INFO]: [0mGET /js/why-choose.js [36m304[0m 0.460 ms - -[0m
2026-08-01 15:55:37 [INFO]: [0mGET /js/notification.js [36m304[0m 0.536 ms - -[0m
2026-08-01 15:55:37 [INFO]: [0mGET /js/footer.js [36m304[0m 0.551 ms - -[0m
2026-08-01 15:55:37 [INFO]: [0mGET /js/auth.js [36m304[0m 1.236 ms - -[0m
2026-08-01 15:55:37 [INFO]: [0mGET /images/hero/snake-plant.jpg [36m304[0m 0.602 ms - -[0m
2026-08-01 15:55:37 [INFO]: [0mGET /images/hero/peace-lily.jpg [36m304[0m 0.666 ms - -[0m
2026-08-01 15:55:37 [INFO]: [0mGET /images/hero/tulip-plant.jpg [36m304[0m 0.962 ms - -[0m
2026-08-01 15:55:37 [INFO]: [0mGET /images/hero/rubber-plant.jpg [36m304[0m 0.446 ms - -[0m
2026-08-01 15:55:37 [INFO]: [0mGET /images/hero/aloe-vera.jpg [36m304[0m 0.594 ms - -[0m
2026-08-01 15:55:37 [INFO]: [0mGET /images/hero/areca-palm.jpg [36m304[0m 0.170 ms - -[0m
2026-08-01 15:55:37 [INFO]: [0mGET /images/hero/jade-plant.jpg [36m304[0m 0.389 ms - -[0m
2026-08-01 15:55:37 [INFO]: [0mGET /images/hero/golden-pothos.jpg [36m304[0m 0.464 ms - -[0m
2026-08-01 15:55:37 [INFO]: [0mGET /images/hero/fiddle-leaf-fig.jpg [36m304[0m 0.461 ms - -[0m
2026-08-01 15:55:37 [INFO]: [0mGET /images/hero/why-choose.jpg [36m304[0m 0.625 ms - -[0m
2026-08-01 15:55:37 [INFO]: [0mGET /images/logo/plantora-orgn-white.png [36m304[0m 0.830 ms - -[0m
2026-08-01 15:55:37 [INFO]: [0mGET /css/variables.css [36m304[0m 0.398 ms - -[0m
2026-08-01 15:55:37 [INFO]: [0mGET /css/utilities.css [36m304[0m 0.663 ms - -[0m
2026-08-01 15:55:37 [INFO]: [0mGET /css/animations.css [36m304[0m 1.308 ms - -[0m
2026-08-01 15:55:37 [INFO]: [0mGET /css/announcement.css [36m304[0m 1.494 ms - -[0m
2026-08-01 15:55:37 [INFO]: [0mGET /css/header.css [36m304[0m 0.890 ms - -[0m
2026-08-01 15:55:37 [INFO]: [0mGET /css/hero.css [36m304[0m 0.885 ms - -[0m
2026-08-01 15:55:37 [INFO]: [0mGET /css/featured.css [36m304[0m 0.267 ms - -[0m
2026-08-01 15:55:37 [INFO]: [0mGET /css/why-choose.css [36m304[0m 0.387 ms - -[0m
2026-08-01 15:55:37 [INFO]: [0mGET /css/footer.css [36m304[0m 0.820 ms - -[0m
2026-08-01 15:55:37 [INFO]: [0mGET /css/auth.css [36m304[0m 0.490 ms - -[0m
2026-08-01 15:55:37 [INFO]: [0mGET /css/verify.css [36m304[0m 0.544 ms - -[0m
2026-08-01 15:55:38 [INFO]: [0mGET /notifications/latest [36m304[0m 161.486 ms - -[0m
2026-08-01 15:55:48 [INFO]: Logout successful : customer_0004@yopmail.com
2026-08-01 15:55:48 [INFO]: [0mPOST /auth/logout [36m302[0m 301.889 ms - 30[0m
2026-08-01 15:55:48 [INFO]: [0mGET / [32m200[0m 2.828 ms - -[0m
2026-08-01 15:55:48 [INFO]: [0mGET /css/style.css [36m304[0m 0.322 ms - -[0m
2026-08-01 15:55:48 [INFO]: [0mGET /images/logo/plantora.png [36m304[0m 0.313 ms - -[0m
2026-08-01 15:55:48 [INFO]: [0mGET /images/hero/hero-placeholder.png [36m304[0m 0.495 ms - -[0m
2026-08-01 15:55:48 [INFO]: [0mGET /images/hero/monstera-plant.jpg [36m304[0m 0.291 ms - -[0m
2026-08-01 15:55:48 [INFO]: [0mGET /images/hero/snake-plant.jpg [36m304[0m 0.102 ms - -[0m
2026-08-01 15:55:48 [INFO]: [0mGET /images/hero/peace-lily.jpg [36m304[0m 0.184 ms - -[0m
2026-08-01 15:55:48 [INFO]: [0mGET /js/header.js [36m304[0m 0.230 ms - -[0m
2026-08-01 15:55:48 [INFO]: [0mGET /js/featured.js [36m304[0m 0.499 ms - -[0m
2026-08-01 15:55:48 [INFO]: [0mGET /js/why-choose.js [36m304[0m 0.701 ms - -[0m
2026-08-01 15:55:48 [INFO]: [0mGET /js/notification.js [36m304[0m 0.641 ms - -[0m
2026-08-01 15:55:48 [INFO]: [0mGET /js/footer.js [36m304[0m 1.226 ms - -[0m
2026-08-01 15:55:48 [INFO]: [0mGET /js/auth.js [36m304[0m 0.802 ms - -[0m
2026-08-01 15:55:48 [INFO]: [0mGET /images/hero/tulip-plant.jpg [36m304[0m 1.177 ms - -[0m
2026-08-01 15:55:48 [INFO]: [0mGET /images/hero/rubber-plant.jpg [36m304[0m 1.216 ms - -[0m
2026-08-01 15:55:48 [INFO]: [0mGET /images/hero/aloe-vera.jpg [36m304[0m 1.102 ms - -[0m
2026-08-01 15:55:48 [INFO]: [0mGET /images/hero/areca-palm.jpg [36m304[0m 1.276 ms - -[0m
2026-08-01 15:55:48 [INFO]: [0mGET /images/hero/jade-plant.jpg [36m304[0m 1.649 ms - -[0m
2026-08-01 15:55:48 [INFO]: [0mGET /images/hero/golden-pothos.jpg [36m304[0m 1.763 ms - -[0m
2026-08-01 15:55:48 [INFO]: [0mGET /css/variables.css [36m304[0m 1.399 ms - -[0m
2026-08-01 15:55:48 [INFO]: [0mGET /css/utilities.css [36m304[0m 0.869 ms - -[0m
2026-08-01 15:55:48 [INFO]: [0mGET /css/animations.css [36m304[0m 0.978 ms - -[0m
2026-08-01 15:55:48 [INFO]: [0mGET /css/announcement.css [36m304[0m 1.910 ms - -[0m
2026-08-01 15:55:48 [INFO]: [0mGET /css/header.css [36m304[0m 0.643 ms - -[0m
2026-08-01 15:55:48 [INFO]: [0mGET /css/hero.css [36m304[0m 0.708 ms - -[0m
2026-08-01 15:55:48 [INFO]: [0mGET /css/featured.css [36m304[0m 0.604 ms - -[0m
2026-08-01 15:55:48 [INFO]: [0mGET /css/why-choose.css [36m304[0m 0.785 ms - -[0m
2026-08-01 15:55:48 [INFO]: [0mGET /css/footer.css [36m304[0m 0.906 ms - -[0m
2026-08-01 15:55:48 [INFO]: [0mGET /css/auth.css [36m304[0m 0.251 ms - -[0m
2026-08-01 15:55:48 [INFO]: [0mGET /css/verify.css [36m304[0m 0.445 ms - -[0m
2026-08-01 15:55:48 [INFO]: [0mGET /images/hero/fiddle-leaf-fig.jpg [36m304[0m 0.692 ms - -[0m
2026-08-01 15:55:48 [INFO]: [0mGET /images/hero/why-choose.jpg [36m304[0m 0.168 ms - -[0m
2026-08-01 15:55:48 [INFO]: [0mGET /images/logo/plantora-orgn-white.png [36m304[0m 0.318 ms - -[0m
2026-08-01 15:55:51 [INFO]: [0mGET /auth/forgot-password [32m200[0m 7.069 ms - -[0m
2026-08-01 15:55:51 [INFO]: [0mGET /css/style.css [36m304[0m 1.101 ms - -[0m
2026-08-01 15:55:51 [INFO]: [0mGET /images/logo/plantora.png [36m304[0m 1.628 ms - -[0m
2026-08-01 15:55:51 [INFO]: [0mGET /images/logo/plantora-orgn-white.png [36m304[0m 2.156 ms - -[0m
2026-08-01 15:55:51 [INFO]: [0mGET /js/header.js [36m304[0m 0.510 ms - -[0m
2026-08-01 15:55:51 [INFO]: [0mGET /js/featured.js [36m304[0m 0.672 ms - -[0m
2026-08-01 15:55:51 [INFO]: [0mGET /js/why-choose.js [36m304[0m 0.976 ms - -[0m
2026-08-01 15:55:51 [INFO]: [0mGET /js/notification.js [36m304[0m 0.383 ms - -[0m
2026-08-01 15:55:51 [INFO]: [0mGET /js/footer.js [36m304[0m 0.591 ms - -[0m
2026-08-01 15:55:51 [INFO]: [0mGET /js/auth.js [36m304[0m 1.081 ms - -[0m
2026-08-01 15:55:51 [INFO]: [0mGET /css/variables.css [36m304[0m 0.574 ms - -[0m
2026-08-01 15:55:51 [INFO]: [0mGET /css/utilities.css [36m304[0m 0.706 ms - -[0m
2026-08-01 15:55:51 [INFO]: [0mGET /css/animations.css [36m304[0m 0.824 ms - -[0m
2026-08-01 15:55:51 [INFO]: [0mGET /css/announcement.css [36m304[0m 1.029 ms - -[0m
2026-08-01 15:55:51 [INFO]: [0mGET /css/header.css [36m304[0m 1.249 ms - -[0m
2026-08-01 15:55:51 [INFO]: [0mGET /css/hero.css [36m304[0m 0.616 ms - -[0m
2026-08-01 15:55:51 [INFO]: [0mGET /css/featured.css [36m304[0m 0.641 ms - -[0m
2026-08-01 15:55:51 [INFO]: [0mGET /css/why-choose.css [36m304[0m 0.801 ms - -[0m
2026-08-01 15:55:51 [INFO]: [0mGET /css/footer.css [36m304[0m 0.991 ms - -[0m
2026-08-01 15:55:51 [INFO]: [0mGET /css/auth.css [36m304[0m 1.125 ms - -[0m
2026-08-01 15:55:51 [INFO]: [0mGET /css/verify.css [36m304[0m 1.289 ms - -[0m
2026-08-01 15:56:05 [INFO]: Email sent successfully to 'customer_0004@yopmail.com'. Subject: 'Reset Your Plantora Password'.
2026-08-01 15:56:05 [INFO]: Password reset email sent : customer_0004@yopmail.com
2026-08-01 15:56:05 [INFO]: [0mPOST /auth/forgot-password [32m200[0m 5154.169 ms - 86[0m
2026-08-01 15:56:14 [INFO]: [0mGET /auth/reset-password/edb6e41781bf841f1c12f77da01c564fccb90097a9e13d148c37e1eafad22b17 [32m200[0m 4.929 ms - -[0m
2026-08-01 15:56:14 [INFO]: [0mGET /css/style.css [36m304[0m 0.338 ms - -[0m
2026-08-01 15:56:14 [INFO]: [0mGET /images/logo/plantora.png [36m304[0m 0.813 ms - -[0m
2026-08-01 15:56:14 [INFO]: [0mGET /images/logo/plantora-orgn-white.png [36m304[0m 0.611 ms - -[0m
2026-08-01 15:56:14 [INFO]: [0mGET /css/variables.css [36m304[0m 0.515 ms - -[0m
2026-08-01 15:56:14 [INFO]: [0mGET /css/utilities.css [36m304[0m 0.888 ms - -[0m
2026-08-01 15:56:14 [INFO]: [0mGET /css/animations.css [36m304[0m 1.821 ms - -[0m
2026-08-01 15:56:14 [INFO]: [0mGET /css/announcement.css [36m304[0m 1.553 ms - -[0m
2026-08-01 15:56:14 [INFO]: [0mGET /css/hero.css [36m304[0m 1.271 ms - -[0m
2026-08-01 15:56:14 [INFO]: [0mGET /css/why-choose.css [36m304[0m 1.251 ms - -[0m
2026-08-01 15:56:14 [INFO]: [0mGET /css/header.css [36m304[0m 1.398 ms - -[0m
2026-08-01 15:56:14 [INFO]: [0mGET /css/featured.css [36m304[0m 1.592 ms - -[0m
2026-08-01 15:56:14 [INFO]: [0mGET /css/footer.css [36m304[0m 0.240 ms - -[0m
2026-08-01 15:56:14 [INFO]: [0mGET /css/auth.css [36m304[0m 0.993 ms - -[0m
2026-08-01 15:56:14 [INFO]: [0mGET /css/verify.css [36m304[0m 0.820 ms - -[0m
2026-08-01 15:56:14 [INFO]: [0mGET /js/header.js [36m304[0m 1.094 ms - -[0m
2026-08-01 15:56:14 [INFO]: [0mGET /js/featured.js [36m304[0m 0.592 ms - -[0m
2026-08-01 15:56:14 [INFO]: [0mGET /js/why-choose.js [36m304[0m 0.699 ms - -[0m
2026-08-01 15:56:14 [INFO]: [0mGET /js/notification.js [36m304[0m 0.228 ms - -[0m
2026-08-01 15:56:14 [INFO]: [0mGET /js/footer.js [36m304[0m 0.564 ms - -[0m
2026-08-01 15:56:14 [INFO]: [0mGET /js/auth.js [36m304[0m 0.916 ms - -[0m
2026-08-01 15:56:14 [INFO]: [0mGET /js/resetPassword.js [36m304[0m 0.242 ms - -[0m
2026-08-01 16:02:03 [INFO]: MongoDB connected successfully.
2026-08-01 16:02:06 [INFO]: Email server connected successfully.
2026-08-01 16:02:06 [INFO]: Server is running on port 5132.
2026-08-01 16:08:45 [INFO]: MongoDB connected successfully.
2026-08-01 16:08:48 [INFO]: Email server connected successfully.
2026-08-01 16:08:48 [INFO]: Server is running on port 5132.
2026-08-01 16:09:02 [INFO]: MongoDB connected successfully.
2026-08-01 16:09:05 [INFO]: Email server connected successfully.
2026-08-01 16:09:05 [INFO]: Server is running on port 5132.
2026-08-01 16:09:32 [INFO]: [0mGET /auth/reset-password/edb6e41781bf841f1c12f77da01c564fccb90097a9e13d148c37e1eafad22b17 [36m304[0m 23.363 ms - -[0m
2026-08-01 16:09:32 [INFO]: [0mGET /css/style.css [36m304[0m 1.368 ms - -[0m
2026-08-01 16:09:32 [INFO]: [0mGET /images/logo/plantora.png [36m304[0m 0.755 ms - -[0m
2026-08-01 16:09:32 [INFO]: [0mGET /images/logo/plantora-orgn-white.png [36m304[0m 2.307 ms - -[0m
2026-08-01 16:09:32 [INFO]: [0mGET /js/header.js [36m304[0m 2.563 ms - -[0m
2026-08-01 16:09:32 [INFO]: [0mGET /js/why-choose.js [36m304[0m 1.426 ms - -[0m
2026-08-01 16:09:32 [INFO]: [0mGET /js/featured.js [36m304[0m 1.825 ms - -[0m
2026-08-01 16:09:32 [INFO]: [0mGET /js/footer.js [36m304[0m 1.778 ms - -[0m
2026-08-01 16:09:32 [INFO]: [0mGET /js/notification.js [36m304[0m 1.864 ms - -[0m
2026-08-01 16:09:32 [INFO]: [0mGET /js/auth.js [36m304[0m 2.195 ms - -[0m
2026-08-01 16:09:32 [INFO]: [0mGET /js/resetPassword.js [32m200[0m 5.965 ms - -[0m
2026-08-01 16:09:32 [INFO]: [0mGET /css/variables.css [36m304[0m 1.145 ms - -[0m
2026-08-01 16:09:32 [INFO]: [0mGET /css/utilities.css [36m304[0m 1.289 ms - -[0m
2026-08-01 16:09:32 [INFO]: [0mGET /css/animations.css [36m304[0m 1.729 ms - -[0m
2026-08-01 16:09:32 [INFO]: [0mGET /css/announcement.css [36m304[0m 2.146 ms - -[0m
2026-08-01 16:09:32 [INFO]: [0mGET /css/header.css [36m304[0m 2.516 ms - -[0m
2026-08-01 16:09:32 [INFO]: [0mGET /css/hero.css [36m304[0m 2.918 ms - -[0m
2026-08-01 16:09:32 [INFO]: [0mGET /css/featured.css [36m304[0m 1.295 ms - -[0m
2026-08-01 16:09:32 [INFO]: [0mGET /css/why-choose.css [36m304[0m 1.341 ms - -[0m
2026-08-01 16:09:32 [INFO]: [0mGET /css/footer.css [36m304[0m 1.472 ms - -[0m
2026-08-01 16:09:32 [INFO]: [0mGET /css/auth.css [36m304[0m 1.961 ms - -[0m
2026-08-01 16:09:32 [INFO]: [0mGET /css/verify.css [36m304[0m 2.291 ms - -[0m
2026-08-01 16:10:47 [INFO]: [0mGET /css/style.css [36m304[0m 0.818 ms - -[0m
2026-08-01 16:10:47 [INFO]: [0mGET /css/variables.css [36m304[0m 2.430 ms - -[0m
2026-08-01 16:10:47 [INFO]: [0mGET /css/utilities.css [36m304[0m 3.019 ms - -[0m
2026-08-01 16:10:47 [INFO]: [0mGET /css/animations.css [36m304[0m 3.455 ms - -[0m
2026-08-01 16:10:47 [INFO]: [0mGET /css/announcement.css [36m304[0m 3.939 ms - -[0m
2026-08-01 16:10:47 [INFO]: [0mGET /css/header.css [36m304[0m 4.481 ms - -[0m
2026-08-01 16:10:47 [INFO]: [0mGET /css/hero.css [36m304[0m 0.753 ms - -[0m
2026-08-01 16:10:47 [INFO]: [0mGET /css/featured.css [36m304[0m 1.014 ms - -[0m
2026-08-01 16:10:47 [INFO]: [0mGET /css/why-choose.css [36m304[0m 1.192 ms - -[0m
2026-08-01 16:10:47 [INFO]: [0mGET /css/footer.css [36m304[0m 2.022 ms - -[0m
2026-08-01 16:10:47 [INFO]: [0mGET /css/auth.css [36m304[0m 2.690 ms - -[0m
2026-08-01 16:10:47 [INFO]: [0mGET /css/verify.css [36m304[0m 3.009 ms - -[0m
2026-08-01 16:10:47 [INFO]: [0mGET /.well-known/appspecific/com.chrome.devtools.json [33m404[0m 1.310 ms - 112[0m
2026-08-01 16:10:54 [INFO]: [0mGET /auth/reset-password/edb6e41781bf841f1c12f77da01c564fccb90097a9e13d148c37e1eafad22b17 [36m304[0m 9.774 ms - -[0m
2026-08-01 16:10:54 [INFO]: [0mGET /css/style.css [36m304[0m 0.584 ms - -[0m
2026-08-01 16:10:54 [INFO]: [0mGET /images/logo/plantora.png [36m304[0m 0.918 ms - -[0m
2026-08-01 16:10:54 [INFO]: [0mGET /images/logo/plantora-orgn-white.png [36m304[0m 1.462 ms - -[0m
2026-08-01 16:10:54 [INFO]: [0mGET /js/header.js [36m304[0m 1.144 ms - -[0m
2026-08-01 16:10:54 [INFO]: [0mGET /js/featured.js [36m304[0m 0.671 ms - -[0m
2026-08-01 16:10:54 [INFO]: [0mGET /js/why-choose.js [36m304[0m 0.870 ms - -[0m
2026-08-01 16:10:54 [INFO]: [0mGET /js/notification.js [36m304[0m 0.920 ms - -[0m
2026-08-01 16:10:54 [INFO]: [0mGET /js/footer.js [36m304[0m 1.256 ms - -[0m
2026-08-01 16:10:54 [INFO]: [0mGET /js/auth.js [36m304[0m 1.655 ms - -[0m
2026-08-01 16:10:54 [INFO]: [0mGET /js/resetPassword.js [36m304[0m 2.171 ms - -[0m
2026-08-01 16:10:54 [INFO]: [0mGET /css/variables.css [36m304[0m 1.331 ms - -[0m
2026-08-01 16:10:54 [INFO]: [0mGET /css/utilities.css [36m304[0m 1.537 ms - -[0m
2026-08-01 16:10:54 [INFO]: [0mGET /css/animations.css [36m304[0m 1.850 ms - -[0m
2026-08-01 16:10:54 [INFO]: [0mGET /css/announcement.css [36m304[0m 1.890 ms - -[0m
2026-08-01 16:10:54 [INFO]: [0mGET /css/hero.css [36m304[0m 0.601 ms - -[0m
2026-08-01 16:10:54 [INFO]: [0mGET /css/header.css [36m304[0m 2.227 ms - -[0m
2026-08-01 16:10:54 [INFO]: [0mGET /css/featured.css [36m304[0m 1.983 ms - -[0m
2026-08-01 16:10:54 [INFO]: [0mGET /css/why-choose.css [36m304[0m 1.722 ms - -[0m
2026-08-01 16:10:54 [INFO]: [0mGET /css/footer.css [36m304[0m 2.335 ms - -[0m
2026-08-01 16:10:54 [INFO]: [0mGET /css/auth.css [36m304[0m 2.666 ms - -[0m
2026-08-01 16:10:54 [INFO]: [0mGET /css/verify.css [36m304[0m 0.285 ms - -[0m
2026-08-01 16:10:54 [INFO]: [0mGET /.well-known/appspecific/com.chrome.devtools.json [33m404[0m 1.668 ms - 112[0m
2026-08-01 16:11:10 [INFO]: SIGINT received. Shutting down server...
2026-08-01 23:32:39 [INFO]: MongoDB connected successfully.
2026-08-01 23:32:42 [INFO]: Email server connected successfully.
2026-08-01 23:32:42 [INFO]: Server is running on port 5132.
2026-08-01 23:32:43 [INFO]: [0mGET / [32m200[0m 44.564 ms - -[0m
2026-08-01 23:32:43 [INFO]: [0mGET /images/logo/plantora.png [36m304[0m 1.764 ms - -[0m
2026-08-01 23:32:43 [INFO]: [0mGET /images/hero/hero-placeholder.png [36m304[0m 2.548 ms - -[0m
2026-08-01 23:32:43 [INFO]: [0mGET /css/style.css [36m304[0m 1.076 ms - -[0m
2026-08-01 23:32:43 [INFO]: [0mGET /images/hero/snake-plant.jpg [36m304[0m 0.467 ms - -[0m
2026-08-01 23:32:43 [INFO]: [0mGET /images/hero/peace-lily.jpg [36m304[0m 0.693 ms - -[0m
2026-08-01 23:32:43 [INFO]: [0mGET /images/hero/monstera-plant.jpg [36m304[0m 1.038 ms - -[0m
2026-08-01 23:32:43 [INFO]: [0mGET /js/header.js [36m304[0m 1.551 ms - -[0m
2026-08-01 23:32:43 [INFO]: [0mGET /css/variables.css [36m304[0m 2.271 ms - -[0m
2026-08-01 23:32:43 [INFO]: [0mGET /css/utilities.css [36m304[0m 3.178 ms - -[0m
2026-08-01 23:32:43 [INFO]: [0mGET /css/featured.css [36m304[0m 3.169 ms - -[0m
2026-08-01 23:32:43 [INFO]: [0mGET /css/footer.css [36m304[0m 3.681 ms - -[0m
2026-08-01 23:32:43 [INFO]: [0mGET /css/animations.css [36m304[0m 4.052 ms - -[0m
2026-08-01 23:32:43 [INFO]: [0mGET /css/announcement.css [36m304[0m 0.760 ms - -[0m
2026-08-01 23:32:43 [INFO]: [0mGET /css/header.css [36m304[0m 1.872 ms - -[0m
2026-08-01 23:32:43 [INFO]: [0mGET /css/why-choose.css [36m304[0m 1.479 ms - -[0m
2026-08-01 23:32:43 [INFO]: [0mGET /css/hero.css [36m304[0m 1.748 ms - -[0m
2026-08-01 23:32:43 [INFO]: [0mGET /css/auth.css [36m304[0m 1.900 ms - -[0m
2026-08-01 23:32:43 [INFO]: [0mGET /css/verify.css [36m304[0m 2.253 ms - -[0m
2026-08-01 23:32:43 [INFO]: [0mGET /js/featured.js [36m304[0m 0.464 ms - -[0m
2026-08-01 23:32:43 [INFO]: [0mGET /js/why-choose.js [36m304[0m 0.973 ms - -[0m
2026-08-01 23:32:43 [INFO]: [0mGET /js/notification.js [36m304[0m 0.679 ms - -[0m
2026-08-01 23:32:43 [INFO]: [0mGET /js/footer.js [36m304[0m 1.115 ms - -[0m
2026-08-01 23:32:43 [INFO]: [0mGET /js/auth.js [36m304[0m 0.384 ms - -[0m
2026-08-01 23:32:43 [INFO]: [0mGET /images/hero/tulip-plant.jpg [36m304[0m 0.635 ms - -[0m
2026-08-01 23:32:43 [INFO]: [0mGET /images/hero/rubber-plant.jpg [36m304[0m 0.524 ms - -[0m
2026-08-01 23:32:43 [INFO]: [0mGET /images/hero/aloe-vera.jpg [36m304[0m 0.650 ms - -[0m
2026-08-01 23:32:43 [INFO]: [0mGET /images/hero/areca-palm.jpg [36m304[0m 0.238 ms - -[0m
2026-08-01 23:32:43 [INFO]: [0mGET /images/hero/jade-plant.jpg [36m304[0m 0.715 ms - -[0m
2026-08-01 23:32:43 [INFO]: [0mGET /images/hero/golden-pothos.jpg [36m304[0m 1.222 ms - -[0m
2026-08-01 23:32:43 [INFO]: [0mGET /images/hero/fiddle-leaf-fig.jpg [36m304[0m 0.417 ms - -[0m
2026-08-01 23:32:43 [INFO]: [0mGET /images/hero/why-choose.jpg [36m304[0m 0.399 ms - -[0m
2026-08-01 23:32:43 [INFO]: [0mGET /images/logo/plantora-orgn-white.png [36m304[0m 0.462 ms - -[0m
2026-08-01 23:32:44 [INFO]: [0mGET /favicon.ico [33m404[0m 3.320 ms - 75[0m
2026-08-01 23:32:51 [INFO]: [0mGET / [32m200[0m 20.561 ms - -[0m
2026-08-01 23:32:51 [INFO]: [0mGET /css/style.css [36m304[0m 1.242 ms - -[0m
2026-08-01 23:32:51 [INFO]: [0mGET /images/logo/plantora.png [36m304[0m 1.793 ms - -[0m
2026-08-01 23:32:51 [INFO]: [0mGET /images/hero/hero-placeholder.png [36m304[0m 1.208 ms - -[0m
2026-08-01 23:32:51 [INFO]: [0mGET /images/hero/monstera-plant.jpg [36m304[0m 2.560 ms - -[0m
2026-08-01 23:32:51 [INFO]: [0mGET /images/hero/snake-plant.jpg [36m304[0m 3.358 ms - -[0m
2026-08-01 23:32:51 [INFO]: [0mGET /images/hero/peace-lily.jpg [36m304[0m 4.378 ms - -[0m
2026-08-01 23:32:51 [INFO]: [0mGET /css/variables.css [36m304[0m 1.355 ms - -[0m
2026-08-01 23:32:51 [INFO]: [0mGET /css/utilities.css [36m304[0m 2.550 ms - -[0m
2026-08-01 23:32:51 [INFO]: [0mGET /css/animations.css [36m304[0m 2.693 ms - -[0m
2026-08-01 23:32:51 [INFO]: [0mGET /css/announcement.css [36m304[0m 3.575 ms - -[0m
2026-08-01 23:32:51 [INFO]: [0mGET /css/hero.css [36m304[0m 1.106 ms - -[0m
2026-08-01 23:32:51 [INFO]: [0mGET /css/featured.css [36m304[0m 2.813 ms - -[0m
2026-08-01 23:32:51 [INFO]: [0mGET /js/header.js [32m200[0m 16.327 ms - -[0m
2026-08-01 23:32:51 [INFO]: [0mGET /css/why-choose.css [36m304[0m 3.196 ms - -[0m
2026-08-01 23:32:51 [INFO]: [0mGET /css/footer.css [36m304[0m 0.901 ms - -[0m
2026-08-01 23:32:51 [INFO]: [0mGET /css/header.css [32m200[0m 8.048 ms - -[0m
2026-08-01 23:32:51 [INFO]: [0mGET /css/auth.css [36m304[0m 2.135 ms - -[0m
2026-08-01 23:32:51 [INFO]: [0mGET /css/verify.css [36m304[0m 3.170 ms - -[0m
2026-08-01 23:32:51 [INFO]: [0mGET /js/featured.js [36m304[0m 1.091 ms - -[0m
2026-08-01 23:32:51 [INFO]: [0mGET /js/why-choose.js [36m304[0m 1.905 ms - -[0m
2026-08-01 23:32:51 [INFO]: [0mGET /js/notification.js [36m304[0m 3.107 ms - -[0m
2026-08-01 23:32:51 [INFO]: [0mGET /js/footer.js [36m304[0m 1.440 ms - -[0m
2026-08-01 23:32:51 [INFO]: [0mGET /js/auth.js [36m304[0m 1.514 ms - -[0m
2026-08-01 23:32:51 [INFO]: [0mGET /images/hero/tulip-plant.jpg [36m304[0m 2.099 ms - -[0m
2026-08-01 23:32:51 [INFO]: [0mGET /images/hero/rubber-plant.jpg [36m304[0m 2.739 ms - -[0m
2026-08-01 23:32:51 [INFO]: [0mGET /images/hero/aloe-vera.jpg [36m304[0m 0.852 ms - -[0m
2026-08-01 23:32:51 [INFO]: [0mGET /images/hero/areca-palm.jpg [36m304[0m 1.967 ms - -[0m
2026-08-01 23:32:51 [INFO]: [0mGET /images/hero/jade-plant.jpg [36m304[0m 1.583 ms - -[0m
2026-08-01 23:32:51 [INFO]: [0mGET /images/hero/golden-pothos.jpg [36m304[0m 0.486 ms - -[0m
2026-08-01 23:32:51 [INFO]: [0mGET /images/hero/fiddle-leaf-fig.jpg [36m304[0m 0.542 ms - -[0m
2026-08-01 23:32:51 [INFO]: [0mGET /images/hero/why-choose.jpg [36m304[0m 0.704 ms - -[0m
2026-08-01 23:32:51 [INFO]: [0mGET /images/logo/plantora-orgn-white.png [36m304[0m 0.420 ms - -[0m
2026-08-01 23:32:52 [INFO]: [0mGET /favicon.ico [33m404[0m 3.093 ms - 75[0m
2026-08-01 23:32:58 [INFO]: [0mGET /auth/forgot-password [32m200[0m 13.550 ms - -[0m
2026-08-01 23:32:58 [INFO]: [0mGET /css/style.css [36m304[0m 1.319 ms - -[0m
2026-08-01 23:32:58 [INFO]: [0mGET /images/logo/plantora.png [36m304[0m 1.678 ms - -[0m
2026-08-01 23:32:58 [INFO]: [0mGET /images/logo/plantora-orgn-white.png [36m304[0m 2.257 ms - -[0m
2026-08-01 23:32:58 [INFO]: [0mGET /js/header.js [36m304[0m 0.623 ms - -[0m
2026-08-01 23:32:58 [INFO]: [0mGET /js/featured.js [36m304[0m 1.640 ms - -[0m
2026-08-01 23:32:58 [INFO]: [0mGET /js/footer.js [36m304[0m 2.078 ms - -[0m
2026-08-01 23:32:58 [INFO]: [0mGET /js/why-choose.js [36m304[0m 2.336 ms - -[0m
2026-08-01 23:32:58 [INFO]: [0mGET /js/notification.js [36m304[0m 2.678 ms - -[0m
2026-08-01 23:32:58 [INFO]: [0mGET /css/variables.css [36m304[0m 1.703 ms - -[0m
2026-08-01 23:32:58 [INFO]: [0mGET /js/auth.js [36m304[0m 2.128 ms - -[0m
2026-08-01 23:32:58 [INFO]: [0mGET /css/utilities.css [36m304[0m 2.508 ms - -[0m
2026-08-01 23:32:58 [INFO]: [0mGET /css/animations.css [36m304[0m 2.871 ms - -[0m
2026-08-01 23:32:58 [INFO]: [0mGET /css/announcement.css [36m304[0m 3.773 ms - -[0m
2026-08-01 23:32:58 [INFO]: [0mGET /css/header.css [36m304[0m 0.874 ms - -[0m
2026-08-01 23:32:58 [INFO]: [0mGET /css/hero.css [36m304[0m 1.984 ms - -[0m
2026-08-01 23:32:58 [INFO]: [0mGET /css/featured.css [36m304[0m 1.995 ms - -[0m
2026-08-01 23:32:58 [INFO]: [0mGET /css/why-choose.css [36m304[0m 2.467 ms - -[0m
2026-08-01 23:32:58 [INFO]: [0mGET /css/footer.css [36m304[0m 2.942 ms - -[0m
2026-08-01 23:32:58 [INFO]: [0mGET /css/auth.css [36m304[0m 3.637 ms - -[0m
2026-08-01 23:32:58 [INFO]: [0mGET /css/verify.css [36m304[0m 1.085 ms - -[0m
2026-08-01 23:33:11 [INFO]: Email sent successfully to 'customer_0001@yopmail.com'. Subject: 'Reset Your Plantora Password'.
2026-08-01 23:33:11 [INFO]: Password reset email sent : customer_0001@yopmail.com
2026-08-01 23:33:11 [INFO]: [0mPOST /auth/forgot-password [32m200[0m 5296.923 ms - 86[0m
2026-08-01 23:33:26 [INFO]: [0mGET /auth/reset-password/2694c439744885c94158d91c88ca3d8da02b97a11c14ef157c99e3ccba87754f [32m200[0m 14.004 ms - -[0m
2026-08-01 23:33:26 [INFO]: [0mGET /css/style.css [36m304[0m 0.517 ms - -[0m
2026-08-01 23:33:26 [INFO]: [0mGET /images/logo/plantora.png [36m304[0m 0.605 ms - -[0m
2026-08-01 23:33:26 [INFO]: [0mGET /images/logo/plantora-orgn-white.png [36m304[0m 1.133 ms - -[0m
2026-08-01 23:33:26 [INFO]: [0mGET /js/header.js [36m304[0m 0.455 ms - -[0m
2026-08-01 23:33:26 [INFO]: [0mGET /js/featured.js [36m304[0m 0.332 ms - -[0m
2026-08-01 23:33:26 [INFO]: [0mGET /js/why-choose.js [36m304[0m 0.565 ms - -[0m
2026-08-01 23:33:26 [INFO]: [0mGET /js/notification.js [36m304[0m 1.065 ms - -[0m
2026-08-01 23:33:26 [INFO]: [0mGET /js/footer.js [36m304[0m 0.867 ms - -[0m
2026-08-01 23:33:26 [INFO]: [0mGET /js/auth.js [36m304[0m 1.161 ms - -[0m
2026-08-01 23:33:26 [INFO]: [0mGET /css/variables.css [36m304[0m 1.420 ms - -[0m
2026-08-01 23:33:26 [INFO]: [0mGET /css/utilities.css [36m304[0m 2.070 ms - -[0m
2026-08-01 23:33:26 [INFO]: [0mGET /css/announcement.css [36m304[0m 1.590 ms - -[0m
2026-08-01 23:33:26 [INFO]: [0mGET /css/header.css [36m304[0m 1.907 ms - -[0m
2026-08-01 23:33:26 [INFO]: [0mGET /css/animations.css [36m304[0m 2.455 ms - -[0m
2026-08-01 23:33:26 [INFO]: [0mGET /css/hero.css [36m304[0m 0.697 ms - -[0m
2026-08-01 23:33:26 [INFO]: [0mGET /css/featured.css [36m304[0m 0.882 ms - -[0m
2026-08-01 23:33:26 [INFO]: [0mGET /js/resetPassword.js [32m200[0m 5.572 ms - -[0m
2026-08-01 23:33:26 [INFO]: [0mGET /css/why-choose.css [36m304[0m 1.358 ms - -[0m
2026-08-01 23:33:26 [INFO]: [0mGET /css/footer.css [36m304[0m 1.513 ms - -[0m
2026-08-01 23:33:26 [INFO]: [0mGET /css/auth.css [36m304[0m 1.747 ms - -[0m
2026-08-01 23:33:26 [INFO]: [0mGET /css/verify.css [36m304[0m 0.451 ms - -[0m
