2026-07-27 00:52:26 [INFO]: MongoDB connected successfully.
2026-07-27 00:52:30 [INFO]: Email server connected successfully.
2026-07-27 00:52:30 [INFO]: Server is running on port 5132.
2026-07-27 00:53:19 [INFO]: [0mGET / [32m200[0m 34.283 ms - -[0m
2026-07-27 00:53:19 [INFO]: [0mGET /css/style.css [36m304[0m 1.131 ms - -[0m
2026-07-27 00:53:19 [INFO]: [0mGET /images/logo/plantora.png [36m304[0m 0.606 ms - -[0m
2026-07-27 00:53:19 [INFO]: [0mGET /images/hero/hero-placeholder.png [36m304[0m 1.347 ms - -[0m
2026-07-27 00:53:19 [INFO]: [0mGET /images/hero/monstera-plant.jpg [36m304[0m 1.464 ms - -[0m
2026-07-27 00:53:19 [INFO]: [0mGET /images/hero/snake-plant.jpg [36m304[0m 1.691 ms - -[0m
2026-07-27 00:53:19 [INFO]: [0mGET /images/hero/peace-lily.jpg [36m304[0m 1.975 ms - -[0m
2026-07-27 00:53:19 [INFO]: [0mGET /js/header.js [36m304[0m 2.307 ms - -[0m
2026-07-27 00:53:19 [INFO]: [0mGET /css/variables.css [36m304[0m 0.603 ms - -[0m
2026-07-27 00:53:19 [INFO]: [0mGET /css/utilities.css [36m304[0m 1.433 ms - -[0m
2026-07-27 00:53:19 [INFO]: [0mGET /css/animations.css [36m304[0m 1.722 ms - -[0m
2026-07-27 00:53:19 [INFO]: [0mGET /css/announcement.css [36m304[0m 1.920 ms - -[0m
2026-07-27 00:53:19 [INFO]: [0mGET /css/header.css [36m304[0m 2.341 ms - -[0m
2026-07-27 00:53:19 [INFO]: [0mGET /css/hero.css [36m304[0m 0.909 ms - -[0m
2026-07-27 00:53:19 [INFO]: [0mGET /js/featured.js [32m200[0m 3.616 ms - -[0m
2026-07-27 00:53:19 [INFO]: [0mGET /css/featured.css [36m304[0m 1.019 ms - -[0m
2026-07-27 00:53:19 [INFO]: [0mGET /css/why-choose.css [36m304[0m 1.229 ms - -[0m
2026-07-27 00:53:19 [INFO]: [0mGET /css/footer.css [36m304[0m 1.518 ms - -[0m
2026-07-27 00:53:19 [INFO]: [0mGET /js/why-choose.js [36m304[0m 0.263 ms - -[0m
2026-07-27 00:53:19 [INFO]: [0mGET /js/notification.js [36m304[0m 0.360 ms - -[0m
2026-07-27 00:53:19 [INFO]: [0mGET /js/footer.js [36m304[0m 0.465 ms - -[0m
2026-07-27 00:53:19 [INFO]: [0mGET /images/hero/tulip-plant.jpg [36m304[0m 0.331 ms - -[0m
2026-07-27 00:53:19 [INFO]: [0mGET /images/hero/rubber-plant.jpg [36m304[0m 0.752 ms - -[0m
2026-07-27 00:53:19 [INFO]: [0mGET /images/hero/aloe-vera.jpg [36m304[0m 0.479 ms - -[0m
2026-07-27 00:53:19 [INFO]: [0mGET /images/hero/areca-palm.jpg [36m304[0m 0.717 ms - -[0m
2026-07-27 00:53:19 [INFO]: [0mGET /images/hero/jade-plant.jpg [36m304[0m 0.233 ms - -[0m
2026-07-27 00:53:19 [INFO]: [0mGET /images/hero/golden-pothos.jpg [36m304[0m 0.338 ms - -[0m
2026-07-27 00:53:19 [INFO]: [0mGET /images/hero/fiddle-leaf-fig.jpg [36m304[0m 0.825 ms - -[0m
2026-07-27 00:53:19 [INFO]: [0mGET /images/hero/why-choose.jpg [36m304[0m 0.254 ms - -[0m
2026-07-27 00:53:19 [INFO]: [0mGET /images/logo/plantora-orgn-white.png [36m304[0m 0.498 ms - -[0m
2026-07-27 00:53:31 [INFO]: [0mGET /css/style.css [36m304[0m 0.676 ms - -[0m
2026-07-27 00:53:31 [INFO]: [0mGET /css/variables.css [36m304[0m 0.629 ms - -[0m
2026-07-27 00:53:31 [INFO]: [0mGET /css/utilities.css [36m304[0m 0.802 ms - -[0m
2026-07-27 00:53:31 [INFO]: [0mGET /css/animations.css [36m304[0m 0.970 ms - -[0m
2026-07-27 00:53:31 [INFO]: [0mGET /css/announcement.css [36m304[0m 1.159 ms - -[0m
2026-07-27 00:53:31 [INFO]: [0mGET /css/header.css [36m304[0m 1.283 ms - -[0m
2026-07-27 00:53:31 [INFO]: [0mGET /css/hero.css [36m304[0m 1.424 ms - -[0m
2026-07-27 00:53:31 [INFO]: [0mGET /.well-known/appspecific/com.chrome.devtools.json [33m404[0m 1.673 ms - 112[0m
2026-07-27 00:53:31 [INFO]: [0mGET /css/featured.css [36m304[0m 2.729 ms - -[0m
2026-07-27 00:53:31 [INFO]: [0mGET /css/why-choose.css [36m304[0m 3.205 ms - -[0m
2026-07-27 00:53:31 [INFO]: [0mGET /css/footer.css [36m304[0m 3.599 ms - -[0m
2026-07-27 00:54:06 [INFO]: MongoDB connected successfully.
2026-07-27 00:54:08 [INFO]: Email server connected successfully.
2026-07-27 00:54:08 [INFO]: Server is running on port 5132.
2026-07-27 00:54:14 [INFO]: [0mGET /.well-known/appspecific/com.chrome.devtools.json [33m404[0m 9.274 ms - 112[0m
2026-07-27 00:54:48 [INFO]: [0mGET / [36m304[0m 15.631 ms - -[0m
2026-07-27 00:54:48 [INFO]: [0mGET /css/style.css [36m304[0m 0.900 ms - -[0m
2026-07-27 00:54:48 [INFO]: [0mGET /images/logo/plantora.png [36m304[0m 0.672 ms - -[0m
2026-07-27 00:54:48 [INFO]: [0mGET /images/hero/hero-placeholder.png [36m304[0m 1.323 ms - -[0m
2026-07-27 00:54:48 [INFO]: [0mGET /images/hero/monstera-plant.jpg [36m304[0m 0.482 ms - -[0m
2026-07-27 00:54:48 [INFO]: [0mGET /css/variables.css [36m304[0m 1.232 ms - -[0m
2026-07-27 00:54:48 [INFO]: [0mGET /css/utilities.css [36m304[0m 1.560 ms - -[0m
2026-07-27 00:54:48 [INFO]: [0mGET /css/animations.css [36m304[0m 1.964 ms - -[0m
2026-07-27 00:54:48 [INFO]: [0mGET /css/why-choose.css [36m304[0m 2.540 ms - -[0m
2026-07-27 00:54:48 [INFO]: [0mGET /css/announcement.css [36m304[0m 3.083 ms - -[0m
2026-07-27 00:54:48 [INFO]: [0mGET /css/header.css [36m304[0m 3.429 ms - -[0m
2026-07-27 00:54:48 [INFO]: [0mGET /css/hero.css [36m304[0m 3.984 ms - -[0m
2026-07-27 00:54:48 [INFO]: [0mGET /css/footer.css [36m304[0m 4.067 ms - -[0m
2026-07-27 00:54:48 [INFO]: [0mGET /.well-known/appspecific/com.chrome.devtools.json [33m404[0m 2.598 ms - 112[0m
2026-07-27 00:54:48 [INFO]: [0mGET /images/hero/snake-plant.jpg [36m304[0m 2.282 ms - -[0m
2026-07-27 00:54:48 [INFO]: [0mGET /images/hero/peace-lily.jpg [36m304[0m 1.339 ms - -[0m
2026-07-27 00:54:48 [INFO]: [0mGET /js/header.js [36m304[0m 1.660 ms - -[0m
2026-07-27 00:54:48 [INFO]: [0mGET /css/featured.css [32m200[0m 11.903 ms - -[0m
2026-07-27 00:54:48 [INFO]: [0mGET /js/why-choose.js [36m304[0m 0.496 ms - -[0m
2026-07-27 00:54:48 [INFO]: [0mGET /js/featured.js [32m200[0m 1.597 ms - -[0m
2026-07-27 00:54:48 [INFO]: [0mGET /js/notification.js [36m304[0m 0.272 ms - -[0m
2026-07-27 00:54:48 [INFO]: [0mGET /js/footer.js [36m304[0m 0.548 ms - -[0m
2026-07-27 00:54:48 [INFO]: [0mGET /images/hero/tulip-plant.jpg [36m304[0m 0.605 ms - -[0m
2026-07-27 00:54:48 [INFO]: [0mGET /images/hero/rubber-plant.jpg [36m304[0m 0.924 ms - -[0m
2026-07-27 00:54:48 [INFO]: [0mGET /images/hero/aloe-vera.jpg [36m304[0m 0.628 ms - -[0m
2026-07-27 00:54:48 [INFO]: [0mGET /images/hero/areca-palm.jpg [36m304[0m 0.848 ms - -[0m
2026-07-27 00:54:48 [INFO]: [0mGET /images/hero/jade-plant.jpg [36m304[0m 0.350 ms - -[0m
2026-07-27 00:54:48 [INFO]: [0mGET /images/hero/golden-pothos.jpg [36m304[0m 0.731 ms - -[0m
2026-07-27 00:54:48 [INFO]: [0mGET /images/hero/fiddle-leaf-fig.jpg [36m304[0m 1.039 ms - -[0m
2026-07-27 00:54:48 [INFO]: [0mGET /images/hero/why-choose.jpg [36m304[0m 0.637 ms - -[0m
2026-07-27 00:54:48 [INFO]: [0mGET /images/logo/plantora-orgn-white.png [36m304[0m 0.438 ms - -[0m
2026-07-27 00:55:23 [INFO]: [0mGET / [36m304[0m 11.041 ms - -[0m
2026-07-27 00:55:23 [INFO]: [0mGET /css/style.css [36m304[0m 0.290 ms - -[0m
2026-07-27 00:55:23 [INFO]: [0mGET /images/logo/plantora.png [36m304[0m 0.993 ms - -[0m
2026-07-27 00:55:23 [INFO]: [0mGET /images/hero/hero-placeholder.png [36m304[0m 1.279 ms - -[0m
2026-07-27 00:55:23 [INFO]: [0mGET /images/hero/monstera-plant.jpg [36m304[0m 0.361 ms - -[0m
2026-07-27 00:55:23 [INFO]: [0mGET /images/hero/snake-plant.jpg [36m304[0m 0.612 ms - -[0m
2026-07-27 00:55:23 [INFO]: [0mGET /css/variables.css [36m304[0m 0.549 ms - -[0m
2026-07-27 00:55:23 [INFO]: [0mGET /css/utilities.css [36m304[0m 1.278 ms - -[0m
2026-07-27 00:55:23 [INFO]: [0mGET /css/animations.css [36m304[0m 1.250 ms - -[0m
2026-07-27 00:55:23 [INFO]: [0mGET /css/announcement.css [36m304[0m 2.313 ms - -[0m
2026-07-27 00:55:23 [INFO]: [0mGET /css/header.css [36m304[0m 3.469 ms - -[0m
2026-07-27 00:55:23 [INFO]: [0mGET /css/hero.css [36m304[0m 0.972 ms - -[0m
2026-07-27 00:55:23 [INFO]: [0mGET /css/featured.css [36m304[0m 2.139 ms - -[0m
2026-07-27 00:55:23 [INFO]: [0mGET /css/footer.css [36m304[0m 1.665 ms - -[0m
2026-07-27 00:55:23 [INFO]: [0mGET /images/hero/peace-lily.jpg [36m304[0m 2.684 ms - -[0m
2026-07-27 00:55:23 [INFO]: [0mGET /js/header.js [36m304[0m 1.234 ms - -[0m
2026-07-27 00:55:23 [INFO]: [0mGET /js/featured.js [36m304[0m 1.524 ms - -[0m
2026-07-27 00:55:23 [INFO]: [0mGET /js/why-choose.js [36m304[0m 1.557 ms - -[0m
2026-07-27 00:55:23 [INFO]: [0mGET /js/notification.js [36m304[0m 1.552 ms - -[0m
2026-07-27 00:55:23 [INFO]: [0mGET /js/footer.js [36m304[0m 0.601 ms - -[0m
2026-07-27 00:55:23 [INFO]: [0mGET /images/hero/tulip-plant.jpg [36m304[0m 1.070 ms - -[0m
2026-07-27 00:55:23 [INFO]: [0mGET /.well-known/appspecific/com.chrome.devtools.json [33m404[0m 1.285 ms - 112[0m
2026-07-27 00:55:23 [INFO]: [0mGET /images/hero/rubber-plant.jpg [36m304[0m 3.616 ms - -[0m
2026-07-27 00:55:23 [INFO]: [0mGET /css/why-choose.css [32m200[0m 6.110 ms - -[0m
2026-07-27 00:55:23 [INFO]: [0mGET /images/hero/aloe-vera.jpg [36m304[0m 1.724 ms - -[0m
2026-07-27 00:55:23 [INFO]: [0mGET /images/hero/areca-palm.jpg [36m304[0m 0.818 ms - -[0m
2026-07-27 00:55:23 [INFO]: [0mGET /images/hero/jade-plant.jpg [36m304[0m 1.124 ms - -[0m
2026-07-27 00:55:23 [INFO]: [0mGET /images/hero/golden-pothos.jpg [36m304[0m 1.406 ms - -[0m
2026-07-27 00:55:23 [INFO]: [0mGET /images/hero/fiddle-leaf-fig.jpg [36m304[0m 0.650 ms - -[0m
2026-07-27 00:55:23 [INFO]: [0mGET /images/hero/why-choose.jpg [36m304[0m 0.987 ms - -[0m
2026-07-27 00:55:23 [INFO]: [0mGET /images/logo/plantora-orgn-white.png [36m304[0m 2.019 ms - -[0m
2026-07-27 00:56:04 [INFO]: [0mGET / [36m304[0m 8.172 ms - -[0m
2026-07-27 00:56:04 [INFO]: [0mGET /css/style.css [36m304[0m 0.370 ms - -[0m
2026-07-27 00:56:04 [INFO]: [0mGET /images/logo/plantora.png [36m304[0m 0.343 ms - -[0m
2026-07-27 00:56:04 [INFO]: [0mGET /images/hero/hero-placeholder.png [36m304[0m 0.568 ms - -[0m
2026-07-27 00:56:04 [INFO]: [0mGET /images/hero/monstera-plant.jpg [36m304[0m 0.357 ms - -[0m
2026-07-27 00:56:04 [INFO]: [0mGET /images/hero/snake-plant.jpg [36m304[0m 0.708 ms - -[0m
2026-07-27 00:56:04 [INFO]: [0mGET /css/variables.css [36m304[0m 0.389 ms - -[0m
2026-07-27 00:56:04 [INFO]: [0mGET /css/utilities.css [36m304[0m 1.252 ms - -[0m
2026-07-27 00:56:04 [INFO]: [0mGET /css/animations.css [36m304[0m 1.430 ms - -[0m
2026-07-27 00:56:04 [INFO]: [0mGET /css/hero.css [36m304[0m 1.134 ms - -[0m
2026-07-27 00:56:04 [INFO]: [0mGET /css/announcement.css [36m304[0m 1.382 ms - -[0m
2026-07-27 00:56:04 [INFO]: [0mGET /css/header.css [36m304[0m 1.551 ms - -[0m
2026-07-27 00:56:04 [INFO]: [0mGET /css/featured.css [36m304[0m 1.658 ms - -[0m
2026-07-27 00:56:04 [INFO]: [0mGET /.well-known/appspecific/com.chrome.devtools.json [33m404[0m 1.087 ms - 112[0m
2026-07-27 00:56:04 [INFO]: [0mGET /css/footer.css [36m304[0m 2.428 ms - -[0m
2026-07-27 00:56:04 [INFO]: [0mGET /images/hero/peace-lily.jpg [36m304[0m 2.615 ms - -[0m
2026-07-27 00:56:04 [INFO]: [0mGET /js/header.js [36m304[0m 1.000 ms - -[0m
2026-07-27 00:56:04 [INFO]: [0mGET /js/featured.js [36m304[0m 1.105 ms - -[0m
2026-07-27 00:56:04 [INFO]: [0mGET /js/why-choose.js [36m304[0m 0.673 ms - -[0m
2026-07-27 00:56:04 [INFO]: [0mGET /js/notification.js [36m304[0m 0.772 ms - -[0m
2026-07-27 00:56:04 [INFO]: [0mGET /js/footer.js [36m304[0m 1.443 ms - -[0m
2026-07-27 00:56:04 [INFO]: [0mGET /images/hero/tulip-plant.jpg [36m304[0m 1.792 ms - -[0m
2026-07-27 00:56:04 [INFO]: [0mGET /images/hero/rubber-plant.jpg [36m304[0m 2.759 ms - -[0m
2026-07-27 00:56:04 [INFO]: [0mGET /css/why-choose.css [32m200[0m 4.425 ms - -[0m
2026-07-27 00:56:04 [INFO]: [0mGET /images/hero/aloe-vera.jpg [36m304[0m 0.771 ms - -[0m
2026-07-27 00:56:04 [INFO]: [0mGET /images/hero/areca-palm.jpg [36m304[0m 0.869 ms - -[0m
2026-07-27 00:56:04 [INFO]: [0mGET /images/hero/jade-plant.jpg [36m304[0m 1.069 ms - -[0m
2026-07-27 00:56:04 [INFO]: [0mGET /images/hero/golden-pothos.jpg [36m304[0m 1.597 ms - -[0m
2026-07-27 00:56:04 [INFO]: [0mGET /images/hero/fiddle-leaf-fig.jpg [36m304[0m 0.547 ms - -[0m
2026-07-27 00:56:04 [INFO]: [0mGET /images/hero/why-choose.jpg [36m304[0m 0.799 ms - -[0m
2026-07-27 00:56:04 [INFO]: [0mGET /images/logo/plantora-orgn-white.png [36m304[0m 0.914 ms - -[0m
2026-07-27 00:56:15 [INFO]: [0mGET / [36m304[0m 11.050 ms - -[0m
2026-07-27 00:56:15 [INFO]: [0mGET /css/style.css [36m304[0m 0.592 ms - -[0m
2026-07-27 00:56:15 [INFO]: [0mGET /images/logo/plantora.png [36m304[0m 0.376 ms - -[0m
2026-07-27 00:56:15 [INFO]: [0mGET /images/hero/hero-placeholder.png [36m304[0m 1.211 ms - -[0m
2026-07-27 00:56:15 [INFO]: [0mGET /images/hero/monstera-plant.jpg [36m304[0m 1.375 ms - -[0m
2026-07-27 00:56:15 [INFO]: [0mGET /js/featured.js [36m304[0m 0.656 ms - -[0m
2026-07-27 00:56:15 [INFO]: [0mGET /images/hero/snake-plant.jpg [36m304[0m 1.092 ms - -[0m
2026-07-27 00:56:15 [INFO]: [0mGET /images/hero/peace-lily.jpg [36m304[0m 1.308 ms - -[0m
2026-07-27 00:56:15 [INFO]: [0mGET /js/header.js [36m304[0m 1.553 ms - -[0m
2026-07-27 00:56:15 [INFO]: [0mGET /js/why-choose.js [36m304[0m 0.317 ms - -[0m
2026-07-27 00:56:15 [INFO]: [0mGET /js/notification.js [36m304[0m 0.438 ms - -[0m
2026-07-27 00:56:15 [INFO]: [0mGET /js/footer.js [36m304[0m 0.538 ms - -[0m
2026-07-27 00:56:15 [INFO]: [0mGET /images/hero/tulip-plant.jpg [36m304[0m 0.757 ms - -[0m
2026-07-27 00:56:15 [INFO]: [0mGET /images/hero/rubber-plant.jpg [36m304[0m 1.108 ms - -[0m
2026-07-27 00:56:15 [INFO]: [0mGET /images/hero/aloe-vera.jpg [36m304[0m 1.565 ms - -[0m
2026-07-27 00:56:15 [INFO]: [0mGET /images/hero/areca-palm.jpg [36m304[0m 0.574 ms - -[0m
2026-07-27 00:56:15 [INFO]: [0mGET /images/hero/jade-plant.jpg [36m304[0m 0.713 ms - -[0m
2026-07-27 00:56:15 [INFO]: [0mGET /images/hero/golden-pothos.jpg [36m304[0m 0.761 ms - -[0m
2026-07-27 00:56:15 [INFO]: [0mGET /images/hero/fiddle-leaf-fig.jpg [36m304[0m 0.986 ms - -[0m
2026-07-27 00:56:15 [INFO]: [0mGET /images/hero/why-choose.jpg [36m304[0m 1.255 ms - -[0m
2026-07-27 00:56:15 [INFO]: [0mGET /images/logo/plantora-orgn-white.png [36m304[0m 0.249 ms - -[0m
2026-07-27 00:56:15 [INFO]: [0mGET /css/variables.css [36m304[0m 0.679 ms - -[0m
2026-07-27 00:56:15 [INFO]: [0mGET /css/utilities.css [36m304[0m 1.053 ms - -[0m
2026-07-27 00:56:15 [INFO]: [0mGET /css/animations.css [36m304[0m 1.319 ms - -[0m
2026-07-27 00:56:15 [INFO]: [0mGET /css/announcement.css [36m304[0m 1.899 ms - -[0m
2026-07-27 00:56:15 [INFO]: [0mGET /css/header.css [36m304[0m 0.689 ms - -[0m
2026-07-27 00:56:15 [INFO]: [0mGET /css/hero.css [36m304[0m 1.320 ms - -[0m
2026-07-27 00:56:15 [INFO]: [0mGET /css/featured.css [36m304[0m 0.801 ms - -[0m
2026-07-27 00:56:15 [INFO]: [0mGET /css/why-choose.css [36m304[0m 1.058 ms - -[0m
2026-07-27 00:56:15 [INFO]: [0mGET /css/footer.css [36m304[0m 1.337 ms - -[0m
2026-07-27 01:19:21 [INFO]: MongoDB connected successfully.
2026-07-27 01:19:24 [INFO]: Email server connected successfully.
2026-07-27 01:19:24 [INFO]: Server is running on port 5132.
2026-07-27 01:19:31 [INFO]: MongoDB connected successfully.
2026-07-27 01:19:34 [INFO]: Email server connected successfully.
2026-07-27 01:19:34 [INFO]: Server is running on port 5132.
2026-07-27 01:20:04 [INFO]: MongoDB connected successfully.
2026-07-27 01:20:05 [INFO]: MongoDB connected successfully.
2026-07-27 01:20:08 [INFO]: Email server connected successfully.
2026-07-27 01:20:08 [INFO]: Server is running on port 5132.
2026-07-27 01:20:13 [INFO]: MongoDB connected successfully.
2026-07-27 01:20:16 [INFO]: Email server connected successfully.
2026-07-27 01:20:16 [INFO]: Server is running on port 5132.
2026-07-27 01:22:12 [INFO]: MongoDB connected successfully.
2026-07-27 01:22:15 [INFO]: Email server connected successfully.
2026-07-27 01:22:15 [INFO]: Server is running on port 5132.
2026-07-27 01:22:33 [INFO]: MongoDB connected successfully.
2026-07-27 01:22:36 [INFO]: Email server connected successfully.
2026-07-27 01:22:36 [INFO]: Server is running on port 5132.
2026-07-27 01:22:48 [INFO]: MongoDB connected successfully.
2026-07-27 01:22:50 [INFO]: Email server connected successfully.
2026-07-27 01:22:50 [INFO]: Server is running on port 5132.
2026-07-27 01:23:00 [INFO]: MongoDB connected successfully.
2026-07-27 01:23:04 [INFO]: MongoDB connected successfully.
2026-07-27 01:23:06 [INFO]: Email server connected successfully.
2026-07-27 01:23:06 [INFO]: Server is running on port 5132.
2026-07-27 01:23:42 [INFO]: MongoDB connected successfully.
2026-07-27 01:23:45 [INFO]: Email server connected successfully.
2026-07-27 01:23:45 [INFO]: Server is running on port 5132.
2026-07-27 01:24:40 [INFO]: MongoDB connected successfully.
2026-07-27 01:24:43 [INFO]: Email server connected successfully.
2026-07-27 01:24:43 [INFO]: Server is running on port 5132.
2026-07-27 01:25:49 [INFO]: MongoDB connected successfully.
2026-07-27 01:25:50 [INFO]: MongoDB connected successfully.
2026-07-27 01:25:53 [INFO]: Email server connected successfully.
2026-07-27 01:25:53 [INFO]: Server is running on port 5132.
2026-07-27 01:25:55 [INFO]: MongoDB connected successfully.
2026-07-27 01:25:58 [INFO]: Email server connected successfully.
2026-07-27 01:25:58 [INFO]: Server is running on port 5132.
2026-07-27 01:26:12 [INFO]: MongoDB connected successfully.
2026-07-27 01:26:15 [INFO]: Email server connected successfully.
2026-07-27 01:26:15 [INFO]: Server is running on port 5132.
2026-07-27 02:43:36 [INFO]: MongoDB connected successfully.
2026-07-27 02:43:39 [INFO]: Email server connected successfully.
2026-07-27 02:43:39 [INFO]: Server is running on port 5132.
2026-07-27 02:43:41 [ERROR]: Error: E:\Webskitters_Academy\NODE JS\final_project_node\plantora_final_project_node_ejs\views\home\index.ejs:3
    1| <%- include("../partials/main/head") %>
    2| <%-include("../partials/main/announcementBar") %>
 >> 3| <%-include("../partials/main/header") %>
    4| 
    5| <main>
    6|   <!-- Home page -->

E:\Webskitters_Academy\NODE JS\final_project_node\plantora_final_project_node_ejs\views\partials\main\header.ejs:379
    377| </header>
    378| 
 >> 379| <%- include("../modals/loginModal") %>
    380| 
    381| <%- include("../modals/registerModal") %>

Could not find the include file "../modals/loginModal"
    at getIncludePath (E:\Webskitters_Academy\NODE JS\final_project_node\plantora_final_project_node_ejs\node_modules\ejs\lib\cjs\ejs.js:170:19)
    at includeFile (E:\Webskitters_Academy\NODE JS\final_project_node\plantora_final_project_node_ejs\node_modules\ejs\lib\cjs\ejs.js:284:21)
    at include (E:\Webskitters_Academy\NODE JS\final_project_node\plantora_final_project_node_ejs\node_modules\ejs\lib\cjs\ejs.js:634:24)
    at eval (eval at compile (E:\Webskitters_Academy\NODE JS\final_project_node\plantora_final_project_node_ejs\node_modules\ejs\lib\cjs\ejs.js:607:18), <anonymous>:90:17)
    at header (E:\Webskitters_Academy\NODE JS\final_project_node\plantora_final_project_node_ejs\node_modules\ejs\lib\cjs\ejs.js:643:23)
    at include (E:\Webskitters_Academy\NODE JS\final_project_node\plantora_final_project_node_ejs\node_modules\ejs\lib\cjs\ejs.js:634:47)
    at eval (eval at compile (E:\Webskitters_Academy\NODE JS\final_project_node\plantora_final_project_node_ejs\node_modules\ejs\lib\cjs\ejs.js:607:18), <anonymous>:16:16)
    at index (E:\Webskitters_Academy\NODE JS\final_project_node\plantora_final_project_node_ejs\node_modules\ejs\lib\cjs\ejs.js:643:23)
    at tryHandleCache (E:\Webskitters_Academy\NODE JS\final_project_node\plantora_final_project_node_ejs\node_modules\ejs\lib\cjs\ejs.js:253:42)
    at ejs.renderFile [as engine] (E:\Webskitters_Academy\NODE JS\final_project_node\plantora_final_project_node_ejs\node_modules\ejs\lib\cjs\ejs.js:444:12)
2026-07-27 02:43:41 [INFO]: [0mGET / [31m500[0m 29.511 ms - 788[0m
2026-07-27 02:44:37 [ERROR]: Error: E:\Webskitters_Academy\NODE JS\final_project_node\plantora_final_project_node_ejs\views\home\index.ejs:3
    1| <%- include("../partials/main/head") %>
    2| <%-include("../partials/main/announcementBar") %>
 >> 3| <%-include("../partials/main/header") %>
    4| 
    5| <main>
    6|   <!-- Home page -->

E:\Webskitters_Academy\NODE JS\final_project_node\plantora_final_project_node_ejs\views\partials\main\header.ejs:379
    377| </header>
    378| 
 >> 379| <%- include("../modals/loginModal") %>
    380| 
    381| <%- include("../modals/registerModal") %>

Could not find the include file "../modals/loginModal"
    at getIncludePath (E:\Webskitters_Academy\NODE JS\final_project_node\plantora_final_project_node_ejs\node_modules\ejs\lib\cjs\ejs.js:170:19)
    at includeFile (E:\Webskitters_Academy\NODE JS\final_project_node\plantora_final_project_node_ejs\node_modules\ejs\lib\cjs\ejs.js:284:21)
    at include (E:\Webskitters_Academy\NODE JS\final_project_node\plantora_final_project_node_ejs\node_modules\ejs\lib\cjs\ejs.js:634:24)
    at eval (eval at compile (E:\Webskitters_Academy\NODE JS\final_project_node\plantora_final_project_node_ejs\node_modules\ejs\lib\cjs\ejs.js:607:18), <anonymous>:90:17)
    at header (E:\Webskitters_Academy\NODE JS\final_project_node\plantora_final_project_node_ejs\node_modules\ejs\lib\cjs\ejs.js:643:23)
    at include (E:\Webskitters_Academy\NODE JS\final_project_node\plantora_final_project_node_ejs\node_modules\ejs\lib\cjs\ejs.js:634:47)
    at eval (eval at compile (E:\Webskitters_Academy\NODE JS\final_project_node\plantora_final_project_node_ejs\node_modules\ejs\lib\cjs\ejs.js:607:18), <anonymous>:16:16)
    at index (E:\Webskitters_Academy\NODE JS\final_project_node\plantora_final_project_node_ejs\node_modules\ejs\lib\cjs\ejs.js:643:23)
    at tryHandleCache (E:\Webskitters_Academy\NODE JS\final_project_node\plantora_final_project_node_ejs\node_modules\ejs\lib\cjs\ejs.js:253:42)
    at ejs.renderFile [as engine] (E:\Webskitters_Academy\NODE JS\final_project_node\plantora_final_project_node_ejs\node_modules\ejs\lib\cjs\ejs.js:444:12)
2026-07-27 02:44:37 [INFO]: [0mGET / [31m500[0m 10.195 ms - 788[0m
2026-07-27 02:44:39 [ERROR]: Error: E:\Webskitters_Academy\NODE JS\final_project_node\plantora_final_project_node_ejs\views\home\index.ejs:3
    1| <%- include("../partials/main/head") %>
    2| <%-include("../partials/main/announcementBar") %>
 >> 3| <%-include("../partials/main/header") %>
    4| 
    5| <main>
    6|   <!-- Home page -->

E:\Webskitters_Academy\NODE JS\final_project_node\plantora_final_project_node_ejs\views\partials\main\header.ejs:379
    377| </header>
    378| 
 >> 379| <%- include("../modals/loginModal") %>
    380| 
    381| <%- include("../modals/registerModal") %>

Could not find the include file "../modals/loginModal"
    at getIncludePath (E:\Webskitters_Academy\NODE JS\final_project_node\plantora_final_project_node_ejs\node_modules\ejs\lib\cjs\ejs.js:170:19)
    at includeFile (E:\Webskitters_Academy\NODE JS\final_project_node\plantora_final_project_node_ejs\node_modules\ejs\lib\cjs\ejs.js:284:21)
    at include (E:\Webskitters_Academy\NODE JS\final_project_node\plantora_final_project_node_ejs\node_modules\ejs\lib\cjs\ejs.js:634:24)
    at eval (eval at compile (E:\Webskitters_Academy\NODE JS\final_project_node\plantora_final_project_node_ejs\node_modules\ejs\lib\cjs\ejs.js:607:18), <anonymous>:90:17)
    at header (E:\Webskitters_Academy\NODE JS\final_project_node\plantora_final_project_node_ejs\node_modules\ejs\lib\cjs\ejs.js:643:23)
    at include (E:\Webskitters_Academy\NODE JS\final_project_node\plantora_final_project_node_ejs\node_modules\ejs\lib\cjs\ejs.js:634:47)
    at eval (eval at compile (E:\Webskitters_Academy\NODE JS\final_project_node\plantora_final_project_node_ejs\node_modules\ejs\lib\cjs\ejs.js:607:18), <anonymous>:16:16)
    at index (E:\Webskitters_Academy\NODE JS\final_project_node\plantora_final_project_node_ejs\node_modules\ejs\lib\cjs\ejs.js:643:23)
    at tryHandleCache (E:\Webskitters_Academy\NODE JS\final_project_node\plantora_final_project_node_ejs\node_modules\ejs\lib\cjs\ejs.js:253:42)
    at ejs.renderFile [as engine] (E:\Webskitters_Academy\NODE JS\final_project_node\plantora_final_project_node_ejs\node_modules\ejs\lib\cjs\ejs.js:444:12)
2026-07-27 02:44:39 [INFO]: [0mGET / [31m500[0m 6.906 ms - 788[0m
2026-07-27 02:44:41 [ERROR]: Error: E:\Webskitters_Academy\NODE JS\final_project_node\plantora_final_project_node_ejs\views\home\index.ejs:3
    1| <%- include("../partials/main/head") %>
    2| <%-include("../partials/main/announcementBar") %>
 >> 3| <%-include("../partials/main/header") %>
    4| 
    5| <main>
    6|   <!-- Home page -->

E:\Webskitters_Academy\NODE JS\final_project_node\plantora_final_project_node_ejs\views\partials\main\header.ejs:379
    377| </header>
    378| 
 >> 379| <%- include("../modals/loginModal") %>
    380| 
    381| <%- include("../modals/registerModal") %>

Could not find the include file "../modals/loginModal"
    at getIncludePath (E:\Webskitters_Academy\NODE JS\final_project_node\plantora_final_project_node_ejs\node_modules\ejs\lib\cjs\ejs.js:170:19)
    at includeFile (E:\Webskitters_Academy\NODE JS\final_project_node\plantora_final_project_node_ejs\node_modules\ejs\lib\cjs\ejs.js:284:21)
    at include (E:\Webskitters_Academy\NODE JS\final_project_node\plantora_final_project_node_ejs\node_modules\ejs\lib\cjs\ejs.js:634:24)
    at eval (eval at compile (E:\Webskitters_Academy\NODE JS\final_project_node\plantora_final_project_node_ejs\node_modules\ejs\lib\cjs\ejs.js:607:18), <anonymous>:90:17)
    at header (E:\Webskitters_Academy\NODE JS\final_project_node\plantora_final_project_node_ejs\node_modules\ejs\lib\cjs\ejs.js:643:23)
    at include (E:\Webskitters_Academy\NODE JS\final_project_node\plantora_final_project_node_ejs\node_modules\ejs\lib\cjs\ejs.js:634:47)
    at eval (eval at compile (E:\Webskitters_Academy\NODE JS\final_project_node\plantora_final_project_node_ejs\node_modules\ejs\lib\cjs\ejs.js:607:18), <anonymous>:16:16)
    at index (E:\Webskitters_Academy\NODE JS\final_project_node\plantora_final_project_node_ejs\node_modules\ejs\lib\cjs\ejs.js:643:23)
    at tryHandleCache (E:\Webskitters_Academy\NODE JS\final_project_node\plantora_final_project_node_ejs\node_modules\ejs\lib\cjs\ejs.js:253:42)
    at ejs.renderFile [as engine] (E:\Webskitters_Academy\NODE JS\final_project_node\plantora_final_project_node_ejs\node_modules\ejs\lib\cjs\ejs.js:444:12)
2026-07-27 02:44:41 [INFO]: [0mGET / [31m500[0m 5.928 ms - 788[0m
2026-07-27 02:44:42 [ERROR]: Error: E:\Webskitters_Academy\NODE JS\final_project_node\plantora_final_project_node_ejs\views\home\index.ejs:3
    1| <%- include("../partials/main/head") %>
    2| <%-include("../partials/main/announcementBar") %>
 >> 3| <%-include("../partials/main/header") %>
    4| 
    5| <main>
    6|   <!-- Home page -->

E:\Webskitters_Academy\NODE JS\final_project_node\plantora_final_project_node_ejs\views\partials\main\header.ejs:379
    377| </header>
    378| 
 >> 379| <%- include("../modals/loginModal") %>
    380| 
    381| <%- include("../modals/registerModal") %>

Could not find the include file "../modals/loginModal"
    at getIncludePath (E:\Webskitters_Academy\NODE JS\final_project_node\plantora_final_project_node_ejs\node_modules\ejs\lib\cjs\ejs.js:170:19)
    at includeFile (E:\Webskitters_Academy\NODE JS\final_project_node\plantora_final_project_node_ejs\node_modules\ejs\lib\cjs\ejs.js:284:21)
    at include (E:\Webskitters_Academy\NODE JS\final_project_node\plantora_final_project_node_ejs\node_modules\ejs\lib\cjs\ejs.js:634:24)
    at eval (eval at compile (E:\Webskitters_Academy\NODE JS\final_project_node\plantora_final_project_node_ejs\node_modules\ejs\lib\cjs\ejs.js:607:18), <anonymous>:90:17)
    at header (E:\Webskitters_Academy\NODE JS\final_project_node\plantora_final_project_node_ejs\node_modules\ejs\lib\cjs\ejs.js:643:23)
    at include (E:\Webskitters_Academy\NODE JS\final_project_node\plantora_final_project_node_ejs\node_modules\ejs\lib\cjs\ejs.js:634:47)
    at eval (eval at compile (E:\Webskitters_Academy\NODE JS\final_project_node\plantora_final_project_node_ejs\node_modules\ejs\lib\cjs\ejs.js:607:18), <anonymous>:16:16)
    at index (E:\Webskitters_Academy\NODE JS\final_project_node\plantora_final_project_node_ejs\node_modules\ejs\lib\cjs\ejs.js:643:23)
    at tryHandleCache (E:\Webskitters_Academy\NODE JS\final_project_node\plantora_final_project_node_ejs\node_modules\ejs\lib\cjs\ejs.js:253:42)
    at ejs.renderFile [as engine] (E:\Webskitters_Academy\NODE JS\final_project_node\plantora_final_project_node_ejs\node_modules\ejs\lib\cjs\ejs.js:444:12)
2026-07-27 02:44:42 [INFO]: [0mGET / [31m500[0m 7.117 ms - 788[0m
2026-07-27 02:44:43 [ERROR]: Error: E:\Webskitters_Academy\NODE JS\final_project_node\plantora_final_project_node_ejs\views\home\index.ejs:3
    1| <%- include("../partials/main/head") %>
    2| <%-include("../partials/main/announcementBar") %>
 >> 3| <%-include("../partials/main/header") %>
    4| 
    5| <main>
    6|   <!-- Home page -->

E:\Webskitters_Academy\NODE JS\final_project_node\plantora_final_project_node_ejs\views\partials\main\header.ejs:379
    377| </header>
    378| 
 >> 379| <%- include("../modals/loginModal") %>
    380| 
    381| <%- include("../modals/registerModal") %>

Could not find the include file "../modals/loginModal"
    at getIncludePath (E:\Webskitters_Academy\NODE JS\final_project_node\plantora_final_project_node_ejs\node_modules\ejs\lib\cjs\ejs.js:170:19)
    at includeFile (E:\Webskitters_Academy\NODE JS\final_project_node\plantora_final_project_node_ejs\node_modules\ejs\lib\cjs\ejs.js:284:21)
    at include (E:\Webskitters_Academy\NODE JS\final_project_node\plantora_final_project_node_ejs\node_modules\ejs\lib\cjs\ejs.js:634:24)
    at eval (eval at compile (E:\Webskitters_Academy\NODE JS\final_project_node\plantora_final_project_node_ejs\node_modules\ejs\lib\cjs\ejs.js:607:18), <anonymous>:90:17)
    at header (E:\Webskitters_Academy\NODE JS\final_project_node\plantora_final_project_node_ejs\node_modules\ejs\lib\cjs\ejs.js:643:23)
    at include (E:\Webskitters_Academy\NODE JS\final_project_node\plantora_final_project_node_ejs\node_modules\ejs\lib\cjs\ejs.js:634:47)
    at eval (eval at compile (E:\Webskitters_Academy\NODE JS\final_project_node\plantora_final_project_node_ejs\node_modules\ejs\lib\cjs\ejs.js:607:18), <anonymous>:16:16)
    at index (E:\Webskitters_Academy\NODE JS\final_project_node\plantora_final_project_node_ejs\node_modules\ejs\lib\cjs\ejs.js:643:23)
    at tryHandleCache (E:\Webskitters_Academy\NODE JS\final_project_node\plantora_final_project_node_ejs\node_modules\ejs\lib\cjs\ejs.js:253:42)
    at ejs.renderFile [as engine] (E:\Webskitters_Academy\NODE JS\final_project_node\plantora_final_project_node_ejs\node_modules\ejs\lib\cjs\ejs.js:444:12)
2026-07-27 02:44:43 [INFO]: [0mGET / [31m500[0m 3.262 ms - 788[0m
2026-07-27 02:44:43 [ERROR]: Error: E:\Webskitters_Academy\NODE JS\final_project_node\plantora_final_project_node_ejs\views\home\index.ejs:3
    1| <%- include("../partials/main/head") %>
    2| <%-include("../partials/main/announcementBar") %>
 >> 3| <%-include("../partials/main/header") %>
    4| 
    5| <main>
    6|   <!-- Home page -->

E:\Webskitters_Academy\NODE JS\final_project_node\plantora_final_project_node_ejs\views\partials\main\header.ejs:379
    377| </header>
    378| 
 >> 379| <%- include("../modals/loginModal") %>
    380| 
    381| <%- include("../modals/registerModal") %>

Could not find the include file "../modals/loginModal"
    at getIncludePath (E:\Webskitters_Academy\NODE JS\final_project_node\plantora_final_project_node_ejs\node_modules\ejs\lib\cjs\ejs.js:170:19)
    at includeFile (E:\Webskitters_Academy\NODE JS\final_project_node\plantora_final_project_node_ejs\node_modules\ejs\lib\cjs\ejs.js:284:21)
    at include (E:\Webskitters_Academy\NODE JS\final_project_node\plantora_final_project_node_ejs\node_modules\ejs\lib\cjs\ejs.js:634:24)
    at eval (eval at compile (E:\Webskitters_Academy\NODE JS\final_project_node\plantora_final_project_node_ejs\node_modules\ejs\lib\cjs\ejs.js:607:18), <anonymous>:90:17)
    at header (E:\Webskitters_Academy\NODE JS\final_project_node\plantora_final_project_node_ejs\node_modules\ejs\lib\cjs\ejs.js:643:23)
    at include (E:\Webskitters_Academy\NODE JS\final_project_node\plantora_final_project_node_ejs\node_modules\ejs\lib\cjs\ejs.js:634:47)
    at eval (eval at compile (E:\Webskitters_Academy\NODE JS\final_project_node\plantora_final_project_node_ejs\node_modules\ejs\lib\cjs\ejs.js:607:18), <anonymous>:16:16)
    at index (E:\Webskitters_Academy\NODE JS\final_project_node\plantora_final_project_node_ejs\node_modules\ejs\lib\cjs\ejs.js:643:23)
    at tryHandleCache (E:\Webskitters_Academy\NODE JS\final_project_node\plantora_final_project_node_ejs\node_modules\ejs\lib\cjs\ejs.js:253:42)
    at ejs.renderFile [as engine] (E:\Webskitters_Academy\NODE JS\final_project_node\plantora_final_project_node_ejs\node_modules\ejs\lib\cjs\ejs.js:444:12)
2026-07-27 02:44:43 [INFO]: [0mGET / [31m500[0m 3.070 ms - 788[0m
2026-07-27 02:44:43 [ERROR]: Error: E:\Webskitters_Academy\NODE JS\final_project_node\plantora_final_project_node_ejs\views\home\index.ejs:3
    1| <%- include("../partials/main/head") %>
    2| <%-include("../partials/main/announcementBar") %>
 >> 3| <%-include("../partials/main/header") %>
    4| 
    5| <main>
    6|   <!-- Home page -->

E:\Webskitters_Academy\NODE JS\final_project_node\plantora_final_project_node_ejs\views\partials\main\header.ejs:379
    377| </header>
    378| 
 >> 379| <%- include("../modals/loginModal") %>
    380| 
    381| <%- include("../modals/registerModal") %>

Could not find the include file "../modals/loginModal"
    at getIncludePath (E:\Webskitters_Academy\NODE JS\final_project_node\plantora_final_project_node_ejs\node_modules\ejs\lib\cjs\ejs.js:170:19)
    at includeFile (E:\Webskitters_Academy\NODE JS\final_project_node\plantora_final_project_node_ejs\node_modules\ejs\lib\cjs\ejs.js:284:21)
    at include (E:\Webskitters_Academy\NODE JS\final_project_node\plantora_final_project_node_ejs\node_modules\ejs\lib\cjs\ejs.js:634:24)
    at eval (eval at compile (E:\Webskitters_Academy\NODE JS\final_project_node\plantora_final_project_node_ejs\node_modules\ejs\lib\cjs\ejs.js:607:18), <anonymous>:90:17)
    at header (E:\Webskitters_Academy\NODE JS\final_project_node\plantora_final_project_node_ejs\node_modules\ejs\lib\cjs\ejs.js:643:23)
    at include (E:\Webskitters_Academy\NODE JS\final_project_node\plantora_final_project_node_ejs\node_modules\ejs\lib\cjs\ejs.js:634:47)
    at eval (eval at compile (E:\Webskitters_Academy\NODE JS\final_project_node\plantora_final_project_node_ejs\node_modules\ejs\lib\cjs\ejs.js:607:18), <anonymous>:16:16)
    at index (E:\Webskitters_Academy\NODE JS\final_project_node\plantora_final_project_node_ejs\node_modules\ejs\lib\cjs\ejs.js:643:23)
    at tryHandleCache (E:\Webskitters_Academy\NODE JS\final_project_node\plantora_final_project_node_ejs\node_modules\ejs\lib\cjs\ejs.js:253:42)
    at ejs.renderFile [as engine] (E:\Webskitters_Academy\NODE JS\final_project_node\plantora_final_project_node_ejs\node_modules\ejs\lib\cjs\ejs.js:444:12)
2026-07-27 02:44:43 [INFO]: [0mGET / [31m500[0m 6.221 ms - 788[0m
2026-07-27 02:45:08 [INFO]: SIGINT received. Shutting down server...
2026-07-27 02:45:11 [INFO]: MongoDB connected successfully.
2026-07-27 02:45:14 [INFO]: Email server connected successfully.
2026-07-27 02:45:14 [INFO]: Server is running on port 5132.
2026-07-27 02:45:17 [ERROR]: Error: E:\Webskitters_Academy\NODE JS\final_project_node\plantora_final_project_node_ejs\views\home\index.ejs:3
    1| <%- include("../partials/main/head") %>
    2| <%-include("../partials/main/announcementBar") %>
 >> 3| <%-include("../partials/main/header") %>
    4| 
    5| <main>
    6|   <!-- Home page -->

E:\Webskitters_Academy\NODE JS\final_project_node\plantora_final_project_node_ejs\views\partials\main\header.ejs:379
    377| </header>
    378| 
 >> 379| <%- include("../modals/loginModal") %>
    380| 
    381| <%- include("../modals/registerModal") %>

Could not find the include file "../modals/loginModal"
    at getIncludePath (E:\Webskitters_Academy\NODE JS\final_project_node\plantora_final_project_node_ejs\node_modules\ejs\lib\cjs\ejs.js:170:19)
    at includeFile (E:\Webskitters_Academy\NODE JS\final_project_node\plantora_final_project_node_ejs\node_modules\ejs\lib\cjs\ejs.js:284:21)
    at include (E:\Webskitters_Academy\NODE JS\final_project_node\plantora_final_project_node_ejs\node_modules\ejs\lib\cjs\ejs.js:634:24)
    at eval (eval at compile (E:\Webskitters_Academy\NODE JS\final_project_node\plantora_final_project_node_ejs\node_modules\ejs\lib\cjs\ejs.js:607:18), <anonymous>:90:17)
    at header (E:\Webskitters_Academy\NODE JS\final_project_node\plantora_final_project_node_ejs\node_modules\ejs\lib\cjs\ejs.js:643:23)
    at include (E:\Webskitters_Academy\NODE JS\final_project_node\plantora_final_project_node_ejs\node_modules\ejs\lib\cjs\ejs.js:634:47)
    at eval (eval at compile (E:\Webskitters_Academy\NODE JS\final_project_node\plantora_final_project_node_ejs\node_modules\ejs\lib\cjs\ejs.js:607:18), <anonymous>:16:16)
    at index (E:\Webskitters_Academy\NODE JS\final_project_node\plantora_final_project_node_ejs\node_modules\ejs\lib\cjs\ejs.js:643:23)
    at tryHandleCache (E:\Webskitters_Academy\NODE JS\final_project_node\plantora_final_project_node_ejs\node_modules\ejs\lib\cjs\ejs.js:253:42)
    at ejs.renderFile [as engine] (E:\Webskitters_Academy\NODE JS\final_project_node\plantora_final_project_node_ejs\node_modules\ejs\lib\cjs\ejs.js:444:12)
2026-07-27 02:45:17 [INFO]: [0mGET / [31m500[0m 18.407 ms - 788[0m
2026-07-27 02:45:18 [ERROR]: Error: E:\Webskitters_Academy\NODE JS\final_project_node\plantora_final_project_node_ejs\views\home\index.ejs:3
    1| <%- include("../partials/main/head") %>
    2| <%-include("../partials/main/announcementBar") %>
 >> 3| <%-include("../partials/main/header") %>
    4| 
    5| <main>
    6|   <!-- Home page -->

E:\Webskitters_Academy\NODE JS\final_project_node\plantora_final_project_node_ejs\views\partials\main\header.ejs:379
    377| </header>
    378| 
 >> 379| <%- include("../modals/loginModal") %>
    380| 
    381| <%- include("../modals/registerModal") %>

Could not find the include file "../modals/loginModal"
    at getIncludePath (E:\Webskitters_Academy\NODE JS\final_project_node\plantora_final_project_node_ejs\node_modules\ejs\lib\cjs\ejs.js:170:19)
    at includeFile (E:\Webskitters_Academy\NODE JS\final_project_node\plantora_final_project_node_ejs\node_modules\ejs\lib\cjs\ejs.js:284:21)
    at include (E:\Webskitters_Academy\NODE JS\final_project_node\plantora_final_project_node_ejs\node_modules\ejs\lib\cjs\ejs.js:634:24)
    at eval (eval at compile (E:\Webskitters_Academy\NODE JS\final_project_node\plantora_final_project_node_ejs\node_modules\ejs\lib\cjs\ejs.js:607:18), <anonymous>:90:17)
    at header (E:\Webskitters_Academy\NODE JS\final_project_node\plantora_final_project_node_ejs\node_modules\ejs\lib\cjs\ejs.js:643:23)
    at include (E:\Webskitters_Academy\NODE JS\final_project_node\plantora_final_project_node_ejs\node_modules\ejs\lib\cjs\ejs.js:634:47)
    at eval (eval at compile (E:\Webskitters_Academy\NODE JS\final_project_node\plantora_final_project_node_ejs\node_modules\ejs\lib\cjs\ejs.js:607:18), <anonymous>:16:16)
    at index (E:\Webskitters_Academy\NODE JS\final_project_node\plantora_final_project_node_ejs\node_modules\ejs\lib\cjs\ejs.js:643:23)
    at tryHandleCache (E:\Webskitters_Academy\NODE JS\final_project_node\plantora_final_project_node_ejs\node_modules\ejs\lib\cjs\ejs.js:253:42)
    at ejs.renderFile [as engine] (E:\Webskitters_Academy\NODE JS\final_project_node\plantora_final_project_node_ejs\node_modules\ejs\lib\cjs\ejs.js:444:12)
2026-07-27 02:45:18 [INFO]: [0mGET / [31m500[0m 9.984 ms - 788[0m
2026-07-27 02:46:28 [ERROR]: Error: E:\Webskitters_Academy\NODE JS\final_project_node\plantora_final_project_node_ejs\views\home\index.ejs:3
    1| <%- include("../partials/main/head") %>
    2| <%-include("../partials/main/announcementBar") %>
 >> 3| <%-include("../partials/main/header") %>
    4| 
    5| <main>
    6|   <!-- Home page -->

E:\Webskitters_Academy\NODE JS\final_project_node\plantora_final_project_node_ejs\views\partials\main\header.ejs:379
    377| </header>
    378| 
 >> 379| <%- include("../modals/loginModal") %>
    380| 
    381| <%- include("../modals/registerModal") %>

Could not find the include file "../modals/loginModal"
    at getIncludePath (E:\Webskitters_Academy\NODE JS\final_project_node\plantora_final_project_node_ejs\node_modules\ejs\lib\cjs\ejs.js:170:19)
    at includeFile (E:\Webskitters_Academy\NODE JS\final_project_node\plantora_final_project_node_ejs\node_modules\ejs\lib\cjs\ejs.js:284:21)
    at include (E:\Webskitters_Academy\NODE JS\final_project_node\plantora_final_project_node_ejs\node_modules\ejs\lib\cjs\ejs.js:634:24)
    at eval (eval at compile (E:\Webskitters_Academy\NODE JS\final_project_node\plantora_final_project_node_ejs\node_modules\ejs\lib\cjs\ejs.js:607:18), <anonymous>:90:17)
    at header (E:\Webskitters_Academy\NODE JS\final_project_node\plantora_final_project_node_ejs\node_modules\ejs\lib\cjs\ejs.js:643:23)
    at include (E:\Webskitters_Academy\NODE JS\final_project_node\plantora_final_project_node_ejs\node_modules\ejs\lib\cjs\ejs.js:634:47)
    at eval (eval at compile (E:\Webskitters_Academy\NODE JS\final_project_node\plantora_final_project_node_ejs\node_modules\ejs\lib\cjs\ejs.js:607:18), <anonymous>:16:16)
    at index (E:\Webskitters_Academy\NODE JS\final_project_node\plantora_final_project_node_ejs\node_modules\ejs\lib\cjs\ejs.js:643:23)
    at tryHandleCache (E:\Webskitters_Academy\NODE JS\final_project_node\plantora_final_project_node_ejs\node_modules\ejs\lib\cjs\ejs.js:253:42)
    at ejs.renderFile [as engine] (E:\Webskitters_Academy\NODE JS\final_project_node\plantora_final_project_node_ejs\node_modules\ejs\lib\cjs\ejs.js:444:12)
2026-07-27 02:46:28 [INFO]: [0mGET / [31m500[0m 9.578 ms - 788[0m
2026-07-27 02:46:29 [ERROR]: Error: E:\Webskitters_Academy\NODE JS\final_project_node\plantora_final_project_node_ejs\views\home\index.ejs:3
    1| <%- include("../partials/main/head") %>
    2| <%-include("../partials/main/announcementBar") %>
 >> 3| <%-include("../partials/main/header") %>
    4| 
    5| <main>
    6|   <!-- Home page -->

E:\Webskitters_Academy\NODE JS\final_project_node\plantora_final_project_node_ejs\views\partials\main\header.ejs:379
    377| </header>
    378| 
 >> 379| <%- include("../modals/loginModal") %>
    380| 
    381| <%- include("../modals/registerModal") %>

Could not find the include file "../modals/loginModal"
    at getIncludePath (E:\Webskitters_Academy\NODE JS\final_project_node\plantora_final_project_node_ejs\node_modules\ejs\lib\cjs\ejs.js:170:19)
    at includeFile (E:\Webskitters_Academy\NODE JS\final_project_node\plantora_final_project_node_ejs\node_modules\ejs\lib\cjs\ejs.js:284:21)
    at include (E:\Webskitters_Academy\NODE JS\final_project_node\plantora_final_project_node_ejs\node_modules\ejs\lib\cjs\ejs.js:634:24)
    at eval (eval at compile (E:\Webskitters_Academy\NODE JS\final_project_node\plantora_final_project_node_ejs\node_modules\ejs\lib\cjs\ejs.js:607:18), <anonymous>:90:17)
    at header (E:\Webskitters_Academy\NODE JS\final_project_node\plantora_final_project_node_ejs\node_modules\ejs\lib\cjs\ejs.js:643:23)
    at include (E:\Webskitters_Academy\NODE JS\final_project_node\plantora_final_project_node_ejs\node_modules\ejs\lib\cjs\ejs.js:634:47)
    at eval (eval at compile (E:\Webskitters_Academy\NODE JS\final_project_node\plantora_final_project_node_ejs\node_modules\ejs\lib\cjs\ejs.js:607:18), <anonymous>:16:16)
    at index (E:\Webskitters_Academy\NODE JS\final_project_node\plantora_final_project_node_ejs\node_modules\ejs\lib\cjs\ejs.js:643:23)
    at tryHandleCache (E:\Webskitters_Academy\NODE JS\final_project_node\plantora_final_project_node_ejs\node_modules\ejs\lib\cjs\ejs.js:253:42)
    at ejs.renderFile [as engine] (E:\Webskitters_Academy\NODE JS\final_project_node\plantora_final_project_node_ejs\node_modules\ejs\lib\cjs\ejs.js:444:12)
2026-07-27 02:46:29 [INFO]: [0mGET / [31m500[0m 7.901 ms - 788[0m
2026-07-27 02:46:29 [ERROR]: Error: E:\Webskitters_Academy\NODE JS\final_project_node\plantora_final_project_node_ejs\views\home\index.ejs:3
    1| <%- include("../partials/main/head") %>
    2| <%-include("../partials/main/announcementBar") %>
 >> 3| <%-include("../partials/main/header") %>
    4| 
    5| <main>
    6|   <!-- Home page -->

E:\Webskitters_Academy\NODE JS\final_project_node\plantora_final_project_node_ejs\views\partials\main\header.ejs:379
    377| </header>
    378| 
 >> 379| <%- include("../modals/loginModal") %>
    380| 
    381| <%- include("../modals/registerModal") %>

Could not find the include file "../modals/loginModal"
    at getIncludePath (E:\Webskitters_Academy\NODE JS\final_project_node\plantora_final_project_node_ejs\node_modules\ejs\lib\cjs\ejs.js:170:19)
    at includeFile (E:\Webskitters_Academy\NODE JS\final_project_node\plantora_final_project_node_ejs\node_modules\ejs\lib\cjs\ejs.js:284:21)
    at include (E:\Webskitters_Academy\NODE JS\final_project_node\plantora_final_project_node_ejs\node_modules\ejs\lib\cjs\ejs.js:634:24)
    at eval (eval at compile (E:\Webskitters_Academy\NODE JS\final_project_node\plantora_final_project_node_ejs\node_modules\ejs\lib\cjs\ejs.js:607:18), <anonymous>:90:17)
    at header (E:\Webskitters_Academy\NODE JS\final_project_node\plantora_final_project_node_ejs\node_modules\ejs\lib\cjs\ejs.js:643:23)
    at include (E:\Webskitters_Academy\NODE JS\final_project_node\plantora_final_project_node_ejs\node_modules\ejs\lib\cjs\ejs.js:634:47)
    at eval (eval at compile (E:\Webskitters_Academy\NODE JS\final_project_node\plantora_final_project_node_ejs\node_modules\ejs\lib\cjs\ejs.js:607:18), <anonymous>:16:16)
    at index (E:\Webskitters_Academy\NODE JS\final_project_node\plantora_final_project_node_ejs\node_modules\ejs\lib\cjs\ejs.js:643:23)
    at tryHandleCache (E:\Webskitters_Academy\NODE JS\final_project_node\plantora_final_project_node_ejs\node_modules\ejs\lib\cjs\ejs.js:253:42)
    at ejs.renderFile [as engine] (E:\Webskitters_Academy\NODE JS\final_project_node\plantora_final_project_node_ejs\node_modules\ejs\lib\cjs\ejs.js:444:12)
2026-07-27 02:46:29 [INFO]: [0mGET / [31m500[0m 6.938 ms - 788[0m
2026-07-27 02:46:29 [ERROR]: Error: E:\Webskitters_Academy\NODE JS\final_project_node\plantora_final_project_node_ejs\views\home\index.ejs:3
    1| <%- include("../partials/main/head") %>
    2| <%-include("../partials/main/announcementBar") %>
 >> 3| <%-include("../partials/main/header") %>
    4| 
    5| <main>
    6|   <!-- Home page -->

E:\Webskitters_Academy\NODE JS\final_project_node\plantora_final_project_node_ejs\views\partials\main\header.ejs:379
    377| </header>
    378| 
 >> 379| <%- include("../modals/loginModal") %>
    380| 
    381| <%- include("../modals/registerModal") %>

Could not find the include file "../modals/loginModal"
    at getIncludePath (E:\Webskitters_Academy\NODE JS\final_project_node\plantora_final_project_node_ejs\node_modules\ejs\lib\cjs\ejs.js:170:19)
    at includeFile (E:\Webskitters_Academy\NODE JS\final_project_node\plantora_final_project_node_ejs\node_modules\ejs\lib\cjs\ejs.js:284:21)
    at include (E:\Webskitters_Academy\NODE JS\final_project_node\plantora_final_project_node_ejs\node_modules\ejs\lib\cjs\ejs.js:634:24)
    at eval (eval at compile (E:\Webskitters_Academy\NODE JS\final_project_node\plantora_final_project_node_ejs\node_modules\ejs\lib\cjs\ejs.js:607:18), <anonymous>:90:17)
    at header (E:\Webskitters_Academy\NODE JS\final_project_node\plantora_final_project_node_ejs\node_modules\ejs\lib\cjs\ejs.js:643:23)
    at include (E:\Webskitters_Academy\NODE JS\final_project_node\plantora_final_project_node_ejs\node_modules\ejs\lib\cjs\ejs.js:634:47)
    at eval (eval at compile (E:\Webskitters_Academy\NODE JS\final_project_node\plantora_final_project_node_ejs\node_modules\ejs\lib\cjs\ejs.js:607:18), <anonymous>:16:16)
    at index (E:\Webskitters_Academy\NODE JS\final_project_node\plantora_final_project_node_ejs\node_modules\ejs\lib\cjs\ejs.js:643:23)
    at tryHandleCache (E:\Webskitters_Academy\NODE JS\final_project_node\plantora_final_project_node_ejs\node_modules\ejs\lib\cjs\ejs.js:253:42)
    at ejs.renderFile [as engine] (E:\Webskitters_Academy\NODE JS\final_project_node\plantora_final_project_node_ejs\node_modules\ejs\lib\cjs\ejs.js:444:12)
2026-07-27 02:46:29 [INFO]: [0mGET / [31m500[0m 7.008 ms - 788[0m
2026-07-27 02:46:29 [ERROR]: Error: E:\Webskitters_Academy\NODE JS\final_project_node\plantora_final_project_node_ejs\views\home\index.ejs:3
    1| <%- include("../partials/main/head") %>
    2| <%-include("../partials/main/announcementBar") %>
 >> 3| <%-include("../partials/main/header") %>
    4| 
    5| <main>
    6|   <!-- Home page -->

E:\Webskitters_Academy\NODE JS\final_project_node\plantora_final_project_node_ejs\views\partials\main\header.ejs:379
    377| </header>
    378| 
 >> 379| <%- include("../modals/loginModal") %>
    380| 
    381| <%- include("../modals/registerModal") %>

Could not find the include file "../modals/loginModal"
    at getIncludePath (E:\Webskitters_Academy\NODE JS\final_project_node\plantora_final_project_node_ejs\node_modules\ejs\lib\cjs\ejs.js:170:19)
    at includeFile (E:\Webskitters_Academy\NODE JS\final_project_node\plantora_final_project_node_ejs\node_modules\ejs\lib\cjs\ejs.js:284:21)
    at include (E:\Webskitters_Academy\NODE JS\final_project_node\plantora_final_project_node_ejs\node_modules\ejs\lib\cjs\ejs.js:634:24)
    at eval (eval at compile (E:\Webskitters_Academy\NODE JS\final_project_node\plantora_final_project_node_ejs\node_modules\ejs\lib\cjs\ejs.js:607:18), <anonymous>:90:17)
    at header (E:\Webskitters_Academy\NODE JS\final_project_node\plantora_final_project_node_ejs\node_modules\ejs\lib\cjs\ejs.js:643:23)
    at include (E:\Webskitters_Academy\NODE JS\final_project_node\plantora_final_project_node_ejs\node_modules\ejs\lib\cjs\ejs.js:634:47)
    at eval (eval at compile (E:\Webskitters_Academy\NODE JS\final_project_node\plantora_final_project_node_ejs\node_modules\ejs\lib\cjs\ejs.js:607:18), <anonymous>:16:16)
    at index (E:\Webskitters_Academy\NODE JS\final_project_node\plantora_final_project_node_ejs\node_modules\ejs\lib\cjs\ejs.js:643:23)
    at tryHandleCache (E:\Webskitters_Academy\NODE JS\final_project_node\plantora_final_project_node_ejs\node_modules\ejs\lib\cjs\ejs.js:253:42)
    at ejs.renderFile [as engine] (E:\Webskitters_Academy\NODE JS\final_project_node\plantora_final_project_node_ejs\node_modules\ejs\lib\cjs\ejs.js:444:12)
2026-07-27 02:46:29 [INFO]: [0mGET / [31m500[0m 6.942 ms - 788[0m
2026-07-27 02:46:29 [ERROR]: Error: E:\Webskitters_Academy\NODE JS\final_project_node\plantora_final_project_node_ejs\views\home\index.ejs:3
    1| <%- include("../partials/main/head") %>
    2| <%-include("../partials/main/announcementBar") %>
 >> 3| <%-include("../partials/main/header") %>
    4| 
    5| <main>
    6|   <!-- Home page -->

E:\Webskitters_Academy\NODE JS\final_project_node\plantora_final_project_node_ejs\views\partials\main\header.ejs:379
    377| </header>
    378| 
 >> 379| <%- include("../modals/loginModal") %>
    380| 
    381| <%- include("../modals/registerModal") %>

Could not find the include file "../modals/loginModal"
    at getIncludePath (E:\Webskitters_Academy\NODE JS\final_project_node\plantora_final_project_node_ejs\node_modules\ejs\lib\cjs\ejs.js:170:19)
    at includeFile (E:\Webskitters_Academy\NODE JS\final_project_node\plantora_final_project_node_ejs\node_modules\ejs\lib\cjs\ejs.js:284:21)
    at include (E:\Webskitters_Academy\NODE JS\final_project_node\plantora_final_project_node_ejs\node_modules\ejs\lib\cjs\ejs.js:634:24)
    at eval (eval at compile (E:\Webskitters_Academy\NODE JS\final_project_node\plantora_final_project_node_ejs\node_modules\ejs\lib\cjs\ejs.js:607:18), <anonymous>:90:17)
    at header (E:\Webskitters_Academy\NODE JS\final_project_node\plantora_final_project_node_ejs\node_modules\ejs\lib\cjs\ejs.js:643:23)
    at include (E:\Webskitters_Academy\NODE JS\final_project_node\plantora_final_project_node_ejs\node_modules\ejs\lib\cjs\ejs.js:634:47)
    at eval (eval at compile (E:\Webskitters_Academy\NODE JS\final_project_node\plantora_final_project_node_ejs\node_modules\ejs\lib\cjs\ejs.js:607:18), <anonymous>:16:16)
    at index (E:\Webskitters_Academy\NODE JS\final_project_node\plantora_final_project_node_ejs\node_modules\ejs\lib\cjs\ejs.js:643:23)
    at tryHandleCache (E:\Webskitters_Academy\NODE JS\final_project_node\plantora_final_project_node_ejs\node_modules\ejs\lib\cjs\ejs.js:253:42)
    at ejs.renderFile [as engine] (E:\Webskitters_Academy\NODE JS\final_project_node\plantora_final_project_node_ejs\node_modules\ejs\lib\cjs\ejs.js:444:12)
2026-07-27 02:46:29 [INFO]: [0mGET / [31m500[0m 5.897 ms - 788[0m
2026-07-27 02:46:29 [ERROR]: Error: E:\Webskitters_Academy\NODE JS\final_project_node\plantora_final_project_node_ejs\views\home\index.ejs:3
    1| <%- include("../partials/main/head") %>
    2| <%-include("../partials/main/announcementBar") %>
 >> 3| <%-include("../partials/main/header") %>
    4| 
    5| <main>
    6|   <!-- Home page -->

E:\Webskitters_Academy\NODE JS\final_project_node\plantora_final_project_node_ejs\views\partials\main\header.ejs:379
    377| </header>
    378| 
 >> 379| <%- include("../modals/loginModal") %>
    380| 
    381| <%- include("../modals/registerModal") %>

Could not find the include file "../modals/loginModal"
    at getIncludePath (E:\Webskitters_Academy\NODE JS\final_project_node\plantora_final_project_node_ejs\node_modules\ejs\lib\cjs\ejs.js:170:19)
    at includeFile (E:\Webskitters_Academy\NODE JS\final_project_node\plantora_final_project_node_ejs\node_modules\ejs\lib\cjs\ejs.js:284:21)
    at include (E:\Webskitters_Academy\NODE JS\final_project_node\plantora_final_project_node_ejs\node_modules\ejs\lib\cjs\ejs.js:634:24)
    at eval (eval at compile (E:\Webskitters_Academy\NODE JS\final_project_node\plantora_final_project_node_ejs\node_modules\ejs\lib\cjs\ejs.js:607:18), <anonymous>:90:17)
    at header (E:\Webskitters_Academy\NODE JS\final_project_node\plantora_final_project_node_ejs\node_modules\ejs\lib\cjs\ejs.js:643:23)
    at include (E:\Webskitters_Academy\NODE JS\final_project_node\plantora_final_project_node_ejs\node_modules\ejs\lib\cjs\ejs.js:634:47)
    at eval (eval at compile (E:\Webskitters_Academy\NODE JS\final_project_node\plantora_final_project_node_ejs\node_modules\ejs\lib\cjs\ejs.js:607:18), <anonymous>:16:16)
    at index (E:\Webskitters_Academy\NODE JS\final_project_node\plantora_final_project_node_ejs\node_modules\ejs\lib\cjs\ejs.js:643:23)
    at tryHandleCache (E:\Webskitters_Academy\NODE JS\final_project_node\plantora_final_project_node_ejs\node_modules\ejs\lib\cjs\ejs.js:253:42)
    at ejs.renderFile [as engine] (E:\Webskitters_Academy\NODE JS\final_project_node\plantora_final_project_node_ejs\node_modules\ejs\lib\cjs\ejs.js:444:12)
2026-07-27 02:46:29 [INFO]: [0mGET / [31m500[0m 7.010 ms - 788[0m
2026-07-27 02:48:11 [INFO]: [0mGET / [32m200[0m 12.620 ms - -[0m
2026-07-27 02:48:11 [INFO]: [0mGET /images/default/profile.png [33m404[0m 3.476 ms - 90[0m
2026-07-27 02:48:11 [INFO]: [0mGET /images/logo/plantora.png [36m304[0m 3.510 ms - -[0m
2026-07-27 02:48:11 [INFO]: [0mGET /css/style.css [32m200[0m 6.885 ms - 400[0m
2026-07-27 02:48:11 [INFO]: [0mGET /images/hero/hero-placeholder.png [36m304[0m 2.332 ms - -[0m
2026-07-27 02:48:11 [INFO]: [0mGET /js/header.js [36m304[0m 2.526 ms - -[0m
2026-07-27 02:48:11 [INFO]: [0mGET /js/featured.js [36m304[0m 2.970 ms - -[0m
2026-07-27 02:48:11 [INFO]: [0mGET /js/why-choose.js [36m304[0m 1.314 ms - -[0m
2026-07-27 02:48:11 [INFO]: [0mGET /js/notification.js [36m304[0m 1.017 ms - -[0m
2026-07-27 02:48:11 [INFO]: [0mGET /js/footer.js [36m304[0m 1.176 ms - -[0m
2026-07-27 02:48:11 [INFO]: [0mGET /images/hero/monstera-plant.jpg [36m304[0m 0.316 ms - -[0m
2026-07-27 02:48:11 [INFO]: [0mGET /css/variables.css [36m304[0m 1.297 ms - -[0m
2026-07-27 02:48:11 [INFO]: [0mGET /css/utilities.css [36m304[0m 1.564 ms - -[0m
2026-07-27 02:48:11 [INFO]: [0mGET /css/animations.css [36m304[0m 1.798 ms - -[0m
2026-07-27 02:48:11 [INFO]: [0mGET /css/announcement.css [36m304[0m 1.904 ms - -[0m
2026-07-27 02:48:11 [INFO]: [0mGET /css/header.css [36m304[0m 1.145 ms - -[0m
2026-07-27 02:48:11 [INFO]: [0mGET /css/hero.css [36m304[0m 0.860 ms - -[0m
2026-07-27 02:48:11 [INFO]: [0mGET /js/auth.js [32m200[0m 3.386 ms - -[0m
2026-07-27 02:48:11 [INFO]: [0mGET /css/featured.css [36m304[0m 1.691 ms - -[0m
2026-07-27 02:48:11 [INFO]: [0mGET /css/footer.css [36m304[0m 0.592 ms - -[0m
2026-07-27 02:48:11 [INFO]: [0mGET /images/hero/snake-plant.jpg [36m304[0m 0.946 ms - -[0m
2026-07-27 02:48:11 [INFO]: [0mGET /images/hero/peace-lily.jpg [36m304[0m 1.201 ms - -[0m
2026-07-27 02:48:11 [INFO]: [0mGET /css/why-choose.css [32m200[0m 4.248 ms - -[0m
2026-07-27 02:48:11 [INFO]: [0mGET /images/hero/tulip-plant.jpg [36m304[0m 1.494 ms - -[0m
2026-07-27 02:48:11 [INFO]: [0mGET /css/auth.css [32m200[0m 3.461 ms - -[0m
2026-07-27 02:48:11 [INFO]: [0mGET /images/hero/rubber-plant.jpg [36m304[0m 0.221 ms - -[0m
2026-07-27 02:48:11 [INFO]: [0mGET /images/hero/aloe-vera.jpg [36m304[0m 0.255 ms - -[0m
2026-07-27 02:48:11 [INFO]: [0mGET /images/hero/areca-palm.jpg [36m304[0m 0.554 ms - -[0m
2026-07-27 02:48:11 [INFO]: [0mGET /images/hero/jade-plant.jpg [36m304[0m 0.844 ms - -[0m
2026-07-27 02:48:11 [INFO]: [0mGET /images/hero/golden-pothos.jpg [36m304[0m 0.398 ms - -[0m
2026-07-27 02:48:11 [INFO]: [0mGET /images/hero/fiddle-leaf-fig.jpg [36m304[0m 0.216 ms - -[0m
2026-07-27 02:48:11 [INFO]: [0mGET /images/hero/why-choose.jpg [36m304[0m 0.204 ms - -[0m
2026-07-27 02:48:11 [INFO]: [0mGET /images/logo/plantora-orgn-white.png [36m304[0m 0.264 ms - -[0m
2026-07-27 02:48:51 [INFO]: [0mGET /terms [33m404[0m 3.484 ms - 69[0m
2026-07-27 02:50:11 [INFO]: [0mGET / [36m304[0m 16.800 ms - -[0m
2026-07-27 02:50:11 [INFO]: [0mGET /css/style.css [36m304[0m 0.609 ms - -[0m
2026-07-27 02:50:11 [INFO]: [0mGET /images/logo/plantora.png [36m304[0m 0.429 ms - -[0m
2026-07-27 02:50:11 [INFO]: [0mGET /images/default/profile.png [33m404[0m 2.034 ms - 90[0m
2026-07-27 02:50:11 [INFO]: [0mGET /images/hero/hero-placeholder.png [36m304[0m 0.658 ms - -[0m
2026-07-27 02:50:11 [INFO]: [0mGET /js/header.js [36m304[0m 0.802 ms - -[0m
2026-07-27 02:50:11 [INFO]: [0mGET /js/why-choose.js [36m304[0m 0.920 ms - -[0m
2026-07-27 02:50:11 [INFO]: [0mGET /js/footer.js [36m304[0m 0.616 ms - -[0m
2026-07-27 02:50:11 [INFO]: [0mGET /js/featured.js [36m304[0m 0.866 ms - -[0m
2026-07-27 02:50:11 [INFO]: [0mGET /js/notification.js [36m304[0m 1.491 ms - -[0m
2026-07-27 02:50:11 [INFO]: [0mGET /js/auth.js [36m304[0m 0.667 ms - -[0m
2026-07-27 02:50:11 [INFO]: [0mGET /images/hero/monstera-plant.jpg [36m304[0m 1.457 ms - -[0m
2026-07-27 02:50:11 [INFO]: [0mGET /css/variables.css [36m304[0m 0.991 ms - -[0m
2026-07-27 02:50:11 [INFO]: [0mGET /css/utilities.css [36m304[0m 1.152 ms - -[0m
2026-07-27 02:50:11 [INFO]: [0mGET /css/animations.css [36m304[0m 1.543 ms - -[0m
2026-07-27 02:50:11 [INFO]: [0mGET /css/announcement.css [36m304[0m 1.041 ms - -[0m
2026-07-27 02:50:11 [INFO]: [0mGET /css/header.css [36m304[0m 1.329 ms - -[0m
2026-07-27 02:50:11 [INFO]: [0mGET /css/hero.css [36m304[0m 1.756 ms - -[0m
2026-07-27 02:50:11 [INFO]: [0mGET /css/featured.css [36m304[0m 1.035 ms - -[0m
2026-07-27 02:50:11 [INFO]: [0mGET /css/why-choose.css [36m304[0m 1.117 ms - -[0m
2026-07-27 02:50:11 [INFO]: [0mGET /css/footer.css [36m304[0m 1.537 ms - -[0m
2026-07-27 02:50:11 [INFO]: [0mGET /css/auth.css [36m304[0m 0.568 ms - -[0m
2026-07-27 02:50:11 [INFO]: [0mGET /images/hero/snake-plant.jpg [36m304[0m 0.370 ms - -[0m
2026-07-27 02:50:11 [INFO]: [0mGET /images/hero/peace-lily.jpg [36m304[0m 0.600 ms - -[0m
2026-07-27 02:50:11 [INFO]: [0mGET /images/hero/tulip-plant.jpg [36m304[0m 0.498 ms - -[0m
2026-07-27 02:50:11 [INFO]: [0mGET /images/hero/rubber-plant.jpg [36m304[0m 0.728 ms - -[0m
2026-07-27 02:50:11 [INFO]: [0mGET /images/hero/aloe-vera.jpg [36m304[0m 0.917 ms - -[0m
2026-07-27 02:50:11 [INFO]: [0mGET /images/hero/areca-palm.jpg [36m304[0m 0.399 ms - -[0m
2026-07-27 02:50:11 [INFO]: [0mGET /images/hero/jade-plant.jpg [36m304[0m 0.698 ms - -[0m
2026-07-27 02:50:11 [INFO]: [0mGET /images/hero/golden-pothos.jpg [36m304[0m 1.067 ms - -[0m
2026-07-27 02:50:11 [INFO]: [0mGET /images/hero/fiddle-leaf-fig.jpg [36m304[0m 0.286 ms - -[0m
2026-07-27 02:50:11 [INFO]: [0mGET /images/hero/why-choose.jpg [36m304[0m 0.422 ms - -[0m
2026-07-27 02:50:11 [INFO]: [0mGET /images/logo/plantora-orgn-white.png [36m304[0m 0.422 ms - -[0m
2026-07-27 02:56:23 [INFO]: [0mGET /css/style.css [36m304[0m 0.699 ms - -[0m
2026-07-27 02:56:23 [INFO]: [0mGET /css/variables.css [36m304[0m 1.028 ms - -[0m
2026-07-27 02:56:23 [INFO]: [0mGET /css/utilities.css [36m304[0m 0.669 ms - -[0m
2026-07-27 02:56:23 [INFO]: [0mGET /css/animations.css [36m304[0m 0.913 ms - -[0m
2026-07-27 02:56:23 [INFO]: [0mGET /css/announcement.css [36m304[0m 0.699 ms - -[0m
2026-07-27 02:56:23 [INFO]: [0mGET /css/header.css [36m304[0m 1.036 ms - -[0m
2026-07-27 02:56:23 [INFO]: [0mGET /css/hero.css [36m304[0m 1.350 ms - -[0m
2026-07-27 02:56:23 [INFO]: [0mGET /css/featured.css [36m304[0m 2.071 ms - -[0m
2026-07-27 02:56:23 [INFO]: [0mGET /css/why-choose.css [36m304[0m 0.849 ms - -[0m
2026-07-27 02:56:23 [INFO]: [0mGET /css/footer.css [36m304[0m 0.990 ms - -[0m
2026-07-27 02:56:23 [INFO]: [0mGET /css/auth.css [36m304[0m 0.179 ms - -[0m
2026-07-27 02:56:23 [INFO]: [0mGET /.well-known/appspecific/com.chrome.devtools.json [33m404[0m 1.437 ms - 112[0m
2026-07-27 02:57:27 [INFO]: [0mGET / [36m304[0m 12.036 ms - -[0m
2026-07-27 02:57:27 [INFO]: [0mGET /css/style.css [36m304[0m 0.452 ms - -[0m
2026-07-27 02:57:27 [INFO]: [0mGET /images/logo/plantora.png [36m304[0m 0.565 ms - -[0m
2026-07-27 02:57:27 [INFO]: [0mGET /images/default/profile.png [33m404[0m 1.809 ms - 90[0m
2026-07-27 02:57:27 [INFO]: [0mGET /images/hero/hero-placeholder.png [36m304[0m 0.398 ms - -[0m
2026-07-27 02:57:27 [INFO]: [0mGET /css/variables.css [36m304[0m 1.350 ms - -[0m
2026-07-27 02:57:27 [INFO]: [0mGET /css/utilities.css [36m304[0m 1.685 ms - -[0m
2026-07-27 02:57:27 [INFO]: [0mGET /css/animations.css [36m304[0m 2.134 ms - -[0m
2026-07-27 02:57:27 [INFO]: [0mGET /css/announcement.css [36m304[0m 1.062 ms - -[0m
2026-07-27 02:57:27 [INFO]: [0mGET /css/featured.css [36m304[0m 0.735 ms - -[0m
2026-07-27 02:57:27 [INFO]: [0mGET /css/why-choose.css [36m304[0m 0.692 ms - -[0m
2026-07-27 02:57:27 [INFO]: [0mGET /css/footer.css [36m304[0m 1.003 ms - -[0m
2026-07-27 02:57:27 [INFO]: [0mGET /css/header.css [36m304[0m 1.291 ms - -[0m
2026-07-27 02:57:27 [INFO]: [0mGET /css/hero.css [36m304[0m 1.999 ms - -[0m
2026-07-27 02:57:27 [INFO]: [0mGET /js/header.js [36m304[0m 0.795 ms - -[0m
2026-07-27 02:57:27 [INFO]: [0mGET /js/featured.js [36m304[0m 1.153 ms - -[0m
2026-07-27 02:57:27 [INFO]: [0mGET /js/why-choose.js [36m304[0m 1.875 ms - -[0m
2026-07-27 02:57:27 [INFO]: [0mGET /js/notification.js [36m304[0m 1.754 ms - -[0m
2026-07-27 02:57:27 [INFO]: [0mGET /js/footer.js [36m304[0m 1.340 ms - -[0m
2026-07-27 02:57:27 [INFO]: [0mGET /js/auth.js [36m304[0m 1.484 ms - -[0m
2026-07-27 02:57:27 [INFO]: [0mGET /css/auth.css [32m200[0m 4.148 ms - -[0m
2026-07-27 02:57:27 [INFO]: [0mGET /images/hero/monstera-plant.jpg [36m304[0m 1.371 ms - -[0m
2026-07-27 02:57:27 [INFO]: [0mGET /images/hero/snake-plant.jpg [36m304[0m 0.822 ms - -[0m
2026-07-27 02:57:27 [INFO]: [0mGET /images/hero/peace-lily.jpg [36m304[0m 1.461 ms - -[0m
2026-07-27 02:57:27 [INFO]: [0mGET /images/hero/tulip-plant.jpg [36m304[0m 0.901 ms - -[0m
2026-07-27 02:57:27 [INFO]: [0mGET /images/hero/rubber-plant.jpg [36m304[0m 1.037 ms - -[0m
2026-07-27 02:57:27 [INFO]: [0mGET /images/hero/aloe-vera.jpg [36m304[0m 0.424 ms - -[0m
2026-07-27 02:57:27 [INFO]: [0mGET /.well-known/appspecific/com.chrome.devtools.json [33m404[0m 1.349 ms - 112[0m
2026-07-27 02:57:27 [INFO]: [0mGET /images/hero/areca-palm.jpg [36m304[0m 2.130 ms - -[0m
2026-07-27 02:57:27 [INFO]: [0mGET /images/hero/jade-plant.jpg [36m304[0m 0.293 ms - -[0m
2026-07-27 02:57:27 [INFO]: [0mGET /images/hero/golden-pothos.jpg [36m304[0m 0.362 ms - -[0m
2026-07-27 02:57:27 [INFO]: [0mGET /images/hero/fiddle-leaf-fig.jpg [36m304[0m 0.387 ms - -[0m
2026-07-27 02:57:27 [INFO]: [0mGET /images/hero/why-choose.jpg [36m304[0m 0.382 ms - -[0m
2026-07-27 02:57:27 [INFO]: [0mGET /images/logo/plantora-orgn-white.png [36m304[0m 0.696 ms - -[0m
2026-07-27 02:59:35 [INFO]: [0mGET / [32m200[0m 10.068 ms - -[0m
2026-07-27 02:59:35 [INFO]: [0mGET /css/style.css [36m304[0m 0.649 ms - -[0m
2026-07-27 02:59:35 [INFO]: [0mGET /images/logo/plantora.png [36m304[0m 0.692 ms - -[0m
2026-07-27 02:59:35 [INFO]: [0mGET /images/default/profile.png [33m404[0m 1.399 ms - 90[0m
2026-07-27 02:59:35 [INFO]: [0mGET /images/logo/logo-green.svg [32m200[0m 1.782 ms - -[0m
2026-07-27 02:59:36 [INFO]: [0mGET /css/variables.css [36m304[0m 0.820 ms - -[0m
2026-07-27 02:59:36 [INFO]: [0mGET /css/utilities.css [36m304[0m 1.188 ms - -[0m
2026-07-27 02:59:36 [INFO]: [0mGET /css/animations.css [36m304[0m 1.368 ms - -[0m
2026-07-27 02:59:36 [INFO]: [0mGET /css/header.css [36m304[0m 0.464 ms - -[0m
2026-07-27 02:59:36 [INFO]: [0mGET /css/hero.css [36m304[0m 0.545 ms - -[0m
2026-07-27 02:59:36 [INFO]: [0mGET /css/announcement.css [36m304[0m 1.461 ms - -[0m
2026-07-27 02:59:36 [INFO]: [0mGET /css/featured.css [36m304[0m 1.093 ms - -[0m
2026-07-27 02:59:36 [INFO]: [0mGET /css/why-choose.css [36m304[0m 1.379 ms - -[0m
2026-07-27 02:59:36 [INFO]: [0mGET /css/footer.css [36m304[0m 1.500 ms - -[0m
2026-07-27 02:59:36 [INFO]: [0mGET /.well-known/appspecific/com.chrome.devtools.json [33m404[0m 1.203 ms - 112[0m
2026-07-27 02:59:36 [INFO]: [0mGET /images/hero/hero-placeholder.png [36m304[0m 1.976 ms - -[0m
2026-07-27 02:59:36 [INFO]: [0mGET /js/header.js [36m304[0m 1.078 ms - -[0m
2026-07-27 02:59:36 [INFO]: [0mGET /js/featured.js [36m304[0m 1.282 ms - -[0m
2026-07-27 02:59:36 [INFO]: [0mGET /js/why-choose.js [36m304[0m 1.191 ms - -[0m
2026-07-27 02:59:36 [INFO]: [0mGET /js/notification.js [36m304[0m 0.807 ms - -[0m
2026-07-27 02:59:36 [INFO]: [0mGET /js/footer.js [36m304[0m 0.329 ms - -[0m
2026-07-27 02:59:36 [INFO]: [0mGET /css/auth.css [32m200[0m 5.113 ms - -[0m
2026-07-27 02:59:36 [INFO]: [0mGET /js/auth.js [36m304[0m 1.064 ms - -[0m
2026-07-27 02:59:36 [INFO]: [0mGET /images/hero/monstera-plant.jpg [36m304[0m 1.025 ms - -[0m
2026-07-27 02:59:36 [INFO]: [0mGET /images/hero/snake-plant.jpg [36m304[0m 0.858 ms - -[0m
2026-07-27 02:59:36 [INFO]: [0mGET /images/hero/peace-lily.jpg [36m304[0m 1.005 ms - -[0m
2026-07-27 02:59:36 [INFO]: [0mGET /images/hero/tulip-plant.jpg [36m304[0m 0.339 ms - -[0m
2026-07-27 02:59:36 [INFO]: [0mGET /images/hero/rubber-plant.jpg [36m304[0m 0.498 ms - -[0m
2026-07-27 02:59:36 [INFO]: [0mGET /images/hero/aloe-vera.jpg [36m304[0m 0.280 ms - -[0m
2026-07-27 02:59:36 [INFO]: [0mGET /images/hero/areca-palm.jpg [36m304[0m 0.458 ms - -[0m
2026-07-27 02:59:36 [INFO]: [0mGET /images/hero/jade-plant.jpg [36m304[0m 1.054 ms - -[0m
2026-07-27 02:59:36 [INFO]: [0mGET /images/hero/golden-pothos.jpg [36m304[0m 0.429 ms - -[0m
2026-07-27 02:59:36 [INFO]: [0mGET /images/hero/fiddle-leaf-fig.jpg [36m304[0m 0.260 ms - -[0m
2026-07-27 02:59:36 [INFO]: [0mGET /images/hero/why-choose.jpg [36m304[0m 0.288 ms - -[0m
2026-07-27 02:59:36 [INFO]: [0mGET /images/logo/plantora-orgn-white.png [36m304[0m 0.317 ms - -[0m
2026-07-27 03:03:32 [INFO]: [0mGET / [32m200[0m 13.279 ms - -[0m
2026-07-27 03:03:32 [INFO]: [0mGET /css/style.css [36m304[0m 0.449 ms - -[0m
2026-07-27 03:03:32 [INFO]: [0mGET /images/logo/plantora.png [36m304[0m 0.280 ms - -[0m
2026-07-27 03:03:32 [INFO]: [0mGET /images/default/profile.png [33m404[0m 1.622 ms - 90[0m
2026-07-27 03:03:32 [INFO]: [0mGET /images/hero/hero-placeholder.png [36m304[0m 0.670 ms - -[0m
2026-07-27 03:03:32 [INFO]: [0mGET /css/variables.css [36m304[0m 0.547 ms - -[0m
2026-07-27 03:03:32 [INFO]: [0mGET /css/utilities.css [36m304[0m 0.725 ms - -[0m
2026-07-27 03:03:32 [INFO]: [0mGET /css/animations.css [36m304[0m 0.257 ms - -[0m
2026-07-27 03:03:32 [INFO]: [0mGET /css/featured.css [36m304[0m 0.879 ms - -[0m
2026-07-27 03:03:32 [INFO]: [0mGET /css/announcement.css [36m304[0m 1.054 ms - -[0m
2026-07-27 03:03:32 [INFO]: [0mGET /css/header.css [36m304[0m 1.278 ms - -[0m
2026-07-27 03:03:32 [INFO]: [0mGET /css/hero.css [36m304[0m 1.589 ms - -[0m
2026-07-27 03:03:32 [INFO]: [0mGET /css/why-choose.css [36m304[0m 2.041 ms - -[0m
2026-07-27 03:03:32 [INFO]: [0mGET /css/footer.css [36m304[0m 0.716 ms - -[0m
2026-07-27 03:03:32 [INFO]: [0mGET /js/header.js [36m304[0m 0.790 ms - -[0m
2026-07-27 03:03:32 [INFO]: [0mGET /js/featured.js [36m304[0m 1.044 ms - -[0m
2026-07-27 03:03:32 [INFO]: [0mGET /js/why-choose.js [36m304[0m 1.169 ms - -[0m
2026-07-27 03:03:32 [INFO]: [0mGET /js/notification.js [36m304[0m 1.333 ms - -[0m
2026-07-27 03:03:32 [INFO]: [0mGET /js/footer.js [36m304[0m 0.778 ms - -[0m
2026-07-27 03:03:32 [INFO]: [0mGET /js/auth.js [36m304[0m 0.959 ms - -[0m
2026-07-27 03:03:32 [INFO]: [0mGET /css/auth.css [32m200[0m 2.495 ms - -[0m
2026-07-27 03:03:32 [INFO]: [0mGET /images/hero/monstera-plant.jpg [36m304[0m 0.340 ms - -[0m
2026-07-27 03:03:32 [INFO]: [0mGET /images/hero/snake-plant.jpg [36m304[0m 0.887 ms - -[0m
2026-07-27 03:03:32 [INFO]: [0mGET /images/hero/peace-lily.jpg [36m304[0m 0.827 ms - -[0m
2026-07-27 03:03:32 [INFO]: [0mGET /images/hero/tulip-plant.jpg [36m304[0m 1.345 ms - -[0m
2026-07-27 03:03:32 [INFO]: [0mGET /images/hero/rubber-plant.jpg [36m304[0m 0.684 ms - -[0m
2026-07-27 03:03:32 [INFO]: [0mGET /images/hero/aloe-vera.jpg [36m304[0m 0.277 ms - -[0m
2026-07-27 03:03:32 [INFO]: [0mGET /images/hero/areca-palm.jpg [36m304[0m 0.262 ms - -[0m
2026-07-27 03:03:32 [INFO]: [0mGET /images/hero/jade-plant.jpg [36m304[0m 0.238 ms - -[0m
2026-07-27 03:03:32 [INFO]: [0mGET /.well-known/appspecific/com.chrome.devtools.json [33m404[0m 1.285 ms - 112[0m
2026-07-27 03:03:32 [INFO]: [0mGET /images/hero/golden-pothos.jpg [36m304[0m 0.284 ms - -[0m
2026-07-27 03:03:32 [INFO]: [0mGET /images/hero/fiddle-leaf-fig.jpg [36m304[0m 0.190 ms - -[0m
2026-07-27 03:03:32 [INFO]: [0mGET /images/hero/why-choose.jpg [36m304[0m 0.325 ms - -[0m
2026-07-27 03:03:32 [INFO]: [0mGET /images/logo/plantora-orgn-white.png [36m304[0m 0.361 ms - -[0m
2026-07-27 03:03:51 [INFO]: [0mGET / [36m304[0m 14.938 ms - -[0m
2026-07-27 03:03:51 [INFO]: [0mGET /css/style.css [36m304[0m 0.992 ms - -[0m
2026-07-27 03:03:51 [INFO]: [0mGET /images/logo/plantora.png [36m304[0m 1.414 ms - -[0m
2026-07-27 03:03:51 [INFO]: [0mGET /images/default/profile.png [33m404[0m 1.932 ms - 90[0m
2026-07-27 03:03:51 [INFO]: [0mGET /css/variables.css [36m304[0m 0.555 ms - -[0m
2026-07-27 03:03:51 [INFO]: [0mGET /css/utilities.css [36m304[0m 0.730 ms - -[0m
2026-07-27 03:03:51 [INFO]: [0mGET /css/animations.css [36m304[0m 1.305 ms - -[0m
2026-07-27 03:03:51 [INFO]: [0mGET /css/hero.css [36m304[0m 1.004 ms - -[0m
2026-07-27 03:03:51 [INFO]: [0mGET /css/announcement.css [36m304[0m 1.101 ms - -[0m
2026-07-27 03:03:51 [INFO]: [0mGET /css/header.css [36m304[0m 1.271 ms - -[0m
2026-07-27 03:03:51 [INFO]: [0mGET /css/featured.css [36m304[0m 1.522 ms - -[0m
2026-07-27 03:03:51 [INFO]: [0mGET /css/why-choose.css [36m304[0m 1.831 ms - -[0m
2026-07-27 03:03:51 [INFO]: [0mGET /css/footer.css [36m304[0m 2.075 ms - -[0m
2026-07-27 03:03:51 [INFO]: [0mGET /images/hero/hero-placeholder.png [36m304[0m 0.687 ms - -[0m
2026-07-27 03:03:51 [INFO]: [0mGET /js/header.js [36m304[0m 1.004 ms - -[0m
2026-07-27 03:03:51 [INFO]: [0mGET /js/featured.js [36m304[0m 1.311 ms - -[0m
2026-07-27 03:03:51 [INFO]: [0mGET /js/why-choose.js [36m304[0m 2.166 ms - -[0m
2026-07-27 03:03:51 [INFO]: [0mGET /js/notification.js [36m304[0m 0.984 ms - -[0m
2026-07-27 03:03:51 [INFO]: [0mGET /images/hero/monstera-plant.jpg [36m304[0m 0.702 ms - -[0m
2026-07-27 03:03:51 [INFO]: [0mGET /images/hero/snake-plant.jpg [36m304[0m 0.970 ms - -[0m
2026-07-27 03:03:51 [INFO]: [0mGET /js/footer.js [36m304[0m 0.457 ms - -[0m
2026-07-27 03:03:51 [INFO]: [0mGET /css/auth.css [32m200[0m 4.217 ms - -[0m
2026-07-27 03:03:51 [INFO]: [0mGET /js/auth.js [36m304[0m 1.078 ms - -[0m
2026-07-27 03:03:51 [INFO]: [0mGET /images/hero/peace-lily.jpg [36m304[0m 0.195 ms - -[0m
2026-07-27 03:03:51 [INFO]: [0mGET /images/hero/tulip-plant.jpg [36m304[0m 0.273 ms - -[0m
2026-07-27 03:03:51 [INFO]: [0mGET /images/hero/rubber-plant.jpg [36m304[0m 0.451 ms - -[0m
2026-07-27 03:03:51 [INFO]: [0mGET /images/hero/aloe-vera.jpg [36m304[0m 0.313 ms - -[0m
2026-07-27 03:03:51 [INFO]: [0mGET /.well-known/appspecific/com.chrome.devtools.json [33m404[0m 1.206 ms - 112[0m
2026-07-27 03:03:51 [INFO]: [0mGET /images/hero/areca-palm.jpg [36m304[0m 0.236 ms - -[0m
2026-07-27 03:03:52 [INFO]: [0mGET /images/hero/jade-plant.jpg [36m304[0m 0.266 ms - -[0m
2026-07-27 03:03:52 [INFO]: [0mGET /images/hero/golden-pothos.jpg [36m304[0m 0.235 ms - -[0m
2026-07-27 03:03:52 [INFO]: [0mGET /images/hero/fiddle-leaf-fig.jpg [36m304[0m 0.478 ms - -[0m
2026-07-27 03:03:52 [INFO]: [0mGET /images/hero/why-choose.jpg [36m304[0m 0.742 ms - -[0m
2026-07-27 03:03:52 [INFO]: [0mGET /images/logo/plantora-orgn-white.png [36m304[0m 0.271 ms - -[0m
2026-07-27 03:05:33 [INFO]: [0mGET / [36m304[0m 9.491 ms - -[0m
2026-07-27 03:05:33 [INFO]: [0mGET /css/style.css [36m304[0m 0.317 ms - -[0m
2026-07-27 03:05:33 [INFO]: [0mGET /images/logo/plantora.png [36m304[0m 0.419 ms - -[0m
2026-07-27 03:05:33 [INFO]: [0mGET /images/default/profile.png [33m404[0m 2.033 ms - 90[0m
2026-07-27 03:05:33 [INFO]: [0mGET /images/hero/hero-placeholder.png [36m304[0m 0.553 ms - -[0m
2026-07-27 03:05:33 [INFO]: [0mGET /css/variables.css [36m304[0m 0.338 ms - -[0m
2026-07-27 03:05:33 [INFO]: [0mGET /css/utilities.css [36m304[0m 0.533 ms - -[0m
2026-07-27 03:05:33 [INFO]: [0mGET /css/animations.css [36m304[0m 0.289 ms - -[0m
2026-07-27 03:05:33 [INFO]: [0mGET /css/header.css [36m304[0m 0.620 ms - -[0m
2026-07-27 03:05:33 [INFO]: [0mGET /css/why-choose.css [36m304[0m 0.749 ms - -[0m
2026-07-27 03:05:33 [INFO]: [0mGET /css/announcement.css [36m304[0m 0.899 ms - -[0m
2026-07-27 03:05:33 [INFO]: [0mGET /css/hero.css [36m304[0m 1.130 ms - -[0m
2026-07-27 03:05:33 [INFO]: [0mGET /css/featured.css [36m304[0m 2.081 ms - -[0m
2026-07-27 03:05:33 [INFO]: [0mGET /css/footer.css [36m304[0m 0.809 ms - -[0m
2026-07-27 03:05:33 [INFO]: [0mGET /js/header.js [36m304[0m 0.418 ms - -[0m
2026-07-27 03:05:33 [INFO]: [0mGET /js/featured.js [36m304[0m 0.695 ms - -[0m
2026-07-27 03:05:33 [INFO]: [0mGET /js/why-choose.js [36m304[0m 0.869 ms - -[0m
2026-07-27 03:05:33 [INFO]: [0mGET /js/notification.js [36m304[0m 0.382 ms - -[0m
2026-07-27 03:05:33 [INFO]: [0mGET /js/footer.js [36m304[0m 0.330 ms - -[0m
2026-07-27 03:05:33 [INFO]: [0mGET /js/auth.js [36m304[0m 0.861 ms - -[0m
2026-07-27 03:05:33 [INFO]: [0mGET /css/auth.css [32m200[0m 2.351 ms - -[0m
2026-07-27 03:05:33 [INFO]: [0mGET /images/hero/monstera-plant.jpg [36m304[0m 1.907 ms - -[0m
2026-07-27 03:05:33 [INFO]: [0mGET /images/hero/snake-plant.jpg [36m304[0m 1.791 ms - -[0m
2026-07-27 03:05:33 [INFO]: [0mGET /.well-known/appspecific/com.chrome.devtools.json [33m404[0m 1.253 ms - 112[0m
2026-07-27 03:05:33 [INFO]: [0mGET /images/hero/peace-lily.jpg [36m304[0m 0.342 ms - -[0m
2026-07-27 03:05:33 [INFO]: [0mGET /images/hero/tulip-plant.jpg [36m304[0m 0.470 ms - -[0m
2026-07-27 03:05:33 [INFO]: [0mGET /images/hero/rubber-plant.jpg [36m304[0m 0.213 ms - -[0m
2026-07-27 03:05:33 [INFO]: [0mGET /images/hero/aloe-vera.jpg [36m304[0m 0.248 ms - -[0m
2026-07-27 03:05:33 [INFO]: [0mGET /images/hero/areca-palm.jpg [36m304[0m 0.189 ms - -[0m
2026-07-27 03:05:33 [INFO]: [0mGET /images/hero/jade-plant.jpg [36m304[0m 0.205 ms - -[0m
2026-07-27 03:05:33 [INFO]: [0mGET /images/hero/golden-pothos.jpg [36m304[0m 0.538 ms - -[0m
2026-07-27 03:05:33 [INFO]: [0mGET /images/hero/fiddle-leaf-fig.jpg [36m304[0m 0.711 ms - -[0m
2026-07-27 03:05:33 [INFO]: [0mGET /images/hero/why-choose.jpg [36m304[0m 0.179 ms - -[0m
2026-07-27 03:05:33 [INFO]: [0mGET /images/logo/plantora-orgn-white.png [36m304[0m 0.806 ms - -[0m
2026-07-27 03:21:34 [INFO]: MongoDB connected successfully.
2026-07-27 03:21:37 [INFO]: Email server connected successfully.
2026-07-27 03:21:37 [INFO]: Server is running on port 5132.
2026-07-27 03:21:47 [INFO]: [0mGET / [32m200[0m 54.893 ms - -[0m
2026-07-27 03:21:47 [INFO]: [0mGET /css/style.css [36m304[0m 1.112 ms - -[0m
2026-07-27 03:21:47 [INFO]: [0mGET /images/logo/plantora.png [36m304[0m 0.540 ms - -[0m
2026-07-27 03:21:47 [INFO]: [0mGET /images/default/profile.png [33m404[0m 2.738 ms - 90[0m
2026-07-27 03:21:47 [INFO]: [0mGET /images/hero/hero-placeholder.png [36m304[0m 1.639 ms - -[0m
2026-07-27 03:21:47 [INFO]: [0mGET /js/header.js [36m304[0m 1.731 ms - -[0m
2026-07-27 03:21:47 [INFO]: [0mGET /js/featured.js [36m304[0m 1.643 ms - -[0m
2026-07-27 03:21:47 [INFO]: [0mGET /js/why-choose.js [36m304[0m 2.032 ms - -[0m
2026-07-27 03:21:47 [INFO]: [0mGET /js/notification.js [36m304[0m 2.351 ms - -[0m
2026-07-27 03:21:47 [INFO]: [0mGET /js/footer.js [36m304[0m 2.534 ms - -[0m
2026-07-27 03:21:47 [INFO]: [0mGET /css/variables.css [36m304[0m 0.772 ms - -[0m
2026-07-27 03:21:47 [INFO]: [0mGET /css/utilities.css [36m304[0m 1.018 ms - -[0m
2026-07-27 03:21:47 [INFO]: [0mGET /css/animations.css [36m304[0m 0.866 ms - -[0m
2026-07-27 03:21:47 [INFO]: [0mGET /css/announcement.css [36m304[0m 1.058 ms - -[0m
2026-07-27 03:21:47 [INFO]: [0mGET /css/header.css [36m304[0m 1.291 ms - -[0m
2026-07-27 03:21:47 [INFO]: [0mGET /css/hero.css [36m304[0m 1.555 ms - -[0m
2026-07-27 03:21:47 [INFO]: [0mGET /css/featured.css [36m304[0m 0.463 ms - -[0m
2026-07-27 03:21:47 [INFO]: [0mGET /css/why-choose.css [36m304[0m 1.696 ms - -[0m
2026-07-27 03:21:47 [INFO]: [0mGET /css/footer.css [36m304[0m 1.450 ms - -[0m
2026-07-27 03:21:47 [INFO]: [0mGET /images/hero/monstera-plant.jpg [36m304[0m 0.677 ms - -[0m
2026-07-27 03:21:47 [INFO]: [0mGET /images/hero/snake-plant.jpg [36m304[0m 0.992 ms - -[0m
2026-07-27 03:21:47 [INFO]: [0mGET /images/hero/peace-lily.jpg [36m304[0m 1.183 ms - -[0m
2026-07-27 03:21:47 [INFO]: [0mGET /css/auth.css [32m200[0m 3.630 ms - -[0m
2026-07-27 03:21:47 [INFO]: [0mGET /js/auth.js [32m200[0m 4.619 ms - -[0m
2026-07-27 03:21:47 [INFO]: [0mGET /images/hero/tulip-plant.jpg [36m304[0m 0.306 ms - -[0m
2026-07-27 03:21:47 [INFO]: [0mGET /images/hero/rubber-plant.jpg [36m304[0m 0.231 ms - -[0m
2026-07-27 03:21:47 [INFO]: [0mGET /images/hero/aloe-vera.jpg [36m304[0m 0.199 ms - -[0m
2026-07-27 03:21:47 [INFO]: [0mGET /images/hero/areca-palm.jpg [36m304[0m 0.218 ms - -[0m
2026-07-27 03:21:47 [INFO]: [0mGET /images/hero/jade-plant.jpg [36m304[0m 0.185 ms - -[0m
2026-07-27 03:21:47 [INFO]: [0mGET /images/hero/golden-pothos.jpg [36m304[0m 0.748 ms - -[0m
2026-07-27 03:21:47 [INFO]: [0mGET /images/hero/fiddle-leaf-fig.jpg [36m304[0m 0.382 ms - -[0m
2026-07-27 03:21:47 [INFO]: [0mGET /images/hero/why-choose.jpg [36m304[0m 0.392 ms - -[0m
2026-07-27 03:21:47 [INFO]: [0mGET /images/logo/plantora-orgn-white.png [36m304[0m 0.615 ms - -[0m
2026-07-27 03:22:14 [ERROR]: TypeError: Cannot destructure property 'name' of 'value' as it is undefined.
    at register (E:\Webskitters_Academy\NODE JS\final_project_node\plantora_final_project_node_ejs\app\controllers\authController.js:120:15)
    at Layer.handleRequest (E:\Webskitters_Academy\NODE JS\final_project_node\plantora_final_project_node_ejs\node_modules\router\lib\layer.js:152:17)
    at next (E:\Webskitters_Academy\NODE JS\final_project_node\plantora_final_project_node_ejs\node_modules\router\lib\route.js:157:13)
    at E:\Webskitters_Academy\NODE JS\final_project_node\plantora_final_project_node_ejs\node_modules\express-rate-limit\dist\index.cjs:916:9
    at async E:\Webskitters_Academy\NODE JS\final_project_node\plantora_final_project_node_ejs\node_modules\express-rate-limit\dist\index.cjs:873:5
2026-07-27 03:22:14 [INFO]: [0mPOST /auth/register [31m500[0m 7.560 ms - 133[0m
2026-07-27 03:37:38 [INFO]: MongoDB connected successfully.
2026-07-27 03:38:02 [INFO]: SIGINT received. Shutting down server...
2026-07-27 03:38:26 [INFO]: MongoDB connected successfully.
2026-07-27 03:38:28 [INFO]: MongoDB connected successfully.
2026-07-27 03:38:28 [INFO]: Email server connected successfully.
2026-07-27 03:38:28 [INFO]: Server is running on port 5132.
2026-07-27 03:39:38 [INFO]: SIGINT received. Shutting down server...
2026-07-27 03:39:40 [INFO]: MongoDB connected successfully.
2026-07-27 03:39:43 [INFO]: Email server connected successfully.
2026-07-27 03:39:43 [INFO]: Server is running on port 5132.
2026-07-27 03:40:26 [INFO]: SIGINT received. Shutting down server...
2026-07-27 03:40:29 [INFO]: MongoDB connected successfully.
2026-07-27 03:40:31 [INFO]: Email server connected successfully.
2026-07-27 03:40:31 [INFO]: Server is running on port 5132.
2026-07-27 03:40:33 [INFO]: MongoDB connected successfully.
2026-07-27 03:42:03 [INFO]: MongoDB connected successfully.
2026-07-27 03:42:06 [INFO]: Email server connected successfully.
2026-07-27 03:42:06 [INFO]: Server is running on port 5132.
2026-07-27 03:42:10 [INFO]: MongoDB connected successfully.
2026-07-27 03:42:12 [INFO]: Email server connected successfully.
2026-07-27 03:42:12 [INFO]: Server is running on port 5132.
2026-07-27 03:42:16 [INFO]: MongoDB connected successfully.
2026-07-27 03:42:19 [INFO]: Email server connected successfully.
2026-07-27 03:42:19 [INFO]: Server is running on port 5132.
2026-07-27 03:42:29 [INFO]: MongoDB connected successfully.
2026-07-27 03:42:32 [INFO]: Email server connected successfully.
2026-07-27 03:42:32 [INFO]: Server is running on port 5132.
2026-07-27 03:42:43 [INFO]: MongoDB connected successfully.
2026-07-27 03:42:45 [INFO]: Email server connected successfully.
2026-07-27 03:42:45 [INFO]: Server is running on port 5132.
2026-07-27 03:43:01 [INFO]: MongoDB connected successfully.
2026-07-27 03:43:04 [INFO]: Email server connected successfully.
2026-07-27 03:43:04 [INFO]: Server is running on port 5132.
2026-07-27 03:43:13 [INFO]: MongoDB connected successfully.
2026-07-27 03:43:16 [INFO]: Email server connected successfully.
2026-07-27 03:43:16 [INFO]: Server is running on port 5132.
2026-07-27 03:43:24 [INFO]: MongoDB connected successfully.
2026-07-27 03:43:27 [INFO]: Email server connected successfully.
2026-07-27 03:43:27 [INFO]: Server is running on port 5132.
2026-07-27 03:43:34 [INFO]: MongoDB connected successfully.
2026-07-27 03:43:37 [INFO]: Email server connected successfully.
2026-07-27 03:43:37 [INFO]: Server is running on port 5132.
2026-07-27 03:43:42 [INFO]: MongoDB connected successfully.
2026-07-27 03:43:45 [INFO]: Email server connected successfully.
2026-07-27 03:43:45 [INFO]: Server is running on port 5132.
2026-07-27 03:43:51 [INFO]: MongoDB connected successfully.
2026-07-27 03:43:54 [INFO]: Email server connected successfully.
2026-07-27 03:43:54 [INFO]: Server is running on port 5132.
2026-07-27 03:44:01 [INFO]: MongoDB connected successfully.
2026-07-27 03:44:03 [INFO]: Email server connected successfully.
2026-07-27 03:44:03 [INFO]: Server is running on port 5132.
2026-07-27 03:44:15 [INFO]: MongoDB connected successfully.
2026-07-27 03:45:04 [INFO]: MongoDB connected successfully.
2026-07-27 03:45:06 [INFO]: Email server connected successfully.
2026-07-27 03:45:06 [INFO]: Server is running on port 5132.
2026-07-27 03:45:30 [INFO]: MongoDB connected successfully.
2026-07-27 03:45:33 [INFO]: Email server connected successfully.
2026-07-27 03:45:33 [INFO]: Server is running on port 5132.
2026-07-27 03:45:35 [INFO]: MongoDB connected successfully.
2026-07-27 03:45:38 [INFO]: Email server connected successfully.
2026-07-27 03:45:38 [INFO]: Server is running on port 5132.
2026-07-27 03:45:58 [INFO]: MongoDB connected successfully.
2026-07-27 03:46:01 [INFO]: Email server connected successfully.
2026-07-27 03:46:01 [INFO]: Server is running on port 5132.
2026-07-27 03:46:03 [INFO]: MongoDB connected successfully.
2026-07-27 03:46:06 [INFO]: Email server connected successfully.
2026-07-27 03:46:06 [INFO]: Server is running on port 5132.
2026-07-27 03:46:08 [INFO]: MongoDB connected successfully.
2026-07-27 03:46:10 [INFO]: Email server connected successfully.
2026-07-27 03:46:10 [INFO]: Server is running on port 5132.
2026-07-27 03:46:15 [INFO]: MongoDB connected successfully.
2026-07-27 03:46:17 [INFO]: Email server connected successfully.
2026-07-27 03:46:17 [INFO]: Server is running on port 5132.
2026-07-27 03:46:21 [INFO]: MongoDB connected successfully.
2026-07-27 03:46:24 [INFO]: Email server connected successfully.
2026-07-27 03:46:24 [INFO]: Server is running on port 5132.
2026-07-27 03:47:24 [INFO]: MongoDB connected successfully.
2026-07-27 03:47:27 [INFO]: Email server connected successfully.
2026-07-27 03:47:27 [INFO]: Server is running on port 5132.
2026-07-27 03:47:40 [INFO]: MongoDB connected successfully.
2026-07-27 03:47:43 [INFO]: Email server connected successfully.
2026-07-27 03:47:43 [INFO]: Server is running on port 5132.
2026-07-27 03:47:56 [INFO]: MongoDB connected successfully.
2026-07-27 03:47:59 [INFO]: Email server connected successfully.
2026-07-27 03:47:59 [INFO]: Server is running on port 5132.
2026-07-27 03:48:29 [INFO]: MongoDB connected successfully.
2026-07-27 03:48:31 [INFO]: Email server connected successfully.
2026-07-27 03:48:31 [INFO]: Server is running on port 5132.
2026-07-27 03:52:21 [INFO]: MongoDB connected successfully.
2026-07-27 03:52:24 [INFO]: Email server connected successfully.
2026-07-27 03:52:24 [INFO]: Server is running on port 5132.
2026-07-27 03:53:32 [INFO]: MongoDB connected successfully.
2026-07-27 03:53:35 [INFO]: Email server connected successfully.
2026-07-27 03:53:35 [INFO]: Server is running on port 5132.
2026-07-27 03:57:05 [INFO]: [0mGET / [32m200[0m 34.224 ms - -[0m
2026-07-27 03:57:05 [INFO]: [0mGET /css/style.css [36m304[0m 1.123 ms - -[0m
2026-07-27 03:57:05 [INFO]: [0mGET /images/logo/plantora.png [36m304[0m 0.650 ms - -[0m
2026-07-27 03:57:05 [INFO]: [0mGET /images/hero/peace-lily.jpg [36m304[0m 1.421 ms - -[0m
2026-07-27 03:57:05 [INFO]: [0mGET /images/hero/hero-placeholder.png [36m304[0m 1.843 ms - -[0m
2026-07-27 03:57:05 [INFO]: [0mGET /images/hero/monstera-plant.jpg [36m304[0m 2.250 ms - -[0m
2026-07-27 03:57:05 [INFO]: [0mGET /images/hero/snake-plant.jpg [36m304[0m 2.596 ms - -[0m
2026-07-27 03:57:05 [INFO]: [0mGET /js/header.js [36m304[0m 1.099 ms - -[0m
2026-07-27 03:57:05 [INFO]: [0mGET /js/featured.js [36m304[0m 2.235 ms - -[0m
2026-07-27 03:57:05 [INFO]: [0mGET /css/variables.css [36m304[0m 1.760 ms - -[0m
2026-07-27 03:57:05 [INFO]: [0mGET /css/utilities.css [36m304[0m 2.056 ms - -[0m
2026-07-27 03:57:05 [INFO]: [0mGET /css/animations.css [36m304[0m 2.264 ms - -[0m
2026-07-27 03:57:05 [INFO]: [0mGET /css/announcement.css [36m304[0m 2.436 ms - -[0m
2026-07-27 03:57:05 [INFO]: [0mGET /css/header.css [36m304[0m 0.372 ms - -[0m
2026-07-27 03:57:05 [INFO]: [0mGET /css/hero.css [36m304[0m 0.508 ms - -[0m
2026-07-27 03:57:05 [INFO]: [0mGET /css/featured.css [36m304[0m 0.773 ms - -[0m
2026-07-27 03:57:05 [INFO]: [0mGET /css/why-choose.css [36m304[0m 0.937 ms - -[0m
2026-07-27 03:57:05 [INFO]: [0mGET /css/footer.css [36m304[0m 1.219 ms - -[0m
2026-07-27 03:57:05 [INFO]: [0mGET /js/why-choose.js [36m304[0m 1.006 ms - -[0m
2026-07-27 03:57:05 [INFO]: [0mGET /js/notification.js [36m304[0m 1.121 ms - -[0m
2026-07-27 03:57:05 [INFO]: [0mGET /js/footer.js [36m304[0m 1.286 ms - -[0m
2026-07-27 03:57:05 [INFO]: [0mGET /images/hero/tulip-plant.jpg [36m304[0m 0.567 ms - -[0m
2026-07-27 03:57:05 [INFO]: [0mGET /images/hero/rubber-plant.jpg [36m304[0m 0.813 ms - -[0m
2026-07-27 03:57:05 [INFO]: [0mGET /images/hero/aloe-vera.jpg [36m304[0m 1.056 ms - -[0m
2026-07-27 03:57:05 [INFO]: [0mGET /css/auth.css [32m200[0m 4.215 ms - -[0m
2026-07-27 03:57:05 [INFO]: [0mGET /js/auth.js [32m200[0m 4.390 ms - -[0m
2026-07-27 03:57:05 [INFO]: [0mGET /images/hero/areca-palm.jpg [36m304[0m 0.334 ms - -[0m
2026-07-27 03:57:05 [INFO]: [0mGET /images/hero/jade-plant.jpg [36m304[0m 0.511 ms - -[0m
2026-07-27 03:57:05 [INFO]: [0mGET /images/hero/golden-pothos.jpg [36m304[0m 0.192 ms - -[0m
2026-07-27 03:57:05 [INFO]: [0mGET /images/hero/fiddle-leaf-fig.jpg [36m304[0m 0.270 ms - -[0m
2026-07-27 03:57:05 [INFO]: [0mGET /images/hero/why-choose.jpg [36m304[0m 0.269 ms - -[0m
2026-07-27 03:57:05 [INFO]: [0mGET /images/logo/plantora-orgn-white.png [36m304[0m 0.454 ms - -[0m
2026-07-27 03:59:33 [INFO]: MongoDB connected successfully.
2026-07-27 03:59:35 [INFO]: MongoDB connected successfully.
2026-07-27 03:59:38 [INFO]: Email server connected successfully.
2026-07-27 03:59:38 [INFO]: Server is running on port 5132.
2026-07-27 03:59:39 [INFO]: MongoDB connected successfully.
2026-07-27 03:59:40 [INFO]: MongoDB connected successfully.
2026-07-27 03:59:43 [INFO]: Email server connected successfully.
2026-07-27 03:59:43 [INFO]: Server is running on port 5132.
2026-07-27 03:59:45 [INFO]: MongoDB connected successfully.
2026-07-27 03:59:48 [INFO]: Email server connected successfully.
2026-07-27 03:59:48 [INFO]: Server is running on port 5132.
2026-07-27 04:00:55 [INFO]: MongoDB connected successfully.
2026-07-27 04:00:58 [INFO]: Email server connected successfully.
2026-07-27 04:00:58 [INFO]: Server is running on port 5132.
2026-07-27 04:01:00 [INFO]: MongoDB connected successfully.
2026-07-27 04:01:02 [INFO]: MongoDB connected successfully.
2026-07-27 04:01:05 [INFO]: Email server connected successfully.
2026-07-27 04:01:05 [INFO]: Server is running on port 5132.
2026-07-27 04:01:13 [INFO]: MongoDB connected successfully.
2026-07-27 04:01:15 [INFO]: MongoDB connected successfully.
2026-07-27 04:01:17 [INFO]: MongoDB connected successfully.
2026-07-27 04:01:19 [INFO]: MongoDB connected successfully.
2026-07-27 04:01:21 [INFO]: MongoDB connected successfully.
2026-07-27 04:01:22 [INFO]: MongoDB connected successfully.
2026-07-27 04:01:24 [INFO]: MongoDB connected successfully.
2026-07-27 04:01:27 [INFO]: Email server connected successfully.
2026-07-27 04:01:27 [INFO]: Server is running on port 5132.
2026-07-27 04:01:27 [INFO]: [0mGET / [36m304[0m 12.539 ms - -[0m
2026-07-27 04:01:27 [INFO]: [0mGET /css/style.css [36m304[0m 0.579 ms - -[0m
2026-07-27 04:01:27 [INFO]: [0mGET /images/logo/plantora.png [36m304[0m 0.524 ms - -[0m
2026-07-27 04:01:27 [INFO]: [0mGET /images/hero/hero-placeholder.png [36m304[0m 0.830 ms - -[0m
2026-07-27 04:01:27 [INFO]: [0mGET /css/variables.css [36m304[0m 0.436 ms - -[0m
2026-07-27 04:01:27 [INFO]: [0mGET /css/utilities.css [36m304[0m 1.580 ms - -[0m
2026-07-27 04:01:27 [INFO]: [0mGET /css/animations.css [36m304[0m 2.793 ms - -[0m
2026-07-27 04:01:27 [INFO]: [0mGET /css/hero.css [36m304[0m 2.291 ms - -[0m
2026-07-27 04:01:27 [INFO]: [0mGET /css/announcement.css [36m304[0m 2.213 ms - -[0m
2026-07-27 04:01:27 [INFO]: [0mGET /css/header.css [36m304[0m 2.357 ms - -[0m
2026-07-27 04:01:27 [INFO]: [0mGET /css/featured.css [36m304[0m 0.643 ms - -[0m
2026-07-27 04:01:27 [INFO]: [0mGET /css/why-choose.css [36m304[0m 0.906 ms - -[0m
2026-07-27 04:01:27 [INFO]: [0mGET /css/footer.css [36m304[0m 0.467 ms - -[0m
2026-07-27 04:01:27 [INFO]: [0mGET /css/auth.css [36m304[0m 1.196 ms - -[0m
2026-07-27 04:01:27 [INFO]: [0mGET /images/hero/monstera-plant.jpg [36m304[0m 1.495 ms - -[0m
2026-07-27 04:01:27 [INFO]: [0mGET /images/hero/snake-plant.jpg [36m304[0m 1.271 ms - -[0m
2026-07-27 04:01:27 [INFO]: [0mGET /images/hero/peace-lily.jpg [36m304[0m 1.612 ms - -[0m
2026-07-27 04:01:27 [INFO]: [0mGET /js/header.js [36m304[0m 1.143 ms - -[0m
2026-07-27 04:01:27 [INFO]: [0mGET /js/featured.js [36m304[0m 0.948 ms - -[0m
2026-07-27 04:01:27 [INFO]: [0mGET /js/why-choose.js [36m304[0m 1.229 ms - -[0m
2026-07-27 04:01:27 [INFO]: [0mGET /js/notification.js [36m304[0m 1.723 ms - -[0m
2026-07-27 04:01:27 [INFO]: [0mGET /js/footer.js [36m304[0m 0.693 ms - -[0m
2026-07-27 04:01:27 [INFO]: [0mGET /images/hero/tulip-plant.jpg [36m304[0m 1.050 ms - -[0m
2026-07-27 04:01:27 [INFO]: [0mGET /images/hero/rubber-plant.jpg [36m304[0m 1.311 ms - -[0m
2026-07-27 04:01:27 [INFO]: [0mGET /images/hero/aloe-vera.jpg [36m304[0m 1.509 ms - -[0m
2026-07-27 04:01:27 [INFO]: [0mGET /images/hero/areca-palm.jpg [36m304[0m 0.442 ms - -[0m
2026-07-27 04:01:27 [INFO]: [0mGET /images/hero/jade-plant.jpg [36m304[0m 1.857 ms - -[0m
2026-07-27 04:01:27 [INFO]: [0mGET /images/hero/golden-pothos.jpg [36m304[0m 2.105 ms - -[0m
2026-07-27 04:01:27 [INFO]: [0mGET /images/hero/fiddle-leaf-fig.jpg [36m304[0m 2.601 ms - -[0m
2026-07-27 04:01:27 [INFO]: [0mGET /images/hero/why-choose.jpg [36m304[0m 0.893 ms - -[0m
2026-07-27 04:01:27 [INFO]: [0mGET /js/auth.js [32m200[0m 4.818 ms - -[0m
2026-07-27 04:01:27 [INFO]: [0mGET /images/logo/plantora-orgn-white.png [36m304[0m 1.858 ms - -[0m
2026-07-27 04:02:40 [INFO]: [0mGET /css/style.css [36m304[0m 0.922 ms - -[0m
2026-07-27 04:02:40 [INFO]: [0mGET /css/variables.css [36m304[0m 1.371 ms - -[0m
2026-07-27 04:02:40 [INFO]: [0mGET /css/utilities.css [36m304[0m 1.015 ms - -[0m
2026-07-27 04:02:40 [INFO]: [0mGET /css/header.css [36m304[0m 1.770 ms - -[0m
2026-07-27 04:02:40 [INFO]: [0mGET /css/featured.css [36m304[0m 1.580 ms - -[0m
2026-07-27 04:02:40 [INFO]: [0mGET /css/animations.css [36m304[0m 1.597 ms - -[0m
2026-07-27 04:02:40 [INFO]: [0mGET /css/announcement.css [36m304[0m 1.890 ms - -[0m
2026-07-27 04:02:40 [INFO]: [0mGET /css/hero.css [36m304[0m 2.040 ms - -[0m
2026-07-27 04:02:40 [INFO]: [0mGET /css/why-choose.css [36m304[0m 0.416 ms - -[0m
2026-07-27 04:02:40 [INFO]: [0mGET /css/footer.css [36m304[0m 0.278 ms - -[0m
2026-07-27 04:02:40 [INFO]: [0mGET /css/auth.css [36m304[0m 0.480 ms - -[0m
2026-07-27 04:02:40 [INFO]: [0mGET /.well-known/appspecific/com.chrome.devtools.json [33m404[0m 2.471 ms - 112[0m
2026-07-27 04:04:47 [INFO]: [0mGET / [36m304[0m 19.807 ms - -[0m
2026-07-27 04:04:47 [INFO]: [0mGET /css/style.css [36m304[0m 0.281 ms - -[0m
2026-07-27 04:04:47 [INFO]: [0mGET /images/logo/plantora.png [36m304[0m 0.325 ms - -[0m
2026-07-27 04:04:47 [INFO]: [0mGET /images/hero/hero-placeholder.png [36m304[0m 0.633 ms - -[0m
2026-07-27 04:04:47 [INFO]: [0mGET /images/hero/monstera-plant.jpg [36m304[0m 0.459 ms - -[0m
2026-07-27 04:04:47 [INFO]: [0mGET /images/hero/peace-lily.jpg [36m304[0m 0.652 ms - -[0m
2026-07-27 04:04:47 [INFO]: [0mGET /images/hero/snake-plant.jpg [36m304[0m 0.895 ms - -[0m
2026-07-27 04:04:47 [INFO]: [0mGET /js/header.js [36m304[0m 0.680 ms - -[0m
2026-07-27 04:04:47 [INFO]: [0mGET /js/featured.js [36m304[0m 0.720 ms - -[0m
2026-07-27 04:04:47 [INFO]: [0mGET /js/why-choose.js [36m304[0m 0.239 ms - -[0m
2026-07-27 04:04:47 [INFO]: [0mGET /js/notification.js [36m304[0m 0.235 ms - -[0m
2026-07-27 04:04:47 [INFO]: [0mGET /css/variables.css [36m304[0m 0.637 ms - -[0m
2026-07-27 04:04:47 [INFO]: [0mGET /css/utilities.css [36m304[0m 0.885 ms - -[0m
2026-07-27 04:04:47 [INFO]: [0mGET /css/animations.css [36m304[0m 1.099 ms - -[0m
2026-07-27 04:04:47 [INFO]: [0mGET /css/announcement.css [36m304[0m 1.319 ms - -[0m
2026-07-27 04:04:47 [INFO]: [0mGET /css/featured.css [36m304[0m 1.192 ms - -[0m
2026-07-27 04:04:47 [INFO]: [0mGET /css/why-choose.css [36m304[0m 1.451 ms - -[0m
2026-07-27 04:04:47 [INFO]: [0mGET /css/footer.css [36m304[0m 1.718 ms - -[0m
2026-07-27 04:04:47 [INFO]: [0mGET /css/header.css [36m304[0m 1.927 ms - -[0m
2026-07-27 04:04:47 [INFO]: [0mGET /css/hero.css [36m304[0m 2.019 ms - -[0m
2026-07-27 04:04:47 [INFO]: [0mGET /js/footer.js [36m304[0m 0.686 ms - -[0m
2026-07-27 04:04:47 [INFO]: [0mGET /js/auth.js [36m304[0m 0.868 ms - -[0m
2026-07-27 04:04:47 [INFO]: [0mGET /images/hero/tulip-plant.jpg [36m304[0m 1.184 ms - -[0m
2026-07-27 04:04:47 [INFO]: [0mGET /images/hero/rubber-plant.jpg [36m304[0m 1.425 ms - -[0m
2026-07-27 04:04:47 [INFO]: [0mGET /images/hero/aloe-vera.jpg [36m304[0m 0.522 ms - -[0m
2026-07-27 04:04:47 [INFO]: [0mGET /images/hero/areca-palm.jpg [36m304[0m 0.848 ms - -[0m
2026-07-27 04:04:47 [INFO]: [0mGET /css/auth.css [32m200[0m 5.223 ms - -[0m
2026-07-27 04:04:47 [INFO]: [0mGET /images/hero/jade-plant.jpg [36m304[0m 0.355 ms - -[0m
2026-07-27 04:04:47 [INFO]: [0mGET /images/hero/golden-pothos.jpg [36m304[0m 0.404 ms - -[0m
2026-07-27 04:04:47 [INFO]: [0mGET /images/hero/fiddle-leaf-fig.jpg [36m304[0m 0.447 ms - -[0m
2026-07-27 04:04:47 [INFO]: [0mGET /images/hero/why-choose.jpg [36m304[0m 0.310 ms - -[0m
2026-07-27 04:04:47 [INFO]: [0mGET /images/logo/plantora-orgn-white.png [36m304[0m 0.371 ms - -[0m
2026-07-27 04:04:47 [INFO]: [0mGET /.well-known/appspecific/com.chrome.devtools.json [33m404[0m 1.797 ms - 112[0m
2026-07-27 04:05:36 [INFO]: [0mGET / [36m304[0m 8.750 ms - -[0m
2026-07-27 04:05:36 [INFO]: [0mGET /css/style.css [36m304[0m 0.428 ms - -[0m
2026-07-27 04:05:36 [INFO]: [0mGET /images/logo/plantora.png [36m304[0m 0.777 ms - -[0m
2026-07-27 04:05:36 [INFO]: [0mGET /images/hero/hero-placeholder.png [36m304[0m 1.072 ms - -[0m
2026-07-27 04:05:36 [INFO]: [0mGET /images/hero/monstera-plant.jpg [36m304[0m 0.324 ms - -[0m
2026-07-27 04:05:36 [INFO]: [0mGET /images/hero/snake-plant.jpg [36m304[0m 0.548 ms - -[0m
2026-07-27 04:05:36 [INFO]: [0mGET /images/hero/peace-lily.jpg [36m304[0m 1.309 ms - -[0m
2026-07-27 04:05:36 [INFO]: [0mGET /js/header.js [36m304[0m 2.056 ms - -[0m
2026-07-27 04:05:36 [INFO]: [0mGET /js/featured.js [36m304[0m 0.585 ms - -[0m
2026-07-27 04:05:36 [INFO]: [0mGET /css/variables.css [36m304[0m 0.364 ms - -[0m
2026-07-27 04:05:36 [INFO]: [0mGET /css/utilities.css [36m304[0m 0.652 ms - -[0m
2026-07-27 04:05:36 [INFO]: [0mGET /css/animations.css [36m304[0m 0.935 ms - -[0m
2026-07-27 04:05:36 [INFO]: [0mGET /css/announcement.css [36m304[0m 1.130 ms - -[0m
2026-07-27 04:05:36 [INFO]: [0mGET /js/why-choose.js [36m304[0m 1.655 ms - -[0m
2026-07-27 04:05:36 [INFO]: [0mGET /css/header.css [36m304[0m 0.623 ms - -[0m
2026-07-27 04:05:36 [INFO]: [0mGET /css/hero.css [36m304[0m 1.498 ms - -[0m
2026-07-27 04:05:36 [INFO]: [0mGET /css/featured.css [36m304[0m 0.822 ms - -[0m
2026-07-27 04:05:36 [INFO]: [0mGET /css/why-choose.css [36m304[0m 1.068 ms - -[0m
2026-07-27 04:05:36 [INFO]: [0mGET /css/footer.css [36m304[0m 1.881 ms - -[0m
2026-07-27 04:05:36 [INFO]: [0mGET /js/notification.js [36m304[0m 0.514 ms - -[0m
2026-07-27 04:05:36 [INFO]: [0mGET /js/footer.js [36m304[0m 0.729 ms - -[0m
2026-07-27 04:05:36 [INFO]: [0mGET /js/auth.js [36m304[0m 1.267 ms - -[0m
2026-07-27 04:05:36 [INFO]: [0mGET /images/hero/tulip-plant.jpg [36m304[0m 0.863 ms - -[0m
2026-07-27 04:05:36 [INFO]: [0mGET /images/hero/rubber-plant.jpg [36m304[0m 0.393 ms - -[0m
2026-07-27 04:05:36 [INFO]: [0mGET /images/hero/aloe-vera.jpg [36m304[0m 0.785 ms - -[0m
2026-07-27 04:05:36 [INFO]: [0mGET /css/auth.css [32m200[0m 3.108 ms - -[0m
2026-07-27 04:05:36 [INFO]: [0mGET /images/hero/areca-palm.jpg [36m304[0m 1.012 ms - -[0m
2026-07-27 04:05:36 [INFO]: [0mGET /images/hero/jade-plant.jpg [36m304[0m 0.211 ms - -[0m
2026-07-27 04:05:36 [INFO]: [0mGET /images/hero/golden-pothos.jpg [36m304[0m 0.245 ms - -[0m
2026-07-27 04:05:36 [INFO]: [0mGET /images/hero/fiddle-leaf-fig.jpg [36m304[0m 0.248 ms - -[0m
2026-07-27 04:05:36 [INFO]: [0mGET /images/hero/why-choose.jpg [36m304[0m 0.964 ms - -[0m
2026-07-27 04:05:36 [INFO]: [0mGET /images/logo/plantora-orgn-white.png [36m304[0m 0.398 ms - -[0m
2026-07-27 04:05:47 [INFO]: [0mGET / [36m304[0m 16.967 ms - -[0m
2026-07-27 04:05:47 [INFO]: [0mGET /css/style.css [36m304[0m 1.414 ms - -[0m
2026-07-27 04:05:47 [INFO]: [0mGET /images/logo/plantora.png [36m304[0m 1.567 ms - -[0m
2026-07-27 04:05:47 [INFO]: [0mGET /images/hero/hero-placeholder.png [36m304[0m 2.092 ms - -[0m
2026-07-27 04:05:47 [INFO]: [0mGET /images/hero/monstera-plant.jpg [36m304[0m 1.262 ms - -[0m
2026-07-27 04:05:47 [INFO]: [0mGET /images/hero/snake-plant.jpg [36m304[0m 1.631 ms - -[0m
2026-07-27 04:05:47 [INFO]: [0mGET /images/hero/peace-lily.jpg [36m304[0m 1.823 ms - -[0m
2026-07-27 04:05:47 [INFO]: [0mGET /js/header.js [36m304[0m 2.255 ms - -[0m
2026-07-27 04:05:47 [INFO]: [0mGET /js/featured.js [36m304[0m 2.566 ms - -[0m
2026-07-27 04:05:47 [INFO]: [0mGET /js/why-choose.js [36m304[0m 0.341 ms - -[0m
2026-07-27 04:05:47 [INFO]: [0mGET /css/variables.css [36m304[0m 0.303 ms - -[0m
2026-07-27 04:05:47 [INFO]: [0mGET /css/utilities.css [36m304[0m 0.482 ms - -[0m
2026-07-27 04:05:47 [INFO]: [0mGET /css/animations.css [36m304[0m 0.641 ms - -[0m
2026-07-27 04:05:47 [INFO]: [0mGET /css/announcement.css [36m304[0m 1.322 ms - -[0m
2026-07-27 04:05:47 [INFO]: [0mGET /css/header.css [36m304[0m 0.736 ms - -[0m
2026-07-27 04:05:47 [INFO]: [0mGET /css/hero.css [36m304[0m 0.865 ms - -[0m
2026-07-27 04:05:47 [INFO]: [0mGET /css/featured.css [36m304[0m 0.258 ms - -[0m
2026-07-27 04:05:47 [INFO]: [0mGET /css/why-choose.css [36m304[0m 0.423 ms - -[0m
2026-07-27 04:05:47 [INFO]: [0mGET /css/footer.css [36m304[0m 1.030 ms - -[0m
2026-07-27 04:05:47 [INFO]: [0mGET /js/notification.js [36m304[0m 0.563 ms - -[0m
2026-07-27 04:05:47 [INFO]: [0mGET /js/footer.js [36m304[0m 0.647 ms - -[0m
2026-07-27 04:05:47 [INFO]: [0mGET /js/auth.js [36m304[0m 0.364 ms - -[0m
2026-07-27 04:05:47 [INFO]: [0mGET /images/hero/tulip-plant.jpg [36m304[0m 0.756 ms - -[0m
2026-07-27 04:05:47 [INFO]: [0mGET /images/hero/rubber-plant.jpg [36m304[0m 0.534 ms - -[0m
2026-07-27 04:05:47 [INFO]: [0mGET /images/hero/aloe-vera.jpg [36m304[0m 0.649 ms - -[0m
2026-07-27 04:05:47 [INFO]: [0mGET /images/hero/areca-palm.jpg [36m304[0m 0.234 ms - -[0m
2026-07-27 04:05:47 [INFO]: [0mGET /images/hero/jade-plant.jpg [36m304[0m 1.175 ms - -[0m
2026-07-27 04:05:47 [INFO]: [0mGET /css/auth.css [32m200[0m 2.306 ms - -[0m
2026-07-27 04:05:47 [INFO]: [0mGET /images/hero/golden-pothos.jpg [36m304[0m 1.423 ms - -[0m
2026-07-27 04:05:47 [INFO]: [0mGET /images/hero/fiddle-leaf-fig.jpg [36m304[0m 1.134 ms - -[0m
2026-07-27 04:05:47 [INFO]: [0mGET /images/hero/why-choose.jpg [36m304[0m 0.415 ms - -[0m
2026-07-27 04:05:47 [INFO]: [0mGET /images/logo/plantora-orgn-white.png [36m304[0m 0.557 ms - -[0m
2026-07-27 04:05:50 [INFO]: [0mGET /css/style.css [36m304[0m 0.301 ms - -[0m
2026-07-27 04:05:50 [INFO]: [0mGET /css/variables.css [36m304[0m 0.270 ms - -[0m
2026-07-27 04:05:50 [INFO]: [0mGET /css/utilities.css [36m304[0m 0.461 ms - -[0m
2026-07-27 04:05:50 [INFO]: [0mGET /css/animations.css [36m304[0m 0.436 ms - -[0m
2026-07-27 04:05:50 [INFO]: [0mGET /css/announcement.css [36m304[0m 0.575 ms - -[0m
2026-07-27 04:05:50 [INFO]: [0mGET /css/header.css [36m304[0m 1.274 ms - -[0m
2026-07-27 04:05:50 [INFO]: [0mGET /css/hero.css [36m304[0m 0.788 ms - -[0m
2026-07-27 04:05:50 [INFO]: [0mGET /css/featured.css [36m304[0m 1.026 ms - -[0m
2026-07-27 04:05:50 [INFO]: [0mGET /css/why-choose.css [36m304[0m 1.254 ms - -[0m
2026-07-27 04:05:50 [INFO]: [0mGET /css/footer.css [36m304[0m 0.335 ms - -[0m
2026-07-27 04:05:50 [INFO]: [0mGET /css/auth.css [36m304[0m 0.516 ms - -[0m
2026-07-27 04:05:50 [INFO]: [0mGET /.well-known/appspecific/com.chrome.devtools.json [33m404[0m 1.810 ms - 112[0m
2026-07-27 04:07:32 [INFO]: [0mGET / [32m200[0m 16.684 ms - -[0m
2026-07-27 04:07:32 [INFO]: [0mGET /css/style.css [36m304[0m 0.743 ms - -[0m
2026-07-27 04:07:32 [INFO]: [0mGET /images/logo/plantora.png [36m304[0m 0.878 ms - -[0m
2026-07-27 04:07:32 [INFO]: [0mGET /images/hero/hero-placeholder.png [36m304[0m 1.195 ms - -[0m
2026-07-27 04:07:32 [INFO]: [0mGET /images/hero/monstera-plant.jpg [36m304[0m 0.613 ms - -[0m
2026-07-27 04:07:32 [INFO]: [0mGET /images/hero/snake-plant.jpg [36m304[0m 0.692 ms - -[0m
2026-07-27 04:07:32 [INFO]: [0mGET /images/hero/peace-lily.jpg [36m304[0m 0.933 ms - -[0m
2026-07-27 04:07:32 [INFO]: [0mGET /js/header.js [36m304[0m 1.373 ms - -[0m
2026-07-27 04:07:32 [INFO]: [0mGET /js/featured.js [36m304[0m 0.534 ms - -[0m
2026-07-27 04:07:32 [INFO]: [0mGET /js/why-choose.js [36m304[0m 0.293 ms - -[0m
2026-07-27 04:07:32 [INFO]: [0mGET /js/notification.js [36m304[0m 0.483 ms - -[0m
2026-07-27 04:07:32 [INFO]: [0mGET /css/variables.css [36m304[0m 0.241 ms - -[0m
2026-07-27 04:07:32 [INFO]: [0mGET /css/utilities.css [36m304[0m 0.251 ms - -[0m
2026-07-27 04:07:32 [INFO]: [0mGET /css/animations.css [36m304[0m 0.432 ms - -[0m
2026-07-27 04:07:32 [INFO]: [0mGET /css/announcement.css [36m304[0m 1.011 ms - -[0m
2026-07-27 04:07:32 [INFO]: [0mGET /css/header.css [36m304[0m 0.651 ms - -[0m
2026-07-27 04:07:32 [INFO]: [0mGET /css/hero.css [36m304[0m 1.355 ms - -[0m
2026-07-27 04:07:32 [INFO]: [0mGET /css/why-choose.css [36m304[0m 0.657 ms - -[0m
2026-07-27 04:07:32 [INFO]: [0mGET /css/featured.css [36m304[0m 0.757 ms - -[0m
2026-07-27 04:07:32 [INFO]: [0mGET /css/footer.css [36m304[0m 1.102 ms - -[0m
2026-07-27 04:07:32 [INFO]: [0mGET /js/footer.js [36m304[0m 0.257 ms - -[0m
2026-07-27 04:07:32 [INFO]: [0mGET /js/auth.js [36m304[0m 0.752 ms - -[0m
2026-07-27 04:07:32 [INFO]: [0mGET /images/hero/tulip-plant.jpg [36m304[0m 1.463 ms - -[0m
2026-07-27 04:07:32 [INFO]: [0mGET /images/hero/rubber-plant.jpg [36m304[0m 0.797 ms - -[0m
2026-07-27 04:07:32 [INFO]: [0mGET /images/hero/aloe-vera.jpg [36m304[0m 0.551 ms - -[0m
2026-07-27 04:07:32 [INFO]: [0mGET /images/hero/areca-palm.jpg [36m304[0m 0.690 ms - -[0m
2026-07-27 04:07:32 [INFO]: [0mGET /css/auth.css [32m200[0m 2.140 ms - -[0m
2026-07-27 04:07:32 [INFO]: [0mGET /images/hero/jade-plant.jpg [36m304[0m 0.209 ms - -[0m
2026-07-27 04:07:32 [INFO]: [0mGET /images/hero/golden-pothos.jpg [36m304[0m 0.203 ms - -[0m
2026-07-27 04:07:32 [INFO]: [0mGET /images/hero/fiddle-leaf-fig.jpg [36m304[0m 0.250 ms - -[0m
2026-07-27 04:07:32 [INFO]: [0mGET /images/hero/why-choose.jpg [36m304[0m 0.210 ms - -[0m
2026-07-27 04:07:32 [INFO]: [0mGET /images/logo/plantora-orgn-white.png [36m304[0m 0.600 ms - -[0m
2026-07-27 04:07:38 [INFO]: [0mGET /css/style.css [36m304[0m 0.392 ms - -[0m
2026-07-27 04:07:38 [INFO]: [0mGET /css/variables.css [36m304[0m 0.671 ms - -[0m
2026-07-27 04:07:38 [INFO]: [0mGET /css/utilities.css [36m304[0m 0.315 ms - -[0m
2026-07-27 04:07:38 [INFO]: [0mGET /css/animations.css [36m304[0m 0.562 ms - -[0m
2026-07-27 04:07:38 [INFO]: [0mGET /css/announcement.css [36m304[0m 0.902 ms - -[0m
2026-07-27 04:07:38 [INFO]: [0mGET /css/header.css [36m304[0m 1.211 ms - -[0m
2026-07-27 04:07:38 [INFO]: [0mGET /css/hero.css [36m304[0m 0.787 ms - -[0m
2026-07-27 04:07:38 [INFO]: [0mGET /css/featured.css [36m304[0m 0.738 ms - -[0m
2026-07-27 04:07:38 [INFO]: [0mGET /css/why-choose.css [36m304[0m 0.925 ms - -[0m
2026-07-27 04:07:38 [INFO]: [0mGET /css/footer.css [36m304[0m 1.132 ms - -[0m
2026-07-27 04:07:38 [INFO]: [0mGET /css/auth.css [36m304[0m 1.507 ms - -[0m
2026-07-27 04:07:38 [INFO]: [0mGET /.well-known/appspecific/com.chrome.devtools.json [33m404[0m 1.423 ms - 112[0m
2026-07-27 04:08:47 [INFO]: [0mGET / [32m200[0m 8.882 ms - -[0m
2026-07-27 04:08:47 [INFO]: [0mGET /css/style.css [36m304[0m 0.544 ms - -[0m
2026-07-27 04:08:47 [INFO]: [0mGET /images/logo/plantora.png [36m304[0m 0.331 ms - -[0m
2026-07-27 04:08:47 [INFO]: [0mGET /images/hero/hero-placeholder.png [36m304[0m 0.506 ms - -[0m
2026-07-27 04:08:47 [INFO]: [0mGET /images/hero/monstera-plant.jpg [36m304[0m 0.784 ms - -[0m
2026-07-27 04:08:47 [INFO]: [0mGET /images/hero/snake-plant.jpg [36m304[0m 1.089 ms - -[0m
2026-07-27 04:08:47 [INFO]: [0mGET /js/header.js [36m304[0m 0.494 ms - -[0m
2026-07-27 04:08:47 [INFO]: [0mGET /images/hero/peace-lily.jpg [36m304[0m 0.727 ms - -[0m
2026-07-27 04:08:47 [INFO]: [0mGET /js/featured.js [36m304[0m 0.280 ms - -[0m
2026-07-27 04:08:47 [INFO]: [0mGET /js/why-choose.js [36m304[0m 0.214 ms - -[0m
2026-07-27 04:08:47 [INFO]: [0mGET /css/variables.css [36m304[0m 0.368 ms - -[0m
2026-07-27 04:08:47 [INFO]: [0mGET /css/utilities.css [36m304[0m 0.581 ms - -[0m
2026-07-27 04:08:47 [INFO]: [0mGET /css/animations.css [36m304[0m 0.776 ms - -[0m
2026-07-27 04:08:47 [INFO]: [0mGET /css/announcement.css [36m304[0m 0.542 ms - -[0m
2026-07-27 04:08:47 [INFO]: [0mGET /css/header.css [36m304[0m 0.904 ms - -[0m
2026-07-27 04:08:47 [INFO]: [0mGET /css/hero.css [36m304[0m 1.408 ms - -[0m
2026-07-27 04:08:47 [INFO]: [0mGET /css/featured.css [36m304[0m 0.773 ms - -[0m
2026-07-27 04:08:47 [INFO]: [0mGET /css/why-choose.css [36m304[0m 0.889 ms - -[0m
2026-07-27 04:08:47 [INFO]: [0mGET /css/footer.css [36m304[0m 1.059 ms - -[0m
2026-07-27 04:08:47 [INFO]: [0mGET /js/notification.js [36m304[0m 0.450 ms - -[0m
2026-07-27 04:08:47 [INFO]: [0mGET /js/footer.js [36m304[0m 0.851 ms - -[0m
2026-07-27 04:08:47 [INFO]: [0mGET /js/auth.js [36m304[0m 1.006 ms - -[0m
2026-07-27 04:08:47 [INFO]: [0mGET /.well-known/appspecific/com.chrome.devtools.json [33m404[0m 1.259 ms - 112[0m
2026-07-27 04:08:47 [INFO]: [0mGET /images/hero/tulip-plant.jpg [36m304[0m 2.580 ms - -[0m
2026-07-27 04:08:47 [INFO]: [0mGET /css/auth.css [32m200[0m 2.373 ms - -[0m
2026-07-27 04:08:47 [INFO]: [0mGET /images/hero/rubber-plant.jpg [36m304[0m 1.138 ms - -[0m
2026-07-27 04:08:47 [INFO]: [0mGET /images/hero/aloe-vera.jpg [36m304[0m 1.337 ms - -[0m
2026-07-27 04:08:47 [INFO]: [0mGET /images/hero/areca-palm.jpg [36m304[0m 0.242 ms - -[0m
2026-07-27 04:08:47 [INFO]: [0mGET /images/hero/jade-plant.jpg [36m304[0m 0.227 ms - -[0m
2026-07-27 04:08:47 [INFO]: [0mGET /images/hero/golden-pothos.jpg [36m304[0m 0.211 ms - -[0m
2026-07-27 04:08:47 [INFO]: [0mGET /images/hero/fiddle-leaf-fig.jpg [36m304[0m 0.731 ms - -[0m
2026-07-27 04:08:47 [INFO]: [0mGET /images/hero/why-choose.jpg [36m304[0m 0.496 ms - -[0m
2026-07-27 04:08:47 [INFO]: [0mGET /images/logo/plantora-orgn-white.png [36m304[0m 0.360 ms - -[0m
2026-07-27 04:09:04 [INFO]: [0mGET / [36m304[0m 13.136 ms - -[0m
2026-07-27 04:09:04 [INFO]: [0mGET /css/style.css [36m304[0m 0.543 ms - -[0m
2026-07-27 04:09:04 [INFO]: [0mGET /images/logo/plantora.png [36m304[0m 0.282 ms - -[0m
2026-07-27 04:09:04 [INFO]: [0mGET /images/hero/hero-placeholder.png [36m304[0m 0.446 ms - -[0m
2026-07-27 04:09:04 [INFO]: [0mGET /images/hero/monstera-plant.jpg [36m304[0m 0.660 ms - -[0m
2026-07-27 04:09:04 [INFO]: [0mGET /images/hero/snake-plant.jpg [36m304[0m 0.886 ms - -[0m
2026-07-27 04:09:04 [INFO]: [0mGET /images/hero/peace-lily.jpg [36m304[0m 1.165 ms - -[0m
2026-07-27 04:09:04 [INFO]: [0mGET /js/header.js [36m304[0m 0.847 ms - -[0m
2026-07-27 04:09:04 [INFO]: [0mGET /js/featured.js [36m304[0m 0.217 ms - -[0m
2026-07-27 04:09:04 [INFO]: [0mGET /js/why-choose.js [36m304[0m 0.155 ms - -[0m
2026-07-27 04:09:04 [INFO]: [0mGET /js/notification.js [36m304[0m 1.038 ms - -[0m
2026-07-27 04:09:04 [INFO]: [0mGET /css/variables.css [36m304[0m 1.272 ms - -[0m
2026-07-27 04:09:04 [INFO]: [0mGET /css/utilities.css [36m304[0m 1.135 ms - -[0m
2026-07-27 04:09:04 [INFO]: [0mGET /css/animations.css [36m304[0m 1.461 ms - -[0m
2026-07-27 04:09:04 [INFO]: [0mGET /css/announcement.css [36m304[0m 1.914 ms - -[0m
2026-07-27 04:09:04 [INFO]: [0mGET /css/header.css [36m304[0m 0.922 ms - -[0m
2026-07-27 04:09:04 [INFO]: [0mGET /css/hero.css [36m304[0m 0.728 ms - -[0m
2026-07-27 04:09:04 [INFO]: [0mGET /css/featured.css [36m304[0m 0.853 ms - -[0m
2026-07-27 04:09:04 [INFO]: [0mGET /css/why-choose.css [36m304[0m 1.006 ms - -[0m
2026-07-27 04:09:04 [INFO]: [0mGET /css/footer.css [36m304[0m 1.334 ms - -[0m
2026-07-27 04:09:04 [INFO]: [0mGET /js/footer.js [36m304[0m 0.359 ms - -[0m
2026-07-27 04:09:04 [INFO]: [0mGET /js/auth.js [36m304[0m 0.774 ms - -[0m
2026-07-27 04:09:04 [INFO]: [0mGET /css/auth.css [32m200[0m 1.409 ms - -[0m
2026-07-27 04:09:04 [INFO]: [0mGET /images/hero/tulip-plant.jpg [36m304[0m 1.156 ms - -[0m
2026-07-27 04:09:04 [INFO]: [0mGET /images/hero/rubber-plant.jpg [36m304[0m 1.295 ms - -[0m
2026-07-27 04:09:04 [INFO]: [0mGET /images/hero/aloe-vera.jpg [36m304[0m 1.670 ms - -[0m
2026-07-27 04:09:04 [INFO]: [0mGET /images/hero/areca-palm.jpg [36m304[0m 1.037 ms - -[0m
2026-07-27 04:09:04 [INFO]: [0mGET /images/hero/jade-plant.jpg [36m304[0m 0.607 ms - -[0m
2026-07-27 04:09:04 [INFO]: [0mGET /images/hero/golden-pothos.jpg [36m304[0m 0.213 ms - -[0m
2026-07-27 04:09:04 [INFO]: [0mGET /images/hero/fiddle-leaf-fig.jpg [36m304[0m 0.322 ms - -[0m
2026-07-27 04:09:04 [INFO]: [0mGET /images/hero/why-choose.jpg [36m304[0m 0.352 ms - -[0m
2026-07-27 04:09:04 [INFO]: [0mGET /images/logo/plantora-orgn-white.png [36m304[0m 0.410 ms - -[0m
2026-07-27 04:09:10 [INFO]: [0mGET /css/style.css [36m304[0m 0.281 ms - -[0m
2026-07-27 04:09:10 [INFO]: [0mGET /css/variables.css [36m304[0m 0.493 ms - -[0m
2026-07-27 04:09:10 [INFO]: [0mGET /css/utilities.css [36m304[0m 0.740 ms - -[0m
2026-07-27 04:09:10 [INFO]: [0mGET /css/animations.css [36m304[0m 0.241 ms - -[0m
2026-07-27 04:09:10 [INFO]: [0mGET /css/announcement.css [36m304[0m 0.368 ms - -[0m
2026-07-27 04:09:10 [INFO]: [0mGET /css/header.css [36m304[0m 0.745 ms - -[0m
2026-07-27 04:09:10 [INFO]: [0mGET /css/hero.css [36m304[0m 0.418 ms - -[0m
2026-07-27 04:09:10 [INFO]: [0mGET /css/featured.css [36m304[0m 0.616 ms - -[0m
2026-07-27 04:09:10 [INFO]: [0mGET /css/why-choose.css [36m304[0m 0.641 ms - -[0m
2026-07-27 04:09:10 [INFO]: [0mGET /css/footer.css [36m304[0m 0.798 ms - -[0m
2026-07-27 04:09:10 [INFO]: [0mGET /css/auth.css [36m304[0m 0.921 ms - -[0m
2026-07-27 04:09:11 [INFO]: [0mGET /.well-known/appspecific/com.chrome.devtools.json [33m404[0m 1.391 ms - 112[0m
2026-07-27 04:09:42 [INFO]: [0mGET / [36m304[0m 14.178 ms - -[0m
2026-07-27 04:09:42 [INFO]: [0mGET /css/style.css [36m304[0m 0.514 ms - -[0m
2026-07-27 04:09:42 [INFO]: [0mGET /images/logo/plantora.png [36m304[0m 0.232 ms - -[0m
2026-07-27 04:09:42 [INFO]: [0mGET /images/hero/hero-placeholder.png [36m304[0m 0.633 ms - -[0m
2026-07-27 04:09:42 [INFO]: [0mGET /css/variables.css [36m304[0m 0.519 ms - -[0m
2026-07-27 04:09:42 [INFO]: [0mGET /css/utilities.css [36m304[0m 0.622 ms - -[0m
2026-07-27 04:09:42 [INFO]: [0mGET /css/animations.css [36m304[0m 0.411 ms - -[0m
2026-07-27 04:09:42 [INFO]: [0mGET /css/featured.css [36m304[0m 0.903 ms - -[0m
2026-07-27 04:09:42 [INFO]: [0mGET /css/why-choose.css [36m304[0m 1.112 ms - -[0m
2026-07-27 04:09:42 [INFO]: [0mGET /css/announcement.css [36m304[0m 1.241 ms - -[0m
2026-07-27 04:09:42 [INFO]: [0mGET /css/header.css [36m304[0m 1.471 ms - -[0m
2026-07-27 04:09:42 [INFO]: [0mGET /css/hero.css [36m304[0m 1.882 ms - -[0m
2026-07-27 04:09:42 [INFO]: [0mGET /css/footer.css [36m304[0m 0.934 ms - -[0m
2026-07-27 04:09:42 [INFO]: [0mGET /css/auth.css [36m304[0m 0.651 ms - -[0m
2026-07-27 04:09:42 [INFO]: [0mGET /images/hero/monstera-plant.jpg [36m304[0m 1.486 ms - -[0m
2026-07-27 04:09:42 [INFO]: [0mGET /images/hero/snake-plant.jpg [36m304[0m 0.780 ms - -[0m
2026-07-27 04:09:42 [INFO]: [0mGET /images/hero/peace-lily.jpg [36m304[0m 0.872 ms - -[0m
2026-07-27 04:09:42 [INFO]: [0mGET /js/header.js [36m304[0m 0.732 ms - -[0m
2026-07-27 04:09:42 [INFO]: [0mGET /js/featured.js [36m304[0m 0.846 ms - -[0m
2026-07-27 04:09:42 [INFO]: [0mGET /js/why-choose.js [36m304[0m 0.241 ms - -[0m
2026-07-27 04:09:42 [INFO]: [0mGET /js/notification.js [36m304[0m 0.258 ms - -[0m
2026-07-27 04:09:42 [INFO]: [0mGET /js/footer.js [36m304[0m 0.178 ms - -[0m
2026-07-27 04:09:42 [INFO]: [0mGET /js/auth.js [36m304[0m 0.195 ms - -[0m
2026-07-27 04:09:42 [INFO]: [0mGET /images/hero/tulip-plant.jpg [36m304[0m 0.394 ms - -[0m
2026-07-27 04:09:42 [INFO]: [0mGET /images/hero/rubber-plant.jpg [36m304[0m 1.400 ms - -[0m
2026-07-27 04:09:42 [INFO]: [0mGET /images/hero/aloe-vera.jpg [36m304[0m 1.877 ms - -[0m
2026-07-27 04:09:42 [INFO]: [0mGET /images/hero/areca-palm.jpg [36m304[0m 1.087 ms - -[0m
2026-07-27 04:09:42 [INFO]: [0mGET /images/hero/jade-plant.jpg [36m304[0m 0.412 ms - -[0m
2026-07-27 04:09:42 [INFO]: [0mGET /images/hero/golden-pothos.jpg [36m304[0m 0.268 ms - -[0m
2026-07-27 04:09:42 [INFO]: [0mGET /images/hero/fiddle-leaf-fig.jpg [36m304[0m 0.516 ms - -[0m
2026-07-27 04:09:42 [INFO]: [0mGET /images/hero/why-choose.jpg [36m304[0m 0.349 ms - -[0m
2026-07-27 04:09:42 [INFO]: [0mGET /images/logo/plantora-orgn-white.png [36m304[0m 0.355 ms - -[0m
2026-07-27 04:10:24 [INFO]: [0mGET / [32m200[0m 13.486 ms - -[0m
2026-07-27 04:10:24 [INFO]: [0mGET /css/style.css [36m304[0m 0.499 ms - -[0m
2026-07-27 04:10:24 [INFO]: [0mGET /images/logo/plantora.png [36m304[0m 0.215 ms - -[0m
2026-07-27 04:10:24 [INFO]: [0mGET /images/hero/hero-placeholder.png [36m304[0m 0.481 ms - -[0m
2026-07-27 04:10:24 [INFO]: [0mGET /images/hero/monstera-plant.jpg [36m304[0m 0.811 ms - -[0m
2026-07-27 04:10:24 [INFO]: [0mGET /images/hero/snake-plant.jpg [36m304[0m 0.993 ms - -[0m
2026-07-27 04:10:24 [INFO]: [0mGET /images/hero/peace-lily.jpg [36m304[0m 1.052 ms - -[0m
2026-07-27 04:10:24 [INFO]: [0mGET /js/header.js [36m304[0m 1.251 ms - -[0m
2026-07-27 04:10:24 [INFO]: [0mGET /js/why-choose.js [36m304[0m 0.370 ms - -[0m
2026-07-27 04:10:24 [INFO]: [0mGET /js/featured.js [36m304[0m 0.957 ms - -[0m
2026-07-27 04:10:24 [INFO]: [0mGET /js/notification.js [36m304[0m 0.828 ms - -[0m
2026-07-27 04:10:24 [INFO]: [0mGET /js/footer.js [36m304[0m 0.918 ms - -[0m
2026-07-27 04:10:24 [INFO]: [0mGET /js/auth.js [36m304[0m 0.892 ms - -[0m
2026-07-27 04:10:24 [INFO]: [0mGET /images/hero/tulip-plant.jpg [36m304[0m 0.883 ms - -[0m
2026-07-27 04:10:24 [INFO]: [0mGET /images/hero/rubber-plant.jpg [36m304[0m 0.146 ms - -[0m
2026-07-27 04:10:24 [INFO]: [0mGET /images/hero/aloe-vera.jpg [36m304[0m 0.281 ms - -[0m
2026-07-27 04:10:24 [INFO]: [0mGET /images/hero/areca-palm.jpg [36m304[0m 0.590 ms - -[0m
2026-07-27 04:10:24 [INFO]: [0mGET /images/hero/jade-plant.jpg [36m304[0m 0.801 ms - -[0m
2026-07-27 04:10:24 [INFO]: [0mGET /images/hero/golden-pothos.jpg [36m304[0m 1.196 ms - -[0m
2026-07-27 04:10:24 [INFO]: [0mGET /images/hero/fiddle-leaf-fig.jpg [36m304[0m 0.377 ms - -[0m
2026-07-27 04:10:24 [INFO]: [0mGET /images/hero/why-choose.jpg [36m304[0m 0.723 ms - -[0m
2026-07-27 04:10:24 [INFO]: [0mGET /css/variables.css [36m304[0m 0.449 ms - -[0m
2026-07-27 04:10:24 [INFO]: [0mGET /css/utilities.css [36m304[0m 0.583 ms - -[0m
2026-07-27 04:10:24 [INFO]: [0mGET /css/animations.css [36m304[0m 1.293 ms - -[0m
2026-07-27 04:10:24 [INFO]: [0mGET /css/announcement.css [36m304[0m 0.697 ms - -[0m
2026-07-27 04:10:24 [INFO]: [0mGET /css/header.css [36m304[0m 0.446 ms - -[0m
2026-07-27 04:10:24 [INFO]: [0mGET /css/hero.css [36m304[0m 0.183 ms - -[0m
2026-07-27 04:10:24 [INFO]: [0mGET /css/featured.css [36m304[0m 0.288 ms - -[0m
2026-07-27 04:10:24 [INFO]: [0mGET /css/why-choose.css [36m304[0m 0.615 ms - -[0m
2026-07-27 04:10:24 [INFO]: [0mGET /css/footer.css [36m304[0m 0.335 ms - -[0m
2026-07-27 04:10:24 [INFO]: [0mGET /images/logo/plantora-orgn-white.png [36m304[0m 0.177 ms - -[0m
2026-07-27 04:10:24 [INFO]: [0mGET /css/auth.css [32m200[0m 0.978 ms - -[0m
2026-07-27 04:11:32 [ERROR]: TypeError: next is not a function
    at model.<anonymous> (E:\Webskitters_Academy\NODE JS\final_project_node\plantora_final_project_node_ejs\app\models\User.js:197:10)
    at async Kareem.execPre (E:\Webskitters_Academy\NODE JS\final_project_node\plantora_final_project_node_ejs\node_modules\kareem\index.js:61:24)
    at async model.$__save (E:\Webskitters_Academy\NODE JS\final_project_node\plantora_final_project_node_ejs\node_modules\mongoose\lib\model.js:403:5)
    at async maybeTracedSave (E:\Webskitters_Academy\NODE JS\final_project_node\plantora_final_project_node_ejs\node_modules\mongoose\lib\model.js:675:7)
    at async model.create (E:\Webskitters_Academy\NODE JS\final_project_node\plantora_final_project_node_ejs\node_modules\mongoose\lib\model.js:2763:5)
    at async register (E:\Webskitters_Academy\NODE JS\final_project_node\plantora_final_project_node_ejs\app\controllers\authController.js:151:20)
2026-07-27 04:11:32 [INFO]: [0mPOST /auth/register [31m500[0m 347.515 ms - 74[0m
2026-07-27 04:14:12 [INFO]: MongoDB connected successfully.
2026-07-27 04:14:14 [INFO]: Email server connected successfully.
2026-07-27 04:14:14 [INFO]: Server is running on port 5132.
2026-07-27 04:14:56 [INFO]: MongoDB connected successfully.
2026-07-27 04:15:14 [INFO]: Email sent successfully to 'customer_0001@yopmail.com'. Subject: 'Verify Your Plantora Account'.
2026-07-27 04:15:14 [ERROR]: Failed to create audit log: AuditLog validation failed: action: `Register` is not a valid enum value for path `action`., severity: `low` is not a valid enum value for path `severity`.
2026-07-27 04:15:14 [INFO]: Customer registered successfully : customer_0001@yopmail.com
2026-07-27 04:15:14 [INFO]: [0mPOST /auth/register [32m201[0m 5504.294 ms - 97[0m
2026-07-27 04:16:55 [INFO]: [0mPOST /auth/login [33m403[0m 43.700 ms - 73[0m
2026-07-27 04:17:05 [ERROR]: Failed to create audit log: AuditLog validation failed: action: `Verify Email` is not a valid enum value for path `action`., severity: `low` is not a valid enum value for path `severity`.
2026-07-27 04:17:05 [INFO]: Email verified successfully : customer_0001@yopmail.com
2026-07-27 04:17:05 [INFO]: [0mGET /auth/verify-email/c199657d20f31a28906fee7e75967ec8886b09012d092d82d267d92a2a477bd2 [32m200[0m 216.531 ms - 76[0m
2026-07-27 04:17:12 [ERROR]: Error: Expected "payload" to be a plain object.
    at validate (E:\Webskitters_Academy\NODE JS\final_project_node\plantora_final_project_node_ejs\node_modules\jsonwebtoken\sign.js:44:11)
    at validatePayload (E:\Webskitters_Academy\NODE JS\final_project_node\plantora_final_project_node_ejs\node_modules\jsonwebtoken\sign.js:66:10)
    at module.exports [as sign] (E:\Webskitters_Academy\NODE JS\final_project_node\plantora_final_project_node_ejs\node_modules\jsonwebtoken\sign.js:144:7)
    at generateAccessToken (E:\Webskitters_Academy\NODE JS\final_project_node\plantora_final_project_node_ejs\app\utils\generateAccessToken.js:6:14)
    at login (E:\Webskitters_Academy\NODE JS\final_project_node\plantora_final_project_node_ejs\app\controllers\authController.js:580:27)
    at process.processTicksAndRejections (node:internal/process/task_queues:103:5)
2026-07-27 04:17:12 [INFO]: [0mPOST /auth/login [31m500[0m 329.042 ms - 100[0m
2026-07-27 04:17:14 [ERROR]: Error: Expected "payload" to be a plain object.
    at validate (E:\Webskitters_Academy\NODE JS\final_project_node\plantora_final_project_node_ejs\node_modules\jsonwebtoken\sign.js:44:11)
    at validatePayload (E:\Webskitters_Academy\NODE JS\final_project_node\plantora_final_project_node_ejs\node_modules\jsonwebtoken\sign.js:66:10)
    at module.exports [as sign] (E:\Webskitters_Academy\NODE JS\final_project_node\plantora_final_project_node_ejs\node_modules\jsonwebtoken\sign.js:144:7)
    at generateAccessToken (E:\Webskitters_Academy\NODE JS\final_project_node\plantora_final_project_node_ejs\app\utils\generateAccessToken.js:6:14)
    at login (E:\Webskitters_Academy\NODE JS\final_project_node\plantora_final_project_node_ejs\app\controllers\authController.js:580:27)
    at process.processTicksAndRejections (node:internal/process/task_queues:103:5)
2026-07-27 04:17:14 [INFO]: [0mPOST /auth/login [31m500[0m 330.860 ms - 100[0m
2026-07-27 04:17:54 [INFO]: [0mGET /shop [33m404[0m 2.417 ms - 68[0m
2026-07-27 04:17:59 [INFO]: [0mGET /shop [33m404[0m 3.033 ms - 68[0m
2026-07-27 04:18:27 [INFO]: [0mGET /? [32m200[0m 23.684 ms - -[0m
2026-07-27 04:18:27 [INFO]: [0mGET /css/style.css [36m304[0m 0.631 ms - -[0m
2026-07-27 04:18:27 [INFO]: [0mGET /images/logo/plantora.png [36m304[0m 0.309 ms - -[0m
2026-07-27 04:18:27 [INFO]: [0mGET /images/hero/hero-placeholder.png [36m304[0m 0.978 ms - -[0m
2026-07-27 04:18:27 [INFO]: [0mGET /images/hero/snake-plant.jpg [36m304[0m 1.275 ms - -[0m
2026-07-27 04:18:27 [INFO]: [0mGET /images/hero/monstera-plant.jpg [36m304[0m 1.006 ms - -[0m
2026-07-27 04:18:27 [INFO]: [0mGET /js/header.js [36m304[0m 1.144 ms - -[0m
2026-07-27 04:18:27 [INFO]: [0mGET /images/hero/peace-lily.jpg [36m304[0m 1.087 ms - -[0m
2026-07-27 04:18:27 [INFO]: [0mGET /js/featured.js [36m304[0m 0.321 ms - -[0m
2026-07-27 04:18:27 [INFO]: [0mGET /js/why-choose.js [36m304[0m 0.443 ms - -[0m
2026-07-27 04:18:27 [INFO]: [0mGET /js/notification.js [36m304[0m 0.203 ms - -[0m
2026-07-27 04:18:27 [INFO]: [0mGET /js/footer.js [36m304[0m 0.288 ms - -[0m
2026-07-27 04:18:27 [INFO]: [0mGET /js/auth.js [36m304[0m 0.204 ms - -[0m
2026-07-27 04:18:27 [INFO]: [0mGET /images/hero/tulip-plant.jpg [36m304[0m 0.126 ms - -[0m
2026-07-27 04:18:27 [INFO]: [0mGET /images/hero/rubber-plant.jpg [36m304[0m 0.187 ms - -[0m
2026-07-27 04:18:27 [INFO]: [0mGET /images/hero/aloe-vera.jpg [36m304[0m 0.310 ms - -[0m
2026-07-27 04:18:27 [INFO]: [0mGET /images/hero/areca-palm.jpg [36m304[0m 0.346 ms - -[0m
2026-07-27 04:18:27 [INFO]: [0mGET /images/hero/jade-plant.jpg [36m304[0m 0.138 ms - -[0m
2026-07-27 04:18:27 [INFO]: [0mGET /images/hero/golden-pothos.jpg [36m304[0m 0.194 ms - -[0m
2026-07-27 04:18:27 [INFO]: [0mGET /images/hero/fiddle-leaf-fig.jpg [36m304[0m 0.106 ms - -[0m
2026-07-27 04:18:27 [INFO]: [0mGET /images/hero/why-choose.jpg [36m304[0m 0.214 ms - -[0m
2026-07-27 04:18:27 [INFO]: [0mGET /css/variables.css [36m304[0m 0.341 ms - -[0m
2026-07-27 04:18:27 [INFO]: [0mGET /css/utilities.css [36m304[0m 0.587 ms - -[0m
2026-07-27 04:18:27 [INFO]: [0mGET /css/animations.css [36m304[0m 1.019 ms - -[0m
2026-07-27 04:18:27 [INFO]: [0mGET /css/announcement.css [36m304[0m 0.505 ms - -[0m
2026-07-27 04:18:27 [INFO]: [0mGET /css/header.css [36m304[0m 1.003 ms - -[0m
2026-07-27 04:18:27 [INFO]: [0mGET /css/featured.css [36m304[0m 0.530 ms - -[0m
2026-07-27 04:18:27 [INFO]: [0mGET /css/hero.css [36m304[0m 0.628 ms - -[0m
2026-07-27 04:18:27 [INFO]: [0mGET /css/why-choose.css [36m304[0m 0.296 ms - -[0m
2026-07-27 04:18:27 [INFO]: [0mGET /css/footer.css [36m304[0m 0.466 ms - -[0m
2026-07-27 04:18:27 [INFO]: [0mGET /css/auth.css [36m304[0m 0.654 ms - -[0m
2026-07-27 04:18:27 [INFO]: [0mGET /images/logo/plantora-orgn-white.png [36m304[0m 0.267 ms - -[0m
2026-07-27 04:18:31 [INFO]: [0mGET /shop [33m404[0m 2.211 ms - 68[0m
2026-07-27 04:18:34 [ERROR]: Error: Failed to lookup view "home/about" in views directory "E:\Webskitters_Academy\NODE JS\final_project_node\plantora_final_project_node_ejs\views"
    at app.render (E:\Webskitters_Academy\NODE JS\final_project_node\plantora_final_project_node_ejs\node_modules\express\lib\application.js:562:17)
    at ServerResponse.render (E:\Webskitters_Academy\NODE JS\final_project_node\plantora_final_project_node_ejs\node_modules\express\lib\response.js:923:7)
    at showAboutPage (E:\Webskitters_Academy\NODE JS\final_project_node\plantora_final_project_node_ejs\app\controllers\HomeController.js:18:44)
    at Layer.handleRequest (E:\Webskitters_Academy\NODE JS\final_project_node\plantora_final_project_node_ejs\node_modules\router\lib\layer.js:152:17)
    at next (E:\Webskitters_Academy\NODE JS\final_project_node\plantora_final_project_node_ejs\node_modules\router\lib\route.js:157:13)
    at Route.dispatch (E:\Webskitters_Academy\NODE JS\final_project_node\plantora_final_project_node_ejs\node_modules\router\lib\route.js:117:3)
    at handle (E:\Webskitters_Academy\NODE JS\final_project_node\plantora_final_project_node_ejs\node_modules\router\index.js:435:11)
    at Layer.handleRequest (E:\Webskitters_Academy\NODE JS\final_project_node\plantora_final_project_node_ejs\node_modules\router\lib\layer.js:152:17)
    at E:\Webskitters_Academy\NODE JS\final_project_node\plantora_final_project_node_ejs\node_modules\router\index.js:295:15
    at processParams (E:\Webskitters_Academy\NODE JS\final_project_node\plantora_final_project_node_ejs\node_modules\router\index.js:582:12)
2026-07-27 04:18:34 [INFO]: [0mGET /about [31m500[0m 2.482 ms - 211[0m
2026-07-27 04:38:21 [INFO]: MongoDB connected successfully.
2026-07-27 04:38:24 [INFO]: Email server connected successfully.
2026-07-27 04:38:24 [INFO]: Server is running on port 5132.
2026-07-27 04:38:27 [INFO]: MongoDB connected successfully.
2026-07-27 04:38:29 [INFO]: Email server connected successfully.
2026-07-27 04:38:29 [INFO]: Server is running on port 5132.
2026-07-27 04:39:04 [INFO]: MongoDB connected successfully.
2026-07-27 04:39:05 [INFO]: MongoDB connected successfully.
2026-07-27 04:39:07 [INFO]: Email server connected successfully.
2026-07-27 04:39:07 [INFO]: Server is running on port 5132.
2026-07-27 04:39:50 [INFO]: [0mGET /? [32m200[0m 38.818 ms - -[0m
2026-07-27 04:39:50 [INFO]: [0mGET /css/style.css [36m304[0m 1.100 ms - -[0m
2026-07-27 04:39:50 [INFO]: [0mGET /images/logo/plantora.png [36m304[0m 0.943 ms - -[0m
2026-07-27 04:39:50 [INFO]: [0mGET /images/hero/hero-placeholder.png [36m304[0m 1.591 ms - -[0m
2026-07-27 04:39:50 [INFO]: [0mGET /images/hero/monstera-plant.jpg [36m304[0m 1.867 ms - -[0m
2026-07-27 04:39:50 [INFO]: [0mGET /images/hero/snake-plant.jpg [36m304[0m 2.052 ms - -[0m
2026-07-27 04:39:50 [INFO]: [0mGET /images/hero/peace-lily.jpg [36m304[0m 2.252 ms - -[0m
2026-07-27 04:39:50 [INFO]: [0mGET /js/header.js [36m304[0m 2.440 ms - -[0m
2026-07-27 04:39:50 [INFO]: [0mGET /js/featured.js [36m304[0m 0.819 ms - -[0m
2026-07-27 04:39:50 [INFO]: [0mGET /css/variables.css [36m304[0m 0.969 ms - -[0m
2026-07-27 04:39:50 [INFO]: [0mGET /css/utilities.css [36m304[0m 0.871 ms - -[0m
2026-07-27 04:39:50 [INFO]: [0mGET /css/animations.css [36m304[0m 1.142 ms - -[0m
2026-07-27 04:39:50 [INFO]: [0mGET /css/announcement.css [36m304[0m 1.345 ms - -[0m
2026-07-27 04:39:50 [INFO]: [0mGET /css/header.css [36m304[0m 1.895 ms - -[0m
2026-07-27 04:39:50 [INFO]: [0mGET /css/hero.css [36m304[0m 0.723 ms - -[0m
2026-07-27 04:39:50 [INFO]: [0mGET /css/featured.css [36m304[0m 1.979 ms - -[0m
2026-07-27 04:39:50 [INFO]: [0mGET /css/why-choose.css [36m304[0m 1.441 ms - -[0m
2026-07-27 04:39:50 [INFO]: [0mGET /css/footer.css [36m304[0m 1.758 ms - -[0m
2026-07-27 04:39:50 [INFO]: [0mGET /css/auth.css [36m304[0m 1.937 ms - -[0m
2026-07-27 04:39:50 [INFO]: [0mGET /js/why-choose.js [36m304[0m 0.894 ms - -[0m
2026-07-27 04:39:50 [INFO]: [0mGET /js/notification.js [36m304[0m 1.112 ms - -[0m
2026-07-27 04:39:50 [INFO]: [0mGET /js/footer.js [36m304[0m 1.322 ms - -[0m
2026-07-27 04:39:50 [INFO]: [0mGET /js/auth.js [36m304[0m 1.558 ms - -[0m
2026-07-27 04:39:50 [INFO]: [0mGET /images/hero/tulip-plant.jpg [36m304[0m 1.903 ms - -[0m
2026-07-27 04:39:50 [INFO]: [0mGET /images/hero/rubber-plant.jpg [36m304[0m 0.802 ms - -[0m
2026-07-27 04:39:50 [INFO]: [0mGET /images/hero/aloe-vera.jpg [36m304[0m 1.048 ms - -[0m
2026-07-27 04:39:50 [INFO]: [0mGET /images/hero/areca-palm.jpg [36m304[0m 1.249 ms - -[0m
2026-07-27 04:39:50 [INFO]: [0mGET /images/hero/jade-plant.jpg [36m304[0m 1.456 ms - -[0m
2026-07-27 04:39:50 [INFO]: [0mGET /images/hero/golden-pothos.jpg [36m304[0m 0.191 ms - -[0m
2026-07-27 04:39:50 [INFO]: [0mGET /images/hero/fiddle-leaf-fig.jpg [36m304[0m 0.240 ms - -[0m
2026-07-27 04:39:50 [INFO]: [0mGET /images/hero/why-choose.jpg [36m304[0m 0.338 ms - -[0m
2026-07-27 04:39:50 [INFO]: [0mGET /images/logo/plantora-orgn-white.png [36m304[0m 0.383 ms - -[0m
2026-07-27 04:39:55 [INFO]: [0mGET /? [36m304[0m 16.866 ms - -[0m
2026-07-27 04:39:55 [INFO]: [0mGET /css/style.css [36m304[0m 1.175 ms - -[0m
2026-07-27 04:39:55 [INFO]: [0mGET /images/logo/plantora.png [36m304[0m 1.660 ms - -[0m
2026-07-27 04:39:55 [INFO]: [0mGET /images/hero/hero-placeholder.png [36m304[0m 2.202 ms - -[0m
2026-07-27 04:39:55 [INFO]: [0mGET /images/hero/monstera-plant.jpg [36m304[0m 1.563 ms - -[0m
2026-07-27 04:39:55 [INFO]: [0mGET /images/hero/snake-plant.jpg [36m304[0m 1.680 ms - -[0m
2026-07-27 04:39:55 [INFO]: [0mGET /images/hero/peace-lily.jpg [36m304[0m 1.351 ms - -[0m
2026-07-27 04:39:55 [INFO]: [0mGET /js/header.js [36m304[0m 1.431 ms - -[0m
2026-07-27 04:39:55 [INFO]: [0mGET /js/featured.js [36m304[0m 1.607 ms - -[0m
2026-07-27 04:39:55 [INFO]: [0mGET /js/why-choose.js [36m304[0m 1.940 ms - -[0m
2026-07-27 04:39:55 [INFO]: [0mGET /js/notification.js [36m304[0m 0.391 ms - -[0m
2026-07-27 04:39:55 [INFO]: [0mGET /js/footer.js [36m304[0m 0.681 ms - -[0m
2026-07-27 04:39:55 [INFO]: [0mGET /js/auth.js [36m304[0m 1.052 ms - -[0m
2026-07-27 04:39:55 [INFO]: [0mGET /images/hero/tulip-plant.jpg [36m304[0m 1.363 ms - -[0m
2026-07-27 04:39:55 [INFO]: [0mGET /images/hero/rubber-plant.jpg [36m304[0m 1.900 ms - -[0m
2026-07-27 04:39:55 [INFO]: [0mGET /images/hero/aloe-vera.jpg [36m304[0m 1.007 ms - -[0m
2026-07-27 04:39:55 [INFO]: [0mGET /images/hero/areca-palm.jpg [36m304[0m 0.838 ms - -[0m
2026-07-27 04:39:55 [INFO]: [0mGET /images/hero/jade-plant.jpg [36m304[0m 1.084 ms - -[0m
2026-07-27 04:39:55 [INFO]: [0mGET /images/hero/golden-pothos.jpg [36m304[0m 1.283 ms - -[0m
2026-07-27 04:39:55 [INFO]: [0mGET /images/hero/fiddle-leaf-fig.jpg [36m304[0m 0.691 ms - -[0m
2026-07-27 04:39:55 [INFO]: [0mGET /images/hero/why-choose.jpg [36m304[0m 0.881 ms - -[0m
2026-07-27 04:39:55 [INFO]: [0mGET /images/logo/plantora-orgn-white.png [36m304[0m 0.199 ms - -[0m
2026-07-27 04:39:55 [INFO]: [0mGET /css/variables.css [36m304[0m 0.594 ms - -[0m
2026-07-27 04:39:55 [INFO]: [0mGET /css/utilities.css [36m304[0m 0.959 ms - -[0m
2026-07-27 04:39:55 [INFO]: [0mGET /css/animations.css [36m304[0m 1.202 ms - -[0m
2026-07-27 04:39:55 [INFO]: [0mGET /css/announcement.css [36m304[0m 1.771 ms - -[0m
2026-07-27 04:39:55 [INFO]: [0mGET /css/header.css [36m304[0m 0.725 ms - -[0m
2026-07-27 04:39:55 [INFO]: [0mGET /css/hero.css [36m304[0m 1.284 ms - -[0m
2026-07-27 04:39:55 [INFO]: [0mGET /css/featured.css [36m304[0m 0.747 ms - -[0m
2026-07-27 04:39:55 [INFO]: [0mGET /css/why-choose.css [36m304[0m 0.985 ms - -[0m
2026-07-27 04:39:55 [INFO]: [0mGET /css/footer.css [36m304[0m 1.398 ms - -[0m
2026-07-27 04:39:55 [INFO]: [0mGET /css/auth.css [36m304[0m 0.392 ms - -[0m
2026-07-27 04:40:37 [INFO]: [0mGET /? [32m200[0m 11.978 ms - -[0m
2026-07-27 04:40:37 [INFO]: [0mGET /css/style.css [36m304[0m 1.378 ms - -[0m
2026-07-27 04:40:37 [INFO]: [0mGET /images/logo/plantora.png [36m304[0m 1.606 ms - -[0m
2026-07-27 04:40:37 [INFO]: [0mGET /images/hero/hero-placeholder.png [36m304[0m 2.740 ms - -[0m
2026-07-27 04:40:37 [INFO]: [0mGET /images/hero/monstera-plant.jpg [36m304[0m 1.973 ms - -[0m
2026-07-27 04:40:37 [INFO]: [0mGET /js/header.js [36m304[0m 1.430 ms - -[0m
2026-07-27 04:40:37 [INFO]: [0mGET /js/featured.js [36m304[0m 1.658 ms - -[0m
2026-07-27 04:40:37 [INFO]: [0mGET /images/hero/snake-plant.jpg [36m304[0m 1.550 ms - -[0m
2026-07-27 04:40:37 [INFO]: [0mGET /images/hero/peace-lily.jpg [36m304[0m 1.782 ms - -[0m
2026-07-27 04:40:37 [INFO]: [0mGET /css/variables.css [36m304[0m 0.784 ms - -[0m
2026-07-27 04:40:37 [INFO]: [0mGET /css/utilities.css [36m304[0m 0.959 ms - -[0m
2026-07-27 04:40:37 [INFO]: [0mGET /css/animations.css [36m304[0m 1.228 ms - -[0m
2026-07-27 04:40:37 [INFO]: [0mGET /css/announcement.css [36m304[0m 1.469 ms - -[0m
2026-07-27 04:40:37 [INFO]: [0mGET /css/header.css [36m304[0m 1.640 ms - -[0m
2026-07-27 04:40:37 [INFO]: [0mGET /css/hero.css [36m304[0m 1.835 ms - -[0m
2026-07-27 04:40:37 [INFO]: [0mGET /css/featured.css [36m304[0m 0.668 ms - -[0m
2026-07-27 04:40:37 [INFO]: [0mGET /css/why-choose.css [36m304[0m 0.933 ms - -[0m
2026-07-27 04:40:37 [INFO]: [0mGET /css/footer.css [36m304[0m 1.101 ms - -[0m
2026-07-27 04:40:37 [INFO]: [0mGET /css/auth.css [36m304[0m 1.277 ms - -[0m
2026-07-27 04:40:37 [INFO]: [0mGET /js/why-choose.js [36m304[0m 1.756 ms - -[0m
2026-07-27 04:40:37 [INFO]: [0mGET /js/notification.js [36m304[0m 1.445 ms - -[0m
2026-07-27 04:40:37 [INFO]: [0mGET /js/footer.js [36m304[0m 1.310 ms - -[0m
2026-07-27 04:40:37 [INFO]: [0mGET /js/auth.js [36m304[0m 1.144 ms - -[0m
2026-07-27 04:40:37 [INFO]: [0mGET /images/hero/tulip-plant.jpg [36m304[0m 1.331 ms - -[0m
2026-07-27 04:40:37 [INFO]: [0mGET /images/hero/rubber-plant.jpg [36m304[0m 1.694 ms - -[0m
2026-07-27 04:40:37 [INFO]: [0mGET /images/hero/aloe-vera.jpg [36m304[0m 0.516 ms - -[0m
2026-07-27 04:40:37 [INFO]: [0mGET /images/hero/areca-palm.jpg [36m304[0m 0.540 ms - -[0m
2026-07-27 04:40:37 [INFO]: [0mGET /images/hero/jade-plant.jpg [36m304[0m 0.668 ms - -[0m
2026-07-27 04:40:37 [INFO]: [0mGET /images/hero/golden-pothos.jpg [36m304[0m 0.789 ms - -[0m
2026-07-27 04:40:37 [INFO]: [0mGET /images/hero/fiddle-leaf-fig.jpg [36m304[0m 1.227 ms - -[0m
2026-07-27 04:40:37 [INFO]: [0mGET /images/hero/why-choose.jpg [36m304[0m 0.662 ms - -[0m
2026-07-27 04:40:37 [INFO]: [0mGET /images/logo/plantora-orgn-white.png [36m304[0m 0.853 ms - -[0m
2026-07-27 04:40:40 [INFO]: [0mGET /registerModal.ejs [33m404[0m 4.083 ms - 81[0m
2026-07-27 04:40:47 [INFO]: [0mGET /registerModal.ejs [33m404[0m 2.885 ms - 81[0m
2026-07-27 04:41:00 [INFO]: [0mGET /? [32m200[0m 13.363 ms - -[0m
2026-07-27 04:41:00 [INFO]: [0mGET /css/style.css [36m304[0m 1.061 ms - -[0m
2026-07-27 04:41:00 [INFO]: [0mGET /images/logo/plantora.png [36m304[0m 1.534 ms - -[0m
2026-07-27 04:41:00 [INFO]: [0mGET /images/hero/hero-placeholder.png [36m304[0m 1.586 ms - -[0m
2026-07-27 04:41:00 [INFO]: [0mGET /js/header.js [36m304[0m 1.298 ms - -[0m
2026-07-27 04:41:00 [INFO]: [0mGET /images/hero/monstera-plant.jpg [36m304[0m 1.458 ms - -[0m
2026-07-27 04:41:00 [INFO]: [0mGET /images/hero/snake-plant.jpg [36m304[0m 1.741 ms - -[0m
2026-07-27 04:41:00 [INFO]: [0mGET /images/hero/peace-lily.jpg [36m304[0m 1.978 ms - -[0m
2026-07-27 04:41:00 [INFO]: [0mGET /js/featured.js [36m304[0m 0.326 ms - -[0m
2026-07-27 04:41:00 [INFO]: [0mGET /js/why-choose.js [36m304[0m 1.227 ms - -[0m
2026-07-27 04:41:00 [INFO]: [0mGET /js/notification.js [36m304[0m 1.072 ms - -[0m
2026-07-27 04:41:00 [INFO]: [0mGET /js/footer.js [36m304[0m 1.290 ms - -[0m
2026-07-27 04:41:00 [INFO]: [0mGET /js/auth.js [36m304[0m 1.458 ms - -[0m
2026-07-27 04:41:00 [INFO]: [0mGET /images/hero/tulip-plant.jpg [36m304[0m 1.848 ms - -[0m
2026-07-27 04:41:00 [INFO]: [0mGET /images/hero/rubber-plant.jpg [36m304[0m 1.237 ms - -[0m
2026-07-27 04:41:00 [INFO]: [0mGET /css/variables.css [36m304[0m 0.996 ms - -[0m
2026-07-27 04:41:00 [INFO]: [0mGET /css/utilities.css [36m304[0m 1.154 ms - -[0m
2026-07-27 04:41:00 [INFO]: [0mGET /css/animations.css [36m304[0m 1.318 ms - -[0m
2026-07-27 04:41:00 [INFO]: [0mGET /css/announcement.css [36m304[0m 2.123 ms - -[0m
2026-07-27 04:41:00 [INFO]: [0mGET /css/header.css [36m304[0m 1.018 ms - -[0m
2026-07-27 04:41:00 [INFO]: [0mGET /css/hero.css [36m304[0m 0.852 ms - -[0m
2026-07-27 04:41:00 [INFO]: [0mGET /css/featured.css [36m304[0m 1.059 ms - -[0m
2026-07-27 04:41:00 [INFO]: [0mGET /css/why-choose.css [36m304[0m 1.210 ms - -[0m
2026-07-27 04:41:00 [INFO]: [0mGET /css/footer.css [36m304[0m 1.485 ms - -[0m
2026-07-27 04:41:00 [INFO]: [0mGET /css/auth.css [36m304[0m 0.674 ms - -[0m
2026-07-27 04:41:00 [INFO]: [0mGET /images/hero/aloe-vera.jpg [36m304[0m 0.630 ms - -[0m
2026-07-27 04:41:00 [INFO]: [0mGET /images/hero/areca-palm.jpg [36m304[0m 1.224 ms - -[0m
2026-07-27 04:41:00 [INFO]: [0mGET /images/hero/jade-plant.jpg [36m304[0m 0.838 ms - -[0m
2026-07-27 04:41:00 [INFO]: [0mGET /images/hero/golden-pothos.jpg [36m304[0m 1.081 ms - -[0m
2026-07-27 04:41:00 [INFO]: [0mGET /images/hero/fiddle-leaf-fig.jpg [36m304[0m 1.688 ms - -[0m
2026-07-27 04:41:00 [INFO]: [0mGET /images/hero/why-choose.jpg [36m304[0m 0.653 ms - -[0m
2026-07-27 04:41:00 [INFO]: [0mGET /images/logo/plantora-orgn-white.png [36m304[0m 1.133 ms - -[0m
2026-07-27 04:41:02 [INFO]: [0mGET /loginModal [33m404[0m 2.178 ms - 74[0m
2026-07-27 04:41:59 [INFO]: [0mGET /? [32m200[0m 8.731 ms - -[0m
2026-07-27 04:41:59 [INFO]: [0mGET /css/style.css [36m304[0m 0.431 ms - -[0m
2026-07-27 04:41:59 [INFO]: [0mGET /images/logo/plantora.png [36m304[0m 1.295 ms - -[0m
2026-07-27 04:41:59 [INFO]: [0mGET /images/hero/hero-placeholder.png [36m304[0m 1.588 ms - -[0m
2026-07-27 04:41:59 [INFO]: [0mGET /images/hero/monstera-plant.jpg [36m304[0m 0.568 ms - -[0m
2026-07-27 04:41:59 [INFO]: [0mGET /images/hero/snake-plant.jpg [36m304[0m 0.813 ms - -[0m
2026-07-27 04:41:59 [INFO]: [0mGET /images/hero/peace-lily.jpg [36m304[0m 1.202 ms - -[0m
2026-07-27 04:41:59 [INFO]: [0mGET /js/featured.js [36m304[0m 0.461 ms - -[0m
2026-07-27 04:41:59 [INFO]: [0mGET /js/header.js [36m304[0m 0.767 ms - -[0m
2026-07-27 04:41:59 [INFO]: [0mGET /css/variables.css [36m304[0m 0.624 ms - -[0m
2026-07-27 04:41:59 [INFO]: [0mGET /css/utilities.css [36m304[0m 0.857 ms - -[0m
2026-07-27 04:41:59 [INFO]: [0mGET /css/animations.css [36m304[0m 1.067 ms - -[0m
2026-07-27 04:41:59 [INFO]: [0mGET /css/announcement.css [36m304[0m 1.506 ms - -[0m
2026-07-27 04:41:59 [INFO]: [0mGET /css/header.css [36m304[0m 0.580 ms - -[0m
2026-07-27 04:41:59 [INFO]: [0mGET /css/hero.css [36m304[0m 0.665 ms - -[0m
2026-07-27 04:41:59 [INFO]: [0mGET /css/featured.css [36m304[0m 0.543 ms - -[0m
2026-07-27 04:41:59 [INFO]: [0mGET /css/why-choose.css [36m304[0m 0.721 ms - -[0m
2026-07-27 04:41:59 [INFO]: [0mGET /css/footer.css [36m304[0m 0.910 ms - -[0m
2026-07-27 04:41:59 [INFO]: [0mGET /css/auth.css [36m304[0m 1.139 ms - -[0m
2026-07-27 04:41:59 [INFO]: [0mGET /js/why-choose.js [36m304[0m 0.430 ms - -[0m
2026-07-27 04:41:59 [INFO]: [0mGET /js/notification.js [36m304[0m 0.636 ms - -[0m
2026-07-27 04:41:59 [INFO]: [0mGET /js/footer.js [36m304[0m 1.472 ms - -[0m
2026-07-27 04:41:59 [INFO]: [0mGET /js/auth.js [36m304[0m 0.639 ms - -[0m
2026-07-27 04:41:59 [INFO]: [0mGET /images/hero/tulip-plant.jpg [36m304[0m 0.975 ms - -[0m
2026-07-27 04:41:59 [INFO]: [0mGET /images/hero/rubber-plant.jpg [36m304[0m 0.422 ms - -[0m
2026-07-27 04:41:59 [INFO]: [0mGET /images/hero/aloe-vera.jpg [36m304[0m 0.995 ms - -[0m
2026-07-27 04:41:59 [INFO]: [0mGET /images/hero/areca-palm.jpg [36m304[0m 0.621 ms - -[0m
2026-07-27 04:41:59 [INFO]: [0mGET /images/hero/jade-plant.jpg [36m304[0m 0.160 ms - -[0m
2026-07-27 04:41:59 [INFO]: [0mGET /images/hero/golden-pothos.jpg [36m304[0m 0.151 ms - -[0m
2026-07-27 04:41:59 [INFO]: [0mGET /images/hero/fiddle-leaf-fig.jpg [36m304[0m 0.262 ms - -[0m
2026-07-27 04:41:59 [INFO]: [0mGET /images/hero/why-choose.jpg [36m304[0m 0.457 ms - -[0m
2026-07-27 04:41:59 [INFO]: [0mGET /images/logo/plantora-orgn-white.png [36m304[0m 0.326 ms - -[0m
2026-07-27 04:42:01 [INFO]: [0mGET /modals/loginModal.ejs [33m404[0m 2.349 ms - 85[0m
2026-07-27 04:42:26 [INFO]: [0mGET /modals/loginModal.ejs [33m404[0m 2.621 ms - 85[0m
2026-07-27 04:42:27 [INFO]: [0mGET /? [32m200[0m 11.922 ms - -[0m
2026-07-27 04:42:27 [INFO]: [0mGET /css/style.css [36m304[0m 0.659 ms - -[0m
2026-07-27 04:42:27 [INFO]: [0mGET /images/logo/plantora.png [36m304[0m 0.867 ms - -[0m
2026-07-27 04:42:27 [INFO]: [0mGET /images/hero/monstera-plant.jpg [36m304[0m 1.190 ms - -[0m
2026-07-27 04:42:27 [INFO]: [0mGET /images/hero/hero-placeholder.png [36m304[0m 1.453 ms - -[0m
2026-07-27 04:42:27 [INFO]: [0mGET /images/hero/snake-plant.jpg [36m304[0m 0.293 ms - -[0m
2026-07-27 04:42:27 [INFO]: [0mGET /js/featured.js [36m304[0m 0.496 ms - -[0m
2026-07-27 04:42:27 [INFO]: [0mGET /images/hero/peace-lily.jpg [36m304[0m 0.596 ms - -[0m
2026-07-27 04:42:27 [INFO]: [0mGET /js/header.js [36m304[0m 0.866 ms - -[0m
2026-07-27 04:42:27 [INFO]: [0mGET /css/variables.css [36m304[0m 0.462 ms - -[0m
2026-07-27 04:42:27 [INFO]: [0mGET /css/utilities.css [36m304[0m 0.547 ms - -[0m
2026-07-27 04:42:27 [INFO]: [0mGET /css/animations.css [36m304[0m 0.384 ms - -[0m
2026-07-27 04:42:27 [INFO]: [0mGET /css/announcement.css [36m304[0m 0.604 ms - -[0m
2026-07-27 04:42:27 [INFO]: [0mGET /css/header.css [36m304[0m 0.712 ms - -[0m
2026-07-27 04:42:27 [INFO]: [0mGET /css/hero.css [36m304[0m 0.942 ms - -[0m
2026-07-27 04:42:27 [INFO]: [0mGET /css/featured.css [36m304[0m 1.129 ms - -[0m
2026-07-27 04:42:27 [INFO]: [0mGET /css/why-choose.css [36m304[0m 1.377 ms - -[0m
2026-07-27 04:42:27 [INFO]: [0mGET /css/footer.css [36m304[0m 0.278 ms - -[0m
2026-07-27 04:42:27 [INFO]: [0mGET /css/auth.css [36m304[0m 0.722 ms - -[0m
2026-07-27 04:42:27 [INFO]: [0mGET /js/why-choose.js [36m304[0m 0.950 ms - -[0m
2026-07-27 04:42:27 [INFO]: [0mGET /js/notification.js [36m304[0m 0.677 ms - -[0m
2026-07-27 04:42:27 [INFO]: [0mGET /js/footer.js [36m304[0m 0.764 ms - -[0m
2026-07-27 04:42:27 [INFO]: [0mGET /js/auth.js [36m304[0m 0.901 ms - -[0m
2026-07-27 04:42:27 [INFO]: [0mGET /images/hero/tulip-plant.jpg [36m304[0m 0.167 ms - -[0m
2026-07-27 04:42:27 [INFO]: [0mGET /images/hero/rubber-plant.jpg [36m304[0m 0.440 ms - -[0m
2026-07-27 04:42:27 [INFO]: [0mGET /images/hero/aloe-vera.jpg [36m304[0m 0.567 ms - -[0m
2026-07-27 04:42:27 [INFO]: [0mGET /images/hero/areca-palm.jpg [36m304[0m 0.697 ms - -[0m
2026-07-27 04:42:27 [INFO]: [0mGET /images/hero/jade-plant.jpg [36m304[0m 0.868 ms - -[0m
2026-07-27 04:42:27 [INFO]: [0mGET /images/hero/golden-pothos.jpg [36m304[0m 0.173 ms - -[0m
2026-07-27 04:42:27 [INFO]: [0mGET /images/hero/fiddle-leaf-fig.jpg [36m304[0m 0.261 ms - -[0m
2026-07-27 04:42:27 [INFO]: [0mGET /images/hero/why-choose.jpg [36m304[0m 0.183 ms - -[0m
2026-07-27 04:42:27 [INFO]: [0mGET /images/logo/plantora-orgn-white.png [36m304[0m 0.404 ms - -[0m
2026-07-27 04:42:31 [INFO]: [0mGET /registerModal.ejs [33m404[0m 1.122 ms - 81[0m
2026-07-27 04:42:50 [INFO]: [0mGET /registerModal.ejs [33m404[0m 2.009 ms - 81[0m
2026-07-27 04:59:33 [INFO]: [0mGET /? [32m200[0m 7.591 ms - -[0m
2026-07-27 04:59:33 [INFO]: [0mGET /images/logo/plantora.png [36m304[0m 0.410 ms - -[0m
2026-07-27 04:59:33 [INFO]: [0mGET /css/style.css [32m200[0m 2.528 ms - 435[0m
2026-07-27 04:59:33 [INFO]: [0mGET /images/hero/hero-placeholder.png [36m304[0m 0.860 ms - -[0m
2026-07-27 04:59:33 [INFO]: [0mGET /images/hero/monstera-plant.jpg [36m304[0m 1.002 ms - -[0m
2026-07-27 04:59:33 [INFO]: [0mGET /images/hero/snake-plant.jpg [36m304[0m 1.163 ms - -[0m
2026-07-27 04:59:33 [INFO]: [0mGET /images/hero/peace-lily.jpg [36m304[0m 1.989 ms - -[0m
2026-07-27 04:59:33 [INFO]: [0mGET /js/header.js [36m304[0m 0.968 ms - -[0m
2026-07-27 04:59:33 [INFO]: [0mGET /js/featured.js [36m304[0m 1.140 ms - -[0m
2026-07-27 04:59:33 [INFO]: [0mGET /js/why-choose.js [36m304[0m 0.264 ms - -[0m
2026-07-27 04:59:33 [INFO]: [0mGET /js/notification.js [36m304[0m 0.524 ms - -[0m
2026-07-27 04:59:33 [INFO]: [0mGET /css/variables.css [36m304[0m 0.791 ms - -[0m
2026-07-27 04:59:33 [INFO]: [0mGET /css/utilities.css [36m304[0m 1.047 ms - -[0m
2026-07-27 04:59:33 [INFO]: [0mGET /css/animations.css [36m304[0m 1.690 ms - -[0m
2026-07-27 04:59:33 [INFO]: [0mGET /css/announcement.css [36m304[0m 0.635 ms - -[0m
2026-07-27 04:59:33 [INFO]: [0mGET /css/header.css [36m304[0m 1.104 ms - -[0m
2026-07-27 04:59:33 [INFO]: [0mGET /css/hero.css [36m304[0m 0.650 ms - -[0m
2026-07-27 04:59:33 [INFO]: [0mGET /css/featured.css [36m304[0m 0.760 ms - -[0m
2026-07-27 04:59:33 [INFO]: [0mGET /css/why-choose.css [36m304[0m 1.177 ms - -[0m
2026-07-27 04:59:33 [INFO]: [0mGET /css/footer.css [36m304[0m 0.672 ms - -[0m
2026-07-27 04:59:33 [INFO]: [0mGET /css/auth.css [36m304[0m 0.754 ms - -[0m
2026-07-27 04:59:33 [INFO]: [0mGET /js/footer.js [36m304[0m 0.771 ms - -[0m
2026-07-27 04:59:33 [INFO]: [0mGET /js/auth.js [36m304[0m 0.970 ms - -[0m
2026-07-27 04:59:33 [INFO]: [0mGET /images/hero/tulip-plant.jpg [36m304[0m 1.338 ms - -[0m
2026-07-27 04:59:33 [INFO]: [0mGET /css/verify.css [32m200[0m 3.362 ms - 821[0m
2026-07-27 04:59:33 [INFO]: [0mGET /images/hero/rubber-plant.jpg [36m304[0m 0.398 ms - -[0m
2026-07-27 04:59:33 [INFO]: [0mGET /images/hero/aloe-vera.jpg [36m304[0m 1.000 ms - -[0m
2026-07-27 04:59:33 [INFO]: [0mGET /images/hero/areca-palm.jpg [36m304[0m 0.714 ms - -[0m
2026-07-27 04:59:33 [INFO]: [0mGET /images/hero/jade-plant.jpg [36m304[0m 0.814 ms - -[0m
2026-07-27 04:59:33 [INFO]: [0mGET /images/hero/golden-pothos.jpg [36m304[0m 0.238 ms - -[0m
2026-07-27 04:59:33 [INFO]: [0mGET /images/hero/fiddle-leaf-fig.jpg [36m304[0m 0.220 ms - -[0m
2026-07-27 04:59:33 [INFO]: [0mGET /images/hero/why-choose.jpg [36m304[0m 0.199 ms - -[0m
2026-07-27 04:59:33 [INFO]: [0mGET /images/logo/plantora-orgn-white.png [36m304[0m 0.291 ms - -[0m
2026-07-27 05:00:19 [ERROR]: Error: Failed to lookup view "auth/forgot-password" in views directory "E:\Webskitters_Academy\NODE JS\final_project_node\plantora_final_project_node_ejs\views"
    at app.render (E:\Webskitters_Academy\NODE JS\final_project_node\plantora_final_project_node_ejs\node_modules\express\lib\application.js:562:17)
    at ServerResponse.render (E:\Webskitters_Academy\NODE JS\final_project_node\plantora_final_project_node_ejs\node_modules\express\lib\response.js:923:7)
    at showForgotPasswordPage (E:\Webskitters_Academy\NODE JS\final_project_node\plantora_final_project_node_ejs\app\controllers\authController.js:76:18)
    at Layer.handleRequest (E:\Webskitters_Academy\NODE JS\final_project_node\plantora_final_project_node_ejs\node_modules\router\lib\layer.js:152:17)
    at next (E:\Webskitters_Academy\NODE JS\final_project_node\plantora_final_project_node_ejs\node_modules\router\lib\route.js:157:13)
    at Route.dispatch (E:\Webskitters_Academy\NODE JS\final_project_node\plantora_final_project_node_ejs\node_modules\router\lib\route.js:117:3)
    at handle (E:\Webskitters_Academy\NODE JS\final_project_node\plantora_final_project_node_ejs\node_modules\router\index.js:435:11)
    at Layer.handleRequest (E:\Webskitters_Academy\NODE JS\final_project_node\plantora_final_project_node_ejs\node_modules\router\lib\layer.js:152:17)
    at E:\Webskitters_Academy\NODE JS\final_project_node\plantora_final_project_node_ejs\node_modules\router\index.js:295:15
    at processParams (E:\Webskitters_Academy\NODE JS\final_project_node\plantora_final_project_node_ejs\node_modules\router\index.js:582:12)
2026-07-27 05:00:19 [INFO]: [0mGET /auth/forgot-password [31m500[0m 3.813 ms - 221[0m
2026-07-27 05:00:35 [ERROR]: Error: Failed to lookup view "auth/forgot-password" in views directory "E:\Webskitters_Academy\NODE JS\final_project_node\plantora_final_project_node_ejs\views"
    at app.render (E:\Webskitters_Academy\NODE JS\final_project_node\plantora_final_project_node_ejs\node_modules\express\lib\application.js:562:17)
    at ServerResponse.render (E:\Webskitters_Academy\NODE JS\final_project_node\plantora_final_project_node_ejs\node_modules\express\lib\response.js:923:7)
    at showForgotPasswordPage (E:\Webskitters_Academy\NODE JS\final_project_node\plantora_final_project_node_ejs\app\controllers\authController.js:76:18)
    at Layer.handleRequest (E:\Webskitters_Academy\NODE JS\final_project_node\plantora_final_project_node_ejs\node_modules\router\lib\layer.js:152:17)
    at next (E:\Webskitters_Academy\NODE JS\final_project_node\plantora_final_project_node_ejs\node_modules\router\lib\route.js:157:13)
    at Route.dispatch (E:\Webskitters_Academy\NODE JS\final_project_node\plantora_final_project_node_ejs\node_modules\router\lib\route.js:117:3)
    at handle (E:\Webskitters_Academy\NODE JS\final_project_node\plantora_final_project_node_ejs\node_modules\router\index.js:435:11)
    at Layer.handleRequest (E:\Webskitters_Academy\NODE JS\final_project_node\plantora_final_project_node_ejs\node_modules\router\lib\layer.js:152:17)
    at E:\Webskitters_Academy\NODE JS\final_project_node\plantora_final_project_node_ejs\node_modules\router\index.js:295:15
    at processParams (E:\Webskitters_Academy\NODE JS\final_project_node\plantora_final_project_node_ejs\node_modules\router\index.js:582:12)
2026-07-27 05:00:35 [INFO]: [0mGET /auth/forgot-password [31m500[0m 2.894 ms - 221[0m
2026-07-27 05:01:06 [ERROR]: Error: Failed to lookup view "auth/forgot-password" in views directory "E:\Webskitters_Academy\NODE JS\final_project_node\plantora_final_project_node_ejs\views"
    at app.render (E:\Webskitters_Academy\NODE JS\final_project_node\plantora_final_project_node_ejs\node_modules\express\lib\application.js:562:17)
    at ServerResponse.render (E:\Webskitters_Academy\NODE JS\final_project_node\plantora_final_project_node_ejs\node_modules\express\lib\response.js:923:7)
    at showForgotPasswordPage (E:\Webskitters_Academy\NODE JS\final_project_node\plantora_final_project_node_ejs\app\controllers\authController.js:76:18)
    at Layer.handleRequest (E:\Webskitters_Academy\NODE JS\final_project_node\plantora_final_project_node_ejs\node_modules\router\lib\layer.js:152:17)
    at next (E:\Webskitters_Academy\NODE JS\final_project_node\plantora_final_project_node_ejs\node_modules\router\lib\route.js:157:13)
    at Route.dispatch (E:\Webskitters_Academy\NODE JS\final_project_node\plantora_final_project_node_ejs\node_modules\router\lib\route.js:117:3)
    at handle (E:\Webskitters_Academy\NODE JS\final_project_node\plantora_final_project_node_ejs\node_modules\router\index.js:435:11)
    at Layer.handleRequest (E:\Webskitters_Academy\NODE JS\final_project_node\plantora_final_project_node_ejs\node_modules\router\lib\layer.js:152:17)
    at E:\Webskitters_Academy\NODE JS\final_project_node\plantora_final_project_node_ejs\node_modules\router\index.js:295:15
    at processParams (E:\Webskitters_Academy\NODE JS\final_project_node\plantora_final_project_node_ejs\node_modules\router\index.js:582:12)
2026-07-27 05:01:06 [INFO]: [0mGET /auth/forgot-password [31m500[0m 3.597 ms - 221[0m
2026-07-27 05:01:58 [ERROR]: Error: Failed to lookup view "auth/forgot-password" in views directory "E:\Webskitters_Academy\NODE JS\final_project_node\plantora_final_project_node_ejs\views"
    at app.render (E:\Webskitters_Academy\NODE JS\final_project_node\plantora_final_project_node_ejs\node_modules\express\lib\application.js:562:17)
    at ServerResponse.render (E:\Webskitters_Academy\NODE JS\final_project_node\plantora_final_project_node_ejs\node_modules\express\lib\response.js:923:7)
    at showForgotPasswordPage (E:\Webskitters_Academy\NODE JS\final_project_node\plantora_final_project_node_ejs\app\controllers\authController.js:76:18)
    at Layer.handleRequest (E:\Webskitters_Academy\NODE JS\final_project_node\plantora_final_project_node_ejs\node_modules\router\lib\layer.js:152:17)
    at next (E:\Webskitters_Academy\NODE JS\final_project_node\plantora_final_project_node_ejs\node_modules\router\lib\route.js:157:13)
    at Route.dispatch (E:\Webskitters_Academy\NODE JS\final_project_node\plantora_final_project_node_ejs\node_modules\router\lib\route.js:117:3)
    at handle (E:\Webskitters_Academy\NODE JS\final_project_node\plantora_final_project_node_ejs\node_modules\router\index.js:435:11)
    at Layer.handleRequest (E:\Webskitters_Academy\NODE JS\final_project_node\plantora_final_project_node_ejs\node_modules\router\lib\layer.js:152:17)
    at E:\Webskitters_Academy\NODE JS\final_project_node\plantora_final_project_node_ejs\node_modules\router\index.js:295:15
    at processParams (E:\Webskitters_Academy\NODE JS\final_project_node\plantora_final_project_node_ejs\node_modules\router\index.js:582:12)
2026-07-27 05:01:58 [INFO]: [0mGET /auth/forgot-password [31m500[0m 2.379 ms - 221[0m
2026-07-27 05:06:29 [INFO]: MongoDB connected successfully.
2026-07-27 05:06:32 [INFO]: Email server connected successfully.
2026-07-27 05:06:32 [INFO]: Server is running on port 5132.
2026-07-27 05:06:32 [INFO]: [0mGET /auth/forgot-password [32m200[0m 11.192 ms - -[0m
2026-07-27 05:06:32 [INFO]: [0mGET /images/logo/plantora.png [36m304[0m 0.744 ms - -[0m
2026-07-27 05:06:32 [INFO]: [0mGET /images/logo/plantora-orgn-white.png [36m304[0m 1.225 ms - -[0m
2026-07-27 05:06:32 [INFO]: [0mGET /js/header.js [36m304[0m 1.216 ms - -[0m
2026-07-27 05:06:32 [INFO]: [0mGET /js/why-choose.js [36m304[0m 1.060 ms - -[0m
2026-07-27 05:06:32 [INFO]: [0mGET /js/featured.js [36m304[0m 1.097 ms - -[0m
2026-07-27 05:06:32 [INFO]: [0mGET /js/footer.js [36m304[0m 1.397 ms - -[0m
2026-07-27 05:06:32 [INFO]: [0mGET /js/notification.js [36m304[0m 0.769 ms - -[0m
2026-07-27 05:06:32 [INFO]: [0mGET /js/auth.js [36m304[0m 0.977 ms - -[0m
2026-07-27 05:06:36 [INFO]: [0mGET /auth/forgot-password [36m304[0m 4.240 ms - -[0m
2026-07-27 05:06:36 [INFO]: [0mGET /images/logo/plantora.png [36m304[0m 0.325 ms - -[0m
2026-07-27 05:06:36 [INFO]: [0mGET /images/logo/plantora-orgn-white.png [36m304[0m 0.683 ms - -[0m
2026-07-27 05:06:36 [INFO]: [0mGET /js/header.js [36m304[0m 0.280 ms - -[0m
2026-07-27 05:06:36 [INFO]: [0mGET /js/featured.js [36m304[0m 0.613 ms - -[0m
2026-07-27 05:06:36 [INFO]: [0mGET /js/why-choose.js [36m304[0m 0.499 ms - -[0m
2026-07-27 05:06:36 [INFO]: [0mGET /js/notification.js [36m304[0m 1.222 ms - -[0m
2026-07-27 05:06:36 [INFO]: [0mGET /js/footer.js [36m304[0m 0.729 ms - -[0m
2026-07-27 05:06:36 [INFO]: [0mGET /js/auth.js [36m304[0m 0.961 ms - -[0m
2026-07-27 05:08:04 [INFO]: [0mGET /? [36m304[0m 12.728 ms - -[0m
2026-07-27 05:08:04 [INFO]: [0mGET /css/style.css [36m304[0m 0.545 ms - -[0m
2026-07-27 05:08:04 [INFO]: [0mGET /images/logo/plantora.png [36m304[0m 0.869 ms - -[0m
2026-07-27 05:08:04 [INFO]: [0mGET /images/hero/hero-placeholder.png [36m304[0m 1.377 ms - -[0m
2026-07-27 05:08:04 [INFO]: [0mGET /images/hero/monstera-plant.jpg [36m304[0m 2.742 ms - -[0m
2026-07-27 05:08:04 [INFO]: [0mGET /images/hero/snake-plant.jpg [36m304[0m 1.146 ms - -[0m
2026-07-27 05:08:04 [INFO]: [0mGET /js/featured.js [36m304[0m 0.903 ms - -[0m
2026-07-27 05:08:04 [INFO]: [0mGET /images/hero/peace-lily.jpg [36m304[0m 1.223 ms - -[0m
2026-07-27 05:08:04 [INFO]: [0mGET /js/header.js [36m304[0m 1.422 ms - -[0m
2026-07-27 05:08:04 [INFO]: [0mGET /css/variables.css [36m304[0m 0.600 ms - -[0m
2026-07-27 05:08:04 [INFO]: [0mGET /css/utilities.css [36m304[0m 0.841 ms - -[0m
2026-07-27 05:08:04 [INFO]: [0mGET /css/animations.css [36m304[0m 1.037 ms - -[0m
2026-07-27 05:08:04 [INFO]: [0mGET /css/announcement.css [36m304[0m 1.620 ms - -[0m
2026-07-27 05:08:04 [INFO]: [0mGET /css/header.css [36m304[0m 0.733 ms - -[0m
2026-07-27 05:08:04 [INFO]: [0mGET /css/hero.css [36m304[0m 1.308 ms - -[0m
2026-07-27 05:08:04 [INFO]: [0mGET /css/featured.css [36m304[0m 0.768 ms - -[0m
2026-07-27 05:08:04 [INFO]: [0mGET /css/why-choose.css [36m304[0m 0.960 ms - -[0m
2026-07-27 05:08:04 [INFO]: [0mGET /css/footer.css [36m304[0m 1.159 ms - -[0m
2026-07-27 05:08:04 [INFO]: [0mGET /css/auth.css [36m304[0m 0.904 ms - -[0m
2026-07-27 05:08:04 [INFO]: [0mGET /css/verify.css [36m304[0m 1.194 ms - -[0m
2026-07-27 05:08:04 [INFO]: [0mGET /js/why-choose.js [36m304[0m 0.613 ms - -[0m
2026-07-27 05:08:04 [INFO]: [0mGET /js/notification.js [36m304[0m 0.884 ms - -[0m
2026-07-27 05:08:04 [INFO]: [0mGET /js/footer.js [36m304[0m 1.103 ms - -[0m
2026-07-27 05:08:04 [INFO]: [0mGET /js/auth.js [36m304[0m 0.379 ms - -[0m
2026-07-27 05:08:04 [INFO]: [0mGET /images/hero/tulip-plant.jpg [36m304[0m 0.518 ms - -[0m
2026-07-27 05:08:04 [INFO]: [0mGET /images/hero/rubber-plant.jpg [36m304[0m 0.431 ms - -[0m
2026-07-27 05:08:04 [INFO]: [0mGET /images/hero/aloe-vera.jpg [36m304[0m 0.659 ms - -[0m
2026-07-27 05:08:04 [INFO]: [0mGET /images/hero/areca-palm.jpg [36m304[0m 0.860 ms - -[0m
2026-07-27 05:08:04 [INFO]: [0mGET /images/hero/jade-plant.jpg [36m304[0m 0.205 ms - -[0m
2026-07-27 05:08:04 [INFO]: [0mGET /images/hero/golden-pothos.jpg [36m304[0m 0.202 ms - -[0m
2026-07-27 05:08:04 [INFO]: [0mGET /images/hero/fiddle-leaf-fig.jpg [36m304[0m 0.330 ms - -[0m
2026-07-27 05:08:04 [INFO]: [0mGET /images/hero/why-choose.jpg [36m304[0m 0.952 ms - -[0m
2026-07-27 05:08:04 [INFO]: [0mGET /images/logo/plantora-orgn-white.png [36m304[0m 0.368 ms - -[0m
2026-07-27 05:08:07 [INFO]: [0mGET /auth/forgot-password [36m304[0m 6.655 ms - -[0m
2026-07-27 05:08:07 [INFO]: [0mGET /images/logo/plantora.png [36m304[0m 0.955 ms - -[0m
2026-07-27 05:08:07 [INFO]: [0mGET /images/logo/plantora-orgn-white.png [36m304[0m 1.887 ms - -[0m
2026-07-27 05:08:07 [INFO]: [0mGET /js/header.js [36m304[0m 1.091 ms - -[0m
2026-07-27 05:08:07 [INFO]: [0mGET /js/featured.js [36m304[0m 1.725 ms - -[0m
2026-07-27 05:08:07 [INFO]: [0mGET /js/why-choose.js [36m304[0m 0.926 ms - -[0m
2026-07-27 05:08:07 [INFO]: [0mGET /js/notification.js [36m304[0m 1.053 ms - -[0m
2026-07-27 05:08:07 [INFO]: [0mGET /js/footer.js [36m304[0m 1.276 ms - -[0m
2026-07-27 05:08:07 [INFO]: [0mGET /js/auth.js [36m304[0m 0.300 ms - -[0m
2026-07-27 05:08:09 [INFO]: [0mGET /.well-known/appspecific/com.chrome.devtools.json [33m404[0m 1.159 ms - 112[0m
2026-07-27 05:09:25 [INFO]: [0mGET /.well-known/appspecific/com.chrome.devtools.json [33m404[0m 1.242 ms - 112[0m
2026-07-27 05:11:56 [INFO]: [0mGET /.well-known/appspecific/com.chrome.devtools.json [33m404[0m 1.662 ms - 112[0m
2026-07-27 05:14:15 [INFO]: [0mGET /auth/forgot-password [32m200[0m 3.772 ms - -[0m
2026-07-27 05:14:15 [INFO]: [0mGET /images/logo/plantora-orgn-white.png [36m304[0m 0.624 ms - -[0m
2026-07-27 05:14:15 [INFO]: [0mGET /js/header.js [36m304[0m 0.281 ms - -[0m
2026-07-27 05:14:15 [INFO]: [0mGET /js/featured.js [36m304[0m 0.357 ms - -[0m
2026-07-27 05:14:15 [INFO]: [0mGET /js/why-choose.js [36m304[0m 0.551 ms - -[0m
2026-07-27 05:14:15 [INFO]: [0mGET /js/notification.js [36m304[0m 0.580 ms - -[0m
2026-07-27 05:14:15 [INFO]: [0mGET /js/footer.js [36m304[0m 1.114 ms - -[0m
2026-07-27 05:14:15 [INFO]: [0mGET /js/auth.js [36m304[0m 0.566 ms - -[0m
2026-07-27 05:14:15 [INFO]: [0mGET /.well-known/appspecific/com.chrome.devtools.json [33m404[0m 0.907 ms - 112[0m
2026-07-27 05:14:16 [INFO]: [0mGET /auth/forgot-password [36m304[0m 2.752 ms - -[0m
2026-07-27 05:14:16 [INFO]: [0mGET /images/logo/plantora-orgn-white.png [36m304[0m 0.395 ms - -[0m
2026-07-27 05:14:16 [INFO]: [0mGET /js/header.js [36m304[0m 0.611 ms - -[0m
2026-07-27 05:14:16 [INFO]: [0mGET /js/featured.js [36m304[0m 0.550 ms - -[0m
2026-07-27 05:14:16 [INFO]: [0mGET /js/why-choose.js [36m304[0m 1.130 ms - -[0m
2026-07-27 05:14:16 [INFO]: [0mGET /js/notification.js [36m304[0m 1.873 ms - -[0m
2026-07-27 05:14:16 [INFO]: [0mGET /js/footer.js [36m304[0m 2.443 ms - -[0m
2026-07-27 05:14:16 [INFO]: [0mGET /js/auth.js [36m304[0m 0.613 ms - -[0m
2026-07-27 05:14:16 [INFO]: [0mGET /.well-known/appspecific/com.chrome.devtools.json [33m404[0m 0.952 ms - 112[0m
2026-07-27 05:14:16 [INFO]: [0mGET /auth/forgot-password [36m304[0m 1.624 ms - -[0m
2026-07-27 05:14:16 [INFO]: [0mGET /images/logo/plantora-orgn-white.png [36m304[0m 0.428 ms - -[0m
2026-07-27 05:14:16 [INFO]: [0mGET /js/header.js [36m304[0m 1.010 ms - -[0m
2026-07-27 05:14:16 [INFO]: [0mGET /js/featured.js [36m304[0m 0.810 ms - -[0m
2026-07-27 05:14:16 [INFO]: [0mGET /js/why-choose.js [36m304[0m 1.019 ms - -[0m
2026-07-27 05:14:16 [INFO]: [0mGET /js/notification.js [36m304[0m 1.334 ms - -[0m
2026-07-27 05:14:16 [INFO]: [0mGET /js/footer.js [36m304[0m 1.586 ms - -[0m
2026-07-27 05:14:16 [INFO]: [0mGET /js/auth.js [36m304[0m 1.787 ms - -[0m
2026-07-27 05:14:16 [INFO]: [0mGET /.well-known/appspecific/com.chrome.devtools.json [33m404[0m 1.365 ms - 112[0m
2026-07-27 05:14:19 [INFO]: [0mGET /auth/forgot-password [36m304[0m 2.319 ms - -[0m
2026-07-27 05:14:19 [INFO]: [0mGET /images/logo/plantora-orgn-white.png [36m304[0m 0.524 ms - -[0m
2026-07-27 05:14:19 [INFO]: [0mGET /js/header.js [36m304[0m 0.258 ms - -[0m
2026-07-27 05:14:19 [INFO]: [0mGET /js/featured.js [36m304[0m 0.496 ms - -[0m
2026-07-27 05:14:19 [INFO]: [0mGET /js/why-choose.js [36m304[0m 0.589 ms - -[0m
2026-07-27 05:14:19 [INFO]: [0mGET /js/notification.js [36m304[0m 0.731 ms - -[0m
2026-07-27 05:14:19 [INFO]: [0mGET /js/footer.js [36m304[0m 0.920 ms - -[0m
2026-07-27 05:14:19 [INFO]: [0mGET /js/auth.js [36m304[0m 0.298 ms - -[0m
2026-07-27 05:14:19 [INFO]: [0mGET /auth/forgot-password [36m304[0m 2.595 ms - -[0m
2026-07-27 05:14:19 [INFO]: [0mGET /images/logo/plantora-orgn-white.png [36m304[0m 0.731 ms - -[0m
2026-07-27 05:14:19 [INFO]: [0mGET /js/header.js [36m304[0m 1.435 ms - -[0m
2026-07-27 05:14:19 [INFO]: [0mGET /js/featured.js [36m304[0m 0.697 ms - -[0m
2026-07-27 05:14:19 [INFO]: [0mGET /js/why-choose.js [36m304[0m 1.393 ms - -[0m
2026-07-27 05:14:19 [INFO]: [0mGET /js/notification.js [36m304[0m 1.913 ms - -[0m
2026-07-27 05:14:19 [INFO]: [0mGET /js/auth.js [36m304[0m 2.377 ms - -[0m
2026-07-27 05:14:19 [INFO]: [0mGET /js/footer.js [36m304[0m 2.856 ms - -[0m
2026-07-27 05:14:19 [INFO]: [0mGET /auth/forgot-password [36m304[0m 2.496 ms - -[0m
2026-07-27 05:14:19 [INFO]: [0mGET /images/logo/plantora-orgn-white.png [36m304[0m 0.734 ms - -[0m
2026-07-27 05:14:19 [INFO]: [0mGET /js/header.js [36m304[0m 1.063 ms - -[0m
2026-07-27 05:14:19 [INFO]: [0mGET /js/featured.js [36m304[0m 0.459 ms - -[0m
2026-07-27 05:14:19 [INFO]: [0mGET /js/why-choose.js [36m304[0m 1.097 ms - -[0m
2026-07-27 05:14:19 [INFO]: [0mGET /js/notification.js [36m304[0m 1.765 ms - -[0m
2026-07-27 05:14:19 [INFO]: [0mGET /js/footer.js [36m304[0m 2.509 ms - -[0m
2026-07-27 05:14:19 [INFO]: [0mGET /js/auth.js [36m304[0m 2.854 ms - -[0m
2026-07-27 05:14:22 [INFO]: [0mGET /? [36m304[0m 9.600 ms - -[0m
2026-07-27 05:14:22 [INFO]: [0mGET /css/style.css [36m304[0m 0.289 ms - -[0m
2026-07-27 05:14:22 [INFO]: [0mGET /images/logo/plantora.png [36m304[0m 0.701 ms - -[0m
2026-07-27 05:14:22 [INFO]: [0mGET /images/hero/hero-placeholder.png [36m304[0m 0.988 ms - -[0m
2026-07-27 05:14:22 [INFO]: [0mGET /images/hero/monstera-plant.jpg [36m304[0m 1.353 ms - -[0m
2026-07-27 05:14:22 [INFO]: [0mGET /images/hero/snake-plant.jpg [36m304[0m 1.635 ms - -[0m
2026-07-27 05:14:22 [INFO]: [0mGET /images/hero/peace-lily.jpg [36m304[0m 2.542 ms - -[0m
2026-07-27 05:14:22 [INFO]: [0mGET /js/header.js [36m304[0m 1.003 ms - -[0m
2026-07-27 05:14:22 [INFO]: [0mGET /js/featured.js [36m304[0m 0.369 ms - -[0m
2026-07-27 05:14:22 [INFO]: [0mGET /images/logo/plantora-orgn-white.png [36m304[0m 0.545 ms - -[0m
2026-07-27 05:14:22 [INFO]: [0mGET /js/why-choose.js [36m304[0m 0.232 ms - -[0m
2026-07-27 05:14:22 [INFO]: [0mGET /js/notification.js [36m304[0m 0.164 ms - -[0m
2026-07-27 05:14:22 [INFO]: [0mGET /css/variables.css [36m304[0m 0.513 ms - -[0m
2026-07-27 05:14:22 [INFO]: [0mGET /css/utilities.css [36m304[0m 0.694 ms - -[0m
2026-07-27 05:14:22 [INFO]: [0mGET /css/animations.css [36m304[0m 0.857 ms - -[0m
2026-07-27 05:14:22 [INFO]: [0mGET /css/announcement.css [36m304[0m 1.605 ms - -[0m
2026-07-27 05:14:22 [INFO]: [0mGET /css/header.css [36m304[0m 0.778 ms - -[0m
2026-07-27 05:14:22 [INFO]: [0mGET /css/hero.css [36m304[0m 1.220 ms - -[0m
2026-07-27 05:14:22 [INFO]: [0mGET /css/featured.css [36m304[0m 0.686 ms - -[0m
2026-07-27 05:14:22 [INFO]: [0mGET /css/why-choose.css [36m304[0m 0.792 ms - -[0m
2026-07-27 05:14:22 [INFO]: [0mGET /css/footer.css [36m304[0m 1.187 ms - -[0m
2026-07-27 05:14:22 [INFO]: [0mGET /css/auth.css [36m304[0m 0.517 ms - -[0m
2026-07-27 05:14:22 [INFO]: [0mGET /css/verify.css [36m304[0m 1.355 ms - -[0m
2026-07-27 05:14:22 [INFO]: [0mGET /js/footer.js [36m304[0m 0.859 ms - -[0m
2026-07-27 05:14:22 [INFO]: [0mGET /js/auth.js [36m304[0m 0.605 ms - -[0m
2026-07-27 05:14:22 [INFO]: [0mGET /images/hero/tulip-plant.jpg [36m304[0m 0.751 ms - -[0m
2026-07-27 05:14:22 [INFO]: [0mGET /images/hero/rubber-plant.jpg [36m304[0m 1.260 ms - -[0m
2026-07-27 05:14:22 [INFO]: [0mGET /images/hero/aloe-vera.jpg [36m304[0m 0.592 ms - -[0m
2026-07-27 05:14:22 [INFO]: [0mGET /images/hero/areca-palm.jpg [36m304[0m 0.339 ms - -[0m
2026-07-27 05:14:22 [INFO]: [0mGET /images/hero/jade-plant.jpg [36m304[0m 0.468 ms - -[0m
2026-07-27 05:14:22 [INFO]: [0mGET /images/hero/golden-pothos.jpg [36m304[0m 0.184 ms - -[0m
2026-07-27 05:14:22 [INFO]: [0mGET /images/hero/fiddle-leaf-fig.jpg [36m304[0m 0.196 ms - -[0m
2026-07-27 05:14:22 [INFO]: [0mGET /images/hero/why-choose.jpg [36m304[0m 0.303 ms - -[0m
2026-07-27 05:14:24 [INFO]: [0mGET /auth/forgot-password [36m304[0m 3.122 ms - -[0m
2026-07-27 05:14:24 [INFO]: [0mGET /images/logo/plantora-orgn-white.png [36m304[0m 0.335 ms - -[0m
2026-07-27 05:14:24 [INFO]: [0mGET /js/header.js [36m304[0m 0.638 ms - -[0m
2026-07-27 05:14:24 [INFO]: [0mGET /js/featured.js [36m304[0m 0.473 ms - -[0m
2026-07-27 05:14:24 [INFO]: [0mGET /js/why-choose.js [36m304[0m 0.719 ms - -[0m
2026-07-27 05:14:24 [INFO]: [0mGET /js/notification.js [36m304[0m 1.018 ms - -[0m
2026-07-27 05:14:24 [INFO]: [0mGET /js/footer.js [36m304[0m 1.565 ms - -[0m
2026-07-27 05:14:24 [INFO]: [0mGET /js/auth.js [36m304[0m 0.530 ms - -[0m
2026-07-27 05:16:58 [INFO]: [0mGET /? [36m304[0m 10.226 ms - -[0m
2026-07-27 05:16:58 [INFO]: [0mGET /css/style.css [36m304[0m 0.357 ms - -[0m
2026-07-27 05:16:58 [INFO]: [0mGET /images/logo/plantora.png [36m304[0m 0.333 ms - -[0m
2026-07-27 05:16:58 [INFO]: [0mGET /images/hero/hero-placeholder.png [36m304[0m 1.375 ms - -[0m
2026-07-27 05:16:58 [INFO]: [0mGET /images/hero/monstera-plant.jpg [36m304[0m 1.669 ms - -[0m
2026-07-27 05:16:58 [INFO]: [0mGET /images/hero/snake-plant.jpg [36m304[0m 1.485 ms - -[0m
2026-07-27 05:16:58 [INFO]: [0mGET /images/hero/peace-lily.jpg [36m304[0m 0.949 ms - -[0m
2026-07-27 05:16:58 [INFO]: [0mGET /js/header.js [36m304[0m 1.209 ms - -[0m
2026-07-27 05:16:58 [INFO]: [0mGET /js/featured.js [36m304[0m 2.362 ms - -[0m
2026-07-27 05:16:58 [INFO]: [0mGET /js/why-choose.js [36m304[0m 1.512 ms - -[0m
2026-07-27 05:16:58 [INFO]: [0mGET /js/notification.js [36m304[0m 1.572 ms - -[0m
2026-07-27 05:16:58 [INFO]: [0mGET /css/variables.css [36m304[0m 1.802 ms - -[0m
2026-07-27 05:16:58 [INFO]: [0mGET /css/utilities.css [36m304[0m 0.403 ms - -[0m
2026-07-27 05:16:58 [INFO]: [0mGET /css/animations.css [36m304[0m 0.641 ms - -[0m
2026-07-27 05:16:58 [INFO]: [0mGET /css/announcement.css [36m304[0m 1.278 ms - -[0m
2026-07-27 05:16:58 [INFO]: [0mGET /css/header.css [36m304[0m 0.744 ms - -[0m
2026-07-27 05:16:58 [INFO]: [0mGET /css/hero.css [36m304[0m 0.901 ms - -[0m
2026-07-27 05:16:58 [INFO]: [0mGET /css/featured.css [36m304[0m 1.249 ms - -[0m
2026-07-27 05:16:58 [INFO]: [0mGET /css/why-choose.css [36m304[0m 0.879 ms - -[0m
2026-07-27 05:16:58 [INFO]: [0mGET /css/footer.css [36m304[0m 0.512 ms - -[0m
2026-07-27 05:16:58 [INFO]: [0mGET /css/auth.css [36m304[0m 0.818 ms - -[0m
2026-07-27 05:16:58 [INFO]: [0mGET /css/verify.css [36m304[0m 0.885 ms - -[0m
2026-07-27 05:16:58 [INFO]: [0mGET /js/footer.js [36m304[0m 1.186 ms - -[0m
2026-07-27 05:16:58 [INFO]: [0mGET /js/auth.js [36m304[0m 2.412 ms - -[0m
2026-07-27 05:16:58 [INFO]: [0mGET /images/hero/tulip-plant.jpg [36m304[0m 1.522 ms - -[0m
2026-07-27 05:16:58 [INFO]: [0mGET /images/hero/rubber-plant.jpg [36m304[0m 1.588 ms - -[0m
2026-07-27 05:16:58 [INFO]: [0mGET /images/hero/aloe-vera.jpg [36m304[0m 2.347 ms - -[0m
2026-07-27 05:16:58 [INFO]: [0mGET /images/hero/areca-palm.jpg [36m304[0m 1.003 ms - -[0m
2026-07-27 05:16:58 [INFO]: [0mGET /images/hero/jade-plant.jpg [36m304[0m 1.929 ms - -[0m
2026-07-27 05:16:58 [INFO]: [0mGET /images/hero/golden-pothos.jpg [36m304[0m 1.211 ms - -[0m
2026-07-27 05:16:58 [INFO]: [0mGET /images/hero/fiddle-leaf-fig.jpg [36m304[0m 1.443 ms - -[0m
2026-07-27 05:16:58 [INFO]: [0mGET /images/hero/why-choose.jpg [36m304[0m 1.807 ms - -[0m
2026-07-27 05:16:58 [INFO]: [0mGET /images/logo/plantora-orgn-white.png [36m304[0m 0.983 ms - -[0m
2026-07-27 05:16:59 [INFO]: [0mGET /auth/forgot-password [32m200[0m 5.012 ms - -[0m
2026-07-27 05:16:59 [INFO]: [0mGET /css/style.css [36m304[0m 0.322 ms - -[0m
2026-07-27 05:16:59 [INFO]: [0mGET /images/logo/plantora.png [36m304[0m 0.445 ms - -[0m
2026-07-27 05:16:59 [INFO]: [0mGET /images/logo/plantora-orgn-white.png [36m304[0m 1.011 ms - -[0m
2026-07-27 05:16:59 [INFO]: [0mGET /js/header.js [36m304[0m 0.902 ms - -[0m
2026-07-27 05:16:59 [INFO]: [0mGET /js/featured.js [36m304[0m 1.113 ms - -[0m
2026-07-27 05:16:59 [INFO]: [0mGET /js/why-choose.js [36m304[0m 1.594 ms - -[0m
2026-07-27 05:16:59 [INFO]: [0mGET /js/notification.js [36m304[0m 0.697 ms - -[0m
2026-07-27 05:16:59 [INFO]: [0mGET /js/footer.js [36m304[0m 1.083 ms - -[0m
2026-07-27 05:16:59 [INFO]: [0mGET /js/auth.js [36m304[0m 0.473 ms - -[0m
2026-07-27 05:16:59 [INFO]: [0mGET /css/variables.css [36m304[0m 0.493 ms - -[0m
2026-07-27 05:16:59 [INFO]: [0mGET /css/utilities.css [36m304[0m 0.764 ms - -[0m
2026-07-27 05:16:59 [INFO]: [0mGET /css/animations.css [36m304[0m 0.996 ms - -[0m
2026-07-27 05:16:59 [INFO]: [0mGET /css/announcement.css [36m304[0m 1.154 ms - -[0m
2026-07-27 05:16:59 [INFO]: [0mGET /css/header.css [36m304[0m 0.313 ms - -[0m
2026-07-27 05:16:59 [INFO]: [0mGET /css/hero.css [36m304[0m 1.308 ms - -[0m
2026-07-27 05:16:59 [INFO]: [0mGET /css/featured.css [36m304[0m 1.193 ms - -[0m
2026-07-27 05:16:59 [INFO]: [0mGET /css/why-choose.css [36m304[0m 1.387 ms - -[0m
2026-07-27 05:16:59 [INFO]: [0mGET /css/footer.css [36m304[0m 1.603 ms - -[0m
2026-07-27 05:16:59 [INFO]: [0mGET /css/auth.css [36m304[0m 1.811 ms - -[0m
2026-07-27 05:16:59 [INFO]: [0mGET /css/verify.css [36m304[0m 0.194 ms - -[0m
2026-07-27 05:17:05 [INFO]: [0mGET / [32m200[0m 8.622 ms - -[0m
2026-07-27 05:17:05 [INFO]: [0mGET /css/style.css [36m304[0m 0.912 ms - -[0m
2026-07-27 05:17:05 [INFO]: [0mGET /images/logo/plantora.png [36m304[0m 1.012 ms - -[0m
2026-07-27 05:17:05 [INFO]: [0mGET /images/hero/hero-placeholder.png [36m304[0m 1.321 ms - -[0m
2026-07-27 05:17:05 [INFO]: [0mGET /js/header.js [36m304[0m 1.128 ms - -[0m
2026-07-27 05:17:05 [INFO]: [0mGET /images/hero/monstera-plant.jpg [36m304[0m 1.687 ms - -[0m
2026-07-27 05:17:05 [INFO]: [0mGET /images/hero/snake-plant.jpg [36m304[0m 2.143 ms - -[0m
2026-07-27 05:17:05 [INFO]: [0mGET /images/hero/peace-lily.jpg [36m304[0m 2.538 ms - -[0m
2026-07-27 05:17:05 [INFO]: [0mGET /js/featured.js [36m304[0m 3.368 ms - -[0m
2026-07-27 05:17:05 [INFO]: [0mGET /js/why-choose.js [36m304[0m 1.161 ms - -[0m
2026-07-27 05:17:05 [INFO]: [0mGET /css/variables.css [36m304[0m 1.043 ms - -[0m
2026-07-27 05:17:05 [INFO]: [0mGET /css/utilities.css [36m304[0m 1.485 ms - -[0m
2026-07-27 05:17:05 [INFO]: [0mGET /css/animations.css [36m304[0m 1.995 ms - -[0m
2026-07-27 05:17:05 [INFO]: [0mGET /css/announcement.css [36m304[0m 2.827 ms - -[0m
2026-07-27 05:17:05 [INFO]: [0mGET /css/header.css [36m304[0m 0.612 ms - -[0m
2026-07-27 05:17:05 [INFO]: [0mGET /css/hero.css [36m304[0m 0.916 ms - -[0m
2026-07-27 05:17:05 [INFO]: [0mGET /css/featured.css [36m304[0m 1.108 ms - -[0m
2026-07-27 05:17:05 [INFO]: [0mGET /css/why-choose.css [36m304[0m 0.927 ms - -[0m
2026-07-27 05:17:05 [INFO]: [0mGET /css/footer.css [36m304[0m 1.443 ms - -[0m
2026-07-27 05:17:05 [INFO]: [0mGET /css/auth.css [36m304[0m 0.698 ms - -[0m
2026-07-27 05:17:05 [INFO]: [0mGET /css/verify.css [36m304[0m 0.907 ms - -[0m
2026-07-27 05:17:05 [INFO]: [0mGET /js/notification.js [36m304[0m 0.474 ms - -[0m
2026-07-27 05:17:05 [INFO]: [0mGET /js/footer.js [36m304[0m 0.567 ms - -[0m
2026-07-27 05:17:05 [INFO]: [0mGET /js/auth.js [36m304[0m 1.218 ms - -[0m
2026-07-27 05:17:05 [INFO]: [0mGET /images/hero/tulip-plant.jpg [36m304[0m 0.778 ms - -[0m
2026-07-27 05:17:05 [INFO]: [0mGET /images/hero/rubber-plant.jpg [36m304[0m 0.861 ms - -[0m
2026-07-27 05:17:05 [INFO]: [0mGET /images/hero/aloe-vera.jpg [36m304[0m 0.978 ms - -[0m
2026-07-27 05:17:05 [INFO]: [0mGET /images/hero/areca-palm.jpg [36m304[0m 0.285 ms - -[0m
2026-07-27 05:17:05 [INFO]: [0mGET /images/hero/jade-plant.jpg [36m304[0m 0.389 ms - -[0m
2026-07-27 05:17:05 [INFO]: [0mGET /images/hero/golden-pothos.jpg [36m304[0m 0.963 ms - -[0m
2026-07-27 05:17:05 [INFO]: [0mGET /images/hero/fiddle-leaf-fig.jpg [36m304[0m 1.107 ms - -[0m
2026-07-27 05:17:05 [INFO]: [0mGET /images/hero/why-choose.jpg [36m304[0m 0.892 ms - -[0m
2026-07-27 05:17:05 [INFO]: [0mGET /images/logo/plantora-orgn-white.png [36m304[0m 1.053 ms - -[0m
2026-07-27 05:17:10 [INFO]: [0mGET /auth/forgot-password [36m304[0m 6.479 ms - -[0m
2026-07-27 05:17:10 [INFO]: [0mGET /css/style.css [36m304[0m 1.027 ms - -[0m
2026-07-27 05:17:10 [INFO]: [0mGET /images/logo/plantora.png [36m304[0m 1.547 ms - -[0m
2026-07-27 05:17:10 [INFO]: [0mGET /images/logo/plantora-orgn-white.png [36m304[0m 2.042 ms - -[0m
2026-07-27 05:17:10 [INFO]: [0mGET /js/header.js [36m304[0m 1.774 ms - -[0m
2026-07-27 05:17:10 [INFO]: [0mGET /js/featured.js [36m304[0m 2.027 ms - -[0m
2026-07-27 05:17:10 [INFO]: [0mGET /js/why-choose.js [36m304[0m 2.561 ms - -[0m
2026-07-27 05:17:10 [INFO]: [0mGET /js/notification.js [36m304[0m 2.920 ms - -[0m
2026-07-27 05:17:10 [INFO]: [0mGET /js/footer.js [36m304[0m 3.315 ms - -[0m
2026-07-27 05:17:10 [INFO]: [0mGET /js/auth.js [36m304[0m 3.633 ms - -[0m
2026-07-27 05:17:10 [INFO]: [0mGET /css/variables.css [36m304[0m 1.536 ms - -[0m
2026-07-27 05:17:10 [INFO]: [0mGET /css/utilities.css [36m304[0m 2.055 ms - -[0m
2026-07-27 05:17:10 [INFO]: [0mGET /css/animations.css [36m304[0m 2.542 ms - -[0m
2026-07-27 05:17:10 [INFO]: [0mGET /css/announcement.css [36m304[0m 2.278 ms - -[0m
2026-07-27 05:17:10 [INFO]: [0mGET /css/header.css [36m304[0m 2.831 ms - -[0m
2026-07-27 05:17:10 [INFO]: [0mGET /css/hero.css [36m304[0m 1.451 ms - -[0m
2026-07-27 05:17:10 [INFO]: [0mGET /css/featured.css [36m304[0m 1.178 ms - -[0m
2026-07-27 05:17:10 [INFO]: [0mGET /css/why-choose.css [36m304[0m 1.443 ms - -[0m
2026-07-27 05:17:10 [INFO]: [0mGET /css/footer.css [36m304[0m 1.652 ms - -[0m
2026-07-27 05:17:10 [INFO]: [0mGET /css/auth.css [36m304[0m 1.827 ms - -[0m
2026-07-27 05:17:10 [INFO]: [0mGET /css/verify.css [36m304[0m 0.211 ms - -[0m
2026-07-27 05:17:32 [INFO]: [0mGET /auth/forgot-password?email=customer_0001%40yopmail.com [32m200[0m 6.811 ms - -[0m
2026-07-27 05:17:32 [INFO]: [0mGET /css/style.css [36m304[0m 0.606 ms - -[0m
2026-07-27 05:17:32 [INFO]: [0mGET /images/logo/plantora.png [36m304[0m 0.813 ms - -[0m
2026-07-27 05:17:32 [INFO]: [0mGET /images/logo/plantora-orgn-white.png [36m304[0m 1.116 ms - -[0m
2026-07-27 05:17:32 [INFO]: [0mGET /js/header.js [36m304[0m 1.140 ms - -[0m
2026-07-27 05:17:32 [INFO]: [0mGET /js/footer.js [36m304[0m 0.816 ms - -[0m
2026-07-27 05:17:32 [INFO]: [0mGET /js/featured.js [36m304[0m 1.096 ms - -[0m
2026-07-27 05:17:32 [INFO]: [0mGET /js/why-choose.js [36m304[0m 1.602 ms - -[0m
2026-07-27 05:17:32 [INFO]: [0mGET /js/notification.js [36m304[0m 2.179 ms - -[0m
2026-07-27 05:17:32 [INFO]: [0mGET /js/auth.js [36m304[0m 0.711 ms - -[0m
2026-07-27 05:17:32 [INFO]: [0mGET /css/variables.css [36m304[0m 1.461 ms - -[0m
2026-07-27 05:17:32 [INFO]: [0mGET /css/utilities.css [36m304[0m 0.989 ms - -[0m
2026-07-27 05:17:32 [INFO]: [0mGET /css/animations.css [36m304[0m 1.158 ms - -[0m
2026-07-27 05:17:32 [INFO]: [0mGET /css/announcement.css [36m304[0m 2.066 ms - -[0m
2026-07-27 05:17:32 [INFO]: [0mGET /css/header.css [36m304[0m 1.066 ms - -[0m
2026-07-27 05:17:32 [INFO]: [0mGET /css/hero.css [36m304[0m 1.178 ms - -[0m
2026-07-27 05:17:32 [INFO]: [0mGET /css/featured.css [36m304[0m 0.962 ms - -[0m
2026-07-27 05:17:32 [INFO]: [0mGET /css/why-choose.css [36m304[0m 1.364 ms - -[0m
2026-07-27 05:17:32 [INFO]: [0mGET /css/footer.css [36m304[0m 1.945 ms - -[0m
2026-07-27 05:17:32 [INFO]: [0mGET /css/auth.css [36m304[0m 2.009 ms - -[0m
2026-07-27 05:17:32 [INFO]: [0mGET /css/verify.css [36m304[0m 1.177 ms - -[0m
2026-07-27 05:21:38 [INFO]: MongoDB connected successfully.
2026-07-27 05:21:41 [INFO]: Email server connected successfully.
2026-07-27 05:21:41 [INFO]: Server is running on port 5132.
2026-07-27 05:22:07 [INFO]: MongoDB connected successfully.
2026-07-27 05:22:10 [INFO]: Email server connected successfully.
2026-07-27 05:22:10 [INFO]: Server is running on port 5132.
2026-07-27 05:22:10 [INFO]: [0mGET /auth/forgot-password?email=customer_0001%40yopmail.com [36m304[0m 7.774 ms - -[0m
2026-07-27 05:22:10 [INFO]: [0mGET /css/style.css [36m304[0m 3.083 ms - -[0m
2026-07-27 05:22:10 [INFO]: [0mGET /images/logo/plantora.png [36m304[0m 3.246 ms - -[0m
2026-07-27 05:22:10 [INFO]: [0mGET /images/logo/plantora-orgn-white.png [36m304[0m 4.122 ms - -[0m
2026-07-27 05:22:10 [INFO]: [0mGET /js/header.js [36m304[0m 0.790 ms - -[0m
2026-07-27 05:22:10 [INFO]: [0mGET /css/variables.css [36m304[0m 1.280 ms - -[0m
2026-07-27 05:22:10 [INFO]: [0mGET /css/utilities.css [36m304[0m 2.215 ms - -[0m
2026-07-27 05:22:10 [INFO]: [0mGET /css/animations.css [36m304[0m 2.149 ms - -[0m
2026-07-27 05:22:10 [INFO]: [0mGET /css/announcement.css [36m304[0m 2.397 ms - -[0m
2026-07-27 05:22:10 [INFO]: [0mGET /css/header.css [36m304[0m 2.425 ms - -[0m
2026-07-27 05:22:10 [INFO]: [0mGET /css/hero.css [36m304[0m 1.304 ms - -[0m
2026-07-27 05:22:10 [INFO]: [0mGET /css/featured.css [36m304[0m 1.759 ms - -[0m
2026-07-27 05:22:10 [INFO]: [0mGET /css/why-choose.css [36m304[0m 2.147 ms - -[0m
2026-07-27 05:22:10 [INFO]: [0mGET /css/footer.css [36m304[0m 0.421 ms - -[0m
2026-07-27 05:22:10 [INFO]: [0mGET /css/auth.css [36m304[0m 0.749 ms - -[0m
2026-07-27 05:22:10 [INFO]: [0mGET /css/verify.css [36m304[0m 1.136 ms - -[0m
2026-07-27 05:22:10 [INFO]: [0mGET /js/featured.js [36m304[0m 0.673 ms - -[0m
2026-07-27 05:22:10 [INFO]: [0mGET /js/why-choose.js [36m304[0m 0.960 ms - -[0m
2026-07-27 05:22:10 [INFO]: [0mGET /js/notification.js [36m304[0m 0.325 ms - -[0m
2026-07-27 05:22:10 [INFO]: [0mGET /js/footer.js [36m304[0m 0.343 ms - -[0m
2026-07-27 05:22:10 [INFO]: [0mGET /js/auth.js [36m304[0m 0.597 ms - -[0m
2026-07-27 05:22:50 [INFO]: [0mGET /auth/forgot-password?email=customer_0001%40yopmail.com [36m304[0m 11.568 ms - -[0m
2026-07-27 05:22:50 [INFO]: [0mGET /css/style.css [36m304[0m 0.608 ms - -[0m
2026-07-27 05:22:50 [INFO]: [0mGET /images/logo/plantora.png [36m304[0m 0.868 ms - -[0m
2026-07-27 05:22:50 [INFO]: [0mGET /images/logo/plantora-orgn-white.png [36m304[0m 2.394 ms - -[0m
2026-07-27 05:22:50 [INFO]: [0mGET /js/header.js [36m304[0m 1.642 ms - -[0m
2026-07-27 05:22:50 [INFO]: [0mGET /js/footer.js [36m304[0m 1.020 ms - -[0m
2026-07-27 05:22:50 [INFO]: [0mGET /js/featured.js [36m304[0m 1.373 ms - -[0m
2026-07-27 05:22:50 [INFO]: [0mGET /js/why-choose.js [36m304[0m 1.717 ms - -[0m
2026-07-27 05:22:50 [INFO]: [0mGET /js/notification.js [36m304[0m 2.205 ms - -[0m
2026-07-27 05:22:50 [INFO]: [0mGET /js/auth.js [36m304[0m 0.938 ms - -[0m
2026-07-27 05:22:50 [INFO]: [0mGET /css/variables.css [36m304[0m 1.371 ms - -[0m
2026-07-27 05:22:50 [INFO]: [0mGET /css/utilities.css [36m304[0m 0.671 ms - -[0m
2026-07-27 05:22:50 [INFO]: [0mGET /css/animations.css [36m304[0m 0.986 ms - -[0m
2026-07-27 05:22:50 [INFO]: [0mGET /css/announcement.css [36m304[0m 1.559 ms - -[0m
2026-07-27 05:22:50 [INFO]: [0mGET /css/header.css [36m304[0m 0.634 ms - -[0m
2026-07-27 05:22:50 [INFO]: [0mGET /css/hero.css [36m304[0m 1.260 ms - -[0m
2026-07-27 05:22:50 [INFO]: [0mGET /css/featured.css [36m304[0m 0.711 ms - -[0m
2026-07-27 05:22:50 [INFO]: [0mGET /css/why-choose.css [36m304[0m 0.841 ms - -[0m
2026-07-27 05:22:50 [INFO]: [0mGET /css/footer.css [36m304[0m 1.729 ms - -[0m
2026-07-27 05:22:50 [INFO]: [0mGET /css/auth.css [36m304[0m 1.047 ms - -[0m
2026-07-27 05:22:50 [INFO]: [0mGET /css/verify.css [36m304[0m 0.955 ms - -[0m
2026-07-27 05:23:09 [INFO]: [0mGET /auth/forgot-password?email= [32m200[0m 10.188 ms - -[0m
2026-07-27 05:23:09 [INFO]: [0mGET /css/style.css [36m304[0m 0.779 ms - -[0m
2026-07-27 05:23:09 [INFO]: [0mGET /images/logo/plantora.png [36m304[0m 1.201 ms - -[0m
2026-07-27 05:23:09 [INFO]: [0mGET /images/logo/plantora-orgn-white.png [36m304[0m 1.854 ms - -[0m
2026-07-27 05:23:09 [INFO]: [0mGET /js/header.js [36m304[0m 2.838 ms - -[0m
2026-07-27 05:23:09 [INFO]: [0mGET /js/why-choose.js [36m304[0m 2.848 ms - -[0m
2026-07-27 05:23:09 [INFO]: [0mGET /js/featured.js [36m304[0m 2.774 ms - -[0m
2026-07-27 05:23:09 [INFO]: [0mGET /js/notification.js [36m304[0m 2.331 ms - -[0m
2026-07-27 05:23:09 [INFO]: [0mGET /js/auth.js [36m304[0m 2.490 ms - -[0m
2026-07-27 05:23:09 [INFO]: [0mGET /js/footer.js [36m304[0m 3.359 ms - -[0m
2026-07-27 05:23:09 [INFO]: [0mGET /css/variables.css [36m304[0m 0.812 ms - -[0m
2026-07-27 05:23:09 [INFO]: [0mGET /css/utilities.css [36m304[0m 1.096 ms - -[0m
2026-07-27 05:23:09 [INFO]: [0mGET /css/animations.css [36m304[0m 1.390 ms - -[0m
2026-07-27 05:23:09 [INFO]: [0mGET /css/announcement.css [36m304[0m 1.577 ms - -[0m
2026-07-27 05:23:09 [INFO]: [0mGET /css/header.css [36m304[0m 1.799 ms - -[0m
2026-07-27 05:23:09 [INFO]: [0mGET /css/hero.css [36m304[0m 1.976 ms - -[0m
2026-07-27 05:23:09 [INFO]: [0mGET /css/featured.css [36m304[0m 0.738 ms - -[0m
2026-07-27 05:23:09 [INFO]: [0mGET /css/why-choose.css [36m304[0m 0.910 ms - -[0m
2026-07-27 05:23:09 [INFO]: [0mGET /css/footer.css [36m304[0m 1.069 ms - -[0m
2026-07-27 05:23:09 [INFO]: [0mGET /css/auth.css [36m304[0m 1.242 ms - -[0m
2026-07-27 05:23:09 [INFO]: [0mGET /css/verify.css [36m304[0m 1.359 ms - -[0m
2026-07-27 05:23:10 [INFO]: [0mGET /auth/forgot-password?email= [36m304[0m 6.932 ms - -[0m
2026-07-27 05:23:10 [INFO]: [0mGET /css/style.css [36m304[0m 1.065 ms - -[0m
2026-07-27 05:23:10 [INFO]: [0mGET /images/logo/plantora.png [36m304[0m 1.443 ms - -[0m
2026-07-27 05:23:10 [INFO]: [0mGET /images/logo/plantora-orgn-white.png [36m304[0m 4.060 ms - -[0m
2026-07-27 05:23:10 [INFO]: [0mGET /js/header.js [36m304[0m 1.420 ms - -[0m
2026-07-27 05:23:10 [INFO]: [0mGET /js/featured.js [36m304[0m 1.463 ms - -[0m
2026-07-27 05:23:10 [INFO]: [0mGET /js/why-choose.js [36m304[0m 2.299 ms - -[0m
2026-07-27 05:23:10 [INFO]: [0mGET /js/notification.js [36m304[0m 1.497 ms - -[0m
2026-07-27 05:23:10 [INFO]: [0mGET /js/footer.js [36m304[0m 2.381 ms - -[0m
2026-07-27 05:23:10 [INFO]: [0mGET /css/variables.css [36m304[0m 1.182 ms - -[0m
2026-07-27 05:23:10 [INFO]: [0mGET /css/utilities.css [36m304[0m 1.503 ms - -[0m
2026-07-27 05:23:10 [INFO]: [0mGET /css/animations.css [36m304[0m 1.668 ms - -[0m
2026-07-27 05:23:10 [INFO]: [0mGET /css/announcement.css [36m304[0m 0.374 ms - -[0m
2026-07-27 05:23:10 [INFO]: [0mGET /css/header.css [36m304[0m 0.610 ms - -[0m
2026-07-27 05:23:10 [INFO]: [0mGET /css/hero.css [36m304[0m 1.109 ms - -[0m
2026-07-27 05:23:10 [INFO]: [0mGET /css/featured.css [36m304[0m 0.844 ms - -[0m
2026-07-27 05:23:10 [INFO]: [0mGET /css/why-choose.css [36m304[0m 1.104 ms - -[0m
2026-07-27 05:23:10 [INFO]: [0mGET /css/footer.css [36m304[0m 1.834 ms - -[0m
2026-07-27 05:23:10 [INFO]: [0mGET /css/auth.css [36m304[0m 0.894 ms - -[0m
2026-07-27 05:23:10 [INFO]: [0mGET /css/verify.css [36m304[0m 1.207 ms - -[0m
2026-07-27 05:23:10 [INFO]: [0mGET /js/auth.js [36m304[0m 0.728 ms - -[0m
2026-07-27 05:23:10 [INFO]: [0mGET /auth/forgot-password?email= [36m304[0m 5.968 ms - -[0m
2026-07-27 05:23:10 [INFO]: [0mGET /css/style.css [36m304[0m 1.089 ms - -[0m
2026-07-27 05:23:10 [INFO]: [0mGET /images/logo/plantora.png [36m304[0m 1.460 ms - -[0m
2026-07-27 05:23:10 [INFO]: [0mGET /images/logo/plantora-orgn-white.png [36m304[0m 1.737 ms - -[0m
2026-07-27 05:23:10 [INFO]: [0mGET /js/header.js [36m304[0m 0.829 ms - -[0m
2026-07-27 05:23:10 [INFO]: [0mGET /js/featured.js [36m304[0m 1.100 ms - -[0m
2026-07-27 05:23:10 [INFO]: [0mGET /js/why-choose.js [36m304[0m 1.442 ms - -[0m
2026-07-27 05:23:10 [INFO]: [0mGET /js/notification.js [36m304[0m 1.616 ms - -[0m
2026-07-27 05:23:10 [INFO]: [0mGET /css/variables.css [36m304[0m 1.796 ms - -[0m
2026-07-27 05:23:10 [INFO]: [0mGET /css/utilities.css [36m304[0m 2.001 ms - -[0m
2026-07-27 05:23:10 [INFO]: [0mGET /css/animations.css [36m304[0m 0.695 ms - -[0m
2026-07-27 05:23:10 [INFO]: [0mGET /css/announcement.css [36m304[0m 0.870 ms - -[0m
2026-07-27 05:23:10 [INFO]: [0mGET /css/header.css [36m304[0m 1.225 ms - -[0m
2026-07-27 05:23:10 [INFO]: [0mGET /css/hero.css [36m304[0m 1.442 ms - -[0m
2026-07-27 05:23:10 [INFO]: [0mGET /css/featured.css [36m304[0m 1.714 ms - -[0m
2026-07-27 05:23:10 [INFO]: [0mGET /css/why-choose.css [36m304[0m 1.910 ms - -[0m
2026-07-27 05:23:10 [INFO]: [0mGET /css/footer.css [36m304[0m 0.680 ms - -[0m
2026-07-27 05:23:10 [INFO]: [0mGET /css/auth.css [36m304[0m 0.944 ms - -[0m
2026-07-27 05:23:10 [INFO]: [0mGET /css/verify.css [36m304[0m 1.147 ms - -[0m
2026-07-27 05:23:10 [INFO]: [0mGET /js/footer.js [36m304[0m 1.313 ms - -[0m
2026-07-27 05:23:10 [INFO]: [0mGET /js/auth.js [36m304[0m 1.419 ms - -[0m
2026-07-27 05:32:22 [INFO]: [0mGET / [36m304[0m 11.032 ms - -[0m
2026-07-27 05:32:22 [INFO]: [0mGET /css/style.css [36m304[0m 0.278 ms - -[0m
2026-07-27 05:32:22 [INFO]: [0mGET /images/logo/plantora.png [36m304[0m 0.176 ms - -[0m
2026-07-27 05:32:22 [INFO]: [0mGET /images/hero/hero-placeholder.png [36m304[0m 0.449 ms - -[0m
2026-07-27 05:32:22 [INFO]: [0mGET /images/hero/monstera-plant.jpg [36m304[0m 0.817 ms - -[0m
2026-07-27 05:32:22 [INFO]: [0mGET /images/hero/snake-plant.jpg [36m304[0m 0.735 ms - -[0m
2026-07-27 05:32:22 [INFO]: [0mGET /images/hero/peace-lily.jpg [36m304[0m 1.831 ms - -[0m
2026-07-27 05:32:22 [INFO]: [0mGET /js/header.js [36m304[0m 0.749 ms - -[0m
2026-07-27 05:32:22 [INFO]: [0mGET /js/featured.js [36m304[0m 0.321 ms - -[0m
2026-07-27 05:32:22 [INFO]: [0mGET /js/why-choose.js [36m304[0m 0.217 ms - -[0m
2026-07-27 05:32:22 [INFO]: [0mGET /css/variables.css [36m304[0m 0.392 ms - -[0m
2026-07-27 05:32:22 [INFO]: [0mGET /css/utilities.css [36m304[0m 1.185 ms - -[0m
2026-07-27 05:32:22 [INFO]: [0mGET /css/animations.css [36m304[0m 1.453 ms - -[0m
2026-07-27 05:32:22 [INFO]: [0mGET /css/announcement.css [36m304[0m 1.164 ms - -[0m
2026-07-27 05:32:22 [INFO]: [0mGET /css/header.css [36m304[0m 1.702 ms - -[0m
2026-07-27 05:32:22 [INFO]: [0mGET /css/featured.css [36m304[0m 0.658 ms - -[0m
2026-07-27 05:32:22 [INFO]: [0mGET /css/hero.css [36m304[0m 1.224 ms - -[0m
2026-07-27 05:32:22 [INFO]: [0mGET /css/why-choose.css [36m304[0m 0.752 ms - -[0m
2026-07-27 05:32:22 [INFO]: [0mGET /css/footer.css [36m304[0m 0.926 ms - -[0m
2026-07-27 05:32:22 [INFO]: [0mGET /css/auth.css [36m304[0m 1.122 ms - -[0m
2026-07-27 05:32:22 [INFO]: [0mGET /css/verify.css [36m304[0m 1.159 ms - -[0m
2026-07-27 05:32:22 [INFO]: [0mGET /js/notification.js [36m304[0m 0.960 ms - -[0m
2026-07-27 05:32:22 [INFO]: [0mGET /js/footer.js [36m304[0m 1.103 ms - -[0m
2026-07-27 05:32:22 [INFO]: [0mGET /js/auth.js [36m304[0m 1.224 ms - -[0m
2026-07-27 05:32:22 [INFO]: [0mGET /images/hero/tulip-plant.jpg [36m304[0m 1.440 ms - -[0m
2026-07-27 05:32:22 [INFO]: [0mGET /images/hero/rubber-plant.jpg [36m304[0m 0.549 ms - -[0m
2026-07-27 05:32:22 [INFO]: [0mGET /images/hero/aloe-vera.jpg [36m304[0m 0.600 ms - -[0m
2026-07-27 05:32:22 [INFO]: [0mGET /images/hero/areca-palm.jpg [36m304[0m 0.979 ms - -[0m
2026-07-27 05:32:22 [INFO]: [0mGET /images/hero/jade-plant.jpg [36m304[0m 0.551 ms - -[0m
2026-07-27 05:32:22 [INFO]: [0mGET /images/hero/golden-pothos.jpg [36m304[0m 0.231 ms - -[0m
2026-07-27 05:32:22 [INFO]: [0mGET /images/hero/fiddle-leaf-fig.jpg [36m304[0m 0.214 ms - -[0m
2026-07-27 05:32:22 [INFO]: [0mGET /images/hero/why-choose.jpg [36m304[0m 0.197 ms - -[0m
2026-07-27 05:32:22 [INFO]: [0mGET /images/logo/plantora-orgn-white.png [36m304[0m 0.311 ms - -[0m
2026-07-27 05:32:42 [ERROR]: Error: Expected "payload" to be a plain object.
    at validate (E:\Webskitters_Academy\NODE JS\final_project_node\plantora_final_project_node_ejs\node_modules\jsonwebtoken\sign.js:44:11)
    at validatePayload (E:\Webskitters_Academy\NODE JS\final_project_node\plantora_final_project_node_ejs\node_modules\jsonwebtoken\sign.js:66:10)
    at module.exports [as sign] (E:\Webskitters_Academy\NODE JS\final_project_node\plantora_final_project_node_ejs\node_modules\jsonwebtoken\sign.js:144:7)
    at generateAccessToken (E:\Webskitters_Academy\NODE JS\final_project_node\plantora_final_project_node_ejs\app\utils\generateAccessToken.js:6:14)
    at login (E:\Webskitters_Academy\NODE JS\final_project_node\plantora_final_project_node_ejs\app\controllers\authController.js:580:27)
    at process.processTicksAndRejections (node:internal/process/task_queues:103:5)
2026-07-27 05:32:42 [INFO]: [0mPOST /auth/login [31m500[0m 388.606 ms - 100[0m
2026-07-27 05:32:48 [INFO]: [0mGET /css/style.css [36m304[0m 1.138 ms - -[0m
2026-07-27 05:32:48 [INFO]: [0mGET /css/variables.css [36m304[0m 1.251 ms - -[0m
2026-07-27 05:32:48 [INFO]: [0mGET /css/utilities.css [36m304[0m 1.207 ms - -[0m
2026-07-27 05:32:48 [INFO]: [0mGET /css/animations.css [36m304[0m 1.717 ms - -[0m
2026-07-27 05:32:48 [INFO]: [0mGET /css/announcement.css [36m304[0m 0.688 ms - -[0m
2026-07-27 05:32:48 [INFO]: [0mGET /css/header.css [36m304[0m 0.814 ms - -[0m
2026-07-27 05:32:48 [INFO]: [0mGET /css/hero.css [36m304[0m 0.372 ms - -[0m
2026-07-27 05:32:48 [INFO]: [0mGET /css/featured.css [36m304[0m 0.484 ms - -[0m
2026-07-27 05:32:48 [INFO]: [0mGET /css/why-choose.css [36m304[0m 0.680 ms - -[0m
2026-07-27 05:32:48 [INFO]: [0mGET /css/footer.css [36m304[0m 1.140 ms - -[0m
2026-07-27 05:32:48 [INFO]: [0mGET /css/auth.css [36m304[0m 0.563 ms - -[0m
2026-07-27 05:32:48 [INFO]: [0mGET /css/verify.css [36m304[0m 0.960 ms - -[0m
2026-07-27 05:32:48 [INFO]: [0mGET /.well-known/appspecific/com.chrome.devtools.json [33m404[0m 1.615 ms - 112[0m
2026-07-27 05:37:44 [INFO]: MongoDB connected successfully.
2026-07-27 05:37:46 [INFO]: Email server connected successfully.
2026-07-27 05:37:46 [INFO]: Server is running on port 5132.
2026-07-27 05:37:48 [INFO]: [0mGET / [36m304[0m 16.144 ms - -[0m
2026-07-27 05:37:48 [INFO]: [0mGET /css/style.css [36m304[0m 1.021 ms - -[0m
2026-07-27 05:37:48 [INFO]: [0mGET /images/logo/plantora.png [36m304[0m 0.865 ms - -[0m
2026-07-27 05:37:48 [INFO]: [0mGET /images/hero/hero-placeholder.png [36m304[0m 1.144 ms - -[0m
2026-07-27 05:37:48 [INFO]: [0mGET /images/hero/monstera-plant.jpg [36m304[0m 1.130 ms - -[0m
2026-07-27 05:37:48 [INFO]: [0mGET /images/hero/snake-plant.jpg [36m304[0m 1.006 ms - -[0m
2026-07-27 05:37:48 [INFO]: [0mGET /images/hero/peace-lily.jpg [36m304[0m 1.283 ms - -[0m
2026-07-27 05:37:48 [INFO]: [0mGET /js/header.js [36m304[0m 1.727 ms - -[0m
2026-07-27 05:37:48 [INFO]: [0mGET /js/featured.js [36m304[0m 1.965 ms - -[0m
2026-07-27 05:37:48 [INFO]: [0mGET /css/variables.css [36m304[0m 0.987 ms - -[0m
2026-07-27 05:37:48 [INFO]: [0mGET /css/utilities.css [36m304[0m 1.315 ms - -[0m
2026-07-27 05:37:48 [INFO]: [0mGET /css/animations.css [36m304[0m 1.617 ms - -[0m
2026-07-27 05:37:48 [INFO]: [0mGET /css/announcement.css [36m304[0m 1.917 ms - -[0m
2026-07-27 05:37:48 [INFO]: [0mGET /css/header.css [36m304[0m 2.344 ms - -[0m
2026-07-27 05:37:48 [INFO]: [0mGET /css/hero.css [36m304[0m 1.181 ms - -[0m
2026-07-27 05:37:48 [INFO]: [0mGET /css/featured.css [36m304[0m 1.070 ms - -[0m
2026-07-27 05:37:48 [INFO]: [0mGET /css/why-choose.css [36m304[0m 1.235 ms - -[0m
2026-07-27 05:37:48 [INFO]: [0mGET /css/auth.css [36m304[0m 1.504 ms - -[0m
2026-07-27 05:37:48 [INFO]: [0mGET /css/footer.css [36m304[0m 1.905 ms - -[0m
2026-07-27 05:37:48 [INFO]: [0mGET /css/verify.css [36m304[0m 0.965 ms - -[0m
2026-07-27 05:37:48 [INFO]: [0mGET /js/why-choose.js [36m304[0m 0.474 ms - -[0m
2026-07-27 05:37:48 [INFO]: [0mGET /js/notification.js [36m304[0m 0.537 ms - -[0m
2026-07-27 05:37:48 [INFO]: [0mGET /js/footer.js [36m304[0m 0.665 ms - -[0m
2026-07-27 05:37:48 [INFO]: [0mGET /js/auth.js [36m304[0m 1.603 ms - -[0m
2026-07-27 05:37:48 [INFO]: [0mGET /images/hero/tulip-plant.jpg [36m304[0m 1.259 ms - -[0m
2026-07-27 05:37:48 [INFO]: [0mGET /images/hero/rubber-plant.jpg [36m304[0m 2.001 ms - -[0m
2026-07-27 05:37:48 [INFO]: [0mGET /images/hero/aloe-vera.jpg [36m304[0m 0.979 ms - -[0m
2026-07-27 05:37:48 [INFO]: [0mGET /images/hero/areca-palm.jpg [36m304[0m 1.130 ms - -[0m
2026-07-27 05:37:48 [INFO]: [0mGET /images/hero/jade-plant.jpg [36m304[0m 0.444 ms - -[0m
2026-07-27 05:37:48 [INFO]: [0mGET /images/hero/golden-pothos.jpg [36m304[0m 0.613 ms - -[0m
2026-07-27 05:37:48 [INFO]: [0mGET /images/hero/fiddle-leaf-fig.jpg [36m304[0m 0.382 ms - -[0m
2026-07-27 05:37:48 [INFO]: [0mGET /images/hero/why-choose.jpg [36m304[0m 0.262 ms - -[0m
2026-07-27 05:37:48 [INFO]: [0mGET /images/logo/plantora-orgn-white.png [36m304[0m 0.371 ms - -[0m
2026-07-27 05:38:03 [ERROR]: Error: val is not a non-empty string or a valid number. val=undefined
    at module.exports (E:\Webskitters_Academy\NODE JS\final_project_node\plantora_final_project_node_ejs\node_modules\ms\index.js:34:9)
    at login (E:\Webskitters_Academy\NODE JS\final_project_node\plantora_final_project_node_ejs\app\controllers\authController.js:600:42)
    at process.processTicksAndRejections (node:internal/process/task_queues:103:5)
2026-07-27 05:38:03 [INFO]: [0mPOST /auth/login [31m500[0m 404.677 ms - 114[0m
2026-07-27 05:38:06 [INFO]: [0mGET /css/style.css [36m304[0m 0.336 ms - -[0m
2026-07-27 05:38:06 [INFO]: [0mGET /css/variables.css [36m304[0m 0.676 ms - -[0m
2026-07-27 05:38:06 [INFO]: [0mGET /css/utilities.css [36m304[0m 0.793 ms - -[0m
2026-07-27 05:38:06 [INFO]: [0mGET /css/animations.css [36m304[0m 0.940 ms - -[0m
2026-07-27 05:38:06 [INFO]: [0mGET /css/announcement.css [36m304[0m 1.301 ms - -[0m
2026-07-27 05:38:06 [INFO]: [0mGET /css/header.css [36m304[0m 0.523 ms - -[0m
2026-07-27 05:38:06 [INFO]: [0mGET /css/featured.css [36m304[0m 0.752 ms - -[0m
2026-07-27 05:38:06 [INFO]: [0mGET /css/why-choose.css [36m304[0m 0.916 ms - -[0m
2026-07-27 05:38:06 [INFO]: [0mGET /css/footer.css [36m304[0m 1.090 ms - -[0m
2026-07-27 05:38:06 [INFO]: [0mGET /css/hero.css [36m304[0m 1.347 ms - -[0m
2026-07-27 05:38:06 [INFO]: [0mGET /css/auth.css [36m304[0m 0.393 ms - -[0m
2026-07-27 05:38:06 [INFO]: [0mGET /css/verify.css [36m304[0m 0.665 ms - -[0m
2026-07-27 05:38:06 [INFO]: [0mGET /.well-known/appspecific/com.chrome.devtools.json [33m404[0m 1.472 ms - 112[0m
2026-07-27 05:40:50 [INFO]: SIGINT received. Shutting down server...
2026-07-27 05:40:54 [INFO]: MongoDB connected successfully.
2026-07-27 05:40:57 [INFO]: Email server connected successfully.
2026-07-27 05:40:57 [INFO]: Server is running on port 5132.
2026-07-27 05:43:51 [INFO]: MongoDB connected successfully.
2026-07-27 05:43:54 [INFO]: Email server connected successfully.
2026-07-27 05:43:54 [INFO]: Server is running on port 5132.
2026-07-27 05:44:20 [INFO]: MongoDB connected successfully.
2026-07-27 05:44:23 [INFO]: Email server connected successfully.
2026-07-27 05:44:23 [INFO]: Server is running on port 5132.
2026-07-27 05:44:46 [INFO]: MongoDB connected successfully.
2026-07-27 05:44:49 [INFO]: Email server connected successfully.
2026-07-27 05:44:49 [INFO]: Server is running on port 5132.
2026-07-27 05:45:43 [INFO]: MongoDB connected successfully.
2026-07-27 05:45:45 [INFO]: Email server connected successfully.
2026-07-27 05:45:45 [INFO]: Server is running on port 5132.
2026-07-27 05:48:18 [INFO]: MongoDB connected successfully.
2026-07-27 05:48:21 [INFO]: Email server connected successfully.
2026-07-27 05:48:21 [INFO]: Server is running on port 5132.
2026-07-27 05:48:39 [INFO]: MongoDB connected successfully.
2026-07-27 05:48:42 [INFO]: Email server connected successfully.
2026-07-27 05:48:42 [INFO]: Server is running on port 5132.
2026-07-27 05:48:57 [INFO]: SIGINT received. Shutting down server...
2026-07-27 05:49:13 [INFO]: MongoDB connected successfully.
2026-07-27 05:49:16 [INFO]: Email server connected successfully.
2026-07-27 05:49:16 [INFO]: Server is running on port 5132.
2026-07-27 05:49:20 [INFO]: [0mGET / [36m304[0m 25.177 ms - -[0m
2026-07-27 05:49:20 [INFO]: [0mGET /css/style.css [36m304[0m 1.344 ms - -[0m
2026-07-27 05:49:20 [INFO]: [0mGET /images/logo/plantora.png [36m304[0m 1.410 ms - -[0m
2026-07-27 05:49:20 [INFO]: [0mGET /images/hero/monstera-plant.jpg [36m304[0m 1.761 ms - -[0m
2026-07-27 05:49:20 [INFO]: [0mGET /images/hero/hero-placeholder.png [36m304[0m 2.913 ms - -[0m
2026-07-27 05:49:20 [INFO]: [0mGET /images/hero/snake-plant.jpg [36m304[0m 3.425 ms - -[0m
2026-07-27 05:49:20 [INFO]: [0mGET /images/hero/peace-lily.jpg [36m304[0m 1.823 ms - -[0m
2026-07-27 05:49:20 [INFO]: [0mGET /js/header.js [36m304[0m 2.619 ms - -[0m
2026-07-27 05:49:20 [INFO]: [0mGET /js/featured.js [36m304[0m 3.158 ms - -[0m
2026-07-27 05:49:20 [INFO]: [0mGET /css/variables.css [36m304[0m 1.755 ms - -[0m
2026-07-27 05:49:20 [INFO]: [0mGET /css/utilities.css [36m304[0m 2.387 ms - -[0m
2026-07-27 05:49:20 [INFO]: [0mGET /css/animations.css [36m304[0m 4.532 ms - -[0m
2026-07-27 05:49:20 [INFO]: [0mGET /css/announcement.css [36m304[0m 2.292 ms - -[0m
2026-07-27 05:49:20 [INFO]: [0mGET /css/header.css [36m304[0m 2.437 ms - -[0m
2026-07-27 05:49:20 [INFO]: [0mGET /css/hero.css [36m304[0m 2.686 ms - -[0m
2026-07-27 05:49:20 [INFO]: [0mGET /css/featured.css [36m304[0m 1.250 ms - -[0m
2026-07-27 05:49:20 [INFO]: [0mGET /css/why-choose.css [36m304[0m 1.698 ms - -[0m
2026-07-27 05:49:20 [INFO]: [0mGET /css/footer.css [36m304[0m 1.889 ms - -[0m
2026-07-27 05:49:20 [INFO]: [0mGET /css/auth.css [36m304[0m 0.645 ms - -[0m
2026-07-27 05:49:20 [INFO]: [0mGET /css/verify.css [36m304[0m 1.777 ms - -[0m
2026-07-27 05:49:20 [INFO]: [0mGET /js/why-choose.js [36m304[0m 1.928 ms - -[0m
2026-07-27 05:49:20 [INFO]: [0mGET /js/notification.js [36m304[0m 2.498 ms - -[0m
2026-07-27 05:49:20 [INFO]: [0mGET /js/footer.js [36m304[0m 3.039 ms - -[0m
2026-07-27 05:49:20 [INFO]: [0mGET /js/auth.js [36m304[0m 0.499 ms - -[0m
2026-07-27 05:49:20 [INFO]: [0mGET /.well-known/appspecific/com.chrome.devtools.json [33m404[0m 2.498 ms - 112[0m
2026-07-27 05:49:20 [INFO]: [0mGET /images/hero/tulip-plant.jpg [36m304[0m 5.447 ms - -[0m
2026-07-27 05:49:20 [INFO]: [0mGET /images/hero/rubber-plant.jpg [36m304[0m 2.144 ms - -[0m
2026-07-27 05:49:20 [INFO]: [0mGET /images/hero/aloe-vera.jpg [36m304[0m 2.197 ms - -[0m
2026-07-27 05:49:20 [INFO]: [0mGET /images/hero/areca-palm.jpg [36m304[0m 2.482 ms - -[0m
2026-07-27 05:49:20 [INFO]: [0mGET /images/hero/jade-plant.jpg [36m304[0m 0.408 ms - -[0m
2026-07-27 05:49:20 [INFO]: [0mGET /images/hero/golden-pothos.jpg [36m304[0m 0.366 ms - -[0m
2026-07-27 05:49:20 [INFO]: [0mGET /images/hero/fiddle-leaf-fig.jpg [36m304[0m 0.437 ms - -[0m
2026-07-27 05:49:20 [INFO]: [0mGET /images/hero/why-choose.jpg [36m304[0m 0.383 ms - -[0m
2026-07-27 05:49:20 [INFO]: [0mGET /images/logo/plantora-orgn-white.png [36m304[0m 0.391 ms - -[0m
2026-07-27 05:49:36 [ERROR]: Failed to create audit log: AuditLog validation failed: action: `Login` is not a valid enum value for path `action`., severity: `low` is not a valid enum value for path `severity`.
2026-07-27 05:49:36 [INFO]: Login successful : customer_0001@yopmail.com
2026-07-27 05:49:36 [INFO]: [0mPOST /auth/login [32m200[0m 504.467 ms - 46[0m
2026-07-27 05:49:37 [ERROR]: ReferenceError: E:\Webskitters_Academy\NODE JS\final_project_node\plantora_final_project_node_ejs\views\home\index.ejs:3
    1| <%- include("../partials/main/head") %>
    2| <%-include("../partials/main/announcementBar") %>
 >> 3| <%-include("../partials/main/header") %>
    4| 
    5| <main>
    6|   <!-- Home page -->

E:\Webskitters_Academy\NODE JS\final_project_node\plantora_final_project_node_ejs\views\partials\main\header.ejs:40
    38|                         <a
    39|                             href="/"
 >> 40|                             class="<%= currentRoute === '/' ? 'active' : '' %>"
    41|                         >
    42|                             Home
    43|                         </a>

currentRoute is not defined
    at eval (eval at compile (E:\Webskitters_Academy\NODE JS\final_project_node\plantora_final_project_node_ejs\node_modules\ejs\lib\cjs\ejs.js:607:18), <anonymous>:12:26)
    at header (E:\Webskitters_Academy\NODE JS\final_project_node\plantora_final_project_node_ejs\node_modules\ejs\lib\cjs\ejs.js:643:23)
    at include (E:\Webskitters_Academy\NODE JS\final_project_node\plantora_final_project_node_ejs\node_modules\ejs\lib\cjs\ejs.js:634:47)
    at eval (eval at compile (E:\Webskitters_Academy\NODE JS\final_project_node\plantora_final_project_node_ejs\node_modules\ejs\lib\cjs\ejs.js:607:18), <anonymous>:16:16)
    at index (E:\Webskitters_Academy\NODE JS\final_project_node\plantora_final_project_node_ejs\node_modules\ejs\lib\cjs\ejs.js:643:23)
    at tryHandleCache (E:\Webskitters_Academy\NODE JS\final_project_node\plantora_final_project_node_ejs\node_modules\ejs\lib\cjs\ejs.js:253:42)
    at ejs.renderFile [as engine] (E:\Webskitters_Academy\NODE JS\final_project_node\plantora_final_project_node_ejs\node_modules\ejs\lib\cjs\ejs.js:444:12)
    at View.render (E:\Webskitters_Academy\NODE JS\final_project_node\plantora_final_project_node_ejs\node_modules\express\lib\view.js:139:8)
    at tryRender (E:\Webskitters_Academy\NODE JS\final_project_node\plantora_final_project_node_ejs\node_modules\express\lib\application.js:627:10)
    at app.render (E:\Webskitters_Academy\NODE JS\final_project_node\plantora_final_project_node_ejs\node_modules\express\lib\application.js:574:3)
2026-07-27 05:49:37 [INFO]: [0mGET / [31m500[0m 53.674 ms - 920[0m
2026-07-27 05:51:33 [INFO]: MongoDB connected successfully.
2026-07-27 05:51:36 [INFO]: Email server connected successfully.
2026-07-27 05:51:36 [INFO]: Server is running on port 5132.
2026-07-27 05:51:48 [ERROR]: ReferenceError: E:\Webskitters_Academy\NODE JS\final_project_node\plantora_final_project_node_ejs\views\home\index.ejs:3
    1| <%- include("../partials/main/head") %>
    2| <%-include("../partials/main/announcementBar") %>
 >> 3| <%-include("../partials/main/header") %>
    4| 
    5| <main>
    6|   <!-- Home page -->

E:\Webskitters_Academy\NODE JS\final_project_node\plantora_final_project_node_ejs\views\partials\main\header.ejs:153
    151|                             <i class="bi bi-bell"></i>
    152| 
 >> 153|                             <% if (notificationCount > 0) { %>
    154| 
    155|                                 <span class="header-badge">
    156| 

notificationCount is not defined
    at eval (eval at compile (E:\Webskitters_Academy\NODE JS\final_project_node\plantora_final_project_node_ejs\node_modules\ejs\lib\cjs\ejs.js:607:18), <anonymous>:30:8)
    at header (E:\Webskitters_Academy\NODE JS\final_project_node\plantora_final_project_node_ejs\node_modules\ejs\lib\cjs\ejs.js:643:23)
    at include (E:\Webskitters_Academy\NODE JS\final_project_node\plantora_final_project_node_ejs\node_modules\ejs\lib\cjs\ejs.js:634:47)
    at eval (eval at compile (E:\Webskitters_Academy\NODE JS\final_project_node\plantora_final_project_node_ejs\node_modules\ejs\lib\cjs\ejs.js:607:18), <anonymous>:16:16)
    at index (E:\Webskitters_Academy\NODE JS\final_project_node\plantora_final_project_node_ejs\node_modules\ejs\lib\cjs\ejs.js:643:23)
    at tryHandleCache (E:\Webskitters_Academy\NODE JS\final_project_node\plantora_final_project_node_ejs\node_modules\ejs\lib\cjs\ejs.js:253:42)
    at ejs.renderFile [as engine] (E:\Webskitters_Academy\NODE JS\final_project_node\plantora_final_project_node_ejs\node_modules\ejs\lib\cjs\ejs.js:444:12)
    at View.render (E:\Webskitters_Academy\NODE JS\final_project_node\plantora_final_project_node_ejs\node_modules\express\lib\view.js:139:8)
    at tryRender (E:\Webskitters_Academy\NODE JS\final_project_node\plantora_final_project_node_ejs\node_modules\express\lib\application.js:627:10)
    at app.render (E:\Webskitters_Academy\NODE JS\final_project_node\plantora_final_project_node_ejs\node_modules\express\lib\application.js:574:3)
2026-07-27 05:51:48 [INFO]: [0mGET / [31m500[0m 59.512 ms - 866[0m
2026-07-27 05:51:51 [ERROR]: ReferenceError: E:\Webskitters_Academy\NODE JS\final_project_node\plantora_final_project_node_ejs\views\home\index.ejs:3
    1| <%- include("../partials/main/head") %>
    2| <%-include("../partials/main/announcementBar") %>
 >> 3| <%-include("../partials/main/header") %>
    4| 
    5| <main>
    6|   <!-- Home page -->

E:\Webskitters_Academy\NODE JS\final_project_node\plantora_final_project_node_ejs\views\partials\main\header.ejs:153
    151|                             <i class="bi bi-bell"></i>
    152| 
 >> 153|                             <% if (notificationCount > 0) { %>
    154| 
    155|                                 <span class="header-badge">
    156| 

notificationCount is not defined
    at eval (eval at compile (E:\Webskitters_Academy\NODE JS\final_project_node\plantora_final_project_node_ejs\node_modules\ejs\lib\cjs\ejs.js:607:18), <anonymous>:30:8)
    at header (E:\Webskitters_Academy\NODE JS\final_project_node\plantora_final_project_node_ejs\node_modules\ejs\lib\cjs\ejs.js:643:23)
    at include (E:\Webskitters_Academy\NODE JS\final_project_node\plantora_final_project_node_ejs\node_modules\ejs\lib\cjs\ejs.js:634:47)
    at eval (eval at compile (E:\Webskitters_Academy\NODE JS\final_project_node\plantora_final_project_node_ejs\node_modules\ejs\lib\cjs\ejs.js:607:18), <anonymous>:16:16)
    at index (E:\Webskitters_Academy\NODE JS\final_project_node\plantora_final_project_node_ejs\node_modules\ejs\lib\cjs\ejs.js:643:23)
    at tryHandleCache (E:\Webskitters_Academy\NODE JS\final_project_node\plantora_final_project_node_ejs\node_modules\ejs\lib\cjs\ejs.js:253:42)
    at ejs.renderFile [as engine] (E:\Webskitters_Academy\NODE JS\final_project_node\plantora_final_project_node_ejs\node_modules\ejs\lib\cjs\ejs.js:444:12)
    at View.render (E:\Webskitters_Academy\NODE JS\final_project_node\plantora_final_project_node_ejs\node_modules\express\lib\view.js:139:8)
    at tryRender (E:\Webskitters_Academy\NODE JS\final_project_node\plantora_final_project_node_ejs\node_modules\express\lib\application.js:627:10)
    at app.render (E:\Webskitters_Academy\NODE JS\final_project_node\plantora_final_project_node_ejs\node_modules\express\lib\application.js:574:3)
2026-07-27 05:51:51 [INFO]: [0mGET / [31m500[0m 44.155 ms - 866[0m
2026-07-27 05:51:59 [ERROR]: ReferenceError: E:\Webskitters_Academy\NODE JS\final_project_node\plantora_final_project_node_ejs\views\home\index.ejs:3
    1| <%- include("../partials/main/head") %>
    2| <%-include("../partials/main/announcementBar") %>
 >> 3| <%-include("../partials/main/header") %>
    4| 
    5| <main>
    6|   <!-- Home page -->

E:\Webskitters_Academy\NODE JS\final_project_node\plantora_final_project_node_ejs\views\partials\main\header.ejs:153
    151|                             <i class="bi bi-bell"></i>
    152| 
 >> 153|                             <% if (notificationCount > 0) { %>
    154| 
    155|                                 <span class="header-badge">
    156| 

notificationCount is not defined
    at eval (eval at compile (E:\Webskitters_Academy\NODE JS\final_project_node\plantora_final_project_node_ejs\node_modules\ejs\lib\cjs\ejs.js:607:18), <anonymous>:30:8)
    at header (E:\Webskitters_Academy\NODE JS\final_project_node\plantora_final_project_node_ejs\node_modules\ejs\lib\cjs\ejs.js:643:23)
    at include (E:\Webskitters_Academy\NODE JS\final_project_node\plantora_final_project_node_ejs\node_modules\ejs\lib\cjs\ejs.js:634:47)
    at eval (eval at compile (E:\Webskitters_Academy\NODE JS\final_project_node\plantora_final_project_node_ejs\node_modules\ejs\lib\cjs\ejs.js:607:18), <anonymous>:16:16)
    at index (E:\Webskitters_Academy\NODE JS\final_project_node\plantora_final_project_node_ejs\node_modules\ejs\lib\cjs\ejs.js:643:23)
    at tryHandleCache (E:\Webskitters_Academy\NODE JS\final_project_node\plantora_final_project_node_ejs\node_modules\ejs\lib\cjs\ejs.js:253:42)
    at ejs.renderFile [as engine] (E:\Webskitters_Academy\NODE JS\final_project_node\plantora_final_project_node_ejs\node_modules\ejs\lib\cjs\ejs.js:444:12)
    at View.render (E:\Webskitters_Academy\NODE JS\final_project_node\plantora_final_project_node_ejs\node_modules\express\lib\view.js:139:8)
    at tryRender (E:\Webskitters_Academy\NODE JS\final_project_node\plantora_final_project_node_ejs\node_modules\express\lib\application.js:627:10)
    at app.render (E:\Webskitters_Academy\NODE JS\final_project_node\plantora_final_project_node_ejs\node_modules\express\lib\application.js:574:3)
2026-07-27 05:51:59 [INFO]: [0mGET / [31m500[0m 40.723 ms - 866[0m
2026-07-27 05:53:34 [INFO]: MongoDB connected successfully.
2026-07-27 05:53:37 [INFO]: Email server connected successfully.
2026-07-27 05:53:37 [INFO]: Server is running on port 5132.
2026-07-27 05:53:37 [INFO]: [0mGET / [32m200[0m 80.212 ms - -[0m
2026-07-27 05:53:37 [INFO]: [0mGET /css/style.css [36m304[0m 0.813 ms - -[0m
2026-07-27 05:53:37 [INFO]: [0mGET /images/logo/plantora.png [36m304[0m 0.723 ms - -[0m
2026-07-27 05:53:37 [INFO]: [0mGET /images/hero/hero-placeholder.png [36m304[0m 1.331 ms - -[0m
2026-07-27 05:53:37 [INFO]: [0mGET /js/why-choose.js [36m304[0m 0.969 ms - -[0m
2026-07-27 05:53:37 [INFO]: [0mGET /images/hero/monstera-plant.jpg [36m304[0m 1.192 ms - -[0m
2026-07-27 05:53:37 [INFO]: [0mGET /js/header.js [36m304[0m 1.341 ms - -[0m
2026-07-27 05:53:37 [INFO]: [0mGET /js/featured.js [36m304[0m 1.726 ms - -[0m
2026-07-27 05:53:37 [INFO]: [0mGET /images/logo/plantora-orgn-white.png [36m304[0m 0.697 ms - -[0m
2026-07-27 05:53:37 [INFO]: [0mGET /js/notification.js [36m304[0m 1.053 ms - -[0m
2026-07-27 05:53:37 [INFO]: [0mGET /css/variables.css [36m304[0m 1.486 ms - -[0m
2026-07-27 05:53:37 [INFO]: [0mGET /js/footer.js [36m304[0m 1.703 ms - -[0m
2026-07-27 05:53:37 [INFO]: [0mGET /css/utilities.css [36m304[0m 2.100 ms - -[0m
2026-07-27 05:53:37 [INFO]: [0mGET /css/animations.css [36m304[0m 0.520 ms - -[0m
2026-07-27 05:53:37 [INFO]: [0mGET /css/announcement.css [36m304[0m 0.985 ms - -[0m
2026-07-27 05:53:37 [INFO]: [0mGET /css/header.css [36m304[0m 1.115 ms - -[0m
2026-07-27 05:53:37 [INFO]: [0mGET /css/hero.css [36m304[0m 1.181 ms - -[0m
2026-07-27 05:53:37 [INFO]: [0mGET /css/featured.css [36m304[0m 1.319 ms - -[0m
2026-07-27 05:53:37 [INFO]: [0mGET /css/why-choose.css [36m304[0m 0.244 ms - -[0m
2026-07-27 05:53:37 [INFO]: [0mGET /css/footer.css [36m304[0m 0.361 ms - -[0m
2026-07-27 05:53:37 [INFO]: [0mGET /css/verify.css [36m304[0m 0.821 ms - -[0m
2026-07-27 05:53:37 [INFO]: [0mGET /css/auth.css [36m304[0m 1.270 ms - -[0m
2026-07-27 05:53:37 [INFO]: [0mGET /js/auth.js [36m304[0m 0.503 ms - -[0m
2026-07-27 05:53:37 [INFO]: [0mGET /images/hero/snake-plant.jpg [36m304[0m 0.620 ms - -[0m
2026-07-27 05:53:37 [INFO]: [0mGET /images/hero/peace-lily.jpg [36m304[0m 0.346 ms - -[0m
2026-07-27 05:53:37 [INFO]: [0mGET /images/hero/tulip-plant.jpg [36m304[0m 0.702 ms - -[0m
2026-07-27 05:53:37 [INFO]: [0mGET /images/hero/rubber-plant.jpg [36m304[0m 0.552 ms - -[0m
2026-07-27 05:53:37 [INFO]: [0mGET /images/hero/aloe-vera.jpg [36m304[0m 0.237 ms - -[0m
2026-07-27 05:53:37 [INFO]: [0mGET /images/hero/areca-palm.jpg [36m304[0m 0.267 ms - -[0m
2026-07-27 05:53:37 [INFO]: [0mGET /images/hero/jade-plant.jpg [36m304[0m 0.188 ms - -[0m
2026-07-27 05:53:37 [INFO]: [0mGET /images/hero/golden-pothos.jpg [36m304[0m 0.373 ms - -[0m
2026-07-27 05:53:37 [INFO]: [0mGET /images/hero/fiddle-leaf-fig.jpg [36m304[0m 0.269 ms - -[0m
2026-07-27 05:53:37 [INFO]: [0mGET /images/hero/why-choose.jpg [36m304[0m 0.378 ms - -[0m
2026-07-27 05:53:37 [INFO]: [0mGET /%7B%20%20publicId:%20'Plantora/users/default-profile',%20%20url:%20'https://res.cloudinary.com/desmwasfe/image/upload/v1781973939/default-avatar_d6ofmr.png'%7D [33m404[0m 43.380 ms - 239[0m
2026-07-27 05:53:48 [ERROR]: Error: Failed to lookup view "auth/profile" in views directory "E:\Webskitters_Academy\NODE JS\final_project_node\plantora_final_project_node_ejs\views"
    at app.render (E:\Webskitters_Academy\NODE JS\final_project_node\plantora_final_project_node_ejs\node_modules\express\lib\application.js:562:17)
    at ServerResponse.render (E:\Webskitters_Academy\NODE JS\final_project_node\plantora_final_project_node_ejs\node_modules\express\lib\response.js:923:7)
    at showProfilePage (E:\Webskitters_Academy\NODE JS\final_project_node\plantora_final_project_node_ejs\app\controllers\authController.js:99:18)
    at Layer.handleRequest (E:\Webskitters_Academy\NODE JS\final_project_node\plantora_final_project_node_ejs\node_modules\router\lib\layer.js:152:17)
    at next (E:\Webskitters_Academy\NODE JS\final_project_node\plantora_final_project_node_ejs\node_modules\router\lib\route.js:157:13)
    at authMiddleware (E:\Webskitters_Academy\NODE JS\final_project_node\plantora_final_project_node_ejs\app\middlewares\authMiddleware.js:71:12)
    at process.processTicksAndRejections (node:internal/process/task_queues:103:5)
2026-07-27 05:53:48 [INFO]: [0mGET /auth/profile [31m500[0m 87.429 ms - 213[0m
2026-07-27 05:53:51 [INFO]: Wishlist page loaded successfully. User ID: 6a668df570d6bc575b762962
2026-07-27 05:53:51 [ERROR]: Error: Failed to lookup view "wishlist/index" in views directory "E:\Webskitters_Academy\NODE JS\final_project_node\plantora_final_project_node_ejs\views"
    at app.render (E:\Webskitters_Academy\NODE JS\final_project_node\plantora_final_project_node_ejs\node_modules\express\lib\application.js:562:17)
    at ServerResponse.render (E:\Webskitters_Academy\NODE JS\final_project_node\plantora_final_project_node_ejs\node_modules\express\lib\response.js:923:7)
    at showWishlistPage (E:\Webskitters_Academy\NODE JS\final_project_node\plantora_final_project_node_ejs\app\controllers\WishlistController.js:99:44)
    at process.processTicksAndRejections (node:internal/process/task_queues:103:5)
2026-07-27 05:53:51 [INFO]: [0mGET /wishlist [31m500[0m 164.735 ms - 215[0m
2026-07-27 05:54:02 [INFO]: Notifications viewed. User: customer_0001@yopmail.com
2026-07-27 05:54:02 [ERROR]: Error: Failed to lookup view "notifications/index" in views directory "E:\Webskitters_Academy\NODE JS\final_project_node\plantora_final_project_node_ejs\views"
    at app.render (E:\Webskitters_Academy\NODE JS\final_project_node\plantora_final_project_node_ejs\node_modules\express\lib\application.js:562:17)
    at ServerResponse.render (E:\Webskitters_Academy\NODE JS\final_project_node\plantora_final_project_node_ejs\node_modules\express\lib\response.js:923:7)
    at showNotificationsPage (E:\Webskitters_Academy\NODE JS\final_project_node\plantora_final_project_node_ejs\app\controllers\NotificationController.js:145:44)
    at process.processTicksAndRejections (node:internal/process/task_queues:103:5)
2026-07-27 05:54:02 [INFO]: [0mGET /notifications [31m500[0m 143.778 ms - 220[0m
2026-07-27 05:54:13 [ERROR]: Failed to create audit log: AuditLog validation failed: action: `Logout` is not a valid enum value for path `action`., severity: `low` is not a valid enum value for path `severity`.
2026-07-27 05:54:13 [INFO]: Logout successful : customer_0001@yopmail.com
2026-07-27 05:54:13 [INFO]: [0mPOST /auth/logout [32m200[0m 213.122 ms - 47[0m
2026-07-27 05:54:18 [INFO]: [0mGET / [32m200[0m 11.666 ms - -[0m
2026-07-27 05:54:18 [INFO]: [0mGET /css/style.css [36m304[0m 0.518 ms - -[0m
2026-07-27 05:54:18 [INFO]: [0mGET /images/logo/plantora.png [36m304[0m 1.290 ms - -[0m
2026-07-27 05:54:18 [INFO]: [0mGET /images/hero/monstera-plant.jpg [36m304[0m 1.399 ms - -[0m
2026-07-27 05:54:18 [INFO]: [0mGET /images/hero/hero-placeholder.png [36m304[0m 1.548 ms - -[0m
2026-07-27 05:54:18 [INFO]: [0mGET /images/hero/snake-plant.jpg [36m304[0m 0.492 ms - -[0m
2026-07-27 05:54:18 [INFO]: [0mGET /images/hero/peace-lily.jpg [36m304[0m 0.650 ms - -[0m
2026-07-27 05:54:18 [INFO]: [0mGET /js/header.js [36m304[0m 0.875 ms - -[0m
2026-07-27 05:54:18 [INFO]: [0mGET /js/featured.js [36m304[0m 0.625 ms - -[0m
2026-07-27 05:54:18 [INFO]: [0mGET /images/logo/plantora-orgn-white.png [36m304[0m 0.925 ms - -[0m
2026-07-27 05:54:18 [INFO]: [0mGET /js/why-choose.js [36m304[0m 1.083 ms - -[0m
2026-07-27 05:54:18 [INFO]: [0mGET /js/notification.js [36m304[0m 0.797 ms - -[0m
2026-07-27 05:54:18 [INFO]: [0mGET /js/footer.js [36m304[0m 0.931 ms - -[0m
2026-07-27 05:54:18 [INFO]: [0mGET /js/auth.js [36m304[0m 1.124 ms - -[0m
2026-07-27 05:54:18 [INFO]: [0mGET /css/variables.css [36m304[0m 0.510 ms - -[0m
2026-07-27 05:54:18 [INFO]: [0mGET /css/utilities.css [36m304[0m 0.734 ms - -[0m
2026-07-27 05:54:18 [INFO]: [0mGET /css/animations.css [36m304[0m 0.942 ms - -[0m
2026-07-27 05:54:18 [INFO]: [0mGET /css/announcement.css [36m304[0m 0.431 ms - -[0m
2026-07-27 05:54:18 [INFO]: [0mGET /css/header.css [36m304[0m 0.552 ms - -[0m
2026-07-27 05:54:18 [INFO]: [0mGET /css/hero.css [36m304[0m 0.845 ms - -[0m
2026-07-27 05:54:18 [INFO]: [0mGET /css/featured.css [36m304[0m 0.477 ms - -[0m
2026-07-27 05:54:18 [INFO]: [0mGET /css/why-choose.css [36m304[0m 0.757 ms - -[0m
2026-07-27 05:54:18 [INFO]: [0mGET /css/footer.css [36m304[0m 1.052 ms - -[0m
2026-07-27 05:54:18 [INFO]: [0mGET /css/auth.css [36m304[0m 0.466 ms - -[0m
2026-07-27 05:54:18 [INFO]: [0mGET /css/verify.css [36m304[0m 0.650 ms - -[0m
2026-07-27 05:54:18 [INFO]: [0mGET /images/hero/tulip-plant.jpg [36m304[0m 1.475 ms - -[0m
2026-07-27 05:54:18 [INFO]: [0mGET /images/hero/rubber-plant.jpg [36m304[0m 0.934 ms - -[0m
2026-07-27 05:54:18 [INFO]: [0mGET /images/hero/aloe-vera.jpg [36m304[0m 1.074 ms - -[0m
2026-07-27 05:54:18 [INFO]: [0mGET /images/hero/areca-palm.jpg [36m304[0m 2.160 ms - -[0m
2026-07-27 05:54:18 [INFO]: [0mGET /images/hero/jade-plant.jpg [36m304[0m 0.854 ms - -[0m
2026-07-27 05:54:18 [INFO]: [0mGET /images/hero/golden-pothos.jpg [36m304[0m 1.048 ms - -[0m
2026-07-27 05:54:18 [INFO]: [0mGET /images/hero/fiddle-leaf-fig.jpg [36m304[0m 0.265 ms - -[0m
2026-07-27 05:54:18 [INFO]: [0mGET /images/hero/why-choose.jpg [36m304[0m 0.587 ms - -[0m
2026-07-27 05:55:48 [INFO]: MongoDB connected successfully.
2026-07-27 05:55:51 [INFO]: Email server connected successfully.
2026-07-27 05:55:51 [INFO]: Server is running on port 5132.
2026-07-27 05:56:02 [ERROR]: Failed to create audit log: AuditLog validation failed: action: `Login` is not a valid enum value for path `action`., severity: `low` is not a valid enum value for path `severity`.
2026-07-27 05:56:02 [INFO]: Login successful : customer_0001@yopmail.com
2026-07-27 05:56:02 [INFO]: [0mPOST /auth/login [32m200[0m 448.209 ms - 46[0m
2026-07-27 05:56:03 [INFO]: [0mGET / [32m200[0m 43.981 ms - -[0m
2026-07-27 05:56:03 [INFO]: [0mGET /css/style.css [36m304[0m 0.609 ms - -[0m
2026-07-27 05:56:03 [INFO]: [0mGET /images/logo/plantora.png [36m304[0m 0.708 ms - -[0m
2026-07-27 05:56:03 [INFO]: [0mGET /images/hero/hero-placeholder.png [36m304[0m 3.117 ms - -[0m
2026-07-27 05:56:03 [INFO]: [0mGET /images/hero/monstera-plant.jpg [36m304[0m 0.927 ms - -[0m
2026-07-27 05:56:03 [INFO]: [0mGET /js/featured.js [36m304[0m 0.945 ms - -[0m
2026-07-27 05:56:03 [INFO]: [0mGET /js/header.js [36m304[0m 1.062 ms - -[0m
2026-07-27 05:56:03 [INFO]: [0mGET /js/why-choose.js [36m304[0m 1.199 ms - -[0m
2026-07-27 05:56:03 [INFO]: [0mGET /css/variables.css [36m304[0m 1.220 ms - -[0m
2026-07-27 05:56:03 [INFO]: [0mGET /css/utilities.css [36m304[0m 1.626 ms - -[0m
2026-07-27 05:56:03 [INFO]: [0mGET /css/animations.css [36m304[0m 2.034 ms - -[0m
2026-07-27 05:56:03 [INFO]: [0mGET /css/announcement.css [36m304[0m 2.117 ms - -[0m
2026-07-27 05:56:03 [INFO]: [0mGET /css/header.css [36m304[0m 2.394 ms - -[0m
2026-07-27 05:56:03 [INFO]: [0mGET /css/hero.css [36m304[0m 0.855 ms - -[0m
2026-07-27 05:56:03 [INFO]: [0mGET /css/featured.css [36m304[0m 0.956 ms - -[0m
2026-07-27 05:56:03 [INFO]: [0mGET /css/why-choose.css [36m304[0m 1.155 ms - -[0m
2026-07-27 05:56:03 [INFO]: [0mGET /css/footer.css [36m304[0m 1.253 ms - -[0m
2026-07-27 05:56:03 [INFO]: [0mGET /css/auth.css [36m304[0m 1.362 ms - -[0m
2026-07-27 05:56:03 [INFO]: [0mGET /css/verify.css [36m304[0m 0.321 ms - -[0m
2026-07-27 05:56:03 [INFO]: [0mGET /js/notification.js [36m304[0m 0.776 ms - -[0m
2026-07-27 05:56:03 [INFO]: [0mGET /js/footer.js [36m304[0m 0.973 ms - -[0m
2026-07-27 05:56:03 [INFO]: [0mGET /js/auth.js [36m304[0m 1.131 ms - -[0m
2026-07-27 05:56:03 [INFO]: [0mGET /images/hero/snake-plant.jpg [36m304[0m 0.266 ms - -[0m
2026-07-27 05:56:03 [INFO]: [0mGET /images/hero/peace-lily.jpg [36m304[0m 0.392 ms - -[0m
2026-07-27 05:56:03 [INFO]: [0mGET /images/hero/tulip-plant.jpg [36m304[0m 0.229 ms - -[0m
2026-07-27 05:56:03 [INFO]: [0mGET /images/hero/rubber-plant.jpg [36m304[0m 0.377 ms - -[0m
2026-07-27 05:56:03 [INFO]: [0mGET /images/hero/aloe-vera.jpg [36m304[0m 0.315 ms - -[0m
2026-07-27 05:56:03 [INFO]: [0mGET /images/hero/areca-palm.jpg [36m304[0m 0.241 ms - -[0m
2026-07-27 05:56:03 [INFO]: [0mGET /images/hero/jade-plant.jpg [36m304[0m 0.191 ms - -[0m
2026-07-27 05:56:03 [INFO]: [0mGET /images/hero/golden-pothos.jpg [36m304[0m 0.319 ms - -[0m
2026-07-27 05:56:03 [INFO]: [0mGET /images/hero/fiddle-leaf-fig.jpg [36m304[0m 0.354 ms - -[0m
2026-07-27 05:56:03 [INFO]: [0mGET /images/hero/why-choose.jpg [36m304[0m 0.414 ms - -[0m
2026-07-27 05:56:03 [INFO]: [0mGET /%7B%20%20publicId:%20'Plantora/users/default-profile',%20%20url:%20'https://res.cloudinary.com/desmwasfe/image/upload/v1781973939/default-avatar_d6ofmr.png'%7D [33m404[0m 38.776 ms - 239[0m
2026-07-27 05:56:03 [INFO]: [0mGET /images/logo/plantora-orgn-white.png [36m304[0m 0.378 ms - -[0m
2026-07-27 05:56:11 [ERROR]: Failed to create audit log: AuditLog validation failed: action: `Logout` is not a valid enum value for path `action`., severity: `low` is not a valid enum value for path `severity`.
2026-07-27 05:56:11 [INFO]: Logout successful : customer_0001@yopmail.com
2026-07-27 05:56:11 [INFO]: [0mPOST /auth/logout [36m302[0m 159.584 ms - 30[0m
2026-07-27 05:56:11 [INFO]: [0mGET / [32m200[0m 3.739 ms - -[0m
2026-07-27 05:56:11 [INFO]: [0mGET /css/style.css [36m304[0m 0.613 ms - -[0m
2026-07-27 05:56:11 [INFO]: [0mGET /images/hero/hero-placeholder.png [36m304[0m 0.300 ms - -[0m
2026-07-27 05:56:11 [INFO]: [0mGET /images/logo/plantora.png [36m304[0m 0.423 ms - -[0m
2026-07-27 05:56:11 [INFO]: [0mGET /images/hero/monstera-plant.jpg [36m304[0m 0.292 ms - -[0m
2026-07-27 05:56:11 [INFO]: [0mGET /images/hero/snake-plant.jpg [36m304[0m 0.526 ms - -[0m
2026-07-27 05:56:11 [INFO]: [0mGET /images/hero/peace-lily.jpg [36m304[0m 0.780 ms - -[0m
2026-07-27 05:56:11 [INFO]: [0mGET /js/header.js [36m304[0m 0.239 ms - -[0m
2026-07-27 05:56:11 [INFO]: [0mGET /js/why-choose.js [36m304[0m 0.359 ms - -[0m
2026-07-27 05:56:11 [INFO]: [0mGET /js/featured.js [36m304[0m 0.751 ms - -[0m
2026-07-27 05:56:11 [INFO]: [0mGET /js/notification.js [36m304[0m 0.465 ms - -[0m
2026-07-27 05:56:11 [INFO]: [0mGET /js/footer.js [36m304[0m 0.759 ms - -[0m
2026-07-27 05:56:11 [INFO]: [0mGET /js/auth.js [36m304[0m 1.127 ms - -[0m
2026-07-27 05:56:11 [INFO]: [0mGET /images/hero/tulip-plant.jpg [36m304[0m 0.409 ms - -[0m
2026-07-27 05:56:11 [INFO]: [0mGET /images/hero/rubber-plant.jpg [36m304[0m 1.234 ms - -[0m
2026-07-27 05:56:11 [INFO]: [0mGET /images/hero/aloe-vera.jpg [36m304[0m 0.914 ms - -[0m
2026-07-27 05:56:11 [INFO]: [0mGET /images/hero/areca-palm.jpg [36m304[0m 1.168 ms - -[0m
2026-07-27 05:56:11 [INFO]: [0mGET /images/hero/jade-plant.jpg [36m304[0m 1.601 ms - -[0m
2026-07-27 05:56:11 [INFO]: [0mGET /images/hero/golden-pothos.jpg [36m304[0m 0.360 ms - -[0m
2026-07-27 05:56:11 [INFO]: [0mGET /images/hero/fiddle-leaf-fig.jpg [36m304[0m 0.646 ms - -[0m
2026-07-27 05:56:11 [INFO]: [0mGET /images/hero/why-choose.jpg [36m304[0m 0.320 ms - -[0m
2026-07-27 05:56:11 [INFO]: [0mGET /images/logo/plantora-orgn-white.png [36m304[0m 0.721 ms - -[0m
2026-07-27 05:56:11 [INFO]: [0mGET /css/variables.css [36m304[0m 0.344 ms - -[0m
2026-07-27 05:56:11 [INFO]: [0mGET /css/utilities.css [36m304[0m 0.621 ms - -[0m
2026-07-27 05:56:11 [INFO]: [0mGET /css/animations.css [36m304[0m 0.711 ms - -[0m
2026-07-27 05:56:11 [INFO]: [0mGET /css/announcement.css [36m304[0m 0.793 ms - -[0m
2026-07-27 05:56:11 [INFO]: [0mGET /css/header.css [36m304[0m 0.529 ms - -[0m
2026-07-27 05:56:11 [INFO]: [0mGET /css/hero.css [36m304[0m 0.691 ms - -[0m
2026-07-27 05:56:11 [INFO]: [0mGET /css/featured.css [36m304[0m 1.209 ms - -[0m
2026-07-27 05:56:11 [INFO]: [0mGET /css/why-choose.css [36m304[0m 0.669 ms - -[0m
2026-07-27 05:56:11 [INFO]: [0mGET /css/footer.css [36m304[0m 1.146 ms - -[0m
2026-07-27 05:56:11 [INFO]: [0mGET /css/auth.css [36m304[0m 2.083 ms - -[0m
2026-07-27 05:56:11 [INFO]: [0mGET /css/verify.css [36m304[0m 0.490 ms - -[0m
2026-07-27 05:56:36 [INFO]: [0mGET /auth/forgot-password [36m304[0m 8.713 ms - -[0m
2026-07-27 05:56:36 [INFO]: [0mGET /css/style.css [36m304[0m 1.135 ms - -[0m
2026-07-27 05:56:36 [INFO]: [0mGET /images/logo/plantora.png [36m304[0m 1.297 ms - -[0m
2026-07-27 05:56:36 [INFO]: [0mGET /images/logo/plantora-orgn-white.png [36m304[0m 0.610 ms - -[0m
2026-07-27 05:56:36 [INFO]: [0mGET /js/notification.js [36m304[0m 0.767 ms - -[0m
2026-07-27 05:56:36 [INFO]: [0mGET /js/footer.js [36m304[0m 0.981 ms - -[0m
2026-07-27 05:56:36 [INFO]: [0mGET /js/header.js [36m304[0m 1.259 ms - -[0m
2026-07-27 05:56:36 [INFO]: [0mGET /js/featured.js [36m304[0m 1.795 ms - -[0m
2026-07-27 05:56:36 [INFO]: [0mGET /js/why-choose.js [36m304[0m 2.424 ms - -[0m
2026-07-27 05:56:36 [INFO]: [0mGET /css/variables.css [36m304[0m 0.620 ms - -[0m
2026-07-27 05:56:36 [INFO]: [0mGET /css/utilities.css [36m304[0m 0.760 ms - -[0m
2026-07-27 05:56:36 [INFO]: [0mGET /css/animations.css [36m304[0m 1.038 ms - -[0m
2026-07-27 05:56:36 [INFO]: [0mGET /css/announcement.css [36m304[0m 1.254 ms - -[0m
2026-07-27 05:56:36 [INFO]: [0mGET /css/header.css [36m304[0m 1.464 ms - -[0m
2026-07-27 05:56:36 [INFO]: [0mGET /css/hero.css [36m304[0m 1.627 ms - -[0m
2026-07-27 05:56:36 [INFO]: [0mGET /css/featured.css [36m304[0m 0.249 ms - -[0m
2026-07-27 05:56:36 [INFO]: [0mGET /css/why-choose.css [36m304[0m 0.799 ms - -[0m
2026-07-27 05:56:36 [INFO]: [0mGET /css/footer.css [36m304[0m 0.958 ms - -[0m
2026-07-27 05:56:36 [INFO]: [0mGET /css/auth.css [36m304[0m 1.067 ms - -[0m
2026-07-27 05:56:36 [INFO]: [0mGET /css/verify.css [36m304[0m 1.176 ms - -[0m
2026-07-27 05:56:36 [INFO]: [0mGET /js/auth.js [36m304[0m 1.288 ms - -[0m
2026-07-27 05:56:41 [INFO]: [0mGET /auth/forgot-password?email=customer_0001%40yopmail.com [36m304[0m 8.669 ms - -[0m
2026-07-27 05:56:41 [INFO]: [0mGET /css/style.css [36m304[0m 1.060 ms - -[0m
2026-07-27 05:56:41 [INFO]: [0mGET /images/logo/plantora.png [36m304[0m 1.483 ms - -[0m
2026-07-27 05:56:41 [INFO]: [0mGET /images/logo/plantora-orgn-white.png [36m304[0m 1.848 ms - -[0m
2026-07-27 05:56:41 [INFO]: [0mGET /js/header.js [36m304[0m 1.654 ms - -[0m
2026-07-27 05:56:41 [INFO]: [0mGET /js/featured.js [36m304[0m 2.200 ms - -[0m
2026-07-27 05:56:41 [INFO]: [0mGET /js/why-choose.js [36m304[0m 2.875 ms - -[0m
2026-07-27 05:56:41 [INFO]: [0mGET /js/notification.js [36m304[0m 3.690 ms - -[0m
2026-07-27 05:56:41 [INFO]: [0mGET /js/footer.js [36m304[0m 3.790 ms - -[0m
2026-07-27 05:56:41 [INFO]: [0mGET /js/auth.js [36m304[0m 4.319 ms - -[0m
2026-07-27 05:56:41 [INFO]: [0mGET /css/variables.css [36m304[0m 1.334 ms - -[0m
2026-07-27 05:56:41 [INFO]: [0mGET /css/utilities.css [36m304[0m 1.647 ms - -[0m
2026-07-27 05:56:41 [INFO]: [0mGET /css/animations.css [36m304[0m 2.115 ms - -[0m
2026-07-27 05:56:41 [INFO]: [0mGET /css/announcement.css [36m304[0m 2.459 ms - -[0m
2026-07-27 05:56:41 [INFO]: [0mGET /css/header.css [36m304[0m 2.731 ms - -[0m
2026-07-27 05:56:41 [INFO]: [0mGET /css/hero.css [36m304[0m 2.961 ms - -[0m
2026-07-27 05:56:41 [INFO]: [0mGET /css/featured.css [36m304[0m 0.889 ms - -[0m
2026-07-27 05:56:41 [INFO]: [0mGET /css/why-choose.css [36m304[0m 1.026 ms - -[0m
2026-07-27 05:56:41 [INFO]: [0mGET /css/footer.css [36m304[0m 1.150 ms - -[0m
2026-07-27 05:56:41 [INFO]: [0mGET /css/auth.css [36m304[0m 1.328 ms - -[0m
2026-07-27 05:56:41 [INFO]: [0mGET /css/verify.css [36m304[0m 1.485 ms - -[0m
2026-07-27 05:57:32 [INFO]: [0mGET /auth/forgot-password?email=customer_0001%40yopmail.com [36m304[0m 3.464 ms - -[0m
2026-07-27 05:57:32 [INFO]: [0mGET /css/style.css [36m304[0m 1.091 ms - -[0m
2026-07-27 05:57:32 [INFO]: [0mGET /images/logo/plantora.png [36m304[0m 1.391 ms - -[0m
2026-07-27 05:57:32 [INFO]: [0mGET /images/logo/plantora-orgn-white.png [36m304[0m 0.893 ms - -[0m
2026-07-27 05:57:32 [INFO]: [0mGET /js/featured.js [36m304[0m 2.794 ms - -[0m
2026-07-27 05:57:32 [INFO]: [0mGET /js/header.js [36m304[0m 1.934 ms - -[0m
2026-07-27 05:57:32 [INFO]: [0mGET /js/footer.js [36m304[0m 1.646 ms - -[0m
2026-07-27 05:57:32 [INFO]: [0mGET /js/why-choose.js [36m304[0m 1.879 ms - -[0m
2026-07-27 05:57:32 [INFO]: [0mGET /js/notification.js [36m304[0m 2.058 ms - -[0m
2026-07-27 05:57:32 [INFO]: [0mGET /js/auth.js [36m304[0m 0.587 ms - -[0m
2026-07-27 05:57:32 [INFO]: [0mGET /css/variables.css [36m304[0m 0.683 ms - -[0m
2026-07-27 05:57:32 [INFO]: [0mGET /css/utilities.css [36m304[0m 0.922 ms - -[0m
2026-07-27 05:57:32 [INFO]: [0mGET /css/animations.css [36m304[0m 1.164 ms - -[0m
2026-07-27 05:57:32 [INFO]: [0mGET /css/announcement.css [36m304[0m 1.732 ms - -[0m
2026-07-27 05:57:32 [INFO]: [0mGET /css/header.css [36m304[0m 0.784 ms - -[0m
2026-07-27 05:57:32 [INFO]: [0mGET /css/hero.css [36m304[0m 1.544 ms - -[0m
2026-07-27 05:57:32 [INFO]: [0mGET /css/featured.css [36m304[0m 1.093 ms - -[0m
2026-07-27 05:57:32 [INFO]: [0mGET /css/why-choose.css [36m304[0m 1.634 ms - -[0m
2026-07-27 05:57:32 [INFO]: [0mGET /css/footer.css [36m304[0m 3.090 ms - -[0m
2026-07-27 05:57:32 [INFO]: [0mGET /css/auth.css [36m304[0m 0.793 ms - -[0m
2026-07-27 05:57:32 [INFO]: [0mGET /css/verify.css [36m304[0m 0.915 ms - -[0m
2026-07-27 06:06:15 [INFO]: MongoDB connected successfully.
2026-07-27 06:06:17 [INFO]: Email server connected successfully.
2026-07-27 06:06:17 [INFO]: Server is running on port 5132.
2026-07-27 06:07:03 [INFO]: MongoDB connected successfully.
2026-07-27 06:07:05 [INFO]: Email server connected successfully.
2026-07-27 06:07:05 [INFO]: Server is running on port 5132.
2026-07-27 06:07:16 [INFO]: [0mGET / [36m304[0m 29.174 ms - -[0m
2026-07-27 06:07:16 [INFO]: [0mGET /css/style.css [36m304[0m 1.240 ms - -[0m
2026-07-27 06:07:16 [INFO]: [0mGET /images/logo/plantora.png [36m304[0m 0.604 ms - -[0m
2026-07-27 06:07:16 [INFO]: [0mGET /images/hero/monstera-plant.jpg [36m304[0m 0.850 ms - -[0m
2026-07-27 06:07:16 [INFO]: [0mGET /images/hero/hero-placeholder.png [36m304[0m 1.128 ms - -[0m
2026-07-27 06:07:16 [INFO]: [0mGET /images/hero/snake-plant.jpg [36m304[0m 0.742 ms - -[0m
2026-07-27 06:07:16 [INFO]: [0mGET /images/hero/peace-lily.jpg [36m304[0m 1.056 ms - -[0m
2026-07-27 06:07:16 [INFO]: [0mGET /js/header.js [36m304[0m 2.219 ms - -[0m
2026-07-27 06:07:16 [INFO]: [0mGET /js/featured.js [36m304[0m 1.440 ms - -[0m
2026-07-27 06:07:16 [INFO]: [0mGET /css/variables.css [36m304[0m 0.598 ms - -[0m
2026-07-27 06:07:16 [INFO]: [0mGET /css/utilities.css [36m304[0m 1.565 ms - -[0m
2026-07-27 06:07:16 [INFO]: [0mGET /css/animations.css [36m304[0m 1.197 ms - -[0m
2026-07-27 06:07:16 [INFO]: [0mGET /css/announcement.css [36m304[0m 1.415 ms - -[0m
2026-07-27 06:07:16 [INFO]: [0mGET /css/header.css [36m304[0m 1.651 ms - -[0m
2026-07-27 06:07:16 [INFO]: [0mGET /css/hero.css [36m304[0m 2.078 ms - -[0m
2026-07-27 06:07:16 [INFO]: [0mGET /css/featured.css [36m304[0m 0.417 ms - -[0m
2026-07-27 06:07:16 [INFO]: [0mGET /css/why-choose.css [36m304[0m 0.547 ms - -[0m
2026-07-27 06:07:16 [INFO]: [0mGET /css/footer.css [36m304[0m 0.583 ms - -[0m
2026-07-27 06:07:16 [INFO]: [0mGET /css/auth.css [36m304[0m 0.718 ms - -[0m
2026-07-27 06:07:16 [INFO]: [0mGET /css/verify.css [36m304[0m 1.770 ms - -[0m
2026-07-27 06:07:16 [INFO]: [0mGET /js/why-choose.js [36m304[0m 1.250 ms - -[0m
2026-07-27 06:07:16 [INFO]: [0mGET /js/notification.js [36m304[0m 1.369 ms - -[0m
2026-07-27 06:07:16 [INFO]: [0mGET /js/footer.js [36m304[0m 0.801 ms - -[0m
2026-07-27 06:07:16 [INFO]: [0mGET /js/auth.js [36m304[0m 1.493 ms - -[0m
2026-07-27 06:07:16 [INFO]: [0mGET /images/hero/tulip-plant.jpg [36m304[0m 0.814 ms - -[0m
2026-07-27 06:07:16 [INFO]: [0mGET /images/hero/rubber-plant.jpg [36m304[0m 1.015 ms - -[0m
2026-07-27 06:07:16 [INFO]: [0mGET /images/hero/aloe-vera.jpg [36m304[0m 0.305 ms - -[0m
2026-07-27 06:07:16 [INFO]: [0mGET /images/hero/areca-palm.jpg [36m304[0m 0.450 ms - -[0m
2026-07-27 06:07:16 [INFO]: [0mGET /images/hero/jade-plant.jpg [36m304[0m 0.247 ms - -[0m
2026-07-27 06:07:16 [INFO]: [0mGET /images/hero/golden-pothos.jpg [36m304[0m 0.181 ms - -[0m
2026-07-27 06:07:16 [INFO]: [0mGET /images/hero/fiddle-leaf-fig.jpg [36m304[0m 0.375 ms - -[0m
2026-07-27 06:07:16 [INFO]: [0mGET /images/hero/why-choose.jpg [36m304[0m 0.222 ms - -[0m
2026-07-27 06:07:16 [INFO]: [0mGET /images/logo/plantora-orgn-white.png [36m304[0m 0.422 ms - -[0m
2026-07-27 06:07:16 [INFO]: [0mGET / [36m304[0m 5.425 ms - -[0m
2026-07-27 06:07:16 [INFO]: [0mGET /css/style.css [36m304[0m 1.298 ms - -[0m
2026-07-27 06:07:16 [INFO]: [0mGET /images/logo/plantora.png [36m304[0m 1.951 ms - -[0m
2026-07-27 06:07:16 [INFO]: [0mGET /images/hero/hero-placeholder.png [36m304[0m 2.368 ms - -[0m
2026-07-27 06:07:16 [INFO]: [0mGET /images/hero/monstera-plant.jpg [36m304[0m 1.308 ms - -[0m
2026-07-27 06:07:16 [INFO]: [0mGET /images/hero/snake-plant.jpg [36m304[0m 1.627 ms - -[0m
2026-07-27 06:07:16 [INFO]: [0mGET /images/hero/peace-lily.jpg [36m304[0m 1.877 ms - -[0m
2026-07-27 06:07:16 [INFO]: [0mGET /js/header.js [36m304[0m 2.127 ms - -[0m
2026-07-27 06:07:17 [INFO]: [0mGET /js/featured.js [36m304[0m 2.632 ms - -[0m
2026-07-27 06:07:17 [INFO]: [0mGET /css/variables.css [36m304[0m 0.365 ms - -[0m
2026-07-27 06:07:17 [INFO]: [0mGET /css/utilities.css [36m304[0m 0.683 ms - -[0m
2026-07-27 06:07:17 [INFO]: [0mGET /css/animations.css [36m304[0m 0.908 ms - -[0m
2026-07-27 06:07:17 [INFO]: [0mGET /css/announcement.css [36m304[0m 1.172 ms - -[0m
2026-07-27 06:07:17 [INFO]: [0mGET /css/header.css [36m304[0m 1.409 ms - -[0m
2026-07-27 06:07:17 [INFO]: [0mGET /css/hero.css [36m304[0m 1.787 ms - -[0m
2026-07-27 06:07:17 [INFO]: [0mGET /css/featured.css [36m304[0m 0.496 ms - -[0m
2026-07-27 06:07:17 [INFO]: [0mGET /css/why-choose.css [36m304[0m 0.490 ms - -[0m
2026-07-27 06:07:17 [INFO]: [0mGET /css/footer.css [36m304[0m 0.653 ms - -[0m
2026-07-27 06:07:17 [INFO]: [0mGET /css/auth.css [36m304[0m 0.808 ms - -[0m
2026-07-27 06:07:17 [INFO]: [0mGET /css/verify.css [36m304[0m 1.273 ms - -[0m
2026-07-27 06:07:17 [INFO]: [0mGET /js/why-choose.js [36m304[0m 0.644 ms - -[0m
2026-07-27 06:07:17 [INFO]: [0mGET /js/notification.js [36m304[0m 1.461 ms - -[0m
2026-07-27 06:07:17 [INFO]: [0mGET /js/footer.js [36m304[0m 0.917 ms - -[0m
2026-07-27 06:07:17 [INFO]: [0mGET /js/auth.js [36m304[0m 1.091 ms - -[0m
2026-07-27 06:07:17 [INFO]: [0mGET /images/hero/tulip-plant.jpg [36m304[0m 1.528 ms - -[0m
2026-07-27 06:07:17 [INFO]: [0mGET /images/hero/rubber-plant.jpg [36m304[0m 0.607 ms - -[0m
2026-07-27 06:07:17 [INFO]: [0mGET /images/hero/aloe-vera.jpg [36m304[0m 1.066 ms - -[0m
2026-07-27 06:07:17 [INFO]: [0mGET /images/hero/areca-palm.jpg [36m304[0m 0.666 ms - -[0m
2026-07-27 06:07:17 [INFO]: [0mGET /images/hero/jade-plant.jpg [36m304[0m 0.862 ms - -[0m
2026-07-27 06:07:17 [INFO]: [0mGET /images/hero/golden-pothos.jpg [36m304[0m 1.038 ms - -[0m
2026-07-27 06:07:17 [INFO]: [0mGET /images/hero/fiddle-leaf-fig.jpg [36m304[0m 0.309 ms - -[0m
2026-07-27 06:07:17 [INFO]: [0mGET /images/hero/why-choose.jpg [36m304[0m 0.451 ms - -[0m
2026-07-27 06:07:17 [INFO]: [0mGET /images/logo/plantora-orgn-white.png [36m304[0m 0.632 ms - -[0m
2026-07-27 06:07:17 [INFO]: [0mGET / [36m304[0m 8.391 ms - -[0m
2026-07-27 06:07:17 [INFO]: [0mGET /css/style.css [36m304[0m 0.585 ms - -[0m
2026-07-27 06:07:17 [INFO]: [0mGET /images/logo/plantora.png [36m304[0m 0.879 ms - -[0m
2026-07-27 06:07:17 [INFO]: [0mGET /images/hero/hero-placeholder.png [36m304[0m 1.785 ms - -[0m
2026-07-27 06:07:17 [INFO]: [0mGET /images/hero/monstera-plant.jpg [36m304[0m 0.369 ms - -[0m
2026-07-27 06:07:17 [INFO]: [0mGET /images/hero/snake-plant.jpg [36m304[0m 0.729 ms - -[0m
2026-07-27 06:07:17 [INFO]: [0mGET /images/hero/peace-lily.jpg [36m304[0m 1.483 ms - -[0m
2026-07-27 06:07:17 [INFO]: [0mGET /js/header.js [36m304[0m 2.104 ms - -[0m
2026-07-27 06:07:17 [INFO]: [0mGET /js/featured.js [36m304[0m 2.668 ms - -[0m
2026-07-27 06:07:17 [INFO]: [0mGET /js/why-choose.js [36m304[0m 2.969 ms - -[0m
2026-07-27 06:07:17 [INFO]: [0mGET /js/notification.js [36m304[0m 0.604 ms - -[0m
2026-07-27 06:07:17 [INFO]: [0mGET /js/footer.js [36m304[0m 0.821 ms - -[0m
2026-07-27 06:07:17 [INFO]: [0mGET /js/auth.js [36m304[0m 1.099 ms - -[0m
2026-07-27 06:07:17 [INFO]: [0mGET /images/hero/tulip-plant.jpg [36m304[0m 1.628 ms - -[0m
2026-07-27 06:07:17 [INFO]: [0mGET /images/hero/rubber-plant.jpg [36m304[0m 0.644 ms - -[0m
2026-07-27 06:07:17 [INFO]: [0mGET /images/hero/aloe-vera.jpg [36m304[0m 0.744 ms - -[0m
2026-07-27 06:07:17 [INFO]: [0mGET /images/hero/areca-palm.jpg [36m304[0m 0.416 ms - -[0m
2026-07-27 06:07:17 [INFO]: [0mGET /images/hero/jade-plant.jpg [36m304[0m 0.757 ms - -[0m
2026-07-27 06:07:17 [INFO]: [0mGET /images/hero/golden-pothos.jpg [36m304[0m 1.508 ms - -[0m
2026-07-27 06:07:17 [INFO]: [0mGET /images/hero/fiddle-leaf-fig.jpg [36m304[0m 0.789 ms - -[0m
2026-07-27 06:07:17 [INFO]: [0mGET /images/hero/why-choose.jpg [36m304[0m 0.926 ms - -[0m
2026-07-27 06:07:17 [INFO]: [0mGET /images/logo/plantora-orgn-white.png [36m304[0m 1.584 ms - -[0m
2026-07-27 06:07:17 [INFO]: [0mGET /css/variables.css [36m304[0m 0.718 ms - -[0m
2026-07-27 06:07:17 [INFO]: [0mGET /css/utilities.css [36m304[0m 1.319 ms - -[0m
2026-07-27 06:07:17 [INFO]: [0mGET /css/animations.css [36m304[0m 0.751 ms - -[0m
2026-07-27 06:07:17 [INFO]: [0mGET /css/announcement.css [36m304[0m 0.924 ms - -[0m
2026-07-27 06:07:17 [INFO]: [0mGET /css/header.css [36m304[0m 1.193 ms - -[0m
2026-07-27 06:07:17 [INFO]: [0mGET /css/hero.css [36m304[0m 0.236 ms - -[0m
2026-07-27 06:07:17 [INFO]: [0mGET /css/featured.css [36m304[0m 1.137 ms - -[0m
2026-07-27 06:07:17 [INFO]: [0mGET /css/why-choose.css [36m304[0m 0.991 ms - -[0m
2026-07-27 06:07:17 [INFO]: [0mGET /css/footer.css [36m304[0m 1.178 ms - -[0m
2026-07-27 06:07:17 [INFO]: [0mGET /css/auth.css [36m304[0m 1.465 ms - -[0m
2026-07-27 06:07:17 [INFO]: [0mGET /css/verify.css [36m304[0m 1.655 ms - -[0m
2026-07-27 06:07:17 [INFO]: [0mGET / [36m304[0m 9.042 ms - -[0m
2026-07-27 06:07:17 [INFO]: [0mGET /css/style.css [36m304[0m 1.069 ms - -[0m
2026-07-27 06:07:17 [INFO]: [0mGET /images/logo/plantora.png [36m304[0m 1.565 ms - -[0m
2026-07-27 06:07:17 [INFO]: [0mGET /images/hero/hero-placeholder.png [36m304[0m 1.990 ms - -[0m
2026-07-27 06:07:17 [INFO]: [0mGET /images/hero/monstera-plant.jpg [36m304[0m 1.356 ms - -[0m
2026-07-27 06:07:17 [INFO]: [0mGET /images/hero/snake-plant.jpg [36m304[0m 1.953 ms - -[0m
2026-07-27 06:07:17 [INFO]: [0mGET /images/hero/peace-lily.jpg [36m304[0m 2.412 ms - -[0m
2026-07-27 06:07:17 [INFO]: [0mGET /js/header.js [36m304[0m 2.811 ms - -[0m
2026-07-27 06:07:17 [INFO]: [0mGET /js/featured.js [36m304[0m 3.145 ms - -[0m
2026-07-27 06:07:17 [INFO]: [0mGET /js/why-choose.js [36m304[0m 3.483 ms - -[0m
2026-07-27 06:07:17 [INFO]: [0mGET /css/variables.css [36m304[0m 0.657 ms - -[0m
2026-07-27 06:07:17 [INFO]: [0mGET /css/utilities.css [36m304[0m 0.824 ms - -[0m
2026-07-27 06:07:17 [INFO]: [0mGET /css/animations.css [36m304[0m 1.125 ms - -[0m
2026-07-27 06:07:17 [INFO]: [0mGET /css/announcement.css [36m304[0m 1.599 ms - -[0m
2026-07-27 06:07:17 [INFO]: [0mGET /css/header.css [36m304[0m 0.601 ms - -[0m
2026-07-27 06:07:17 [INFO]: [0mGET /css/hero.css [36m304[0m 1.325 ms - -[0m
2026-07-27 06:07:17 [INFO]: [0mGET /css/featured.css [36m304[0m 0.867 ms - -[0m
2026-07-27 06:07:17 [INFO]: [0mGET /css/why-choose.css [36m304[0m 1.079 ms - -[0m
2026-07-27 06:07:17 [INFO]: [0mGET /css/footer.css [36m304[0m 1.631 ms - -[0m
2026-07-27 06:07:17 [INFO]: [0mGET /css/auth.css [36m304[0m 0.684 ms - -[0m
2026-07-27 06:07:17 [INFO]: [0mGET /css/verify.css [36m304[0m 0.828 ms - -[0m
2026-07-27 06:07:17 [INFO]: [0mGET /js/notification.js [36m304[0m 0.452 ms - -[0m
2026-07-27 06:07:17 [INFO]: [0mGET /js/footer.js [36m304[0m 0.623 ms - -[0m
2026-07-27 06:07:17 [INFO]: [0mGET /js/auth.js [36m304[0m 0.805 ms - -[0m
2026-07-27 06:07:17 [INFO]: [0mGET /images/hero/tulip-plant.jpg [36m304[0m 0.460 ms - -[0m
2026-07-27 06:07:17 [INFO]: [0mGET /images/hero/rubber-plant.jpg [36m304[0m 0.622 ms - -[0m
2026-07-27 06:07:17 [INFO]: [0mGET /images/hero/aloe-vera.jpg [36m304[0m 0.786 ms - -[0m
2026-07-27 06:07:17 [INFO]: [0mGET /images/hero/areca-palm.jpg [36m304[0m 0.453 ms - -[0m
2026-07-27 06:07:17 [INFO]: [0mGET /images/hero/jade-plant.jpg [36m304[0m 0.714 ms - -[0m
2026-07-27 06:07:17 [INFO]: [0mGET /images/hero/golden-pothos.jpg [36m304[0m 0.911 ms - -[0m
2026-07-27 06:07:17 [INFO]: [0mGET /images/hero/fiddle-leaf-fig.jpg [36m304[0m 0.443 ms - -[0m
2026-07-27 06:07:17 [INFO]: [0mGET /images/hero/why-choose.jpg [36m304[0m 0.579 ms - -[0m
2026-07-27 06:07:17 [INFO]: [0mGET /images/logo/plantora-orgn-white.png [36m304[0m 0.740 ms - -[0m
2026-07-27 06:07:19 [INFO]: [0mGET /auth/forgot-password [36m304[0m 3.962 ms - -[0m
2026-07-27 06:07:19 [INFO]: [0mGET /css/style.css [36m304[0m 0.936 ms - -[0m
2026-07-27 06:07:19 [INFO]: [0mGET /images/logo/plantora.png [36m304[0m 1.359 ms - -[0m
2026-07-27 06:07:19 [INFO]: [0mGET /images/logo/plantora-orgn-white.png [36m304[0m 1.873 ms - -[0m
2026-07-27 06:07:19 [INFO]: [0mGET /js/header.js [36m304[0m 2.100 ms - -[0m
2026-07-27 06:07:19 [INFO]: [0mGET /js/featured.js [36m304[0m 2.565 ms - -[0m
2026-07-27 06:07:19 [INFO]: [0mGET /js/why-choose.js [36m304[0m 2.898 ms - -[0m
2026-07-27 06:07:19 [INFO]: [0mGET /js/notification.js [36m304[0m 3.368 ms - -[0m
2026-07-27 06:07:19 [INFO]: [0mGET /js/footer.js [36m304[0m 3.495 ms - -[0m
2026-07-27 06:07:19 [INFO]: [0mGET /js/auth.js [36m304[0m 3.282 ms - -[0m
2026-07-27 06:07:19 [INFO]: [0mGET /css/variables.css [36m304[0m 1.202 ms - -[0m
2026-07-27 06:07:19 [INFO]: [0mGET /css/utilities.css [36m304[0m 1.257 ms - -[0m
2026-07-27 06:07:19 [INFO]: [0mGET /css/animations.css [36m304[0m 1.430 ms - -[0m
2026-07-27 06:07:19 [INFO]: [0mGET /css/announcement.css [36m304[0m 1.589 ms - -[0m
2026-07-27 06:07:19 [INFO]: [0mGET /css/header.css [36m304[0m 1.792 ms - -[0m
2026-07-27 06:07:19 [INFO]: [0mGET /css/hero.css [36m304[0m 2.503 ms - -[0m
2026-07-27 06:07:19 [INFO]: [0mGET /css/featured.css [36m304[0m 0.686 ms - -[0m
2026-07-27 06:07:19 [INFO]: [0mGET /css/why-choose.css [36m304[0m 0.839 ms - -[0m
2026-07-27 06:07:19 [INFO]: [0mGET /css/footer.css [36m304[0m 0.994 ms - -[0m
2026-07-27 06:07:19 [INFO]: [0mGET /css/auth.css [36m304[0m 1.194 ms - -[0m
2026-07-27 06:07:19 [INFO]: [0mGET /css/verify.css [36m304[0m 1.426 ms - -[0m
2026-07-27 06:07:25 [INFO]: [0mGET /auth/forgot-password?email=customer_0001%40yopmail.com [36m304[0m 6.852 ms - -[0m
2026-07-27 06:07:25 [INFO]: [0mGET /css/style.css [36m304[0m 0.746 ms - -[0m
2026-07-27 06:07:25 [INFO]: [0mGET /images/logo/plantora.png [36m304[0m 1.132 ms - -[0m
2026-07-27 06:07:25 [INFO]: [0mGET /images/logo/plantora-orgn-white.png [36m304[0m 1.324 ms - -[0m
2026-07-27 06:07:25 [INFO]: [0mGET /js/header.js [36m304[0m 1.100 ms - -[0m
2026-07-27 06:07:25 [INFO]: [0mGET /js/featured.js [36m304[0m 1.579 ms - -[0m
2026-07-27 06:07:25 [INFO]: [0mGET /js/why-choose.js [36m304[0m 1.959 ms - -[0m
2026-07-27 06:07:25 [INFO]: [0mGET /js/notification.js [36m304[0m 2.263 ms - -[0m
2026-07-27 06:07:25 [INFO]: [0mGET /js/footer.js [36m304[0m 0.691 ms - -[0m
2026-07-27 06:07:25 [INFO]: [0mGET /js/auth.js [36m304[0m 2.346 ms - -[0m
2026-07-27 06:07:25 [INFO]: [0mGET /css/variables.css [36m304[0m 1.808 ms - -[0m
2026-07-27 06:07:25 [INFO]: [0mGET /css/utilities.css [36m304[0m 2.066 ms - -[0m
2026-07-27 06:07:25 [INFO]: [0mGET /css/animations.css [36m304[0m 2.323 ms - -[0m
2026-07-27 06:07:25 [INFO]: [0mGET /css/announcement.css [36m304[0m 2.508 ms - -[0m
2026-07-27 06:07:25 [INFO]: [0mGET /css/header.css [36m304[0m 0.603 ms - -[0m
2026-07-27 06:07:25 [INFO]: [0mGET /css/hero.css [36m304[0m 1.462 ms - -[0m
2026-07-27 06:07:25 [INFO]: [0mGET /css/featured.css [36m304[0m 1.094 ms - -[0m
2026-07-27 06:07:25 [INFO]: [0mGET /css/why-choose.css [36m304[0m 1.390 ms - -[0m
2026-07-27 06:07:25 [INFO]: [0mGET /css/footer.css [36m304[0m 2.257 ms - -[0m
2026-07-27 06:07:25 [INFO]: [0mGET /css/auth.css [36m304[0m 2.473 ms - -[0m
2026-07-27 06:07:25 [INFO]: [0mGET /css/verify.css [36m304[0m 0.221 ms - -[0m
2026-07-27 06:07:37 [INFO]: [0mGET /css/style.css [36m304[0m 0.683 ms - -[0m
2026-07-27 06:07:37 [INFO]: [0mGET /css/variables.css [36m304[0m 0.698 ms - -[0m
2026-07-27 06:07:37 [INFO]: [0mGET /css/utilities.css [36m304[0m 0.284 ms - -[0m
2026-07-27 06:07:37 [INFO]: [0mGET /css/animations.css [36m304[0m 0.497 ms - -[0m
2026-07-27 06:07:37 [INFO]: [0mGET /css/hero.css [36m304[0m 0.317 ms - -[0m
2026-07-27 06:07:37 [INFO]: [0mGET /css/announcement.css [36m304[0m 0.458 ms - -[0m
2026-07-27 06:07:37 [INFO]: [0mGET /css/header.css [36m304[0m 0.744 ms - -[0m
2026-07-27 06:07:37 [INFO]: [0mGET /css/featured.css [36m304[0m 1.321 ms - -[0m
2026-07-27 06:07:37 [INFO]: [0mGET /css/why-choose.css [36m304[0m 0.465 ms - -[0m
2026-07-27 06:07:37 [INFO]: [0mGET /css/footer.css [36m304[0m 0.945 ms - -[0m
2026-07-27 06:07:37 [INFO]: [0mGET /css/auth.css [36m304[0m 0.473 ms - -[0m
2026-07-27 06:07:37 [INFO]: [0mGET /css/verify.css [36m304[0m 0.610 ms - -[0m
2026-07-27 06:07:37 [INFO]: [0mGET /.well-known/appspecific/com.chrome.devtools.json [33m404[0m 1.282 ms - 112[0m
2026-07-27 06:07:46 [INFO]: [0mGET /auth/forgot-password?email=customer_0001%40yopmail.com [36m304[0m 3.423 ms - -[0m
2026-07-27 06:07:46 [INFO]: [0mGET /css/style.css [36m304[0m 0.349 ms - -[0m
2026-07-27 06:07:46 [INFO]: [0mGET /images/logo/plantora.png [36m304[0m 0.433 ms - -[0m
2026-07-27 06:07:46 [INFO]: [0mGET /images/logo/plantora-orgn-white.png [36m304[0m 0.658 ms - -[0m
2026-07-27 06:07:46 [INFO]: [0mGET /js/header.js [36m304[0m 0.400 ms - -[0m
2026-07-27 06:07:46 [INFO]: [0mGET /js/featured.js [36m304[0m 1.210 ms - -[0m
2026-07-27 06:07:46 [INFO]: [0mGET /js/why-choose.js [36m304[0m 0.407 ms - -[0m
2026-07-27 06:07:46 [INFO]: [0mGET /js/notification.js [36m304[0m 0.828 ms - -[0m
2026-07-27 06:07:46 [INFO]: [0mGET /js/footer.js [36m304[0m 0.711 ms - -[0m
2026-07-27 06:07:46 [INFO]: [0mGET /js/auth.js [36m304[0m 0.228 ms - -[0m
2026-07-27 06:07:46 [INFO]: [0mGET /css/variables.css [36m304[0m 0.595 ms - -[0m
2026-07-27 06:07:46 [INFO]: [0mGET /css/utilities.css [36m304[0m 0.809 ms - -[0m
2026-07-27 06:07:46 [INFO]: [0mGET /css/animations.css [36m304[0m 1.116 ms - -[0m
2026-07-27 06:07:46 [INFO]: [0mGET /css/announcement.css [36m304[0m 0.217 ms - -[0m
2026-07-27 06:07:46 [INFO]: [0mGET /css/hero.css [36m304[0m 0.804 ms - -[0m
2026-07-27 06:07:46 [INFO]: [0mGET /css/featured.css [36m304[0m 0.899 ms - -[0m
2026-07-27 06:07:46 [INFO]: [0mGET /css/header.css [36m304[0m 1.123 ms - -[0m
2026-07-27 06:07:46 [INFO]: [0mGET /css/auth.css [36m304[0m 1.435 ms - -[0m
2026-07-27 06:07:46 [INFO]: [0mGET /css/why-choose.css [36m304[0m 0.429 ms - -[0m
2026-07-27 06:07:46 [INFO]: [0mGET /css/footer.css [36m304[0m 0.649 ms - -[0m
2026-07-27 06:07:46 [INFO]: [0mGET /css/verify.css [36m304[0m 0.639 ms - -[0m
2026-07-27 06:07:46 [INFO]: [0mGET /.well-known/appspecific/com.chrome.devtools.json [33m404[0m 1.496 ms - 112[0m
2026-07-27 06:14:18 [INFO]: MongoDB connected successfully.
2026-07-27 06:14:19 [INFO]: MongoDB connected successfully.
2026-07-27 06:14:22 [INFO]: Email server connected successfully.
2026-07-27 06:14:22 [INFO]: Server is running on port 5132.
2026-07-27 06:15:33 [INFO]: MongoDB connected successfully.
2026-07-27 06:15:36 [INFO]: Email server connected successfully.
2026-07-27 06:15:36 [INFO]: Server is running on port 5132.
2026-07-27 06:16:02 [INFO]: MongoDB connected successfully.
2026-07-27 06:16:05 [INFO]: Email server connected successfully.
2026-07-27 06:16:05 [INFO]: Server is running on port 5132.
2026-07-27 06:16:17 [INFO]: MongoDB connected successfully.
2026-07-27 06:16:20 [INFO]: Email server connected successfully.
2026-07-27 06:16:20 [INFO]: Server is running on port 5132.
2026-07-27 06:16:50 [INFO]: MongoDB connected successfully.
2026-07-27 06:16:53 [INFO]: Email server connected successfully.
2026-07-27 06:16:53 [INFO]: Server is running on port 5132.
2026-07-27 06:16:54 [INFO]: MongoDB connected successfully.
2026-07-27 06:16:58 [INFO]: MongoDB connected successfully.
2026-07-27 06:17:01 [INFO]: MongoDB connected successfully.
2026-07-27 06:17:04 [INFO]: Email server connected successfully.
2026-07-27 06:17:04 [INFO]: Server is running on port 5132.
2026-07-27 06:17:29 [INFO]: MongoDB connected successfully.
2026-07-27 06:17:32 [INFO]: MongoDB connected successfully.
2026-07-27 06:17:35 [INFO]: Email server connected successfully.
2026-07-27 06:17:35 [INFO]: Server is running on port 5132.
2026-07-27 06:17:52 [INFO]: [0mGET /auth/forgot-password?email=customer_0001%40yopmail.com [36m304[0m 20.687 ms - -[0m
2026-07-27 06:17:52 [INFO]: [0mGET /css/style.css [36m304[0m 1.620 ms - -[0m
2026-07-27 06:17:52 [INFO]: [0mGET /images/logo/plantora.png [36m304[0m 1.823 ms - -[0m
2026-07-27 06:17:52 [INFO]: [0mGET /images/logo/plantora-orgn-white.png [36m304[0m 0.402 ms - -[0m
2026-07-27 06:17:52 [INFO]: [0mGET /js/why-choose.js [36m304[0m 1.064 ms - -[0m
2026-07-27 06:17:52 [INFO]: [0mGET /js/header.js [36m304[0m 1.598 ms - -[0m
2026-07-27 06:17:52 [INFO]: [0mGET /js/featured.js [36m304[0m 1.967 ms - -[0m
2026-07-27 06:17:52 [INFO]: [0mGET /js/notification.js [36m304[0m 2.170 ms - -[0m
2026-07-27 06:17:52 [INFO]: [0mGET /js/footer.js [36m304[0m 0.765 ms - -[0m
2026-07-27 06:17:52 [INFO]: [0mGET /css/variables.css [36m304[0m 0.958 ms - -[0m
2026-07-27 06:17:52 [INFO]: [0mGET /css/utilities.css [36m304[0m 1.127 ms - -[0m
2026-07-27 06:17:52 [INFO]: [0mGET /css/animations.css [36m304[0m 1.036 ms - -[0m
2026-07-27 06:17:52 [INFO]: [0mGET /css/announcement.css [36m304[0m 1.251 ms - -[0m
2026-07-27 06:17:52 [INFO]: [0mGET /js/auth.js [36m304[0m 1.422 ms - -[0m
2026-07-27 06:17:52 [INFO]: [0mGET /css/header.css [36m304[0m 0.342 ms - -[0m
2026-07-27 06:17:52 [INFO]: [0mGET /css/hero.css [36m304[0m 0.534 ms - -[0m
2026-07-27 06:17:52 [INFO]: [0mGET /css/featured.css [36m304[0m 0.799 ms - -[0m
2026-07-27 06:17:52 [INFO]: [0mGET /css/why-choose.css [36m304[0m 1.163 ms - -[0m
2026-07-27 06:17:52 [INFO]: [0mGET /css/footer.css [36m304[0m 1.421 ms - -[0m
2026-07-27 06:17:52 [INFO]: [0mGET /css/auth.css [36m304[0m 1.769 ms - -[0m
2026-07-27 06:17:52 [INFO]: [0mGET /css/verify.css [36m304[0m 0.607 ms - -[0m
2026-07-27 06:17:52 [INFO]: [0mGET /.well-known/appspecific/com.chrome.devtools.json [33m404[0m 1.677 ms - 112[0m
2026-07-27 06:17:54 [INFO]: [0mGET / [36m304[0m 11.880 ms - -[0m
2026-07-27 06:17:54 [INFO]: [0mGET /css/style.css [36m304[0m 0.532 ms - -[0m
2026-07-27 06:17:54 [INFO]: [0mGET /images/logo/plantora.png [36m304[0m 0.802 ms - -[0m
2026-07-27 06:17:54 [INFO]: [0mGET /images/hero/hero-placeholder.png [36m304[0m 1.690 ms - -[0m
2026-07-27 06:17:54 [INFO]: [0mGET /images/logo/plantora-orgn-white.png [36m304[0m 0.647 ms - -[0m
2026-07-27 06:17:54 [INFO]: [0mGET /images/hero/monstera-plant.jpg [36m304[0m 0.865 ms - -[0m
2026-07-27 06:17:54 [INFO]: [0mGET /images/hero/snake-plant.jpg [36m304[0m 1.221 ms - -[0m
2026-07-27 06:17:54 [INFO]: [0mGET /images/hero/peace-lily.jpg [36m304[0m 1.807 ms - -[0m
2026-07-27 06:17:54 [INFO]: [0mGET /js/header.js [36m304[0m 0.895 ms - -[0m
2026-07-27 06:17:54 [INFO]: [0mGET /js/featured.js [36m304[0m 1.409 ms - -[0m
2026-07-27 06:17:54 [INFO]: [0mGET /css/variables.css [36m304[0m 1.226 ms - -[0m
2026-07-27 06:17:54 [INFO]: [0mGET /css/utilities.css [36m304[0m 1.408 ms - -[0m
2026-07-27 06:17:54 [INFO]: [0mGET /css/animations.css [36m304[0m 1.743 ms - -[0m
2026-07-27 06:17:54 [INFO]: [0mGET /css/announcement.css [36m304[0m 1.897 ms - -[0m
2026-07-27 06:17:54 [INFO]: [0mGET /css/header.css [36m304[0m 1.164 ms - -[0m
2026-07-27 06:17:54 [INFO]: [0mGET /css/hero.css [36m304[0m 1.357 ms - -[0m
2026-07-27 06:17:54 [INFO]: [0mGET /css/featured.css [36m304[0m 1.572 ms - -[0m
2026-07-27 06:17:54 [INFO]: [0mGET /css/why-choose.css [36m304[0m 1.890 ms - -[0m
2026-07-27 06:17:54 [INFO]: [0mGET /css/footer.css [36m304[0m 2.888 ms - -[0m
2026-07-27 06:17:54 [INFO]: [0mGET /css/auth.css [36m304[0m 0.871 ms - -[0m
2026-07-27 06:17:54 [INFO]: [0mGET /.well-known/appspecific/com.chrome.devtools.json [33m404[0m 1.258 ms - 112[0m
2026-07-27 06:17:54 [INFO]: [0mGET /css/verify.css [36m304[0m 2.210 ms - -[0m
2026-07-27 06:17:54 [INFO]: [0mGET /js/why-choose.js [36m304[0m 1.238 ms - -[0m
2026-07-27 06:17:54 [INFO]: [0mGET /js/notification.js [36m304[0m 1.014 ms - -[0m
2026-07-27 06:17:54 [INFO]: [0mGET /js/footer.js [36m304[0m 1.212 ms - -[0m
2026-07-27 06:17:54 [INFO]: [0mGET /js/auth.js [36m304[0m 1.542 ms - -[0m
2026-07-27 06:17:54 [INFO]: [0mGET /images/hero/tulip-plant.jpg [36m304[0m 0.999 ms - -[0m
2026-07-27 06:17:54 [INFO]: [0mGET /images/hero/rubber-plant.jpg [36m304[0m 0.811 ms - -[0m
2026-07-27 06:17:54 [INFO]: [0mGET /images/hero/aloe-vera.jpg [36m304[0m 0.952 ms - -[0m
2026-07-27 06:17:54 [INFO]: [0mGET /images/hero/areca-palm.jpg [36m304[0m 1.822 ms - -[0m
2026-07-27 06:17:54 [INFO]: [0mGET /images/hero/jade-plant.jpg [36m304[0m 0.529 ms - -[0m
2026-07-27 06:17:54 [INFO]: [0mGET /images/hero/golden-pothos.jpg [36m304[0m 0.193 ms - -[0m
2026-07-27 06:17:54 [INFO]: [0mGET /images/hero/fiddle-leaf-fig.jpg [36m304[0m 0.280 ms - -[0m
2026-07-27 06:17:54 [INFO]: [0mGET /images/hero/why-choose.jpg [36m304[0m 0.214 ms - -[0m
2026-07-27 06:17:57 [INFO]: [0mGET /auth/forgot-password [36m304[0m 8.565 ms - -[0m
2026-07-27 06:17:57 [INFO]: [0mGET /css/style.css [36m304[0m 0.464 ms - -[0m
2026-07-27 06:17:57 [INFO]: [0mGET /images/logo/plantora.png [36m304[0m 0.390 ms - -[0m
2026-07-27 06:17:57 [INFO]: [0mGET /images/logo/plantora-orgn-white.png [36m304[0m 0.971 ms - -[0m
2026-07-27 06:17:57 [INFO]: [0mGET /js/header.js [36m304[0m 1.254 ms - -[0m
2026-07-27 06:17:57 [INFO]: [0mGET /js/featured.js [36m304[0m 0.986 ms - -[0m
2026-07-27 06:17:57 [INFO]: [0mGET /js/why-choose.js [36m304[0m 1.272 ms - -[0m
2026-07-27 06:17:57 [INFO]: [0mGET /js/notification.js [36m304[0m 1.538 ms - -[0m
2026-07-27 06:17:57 [INFO]: [0mGET /js/footer.js [36m304[0m 1.957 ms - -[0m
2026-07-27 06:17:57 [INFO]: [0mGET /js/auth.js [36m304[0m 0.992 ms - -[0m
2026-07-27 06:17:57 [INFO]: [0mGET /css/variables.css [36m304[0m 0.230 ms - -[0m
2026-07-27 06:17:57 [INFO]: [0mGET /css/utilities.css [36m304[0m 0.737 ms - -[0m
2026-07-27 06:17:57 [INFO]: [0mGET /css/animations.css [36m304[0m 1.009 ms - -[0m
2026-07-27 06:17:57 [INFO]: [0mGET /css/announcement.css [36m304[0m 1.185 ms - -[0m
2026-07-27 06:17:57 [INFO]: [0mGET /css/header.css [36m304[0m 1.264 ms - -[0m
2026-07-27 06:17:57 [INFO]: [0mGET /css/hero.css [36m304[0m 1.718 ms - -[0m
2026-07-27 06:17:57 [INFO]: [0mGET /css/featured.css [36m304[0m 1.179 ms - -[0m
2026-07-27 06:17:57 [INFO]: [0mGET /css/why-choose.css [36m304[0m 0.826 ms - -[0m
2026-07-27 06:17:57 [INFO]: [0mGET /css/footer.css [36m304[0m 0.996 ms - -[0m
2026-07-27 06:17:57 [INFO]: [0mGET /css/auth.css [36m304[0m 1.175 ms - -[0m
2026-07-27 06:17:57 [INFO]: [0mGET /css/verify.css [36m304[0m 1.427 ms - -[0m
2026-07-27 06:17:57 [INFO]: [0mGET /.well-known/appspecific/com.chrome.devtools.json [33m404[0m 0.756 ms - 112[0m
2026-07-27 06:18:03 [INFO]: [0mGET /auth/forgot-password?email=customer_0001%40yopmail.com [36m304[0m 3.919 ms - -[0m
2026-07-27 06:18:03 [INFO]: [0mGET /css/style.css [36m304[0m 0.954 ms - -[0m
2026-07-27 06:18:03 [INFO]: [0mGET /images/logo/plantora.png [36m304[0m 1.123 ms - -[0m
2026-07-27 06:18:03 [INFO]: [0mGET /images/logo/plantora-orgn-white.png [36m304[0m 1.481 ms - -[0m
2026-07-27 06:18:03 [INFO]: [0mGET /js/header.js [36m304[0m 0.400 ms - -[0m
2026-07-27 06:18:03 [INFO]: [0mGET /css/variables.css [36m304[0m 0.335 ms - -[0m
2026-07-27 06:18:03 [INFO]: [0mGET /css/utilities.css [36m304[0m 0.905 ms - -[0m
2026-07-27 06:18:03 [INFO]: [0mGET /css/animations.css [36m304[0m 1.187 ms - -[0m
2026-07-27 06:18:03 [INFO]: [0mGET /css/announcement.css [36m304[0m 1.380 ms - -[0m
2026-07-27 06:18:03 [INFO]: [0mGET /css/header.css [36m304[0m 0.435 ms - -[0m
2026-07-27 06:18:03 [INFO]: [0mGET /css/why-choose.css [36m304[0m 0.806 ms - -[0m
2026-07-27 06:18:03 [INFO]: [0mGET /css/footer.css [36m304[0m 1.108 ms - -[0m
2026-07-27 06:18:03 [INFO]: [0mGET /css/hero.css [36m304[0m 1.469 ms - -[0m
2026-07-27 06:18:03 [INFO]: [0mGET /css/featured.css [36m304[0m 1.863 ms - -[0m
2026-07-27 06:18:03 [INFO]: [0mGET /css/auth.css [36m304[0m 2.234 ms - -[0m
2026-07-27 06:18:03 [INFO]: [0mGET /css/verify.css [36m304[0m 0.700 ms - -[0m
2026-07-27 06:18:03 [INFO]: [0mGET /.well-known/appspecific/com.chrome.devtools.json [33m404[0m 0.765 ms - 112[0m
2026-07-27 06:18:03 [INFO]: [0mGET /js/featured.js [36m304[0m 0.649 ms - -[0m
2026-07-27 06:18:03 [INFO]: [0mGET /js/why-choose.js [36m304[0m 0.801 ms - -[0m
2026-07-27 06:18:03 [INFO]: [0mGET /js/notification.js [36m304[0m 1.109 ms - -[0m
2026-07-27 06:18:03 [INFO]: [0mGET /js/footer.js [36m304[0m 1.857 ms - -[0m
2026-07-27 06:18:03 [INFO]: [0mGET /js/auth.js [36m304[0m 0.225 ms - -[0m
2026-07-27 06:21:15 [INFO]: [0mGET /auth/forgot-password?email=customer_0001%40yopmail.com [36m304[0m 6.009 ms - -[0m
2026-07-27 06:21:15 [INFO]: [0mGET /css/style.css [36m304[0m 0.372 ms - -[0m
2026-07-27 06:21:15 [INFO]: [0mGET /images/logo/plantora.png [36m304[0m 0.388 ms - -[0m
2026-07-27 06:21:15 [INFO]: [0mGET /images/logo/plantora-orgn-white.png [36m304[0m 0.570 ms - -[0m
2026-07-27 06:21:15 [INFO]: [0mGET /js/header.js [36m304[0m 0.351 ms - -[0m
2026-07-27 06:21:15 [INFO]: [0mGET /js/featured.js [36m304[0m 0.584 ms - -[0m
2026-07-27 06:21:15 [INFO]: [0mGET /js/why-choose.js [36m304[0m 0.203 ms - -[0m
2026-07-27 06:21:15 [INFO]: [0mGET /js/notification.js [36m304[0m 0.194 ms - -[0m
2026-07-27 06:21:15 [INFO]: [0mGET /js/footer.js [36m304[0m 0.370 ms - -[0m
2026-07-27 06:21:15 [INFO]: [0mGET /js/auth.js [36m304[0m 0.581 ms - -[0m
2026-07-27 06:21:15 [INFO]: [0mGET /css/variables.css [36m304[0m 0.690 ms - -[0m
2026-07-27 06:21:15 [INFO]: [0mGET /css/utilities.css [36m304[0m 0.955 ms - -[0m
2026-07-27 06:21:15 [INFO]: [0mGET /css/animations.css [36m304[0m 1.240 ms - -[0m
2026-07-27 06:21:15 [INFO]: [0mGET /css/announcement.css [36m304[0m 1.797 ms - -[0m
2026-07-27 06:21:15 [INFO]: [0mGET /css/featured.css [36m304[0m 1.371 ms - -[0m
2026-07-27 06:21:15 [INFO]: [0mGET /css/why-choose.css [36m304[0m 1.086 ms - -[0m
2026-07-27 06:21:15 [INFO]: [0mGET /css/footer.css [36m304[0m 1.264 ms - -[0m
2026-07-27 06:21:15 [INFO]: [0mGET /css/header.css [36m304[0m 1.456 ms - -[0m
2026-07-27 06:21:15 [INFO]: [0mGET /css/hero.css [36m304[0m 1.622 ms - -[0m
2026-07-27 06:21:15 [INFO]: [0mGET /css/auth.css [36m304[0m 1.833 ms - -[0m
2026-07-27 06:21:15 [INFO]: [0mGET /.well-known/appspecific/com.chrome.devtools.json [33m404[0m 0.740 ms - 112[0m
2026-07-27 06:21:15 [INFO]: [0mGET /css/verify.css [36m304[0m 1.315 ms - -[0m
2026-07-27 06:29:57 [INFO]: MongoDB connected successfully.
2026-07-27 06:30:00 [INFO]: Email server connected successfully.
2026-07-27 06:30:00 [INFO]: Server is running on port 5132.
2026-07-27 06:30:00 [INFO]: [0mGET /auth/forgot-password?email=customer_0001%40yopmail.com [36m304[0m 7.789 ms - -[0m
2026-07-27 06:30:00 [INFO]: [0mGET /css/style.css [36m304[0m 0.542 ms - -[0m
2026-07-27 06:30:00 [INFO]: [0mGET /images/logo/plantora.png [36m304[0m 0.758 ms - -[0m
2026-07-27 06:30:00 [INFO]: [0mGET /images/logo/plantora-orgn-white.png [36m304[0m 1.037 ms - -[0m
2026-07-27 06:30:00 [INFO]: [0mGET /js/header.js [36m304[0m 1.130 ms - -[0m
2026-07-27 06:30:00 [INFO]: [0mGET /js/featured.js [36m304[0m 1.562 ms - -[0m
2026-07-27 06:30:00 [INFO]: [0mGET /js/why-choose.js [36m304[0m 1.044 ms - -[0m
2026-07-27 06:30:00 [INFO]: [0mGET /js/notification.js [36m304[0m 1.194 ms - -[0m
2026-07-27 06:30:00 [INFO]: [0mGET /css/variables.css [36m304[0m 1.414 ms - -[0m
2026-07-27 06:30:00 [INFO]: [0mGET /css/utilities.css [36m304[0m 1.654 ms - -[0m
2026-07-27 06:30:00 [INFO]: [0mGET /css/animations.css [36m304[0m 0.620 ms - -[0m
2026-07-27 06:30:00 [INFO]: [0mGET /css/announcement.css [36m304[0m 0.505 ms - -[0m
2026-07-27 06:30:00 [INFO]: [0mGET /css/header.css [36m304[0m 0.636 ms - -[0m
2026-07-27 06:30:00 [INFO]: [0mGET /css/hero.css [36m304[0m 0.910 ms - -[0m
2026-07-27 06:30:00 [INFO]: [0mGET /css/featured.css [36m304[0m 1.204 ms - -[0m
2026-07-27 06:30:00 [INFO]: [0mGET /css/why-choose.css [36m304[0m 0.148 ms - -[0m
2026-07-27 06:30:00 [INFO]: [0mGET /css/footer.css [36m304[0m 0.335 ms - -[0m
2026-07-27 06:30:00 [INFO]: [0mGET /css/auth.css [36m304[0m 0.449 ms - -[0m
2026-07-27 06:30:00 [INFO]: [0mGET /css/verify.css [36m304[0m 0.924 ms - -[0m
2026-07-27 06:30:00 [INFO]: [0mGET /js/footer.js [36m304[0m 0.481 ms - -[0m
2026-07-27 06:30:00 [INFO]: [0mGET /js/auth.js [32m200[0m 1.934 ms - -[0m
2026-07-27 06:30:02 [INFO]: [0mGET /auth/forgot-password?email=customer_0001%40yopmail.com [36m304[0m 10.112 ms - -[0m
2026-07-27 06:30:02 [INFO]: [0mGET /css/style.css [36m304[0m 1.201 ms - -[0m
2026-07-27 06:30:02 [INFO]: [0mGET /images/logo/plantora.png [36m304[0m 1.681 ms - -[0m
2026-07-27 06:30:02 [INFO]: [0mGET /images/logo/plantora-orgn-white.png [36m304[0m 2.173 ms - -[0m
2026-07-27 06:30:02 [INFO]: [0mGET /js/header.js [36m304[0m 0.853 ms - -[0m
2026-07-27 06:30:02 [INFO]: [0mGET /js/featured.js [36m304[0m 1.124 ms - -[0m
2026-07-27 06:30:02 [INFO]: [0mGET /js/why-choose.js [36m304[0m 1.380 ms - -[0m
2026-07-27 06:30:02 [INFO]: [0mGET /js/notification.js [36m304[0m 1.619 ms - -[0m
2026-07-27 06:30:02 [INFO]: [0mGET /js/footer.js [36m304[0m 1.894 ms - -[0m
2026-07-27 06:30:02 [INFO]: [0mGET /js/auth.js [36m304[0m 2.177 ms - -[0m
2026-07-27 06:30:02 [INFO]: [0mGET /css/variables.css [36m304[0m 0.840 ms - -[0m
2026-07-27 06:30:02 [INFO]: [0mGET /css/utilities.css [36m304[0m 1.172 ms - -[0m
2026-07-27 06:30:02 [INFO]: [0mGET /css/animations.css [36m304[0m 1.461 ms - -[0m
2026-07-27 06:30:02 [INFO]: [0mGET /css/announcement.css [36m304[0m 1.733 ms - -[0m
2026-07-27 06:30:02 [INFO]: [0mGET /css/header.css [36m304[0m 1.945 ms - -[0m
2026-07-27 06:30:02 [INFO]: [0mGET /css/hero.css [36m304[0m 2.295 ms - -[0m
2026-07-27 06:30:02 [INFO]: [0mGET /css/featured.css [36m304[0m 0.624 ms - -[0m
2026-07-27 06:30:02 [INFO]: [0mGET /css/why-choose.css [36m304[0m 0.838 ms - -[0m
2026-07-27 06:30:02 [INFO]: [0mGET /css/footer.css [36m304[0m 1.067 ms - -[0m
2026-07-27 06:30:02 [INFO]: [0mGET /css/auth.css [36m304[0m 1.365 ms - -[0m
2026-07-27 06:30:02 [INFO]: [0mGET /css/verify.css [36m304[0m 1.684 ms - -[0m
2026-07-27 06:30:03 [INFO]: [0mGET / [36m304[0m 5.723 ms - -[0m
2026-07-27 06:30:03 [INFO]: [0mGET /css/style.css [36m304[0m 0.507 ms - -[0m
2026-07-27 06:30:03 [INFO]: [0mGET /images/logo/plantora.png [36m304[0m 0.752 ms - -[0m
2026-07-27 06:30:03 [INFO]: [0mGET /images/hero/hero-placeholder.png [36m304[0m 0.913 ms - -[0m
2026-07-27 06:30:03 [INFO]: [0mGET /images/hero/monstera-plant.jpg [36m304[0m 1.232 ms - -[0m
2026-07-27 06:30:03 [INFO]: [0mGET /images/hero/snake-plant.jpg [36m304[0m 1.889 ms - -[0m
2026-07-27 06:30:03 [INFO]: [0mGET /images/hero/peace-lily.jpg [36m304[0m 2.220 ms - -[0m
2026-07-27 06:30:03 [INFO]: [0mGET /js/header.js [36m304[0m 2.686 ms - -[0m
2026-07-27 06:30:03 [INFO]: [0mGET /js/featured.js [36m304[0m 3.597 ms - -[0m
2026-07-27 06:30:03 [INFO]: [0mGET /css/variables.css [36m304[0m 1.830 ms - -[0m
2026-07-27 06:30:03 [INFO]: [0mGET /css/utilities.css [36m304[0m 1.174 ms - -[0m
2026-07-27 06:30:03 [INFO]: [0mGET /css/animations.css [36m304[0m 1.408 ms - -[0m
2026-07-27 06:30:03 [INFO]: [0mGET /css/announcement.css [36m304[0m 1.654 ms - -[0m
2026-07-27 06:30:03 [INFO]: [0mGET /css/header.css [36m304[0m 2.070 ms - -[0m
2026-07-27 06:30:03 [INFO]: [0mGET /css/hero.css [36m304[0m 1.311 ms - -[0m
2026-07-27 06:30:03 [INFO]: [0mGET /css/featured.css [36m304[0m 1.287 ms - -[0m
2026-07-27 06:30:03 [INFO]: [0mGET /css/why-choose.css [36m304[0m 1.909 ms - -[0m
2026-07-27 06:30:03 [INFO]: [0mGET /css/footer.css [36m304[0m 2.389 ms - -[0m
2026-07-27 06:30:03 [INFO]: [0mGET /css/auth.css [36m304[0m 2.773 ms - -[0m
2026-07-27 06:30:03 [INFO]: [0mGET /css/verify.css [36m304[0m 0.884 ms - -[0m
2026-07-27 06:30:03 [INFO]: [0mGET /images/logo/plantora-orgn-white.png [36m304[0m 2.041 ms - -[0m
2026-07-27 06:30:03 [INFO]: [0mGET /js/why-choose.js [36m304[0m 1.735 ms - -[0m
2026-07-27 06:30:03 [INFO]: [0mGET /js/notification.js [36m304[0m 2.125 ms - -[0m
2026-07-27 06:30:03 [INFO]: [0mGET /js/footer.js [36m304[0m 2.282 ms - -[0m
2026-07-27 06:30:03 [INFO]: [0mGET /js/auth.js [36m304[0m 0.192 ms - -[0m
2026-07-27 06:30:03 [INFO]: [0mGET /images/hero/tulip-plant.jpg [36m304[0m 0.423 ms - -[0m
2026-07-27 06:30:03 [INFO]: [0mGET /images/hero/rubber-plant.jpg [36m304[0m 0.632 ms - -[0m
2026-07-27 06:30:03 [INFO]: [0mGET /images/hero/aloe-vera.jpg [36m304[0m 1.124 ms - -[0m
2026-07-27 06:30:03 [INFO]: [0mGET /images/hero/areca-palm.jpg [36m304[0m 1.962 ms - -[0m
2026-07-27 06:30:03 [INFO]: [0mGET /images/hero/jade-plant.jpg [36m304[0m 0.640 ms - -[0m
2026-07-27 06:30:03 [INFO]: [0mGET /images/hero/golden-pothos.jpg [36m304[0m 0.319 ms - -[0m
2026-07-27 06:30:03 [INFO]: [0mGET /images/hero/fiddle-leaf-fig.jpg [36m304[0m 0.275 ms - -[0m
2026-07-27 06:30:03 [INFO]: [0mGET /images/hero/why-choose.jpg [36m304[0m 0.326 ms - -[0m
2026-07-27 06:30:07 [INFO]: [0mGET /auth/forgot-password [36m304[0m 7.628 ms - -[0m
2026-07-27 06:30:07 [INFO]: [0mGET /css/style.css [36m304[0m 0.538 ms - -[0m
2026-07-27 06:30:07 [INFO]: [0mGET /images/logo/plantora.png [36m304[0m 1.579 ms - -[0m
2026-07-27 06:30:07 [INFO]: [0mGET /images/logo/plantora-orgn-white.png [36m304[0m 2.665 ms - -[0m
2026-07-27 06:30:07 [INFO]: [0mGET /js/header.js [36m304[0m 2.043 ms - -[0m
2026-07-27 06:30:07 [INFO]: [0mGET /js/featured.js [36m304[0m 2.107 ms - -[0m
2026-07-27 06:30:07 [INFO]: [0mGET /js/why-choose.js [36m304[0m 2.200 ms - -[0m
2026-07-27 06:30:07 [INFO]: [0mGET /js/notification.js [36m304[0m 2.421 ms - -[0m
2026-07-27 06:30:07 [INFO]: [0mGET /js/footer.js [36m304[0m 0.992 ms - -[0m
2026-07-27 06:30:07 [INFO]: [0mGET /js/auth.js [36m304[0m 1.397 ms - -[0m
2026-07-27 06:30:07 [INFO]: [0mGET /css/variables.css [36m304[0m 2.056 ms - -[0m
2026-07-27 06:30:07 [INFO]: [0mGET /css/utilities.css [36m304[0m 2.325 ms - -[0m
2026-07-27 06:30:07 [INFO]: [0mGET /css/animations.css [36m304[0m 2.552 ms - -[0m
2026-07-27 06:30:07 [INFO]: [0mGET /css/announcement.css [36m304[0m 2.709 ms - -[0m
2026-07-27 06:30:07 [INFO]: [0mGET /css/header.css [36m304[0m 1.361 ms - -[0m
2026-07-27 06:30:07 [INFO]: [0mGET /css/hero.css [36m304[0m 1.661 ms - -[0m
2026-07-27 06:30:07 [INFO]: [0mGET /css/featured.css [36m304[0m 1.982 ms - -[0m
2026-07-27 06:30:07 [INFO]: [0mGET /css/why-choose.css [36m304[0m 1.901 ms - -[0m
2026-07-27 06:30:07 [INFO]: [0mGET /css/footer.css [36m304[0m 2.184 ms - -[0m
2026-07-27 06:30:07 [INFO]: [0mGET /css/auth.css [36m304[0m 2.506 ms - -[0m
2026-07-27 06:30:07 [INFO]: [0mGET /css/verify.css [36m304[0m 0.319 ms - -[0m
2026-07-27 06:30:50 [INFO]: [0mGET /css/style.css [36m304[0m 0.794 ms - -[0m
2026-07-27 06:30:50 [INFO]: [0mGET /css/variables.css [36m304[0m 0.732 ms - -[0m
2026-07-27 06:30:50 [INFO]: [0mGET /css/utilities.css [36m304[0m 0.280 ms - -[0m
2026-07-27 06:30:50 [INFO]: [0mGET /css/header.css [36m304[0m 0.381 ms - -[0m
2026-07-27 06:30:50 [INFO]: [0mGET /css/hero.css [36m304[0m 0.688 ms - -[0m
2026-07-27 06:30:50 [INFO]: [0mGET /css/animations.css [36m304[0m 1.021 ms - -[0m
2026-07-27 06:30:50 [INFO]: [0mGET /css/announcement.css [36m304[0m 1.511 ms - -[0m
2026-07-27 06:30:50 [INFO]: [0mGET /css/featured.css [36m304[0m 0.142 ms - -[0m
2026-07-27 06:30:50 [INFO]: [0mGET /css/why-choose.css [36m304[0m 0.317 ms - -[0m
2026-07-27 06:30:50 [INFO]: [0mGET /css/footer.css [36m304[0m 0.495 ms - -[0m
2026-07-27 06:30:50 [INFO]: [0mGET /css/auth.css [36m304[0m 0.667 ms - -[0m
2026-07-27 06:30:50 [INFO]: [0mGET /css/verify.css [36m304[0m 0.869 ms - -[0m
2026-07-27 06:30:50 [INFO]: [0mGET /.well-known/appspecific/com.chrome.devtools.json [33m404[0m 1.831 ms - 112[0m
2026-07-27 06:31:01 [INFO]: [0mGET /auth/forgot-password [36m304[0m 7.660 ms - -[0m
2026-07-27 06:31:01 [INFO]: [0mPOST /auth/forgot-password [0m-[0m - ms - -[0m
2026-07-27 06:31:01 [INFO]: [0mGET /css/style.css [36m304[0m 0.535 ms - -[0m
2026-07-27 06:31:01 [INFO]: [0mGET /images/logo/plantora.png [36m304[0m 0.740 ms - -[0m
2026-07-27 06:31:01 [INFO]: [0mGET /images/logo/plantora-orgn-white.png [36m304[0m 1.087 ms - -[0m
2026-07-27 06:31:01 [INFO]: [0mGET /js/header.js [36m304[0m 0.435 ms - -[0m
2026-07-27 06:31:01 [INFO]: [0mGET /js/featured.js [36m304[0m 0.719 ms - -[0m
2026-07-27 06:31:01 [INFO]: [0mGET /js/why-choose.js [36m304[0m 1.308 ms - -[0m
2026-07-27 06:31:01 [INFO]: [0mGET /js/notification.js [36m304[0m 1.150 ms - -[0m
2026-07-27 06:31:01 [INFO]: [0mGET /js/footer.js [36m304[0m 1.026 ms - -[0m
2026-07-27 06:31:01 [INFO]: [0mGET /js/auth.js [36m304[0m 1.137 ms - -[0m
2026-07-27 06:31:01 [INFO]: [0mGET /css/variables.css [36m304[0m 0.718 ms - -[0m
2026-07-27 06:31:01 [INFO]: [0mGET /css/utilities.css [36m304[0m 0.947 ms - -[0m
2026-07-27 06:31:01 [INFO]: [0mGET /css/animations.css [36m304[0m 1.326 ms - -[0m
2026-07-27 06:31:01 [INFO]: [0mGET /css/announcement.css [36m304[0m 1.532 ms - -[0m
2026-07-27 06:31:01 [INFO]: [0mGET /css/header.css [36m304[0m 1.918 ms - -[0m
2026-07-27 06:31:01 [INFO]: [0mGET /css/featured.css [36m304[0m 0.937 ms - -[0m
2026-07-27 06:31:01 [INFO]: [0mGET /css/why-choose.css [36m304[0m 1.202 ms - -[0m
2026-07-27 06:31:01 [INFO]: [0mGET /css/footer.css [36m304[0m 1.410 ms - -[0m
2026-07-27 06:31:01 [INFO]: [0mGET /css/auth.css [36m304[0m 1.555 ms - -[0m
2026-07-27 06:31:01 [INFO]: [0mGET /css/hero.css [36m304[0m 1.785 ms - -[0m
2026-07-27 06:31:01 [INFO]: [0mGET /css/verify.css [36m304[0m 2.289 ms - -[0m
2026-07-27 06:31:01 [INFO]: [0mGET /.well-known/appspecific/com.chrome.devtools.json [33m404[0m 1.131 ms - 112[0m
2026-07-27 06:37:21 [INFO]: MongoDB connected successfully.
2026-07-27 06:37:23 [INFO]: Email server connected successfully.
2026-07-27 06:37:23 [INFO]: Server is running on port 5132.
2026-07-27 06:37:27 [INFO]: MongoDB connected successfully.
2026-07-27 06:37:30 [INFO]: Email server connected successfully.
2026-07-27 06:37:30 [INFO]: Server is running on port 5132.
2026-07-27 06:37:34 [INFO]: MongoDB connected successfully.
2026-07-27 06:37:36 [INFO]: MongoDB connected successfully.
2026-07-27 06:37:39 [INFO]: Email server connected successfully.
2026-07-27 06:37:39 [INFO]: Server is running on port 5132.
2026-07-27 06:37:39 [INFO]: [0mGET /auth/forgot-password [36m304[0m 11.662 ms - -[0m
2026-07-27 06:37:39 [INFO]: [0mGET /css/style.css [36m304[0m 1.418 ms - -[0m
2026-07-27 06:37:39 [INFO]: [0mGET /images/logo/plantora.png [36m304[0m 1.515 ms - -[0m
2026-07-27 06:37:39 [INFO]: [0mGET /images/logo/plantora-orgn-white.png [36m304[0m 1.729 ms - -[0m
2026-07-27 06:37:39 [INFO]: [0mGET /js/header.js [36m304[0m 1.967 ms - -[0m
2026-07-27 06:37:39 [INFO]: [0mGET /js/featured.js [36m304[0m 1.881 ms - -[0m
2026-07-27 06:37:39 [INFO]: [0mGET /js/why-choose.js [36m304[0m 1.396 ms - -[0m
2026-07-27 06:37:39 [INFO]: [0mGET /js/notification.js [36m304[0m 1.560 ms - -[0m
2026-07-27 06:37:39 [INFO]: [0mGET /js/footer.js [36m304[0m 1.676 ms - -[0m
2026-07-27 06:37:39 [INFO]: [0mGET /js/auth.js [36m304[0m 1.590 ms - -[0m
2026-07-27 06:37:39 [INFO]: [0mGET /css/variables.css [36m304[0m 0.521 ms - -[0m
2026-07-27 06:37:39 [INFO]: [0mGET /css/utilities.css [36m304[0m 0.626 ms - -[0m
2026-07-27 06:37:39 [INFO]: [0mGET /css/animations.css [36m304[0m 0.737 ms - -[0m
2026-07-27 06:37:39 [INFO]: [0mGET /css/announcement.css [36m304[0m 0.881 ms - -[0m
2026-07-27 06:37:39 [INFO]: [0mGET /css/header.css [36m304[0m 0.317 ms - -[0m
2026-07-27 06:37:39 [INFO]: [0mGET /css/hero.css [36m304[0m 0.602 ms - -[0m
2026-07-27 06:37:39 [INFO]: [0mGET /css/featured.css [36m304[0m 0.883 ms - -[0m
2026-07-27 06:37:39 [INFO]: [0mGET /css/why-choose.css [36m304[0m 1.411 ms - -[0m
2026-07-27 06:37:39 [INFO]: [0mGET /css/footer.css [36m304[0m 0.781 ms - -[0m
2026-07-27 06:37:39 [INFO]: [0mGET /css/auth.css [36m304[0m 0.911 ms - -[0m
2026-07-27 06:37:39 [INFO]: [0mGET /css/verify.css [36m304[0m 0.889 ms - -[0m
2026-07-27 06:37:39 [INFO]: [0mGET /.well-known/appspecific/com.chrome.devtools.json [33m404[0m 1.718 ms - 112[0m
2026-07-27 06:37:40 [INFO]: [0mGET / [36m304[0m 7.478 ms - -[0m
2026-07-27 06:37:40 [INFO]: [0mGET /css/style.css [36m304[0m 0.983 ms - -[0m
2026-07-27 06:37:40 [INFO]: [0mGET /images/logo/plantora.png [36m304[0m 1.471 ms - -[0m
2026-07-27 06:37:40 [INFO]: [0mGET /images/hero/hero-placeholder.png [36m304[0m 1.685 ms - -[0m
2026-07-27 06:37:40 [INFO]: [0mGET /images/logo/plantora-orgn-white.png [36m304[0m 1.946 ms - -[0m
2026-07-27 06:37:40 [INFO]: [0mGET /images/hero/monstera-plant.jpg [36m304[0m 0.938 ms - -[0m
2026-07-27 06:37:40 [INFO]: [0mGET /images/hero/snake-plant.jpg [36m304[0m 1.137 ms - -[0m
2026-07-27 06:37:40 [INFO]: [0mGET /images/hero/peace-lily.jpg [36m304[0m 1.392 ms - -[0m
2026-07-27 06:37:40 [INFO]: [0mGET /js/header.js [36m304[0m 1.959 ms - -[0m
2026-07-27 06:37:40 [INFO]: [0mGET /js/featured.js [36m304[0m 0.763 ms - -[0m
2026-07-27 06:37:40 [INFO]: [0mGET /css/variables.css [36m304[0m 3.531 ms - -[0m
2026-07-27 06:37:40 [INFO]: [0mGET /css/utilities.css [36m304[0m 3.954 ms - -[0m
2026-07-27 06:37:40 [INFO]: [0mGET /css/animations.css [36m304[0m 4.184 ms - -[0m
2026-07-27 06:37:40 [INFO]: [0mGET /css/announcement.css [36m304[0m 4.514 ms - -[0m
2026-07-27 06:37:40 [INFO]: [0mGET /css/header.css [36m304[0m 0.432 ms - -[0m
2026-07-27 06:37:40 [INFO]: [0mGET /css/hero.css [36m304[0m 1.196 ms - -[0m
2026-07-27 06:37:40 [INFO]: [0mGET /css/featured.css [36m304[0m 0.978 ms - -[0m
2026-07-27 06:37:40 [INFO]: [0mGET /css/why-choose.css [36m304[0m 1.165 ms - -[0m
2026-07-27 06:37:40 [INFO]: [0mGET /css/footer.css [36m304[0m 1.408 ms - -[0m
2026-07-27 06:37:40 [INFO]: [0mGET /css/auth.css [36m304[0m 2.091 ms - -[0m
2026-07-27 06:37:40 [INFO]: [0mGET /.well-known/appspecific/com.chrome.devtools.json [33m404[0m 1.177 ms - 112[0m
2026-07-27 06:37:40 [INFO]: [0mGET /css/verify.css [36m304[0m 2.939 ms - -[0m
2026-07-27 06:37:40 [INFO]: [0mGET /js/why-choose.js [36m304[0m 0.806 ms - -[0m
2026-07-27 06:37:40 [INFO]: [0mGET /js/notification.js [36m304[0m 1.066 ms - -[0m
2026-07-27 06:37:40 [INFO]: [0mGET /js/footer.js [36m304[0m 1.350 ms - -[0m
2026-07-27 06:37:40 [INFO]: [0mGET /js/auth.js [36m304[0m 0.668 ms - -[0m
2026-07-27 06:37:40 [INFO]: [0mGET /images/hero/tulip-plant.jpg [36m304[0m 0.776 ms - -[0m
2026-07-27 06:37:40 [INFO]: [0mGET /images/hero/rubber-plant.jpg [36m304[0m 0.943 ms - -[0m
2026-07-27 06:37:40 [INFO]: [0mGET /images/hero/aloe-vera.jpg [36m304[0m 1.156 ms - -[0m
2026-07-27 06:37:40 [INFO]: [0mGET /images/hero/areca-palm.jpg [36m304[0m 1.379 ms - -[0m
2026-07-27 06:37:40 [INFO]: [0mGET /images/hero/jade-plant.jpg [36m304[0m 0.218 ms - -[0m
2026-07-27 06:37:40 [INFO]: [0mGET /images/hero/golden-pothos.jpg [36m304[0m 0.220 ms - -[0m
2026-07-27 06:37:40 [INFO]: [0mGET /images/hero/fiddle-leaf-fig.jpg [36m304[0m 0.234 ms - -[0m
2026-07-27 06:37:40 [INFO]: [0mGET /images/hero/why-choose.jpg [36m304[0m 0.310 ms - -[0m
2026-07-27 06:37:49 [INFO]: [0mGET /auth/forgot-password [36m304[0m 10.338 ms - -[0m
2026-07-27 06:37:49 [INFO]: [0mGET /css/style.css [36m304[0m 0.947 ms - -[0m
2026-07-27 06:37:49 [INFO]: [0mGET /images/logo/plantora.png [36m304[0m 1.443 ms - -[0m
2026-07-27 06:37:49 [INFO]: [0mGET /images/logo/plantora-orgn-white.png [36m304[0m 2.583 ms - -[0m
2026-07-27 06:37:49 [INFO]: [0mGET /js/featured.js [36m304[0m 0.932 ms - -[0m
2026-07-27 06:37:49 [INFO]: [0mGET /js/why-choose.js [36m304[0m 1.223 ms - -[0m
2026-07-27 06:37:49 [INFO]: [0mGET /js/footer.js [36m304[0m 1.915 ms - -[0m
2026-07-27 06:37:49 [INFO]: [0mGET /js/header.js [36m304[0m 0.900 ms - -[0m
2026-07-27 06:37:49 [INFO]: [0mGET /js/notification.js [36m304[0m 1.191 ms - -[0m
2026-07-27 06:37:49 [INFO]: [0mGET /js/auth.js [36m304[0m 0.235 ms - -[0m
2026-07-27 06:37:49 [INFO]: [0mGET /css/variables.css [36m304[0m 0.819 ms - -[0m
2026-07-27 06:37:49 [INFO]: [0mGET /css/utilities.css [36m304[0m 1.019 ms - -[0m
2026-07-27 06:37:49 [INFO]: [0mGET /css/animations.css [36m304[0m 1.333 ms - -[0m
2026-07-27 06:37:49 [INFO]: [0mGET /css/announcement.css [36m304[0m 1.703 ms - -[0m
2026-07-27 06:37:49 [INFO]: [0mGET /css/header.css [36m304[0m 2.290 ms - -[0m
2026-07-27 06:37:49 [INFO]: [0mGET /css/hero.css [36m304[0m 1.186 ms - -[0m
2026-07-27 06:37:49 [INFO]: [0mGET /css/featured.css [36m304[0m 1.023 ms - -[0m
2026-07-27 06:37:49 [INFO]: [0mGET /css/why-choose.css [36m304[0m 1.180 ms - -[0m
2026-07-27 06:37:49 [INFO]: [0mGET /css/footer.css [36m304[0m 1.335 ms - -[0m
2026-07-27 06:37:49 [INFO]: [0mGET /css/auth.css [36m304[0m 1.792 ms - -[0m
2026-07-27 06:37:49 [INFO]: [0mGET /.well-known/appspecific/com.chrome.devtools.json [33m404[0m 0.730 ms - 112[0m
2026-07-27 06:37:49 [INFO]: [0mGET /css/verify.css [36m304[0m 1.454 ms - -[0m
2026-07-27 06:37:52 [ERROR]: ValidationError: Token validation failed: type: `reset-password` is not a valid enum value for path `type`.
    at model.validate (E:\Webskitters_Academy\NODE JS\final_project_node\plantora_final_project_node_ejs\node_modules\mongoose\lib\document.js:2880:36)
    at process.processTicksAndRejections (node:internal/process/task_queues:103:5)
    at async model.$__save (E:\Webskitters_Academy\NODE JS\final_project_node\plantora_final_project_node_ejs\node_modules\mongoose\lib\model.js:399:7)
    at async maybeTracedSave (E:\Webskitters_Academy\NODE JS\final_project_node\plantora_final_project_node_ejs\node_modules\mongoose\lib\model.js:675:7)
    at async model.create (E:\Webskitters_Academy\NODE JS\final_project_node\plantora_final_project_node_ejs\node_modules\mongoose\lib\model.js:2763:5)
    at async forgotPassword (E:\Webskitters_Academy\NODE JS\final_project_node\plantora_final_project_node_ejs\app\controllers\authController.js:867:7)
2026-07-27 06:37:52 [INFO]: [0mPOST /auth/forgot-password [31m500[0m 112.241 ms - 142[0m
2026-07-27 06:43:32 [INFO]: MongoDB connected successfully.
2026-07-27 06:43:36 [INFO]: MongoDB connected successfully.
2026-07-27 06:43:38 [INFO]: Email server connected successfully.
2026-07-27 06:43:38 [INFO]: Server is running on port 5132.
2026-07-27 06:43:38 [INFO]: [0mGET /auth/forgot-password [36m304[0m 15.508 ms - -[0m
2026-07-27 06:43:38 [INFO]: [0mGET /css/style.css [36m304[0m 1.429 ms - -[0m
2026-07-27 06:43:38 [INFO]: [0mGET /images/logo/plantora.png [36m304[0m 0.458 ms - -[0m
2026-07-27 06:43:38 [INFO]: [0mGET /images/logo/plantora-orgn-white.png [36m304[0m 0.369 ms - -[0m
2026-07-27 06:43:38 [INFO]: [0mGET /js/header.js [36m304[0m 0.628 ms - -[0m
2026-07-27 06:43:38 [INFO]: [0mGET /js/featured.js [36m304[0m 1.878 ms - -[0m
2026-07-27 06:43:38 [INFO]: [0mGET /js/why-choose.js [36m304[0m 1.550 ms - -[0m
2026-07-27 06:43:38 [INFO]: [0mGET /js/notification.js [36m304[0m 2.016 ms - -[0m
2026-07-27 06:43:38 [INFO]: [0mGET /js/footer.js [36m304[0m 2.344 ms - -[0m
2026-07-27 06:43:38 [INFO]: [0mGET /js/auth.js [36m304[0m 1.023 ms - -[0m
2026-07-27 06:43:38 [INFO]: [0mGET /css/variables.css [36m304[0m 1.099 ms - -[0m
2026-07-27 06:43:38 [INFO]: [0mGET /css/utilities.css [36m304[0m 1.063 ms - -[0m
2026-07-27 06:43:38 [INFO]: [0mGET /css/animations.css [36m304[0m 1.238 ms - -[0m
2026-07-27 06:43:38 [INFO]: [0mGET /css/announcement.css [36m304[0m 1.628 ms - -[0m
2026-07-27 06:43:38 [INFO]: [0mGET /css/header.css [36m304[0m 1.983 ms - -[0m
2026-07-27 06:43:38 [INFO]: [0mGET /css/hero.css [36m304[0m 2.613 ms - -[0m
2026-07-27 06:43:38 [INFO]: [0mGET /css/featured.css [36m304[0m 0.932 ms - -[0m
2026-07-27 06:43:38 [INFO]: [0mGET /.well-known/appspecific/com.chrome.devtools.json [33m404[0m 2.125 ms - 112[0m
2026-07-27 06:43:38 [INFO]: [0mGET /css/why-choose.css [36m304[0m 4.373 ms - -[0m
2026-07-27 06:43:38 [INFO]: [0mGET /css/footer.css [36m304[0m 5.200 ms - -[0m
2026-07-27 06:43:38 [INFO]: [0mGET /css/auth.css [36m304[0m 5.747 ms - -[0m
2026-07-27 06:43:38 [INFO]: [0mGET /css/verify.css [36m304[0m 6.017 ms - -[0m
2026-07-27 06:43:39 [INFO]: [0mGET / [36m304[0m 14.195 ms - -[0m
2026-07-27 06:43:39 [INFO]: [0mGET /css/style.css [36m304[0m 0.473 ms - -[0m
2026-07-27 06:43:39 [INFO]: [0mGET /images/logo/plantora.png [36m304[0m 1.742 ms - -[0m
2026-07-27 06:43:39 [INFO]: [0mGET /images/hero/hero-placeholder.png [36m304[0m 2.098 ms - -[0m
2026-07-27 06:43:39 [INFO]: [0mGET /images/logo/plantora-orgn-white.png [36m304[0m 2.376 ms - -[0m
2026-07-27 06:43:39 [INFO]: [0mGET /images/hero/monstera-plant.jpg [36m304[0m 2.447 ms - -[0m
2026-07-27 06:43:39 [INFO]: [0mGET /images/hero/snake-plant.jpg [36m304[0m 2.601 ms - -[0m
2026-07-27 06:43:39 [INFO]: [0mGET /images/hero/peace-lily.jpg [36m304[0m 2.841 ms - -[0m
2026-07-27 06:43:39 [INFO]: [0mGET /js/header.js [36m304[0m 2.430 ms - -[0m
2026-07-27 06:43:39 [INFO]: [0mGET /js/featured.js [36m304[0m 1.122 ms - -[0m
2026-07-27 06:43:39 [INFO]: [0mGET /css/variables.css [36m304[0m 2.023 ms - -[0m
2026-07-27 06:43:39 [INFO]: [0mGET /css/utilities.css [36m304[0m 1.227 ms - -[0m
2026-07-27 06:43:39 [INFO]: [0mGET /css/animations.css [36m304[0m 1.483 ms - -[0m
2026-07-27 06:43:39 [INFO]: [0mGET /css/announcement.css [36m304[0m 1.626 ms - -[0m
2026-07-27 06:43:39 [INFO]: [0mGET /css/header.css [36m304[0m 0.721 ms - -[0m
2026-07-27 06:43:39 [INFO]: [0mGET /css/hero.css [36m304[0m 0.833 ms - -[0m
2026-07-27 06:43:39 [INFO]: [0mGET /css/featured.css [36m304[0m 1.576 ms - -[0m
2026-07-27 06:43:39 [INFO]: [0mGET /css/why-choose.css [36m304[0m 1.132 ms - -[0m
2026-07-27 06:43:39 [INFO]: [0mGET /css/footer.css [36m304[0m 1.388 ms - -[0m
2026-07-27 06:43:39 [INFO]: [0mGET /css/auth.css [36m304[0m 1.561 ms - -[0m
2026-07-27 06:43:39 [INFO]: [0mGET /.well-known/appspecific/com.chrome.devtools.json [33m404[0m 1.055 ms - 112[0m
2026-07-27 06:43:39 [INFO]: [0mGET /css/verify.css [36m304[0m 1.978 ms - -[0m
2026-07-27 06:43:39 [INFO]: [0mGET /js/why-choose.js [36m304[0m 1.034 ms - -[0m
2026-07-27 06:43:39 [INFO]: [0mGET /js/notification.js [36m304[0m 0.790 ms - -[0m
2026-07-27 06:43:39 [INFO]: [0mGET /js/footer.js [36m304[0m 1.037 ms - -[0m
2026-07-27 06:43:39 [INFO]: [0mGET /js/auth.js [36m304[0m 1.245 ms - -[0m
2026-07-27 06:43:39 [INFO]: [0mGET /images/hero/tulip-plant.jpg [36m304[0m 0.707 ms - -[0m
2026-07-27 06:43:39 [INFO]: [0mGET /images/hero/rubber-plant.jpg [36m304[0m 0.817 ms - -[0m
2026-07-27 06:43:39 [INFO]: [0mGET /images/hero/aloe-vera.jpg [36m304[0m 1.015 ms - -[0m
2026-07-27 06:43:39 [INFO]: [0mGET /images/hero/areca-palm.jpg [36m304[0m 1.241 ms - -[0m
2026-07-27 06:43:39 [INFO]: [0mGET /images/hero/jade-plant.jpg [36m304[0m 1.425 ms - -[0m
2026-07-27 06:43:39 [INFO]: [0mGET /images/hero/golden-pothos.jpg [36m304[0m 0.178 ms - -[0m
2026-07-27 06:43:39 [INFO]: [0mGET /images/hero/fiddle-leaf-fig.jpg [36m304[0m 0.200 ms - -[0m
2026-07-27 06:43:39 [INFO]: [0mGET /images/hero/why-choose.jpg [36m304[0m 0.273 ms - -[0m
2026-07-27 06:43:41 [INFO]: [0mGET /auth/forgot-password [36m304[0m 5.978 ms - -[0m
2026-07-27 06:43:41 [INFO]: [0mGET /css/style.css [36m304[0m 1.075 ms - -[0m
2026-07-27 06:43:41 [INFO]: [0mGET /images/logo/plantora.png [36m304[0m 1.280 ms - -[0m
2026-07-27 06:43:41 [INFO]: [0mGET /images/logo/plantora-orgn-white.png [36m304[0m 1.702 ms - -[0m
2026-07-27 06:43:41 [INFO]: [0mGET /js/header.js [36m304[0m 1.194 ms - -[0m
2026-07-27 06:43:41 [INFO]: [0mGET /js/featured.js [36m304[0m 1.314 ms - -[0m
2026-07-27 06:43:41 [INFO]: [0mGET /js/why-choose.js [36m304[0m 1.484 ms - -[0m
2026-07-27 06:43:41 [INFO]: [0mGET /js/notification.js [36m304[0m 1.909 ms - -[0m
2026-07-27 06:43:41 [INFO]: [0mGET /js/footer.js [36m304[0m 2.236 ms - -[0m
2026-07-27 06:43:41 [INFO]: [0mGET /js/auth.js [36m304[0m 0.578 ms - -[0m
2026-07-27 06:43:41 [INFO]: [0mGET /css/variables.css [36m304[0m 0.629 ms - -[0m
2026-07-27 06:43:41 [INFO]: [0mGET /css/utilities.css [36m304[0m 1.159 ms - -[0m
2026-07-27 06:43:41 [INFO]: [0mGET /css/animations.css [36m304[0m 1.599 ms - -[0m
2026-07-27 06:43:41 [INFO]: [0mGET /css/announcement.css [36m304[0m 1.910 ms - -[0m
2026-07-27 06:43:41 [INFO]: [0mGET /css/header.css [36m304[0m 2.360 ms - -[0m
2026-07-27 06:43:41 [INFO]: [0mGET /css/hero.css [36m304[0m 1.102 ms - -[0m
2026-07-27 06:43:41 [INFO]: [0mGET /css/featured.css [36m304[0m 0.916 ms - -[0m
2026-07-27 06:43:41 [INFO]: [0mGET /css/why-choose.css [36m304[0m 1.098 ms - -[0m
2026-07-27 06:43:41 [INFO]: [0mGET /css/footer.css [36m304[0m 1.445 ms - -[0m
2026-07-27 06:43:41 [INFO]: [0mGET /css/auth.css [36m304[0m 1.767 ms - -[0m
2026-07-27 06:43:41 [INFO]: [0mGET /.well-known/appspecific/com.chrome.devtools.json [33m404[0m 0.773 ms - 112[0m
2026-07-27 06:43:41 [INFO]: [0mGET /css/verify.css [36m304[0m 1.610 ms - -[0m
2026-07-27 06:43:52 [INFO]: Email sent successfully to 'customer_0001@yopmail.com'. Subject: 'Reset Your Plantora Password'.
2026-07-27 06:43:52 [ERROR]: Failed to create audit log: AuditLog validation failed: action: `Forgot Password` is not a valid enum value for path `action`., severity: `low` is not a valid enum value for path `severity`.
2026-07-27 06:43:52 [INFO]: Password reset email sent : customer_0001@yopmail.com
2026-07-27 06:43:52 [INFO]: [0mPOST /auth/forgot-password [32m200[0m 4697.690 ms - 86[0m
2026-07-27 06:44:09 [ERROR]: Error: E:\Webskitters_Academy\NODE JS\final_project_node\plantora_final_project_node_ejs\views\auth\reset-password.ejs:1
 >> 1| <%- include("../partials/main/layout", { title }) %>
    2| 
    3| <%- include("../partials/main/header") %>
    4| 

Could not find the include file "../partials/main/layout"
    at getIncludePath (E:\Webskitters_Academy\NODE JS\final_project_node\plantora_final_project_node_ejs\node_modules\ejs\lib\cjs\ejs.js:170:19)
    at includeFile (E:\Webskitters_Academy\NODE JS\final_project_node\plantora_final_project_node_ejs\node_modules\ejs\lib\cjs\ejs.js:284:21)
    at include (E:\Webskitters_Academy\NODE JS\final_project_node\plantora_final_project_node_ejs\node_modules\ejs\lib\cjs\ejs.js:634:24)
    at eval (eval at compile (E:\Webskitters_Academy\NODE JS\final_project_node\plantora_final_project_node_ejs\node_modules\ejs\lib\cjs\ejs.js:607:18), <anonymous>:10:17)
    at reset-password (E:\Webskitters_Academy\NODE JS\final_project_node\plantora_final_project_node_ejs\node_modules\ejs\lib\cjs\ejs.js:643:23)
    at tryHandleCache (E:\Webskitters_Academy\NODE JS\final_project_node\plantora_final_project_node_ejs\node_modules\ejs\lib\cjs\ejs.js:253:42)
    at ejs.renderFile [as engine] (E:\Webskitters_Academy\NODE JS\final_project_node\plantora_final_project_node_ejs\node_modules\ejs\lib\cjs\ejs.js:444:12)
    at View.render (E:\Webskitters_Academy\NODE JS\final_project_node\plantora_final_project_node_ejs\node_modules\express\lib\view.js:139:8)
    at tryRender (E:\Webskitters_Academy\NODE JS\final_project_node\plantora_final_project_node_ejs\node_modules\express\lib\application.js:627:10)
    at app.render (E:\Webskitters_Academy\NODE JS\final_project_node\plantora_final_project_node_ejs\node_modules\express\lib\application.js:574:3)
2026-07-27 06:44:09 [INFO]: [0mGET /auth/reset-password/b17e6db22e97b3d5920c6de1822431e4cfd762ac1c93abfaccf50144bb5676ce [31m500[0m 4.559 ms - 395[0m
2026-07-27 06:44:41 [INFO]: [0mGET /auth/reset-password/b17e6db22e97b3d5920c6de1822431e4cfd762ac1c93abfaccf50144bb5676ce [32m200[0m 9.480 ms - -[0m
2026-07-27 06:44:41 [INFO]: [0mGET /css/style.css [36m304[0m 0.802 ms - -[0m
2026-07-27 06:44:41 [INFO]: [0mGET /images/logo/plantora-orgn-white.png [36m304[0m 1.539 ms - -[0m
2026-07-27 06:44:41 [INFO]: [0mGET /images/logo/plantora.png [36m304[0m 1.957 ms - -[0m
2026-07-27 06:44:41 [INFO]: [0mGET /js/header.js [36m304[0m 0.576 ms - -[0m
2026-07-27 06:44:41 [INFO]: [0mGET /js/featured.js [36m304[0m 0.856 ms - -[0m
2026-07-27 06:44:41 [INFO]: [0mGET /js/why-choose.js [36m304[0m 1.102 ms - -[0m
2026-07-27 06:44:41 [INFO]: [0mGET /js/footer.js [36m304[0m 0.500 ms - -[0m
2026-07-27 06:44:41 [INFO]: [0mGET /js/auth.js [36m304[0m 0.662 ms - -[0m
2026-07-27 06:44:41 [INFO]: [0mGET /js/notification.js [36m304[0m 1.033 ms - -[0m
2026-07-27 06:44:41 [INFO]: [0mGET /css/variables.css [36m304[0m 1.133 ms - -[0m
2026-07-27 06:44:41 [INFO]: [0mGET /css/utilities.css [36m304[0m 1.347 ms - -[0m
2026-07-27 06:44:41 [INFO]: [0mGET /css/animations.css [36m304[0m 1.295 ms - -[0m
2026-07-27 06:44:41 [INFO]: [0mGET /css/announcement.css [36m304[0m 0.458 ms - -[0m
2026-07-27 06:44:41 [INFO]: [0mGET /css/header.css [36m304[0m 0.572 ms - -[0m
2026-07-27 06:44:41 [INFO]: [0mGET /css/hero.css [36m304[0m 1.875 ms - -[0m
2026-07-27 06:44:41 [INFO]: [0mGET /css/featured.css [36m304[0m 1.745 ms - -[0m
2026-07-27 06:44:41 [INFO]: [0mGET /css/why-choose.css [36m304[0m 1.688 ms - -[0m
2026-07-27 06:44:41 [INFO]: [0mGET /css/footer.css [36m304[0m 1.929 ms - -[0m
2026-07-27 06:44:41 [INFO]: [0mGET /css/auth.css [36m304[0m 0.767 ms - -[0m
2026-07-27 06:44:41 [INFO]: [0mGET /css/verify.css [36m304[0m 1.155 ms - -[0m
2026-07-27 06:44:41 [INFO]: [0mGET /js/resetPassword.js [32m200[0m 3.051 ms - -[0m
2026-07-27 06:45:31 [ERROR]: Failed to create audit log: AuditLog validation failed: action: `Reset Password` is not a valid enum value for path `action`., severity: `medium` is not a valid enum value for path `severity`.
2026-07-27 06:45:31 [INFO]: Password reset successful : customer_0001@yopmail.com
2026-07-27 06:45:31 [INFO]: [0mPOST /auth/reset-password/b17e6db22e97b3d5920c6de1822431e4cfd762ac1c93abfaccf50144bb5676ce [32m200[0m 459.885 ms - 77[0m
2026-07-27 06:45:33 [ERROR]: Error: Failed to lookup view "auth/login" in views directory "E:\Webskitters_Academy\NODE JS\final_project_node\plantora_final_project_node_ejs\views"
    at app.render (E:\Webskitters_Academy\NODE JS\final_project_node\plantora_final_project_node_ejs\node_modules\express\lib\application.js:562:17)
    at ServerResponse.render (E:\Webskitters_Academy\NODE JS\final_project_node\plantora_final_project_node_ejs\node_modules\express\lib\response.js:923:7)
    at showLoginPage (E:\Webskitters_Academy\NODE JS\final_project_node\plantora_final_project_node_ejs\app\controllers\authController.js:65:18)
    at Layer.handleRequest (E:\Webskitters_Academy\NODE JS\final_project_node\plantora_final_project_node_ejs\node_modules\router\lib\layer.js:152:17)
    at next (E:\Webskitters_Academy\NODE JS\final_project_node\plantora_final_project_node_ejs\node_modules\router\lib\route.js:157:13)
    at Route.dispatch (E:\Webskitters_Academy\NODE JS\final_project_node\plantora_final_project_node_ejs\node_modules\router\lib\route.js:117:3)
    at handle (E:\Webskitters_Academy\NODE JS\final_project_node\plantora_final_project_node_ejs\node_modules\router\index.js:435:11)
    at Layer.handleRequest (E:\Webskitters_Academy\NODE JS\final_project_node\plantora_final_project_node_ejs\node_modules\router\lib\layer.js:152:17)
    at E:\Webskitters_Academy\NODE JS\final_project_node\plantora_final_project_node_ejs\node_modules\router\index.js:295:15
    at processParams (E:\Webskitters_Academy\NODE JS\final_project_node\plantora_final_project_node_ejs\node_modules\router\index.js:582:12)
2026-07-27 06:45:33 [INFO]: [0mGET /auth/login [31m500[0m 1.839 ms - 211[0m
2026-07-27 06:45:42 [INFO]: [0mGET / [36m304[0m 9.643 ms - -[0m
2026-07-27 06:45:42 [INFO]: [0mGET /css/style.css [36m304[0m 0.366 ms - -[0m
2026-07-27 06:45:42 [INFO]: [0mGET /images/logo/plantora.png [36m304[0m 0.681 ms - -[0m
2026-07-27 06:45:42 [INFO]: [0mGET /images/hero/hero-placeholder.png [36m304[0m 0.928 ms - -[0m
2026-07-27 06:45:42 [INFO]: [0mGET /images/hero/monstera-plant.jpg [36m304[0m 0.567 ms - -[0m
2026-07-27 06:45:42 [INFO]: [0mGET /images/hero/snake-plant.jpg [36m304[0m 0.854 ms - -[0m
2026-07-27 06:45:42 [INFO]: [0mGET /images/hero/peace-lily.jpg [36m304[0m 1.647 ms - -[0m
2026-07-27 06:45:42 [INFO]: [0mGET /js/header.js [36m304[0m 2.694 ms - -[0m
2026-07-27 06:45:42 [INFO]: [0mGET /js/featured.js [36m304[0m 0.621 ms - -[0m
2026-07-27 06:45:42 [INFO]: [0mGET /css/variables.css [36m304[0m 0.578 ms - -[0m
2026-07-27 06:45:42 [INFO]: [0mGET /css/utilities.css [36m304[0m 0.677 ms - -[0m
2026-07-27 06:45:42 [INFO]: [0mGET /css/animations.css [36m304[0m 0.924 ms - -[0m
2026-07-27 06:45:42 [INFO]: [0mGET /css/announcement.css [36m304[0m 1.167 ms - -[0m
2026-07-27 06:45:42 [INFO]: [0mGET /css/header.css [36m304[0m 1.033 ms - -[0m
2026-07-27 06:45:42 [INFO]: [0mGET /css/featured.css [36m304[0m 1.028 ms - -[0m
2026-07-27 06:45:42 [INFO]: [0mGET /css/why-choose.css [36m304[0m 1.215 ms - -[0m
2026-07-27 06:45:42 [INFO]: [0mGET /css/hero.css [36m304[0m 1.419 ms - -[0m
2026-07-27 06:45:42 [INFO]: [0mGET /css/footer.css [36m304[0m 1.602 ms - -[0m
2026-07-27 06:45:42 [INFO]: [0mGET /css/auth.css [36m304[0m 1.844 ms - -[0m
2026-07-27 06:45:42 [INFO]: [0mGET /css/verify.css [36m304[0m 0.246 ms - -[0m
2026-07-27 06:45:42 [INFO]: [0mGET /js/why-choose.js [36m304[0m 0.306 ms - -[0m
2026-07-27 06:45:42 [INFO]: [0mGET /js/notification.js [36m304[0m 0.797 ms - -[0m
2026-07-27 06:45:42 [INFO]: [0mGET /js/footer.js [36m304[0m 0.739 ms - -[0m
2026-07-27 06:45:42 [INFO]: [0mGET /js/auth.js [36m304[0m 1.165 ms - -[0m
2026-07-27 06:45:42 [INFO]: [0mGET /images/hero/tulip-plant.jpg [36m304[0m 0.666 ms - -[0m
2026-07-27 06:45:42 [INFO]: [0mGET /images/hero/rubber-plant.jpg [36m304[0m 1.127 ms - -[0m
2026-07-27 06:45:42 [INFO]: [0mGET /images/hero/aloe-vera.jpg [36m304[0m 0.614 ms - -[0m
2026-07-27 06:45:42 [INFO]: [0mGET /images/hero/areca-palm.jpg [36m304[0m 0.868 ms - -[0m
2026-07-27 06:45:42 [INFO]: [0mGET /images/hero/jade-plant.jpg [36m304[0m 0.445 ms - -[0m
2026-07-27 06:45:42 [INFO]: [0mGET /images/hero/golden-pothos.jpg [36m304[0m 0.294 ms - -[0m
2026-07-27 06:45:42 [INFO]: [0mGET /images/hero/fiddle-leaf-fig.jpg [36m304[0m 0.515 ms - -[0m
2026-07-27 06:45:42 [INFO]: [0mGET /images/hero/why-choose.jpg [36m304[0m 0.555 ms - -[0m
2026-07-27 06:45:42 [INFO]: [0mGET /images/logo/plantora-orgn-white.png [36m304[0m 0.286 ms - -[0m
2026-07-27 06:45:58 [WARN]: Invalid password : customer_0001@yopmail.com
2026-07-27 06:45:58 [INFO]: [0mPOST /auth/login [33m401[0m 353.549 ms - 56[0m
2026-07-27 06:46:04 [ERROR]: Failed to create audit log: AuditLog validation failed: action: `Login` is not a valid enum value for path `action`., severity: `low` is not a valid enum value for path `severity`.
2026-07-27 06:46:04 [INFO]: Login successful : customer_0001@yopmail.com
2026-07-27 06:46:04 [INFO]: [0mPOST /auth/login [32m200[0m 433.355 ms - 46[0m
2026-07-27 06:46:05 [INFO]: [0mGET / [32m200[0m 45.277 ms - -[0m
2026-07-27 06:46:05 [INFO]: [0mGET /css/style.css [36m304[0m 0.241 ms - -[0m
2026-07-27 06:46:05 [INFO]: [0mGET /images/logo/plantora.png [36m304[0m 0.408 ms - -[0m
2026-07-27 06:46:05 [INFO]: [0mGET /images/hero/hero-placeholder.png [36m304[0m 0.869 ms - -[0m
2026-07-27 06:46:05 [INFO]: [0mGET /images/hero/monstera-plant.jpg [36m304[0m 1.012 ms - -[0m
2026-07-27 06:46:05 [INFO]: [0mGET /js/header.js [36m304[0m 1.341 ms - -[0m
2026-07-27 06:46:05 [INFO]: [0mGET /js/featured.js [36m304[0m 0.509 ms - -[0m
2026-07-27 06:46:05 [INFO]: [0mGET /js/why-choose.js [36m304[0m 0.172 ms - -[0m
2026-07-27 06:46:05 [INFO]: [0mGET /js/notification.js [36m304[0m 0.219 ms - -[0m
2026-07-27 06:46:05 [INFO]: [0mGET /js/footer.js [36m304[0m 0.535 ms - -[0m
2026-07-27 06:46:05 [INFO]: [0mGET /js/auth.js [36m304[0m 0.156 ms - -[0m
2026-07-27 06:46:05 [INFO]: [0mGET /images/hero/snake-plant.jpg [36m304[0m 0.551 ms - -[0m
2026-07-27 06:46:05 [INFO]: [0mGET /images/hero/peace-lily.jpg [36m304[0m 0.644 ms - -[0m
2026-07-27 06:46:05 [INFO]: [0mGET /images/hero/tulip-plant.jpg [36m304[0m 0.176 ms - -[0m
2026-07-27 06:46:05 [INFO]: [0mGET /images/hero/rubber-plant.jpg [36m304[0m 0.148 ms - -[0m
2026-07-27 06:46:05 [INFO]: [0mGET /images/hero/aloe-vera.jpg [36m304[0m 0.186 ms - -[0m
2026-07-27 06:46:05 [INFO]: [0mGET /images/hero/areca-palm.jpg [36m304[0m 0.108 ms - -[0m
2026-07-27 06:46:05 [INFO]: [0mGET /images/hero/jade-plant.jpg [36m304[0m 0.169 ms - -[0m
2026-07-27 06:46:05 [INFO]: [0mGET /images/hero/golden-pothos.jpg [36m304[0m 0.119 ms - -[0m
2026-07-27 06:46:05 [INFO]: [0mGET /css/variables.css [36m304[0m 0.371 ms - -[0m
2026-07-27 06:46:05 [INFO]: [0mGET /css/utilities.css [36m304[0m 0.634 ms - -[0m
2026-07-27 06:46:05 [INFO]: [0mGET /css/animations.css [36m304[0m 0.819 ms - -[0m
2026-07-27 06:46:05 [INFO]: [0mGET /css/announcement.css [36m304[0m 1.724 ms - -[0m
2026-07-27 06:46:05 [INFO]: [0mGET /css/hero.css [36m304[0m 0.381 ms - -[0m
2026-07-27 06:46:05 [INFO]: [0mGET /css/featured.css [36m304[0m 0.728 ms - -[0m
2026-07-27 06:46:05 [INFO]: [0mGET /css/why-choose.css [36m304[0m 0.977 ms - -[0m
2026-07-27 06:46:05 [INFO]: [0mGET /css/header.css [36m304[0m 1.176 ms - -[0m
2026-07-27 06:46:05 [INFO]: [0mGET /css/footer.css [36m304[0m 1.317 ms - -[0m
2026-07-27 06:46:05 [INFO]: [0mGET /css/auth.css [36m304[0m 0.288 ms - -[0m
2026-07-27 06:46:05 [INFO]: [0mGET /css/verify.css [36m304[0m 0.439 ms - -[0m
2026-07-27 06:46:05 [INFO]: [0mGET /images/hero/fiddle-leaf-fig.jpg [36m304[0m 0.164 ms - -[0m
2026-07-27 06:46:05 [INFO]: [0mGET /images/hero/why-choose.jpg [36m304[0m 0.173 ms - -[0m
2026-07-27 06:46:05 [INFO]: [0mGET /images/logo/plantora-orgn-white.png [36m304[0m 0.135 ms - -[0m
2026-07-27 06:46:05 [INFO]: [0mGET /%7B%20%20publicId:%20'Plantora/users/default-profile',%20%20url:%20'https://res.cloudinary.com/desmwasfe/image/upload/v1781973939/default-avatar_d6ofmr.png'%7D [33m404[0m 41.430 ms - 239[0m
2026-07-27 06:46:36 [INFO]: Wishlist page loaded successfully. User ID: 6a668df570d6bc575b762962
2026-07-27 06:46:36 [ERROR]: Error: Failed to lookup view "wishlist/index" in views directory "E:\Webskitters_Academy\NODE JS\final_project_node\plantora_final_project_node_ejs\views"
    at app.render (E:\Webskitters_Academy\NODE JS\final_project_node\plantora_final_project_node_ejs\node_modules\express\lib\application.js:562:17)
    at ServerResponse.render (E:\Webskitters_Academy\NODE JS\final_project_node\plantora_final_project_node_ejs\node_modules\express\lib\response.js:923:7)
    at showWishlistPage (E:\Webskitters_Academy\NODE JS\final_project_node\plantora_final_project_node_ejs\app\controllers\WishlistController.js:99:44)
    at process.processTicksAndRejections (node:internal/process/task_queues:103:5)
2026-07-27 06:46:36 [INFO]: [0mGET /wishlist [31m500[0m 172.856 ms - 215[0m
2026-07-27 06:46:41 [ERROR]: Failed to create audit log: AuditLog validation failed: action: `Logout` is not a valid enum value for path `action`., severity: `low` is not a valid enum value for path `severity`.
2026-07-27 06:46:41 [INFO]: Logout successful : customer_0001@yopmail.com
2026-07-27 06:46:41 [INFO]: [0mPOST /auth/logout [36m302[0m 171.366 ms - 30[0m
2026-07-27 06:46:41 [INFO]: [0mGET / [32m200[0m 3.300 ms - -[0m
2026-07-27 06:46:41 [INFO]: [0mGET /css/style.css [36m304[0m 0.463 ms - -[0m
2026-07-27 06:46:41 [INFO]: [0mGET /images/logo/plantora.png [36m304[0m 0.460 ms - -[0m
2026-07-27 06:46:41 [INFO]: [0mGET /images/hero/hero-placeholder.png [36m304[0m 0.875 ms - -[0m
2026-07-27 06:46:41 [INFO]: [0mGET /images/hero/monstera-plant.jpg [36m304[0m 0.474 ms - -[0m
2026-07-27 06:46:41 [INFO]: [0mGET /images/hero/snake-plant.jpg [36m304[0m 0.669 ms - -[0m
2026-07-27 06:46:41 [INFO]: [0mGET /images/hero/peace-lily.jpg [36m304[0m 0.859 ms - -[0m
2026-07-27 06:46:41 [INFO]: [0mGET /js/header.js [36m304[0m 0.418 ms - -[0m
2026-07-27 06:46:41 [INFO]: [0mGET /js/featured.js [36m304[0m 0.502 ms - -[0m
2026-07-27 06:46:41 [INFO]: [0mGET /js/why-choose.js [36m304[0m 0.882 ms - -[0m
2026-07-27 06:46:41 [INFO]: [0mGET /js/notification.js [36m304[0m 0.785 ms - -[0m
2026-07-27 06:46:41 [INFO]: [0mGET /js/footer.js [36m304[0m 1.213 ms - -[0m
2026-07-27 06:46:41 [INFO]: [0mGET /js/auth.js [36m304[0m 1.740 ms - -[0m
2026-07-27 06:46:41 [INFO]: [0mGET /images/hero/tulip-plant.jpg [36m304[0m 0.589 ms - -[0m
2026-07-27 06:46:41 [INFO]: [0mGET /images/hero/rubber-plant.jpg [36m304[0m 0.515 ms - -[0m
2026-07-27 06:46:41 [INFO]: [0mGET /images/hero/aloe-vera.jpg [36m304[0m 0.268 ms - -[0m
2026-07-27 06:46:41 [INFO]: [0mGET /images/hero/areca-palm.jpg [36m304[0m 0.354 ms - -[0m
2026-07-27 06:46:41 [INFO]: [0mGET /images/hero/jade-plant.jpg [36m304[0m 0.542 ms - -[0m
2026-07-27 06:46:41 [INFO]: [0mGET /images/hero/golden-pothos.jpg [36m304[0m 0.695 ms - -[0m
2026-07-27 06:46:41 [INFO]: [0mGET /images/hero/fiddle-leaf-fig.jpg [36m304[0m 0.858 ms - -[0m
2026-07-27 06:46:41 [INFO]: [0mGET /images/hero/why-choose.jpg [36m304[0m 1.045 ms - -[0m
2026-07-27 06:46:41 [INFO]: [0mGET /images/logo/plantora-orgn-white.png [36m304[0m 0.122 ms - -[0m
2026-07-27 06:46:41 [INFO]: [0mGET /css/variables.css [36m304[0m 0.881 ms - -[0m
2026-07-27 06:46:41 [INFO]: [0mGET /css/utilities.css [36m304[0m 1.032 ms - -[0m
2026-07-27 06:46:41 [INFO]: [0mGET /css/animations.css [36m304[0m 1.210 ms - -[0m
2026-07-27 06:46:41 [INFO]: [0mGET /css/announcement.css [36m304[0m 1.075 ms - -[0m
2026-07-27 06:46:41 [INFO]: [0mGET /css/header.css [36m304[0m 0.172 ms - -[0m
2026-07-27 06:46:41 [INFO]: [0mGET /css/hero.css [36m304[0m 0.681 ms - -[0m
2026-07-27 06:46:41 [INFO]: [0mGET /css/featured.css [36m304[0m 0.597 ms - -[0m
2026-07-27 06:46:41 [INFO]: [0mGET /css/why-choose.css [36m304[0m 0.694 ms - -[0m
2026-07-27 06:46:41 [INFO]: [0mGET /css/footer.css [36m304[0m 0.824 ms - -[0m
2026-07-27 06:46:41 [INFO]: [0mGET /css/auth.css [36m304[0m 0.960 ms - -[0m
2026-07-27 06:46:41 [INFO]: [0mGET /css/verify.css [36m304[0m 0.122 ms - -[0m
2026-07-27 06:47:09 [INFO]: [0mGET /shop [33m404[0m 1.575 ms - 68[0m
2026-07-27 06:48:33 [INFO]: MongoDB connected successfully.
2026-07-27 06:48:36 [INFO]: MongoDB connected successfully.
2026-07-27 06:48:38 [INFO]: Email server connected successfully.
2026-07-27 06:48:38 [INFO]: Server is running on port 5132.
2026-07-27 06:48:43 [INFO]: MongoDB connected successfully.
2026-07-27 06:48:47 [INFO]: MongoDB connected successfully.
2026-07-27 06:48:49 [INFO]: Email server connected successfully.
2026-07-27 06:48:49 [INFO]: Server is running on port 5132.
2026-07-27 06:48:50 [INFO]: MongoDB connected successfully.
2026-07-27 06:48:53 [INFO]: Email server connected successfully.
2026-07-27 06:48:53 [INFO]: Server is running on port 5132.
2026-07-27 06:48:56 [INFO]: MongoDB connected successfully.
2026-07-27 06:48:59 [INFO]: Email server connected successfully.
2026-07-27 06:48:59 [INFO]: Server is running on port 5132.
2026-07-27 06:49:01 [INFO]: MongoDB connected successfully.
2026-07-27 06:49:04 [INFO]: MongoDB connected successfully.
2026-07-27 06:49:07 [INFO]: Email server connected successfully.
2026-07-27 06:49:07 [INFO]: Server is running on port 5132.
2026-07-27 06:49:09 [INFO]: MongoDB connected successfully.
2026-07-27 06:49:11 [INFO]: Email server connected successfully.
2026-07-27 06:49:11 [INFO]: Server is running on port 5132.
2026-07-27 06:49:13 [INFO]: MongoDB connected successfully.
2026-07-27 06:49:17 [INFO]: MongoDB connected successfully.
2026-07-27 06:49:19 [INFO]: Email server connected successfully.
2026-07-27 06:49:19 [INFO]: Server is running on port 5132.
2026-07-27 06:49:27 [INFO]: MongoDB connected successfully.
2026-07-27 06:49:30 [INFO]: MongoDB connected successfully.
2026-07-27 06:49:32 [INFO]: MongoDB connected successfully.
2026-07-27 06:49:34 [INFO]: MongoDB connected successfully.
2026-07-27 06:49:36 [INFO]: MongoDB connected successfully.
2026-07-27 06:49:39 [INFO]: Email server connected successfully.
2026-07-27 06:49:39 [INFO]: Server is running on port 5132.
2026-07-27 06:49:52 [INFO]: [0mGET / [36m304[0m 30.617 ms - -[0m
2026-07-27 06:49:52 [INFO]: [0mGET /css/style.css [36m304[0m 1.107 ms - -[0m
2026-07-27 06:49:52 [INFO]: [0mGET /images/logo/plantora.png [36m304[0m 0.855 ms - -[0m
2026-07-27 06:49:52 [INFO]: [0mGET /images/hero/hero-placeholder.png [36m304[0m 1.682 ms - -[0m
2026-07-27 06:49:52 [INFO]: [0mGET /images/hero/monstera-plant.jpg [36m304[0m 1.442 ms - -[0m
2026-07-27 06:49:52 [INFO]: [0mGET /images/hero/snake-plant.jpg [36m304[0m 2.036 ms - -[0m
2026-07-27 06:49:52 [INFO]: [0mGET /images/hero/peace-lily.jpg [36m304[0m 2.444 ms - -[0m
2026-07-27 06:49:52 [INFO]: [0mGET /js/header.js [36m304[0m 1.225 ms - -[0m
2026-07-27 06:49:52 [INFO]: [0mGET /js/featured.js [36m304[0m 2.195 ms - -[0m
2026-07-27 06:49:52 [INFO]: [0mGET /css/variables.css [36m304[0m 1.628 ms - -[0m
2026-07-27 06:49:52 [INFO]: [0mGET /css/utilities.css [36m304[0m 1.946 ms - -[0m
2026-07-27 06:49:52 [INFO]: [0mGET /css/animations.css [36m304[0m 2.204 ms - -[0m
2026-07-27 06:49:52 [INFO]: [0mGET /css/header.css [36m304[0m 0.998 ms - -[0m
2026-07-27 06:49:52 [INFO]: [0mGET /css/announcement.css [36m304[0m 1.343 ms - -[0m
2026-07-27 06:49:52 [INFO]: [0mGET /css/hero.css [36m304[0m 1.493 ms - -[0m
2026-07-27 06:49:52 [INFO]: [0mGET /css/featured.css [36m304[0m 0.917 ms - -[0m
2026-07-27 06:49:52 [INFO]: [0mGET /css/why-choose.css [36m304[0m 0.982 ms - -[0m
2026-07-27 06:49:52 [INFO]: [0mGET /.well-known/appspecific/com.chrome.devtools.json [33m404[0m 2.195 ms - 112[0m
2026-07-27 06:49:52 [INFO]: [0mGET /css/footer.css [36m304[0m 5.337 ms - -[0m
2026-07-27 06:49:52 [INFO]: [0mGET /css/auth.css [36m304[0m 4.773 ms - -[0m
2026-07-27 06:49:52 [INFO]: [0mGET /css/verify.css [36m304[0m 4.941 ms - -[0m
2026-07-27 06:49:52 [INFO]: [0mGET /js/why-choose.js [36m304[0m 0.510 ms - -[0m
2026-07-27 06:49:52 [INFO]: [0mGET /js/notification.js [36m304[0m 1.256 ms - -[0m
2026-07-27 06:49:52 [INFO]: [0mGET /js/footer.js [36m304[0m 1.131 ms - -[0m
2026-07-27 06:49:52 [INFO]: [0mGET /js/auth.js [36m304[0m 1.399 ms - -[0m
2026-07-27 06:49:52 [INFO]: [0mGET /images/hero/tulip-plant.jpg [36m304[0m 1.835 ms - -[0m
2026-07-27 06:49:52 [INFO]: [0mGET /images/hero/rubber-plant.jpg [36m304[0m 0.880 ms - -[0m
2026-07-27 06:49:52 [INFO]: [0mGET /images/hero/aloe-vera.jpg [36m304[0m 0.551 ms - -[0m
2026-07-27 06:49:52 [INFO]: [0mGET /images/hero/areca-palm.jpg [36m304[0m 0.708 ms - -[0m
2026-07-27 06:49:52 [INFO]: [0mGET /images/hero/jade-plant.jpg [36m304[0m 0.890 ms - -[0m
2026-07-27 06:49:52 [INFO]: [0mGET /images/hero/golden-pothos.jpg [36m304[0m 0.830 ms - -[0m
2026-07-27 06:49:52 [INFO]: [0mGET /images/hero/fiddle-leaf-fig.jpg [36m304[0m 0.371 ms - -[0m
2026-07-27 06:49:52 [INFO]: [0mGET /images/hero/why-choose.jpg [36m304[0m 0.320 ms - -[0m
2026-07-27 06:49:52 [INFO]: [0mGET /images/logo/plantora-orgn-white.png [36m304[0m 0.381 ms - -[0m
2026-07-27 06:49:58 [INFO]: [0mGET /auth/forgot-password [32m200[0m 11.963 ms - -[0m
2026-07-27 06:49:58 [INFO]: [0mGET /css/style.css [36m304[0m 1.437 ms - -[0m
2026-07-27 06:49:58 [INFO]: [0mGET /images/logo/plantora.png [36m304[0m 0.569 ms - -[0m
2026-07-27 06:49:58 [INFO]: [0mGET /images/logo/plantora-orgn-white.png [36m304[0m 0.800 ms - -[0m
2026-07-27 06:49:58 [INFO]: [0mGET /js/header.js [36m304[0m 1.131 ms - -[0m
2026-07-27 06:49:58 [INFO]: [0mGET /js/featured.js [36m304[0m 1.400 ms - -[0m
2026-07-27 06:49:58 [INFO]: [0mGET /js/notification.js [36m304[0m 1.624 ms - -[0m
2026-07-27 06:49:58 [INFO]: [0mGET /js/why-choose.js [36m304[0m 2.076 ms - -[0m
2026-07-27 06:49:58 [INFO]: [0mGET /js/footer.js [36m304[0m 0.832 ms - -[0m
2026-07-27 06:49:58 [INFO]: [0mGET /js/auth.js [36m304[0m 0.897 ms - -[0m
2026-07-27 06:49:58 [INFO]: [0mGET /css/variables.css [36m304[0m 1.174 ms - -[0m
2026-07-27 06:49:58 [INFO]: [0mGET /css/utilities.css [36m304[0m 1.468 ms - -[0m
2026-07-27 06:49:58 [INFO]: [0mGET /css/animations.css [36m304[0m 1.860 ms - -[0m
2026-07-27 06:49:58 [INFO]: [0mGET /css/announcement.css [36m304[0m 0.623 ms - -[0m
2026-07-27 06:49:58 [INFO]: [0mGET /css/header.css [36m304[0m 1.856 ms - -[0m
2026-07-27 06:49:58 [INFO]: [0mGET /css/hero.css [36m304[0m 1.400 ms - -[0m
2026-07-27 06:49:58 [INFO]: [0mGET /css/featured.css [36m304[0m 1.010 ms - -[0m
2026-07-27 06:49:58 [INFO]: [0mGET /css/why-choose.css [36m304[0m 1.584 ms - -[0m
2026-07-27 06:49:58 [INFO]: [0mGET /css/footer.css [36m304[0m 0.916 ms - -[0m
2026-07-27 06:49:58 [INFO]: [0mGET /css/auth.css [36m304[0m 1.101 ms - -[0m
2026-07-27 06:49:58 [INFO]: [0mGET /.well-known/appspecific/com.chrome.devtools.json [33m404[0m 1.162 ms - 112[0m
2026-07-27 06:49:58 [INFO]: [0mGET /css/verify.css [36m304[0m 1.864 ms - -[0m
2026-07-27 06:50:05 [INFO]: Email sent successfully to 'customer_0001@yopmail.com'. Subject: 'Reset Your Plantora Password'.
2026-07-27 06:50:05 [ERROR]: Failed to create audit log: AuditLog validation failed: action: `Forgot Password` is not a valid enum value for path `action`., severity: `low` is not a valid enum value for path `severity`.
2026-07-27 06:50:05 [INFO]: Password reset email sent : customer_0001@yopmail.com
2026-07-27 06:50:05 [INFO]: [0mPOST /auth/forgot-password [32m200[0m 4473.049 ms - 86[0m
2026-07-27 06:54:45 [INFO]: MongoDB connected successfully.
2026-07-27 06:54:47 [INFO]: MongoDB connected successfully.
2026-07-27 06:54:50 [INFO]: Email server connected successfully.
2026-07-27 06:54:50 [INFO]: Server is running on port 5132.
2026-07-27 06:54:51 [INFO]: SIGINT received. Shutting down server...
2026-07-27 06:54:54 [INFO]: MongoDB connected successfully.
2026-07-27 06:54:56 [INFO]: Email server connected successfully.
2026-07-27 06:54:56 [INFO]: Server is running on port 5132.
2026-07-27 06:55:10 [INFO]: Email sent successfully to 'customer_0001@yopmail.com'. Subject: 'Reset Your Plantora Password'.
2026-07-27 06:55:10 [ERROR]: Failed to create audit log: AuditLog validation failed: action: `Forgot Password` is not a valid enum value for path `action`., severity: `low` is not a valid enum value for path `severity`.
2026-07-27 06:55:10 [INFO]: Password reset email sent : customer_0001@yopmail.com
2026-07-27 06:55:10 [INFO]: [0mPOST /auth/forgot-password [32m200[0m 4815.364 ms - 86[0m
2026-07-27 06:59:38 [INFO]: MongoDB connected successfully.
2026-07-27 06:59:41 [INFO]: Email server connected successfully.
2026-07-27 06:59:41 [INFO]: Server is running on port 5132.
2026-07-27 06:59:56 [INFO]: Email sent successfully to 'customer_0001@yopmail.com'. Subject: 'Reset Your Plantora Password'.
2026-07-27 06:59:56 [ERROR]: Failed to create audit log: AuditLog validation failed: action: `Forgot Password` is not a valid enum value for path `action`., severity: `low` is not a valid enum value for path `severity`.
2026-07-27 06:59:56 [INFO]: Password reset email sent : customer_0001@yopmail.com
2026-07-27 06:59:56 [INFO]: [0mPOST /auth/forgot-password [32m200[0m 4478.370 ms - 86[0m
2026-07-27 07:00:34 [INFO]: [0mGET /images/logo/logo-green.svg [32m200[0m 6.353 ms - -[0m
2026-07-27 07:00:43 [INFO]: [0mGET /images/logo/Plantora-logo.png [33m404[0m 5.728 ms - 93[0m
2026-07-27 07:01:06 [INFO]: SIGINT received. Shutting down server...
