2026-08-07 02:13:50 [INFO]: MongoDB connected successfully.
2026-08-07 02:13:53 [INFO]: MongoDB connected successfully.
2026-08-07 02:13:56 [INFO]: MongoDB connected successfully.
2026-08-07 02:13:59 [INFO]: MongoDB connected successfully.
2026-08-07 02:14:02 [INFO]: Email server connected successfully.
2026-08-07 02:14:02 [INFO]: Server is running on port 5132.
2026-08-07 02:17:39 [INFO]: MongoDB connected successfully.
2026-08-07 02:17:42 [INFO]: Email server connected successfully.
2026-08-07 02:17:42 [INFO]: Server is running on port 5132.
2026-08-07 02:18:29 [INFO]: MongoDB connected successfully.
2026-08-07 02:18:32 [INFO]: Email server connected successfully.
2026-08-07 02:18:32 [INFO]: Server is running on port 5132.
2026-08-07 02:20:15 [INFO]: MongoDB connected successfully.
2026-08-07 02:20:17 [INFO]: Email server connected successfully.
2026-08-07 02:20:18 [INFO]: Server is running on port 5132.
2026-08-07 02:20:47 [INFO]: [0mGET / [32m200[0m 47.934 ms - -[0m
2026-08-07 02:20:47 [INFO]: [0mGET /css/style.css [36m304[0m 2.123 ms - -[0m
2026-08-07 02:20:47 [INFO]: [0mGET /images/logo/plantora.png [36m304[0m 2.905 ms - -[0m
2026-08-07 02:20:47 [INFO]: [0mGET /images/hero/hero-placeholder.png [36m304[0m 2.043 ms - -[0m
2026-08-07 02:20:47 [INFO]: [0mGET /images/hero/monstera-plant.jpg [36m304[0m 0.426 ms - -[0m
2026-08-07 02:20:47 [INFO]: [0mGET /images/hero/snake-plant.jpg [36m304[0m 0.451 ms - -[0m
2026-08-07 02:20:47 [INFO]: [0mGET /images/hero/peace-lily.jpg [36m304[0m 2.869 ms - -[0m
2026-08-07 02:20:47 [INFO]: [0mGET /js/header.js [36m304[0m 1.329 ms - -[0m
2026-08-07 02:20:47 [INFO]: [0mGET /css/variables.css [36m304[0m 0.908 ms - -[0m
2026-08-07 02:20:47 [INFO]: [0mGET /css/utilities.css [36m304[0m 1.092 ms - -[0m
2026-08-07 02:20:47 [INFO]: [0mGET /css/animations.css [36m304[0m 1.349 ms - -[0m
2026-08-07 02:20:47 [INFO]: [0mGET /css/announcement.css [36m304[0m 2.978 ms - -[0m
2026-08-07 02:20:47 [INFO]: [0mGET /css/featured.css [36m304[0m 1.168 ms - -[0m
2026-08-07 02:20:47 [INFO]: [0mGET /css/why-choose.css [36m304[0m 1.470 ms - -[0m
2026-08-07 02:20:47 [INFO]: [0mGET /css/footer.css [36m304[0m 1.782 ms - -[0m
2026-08-07 02:20:47 [INFO]: [0mGET /css/header.css [36m304[0m 2.061 ms - -[0m
2026-08-07 02:20:47 [INFO]: [0mGET /css/hero.css [36m304[0m 2.334 ms - -[0m
2026-08-07 02:20:47 [INFO]: [0mGET /css/auth.css [36m304[0m 2.696 ms - -[0m
2026-08-07 02:20:47 [INFO]: [0mGET /css/verify.css [36m304[0m 0.476 ms - -[0m
2026-08-07 02:20:47 [INFO]: [0mGET /js/featured.js [36m304[0m 0.468 ms - -[0m
2026-08-07 02:20:47 [INFO]: [0mGET /js/why-choose.js [36m304[0m 0.621 ms - -[0m
2026-08-07 02:20:47 [INFO]: [0mGET /js/notification.js [36m304[0m 0.470 ms - -[0m
2026-08-07 02:20:47 [INFO]: [0mGET /js/footer.js [36m304[0m 1.091 ms - -[0m
2026-08-07 02:20:47 [INFO]: [0mGET /js/auth.js [36m304[0m 1.476 ms - -[0m
2026-08-07 02:20:47 [INFO]: [0mGET /images/hero/tulip-plant.jpg [36m304[0m 1.522 ms - -[0m
2026-08-07 02:20:47 [INFO]: [0mGET /images/hero/rubber-plant.jpg [36m304[0m 1.125 ms - -[0m
2026-08-07 02:20:47 [INFO]: [0mGET /images/hero/aloe-vera.jpg [36m304[0m 0.600 ms - -[0m
2026-08-07 02:20:47 [INFO]: [0mGET /images/hero/areca-palm.jpg [36m304[0m 0.394 ms - -[0m
2026-08-07 02:20:47 [INFO]: [0mGET /images/hero/jade-plant.jpg [36m304[0m 0.577 ms - -[0m
2026-08-07 02:20:47 [INFO]: [0mGET /images/hero/golden-pothos.jpg [36m304[0m 0.611 ms - -[0m
2026-08-07 02:20:47 [INFO]: [0mGET /images/hero/fiddle-leaf-fig.jpg [36m304[0m 0.282 ms - -[0m
2026-08-07 02:20:47 [INFO]: [0mGET /images/hero/why-choose.jpg [36m304[0m 0.491 ms - -[0m
2026-08-07 02:20:47 [INFO]: [0mGET /images/logo/plantora-orgn-white.png [36m304[0m 0.350 ms - -[0m
2026-08-07 02:20:51 [INFO]: Login successful : admin-plantora@yopmail.com
2026-08-07 02:20:51 [INFO]: [0mPOST /auth/login [32m200[0m 767.098 ms - 46[0m
2026-08-07 02:20:52 [INFO]: [0mGET / [32m200[0m 103.886 ms - -[0m
2026-08-07 02:20:52 [INFO]: [0mGET /css/style.css [36m304[0m 0.318 ms - -[0m
2026-08-07 02:20:52 [INFO]: [0mGET /images/logo/plantora.png [36m304[0m 0.268 ms - -[0m
2026-08-07 02:20:52 [INFO]: [0mGET /images/hero/hero-placeholder.png [36m304[0m 1.107 ms - -[0m
2026-08-07 02:20:52 [INFO]: [0mGET /images/hero/monstera-plant.jpg [36m304[0m 1.618 ms - -[0m
2026-08-07 02:20:52 [INFO]: [0mGET /js/header.js [36m304[0m 1.808 ms - -[0m
2026-08-07 02:20:52 [INFO]: [0mGET /js/featured.js [36m304[0m 2.224 ms - -[0m
2026-08-07 02:20:52 [INFO]: [0mGET /js/why-choose.js [36m304[0m 2.962 ms - -[0m
2026-08-07 02:20:52 [INFO]: [0mGET /js/notification.js [36m304[0m 0.206 ms - -[0m
2026-08-07 02:20:52 [INFO]: [0mGET /js/footer.js [36m304[0m 0.881 ms - -[0m
2026-08-07 02:20:52 [INFO]: [0mGET /css/variables.css [36m304[0m 1.077 ms - -[0m
2026-08-07 02:20:52 [INFO]: [0mGET /css/utilities.css [36m304[0m 1.396 ms - -[0m
2026-08-07 02:20:52 [INFO]: [0mGET /css/animations.css [36m304[0m 1.713 ms - -[0m
2026-08-07 02:20:52 [INFO]: [0mGET /css/announcement.css [36m304[0m 2.103 ms - -[0m
2026-08-07 02:20:52 [INFO]: [0mGET /css/header.css [36m304[0m 0.858 ms - -[0m
2026-08-07 02:20:52 [INFO]: [0mGET /css/hero.css [36m304[0m 0.882 ms - -[0m
2026-08-07 02:20:52 [INFO]: [0mGET /css/featured.css [36m304[0m 1.230 ms - -[0m
2026-08-07 02:20:52 [INFO]: [0mGET /css/why-choose.css [36m304[0m 1.793 ms - -[0m
2026-08-07 02:20:52 [INFO]: [0mGET /css/footer.css [36m304[0m 0.830 ms - -[0m
2026-08-07 02:20:52 [INFO]: [0mGET /css/auth.css [36m304[0m 0.676 ms - -[0m
2026-08-07 02:20:52 [INFO]: [0mGET /css/verify.css [36m304[0m 0.803 ms - -[0m
2026-08-07 02:20:52 [INFO]: [0mGET /js/auth.js [36m304[0m 0.906 ms - -[0m
2026-08-07 02:20:52 [INFO]: [0mGET /images/hero/snake-plant.jpg [36m304[0m 0.976 ms - -[0m
2026-08-07 02:20:52 [INFO]: [0mGET /images/hero/peace-lily.jpg [36m304[0m 1.689 ms - -[0m
2026-08-07 02:20:52 [INFO]: [0mGET /images/hero/tulip-plant.jpg [36m304[0m 1.835 ms - -[0m
2026-08-07 02:20:52 [INFO]: [0mGET /images/hero/rubber-plant.jpg [36m304[0m 0.692 ms - -[0m
2026-08-07 02:20:52 [INFO]: [0mGET /images/hero/aloe-vera.jpg [36m304[0m 0.743 ms - -[0m
2026-08-07 02:20:52 [INFO]: [0mGET /images/hero/areca-palm.jpg [36m304[0m 0.932 ms - -[0m
2026-08-07 02:20:52 [INFO]: [0mGET /images/hero/jade-plant.jpg [36m304[0m 0.559 ms - -[0m
2026-08-07 02:20:52 [INFO]: [0mGET /images/hero/golden-pothos.jpg [36m304[0m 0.785 ms - -[0m
2026-08-07 02:20:52 [INFO]: [0mGET /images/hero/fiddle-leaf-fig.jpg [36m304[0m 0.258 ms - -[0m
2026-08-07 02:20:52 [INFO]: [0mGET /images/hero/why-choose.jpg [36m304[0m 0.302 ms - -[0m
2026-08-07 02:20:52 [INFO]: [0mGET /images/logo/plantora-orgn-white.png [36m304[0m 0.559 ms - -[0m
2026-08-07 02:20:54 [INFO]: [0mGET /admin/dashboard [36m304[0m 271.854 ms - -[0m
2026-08-07 02:20:54 [INFO]: [0mGET /css/style.css [36m304[0m 1.610 ms - -[0m
2026-08-07 02:20:54 [INFO]: [0mGET /css/admin/layout.css [36m304[0m 1.922 ms - -[0m
2026-08-07 02:20:54 [INFO]: [0mGET /css/admin/users.css [36m304[0m 2.355 ms - -[0m
2026-08-07 02:20:54 [INFO]: [0mGET /css/header.css [36m304[0m 5.290 ms - -[0m
2026-08-07 02:20:54 [INFO]: [0mGET /images/logo/plantora.png [36m304[0m 0.643 ms - -[0m
2026-08-07 02:20:54 [INFO]: [0mGET /js/admin/layout.js [36m304[0m 0.354 ms - -[0m
2026-08-07 02:20:54 [INFO]: [0mGET /js/admin/users.js [36m304[0m 0.510 ms - -[0m
2026-08-07 02:20:54 [INFO]: [0mGET /js/header.js [36m304[0m 0.936 ms - -[0m
2026-08-07 02:20:54 [INFO]: [0mGET /js/notification.js [36m304[0m 1.256 ms - -[0m
2026-08-07 02:20:54 [INFO]: [0mGET /css/variables.css [36m304[0m 1.366 ms - -[0m
2026-08-07 02:20:54 [INFO]: [0mGET /css/utilities.css [36m304[0m 1.855 ms - -[0m
2026-08-07 02:20:54 [INFO]: [0mGET /css/animations.css [36m304[0m 2.719 ms - -[0m
2026-08-07 02:20:54 [INFO]: [0mGET /css/announcement.css [36m304[0m 3.294 ms - -[0m
2026-08-07 02:20:54 [INFO]: [0mGET /css/hero.css [36m304[0m 0.710 ms - -[0m
2026-08-07 02:20:54 [INFO]: [0mGET /css/featured.css [36m304[0m 1.547 ms - -[0m
2026-08-07 02:20:54 [INFO]: [0mGET /css/why-choose.css [36m304[0m 1.034 ms - -[0m
2026-08-07 02:20:54 [INFO]: [0mGET /css/footer.css [36m304[0m 0.577 ms - -[0m
2026-08-07 02:20:54 [INFO]: [0mGET /css/auth.css [36m304[0m 0.822 ms - -[0m
2026-08-07 02:20:54 [INFO]: [0mGET /css/verify.css [36m304[0m 1.887 ms - -[0m
2026-08-07 02:20:57 [INFO]: [0mGET /admin/dashboard [36m304[0m 289.342 ms - -[0m
2026-08-07 02:20:57 [INFO]: [0mGET /css/style.css [36m304[0m 1.116 ms - -[0m
2026-08-07 02:20:57 [INFO]: [0mGET /css/admin/layout.css [36m304[0m 1.293 ms - -[0m
2026-08-07 02:20:57 [INFO]: [0mGET /css/admin/users.css [36m304[0m 1.541 ms - -[0m
2026-08-07 02:20:57 [INFO]: [0mGET /css/header.css [36m304[0m 1.793 ms - -[0m
2026-08-07 02:20:57 [INFO]: [0mGET /images/logo/plantora.png [36m304[0m 1.964 ms - -[0m
2026-08-07 02:20:57 [INFO]: [0mGET /css/variables.css [36m304[0m 0.699 ms - -[0m
2026-08-07 02:20:57 [INFO]: [0mGET /css/utilities.css [36m304[0m 0.920 ms - -[0m
2026-08-07 02:20:57 [INFO]: [0mGET /js/admin/layout.js [36m304[0m 1.347 ms - -[0m
2026-08-07 02:20:57 [INFO]: [0mGET /js/admin/users.js [36m304[0m 1.629 ms - -[0m
2026-08-07 02:20:57 [INFO]: [0mGET /js/header.js [36m304[0m 1.917 ms - -[0m
2026-08-07 02:20:57 [INFO]: [0mGET /js/notification.js [36m304[0m 2.343 ms - -[0m
2026-08-07 02:20:57 [INFO]: [0mGET /css/animations.css [36m304[0m 0.730 ms - -[0m
2026-08-07 02:20:57 [INFO]: [0mGET /css/announcement.css [36m304[0m 0.839 ms - -[0m
2026-08-07 02:20:57 [INFO]: [0mGET /css/hero.css [36m304[0m 0.601 ms - -[0m
2026-08-07 02:20:57 [INFO]: [0mGET /css/featured.css [36m304[0m 0.740 ms - -[0m
2026-08-07 02:20:57 [INFO]: [0mGET /css/why-choose.css [36m304[0m 1.502 ms - -[0m
2026-08-07 02:20:57 [INFO]: [0mGET /css/footer.css [36m304[0m 0.989 ms - -[0m
2026-08-07 02:20:57 [INFO]: [0mGET /css/auth.css [36m304[0m 1.258 ms - -[0m
2026-08-07 02:20:57 [INFO]: [0mGET /css/verify.css [36m304[0m 1.868 ms - -[0m
2026-08-07 02:28:50 [INFO]: [0mGET /admin/dashboard [32m200[0m 118.557 ms - -[0m
2026-08-07 02:28:50 [INFO]: [0mGET /css/style.css [36m304[0m 0.462 ms - -[0m
2026-08-07 02:28:50 [INFO]: [0mGET /css/admin/users.css [36m304[0m 0.638 ms - -[0m
2026-08-07 02:28:50 [INFO]: [0mGET /css/header.css [36m304[0m 0.855 ms - -[0m
2026-08-07 02:28:50 [INFO]: [0mGET /images/logo/plantora.png [36m304[0m 1.124 ms - -[0m
2026-08-07 02:28:50 [INFO]: [0mGET /css/admin/layout.css [36m304[0m 2.238 ms - -[0m
2026-08-07 02:28:50 [INFO]: [0mGET /css/admin/products.css [32m200[0m 2.060 ms - -[0m
2026-08-07 02:28:50 [INFO]: [0mGET /js/admin/layout.js [36m304[0m 0.748 ms - -[0m
2026-08-07 02:28:50 [INFO]: [0mGET /js/admin/users.js [36m304[0m 2.296 ms - -[0m
2026-08-07 02:28:50 [INFO]: [0mGET /js/header.js [36m304[0m 3.275 ms - -[0m
2026-08-07 02:28:50 [INFO]: [0mGET /js/notification.js [36m304[0m 2.716 ms - -[0m
2026-08-07 02:28:50 [INFO]: [0mGET /css/variables.css [36m304[0m 1.521 ms - -[0m
2026-08-07 02:28:50 [INFO]: [0mGET /css/utilities.css [36m304[0m 1.735 ms - -[0m
2026-08-07 02:28:50 [INFO]: [0mGET /css/animations.css [36m304[0m 1.821 ms - -[0m
2026-08-07 02:28:50 [INFO]: [0mGET /css/announcement.css [36m304[0m 1.998 ms - -[0m
2026-08-07 02:28:50 [INFO]: [0mGET /css/hero.css [36m304[0m 2.203 ms - -[0m
2026-08-07 02:28:50 [INFO]: [0mGET /js/admin/products.js [32m200[0m 6.862 ms - -[0m
2026-08-07 02:28:50 [INFO]: [0mGET /css/featured.css [36m304[0m 2.344 ms - -[0m
2026-08-07 02:28:50 [INFO]: [0mGET /css/why-choose.css [36m304[0m 2.681 ms - -[0m
2026-08-07 02:28:50 [INFO]: [0mGET /css/footer.css [36m304[0m 2.873 ms - -[0m
2026-08-07 02:28:50 [INFO]: [0mGET /css/auth.css [36m304[0m 2.733 ms - -[0m
2026-08-07 02:28:50 [INFO]: [0mGET /css/verify.css [36m304[0m 2.641 ms - -[0m
2026-08-07 02:28:51 [INFO]: [0mGET /admin/dashboard [36m304[0m 299.537 ms - -[0m
2026-08-07 02:28:51 [INFO]: [0mGET /css/style.css [36m304[0m 0.541 ms - -[0m
2026-08-07 02:28:51 [INFO]: [0mGET /css/admin/layout.css [36m304[0m 0.722 ms - -[0m
2026-08-07 02:28:51 [INFO]: [0mGET /css/admin/users.css [36m304[0m 1.000 ms - -[0m
2026-08-07 02:28:51 [INFO]: [0mGET /css/admin/products.css [36m304[0m 1.622 ms - -[0m
2026-08-07 02:28:51 [INFO]: [0mGET /css/header.css [36m304[0m 0.576 ms - -[0m
2026-08-07 02:28:51 [INFO]: [0mGET /images/logo/plantora.png [36m304[0m 0.726 ms - -[0m
2026-08-07 02:28:51 [INFO]: [0mGET /js/admin/layout.js [36m304[0m 0.427 ms - -[0m
2026-08-07 02:28:51 [INFO]: [0mGET /js/admin/users.js [36m304[0m 0.676 ms - -[0m
2026-08-07 02:28:51 [INFO]: [0mGET /js/admin/products.js [36m304[0m 1.164 ms - -[0m
2026-08-07 02:28:51 [INFO]: [0mGET /js/header.js [36m304[0m 1.362 ms - -[0m
2026-08-07 02:28:51 [INFO]: [0mGET /js/notification.js [36m304[0m 0.804 ms - -[0m
2026-08-07 02:28:51 [INFO]: [0mGET /css/variables.css [36m304[0m 1.170 ms - -[0m
2026-08-07 02:28:51 [INFO]: [0mGET /css/utilities.css [36m304[0m 0.698 ms - -[0m
2026-08-07 02:28:51 [INFO]: [0mGET /css/animations.css [36m304[0m 0.736 ms - -[0m
2026-08-07 02:28:51 [INFO]: [0mGET /css/announcement.css [36m304[0m 0.887 ms - -[0m
2026-08-07 02:28:51 [INFO]: [0mGET /css/hero.css [36m304[0m 1.076 ms - -[0m
2026-08-07 02:28:51 [INFO]: [0mGET /css/featured.css [36m304[0m 1.686 ms - -[0m
2026-08-07 02:28:51 [INFO]: [0mGET /css/why-choose.css [36m304[0m 0.350 ms - -[0m
2026-08-07 02:28:51 [INFO]: [0mGET /css/footer.css [36m304[0m 0.542 ms - -[0m
2026-08-07 02:28:51 [INFO]: [0mGET /css/auth.css [36m304[0m 1.046 ms - -[0m
2026-08-07 02:28:51 [INFO]: [0mGET /css/verify.css [36m304[0m 0.469 ms - -[0m
2026-08-07 02:28:52 [INFO]: [0mGET /admin/dashboard [36m304[0m 219.920 ms - -[0m
2026-08-07 02:28:53 [INFO]: [0mGET /css/style.css [36m304[0m 1.266 ms - -[0m
2026-08-07 02:28:53 [INFO]: [0mGET /css/admin/layout.css [36m304[0m 1.414 ms - -[0m
2026-08-07 02:28:53 [INFO]: [0mGET /css/admin/users.css [36m304[0m 1.569 ms - -[0m
2026-08-07 02:28:53 [INFO]: [0mGET /css/admin/products.css [36m304[0m 1.216 ms - -[0m
2026-08-07 02:28:53 [INFO]: [0mGET /css/header.css [36m304[0m 1.355 ms - -[0m
2026-08-07 02:28:53 [INFO]: [0mGET /images/logo/plantora.png [36m304[0m 1.573 ms - -[0m
2026-08-07 02:28:53 [INFO]: [0mGET /js/admin/layout.js [36m304[0m 0.271 ms - -[0m
2026-08-07 02:28:53 [INFO]: [0mGET /js/admin/users.js [36m304[0m 0.607 ms - -[0m
2026-08-07 02:28:53 [INFO]: [0mGET /css/variables.css [36m304[0m 0.525 ms - -[0m
2026-08-07 02:28:53 [INFO]: [0mGET /js/admin/products.js [36m304[0m 0.648 ms - -[0m
2026-08-07 02:28:53 [INFO]: [0mGET /js/header.js [36m304[0m 0.984 ms - -[0m
2026-08-07 02:28:53 [INFO]: [0mGET /js/notification.js [36m304[0m 1.411 ms - -[0m
2026-08-07 02:28:53 [INFO]: [0mGET /css/utilities.css [36m304[0m 1.714 ms - -[0m
2026-08-07 02:28:53 [INFO]: [0mGET /css/animations.css [36m304[0m 0.666 ms - -[0m
2026-08-07 02:28:53 [INFO]: [0mGET /css/announcement.css [36m304[0m 1.036 ms - -[0m
2026-08-07 02:28:53 [INFO]: [0mGET /css/hero.css [36m304[0m 1.538 ms - -[0m
2026-08-07 02:28:53 [INFO]: [0mGET /css/featured.css [36m304[0m 1.940 ms - -[0m
2026-08-07 02:28:53 [INFO]: [0mGET /css/why-choose.css [36m304[0m 0.692 ms - -[0m
2026-08-07 02:28:53 [INFO]: [0mGET /css/footer.css [36m304[0m 0.789 ms - -[0m
2026-08-07 02:28:53 [INFO]: [0mGET /css/auth.css [36m304[0m 0.922 ms - -[0m
2026-08-07 02:28:53 [INFO]: [0mGET /css/verify.css [36m304[0m 1.154 ms - -[0m
2026-08-07 02:28:54 [INFO]: [0mGET /admin/users [32m200[0m 278.524 ms - -[0m
2026-08-07 02:28:54 [INFO]: [0mGET /css/style.css [36m304[0m 0.291 ms - -[0m
2026-08-07 02:28:54 [INFO]: [0mGET /css/admin/layout.css [36m304[0m 0.820 ms - -[0m
2026-08-07 02:28:54 [INFO]: [0mGET /css/admin/users.css [36m304[0m 1.011 ms - -[0m
2026-08-07 02:28:54 [INFO]: [0mGET /css/admin/products.css [36m304[0m 1.207 ms - -[0m
2026-08-07 02:28:54 [INFO]: [0mGET /css/header.css [36m304[0m 1.556 ms - -[0m
2026-08-07 02:28:54 [INFO]: [0mGET /images/logo/plantora.png [36m304[0m 0.549 ms - -[0m
2026-08-07 02:28:54 [INFO]: [0mGET /js/admin/layout.js [36m304[0m 0.453 ms - -[0m
2026-08-07 02:28:54 [INFO]: [0mGET /js/admin/users.js [36m304[0m 0.672 ms - -[0m
2026-08-07 02:28:54 [INFO]: [0mGET /js/admin/products.js [36m304[0m 0.949 ms - -[0m
2026-08-07 02:28:54 [INFO]: [0mGET /js/header.js [36m304[0m 1.211 ms - -[0m
2026-08-07 02:28:54 [INFO]: [0mGET /js/notification.js [36m304[0m 1.496 ms - -[0m
2026-08-07 02:28:54 [INFO]: [0mGET /css/variables.css [36m304[0m 0.818 ms - -[0m
2026-08-07 02:28:54 [INFO]: [0mGET /css/utilities.css [36m304[0m 1.064 ms - -[0m
2026-08-07 02:28:54 [INFO]: [0mGET /css/animations.css [36m304[0m 1.302 ms - -[0m
2026-08-07 02:28:54 [INFO]: [0mGET /css/announcement.css [36m304[0m 0.322 ms - -[0m
2026-08-07 02:28:54 [INFO]: [0mGET /css/hero.css [36m304[0m 0.436 ms - -[0m
2026-08-07 02:28:54 [INFO]: [0mGET /css/featured.css [36m304[0m 0.626 ms - -[0m
2026-08-07 02:28:54 [INFO]: [0mGET /css/why-choose.css [36m304[0m 0.964 ms - -[0m
2026-08-07 02:28:54 [INFO]: [0mGET /css/footer.css [36m304[0m 0.277 ms - -[0m
2026-08-07 02:28:54 [INFO]: [0mGET /css/auth.css [36m304[0m 0.260 ms - -[0m
2026-08-07 02:28:54 [INFO]: [0mGET /css/verify.css [36m304[0m 0.516 ms - -[0m
2026-08-07 02:28:55 [INFO]: [0mGET /admin/users/trash [32m200[0m 190.144 ms - -[0m
2026-08-07 02:28:55 [INFO]: [0mGET /css/style.css [36m304[0m 0.578 ms - -[0m
2026-08-07 02:28:55 [INFO]: [0mGET /css/admin/layout.css [36m304[0m 0.796 ms - -[0m
2026-08-07 02:28:55 [INFO]: [0mGET /css/admin/users.css [36m304[0m 1.589 ms - -[0m
2026-08-07 02:28:55 [INFO]: [0mGET /css/admin/products.css [36m304[0m 1.937 ms - -[0m
2026-08-07 02:28:55 [INFO]: [0mGET /css/header.css [36m304[0m 2.339 ms - -[0m
2026-08-07 02:28:55 [INFO]: [0mGET /images/logo/plantora.png [36m304[0m 0.208 ms - -[0m
2026-08-07 02:28:55 [INFO]: [0mGET /js/admin/layout.js [36m304[0m 0.327 ms - -[0m
2026-08-07 02:28:55 [INFO]: [0mGET /js/admin/users.js [36m304[0m 0.261 ms - -[0m
2026-08-07 02:28:55 [INFO]: [0mGET /js/admin/products.js [36m304[0m 0.982 ms - -[0m
2026-08-07 02:28:55 [INFO]: [0mGET /css/variables.css [36m304[0m 0.837 ms - -[0m
2026-08-07 02:28:55 [INFO]: [0mGET /js/header.js [36m304[0m 1.151 ms - -[0m
2026-08-07 02:28:55 [INFO]: [0mGET /js/notification.js [36m304[0m 1.694 ms - -[0m
2026-08-07 02:28:55 [INFO]: [0mGET /css/utilities.css [36m304[0m 0.724 ms - -[0m
2026-08-07 02:28:55 [INFO]: [0mGET /css/animations.css [36m304[0m 0.657 ms - -[0m
2026-08-07 02:28:55 [INFO]: [0mGET /css/announcement.css [36m304[0m 0.824 ms - -[0m
2026-08-07 02:28:55 [INFO]: [0mGET /css/hero.css [36m304[0m 1.066 ms - -[0m
2026-08-07 02:28:55 [INFO]: [0mGET /css/featured.css [36m304[0m 0.911 ms - -[0m
2026-08-07 02:28:55 [INFO]: [0mGET /css/why-choose.css [36m304[0m 0.901 ms - -[0m
2026-08-07 02:28:55 [INFO]: [0mGET /css/footer.css [36m304[0m 1.356 ms - -[0m
2026-08-07 02:28:55 [INFO]: [0mGET /css/auth.css [36m304[0m 0.860 ms - -[0m
2026-08-07 02:28:55 [INFO]: [0mGET /css/verify.css [36m304[0m 1.739 ms - -[0m
2026-08-07 02:28:56 [INFO]: [0mGET /admin/users [36m304[0m 175.218 ms - -[0m
2026-08-07 02:28:56 [INFO]: [0mGET /css/style.css [36m304[0m 0.809 ms - -[0m
2026-08-07 02:28:56 [INFO]: [0mGET /css/admin/layout.css [36m304[0m 0.948 ms - -[0m
2026-08-07 02:28:56 [INFO]: [0mGET /css/admin/users.css [36m304[0m 1.310 ms - -[0m
2026-08-07 02:28:56 [INFO]: [0mGET /css/header.css [36m304[0m 2.224 ms - -[0m
2026-08-07 02:28:56 [INFO]: [0mGET /css/admin/products.css [36m304[0m 2.631 ms - -[0m
2026-08-07 02:28:56 [INFO]: [0mGET /images/logo/plantora.png [36m304[0m 1.358 ms - -[0m
2026-08-07 02:28:56 [INFO]: [0mGET /js/admin/layout.js [36m304[0m 0.281 ms - -[0m
2026-08-07 02:28:56 [INFO]: [0mGET /js/admin/users.js [36m304[0m 0.265 ms - -[0m
2026-08-07 02:28:56 [INFO]: [0mGET /js/admin/products.js [36m304[0m 1.138 ms - -[0m
2026-08-07 02:28:56 [INFO]: [0mGET /css/variables.css [36m304[0m 1.018 ms - -[0m
2026-08-07 02:28:56 [INFO]: [0mGET /js/header.js [36m304[0m 1.134 ms - -[0m
2026-08-07 02:28:56 [INFO]: [0mGET /js/notification.js [36m304[0m 0.398 ms - -[0m
2026-08-07 02:28:56 [INFO]: [0mGET /css/utilities.css [36m304[0m 0.571 ms - -[0m
2026-08-07 02:28:56 [INFO]: [0mGET /css/animations.css [36m304[0m 1.280 ms - -[0m
2026-08-07 02:28:56 [INFO]: [0mGET /css/announcement.css [36m304[0m 1.153 ms - -[0m
2026-08-07 02:28:56 [INFO]: [0mGET /css/hero.css [36m304[0m 1.272 ms - -[0m
2026-08-07 02:28:57 [INFO]: [0mGET /css/featured.css [36m304[0m 0.844 ms - -[0m
2026-08-07 02:28:57 [INFO]: [0mGET /css/why-choose.css [36m304[0m 1.475 ms - -[0m
2026-08-07 02:28:57 [INFO]: [0mGET /css/footer.css [36m304[0m 1.897 ms - -[0m
2026-08-07 02:28:57 [INFO]: [0mGET /css/auth.css [36m304[0m 0.820 ms - -[0m
2026-08-07 02:28:57 [INFO]: [0mGET /css/verify.css [36m304[0m 1.168 ms - -[0m
2026-08-07 02:28:58 [INFO]: [0mGET /admin/dashboard [36m304[0m 308.290 ms - -[0m
2026-08-07 02:28:58 [INFO]: [0mGET /css/style.css [36m304[0m 0.286 ms - -[0m
2026-08-07 02:28:58 [INFO]: [0mGET /css/admin/layout.css [36m304[0m 0.369 ms - -[0m
2026-08-07 02:28:58 [INFO]: [0mGET /css/admin/users.css [36m304[0m 0.791 ms - -[0m
2026-08-07 02:28:58 [INFO]: [0mGET /css/admin/products.css [36m304[0m 0.945 ms - -[0m
2026-08-07 02:28:58 [INFO]: [0mGET /css/header.css [36m304[0m 0.706 ms - -[0m
2026-08-07 02:28:58 [INFO]: [0mGET /images/logo/plantora.png [36m304[0m 0.955 ms - -[0m
2026-08-07 02:28:58 [INFO]: [0mGET /js/admin/layout.js [36m304[0m 0.707 ms - -[0m
2026-08-07 02:28:58 [INFO]: [0mGET /js/admin/users.js [36m304[0m 1.291 ms - -[0m
2026-08-07 02:28:58 [INFO]: [0mGET /js/admin/products.js [36m304[0m 2.017 ms - -[0m
2026-08-07 02:28:58 [INFO]: [0mGET /css/variables.css [36m304[0m 0.906 ms - -[0m
2026-08-07 02:28:58 [INFO]: [0mGET /js/header.js [36m304[0m 1.626 ms - -[0m
2026-08-07 02:28:58 [INFO]: [0mGET /js/notification.js [36m304[0m 1.978 ms - -[0m
2026-08-07 02:28:58 [INFO]: [0mGET /css/utilities.css [36m304[0m 3.136 ms - -[0m
2026-08-07 02:28:58 [INFO]: [0mGET /css/animations.css [36m304[0m 1.089 ms - -[0m
2026-08-07 02:28:58 [INFO]: [0mGET /css/announcement.css [36m304[0m 1.099 ms - -[0m
2026-08-07 02:28:58 [INFO]: [0mGET /css/hero.css [36m304[0m 0.488 ms - -[0m
2026-08-07 02:28:58 [INFO]: [0mGET /css/featured.css [36m304[0m 0.865 ms - -[0m
2026-08-07 02:28:58 [INFO]: [0mGET /css/why-choose.css [36m304[0m 1.347 ms - -[0m
2026-08-07 02:28:58 [INFO]: [0mGET /css/footer.css [36m304[0m 1.673 ms - -[0m
2026-08-07 02:28:58 [INFO]: [0mGET /css/auth.css [36m304[0m 2.231 ms - -[0m
2026-08-07 02:28:58 [INFO]: [0mGET /css/verify.css [36m304[0m 2.641 ms - -[0m
2026-08-07 02:32:20 [INFO]: [0mGET /admin/dashboard [32m200[0m 202.204 ms - -[0m
2026-08-07 02:32:20 [INFO]: [0mGET /css/style.css [36m304[0m 0.544 ms - -[0m
2026-08-07 02:32:20 [INFO]: [0mGET /css/admin/layout.css [36m304[0m 0.643 ms - -[0m
2026-08-07 02:32:20 [INFO]: [0mGET /css/admin/products.css [36m304[0m 0.261 ms - -[0m
2026-08-07 02:32:20 [INFO]: [0mGET /css/admin/users.css [36m304[0m 0.276 ms - -[0m
2026-08-07 02:32:20 [INFO]: [0mGET /css/header.css [36m304[0m 0.467 ms - -[0m
2026-08-07 02:32:20 [INFO]: [0mGET /images/logo/plantora.png [36m304[0m 0.700 ms - -[0m
2026-08-07 02:32:20 [INFO]: [0mGET /js/admin/layout.js [36m304[0m 0.540 ms - -[0m
2026-08-07 02:32:20 [INFO]: [0mGET /js/admin/products.js [36m304[0m 0.853 ms - -[0m
2026-08-07 02:32:20 [INFO]: [0mGET /js/admin/users.js [36m304[0m 1.167 ms - -[0m
2026-08-07 02:32:20 [INFO]: [0mGET /js/header.js [36m304[0m 1.264 ms - -[0m
2026-08-07 02:32:20 [INFO]: [0mGET /css/variables.css [36m304[0m 1.507 ms - -[0m
2026-08-07 02:32:20 [INFO]: [0mGET /js/notification.js [36m304[0m 1.651 ms - -[0m
2026-08-07 02:32:20 [INFO]: [0mGET /css/utilities.css [36m304[0m 0.698 ms - -[0m
2026-08-07 02:32:20 [INFO]: [0mGET /css/announcement.css [36m304[0m 0.267 ms - -[0m
2026-08-07 02:32:20 [INFO]: [0mGET /css/animations.css [36m304[0m 0.628 ms - -[0m
2026-08-07 02:32:20 [INFO]: [0mGET /css/hero.css [36m304[0m 0.830 ms - -[0m
2026-08-07 02:32:20 [INFO]: [0mGET /css/featured.css [36m304[0m 0.548 ms - -[0m
2026-08-07 02:32:20 [INFO]: [0mGET /css/why-choose.css [36m304[0m 1.032 ms - -[0m
2026-08-07 02:32:20 [INFO]: [0mGET /css/footer.css [36m304[0m 0.276 ms - -[0m
2026-08-07 02:32:20 [INFO]: [0mGET /css/auth.css [36m304[0m 0.544 ms - -[0m
2026-08-07 02:32:20 [INFO]: [0mGET /css/verify.css [36m304[0m 0.722 ms - -[0m
2026-08-07 02:32:25 [INFO]: [0mGET /admin/products [33m404[0m 260.246 ms - 78[0m
2026-08-07 02:32:39 [INFO]: [0mGET /admin/products/trash [33m404[0m 216.628 ms - 84[0m
2026-08-07 02:33:00 [INFO]: [0mGET /admin/products [33m404[0m 174.178 ms - 78[0m
2026-08-07 02:43:20 [INFO]: MongoDB connected successfully.
2026-08-07 02:43:31 [INFO]: MongoDB connected successfully.
2026-08-07 02:43:34 [INFO]: Email server connected successfully.
2026-08-07 02:43:34 [INFO]: Server is running on port 5132.
2026-08-07 02:43:36 [INFO]: MongoDB connected successfully.
2026-08-07 02:43:39 [INFO]: Email server connected successfully.
2026-08-07 02:43:39 [INFO]: Server is running on port 5132.
2026-08-07 02:43:41 [INFO]: MongoDB connected successfully.
2026-08-07 02:43:44 [INFO]: Email server connected successfully.
2026-08-07 02:43:44 [INFO]: Server is running on port 5132.
2026-08-07 02:48:52 [INFO]: [0mGET /admin/dashboard [36m304[0m 167.000 ms - -[0m
2026-08-07 02:48:52 [INFO]: [0mGET /css/style.css [36m304[0m 1.560 ms - -[0m
2026-08-07 02:48:52 [INFO]: [0mGET /css/admin/layout.css [36m304[0m 2.384 ms - -[0m
2026-08-07 02:48:52 [INFO]: [0mGET /css/admin/users.css [36m304[0m 1.033 ms - -[0m
2026-08-07 02:48:52 [INFO]: [0mGET /css/admin/products.css [36m304[0m 1.274 ms - -[0m
2026-08-07 02:48:52 [INFO]: [0mGET /css/header.css [36m304[0m 0.519 ms - -[0m
2026-08-07 02:48:52 [INFO]: [0mGET /images/logo/plantora.png [36m304[0m 0.845 ms - -[0m
2026-08-07 02:48:52 [INFO]: [0mGET /js/admin/layout.js [36m304[0m 2.030 ms - -[0m
2026-08-07 02:48:52 [INFO]: [0mGET /js/admin/users.js [36m304[0m 2.526 ms - -[0m
2026-08-07 02:48:52 [INFO]: [0mGET /js/admin/products.js [36m304[0m 3.422 ms - -[0m
2026-08-07 02:48:52 [INFO]: [0mGET /js/header.js [36m304[0m 3.522 ms - -[0m
2026-08-07 02:48:52 [INFO]: [0mGET /js/notification.js [36m304[0m 3.935 ms - -[0m
2026-08-07 02:48:52 [INFO]: [0mGET /css/variables.css [36m304[0m 0.511 ms - -[0m
2026-08-07 02:48:52 [INFO]: [0mGET /css/utilities.css [36m304[0m 0.791 ms - -[0m
2026-08-07 02:48:52 [INFO]: [0mGET /css/animations.css [36m304[0m 1.181 ms - -[0m
2026-08-07 02:48:52 [INFO]: [0mGET /css/announcement.css [36m304[0m 2.187 ms - -[0m
2026-08-07 02:48:52 [INFO]: [0mGET /css/hero.css [36m304[0m 0.916 ms - -[0m
2026-08-07 02:48:52 [INFO]: [0mGET /css/featured.css [36m304[0m 0.639 ms - -[0m
2026-08-07 02:48:52 [INFO]: [0mGET /css/why-choose.css [36m304[0m 0.870 ms - -[0m
2026-08-07 02:48:52 [INFO]: [0mGET /css/footer.css [36m304[0m 1.013 ms - -[0m
2026-08-07 02:48:52 [INFO]: [0mGET /css/auth.css [36m304[0m 1.498 ms - -[0m
2026-08-07 02:48:52 [INFO]: [0mGET /css/verify.css [36m304[0m 0.940 ms - -[0m
2026-08-07 02:48:54 [ERROR]: Error: Failed to lookup view "product/index" in views directory "E:\Webskitters_Academy\NODE JS\final_project_node\plantora_final_project_node_ejs\views"
    at app.render (E:\Webskitters_Academy\NODE JS\final_project_node\plantora_final_project_node_ejs\node_modules\express\lib\application.js:562:17)
    at ServerResponse.render (E:\Webskitters_Academy\NODE JS\final_project_node\plantora_final_project_node_ejs\node_modules\express\lib\response.js:923:7)
    at showProductsPage (E:\Webskitters_Academy\NODE JS\final_project_node\plantora_final_project_node_ejs\app\controllers\ProductController.js:232:18)
    at process.processTicksAndRejections (node:internal/process/task_queues:103:5)
2026-08-07 02:48:54 [INFO]: [0mGET /admin/products [31m500[0m 187.752 ms - 214[0m
2026-08-07 02:49:31 [ERROR]: Error: Failed to lookup view "product/trash" in views directory "E:\Webskitters_Academy\NODE JS\final_project_node\plantora_final_project_node_ejs\views"
    at app.render (E:\Webskitters_Academy\NODE JS\final_project_node\plantora_final_project_node_ejs\node_modules\express\lib\application.js:562:17)
    at ServerResponse.render (E:\Webskitters_Academy\NODE JS\final_project_node\plantora_final_project_node_ejs\node_modules\express\lib\response.js:923:7)
    at showTrashProductsPage (E:\Webskitters_Academy\NODE JS\final_project_node\plantora_final_project_node_ejs\app\controllers\ProductController.js:2240:18)
    at process.processTicksAndRejections (node:internal/process/task_queues:103:5)
2026-08-07 02:49:31 [INFO]: [0mGET /admin/products/trash [31m500[0m 354.409 ms - 214[0m
2026-08-07 02:55:32 [INFO]: MongoDB connected successfully.
2026-08-07 02:55:35 [INFO]: Email server connected successfully.
2026-08-07 02:55:35 [INFO]: Server is running on port 5132.
2026-08-07 03:02:33 [INFO]: MongoDB connected successfully.
2026-08-07 03:02:37 [INFO]: MongoDB connected successfully.
2026-08-07 03:02:40 [INFO]: Email server connected successfully.
2026-08-07 03:02:40 [INFO]: Server is running on port 5132.
2026-08-07 03:02:55 [INFO]: MongoDB connected successfully.
2026-08-07 03:02:58 [INFO]: Email server connected successfully.
2026-08-07 03:02:58 [INFO]: Server is running on port 5132.
2026-08-07 03:03:15 [INFO]: MongoDB connected successfully.
2026-08-07 03:03:18 [INFO]: Email server connected successfully.
2026-08-07 03:03:18 [INFO]: Server is running on port 5132.
2026-08-07 03:03:21 [INFO]: MongoDB connected successfully.
2026-08-07 03:03:24 [INFO]: Email server connected successfully.
2026-08-07 03:03:24 [INFO]: Server is running on port 5132.
2026-08-07 03:03:43 [INFO]: MongoDB connected successfully.
2026-08-07 03:03:46 [INFO]: Email server connected successfully.
2026-08-07 03:03:46 [INFO]: Server is running on port 5132.
2026-08-07 03:03:57 [INFO]: MongoDB connected successfully.
2026-08-07 03:03:58 [INFO]: MongoDB connected successfully.
2026-08-07 03:04:01 [INFO]: Email server connected successfully.
2026-08-07 03:04:01 [INFO]: Server is running on port 5132.
2026-08-07 03:04:58 [INFO]: MongoDB connected successfully.
2026-08-07 03:05:00 [INFO]: MongoDB connected successfully.
2026-08-07 03:05:02 [INFO]: Email server connected successfully.
2026-08-07 03:05:02 [INFO]: Server is running on port 5132.
2026-08-07 03:05:13 [INFO]: MongoDB connected successfully.
2026-08-07 03:05:14 [INFO]: MongoDB connected successfully.
2026-08-07 03:05:17 [INFO]: Email server connected successfully.
2026-08-07 03:05:17 [INFO]: Server is running on port 5132.
2026-08-07 03:05:22 [INFO]: [0mGET /admin/dashboard [36m304[0m 153.042 ms - -[0m
2026-08-07 03:05:22 [INFO]: [0mGET /css/style.css [36m304[0m 1.065 ms - -[0m
2026-08-07 03:05:22 [INFO]: [0mGET /css/admin/layout.css [36m304[0m 1.531 ms - -[0m
2026-08-07 03:05:22 [INFO]: [0mGET /css/admin/users.css [36m304[0m 0.192 ms - -[0m
2026-08-07 03:05:22 [INFO]: [0mGET /css/admin/products.css [36m304[0m 0.540 ms - -[0m
2026-08-07 03:05:22 [INFO]: [0mGET /css/header.css [36m304[0m 0.731 ms - -[0m
2026-08-07 03:05:22 [INFO]: [0mGET /images/logo/plantora.png [36m304[0m 0.947 ms - -[0m
2026-08-07 03:05:22 [INFO]: [0mGET /js/admin/layout.js [36m304[0m 0.978 ms - -[0m
2026-08-07 03:05:22 [INFO]: [0mGET /js/admin/users.js [36m304[0m 1.072 ms - -[0m
2026-08-07 03:05:22 [INFO]: [0mGET /js/admin/products.js [36m304[0m 1.307 ms - -[0m
2026-08-07 03:05:22 [INFO]: [0mGET /js/header.js [36m304[0m 1.697 ms - -[0m
2026-08-07 03:05:22 [INFO]: [0mGET /js/notification.js [36m304[0m 2.095 ms - -[0m
2026-08-07 03:05:22 [INFO]: [0mGET /css/variables.css [36m304[0m 0.814 ms - -[0m
2026-08-07 03:05:22 [INFO]: [0mGET /css/utilities.css [36m304[0m 1.075 ms - -[0m
2026-08-07 03:05:22 [INFO]: [0mGET /css/animations.css [36m304[0m 1.335 ms - -[0m
2026-08-07 03:05:22 [INFO]: [0mGET /css/hero.css [36m304[0m 1.682 ms - -[0m
2026-08-07 03:05:22 [INFO]: [0mGET /css/announcement.css [36m304[0m 2.233 ms - -[0m
2026-08-07 03:05:22 [INFO]: [0mGET /css/featured.css [36m304[0m 2.504 ms - -[0m
2026-08-07 03:05:22 [INFO]: [0mGET /css/why-choose.css [36m304[0m 0.466 ms - -[0m
2026-08-07 03:05:22 [INFO]: [0mGET /css/footer.css [36m304[0m 0.590 ms - -[0m
2026-08-07 03:05:22 [INFO]: [0mGET /css/auth.css [36m304[0m 0.761 ms - -[0m
2026-08-07 03:05:22 [INFO]: [0mGET /css/verify.css [36m304[0m 1.012 ms - -[0m
2026-08-07 03:05:23 [ERROR]: Error: Failed to lookup view "/admin/products/index" in views directory "E:\Webskitters_Academy\NODE JS\final_project_node\plantora_final_project_node_ejs\views"
    at app.render (E:\Webskitters_Academy\NODE JS\final_project_node\plantora_final_project_node_ejs\node_modules\express\lib\application.js:562:17)
    at ServerResponse.render (E:\Webskitters_Academy\NODE JS\final_project_node\plantora_final_project_node_ejs\node_modules\express\lib\response.js:923:7)
    at showProductsPage (E:\Webskitters_Academy\NODE JS\final_project_node\plantora_final_project_node_ejs\app\controllers\ProductController.js:232:18)
    at process.processTicksAndRejections (node:internal/process/task_queues:103:5)
2026-08-07 03:05:23 [INFO]: [0mGET /admin/products [31m500[0m 170.033 ms - 222[0m
2026-08-07 03:14:53 [INFO]: MongoDB connected successfully.
2026-08-07 03:14:55 [INFO]: Email server connected successfully.
2026-08-07 03:14:55 [INFO]: Server is running on port 5132.
2026-08-07 03:15:04 [INFO]: MongoDB connected successfully.
2026-08-07 03:15:08 [INFO]: MongoDB connected successfully.
2026-08-07 03:15:12 [INFO]: MongoDB connected successfully.
2026-08-07 03:15:15 [INFO]: Email server connected successfully.
2026-08-07 03:15:15 [INFO]: Server is running on port 5132.
2026-08-07 03:15:17 [INFO]: MongoDB connected successfully.
2026-08-07 03:15:20 [INFO]: Email server connected successfully.
2026-08-07 03:15:20 [INFO]: Server is running on port 5132.
2026-08-07 03:15:21 [INFO]: MongoDB connected successfully.
2026-08-07 03:15:24 [INFO]: Email server connected successfully.
2026-08-07 03:15:24 [INFO]: Server is running on port 5132.
2026-08-07 03:15:28 [INFO]: MongoDB connected successfully.
2026-08-07 03:15:31 [INFO]: Email server connected successfully.
2026-08-07 03:15:31 [INFO]: Server is running on port 5132.
2026-08-07 03:15:50 [ERROR]: ReferenceError: E:\Webskitters_Academy\NODE JS\final_project_node\plantora_final_project_node_ejs\views\admin\products\index.ejs:85
    83|             =========================================== -->
    84| 
 >> 85|             <%- include("./statistics") %>
    86| 
    87|             <!-- ==========================================
    88|                     SEARCH / SORT

E:\Webskitters_Academy\NODE JS\final_project_node\plantora_final_project_node_ejs\views\admin\products\statistics.ejs:27
    25|             <h3>
    26| 
 >> 27|                 <%= statistics.totalProducts || 0 %>
    28| 
    29|             </h3>
    30| 

statistics is not defined
    at eval (eval at compile (E:\Webskitters_Academy\NODE JS\final_project_node\plantora_final_project_node_ejs\node_modules\ejs\lib\cjs\ejs.js:607:18), <anonymous>:12:26)
    at statistics (E:\Webskitters_Academy\NODE JS\final_project_node\plantora_final_project_node_ejs\node_modules\ejs\lib\cjs\ejs.js:643:23)
    at include (E:\Webskitters_Academy\NODE JS\final_project_node\plantora_final_project_node_ejs\node_modules\ejs\lib\cjs\ejs.js:634:47)
    at eval (eval at compile (E:\Webskitters_Academy\NODE JS\final_project_node\plantora_final_project_node_ejs\node_modules\ejs\lib\cjs\ejs.js:607:18), <anonymous>:29:17)
    at index (E:\Webskitters_Academy\NODE JS\final_project_node\plantora_final_project_node_ejs\node_modules\ejs\lib\cjs\ejs.js:643:23)
    at tryHandleCache (E:\Webskitters_Academy\NODE JS\final_project_node\plantora_final_project_node_ejs\node_modules\ejs\lib\cjs\ejs.js:253:42)
    at ejs.renderFile [as engine] (E:\Webskitters_Academy\NODE JS\final_project_node\plantora_final_project_node_ejs\node_modules\ejs\lib\cjs\ejs.js:444:12)
    at View.render (E:\Webskitters_Academy\NODE JS\final_project_node\plantora_final_project_node_ejs\node_modules\express\lib\view.js:139:8)
    at tryRender (E:\Webskitters_Academy\NODE JS\final_project_node\plantora_final_project_node_ejs\node_modules\express\lib\application.js:627:10)
    at app.render (E:\Webskitters_Academy\NODE JS\final_project_node\plantora_final_project_node_ejs\node_modules\express\lib\application.js:574:3)
2026-08-07 03:15:50 [INFO]: [0mGET /admin/products [31m500[0m 216.151 ms - 764[0m
2026-08-07 03:16:14 [INFO]: [0mGET /admin/dashboard [36m304[0m 137.148 ms - -[0m
2026-08-07 03:16:14 [INFO]: [0mGET /css/style.css [36m304[0m 0.883 ms - -[0m
2026-08-07 03:16:14 [INFO]: [0mGET /css/admin/layout.css [36m304[0m 2.116 ms - -[0m
2026-08-07 03:16:14 [INFO]: [0mGET /css/admin/users.css [36m304[0m 1.192 ms - -[0m
2026-08-07 03:16:14 [INFO]: [0mGET /css/admin/products.css [36m304[0m 0.913 ms - -[0m
2026-08-07 03:16:14 [INFO]: [0mGET /css/header.css [36m304[0m 1.178 ms - -[0m
2026-08-07 03:16:14 [INFO]: [0mGET /images/logo/plantora.png [36m304[0m 1.079 ms - -[0m
2026-08-07 03:16:14 [INFO]: [0mGET /js/admin/layout.js [36m304[0m 0.518 ms - -[0m
2026-08-07 03:16:14 [INFO]: [0mGET /js/admin/users.js [36m304[0m 0.774 ms - -[0m
2026-08-07 03:16:14 [INFO]: [0mGET /js/admin/products.js [36m304[0m 1.261 ms - -[0m
2026-08-07 03:16:14 [INFO]: [0mGET /js/header.js [36m304[0m 1.452 ms - -[0m
2026-08-07 03:16:14 [INFO]: [0mGET /css/variables.css [36m304[0m 0.409 ms - -[0m
2026-08-07 03:16:14 [INFO]: [0mGET /css/utilities.css [36m304[0m 1.017 ms - -[0m
2026-08-07 03:16:14 [INFO]: [0mGET /css/animations.css [36m304[0m 1.250 ms - -[0m
2026-08-07 03:16:14 [INFO]: [0mGET /css/announcement.css [36m304[0m 1.481 ms - -[0m
2026-08-07 03:16:14 [INFO]: [0mGET /css/featured.css [36m304[0m 1.552 ms - -[0m
2026-08-07 03:16:14 [INFO]: [0mGET /css/hero.css [36m304[0m 2.126 ms - -[0m
2026-08-07 03:16:14 [INFO]: [0mGET /css/why-choose.css [36m304[0m 2.612 ms - -[0m
2026-08-07 03:16:14 [INFO]: [0mGET /css/footer.css [36m304[0m 0.373 ms - -[0m
2026-08-07 03:16:14 [INFO]: [0mGET /css/auth.css [36m304[0m 0.748 ms - -[0m
2026-08-07 03:16:14 [INFO]: [0mGET /css/verify.css [36m304[0m 1.251 ms - -[0m
2026-08-07 03:16:14 [INFO]: [0mGET /js/notification.js [36m304[0m 0.572 ms - -[0m
2026-08-07 03:16:16 [ERROR]: ReferenceError: E:\Webskitters_Academy\NODE JS\final_project_node\plantora_final_project_node_ejs\views\admin\products\index.ejs:85
    83|             =========================================== -->
    84| 
 >> 85|             <%- include("./statistics") %>
    86| 
    87|             <!-- ==========================================
    88|                     SEARCH / SORT

E:\Webskitters_Academy\NODE JS\final_project_node\plantora_final_project_node_ejs\views\admin\products\statistics.ejs:27
    25|             <h3>
    26| 
 >> 27|                 <%= statistics.totalProducts || 0 %>
    28| 
    29|             </h3>
    30| 

statistics is not defined
    at eval (eval at compile (E:\Webskitters_Academy\NODE JS\final_project_node\plantora_final_project_node_ejs\node_modules\ejs\lib\cjs\ejs.js:607:18), <anonymous>:12:26)
    at statistics (E:\Webskitters_Academy\NODE JS\final_project_node\plantora_final_project_node_ejs\node_modules\ejs\lib\cjs\ejs.js:643:23)
    at include (E:\Webskitters_Academy\NODE JS\final_project_node\plantora_final_project_node_ejs\node_modules\ejs\lib\cjs\ejs.js:634:47)
    at eval (eval at compile (E:\Webskitters_Academy\NODE JS\final_project_node\plantora_final_project_node_ejs\node_modules\ejs\lib\cjs\ejs.js:607:18), <anonymous>:29:17)
    at index (E:\Webskitters_Academy\NODE JS\final_project_node\plantora_final_project_node_ejs\node_modules\ejs\lib\cjs\ejs.js:643:23)
    at tryHandleCache (E:\Webskitters_Academy\NODE JS\final_project_node\plantora_final_project_node_ejs\node_modules\ejs\lib\cjs\ejs.js:253:42)
    at ejs.renderFile [as engine] (E:\Webskitters_Academy\NODE JS\final_project_node\plantora_final_project_node_ejs\node_modules\ejs\lib\cjs\ejs.js:444:12)
    at View.render (E:\Webskitters_Academy\NODE JS\final_project_node\plantora_final_project_node_ejs\node_modules\express\lib\view.js:139:8)
    at tryRender (E:\Webskitters_Academy\NODE JS\final_project_node\plantora_final_project_node_ejs\node_modules\express\lib\application.js:627:10)
    at app.render (E:\Webskitters_Academy\NODE JS\final_project_node\plantora_final_project_node_ejs\node_modules\express\lib\application.js:574:3)
2026-08-07 03:16:16 [INFO]: [0mGET /admin/products [31m500[0m 188.050 ms - 764[0m
2026-08-07 03:16:19 [ERROR]: Error: Failed to lookup view "admin/products/trash" in views directory "E:\Webskitters_Academy\NODE JS\final_project_node\plantora_final_project_node_ejs\views"
    at app.render (E:\Webskitters_Academy\NODE JS\final_project_node\plantora_final_project_node_ejs\node_modules\express\lib\application.js:562:17)
    at ServerResponse.render (E:\Webskitters_Academy\NODE JS\final_project_node\plantora_final_project_node_ejs\node_modules\express\lib\response.js:923:7)
    at showTrashProductsPage (E:\Webskitters_Academy\NODE JS\final_project_node\plantora_final_project_node_ejs\app\controllers\ProductController.js:2240:18)
    at process.processTicksAndRejections (node:internal/process/task_queues:103:5)
2026-08-07 03:16:19 [INFO]: [0mGET /admin/products/trash [31m500[0m 185.602 ms - 221[0m
2026-08-07 03:17:21 [INFO]: MongoDB connected successfully.
2026-08-07 03:17:24 [INFO]: Email server connected successfully.
2026-08-07 03:17:24 [INFO]: Server is running on port 5132.
2026-08-07 03:17:25 [INFO]: MongoDB connected successfully.
2026-08-07 03:17:28 [INFO]: Email server connected successfully.
2026-08-07 03:17:28 [INFO]: Server is running on port 5132.
2026-08-07 03:17:29 [ERROR]: Error: Failed to lookup view "admin/products-trash/index" in views directory "E:\Webskitters_Academy\NODE JS\final_project_node\plantora_final_project_node_ejs\views"
    at app.render (E:\Webskitters_Academy\NODE JS\final_project_node\plantora_final_project_node_ejs\node_modules\express\lib\application.js:562:17)
    at ServerResponse.render (E:\Webskitters_Academy\NODE JS\final_project_node\plantora_final_project_node_ejs\node_modules\express\lib\response.js:923:7)
    at showTrashProductsPage (E:\Webskitters_Academy\NODE JS\final_project_node\plantora_final_project_node_ejs\app\controllers\ProductController.js:2240:18)
    at process.processTicksAndRejections (node:internal/process/task_queues:103:5)
2026-08-07 03:17:29 [INFO]: [0mGET /admin/products/trash [31m500[0m 245.624 ms - 227[0m
2026-08-07 03:17:49 [INFO]: MongoDB connected successfully.
2026-08-07 03:17:52 [INFO]: Email server connected successfully.
2026-08-07 03:17:52 [INFO]: Server is running on port 5132.
2026-08-07 03:18:45 [INFO]: MongoDB connected successfully.
2026-08-07 03:18:48 [INFO]: Email server connected successfully.
2026-08-07 03:18:48 [INFO]: Server is running on port 5132.
2026-08-07 03:19:06 [INFO]: MongoDB connected successfully.
2026-08-07 03:19:08 [INFO]: MongoDB connected successfully.
2026-08-07 03:19:15 [INFO]: Email server connected successfully.
2026-08-07 03:19:15 [INFO]: Server is running on port 5132.
2026-08-07 03:19:57 [INFO]: MongoDB connected successfully.
2026-08-07 03:20:00 [INFO]: Email server connected successfully.
2026-08-07 03:20:00 [INFO]: Server is running on port 5132.
2026-08-07 03:20:11 [INFO]: [0mGET /admin/dashboard [32m200[0m 163.094 ms - -[0m
2026-08-07 03:20:11 [INFO]: [0mGET /css/style.css [36m304[0m 0.883 ms - -[0m
2026-08-07 03:20:11 [INFO]: [0mGET /css/admin/layout.css [36m304[0m 1.483 ms - -[0m
2026-08-07 03:20:11 [INFO]: [0mGET /css/admin/users.css [36m304[0m 2.180 ms - -[0m
2026-08-07 03:20:11 [INFO]: [0mGET /css/admin/products.css [36m304[0m 3.028 ms - -[0m
2026-08-07 03:20:11 [INFO]: [0mGET /css/header.css [36m304[0m 3.416 ms - -[0m
2026-08-07 03:20:11 [INFO]: [0mGET /images/logo/plantora.png [36m304[0m 3.696 ms - -[0m
2026-08-07 03:20:11 [INFO]: [0mGET /js/admin/layout.js [36m304[0m 0.695 ms - -[0m
2026-08-07 03:20:11 [INFO]: [0mGET /js/admin/users.js [36m304[0m 0.805 ms - -[0m
2026-08-07 03:20:11 [INFO]: [0mGET /js/admin/products.js [36m304[0m 1.022 ms - -[0m
2026-08-07 03:20:11 [INFO]: [0mGET /js/header.js [36m304[0m 1.832 ms - -[0m
2026-08-07 03:20:11 [INFO]: [0mGET /js/notification.js [36m304[0m 0.963 ms - -[0m
2026-08-07 03:20:11 [INFO]: [0mGET /css/variables.css [36m304[0m 1.128 ms - -[0m
2026-08-07 03:20:11 [INFO]: [0mGET /css/utilities.css [36m304[0m 1.423 ms - -[0m
2026-08-07 03:20:11 [INFO]: [0mGET /css/animations.css [36m304[0m 0.917 ms - -[0m
2026-08-07 03:20:11 [INFO]: [0mGET /css/announcement.css [36m304[0m 0.573 ms - -[0m
2026-08-07 03:20:11 [INFO]: [0mGET /css/hero.css [36m304[0m 0.688 ms - -[0m
2026-08-07 03:20:11 [INFO]: [0mGET /css/featured.css [36m304[0m 0.803 ms - -[0m
2026-08-07 03:20:11 [INFO]: [0mGET /css/why-choose.css [36m304[0m 1.129 ms - -[0m
2026-08-07 03:20:11 [INFO]: [0mGET /css/footer.css [36m304[0m 1.375 ms - -[0m
2026-08-07 03:20:11 [INFO]: [0mGET /css/auth.css [36m304[0m 0.462 ms - -[0m
2026-08-07 03:20:11 [INFO]: [0mGET /css/verify.css [36m304[0m 0.599 ms - -[0m
2026-08-07 03:20:13 [INFO]: [0mGET /admin/products [32m200[0m 202.339 ms - -[0m
2026-08-07 03:20:13 [INFO]: [0mGET /css/style.css [36m304[0m 1.209 ms - -[0m
2026-08-07 03:20:13 [INFO]: [0mGET /css/admin/layout.css [36m304[0m 1.407 ms - -[0m
2026-08-07 03:20:13 [INFO]: [0mGET /css/admin/users.css [36m304[0m 1.523 ms - -[0m
2026-08-07 03:20:13 [INFO]: [0mGET /css/admin/products.css [36m304[0m 1.814 ms - -[0m
2026-08-07 03:20:13 [INFO]: [0mGET /css/header.css [36m304[0m 2.003 ms - -[0m
2026-08-07 03:20:13 [INFO]: [0mGET /images/logo/plantora.png [36m304[0m 2.169 ms - -[0m
2026-08-07 03:20:13 [INFO]: [0mGET /js/admin/layout.js [36m304[0m 0.461 ms - -[0m
2026-08-07 03:20:13 [INFO]: [0mGET /js/admin/users.js [36m304[0m 1.236 ms - -[0m
2026-08-07 03:20:13 [INFO]: [0mGET /js/admin/products.js [36m304[0m 0.938 ms - -[0m
2026-08-07 03:20:13 [INFO]: [0mGET /js/header.js [36m304[0m 1.186 ms - -[0m
2026-08-07 03:20:13 [INFO]: [0mGET /js/notification.js [36m304[0m 0.585 ms - -[0m
2026-08-07 03:20:13 [INFO]: [0mGET /css/variables.css [36m304[0m 0.694 ms - -[0m
2026-08-07 03:20:13 [INFO]: [0mGET /css/utilities.css [36m304[0m 0.891 ms - -[0m
2026-08-07 03:20:13 [INFO]: [0mGET /css/animations.css [36m304[0m 0.365 ms - -[0m
2026-08-07 03:20:13 [INFO]: [0mGET /css/announcement.css [36m304[0m 0.512 ms - -[0m
2026-08-07 03:20:13 [INFO]: [0mGET /css/hero.css [36m304[0m 0.669 ms - -[0m
2026-08-07 03:20:13 [INFO]: [0mGET /css/featured.css [36m304[0m 0.327 ms - -[0m
2026-08-07 03:20:13 [INFO]: [0mGET /css/why-choose.css [36m304[0m 0.592 ms - -[0m
2026-08-07 03:20:13 [INFO]: [0mGET /css/footer.css [36m304[0m 0.967 ms - -[0m
2026-08-07 03:20:13 [INFO]: [0mGET /css/auth.css [36m304[0m 0.471 ms - -[0m
2026-08-07 03:20:13 [INFO]: [0mGET /css/verify.css [36m304[0m 0.678 ms - -[0m
2026-08-07 03:20:19 [INFO]: [0mGET /products/pending [33m404[0m 86.981 ms - 80[0m
2026-08-07 03:20:22 [ERROR]: ReferenceError: E:\Webskitters_Academy\NODE JS\final_project_node\plantora_final_project_node_ejs\views\admin\product-trash\index.ejs:55
    53|             =========================================================== -->
    54| 
 >> 55|             <%- include("./statistics") %>
    56| 
    57|             <!-- ==========================================================
    58|                  SEARCH / SORT / SHOW

E:\Webskitters_Academy\NODE JS\final_project_node\plantora_final_project_node_ejs\views\admin\product-trash\statistics.ejs:29
    27|             <h3>
    28| 
 >> 29|                 <%= statistics.deletedProducts || 0 %>
    30| 
    31|             </h3>
    32| 

statistics is not defined
    at eval (eval at compile (E:\Webskitters_Academy\NODE JS\final_project_node\plantora_final_project_node_ejs\node_modules\ejs\lib\cjs\ejs.js:607:18), <anonymous>:12:26)
    at statistics (E:\Webskitters_Academy\NODE JS\final_project_node\plantora_final_project_node_ejs\node_modules\ejs\lib\cjs\ejs.js:643:23)
    at include (E:\Webskitters_Academy\NODE JS\final_project_node\plantora_final_project_node_ejs\node_modules\ejs\lib\cjs\ejs.js:634:47)
    at eval (eval at compile (E:\Webskitters_Academy\NODE JS\final_project_node\plantora_final_project_node_ejs\node_modules\ejs\lib\cjs\ejs.js:607:18), <anonymous>:23:17)
    at index (E:\Webskitters_Academy\NODE JS\final_project_node\plantora_final_project_node_ejs\node_modules\ejs\lib\cjs\ejs.js:643:23)
    at tryHandleCache (E:\Webskitters_Academy\NODE JS\final_project_node\plantora_final_project_node_ejs\node_modules\ejs\lib\cjs\ejs.js:253:42)
    at ejs.renderFile [as engine] (E:\Webskitters_Academy\NODE JS\final_project_node\plantora_final_project_node_ejs\node_modules\ejs\lib\cjs\ejs.js:444:12)
    at View.render (E:\Webskitters_Academy\NODE JS\final_project_node\plantora_final_project_node_ejs\node_modules\express\lib\view.js:139:8)
    at tryRender (E:\Webskitters_Academy\NODE JS\final_project_node\plantora_final_project_node_ejs\node_modules\express\lib\application.js:627:10)
    at app.render (E:\Webskitters_Academy\NODE JS\final_project_node\plantora_final_project_node_ejs\node_modules\express\lib\application.js:574:3)
2026-08-07 03:20:22 [INFO]: [0mGET /admin/products/trash [31m500[0m 173.937 ms - 812[0m
2026-08-07 03:22:10 [INFO]: [0mGET /admin/products [32m200[0m 171.276 ms - -[0m
2026-08-07 03:22:10 [INFO]: [0mGET /css/style.css [36m304[0m 0.752 ms - -[0m
2026-08-07 03:22:10 [INFO]: [0mGET /css/admin/layout.css [36m304[0m 0.927 ms - -[0m
2026-08-07 03:22:10 [INFO]: [0mGET /css/admin/users.css [36m304[0m 0.332 ms - -[0m
2026-08-07 03:22:10 [INFO]: [0mGET /css/admin/products.css [36m304[0m 0.497 ms - -[0m
2026-08-07 03:22:10 [INFO]: [0mGET /css/header.css [36m304[0m 0.655 ms - -[0m
2026-08-07 03:22:10 [INFO]: [0mGET /images/logo/plantora.png [36m304[0m 0.959 ms - -[0m
2026-08-07 03:22:10 [INFO]: [0mGET /js/admin/layout.js [36m304[0m 0.218 ms - -[0m
2026-08-07 03:22:10 [INFO]: [0mGET /js/admin/users.js [36m304[0m 0.249 ms - -[0m
2026-08-07 03:22:10 [INFO]: [0mGET /js/admin/products.js [36m304[0m 0.368 ms - -[0m
2026-08-07 03:22:10 [INFO]: [0mGET /js/header.js [36m304[0m 0.653 ms - -[0m
2026-08-07 03:22:10 [INFO]: [0mGET /js/notification.js [36m304[0m 0.438 ms - -[0m
2026-08-07 03:22:10 [INFO]: [0mGET /css/variables.css [36m304[0m 0.979 ms - -[0m
2026-08-07 03:22:10 [INFO]: [0mGET /css/utilities.css [36m304[0m 1.233 ms - -[0m
2026-08-07 03:22:10 [INFO]: [0mGET /css/animations.css [36m304[0m 1.432 ms - -[0m
2026-08-07 03:22:10 [INFO]: [0mGET /css/announcement.css [36m304[0m 1.592 ms - -[0m
2026-08-07 03:22:10 [INFO]: [0mGET /css/hero.css [36m304[0m 1.703 ms - -[0m
2026-08-07 03:22:10 [INFO]: [0mGET /css/featured.css [36m304[0m 1.889 ms - -[0m
2026-08-07 03:22:10 [INFO]: [0mGET /css/why-choose.css [36m304[0m 0.346 ms - -[0m
2026-08-07 03:22:10 [INFO]: [0mGET /css/footer.css [36m304[0m 0.605 ms - -[0m
2026-08-07 03:22:10 [INFO]: [0mGET /css/auth.css [36m304[0m 0.792 ms - -[0m
2026-08-07 03:22:10 [INFO]: [0mGET /css/verify.css [36m304[0m 1.308 ms - -[0m
2026-08-07 03:22:26 [INFO]: [0mGET /admin/products [32m200[0m 174.662 ms - -[0m
2026-08-07 03:22:26 [INFO]: [0mGET /css/style.css [36m304[0m 0.936 ms - -[0m
2026-08-07 03:22:26 [INFO]: [0mGET /css/admin/layout.css [36m304[0m 1.234 ms - -[0m
2026-08-07 03:22:26 [INFO]: [0mGET /css/header.css [36m304[0m 0.443 ms - -[0m
2026-08-07 03:22:26 [INFO]: [0mGET /images/logo/plantora.png [36m304[0m 1.040 ms - -[0m
2026-08-07 03:22:26 [INFO]: [0mGET /css/admin/users.css [36m304[0m 1.576 ms - -[0m
2026-08-07 03:22:26 [INFO]: [0mGET /css/admin/products.css [36m304[0m 2.266 ms - -[0m
2026-08-07 03:22:26 [INFO]: [0mGET /js/admin/layout.js [36m304[0m 0.396 ms - -[0m
2026-08-07 03:22:26 [INFO]: [0mGET /js/admin/users.js [36m304[0m 0.497 ms - -[0m
2026-08-07 03:22:26 [INFO]: [0mGET /js/admin/products.js [36m304[0m 0.898 ms - -[0m
2026-08-07 03:22:26 [INFO]: [0mGET /js/header.js [36m304[0m 0.319 ms - -[0m
2026-08-07 03:22:26 [INFO]: [0mGET /js/notification.js [36m304[0m 0.285 ms - -[0m
2026-08-07 03:22:26 [INFO]: [0mGET /css/variables.css [36m304[0m 0.551 ms - -[0m
2026-08-07 03:22:26 [INFO]: [0mGET /css/utilities.css [36m304[0m 0.373 ms - -[0m
2026-08-07 03:22:26 [INFO]: [0mGET /css/animations.css [36m304[0m 0.589 ms - -[0m
2026-08-07 03:22:26 [INFO]: [0mGET /css/announcement.css [36m304[0m 1.638 ms - -[0m
2026-08-07 03:22:26 [INFO]: [0mGET /css/hero.css [36m304[0m 1.267 ms - -[0m
2026-08-07 03:22:26 [INFO]: [0mGET /css/featured.css [36m304[0m 0.783 ms - -[0m
2026-08-07 03:22:26 [INFO]: [0mGET /css/why-choose.css [36m304[0m 0.967 ms - -[0m
2026-08-07 03:22:26 [INFO]: [0mGET /css/footer.css [36m304[0m 1.145 ms - -[0m
2026-08-07 03:22:26 [INFO]: [0mGET /css/auth.css [36m304[0m 1.314 ms - -[0m
2026-08-07 03:22:26 [INFO]: [0mGET /css/verify.css [36m304[0m 1.442 ms - -[0m
2026-08-07 03:22:33 [INFO]: [0mGET /admin/users/trash [32m200[0m 213.673 ms - -[0m
2026-08-07 03:22:33 [INFO]: [0mGET /css/style.css [36m304[0m 0.789 ms - -[0m
2026-08-07 03:22:33 [INFO]: [0mGET /css/admin/layout.css [36m304[0m 1.242 ms - -[0m
2026-08-07 03:22:33 [INFO]: [0mGET /css/admin/products.css [36m304[0m 0.609 ms - -[0m
2026-08-07 03:22:33 [INFO]: [0mGET /css/header.css [36m304[0m 0.589 ms - -[0m
2026-08-07 03:22:33 [INFO]: [0mGET /css/admin/users.css [36m304[0m 0.223 ms - -[0m
2026-08-07 03:22:33 [INFO]: [0mGET /images/logo/plantora.png [36m304[0m 0.322 ms - -[0m
2026-08-07 03:22:33 [INFO]: [0mGET /js/admin/layout.js [36m304[0m 0.383 ms - -[0m
2026-08-07 03:22:33 [INFO]: [0mGET /js/admin/users.js [36m304[0m 0.567 ms - -[0m
2026-08-07 03:22:33 [INFO]: [0mGET /js/admin/products.js [36m304[0m 0.906 ms - -[0m
2026-08-07 03:22:33 [INFO]: [0mGET /js/header.js [36m304[0m 0.377 ms - -[0m
2026-08-07 03:22:33 [INFO]: [0mGET /js/notification.js [36m304[0m 0.647 ms - -[0m
2026-08-07 03:22:33 [INFO]: [0mGET /css/variables.css [36m304[0m 0.469 ms - -[0m
2026-08-07 03:22:33 [INFO]: [0mGET /css/utilities.css [36m304[0m 0.599 ms - -[0m
2026-08-07 03:22:33 [INFO]: [0mGET /css/animations.css [36m304[0m 1.168 ms - -[0m
2026-08-07 03:22:33 [INFO]: [0mGET /css/announcement.css [36m304[0m 0.699 ms - -[0m
2026-08-07 03:22:33 [INFO]: [0mGET /css/hero.css [36m304[0m 0.303 ms - -[0m
2026-08-07 03:22:33 [INFO]: [0mGET /css/featured.css [36m304[0m 0.450 ms - -[0m
2026-08-07 03:22:33 [INFO]: [0mGET /css/why-choose.css [36m304[0m 0.635 ms - -[0m
2026-08-07 03:22:33 [INFO]: [0mGET /css/footer.css [36m304[0m 0.768 ms - -[0m
2026-08-07 03:22:33 [INFO]: [0mGET /css/auth.css [36m304[0m 0.288 ms - -[0m
2026-08-07 03:22:33 [INFO]: [0mGET /css/verify.css [36m304[0m 0.389 ms - -[0m
2026-08-07 03:22:34 [INFO]: [0mGET /admin/users [32m200[0m 181.473 ms - -[0m
2026-08-07 03:22:34 [INFO]: [0mGET /css/style.css [36m304[0m 0.532 ms - -[0m
2026-08-07 03:22:34 [INFO]: [0mGET /css/admin/layout.css [36m304[0m 0.742 ms - -[0m
2026-08-07 03:22:34 [INFO]: [0mGET /css/admin/users.css [36m304[0m 0.965 ms - -[0m
2026-08-07 03:22:34 [INFO]: [0mGET /css/admin/products.css [36m304[0m 1.121 ms - -[0m
2026-08-07 03:22:34 [INFO]: [0mGET /css/header.css [36m304[0m 1.436 ms - -[0m
2026-08-07 03:22:34 [INFO]: [0mGET /images/logo/plantora.png [36m304[0m 0.321 ms - -[0m
2026-08-07 03:22:34 [INFO]: [0mGET /js/admin/layout.js [36m304[0m 0.441 ms - -[0m
2026-08-07 03:22:34 [INFO]: [0mGET /js/admin/users.js [36m304[0m 0.726 ms - -[0m
2026-08-07 03:22:34 [INFO]: [0mGET /js/admin/products.js [36m304[0m 0.958 ms - -[0m
2026-08-07 03:22:34 [INFO]: [0mGET /js/header.js [36m304[0m 1.301 ms - -[0m
2026-08-07 03:22:34 [INFO]: [0mGET /js/notification.js [36m304[0m 1.749 ms - -[0m
2026-08-07 03:22:34 [INFO]: [0mGET /css/variables.css [36m304[0m 0.358 ms - -[0m
2026-08-07 03:22:34 [INFO]: [0mGET /css/utilities.css [36m304[0m 0.539 ms - -[0m
2026-08-07 03:22:34 [INFO]: [0mGET /css/animations.css [36m304[0m 1.195 ms - -[0m
2026-08-07 03:22:34 [INFO]: [0mGET /css/announcement.css [36m304[0m 2.078 ms - -[0m
2026-08-07 03:22:34 [INFO]: [0mGET /css/hero.css [36m304[0m 1.282 ms - -[0m
2026-08-07 03:22:34 [INFO]: [0mGET /css/featured.css [36m304[0m 0.809 ms - -[0m
2026-08-07 03:22:34 [INFO]: [0mGET /css/why-choose.css [36m304[0m 0.976 ms - -[0m
2026-08-07 03:22:34 [INFO]: [0mGET /css/footer.css [36m304[0m 1.321 ms - -[0m
2026-08-07 03:22:34 [INFO]: [0mGET /css/auth.css [36m304[0m 0.363 ms - -[0m
2026-08-07 03:22:34 [INFO]: [0mGET /css/verify.css [36m304[0m 0.228 ms - -[0m
2026-08-07 03:22:39 [INFO]: [0mGET /css/style.css [36m304[0m 0.958 ms - -[0m
2026-08-07 03:22:39 [INFO]: [0mGET /css/variables.css [36m304[0m 1.366 ms - -[0m
2026-08-07 03:22:39 [INFO]: [0mGET /css/utilities.css [36m304[0m 1.831 ms - -[0m
2026-08-07 03:22:39 [INFO]: [0mGET /css/animations.css [36m304[0m 2.009 ms - -[0m
2026-08-07 03:22:39 [INFO]: [0mGET /css/announcement.css [36m304[0m 2.311 ms - -[0m
2026-08-07 03:22:39 [INFO]: [0mGET /css/header.css [36m304[0m 2.636 ms - -[0m
2026-08-07 03:22:39 [INFO]: [0mGET /css/hero.css [36m304[0m 0.673 ms - -[0m
2026-08-07 03:22:39 [INFO]: [0mGET /css/featured.css [36m304[0m 1.001 ms - -[0m
2026-08-07 03:22:39 [INFO]: [0mGET /css/why-choose.css [36m304[0m 0.422 ms - -[0m
2026-08-07 03:22:39 [INFO]: [0mGET /css/footer.css [36m304[0m 0.791 ms - -[0m
2026-08-07 03:22:39 [INFO]: [0mGET /css/auth.css [36m304[0m 1.441 ms - -[0m
2026-08-07 03:22:39 [INFO]: [0mGET /css/verify.css [36m304[0m 0.944 ms - -[0m
2026-08-07 03:22:39 [INFO]: [0mGET /css/admin/layout.css [36m304[0m 1.546 ms - -[0m
2026-08-07 03:22:39 [INFO]: [0mGET /css/admin/users.css [36m304[0m 0.879 ms - -[0m
2026-08-07 03:22:39 [INFO]: [0mGET /css/admin/products.css [36m304[0m 0.174 ms - -[0m
2026-08-07 03:22:39 [INFO]: [0mGET /.well-known/appspecific/com.chrome.devtools.json [33m404[0m 85.768 ms - 112[0m
2026-08-07 03:23:49 [INFO]: [0mGET /admin/users [36m304[0m 173.392 ms - -[0m
2026-08-07 03:23:49 [INFO]: [0mGET /css/style.css [36m304[0m 0.747 ms - -[0m
2026-08-07 03:23:49 [INFO]: [0mGET /css/admin/layout.css [36m304[0m 0.922 ms - -[0m
2026-08-07 03:23:49 [INFO]: [0mGET /css/header.css [36m304[0m 0.688 ms - -[0m
2026-08-07 03:23:49 [INFO]: [0mGET /images/logo/plantora.png [36m304[0m 0.911 ms - -[0m
2026-08-07 03:23:49 [INFO]: [0mGET /css/admin/users.css [32m200[0m 2.068 ms - -[0m
2026-08-07 03:23:49 [INFO]: [0mGET /css/admin/products.css [32m200[0m 1.992 ms - -[0m
2026-08-07 03:23:49 [INFO]: [0mGET /js/admin/layout.js [36m304[0m 0.505 ms - -[0m
2026-08-07 03:23:49 [INFO]: [0mGET /js/admin/users.js [36m304[0m 0.646 ms - -[0m
2026-08-07 03:23:49 [INFO]: [0mGET /js/admin/products.js [36m304[0m 0.808 ms - -[0m
2026-08-07 03:23:49 [INFO]: [0mGET /js/header.js [36m304[0m 0.200 ms - -[0m
2026-08-07 03:23:49 [INFO]: [0mGET /js/notification.js [36m304[0m 0.359 ms - -[0m
2026-08-07 03:23:49 [INFO]: [0mGET /css/variables.css [36m304[0m 0.937 ms - -[0m
2026-08-07 03:23:49 [INFO]: [0mGET /css/utilities.css [36m304[0m 1.291 ms - -[0m
2026-08-07 03:23:49 [INFO]: [0mGET /css/animations.css [36m304[0m 1.572 ms - -[0m
2026-08-07 03:23:49 [INFO]: [0mGET /css/announcement.css [36m304[0m 1.719 ms - -[0m
2026-08-07 03:23:49 [INFO]: [0mGET /css/hero.css [36m304[0m 0.411 ms - -[0m
2026-08-07 03:23:49 [INFO]: [0mGET /css/featured.css [36m304[0m 1.460 ms - -[0m
2026-08-07 03:23:49 [INFO]: [0mGET /css/why-choose.css [36m304[0m 1.043 ms - -[0m
2026-08-07 03:23:49 [INFO]: [0mGET /css/footer.css [36m304[0m 1.234 ms - -[0m
2026-08-07 03:23:49 [INFO]: [0mGET /css/auth.css [36m304[0m 1.521 ms - -[0m
2026-08-07 03:23:49 [INFO]: [0mGET /css/verify.css [36m304[0m 1.310 ms - -[0m
2026-08-07 03:23:49 [INFO]: [0mGET /.well-known/appspecific/com.chrome.devtools.json [33m404[0m 84.655 ms - 112[0m
2026-08-07 03:23:53 [INFO]: [0mGET /admin/users/trash [36m304[0m 213.946 ms - -[0m
2026-08-07 03:23:53 [INFO]: [0mGET /css/style.css [36m304[0m 0.599 ms - -[0m
2026-08-07 03:23:53 [INFO]: [0mGET /css/admin/layout.css [36m304[0m 0.755 ms - -[0m
2026-08-07 03:23:53 [INFO]: [0mGET /css/admin/users.css [36m304[0m 0.945 ms - -[0m
2026-08-07 03:23:53 [INFO]: [0mGET /css/admin/products.css [36m304[0m 1.117 ms - -[0m
2026-08-07 03:23:53 [INFO]: [0mGET /css/header.css [36m304[0m 1.282 ms - -[0m
2026-08-07 03:23:53 [INFO]: [0mGET /images/logo/plantora.png [36m304[0m 1.466 ms - -[0m
2026-08-07 03:23:53 [INFO]: [0mGET /js/admin/layout.js [36m304[0m 0.795 ms - -[0m
2026-08-07 03:23:53 [INFO]: [0mGET /js/admin/users.js [36m304[0m 1.197 ms - -[0m
2026-08-07 03:23:53 [INFO]: [0mGET /js/admin/products.js [36m304[0m 1.490 ms - -[0m
2026-08-07 03:23:53 [INFO]: [0mGET /js/header.js [36m304[0m 1.639 ms - -[0m
2026-08-07 03:23:53 [INFO]: [0mGET /js/notification.js [36m304[0m 1.944 ms - -[0m
2026-08-07 03:23:53 [INFO]: [0mGET /css/variables.css [36m304[0m 0.297 ms - -[0m
2026-08-07 03:23:53 [INFO]: [0mGET /css/utilities.css [36m304[0m 0.195 ms - -[0m
2026-08-07 03:23:53 [INFO]: [0mGET /css/animations.css [36m304[0m 0.710 ms - -[0m
2026-08-07 03:23:53 [INFO]: [0mGET /css/announcement.css [36m304[0m 0.853 ms - -[0m
2026-08-07 03:23:53 [INFO]: [0mGET /css/hero.css [36m304[0m 0.441 ms - -[0m
2026-08-07 03:23:53 [INFO]: [0mGET /css/featured.css [36m304[0m 0.230 ms - -[0m
2026-08-07 03:23:53 [INFO]: [0mGET /css/why-choose.css [36m304[0m 0.422 ms - -[0m
2026-08-07 03:23:53 [INFO]: [0mGET /css/footer.css [36m304[0m 0.340 ms - -[0m
2026-08-07 03:23:53 [INFO]: [0mGET /css/auth.css [36m304[0m 0.525 ms - -[0m
2026-08-07 03:23:53 [INFO]: [0mGET /css/verify.css [36m304[0m 0.217 ms - -[0m
2026-08-07 03:23:53 [INFO]: [0mGET /.well-known/appspecific/com.chrome.devtools.json [33m404[0m 84.381 ms - 112[0m
2026-08-07 03:23:55 [INFO]: [0mGET /admin/products [36m304[0m 168.638 ms - -[0m
2026-08-07 03:23:55 [INFO]: [0mGET /css/style.css [36m304[0m 0.499 ms - -[0m
2026-08-07 03:23:55 [INFO]: [0mGET /css/admin/layout.css [36m304[0m 0.963 ms - -[0m
2026-08-07 03:23:55 [INFO]: [0mGET /css/admin/users.css [36m304[0m 1.360 ms - -[0m
2026-08-07 03:23:55 [INFO]: [0mGET /css/admin/products.css [36m304[0m 1.090 ms - -[0m
2026-08-07 03:23:55 [INFO]: [0mGET /css/header.css [36m304[0m 1.279 ms - -[0m
2026-08-07 03:23:55 [INFO]: [0mGET /images/logo/plantora.png [36m304[0m 1.471 ms - -[0m
2026-08-07 03:23:55 [INFO]: [0mGET /js/admin/layout.js [36m304[0m 0.830 ms - -[0m
2026-08-07 03:23:55 [INFO]: [0mGET /js/admin/users.js [36m304[0m 1.139 ms - -[0m
2026-08-07 03:23:55 [INFO]: [0mGET /js/admin/products.js [36m304[0m 1.307 ms - -[0m
2026-08-07 03:23:55 [INFO]: [0mGET /js/header.js [36m304[0m 1.479 ms - -[0m
2026-08-07 03:23:55 [INFO]: [0mGET /js/notification.js [36m304[0m 1.806 ms - -[0m
2026-08-07 03:23:55 [INFO]: [0mGET /css/variables.css [36m304[0m 0.254 ms - -[0m
2026-08-07 03:23:55 [INFO]: [0mGET /css/utilities.css [36m304[0m 1.119 ms - -[0m
2026-08-07 03:23:55 [INFO]: [0mGET /css/animations.css [36m304[0m 0.484 ms - -[0m
2026-08-07 03:23:55 [INFO]: [0mGET /css/announcement.css [36m304[0m 0.990 ms - -[0m
2026-08-07 03:23:55 [INFO]: [0mGET /css/hero.css [36m304[0m 0.656 ms - -[0m
2026-08-07 03:23:55 [INFO]: [0mGET /css/featured.css [36m304[0m 0.785 ms - -[0m
2026-08-07 03:23:55 [INFO]: [0mGET /css/why-choose.css [36m304[0m 0.212 ms - -[0m
2026-08-07 03:23:55 [INFO]: [0mGET /css/footer.css [36m304[0m 0.329 ms - -[0m
2026-08-07 03:23:55 [INFO]: [0mGET /css/auth.css [36m304[0m 0.189 ms - -[0m
2026-08-07 03:23:55 [INFO]: [0mGET /css/verify.css [36m304[0m 0.227 ms - -[0m
2026-08-07 03:23:55 [INFO]: [0mGET /.well-known/appspecific/com.chrome.devtools.json [33m404[0m 83.438 ms - 112[0m
2026-08-07 03:23:57 [INFO]: [0mGET /admin/users [36m304[0m 168.266 ms - -[0m
2026-08-07 03:23:57 [INFO]: [0mGET /css/style.css [36m304[0m 0.258 ms - -[0m
2026-08-07 03:23:57 [INFO]: [0mGET /css/admin/layout.css [36m304[0m 0.272 ms - -[0m
2026-08-07 03:23:57 [INFO]: [0mGET /css/admin/users.css [36m304[0m 0.493 ms - -[0m
2026-08-07 03:23:57 [INFO]: [0mGET /css/admin/products.css [36m304[0m 1.691 ms - -[0m
2026-08-07 03:23:57 [INFO]: [0mGET /css/header.css [36m304[0m 1.256 ms - -[0m
2026-08-07 03:23:57 [INFO]: [0mGET /images/logo/plantora.png [36m304[0m 0.137 ms - -[0m
2026-08-07 03:23:57 [INFO]: [0mGET /js/admin/layout.js [36m304[0m 0.451 ms - -[0m
2026-08-07 03:23:57 [INFO]: [0mGET /js/admin/users.js [36m304[0m 0.229 ms - -[0m
2026-08-07 03:23:57 [INFO]: [0mGET /js/admin/products.js [36m304[0m 0.444 ms - -[0m
2026-08-07 03:23:57 [INFO]: [0mGET /js/header.js [36m304[0m 0.633 ms - -[0m
2026-08-07 03:23:57 [INFO]: [0mGET /js/notification.js [36m304[0m 1.123 ms - -[0m
2026-08-07 03:23:57 [INFO]: [0mGET /css/variables.css [36m304[0m 0.577 ms - -[0m
2026-08-07 03:23:57 [INFO]: [0mGET /css/utilities.css [36m304[0m 0.653 ms - -[0m
2026-08-07 03:23:57 [INFO]: [0mGET /css/animations.css [36m304[0m 0.342 ms - -[0m
2026-08-07 03:23:57 [INFO]: [0mGET /css/announcement.css [36m304[0m 0.177 ms - -[0m
2026-08-07 03:23:57 [INFO]: [0mGET /css/hero.css [36m304[0m 0.197 ms - -[0m
2026-08-07 03:23:57 [INFO]: [0mGET /css/featured.css [36m304[0m 0.477 ms - -[0m
2026-08-07 03:23:57 [INFO]: [0mGET /css/why-choose.css [36m304[0m 0.584 ms - -[0m
2026-08-07 03:23:57 [INFO]: [0mGET /css/footer.css [36m304[0m 0.282 ms - -[0m
2026-08-07 03:23:57 [INFO]: [0mGET /css/auth.css [36m304[0m 0.210 ms - -[0m
2026-08-07 03:23:57 [INFO]: [0mGET /css/verify.css [36m304[0m 0.390 ms - -[0m
2026-08-07 03:23:57 [INFO]: [0mGET /.well-known/appspecific/com.chrome.devtools.json [33m404[0m 83.353 ms - 112[0m
2026-08-07 03:24:11 [INFO]: [0mGET /admin/users [36m304[0m 178.500 ms - -[0m
2026-08-07 03:24:11 [INFO]: [0mGET /css/style.css [36m304[0m 0.549 ms - -[0m
2026-08-07 03:24:11 [INFO]: [0mGET /css/admin/layout.css [36m304[0m 0.729 ms - -[0m
2026-08-07 03:24:11 [INFO]: [0mGET /css/admin/users.css [36m304[0m 0.251 ms - -[0m
2026-08-07 03:24:11 [INFO]: [0mGET /css/header.css [36m304[0m 0.230 ms - -[0m
2026-08-07 03:24:11 [INFO]: [0mGET /images/logo/plantora.png [36m304[0m 0.389 ms - -[0m
2026-08-07 03:24:11 [INFO]: [0mGET /css/admin/products.css [32m200[0m 1.129 ms - -[0m
2026-08-07 03:24:11 [INFO]: [0mGET /js/admin/layout.js [36m304[0m 0.333 ms - -[0m
2026-08-07 03:24:11 [INFO]: [0mGET /js/admin/users.js [36m304[0m 0.651 ms - -[0m
2026-08-07 03:24:11 [INFO]: [0mGET /js/admin/products.js [36m304[0m 0.925 ms - -[0m
2026-08-07 03:24:11 [INFO]: [0mGET /js/header.js [36m304[0m 0.447 ms - -[0m
2026-08-07 03:24:11 [INFO]: [0mGET /js/notification.js [36m304[0m 0.633 ms - -[0m
2026-08-07 03:24:11 [INFO]: [0mGET /css/variables.css [36m304[0m 1.245 ms - -[0m
2026-08-07 03:24:11 [INFO]: [0mGET /css/utilities.css [36m304[0m 1.240 ms - -[0m
2026-08-07 03:24:11 [INFO]: [0mGET /css/animations.css [36m304[0m 1.339 ms - -[0m
2026-08-07 03:24:11 [INFO]: [0mGET /css/announcement.css [36m304[0m 1.419 ms - -[0m
2026-08-07 03:24:11 [INFO]: [0mGET /css/hero.css [36m304[0m 1.762 ms - -[0m
2026-08-07 03:24:11 [INFO]: [0mGET /css/featured.css [36m304[0m 1.954 ms - -[0m
2026-08-07 03:24:11 [INFO]: [0mGET /css/why-choose.css [36m304[0m 0.518 ms - -[0m
2026-08-07 03:24:11 [INFO]: [0mGET /css/footer.css [36m304[0m 0.675 ms - -[0m
2026-08-07 03:24:11 [INFO]: [0mGET /css/auth.css [36m304[0m 0.862 ms - -[0m
2026-08-07 03:24:11 [INFO]: [0mGET /css/verify.css [36m304[0m 1.001 ms - -[0m
2026-08-07 03:24:26 [INFO]: [0mGET /admin/users [36m304[0m 176.976 ms - -[0m
2026-08-07 03:24:26 [INFO]: [0mGET /css/style.css [36m304[0m 0.499 ms - -[0m
2026-08-07 03:24:26 [INFO]: [0mGET /css/admin/layout.css [36m304[0m 0.770 ms - -[0m
2026-08-07 03:24:26 [INFO]: [0mGET /images/logo/plantora.png [36m304[0m 0.425 ms - -[0m
2026-08-07 03:24:26 [INFO]: [0mGET /css/admin/products.css [36m304[0m 0.596 ms - -[0m
2026-08-07 03:24:26 [INFO]: [0mGET /css/header.css [36m304[0m 0.750 ms - -[0m
2026-08-07 03:24:26 [INFO]: [0mGET /css/admin/users.css [32m200[0m 2.476 ms - -[0m
2026-08-07 03:24:26 [INFO]: [0mGET /js/admin/layout.js [36m304[0m 0.309 ms - -[0m
2026-08-07 03:24:26 [INFO]: [0mGET /js/admin/users.js [36m304[0m 0.459 ms - -[0m
2026-08-07 03:24:26 [INFO]: [0mGET /js/admin/products.js [36m304[0m 0.630 ms - -[0m
2026-08-07 03:24:26 [INFO]: [0mGET /js/header.js [36m304[0m 0.821 ms - -[0m
2026-08-07 03:24:26 [INFO]: [0mGET /js/notification.js [36m304[0m 1.013 ms - -[0m
2026-08-07 03:24:26 [INFO]: [0mGET /css/variables.css [36m304[0m 0.138 ms - -[0m
2026-08-07 03:24:26 [INFO]: [0mGET /css/utilities.css [36m304[0m 0.237 ms - -[0m
2026-08-07 03:24:26 [INFO]: [0mGET /css/animations.css [36m304[0m 0.393 ms - -[0m
2026-08-07 03:24:26 [INFO]: [0mGET /css/announcement.css [36m304[0m 1.325 ms - -[0m
2026-08-07 03:24:26 [INFO]: [0mGET /css/hero.css [36m304[0m 1.143 ms - -[0m
2026-08-07 03:24:26 [INFO]: [0mGET /css/featured.css [36m304[0m 1.082 ms - -[0m
2026-08-07 03:24:26 [INFO]: [0mGET /css/why-choose.css [36m304[0m 0.360 ms - -[0m
2026-08-07 03:24:26 [INFO]: [0mGET /css/footer.css [36m304[0m 0.550 ms - -[0m
2026-08-07 03:24:26 [INFO]: [0mGET /css/auth.css [36m304[0m 1.327 ms - -[0m
2026-08-07 03:24:26 [INFO]: [0mGET /css/verify.css [36m304[0m 0.889 ms - -[0m
2026-08-07 03:24:38 [INFO]: [0mGET /admin/users [36m304[0m 176.586 ms - -[0m
2026-08-07 03:24:38 [INFO]: [0mGET /css/style.css [36m304[0m 0.516 ms - -[0m
2026-08-07 03:24:38 [INFO]: [0mGET /css/admin/layout.css [36m304[0m 0.136 ms - -[0m
2026-08-07 03:24:38 [INFO]: [0mGET /css/admin/products.css [36m304[0m 0.451 ms - -[0m
2026-08-07 03:24:38 [INFO]: [0mGET /css/header.css [36m304[0m 0.578 ms - -[0m
2026-08-07 03:24:38 [INFO]: [0mGET /images/logo/plantora.png [36m304[0m 0.282 ms - -[0m
2026-08-07 03:24:38 [INFO]: [0mGET /js/admin/layout.js [36m304[0m 0.334 ms - -[0m
2026-08-07 03:24:38 [INFO]: [0mGET /js/admin/users.js [36m304[0m 0.539 ms - -[0m
2026-08-07 03:24:38 [INFO]: [0mGET /css/admin/users.css [32m200[0m 2.161 ms - -[0m
2026-08-07 03:24:38 [INFO]: [0mGET /js/admin/products.js [36m304[0m 1.251 ms - -[0m
2026-08-07 03:24:38 [INFO]: [0mGET /js/header.js [36m304[0m 0.572 ms - -[0m
2026-08-07 03:24:38 [INFO]: [0mGET /js/notification.js [36m304[0m 0.487 ms - -[0m
2026-08-07 03:24:38 [INFO]: [0mGET /css/variables.css [36m304[0m 0.577 ms - -[0m
2026-08-07 03:24:38 [INFO]: [0mGET /css/utilities.css [36m304[0m 0.716 ms - -[0m
2026-08-07 03:24:38 [INFO]: [0mGET /css/animations.css [36m304[0m 0.449 ms - -[0m
2026-08-07 03:24:38 [INFO]: [0mGET /css/announcement.css [36m304[0m 0.536 ms - -[0m
2026-08-07 03:24:38 [INFO]: [0mGET /css/hero.css [36m304[0m 1.155 ms - -[0m
2026-08-07 03:24:38 [INFO]: [0mGET /css/featured.css [36m304[0m 1.220 ms - -[0m
2026-08-07 03:24:38 [INFO]: [0mGET /css/why-choose.css [36m304[0m 1.557 ms - -[0m
2026-08-07 03:24:38 [INFO]: [0mGET /css/footer.css [36m304[0m 2.424 ms - -[0m
2026-08-07 03:24:38 [INFO]: [0mGET /css/auth.css [36m304[0m 0.947 ms - -[0m
2026-08-07 03:24:38 [INFO]: [0mGET /css/verify.css [36m304[0m 0.194 ms - -[0m
2026-08-07 03:25:18 [INFO]: [0mGET /admin/users [36m304[0m 178.150 ms - -[0m
2026-08-07 03:25:18 [INFO]: [0mGET /css/style.css [36m304[0m 0.802 ms - -[0m
2026-08-07 03:25:18 [INFO]: [0mGET /css/admin/layout.css [36m304[0m 1.012 ms - -[0m
2026-08-07 03:25:18 [INFO]: [0mGET /css/header.css [36m304[0m 0.844 ms - -[0m
2026-08-07 03:25:18 [INFO]: [0mGET /images/logo/plantora.png [36m304[0m 0.435 ms - -[0m
2026-08-07 03:25:18 [INFO]: [0mGET /css/admin/products.css [32m200[0m 2.649 ms - -[0m
2026-08-07 03:25:18 [INFO]: [0mGET /css/admin/users.css [32m200[0m 2.235 ms - -[0m
2026-08-07 03:25:18 [INFO]: [0mGET /js/admin/layout.js [36m304[0m 0.846 ms - -[0m
2026-08-07 03:25:18 [INFO]: [0mGET /js/admin/users.js [36m304[0m 1.817 ms - -[0m
2026-08-07 03:25:18 [INFO]: [0mGET /js/admin/products.js [36m304[0m 0.350 ms - -[0m
2026-08-07 03:25:18 [INFO]: [0mGET /js/header.js [36m304[0m 0.559 ms - -[0m
2026-08-07 03:25:18 [INFO]: [0mGET /js/notification.js [36m304[0m 1.532 ms - -[0m
2026-08-07 03:25:18 [INFO]: [0mGET /css/variables.css [36m304[0m 1.312 ms - -[0m
2026-08-07 03:25:18 [INFO]: [0mGET /css/utilities.css [36m304[0m 1.493 ms - -[0m
2026-08-07 03:25:18 [INFO]: [0mGET /css/animations.css [36m304[0m 2.215 ms - -[0m
2026-08-07 03:25:18 [INFO]: [0mGET /css/announcement.css [36m304[0m 1.008 ms - -[0m
2026-08-07 03:25:18 [INFO]: [0mGET /css/hero.css [36m304[0m 2.730 ms - -[0m
2026-08-07 03:25:18 [INFO]: [0mGET /css/featured.css [36m304[0m 1.953 ms - -[0m
2026-08-07 03:25:18 [INFO]: [0mGET /css/why-choose.css [36m304[0m 1.575 ms - -[0m
2026-08-07 03:25:18 [INFO]: [0mGET /css/footer.css [36m304[0m 0.675 ms - -[0m
2026-08-07 03:25:18 [INFO]: [0mGET /css/auth.css [36m304[0m 0.891 ms - -[0m
2026-08-07 03:25:18 [INFO]: [0mGET /css/verify.css [36m304[0m 1.153 ms - -[0m
2026-08-07 03:25:20 [INFO]: [0mGET /admin/products [36m304[0m 179.216 ms - -[0m
2026-08-07 03:25:20 [INFO]: [0mGET /css/style.css [36m304[0m 0.257 ms - -[0m
2026-08-07 03:25:20 [INFO]: [0mGET /css/admin/layout.css [36m304[0m 0.698 ms - -[0m
2026-08-07 03:25:20 [INFO]: [0mGET /css/admin/users.css [36m304[0m 0.812 ms - -[0m
2026-08-07 03:25:20 [INFO]: [0mGET /css/admin/products.css [36m304[0m 0.866 ms - -[0m
2026-08-07 03:25:20 [INFO]: [0mGET /css/header.css [36m304[0m 1.004 ms - -[0m
2026-08-07 03:25:20 [INFO]: [0mGET /images/logo/plantora.png [36m304[0m 0.199 ms - -[0m
2026-08-07 03:25:20 [INFO]: [0mGET /js/admin/layout.js [36m304[0m 0.894 ms - -[0m
2026-08-07 03:25:20 [INFO]: [0mGET /js/admin/users.js [36m304[0m 0.816 ms - -[0m
2026-08-07 03:25:20 [INFO]: [0mGET /js/admin/products.js [36m304[0m 0.904 ms - -[0m
2026-08-07 03:25:20 [INFO]: [0mGET /js/header.js [36m304[0m 0.971 ms - -[0m
2026-08-07 03:25:20 [INFO]: [0mGET /js/notification.js [36m304[0m 1.239 ms - -[0m
2026-08-07 03:25:20 [INFO]: [0mGET /css/variables.css [36m304[0m 0.578 ms - -[0m
2026-08-07 03:25:20 [INFO]: [0mGET /css/utilities.css [36m304[0m 0.530 ms - -[0m
2026-08-07 03:25:20 [INFO]: [0mGET /css/animations.css [36m304[0m 0.719 ms - -[0m
2026-08-07 03:25:20 [INFO]: [0mGET /css/announcement.css [36m304[0m 1.055 ms - -[0m
2026-08-07 03:25:20 [INFO]: [0mGET /css/hero.css [36m304[0m 1.259 ms - -[0m
2026-08-07 03:25:20 [INFO]: [0mGET /css/featured.css [36m304[0m 0.965 ms - -[0m
2026-08-07 03:25:20 [INFO]: [0mGET /css/why-choose.css [36m304[0m 0.815 ms - -[0m
2026-08-07 03:25:20 [INFO]: [0mGET /css/footer.css [36m304[0m 0.897 ms - -[0m
2026-08-07 03:25:20 [INFO]: [0mGET /css/auth.css [36m304[0m 1.015 ms - -[0m
2026-08-07 03:25:20 [INFO]: [0mGET /css/verify.css [36m304[0m 1.198 ms - -[0m
2026-08-07 03:25:25 [ERROR]: ReferenceError: E:\Webskitters_Academy\NODE JS\final_project_node\plantora_final_project_node_ejs\views\admin\product-trash\index.ejs:55
    53|             =========================================================== -->
    54| 
 >> 55|             <%- include("./statistics") %>
    56| 
    57|             <!-- ==========================================================
    58|                  SEARCH / SORT / SHOW

E:\Webskitters_Academy\NODE JS\final_project_node\plantora_final_project_node_ejs\views\admin\product-trash\statistics.ejs:29
    27|             <h3>
    28| 
 >> 29|                 <%= statistics.deletedProducts || 0 %>
    30| 
    31|             </h3>
    32| 

statistics is not defined
    at eval (eval at compile (E:\Webskitters_Academy\NODE JS\final_project_node\plantora_final_project_node_ejs\node_modules\ejs\lib\cjs\ejs.js:607:18), <anonymous>:12:26)
    at statistics (E:\Webskitters_Academy\NODE JS\final_project_node\plantora_final_project_node_ejs\node_modules\ejs\lib\cjs\ejs.js:643:23)
    at include (E:\Webskitters_Academy\NODE JS\final_project_node\plantora_final_project_node_ejs\node_modules\ejs\lib\cjs\ejs.js:634:47)
    at eval (eval at compile (E:\Webskitters_Academy\NODE JS\final_project_node\plantora_final_project_node_ejs\node_modules\ejs\lib\cjs\ejs.js:607:18), <anonymous>:23:17)
    at index (E:\Webskitters_Academy\NODE JS\final_project_node\plantora_final_project_node_ejs\node_modules\ejs\lib\cjs\ejs.js:643:23)
    at tryHandleCache (E:\Webskitters_Academy\NODE JS\final_project_node\plantora_final_project_node_ejs\node_modules\ejs\lib\cjs\ejs.js:253:42)
    at ejs.renderFile [as engine] (E:\Webskitters_Academy\NODE JS\final_project_node\plantora_final_project_node_ejs\node_modules\ejs\lib\cjs\ejs.js:444:12)
    at View.render (E:\Webskitters_Academy\NODE JS\final_project_node\plantora_final_project_node_ejs\node_modules\express\lib\view.js:139:8)
    at tryRender (E:\Webskitters_Academy\NODE JS\final_project_node\plantora_final_project_node_ejs\node_modules\express\lib\application.js:627:10)
    at app.render (E:\Webskitters_Academy\NODE JS\final_project_node\plantora_final_project_node_ejs\node_modules\express\lib\application.js:574:3)
2026-08-07 03:25:25 [INFO]: [0mGET /admin/products/trash [31m500[0m 166.089 ms - 812[0m
2026-08-07 03:26:16 [INFO]: MongoDB connected successfully.
2026-08-07 03:26:19 [INFO]: Email server connected successfully.
2026-08-07 03:26:19 [INFO]: Server is running on port 5132.
2026-08-07 03:26:40 [INFO]: MongoDB connected successfully.
2026-08-07 03:26:43 [INFO]: Email server connected successfully.
2026-08-07 03:26:43 [INFO]: Server is running on port 5132.
2026-08-07 03:26:47 [INFO]: MongoDB connected successfully.
2026-08-07 03:26:50 [INFO]: Email server connected successfully.
2026-08-07 03:26:50 [INFO]: Server is running on port 5132.
2026-08-07 03:27:17 [INFO]: MongoDB connected successfully.
2026-08-07 03:27:20 [INFO]: Email server connected successfully.
2026-08-07 03:27:20 [INFO]: Server is running on port 5132.
2026-08-07 03:27:20 [INFO]: [0mGET /admin/users [36m304[0m 187.935 ms - -[0m
2026-08-07 03:27:20 [INFO]: [0mGET /css/style.css [36m304[0m 2.103 ms - -[0m
2026-08-07 03:27:20 [INFO]: [0mGET /css/admin/layout.css [36m304[0m 2.306 ms - -[0m
2026-08-07 03:27:20 [INFO]: [0mGET /css/admin/users.css [36m304[0m 2.766 ms - -[0m
2026-08-07 03:27:20 [INFO]: [0mGET /css/admin/products.css [36m304[0m 1.825 ms - -[0m
2026-08-07 03:27:20 [INFO]: [0mGET /css/header.css [36m304[0m 2.189 ms - -[0m
2026-08-07 03:27:20 [INFO]: [0mGET /images/logo/plantora.png [36m304[0m 2.817 ms - -[0m
2026-08-07 03:27:20 [INFO]: [0mGET /js/admin/layout.js [36m304[0m 0.909 ms - -[0m
2026-08-07 03:27:20 [INFO]: [0mGET /js/admin/users.js [36m304[0m 1.006 ms - -[0m
2026-08-07 03:27:20 [INFO]: [0mGET /js/admin/products.js [36m304[0m 0.880 ms - -[0m
2026-08-07 03:27:20 [INFO]: [0mGET /css/variables.css [36m304[0m 1.107 ms - -[0m
2026-08-07 03:27:20 [INFO]: [0mGET /css/utilities.css [36m304[0m 1.378 ms - -[0m
2026-08-07 03:27:20 [INFO]: [0mGET /css/animations.css [36m304[0m 1.970 ms - -[0m
2026-08-07 03:27:20 [INFO]: [0mGET /css/announcement.css [36m304[0m 0.730 ms - -[0m
2026-08-07 03:27:20 [INFO]: [0mGET /css/hero.css [36m304[0m 1.067 ms - -[0m
2026-08-07 03:27:20 [INFO]: [0mGET /css/featured.css [36m304[0m 0.572 ms - -[0m
2026-08-07 03:27:20 [INFO]: [0mGET /css/why-choose.css [36m304[0m 0.870 ms - -[0m
2026-08-07 03:27:20 [INFO]: [0mGET /css/footer.css [36m304[0m 1.176 ms - -[0m
2026-08-07 03:27:20 [INFO]: [0mGET /css/auth.css [36m304[0m 0.364 ms - -[0m
2026-08-07 03:27:20 [INFO]: [0mGET /css/verify.css [36m304[0m 1.010 ms - -[0m
2026-08-07 03:27:20 [INFO]: [0mGET /js/header.js [36m304[0m 0.870 ms - -[0m
2026-08-07 03:27:20 [INFO]: [0mGET /js/notification.js [36m304[0m 1.222 ms - -[0m
2026-08-07 03:27:21 [INFO]: [0mGET /admin/products [36m304[0m 154.475 ms - -[0m
2026-08-07 03:27:21 [INFO]: [0mGET /css/style.css [36m304[0m 0.544 ms - -[0m
2026-08-07 03:27:21 [INFO]: [0mGET /css/admin/layout.css [36m304[0m 0.704 ms - -[0m
2026-08-07 03:27:21 [INFO]: [0mGET /css/admin/users.css [36m304[0m 1.014 ms - -[0m
2026-08-07 03:27:21 [INFO]: [0mGET /css/admin/products.css [36m304[0m 1.364 ms - -[0m
2026-08-07 03:27:21 [INFO]: [0mGET /css/header.css [36m304[0m 1.853 ms - -[0m
2026-08-07 03:27:21 [INFO]: [0mGET /images/logo/plantora.png [36m304[0m 2.623 ms - -[0m
2026-08-07 03:27:21 [INFO]: [0mGET /js/admin/layout.js [36m304[0m 0.318 ms - -[0m
2026-08-07 03:27:21 [INFO]: [0mGET /js/admin/users.js [36m304[0m 1.099 ms - -[0m
2026-08-07 03:27:21 [INFO]: [0mGET /js/admin/products.js [36m304[0m 1.323 ms - -[0m
2026-08-07 03:27:21 [INFO]: [0mGET /js/header.js [36m304[0m 1.450 ms - -[0m
2026-08-07 03:27:21 [INFO]: [0mGET /css/variables.css [36m304[0m 1.516 ms - -[0m
2026-08-07 03:27:21 [INFO]: [0mGET /js/notification.js [36m304[0m 1.808 ms - -[0m
2026-08-07 03:27:21 [INFO]: [0mGET /css/utilities.css [36m304[0m 1.078 ms - -[0m
2026-08-07 03:27:21 [INFO]: [0mGET /css/animations.css [36m304[0m 0.804 ms - -[0m
2026-08-07 03:27:21 [INFO]: [0mGET /css/announcement.css [36m304[0m 0.994 ms - -[0m
2026-08-07 03:27:21 [INFO]: [0mGET /css/hero.css [36m304[0m 1.666 ms - -[0m
2026-08-07 03:27:21 [INFO]: [0mGET /css/featured.css [36m304[0m 0.853 ms - -[0m
2026-08-07 03:27:21 [INFO]: [0mGET /css/why-choose.css [36m304[0m 1.066 ms - -[0m
2026-08-07 03:27:21 [INFO]: [0mGET /css/footer.css [36m304[0m 0.356 ms - -[0m
2026-08-07 03:27:21 [INFO]: [0mGET /css/auth.css [36m304[0m 0.739 ms - -[0m
2026-08-07 03:27:21 [INFO]: [0mGET /css/verify.css [36m304[0m 0.996 ms - -[0m
2026-08-07 03:27:22 [INFO]: [0mGET /admin/products/trash [32m200[0m 176.111 ms - -[0m
2026-08-07 03:27:22 [INFO]: [0mGET /css/style.css [36m304[0m 0.737 ms - -[0m
2026-08-07 03:27:22 [INFO]: [0mGET /css/admin/layout.css [36m304[0m 1.046 ms - -[0m
2026-08-07 03:27:22 [INFO]: [0mGET /css/admin/users.css [36m304[0m 1.285 ms - -[0m
2026-08-07 03:27:22 [INFO]: [0mGET /css/admin/products.css [36m304[0m 1.558 ms - -[0m
2026-08-07 03:27:22 [INFO]: [0mGET /css/header.css [36m304[0m 2.022 ms - -[0m
2026-08-07 03:27:22 [INFO]: [0mGET /images/logo/plantora.png [36m304[0m 2.270 ms - -[0m
2026-08-07 03:27:22 [INFO]: [0mGET /js/admin/layout.js [36m304[0m 0.324 ms - -[0m
2026-08-07 03:27:22 [INFO]: [0mGET /js/admin/users.js [36m304[0m 0.305 ms - -[0m
2026-08-07 03:27:22 [INFO]: [0mGET /js/admin/products.js [36m304[0m 0.553 ms - -[0m
2026-08-07 03:27:22 [INFO]: [0mGET /js/header.js [36m304[0m 0.887 ms - -[0m
2026-08-07 03:27:22 [INFO]: [0mGET /css/variables.css [36m304[0m 1.023 ms - -[0m
2026-08-07 03:27:22 [INFO]: [0mGET /js/notification.js [36m304[0m 1.336 ms - -[0m
2026-08-07 03:27:22 [INFO]: [0mGET /css/utilities.css [36m304[0m 0.419 ms - -[0m
2026-08-07 03:27:22 [INFO]: [0mGET /css/animations.css [36m304[0m 0.406 ms - -[0m
2026-08-07 03:27:22 [INFO]: [0mGET /css/announcement.css [36m304[0m 0.896 ms - -[0m
2026-08-07 03:27:22 [INFO]: [0mGET /css/hero.css [36m304[0m 1.124 ms - -[0m
2026-08-07 03:27:22 [INFO]: [0mGET /css/featured.css [36m304[0m 0.549 ms - -[0m
2026-08-07 03:27:22 [INFO]: [0mGET /css/why-choose.css [36m304[0m 0.712 ms - -[0m
2026-08-07 03:27:22 [INFO]: [0mGET /css/footer.css [36m304[0m 1.079 ms - -[0m
2026-08-07 03:27:22 [INFO]: [0mGET /css/auth.css [36m304[0m 0.521 ms - -[0m
2026-08-07 03:27:22 [INFO]: [0mGET /css/verify.css [36m304[0m 0.728 ms - -[0m
2026-08-07 03:27:42 [INFO]: [0mGET /admin/users [36m304[0m 183.915 ms - -[0m
2026-08-07 03:27:42 [INFO]: [0mGET /css/style.css [36m304[0m 0.521 ms - -[0m
2026-08-07 03:27:42 [INFO]: [0mGET /css/admin/layout.css [36m304[0m 0.842 ms - -[0m
2026-08-07 03:27:42 [INFO]: [0mGET /css/admin/users.css [36m304[0m 0.247 ms - -[0m
2026-08-07 03:27:42 [INFO]: [0mGET /images/logo/plantora.png [36m304[0m 0.412 ms - -[0m
2026-08-07 03:27:42 [INFO]: [0mGET /css/admin/products.css [36m304[0m 0.558 ms - -[0m
2026-08-07 03:27:42 [INFO]: [0mGET /css/header.css [36m304[0m 0.756 ms - -[0m
2026-08-07 03:27:42 [INFO]: [0mGET /js/admin/layout.js [36m304[0m 0.971 ms - -[0m
2026-08-07 03:27:42 [INFO]: [0mGET /js/admin/users.js [36m304[0m 1.280 ms - -[0m
2026-08-07 03:27:42 [INFO]: [0mGET /js/admin/products.js [36m304[0m 1.519 ms - -[0m
2026-08-07 03:27:42 [INFO]: [0mGET /js/header.js [36m304[0m 1.665 ms - -[0m
2026-08-07 03:27:42 [INFO]: [0mGET /js/notification.js [36m304[0m 1.902 ms - -[0m
2026-08-07 03:27:42 [INFO]: [0mGET /css/variables.css [36m304[0m 0.778 ms - -[0m
2026-08-07 03:27:42 [INFO]: [0mGET /css/utilities.css [36m304[0m 1.155 ms - -[0m
2026-08-07 03:27:42 [INFO]: [0mGET /css/animations.css [36m304[0m 1.413 ms - -[0m
2026-08-07 03:27:42 [INFO]: [0mGET /css/announcement.css [36m304[0m 1.722 ms - -[0m
2026-08-07 03:27:42 [INFO]: [0mGET /css/hero.css [36m304[0m 0.684 ms - -[0m
2026-08-07 03:27:42 [INFO]: [0mGET /css/featured.css [36m304[0m 1.302 ms - -[0m
2026-08-07 03:27:42 [INFO]: [0mGET /css/why-choose.css [36m304[0m 0.397 ms - -[0m
2026-08-07 03:27:42 [INFO]: [0mGET /css/footer.css [36m304[0m 0.537 ms - -[0m
2026-08-07 03:27:42 [INFO]: [0mGET /css/auth.css [36m304[0m 0.743 ms - -[0m
2026-08-07 03:27:42 [INFO]: [0mGET /css/verify.css [36m304[0m 1.146 ms - -[0m
2026-08-07 03:27:47 [INFO]: [0mGET /admin/users/trash [36m304[0m 235.861 ms - -[0m
2026-08-07 03:27:47 [INFO]: [0mGET /css/style.css [36m304[0m 0.200 ms - -[0m
2026-08-07 03:27:47 [INFO]: [0mGET /css/admin/layout.css [36m304[0m 0.297 ms - -[0m
2026-08-07 03:27:47 [INFO]: [0mGET /css/admin/users.css [36m304[0m 1.326 ms - -[0m
2026-08-07 03:27:47 [INFO]: [0mGET /css/admin/products.css [36m304[0m 1.772 ms - -[0m
2026-08-07 03:27:47 [INFO]: [0mGET /css/header.css [36m304[0m 0.249 ms - -[0m
2026-08-07 03:27:47 [INFO]: [0mGET /images/logo/plantora.png [36m304[0m 0.576 ms - -[0m
2026-08-07 03:27:47 [INFO]: [0mGET /js/admin/layout.js [36m304[0m 0.355 ms - -[0m
2026-08-07 03:27:47 [INFO]: [0mGET /js/admin/users.js [36m304[0m 0.791 ms - -[0m
2026-08-07 03:27:47 [INFO]: [0mGET /css/variables.css [36m304[0m 0.841 ms - -[0m
2026-08-07 03:27:47 [INFO]: [0mGET /js/admin/products.js [36m304[0m 1.035 ms - -[0m
2026-08-07 03:27:47 [INFO]: [0mGET /css/utilities.css [36m304[0m 1.200 ms - -[0m
2026-08-07 03:27:47 [INFO]: [0mGET /js/header.js [36m304[0m 1.470 ms - -[0m
2026-08-07 03:27:47 [INFO]: [0mGET /js/notification.js [36m304[0m 1.731 ms - -[0m
2026-08-07 03:27:47 [INFO]: [0mGET /css/animations.css [36m304[0m 0.836 ms - -[0m
2026-08-07 03:27:47 [INFO]: [0mGET /css/announcement.css [36m304[0m 0.966 ms - -[0m
2026-08-07 03:27:47 [INFO]: [0mGET /css/hero.css [36m304[0m 1.133 ms - -[0m
2026-08-07 03:27:47 [INFO]: [0mGET /css/featured.css [36m304[0m 1.090 ms - -[0m
2026-08-07 03:27:47 [INFO]: [0mGET /css/why-choose.css [36m304[0m 0.239 ms - -[0m
2026-08-07 03:27:47 [INFO]: [0mGET /css/footer.css [36m304[0m 1.412 ms - -[0m
2026-08-07 03:27:47 [INFO]: [0mGET /css/auth.css [36m304[0m 0.571 ms - -[0m
2026-08-07 03:27:47 [INFO]: [0mGET /css/verify.css [36m304[0m 0.682 ms - -[0m
2026-08-07 03:27:52 [INFO]: [0mGET /admin/products [36m304[0m 169.783 ms - -[0m
2026-08-07 03:27:52 [INFO]: [0mGET /css/style.css [36m304[0m 0.240 ms - -[0m
2026-08-07 03:27:52 [INFO]: [0mGET /css/admin/layout.css [36m304[0m 1.121 ms - -[0m
2026-08-07 03:27:52 [INFO]: [0mGET /css/admin/users.css [36m304[0m 1.043 ms - -[0m
2026-08-07 03:27:52 [INFO]: [0mGET /css/admin/products.css [36m304[0m 1.296 ms - -[0m
2026-08-07 03:27:52 [INFO]: [0mGET /css/header.css [36m304[0m 1.398 ms - -[0m
2026-08-07 03:27:52 [INFO]: [0mGET /images/logo/plantora.png [36m304[0m 1.814 ms - -[0m
2026-08-07 03:27:52 [INFO]: [0mGET /js/admin/layout.js [36m304[0m 0.231 ms - -[0m
2026-08-07 03:27:52 [INFO]: [0mGET /js/admin/users.js [36m304[0m 0.172 ms - -[0m
2026-08-07 03:27:52 [INFO]: [0mGET /js/admin/products.js [36m304[0m 0.309 ms - -[0m
2026-08-07 03:27:52 [INFO]: [0mGET /js/header.js [36m304[0m 0.435 ms - -[0m
2026-08-07 03:27:52 [INFO]: [0mGET /js/notification.js [36m304[0m 0.877 ms - -[0m
2026-08-07 03:27:52 [INFO]: [0mGET /css/variables.css [36m304[0m 0.696 ms - -[0m
2026-08-07 03:27:52 [INFO]: [0mGET /css/utilities.css [36m304[0m 1.304 ms - -[0m
2026-08-07 03:27:52 [INFO]: [0mGET /css/animations.css [36m304[0m 0.732 ms - -[0m
2026-08-07 03:27:52 [INFO]: [0mGET /css/announcement.css [36m304[0m 0.718 ms - -[0m
2026-08-07 03:27:52 [INFO]: [0mGET /css/hero.css [36m304[0m 0.595 ms - -[0m
2026-08-07 03:27:52 [INFO]: [0mGET /css/featured.css [36m304[0m 0.773 ms - -[0m
2026-08-07 03:27:52 [INFO]: [0mGET /css/why-choose.css [36m304[0m 0.834 ms - -[0m
2026-08-07 03:27:52 [INFO]: [0mGET /css/footer.css [36m304[0m 0.518 ms - -[0m
2026-08-07 03:27:52 [INFO]: [0mGET /css/auth.css [36m304[0m 0.690 ms - -[0m
2026-08-07 03:27:52 [INFO]: [0mGET /css/verify.css [36m304[0m 0.913 ms - -[0m
2026-08-07 03:28:45 [INFO]: [0mGET /admin/products [32m200[0m 168.991 ms - -[0m
2026-08-07 03:28:45 [INFO]: [0mGET /css/style.css [36m304[0m 0.440 ms - -[0m
2026-08-07 03:28:45 [INFO]: [0mGET /css/admin/layout.css [36m304[0m 0.349 ms - -[0m
2026-08-07 03:28:45 [INFO]: [0mGET /css/admin/users.css [36m304[0m 0.256 ms - -[0m
2026-08-07 03:28:45 [INFO]: [0mGET /css/admin/products.css [36m304[0m 0.731 ms - -[0m
2026-08-07 03:28:45 [INFO]: [0mGET /css/header.css [36m304[0m 0.548 ms - -[0m
2026-08-07 03:28:45 [INFO]: [0mGET /images/logo/plantora.png [36m304[0m 0.860 ms - -[0m
2026-08-07 03:28:45 [INFO]: [0mGET /js/admin/layout.js [36m304[0m 0.211 ms - -[0m
2026-08-07 03:28:45 [INFO]: [0mGET /js/admin/users.js [36m304[0m 0.387 ms - -[0m
2026-08-07 03:28:45 [INFO]: [0mGET /js/admin/products.js [36m304[0m 0.697 ms - -[0m
2026-08-07 03:28:45 [INFO]: [0mGET /js/header.js [36m304[0m 0.913 ms - -[0m
2026-08-07 03:28:45 [INFO]: [0mGET /js/notification.js [36m304[0m 1.149 ms - -[0m
2026-08-07 03:28:45 [INFO]: [0mGET /css/variables.css [36m304[0m 0.543 ms - -[0m
2026-08-07 03:28:45 [INFO]: [0mGET /css/animations.css [36m304[0m 0.599 ms - -[0m
2026-08-07 03:28:45 [INFO]: [0mGET /css/utilities.css [36m304[0m 0.754 ms - -[0m
2026-08-07 03:28:45 [INFO]: [0mGET /css/announcement.css [36m304[0m 1.291 ms - -[0m
2026-08-07 03:28:45 [INFO]: [0mGET /css/hero.css [36m304[0m 0.674 ms - -[0m
2026-08-07 03:28:45 [INFO]: [0mGET /css/featured.css [36m304[0m 0.805 ms - -[0m
2026-08-07 03:28:45 [INFO]: [0mGET /css/why-choose.css [36m304[0m 0.951 ms - -[0m
2026-08-07 03:28:45 [INFO]: [0mGET /css/footer.css [36m304[0m 0.877 ms - -[0m
2026-08-07 03:28:45 [INFO]: [0mGET /css/auth.css [36m304[0m 0.925 ms - -[0m
2026-08-07 03:28:45 [INFO]: [0mGET /css/verify.css [36m304[0m 0.956 ms - -[0m
2026-08-07 03:28:51 [INFO]: [0mGET /products/trash [33m404[0m 84.609 ms - 78[0m
2026-08-07 03:28:58 [INFO]: [0mGET /products/create [33m404[0m 86.963 ms - 79[0m
2026-08-07 03:29:00 [INFO]: [0mGET /products/create [33m404[0m 82.318 ms - 79[0m
2026-08-07 03:44:51 [INFO]: MongoDB connected successfully.
2026-08-07 03:44:55 [INFO]: MongoDB connected successfully.
2026-08-07 03:44:58 [INFO]: Email server connected successfully.
2026-08-07 03:44:58 [INFO]: Server is running on port 5132.
2026-08-07 03:45:12 [INFO]: MongoDB connected successfully.
2026-08-07 03:45:14 [INFO]: Email server connected successfully.
2026-08-07 03:45:14 [INFO]: Server is running on port 5132.
2026-08-07 03:45:25 [INFO]: MongoDB connected successfully.
2026-08-07 03:45:28 [INFO]: Email server connected successfully.
2026-08-07 03:45:28 [INFO]: Server is running on port 5132.
2026-08-07 03:45:41 [INFO]: MongoDB connected successfully.
2026-08-07 03:45:44 [INFO]: Email server connected successfully.
2026-08-07 03:45:44 [INFO]: Server is running on port 5132.
2026-08-07 03:46:02 [INFO]: MongoDB connected successfully.
2026-08-07 03:46:04 [INFO]: MongoDB connected successfully.
2026-08-07 03:46:06 [INFO]: MongoDB connected successfully.
2026-08-07 03:46:09 [INFO]: MongoDB connected successfully.
2026-08-07 03:46:12 [INFO]: Email server connected successfully.
2026-08-07 03:46:12 [INFO]: Server is running on port 5132.
2026-08-07 03:46:46 [INFO]: MongoDB connected successfully.
2026-08-07 03:46:49 [INFO]: Email server connected successfully.
2026-08-07 03:46:49 [INFO]: Server is running on port 5132.
2026-08-07 03:46:52 [INFO]: MongoDB connected successfully.
2026-08-07 03:46:55 [INFO]: Email server connected successfully.
2026-08-07 03:46:55 [INFO]: Server is running on port 5132.
2026-08-07 03:46:57 [INFO]: MongoDB connected successfully.
2026-08-07 03:47:00 [INFO]: Email server connected successfully.
2026-08-07 03:47:00 [INFO]: Server is running on port 5132.
2026-08-07 03:47:02 [INFO]: MongoDB connected successfully.
2026-08-07 03:47:05 [INFO]: Email server connected successfully.
2026-08-07 03:47:05 [INFO]: Server is running on port 5132.
2026-08-07 03:47:07 [INFO]: MongoDB connected successfully.
2026-08-07 03:47:10 [INFO]: Email server connected successfully.
2026-08-07 03:47:10 [INFO]: Server is running on port 5132.
2026-08-07 03:47:18 [INFO]: MongoDB connected successfully.
2026-08-07 03:47:20 [INFO]: Email server connected successfully.
2026-08-07 03:47:20 [INFO]: Server is running on port 5132.
2026-08-07 03:47:21 [INFO]: [0mGET / [36m304[0m 83.470 ms - -[0m
2026-08-07 03:47:21 [INFO]: [0mGET /css/style.css [36m304[0m 0.947 ms - -[0m
2026-08-07 03:47:21 [INFO]: [0mGET /images/logo/plantora.png [36m304[0m 0.285 ms - -[0m
2026-08-07 03:47:21 [INFO]: [0mGET /images/hero/hero-placeholder.png [36m304[0m 0.872 ms - -[0m
2026-08-07 03:47:21 [INFO]: [0mGET /images/hero/monstera-plant.jpg [36m304[0m 1.100 ms - -[0m
2026-08-07 03:47:21 [INFO]: [0mGET /js/header.js [36m304[0m 3.040 ms - -[0m
2026-08-07 03:47:21 [INFO]: [0mGET /js/featured.js [36m304[0m 1.455 ms - -[0m
2026-08-07 03:47:21 [INFO]: [0mGET /js/why-choose.js [36m304[0m 1.641 ms - -[0m
2026-08-07 03:47:21 [INFO]: [0mGET /css/variables.css [36m304[0m 0.595 ms - -[0m
2026-08-07 03:47:21 [INFO]: [0mGET /css/utilities.css [36m304[0m 0.955 ms - -[0m
2026-08-07 03:47:21 [INFO]: [0mGET /css/animations.css [36m304[0m 1.851 ms - -[0m
2026-08-07 03:47:21 [INFO]: [0mGET /css/announcement.css [36m304[0m 1.408 ms - -[0m
2026-08-07 03:47:21 [INFO]: [0mGET /css/header.css [36m304[0m 1.030 ms - -[0m
2026-08-07 03:47:21 [INFO]: [0mGET /css/hero.css [36m304[0m 1.436 ms - -[0m
2026-08-07 03:47:21 [INFO]: [0mGET /css/featured.css [36m304[0m 1.663 ms - -[0m
2026-08-07 03:47:21 [INFO]: [0mGET /css/why-choose.css [36m304[0m 1.996 ms - -[0m
2026-08-07 03:47:21 [INFO]: [0mGET /css/footer.css [36m304[0m 2.276 ms - -[0m
2026-08-07 03:47:21 [INFO]: [0mGET /css/auth.css [36m304[0m 0.856 ms - -[0m
2026-08-07 03:47:21 [INFO]: [0mGET /css/verify.css [36m304[0m 0.509 ms - -[0m
2026-08-07 03:47:21 [INFO]: [0mGET /js/notification.js [36m304[0m 0.243 ms - -[0m
2026-08-07 03:47:21 [INFO]: [0mGET /js/footer.js [36m304[0m 0.400 ms - -[0m
2026-08-07 03:47:21 [INFO]: [0mGET /js/auth.js [36m304[0m 0.237 ms - -[0m
2026-08-07 03:47:21 [INFO]: [0mGET /images/hero/snake-plant.jpg [36m304[0m 0.478 ms - -[0m
2026-08-07 03:47:21 [INFO]: [0mGET /images/hero/peace-lily.jpg [36m304[0m 0.689 ms - -[0m
2026-08-07 03:47:21 [INFO]: [0mGET /images/hero/tulip-plant.jpg [36m304[0m 0.495 ms - -[0m
2026-08-07 03:47:21 [INFO]: [0mGET /images/hero/rubber-plant.jpg [36m304[0m 0.830 ms - -[0m
2026-08-07 03:47:21 [INFO]: [0mGET /images/hero/aloe-vera.jpg [36m304[0m 0.608 ms - -[0m
2026-08-07 03:47:21 [INFO]: [0mGET /images/hero/areca-palm.jpg [36m304[0m 0.313 ms - -[0m
2026-08-07 03:47:21 [INFO]: [0mGET /images/hero/jade-plant.jpg [36m304[0m 0.236 ms - -[0m
2026-08-07 03:47:21 [INFO]: [0mGET /images/hero/golden-pothos.jpg [36m304[0m 0.174 ms - -[0m
2026-08-07 03:47:21 [INFO]: [0mGET /images/hero/fiddle-leaf-fig.jpg [36m304[0m 0.322 ms - -[0m
2026-08-07 03:47:21 [INFO]: [0mGET /images/hero/why-choose.jpg [36m304[0m 0.242 ms - -[0m
2026-08-07 03:47:21 [INFO]: [0mGET /images/logo/plantora-orgn-white.png [36m304[0m 0.503 ms - -[0m
2026-08-07 03:47:23 [INFO]: [0mGET /admin/dashboard [36m304[0m 109.364 ms - -[0m
2026-08-07 03:47:23 [INFO]: [0mGET /css/style.css [36m304[0m 0.210 ms - -[0m
2026-08-07 03:47:23 [INFO]: [0mGET /css/admin/layout.css [36m304[0m 0.286 ms - -[0m
2026-08-07 03:47:23 [INFO]: [0mGET /css/admin/users.css [36m304[0m 0.499 ms - -[0m
2026-08-07 03:47:23 [INFO]: [0mGET /css/admin/products.css [36m304[0m 0.189 ms - -[0m
2026-08-07 03:47:23 [INFO]: [0mGET /css/header.css [36m304[0m 0.668 ms - -[0m
2026-08-07 03:47:23 [INFO]: [0mGET /images/logo/plantora.png [36m304[0m 0.773 ms - -[0m
2026-08-07 03:47:23 [INFO]: [0mGET /js/admin/layout.js [36m304[0m 0.654 ms - -[0m
2026-08-07 03:47:23 [INFO]: [0mGET /js/admin/users.js [36m304[0m 1.419 ms - -[0m
2026-08-07 03:47:23 [INFO]: [0mGET /js/admin/products.js [36m304[0m 1.063 ms - -[0m
2026-08-07 03:47:23 [INFO]: [0mGET /js/header.js [36m304[0m 1.464 ms - -[0m
2026-08-07 03:47:23 [INFO]: [0mGET /css/variables.css [36m304[0m 1.524 ms - -[0m
2026-08-07 03:47:23 [INFO]: [0mGET /js/notification.js [36m304[0m 1.717 ms - -[0m
2026-08-07 03:47:23 [INFO]: [0mGET /css/utilities.css [36m304[0m 2.156 ms - -[0m
2026-08-07 03:47:23 [INFO]: [0mGET /css/animations.css [36m304[0m 3.159 ms - -[0m
2026-08-07 03:47:23 [INFO]: [0mGET /css/announcement.css [36m304[0m 1.508 ms - -[0m
2026-08-07 03:47:23 [INFO]: [0mGET /css/hero.css [36m304[0m 1.704 ms - -[0m
2026-08-07 03:47:23 [INFO]: [0mGET /css/featured.css [36m304[0m 0.883 ms - -[0m
2026-08-07 03:47:23 [INFO]: [0mGET /css/why-choose.css [36m304[0m 1.431 ms - -[0m
2026-08-07 03:47:23 [INFO]: [0mGET /css/footer.css [36m304[0m 0.683 ms - -[0m
2026-08-07 03:47:23 [INFO]: [0mGET /css/auth.css [36m304[0m 1.007 ms - -[0m
2026-08-07 03:47:23 [INFO]: [0mGET /css/verify.css [36m304[0m 1.263 ms - -[0m
2026-08-07 03:47:25 [ERROR]: Error: Failed to lookup view "/admin/products/index" in views directory "E:\Webskitters_Academy\NODE JS\final_project_node\plantora_final_project_node_ejs\views"
    at app.render (E:\Webskitters_Academy\NODE JS\final_project_node\plantora_final_project_node_ejs\node_modules\express\lib\application.js:562:17)
    at ServerResponse.render (E:\Webskitters_Academy\NODE JS\final_project_node\plantora_final_project_node_ejs\node_modules\express\lib\response.js:923:7)
    at showProductsPage (E:\Webskitters_Academy\NODE JS\final_project_node\plantora_final_project_node_ejs\app\controllers\ProductController.js:243:18)
    at process.processTicksAndRejections (node:internal/process/task_queues:103:5)
2026-08-07 03:47:25 [INFO]: [0mGET /admin/products [31m500[0m 153.463 ms - 222[0m
2026-08-07 03:47:42 [INFO]: MongoDB connected successfully.
2026-08-07 03:47:45 [INFO]: Email server connected successfully.
2026-08-07 03:47:45 [INFO]: Server is running on port 5132.
2026-08-07 03:47:47 [INFO]: MongoDB connected successfully.
2026-08-07 03:47:50 [INFO]: Email server connected successfully.
2026-08-07 03:47:50 [INFO]: Server is running on port 5132.
2026-08-07 03:47:55 [INFO]: MongoDB connected successfully.
2026-08-07 03:47:59 [INFO]: MongoDB connected successfully.
2026-08-07 03:48:02 [INFO]: MongoDB connected successfully.
2026-08-07 03:48:06 [INFO]: MongoDB connected successfully.
2026-08-07 03:48:08 [INFO]: MongoDB connected successfully.
2026-08-07 03:48:13 [INFO]: MongoDB connected successfully.
2026-08-07 03:48:18 [INFO]: MongoDB connected successfully.
2026-08-07 03:48:22 [INFO]: MongoDB connected successfully.
2026-08-07 03:48:25 [INFO]: Email server connected successfully.
2026-08-07 03:48:25 [INFO]: Server is running on port 5132.
2026-08-07 03:48:27 [INFO]: MongoDB connected successfully.
2026-08-07 03:48:30 [INFO]: Email server connected successfully.
2026-08-07 03:48:30 [INFO]: Server is running on port 5132.
2026-08-07 03:48:34 [INFO]: MongoDB connected successfully.
2026-08-07 03:48:37 [INFO]: Email server connected successfully.
2026-08-07 03:48:37 [INFO]: Server is running on port 5132.
2026-08-07 03:48:52 [INFO]: MongoDB connected successfully.
2026-08-07 03:48:55 [INFO]: Email server connected successfully.
2026-08-07 03:48:55 [INFO]: Server is running on port 5132.
2026-08-07 03:48:56 [INFO]: [0mGET /admin/users/trash [0m-[0m - ms - -[0m
2026-08-07 03:48:57 [INFO]: [0mGET /admin/users/trash [32m200[0m 188.022 ms - -[0m
2026-08-07 03:48:57 [INFO]: [0mGET /css/style.css [36m304[0m 2.232 ms - -[0m
2026-08-07 03:48:57 [INFO]: [0mGET /css/admin/layout.css [36m304[0m 2.467 ms - -[0m
2026-08-07 03:48:57 [INFO]: [0mGET /css/admin/products.css [36m304[0m 1.068 ms - -[0m
2026-08-07 03:48:57 [INFO]: [0mGET /css/header.css [36m304[0m 1.285 ms - -[0m
2026-08-07 03:48:57 [INFO]: [0mGET /css/admin/users.css [36m304[0m 1.472 ms - -[0m
2026-08-07 03:48:57 [INFO]: [0mGET /images/logo/plantora.png [36m304[0m 0.335 ms - -[0m
2026-08-07 03:48:57 [INFO]: [0mGET /js/admin/layout.js [36m304[0m 0.605 ms - -[0m
2026-08-07 03:48:57 [INFO]: [0mGET /js/admin/users.js [36m304[0m 1.092 ms - -[0m
2026-08-07 03:48:57 [INFO]: [0mGET /js/admin/products.js [36m304[0m 1.453 ms - -[0m
2026-08-07 03:48:57 [INFO]: [0mGET /js/header.js [36m304[0m 1.755 ms - -[0m
2026-08-07 03:48:57 [INFO]: [0mGET /js/notification.js [36m304[0m 0.515 ms - -[0m
2026-08-07 03:48:57 [INFO]: [0mGET /css/variables.css [36m304[0m 0.750 ms - -[0m
2026-08-07 03:48:57 [INFO]: [0mGET /css/utilities.css [36m304[0m 0.460 ms - -[0m
2026-08-07 03:48:57 [INFO]: [0mGET /css/animations.css [36m304[0m 0.623 ms - -[0m
2026-08-07 03:48:57 [INFO]: [0mGET /css/announcement.css [36m304[0m 0.814 ms - -[0m
2026-08-07 03:48:57 [INFO]: [0mGET /css/hero.css [36m304[0m 1.039 ms - -[0m
2026-08-07 03:48:57 [INFO]: [0mGET /css/featured.css [36m304[0m 0.326 ms - -[0m
2026-08-07 03:48:57 [INFO]: [0mGET /css/why-choose.css [36m304[0m 0.426 ms - -[0m
2026-08-07 03:48:57 [INFO]: [0mGET /css/footer.css [36m304[0m 0.377 ms - -[0m
2026-08-07 03:48:57 [INFO]: [0mGET /css/auth.css [36m304[0m 0.716 ms - -[0m
2026-08-07 03:48:57 [INFO]: [0mGET /css/verify.css [36m304[0m 1.359 ms - -[0m
2026-08-07 03:49:01 [INFO]: [0mGET /admin/users/trash [36m304[0m 191.992 ms - -[0m
2026-08-07 03:49:01 [INFO]: [0mGET /css/style.css [36m304[0m 0.282 ms - -[0m
2026-08-07 03:49:01 [INFO]: [0mGET /css/admin/layout.css [36m304[0m 1.200 ms - -[0m
2026-08-07 03:49:01 [INFO]: [0mGET /css/admin/users.css [36m304[0m 1.554 ms - -[0m
2026-08-07 03:49:01 [INFO]: [0mGET /css/admin/products.css [36m304[0m 1.547 ms - -[0m
2026-08-07 03:49:01 [INFO]: [0mGET /css/header.css [36m304[0m 1.763 ms - -[0m
2026-08-07 03:49:01 [INFO]: [0mGET /images/logo/plantora.png [36m304[0m 2.232 ms - -[0m
2026-08-07 03:49:01 [INFO]: [0mGET /js/admin/layout.js [36m304[0m 0.165 ms - -[0m
2026-08-07 03:49:01 [INFO]: [0mGET /js/admin/users.js [36m304[0m 0.340 ms - -[0m
2026-08-07 03:49:01 [INFO]: [0mGET /js/admin/products.js [36m304[0m 0.739 ms - -[0m
2026-08-07 03:49:01 [INFO]: [0mGET /js/header.js [36m304[0m 1.004 ms - -[0m
2026-08-07 03:49:01 [INFO]: [0mGET /js/notification.js [36m304[0m 0.169 ms - -[0m
2026-08-07 03:49:01 [INFO]: [0mGET /css/variables.css [36m304[0m 0.942 ms - -[0m
2026-08-07 03:49:01 [INFO]: [0mGET /css/utilities.css [36m304[0m 1.157 ms - -[0m
2026-08-07 03:49:01 [INFO]: [0mGET /css/animations.css [36m304[0m 1.318 ms - -[0m
2026-08-07 03:49:01 [INFO]: [0mGET /css/announcement.css [36m304[0m 1.408 ms - -[0m
2026-08-07 03:49:01 [INFO]: [0mGET /css/hero.css [36m304[0m 1.450 ms - -[0m
2026-08-07 03:49:01 [INFO]: [0mGET /css/featured.css [36m304[0m 0.634 ms - -[0m
2026-08-07 03:49:01 [INFO]: [0mGET /css/why-choose.css [36m304[0m 0.845 ms - -[0m
2026-08-07 03:49:01 [INFO]: [0mGET /css/footer.css [36m304[0m 1.141 ms - -[0m
2026-08-07 03:49:01 [INFO]: [0mGET /css/auth.css [36m304[0m 1.453 ms - -[0m
2026-08-07 03:49:01 [INFO]: [0mGET /css/verify.css [36m304[0m 0.496 ms - -[0m
2026-08-07 03:49:02 [INFO]: [0mGET /admin/users/trash [36m304[0m 186.840 ms - -[0m
2026-08-07 03:49:02 [INFO]: [0mGET /css/style.css [36m304[0m 1.194 ms - -[0m
2026-08-07 03:49:02 [INFO]: [0mGET /css/admin/layout.css [36m304[0m 1.375 ms - -[0m
2026-08-07 03:49:02 [INFO]: [0mGET /css/admin/users.css [36m304[0m 1.706 ms - -[0m
2026-08-07 03:49:02 [INFO]: [0mGET /css/admin/products.css [36m304[0m 2.160 ms - -[0m
2026-08-07 03:49:02 [INFO]: [0mGET /css/header.css [36m304[0m 2.787 ms - -[0m
2026-08-07 03:49:02 [INFO]: [0mGET /images/logo/plantora.png [36m304[0m 3.571 ms - -[0m
2026-08-07 03:49:02 [INFO]: [0mGET /js/admin/layout.js [36m304[0m 0.520 ms - -[0m
2026-08-07 03:49:02 [INFO]: [0mGET /js/admin/users.js [36m304[0m 0.546 ms - -[0m
2026-08-07 03:49:02 [INFO]: [0mGET /js/admin/products.js [36m304[0m 0.281 ms - -[0m
2026-08-07 03:49:02 [INFO]: [0mGET /js/header.js [36m304[0m 0.602 ms - -[0m
2026-08-07 03:49:02 [INFO]: [0mGET /js/notification.js [36m304[0m 0.524 ms - -[0m
2026-08-07 03:49:02 [INFO]: [0mGET /css/variables.css [36m304[0m 0.252 ms - -[0m
2026-08-07 03:49:02 [INFO]: [0mGET /css/utilities.css [36m304[0m 0.201 ms - -[0m
2026-08-07 03:49:02 [INFO]: [0mGET /css/animations.css [36m304[0m 0.821 ms - -[0m
2026-08-07 03:49:02 [INFO]: [0mGET /css/announcement.css [36m304[0m 1.099 ms - -[0m
2026-08-07 03:49:02 [INFO]: [0mGET /css/hero.css [36m304[0m 1.400 ms - -[0m
2026-08-07 03:49:02 [INFO]: [0mGET /css/featured.css [36m304[0m 1.606 ms - -[0m
2026-08-07 03:49:02 [INFO]: [0mGET /css/why-choose.css [36m304[0m 1.657 ms - -[0m
2026-08-07 03:49:02 [INFO]: [0mGET /css/footer.css [36m304[0m 0.358 ms - -[0m
2026-08-07 03:49:02 [INFO]: [0mGET /css/auth.css [36m304[0m 0.667 ms - -[0m
2026-08-07 03:49:02 [INFO]: [0mGET /css/verify.css [36m304[0m 0.930 ms - -[0m
2026-08-07 03:49:03 [INFO]: [0mGET /admin/users [36m304[0m 178.451 ms - -[0m
2026-08-07 03:49:03 [INFO]: [0mGET /css/style.css [36m304[0m 0.559 ms - -[0m
2026-08-07 03:49:03 [INFO]: [0mGET /css/admin/layout.css [36m304[0m 0.894 ms - -[0m
2026-08-07 03:49:03 [INFO]: [0mGET /css/admin/users.css [36m304[0m 1.251 ms - -[0m
2026-08-07 03:49:03 [INFO]: [0mGET /css/admin/products.css [36m304[0m 1.782 ms - -[0m
2026-08-07 03:49:03 [INFO]: [0mGET /css/header.css [36m304[0m 0.489 ms - -[0m
2026-08-07 03:49:03 [INFO]: [0mGET /images/logo/plantora.png [36m304[0m 0.559 ms - -[0m
2026-08-07 03:49:03 [INFO]: [0mGET /js/admin/layout.js [36m304[0m 0.694 ms - -[0m
2026-08-07 03:49:03 [INFO]: [0mGET /js/admin/users.js [36m304[0m 0.754 ms - -[0m
2026-08-07 03:49:03 [INFO]: [0mGET /js/admin/products.js [36m304[0m 1.021 ms - -[0m
2026-08-07 03:49:03 [INFO]: [0mGET /js/header.js [36m304[0m 1.169 ms - -[0m
2026-08-07 03:49:03 [INFO]: [0mGET /js/notification.js [36m304[0m 1.349 ms - -[0m
2026-08-07 03:49:03 [INFO]: [0mGET /css/variables.css [36m304[0m 0.349 ms - -[0m
2026-08-07 03:49:03 [INFO]: [0mGET /css/utilities.css [36m304[0m 0.586 ms - -[0m
2026-08-07 03:49:03 [INFO]: [0mGET /css/animations.css [36m304[0m 0.939 ms - -[0m
2026-08-07 03:49:03 [INFO]: [0mGET /css/announcement.css [36m304[0m 1.554 ms - -[0m
2026-08-07 03:49:03 [INFO]: [0mGET /css/hero.css [36m304[0m 0.704 ms - -[0m
2026-08-07 03:49:03 [INFO]: [0mGET /css/featured.css [36m304[0m 0.830 ms - -[0m
2026-08-07 03:49:03 [INFO]: [0mGET /css/why-choose.css [36m304[0m 0.904 ms - -[0m
2026-08-07 03:49:03 [INFO]: [0mGET /css/footer.css [36m304[0m 1.025 ms - -[0m
2026-08-07 03:49:03 [INFO]: [0mGET /css/auth.css [36m304[0m 0.795 ms - -[0m
2026-08-07 03:49:03 [INFO]: [0mGET /css/verify.css [36m304[0m 0.168 ms - -[0m
2026-08-07 03:49:06 [INFO]: [0mGET /admin/products [32m200[0m 161.696 ms - -[0m
2026-08-07 03:49:06 [INFO]: [0mGET /css/style.css [36m304[0m 0.361 ms - -[0m
2026-08-07 03:49:06 [INFO]: [0mGET /css/admin/layout.css [36m304[0m 0.402 ms - -[0m
2026-08-07 03:49:06 [INFO]: [0mGET /css/admin/users.css [36m304[0m 0.535 ms - -[0m
2026-08-07 03:49:06 [INFO]: [0mGET /css/admin/products.css [36m304[0m 0.761 ms - -[0m
2026-08-07 03:49:06 [INFO]: [0mGET /css/header.css [36m304[0m 0.962 ms - -[0m
2026-08-07 03:49:06 [INFO]: [0mGET /images/logo/plantora.png [36m304[0m 1.492 ms - -[0m
2026-08-07 03:49:06 [INFO]: [0mGET /js/admin/layout.js [36m304[0m 0.220 ms - -[0m
2026-08-07 03:49:06 [INFO]: [0mGET /js/admin/users.js [36m304[0m 0.215 ms - -[0m
2026-08-07 03:49:06 [INFO]: [0mGET /js/admin/products.js [36m304[0m 0.261 ms - -[0m
2026-08-07 03:49:06 [INFO]: [0mGET /js/header.js [36m304[0m 0.426 ms - -[0m
2026-08-07 03:49:06 [INFO]: [0mGET /css/variables.css [36m304[0m 0.776 ms - -[0m
2026-08-07 03:49:06 [INFO]: [0mGET /js/notification.js [36m304[0m 0.479 ms - -[0m
2026-08-07 03:49:06 [INFO]: [0mGET /css/utilities.css [36m304[0m 0.529 ms - -[0m
2026-08-07 03:49:06 [INFO]: [0mGET /css/animations.css [36m304[0m 1.036 ms - -[0m
2026-08-07 03:49:06 [INFO]: [0mGET /css/announcement.css [36m304[0m 0.691 ms - -[0m
2026-08-07 03:49:06 [INFO]: [0mGET /css/hero.css [36m304[0m 0.815 ms - -[0m
2026-08-07 03:49:06 [INFO]: [0mGET /css/featured.css [36m304[0m 0.373 ms - -[0m
2026-08-07 03:49:06 [INFO]: [0mGET /css/why-choose.css [36m304[0m 0.568 ms - -[0m
2026-08-07 03:49:06 [INFO]: [0mGET /css/footer.css [36m304[0m 0.953 ms - -[0m
2026-08-07 03:49:06 [INFO]: [0mGET /css/auth.css [36m304[0m 0.403 ms - -[0m
2026-08-07 03:49:06 [INFO]: [0mGET /css/verify.css [36m304[0m 0.531 ms - -[0m
2026-08-07 03:49:09 [INFO]: [0mGET /admin/products/trash [32m200[0m 170.153 ms - -[0m
2026-08-07 03:49:09 [INFO]: [0mGET /css/style.css [36m304[0m 0.207 ms - -[0m
2026-08-07 03:49:09 [INFO]: [0mGET /css/admin/layout.css [36m304[0m 0.415 ms - -[0m
2026-08-07 03:49:09 [INFO]: [0mGET /css/admin/users.css [36m304[0m 0.885 ms - -[0m
2026-08-07 03:49:09 [INFO]: [0mGET /css/admin/products.css [36m304[0m 1.341 ms - -[0m
2026-08-07 03:49:09 [INFO]: [0mGET /css/header.css [36m304[0m 0.422 ms - -[0m
2026-08-07 03:49:09 [INFO]: [0mGET /images/logo/plantora.png [36m304[0m 0.710 ms - -[0m
2026-08-07 03:49:09 [INFO]: [0mGET /js/admin/layout.js [36m304[0m 0.150 ms - -[0m
2026-08-07 03:49:09 [INFO]: [0mGET /js/admin/users.js [36m304[0m 0.329 ms - -[0m
2026-08-07 03:49:09 [INFO]: [0mGET /js/admin/products.js [36m304[0m 0.486 ms - -[0m
2026-08-07 03:49:09 [INFO]: [0mGET /js/header.js [36m304[0m 0.618 ms - -[0m
2026-08-07 03:49:09 [INFO]: [0mGET /js/notification.js [36m304[0m 0.733 ms - -[0m
2026-08-07 03:49:09 [INFO]: [0mGET /css/variables.css [36m304[0m 0.250 ms - -[0m
2026-08-07 03:49:09 [INFO]: [0mGET /css/utilities.css [36m304[0m 0.422 ms - -[0m
2026-08-07 03:49:09 [INFO]: [0mGET /css/animations.css [36m304[0m 0.590 ms - -[0m
2026-08-07 03:49:09 [INFO]: [0mGET /css/announcement.css [36m304[0m 0.288 ms - -[0m
2026-08-07 03:49:09 [INFO]: [0mGET /css/hero.css [36m304[0m 0.467 ms - -[0m
2026-08-07 03:49:09 [INFO]: [0mGET /css/featured.css [36m304[0m 0.864 ms - -[0m
2026-08-07 03:49:09 [INFO]: [0mGET /css/why-choose.css [36m304[0m 0.711 ms - -[0m
2026-08-07 03:49:09 [INFO]: [0mGET /css/footer.css [36m304[0m 0.639 ms - -[0m
2026-08-07 03:49:09 [INFO]: [0mGET /css/auth.css [36m304[0m 0.852 ms - -[0m
2026-08-07 03:49:09 [INFO]: [0mGET /css/verify.css [36m304[0m 0.471 ms - -[0m
2026-08-07 03:49:15 [INFO]: [0mGET /products [33m404[0m 74.833 ms - 72[0m
2026-08-07 03:49:22 [INFO]: [0mGET /admin/products [36m304[0m 153.828 ms - -[0m
2026-08-07 03:49:22 [INFO]: [0mGET /css/style.css [36m304[0m 0.410 ms - -[0m
2026-08-07 03:49:22 [INFO]: [0mGET /css/admin/layout.css [36m304[0m 0.791 ms - -[0m
2026-08-07 03:49:22 [INFO]: [0mGET /css/admin/users.css [36m304[0m 1.813 ms - -[0m
2026-08-07 03:49:22 [INFO]: [0mGET /css/admin/products.css [36m304[0m 0.846 ms - -[0m
2026-08-07 03:49:22 [INFO]: [0mGET /css/header.css [36m304[0m 1.064 ms - -[0m
2026-08-07 03:49:22 [INFO]: [0mGET /images/logo/plantora.png [36m304[0m 1.475 ms - -[0m
2026-08-07 03:49:22 [INFO]: [0mGET /js/admin/layout.js [36m304[0m 0.358 ms - -[0m
2026-08-07 03:49:22 [INFO]: [0mGET /js/admin/users.js [36m304[0m 0.308 ms - -[0m
2026-08-07 03:49:22 [INFO]: [0mGET /js/admin/products.js [36m304[0m 0.944 ms - -[0m
2026-08-07 03:49:22 [INFO]: [0mGET /js/header.js [36m304[0m 0.845 ms - -[0m
2026-08-07 03:49:22 [INFO]: [0mGET /js/notification.js [36m304[0m 0.959 ms - -[0m
2026-08-07 03:49:22 [INFO]: [0mGET /css/utilities.css [36m304[0m 1.193 ms - -[0m
2026-08-07 03:49:22 [INFO]: [0mGET /css/variables.css [36m304[0m 1.757 ms - -[0m
2026-08-07 03:49:22 [INFO]: [0mGET /css/animations.css [36m304[0m 1.044 ms - -[0m
2026-08-07 03:49:22 [INFO]: [0mGET /css/announcement.css [36m304[0m 1.287 ms - -[0m
2026-08-07 03:49:22 [INFO]: [0mGET /css/hero.css [36m304[0m 0.594 ms - -[0m
2026-08-07 03:49:22 [INFO]: [0mGET /css/featured.css [36m304[0m 0.875 ms - -[0m
2026-08-07 03:49:22 [INFO]: [0mGET /css/why-choose.css [36m304[0m 1.348 ms - -[0m
2026-08-07 03:49:22 [INFO]: [0mGET /css/footer.css [36m304[0m 0.491 ms - -[0m
2026-08-07 03:49:22 [INFO]: [0mGET /css/auth.css [36m304[0m 0.341 ms - -[0m
2026-08-07 03:49:22 [INFO]: [0mGET /css/verify.css [36m304[0m 0.531 ms - -[0m
2026-08-07 03:49:24 [INFO]: [0mGET /products/create [33m404[0m 80.731 ms - 79[0m
2026-08-07 03:50:06 [INFO]: [0mGET /products/create [33m404[0m 80.330 ms - 79[0m
2026-08-07 04:02:22 [INFO]: [0mGET /admin/products [33m401[0m 1.099 ms - 55[0m
2026-08-07 04:02:25 [INFO]: [0mGET / [32m200[0m 13.187 ms - -[0m
2026-08-07 04:02:25 [INFO]: [0mGET /css/style.css [36m304[0m 1.115 ms - -[0m
2026-08-07 04:02:25 [INFO]: [0mGET /images/logo/plantora.png [36m304[0m 1.244 ms - -[0m
2026-08-07 04:02:25 [INFO]: [0mGET /images/hero/hero-placeholder.png [36m304[0m 1.189 ms - -[0m
2026-08-07 04:02:25 [INFO]: [0mGET /images/hero/monstera-plant.jpg [36m304[0m 0.785 ms - -[0m
2026-08-07 04:02:25 [INFO]: [0mGET /images/hero/snake-plant.jpg [36m304[0m 0.934 ms - -[0m
2026-08-07 04:02:25 [INFO]: [0mGET /images/hero/peace-lily.jpg [36m304[0m 1.153 ms - -[0m
2026-08-07 04:02:25 [INFO]: [0mGET /js/header.js [36m304[0m 0.315 ms - -[0m
2026-08-07 04:02:25 [INFO]: [0mGET /css/variables.css [36m304[0m 0.266 ms - -[0m
2026-08-07 04:02:25 [INFO]: [0mGET /css/utilities.css [36m304[0m 0.583 ms - -[0m
2026-08-07 04:02:25 [INFO]: [0mGET /css/animations.css [36m304[0m 0.931 ms - -[0m
2026-08-07 04:02:25 [INFO]: [0mGET /css/announcement.css [36m304[0m 1.281 ms - -[0m
2026-08-07 04:02:25 [INFO]: [0mGET /css/header.css [36m304[0m 0.735 ms - -[0m
2026-08-07 04:02:25 [INFO]: [0mGET /css/hero.css [36m304[0m 0.990 ms - -[0m
2026-08-07 04:02:25 [INFO]: [0mGET /css/featured.css [36m304[0m 1.124 ms - -[0m
2026-08-07 04:02:25 [INFO]: [0mGET /css/why-choose.css [36m304[0m 0.778 ms - -[0m
2026-08-07 04:02:25 [INFO]: [0mGET /css/footer.css [36m304[0m 1.127 ms - -[0m
2026-08-07 04:02:25 [INFO]: [0mGET /css/auth.css [36m304[0m 1.316 ms - -[0m
2026-08-07 04:02:25 [INFO]: [0mGET /css/verify.css [36m304[0m 0.335 ms - -[0m
2026-08-07 04:02:25 [INFO]: [0mGET /js/featured.js [36m304[0m 0.774 ms - -[0m
2026-08-07 04:02:25 [INFO]: [0mGET /js/why-choose.js [36m304[0m 1.027 ms - -[0m
2026-08-07 04:02:25 [INFO]: [0mGET /js/notification.js [36m304[0m 1.236 ms - -[0m
2026-08-07 04:02:25 [INFO]: [0mGET /js/footer.js [36m304[0m 1.390 ms - -[0m
2026-08-07 04:02:25 [INFO]: [0mGET /js/auth.js [36m304[0m 0.271 ms - -[0m
2026-08-07 04:02:25 [INFO]: [0mGET /images/hero/tulip-plant.jpg [36m304[0m 0.356 ms - -[0m
2026-08-07 04:02:25 [INFO]: [0mGET /images/hero/rubber-plant.jpg [36m304[0m 0.522 ms - -[0m
2026-08-07 04:02:25 [INFO]: [0mGET /images/hero/aloe-vera.jpg [36m304[0m 0.340 ms - -[0m
2026-08-07 04:02:25 [INFO]: [0mGET /images/hero/areca-palm.jpg [36m304[0m 0.534 ms - -[0m
2026-08-07 04:02:25 [INFO]: [0mGET /images/hero/jade-plant.jpg [36m304[0m 0.284 ms - -[0m
2026-08-07 04:02:25 [INFO]: [0mGET /images/hero/golden-pothos.jpg [36m304[0m 0.444 ms - -[0m
2026-08-07 04:02:25 [INFO]: [0mGET /images/hero/fiddle-leaf-fig.jpg [36m304[0m 0.336 ms - -[0m
2026-08-07 04:02:25 [INFO]: [0mGET /images/hero/why-choose.jpg [36m304[0m 0.287 ms - -[0m
2026-08-07 04:02:25 [INFO]: [0mGET /images/logo/plantora-orgn-white.png [36m304[0m 0.358 ms - -[0m
2026-08-07 04:02:28 [INFO]: Login successful : admin-plantora@yopmail.com
2026-08-07 04:02:28 [INFO]: [0mPOST /auth/login [32m200[0m 550.227 ms - 46[0m
2026-08-07 04:02:29 [INFO]: [0mGET / [32m200[0m 82.324 ms - -[0m
2026-08-07 04:02:29 [INFO]: [0mGET /css/style.css [36m304[0m 0.498 ms - -[0m
2026-08-07 04:02:29 [INFO]: [0mGET /images/logo/plantora.png [36m304[0m 0.695 ms - -[0m
2026-08-07 04:02:29 [INFO]: [0mGET /images/hero/hero-placeholder.png [36m304[0m 0.892 ms - -[0m
2026-08-07 04:02:29 [INFO]: [0mGET /images/hero/monstera-plant.jpg [36m304[0m 0.182 ms - -[0m
2026-08-07 04:02:29 [INFO]: [0mGET /css/variables.css [36m304[0m 0.873 ms - -[0m
2026-08-07 04:02:29 [INFO]: [0mGET /css/utilities.css [36m304[0m 1.076 ms - -[0m
2026-08-07 04:02:29 [INFO]: [0mGET /js/header.js [36m304[0m 1.334 ms - -[0m
2026-08-07 04:02:29 [INFO]: [0mGET /js/featured.js [36m304[0m 1.545 ms - -[0m
2026-08-07 04:02:29 [INFO]: [0mGET /js/why-choose.js [36m304[0m 1.738 ms - -[0m
2026-08-07 04:02:29 [INFO]: [0mGET /js/notification.js [36m304[0m 1.912 ms - -[0m
2026-08-07 04:02:29 [INFO]: [0mGET /css/animations.css [36m304[0m 0.619 ms - -[0m
2026-08-07 04:02:29 [INFO]: [0mGET /css/announcement.css [36m304[0m 0.777 ms - -[0m
2026-08-07 04:02:29 [INFO]: [0mGET /css/header.css [36m304[0m 0.899 ms - -[0m
2026-08-07 04:02:29 [INFO]: [0mGET /css/hero.css [36m304[0m 1.415 ms - -[0m
2026-08-07 04:02:29 [INFO]: [0mGET /css/featured.css [36m304[0m 0.605 ms - -[0m
2026-08-07 04:02:29 [INFO]: [0mGET /css/why-choose.css [36m304[0m 0.991 ms - -[0m
2026-08-07 04:02:29 [INFO]: [0mGET /css/footer.css [36m304[0m 0.675 ms - -[0m
2026-08-07 04:02:29 [INFO]: [0mGET /css/auth.css [36m304[0m 0.831 ms - -[0m
2026-08-07 04:02:29 [INFO]: [0mGET /css/verify.css [36m304[0m 1.058 ms - -[0m
2026-08-07 04:02:29 [INFO]: [0mGET /js/footer.js [36m304[0m 0.242 ms - -[0m
2026-08-07 04:02:29 [INFO]: [0mGET /js/auth.js [36m304[0m 0.539 ms - -[0m
2026-08-07 04:02:29 [INFO]: [0mGET /images/hero/snake-plant.jpg [36m304[0m 0.406 ms - -[0m
2026-08-07 04:02:29 [INFO]: [0mGET /images/hero/peace-lily.jpg [36m304[0m 0.217 ms - -[0m
2026-08-07 04:02:29 [INFO]: [0mGET /images/hero/tulip-plant.jpg [36m304[0m 0.595 ms - -[0m
2026-08-07 04:02:29 [INFO]: [0mGET /images/hero/rubber-plant.jpg [36m304[0m 0.548 ms - -[0m
2026-08-07 04:02:29 [INFO]: [0mGET /images/hero/aloe-vera.jpg [36m304[0m 0.332 ms - -[0m
2026-08-07 04:02:29 [INFO]: [0mGET /images/hero/areca-palm.jpg [36m304[0m 0.419 ms - -[0m
2026-08-07 04:02:29 [INFO]: [0mGET /images/hero/jade-plant.jpg [36m304[0m 0.246 ms - -[0m
2026-08-07 04:02:29 [INFO]: [0mGET /images/hero/golden-pothos.jpg [36m304[0m 0.569 ms - -[0m
2026-08-07 04:02:29 [INFO]: [0mGET /images/hero/fiddle-leaf-fig.jpg [36m304[0m 0.489 ms - -[0m
2026-08-07 04:02:29 [INFO]: [0mGET /images/hero/why-choose.jpg [36m304[0m 1.237 ms - -[0m
2026-08-07 04:02:29 [INFO]: [0mGET /images/logo/plantora-orgn-white.png [36m304[0m 0.504 ms - -[0m
2026-08-07 04:02:31 [INFO]: [0mGET /admin/dashboard [32m200[0m 126.563 ms - -[0m
2026-08-07 04:02:31 [INFO]: [0mGET /css/style.css [36m304[0m 1.156 ms - -[0m
2026-08-07 04:02:31 [INFO]: [0mGET /css/admin/layout.css [36m304[0m 1.324 ms - -[0m
2026-08-07 04:02:31 [INFO]: [0mGET /css/admin/users.css [36m304[0m 1.686 ms - -[0m
2026-08-07 04:02:31 [INFO]: [0mGET /css/admin/products.css [36m304[0m 2.564 ms - -[0m
2026-08-07 04:02:31 [INFO]: [0mGET /css/header.css [36m304[0m 0.912 ms - -[0m
2026-08-07 04:02:31 [INFO]: [0mGET /images/logo/plantora.png [36m304[0m 0.944 ms - -[0m
2026-08-07 04:02:31 [INFO]: [0mGET /js/admin/layout.js [36m304[0m 0.889 ms - -[0m
2026-08-07 04:02:31 [INFO]: [0mGET /js/admin/users.js [36m304[0m 0.980 ms - -[0m
2026-08-07 04:02:31 [INFO]: [0mGET /js/admin/products.js [36m304[0m 0.385 ms - -[0m
2026-08-07 04:02:31 [INFO]: [0mGET /js/header.js [36m304[0m 0.667 ms - -[0m
2026-08-07 04:02:31 [INFO]: [0mGET /js/notification.js [36m304[0m 0.983 ms - -[0m
2026-08-07 04:02:31 [INFO]: [0mGET /css/variables.css [36m304[0m 1.353 ms - -[0m
2026-08-07 04:02:31 [INFO]: [0mGET /css/utilities.css [36m304[0m 0.838 ms - -[0m
2026-08-07 04:02:31 [INFO]: [0mGET /css/animations.css [36m304[0m 0.696 ms - -[0m
2026-08-07 04:02:31 [INFO]: [0mGET /css/announcement.css [36m304[0m 1.001 ms - -[0m
2026-08-07 04:02:31 [INFO]: [0mGET /css/hero.css [36m304[0m 0.656 ms - -[0m
2026-08-07 04:02:31 [INFO]: [0mGET /css/featured.css [36m304[0m 1.052 ms - -[0m
2026-08-07 04:02:31 [INFO]: [0mGET /css/why-choose.css [36m304[0m 0.398 ms - -[0m
2026-08-07 04:02:31 [INFO]: [0mGET /css/footer.css [36m304[0m 1.077 ms - -[0m
2026-08-07 04:02:31 [INFO]: [0mGET /css/auth.css [36m304[0m 1.062 ms - -[0m
2026-08-07 04:02:31 [INFO]: [0mGET /css/verify.css [36m304[0m 1.112 ms - -[0m
2026-08-07 04:02:33 [INFO]: [0mGET /admin/products [36m304[0m 168.631 ms - -[0m
2026-08-07 04:02:33 [INFO]: [0mGET /css/style.css [36m304[0m 0.281 ms - -[0m
2026-08-07 04:02:33 [INFO]: [0mGET /css/admin/layout.css [36m304[0m 0.245 ms - -[0m
2026-08-07 04:02:33 [INFO]: [0mGET /css/admin/users.css [36m304[0m 0.288 ms - -[0m
2026-08-07 04:02:33 [INFO]: [0mGET /css/admin/products.css [36m304[0m 0.617 ms - -[0m
2026-08-07 04:02:33 [INFO]: [0mGET /css/header.css [36m304[0m 0.612 ms - -[0m
2026-08-07 04:02:33 [INFO]: [0mGET /images/logo/plantora.png [36m304[0m 0.737 ms - -[0m
2026-08-07 04:02:33 [INFO]: [0mGET /js/admin/layout.js [36m304[0m 0.500 ms - -[0m
2026-08-07 04:02:33 [INFO]: [0mGET /js/admin/users.js [36m304[0m 0.897 ms - -[0m
2026-08-07 04:02:33 [INFO]: [0mGET /js/admin/products.js [36m304[0m 0.845 ms - -[0m
2026-08-07 04:02:33 [INFO]: [0mGET /js/header.js [36m304[0m 1.009 ms - -[0m
2026-08-07 04:02:33 [INFO]: [0mGET /css/variables.css [36m304[0m 1.210 ms - -[0m
2026-08-07 04:02:33 [INFO]: [0mGET /js/notification.js [36m304[0m 1.435 ms - -[0m
2026-08-07 04:02:33 [INFO]: [0mGET /css/utilities.css [36m304[0m 1.852 ms - -[0m
2026-08-07 04:02:33 [INFO]: [0mGET /css/animations.css [36m304[0m 0.573 ms - -[0m
2026-08-07 04:02:33 [INFO]: [0mGET /css/announcement.css [36m304[0m 0.374 ms - -[0m
2026-08-07 04:02:33 [INFO]: [0mGET /css/hero.css [36m304[0m 0.519 ms - -[0m
2026-08-07 04:02:33 [INFO]: [0mGET /css/featured.css [36m304[0m 0.744 ms - -[0m
2026-08-07 04:02:33 [INFO]: [0mGET /css/why-choose.css [36m304[0m 1.324 ms - -[0m
2026-08-07 04:02:33 [INFO]: [0mGET /css/footer.css [36m304[0m 0.565 ms - -[0m
2026-08-07 04:02:33 [INFO]: [0mGET /css/auth.css [36m304[0m 0.552 ms - -[0m
2026-08-07 04:02:33 [INFO]: [0mGET /css/verify.css [36m304[0m 0.428 ms - -[0m
2026-08-07 04:02:34 [INFO]: [0mGET /products/create [33m404[0m 82.162 ms - 79[0m
2026-08-07 04:02:38 [INFO]: [0mGET /admin/products/trash [36m304[0m 161.552 ms - -[0m
2026-08-07 04:02:38 [INFO]: [0mGET /css/style.css [36m304[0m 1.335 ms - -[0m
2026-08-07 04:02:38 [INFO]: [0mGET /css/admin/layout.css [36m304[0m 1.301 ms - -[0m
2026-08-07 04:02:38 [INFO]: [0mGET /css/admin/users.css [36m304[0m 1.349 ms - -[0m
2026-08-07 04:02:38 [INFO]: [0mGET /css/admin/products.css [36m304[0m 1.461 ms - -[0m
2026-08-07 04:02:38 [INFO]: [0mGET /css/header.css [36m304[0m 1.490 ms - -[0m
2026-08-07 04:02:38 [INFO]: [0mGET /images/logo/plantora.png [36m304[0m 1.529 ms - -[0m
2026-08-07 04:02:38 [INFO]: [0mGET /js/admin/layout.js [36m304[0m 0.669 ms - -[0m
2026-08-07 04:02:38 [INFO]: [0mGET /js/admin/users.js [36m304[0m 0.873 ms - -[0m
2026-08-07 04:02:38 [INFO]: [0mGET /js/admin/products.js [36m304[0m 1.765 ms - -[0m
2026-08-07 04:02:38 [INFO]: [0mGET /js/header.js [36m304[0m 2.780 ms - -[0m
2026-08-07 04:02:38 [INFO]: [0mGET /js/notification.js [36m304[0m 3.694 ms - -[0m
2026-08-07 04:02:38 [INFO]: [0mGET /css/variables.css [36m304[0m 0.750 ms - -[0m
2026-08-07 04:02:38 [INFO]: [0mGET /css/utilities.css [36m304[0m 1.407 ms - -[0m
2026-08-07 04:02:38 [INFO]: [0mGET /css/animations.css [36m304[0m 3.467 ms - -[0m
2026-08-07 04:02:38 [INFO]: [0mGET /css/announcement.css [36m304[0m 2.624 ms - -[0m
2026-08-07 04:02:38 [INFO]: [0mGET /css/hero.css [36m304[0m 3.090 ms - -[0m
2026-08-07 04:02:38 [INFO]: [0mGET /css/featured.css [36m304[0m 3.325 ms - -[0m
2026-08-07 04:02:38 [INFO]: [0mGET /css/why-choose.css [36m304[0m 1.206 ms - -[0m
2026-08-07 04:02:38 [INFO]: [0mGET /css/footer.css [36m304[0m 2.458 ms - -[0m
2026-08-07 04:02:38 [INFO]: [0mGET /css/auth.css [36m304[0m 1.509 ms - -[0m
2026-08-07 04:02:38 [INFO]: [0mGET /css/verify.css [36m304[0m 1.785 ms - -[0m
2026-08-07 04:02:39 [INFO]: [0mGET /products [33m404[0m 80.432 ms - 72[0m
2026-08-07 04:05:40 [INFO]: [0mGET /admin/products/trash [36m304[0m 159.579 ms - -[0m
2026-08-07 04:05:40 [INFO]: [0mGET /css/style.css [36m304[0m 0.762 ms - -[0m
2026-08-07 04:05:40 [INFO]: [0mGET /css/admin/layout.css [36m304[0m 1.262 ms - -[0m
2026-08-07 04:05:40 [INFO]: [0mGET /css/admin/users.css [36m304[0m 0.406 ms - -[0m
2026-08-07 04:05:40 [INFO]: [0mGET /css/admin/products.css [36m304[0m 0.588 ms - -[0m
2026-08-07 04:05:40 [INFO]: [0mGET /css/header.css [36m304[0m 0.841 ms - -[0m
2026-08-07 04:05:40 [INFO]: [0mGET /images/logo/plantora.png [36m304[0m 1.112 ms - -[0m
2026-08-07 04:05:41 [INFO]: [0mGET /js/admin/layout.js [36m304[0m 1.128 ms - -[0m
2026-08-07 04:05:41 [INFO]: [0mGET /js/admin/users.js [36m304[0m 1.369 ms - -[0m
2026-08-07 04:05:41 [INFO]: [0mGET /js/admin/products.js [36m304[0m 1.456 ms - -[0m
2026-08-07 04:05:41 [INFO]: [0mGET /js/header.js [36m304[0m 1.710 ms - -[0m
2026-08-07 04:05:41 [INFO]: [0mGET /js/notification.js [36m304[0m 1.874 ms - -[0m
2026-08-07 04:05:41 [INFO]: [0mGET /css/variables.css [36m304[0m 1.434 ms - -[0m
2026-08-07 04:05:41 [INFO]: [0mGET /css/utilities.css [36m304[0m 1.380 ms - -[0m
2026-08-07 04:05:41 [INFO]: [0mGET /css/animations.css [36m304[0m 1.633 ms - -[0m
2026-08-07 04:05:41 [INFO]: [0mGET /css/announcement.css [36m304[0m 1.638 ms - -[0m
2026-08-07 04:05:41 [INFO]: [0mGET /css/hero.css [36m304[0m 1.982 ms - -[0m
2026-08-07 04:05:41 [INFO]: [0mGET /css/featured.css [36m304[0m 0.558 ms - -[0m
2026-08-07 04:05:41 [INFO]: [0mGET /css/why-choose.css [36m304[0m 1.045 ms - -[0m
2026-08-07 04:05:41 [INFO]: [0mGET /css/footer.css [36m304[0m 1.206 ms - -[0m
2026-08-07 04:05:41 [INFO]: [0mGET /css/auth.css [36m304[0m 1.000 ms - -[0m
2026-08-07 04:05:41 [INFO]: [0mGET /css/verify.css [36m304[0m 1.168 ms - -[0m
2026-08-07 04:05:42 [INFO]: [0mGET /admin/products [32m200[0m 163.301 ms - -[0m
2026-08-07 04:05:42 [INFO]: [0mGET /css/style.css [36m304[0m 0.471 ms - -[0m
2026-08-07 04:05:42 [INFO]: [0mGET /css/admin/layout.css [36m304[0m 0.405 ms - -[0m
2026-08-07 04:05:42 [INFO]: [0mGET /css/admin/users.css [36m304[0m 0.542 ms - -[0m
2026-08-07 04:05:42 [INFO]: [0mGET /css/admin/products.css [36m304[0m 0.692 ms - -[0m
2026-08-07 04:05:42 [INFO]: [0mGET /css/header.css [36m304[0m 0.843 ms - -[0m
2026-08-07 04:05:42 [INFO]: [0mGET /images/logo/plantora.png [36m304[0m 1.006 ms - -[0m
2026-08-07 04:05:42 [INFO]: [0mGET /js/admin/layout.js [36m304[0m 0.341 ms - -[0m
2026-08-07 04:05:42 [INFO]: [0mGET /js/admin/users.js [36m304[0m 0.489 ms - -[0m
2026-08-07 04:05:42 [INFO]: [0mGET /js/admin/products.js [36m304[0m 0.640 ms - -[0m
2026-08-07 04:05:42 [INFO]: [0mGET /js/header.js [36m304[0m 0.830 ms - -[0m
2026-08-07 04:05:42 [INFO]: [0mGET /js/notification.js [36m304[0m 1.039 ms - -[0m
2026-08-07 04:05:42 [INFO]: [0mGET /css/variables.css [36m304[0m 0.206 ms - -[0m
2026-08-07 04:05:42 [INFO]: [0mGET /css/utilities.css [36m304[0m 0.611 ms - -[0m
2026-08-07 04:05:42 [INFO]: [0mGET /css/animations.css [36m304[0m 0.814 ms - -[0m
2026-08-07 04:05:42 [INFO]: [0mGET /css/announcement.css [36m304[0m 0.687 ms - -[0m
2026-08-07 04:05:42 [INFO]: [0mGET /css/hero.css [36m304[0m 0.765 ms - -[0m
2026-08-07 04:05:42 [INFO]: [0mGET /css/featured.css [36m304[0m 1.472 ms - -[0m
2026-08-07 04:05:42 [INFO]: [0mGET /css/why-choose.css [36m304[0m 0.783 ms - -[0m
2026-08-07 04:05:42 [INFO]: [0mGET /css/footer.css [36m304[0m 0.331 ms - -[0m
2026-08-07 04:05:42 [INFO]: [0mGET /css/auth.css [36m304[0m 0.451 ms - -[0m
2026-08-07 04:05:42 [INFO]: [0mGET /css/verify.css [36m304[0m 0.550 ms - -[0m
2026-08-07 04:05:47 [INFO]: [0mGET /admin/products/trash [36m304[0m 166.441 ms - -[0m
2026-08-07 04:05:47 [INFO]: [0mGET /css/style.css [36m304[0m 0.694 ms - -[0m
2026-08-07 04:05:47 [INFO]: [0mGET /css/admin/layout.css [36m304[0m 0.932 ms - -[0m
2026-08-07 04:05:47 [INFO]: [0mGET /css/admin/users.css [36m304[0m 1.208 ms - -[0m
2026-08-07 04:05:47 [INFO]: [0mGET /css/admin/products.css [36m304[0m 1.455 ms - -[0m
2026-08-07 04:05:47 [INFO]: [0mGET /css/header.css [36m304[0m 1.043 ms - -[0m
2026-08-07 04:05:47 [INFO]: [0mGET /images/logo/plantora.png [36m304[0m 1.035 ms - -[0m
2026-08-07 04:05:47 [INFO]: [0mGET /js/admin/layout.js [36m304[0m 0.775 ms - -[0m
2026-08-07 04:05:47 [INFO]: [0mGET /js/admin/users.js [36m304[0m 1.035 ms - -[0m
2026-08-07 04:05:47 [INFO]: [0mGET /js/admin/products.js [36m304[0m 1.441 ms - -[0m
2026-08-07 04:05:47 [INFO]: [0mGET /js/header.js [36m304[0m 1.676 ms - -[0m
2026-08-07 04:05:47 [INFO]: [0mGET /js/notification.js [36m304[0m 1.949 ms - -[0m
2026-08-07 04:05:47 [INFO]: [0mGET /css/variables.css [36m304[0m 0.215 ms - -[0m
2026-08-07 04:05:47 [INFO]: [0mGET /css/utilities.css [36m304[0m 0.478 ms - -[0m
2026-08-07 04:05:47 [INFO]: [0mGET /css/animations.css [36m304[0m 0.618 ms - -[0m
2026-08-07 04:05:47 [INFO]: [0mGET /css/announcement.css [36m304[0m 0.443 ms - -[0m
2026-08-07 04:05:47 [INFO]: [0mGET /css/hero.css [36m304[0m 0.451 ms - -[0m
2026-08-07 04:05:47 [INFO]: [0mGET /css/featured.css [36m304[0m 0.622 ms - -[0m
2026-08-07 04:05:47 [INFO]: [0mGET /css/why-choose.css [36m304[0m 0.771 ms - -[0m
2026-08-07 04:05:47 [INFO]: [0mGET /css/footer.css [36m304[0m 0.216 ms - -[0m
2026-08-07 04:05:47 [INFO]: [0mGET /css/auth.css [36m304[0m 0.713 ms - -[0m
2026-08-07 04:05:47 [INFO]: [0mGET /css/verify.css [36m304[0m 0.680 ms - -[0m
2026-08-07 04:05:50 [INFO]: [0mGET /products [33m404[0m 80.374 ms - 72[0m
2026-08-07 04:05:52 [INFO]: [0mGET /admin/products [36m304[0m 165.871 ms - -[0m
2026-08-07 04:05:52 [INFO]: [0mGET /css/style.css [36m304[0m 0.774 ms - -[0m
2026-08-07 04:05:52 [INFO]: [0mGET /css/admin/layout.css [36m304[0m 0.714 ms - -[0m
2026-08-07 04:05:52 [INFO]: [0mGET /css/admin/users.css [36m304[0m 0.384 ms - -[0m
2026-08-07 04:05:52 [INFO]: [0mGET /css/admin/products.css [36m304[0m 0.574 ms - -[0m
2026-08-07 04:05:52 [INFO]: [0mGET /css/header.css [36m304[0m 0.799 ms - -[0m
2026-08-07 04:05:52 [INFO]: [0mGET /images/logo/plantora.png [36m304[0m 0.166 ms - -[0m
2026-08-07 04:05:52 [INFO]: [0mGET /js/admin/layout.js [36m304[0m 0.458 ms - -[0m
2026-08-07 04:05:52 [INFO]: [0mGET /js/admin/users.js [36m304[0m 0.618 ms - -[0m
2026-08-07 04:05:52 [INFO]: [0mGET /js/admin/products.js [36m304[0m 0.798 ms - -[0m
2026-08-07 04:05:52 [INFO]: [0mGET /js/header.js [36m304[0m 1.011 ms - -[0m
2026-08-07 04:05:52 [INFO]: [0mGET /js/notification.js [36m304[0m 1.236 ms - -[0m
2026-08-07 04:05:52 [INFO]: [0mGET /css/variables.css [36m304[0m 0.378 ms - -[0m
2026-08-07 04:05:52 [INFO]: [0mGET /css/utilities.css [36m304[0m 0.633 ms - -[0m
2026-08-07 04:05:52 [INFO]: [0mGET /css/animations.css [36m304[0m 0.876 ms - -[0m
2026-08-07 04:05:52 [INFO]: [0mGET /css/announcement.css [36m304[0m 1.894 ms - -[0m
2026-08-07 04:05:52 [INFO]: [0mGET /css/hero.css [36m304[0m 0.967 ms - -[0m
2026-08-07 04:05:52 [INFO]: [0mGET /css/featured.css [36m304[0m 0.710 ms - -[0m
2026-08-07 04:05:52 [INFO]: [0mGET /css/why-choose.css [36m304[0m 0.251 ms - -[0m
2026-08-07 04:05:52 [INFO]: [0mGET /css/footer.css [36m304[0m 0.458 ms - -[0m
2026-08-07 04:05:52 [INFO]: [0mGET /css/auth.css [36m304[0m 1.083 ms - -[0m
2026-08-07 04:05:52 [INFO]: [0mGET /css/verify.css [36m304[0m 0.418 ms - -[0m
2026-08-07 04:10:48 [INFO]: [0mGET /admin/products [32m200[0m 167.773 ms - -[0m
2026-08-07 04:10:48 [INFO]: [0mGET /css/style.css [36m304[0m 0.381 ms - -[0m
2026-08-07 04:10:48 [INFO]: [0mGET /css/admin/layout.css [36m304[0m 0.863 ms - -[0m
2026-08-07 04:10:48 [INFO]: [0mGET /css/admin/users.css [36m304[0m 0.510 ms - -[0m
2026-08-07 04:10:48 [INFO]: [0mGET /css/admin/products.css [36m304[0m 0.229 ms - -[0m
2026-08-07 04:10:48 [INFO]: [0mGET /css/header.css [36m304[0m 0.336 ms - -[0m
2026-08-07 04:10:48 [INFO]: [0mGET /images/logo/plantora.png [36m304[0m 0.541 ms - -[0m
2026-08-07 04:10:48 [INFO]: [0mGET /js/admin/layout.js [36m304[0m 0.683 ms - -[0m
2026-08-07 04:10:48 [INFO]: [0mGET /js/admin/users.js [36m304[0m 0.774 ms - -[0m
2026-08-07 04:10:48 [INFO]: [0mGET /js/admin/products.js [36m304[0m 0.950 ms - -[0m
2026-08-07 04:10:48 [INFO]: [0mGET /js/header.js [36m304[0m 1.071 ms - -[0m
2026-08-07 04:10:48 [INFO]: [0mGET /js/notification.js [36m304[0m 1.379 ms - -[0m
2026-08-07 04:10:48 [INFO]: [0mGET /css/variables.css [36m304[0m 0.738 ms - -[0m
2026-08-07 04:10:48 [INFO]: [0mGET /css/utilities.css [36m304[0m 0.992 ms - -[0m
2026-08-07 04:10:48 [INFO]: [0mGET /css/animations.css [36m304[0m 1.240 ms - -[0m
2026-08-07 04:10:48 [INFO]: [0mGET /css/announcement.css [36m304[0m 1.331 ms - -[0m
2026-08-07 04:10:48 [INFO]: [0mGET /css/hero.css [36m304[0m 1.564 ms - -[0m
2026-08-07 04:10:48 [INFO]: [0mGET /css/featured.css [36m304[0m 0.381 ms - -[0m
2026-08-07 04:10:48 [INFO]: [0mGET /css/why-choose.css [36m304[0m 1.222 ms - -[0m
2026-08-07 04:10:48 [INFO]: [0mGET /css/footer.css [36m304[0m 0.825 ms - -[0m
2026-08-07 04:10:48 [INFO]: [0mGET /css/auth.css [36m304[0m 0.960 ms - -[0m
2026-08-07 04:10:48 [INFO]: [0mGET /css/verify.css [36m304[0m 1.087 ms - -[0m
2026-08-07 04:16:30 [INFO]: [0mGET /admin/products [36m304[0m 163.350 ms - -[0m
2026-08-07 04:16:30 [INFO]: [0mGET /css/style.css [36m304[0m 0.278 ms - -[0m
2026-08-07 04:16:30 [INFO]: [0mGET /css/admin/layout.css [36m304[0m 0.223 ms - -[0m
2026-08-07 04:16:30 [INFO]: [0mGET /css/admin/users.css [36m304[0m 0.386 ms - -[0m
2026-08-07 04:16:30 [INFO]: [0mGET /images/logo/plantora.png [36m304[0m 1.073 ms - -[0m
2026-08-07 04:16:30 [INFO]: [0mGET /css/header.css [36m304[0m 1.376 ms - -[0m
2026-08-07 04:16:30 [INFO]: [0mGET /css/admin/products.css [32m200[0m 2.189 ms - -[0m
2026-08-07 04:16:30 [INFO]: [0mGET /js/admin/layout.js [36m304[0m 0.432 ms - -[0m
2026-08-07 04:16:30 [INFO]: [0mGET /js/admin/users.js [36m304[0m 0.603 ms - -[0m
2026-08-07 04:16:30 [INFO]: [0mGET /js/admin/products.js [36m304[0m 1.120 ms - -[0m
2026-08-07 04:16:30 [INFO]: [0mGET /js/header.js [36m304[0m 1.286 ms - -[0m
2026-08-07 04:16:30 [INFO]: [0mGET /js/notification.js [36m304[0m 0.651 ms - -[0m
2026-08-07 04:16:30 [INFO]: [0mGET /css/variables.css [36m304[0m 0.253 ms - -[0m
2026-08-07 04:16:30 [INFO]: [0mGET /css/utilities.css [36m304[0m 0.703 ms - -[0m
2026-08-07 04:16:30 [INFO]: [0mGET /css/animations.css [36m304[0m 0.395 ms - -[0m
2026-08-07 04:16:30 [INFO]: [0mGET /css/announcement.css [36m304[0m 0.561 ms - -[0m
2026-08-07 04:16:30 [INFO]: [0mGET /css/hero.css [36m304[0m 0.772 ms - -[0m
2026-08-07 04:16:30 [INFO]: [0mGET /css/featured.css [36m304[0m 0.973 ms - -[0m
2026-08-07 04:16:30 [INFO]: [0mGET /css/why-choose.css [36m304[0m 1.342 ms - -[0m
2026-08-07 04:16:30 [INFO]: [0mGET /css/footer.css [36m304[0m 0.957 ms - -[0m
2026-08-07 04:16:30 [INFO]: [0mGET /css/auth.css [36m304[0m 0.725 ms - -[0m
2026-08-07 04:16:30 [INFO]: [0mGET /css/verify.css [36m304[0m 0.842 ms - -[0m
2026-08-07 04:24:50 [INFO]: [0mGET /admin/products [36m304[0m 162.219 ms - -[0m
2026-08-07 04:24:50 [INFO]: [0mGET /css/style.css [36m304[0m 0.371 ms - -[0m
2026-08-07 04:24:50 [INFO]: [0mGET /css/admin/layout.css [36m304[0m 0.595 ms - -[0m
2026-08-07 04:24:50 [INFO]: [0mGET /css/header.css [36m304[0m 0.246 ms - -[0m
2026-08-07 04:24:50 [INFO]: [0mGET /images/logo/plantora.png [36m304[0m 0.769 ms - -[0m
2026-08-07 04:24:50 [INFO]: [0mGET /css/admin/users.css [36m304[0m 1.059 ms - -[0m
2026-08-07 04:24:50 [INFO]: [0mGET /css/admin/products.css [32m200[0m 1.703 ms - -[0m
2026-08-07 04:24:50 [INFO]: [0mGET /js/admin/layout.js [36m304[0m 0.466 ms - -[0m
2026-08-07 04:24:50 [INFO]: [0mGET /js/admin/users.js [36m304[0m 0.675 ms - -[0m
2026-08-07 04:24:50 [INFO]: [0mGET /js/admin/products.js [36m304[0m 0.866 ms - -[0m
2026-08-07 04:24:50 [INFO]: [0mGET /js/header.js [36m304[0m 1.231 ms - -[0m
2026-08-07 04:24:50 [INFO]: [0mGET /js/notification.js [36m304[0m 0.396 ms - -[0m
2026-08-07 04:24:50 [INFO]: [0mGET /css/variables.css [36m304[0m 0.763 ms - -[0m
2026-08-07 04:24:50 [INFO]: [0mGET /css/utilities.css [36m304[0m 0.900 ms - -[0m
2026-08-07 04:24:50 [INFO]: [0mGET /css/animations.css [36m304[0m 1.003 ms - -[0m
2026-08-07 04:24:50 [INFO]: [0mGET /css/announcement.css [36m304[0m 1.177 ms - -[0m
2026-08-07 04:24:50 [INFO]: [0mGET /css/hero.css [36m304[0m 1.330 ms - -[0m
2026-08-07 04:24:50 [INFO]: [0mGET /css/featured.css [36m304[0m 1.474 ms - -[0m
2026-08-07 04:24:50 [INFO]: [0mGET /css/why-choose.css [36m304[0m 0.718 ms - -[0m
2026-08-07 04:24:50 [INFO]: [0mGET /css/footer.css [36m304[0m 0.840 ms - -[0m
2026-08-07 04:24:50 [INFO]: [0mGET /css/auth.css [36m304[0m 0.866 ms - -[0m
2026-08-07 04:24:50 [INFO]: [0mGET /css/verify.css [36m304[0m 0.987 ms - -[0m
2026-08-07 04:54:23 [INFO]: MongoDB connected successfully.
2026-08-07 04:54:26 [INFO]: MongoDB connected successfully.
2026-08-07 04:54:29 [INFO]: Email server connected successfully.
2026-08-07 04:54:29 [INFO]: Server is running on port 5132.
2026-08-07 04:54:43 [INFO]: MongoDB connected successfully.
2026-08-07 04:54:46 [INFO]: Email server connected successfully.
2026-08-07 04:54:46 [INFO]: Server is running on port 5132.
2026-08-07 04:55:01 [INFO]: MongoDB connected successfully.
2026-08-07 04:55:04 [INFO]: Email server connected successfully.
2026-08-07 04:55:04 [INFO]: Server is running on port 5132.
2026-08-07 04:55:26 [INFO]: MongoDB connected successfully.
2026-08-07 04:55:29 [INFO]: Email server connected successfully.
2026-08-07 04:55:29 [INFO]: Server is running on port 5132.
2026-08-07 05:41:09 [INFO]: SIGINT received. Shutting down server...
2026-08-07 05:51:44 [INFO]: MongoDB connected successfully.
2026-08-07 05:51:47 [INFO]: Email server connected successfully.
2026-08-07 05:51:47 [INFO]: Server is running on port 5132.
2026-08-07 05:51:47 [INFO]: [0mGET /admin/products [33m401[0m 9.857 ms - 55[0m
2026-08-07 05:51:50 [INFO]: [0mGET / [32m200[0m 13.554 ms - -[0m
2026-08-07 05:51:50 [INFO]: [0mGET /css/style.css [36m304[0m 1.684 ms - -[0m
2026-08-07 05:51:50 [INFO]: [0mGET /images/logo/plantora.png [36m304[0m 2.426 ms - -[0m
2026-08-07 05:51:50 [INFO]: [0mGET /images/hero/hero-placeholder.png [36m304[0m 1.145 ms - -[0m
2026-08-07 05:51:50 [INFO]: [0mGET /images/hero/monstera-plant.jpg [36m304[0m 0.481 ms - -[0m
2026-08-07 05:51:50 [INFO]: [0mGET /images/hero/snake-plant.jpg [36m304[0m 0.609 ms - -[0m
2026-08-07 05:51:50 [INFO]: [0mGET /images/hero/peace-lily.jpg [36m304[0m 1.283 ms - -[0m
2026-08-07 05:51:50 [INFO]: [0mGET /css/variables.css [36m304[0m 2.144 ms - -[0m
2026-08-07 05:51:50 [INFO]: [0mGET /js/header.js [36m304[0m 3.192 ms - -[0m
2026-08-07 05:51:50 [INFO]: [0mGET /css/announcement.css [36m304[0m 1.964 ms - -[0m
2026-08-07 05:51:50 [INFO]: [0mGET /css/utilities.css [36m304[0m 2.407 ms - -[0m
2026-08-07 05:51:50 [INFO]: [0mGET /css/animations.css [36m304[0m 2.743 ms - -[0m
2026-08-07 05:51:50 [INFO]: [0mGET /css/header.css [36m304[0m 2.880 ms - -[0m
2026-08-07 05:51:50 [INFO]: [0mGET /css/hero.css [36m304[0m 0.737 ms - -[0m
2026-08-07 05:51:50 [INFO]: [0mGET /css/featured.css [36m304[0m 0.856 ms - -[0m
2026-08-07 05:51:50 [INFO]: [0mGET /css/why-choose.css [36m304[0m 0.270 ms - -[0m
2026-08-07 05:51:50 [INFO]: [0mGET /css/footer.css [36m304[0m 0.868 ms - -[0m
2026-08-07 05:51:50 [INFO]: [0mGET /css/auth.css [36m304[0m 1.257 ms - -[0m
2026-08-07 05:51:50 [INFO]: [0mGET /css/verify.css [36m304[0m 1.624 ms - -[0m
2026-08-07 05:51:50 [INFO]: [0mGET /js/featured.js [36m304[0m 0.581 ms - -[0m
2026-08-07 05:51:50 [INFO]: [0mGET /js/why-choose.js [36m304[0m 0.962 ms - -[0m
2026-08-07 05:51:50 [INFO]: [0mGET /js/notification.js [36m304[0m 1.007 ms - -[0m
2026-08-07 05:51:50 [INFO]: [0mGET /js/footer.js [36m304[0m 1.211 ms - -[0m
2026-08-07 05:51:50 [INFO]: [0mGET /js/auth.js [36m304[0m 1.532 ms - -[0m
2026-08-07 05:51:50 [INFO]: [0mGET /images/hero/tulip-plant.jpg [36m304[0m 0.481 ms - -[0m
2026-08-07 05:51:50 [INFO]: [0mGET /images/hero/rubber-plant.jpg [36m304[0m 0.779 ms - -[0m
2026-08-07 05:51:50 [INFO]: [0mGET /images/hero/aloe-vera.jpg [36m304[0m 1.257 ms - -[0m
2026-08-07 05:51:50 [INFO]: [0mGET /images/hero/areca-palm.jpg [36m304[0m 0.750 ms - -[0m
2026-08-07 05:51:50 [INFO]: [0mGET /images/hero/jade-plant.jpg [36m304[0m 1.014 ms - -[0m
2026-08-07 05:51:50 [INFO]: [0mGET /images/hero/golden-pothos.jpg [36m304[0m 0.422 ms - -[0m
2026-08-07 05:51:50 [INFO]: [0mGET /images/hero/fiddle-leaf-fig.jpg [36m304[0m 0.485 ms - -[0m
2026-08-07 05:51:50 [INFO]: [0mGET /images/hero/why-choose.jpg [36m304[0m 0.358 ms - -[0m
2026-08-07 05:51:50 [INFO]: [0mGET /images/logo/plantora-orgn-white.png [36m304[0m 0.510 ms - -[0m
2026-08-07 05:51:53 [INFO]: Login successful : admin-plantora@yopmail.com
2026-08-07 05:51:53 [INFO]: [0mPOST /auth/login [32m200[0m 539.592 ms - 46[0m
2026-08-07 05:51:54 [INFO]: [0mGET / [32m200[0m 85.759 ms - -[0m
2026-08-07 05:51:54 [INFO]: [0mGET /css/style.css [36m304[0m 0.825 ms - -[0m
2026-08-07 05:51:54 [INFO]: [0mGET /images/logo/plantora.png [36m304[0m 1.101 ms - -[0m
2026-08-07 05:51:54 [INFO]: [0mGET /images/hero/hero-placeholder.png [36m304[0m 1.261 ms - -[0m
2026-08-07 05:51:54 [INFO]: [0mGET /images/hero/monstera-plant.jpg [36m304[0m 0.477 ms - -[0m
2026-08-07 05:51:54 [INFO]: [0mGET /js/header.js [36m304[0m 0.377 ms - -[0m
2026-08-07 05:51:54 [INFO]: [0mGET /js/featured.js [36m304[0m 0.520 ms - -[0m
2026-08-07 05:51:54 [INFO]: [0mGET /js/why-choose.js [36m304[0m 0.724 ms - -[0m
2026-08-07 05:51:54 [INFO]: [0mGET /js/notification.js [36m304[0m 0.738 ms - -[0m
2026-08-07 05:51:54 [INFO]: [0mGET /css/variables.css [36m304[0m 0.856 ms - -[0m
2026-08-07 05:51:54 [INFO]: [0mGET /css/utilities.css [36m304[0m 0.428 ms - -[0m
2026-08-07 05:51:54 [INFO]: [0mGET /css/animations.css [36m304[0m 0.910 ms - -[0m
2026-08-07 05:51:54 [INFO]: [0mGET /css/announcement.css [36m304[0m 0.768 ms - -[0m
2026-08-07 05:51:54 [INFO]: [0mGET /css/header.css [36m304[0m 0.894 ms - -[0m
2026-08-07 05:51:54 [INFO]: [0mGET /css/hero.css [36m304[0m 1.730 ms - -[0m
2026-08-07 05:51:54 [INFO]: [0mGET /css/featured.css [36m304[0m 0.990 ms - -[0m
2026-08-07 05:51:54 [INFO]: [0mGET /css/why-choose.css [36m304[0m 0.432 ms - -[0m
2026-08-07 05:51:54 [INFO]: [0mGET /css/footer.css [36m304[0m 0.589 ms - -[0m
2026-08-07 05:51:54 [INFO]: [0mGET /css/auth.css [36m304[0m 0.930 ms - -[0m
2026-08-07 05:51:54 [INFO]: [0mGET /css/verify.css [36m304[0m 1.169 ms - -[0m
2026-08-07 05:51:54 [INFO]: [0mGET /js/footer.js [36m304[0m 0.630 ms - -[0m
2026-08-07 05:51:54 [INFO]: [0mGET /js/auth.js [36m304[0m 0.771 ms - -[0m
2026-08-07 05:51:54 [INFO]: [0mGET /images/hero/snake-plant.jpg [36m304[0m 1.114 ms - -[0m
2026-08-07 05:51:54 [INFO]: [0mGET /images/hero/peace-lily.jpg [36m304[0m 1.040 ms - -[0m
2026-08-07 05:51:54 [INFO]: [0mGET /images/hero/tulip-plant.jpg [36m304[0m 0.787 ms - -[0m
2026-08-07 05:51:54 [INFO]: [0mGET /images/hero/rubber-plant.jpg [36m304[0m 1.258 ms - -[0m
2026-08-07 05:51:54 [INFO]: [0mGET /images/hero/aloe-vera.jpg [36m304[0m 0.804 ms - -[0m
2026-08-07 05:51:54 [INFO]: [0mGET /images/hero/areca-palm.jpg [36m304[0m 0.608 ms - -[0m
2026-08-07 05:51:54 [INFO]: [0mGET /images/hero/jade-plant.jpg [36m304[0m 1.944 ms - -[0m
2026-08-07 05:51:54 [INFO]: [0mGET /images/hero/golden-pothos.jpg [36m304[0m 0.741 ms - -[0m
2026-08-07 05:51:54 [INFO]: [0mGET /images/hero/fiddle-leaf-fig.jpg [36m304[0m 0.712 ms - -[0m
2026-08-07 05:51:54 [INFO]: [0mGET /images/hero/why-choose.jpg [36m304[0m 1.080 ms - -[0m
2026-08-07 05:51:54 [INFO]: [0mGET /images/logo/plantora-orgn-white.png [36m304[0m 1.387 ms - -[0m
2026-08-07 05:51:56 [INFO]: [0mGET /admin/dashboard [36m304[0m 118.511 ms - -[0m
2026-08-07 05:51:56 [INFO]: [0mGET /css/style.css [36m304[0m 1.755 ms - -[0m
2026-08-07 05:51:56 [INFO]: [0mGET /css/admin/layout.css [36m304[0m 2.092 ms - -[0m
2026-08-07 05:51:56 [INFO]: [0mGET /css/admin/users.css [36m304[0m 3.508 ms - -[0m
2026-08-07 05:51:56 [INFO]: [0mGET /css/admin/products.css [36m304[0m 5.412 ms - -[0m
2026-08-07 05:51:56 [INFO]: [0mGET /css/header.css [36m304[0m 1.581 ms - -[0m
2026-08-07 05:51:56 [INFO]: [0mGET /images/logo/plantora.png [36m304[0m 2.295 ms - -[0m
2026-08-07 05:51:56 [INFO]: [0mGET /js/admin/layout.js [36m304[0m 0.517 ms - -[0m
2026-08-07 05:51:56 [INFO]: [0mGET /js/admin/users.js [36m304[0m 2.282 ms - -[0m
2026-08-07 05:51:56 [INFO]: [0mGET /js/admin/products.js [36m304[0m 2.037 ms - -[0m
2026-08-07 05:51:56 [INFO]: [0mGET /css/variables.css [36m304[0m 2.246 ms - -[0m
2026-08-07 05:51:56 [INFO]: [0mGET /js/header.js [36m304[0m 2.570 ms - -[0m
2026-08-07 05:51:56 [INFO]: [0mGET /js/notification.js [36m304[0m 3.736 ms - -[0m
2026-08-07 05:51:56 [INFO]: [0mGET /css/utilities.css [36m304[0m 2.413 ms - -[0m
2026-08-07 05:51:56 [INFO]: [0mGET /css/animations.css [36m304[0m 2.331 ms - -[0m
2026-08-07 05:51:56 [INFO]: [0mGET /css/announcement.css [36m304[0m 2.683 ms - -[0m
2026-08-07 05:51:56 [INFO]: [0mGET /css/hero.css [36m304[0m 3.682 ms - -[0m
2026-08-07 05:51:56 [INFO]: [0mGET /css/featured.css [36m304[0m 1.452 ms - -[0m
2026-08-07 05:51:56 [INFO]: [0mGET /css/why-choose.css [36m304[0m 2.034 ms - -[0m
2026-08-07 05:51:56 [INFO]: [0mGET /css/footer.css [36m304[0m 0.417 ms - -[0m
2026-08-07 05:51:56 [INFO]: [0mGET /css/auth.css [36m304[0m 1.013 ms - -[0m
2026-08-07 05:51:56 [INFO]: [0mGET /css/verify.css [36m304[0m 0.410 ms - -[0m
2026-08-07 06:22:41 [INFO]: MongoDB connected successfully.
2026-08-07 06:22:44 [INFO]: Email server connected successfully.
2026-08-07 06:22:44 [INFO]: Server is running on port 5132.
2026-08-07 06:22:47 [INFO]: MongoDB connected successfully.
2026-08-07 06:22:49 [INFO]: Email server connected successfully.
2026-08-07 06:22:49 [INFO]: Server is running on port 5132.
2026-08-07 06:22:52 [INFO]: MongoDB connected successfully.
2026-08-07 06:22:55 [INFO]: Email server connected successfully.
2026-08-07 06:22:55 [INFO]: Server is running on port 5132.
2026-08-07 06:22:56 [INFO]: MongoDB connected successfully.
2026-08-07 06:22:59 [INFO]: Email server connected successfully.
2026-08-07 06:22:59 [INFO]: Server is running on port 5132.
2026-08-07 06:38:31 [INFO]: MongoDB connected successfully.
2026-08-07 06:38:34 [INFO]: Email server connected successfully.
2026-08-07 06:38:34 [INFO]: Server is running on port 5132.
2026-08-07 06:43:22 [INFO]: MongoDB connected successfully.
2026-08-07 06:43:25 [INFO]: Email server connected successfully.
2026-08-07 06:43:25 [INFO]: Server is running on port 5132.
2026-08-07 06:43:29 [INFO]: MongoDB connected successfully.
2026-08-07 06:43:32 [INFO]: Email server connected successfully.
2026-08-07 06:43:32 [INFO]: Server is running on port 5132.
2026-08-07 06:45:40 [INFO]: MongoDB connected successfully.
2026-08-07 06:45:43 [INFO]: Email server connected successfully.
2026-08-07 06:45:43 [INFO]: Server is running on port 5132.
2026-08-07 06:45:43 [INFO]: [0mGET /admin/dashboard [36m304[0m 125.545 ms - -[0m
2026-08-07 06:45:43 [INFO]: [0mGET /css/style.css [36m304[0m 4.800 ms - -[0m
2026-08-07 06:45:43 [INFO]: [0mGET /css/admin/layout.css [36m304[0m 4.755 ms - -[0m
2026-08-07 06:45:43 [INFO]: [0mGET /css/admin/users.css [36m304[0m 4.301 ms - -[0m
2026-08-07 06:45:43 [INFO]: [0mGET /css/header.css [36m304[0m 1.520 ms - -[0m
2026-08-07 06:45:43 [INFO]: [0mGET /images/logo/plantora.png [36m304[0m 2.179 ms - -[0m
2026-08-07 06:45:43 [INFO]: [0mGET /css/admin/products.css [32m200[0m 5.406 ms - -[0m
2026-08-07 06:45:43 [INFO]: [0mGET /js/admin/layout.js [36m304[0m 1.853 ms - -[0m
2026-08-07 06:45:43 [INFO]: [0mGET /js/admin/users.js [36m304[0m 2.124 ms - -[0m
2026-08-07 06:45:43 [INFO]: [0mGET /js/header.js [36m304[0m 2.115 ms - -[0m
2026-08-07 06:45:43 [INFO]: [0mGET /js/notification.js [36m304[0m 2.231 ms - -[0m
2026-08-07 06:45:43 [INFO]: [0mGET /css/variables.css [36m304[0m 0.704 ms - -[0m
2026-08-07 06:45:43 [INFO]: [0mGET /css/utilities.css [36m304[0m 1.049 ms - -[0m
2026-08-07 06:45:43 [INFO]: [0mGET /css/animations.css [36m304[0m 1.297 ms - -[0m
2026-08-07 06:45:43 [INFO]: [0mGET /css/announcement.css [36m304[0m 1.566 ms - -[0m
2026-08-07 06:45:43 [INFO]: [0mGET /css/hero.css [36m304[0m 1.876 ms - -[0m
2026-08-07 06:45:43 [INFO]: [0mGET /css/featured.css [36m304[0m 0.527 ms - -[0m
2026-08-07 06:45:43 [INFO]: [0mGET /js/admin/products.js [32m200[0m 4.572 ms - -[0m
2026-08-07 06:45:43 [INFO]: [0mGET /css/why-choose.css [36m304[0m 0.985 ms - -[0m
2026-08-07 06:45:43 [INFO]: [0mGET /css/footer.css [36m304[0m 1.165 ms - -[0m
2026-08-07 06:45:43 [INFO]: [0mGET /css/auth.css [36m304[0m 1.593 ms - -[0m
2026-08-07 06:45:43 [INFO]: [0mGET /css/verify.css [36m304[0m 0.550 ms - -[0m
2026-08-07 06:45:45 [ERROR]: Error: E:\Webskitters_Academy\NODE JS\final_project_node\plantora_final_project_node_ejs\views\admin\products\index.ejs:321
    319|             =========================================================== -->
    320| 
 >> 321|             <%- include("./partials/table") %>
    322| 
    323|             <!-- ==========================================================
    324|                  PAGINATION

Could not find the include file "./partials/table"
    at getIncludePath (E:\Webskitters_Academy\NODE JS\final_project_node\plantora_final_project_node_ejs\node_modules\ejs\lib\cjs\ejs.js:170:19)
    at includeFile (E:\Webskitters_Academy\NODE JS\final_project_node\plantora_final_project_node_ejs\node_modules\ejs\lib\cjs\ejs.js:284:21)
    at include (E:\Webskitters_Academy\NODE JS\final_project_node\plantora_final_project_node_ejs\node_modules\ejs\lib\cjs\ejs.js:634:24)
    at eval (eval at compile (E:\Webskitters_Academy\NODE JS\final_project_node\plantora_final_project_node_ejs\node_modules\ejs\lib\cjs\ejs.js:607:18), <anonymous>:68:17)
    at index (E:\Webskitters_Academy\NODE JS\final_project_node\plantora_final_project_node_ejs\node_modules\ejs\lib\cjs\ejs.js:643:23)
    at tryHandleCache (E:\Webskitters_Academy\NODE JS\final_project_node\plantora_final_project_node_ejs\node_modules\ejs\lib\cjs\ejs.js:253:42)
    at ejs.renderFile [as engine] (E:\Webskitters_Academy\NODE JS\final_project_node\plantora_final_project_node_ejs\node_modules\ejs\lib\cjs\ejs.js:444:12)
    at View.render (E:\Webskitters_Academy\NODE JS\final_project_node\plantora_final_project_node_ejs\node_modules\express\lib\view.js:139:8)
    at tryRender (E:\Webskitters_Academy\NODE JS\final_project_node\plantora_final_project_node_ejs\node_modules\express\lib\application.js:627:10)
    at app.render (E:\Webskitters_Academy\NODE JS\final_project_node\plantora_final_project_node_ejs\node_modules\express\lib\application.js:574:3)
2026-08-07 06:45:45 [INFO]: [0mGET /admin/products [31m500[0m 150.294 ms - 543[0m
2026-08-07 06:45:58 [ERROR]: Error: Failed to lookup view "admin/product-trash/index" in views directory "E:\Webskitters_Academy\NODE JS\final_project_node\plantora_final_project_node_ejs\views"
    at app.render (E:\Webskitters_Academy\NODE JS\final_project_node\plantora_final_project_node_ejs\node_modules\express\lib\application.js:562:17)
    at ServerResponse.render (E:\Webskitters_Academy\NODE JS\final_project_node\plantora_final_project_node_ejs\node_modules\express\lib\response.js:923:7)
    at showTrashProductsPage (E:\Webskitters_Academy\NODE JS\final_project_node\plantora_final_project_node_ejs\app\controllers\ProductController.js:2240:18)
    at process.processTicksAndRejections (node:internal/process/task_queues:103:5)
2026-08-07 06:45:58 [INFO]: [0mGET /admin/products/trash [31m500[0m 169.041 ms - 226[0m
2026-08-07 06:46:05 [ERROR]: Error: E:\Webskitters_Academy\NODE JS\final_project_node\plantora_final_project_node_ejs\views\admin\products\index.ejs:321
    319|             =========================================================== -->
    320| 
 >> 321|             <%- include("./partials/table") %>
    322| 
    323|             <!-- ==========================================================
    324|                  PAGINATION

Could not find the include file "./partials/table"
    at getIncludePath (E:\Webskitters_Academy\NODE JS\final_project_node\plantora_final_project_node_ejs\node_modules\ejs\lib\cjs\ejs.js:170:19)
    at includeFile (E:\Webskitters_Academy\NODE JS\final_project_node\plantora_final_project_node_ejs\node_modules\ejs\lib\cjs\ejs.js:284:21)
    at include (E:\Webskitters_Academy\NODE JS\final_project_node\plantora_final_project_node_ejs\node_modules\ejs\lib\cjs\ejs.js:634:24)
    at eval (eval at compile (E:\Webskitters_Academy\NODE JS\final_project_node\plantora_final_project_node_ejs\node_modules\ejs\lib\cjs\ejs.js:607:18), <anonymous>:68:17)
    at index (E:\Webskitters_Academy\NODE JS\final_project_node\plantora_final_project_node_ejs\node_modules\ejs\lib\cjs\ejs.js:643:23)
    at tryHandleCache (E:\Webskitters_Academy\NODE JS\final_project_node\plantora_final_project_node_ejs\node_modules\ejs\lib\cjs\ejs.js:253:42)
    at ejs.renderFile [as engine] (E:\Webskitters_Academy\NODE JS\final_project_node\plantora_final_project_node_ejs\node_modules\ejs\lib\cjs\ejs.js:444:12)
    at View.render (E:\Webskitters_Academy\NODE JS\final_project_node\plantora_final_project_node_ejs\node_modules\express\lib\view.js:139:8)
    at tryRender (E:\Webskitters_Academy\NODE JS\final_project_node\plantora_final_project_node_ejs\node_modules\express\lib\application.js:627:10)
    at app.render (E:\Webskitters_Academy\NODE JS\final_project_node\plantora_final_project_node_ejs\node_modules\express\lib\application.js:574:3)
2026-08-07 06:46:05 [INFO]: [0mGET /admin/products [31m500[0m 163.763 ms - 543[0m
2026-08-07 06:46:43 [ERROR]: Error: Failed to lookup view "admin/product-trash/index" in views directory "E:\Webskitters_Academy\NODE JS\final_project_node\plantora_final_project_node_ejs\views"
    at app.render (E:\Webskitters_Academy\NODE JS\final_project_node\plantora_final_project_node_ejs\node_modules\express\lib\application.js:562:17)
    at ServerResponse.render (E:\Webskitters_Academy\NODE JS\final_project_node\plantora_final_project_node_ejs\node_modules\express\lib\response.js:923:7)
    at showTrashProductsPage (E:\Webskitters_Academy\NODE JS\final_project_node\plantora_final_project_node_ejs\app\controllers\ProductController.js:2240:18)
    at process.processTicksAndRejections (node:internal/process/task_queues:103:5)
2026-08-07 06:46:43 [INFO]: [0mGET /admin/products/trash [31m500[0m 155.986 ms - 226[0m
2026-08-07 06:54:03 [INFO]: MongoDB connected successfully.
2026-08-07 06:54:06 [INFO]: Email server connected successfully.
2026-08-07 06:54:06 [INFO]: Server is running on port 5132.
2026-08-07 06:54:54 [INFO]: MongoDB connected successfully.
2026-08-07 06:54:57 [INFO]: Email server connected successfully.
2026-08-07 06:54:57 [INFO]: Server is running on port 5132.
2026-08-07 06:55:09 [INFO]: MongoDB connected successfully.
2026-08-07 06:55:12 [INFO]: Email server connected successfully.
2026-08-07 06:55:12 [INFO]: Server is running on port 5132.
2026-08-07 06:55:22 [INFO]: MongoDB connected successfully.
2026-08-07 06:55:25 [INFO]: Email server connected successfully.
2026-08-07 06:55:25 [INFO]: Server is running on port 5132.
2026-08-07 06:55:33 [INFO]: MongoDB connected successfully.
2026-08-07 06:55:36 [INFO]: Email server connected successfully.
2026-08-07 06:55:36 [INFO]: Server is running on port 5132.
2026-08-07 06:55:45 [INFO]: MongoDB connected successfully.
2026-08-07 06:55:48 [INFO]: Email server connected successfully.
2026-08-07 06:55:48 [INFO]: Server is running on port 5132.
2026-08-07 06:56:05 [INFO]: MongoDB connected successfully.
2026-08-07 06:56:08 [INFO]: Email server connected successfully.
2026-08-07 06:56:08 [INFO]: Server is running on port 5132.
2026-08-07 06:56:17 [INFO]: MongoDB connected successfully.
2026-08-07 06:56:20 [INFO]: Email server connected successfully.
2026-08-07 06:56:20 [INFO]: Server is running on port 5132.
2026-08-07 06:56:27 [INFO]: MongoDB connected successfully.
2026-08-07 06:56:30 [INFO]: Email server connected successfully.
2026-08-07 06:56:30 [INFO]: Server is running on port 5132.
2026-08-07 06:56:46 [INFO]: MongoDB connected successfully.
2026-08-07 06:56:49 [INFO]: Email server connected successfully.
2026-08-07 06:56:49 [INFO]: Server is running on port 5132.
2026-08-07 06:56:57 [INFO]: MongoDB connected successfully.
2026-08-07 06:57:00 [INFO]: Email server connected successfully.
2026-08-07 06:57:00 [INFO]: Server is running on port 5132.
2026-08-07 06:57:07 [INFO]: MongoDB connected successfully.
2026-08-07 06:57:10 [INFO]: Email server connected successfully.
2026-08-07 06:57:10 [INFO]: Server is running on port 5132.
2026-08-07 06:57:18 [INFO]: MongoDB connected successfully.
2026-08-07 06:57:21 [INFO]: Email server connected successfully.
2026-08-07 06:57:21 [INFO]: Server is running on port 5132.
2026-08-07 06:57:44 [INFO]: MongoDB connected successfully.
2026-08-07 06:57:47 [INFO]: Email server connected successfully.
2026-08-07 06:57:47 [INFO]: Server is running on port 5132.
2026-08-07 06:57:59 [INFO]: MongoDB connected successfully.
2026-08-07 06:58:02 [INFO]: Email server connected successfully.
2026-08-07 06:58:02 [INFO]: Server is running on port 5132.
2026-08-07 06:58:13 [INFO]: MongoDB connected successfully.
2026-08-07 06:58:16 [INFO]: Email server connected successfully.
2026-08-07 06:58:16 [INFO]: Server is running on port 5132.
2026-08-07 06:58:26 [INFO]: MongoDB connected successfully.
2026-08-07 06:58:29 [INFO]: Email server connected successfully.
2026-08-07 06:58:29 [INFO]: Server is running on port 5132.
2026-08-07 06:58:41 [INFO]: MongoDB connected successfully.
2026-08-07 06:58:44 [INFO]: Email server connected successfully.
2026-08-07 06:58:44 [INFO]: Server is running on port 5132.
2026-08-07 06:58:51 [INFO]: MongoDB connected successfully.
2026-08-07 06:58:54 [INFO]: Email server connected successfully.
2026-08-07 06:58:54 [INFO]: Server is running on port 5132.
2026-08-07 06:59:01 [INFO]: MongoDB connected successfully.
2026-08-07 06:59:04 [INFO]: Email server connected successfully.
2026-08-07 06:59:04 [INFO]: Server is running on port 5132.
2026-08-07 06:59:26 [INFO]: MongoDB connected successfully.
2026-08-07 06:59:29 [INFO]: Email server connected successfully.
2026-08-07 06:59:29 [INFO]: Server is running on port 5132.
2026-08-07 06:59:36 [INFO]: MongoDB connected successfully.
2026-08-07 06:59:38 [INFO]: MongoDB connected successfully.
2026-08-07 06:59:41 [INFO]: Email server connected successfully.
2026-08-07 06:59:41 [INFO]: Server is running on port 5132.
2026-08-07 06:59:49 [INFO]: MongoDB connected successfully.
2026-08-07 06:59:52 [INFO]: Email server connected successfully.
2026-08-07 06:59:52 [INFO]: Server is running on port 5132.
2026-08-07 06:59:55 [INFO]: MongoDB connected successfully.
2026-08-07 06:59:58 [INFO]: Email server connected successfully.
2026-08-07 06:59:58 [INFO]: Server is running on port 5132.
2026-08-07 07:00:09 [INFO]: MongoDB connected successfully.
2026-08-07 07:00:12 [INFO]: Email server connected successfully.
2026-08-07 07:00:12 [INFO]: Server is running on port 5132.
2026-08-07 07:01:00 [INFO]: MongoDB connected successfully.
2026-08-07 07:01:02 [INFO]: Email server connected successfully.
2026-08-07 07:01:02 [INFO]: Server is running on port 5132.
2026-08-07 07:01:10 [INFO]: MongoDB connected successfully.
2026-08-07 07:01:12 [INFO]: MongoDB connected successfully.
2026-08-07 07:01:15 [INFO]: Email server connected successfully.
2026-08-07 07:01:15 [INFO]: Server is running on port 5132.
2026-08-07 07:01:26 [INFO]: MongoDB connected successfully.
2026-08-07 07:01:29 [INFO]: Email server connected successfully.
2026-08-07 07:01:29 [INFO]: Server is running on port 5132.
2026-08-07 07:01:30 [INFO]: MongoDB connected successfully.
2026-08-07 07:01:33 [INFO]: Email server connected successfully.
2026-08-07 07:01:33 [INFO]: Server is running on port 5132.
2026-08-07 07:01:41 [INFO]: MongoDB connected successfully.
2026-08-07 07:01:44 [INFO]: Email server connected successfully.
2026-08-07 07:01:44 [INFO]: Server is running on port 5132.
2026-08-07 07:02:02 [INFO]: MongoDB connected successfully.
2026-08-07 07:02:05 [INFO]: Email server connected successfully.
2026-08-07 07:02:05 [INFO]: Server is running on port 5132.
2026-08-07 07:02:06 [INFO]: MongoDB connected successfully.
2026-08-07 07:02:09 [INFO]: Email server connected successfully.
2026-08-07 07:02:09 [INFO]: Server is running on port 5132.
2026-08-07 07:02:17 [INFO]: MongoDB connected successfully.
2026-08-07 07:02:20 [INFO]: Email server connected successfully.
2026-08-07 07:02:20 [INFO]: Server is running on port 5132.
2026-08-07 07:02:22 [INFO]: MongoDB connected successfully.
2026-08-07 07:02:25 [INFO]: Email server connected successfully.
2026-08-07 07:02:25 [INFO]: Server is running on port 5132.
2026-08-07 07:02:32 [INFO]: MongoDB connected successfully.
2026-08-07 07:02:34 [INFO]: MongoDB connected successfully.
2026-08-07 07:02:37 [INFO]: Email server connected successfully.
2026-08-07 07:02:37 [INFO]: Server is running on port 5132.
2026-08-07 07:02:43 [INFO]: MongoDB connected successfully.
2026-08-07 07:02:47 [INFO]: MongoDB connected successfully.
2026-08-07 07:02:50 [INFO]: Email server connected successfully.
2026-08-07 07:02:50 [INFO]: Server is running on port 5132.
2026-08-07 07:02:58 [INFO]: MongoDB connected successfully.
2026-08-07 07:03:02 [INFO]: MongoDB connected successfully.
2026-08-07 07:03:05 [INFO]: Email server connected successfully.
2026-08-07 07:03:05 [INFO]: Server is running on port 5132.
2026-08-07 07:03:12 [INFO]: MongoDB connected successfully.
2026-08-07 07:03:15 [INFO]: Email server connected successfully.
2026-08-07 07:03:15 [INFO]: Server is running on port 5132.
2026-08-07 07:03:17 [INFO]: MongoDB connected successfully.
2026-08-07 07:03:20 [INFO]: MongoDB connected successfully.
2026-08-07 07:03:23 [INFO]: Email server connected successfully.
2026-08-07 07:03:23 [INFO]: Server is running on port 5132.
2026-08-07 07:03:35 [INFO]: MongoDB connected successfully.
2026-08-07 07:03:38 [INFO]: MongoDB connected successfully.
2026-08-07 07:03:41 [INFO]: Email server connected successfully.
2026-08-07 07:03:41 [INFO]: Server is running on port 5132.
2026-08-07 07:03:47 [INFO]: MongoDB connected successfully.
2026-08-07 07:03:50 [INFO]: Email server connected successfully.
2026-08-07 07:03:50 [INFO]: Server is running on port 5132.
2026-08-07 07:03:57 [INFO]: MongoDB connected successfully.
2026-08-07 07:04:00 [INFO]: Email server connected successfully.
2026-08-07 07:04:00 [INFO]: Server is running on port 5132.
2026-08-07 07:04:22 [INFO]: MongoDB connected successfully.
2026-08-07 07:04:25 [INFO]: Email server connected successfully.
2026-08-07 07:04:25 [INFO]: Server is running on port 5132.
2026-08-07 07:04:27 [INFO]: MongoDB connected successfully.
2026-08-07 07:04:29 [INFO]: Email server connected successfully.
2026-08-07 07:04:29 [INFO]: Server is running on port 5132.
2026-08-07 07:04:32 [INFO]: MongoDB connected successfully.
2026-08-07 07:04:35 [INFO]: Email server connected successfully.
2026-08-07 07:04:35 [INFO]: Server is running on port 5132.
2026-08-07 07:04:48 [INFO]: MongoDB connected successfully.
2026-08-07 07:04:51 [INFO]: Email server connected successfully.
2026-08-07 07:04:51 [INFO]: Server is running on port 5132.
2026-08-07 07:04:52 [INFO]: MongoDB connected successfully.
2026-08-07 07:04:55 [INFO]: Email server connected successfully.
2026-08-07 07:04:55 [INFO]: Server is running on port 5132.
2026-08-07 07:05:03 [INFO]: MongoDB connected successfully.
2026-08-07 07:05:05 [INFO]: Email server connected successfully.
2026-08-07 07:05:05 [INFO]: Server is running on port 5132.
2026-08-07 07:05:07 [INFO]: MongoDB connected successfully.
2026-08-07 07:05:10 [INFO]: Email server connected successfully.
2026-08-07 07:05:10 [INFO]: Server is running on port 5132.
2026-08-07 07:05:19 [INFO]: MongoDB connected successfully.
2026-08-07 07:05:22 [INFO]: Email server connected successfully.
2026-08-07 07:05:22 [INFO]: Server is running on port 5132.
2026-08-07 07:05:30 [INFO]: MongoDB connected successfully.
2026-08-07 07:05:33 [INFO]: Email server connected successfully.
2026-08-07 07:05:33 [INFO]: Server is running on port 5132.
2026-08-07 07:06:16 [INFO]: MongoDB connected successfully.
2026-08-07 07:06:19 [INFO]: Email server connected successfully.
2026-08-07 07:06:19 [INFO]: Server is running on port 5132.
2026-08-07 07:06:42 [INFO]: MongoDB connected successfully.
2026-08-07 07:06:45 [INFO]: Email server connected successfully.
2026-08-07 07:06:45 [INFO]: Server is running on port 5132.
2026-08-07 07:07:15 [INFO]: [0mGET /admin/dashboard [36m304[0m 144.816 ms - -[0m
2026-08-07 07:07:15 [INFO]: [0mGET /css/style.css [36m304[0m 1.211 ms - -[0m
2026-08-07 07:07:15 [INFO]: [0mGET /css/admin/layout.css [36m304[0m 1.502 ms - -[0m
2026-08-07 07:07:15 [INFO]: [0mGET /css/admin/users.css [36m304[0m 0.909 ms - -[0m
2026-08-07 07:07:15 [INFO]: [0mGET /css/admin/products.css [36m304[0m 2.013 ms - -[0m
2026-08-07 07:07:15 [INFO]: [0mGET /css/header.css [36m304[0m 1.451 ms - -[0m
2026-08-07 07:07:15 [INFO]: [0mGET /images/logo/plantora.png [36m304[0m 1.670 ms - -[0m
2026-08-07 07:07:15 [INFO]: [0mGET /js/admin/layout.js [36m304[0m 1.560 ms - -[0m
2026-08-07 07:07:15 [INFO]: [0mGET /js/admin/users.js [36m304[0m 1.791 ms - -[0m
2026-08-07 07:07:15 [INFO]: [0mGET /js/admin/products.js [36m304[0m 2.084 ms - -[0m
2026-08-07 07:07:15 [INFO]: [0mGET /js/header.js [36m304[0m 2.402 ms - -[0m
2026-08-07 07:07:15 [INFO]: [0mGET /js/notification.js [36m304[0m 3.339 ms - -[0m
2026-08-07 07:07:15 [INFO]: [0mGET /css/variables.css [36m304[0m 1.449 ms - -[0m
2026-08-07 07:07:15 [INFO]: [0mGET /css/utilities.css [36m304[0m 1.773 ms - -[0m
2026-08-07 07:07:15 [INFO]: [0mGET /css/animations.css [36m304[0m 2.263 ms - -[0m
2026-08-07 07:07:15 [INFO]: [0mGET /css/announcement.css [36m304[0m 2.638 ms - -[0m
2026-08-07 07:07:15 [INFO]: [0mGET /css/hero.css [36m304[0m 2.819 ms - -[0m
2026-08-07 07:07:15 [INFO]: [0mGET /css/featured.css [36m304[0m 2.939 ms - -[0m
2026-08-07 07:07:15 [INFO]: [0mGET /css/why-choose.css [36m304[0m 0.883 ms - -[0m
2026-08-07 07:07:15 [INFO]: [0mGET /css/footer.css [36m304[0m 1.140 ms - -[0m
2026-08-07 07:07:15 [INFO]: [0mGET /css/auth.css [36m304[0m 1.434 ms - -[0m
2026-08-07 07:07:15 [INFO]: [0mGET /css/verify.css [36m304[0m 1.685 ms - -[0m
2026-08-07 07:07:17 [INFO]: [0mGET /admin/users [36m304[0m 188.466 ms - -[0m
2026-08-07 07:07:17 [INFO]: [0mGET /css/style.css [36m304[0m 0.454 ms - -[0m
2026-08-07 07:07:17 [INFO]: [0mGET /css/admin/layout.css [36m304[0m 1.154 ms - -[0m
2026-08-07 07:07:17 [INFO]: [0mGET /css/admin/users.css [36m304[0m 0.691 ms - -[0m
2026-08-07 07:07:17 [INFO]: [0mGET /css/admin/products.css [36m304[0m 0.899 ms - -[0m
2026-08-07 07:07:17 [INFO]: [0mGET /css/header.css [36m304[0m 1.332 ms - -[0m
2026-08-07 07:07:17 [INFO]: [0mGET /images/logo/plantora.png [36m304[0m 1.599 ms - -[0m
2026-08-07 07:07:17 [INFO]: [0mGET /js/admin/layout.js [36m304[0m 1.020 ms - -[0m
2026-08-07 07:07:17 [INFO]: [0mGET /js/admin/users.js [36m304[0m 1.422 ms - -[0m
2026-08-07 07:07:17 [INFO]: [0mGET /js/admin/products.js [36m304[0m 1.899 ms - -[0m
2026-08-07 07:07:17 [INFO]: [0mGET /js/header.js [36m304[0m 2.199 ms - -[0m
2026-08-07 07:07:17 [INFO]: [0mGET /js/notification.js [36m304[0m 2.421 ms - -[0m
2026-08-07 07:07:17 [INFO]: [0mGET /css/variables.css [36m304[0m 0.899 ms - -[0m
2026-08-07 07:07:17 [INFO]: [0mGET /css/utilities.css [36m304[0m 1.183 ms - -[0m
2026-08-07 07:07:17 [INFO]: [0mGET /css/animations.css [36m304[0m 1.561 ms - -[0m
2026-08-07 07:07:17 [INFO]: [0mGET /css/announcement.css [36m304[0m 1.954 ms - -[0m
2026-08-07 07:07:17 [INFO]: [0mGET /css/hero.css [36m304[0m 2.543 ms - -[0m
2026-08-07 07:07:17 [INFO]: [0mGET /css/featured.css [36m304[0m 1.196 ms - -[0m
2026-08-07 07:07:17 [INFO]: [0mGET /css/why-choose.css [36m304[0m 0.948 ms - -[0m
2026-08-07 07:07:17 [INFO]: [0mGET /css/footer.css [36m304[0m 0.740 ms - -[0m
2026-08-07 07:07:17 [INFO]: [0mGET /css/auth.css [36m304[0m 0.677 ms - -[0m
2026-08-07 07:07:17 [INFO]: [0mGET /css/verify.css [36m304[0m 0.990 ms - -[0m
2026-08-07 07:07:17 [INFO]: [0mGET /admin/users/trash [36m304[0m 204.367 ms - -[0m
2026-08-07 07:07:17 [INFO]: [0mGET /css/style.css [36m304[0m 0.644 ms - -[0m
2026-08-07 07:07:17 [INFO]: [0mGET /css/admin/layout.css [36m304[0m 0.724 ms - -[0m
2026-08-07 07:07:17 [INFO]: [0mGET /css/admin/users.css [36m304[0m 0.426 ms - -[0m
2026-08-07 07:07:17 [INFO]: [0mGET /css/admin/products.css [36m304[0m 0.554 ms - -[0m
2026-08-07 07:07:17 [INFO]: [0mGET /css/header.css [36m304[0m 0.737 ms - -[0m
2026-08-07 07:07:17 [INFO]: [0mGET /images/logo/plantora.png [36m304[0m 0.981 ms - -[0m
2026-08-07 07:07:18 [INFO]: [0mGET /js/admin/layout.js [36m304[0m 0.508 ms - -[0m
2026-08-07 07:07:18 [INFO]: [0mGET /css/variables.css [36m304[0m 0.484 ms - -[0m
2026-08-07 07:07:18 [INFO]: [0mGET /js/admin/users.js [36m304[0m 0.798 ms - -[0m
2026-08-07 07:07:18 [INFO]: [0mGET /js/admin/products.js [36m304[0m 1.195 ms - -[0m
2026-08-07 07:07:18 [INFO]: [0mGET /js/header.js [36m304[0m 1.480 ms - -[0m
2026-08-07 07:07:18 [INFO]: [0mGET /js/notification.js [36m304[0m 1.692 ms - -[0m
2026-08-07 07:07:18 [INFO]: [0mGET /css/utilities.css [36m304[0m 0.395 ms - -[0m
2026-08-07 07:07:18 [INFO]: [0mGET /css/animations.css [36m304[0m 0.556 ms - -[0m
2026-08-07 07:07:18 [INFO]: [0mGET /css/announcement.css [36m304[0m 0.743 ms - -[0m
2026-08-07 07:07:18 [INFO]: [0mGET /css/hero.css [36m304[0m 1.758 ms - -[0m
2026-08-07 07:07:18 [INFO]: [0mGET /css/featured.css [36m304[0m 1.027 ms - -[0m
2026-08-07 07:07:18 [INFO]: [0mGET /css/why-choose.css [36m304[0m 0.723 ms - -[0m
2026-08-07 07:07:18 [INFO]: [0mGET /css/footer.css [36m304[0m 0.588 ms - -[0m
2026-08-07 07:07:18 [INFO]: [0mGET /css/auth.css [36m304[0m 0.798 ms - -[0m
2026-08-07 07:07:18 [INFO]: [0mGET /css/verify.css [36m304[0m 1.043 ms - -[0m
2026-08-07 07:07:18 [ERROR]: Error: E:\Webskitters_Academy\NODE JS\final_project_node\plantora_final_project_node_ejs\views\admin\products\index.ejs:321
    319|             =========================================================== -->
    320| 
 >> 321|             <%- include("./partials/table") %>
    322| 
    323|             <!-- ==========================================================
    324|                  PAGINATION

Could not find the include file "./partials/table"
    at getIncludePath (E:\Webskitters_Academy\NODE JS\final_project_node\plantora_final_project_node_ejs\node_modules\ejs\lib\cjs\ejs.js:170:19)
    at includeFile (E:\Webskitters_Academy\NODE JS\final_project_node\plantora_final_project_node_ejs\node_modules\ejs\lib\cjs\ejs.js:284:21)
    at include (E:\Webskitters_Academy\NODE JS\final_project_node\plantora_final_project_node_ejs\node_modules\ejs\lib\cjs\ejs.js:634:24)
    at eval (eval at compile (E:\Webskitters_Academy\NODE JS\final_project_node\plantora_final_project_node_ejs\node_modules\ejs\lib\cjs\ejs.js:607:18), <anonymous>:68:17)
    at index (E:\Webskitters_Academy\NODE JS\final_project_node\plantora_final_project_node_ejs\node_modules\ejs\lib\cjs\ejs.js:643:23)
    at tryHandleCache (E:\Webskitters_Academy\NODE JS\final_project_node\plantora_final_project_node_ejs\node_modules\ejs\lib\cjs\ejs.js:253:42)
    at ejs.renderFile [as engine] (E:\Webskitters_Academy\NODE JS\final_project_node\plantora_final_project_node_ejs\node_modules\ejs\lib\cjs\ejs.js:444:12)
    at View.render (E:\Webskitters_Academy\NODE JS\final_project_node\plantora_final_project_node_ejs\node_modules\express\lib\view.js:139:8)
    at tryRender (E:\Webskitters_Academy\NODE JS\final_project_node\plantora_final_project_node_ejs\node_modules\express\lib\application.js:627:10)
    at app.render (E:\Webskitters_Academy\NODE JS\final_project_node\plantora_final_project_node_ejs\node_modules\express\lib\application.js:574:3)
2026-08-07 07:07:18 [INFO]: [0mGET /admin/products [31m500[0m 169.117 ms - 543[0m
2026-08-07 07:07:32 [INFO]: SIGINT received. Shutting down server...
2026-08-07 07:07:34 [INFO]: MongoDB connected successfully.
2026-08-07 07:07:37 [INFO]: Email server connected successfully.
2026-08-07 07:07:37 [INFO]: Server is running on port 5132.
2026-08-07 07:07:39 [INFO]: [0mGET /admin/users/trash [36m304[0m 222.692 ms - -[0m
2026-08-07 07:07:39 [INFO]: [0mGET /css/style.css [36m304[0m 1.056 ms - -[0m
2026-08-07 07:07:39 [INFO]: [0mGET /css/admin/layout.css [36m304[0m 0.478 ms - -[0m
2026-08-07 07:07:39 [INFO]: [0mGET /css/admin/users.css [36m304[0m 0.878 ms - -[0m
2026-08-07 07:07:39 [INFO]: [0mGET /css/admin/products.css [36m304[0m 0.984 ms - -[0m
2026-08-07 07:07:39 [INFO]: [0mGET /css/header.css [36m304[0m 1.166 ms - -[0m
2026-08-07 07:07:39 [INFO]: [0mGET /images/logo/plantora.png [36m304[0m 1.394 ms - -[0m
2026-08-07 07:07:39 [INFO]: [0mGET /js/admin/layout.js [36m304[0m 1.491 ms - -[0m
2026-08-07 07:07:39 [INFO]: [0mGET /js/admin/users.js [36m304[0m 1.416 ms - -[0m
2026-08-07 07:07:39 [INFO]: [0mGET /js/admin/products.js [36m304[0m 1.306 ms - -[0m
2026-08-07 07:07:39 [INFO]: [0mGET /js/header.js [36m304[0m 1.645 ms - -[0m
2026-08-07 07:07:39 [INFO]: [0mGET /js/notification.js [36m304[0m 0.516 ms - -[0m
2026-08-07 07:07:39 [INFO]: [0mGET /css/variables.css [36m304[0m 0.878 ms - -[0m
2026-08-07 07:07:39 [INFO]: [0mGET /css/utilities.css [36m304[0m 1.004 ms - -[0m
2026-08-07 07:07:39 [INFO]: [0mGET /css/animations.css [36m304[0m 1.194 ms - -[0m
2026-08-07 07:07:39 [INFO]: [0mGET /css/announcement.css [36m304[0m 1.434 ms - -[0m
2026-08-07 07:07:39 [INFO]: [0mGET /css/hero.css [36m304[0m 1.771 ms - -[0m
2026-08-07 07:07:39 [INFO]: [0mGET /css/featured.css [36m304[0m 1.955 ms - -[0m
2026-08-07 07:07:39 [INFO]: [0mGET /css/why-choose.css [36m304[0m 0.665 ms - -[0m
2026-08-07 07:07:39 [INFO]: [0mGET /css/footer.css [36m304[0m 0.680 ms - -[0m
2026-08-07 07:07:39 [INFO]: [0mGET /css/auth.css [36m304[0m 0.891 ms - -[0m
2026-08-07 07:07:39 [INFO]: [0mGET /css/verify.css [36m304[0m 0.321 ms - -[0m
2026-08-07 07:07:40 [INFO]: [0mGET /admin/products [32m200[0m 170.654 ms - -[0m
2026-08-07 07:07:40 [INFO]: [0mGET /css/style.css [36m304[0m 1.851 ms - -[0m
2026-08-07 07:07:40 [INFO]: [0mGET /css/admin/layout.css [36m304[0m 2.195 ms - -[0m
2026-08-07 07:07:40 [INFO]: [0mGET /css/admin/users.css [36m304[0m 1.940 ms - -[0m
2026-08-07 07:07:40 [INFO]: [0mGET /css/admin/products.css [36m304[0m 2.063 ms - -[0m
2026-08-07 07:07:40 [INFO]: [0mGET /css/header.css [36m304[0m 0.579 ms - -[0m
2026-08-07 07:07:40 [INFO]: [0mGET /images/logo/plantora.png [36m304[0m 0.787 ms - -[0m
2026-08-07 07:07:40 [INFO]: [0mGET /js/admin/layout.js [36m304[0m 0.358 ms - -[0m
2026-08-07 07:07:40 [INFO]: [0mGET /js/admin/products.js [36m304[0m 0.994 ms - -[0m
2026-08-07 07:07:40 [INFO]: [0mGET /js/admin/users.js [36m304[0m 1.664 ms - -[0m
2026-08-07 07:07:40 [INFO]: [0mGET /js/header.js [36m304[0m 1.337 ms - -[0m
2026-08-07 07:07:40 [INFO]: [0mGET /js/notification.js [36m304[0m 1.565 ms - -[0m
2026-08-07 07:07:40 [INFO]: [0mGET /css/variables.css [36m304[0m 0.308 ms - -[0m
2026-08-07 07:07:40 [INFO]: [0mGET /css/utilities.css [36m304[0m 0.532 ms - -[0m
2026-08-07 07:07:40 [INFO]: [0mGET /css/animations.css [36m304[0m 1.283 ms - -[0m
2026-08-07 07:07:40 [INFO]: [0mGET /css/announcement.css [36m304[0m 0.934 ms - -[0m
2026-08-07 07:07:40 [INFO]: [0mGET /css/hero.css [36m304[0m 1.212 ms - -[0m
2026-08-07 07:07:40 [INFO]: [0mGET /css/featured.css [36m304[0m 1.568 ms - -[0m
2026-08-07 07:07:40 [INFO]: [0mGET /css/why-choose.css [36m304[0m 1.093 ms - -[0m
2026-08-07 07:07:40 [INFO]: [0mGET /css/footer.css [36m304[0m 0.937 ms - -[0m
2026-08-07 07:07:40 [INFO]: [0mGET /css/auth.css [36m304[0m 1.064 ms - -[0m
2026-08-07 07:07:40 [INFO]: [0mGET /css/verify.css [36m304[0m 1.187 ms - -[0m
2026-08-07 07:07:55 [ERROR]: Show products page failed: req.flash is not a function
2026-08-07 07:07:55 [ERROR]: TypeError: req.flash is not a function
    at showProductsPage (E:\Webskitters_Academy\NODE JS\final_project_node\plantora_final_project_node_ejs\app\controllers\ProductController.js:253:11)
    at Layer.handleRequest (E:\Webskitters_Academy\NODE JS\final_project_node\plantora_final_project_node_ejs\node_modules\router\lib\layer.js:152:17)
    at next (E:\Webskitters_Academy\NODE JS\final_project_node\plantora_final_project_node_ejs\node_modules\router\lib\route.js:157:13)
    at E:\Webskitters_Academy\NODE JS\final_project_node\plantora_final_project_node_ejs\app\middlewares\authorizeRoles.js:23:12
    at Layer.handleRequest (E:\Webskitters_Academy\NODE JS\final_project_node\plantora_final_project_node_ejs\node_modules\router\lib\layer.js:152:17)
    at next (E:\Webskitters_Academy\NODE JS\final_project_node\plantora_final_project_node_ejs\node_modules\router\lib\route.js:157:13)
    at authMiddleware (E:\Webskitters_Academy\NODE JS\final_project_node\plantora_final_project_node_ejs\app\middlewares\authMiddleware.js:71:12)
    at process.processTicksAndRejections (node:internal/process/task_queues:103:5)
2026-08-07 07:07:55 [INFO]: [0mGET /admin/products?search=&searchBy=name&category=&brand=&sort=latest&limit=10 [31m500[0m 135.479 ms - 79[0m
2026-08-07 07:08:00 [INFO]: [0mGET /admin/products [36m304[0m 181.142 ms - -[0m
2026-08-07 07:08:00 [INFO]: [0mGET /css/style.css [36m304[0m 1.182 ms - -[0m
2026-08-07 07:08:00 [INFO]: [0mGET /css/admin/layout.css [36m304[0m 1.355 ms - -[0m
2026-08-07 07:08:00 [INFO]: [0mGET /css/admin/users.css [36m304[0m 1.330 ms - -[0m
2026-08-07 07:08:00 [INFO]: [0mGET /css/admin/products.css [36m304[0m 0.388 ms - -[0m
2026-08-07 07:08:00 [INFO]: [0mGET /css/header.css [36m304[0m 0.535 ms - -[0m
2026-08-07 07:08:00 [INFO]: [0mGET /images/logo/plantora.png [36m304[0m 0.436 ms - -[0m
2026-08-07 07:08:00 [INFO]: [0mGET /js/admin/layout.js [36m304[0m 0.205 ms - -[0m
2026-08-07 07:08:00 [INFO]: [0mGET /js/admin/users.js [36m304[0m 0.352 ms - -[0m
2026-08-07 07:08:00 [INFO]: [0mGET /css/variables.css [36m304[0m 0.860 ms - -[0m
2026-08-07 07:08:00 [INFO]: [0mGET /js/admin/products.js [36m304[0m 1.021 ms - -[0m
2026-08-07 07:08:00 [INFO]: [0mGET /css/utilities.css [36m304[0m 0.995 ms - -[0m
2026-08-07 07:08:00 [INFO]: [0mGET /css/animations.css [36m304[0m 0.275 ms - -[0m
2026-08-07 07:08:00 [INFO]: [0mGET /css/announcement.css [36m304[0m 0.434 ms - -[0m
2026-08-07 07:08:00 [INFO]: [0mGET /css/hero.css [36m304[0m 0.823 ms - -[0m
2026-08-07 07:08:00 [INFO]: [0mGET /css/featured.css [36m304[0m 0.491 ms - -[0m
2026-08-07 07:08:00 [INFO]: [0mGET /css/why-choose.css [36m304[0m 0.791 ms - -[0m
2026-08-07 07:08:00 [INFO]: [0mGET /css/footer.css [36m304[0m 0.479 ms - -[0m
2026-08-07 07:08:00 [INFO]: [0mGET /css/auth.css [36m304[0m 0.735 ms - -[0m
2026-08-07 07:08:00 [INFO]: [0mGET /css/verify.css [36m304[0m 0.548 ms - -[0m
2026-08-07 07:08:00 [INFO]: [0mGET /js/header.js [36m304[0m 0.359 ms - -[0m
2026-08-07 07:08:00 [INFO]: [0mGET /js/notification.js [36m304[0m 0.138 ms - -[0m
2026-08-07 07:08:02 [ERROR]: Error: E:\Webskitters_Academy\NODE JS\final_project_node\plantora_final_project_node_ejs\views\admin\products\trash.ejs:286
    284|             </div>
    285| 
 >> 286|             <%- include("./pagination") %>
    287| 
    288|         </main>
    289| 

Could not find the include file "./pagination"
    at getIncludePath (E:\Webskitters_Academy\NODE JS\final_project_node\plantora_final_project_node_ejs\node_modules\ejs\lib\cjs\ejs.js:170:19)
    at includeFile (E:\Webskitters_Academy\NODE JS\final_project_node\plantora_final_project_node_ejs\node_modules\ejs\lib\cjs\ejs.js:284:21)
    at include (E:\Webskitters_Academy\NODE JS\final_project_node\plantora_final_project_node_ejs\node_modules\ejs\lib\cjs\ejs.js:634:24)
    at eval (eval at compile (E:\Webskitters_Academy\NODE JS\final_project_node\plantora_final_project_node_ejs\node_modules\ejs\lib\cjs\ejs.js:607:18), <anonymous>:71:17)
    at trash (E:\Webskitters_Academy\NODE JS\final_project_node\plantora_final_project_node_ejs\node_modules\ejs\lib\cjs\ejs.js:643:23)
    at tryHandleCache (E:\Webskitters_Academy\NODE JS\final_project_node\plantora_final_project_node_ejs\node_modules\ejs\lib\cjs\ejs.js:253:42)
    at ejs.renderFile [as engine] (E:\Webskitters_Academy\NODE JS\final_project_node\plantora_final_project_node_ejs\node_modules\ejs\lib\cjs\ejs.js:444:12)
    at View.render (E:\Webskitters_Academy\NODE JS\final_project_node\plantora_final_project_node_ejs\node_modules\express\lib\view.js:139:8)
    at tryRender (E:\Webskitters_Academy\NODE JS\final_project_node\plantora_final_project_node_ejs\node_modules\express\lib\application.js:627:10)
    at app.render (E:\Webskitters_Academy\NODE JS\final_project_node\plantora_final_project_node_ejs\node_modules\express\lib\application.js:574:3)
2026-08-07 07:08:02 [INFO]: [0mGET /admin/products/trash [31m500[0m 179.483 ms - 397[0m
2026-08-07 07:08:19 [INFO]: SIGINT received. Shutting down server...
2026-08-07 07:08:21 [INFO]: MongoDB connected successfully.
2026-08-07 07:08:24 [INFO]: Email server connected successfully.
2026-08-07 07:08:24 [INFO]: Server is running on port 5132.
2026-08-07 07:08:24 [INFO]: [0mGET /admin/products [36m304[0m 177.417 ms - -[0m
2026-08-07 07:08:24 [INFO]: [0mGET /css/style.css [36m304[0m 1.857 ms - -[0m
2026-08-07 07:08:24 [INFO]: [0mGET /css/admin/layout.css [36m304[0m 1.898 ms - -[0m
2026-08-07 07:08:24 [INFO]: [0mGET /css/admin/users.css [36m304[0m 0.697 ms - -[0m
2026-08-07 07:08:24 [INFO]: [0mGET /css/admin/products.css [36m304[0m 0.971 ms - -[0m
2026-08-07 07:08:24 [INFO]: [0mGET /css/header.css [36m304[0m 1.269 ms - -[0m
2026-08-07 07:08:24 [INFO]: [0mGET /images/logo/plantora.png [36m304[0m 1.727 ms - -[0m
2026-08-07 07:08:24 [INFO]: [0mGET /js/admin/layout.js [36m304[0m 2.165 ms - -[0m
2026-08-07 07:08:24 [INFO]: [0mGET /js/admin/users.js [36m304[0m 2.550 ms - -[0m
2026-08-07 07:08:24 [INFO]: [0mGET /js/admin/products.js [36m304[0m 2.655 ms - -[0m
2026-08-07 07:08:24 [INFO]: [0mGET /js/header.js [36m304[0m 3.009 ms - -[0m
2026-08-07 07:08:24 [INFO]: [0mGET /js/notification.js [36m304[0m 3.999 ms - -[0m
2026-08-07 07:08:24 [INFO]: [0mGET /css/variables.css [36m304[0m 1.229 ms - -[0m
2026-08-07 07:08:24 [INFO]: [0mGET /css/utilities.css [36m304[0m 0.956 ms - -[0m
2026-08-07 07:08:24 [INFO]: [0mGET /css/animations.css [36m304[0m 1.312 ms - -[0m
2026-08-07 07:08:24 [INFO]: [0mGET /css/announcement.css [36m304[0m 1.623 ms - -[0m
2026-08-07 07:08:24 [INFO]: [0mGET /css/hero.css [36m304[0m 2.615 ms - -[0m
2026-08-07 07:08:24 [INFO]: [0mGET /css/featured.css [36m304[0m 0.848 ms - -[0m
2026-08-07 07:08:24 [INFO]: [0mGET /css/why-choose.css [36m304[0m 0.824 ms - -[0m
2026-08-07 07:08:24 [INFO]: [0mGET /css/footer.css [36m304[0m 0.969 ms - -[0m
2026-08-07 07:08:24 [INFO]: [0mGET /css/auth.css [36m304[0m 1.167 ms - -[0m
2026-08-07 07:08:24 [INFO]: [0mGET /css/verify.css [36m304[0m 1.369 ms - -[0m
2026-08-07 07:08:25 [INFO]: [0mGET /admin/products/trash [32m200[0m 170.097 ms - -[0m
2026-08-07 07:08:25 [INFO]: [0mGET /css/style.css [36m304[0m 0.308 ms - -[0m
2026-08-07 07:08:25 [INFO]: [0mGET /css/admin/layout.css [36m304[0m 0.721 ms - -[0m
2026-08-07 07:08:25 [INFO]: [0mGET /css/admin/users.css [36m304[0m 0.378 ms - -[0m
2026-08-07 07:08:25 [INFO]: [0mGET /css/admin/products.css [36m304[0m 0.522 ms - -[0m
2026-08-07 07:08:25 [INFO]: [0mGET /css/header.css [36m304[0m 0.720 ms - -[0m
2026-08-07 07:08:25 [INFO]: [0mGET /images/logo/plantora.png [36m304[0m 1.239 ms - -[0m
2026-08-07 07:08:25 [INFO]: [0mGET /js/admin/layout.js [36m304[0m 0.471 ms - -[0m
2026-08-07 07:08:25 [INFO]: [0mGET /js/admin/users.js [36m304[0m 0.819 ms - -[0m
2026-08-07 07:08:25 [INFO]: [0mGET /js/admin/products.js [36m304[0m 0.511 ms - -[0m
2026-08-07 07:08:25 [INFO]: [0mGET /js/header.js [36m304[0m 0.603 ms - -[0m
2026-08-07 07:08:25 [INFO]: [0mGET /js/notification.js [36m304[0m 0.830 ms - -[0m
2026-08-07 07:08:25 [INFO]: [0mGET /css/variables.css [36m304[0m 1.091 ms - -[0m
2026-08-07 07:08:25 [INFO]: [0mGET /css/utilities.css [36m304[0m 0.583 ms - -[0m
2026-08-07 07:08:25 [INFO]: [0mGET /css/animations.css [36m304[0m 1.351 ms - -[0m
2026-08-07 07:08:25 [INFO]: [0mGET /css/announcement.css [36m304[0m 1.472 ms - -[0m
2026-08-07 07:08:25 [INFO]: [0mGET /css/hero.css [36m304[0m 1.816 ms - -[0m
2026-08-07 07:08:25 [INFO]: [0mGET /css/featured.css [36m304[0m 2.024 ms - -[0m
2026-08-07 07:08:25 [INFO]: [0mGET /css/why-choose.css [36m304[0m 0.514 ms - -[0m
2026-08-07 07:08:25 [INFO]: [0mGET /css/footer.css [36m304[0m 0.766 ms - -[0m
2026-08-07 07:08:25 [INFO]: [0mGET /css/auth.css [36m304[0m 0.508 ms - -[0m
2026-08-07 07:08:25 [INFO]: [0mGET /css/verify.css [36m304[0m 0.602 ms - -[0m
2026-08-07 07:08:42 [INFO]: [0mGET /admin/products [36m304[0m 178.801 ms - -[0m
2026-08-07 07:08:42 [INFO]: [0mGET /css/style.css [36m304[0m 1.111 ms - -[0m
2026-08-07 07:08:42 [INFO]: [0mGET /css/admin/layout.css [36m304[0m 1.160 ms - -[0m
2026-08-07 07:08:42 [INFO]: [0mGET /css/admin/users.css [36m304[0m 0.910 ms - -[0m
2026-08-07 07:08:42 [INFO]: [0mGET /css/admin/products.css [36m304[0m 1.286 ms - -[0m
2026-08-07 07:08:42 [INFO]: [0mGET /css/header.css [36m304[0m 1.516 ms - -[0m
2026-08-07 07:08:42 [INFO]: [0mGET /images/logo/plantora.png [36m304[0m 0.565 ms - -[0m
2026-08-07 07:08:42 [INFO]: [0mGET /js/admin/layout.js [36m304[0m 0.742 ms - -[0m
2026-08-07 07:08:42 [INFO]: [0mGET /js/admin/users.js [36m304[0m 0.790 ms - -[0m
2026-08-07 07:08:42 [INFO]: [0mGET /js/admin/products.js [36m304[0m 1.121 ms - -[0m
2026-08-07 07:08:42 [INFO]: [0mGET /js/header.js [36m304[0m 1.648 ms - -[0m
2026-08-07 07:08:42 [INFO]: [0mGET /js/notification.js [36m304[0m 1.981 ms - -[0m
2026-08-07 07:08:42 [INFO]: [0mGET /css/variables.css [36m304[0m 0.966 ms - -[0m
2026-08-07 07:08:42 [INFO]: [0mGET /css/utilities.css [36m304[0m 1.285 ms - -[0m
2026-08-07 07:08:42 [INFO]: [0mGET /css/animations.css [36m304[0m 1.909 ms - -[0m
2026-08-07 07:08:42 [INFO]: [0mGET /css/announcement.css [36m304[0m 1.069 ms - -[0m
2026-08-07 07:08:42 [INFO]: [0mGET /css/hero.css [36m304[0m 1.308 ms - -[0m
2026-08-07 07:08:42 [INFO]: [0mGET /css/featured.css [36m304[0m 2.363 ms - -[0m
2026-08-07 07:08:42 [INFO]: [0mGET /css/why-choose.css [36m304[0m 1.102 ms - -[0m
2026-08-07 07:08:42 [INFO]: [0mGET /css/footer.css [36m304[0m 1.387 ms - -[0m
2026-08-07 07:08:42 [INFO]: [0mGET /css/auth.css [36m304[0m 0.296 ms - -[0m
2026-08-07 07:08:42 [INFO]: [0mGET /css/verify.css [36m304[0m 0.794 ms - -[0m
2026-08-07 07:08:57 [INFO]: [0mGET /admin/products/create [32m200[0m 166.945 ms - -[0m
2026-08-07 07:08:57 [INFO]: [0mGET /css/style.css [36m304[0m 0.765 ms - -[0m
2026-08-07 07:08:57 [INFO]: [0mGET /css/admin/layout.css [36m304[0m 0.963 ms - -[0m
2026-08-07 07:08:57 [INFO]: [0mGET /css/admin/users.css [36m304[0m 0.272 ms - -[0m
2026-08-07 07:08:57 [INFO]: [0mGET /css/header.css [36m304[0m 0.391 ms - -[0m
2026-08-07 07:08:57 [INFO]: [0mGET /css/admin/products.css [36m304[0m 0.834 ms - -[0m
2026-08-07 07:08:57 [INFO]: [0mGET /images/logo/plantora.png [36m304[0m 1.132 ms - -[0m
2026-08-07 07:08:57 [INFO]: [0mGET /js/admin/layout.js [36m304[0m 0.931 ms - -[0m
2026-08-07 07:08:57 [INFO]: [0mGET /js/admin/users.js [36m304[0m 1.023 ms - -[0m
2026-08-07 07:08:57 [INFO]: [0mGET /js/admin/products.js [36m304[0m 1.112 ms - -[0m
2026-08-07 07:08:57 [INFO]: [0mGET /js/header.js [36m304[0m 1.263 ms - -[0m
2026-08-07 07:08:57 [INFO]: [0mGET /js/notification.js [36m304[0m 1.391 ms - -[0m
2026-08-07 07:08:57 [INFO]: [0mGET /css/variables.css [36m304[0m 0.267 ms - -[0m
2026-08-07 07:08:57 [INFO]: [0mGET /css/utilities.css [36m304[0m 0.930 ms - -[0m
2026-08-07 07:08:57 [INFO]: [0mGET /css/animations.css [36m304[0m 1.325 ms - -[0m
2026-08-07 07:08:57 [INFO]: [0mGET /css/announcement.css [36m304[0m 2.273 ms - -[0m
2026-08-07 07:08:57 [INFO]: [0mGET /css/hero.css [36m304[0m 1.403 ms - -[0m
2026-08-07 07:08:57 [INFO]: [0mGET /css/featured.css [36m304[0m 2.805 ms - -[0m
2026-08-07 07:08:57 [INFO]: [0mGET /css/why-choose.css [36m304[0m 1.504 ms - -[0m
2026-08-07 07:08:57 [INFO]: [0mGET /css/footer.css [36m304[0m 2.139 ms - -[0m
2026-08-07 07:08:57 [INFO]: [0mGET /css/auth.css [36m304[0m 1.342 ms - -[0m
2026-08-07 07:08:57 [INFO]: [0mGET /css/verify.css [36m304[0m 0.283 ms - -[0m
2026-08-07 07:09:14 [INFO]: [0mGET /products [33m404[0m 106.550 ms - 72[0m
2026-08-07 07:09:19 [ERROR]: Show products page failed: req.flash is not a function
2026-08-07 07:09:19 [ERROR]: TypeError: req.flash is not a function
    at showProductsPage (E:\Webskitters_Academy\NODE JS\final_project_node\plantora_final_project_node_ejs\app\controllers\ProductController.js:253:11)
    at Layer.handleRequest (E:\Webskitters_Academy\NODE JS\final_project_node\plantora_final_project_node_ejs\node_modules\router\lib\layer.js:152:17)
    at next (E:\Webskitters_Academy\NODE JS\final_project_node\plantora_final_project_node_ejs\node_modules\router\lib\route.js:157:13)
    at E:\Webskitters_Academy\NODE JS\final_project_node\plantora_final_project_node_ejs\app\middlewares\authorizeRoles.js:23:12
    at Layer.handleRequest (E:\Webskitters_Academy\NODE JS\final_project_node\plantora_final_project_node_ejs\node_modules\router\lib\layer.js:152:17)
    at next (E:\Webskitters_Academy\NODE JS\final_project_node\plantora_final_project_node_ejs\node_modules\router\lib\route.js:157:13)
    at authMiddleware (E:\Webskitters_Academy\NODE JS\final_project_node\plantora_final_project_node_ejs\app\middlewares\authMiddleware.js:71:12)
    at process.processTicksAndRejections (node:internal/process/task_queues:103:5)
2026-08-07 07:09:19 [INFO]: [0mGET /admin/products?search=&searchBy=name&category=&brand=&sort=latest&limit=10 [31m500[0m 173.594 ms - 79[0m
2026-08-07 07:31:42 [INFO]: [0mGET /admin/products [33m401[0m 0.567 ms - 55[0m
2026-08-07 07:31:48 [INFO]: [0mGET / [32m200[0m 11.201 ms - -[0m
2026-08-07 07:31:48 [INFO]: [0mGET /css/style.css [36m304[0m 0.551 ms - -[0m
2026-08-07 07:31:48 [INFO]: [0mGET /images/logo/plantora.png [36m304[0m 0.597 ms - -[0m
2026-08-07 07:31:48 [INFO]: [0mGET /images/hero/hero-placeholder.png [36m304[0m 0.991 ms - -[0m
2026-08-07 07:31:48 [INFO]: [0mGET /images/hero/monstera-plant.jpg [36m304[0m 0.712 ms - -[0m
2026-08-07 07:31:48 [INFO]: [0mGET /images/hero/snake-plant.jpg [36m304[0m 0.783 ms - -[0m
2026-08-07 07:31:48 [INFO]: [0mGET /images/hero/peace-lily.jpg [36m304[0m 0.698 ms - -[0m
2026-08-07 07:31:48 [INFO]: [0mGET /js/header.js [36m304[0m 0.808 ms - -[0m
2026-08-07 07:31:48 [INFO]: [0mGET /css/variables.css [36m304[0m 0.628 ms - -[0m
2026-08-07 07:31:48 [INFO]: [0mGET /css/utilities.css [36m304[0m 0.999 ms - -[0m
2026-08-07 07:31:48 [INFO]: [0mGET /css/animations.css [36m304[0m 1.409 ms - -[0m
2026-08-07 07:31:48 [INFO]: [0mGET /css/announcement.css [36m304[0m 0.332 ms - -[0m
2026-08-07 07:31:48 [INFO]: [0mGET /css/header.css [36m304[0m 1.390 ms - -[0m
2026-08-07 07:31:48 [INFO]: [0mGET /css/hero.css [36m304[0m 1.726 ms - -[0m
2026-08-07 07:31:48 [INFO]: [0mGET /css/featured.css [36m304[0m 1.886 ms - -[0m
2026-08-07 07:31:48 [INFO]: [0mGET /css/why-choose.css [36m304[0m 2.701 ms - -[0m
2026-08-07 07:31:48 [INFO]: [0mGET /css/footer.css [36m304[0m 0.890 ms - -[0m
2026-08-07 07:31:48 [INFO]: [0mGET /css/auth.css [36m304[0m 1.573 ms - -[0m
2026-08-07 07:31:48 [INFO]: [0mGET /css/verify.css [36m304[0m 0.374 ms - -[0m
2026-08-07 07:31:48 [INFO]: [0mGET /js/featured.js [36m304[0m 0.821 ms - -[0m
2026-08-07 07:31:48 [INFO]: [0mGET /js/why-choose.js [36m304[0m 1.036 ms - -[0m
2026-08-07 07:31:48 [INFO]: [0mGET /js/notification.js [36m304[0m 1.293 ms - -[0m
2026-08-07 07:31:48 [INFO]: [0mGET /js/footer.js [36m304[0m 1.724 ms - -[0m
2026-08-07 07:31:48 [INFO]: [0mGET /js/auth.js [36m304[0m 0.561 ms - -[0m
2026-08-07 07:31:48 [INFO]: [0mGET /images/hero/tulip-plant.jpg [36m304[0m 0.392 ms - -[0m
2026-08-07 07:31:48 [INFO]: [0mGET /images/hero/rubber-plant.jpg [36m304[0m 0.545 ms - -[0m
2026-08-07 07:31:48 [INFO]: [0mGET /images/hero/aloe-vera.jpg [36m304[0m 0.268 ms - -[0m
2026-08-07 07:31:48 [INFO]: [0mGET /images/hero/areca-palm.jpg [36m304[0m 0.189 ms - -[0m
2026-08-07 07:31:48 [INFO]: [0mGET /images/hero/jade-plant.jpg [36m304[0m 0.194 ms - -[0m
2026-08-07 07:31:48 [INFO]: [0mGET /images/hero/golden-pothos.jpg [36m304[0m 0.296 ms - -[0m
2026-08-07 07:31:48 [INFO]: [0mGET /images/hero/fiddle-leaf-fig.jpg [36m304[0m 0.862 ms - -[0m
2026-08-07 07:31:48 [INFO]: [0mGET /images/hero/why-choose.jpg [36m304[0m 0.270 ms - -[0m
2026-08-07 07:31:48 [INFO]: [0mGET /images/logo/plantora-orgn-white.png [36m304[0m 0.344 ms - -[0m
2026-08-07 07:31:51 [INFO]: Login successful : admin-plantora@yopmail.com
2026-08-07 07:31:51 [INFO]: [0mPOST /auth/login [32m200[0m 599.404 ms - 46[0m
2026-08-07 07:31:52 [INFO]: [0mGET / [32m200[0m 90.657 ms - -[0m
2026-08-07 07:31:52 [INFO]: [0mGET /css/style.css [36m304[0m 1.145 ms - -[0m
2026-08-07 07:31:52 [INFO]: [0mGET /images/logo/plantora.png [36m304[0m 1.276 ms - -[0m
2026-08-07 07:31:52 [INFO]: [0mGET /images/hero/hero-placeholder.png [36m304[0m 1.405 ms - -[0m
2026-08-07 07:31:52 [INFO]: [0mGET /images/hero/monstera-plant.jpg [36m304[0m 0.340 ms - -[0m
2026-08-07 07:31:52 [INFO]: [0mGET /js/header.js [36m304[0m 0.171 ms - -[0m
2026-08-07 07:31:52 [INFO]: [0mGET /js/featured.js [36m304[0m 0.738 ms - -[0m
2026-08-07 07:31:52 [INFO]: [0mGET /js/why-choose.js [36m304[0m 0.930 ms - -[0m
2026-08-07 07:31:52 [INFO]: [0mGET /js/notification.js [36m304[0m 0.994 ms - -[0m
2026-08-07 07:31:52 [INFO]: [0mGET /js/footer.js [36m304[0m 0.272 ms - -[0m
2026-08-07 07:31:52 [INFO]: [0mGET /css/variables.css [36m304[0m 0.547 ms - -[0m
2026-08-07 07:31:52 [INFO]: [0mGET /css/utilities.css [36m304[0m 0.725 ms - -[0m
2026-08-07 07:31:52 [INFO]: [0mGET /css/animations.css [36m304[0m 0.614 ms - -[0m
2026-08-07 07:31:52 [INFO]: [0mGET /css/announcement.css [36m304[0m 0.843 ms - -[0m
2026-08-07 07:31:52 [INFO]: [0mGET /css/header.css [36m304[0m 1.076 ms - -[0m
2026-08-07 07:31:52 [INFO]: [0mGET /css/hero.css [36m304[0m 0.914 ms - -[0m
2026-08-07 07:31:52 [INFO]: [0mGET /css/featured.css [36m304[0m 0.757 ms - -[0m
2026-08-07 07:31:52 [INFO]: [0mGET /css/why-choose.css [36m304[0m 0.815 ms - -[0m
2026-08-07 07:31:52 [INFO]: [0mGET /css/footer.css [36m304[0m 0.937 ms - -[0m
2026-08-07 07:31:52 [INFO]: [0mGET /css/auth.css [36m304[0m 0.226 ms - -[0m
2026-08-07 07:31:52 [INFO]: [0mGET /css/verify.css [36m304[0m 0.327 ms - -[0m
2026-08-07 07:31:52 [INFO]: [0mGET /js/auth.js [36m304[0m 0.239 ms - -[0m
2026-08-07 07:31:52 [INFO]: [0mGET /images/hero/snake-plant.jpg [36m304[0m 0.589 ms - -[0m
2026-08-07 07:31:52 [INFO]: [0mGET /images/hero/peace-lily.jpg [36m304[0m 0.624 ms - -[0m
2026-08-07 07:31:52 [INFO]: [0mGET /images/hero/tulip-plant.jpg [36m304[0m 0.865 ms - -[0m
2026-08-07 07:31:52 [INFO]: [0mGET /images/hero/rubber-plant.jpg [36m304[0m 0.599 ms - -[0m
2026-08-07 07:31:52 [INFO]: [0mGET /images/hero/aloe-vera.jpg [36m304[0m 1.265 ms - -[0m
2026-08-07 07:31:52 [INFO]: [0mGET /images/hero/areca-palm.jpg [36m304[0m 0.480 ms - -[0m
2026-08-07 07:31:52 [INFO]: [0mGET /images/hero/jade-plant.jpg [36m304[0m 0.681 ms - -[0m
2026-08-07 07:31:52 [INFO]: [0mGET /images/hero/golden-pothos.jpg [36m304[0m 0.751 ms - -[0m
2026-08-07 07:31:52 [INFO]: [0mGET /images/hero/fiddle-leaf-fig.jpg [36m304[0m 1.132 ms - -[0m
2026-08-07 07:31:52 [INFO]: [0mGET /images/hero/why-choose.jpg [36m304[0m 0.449 ms - -[0m
2026-08-07 07:31:52 [INFO]: [0mGET /images/logo/plantora-orgn-white.png [36m304[0m 0.193 ms - -[0m
2026-08-07 07:31:55 [INFO]: [0mGET /admin/dashboard [36m304[0m 129.491 ms - -[0m
2026-08-07 07:31:55 [INFO]: [0mGET /css/style.css [36m304[0m 1.056 ms - -[0m
2026-08-07 07:31:55 [INFO]: [0mGET /css/admin/layout.css [36m304[0m 1.286 ms - -[0m
2026-08-07 07:31:55 [INFO]: [0mGET /css/admin/users.css [36m304[0m 1.378 ms - -[0m
2026-08-07 07:31:55 [INFO]: [0mGET /css/header.css [36m304[0m 0.758 ms - -[0m
2026-08-07 07:31:55 [INFO]: [0mGET /images/logo/plantora.png [36m304[0m 0.930 ms - -[0m
2026-08-07 07:31:55 [INFO]: [0mGET /css/admin/products.css [32m200[0m 3.786 ms - -[0m
2026-08-07 07:31:55 [INFO]: [0mGET /js/admin/layout.js [36m304[0m 0.267 ms - -[0m
2026-08-07 07:31:55 [INFO]: [0mGET /css/variables.css [36m304[0m 0.317 ms - -[0m
2026-08-07 07:31:55 [INFO]: [0mGET /js/admin/users.js [36m304[0m 0.473 ms - -[0m
2026-08-07 07:31:55 [INFO]: [0mGET /js/admin/products.js [36m304[0m 0.930 ms - -[0m
2026-08-07 07:31:55 [INFO]: [0mGET /js/header.js [36m304[0m 0.596 ms - -[0m
2026-08-07 07:31:55 [INFO]: [0mGET /js/notification.js [36m304[0m 1.524 ms - -[0m
2026-08-07 07:31:55 [INFO]: [0mGET /css/utilities.css [36m304[0m 1.120 ms - -[0m
2026-08-07 07:31:55 [INFO]: [0mGET /css/animations.css [36m304[0m 0.925 ms - -[0m
2026-08-07 07:31:55 [INFO]: [0mGET /css/announcement.css [36m304[0m 0.503 ms - -[0m
2026-08-07 07:31:55 [INFO]: [0mGET /css/hero.css [36m304[0m 0.692 ms - -[0m
2026-08-07 07:31:55 [INFO]: [0mGET /css/featured.css [36m304[0m 1.161 ms - -[0m
2026-08-07 07:31:55 [INFO]: [0mGET /css/why-choose.css [36m304[0m 0.568 ms - -[0m
2026-08-07 07:31:55 [INFO]: [0mGET /css/footer.css [36m304[0m 0.722 ms - -[0m
2026-08-07 07:31:55 [INFO]: [0mGET /css/auth.css [36m304[0m 1.334 ms - -[0m
2026-08-07 07:31:55 [INFO]: [0mGET /css/verify.css [36m304[0m 0.440 ms - -[0m
2026-08-07 07:31:57 [INFO]: [0mGET /admin/users [36m304[0m 191.316 ms - -[0m
2026-08-07 07:31:57 [INFO]: [0mGET /css/style.css [36m304[0m 0.680 ms - -[0m
2026-08-07 07:31:57 [INFO]: [0mGET /css/admin/layout.css [36m304[0m 1.486 ms - -[0m
2026-08-07 07:31:57 [INFO]: [0mGET /css/admin/users.css [36m304[0m 1.742 ms - -[0m
2026-08-07 07:31:57 [INFO]: [0mGET /css/admin/products.css [36m304[0m 2.022 ms - -[0m
2026-08-07 07:31:57 [INFO]: [0mGET /css/header.css [36m304[0m 2.335 ms - -[0m
2026-08-07 07:31:57 [INFO]: [0mGET /images/logo/plantora.png [36m304[0m 2.371 ms - -[0m
2026-08-07 07:31:57 [INFO]: [0mGET /js/admin/layout.js [36m304[0m 1.237 ms - -[0m
2026-08-07 07:31:57 [INFO]: [0mGET /js/admin/users.js [36m304[0m 1.563 ms - -[0m
2026-08-07 07:31:57 [INFO]: [0mGET /js/admin/products.js [36m304[0m 1.873 ms - -[0m
2026-08-07 07:31:57 [INFO]: [0mGET /js/header.js [36m304[0m 2.056 ms - -[0m
2026-08-07 07:31:57 [INFO]: [0mGET /js/notification.js [36m304[0m 3.060 ms - -[0m
2026-08-07 07:31:57 [INFO]: [0mGET /css/variables.css [36m304[0m 1.288 ms - -[0m
2026-08-07 07:31:57 [INFO]: [0mGET /css/utilities.css [36m304[0m 0.943 ms - -[0m
2026-08-07 07:31:57 [INFO]: [0mGET /css/animations.css [36m304[0m 1.147 ms - -[0m
2026-08-07 07:31:57 [INFO]: [0mGET /css/announcement.css [36m304[0m 2.013 ms - -[0m
2026-08-07 07:31:57 [INFO]: [0mGET /css/hero.css [36m304[0m 1.046 ms - -[0m
2026-08-07 07:31:57 [INFO]: [0mGET /css/featured.css [36m304[0m 1.862 ms - -[0m
2026-08-07 07:31:57 [INFO]: [0mGET /css/why-choose.css [36m304[0m 0.870 ms - -[0m
2026-08-07 07:31:57 [INFO]: [0mGET /css/footer.css [36m304[0m 1.268 ms - -[0m
2026-08-07 07:31:57 [INFO]: [0mGET /css/auth.css [36m304[0m 0.784 ms - -[0m
2026-08-07 07:31:57 [INFO]: [0mGET /css/verify.css [36m304[0m 1.126 ms - -[0m
2026-08-07 07:31:58 [INFO]: [0mGET /admin/users/trash [36m304[0m 204.344 ms - -[0m
2026-08-07 07:31:58 [INFO]: [0mGET /css/style.css [36m304[0m 2.448 ms - -[0m
2026-08-07 07:31:58 [INFO]: [0mGET /css/admin/layout.css [36m304[0m 2.573 ms - -[0m
2026-08-07 07:31:58 [INFO]: [0mGET /css/admin/users.css [36m304[0m 2.739 ms - -[0m
2026-08-07 07:31:58 [INFO]: [0mGET /css/admin/products.css [36m304[0m 2.740 ms - -[0m
2026-08-07 07:31:58 [INFO]: [0mGET /css/header.css [36m304[0m 2.775 ms - -[0m
2026-08-07 07:31:58 [INFO]: [0mGET /images/logo/plantora.png [36m304[0m 2.804 ms - -[0m
2026-08-07 07:31:58 [INFO]: [0mGET /js/admin/layout.js [36m304[0m 0.445 ms - -[0m
2026-08-07 07:31:58 [INFO]: [0mGET /js/admin/users.js [36m304[0m 0.663 ms - -[0m
2026-08-07 07:31:58 [INFO]: [0mGET /js/admin/products.js [36m304[0m 0.863 ms - -[0m
2026-08-07 07:31:58 [INFO]: [0mGET /js/header.js [36m304[0m 1.162 ms - -[0m
2026-08-07 07:31:58 [INFO]: [0mGET /js/notification.js [36m304[0m 1.293 ms - -[0m
2026-08-07 07:31:58 [INFO]: [0mGET /css/variables.css [36m304[0m 1.294 ms - -[0m
2026-08-07 07:31:58 [INFO]: [0mGET /css/utilities.css [36m304[0m 1.610 ms - -[0m
2026-08-07 07:31:58 [INFO]: [0mGET /css/animations.css [36m304[0m 1.924 ms - -[0m
2026-08-07 07:31:58 [INFO]: [0mGET /css/announcement.css [36m304[0m 2.029 ms - -[0m
2026-08-07 07:31:58 [INFO]: [0mGET /css/hero.css [36m304[0m 2.017 ms - -[0m
2026-08-07 07:31:58 [INFO]: [0mGET /css/featured.css [36m304[0m 2.218 ms - -[0m
2026-08-07 07:31:58 [INFO]: [0mGET /css/why-choose.css [36m304[0m 0.358 ms - -[0m
2026-08-07 07:31:58 [INFO]: [0mGET /css/footer.css [36m304[0m 0.573 ms - -[0m
2026-08-07 07:31:58 [INFO]: [0mGET /css/auth.css [36m304[0m 0.755 ms - -[0m
2026-08-07 07:31:58 [INFO]: [0mGET /css/verify.css [36m304[0m 0.220 ms - -[0m
2026-08-07 07:31:59 [INFO]: [0mGET /admin/products [36m304[0m 172.334 ms - -[0m
2026-08-07 07:31:59 [INFO]: [0mGET /css/style.css [36m304[0m 0.853 ms - -[0m
2026-08-07 07:31:59 [INFO]: [0mGET /css/admin/layout.css [36m304[0m 1.484 ms - -[0m
2026-08-07 07:31:59 [INFO]: [0mGET /css/admin/users.css [36m304[0m 1.956 ms - -[0m
2026-08-07 07:31:59 [INFO]: [0mGET /css/admin/products.css [36m304[0m 3.230 ms - -[0m
2026-08-07 07:31:59 [INFO]: [0mGET /css/header.css [36m304[0m 4.131 ms - -[0m
2026-08-07 07:31:59 [INFO]: [0mGET /images/logo/plantora.png [36m304[0m 4.647 ms - -[0m
2026-08-07 07:31:59 [INFO]: [0mGET /js/admin/layout.js [36m304[0m 0.804 ms - -[0m
2026-08-07 07:31:59 [INFO]: [0mGET /js/admin/users.js [36m304[0m 0.792 ms - -[0m
2026-08-07 07:31:59 [INFO]: [0mGET /js/admin/products.js [36m304[0m 0.514 ms - -[0m
2026-08-07 07:31:59 [INFO]: [0mGET /js/header.js [36m304[0m 0.713 ms - -[0m
2026-08-07 07:31:59 [INFO]: [0mGET /js/notification.js [36m304[0m 1.098 ms - -[0m
2026-08-07 07:31:59 [INFO]: [0mGET /css/variables.css [36m304[0m 0.895 ms - -[0m
2026-08-07 07:31:59 [INFO]: [0mGET /css/utilities.css [36m304[0m 0.701 ms - -[0m
2026-08-07 07:31:59 [INFO]: [0mGET /css/animations.css [36m304[0m 1.096 ms - -[0m
2026-08-07 07:31:59 [INFO]: [0mGET /css/announcement.css [36m304[0m 1.639 ms - -[0m
2026-08-07 07:31:59 [INFO]: [0mGET /css/hero.css [36m304[0m 0.761 ms - -[0m
2026-08-07 07:31:59 [INFO]: [0mGET /css/featured.css [36m304[0m 1.459 ms - -[0m
2026-08-07 07:31:59 [INFO]: [0mGET /css/why-choose.css [36m304[0m 0.679 ms - -[0m
2026-08-07 07:31:59 [INFO]: [0mGET /css/footer.css [36m304[0m 1.187 ms - -[0m
2026-08-07 07:31:59 [INFO]: [0mGET /css/auth.css [36m304[0m 0.692 ms - -[0m
2026-08-07 07:31:59 [INFO]: [0mGET /css/verify.css [36m304[0m 1.079 ms - -[0m
2026-08-07 07:32:02 [ERROR]: Show products page failed: req.flash is not a function
2026-08-07 07:32:02 [ERROR]: TypeError: req.flash is not a function
    at showProductsPage (E:\Webskitters_Academy\NODE JS\final_project_node\plantora_final_project_node_ejs\app\controllers\ProductController.js:253:11)
    at Layer.handleRequest (E:\Webskitters_Academy\NODE JS\final_project_node\plantora_final_project_node_ejs\node_modules\router\lib\layer.js:152:17)
    at next (E:\Webskitters_Academy\NODE JS\final_project_node\plantora_final_project_node_ejs\node_modules\router\lib\route.js:157:13)
    at E:\Webskitters_Academy\NODE JS\final_project_node\plantora_final_project_node_ejs\app\middlewares\authorizeRoles.js:23:12
    at Layer.handleRequest (E:\Webskitters_Academy\NODE JS\final_project_node\plantora_final_project_node_ejs\node_modules\router\lib\layer.js:152:17)
    at next (E:\Webskitters_Academy\NODE JS\final_project_node\plantora_final_project_node_ejs\node_modules\router\lib\route.js:157:13)
    at authMiddleware (E:\Webskitters_Academy\NODE JS\final_project_node\plantora_final_project_node_ejs\app\middlewares\authMiddleware.js:71:12)
    at process.processTicksAndRejections (node:internal/process/task_queues:103:5)
2026-08-07 07:32:02 [INFO]: [0mGET /admin/products?search=&searchBy=name&category=&brand=&sort=latest&limit=10 [31m500[0m 123.995 ms - 79[0m
2026-08-07 07:32:07 [INFO]: [0mGET /admin/products [36m304[0m 164.614 ms - -[0m
2026-08-07 07:32:07 [INFO]: [0mGET /css/style.css [36m304[0m 0.379 ms - -[0m
2026-08-07 07:32:07 [INFO]: [0mGET /css/admin/layout.css [36m304[0m 0.639 ms - -[0m
2026-08-07 07:32:07 [INFO]: [0mGET /css/header.css [36m304[0m 0.497 ms - -[0m
2026-08-07 07:32:07 [INFO]: [0mGET /images/logo/plantora.png [36m304[0m 0.591 ms - -[0m
2026-08-07 07:32:07 [INFO]: [0mGET /css/admin/users.css [36m304[0m 0.740 ms - -[0m
2026-08-07 07:32:07 [INFO]: [0mGET /css/admin/products.css [36m304[0m 1.153 ms - -[0m
2026-08-07 07:32:07 [INFO]: [0mGET /js/admin/layout.js [36m304[0m 0.255 ms - -[0m
2026-08-07 07:32:07 [INFO]: [0mGET /js/admin/users.js [36m304[0m 0.384 ms - -[0m
2026-08-07 07:32:07 [INFO]: [0mGET /js/admin/products.js [36m304[0m 0.614 ms - -[0m
2026-08-07 07:32:07 [INFO]: [0mGET /js/header.js [36m304[0m 0.476 ms - -[0m
2026-08-07 07:32:07 [INFO]: [0mGET /js/notification.js [36m304[0m 1.060 ms - -[0m
2026-08-07 07:32:07 [INFO]: [0mGET /css/variables.css [36m304[0m 0.430 ms - -[0m
2026-08-07 07:32:07 [INFO]: [0mGET /css/utilities.css [36m304[0m 0.481 ms - -[0m
2026-08-07 07:32:07 [INFO]: [0mGET /css/animations.css [36m304[0m 0.355 ms - -[0m
2026-08-07 07:32:07 [INFO]: [0mGET /css/announcement.css [36m304[0m 0.749 ms - -[0m
2026-08-07 07:32:07 [INFO]: [0mGET /css/hero.css [36m304[0m 0.863 ms - -[0m
2026-08-07 07:32:07 [INFO]: [0mGET /css/featured.css [36m304[0m 0.683 ms - -[0m
2026-08-07 07:32:07 [INFO]: [0mGET /css/why-choose.css [36m304[0m 1.133 ms - -[0m
2026-08-07 07:32:07 [INFO]: [0mGET /css/footer.css [36m304[0m 0.588 ms - -[0m
2026-08-07 07:32:07 [INFO]: [0mGET /css/auth.css [36m304[0m 1.234 ms - -[0m
2026-08-07 07:32:07 [INFO]: [0mGET /css/verify.css [36m304[0m 0.830 ms - -[0m
2026-08-07 07:32:10 [INFO]: [0mGET /admin/products/trash [36m304[0m 165.807 ms - -[0m
2026-08-07 07:32:10 [INFO]: [0mGET /css/style.css [36m304[0m 0.738 ms - -[0m
2026-08-07 07:32:10 [INFO]: [0mGET /css/admin/layout.css [36m304[0m 0.863 ms - -[0m
2026-08-07 07:32:10 [INFO]: [0mGET /css/admin/users.css [36m304[0m 0.341 ms - -[0m
2026-08-07 07:32:10 [INFO]: [0mGET /css/admin/products.css [36m304[0m 0.730 ms - -[0m
2026-08-07 07:32:10 [INFO]: [0mGET /css/header.css [36m304[0m 1.325 ms - -[0m
2026-08-07 07:32:10 [INFO]: [0mGET /images/logo/plantora.png [36m304[0m 0.619 ms - -[0m
2026-08-07 07:32:10 [INFO]: [0mGET /js/admin/layout.js [36m304[0m 0.452 ms - -[0m
2026-08-07 07:32:10 [INFO]: [0mGET /js/admin/users.js [36m304[0m 0.604 ms - -[0m
2026-08-07 07:32:10 [INFO]: [0mGET /js/admin/products.js [36m304[0m 0.347 ms - -[0m
2026-08-07 07:32:10 [INFO]: [0mGET /js/header.js [36m304[0m 0.615 ms - -[0m
2026-08-07 07:32:10 [INFO]: [0mGET /js/notification.js [36m304[0m 0.773 ms - -[0m
2026-08-07 07:32:10 [INFO]: [0mGET /css/variables.css [36m304[0m 0.381 ms - -[0m
2026-08-07 07:32:10 [INFO]: [0mGET /css/utilities.css [36m304[0m 0.417 ms - -[0m
2026-08-07 07:32:10 [INFO]: [0mGET /css/animations.css [36m304[0m 1.033 ms - -[0m
2026-08-07 07:32:10 [INFO]: [0mGET /css/announcement.css [36m304[0m 0.761 ms - -[0m
2026-08-07 07:32:10 [INFO]: [0mGET /css/hero.css [36m304[0m 0.872 ms - -[0m
2026-08-07 07:32:10 [INFO]: [0mGET /css/featured.css [36m304[0m 0.294 ms - -[0m
2026-08-07 07:32:10 [INFO]: [0mGET /css/why-choose.css [36m304[0m 0.506 ms - -[0m
2026-08-07 07:32:10 [INFO]: [0mGET /css/footer.css [36m304[0m 0.821 ms - -[0m
2026-08-07 07:32:10 [INFO]: [0mGET /css/auth.css [36m304[0m 0.476 ms - -[0m
2026-08-07 07:32:10 [INFO]: [0mGET /css/verify.css [36m304[0m 0.565 ms - -[0m
2026-08-07 07:32:25 [INFO]: [0mGET /admin/users/trash [36m304[0m 205.059 ms - -[0m
2026-08-07 07:32:25 [INFO]: [0mGET /css/style.css [36m304[0m 0.515 ms - -[0m
2026-08-07 07:32:25 [INFO]: [0mGET /css/admin/layout.css [36m304[0m 0.660 ms - -[0m
2026-08-07 07:32:25 [INFO]: [0mGET /css/admin/users.css [36m304[0m 0.463 ms - -[0m
2026-08-07 07:32:25 [INFO]: [0mGET /css/admin/products.css [36m304[0m 0.612 ms - -[0m
2026-08-07 07:32:25 [INFO]: [0mGET /css/header.css [36m304[0m 0.745 ms - -[0m
2026-08-07 07:32:25 [INFO]: [0mGET /images/logo/plantora.png [36m304[0m 0.849 ms - -[0m
2026-08-07 07:32:25 [INFO]: [0mGET /js/admin/layout.js [36m304[0m 0.516 ms - -[0m
2026-08-07 07:32:25 [INFO]: [0mGET /js/admin/users.js [36m304[0m 0.777 ms - -[0m
2026-08-07 07:32:25 [INFO]: [0mGET /js/admin/products.js [36m304[0m 1.342 ms - -[0m
2026-08-07 07:32:25 [INFO]: [0mGET /js/header.js [36m304[0m 1.910 ms - -[0m
2026-08-07 07:32:25 [INFO]: [0mGET /js/notification.js [36m304[0m 2.269 ms - -[0m
2026-08-07 07:32:25 [INFO]: [0mGET /css/variables.css [36m304[0m 0.726 ms - -[0m
2026-08-07 07:32:25 [INFO]: [0mGET /css/utilities.css [36m304[0m 0.920 ms - -[0m
2026-08-07 07:32:25 [INFO]: [0mGET /css/animations.css [36m304[0m 1.246 ms - -[0m
2026-08-07 07:32:25 [INFO]: [0mGET /css/announcement.css [36m304[0m 1.547 ms - -[0m
2026-08-07 07:32:25 [INFO]: [0mGET /css/hero.css [36m304[0m 1.846 ms - -[0m
2026-08-07 07:32:25 [INFO]: [0mGET /css/featured.css [36m304[0m 2.316 ms - -[0m
2026-08-07 07:32:25 [INFO]: [0mGET /css/why-choose.css [36m304[0m 1.208 ms - -[0m
2026-08-07 07:32:25 [INFO]: [0mGET /css/footer.css [36m304[0m 0.943 ms - -[0m
2026-08-07 07:32:25 [INFO]: [0mGET /css/auth.css [36m304[0m 1.074 ms - -[0m
2026-08-07 07:32:25 [INFO]: [0mGET /css/verify.css [36m304[0m 1.297 ms - -[0m
2026-08-07 07:32:33 [INFO]: [0mGET /admin/products/trash [36m304[0m 164.410 ms - -[0m
2026-08-07 07:32:33 [INFO]: [0mGET /css/style.css [36m304[0m 0.397 ms - -[0m
2026-08-07 07:32:33 [INFO]: [0mGET /css/admin/layout.css [36m304[0m 0.236 ms - -[0m
2026-08-07 07:32:33 [INFO]: [0mGET /css/admin/users.css [36m304[0m 0.269 ms - -[0m
2026-08-07 07:32:33 [INFO]: [0mGET /css/admin/products.css [36m304[0m 0.389 ms - -[0m
2026-08-07 07:32:33 [INFO]: [0mGET /css/header.css [36m304[0m 0.543 ms - -[0m
2026-08-07 07:32:33 [INFO]: [0mGET /images/logo/plantora.png [36m304[0m 0.108 ms - -[0m
2026-08-07 07:32:33 [INFO]: [0mGET /js/admin/layout.js [36m304[0m 0.360 ms - -[0m
2026-08-07 07:32:33 [INFO]: [0mGET /js/admin/users.js [36m304[0m 0.458 ms - -[0m
2026-08-07 07:32:33 [INFO]: [0mGET /css/variables.css [36m304[0m 0.637 ms - -[0m
2026-08-07 07:32:33 [INFO]: [0mGET /js/header.js [36m304[0m 0.586 ms - -[0m
2026-08-07 07:32:33 [INFO]: [0mGET /js/admin/products.js [36m304[0m 1.119 ms - -[0m
2026-08-07 07:32:33 [INFO]: [0mGET /js/notification.js [36m304[0m 1.335 ms - -[0m
2026-08-07 07:32:33 [INFO]: [0mGET /css/utilities.css [36m304[0m 0.427 ms - -[0m
2026-08-07 07:32:33 [INFO]: [0mGET /css/animations.css [36m304[0m 1.436 ms - -[0m
2026-08-07 07:32:33 [INFO]: [0mGET /css/announcement.css [36m304[0m 1.216 ms - -[0m
2026-08-07 07:32:33 [INFO]: [0mGET /css/hero.css [36m304[0m 2.722 ms - -[0m
2026-08-07 07:32:33 [INFO]: [0mGET /css/featured.css [36m304[0m 1.813 ms - -[0m
2026-08-07 07:32:33 [INFO]: [0mGET /css/why-choose.css [36m304[0m 1.646 ms - -[0m
2026-08-07 07:32:33 [INFO]: [0mGET /css/footer.css [36m304[0m 2.356 ms - -[0m
2026-08-07 07:32:33 [INFO]: [0mGET /css/auth.css [36m304[0m 0.933 ms - -[0m
2026-08-07 07:32:33 [INFO]: [0mGET /css/verify.css [36m304[0m 1.187 ms - -[0m
2026-08-07 07:32:40 [INFO]: [0mGET /admin/products [36m304[0m 164.870 ms - -[0m
2026-08-07 07:32:40 [INFO]: [0mGET /css/style.css [36m304[0m 0.234 ms - -[0m
2026-08-07 07:32:40 [INFO]: [0mGET /css/admin/layout.css [36m304[0m 0.250 ms - -[0m
2026-08-07 07:32:40 [INFO]: [0mGET /css/header.css [36m304[0m 0.408 ms - -[0m
2026-08-07 07:32:40 [INFO]: [0mGET /css/admin/users.css [36m304[0m 0.850 ms - -[0m
2026-08-07 07:32:40 [INFO]: [0mGET /css/admin/products.css [36m304[0m 0.715 ms - -[0m
2026-08-07 07:32:40 [INFO]: [0mGET /images/logo/plantora.png [36m304[0m 0.768 ms - -[0m
2026-08-07 07:32:40 [INFO]: [0mGET /js/admin/layout.js [36m304[0m 0.460 ms - -[0m
2026-08-07 07:32:40 [INFO]: [0mGET /js/admin/users.js [36m304[0m 0.319 ms - -[0m
2026-08-07 07:32:40 [INFO]: [0mGET /js/admin/products.js [36m304[0m 0.510 ms - -[0m
2026-08-07 07:32:40 [INFO]: [0mGET /js/header.js [36m304[0m 0.939 ms - -[0m
2026-08-07 07:32:40 [INFO]: [0mGET /js/notification.js [36m304[0m 1.380 ms - -[0m
2026-08-07 07:32:40 [INFO]: [0mGET /css/variables.css [36m304[0m 0.986 ms - -[0m
2026-08-07 07:32:40 [INFO]: [0mGET /css/utilities.css [36m304[0m 1.071 ms - -[0m
2026-08-07 07:32:40 [INFO]: [0mGET /css/animations.css [36m304[0m 1.354 ms - -[0m
2026-08-07 07:32:40 [INFO]: [0mGET /css/announcement.css [36m304[0m 1.792 ms - -[0m
2026-08-07 07:32:40 [INFO]: [0mGET /css/hero.css [36m304[0m 2.740 ms - -[0m
2026-08-07 07:32:40 [INFO]: [0mGET /css/featured.css [36m304[0m 1.543 ms - -[0m
2026-08-07 07:32:40 [INFO]: [0mGET /css/why-choose.css [36m304[0m 1.244 ms - -[0m
2026-08-07 07:32:40 [INFO]: [0mGET /css/footer.css [36m304[0m 1.422 ms - -[0m
2026-08-07 07:32:40 [INFO]: [0mGET /css/auth.css [36m304[0m 1.617 ms - -[0m
2026-08-07 07:32:40 [INFO]: [0mGET /css/verify.css [36m304[0m 2.398 ms - -[0m
2026-08-07 07:33:26 [INFO]: [0mGET /admin/users/trash [36m304[0m 205.999 ms - -[0m
2026-08-07 07:33:26 [INFO]: [0mGET /css/style.css [36m304[0m 1.129 ms - -[0m
2026-08-07 07:33:26 [INFO]: [0mGET /css/admin/layout.css [36m304[0m 0.985 ms - -[0m
2026-08-07 07:33:26 [INFO]: [0mGET /css/admin/users.css [36m304[0m 0.865 ms - -[0m
2026-08-07 07:33:26 [INFO]: [0mGET /css/admin/products.css [36m304[0m 1.015 ms - -[0m
2026-08-07 07:33:26 [INFO]: [0mGET /css/header.css [36m304[0m 0.173 ms - -[0m
2026-08-07 07:33:26 [INFO]: [0mGET /images/logo/plantora.png [36m304[0m 0.280 ms - -[0m
2026-08-07 07:33:26 [INFO]: [0mGET /js/admin/layout.js [36m304[0m 0.180 ms - -[0m
2026-08-07 07:33:26 [INFO]: [0mGET /js/admin/users.js [36m304[0m 0.312 ms - -[0m
2026-08-07 07:33:26 [INFO]: [0mGET /js/admin/products.js [36m304[0m 0.441 ms - -[0m
2026-08-07 07:33:26 [INFO]: [0mGET /js/header.js [36m304[0m 0.724 ms - -[0m
2026-08-07 07:33:26 [INFO]: [0mGET /js/notification.js [36m304[0m 0.885 ms - -[0m
2026-08-07 07:33:26 [INFO]: [0mGET /css/variables.css [36m304[0m 0.386 ms - -[0m
2026-08-07 07:33:26 [INFO]: [0mGET /css/utilities.css [36m304[0m 0.492 ms - -[0m
2026-08-07 07:33:26 [INFO]: [0mGET /css/animations.css [36m304[0m 0.647 ms - -[0m
2026-08-07 07:33:26 [INFO]: [0mGET /css/announcement.css [36m304[0m 0.824 ms - -[0m
2026-08-07 07:33:26 [INFO]: [0mGET /css/hero.css [36m304[0m 0.480 ms - -[0m
2026-08-07 07:33:26 [INFO]: [0mGET /css/featured.css [36m304[0m 0.421 ms - -[0m
2026-08-07 07:33:26 [INFO]: [0mGET /css/why-choose.css [36m304[0m 0.716 ms - -[0m
2026-08-07 07:33:26 [INFO]: [0mGET /css/footer.css [36m304[0m 0.369 ms - -[0m
2026-08-07 07:33:26 [INFO]: [0mGET /css/auth.css [36m304[0m 0.579 ms - -[0m
2026-08-07 07:33:26 [INFO]: [0mGET /css/verify.css [36m304[0m 0.298 ms - -[0m
2026-08-07 07:33:44 [INFO]: [0mGET /admin/products [36m304[0m 1186.300 ms - -[0m
2026-08-07 07:33:44 [INFO]: [0mGET /css/style.css [36m304[0m 0.511 ms - -[0m
2026-08-07 07:33:44 [INFO]: [0mGET /css/admin/layout.css [36m304[0m 1.132 ms - -[0m
2026-08-07 07:33:44 [INFO]: [0mGET /css/admin/users.css [36m304[0m 0.538 ms - -[0m
2026-08-07 07:33:44 [INFO]: [0mGET /css/admin/products.css [36m304[0m 0.261 ms - -[0m
2026-08-07 07:33:44 [INFO]: [0mGET /css/header.css [36m304[0m 0.363 ms - -[0m
2026-08-07 07:33:44 [INFO]: [0mGET /images/logo/plantora.png [36m304[0m 0.508 ms - -[0m
2026-08-07 07:33:44 [INFO]: [0mGET /js/admin/layout.js [36m304[0m 0.323 ms - -[0m
2026-08-07 07:33:44 [INFO]: [0mGET /js/admin/users.js [36m304[0m 0.223 ms - -[0m
2026-08-07 07:33:44 [INFO]: [0mGET /js/admin/products.js [36m304[0m 0.402 ms - -[0m
2026-08-07 07:33:44 [INFO]: [0mGET /js/header.js [36m304[0m 0.629 ms - -[0m
2026-08-07 07:33:44 [INFO]: [0mGET /js/notification.js [36m304[0m 0.893 ms - -[0m
2026-08-07 07:33:44 [INFO]: [0mGET /css/variables.css [36m304[0m 0.351 ms - -[0m
2026-08-07 07:33:44 [INFO]: [0mGET /css/utilities.css [36m304[0m 0.521 ms - -[0m
2026-08-07 07:33:44 [INFO]: [0mGET /css/animations.css [36m304[0m 0.228 ms - -[0m
2026-08-07 07:33:44 [INFO]: [0mGET /css/announcement.css [36m304[0m 0.438 ms - -[0m
2026-08-07 07:33:44 [INFO]: [0mGET /css/hero.css [36m304[0m 0.894 ms - -[0m
2026-08-07 07:33:44 [INFO]: [0mGET /css/featured.css [36m304[0m 1.440 ms - -[0m
2026-08-07 07:33:44 [INFO]: [0mGET /css/why-choose.css [36m304[0m 0.918 ms - -[0m
2026-08-07 07:33:44 [INFO]: [0mGET /css/footer.css [36m304[0m 0.783 ms - -[0m
2026-08-07 07:33:44 [INFO]: [0mGET /css/auth.css [36m304[0m 1.142 ms - -[0m
2026-08-07 07:33:44 [INFO]: [0mGET /css/verify.css [36m304[0m 0.484 ms - -[0m
2026-08-07 07:34:20 [INFO]: [0mGET /admin/products/create [36m304[0m 167.873 ms - -[0m
2026-08-07 07:34:20 [INFO]: [0mGET /css/style.css [36m304[0m 0.896 ms - -[0m
2026-08-07 07:34:20 [INFO]: [0mGET /css/admin/layout.css [36m304[0m 1.263 ms - -[0m
2026-08-07 07:34:20 [INFO]: [0mGET /css/admin/users.css [36m304[0m 0.855 ms - -[0m
2026-08-07 07:34:20 [INFO]: [0mGET /css/admin/products.css [36m304[0m 0.940 ms - -[0m
2026-08-07 07:34:20 [INFO]: [0mGET /images/logo/plantora.png [36m304[0m 0.113 ms - -[0m
2026-08-07 07:34:20 [INFO]: [0mGET /css/header.css [36m304[0m 0.527 ms - -[0m
2026-08-07 07:34:20 [INFO]: [0mGET /js/admin/layout.js [36m304[0m 0.997 ms - -[0m
2026-08-07 07:34:20 [INFO]: [0mGET /js/admin/users.js [36m304[0m 1.250 ms - -[0m
2026-08-07 07:34:20 [INFO]: [0mGET /js/admin/products.js [36m304[0m 1.499 ms - -[0m
2026-08-07 07:34:20 [INFO]: [0mGET /js/header.js [36m304[0m 1.655 ms - -[0m
2026-08-07 07:34:20 [INFO]: [0mGET /js/notification.js [36m304[0m 1.791 ms - -[0m
2026-08-07 07:34:20 [INFO]: [0mGET /css/variables.css [36m304[0m 2.068 ms - -[0m
2026-08-07 07:34:20 [INFO]: [0mGET /css/utilities.css [36m304[0m 0.353 ms - -[0m
2026-08-07 07:34:20 [INFO]: [0mGET /css/animations.css [36m304[0m 0.595 ms - -[0m
2026-08-07 07:34:20 [INFO]: [0mGET /css/announcement.css [36m304[0m 0.970 ms - -[0m
2026-08-07 07:34:20 [INFO]: [0mGET /css/hero.css [36m304[0m 1.125 ms - -[0m
2026-08-07 07:34:20 [INFO]: [0mGET /css/featured.css [36m304[0m 1.328 ms - -[0m
2026-08-07 07:34:20 [INFO]: [0mGET /css/why-choose.css [36m304[0m 0.680 ms - -[0m
2026-08-07 07:34:20 [INFO]: [0mGET /css/footer.css [36m304[0m 0.631 ms - -[0m
2026-08-07 07:34:20 [INFO]: [0mGET /css/auth.css [36m304[0m 0.295 ms - -[0m
2026-08-07 07:34:20 [INFO]: [0mGET /css/verify.css [36m304[0m 0.399 ms - -[0m
2026-08-07 07:34:36 [INFO]: [0mGET /products [33m404[0m 81.188 ms - 72[0m
2026-08-07 07:34:48 [INFO]: [0mGET /admin/products/create [36m304[0m 1110.064 ms - -[0m
2026-08-07 07:34:48 [INFO]: [0mGET /css/style.css [36m304[0m 0.377 ms - -[0m
2026-08-07 07:34:48 [INFO]: [0mGET /css/admin/layout.css [36m304[0m 0.666 ms - -[0m
2026-08-07 07:34:48 [INFO]: [0mGET /css/admin/users.css [36m304[0m 0.300 ms - -[0m
2026-08-07 07:34:48 [INFO]: [0mGET /css/admin/products.css [36m304[0m 0.458 ms - -[0m
2026-08-07 07:34:48 [INFO]: [0mGET /css/header.css [36m304[0m 0.853 ms - -[0m
2026-08-07 07:34:48 [INFO]: [0mGET /images/logo/plantora.png [36m304[0m 1.068 ms - -[0m
2026-08-07 07:34:48 [INFO]: [0mGET /js/admin/layout.js [36m304[0m 0.294 ms - -[0m
2026-08-07 07:34:48 [INFO]: [0mGET /js/admin/users.js [36m304[0m 0.444 ms - -[0m
2026-08-07 07:34:48 [INFO]: [0mGET /js/admin/products.js [36m304[0m 0.345 ms - -[0m
2026-08-07 07:34:48 [INFO]: [0mGET /js/header.js [36m304[0m 0.464 ms - -[0m
2026-08-07 07:34:48 [INFO]: [0mGET /js/notification.js [36m304[0m 0.664 ms - -[0m
2026-08-07 07:34:48 [INFO]: [0mGET /css/variables.css [36m304[0m 0.245 ms - -[0m
2026-08-07 07:34:48 [INFO]: [0mGET /css/utilities.css [36m304[0m 0.375 ms - -[0m
2026-08-07 07:34:48 [INFO]: [0mGET /css/animations.css [36m304[0m 0.450 ms - -[0m
2026-08-07 07:34:48 [INFO]: [0mGET /css/announcement.css [36m304[0m 0.577 ms - -[0m
2026-08-07 07:34:48 [INFO]: [0mGET /css/hero.css [36m304[0m 0.227 ms - -[0m
2026-08-07 07:34:48 [INFO]: [0mGET /css/featured.css [36m304[0m 0.600 ms - -[0m
2026-08-07 07:34:48 [INFO]: [0mGET /css/why-choose.css [36m304[0m 1.032 ms - -[0m
2026-08-07 07:34:48 [INFO]: [0mGET /css/footer.css [36m304[0m 0.402 ms - -[0m
2026-08-07 07:34:48 [INFO]: [0mGET /css/auth.css [36m304[0m 0.642 ms - -[0m
2026-08-07 07:34:48 [INFO]: [0mGET /css/verify.css [36m304[0m 0.362 ms - -[0m
2026-08-07 07:37:15 [INFO]: [0mGET /admin/products/create [36m304[0m 158.315 ms - -[0m
2026-08-07 07:37:15 [INFO]: [0mGET /css/style.css [36m304[0m 0.637 ms - -[0m
2026-08-07 07:37:15 [INFO]: [0mGET /css/admin/layout.css [36m304[0m 0.788 ms - -[0m
2026-08-07 07:37:15 [INFO]: [0mGET /css/admin/users.css [36m304[0m 0.255 ms - -[0m
2026-08-07 07:37:15 [INFO]: [0mGET /css/header.css [36m304[0m 0.437 ms - -[0m
2026-08-07 07:37:15 [INFO]: [0mGET /images/logo/plantora.png [36m304[0m 0.621 ms - -[0m
2026-08-07 07:37:15 [INFO]: [0mGET /css/admin/products.css [32m200[0m 1.248 ms - -[0m
2026-08-07 07:37:15 [INFO]: [0mGET /js/admin/layout.js [36m304[0m 0.207 ms - -[0m
2026-08-07 07:37:15 [INFO]: [0mGET /js/admin/users.js [36m304[0m 0.338 ms - -[0m
2026-08-07 07:37:15 [INFO]: [0mGET /js/admin/products.js [36m304[0m 0.127 ms - -[0m
2026-08-07 07:37:15 [INFO]: [0mGET /js/header.js [36m304[0m 0.239 ms - -[0m
2026-08-07 07:37:15 [INFO]: [0mGET /js/notification.js [36m304[0m 0.655 ms - -[0m
2026-08-07 07:37:15 [INFO]: [0mGET /css/variables.css [36m304[0m 0.909 ms - -[0m
2026-08-07 07:37:15 [INFO]: [0mGET /css/utilities.css [36m304[0m 1.121 ms - -[0m
2026-08-07 07:37:15 [INFO]: [0mGET /css/animations.css [36m304[0m 1.320 ms - -[0m
2026-08-07 07:37:15 [INFO]: [0mGET /css/announcement.css [36m304[0m 0.332 ms - -[0m
2026-08-07 07:37:15 [INFO]: [0mGET /css/hero.css [36m304[0m 1.220 ms - -[0m
2026-08-07 07:37:15 [INFO]: [0mGET /css/featured.css [36m304[0m 1.024 ms - -[0m
2026-08-07 07:37:15 [INFO]: [0mGET /css/why-choose.css [36m304[0m 1.108 ms - -[0m
2026-08-07 07:37:15 [INFO]: [0mGET /css/footer.css [36m304[0m 1.174 ms - -[0m
2026-08-07 07:37:15 [INFO]: [0mGET /css/auth.css [36m304[0m 1.150 ms - -[0m
2026-08-07 07:37:15 [INFO]: [0mGET /css/verify.css [36m304[0m 0.447 ms - -[0m
2026-08-07 07:37:17 [INFO]: [0mGET /admin/products/trash [36m304[0m 165.935 ms - -[0m
2026-08-07 07:37:17 [INFO]: [0mGET /css/style.css [36m304[0m 0.419 ms - -[0m
2026-08-07 07:37:17 [INFO]: [0mGET /css/admin/layout.css [36m304[0m 0.734 ms - -[0m
2026-08-07 07:37:17 [INFO]: [0mGET /css/admin/users.css [36m304[0m 1.099 ms - -[0m
2026-08-07 07:37:17 [INFO]: [0mGET /css/admin/products.css [36m304[0m 1.512 ms - -[0m
2026-08-07 07:37:17 [INFO]: [0mGET /css/header.css [36m304[0m 0.604 ms - -[0m
2026-08-07 07:37:17 [INFO]: [0mGET /images/logo/plantora.png [36m304[0m 0.479 ms - -[0m
2026-08-07 07:37:17 [INFO]: [0mGET /js/admin/layout.js [36m304[0m 0.568 ms - -[0m
2026-08-07 07:37:17 [INFO]: [0mGET /js/admin/users.js [36m304[0m 0.733 ms - -[0m
2026-08-07 07:37:17 [INFO]: [0mGET /js/admin/products.js [36m304[0m 0.898 ms - -[0m
2026-08-07 07:37:17 [INFO]: [0mGET /js/header.js [36m304[0m 1.016 ms - -[0m
2026-08-07 07:37:17 [INFO]: [0mGET /js/notification.js [36m304[0m 1.226 ms - -[0m
2026-08-07 07:37:17 [INFO]: [0mGET /css/variables.css [36m304[0m 0.180 ms - -[0m
2026-08-07 07:37:17 [INFO]: [0mGET /css/utilities.css [36m304[0m 0.380 ms - -[0m
2026-08-07 07:37:17 [INFO]: [0mGET /css/animations.css [36m304[0m 0.224 ms - -[0m
2026-08-07 07:37:17 [INFO]: [0mGET /css/announcement.css [36m304[0m 0.654 ms - -[0m
2026-08-07 07:37:17 [INFO]: [0mGET /css/hero.css [36m304[0m 0.440 ms - -[0m
2026-08-07 07:37:17 [INFO]: [0mGET /css/featured.css [36m304[0m 0.935 ms - -[0m
2026-08-07 07:37:17 [INFO]: [0mGET /css/why-choose.css [36m304[0m 1.170 ms - -[0m
2026-08-07 07:37:17 [INFO]: [0mGET /css/footer.css [36m304[0m 0.962 ms - -[0m
2026-08-07 07:37:17 [INFO]: [0mGET /css/auth.css [36m304[0m 0.381 ms - -[0m
2026-08-07 07:37:17 [INFO]: [0mGET /css/verify.css [36m304[0m 0.392 ms - -[0m
2026-08-07 07:37:29 [INFO]: [0mGET /css/style.css [36m304[0m 0.238 ms - -[0m
2026-08-07 07:37:29 [INFO]: [0mGET /css/variables.css [36m304[0m 0.474 ms - -[0m
2026-08-07 07:37:29 [INFO]: [0mGET /css/utilities.css [36m304[0m 0.636 ms - -[0m
2026-08-07 07:37:29 [INFO]: [0mGET /css/announcement.css [36m304[0m 1.065 ms - -[0m
2026-08-07 07:37:29 [INFO]: [0mGET /css/header.css [36m304[0m 1.281 ms - -[0m
2026-08-07 07:37:29 [INFO]: [0mGET /css/animations.css [36m304[0m 1.704 ms - -[0m
2026-08-07 07:37:29 [INFO]: [0mGET /css/hero.css [36m304[0m 1.842 ms - -[0m
2026-08-07 07:37:29 [INFO]: [0mGET /css/featured.css [36m304[0m 0.259 ms - -[0m
2026-08-07 07:37:29 [INFO]: [0mGET /css/why-choose.css [36m304[0m 0.441 ms - -[0m
2026-08-07 07:37:29 [INFO]: [0mGET /css/footer.css [36m304[0m 0.646 ms - -[0m
2026-08-07 07:37:29 [INFO]: [0mGET /css/auth.css [36m304[0m 0.497 ms - -[0m
2026-08-07 07:37:29 [INFO]: [0mGET /css/verify.css [36m304[0m 0.572 ms - -[0m
2026-08-07 07:37:29 [INFO]: [0mGET /css/admin/layout.css [36m304[0m 1.176 ms - -[0m
2026-08-07 07:37:29 [INFO]: [0mGET /css/admin/users.css [36m304[0m 0.419 ms - -[0m
2026-08-07 07:37:29 [INFO]: [0mGET /css/admin/products.css [36m304[0m 0.704 ms - -[0m
2026-08-07 07:37:30 [INFO]: [0mGET /.well-known/appspecific/com.chrome.devtools.json [33m404[0m 83.539 ms - 112[0m
2026-08-07 07:39:10 [INFO]: [0mGET /admin/users/trash [36m304[0m 207.484 ms - -[0m
2026-08-07 07:39:10 [INFO]: [0mGET /css/style.css [36m304[0m 0.685 ms - -[0m
2026-08-07 07:39:10 [INFO]: [0mGET /css/admin/layout.css [36m304[0m 1.291 ms - -[0m
2026-08-07 07:39:10 [INFO]: [0mGET /css/admin/users.css [36m304[0m 0.487 ms - -[0m
2026-08-07 07:39:10 [INFO]: [0mGET /css/admin/products.css [36m304[0m 0.550 ms - -[0m
2026-08-07 07:39:10 [INFO]: [0mGET /css/header.css [36m304[0m 0.629 ms - -[0m
2026-08-07 07:39:10 [INFO]: [0mGET /images/logo/plantora.png [36m304[0m 0.699 ms - -[0m
2026-08-07 07:39:10 [INFO]: [0mGET /js/admin/layout.js [36m304[0m 0.340 ms - -[0m
2026-08-07 07:39:10 [INFO]: [0mGET /js/admin/users.js [36m304[0m 0.857 ms - -[0m
2026-08-07 07:39:10 [INFO]: [0mGET /js/admin/products.js [36m304[0m 0.634 ms - -[0m
2026-08-07 07:39:10 [INFO]: [0mGET /js/header.js [36m304[0m 0.860 ms - -[0m
2026-08-07 07:39:10 [INFO]: [0mGET /js/notification.js [36m304[0m 1.110 ms - -[0m
2026-08-07 07:39:10 [INFO]: [0mGET /css/variables.css [36m304[0m 0.318 ms - -[0m
2026-08-07 07:39:10 [INFO]: [0mGET /css/utilities.css [36m304[0m 0.487 ms - -[0m
2026-08-07 07:39:10 [INFO]: [0mGET /css/animations.css [36m304[0m 0.551 ms - -[0m
2026-08-07 07:39:10 [INFO]: [0mGET /css/announcement.css [36m304[0m 0.599 ms - -[0m
2026-08-07 07:39:10 [INFO]: [0mGET /css/hero.css [36m304[0m 0.885 ms - -[0m
2026-08-07 07:39:10 [INFO]: [0mGET /css/featured.css [36m304[0m 1.018 ms - -[0m
2026-08-07 07:39:10 [INFO]: [0mGET /css/why-choose.css [36m304[0m 1.111 ms - -[0m
2026-08-07 07:39:10 [INFO]: [0mGET /css/footer.css [36m304[0m 0.653 ms - -[0m
2026-08-07 07:39:10 [INFO]: [0mGET /css/auth.css [36m304[0m 0.607 ms - -[0m
2026-08-07 07:39:10 [INFO]: [0mGET /css/verify.css [36m304[0m 0.182 ms - -[0m
2026-08-07 07:44:47 [INFO]: [0mGET /admin/users/trash [36m304[0m 207.558 ms - -[0m
2026-08-07 07:44:47 [INFO]: [0mGET /css/style.css [36m304[0m 0.257 ms - -[0m
2026-08-07 07:44:47 [INFO]: [0mGET /css/admin/layout.css [36m304[0m 0.482 ms - -[0m
2026-08-07 07:44:47 [INFO]: [0mGET /css/header.css [36m304[0m 0.531 ms - -[0m
2026-08-07 07:44:47 [INFO]: [0mGET /images/logo/plantora.png [36m304[0m 0.637 ms - -[0m
2026-08-07 07:44:47 [INFO]: [0mGET /css/admin/products.css [32m200[0m 1.549 ms - -[0m
2026-08-07 07:44:47 [INFO]: [0mGET /css/admin/users.css [32m200[0m 1.814 ms - -[0m
2026-08-07 07:44:47 [INFO]: [0mGET /js/admin/layout.js [36m304[0m 0.646 ms - -[0m
2026-08-07 07:44:47 [INFO]: [0mGET /js/admin/users.js [36m304[0m 0.872 ms - -[0m
2026-08-07 07:44:47 [INFO]: [0mGET /js/admin/products.js [36m304[0m 1.353 ms - -[0m
2026-08-07 07:44:47 [INFO]: [0mGET /js/header.js [36m304[0m 1.657 ms - -[0m
2026-08-07 07:44:47 [INFO]: [0mGET /js/notification.js [36m304[0m 1.880 ms - -[0m
2026-08-07 07:44:47 [INFO]: [0mGET /css/variables.css [36m304[0m 0.423 ms - -[0m
2026-08-07 07:44:47 [INFO]: [0mGET /css/utilities.css [36m304[0m 0.581 ms - -[0m
2026-08-07 07:44:47 [INFO]: [0mGET /css/animations.css [36m304[0m 0.381 ms - -[0m
2026-08-07 07:44:47 [INFO]: [0mGET /css/announcement.css [36m304[0m 0.470 ms - -[0m
2026-08-07 07:44:47 [INFO]: [0mGET /css/hero.css [36m304[0m 0.653 ms - -[0m
2026-08-07 07:44:47 [INFO]: [0mGET /css/featured.css [36m304[0m 1.028 ms - -[0m
2026-08-07 07:44:47 [INFO]: [0mGET /css/why-choose.css [36m304[0m 0.415 ms - -[0m
2026-08-07 07:44:47 [INFO]: [0mGET /css/footer.css [36m304[0m 0.518 ms - -[0m
2026-08-07 07:44:47 [INFO]: [0mGET /css/auth.css [36m304[0m 0.188 ms - -[0m
2026-08-07 07:44:47 [INFO]: [0mGET /css/verify.css [36m304[0m 0.368 ms - -[0m
2026-08-07 07:44:50 [INFO]: [0mGET /admin/products [36m304[0m 165.876 ms - -[0m
2026-08-07 07:44:50 [INFO]: [0mGET /css/style.css [36m304[0m 0.433 ms - -[0m
2026-08-07 07:44:50 [INFO]: [0mGET /css/admin/layout.css [36m304[0m 0.805 ms - -[0m
2026-08-07 07:44:50 [INFO]: [0mGET /css/admin/users.css [36m304[0m 0.974 ms - -[0m
2026-08-07 07:44:50 [INFO]: [0mGET /css/admin/products.css [36m304[0m 1.768 ms - -[0m
2026-08-07 07:44:50 [INFO]: [0mGET /css/header.css [36m304[0m 0.795 ms - -[0m
2026-08-07 07:44:50 [INFO]: [0mGET /images/logo/plantora.png [36m304[0m 0.762 ms - -[0m
2026-08-07 07:44:50 [INFO]: [0mGET /js/admin/layout.js [36m304[0m 0.213 ms - -[0m
2026-08-07 07:44:50 [INFO]: [0mGET /js/admin/users.js [36m304[0m 0.391 ms - -[0m
2026-08-07 07:44:50 [INFO]: [0mGET /js/admin/products.js [36m304[0m 0.257 ms - -[0m
2026-08-07 07:44:50 [INFO]: [0mGET /js/header.js [36m304[0m 0.420 ms - -[0m
2026-08-07 07:44:50 [INFO]: [0mGET /js/notification.js [36m304[0m 0.703 ms - -[0m
2026-08-07 07:44:50 [INFO]: [0mGET /css/variables.css [36m304[0m 0.210 ms - -[0m
2026-08-07 07:44:50 [INFO]: [0mGET /css/utilities.css [36m304[0m 0.290 ms - -[0m
2026-08-07 07:44:50 [INFO]: [0mGET /css/animations.css [36m304[0m 0.533 ms - -[0m
2026-08-07 07:44:50 [INFO]: [0mGET /css/announcement.css [36m304[0m 0.194 ms - -[0m
2026-08-07 07:44:50 [INFO]: [0mGET /css/hero.css [36m304[0m 0.372 ms - -[0m
2026-08-07 07:44:50 [INFO]: [0mGET /css/featured.css [36m304[0m 0.633 ms - -[0m
2026-08-07 07:44:50 [INFO]: [0mGET /css/why-choose.css [36m304[0m 0.208 ms - -[0m
2026-08-07 07:44:50 [INFO]: [0mGET /css/footer.css [36m304[0m 0.323 ms - -[0m
2026-08-07 07:44:50 [INFO]: [0mGET /css/auth.css [36m304[0m 0.486 ms - -[0m
2026-08-07 07:44:50 [INFO]: [0mGET /css/verify.css [36m304[0m 0.388 ms - -[0m
2026-08-07 07:44:54 [INFO]: [0mGET /admin/users/trash [36m304[0m 203.252 ms - -[0m
2026-08-07 07:44:54 [INFO]: [0mGET /css/style.css [36m304[0m 0.455 ms - -[0m
2026-08-07 07:44:54 [INFO]: [0mGET /css/admin/layout.css [36m304[0m 0.579 ms - -[0m
2026-08-07 07:44:54 [INFO]: [0mGET /css/admin/users.css [36m304[0m 0.763 ms - -[0m
2026-08-07 07:44:54 [INFO]: [0mGET /css/admin/products.css [36m304[0m 0.891 ms - -[0m
2026-08-07 07:44:54 [INFO]: [0mGET /css/header.css [36m304[0m 1.043 ms - -[0m
2026-08-07 07:44:54 [INFO]: [0mGET /images/logo/plantora.png [36m304[0m 1.229 ms - -[0m
2026-08-07 07:44:54 [INFO]: [0mGET /js/admin/layout.js [36m304[0m 0.296 ms - -[0m
2026-08-07 07:44:55 [INFO]: [0mGET /js/admin/users.js [36m304[0m 0.594 ms - -[0m
2026-08-07 07:44:55 [INFO]: [0mGET /js/admin/products.js [36m304[0m 1.010 ms - -[0m
2026-08-07 07:44:55 [INFO]: [0mGET /js/notification.js [36m304[0m 1.259 ms - -[0m
2026-08-07 07:44:55 [INFO]: [0mGET /js/header.js [36m304[0m 1.520 ms - -[0m
2026-08-07 07:44:55 [INFO]: [0mGET /css/variables.css [36m304[0m 0.314 ms - -[0m
2026-08-07 07:44:55 [INFO]: [0mGET /css/utilities.css [36m304[0m 0.156 ms - -[0m
2026-08-07 07:44:55 [INFO]: [0mGET /css/animations.css [36m304[0m 0.462 ms - -[0m
2026-08-07 07:44:55 [INFO]: [0mGET /css/announcement.css [36m304[0m 0.446 ms - -[0m
2026-08-07 07:44:55 [INFO]: [0mGET /css/hero.css [36m304[0m 0.735 ms - -[0m
2026-08-07 07:44:55 [INFO]: [0mGET /css/featured.css [36m304[0m 0.565 ms - -[0m
2026-08-07 07:44:55 [INFO]: [0mGET /css/why-choose.css [36m304[0m 0.681 ms - -[0m
2026-08-07 07:44:55 [INFO]: [0mGET /css/footer.css [36m304[0m 0.858 ms - -[0m
2026-08-07 07:44:55 [INFO]: [0mGET /css/auth.css [36m304[0m 0.750 ms - -[0m
2026-08-07 07:44:55 [INFO]: [0mGET /css/verify.css [36m304[0m 0.807 ms - -[0m
2026-08-07 07:45:37 [INFO]: [0mGET /admin/users/trash [36m304[0m 208.087 ms - -[0m
2026-08-07 07:45:37 [INFO]: [0mGET /css/style.css [36m304[0m 0.328 ms - -[0m
2026-08-07 07:45:37 [INFO]: [0mGET /css/admin/users.css [36m304[0m 0.649 ms - -[0m
2026-08-07 07:45:37 [INFO]: [0mGET /css/admin/products.css [36m304[0m 0.883 ms - -[0m
2026-08-07 07:45:37 [INFO]: [0mGET /css/header.css [36m304[0m 0.973 ms - -[0m
2026-08-07 07:45:37 [INFO]: [0mGET /images/logo/plantora.png [36m304[0m 1.115 ms - -[0m
2026-08-07 07:45:37 [INFO]: [0mGET /css/admin/layout.css [32m200[0m 1.853 ms - -[0m
2026-08-07 07:45:37 [INFO]: [0mGET /js/admin/layout.js [36m304[0m 0.222 ms - -[0m
2026-08-07 07:45:37 [INFO]: [0mGET /js/admin/users.js [36m304[0m 0.624 ms - -[0m
2026-08-07 07:45:37 [INFO]: [0mGET /js/admin/products.js [36m304[0m 0.733 ms - -[0m
2026-08-07 07:45:37 [INFO]: [0mGET /js/header.js [36m304[0m 0.533 ms - -[0m
2026-08-07 07:45:37 [INFO]: [0mGET /js/notification.js [36m304[0m 0.526 ms - -[0m
2026-08-07 07:45:37 [INFO]: [0mGET /css/variables.css [36m304[0m 0.681 ms - -[0m
2026-08-07 07:45:37 [INFO]: [0mGET /css/utilities.css [36m304[0m 0.810 ms - -[0m
2026-08-07 07:45:37 [INFO]: [0mGET /css/animations.css [36m304[0m 0.920 ms - -[0m
2026-08-07 07:45:37 [INFO]: [0mGET /css/announcement.css [36m304[0m 0.838 ms - -[0m
2026-08-07 07:45:37 [INFO]: [0mGET /css/hero.css [36m304[0m 0.306 ms - -[0m
2026-08-07 07:45:37 [INFO]: [0mGET /css/featured.css [36m304[0m 0.475 ms - -[0m
2026-08-07 07:45:37 [INFO]: [0mGET /css/why-choose.css [36m304[0m 0.287 ms - -[0m
2026-08-07 07:45:37 [INFO]: [0mGET /css/footer.css [36m304[0m 0.138 ms - -[0m
2026-08-07 07:45:37 [INFO]: [0mGET /css/auth.css [36m304[0m 0.330 ms - -[0m
2026-08-07 07:45:37 [INFO]: [0mGET /css/verify.css [36m304[0m 0.287 ms - -[0m
2026-08-07 07:45:47 [INFO]: [0mGET /css/style.css [36m304[0m 0.620 ms - -[0m
2026-08-07 07:45:47 [INFO]: [0mGET /css/variables.css [36m304[0m 0.607 ms - -[0m
2026-08-07 07:45:47 [INFO]: [0mGET /css/utilities.css [36m304[0m 0.743 ms - -[0m
2026-08-07 07:45:47 [INFO]: [0mGET /css/animations.css [36m304[0m 0.964 ms - -[0m
2026-08-07 07:45:47 [INFO]: [0mGET /css/announcement.css [36m304[0m 1.228 ms - -[0m
2026-08-07 07:45:47 [INFO]: [0mGET /css/header.css [36m304[0m 1.604 ms - -[0m
2026-08-07 07:45:47 [INFO]: [0mGET /css/hero.css [36m304[0m 0.258 ms - -[0m
2026-08-07 07:45:47 [INFO]: [0mGET /css/featured.css [36m304[0m 0.351 ms - -[0m
2026-08-07 07:45:47 [INFO]: [0mGET /css/why-choose.css [36m304[0m 0.597 ms - -[0m
2026-08-07 07:45:47 [INFO]: [0mGET /css/footer.css [36m304[0m 0.742 ms - -[0m
2026-08-07 07:45:47 [INFO]: [0mGET /css/auth.css [36m304[0m 1.017 ms - -[0m
2026-08-07 07:45:47 [INFO]: [0mGET /css/verify.css [36m304[0m 1.188 ms - -[0m
2026-08-07 07:45:47 [INFO]: [0mGET /css/admin/layout.css [36m304[0m 0.199 ms - -[0m
2026-08-07 07:45:47 [INFO]: [0mGET /css/admin/users.css [36m304[0m 0.379 ms - -[0m
2026-08-07 07:45:47 [INFO]: [0mGET /css/admin/products.css [36m304[0m 0.672 ms - -[0m
2026-08-07 07:45:47 [INFO]: [0mGET /.well-known/appspecific/com.chrome.devtools.json [33m404[0m 82.337 ms - 112[0m
2026-08-07 07:46:15 [INFO]: [0mGET /admin/users/trash [36m304[0m 200.536 ms - -[0m
2026-08-07 07:46:15 [INFO]: [0mGET /css/style.css [36m304[0m 0.358 ms - -[0m
2026-08-07 07:46:15 [INFO]: [0mGET /css/admin/users.css [36m304[0m 0.350 ms - -[0m
2026-08-07 07:46:15 [INFO]: [0mGET /css/admin/products.css [36m304[0m 0.472 ms - -[0m
2026-08-07 07:46:15 [INFO]: [0mGET /css/admin/layout.css [32m200[0m 1.126 ms - -[0m
2026-08-07 07:46:15 [INFO]: [0mGET /images/logo/plantora.png [36m304[0m 0.818 ms - -[0m
2026-08-07 07:46:15 [INFO]: [0mGET /css/header.css [36m304[0m 1.149 ms - -[0m
2026-08-07 07:46:15 [INFO]: [0mGET /js/admin/layout.js [36m304[0m 0.351 ms - -[0m
2026-08-07 07:46:15 [INFO]: [0mGET /js/admin/products.js [36m304[0m 0.625 ms - -[0m
2026-08-07 07:46:15 [INFO]: [0mGET /js/admin/users.js [36m304[0m 1.157 ms - -[0m
2026-08-07 07:46:15 [INFO]: [0mGET /js/header.js [36m304[0m 1.522 ms - -[0m
2026-08-07 07:46:15 [INFO]: [0mGET /js/notification.js [36m304[0m 0.590 ms - -[0m
2026-08-07 07:46:15 [INFO]: [0mGET /css/variables.css [36m304[0m 0.231 ms - -[0m
2026-08-07 07:46:15 [INFO]: [0mGET /css/utilities.css [36m304[0m 0.213 ms - -[0m
2026-08-07 07:46:15 [INFO]: [0mGET /css/animations.css [36m304[0m 0.216 ms - -[0m
2026-08-07 07:46:15 [INFO]: [0mGET /css/announcement.css [36m304[0m 0.313 ms - -[0m
2026-08-07 07:46:15 [INFO]: [0mGET /css/hero.css [36m304[0m 0.579 ms - -[0m
2026-08-07 07:46:15 [INFO]: [0mGET /css/featured.css [36m304[0m 0.604 ms - -[0m
2026-08-07 07:46:15 [INFO]: [0mGET /css/why-choose.css [36m304[0m 0.535 ms - -[0m
2026-08-07 07:46:15 [INFO]: [0mGET /css/footer.css [36m304[0m 0.822 ms - -[0m
2026-08-07 07:46:15 [INFO]: [0mGET /css/auth.css [36m304[0m 0.391 ms - -[0m
2026-08-07 07:46:15 [INFO]: [0mGET /css/verify.css [36m304[0m 0.537 ms - -[0m
2026-08-07 07:46:16 [INFO]: [0mGET /.well-known/appspecific/com.chrome.devtools.json [33m404[0m 80.677 ms - 112[0m
2026-08-07 07:46:55 [INFO]: [0mGET /admin/users/trash [36m304[0m 203.702 ms - -[0m
2026-08-07 07:46:55 [INFO]: [0mGET /css/style.css [36m304[0m 0.342 ms - -[0m
2026-08-07 07:46:55 [INFO]: [0mGET /css/admin/products.css [36m304[0m 0.270 ms - -[0m
2026-08-07 07:46:55 [INFO]: [0mGET /css/header.css [36m304[0m 0.516 ms - -[0m
2026-08-07 07:46:55 [INFO]: [0mGET /images/logo/plantora.png [36m304[0m 0.398 ms - -[0m
2026-08-07 07:46:55 [INFO]: [0mGET /css/admin/layout.css [32m200[0m 1.917 ms - -[0m
2026-08-07 07:46:55 [INFO]: [0mGET /css/admin/users.css [32m200[0m 1.398 ms - -[0m
2026-08-07 07:46:55 [INFO]: [0mGET /js/admin/layout.js [36m304[0m 0.671 ms - -[0m
2026-08-07 07:46:55 [INFO]: [0mGET /js/admin/users.js [36m304[0m 0.935 ms - -[0m
2026-08-07 07:46:55 [INFO]: [0mGET /js/admin/products.js [36m304[0m 1.044 ms - -[0m
2026-08-07 07:46:55 [INFO]: [0mGET /js/header.js [36m304[0m 1.232 ms - -[0m
2026-08-07 07:46:55 [INFO]: [0mGET /js/notification.js [36m304[0m 0.692 ms - -[0m
2026-08-07 07:46:55 [INFO]: [0mGET /css/variables.css [36m304[0m 1.041 ms - -[0m
2026-08-07 07:46:55 [INFO]: [0mGET /css/utilities.css [36m304[0m 1.179 ms - -[0m
2026-08-07 07:46:55 [INFO]: [0mGET /css/animations.css [36m304[0m 1.291 ms - -[0m
2026-08-07 07:46:55 [INFO]: [0mGET /css/announcement.css [36m304[0m 1.437 ms - -[0m
2026-08-07 07:46:55 [INFO]: [0mGET /css/hero.css [36m304[0m 1.546 ms - -[0m
2026-08-07 07:46:55 [INFO]: [0mGET /css/featured.css [36m304[0m 1.799 ms - -[0m
2026-08-07 07:46:55 [INFO]: [0mGET /css/why-choose.css [36m304[0m 0.430 ms - -[0m
2026-08-07 07:46:55 [INFO]: [0mGET /css/footer.css [36m304[0m 0.555 ms - -[0m
2026-08-07 07:46:55 [INFO]: [0mGET /css/auth.css [36m304[0m 0.702 ms - -[0m
2026-08-07 07:46:55 [INFO]: [0mGET /css/verify.css [36m304[0m 0.873 ms - -[0m
2026-08-07 07:46:58 [INFO]: [0mGET /admin/products [36m304[0m 165.211 ms - -[0m
2026-08-07 07:46:58 [INFO]: [0mGET /css/style.css [36m304[0m 0.338 ms - -[0m
2026-08-07 07:46:58 [INFO]: [0mGET /css/admin/layout.css [36m304[0m 0.213 ms - -[0m
2026-08-07 07:46:58 [INFO]: [0mGET /css/admin/users.css [36m304[0m 0.324 ms - -[0m
2026-08-07 07:46:58 [INFO]: [0mGET /css/admin/products.css [36m304[0m 0.725 ms - -[0m
2026-08-07 07:46:58 [INFO]: [0mGET /css/header.css [36m304[0m 0.511 ms - -[0m
2026-08-07 07:46:58 [INFO]: [0mGET /images/logo/plantora.png [36m304[0m 0.677 ms - -[0m
2026-08-07 07:46:58 [INFO]: [0mGET /js/admin/layout.js [36m304[0m 0.619 ms - -[0m
2026-08-07 07:46:58 [INFO]: [0mGET /js/admin/users.js [36m304[0m 0.746 ms - -[0m
2026-08-07 07:46:58 [INFO]: [0mGET /js/admin/products.js [36m304[0m 0.781 ms - -[0m
2026-08-07 07:46:58 [INFO]: [0mGET /js/header.js [36m304[0m 0.921 ms - -[0m
2026-08-07 07:46:58 [INFO]: [0mGET /js/notification.js [36m304[0m 1.176 ms - -[0m
2026-08-07 07:46:58 [INFO]: [0mGET /css/variables.css [36m304[0m 0.154 ms - -[0m
2026-08-07 07:46:58 [INFO]: [0mGET /css/utilities.css [36m304[0m 0.356 ms - -[0m
2026-08-07 07:46:58 [INFO]: [0mGET /css/animations.css [36m304[0m 0.280 ms - -[0m
2026-08-07 07:46:58 [INFO]: [0mGET /css/announcement.css [36m304[0m 0.358 ms - -[0m
2026-08-07 07:46:58 [INFO]: [0mGET /css/hero.css [36m304[0m 0.664 ms - -[0m
2026-08-07 07:46:58 [INFO]: [0mGET /css/featured.css [36m304[0m 0.465 ms - -[0m
2026-08-07 07:46:58 [INFO]: [0mGET /css/why-choose.css [36m304[0m 0.373 ms - -[0m
2026-08-07 07:46:58 [INFO]: [0mGET /css/footer.css [36m304[0m 0.680 ms - -[0m
2026-08-07 07:46:58 [INFO]: [0mGET /css/auth.css [36m304[0m 0.179 ms - -[0m
2026-08-07 07:46:58 [INFO]: [0mGET /css/verify.css [36m304[0m 0.325 ms - -[0m
2026-08-07 07:47:01 [INFO]: [0mGET /admin/products/trash [36m304[0m 163.983 ms - -[0m
2026-08-07 07:47:01 [INFO]: [0mGET /css/style.css [36m304[0m 0.220 ms - -[0m
2026-08-07 07:47:01 [INFO]: [0mGET /css/admin/layout.css [36m304[0m 0.571 ms - -[0m
2026-08-07 07:47:01 [INFO]: [0mGET /css/admin/users.css [36m304[0m 0.380 ms - -[0m
2026-08-07 07:47:01 [INFO]: [0mGET /css/admin/products.css [36m304[0m 0.515 ms - -[0m
2026-08-07 07:47:01 [INFO]: [0mGET /css/header.css [36m304[0m 0.582 ms - -[0m
2026-08-07 07:47:01 [INFO]: [0mGET /images/logo/plantora.png [36m304[0m 0.680 ms - -[0m
2026-08-07 07:47:01 [INFO]: [0mGET /js/admin/layout.js [36m304[0m 0.198 ms - -[0m
2026-08-07 07:47:01 [INFO]: [0mGET /js/admin/users.js [36m304[0m 0.389 ms - -[0m
2026-08-07 07:47:01 [INFO]: [0mGET /js/admin/products.js [36m304[0m 0.616 ms - -[0m
2026-08-07 07:47:01 [INFO]: [0mGET /js/header.js [36m304[0m 0.201 ms - -[0m
2026-08-07 07:47:01 [INFO]: [0mGET /js/notification.js [36m304[0m 0.273 ms - -[0m
2026-08-07 07:47:01 [INFO]: [0mGET /css/variables.css [36m304[0m 0.152 ms - -[0m
2026-08-07 07:47:01 [INFO]: [0mGET /css/utilities.css [36m304[0m 0.237 ms - -[0m
2026-08-07 07:47:01 [INFO]: [0mGET /css/animations.css [36m304[0m 0.140 ms - -[0m
2026-08-07 07:47:01 [INFO]: [0mGET /css/announcement.css [36m304[0m 0.209 ms - -[0m
2026-08-07 07:47:01 [INFO]: [0mGET /css/hero.css [36m304[0m 0.140 ms - -[0m
2026-08-07 07:47:01 [INFO]: [0mGET /css/featured.css [36m304[0m 0.221 ms - -[0m
2026-08-07 07:47:01 [INFO]: [0mGET /css/why-choose.css [36m304[0m 0.358 ms - -[0m
2026-08-07 07:47:01 [INFO]: [0mGET /css/footer.css [36m304[0m 0.534 ms - -[0m
2026-08-07 07:47:01 [INFO]: [0mGET /css/auth.css [36m304[0m 0.144 ms - -[0m
2026-08-07 07:47:01 [INFO]: [0mGET /css/verify.css [36m304[0m 0.363 ms - -[0m
2026-08-07 07:47:45 [INFO]: [0mGET /admin/products/trash [32m200[0m 182.079 ms - -[0m
2026-08-07 07:47:45 [INFO]: [0mGET /css/style.css [36m304[0m 0.608 ms - -[0m
2026-08-07 07:47:45 [INFO]: [0mGET /css/admin/layout.css [36m304[0m 0.638 ms - -[0m
2026-08-07 07:47:45 [INFO]: [0mGET /css/admin/products.css [36m304[0m 0.208 ms - -[0m
2026-08-07 07:47:45 [INFO]: [0mGET /css/admin/users.css [36m304[0m 0.394 ms - -[0m
2026-08-07 07:47:45 [INFO]: [0mGET /images/logo/plantora.png [36m304[0m 0.361 ms - -[0m
2026-08-07 07:47:45 [INFO]: [0mGET /css/header.css [36m304[0m 0.463 ms - -[0m
2026-08-07 07:47:45 [INFO]: [0mGET /js/admin/layout.js [36m304[0m 0.272 ms - -[0m
2026-08-07 07:47:45 [INFO]: [0mGET /js/admin/users.js [36m304[0m 0.424 ms - -[0m
2026-08-07 07:47:45 [INFO]: [0mGET /js/admin/products.js [36m304[0m 0.581 ms - -[0m
2026-08-07 07:47:45 [INFO]: [0mGET /js/header.js [36m304[0m 0.757 ms - -[0m
2026-08-07 07:47:45 [INFO]: [0mGET /js/notification.js [36m304[0m 0.885 ms - -[0m
2026-08-07 07:47:45 [INFO]: [0mGET /css/variables.css [36m304[0m 0.219 ms - -[0m
2026-08-07 07:47:45 [INFO]: [0mGET /css/utilities.css [36m304[0m 0.147 ms - -[0m
2026-08-07 07:47:45 [INFO]: [0mGET /css/animations.css [36m304[0m 0.350 ms - -[0m
2026-08-07 07:47:45 [INFO]: [0mGET /css/announcement.css [36m304[0m 0.295 ms - -[0m
2026-08-07 07:47:45 [INFO]: [0mGET /css/hero.css [36m304[0m 0.480 ms - -[0m
2026-08-07 07:47:45 [INFO]: [0mGET /css/featured.css [36m304[0m 0.411 ms - -[0m
2026-08-07 07:47:45 [INFO]: [0mGET /css/why-choose.css [36m304[0m 0.340 ms - -[0m
2026-08-07 07:47:45 [INFO]: [0mGET /css/footer.css [36m304[0m 0.837 ms - -[0m
2026-08-07 07:47:45 [INFO]: [0mGET /css/auth.css [36m304[0m 0.629 ms - -[0m
2026-08-07 07:47:45 [INFO]: [0mGET /css/verify.css [36m304[0m 0.326 ms - -[0m
2026-08-07 07:47:46 [INFO]: [0mGET /admin/products [36m304[0m 167.645 ms - -[0m
2026-08-07 07:47:46 [INFO]: [0mGET /css/style.css [36m304[0m 1.381 ms - -[0m
2026-08-07 07:47:46 [INFO]: [0mGET /css/admin/layout.css [36m304[0m 1.530 ms - -[0m
2026-08-07 07:47:46 [INFO]: [0mGET /css/admin/users.css [36m304[0m 1.939 ms - -[0m
2026-08-07 07:47:46 [INFO]: [0mGET /css/admin/products.css [36m304[0m 2.240 ms - -[0m
2026-08-07 07:47:46 [INFO]: [0mGET /css/header.css [36m304[0m 2.412 ms - -[0m
2026-08-07 07:47:46 [INFO]: [0mGET /images/logo/plantora.png [36m304[0m 2.670 ms - -[0m
2026-08-07 07:47:46 [INFO]: [0mGET /js/admin/layout.js [36m304[0m 0.212 ms - -[0m
2026-08-07 07:47:46 [INFO]: [0mGET /js/admin/users.js [36m304[0m 0.450 ms - -[0m
2026-08-07 07:47:46 [INFO]: [0mGET /js/admin/products.js [36m304[0m 0.258 ms - -[0m
2026-08-07 07:47:46 [INFO]: [0mGET /js/header.js [36m304[0m 0.343 ms - -[0m
2026-08-07 07:47:46 [INFO]: [0mGET /css/variables.css [36m304[0m 0.717 ms - -[0m
2026-08-07 07:47:46 [INFO]: [0mGET /css/utilities.css [36m304[0m 0.728 ms - -[0m
2026-08-07 07:47:46 [INFO]: [0mGET /css/animations.css [36m304[0m 1.120 ms - -[0m
2026-08-07 07:47:46 [INFO]: [0mGET /css/announcement.css [36m304[0m 0.671 ms - -[0m
2026-08-07 07:47:46 [INFO]: [0mGET /css/hero.css [36m304[0m 0.773 ms - -[0m
2026-08-07 07:47:46 [INFO]: [0mGET /css/featured.css [36m304[0m 0.914 ms - -[0m
2026-08-07 07:47:46 [INFO]: [0mGET /css/why-choose.css [36m304[0m 0.838 ms - -[0m
2026-08-07 07:47:46 [INFO]: [0mGET /css/footer.css [36m304[0m 1.018 ms - -[0m
2026-08-07 07:47:46 [INFO]: [0mGET /css/auth.css [36m304[0m 0.864 ms - -[0m
2026-08-07 07:47:46 [INFO]: [0mGET /css/verify.css [36m304[0m 0.699 ms - -[0m
2026-08-07 07:47:46 [INFO]: [0mGET /js/notification.js [36m304[0m 0.426 ms - -[0m
2026-08-07 07:47:48 [INFO]: [0mGET /admin/products/trash [36m304[0m 174.843 ms - -[0m
2026-08-07 07:47:48 [INFO]: [0mGET /css/style.css [36m304[0m 0.311 ms - -[0m
2026-08-07 07:47:48 [INFO]: [0mGET /css/admin/layout.css [36m304[0m 0.974 ms - -[0m
2026-08-07 07:47:48 [INFO]: [0mGET /css/admin/users.css [36m304[0m 1.224 ms - -[0m
2026-08-07 07:47:48 [INFO]: [0mGET /css/admin/products.css [36m304[0m 0.956 ms - -[0m
2026-08-07 07:47:48 [INFO]: [0mGET /css/header.css [36m304[0m 0.949 ms - -[0m
2026-08-07 07:47:48 [INFO]: [0mGET /images/logo/plantora.png [36m304[0m 0.935 ms - -[0m
2026-08-07 07:47:48 [INFO]: [0mGET /js/admin/layout.js [36m304[0m 0.141 ms - -[0m
2026-08-07 07:47:48 [INFO]: [0mGET /css/variables.css [36m304[0m 0.295 ms - -[0m
2026-08-07 07:47:48 [INFO]: [0mGET /js/admin/users.js [36m304[0m 0.538 ms - -[0m
2026-08-07 07:47:48 [INFO]: [0mGET /js/admin/products.js [36m304[0m 0.755 ms - -[0m
2026-08-07 07:47:48 [INFO]: [0mGET /js/header.js [36m304[0m 0.879 ms - -[0m
2026-08-07 07:47:48 [INFO]: [0mGET /js/notification.js [36m304[0m 1.043 ms - -[0m
2026-08-07 07:47:48 [INFO]: [0mGET /css/utilities.css [36m304[0m 0.145 ms - -[0m
2026-08-07 07:47:48 [INFO]: [0mGET /css/animations.css [36m304[0m 0.658 ms - -[0m
2026-08-07 07:47:48 [INFO]: [0mGET /css/announcement.css [36m304[0m 0.431 ms - -[0m
2026-08-07 07:47:48 [INFO]: [0mGET /css/hero.css [36m304[0m 0.535 ms - -[0m
2026-08-07 07:47:48 [INFO]: [0mGET /css/featured.css [36m304[0m 0.799 ms - -[0m
2026-08-07 07:47:48 [INFO]: [0mGET /css/why-choose.css [36m304[0m 1.326 ms - -[0m
2026-08-07 07:47:48 [INFO]: [0mGET /css/footer.css [36m304[0m 0.203 ms - -[0m
2026-08-07 07:47:48 [INFO]: [0mGET /css/auth.css [36m304[0m 0.327 ms - -[0m
2026-08-07 07:47:48 [INFO]: [0mGET /css/verify.css [36m304[0m 0.583 ms - -[0m
2026-08-07 07:47:49 [INFO]: [0mGET /admin/products [36m304[0m 178.426 ms - -[0m
2026-08-07 07:47:49 [INFO]: [0mGET /css/style.css [36m304[0m 0.358 ms - -[0m
2026-08-07 07:47:49 [INFO]: [0mGET /css/admin/layout.css [36m304[0m 0.517 ms - -[0m
2026-08-07 07:47:49 [INFO]: [0mGET /css/admin/users.css [36m304[0m 0.227 ms - -[0m
2026-08-07 07:47:49 [INFO]: [0mGET /css/admin/products.css [36m304[0m 0.331 ms - -[0m
2026-08-07 07:47:49 [INFO]: [0mGET /css/header.css [36m304[0m 0.555 ms - -[0m
2026-08-07 07:47:49 [INFO]: [0mGET /images/logo/plantora.png [36m304[0m 0.492 ms - -[0m
2026-08-07 07:47:49 [INFO]: [0mGET /js/admin/layout.js [36m304[0m 0.353 ms - -[0m
2026-08-07 07:47:49 [INFO]: [0mGET /js/admin/users.js [36m304[0m 0.510 ms - -[0m
2026-08-07 07:47:49 [INFO]: [0mGET /js/admin/products.js [36m304[0m 0.344 ms - -[0m
2026-08-07 07:47:49 [INFO]: [0mGET /js/header.js [36m304[0m 0.622 ms - -[0m
2026-08-07 07:47:49 [INFO]: [0mGET /js/notification.js [36m304[0m 0.417 ms - -[0m
2026-08-07 07:47:49 [INFO]: [0mGET /css/variables.css [36m304[0m 0.309 ms - -[0m
2026-08-07 07:47:49 [INFO]: [0mGET /css/utilities.css [36m304[0m 0.363 ms - -[0m
2026-08-07 07:47:49 [INFO]: [0mGET /css/animations.css [36m304[0m 0.212 ms - -[0m
2026-08-07 07:47:49 [INFO]: [0mGET /css/announcement.css [36m304[0m 0.347 ms - -[0m
2026-08-07 07:47:49 [INFO]: [0mGET /css/hero.css [36m304[0m 0.404 ms - -[0m
2026-08-07 07:47:49 [INFO]: [0mGET /css/featured.css [36m304[0m 0.344 ms - -[0m
2026-08-07 07:47:49 [INFO]: [0mGET /css/why-choose.css [36m304[0m 0.378 ms - -[0m
2026-08-07 07:47:49 [INFO]: [0mGET /css/footer.css [36m304[0m 0.146 ms - -[0m
2026-08-07 07:47:49 [INFO]: [0mGET /css/auth.css [36m304[0m 0.317 ms - -[0m
2026-08-07 07:47:49 [INFO]: [0mGET /css/verify.css [36m304[0m 0.377 ms - -[0m
2026-08-07 07:47:52 [INFO]: [0mGET /admin/products/create [36m304[0m 165.424 ms - -[0m
2026-08-07 07:47:52 [INFO]: [0mGET /css/style.css [36m304[0m 0.456 ms - -[0m
2026-08-07 07:47:52 [INFO]: [0mGET /css/admin/layout.css [36m304[0m 0.751 ms - -[0m
2026-08-07 07:47:52 [INFO]: [0mGET /css/admin/users.css [36m304[0m 0.643 ms - -[0m
2026-08-07 07:47:52 [INFO]: [0mGET /css/admin/products.css [36m304[0m 0.305 ms - -[0m
2026-08-07 07:47:52 [INFO]: [0mGET /css/header.css [36m304[0m 0.376 ms - -[0m
2026-08-07 07:47:52 [INFO]: [0mGET /images/logo/plantora.png [36m304[0m 0.581 ms - -[0m
2026-08-07 07:47:52 [INFO]: [0mGET /css/variables.css [36m304[0m 0.751 ms - -[0m
2026-08-07 07:47:52 [INFO]: [0mGET /js/admin/layout.js [36m304[0m 1.069 ms - -[0m
2026-08-07 07:47:52 [INFO]: [0mGET /js/admin/users.js [36m304[0m 1.343 ms - -[0m
2026-08-07 07:47:52 [INFO]: [0mGET /js/admin/products.js [36m304[0m 1.531 ms - -[0m
2026-08-07 07:47:52 [INFO]: [0mGET /js/header.js [36m304[0m 1.664 ms - -[0m
2026-08-07 07:47:52 [INFO]: [0mGET /js/notification.js [36m304[0m 1.914 ms - -[0m
2026-08-07 07:47:52 [INFO]: [0mGET /css/utilities.css [36m304[0m 0.559 ms - -[0m
2026-08-07 07:47:52 [INFO]: [0mGET /css/animations.css [36m304[0m 0.782 ms - -[0m
2026-08-07 07:47:52 [INFO]: [0mGET /css/announcement.css [36m304[0m 1.041 ms - -[0m
2026-08-07 07:47:52 [INFO]: [0mGET /css/hero.css [36m304[0m 1.487 ms - -[0m
2026-08-07 07:47:52 [INFO]: [0mGET /css/featured.css [36m304[0m 0.566 ms - -[0m
2026-08-07 07:47:52 [INFO]: [0mGET /css/why-choose.css [36m304[0m 0.883 ms - -[0m
2026-08-07 07:47:52 [INFO]: [0mGET /css/footer.css [36m304[0m 0.662 ms - -[0m
2026-08-07 07:47:52 [INFO]: [0mGET /css/auth.css [36m304[0m 0.532 ms - -[0m
2026-08-07 07:47:52 [INFO]: [0mGET /css/verify.css [36m304[0m 0.752 ms - -[0m
2026-08-07 08:16:02 [INFO]: [0mGET /admin/products/create [36m304[0m 167.123 ms - -[0m
2026-08-07 08:16:02 [INFO]: [0mGET /css/style.css [36m304[0m 0.924 ms - -[0m
2026-08-07 08:16:02 [INFO]: [0mGET /css/admin/layout.css [36m304[0m 0.959 ms - -[0m
2026-08-07 08:16:02 [INFO]: [0mGET /css/admin/users.css [36m304[0m 0.990 ms - -[0m
2026-08-07 08:16:02 [INFO]: [0mGET /css/header.css [36m304[0m 0.199 ms - -[0m
2026-08-07 08:16:02 [INFO]: [0mGET /images/logo/plantora.png [36m304[0m 0.351 ms - -[0m
2026-08-07 08:16:02 [INFO]: [0mGET /css/admin/products.css [32m200[0m 0.893 ms - -[0m
2026-08-07 08:16:02 [INFO]: [0mGET /js/admin/layout.js [36m304[0m 0.908 ms - -[0m
2026-08-07 08:16:02 [INFO]: [0mGET /js/admin/users.js [36m304[0m 1.218 ms - -[0m
2026-08-07 08:16:02 [INFO]: [0mGET /js/admin/products.js [36m304[0m 1.288 ms - -[0m
2026-08-07 08:16:02 [INFO]: [0mGET /js/header.js [36m304[0m 1.463 ms - -[0m
2026-08-07 08:16:02 [INFO]: [0mGET /js/notification.js [36m304[0m 1.702 ms - -[0m
2026-08-07 08:16:02 [INFO]: [0mGET /css/variables.css [36m304[0m 0.229 ms - -[0m
2026-08-07 08:16:02 [INFO]: [0mGET /css/utilities.css [36m304[0m 0.607 ms - -[0m
2026-08-07 08:16:02 [INFO]: [0mGET /css/animations.css [36m304[0m 0.788 ms - -[0m
2026-08-07 08:16:02 [INFO]: [0mGET /css/announcement.css [36m304[0m 0.934 ms - -[0m
2026-08-07 08:16:02 [INFO]: [0mGET /css/hero.css [36m304[0m 1.057 ms - -[0m
2026-08-07 08:16:02 [INFO]: [0mGET /css/featured.css [36m304[0m 1.965 ms - -[0m
2026-08-07 08:16:02 [INFO]: [0mGET /css/why-choose.css [36m304[0m 0.972 ms - -[0m
2026-08-07 08:16:02 [INFO]: [0mGET /css/footer.css [36m304[0m 0.452 ms - -[0m
2026-08-07 08:16:02 [INFO]: [0mGET /css/auth.css [36m304[0m 0.668 ms - -[0m
2026-08-07 08:16:02 [INFO]: [0mGET /css/verify.css [36m304[0m 0.826 ms - -[0m
2026-08-07 08:16:05 [INFO]: [0mGET /admin/products [32m200[0m 164.349 ms - -[0m
2026-08-07 08:16:05 [INFO]: [0mGET /css/style.css [36m304[0m 0.536 ms - -[0m
2026-08-07 08:16:05 [INFO]: [0mGET /css/admin/layout.css [36m304[0m 0.593 ms - -[0m
2026-08-07 08:16:05 [INFO]: [0mGET /css/admin/users.css [36m304[0m 1.109 ms - -[0m
2026-08-07 08:16:05 [INFO]: [0mGET /css/admin/products.css [36m304[0m 2.657 ms - -[0m
2026-08-07 08:16:05 [INFO]: [0mGET /css/header.css [36m304[0m 1.588 ms - -[0m
2026-08-07 08:16:05 [INFO]: [0mGET /images/logo/plantora.png [36m304[0m 1.318 ms - -[0m
2026-08-07 08:16:05 [INFO]: [0mGET /js/admin/layout.js [36m304[0m 0.724 ms - -[0m
2026-08-07 08:16:05 [INFO]: [0mGET /js/admin/users.js [36m304[0m 0.489 ms - -[0m
2026-08-07 08:16:05 [INFO]: [0mGET /js/admin/products.js [36m304[0m 0.720 ms - -[0m
2026-08-07 08:16:05 [INFO]: [0mGET /js/header.js [36m304[0m 0.980 ms - -[0m
2026-08-07 08:16:05 [INFO]: [0mGET /js/notification.js [36m304[0m 1.249 ms - -[0m
2026-08-07 08:16:05 [INFO]: [0mGET /css/variables.css [36m304[0m 1.481 ms - -[0m
2026-08-07 08:16:05 [INFO]: [0mGET /css/utilities.css [36m304[0m 0.613 ms - -[0m
2026-08-07 08:16:05 [INFO]: [0mGET /css/animations.css [36m304[0m 0.986 ms - -[0m
2026-08-07 08:16:05 [INFO]: [0mGET /css/announcement.css [36m304[0m 0.663 ms - -[0m
2026-08-07 08:16:05 [INFO]: [0mGET /css/hero.css [36m304[0m 1.117 ms - -[0m
2026-08-07 08:16:05 [INFO]: [0mGET /css/featured.css [36m304[0m 1.633 ms - -[0m
2026-08-07 08:16:05 [INFO]: [0mGET /css/why-choose.css [36m304[0m 1.355 ms - -[0m
2026-08-07 08:16:05 [INFO]: [0mGET /css/footer.css [36m304[0m 1.531 ms - -[0m
2026-08-07 08:16:05 [INFO]: [0mGET /css/auth.css [36m304[0m 1.879 ms - -[0m
2026-08-07 08:16:05 [INFO]: [0mGET /css/verify.css [36m304[0m 0.629 ms - -[0m
2026-08-07 08:16:07 [INFO]: [0mGET /admin/products/create [36m304[0m 161.532 ms - -[0m
2026-08-07 08:16:07 [INFO]: [0mGET /css/style.css [36m304[0m 0.601 ms - -[0m
2026-08-07 08:16:07 [INFO]: [0mGET /css/admin/layout.css [36m304[0m 0.517 ms - -[0m
2026-08-07 08:16:07 [INFO]: [0mGET /css/admin/users.css [36m304[0m 1.862 ms - -[0m
2026-08-07 08:16:07 [INFO]: [0mGET /css/admin/products.css [36m304[0m 1.225 ms - -[0m
2026-08-07 08:16:07 [INFO]: [0mGET /css/header.css [36m304[0m 1.931 ms - -[0m
2026-08-07 08:16:07 [INFO]: [0mGET /images/logo/plantora.png [36m304[0m 1.189 ms - -[0m
2026-08-07 08:16:07 [INFO]: [0mGET /js/admin/layout.js [36m304[0m 0.712 ms - -[0m
2026-08-07 08:16:07 [INFO]: [0mGET /js/admin/users.js [36m304[0m 1.143 ms - -[0m
2026-08-07 08:16:07 [INFO]: [0mGET /js/admin/products.js [36m304[0m 1.609 ms - -[0m
2026-08-07 08:16:07 [INFO]: [0mGET /js/header.js [36m304[0m 0.527 ms - -[0m
2026-08-07 08:16:07 [INFO]: [0mGET /js/notification.js [36m304[0m 1.332 ms - -[0m
2026-08-07 08:16:07 [INFO]: [0mGET /css/variables.css [36m304[0m 0.964 ms - -[0m
2026-08-07 08:16:07 [INFO]: [0mGET /css/utilities.css [36m304[0m 1.249 ms - -[0m
2026-08-07 08:16:07 [INFO]: [0mGET /css/animations.css [36m304[0m 0.645 ms - -[0m
2026-08-07 08:16:07 [INFO]: [0mGET /css/announcement.css [36m304[0m 0.851 ms - -[0m
2026-08-07 08:16:07 [INFO]: [0mGET /css/hero.css [36m304[0m 1.502 ms - -[0m
2026-08-07 08:16:07 [INFO]: [0mGET /css/featured.css [36m304[0m 1.334 ms - -[0m
2026-08-07 08:16:07 [INFO]: [0mGET /css/why-choose.css [36m304[0m 0.954 ms - -[0m
2026-08-07 08:16:07 [INFO]: [0mGET /css/footer.css [36m304[0m 1.628 ms - -[0m
2026-08-07 08:16:07 [INFO]: [0mGET /css/auth.css [36m304[0m 0.803 ms - -[0m
2026-08-07 08:16:07 [INFO]: [0mGET /css/verify.css [36m304[0m 1.005 ms - -[0m
2026-08-07 08:16:10 [INFO]: [0mGET /admin/products/trash [32m200[0m 167.926 ms - -[0m
2026-08-07 08:16:10 [INFO]: [0mGET /css/style.css [36m304[0m 0.455 ms - -[0m
2026-08-07 08:16:10 [INFO]: [0mGET /css/admin/layout.css [36m304[0m 1.225 ms - -[0m
2026-08-07 08:16:10 [INFO]: [0mGET /css/admin/users.css [36m304[0m 0.753 ms - -[0m
2026-08-07 08:16:10 [INFO]: [0mGET /css/admin/products.css [36m304[0m 1.086 ms - -[0m
2026-08-07 08:16:10 [INFO]: [0mGET /css/header.css [36m304[0m 1.224 ms - -[0m
2026-08-07 08:16:10 [INFO]: [0mGET /images/logo/plantora.png [36m304[0m 1.225 ms - -[0m
2026-08-07 08:16:10 [INFO]: [0mGET /js/admin/layout.js [36m304[0m 0.423 ms - -[0m
2026-08-07 08:16:10 [INFO]: [0mGET /js/admin/users.js [36m304[0m 0.187 ms - -[0m
2026-08-07 08:16:10 [INFO]: [0mGET /js/admin/products.js [36m304[0m 0.313 ms - -[0m
2026-08-07 08:16:10 [INFO]: [0mGET /css/variables.css [36m304[0m 0.466 ms - -[0m
2026-08-07 08:16:10 [INFO]: [0mGET /js/header.js [36m304[0m 0.790 ms - -[0m
2026-08-07 08:16:10 [INFO]: [0mGET /css/utilities.css [36m304[0m 1.111 ms - -[0m
2026-08-07 08:16:10 [INFO]: [0mGET /js/notification.js [36m304[0m 1.435 ms - -[0m
2026-08-07 08:16:10 [INFO]: [0mGET /css/animations.css [36m304[0m 0.336 ms - -[0m
2026-08-07 08:16:10 [INFO]: [0mGET /css/announcement.css [36m304[0m 0.623 ms - -[0m
2026-08-07 08:16:10 [INFO]: [0mGET /css/hero.css [36m304[0m 0.946 ms - -[0m
2026-08-07 08:16:10 [INFO]: [0mGET /css/featured.css [36m304[0m 1.193 ms - -[0m
2026-08-07 08:16:10 [INFO]: [0mGET /css/why-choose.css [36m304[0m 0.757 ms - -[0m
2026-08-07 08:16:10 [INFO]: [0mGET /css/footer.css [36m304[0m 0.705 ms - -[0m
2026-08-07 08:16:10 [INFO]: [0mGET /css/auth.css [36m304[0m 0.730 ms - -[0m
2026-08-07 08:16:10 [INFO]: [0mGET /css/verify.css [36m304[0m 0.817 ms - -[0m
2026-08-07 08:16:22 [INFO]: [0mGET /admin/products [36m304[0m 164.305 ms - -[0m
2026-08-07 08:16:22 [INFO]: [0mGET /css/style.css [36m304[0m 0.271 ms - -[0m
2026-08-07 08:16:22 [INFO]: [0mGET /css/admin/layout.css [36m304[0m 0.478 ms - -[0m
2026-08-07 08:16:22 [INFO]: [0mGET /css/admin/users.css [36m304[0m 0.285 ms - -[0m
2026-08-07 08:16:22 [INFO]: [0mGET /css/admin/products.css [36m304[0m 0.456 ms - -[0m
2026-08-07 08:16:22 [INFO]: [0mGET /css/header.css [36m304[0m 0.665 ms - -[0m
2026-08-07 08:16:22 [INFO]: [0mGET /images/logo/plantora.png [36m304[0m 0.879 ms - -[0m
2026-08-07 08:16:22 [INFO]: [0mGET /js/admin/layout.js [36m304[0m 0.556 ms - -[0m
2026-08-07 08:16:22 [INFO]: [0mGET /js/admin/users.js [36m304[0m 0.754 ms - -[0m
2026-08-07 08:16:22 [INFO]: [0mGET /js/admin/products.js [36m304[0m 1.003 ms - -[0m
2026-08-07 08:16:22 [INFO]: [0mGET /js/header.js [36m304[0m 1.210 ms - -[0m
2026-08-07 08:16:22 [INFO]: [0mGET /js/notification.js [36m304[0m 1.444 ms - -[0m
2026-08-07 08:16:22 [INFO]: [0mGET /css/variables.css [36m304[0m 0.285 ms - -[0m
2026-08-07 08:16:22 [INFO]: [0mGET /css/utilities.css [36m304[0m 0.590 ms - -[0m
2026-08-07 08:16:22 [INFO]: [0mGET /css/animations.css [36m304[0m 0.395 ms - -[0m
2026-08-07 08:16:22 [INFO]: [0mGET /css/announcement.css [36m304[0m 0.756 ms - -[0m
2026-08-07 08:16:22 [INFO]: [0mGET /css/hero.css [36m304[0m 0.906 ms - -[0m
2026-08-07 08:16:22 [INFO]: [0mGET /css/featured.css [36m304[0m 0.674 ms - -[0m
2026-08-07 08:16:22 [INFO]: [0mGET /css/why-choose.css [36m304[0m 0.436 ms - -[0m
2026-08-07 08:16:22 [INFO]: [0mGET /css/footer.css [36m304[0m 1.398 ms - -[0m
2026-08-07 08:16:22 [INFO]: [0mGET /css/auth.css [36m304[0m 1.465 ms - -[0m
2026-08-07 08:16:22 [INFO]: [0mGET /css/verify.css [36m304[0m 1.796 ms - -[0m
2026-08-07 08:16:24 [INFO]: [0mGET /admin/products/create [36m304[0m 167.523 ms - -[0m
2026-08-07 08:16:24 [INFO]: [0mGET /css/style.css [36m304[0m 0.497 ms - -[0m
2026-08-07 08:16:24 [INFO]: [0mGET /css/admin/layout.css [36m304[0m 0.612 ms - -[0m
2026-08-07 08:16:24 [INFO]: [0mGET /css/admin/users.css [36m304[0m 0.729 ms - -[0m
2026-08-07 08:16:24 [INFO]: [0mGET /css/admin/products.css [36m304[0m 1.382 ms - -[0m
2026-08-07 08:16:24 [INFO]: [0mGET /css/header.css [36m304[0m 0.712 ms - -[0m
2026-08-07 08:16:24 [INFO]: [0mGET /images/logo/plantora.png [36m304[0m 0.837 ms - -[0m
2026-08-07 08:16:24 [INFO]: [0mGET /js/admin/layout.js [36m304[0m 0.217 ms - -[0m
2026-08-07 08:16:24 [INFO]: [0mGET /js/admin/users.js [36m304[0m 0.193 ms - -[0m
2026-08-07 08:16:24 [INFO]: [0mGET /js/admin/products.js [36m304[0m 0.199 ms - -[0m
2026-08-07 08:16:24 [INFO]: [0mGET /js/header.js [36m304[0m 0.345 ms - -[0m
2026-08-07 08:16:24 [INFO]: [0mGET /css/variables.css [36m304[0m 0.465 ms - -[0m
2026-08-07 08:16:24 [INFO]: [0mGET /js/notification.js [36m304[0m 0.706 ms - -[0m
2026-08-07 08:16:24 [INFO]: [0mGET /css/utilities.css [36m304[0m 1.170 ms - -[0m
2026-08-07 08:16:24 [INFO]: [0mGET /css/animations.css [36m304[0m 0.205 ms - -[0m
2026-08-07 08:16:24 [INFO]: [0mGET /css/announcement.css [36m304[0m 0.811 ms - -[0m
2026-08-07 08:16:24 [INFO]: [0mGET /css/hero.css [36m304[0m 0.660 ms - -[0m
2026-08-07 08:16:24 [INFO]: [0mGET /css/featured.css [36m304[0m 0.871 ms - -[0m
2026-08-07 08:16:24 [INFO]: [0mGET /css/why-choose.css [36m304[0m 1.016 ms - -[0m
2026-08-07 08:16:24 [INFO]: [0mGET /css/footer.css [36m304[0m 1.463 ms - -[0m
2026-08-07 08:16:24 [INFO]: [0mGET /css/auth.css [36m304[0m 0.564 ms - -[0m
2026-08-07 08:16:24 [INFO]: [0mGET /css/verify.css [36m304[0m 0.706 ms - -[0m
2026-08-07 08:16:41 [INFO]: MongoDB connected successfully.
2026-08-07 08:16:44 [INFO]: Email server connected successfully.
2026-08-07 08:16:44 [INFO]: Server is running on port 5132.
2026-08-07 10:14:04 [INFO]: MongoDB connected successfully.
2026-08-07 10:14:07 [INFO]: Email server connected successfully.
2026-08-07 10:14:07 [INFO]: Server is running on port 5132.
2026-08-07 10:14:08 [INFO]: [0mGET / [32m200[0m 71.272 ms - -[0m
2026-08-07 10:14:08 [INFO]: [0mGET /css/style.css [36m304[0m 1.412 ms - -[0m
2026-08-07 10:14:08 [INFO]: [0mGET /images/logo/plantora.png [36m304[0m 0.911 ms - -[0m
2026-08-07 10:14:08 [INFO]: [0mGET /images/hero/hero-placeholder.png [36m304[0m 1.281 ms - -[0m
2026-08-07 10:14:08 [INFO]: [0mGET /images/hero/monstera-plant.jpg [36m304[0m 0.545 ms - -[0m
2026-08-07 10:14:08 [INFO]: [0mGET /images/hero/snake-plant.jpg [36m304[0m 1.035 ms - -[0m
2026-08-07 10:14:08 [INFO]: [0mGET /images/hero/peace-lily.jpg [36m304[0m 1.571 ms - -[0m
2026-08-07 10:14:08 [INFO]: [0mGET /js/header.js [36m304[0m 0.296 ms - -[0m
2026-08-07 10:14:08 [INFO]: [0mGET /css/variables.css [36m304[0m 1.758 ms - -[0m
2026-08-07 10:14:08 [INFO]: [0mGET /css/utilities.css [36m304[0m 1.883 ms - -[0m
2026-08-07 10:14:08 [INFO]: [0mGET /css/animations.css [36m304[0m 2.045 ms - -[0m
2026-08-07 10:14:08 [INFO]: [0mGET /css/announcement.css [36m304[0m 2.371 ms - -[0m
2026-08-07 10:14:08 [INFO]: [0mGET /css/hero.css [36m304[0m 2.781 ms - -[0m
2026-08-07 10:14:08 [INFO]: [0mGET /css/featured.css [36m304[0m 1.660 ms - -[0m
2026-08-07 10:14:08 [INFO]: [0mGET /css/why-choose.css [36m304[0m 1.847 ms - -[0m
2026-08-07 10:14:08 [INFO]: [0mGET /css/footer.css [36m304[0m 1.941 ms - -[0m
2026-08-07 10:14:08 [INFO]: [0mGET /css/header.css [36m304[0m 2.240 ms - -[0m
2026-08-07 10:14:08 [INFO]: [0mGET /css/auth.css [36m304[0m 2.469 ms - -[0m
2026-08-07 10:14:08 [INFO]: [0mGET /css/verify.css [36m304[0m 2.702 ms - -[0m
2026-08-07 10:14:08 [INFO]: [0mGET /js/why-choose.js [36m304[0m 0.363 ms - -[0m
2026-08-07 10:14:08 [INFO]: [0mGET /js/featured.js [36m304[0m 0.248 ms - -[0m
2026-08-07 10:14:08 [INFO]: [0mGET /js/notification.js [36m304[0m 0.296 ms - -[0m
2026-08-07 10:14:08 [INFO]: [0mGET /js/footer.js [36m304[0m 0.428 ms - -[0m
2026-08-07 10:14:08 [INFO]: [0mGET /js/auth.js [36m304[0m 0.651 ms - -[0m
2026-08-07 10:14:08 [INFO]: [0mGET /images/hero/tulip-plant.jpg [36m304[0m 0.994 ms - -[0m
2026-08-07 10:14:08 [INFO]: [0mGET /images/hero/rubber-plant.jpg [36m304[0m 0.234 ms - -[0m
2026-08-07 10:14:08 [INFO]: [0mGET /images/hero/aloe-vera.jpg [36m304[0m 0.314 ms - -[0m
2026-08-07 10:14:08 [INFO]: [0mGET /images/hero/areca-palm.jpg [36m304[0m 0.549 ms - -[0m
2026-08-07 10:14:08 [INFO]: [0mGET /images/hero/jade-plant.jpg [36m304[0m 0.747 ms - -[0m
2026-08-07 10:14:08 [INFO]: [0mGET /images/hero/golden-pothos.jpg [36m304[0m 1.367 ms - -[0m
2026-08-07 10:14:08 [INFO]: [0mGET /images/hero/fiddle-leaf-fig.jpg [36m304[0m 0.510 ms - -[0m
2026-08-07 10:14:08 [INFO]: [0mGET /images/hero/why-choose.jpg [36m304[0m 0.387 ms - -[0m
2026-08-07 10:14:08 [INFO]: [0mGET /images/logo/plantora-orgn-white.png [36m304[0m 2.794 ms - -[0m
2026-08-07 10:14:08 [INFO]: [0mGET /favicon.ico [33m404[0m 3.482 ms - 75[0m
2026-08-07 10:14:11 [INFO]: Login successful : admin-plantora@yopmail.com
2026-08-07 10:14:11 [INFO]: [0mPOST /auth/login [32m200[0m 555.708 ms - 46[0m
2026-08-07 10:14:12 [INFO]: [0mGET / [32m200[0m 86.928 ms - -[0m
2026-08-07 10:14:12 [INFO]: [0mGET /css/style.css [36m304[0m 0.435 ms - -[0m
2026-08-07 10:14:12 [INFO]: [0mGET /images/logo/plantora.png [36m304[0m 0.680 ms - -[0m
2026-08-07 10:14:12 [INFO]: [0mGET /images/hero/hero-placeholder.png [36m304[0m 0.990 ms - -[0m
2026-08-07 10:14:12 [INFO]: [0mGET /images/hero/monstera-plant.jpg [36m304[0m 1.216 ms - -[0m
2026-08-07 10:14:12 [INFO]: [0mGET /js/header.js [36m304[0m 1.126 ms - -[0m
2026-08-07 10:14:12 [INFO]: [0mGET /js/featured.js [36m304[0m 1.629 ms - -[0m
2026-08-07 10:14:12 [INFO]: [0mGET /js/why-choose.js [36m304[0m 2.068 ms - -[0m
2026-08-07 10:14:12 [INFO]: [0mGET /css/variables.css [36m304[0m 0.813 ms - -[0m
2026-08-07 10:14:12 [INFO]: [0mGET /css/utilities.css [36m304[0m 0.985 ms - -[0m
2026-08-07 10:14:12 [INFO]: [0mGET /css/animations.css [36m304[0m 1.176 ms - -[0m
2026-08-07 10:14:12 [INFO]: [0mGET /css/announcement.css [36m304[0m 1.519 ms - -[0m
2026-08-07 10:14:12 [INFO]: [0mGET /css/header.css [36m304[0m 1.616 ms - -[0m
2026-08-07 10:14:12 [INFO]: [0mGET /css/hero.css [36m304[0m 0.915 ms - -[0m
2026-08-07 10:14:12 [INFO]: [0mGET /css/featured.css [36m304[0m 1.010 ms - -[0m
2026-08-07 10:14:12 [INFO]: [0mGET /css/why-choose.css [36m304[0m 1.021 ms - -[0m
2026-08-07 10:14:12 [INFO]: [0mGET /css/footer.css [36m304[0m 1.795 ms - -[0m
2026-08-07 10:14:12 [INFO]: [0mGET /css/auth.css [36m304[0m 1.469 ms - -[0m
2026-08-07 10:14:12 [INFO]: [0mGET /css/verify.css [36m304[0m 1.522 ms - -[0m
2026-08-07 10:14:12 [INFO]: [0mGET /js/notification.js [36m304[0m 0.366 ms - -[0m
2026-08-07 10:14:12 [INFO]: [0mGET /js/footer.js [36m304[0m 0.963 ms - -[0m
2026-08-07 10:14:12 [INFO]: [0mGET /js/auth.js [36m304[0m 2.103 ms - -[0m
2026-08-07 10:14:12 [INFO]: [0mGET /images/hero/snake-plant.jpg [36m304[0m 1.115 ms - -[0m
2026-08-07 10:14:12 [INFO]: [0mGET /images/hero/tulip-plant.jpg [36m304[0m 1.408 ms - -[0m
2026-08-07 10:14:12 [INFO]: [0mGET /images/hero/peace-lily.jpg [36m304[0m 2.169 ms - -[0m
2026-08-07 10:14:12 [INFO]: [0mGET /images/hero/rubber-plant.jpg [36m304[0m 1.681 ms - -[0m
2026-08-07 10:14:12 [INFO]: [0mGET /images/hero/aloe-vera.jpg [36m304[0m 1.051 ms - -[0m
2026-08-07 10:14:12 [INFO]: [0mGET /images/hero/areca-palm.jpg [36m304[0m 0.854 ms - -[0m
2026-08-07 10:14:12 [INFO]: [0mGET /images/hero/jade-plant.jpg [36m304[0m 1.087 ms - -[0m
2026-08-07 10:14:12 [INFO]: [0mGET /images/hero/golden-pothos.jpg [36m304[0m 0.440 ms - -[0m
2026-08-07 10:14:12 [INFO]: [0mGET /images/hero/fiddle-leaf-fig.jpg [36m304[0m 0.320 ms - -[0m
2026-08-07 10:14:12 [INFO]: [0mGET /images/hero/why-choose.jpg [36m304[0m 0.878 ms - -[0m
2026-08-07 10:14:12 [INFO]: [0mGET /images/logo/plantora-orgn-white.png [36m304[0m 0.869 ms - -[0m
2026-08-07 10:14:15 [INFO]: [0mGET /admin/dashboard [36m304[0m 123.496 ms - -[0m
2026-08-07 10:14:15 [INFO]: [0mGET /css/style.css [36m304[0m 0.382 ms - -[0m
2026-08-07 10:14:15 [INFO]: [0mGET /css/admin/layout.css [36m304[0m 0.310 ms - -[0m
2026-08-07 10:14:15 [INFO]: [0mGET /css/admin/users.css [36m304[0m 0.466 ms - -[0m
2026-08-07 10:14:15 [INFO]: [0mGET /css/header.css [36m304[0m 0.904 ms - -[0m
2026-08-07 10:14:15 [INFO]: [0mGET /images/logo/plantora.png [36m304[0m 0.912 ms - -[0m
2026-08-07 10:14:15 [INFO]: [0mGET /css/admin/products.css [32m200[0m 1.701 ms - -[0m
2026-08-07 10:14:15 [INFO]: [0mGET /js/admin/layout.js [36m304[0m 0.849 ms - -[0m
2026-08-07 10:14:15 [INFO]: [0mGET /js/admin/users.js [36m304[0m 1.184 ms - -[0m
2026-08-07 10:14:15 [INFO]: [0mGET /js/admin/products.js [36m304[0m 1.469 ms - -[0m
2026-08-07 10:14:15 [INFO]: [0mGET /js/header.js [36m304[0m 1.637 ms - -[0m
2026-08-07 10:14:15 [INFO]: [0mGET /css/variables.css [36m304[0m 1.956 ms - -[0m
2026-08-07 10:14:15 [INFO]: [0mGET /js/notification.js [36m304[0m 2.602 ms - -[0m
2026-08-07 10:14:15 [INFO]: [0mGET /css/utilities.css [36m304[0m 0.421 ms - -[0m
2026-08-07 10:14:15 [INFO]: [0mGET /css/animations.css [36m304[0m 1.012 ms - -[0m
2026-08-07 10:14:15 [INFO]: [0mGET /css/announcement.css [36m304[0m 1.579 ms - -[0m
2026-08-07 10:14:15 [INFO]: [0mGET /css/hero.css [36m304[0m 1.726 ms - -[0m
2026-08-07 10:14:15 [INFO]: [0mGET /css/featured.css [36m304[0m 1.028 ms - -[0m
2026-08-07 10:14:15 [INFO]: [0mGET /css/why-choose.css [36m304[0m 0.585 ms - -[0m
2026-08-07 10:14:15 [INFO]: [0mGET /css/footer.css [36m304[0m 0.809 ms - -[0m
2026-08-07 10:14:15 [INFO]: [0mGET /css/auth.css [36m304[0m 1.116 ms - -[0m
2026-08-07 10:14:15 [INFO]: [0mGET /css/verify.css [36m304[0m 1.409 ms - -[0m
2026-08-07 10:14:16 [INFO]: [0mGET /admin/products [36m304[0m 165.929 ms - -[0m
2026-08-07 10:14:16 [INFO]: [0mGET /css/style.css [36m304[0m 0.824 ms - -[0m
2026-08-07 10:14:16 [INFO]: [0mGET /css/admin/layout.css [36m304[0m 0.844 ms - -[0m
2026-08-07 10:14:16 [INFO]: [0mGET /css/admin/users.css [36m304[0m 1.619 ms - -[0m
2026-08-07 10:14:16 [INFO]: [0mGET /css/admin/products.css [36m304[0m 0.893 ms - -[0m
2026-08-07 10:14:16 [INFO]: [0mGET /css/header.css [36m304[0m 1.156 ms - -[0m
2026-08-07 10:14:16 [INFO]: [0mGET /images/logo/plantora.png [36m304[0m 1.333 ms - -[0m
2026-08-07 10:14:16 [INFO]: [0mGET /css/variables.css [36m304[0m 0.813 ms - -[0m
2026-08-07 10:14:16 [INFO]: [0mGET /js/admin/layout.js [36m304[0m 0.965 ms - -[0m
2026-08-07 10:14:16 [INFO]: [0mGET /js/admin/users.js [36m304[0m 1.104 ms - -[0m
2026-08-07 10:14:16 [INFO]: [0mGET /js/admin/products.js [36m304[0m 1.268 ms - -[0m
2026-08-07 10:14:16 [INFO]: [0mGET /js/header.js [36m304[0m 1.507 ms - -[0m
2026-08-07 10:14:16 [INFO]: [0mGET /js/notification.js [36m304[0m 1.812 ms - -[0m
2026-08-07 10:14:16 [INFO]: [0mGET /css/utilities.css [36m304[0m 1.173 ms - -[0m
2026-08-07 10:14:16 [INFO]: [0mGET /css/animations.css [36m304[0m 1.827 ms - -[0m
2026-08-07 10:14:16 [INFO]: [0mGET /css/announcement.css [36m304[0m 1.745 ms - -[0m
2026-08-07 10:14:16 [INFO]: [0mGET /css/hero.css [36m304[0m 1.988 ms - -[0m
2026-08-07 10:14:16 [INFO]: [0mGET /css/featured.css [36m304[0m 0.455 ms - -[0m
2026-08-07 10:14:16 [INFO]: [0mGET /css/why-choose.css [36m304[0m 1.110 ms - -[0m
2026-08-07 10:14:16 [INFO]: [0mGET /css/footer.css [36m304[0m 0.786 ms - -[0m
2026-08-07 10:14:16 [INFO]: [0mGET /css/auth.css [36m304[0m 1.714 ms - -[0m
2026-08-07 10:14:16 [INFO]: [0mGET /css/verify.css [36m304[0m 2.273 ms - -[0m
2026-08-07 10:14:24 [INFO]: [0mGET /admin/products/trash [36m304[0m 176.223 ms - -[0m
2026-08-07 10:14:24 [INFO]: [0mGET /css/style.css [36m304[0m 1.081 ms - -[0m
2026-08-07 10:14:24 [INFO]: [0mGET /css/admin/layout.css [36m304[0m 0.877 ms - -[0m
2026-08-07 10:14:24 [INFO]: [0mGET /css/admin/users.css [36m304[0m 0.455 ms - -[0m
2026-08-07 10:14:24 [INFO]: [0mGET /css/admin/products.css [36m304[0m 0.821 ms - -[0m
2026-08-07 10:14:24 [INFO]: [0mGET /css/header.css [36m304[0m 0.976 ms - -[0m
2026-08-07 10:14:24 [INFO]: [0mGET /images/logo/plantora.png [36m304[0m 1.105 ms - -[0m
2026-08-07 10:14:24 [INFO]: [0mGET /js/admin/layout.js [36m304[0m 0.521 ms - -[0m
2026-08-07 10:14:24 [INFO]: [0mGET /js/admin/users.js [36m304[0m 0.991 ms - -[0m
2026-08-07 10:14:24 [INFO]: [0mGET /js/admin/products.js [36m304[0m 0.803 ms - -[0m
2026-08-07 10:14:24 [INFO]: [0mGET /js/header.js [36m304[0m 1.115 ms - -[0m
2026-08-07 10:14:24 [INFO]: [0mGET /js/notification.js [36m304[0m 1.382 ms - -[0m
2026-08-07 10:14:24 [INFO]: [0mGET /css/variables.css [36m304[0m 2.177 ms - -[0m
2026-08-07 10:14:24 [INFO]: [0mGET /css/utilities.css [36m304[0m 0.980 ms - -[0m
2026-08-07 10:14:24 [INFO]: [0mGET /css/animations.css [36m304[0m 0.537 ms - -[0m
2026-08-07 10:14:24 [INFO]: [0mGET /css/announcement.css [36m304[0m 0.641 ms - -[0m
2026-08-07 10:14:24 [INFO]: [0mGET /css/hero.css [36m304[0m 0.779 ms - -[0m
2026-08-07 10:14:24 [INFO]: [0mGET /css/featured.css [36m304[0m 1.495 ms - -[0m
2026-08-07 10:14:24 [INFO]: [0mGET /css/why-choose.css [36m304[0m 0.669 ms - -[0m
2026-08-07 10:14:24 [INFO]: [0mGET /css/footer.css [36m304[0m 1.496 ms - -[0m
2026-08-07 10:14:24 [INFO]: [0mGET /css/auth.css [36m304[0m 0.927 ms - -[0m
2026-08-07 10:14:24 [INFO]: [0mGET /css/verify.css [36m304[0m 0.928 ms - -[0m
2026-08-07 10:14:27 [INFO]: [0mGET /auth/profile [32m200[0m 209.973 ms - -[0m
2026-08-07 10:14:27 [INFO]: [0mGET /css/style.css [36m304[0m 0.499 ms - -[0m
2026-08-07 10:14:27 [INFO]: [0mGET /css/profile.css [36m304[0m 1.344 ms - -[0m
2026-08-07 10:14:27 [INFO]: [0mGET /images/logo/plantora.png [36m304[0m 2.102 ms - -[0m
2026-08-07 10:14:27 [INFO]: [0mGET /js/profile.js [36m304[0m 2.571 ms - -[0m
2026-08-07 10:14:27 [INFO]: [0mGET /images/logo/plantora-orgn-white.png [36m304[0m 1.161 ms - -[0m
2026-08-07 10:14:27 [INFO]: [0mGET /js/header.js [36m304[0m 0.940 ms - -[0m
2026-08-07 10:14:27 [INFO]: [0mGET /js/featured.js [36m304[0m 1.198 ms - -[0m
2026-08-07 10:14:27 [INFO]: [0mGET /js/why-choose.js [36m304[0m 1.418 ms - -[0m
2026-08-07 10:14:27 [INFO]: [0mGET /js/notification.js [36m304[0m 1.875 ms - -[0m
2026-08-07 10:14:27 [INFO]: [0mGET /css/variables.css [36m304[0m 0.722 ms - -[0m
2026-08-07 10:14:27 [INFO]: [0mGET /css/utilities.css [36m304[0m 0.801 ms - -[0m
2026-08-07 10:14:27 [INFO]: [0mGET /css/animations.css [36m304[0m 1.123 ms - -[0m
2026-08-07 10:14:27 [INFO]: [0mGET /css/header.css [36m304[0m 1.448 ms - -[0m
2026-08-07 10:14:27 [INFO]: [0mGET /css/announcement.css [36m304[0m 1.810 ms - -[0m
2026-08-07 10:14:27 [INFO]: [0mGET /css/hero.css [36m304[0m 0.967 ms - -[0m
2026-08-07 10:14:27 [INFO]: [0mGET /css/featured.css [36m304[0m 1.853 ms - -[0m
2026-08-07 10:14:27 [INFO]: [0mGET /css/why-choose.css [36m304[0m 1.849 ms - -[0m
2026-08-07 10:14:27 [INFO]: [0mGET /css/footer.css [36m304[0m 4.462 ms - -[0m
2026-08-07 10:14:27 [INFO]: [0mGET /css/auth.css [36m304[0m 4.220 ms - -[0m
2026-08-07 10:14:27 [INFO]: [0mGET /css/verify.css [36m304[0m 1.653 ms - -[0m
2026-08-07 10:14:27 [INFO]: [0mGET /js/footer.js [36m304[0m 0.825 ms - -[0m
2026-08-07 10:14:27 [INFO]: [0mGET /js/auth.js [36m304[0m 0.871 ms - -[0m
2026-08-07 10:14:31 [INFO]: [0mGET /admin/products [36m304[0m 165.588 ms - -[0m
2026-08-07 10:14:31 [INFO]: [0mGET /css/style.css [36m304[0m 0.568 ms - -[0m
2026-08-07 10:14:31 [INFO]: [0mGET /css/admin/layout.css [36m304[0m 0.699 ms - -[0m
2026-08-07 10:14:31 [INFO]: [0mGET /css/admin/users.css [36m304[0m 1.127 ms - -[0m
2026-08-07 10:14:31 [INFO]: [0mGET /css/admin/products.css [36m304[0m 0.958 ms - -[0m
2026-08-07 10:14:31 [INFO]: [0mGET /css/header.css [36m304[0m 0.697 ms - -[0m
2026-08-07 10:14:31 [INFO]: [0mGET /images/logo/plantora.png [36m304[0m 0.904 ms - -[0m
2026-08-07 10:14:31 [INFO]: [0mGET /js/admin/layout.js [36m304[0m 0.256 ms - -[0m
2026-08-07 10:14:31 [INFO]: [0mGET /css/variables.css [36m304[0m 0.669 ms - -[0m
2026-08-07 10:14:31 [INFO]: [0mGET /js/admin/users.js [36m304[0m 0.914 ms - -[0m
2026-08-07 10:14:31 [INFO]: [0mGET /js/admin/products.js [36m304[0m 1.125 ms - -[0m
2026-08-07 10:14:31 [INFO]: [0mGET /js/header.js [36m304[0m 1.275 ms - -[0m
2026-08-07 10:14:31 [INFO]: [0mGET /js/notification.js [36m304[0m 1.975 ms - -[0m
2026-08-07 10:14:31 [INFO]: [0mGET /css/utilities.css [36m304[0m 0.544 ms - -[0m
2026-08-07 10:14:31 [INFO]: [0mGET /css/animations.css [36m304[0m 0.602 ms - -[0m
2026-08-07 10:14:31 [INFO]: [0mGET /css/announcement.css [36m304[0m 1.082 ms - -[0m
2026-08-07 10:14:31 [INFO]: [0mGET /css/hero.css [36m304[0m 0.746 ms - -[0m
2026-08-07 10:14:31 [INFO]: [0mGET /css/featured.css [36m304[0m 1.157 ms - -[0m
2026-08-07 10:14:31 [INFO]: [0mGET /css/why-choose.css [36m304[0m 0.584 ms - -[0m
2026-08-07 10:14:31 [INFO]: [0mGET /css/footer.css [36m304[0m 0.411 ms - -[0m
2026-08-07 10:14:31 [INFO]: [0mGET /css/auth.css [36m304[0m 0.415 ms - -[0m
2026-08-07 10:14:31 [INFO]: [0mGET /css/verify.css [36m304[0m 0.197 ms - -[0m
2026-08-07 10:14:32 [INFO]: [0mGET /admin/products/create [36m304[0m 168.114 ms - -[0m
2026-08-07 10:14:32 [INFO]: [0mGET /css/style.css [36m304[0m 0.933 ms - -[0m
2026-08-07 10:14:32 [INFO]: [0mGET /css/admin/layout.css [36m304[0m 1.046 ms - -[0m
2026-08-07 10:14:32 [INFO]: [0mGET /css/admin/users.css [36m304[0m 1.853 ms - -[0m
2026-08-07 10:14:32 [INFO]: [0mGET /css/admin/products.css [36m304[0m 2.578 ms - -[0m
2026-08-07 10:14:32 [INFO]: [0mGET /css/header.css [36m304[0m 1.866 ms - -[0m
2026-08-07 10:14:32 [INFO]: [0mGET /images/logo/plantora.png [36m304[0m 1.938 ms - -[0m
2026-08-07 10:14:32 [INFO]: [0mGET /js/admin/layout.js [36m304[0m 0.453 ms - -[0m
2026-08-07 10:14:32 [INFO]: [0mGET /js/admin/users.js [36m304[0m 0.952 ms - -[0m
2026-08-07 10:14:32 [INFO]: [0mGET /js/admin/products.js [36m304[0m 0.421 ms - -[0m
2026-08-07 10:14:32 [INFO]: [0mGET /js/header.js [36m304[0m 0.765 ms - -[0m
2026-08-07 10:14:32 [INFO]: [0mGET /css/variables.css [36m304[0m 1.474 ms - -[0m
2026-08-07 10:14:32 [INFO]: [0mGET /js/notification.js [36m304[0m 0.656 ms - -[0m
2026-08-07 10:14:32 [INFO]: [0mGET /css/utilities.css [36m304[0m 1.498 ms - -[0m
2026-08-07 10:14:32 [INFO]: [0mGET /css/animations.css [36m304[0m 1.009 ms - -[0m
2026-08-07 10:14:32 [INFO]: [0mGET /css/announcement.css [36m304[0m 1.249 ms - -[0m
2026-08-07 10:14:32 [INFO]: [0mGET /css/hero.css [36m304[0m 0.504 ms - -[0m
2026-08-07 10:14:32 [INFO]: [0mGET /css/featured.css [36m304[0m 1.422 ms - -[0m
2026-08-07 10:14:32 [INFO]: [0mGET /css/why-choose.css [36m304[0m 1.741 ms - -[0m
2026-08-07 10:14:32 [INFO]: [0mGET /css/footer.css [36m304[0m 1.666 ms - -[0m
2026-08-07 10:14:32 [INFO]: [0mGET /css/auth.css [36m304[0m 1.974 ms - -[0m
2026-08-07 10:14:32 [INFO]: [0mGET /css/verify.css [36m304[0m 0.257 ms - -[0m
2026-08-07 10:14:38 [INFO]: [0mGET /products [33m404[0m 88.163 ms - 72[0m
2026-08-07 10:47:19 [INFO]: [0mGET /admin/products [36m304[0m 166.369 ms - -[0m
2026-08-07 10:47:19 [INFO]: [0mGET /css/style.css [36m304[0m 0.535 ms - -[0m
2026-08-07 10:47:19 [INFO]: [0mGET /css/admin/layout.css [36m304[0m 1.005 ms - -[0m
2026-08-07 10:47:19 [INFO]: [0mGET /css/admin/users.css [36m304[0m 0.569 ms - -[0m
2026-08-07 10:47:19 [INFO]: [0mGET /css/header.css [36m304[0m 0.953 ms - -[0m
2026-08-07 10:47:19 [INFO]: [0mGET /images/logo/plantora.png [36m304[0m 1.203 ms - -[0m
2026-08-07 10:47:19 [INFO]: [0mGET /css/admin/products.css [32m200[0m 2.280 ms - -[0m
2026-08-07 10:47:19 [INFO]: [0mGET /js/admin/layout.js [36m304[0m 1.406 ms - -[0m
2026-08-07 10:47:19 [INFO]: [0mGET /js/admin/users.js [36m304[0m 1.893 ms - -[0m
2026-08-07 10:47:19 [INFO]: [0mGET /js/admin/products.js [36m304[0m 1.764 ms - -[0m
2026-08-07 10:47:19 [INFO]: [0mGET /js/header.js [36m304[0m 1.816 ms - -[0m
2026-08-07 10:47:19 [INFO]: [0mGET /js/notification.js [36m304[0m 1.973 ms - -[0m
2026-08-07 10:47:19 [INFO]: [0mGET /css/variables.css [36m304[0m 0.159 ms - -[0m
2026-08-07 10:47:19 [INFO]: [0mGET /css/utilities.css [36m304[0m 0.661 ms - -[0m
2026-08-07 10:47:19 [INFO]: [0mGET /css/animations.css [36m304[0m 0.827 ms - -[0m
2026-08-07 10:47:19 [INFO]: [0mGET /css/announcement.css [36m304[0m 1.034 ms - -[0m
2026-08-07 10:47:19 [INFO]: [0mGET /css/hero.css [36m304[0m 1.261 ms - -[0m
2026-08-07 10:47:19 [INFO]: [0mGET /css/featured.css [36m304[0m 1.974 ms - -[0m
2026-08-07 10:47:19 [INFO]: [0mGET /css/why-choose.css [36m304[0m 1.948 ms - -[0m
2026-08-07 10:47:19 [INFO]: [0mGET /css/footer.css [36m304[0m 0.917 ms - -[0m
2026-08-07 10:47:19 [INFO]: [0mGET /css/auth.css [36m304[0m 1.542 ms - -[0m
2026-08-07 10:47:19 [INFO]: [0mGET /css/verify.css [36m304[0m 1.990 ms - -[0m
2026-08-07 10:47:24 [INFO]: [0mGET /admin/products/trash [36m304[0m 426.700 ms - -[0m
2026-08-07 10:47:24 [INFO]: [0mGET /css/style.css [36m304[0m 1.084 ms - -[0m
2026-08-07 10:47:24 [INFO]: [0mGET /css/admin/layout.css [36m304[0m 0.818 ms - -[0m
2026-08-07 10:47:24 [INFO]: [0mGET /css/admin/users.css [36m304[0m 1.495 ms - -[0m
2026-08-07 10:47:24 [INFO]: [0mGET /css/admin/products.css [36m304[0m 1.661 ms - -[0m
2026-08-07 10:47:24 [INFO]: [0mGET /css/header.css [36m304[0m 1.936 ms - -[0m
2026-08-07 10:47:24 [INFO]: [0mGET /images/logo/plantora.png [36m304[0m 2.045 ms - -[0m
2026-08-07 10:47:24 [INFO]: [0mGET /js/admin/layout.js [36m304[0m 0.412 ms - -[0m
2026-08-07 10:47:24 [INFO]: [0mGET /js/admin/users.js [36m304[0m 0.889 ms - -[0m
2026-08-07 10:47:24 [INFO]: [0mGET /js/admin/products.js [36m304[0m 1.472 ms - -[0m
2026-08-07 10:47:24 [INFO]: [0mGET /js/notification.js [36m304[0m 0.364 ms - -[0m
2026-08-07 10:47:24 [INFO]: [0mGET /js/header.js [36m304[0m 1.038 ms - -[0m
2026-08-07 10:47:24 [INFO]: [0mGET /css/variables.css [36m304[0m 0.314 ms - -[0m
2026-08-07 10:47:24 [INFO]: [0mGET /css/utilities.css [36m304[0m 0.623 ms - -[0m
2026-08-07 10:47:24 [INFO]: [0mGET /css/animations.css [36m304[0m 1.199 ms - -[0m
2026-08-07 10:47:24 [INFO]: [0mGET /css/announcement.css [36m304[0m 1.635 ms - -[0m
2026-08-07 10:47:24 [INFO]: [0mGET /css/hero.css [36m304[0m 0.497 ms - -[0m
2026-08-07 10:47:24 [INFO]: [0mGET /css/featured.css [36m304[0m 0.707 ms - -[0m
2026-08-07 10:47:24 [INFO]: [0mGET /css/why-choose.css [36m304[0m 1.871 ms - -[0m
2026-08-07 10:47:24 [INFO]: [0mGET /css/footer.css [36m304[0m 2.354 ms - -[0m
2026-08-07 10:47:24 [INFO]: [0mGET /css/auth.css [36m304[0m 0.536 ms - -[0m
2026-08-07 10:47:24 [INFO]: [0mGET /css/verify.css [36m304[0m 0.468 ms - -[0m
2026-08-07 10:47:29 [INFO]: [0mGET /admin/products [36m304[0m 331.199 ms - -[0m
2026-08-07 10:47:29 [INFO]: [0mGET /css/style.css [36m304[0m 0.642 ms - -[0m
2026-08-07 10:47:29 [INFO]: [0mGET /css/admin/layout.css [36m304[0m 1.085 ms - -[0m
2026-08-07 10:47:29 [INFO]: [0mGET /css/admin/users.css [36m304[0m 1.454 ms - -[0m
2026-08-07 10:47:29 [INFO]: [0mGET /css/admin/products.css [36m304[0m 1.674 ms - -[0m
2026-08-07 10:47:29 [INFO]: [0mGET /css/header.css [36m304[0m 2.044 ms - -[0m
2026-08-07 10:47:29 [INFO]: [0mGET /images/logo/plantora.png [36m304[0m 0.343 ms - -[0m
2026-08-07 10:47:29 [INFO]: [0mGET /js/admin/layout.js [36m304[0m 0.686 ms - -[0m
2026-08-07 10:47:29 [INFO]: [0mGET /js/admin/users.js [36m304[0m 0.900 ms - -[0m
2026-08-07 10:47:29 [INFO]: [0mGET /js/admin/products.js [36m304[0m 1.018 ms - -[0m
2026-08-07 10:47:29 [INFO]: [0mGET /js/header.js [36m304[0m 1.223 ms - -[0m
2026-08-07 10:47:29 [INFO]: [0mGET /js/notification.js [36m304[0m 1.460 ms - -[0m
2026-08-07 10:47:29 [INFO]: [0mGET /css/variables.css [36m304[0m 0.471 ms - -[0m
2026-08-07 10:47:29 [INFO]: [0mGET /css/utilities.css [36m304[0m 0.899 ms - -[0m
2026-08-07 10:47:29 [INFO]: [0mGET /css/animations.css [36m304[0m 1.275 ms - -[0m
2026-08-07 10:47:29 [INFO]: [0mGET /css/hero.css [36m304[0m 1.500 ms - -[0m
2026-08-07 10:47:29 [INFO]: [0mGET /css/announcement.css [36m304[0m 1.858 ms - -[0m
2026-08-07 10:47:29 [INFO]: [0mGET /css/featured.css [36m304[0m 0.179 ms - -[0m
2026-08-07 10:47:29 [INFO]: [0mGET /css/why-choose.css [36m304[0m 0.201 ms - -[0m
2026-08-07 10:47:29 [INFO]: [0mGET /css/footer.css [36m304[0m 0.592 ms - -[0m
2026-08-07 10:47:29 [INFO]: [0mGET /css/auth.css [36m304[0m 0.815 ms - -[0m
2026-08-07 10:47:29 [INFO]: [0mGET /css/verify.css [36m304[0m 0.200 ms - -[0m
2026-08-07 10:47:37 [INFO]: [0mGET /admin/products/create [32m200[0m 434.634 ms - -[0m
2026-08-07 10:47:37 [INFO]: [0mGET /css/style.css [36m304[0m 0.761 ms - -[0m
2026-08-07 10:47:37 [INFO]: [0mGET /css/admin/layout.css [36m304[0m 1.660 ms - -[0m
2026-08-07 10:47:37 [INFO]: [0mGET /css/admin/users.css [36m304[0m 0.876 ms - -[0m
2026-08-07 10:47:37 [INFO]: [0mGET /css/admin/products.css [36m304[0m 1.050 ms - -[0m
2026-08-07 10:47:37 [INFO]: [0mGET /css/header.css [36m304[0m 1.548 ms - -[0m
2026-08-07 10:47:37 [INFO]: [0mGET /images/logo/plantora.png [36m304[0m 0.736 ms - -[0m
2026-08-07 10:47:37 [INFO]: [0mGET /js/admin/layout.js [36m304[0m 0.437 ms - -[0m
2026-08-07 10:47:37 [INFO]: [0mGET /js/admin/users.js [36m304[0m 0.962 ms - -[0m
2026-08-07 10:47:37 [INFO]: [0mGET /js/admin/products.js [36m304[0m 1.537 ms - -[0m
2026-08-07 10:47:37 [INFO]: [0mGET /js/header.js [36m304[0m 1.285 ms - -[0m
2026-08-07 10:47:37 [INFO]: [0mGET /js/notification.js [36m304[0m 1.476 ms - -[0m
2026-08-07 10:47:37 [INFO]: [0mGET /css/variables.css [36m304[0m 0.970 ms - -[0m
2026-08-07 10:47:37 [INFO]: [0mGET /css/utilities.css [36m304[0m 1.137 ms - -[0m
2026-08-07 10:47:37 [INFO]: [0mGET /css/animations.css [36m304[0m 1.298 ms - -[0m
2026-08-07 10:47:37 [INFO]: [0mGET /css/announcement.css [36m304[0m 1.448 ms - -[0m
2026-08-07 10:47:37 [INFO]: [0mGET /css/featured.css [36m304[0m 2.899 ms - -[0m
2026-08-07 10:47:37 [INFO]: [0mGET /css/hero.css [36m304[0m 3.717 ms - -[0m
2026-08-07 10:47:37 [INFO]: [0mGET /css/why-choose.css [36m304[0m 2.278 ms - -[0m
2026-08-07 10:47:37 [INFO]: [0mGET /css/footer.css [36m304[0m 2.662 ms - -[0m
2026-08-07 10:47:37 [INFO]: [0mGET /css/auth.css [36m304[0m 2.629 ms - -[0m
2026-08-07 10:47:37 [INFO]: [0mGET /css/verify.css [36m304[0m 2.928 ms - -[0m
2026-08-07 10:48:04 [INFO]: [0mGET /admin/products [36m304[0m 1062.988 ms - -[0m
2026-08-07 10:48:04 [INFO]: [0mGET /css/style.css [36m304[0m 0.280 ms - -[0m
2026-08-07 10:48:04 [INFO]: [0mGET /css/admin/layout.css [36m304[0m 0.610 ms - -[0m
2026-08-07 10:48:04 [INFO]: [0mGET /css/admin/users.css [36m304[0m 0.688 ms - -[0m
2026-08-07 10:48:04 [INFO]: [0mGET /css/admin/products.css [36m304[0m 0.788 ms - -[0m
2026-08-07 10:48:04 [INFO]: [0mGET /css/header.css [36m304[0m 1.016 ms - -[0m
2026-08-07 10:48:04 [INFO]: [0mGET /images/logo/plantora.png [36m304[0m 1.435 ms - -[0m
2026-08-07 10:48:04 [INFO]: [0mGET /js/admin/layout.js [36m304[0m 0.350 ms - -[0m
2026-08-07 10:48:04 [INFO]: [0mGET /js/admin/users.js [36m304[0m 0.806 ms - -[0m
2026-08-07 10:48:04 [INFO]: [0mGET /js/admin/products.js [36m304[0m 1.038 ms - -[0m
2026-08-07 10:48:04 [INFO]: [0mGET /js/header.js [36m304[0m 0.240 ms - -[0m
2026-08-07 10:48:04 [INFO]: [0mGET /js/notification.js [36m304[0m 0.712 ms - -[0m
2026-08-07 10:48:04 [INFO]: [0mGET /css/variables.css [36m304[0m 0.381 ms - -[0m
2026-08-07 10:48:04 [INFO]: [0mGET /css/utilities.css [36m304[0m 1.063 ms - -[0m
2026-08-07 10:48:04 [INFO]: [0mGET /css/animations.css [36m304[0m 1.491 ms - -[0m
2026-08-07 10:48:04 [INFO]: [0mGET /css/announcement.css [36m304[0m 0.360 ms - -[0m
2026-08-07 10:48:04 [INFO]: [0mGET /css/hero.css [36m304[0m 0.697 ms - -[0m
2026-08-07 10:48:04 [INFO]: [0mGET /css/featured.css [36m304[0m 1.455 ms - -[0m
2026-08-07 10:48:04 [INFO]: [0mGET /css/why-choose.css [36m304[0m 2.231 ms - -[0m
2026-08-07 10:48:04 [INFO]: [0mGET /css/footer.css [36m304[0m 1.642 ms - -[0m
2026-08-07 10:48:04 [INFO]: [0mGET /css/auth.css [36m304[0m 0.520 ms - -[0m
2026-08-07 10:48:04 [INFO]: [0mGET /css/verify.css [36m304[0m 1.424 ms - -[0m
2026-08-07 10:48:10 [INFO]: [0mGET /css/style.css [36m304[0m 0.362 ms - -[0m
2026-08-07 10:48:10 [INFO]: [0mGET /css/variables.css [36m304[0m 0.803 ms - -[0m
2026-08-07 10:48:10 [INFO]: [0mGET /css/utilities.css [36m304[0m 1.071 ms - -[0m
2026-08-07 10:48:10 [INFO]: [0mGET /css/animations.css [36m304[0m 1.414 ms - -[0m
2026-08-07 10:48:10 [INFO]: [0mGET /css/announcement.css [36m304[0m 1.718 ms - -[0m
2026-08-07 10:48:10 [INFO]: [0mGET /css/header.css [36m304[0m 1.906 ms - -[0m
2026-08-07 10:48:10 [INFO]: [0mGET /css/hero.css [36m304[0m 2.239 ms - -[0m
2026-08-07 10:48:10 [INFO]: [0mGET /css/featured.css [36m304[0m 0.316 ms - -[0m
2026-08-07 10:48:10 [INFO]: [0mGET /css/why-choose.css [36m304[0m 0.470 ms - -[0m
2026-08-07 10:48:10 [INFO]: [0mGET /css/footer.css [36m304[0m 0.820 ms - -[0m
2026-08-07 10:48:10 [INFO]: [0mGET /css/auth.css [36m304[0m 1.195 ms - -[0m
2026-08-07 10:48:10 [INFO]: [0mGET /css/verify.css [36m304[0m 1.540 ms - -[0m
2026-08-07 10:48:10 [INFO]: [0mGET /css/admin/layout.css [36m304[0m 1.745 ms - -[0m
2026-08-07 10:48:10 [INFO]: [0mGET /css/admin/users.css [36m304[0m 0.459 ms - -[0m
2026-08-07 10:48:10 [INFO]: [0mGET /css/admin/products.css [36m304[0m 1.002 ms - -[0m
2026-08-07 10:48:10 [INFO]: [0mGET /.well-known/appspecific/com.chrome.devtools.json [33m404[0m 192.838 ms - 112[0m
2026-08-07 10:49:06 [INFO]: [0mGET /admin/products [0m-[0m - ms - -[0m
2026-08-07 10:49:35 [INFO]: [0mGET /admin/products [32m200[0m 27756.364 ms - -[0m
2026-08-07 10:49:35 [INFO]: [0mGET /css/style.css [36m304[0m 0.487 ms - -[0m
2026-08-07 10:49:35 [INFO]: [0mGET /css/admin/layout.css [36m304[0m 0.315 ms - -[0m
2026-08-07 10:49:35 [INFO]: [0mGET /css/admin/users.css [36m304[0m 0.283 ms - -[0m
2026-08-07 10:49:35 [INFO]: [0mGET /css/admin/products.css [36m304[0m 0.268 ms - -[0m
2026-08-07 10:49:35 [INFO]: [0mGET /css/header.css [36m304[0m 0.165 ms - -[0m
2026-08-07 10:49:35 [INFO]: [0mGET /css/variables.css [36m304[0m 0.198 ms - -[0m
2026-08-07 10:49:35 [INFO]: [0mGET /css/utilities.css [36m304[0m 0.226 ms - -[0m
2026-08-07 10:49:35 [INFO]: [0mGET /css/animations.css [36m304[0m 0.182 ms - -[0m
2026-08-07 10:49:35 [INFO]: [0mGET /css/announcement.css [36m304[0m 0.230 ms - -[0m
2026-08-07 10:49:35 [INFO]: [0mGET /css/hero.css [36m304[0m 0.224 ms - -[0m
2026-08-07 10:49:35 [INFO]: [0mGET /css/featured.css [36m304[0m 0.320 ms - -[0m
2026-08-07 10:49:35 [INFO]: [0mGET /css/why-choose.css [36m304[0m 0.395 ms - -[0m
2026-08-07 10:49:35 [INFO]: [0mGET /css/footer.css [36m304[0m 0.180 ms - -[0m
2026-08-07 10:49:35 [INFO]: [0mGET /css/auth.css [36m304[0m 0.194 ms - -[0m
2026-08-07 10:49:35 [INFO]: [0mGET /css/verify.css [36m304[0m 0.229 ms - -[0m
2026-08-07 10:49:35 [INFO]: [0mGET /images/logo/plantora.png [36m304[0m 0.459 ms - -[0m
2026-08-07 10:49:35 [INFO]: [0mGET /js/admin/layout.js [36m304[0m 0.335 ms - -[0m
2026-08-07 10:49:35 [INFO]: [0mGET /js/admin/users.js [36m304[0m 0.349 ms - -[0m
2026-08-07 10:49:35 [INFO]: [0mGET /js/admin/products.js [36m304[0m 0.444 ms - -[0m
2026-08-07 10:49:35 [INFO]: [0mGET /js/header.js [36m304[0m 0.258 ms - -[0m
2026-08-07 10:49:35 [INFO]: [0mGET /js/notification.js [36m304[0m 0.182 ms - -[0m
2026-08-07 10:49:40 [INFO]: [0mGET /admin/products [36m304[0m 459.843 ms - -[0m
2026-08-07 10:49:40 [INFO]: [0mGET /css/style.css [36m304[0m 0.445 ms - -[0m
2026-08-07 10:49:40 [INFO]: [0mGET /css/admin/layout.css [36m304[0m 0.636 ms - -[0m
2026-08-07 10:49:40 [INFO]: [0mGET /css/admin/users.css [36m304[0m 0.658 ms - -[0m
2026-08-07 10:49:40 [INFO]: [0mGET /css/admin/products.css [36m304[0m 0.796 ms - -[0m
2026-08-07 10:49:40 [INFO]: [0mGET /css/header.css [36m304[0m 1.181 ms - -[0m
2026-08-07 10:49:40 [INFO]: [0mGET /images/logo/plantora.png [36m304[0m 1.629 ms - -[0m
2026-08-07 10:49:40 [INFO]: [0mGET /js/admin/layout.js [36m304[0m 0.220 ms - -[0m
2026-08-07 10:49:40 [INFO]: [0mGET /js/admin/users.js [36m304[0m 0.332 ms - -[0m
2026-08-07 10:49:40 [INFO]: [0mGET /js/admin/products.js [36m304[0m 0.511 ms - -[0m
2026-08-07 10:49:40 [INFO]: [0mGET /js/header.js [36m304[0m 0.688 ms - -[0m
2026-08-07 10:49:40 [INFO]: [0mGET /js/notification.js [36m304[0m 0.971 ms - -[0m
2026-08-07 10:49:40 [INFO]: [0mGET /css/variables.css [36m304[0m 0.717 ms - -[0m
2026-08-07 10:49:40 [INFO]: [0mGET /css/utilities.css [36m304[0m 1.071 ms - -[0m
2026-08-07 10:49:40 [INFO]: [0mGET /css/animations.css [36m304[0m 1.154 ms - -[0m
2026-08-07 10:49:40 [INFO]: [0mGET /css/announcement.css [36m304[0m 0.390 ms - -[0m
2026-08-07 10:49:40 [INFO]: [0mGET /css/hero.css [36m304[0m 1.142 ms - -[0m
2026-08-07 10:49:40 [INFO]: [0mGET /css/featured.css [36m304[0m 1.341 ms - -[0m
2026-08-07 10:49:40 [INFO]: [0mGET /css/why-choose.css [36m304[0m 1.533 ms - -[0m
2026-08-07 10:49:40 [INFO]: [0mGET /css/footer.css [36m304[0m 2.041 ms - -[0m
2026-08-07 10:49:40 [INFO]: [0mGET /css/auth.css [36m304[0m 0.841 ms - -[0m
2026-08-07 10:49:40 [INFO]: [0mGET /css/verify.css [36m304[0m 0.534 ms - -[0m
2026-08-07 10:49:41 [INFO]: [0mGET /admin/products [36m304[0m 442.333 ms - -[0m
2026-08-07 10:49:41 [INFO]: [0mGET /css/style.css [36m304[0m 1.909 ms - -[0m
2026-08-07 10:49:41 [INFO]: [0mGET /css/admin/layout.css [36m304[0m 2.448 ms - -[0m
2026-08-07 10:49:41 [INFO]: [0mGET /css/admin/users.css [36m304[0m 3.222 ms - -[0m
2026-08-07 10:49:41 [INFO]: [0mGET /css/admin/products.css [36m304[0m 3.443 ms - -[0m
2026-08-07 10:49:41 [INFO]: [0mGET /css/header.css [36m304[0m 3.630 ms - -[0m
2026-08-07 10:49:41 [INFO]: [0mGET /images/logo/plantora.png [36m304[0m 3.738 ms - -[0m
2026-08-07 10:49:41 [INFO]: [0mGET /js/admin/layout.js [36m304[0m 1.608 ms - -[0m
2026-08-07 10:49:41 [INFO]: [0mGET /js/admin/users.js [36m304[0m 1.811 ms - -[0m
2026-08-07 10:49:41 [INFO]: [0mGET /js/admin/products.js [36m304[0m 2.043 ms - -[0m
2026-08-07 10:49:41 [INFO]: [0mGET /js/header.js [36m304[0m 2.110 ms - -[0m
2026-08-07 10:49:41 [INFO]: [0mGET /js/notification.js [36m304[0m 2.427 ms - -[0m
2026-08-07 10:49:41 [INFO]: [0mGET /css/variables.css [36m304[0m 3.066 ms - -[0m
2026-08-07 10:49:41 [INFO]: [0mGET /css/utilities.css [36m304[0m 1.211 ms - -[0m
2026-08-07 10:49:41 [INFO]: [0mGET /css/animations.css [36m304[0m 1.351 ms - -[0m
2026-08-07 10:49:41 [INFO]: [0mGET /css/announcement.css [36m304[0m 1.717 ms - -[0m
2026-08-07 10:49:41 [INFO]: [0mGET /css/hero.css [36m304[0m 1.485 ms - -[0m
2026-08-07 10:49:41 [INFO]: [0mGET /css/featured.css [36m304[0m 1.814 ms - -[0m
2026-08-07 10:49:41 [INFO]: [0mGET /css/why-choose.css [36m304[0m 2.406 ms - -[0m
2026-08-07 10:49:41 [INFO]: [0mGET /css/footer.css [36m304[0m 1.166 ms - -[0m
2026-08-07 10:49:41 [INFO]: [0mGET /css/auth.css [36m304[0m 1.523 ms - -[0m
2026-08-07 10:49:41 [INFO]: [0mGET /css/verify.css [36m304[0m 1.785 ms - -[0m
2026-08-07 10:49:44 [INFO]: [0mGET /admin/products/trash [36m304[0m 447.794 ms - -[0m
2026-08-07 10:49:44 [INFO]: [0mGET /css/style.css [36m304[0m 0.554 ms - -[0m
2026-08-07 10:49:44 [INFO]: [0mGET /css/admin/layout.css [36m304[0m 0.880 ms - -[0m
2026-08-07 10:49:44 [INFO]: [0mGET /css/admin/users.css [36m304[0m 0.270 ms - -[0m
2026-08-07 10:49:44 [INFO]: [0mGET /css/admin/products.css [36m304[0m 0.450 ms - -[0m
2026-08-07 10:49:44 [INFO]: [0mGET /css/header.css [36m304[0m 0.293 ms - -[0m
2026-08-07 10:49:44 [INFO]: [0mGET /images/logo/plantora.png [36m304[0m 0.544 ms - -[0m
2026-08-07 10:49:44 [INFO]: [0mGET /js/admin/layout.js [36m304[0m 0.630 ms - -[0m
2026-08-07 10:49:44 [INFO]: [0mGET /js/admin/users.js [36m304[0m 0.903 ms - -[0m
2026-08-07 10:49:44 [INFO]: [0mGET /js/admin/products.js [36m304[0m 1.185 ms - -[0m
2026-08-07 10:49:44 [INFO]: [0mGET /js/header.js [36m304[0m 1.476 ms - -[0m
2026-08-07 10:49:44 [INFO]: [0mGET /js/notification.js [36m304[0m 0.757 ms - -[0m
2026-08-07 10:49:44 [INFO]: [0mGET /css/variables.css [36m304[0m 0.568 ms - -[0m
2026-08-07 10:49:44 [INFO]: [0mGET /css/utilities.css [36m304[0m 0.812 ms - -[0m
2026-08-07 10:49:44 [INFO]: [0mGET /css/animations.css [36m304[0m 1.119 ms - -[0m
2026-08-07 10:49:44 [INFO]: [0mGET /css/announcement.css [36m304[0m 1.768 ms - -[0m
2026-08-07 10:49:44 [INFO]: [0mGET /css/hero.css [36m304[0m 1.965 ms - -[0m
2026-08-07 10:49:44 [INFO]: [0mGET /css/featured.css [36m304[0m 1.099 ms - -[0m
2026-08-07 10:49:44 [INFO]: [0mGET /css/why-choose.css [36m304[0m 0.562 ms - -[0m
2026-08-07 10:49:44 [INFO]: [0mGET /css/footer.css [36m304[0m 1.484 ms - -[0m
2026-08-07 10:49:44 [INFO]: [0mGET /css/auth.css [36m304[0m 0.669 ms - -[0m
2026-08-07 10:49:44 [INFO]: [0mGET /css/verify.css [36m304[0m 0.268 ms - -[0m
2026-08-07 10:49:47 [INFO]: [0mGET /admin/products [36m304[0m 668.699 ms - -[0m
2026-08-07 10:49:47 [INFO]: [0mGET /css/style.css [36m304[0m 0.307 ms - -[0m
2026-08-07 10:49:47 [INFO]: [0mGET /css/admin/layout.css [36m304[0m 0.172 ms - -[0m
2026-08-07 10:49:47 [INFO]: [0mGET /css/admin/users.css [36m304[0m 0.506 ms - -[0m
2026-08-07 10:49:47 [INFO]: [0mGET /css/admin/products.css [36m304[0m 1.007 ms - -[0m
2026-08-07 10:49:47 [INFO]: [0mGET /css/header.css [36m304[0m 1.272 ms - -[0m
2026-08-07 10:49:47 [INFO]: [0mGET /images/logo/plantora.png [36m304[0m 1.459 ms - -[0m
2026-08-07 10:49:47 [INFO]: [0mGET /js/admin/layout.js [36m304[0m 1.388 ms - -[0m
2026-08-07 10:49:47 [INFO]: [0mGET /js/admin/users.js [36m304[0m 1.791 ms - -[0m
2026-08-07 10:49:47 [INFO]: [0mGET /js/admin/products.js [36m304[0m 2.150 ms - -[0m
2026-08-07 10:49:47 [INFO]: [0mGET /js/header.js [36m304[0m 2.432 ms - -[0m
2026-08-07 10:49:47 [INFO]: [0mGET /js/notification.js [36m304[0m 0.380 ms - -[0m
2026-08-07 10:49:47 [INFO]: [0mGET /css/variables.css [36m304[0m 0.589 ms - -[0m
2026-08-07 10:49:47 [INFO]: [0mGET /css/utilities.css [36m304[0m 1.213 ms - -[0m
2026-08-07 10:49:47 [INFO]: [0mGET /css/animations.css [36m304[0m 1.257 ms - -[0m
2026-08-07 10:49:47 [INFO]: [0mGET /css/announcement.css [36m304[0m 1.235 ms - -[0m
2026-08-07 10:49:47 [INFO]: [0mGET /css/hero.css [36m304[0m 2.103 ms - -[0m
2026-08-07 10:49:47 [INFO]: [0mGET /css/featured.css [36m304[0m 1.641 ms - -[0m
2026-08-07 10:49:47 [INFO]: [0mGET /css/why-choose.css [36m304[0m 2.012 ms - -[0m
2026-08-07 10:49:47 [INFO]: [0mGET /css/footer.css [36m304[0m 1.147 ms - -[0m
2026-08-07 10:49:47 [INFO]: [0mGET /css/auth.css [36m304[0m 1.121 ms - -[0m
2026-08-07 10:49:47 [INFO]: [0mGET /css/verify.css [36m304[0m 1.263 ms - -[0m
2026-08-07 10:49:49 [INFO]: [0mGET /admin/users/trash [36m304[0m 463.795 ms - -[0m
2026-08-07 10:49:49 [INFO]: [0mGET /css/style.css [36m304[0m 1.570 ms - -[0m
2026-08-07 10:49:49 [INFO]: [0mGET /css/admin/layout.css [36m304[0m 2.395 ms - -[0m
2026-08-07 10:49:49 [INFO]: [0mGET /css/admin/users.css [36m304[0m 2.895 ms - -[0m
2026-08-07 10:49:49 [INFO]: [0mGET /css/admin/products.css [36m304[0m 3.353 ms - -[0m
2026-08-07 10:49:49 [INFO]: [0mGET /css/header.css [36m304[0m 3.941 ms - -[0m
2026-08-07 10:49:49 [INFO]: [0mGET /images/logo/plantora.png [36m304[0m 4.525 ms - -[0m
2026-08-07 10:49:49 [INFO]: [0mGET /js/admin/layout.js [36m304[0m 0.703 ms - -[0m
2026-08-07 10:49:49 [INFO]: [0mGET /js/admin/users.js [36m304[0m 0.963 ms - -[0m
2026-08-07 10:49:49 [INFO]: [0mGET /js/admin/products.js [36m304[0m 1.236 ms - -[0m
2026-08-07 10:49:49 [INFO]: [0mGET /js/header.js [36m304[0m 1.552 ms - -[0m
2026-08-07 10:49:49 [INFO]: [0mGET /js/notification.js [36m304[0m 1.828 ms - -[0m
2026-08-07 10:49:49 [INFO]: [0mGET /css/variables.css [36m304[0m 0.202 ms - -[0m
2026-08-07 10:49:49 [INFO]: [0mGET /css/utilities.css [36m304[0m 0.333 ms - -[0m
2026-08-07 10:49:49 [INFO]: [0mGET /css/animations.css [36m304[0m 0.648 ms - -[0m
2026-08-07 10:49:49 [INFO]: [0mGET /css/announcement.css [36m304[0m 0.794 ms - -[0m
2026-08-07 10:49:49 [INFO]: [0mGET /css/hero.css [36m304[0m 0.565 ms - -[0m
2026-08-07 10:49:49 [INFO]: [0mGET /css/featured.css [36m304[0m 0.700 ms - -[0m
2026-08-07 10:49:49 [INFO]: [0mGET /css/why-choose.css [36m304[0m 0.407 ms - -[0m
2026-08-07 10:49:49 [INFO]: [0mGET /css/footer.css [36m304[0m 0.617 ms - -[0m
2026-08-07 10:49:49 [INFO]: [0mGET /css/auth.css [36m304[0m 0.887 ms - -[0m
2026-08-07 10:49:49 [INFO]: [0mGET /css/verify.css [36m304[0m 1.200 ms - -[0m
2026-08-07 10:49:50 [INFO]: [0mGET /admin/users [36m304[0m 381.518 ms - -[0m
2026-08-07 10:49:50 [INFO]: [0mGET /css/style.css [36m304[0m 1.335 ms - -[0m
2026-08-07 10:49:50 [INFO]: [0mGET /css/admin/layout.css [36m304[0m 1.453 ms - -[0m
2026-08-07 10:49:50 [INFO]: [0mGET /css/admin/users.css [36m304[0m 0.941 ms - -[0m
2026-08-07 10:49:50 [INFO]: [0mGET /css/admin/products.css [36m304[0m 1.211 ms - -[0m
2026-08-07 10:49:50 [INFO]: [0mGET /css/header.css [36m304[0m 1.400 ms - -[0m
2026-08-07 10:49:50 [INFO]: [0mGET /images/logo/plantora.png [36m304[0m 0.321 ms - -[0m
2026-08-07 10:49:50 [INFO]: [0mGET /js/admin/layout.js [36m304[0m 0.398 ms - -[0m
2026-08-07 10:49:50 [INFO]: [0mGET /js/admin/users.js [36m304[0m 0.470 ms - -[0m
2026-08-07 10:49:50 [INFO]: [0mGET /js/admin/products.js [36m304[0m 0.759 ms - -[0m
2026-08-07 10:49:50 [INFO]: [0mGET /js/header.js [36m304[0m 0.567 ms - -[0m
2026-08-07 10:49:50 [INFO]: [0mGET /js/notification.js [36m304[0m 0.834 ms - -[0m
2026-08-07 10:49:50 [INFO]: [0mGET /css/variables.css [36m304[0m 0.858 ms - -[0m
2026-08-07 10:49:50 [INFO]: [0mGET /css/utilities.css [36m304[0m 1.122 ms - -[0m
2026-08-07 10:49:50 [INFO]: [0mGET /css/animations.css [36m304[0m 1.642 ms - -[0m
2026-08-07 10:49:50 [INFO]: [0mGET /css/announcement.css [36m304[0m 2.108 ms - -[0m
2026-08-07 10:49:50 [INFO]: [0mGET /css/hero.css [36m304[0m 2.839 ms - -[0m
2026-08-07 10:49:50 [INFO]: [0mGET /css/featured.css [36m304[0m 0.679 ms - -[0m
2026-08-07 10:49:50 [INFO]: [0mGET /css/why-choose.css [36m304[0m 0.630 ms - -[0m
2026-08-07 10:49:50 [INFO]: [0mGET /css/footer.css [36m304[0m 0.787 ms - -[0m
2026-08-07 10:49:50 [INFO]: [0mGET /css/auth.css [36m304[0m 1.227 ms - -[0m
2026-08-07 10:49:50 [INFO]: [0mGET /css/verify.css [36m304[0m 0.390 ms - -[0m
2026-08-07 10:49:57 [INFO]: [0mGET /admin/users/trash [36m304[0m 319.624 ms - -[0m
2026-08-07 10:49:57 [INFO]: [0mGET /css/style.css [36m304[0m 0.569 ms - -[0m
2026-08-07 10:49:57 [INFO]: [0mGET /css/admin/layout.css [36m304[0m 0.280 ms - -[0m
2026-08-07 10:49:57 [INFO]: [0mGET /css/admin/users.css [36m304[0m 0.590 ms - -[0m
2026-08-07 10:49:57 [INFO]: [0mGET /css/admin/products.css [36m304[0m 0.228 ms - -[0m
2026-08-07 10:49:57 [INFO]: [0mGET /css/header.css [36m304[0m 0.396 ms - -[0m
2026-08-07 10:49:57 [INFO]: [0mGET /images/logo/plantora.png [36m304[0m 0.471 ms - -[0m
2026-08-07 10:49:57 [INFO]: [0mGET /js/admin/layout.js [36m304[0m 0.231 ms - -[0m
2026-08-07 10:49:57 [INFO]: [0mGET /js/admin/users.js [36m304[0m 0.295 ms - -[0m
2026-08-07 10:49:57 [INFO]: [0mGET /js/admin/products.js [36m304[0m 0.668 ms - -[0m
2026-08-07 10:49:57 [INFO]: [0mGET /js/header.js [36m304[0m 0.908 ms - -[0m
2026-08-07 10:49:57 [INFO]: [0mGET /js/notification.js [36m304[0m 0.334 ms - -[0m
2026-08-07 10:49:57 [INFO]: [0mGET /css/variables.css [36m304[0m 0.390 ms - -[0m
2026-08-07 10:49:57 [INFO]: [0mGET /css/animations.css [36m304[0m 2.291 ms - -[0m
2026-08-07 10:49:57 [INFO]: [0mGET /css/announcement.css [36m304[0m 2.613 ms - -[0m
2026-08-07 10:49:57 [INFO]: [0mGET /css/utilities.css [36m304[0m 3.248 ms - -[0m
2026-08-07 10:49:57 [INFO]: [0mGET /css/hero.css [36m304[0m 3.336 ms - -[0m
2026-08-07 10:49:57 [INFO]: [0mGET /css/featured.css [36m304[0m 0.606 ms - -[0m
2026-08-07 10:49:57 [INFO]: [0mGET /css/why-choose.css [36m304[0m 1.511 ms - -[0m
2026-08-07 10:49:57 [INFO]: [0mGET /css/footer.css [36m304[0m 1.277 ms - -[0m
2026-08-07 10:49:57 [INFO]: [0mGET /css/auth.css [36m304[0m 1.767 ms - -[0m
2026-08-07 10:49:57 [INFO]: [0mGET /css/verify.css [36m304[0m 2.209 ms - -[0m
2026-08-07 10:50:00 [INFO]: [0mGET / [36m304[0m 484.585 ms - -[0m
2026-08-07 10:50:00 [INFO]: [0mGET /css/style.css [36m304[0m 0.268 ms - -[0m
2026-08-07 10:50:00 [INFO]: [0mGET /images/logo/plantora.png [36m304[0m 0.411 ms - -[0m
2026-08-07 10:50:00 [INFO]: [0mGET /images/hero/hero-placeholder.png [36m304[0m 0.349 ms - -[0m
2026-08-07 10:50:00 [INFO]: [0mGET /images/hero/monstera-plant.jpg [36m304[0m 0.543 ms - -[0m
2026-08-07 10:50:00 [INFO]: [0mGET /js/header.js [36m304[0m 0.537 ms - -[0m
2026-08-07 10:50:00 [INFO]: [0mGET /js/featured.js [36m304[0m 0.895 ms - -[0m
2026-08-07 10:50:00 [INFO]: [0mGET /js/why-choose.js [36m304[0m 1.154 ms - -[0m
2026-08-07 10:50:00 [INFO]: [0mGET /css/variables.css [36m304[0m 0.508 ms - -[0m
2026-08-07 10:50:00 [INFO]: [0mGET /css/utilities.css [36m304[0m 0.490 ms - -[0m
2026-08-07 10:50:00 [INFO]: [0mGET /css/animations.css [36m304[0m 0.869 ms - -[0m
2026-08-07 10:50:00 [INFO]: [0mGET /css/announcement.css [36m304[0m 1.792 ms - -[0m
2026-08-07 10:50:00 [INFO]: [0mGET /css/header.css [36m304[0m 0.935 ms - -[0m
2026-08-07 10:50:00 [INFO]: [0mGET /css/hero.css [36m304[0m 1.110 ms - -[0m
2026-08-07 10:50:00 [INFO]: [0mGET /css/featured.css [36m304[0m 1.971 ms - -[0m
2026-08-07 10:50:00 [INFO]: [0mGET /css/why-choose.css [36m304[0m 0.941 ms - -[0m
2026-08-07 10:50:00 [INFO]: [0mGET /css/footer.css [36m304[0m 1.593 ms - -[0m
2026-08-07 10:50:00 [INFO]: [0mGET /css/auth.css [36m304[0m 1.183 ms - -[0m
2026-08-07 10:50:00 [INFO]: [0mGET /css/verify.css [36m304[0m 1.840 ms - -[0m
2026-08-07 10:50:00 [INFO]: [0mGET /js/notification.js [36m304[0m 0.475 ms - -[0m
2026-08-07 10:50:00 [INFO]: [0mGET /js/footer.js [36m304[0m 0.697 ms - -[0m
2026-08-07 10:50:00 [INFO]: [0mGET /js/auth.js [36m304[0m 1.033 ms - -[0m
2026-08-07 10:50:00 [INFO]: [0mGET /images/hero/snake-plant.jpg [36m304[0m 0.550 ms - -[0m
2026-08-07 10:50:00 [INFO]: [0mGET /images/hero/peace-lily.jpg [36m304[0m 0.758 ms - -[0m
2026-08-07 10:50:00 [INFO]: [0mGET /images/hero/tulip-plant.jpg [36m304[0m 0.226 ms - -[0m
2026-08-07 10:50:00 [INFO]: [0mGET /images/hero/rubber-plant.jpg [36m304[0m 0.279 ms - -[0m
2026-08-07 10:50:00 [INFO]: [0mGET /images/hero/aloe-vera.jpg [36m304[0m 0.268 ms - -[0m
2026-08-07 10:50:00 [INFO]: [0mGET /images/hero/areca-palm.jpg [36m304[0m 0.228 ms - -[0m
2026-08-07 10:50:00 [INFO]: [0mGET /images/hero/jade-plant.jpg [36m304[0m 0.461 ms - -[0m
2026-08-07 10:50:00 [INFO]: [0mGET /images/hero/golden-pothos.jpg [36m304[0m 0.775 ms - -[0m
2026-08-07 10:50:00 [INFO]: [0mGET /images/hero/fiddle-leaf-fig.jpg [36m304[0m 0.371 ms - -[0m
2026-08-07 10:50:00 [INFO]: [0mGET /images/hero/why-choose.jpg [36m304[0m 0.551 ms - -[0m
2026-08-07 10:50:00 [INFO]: [0mGET /images/logo/plantora-orgn-white.png [36m304[0m 0.393 ms - -[0m
2026-08-07 10:50:07 [INFO]: [0mGET /admin/users [36m304[0m 448.467 ms - -[0m
2026-08-07 10:50:07 [INFO]: [0mGET /css/style.css [36m304[0m 0.436 ms - -[0m
2026-08-07 10:50:07 [INFO]: [0mGET /css/admin/layout.css [36m304[0m 0.604 ms - -[0m
2026-08-07 10:50:07 [INFO]: [0mGET /css/admin/users.css [36m304[0m 0.279 ms - -[0m
2026-08-07 10:50:07 [INFO]: [0mGET /css/admin/products.css [36m304[0m 0.654 ms - -[0m
2026-08-07 10:50:07 [INFO]: [0mGET /css/header.css [36m304[0m 0.485 ms - -[0m
2026-08-07 10:50:07 [INFO]: [0mGET /images/logo/plantora.png [36m304[0m 0.316 ms - -[0m
2026-08-07 10:50:07 [INFO]: [0mGET /js/admin/layout.js [36m304[0m 0.238 ms - -[0m
2026-08-07 10:50:07 [INFO]: [0mGET /js/admin/users.js [36m304[0m 0.454 ms - -[0m
2026-08-07 10:50:07 [INFO]: [0mGET /css/variables.css [36m304[0m 0.300 ms - -[0m
2026-08-07 10:50:07 [INFO]: [0mGET /js/admin/products.js [36m304[0m 0.775 ms - -[0m
2026-08-07 10:50:07 [INFO]: [0mGET /js/header.js [36m304[0m 0.998 ms - -[0m
2026-08-07 10:50:07 [INFO]: [0mGET /js/notification.js [36m304[0m 1.374 ms - -[0m
2026-08-07 10:50:07 [INFO]: [0mGET /css/utilities.css [36m304[0m 2.141 ms - -[0m
2026-08-07 10:50:07 [INFO]: [0mGET /css/animations.css [36m304[0m 0.722 ms - -[0m
2026-08-07 10:50:07 [INFO]: [0mGET /css/announcement.css [36m304[0m 0.717 ms - -[0m
2026-08-07 10:50:07 [INFO]: [0mGET /css/hero.css [36m304[0m 0.164 ms - -[0m
2026-08-07 10:50:07 [INFO]: [0mGET /css/featured.css [36m304[0m 0.294 ms - -[0m
2026-08-07 10:50:07 [INFO]: [0mGET /css/why-choose.css [36m304[0m 0.415 ms - -[0m
2026-08-07 10:50:07 [INFO]: [0mGET /css/footer.css [36m304[0m 0.532 ms - -[0m
2026-08-07 10:50:07 [INFO]: [0mGET /css/auth.css [36m304[0m 0.622 ms - -[0m
2026-08-07 10:50:07 [INFO]: [0mGET /css/verify.css [36m304[0m 0.545 ms - -[0m
2026-08-07 10:50:18 [INFO]: [0mGET /admin/products/trash [36m304[0m 554.599 ms - -[0m
2026-08-07 10:50:18 [INFO]: [0mGET /css/style.css [36m304[0m 0.375 ms - -[0m
2026-08-07 10:50:18 [INFO]: [0mGET /css/admin/layout.css [36m304[0m 1.036 ms - -[0m
2026-08-07 10:50:18 [INFO]: [0mGET /css/admin/users.css [36m304[0m 1.338 ms - -[0m
2026-08-07 10:50:18 [INFO]: [0mGET /css/admin/products.css [36m304[0m 0.521 ms - -[0m
2026-08-07 10:50:18 [INFO]: [0mGET /css/header.css [36m304[0m 0.760 ms - -[0m
2026-08-07 10:50:18 [INFO]: [0mGET /images/logo/plantora.png [36m304[0m 0.772 ms - -[0m
2026-08-07 10:50:18 [INFO]: [0mGET /js/admin/layout.js [36m304[0m 0.829 ms - -[0m
2026-08-07 10:50:18 [INFO]: [0mGET /js/admin/users.js [36m304[0m 1.962 ms - -[0m
2026-08-07 10:50:18 [INFO]: [0mGET /js/admin/products.js [36m304[0m 1.218 ms - -[0m
2026-08-07 10:50:18 [INFO]: [0mGET /css/variables.css [36m304[0m 1.780 ms - -[0m
2026-08-07 10:50:18 [INFO]: [0mGET /css/utilities.css [36m304[0m 1.243 ms - -[0m
2026-08-07 10:50:18 [INFO]: [0mGET /css/animations.css [36m304[0m 0.956 ms - -[0m
2026-08-07 10:50:18 [INFO]: [0mGET /css/announcement.css [36m304[0m 1.722 ms - -[0m
2026-08-07 10:50:18 [INFO]: [0mGET /css/hero.css [36m304[0m 1.230 ms - -[0m
2026-08-07 10:50:18 [INFO]: [0mGET /css/featured.css [36m304[0m 1.467 ms - -[0m
2026-08-07 10:50:18 [INFO]: [0mGET /css/why-choose.css [36m304[0m 0.689 ms - -[0m
2026-08-07 10:50:18 [INFO]: [0mGET /css/footer.css [36m304[0m 1.019 ms - -[0m
2026-08-07 10:50:18 [INFO]: [0mGET /css/auth.css [36m304[0m 1.945 ms - -[0m
2026-08-07 10:50:18 [INFO]: [0mGET /css/verify.css [36m304[0m 1.495 ms - -[0m
2026-08-07 10:50:18 [INFO]: [0mGET /js/header.js [36m304[0m 2.034 ms - -[0m
2026-08-07 10:50:18 [INFO]: [0mGET /js/notification.js [36m304[0m 0.330 ms - -[0m
2026-08-07 10:50:27 [INFO]: [0mGET /admin/users/trash [36m304[0m 568.024 ms - -[0m
2026-08-07 10:50:27 [INFO]: [0mGET /css/style.css [36m304[0m 1.051 ms - -[0m
2026-08-07 10:50:27 [INFO]: [0mGET /css/admin/layout.css [36m304[0m 1.583 ms - -[0m
2026-08-07 10:50:27 [INFO]: [0mGET /css/admin/products.css [36m304[0m 0.448 ms - -[0m
2026-08-07 10:50:27 [INFO]: [0mGET /css/header.css [36m304[0m 0.703 ms - -[0m
2026-08-07 10:50:27 [INFO]: [0mGET /css/admin/users.css [36m304[0m 1.162 ms - -[0m
2026-08-07 10:50:27 [INFO]: [0mGET /images/logo/plantora.png [36m304[0m 1.689 ms - -[0m
2026-08-07 10:50:27 [INFO]: [0mGET /js/admin/layout.js [36m304[0m 1.571 ms - -[0m
2026-08-07 10:50:27 [INFO]: [0mGET /js/admin/users.js [36m304[0m 1.973 ms - -[0m
2026-08-07 10:50:27 [INFO]: [0mGET /js/header.js [36m304[0m 2.289 ms - -[0m
2026-08-07 10:50:27 [INFO]: [0mGET /js/admin/products.js [36m304[0m 2.611 ms - -[0m
2026-08-07 10:50:27 [INFO]: [0mGET /css/variables.css [36m304[0m 0.537 ms - -[0m
2026-08-07 10:50:27 [INFO]: [0mGET /css/utilities.css [36m304[0m 0.814 ms - -[0m
2026-08-07 10:50:27 [INFO]: [0mGET /css/animations.css [36m304[0m 0.952 ms - -[0m
2026-08-07 10:50:27 [INFO]: [0mGET /css/announcement.css [36m304[0m 0.639 ms - -[0m
2026-08-07 10:50:27 [INFO]: [0mGET /css/featured.css [36m304[0m 1.394 ms - -[0m
2026-08-07 10:50:27 [INFO]: [0mGET /css/hero.css [36m304[0m 2.052 ms - -[0m
2026-08-07 10:50:27 [INFO]: [0mGET /css/why-choose.css [36m304[0m 1.372 ms - -[0m
2026-08-07 10:50:27 [INFO]: [0mGET /css/footer.css [36m304[0m 2.073 ms - -[0m
2026-08-07 10:50:27 [INFO]: [0mGET /css/auth.css [36m304[0m 0.959 ms - -[0m
2026-08-07 10:50:27 [INFO]: [0mGET /css/verify.css [36m304[0m 1.768 ms - -[0m
2026-08-07 10:50:27 [INFO]: [0mGET /js/notification.js [36m304[0m 0.433 ms - -[0m
2026-08-07 10:50:32 [INFO]: [0mGET /admin/users [36m304[0m 552.987 ms - -[0m
2026-08-07 10:50:32 [INFO]: [0mGET /css/style.css [36m304[0m 0.431 ms - -[0m
2026-08-07 10:50:32 [INFO]: [0mGET /css/admin/layout.css [36m304[0m 0.637 ms - -[0m
2026-08-07 10:50:32 [INFO]: [0mGET /css/admin/users.css [36m304[0m 1.145 ms - -[0m
2026-08-07 10:50:32 [INFO]: [0mGET /css/admin/products.css [36m304[0m 1.415 ms - -[0m
2026-08-07 10:50:32 [INFO]: [0mGET /css/header.css [36m304[0m 1.677 ms - -[0m
2026-08-07 10:50:32 [INFO]: [0mGET /images/logo/plantora.png [36m304[0m 0.350 ms - -[0m
2026-08-07 10:50:32 [INFO]: [0mGET /js/admin/layout.js [36m304[0m 0.476 ms - -[0m
2026-08-07 10:50:32 [INFO]: [0mGET /js/admin/users.js [36m304[0m 0.247 ms - -[0m
2026-08-07 10:50:32 [INFO]: [0mGET /js/admin/products.js [36m304[0m 0.531 ms - -[0m
2026-08-07 10:50:32 [INFO]: [0mGET /js/header.js [36m304[0m 1.586 ms - -[0m
2026-08-07 10:50:32 [INFO]: [0mGET /js/notification.js [36m304[0m 2.591 ms - -[0m
2026-08-07 10:50:32 [INFO]: [0mGET /css/variables.css [36m304[0m 0.423 ms - -[0m
2026-08-07 10:50:32 [INFO]: [0mGET /css/utilities.css [36m304[0m 0.552 ms - -[0m
2026-08-07 10:50:32 [INFO]: [0mGET /css/animations.css [36m304[0m 0.776 ms - -[0m
2026-08-07 10:50:32 [INFO]: [0mGET /css/announcement.css [36m304[0m 1.055 ms - -[0m
2026-08-07 10:50:32 [INFO]: [0mGET /css/hero.css [36m304[0m 0.749 ms - -[0m
2026-08-07 10:50:32 [INFO]: [0mGET /css/featured.css [36m304[0m 1.192 ms - -[0m
2026-08-07 10:50:32 [INFO]: [0mGET /css/why-choose.css [36m304[0m 0.683 ms - -[0m
2026-08-07 10:50:32 [INFO]: [0mGET /css/footer.css [36m304[0m 0.798 ms - -[0m
2026-08-07 10:50:32 [INFO]: [0mGET /css/auth.css [36m304[0m 0.836 ms - -[0m
2026-08-07 10:50:32 [INFO]: [0mGET /css/verify.css [36m304[0m 1.015 ms - -[0m
2026-08-07 10:50:38 [INFO]: [0mGET /notifications/latest [36m304[0m 431.527 ms - -[0m
2026-08-07 10:50:45 [INFO]: [0mGET / [36m304[0m 326.337 ms - -[0m
2026-08-07 10:50:45 [INFO]: [0mGET /css/style.css [36m304[0m 0.338 ms - -[0m
2026-08-07 10:50:45 [INFO]: [0mGET /images/logo/plantora.png [36m304[0m 0.210 ms - -[0m
2026-08-07 10:50:45 [INFO]: [0mGET /images/hero/hero-placeholder.png [36m304[0m 0.408 ms - -[0m
2026-08-07 10:50:45 [INFO]: [0mGET /images/hero/monstera-plant.jpg [36m304[0m 0.450 ms - -[0m
2026-08-07 10:50:45 [INFO]: [0mGET /js/header.js [36m304[0m 1.279 ms - -[0m
2026-08-07 10:50:45 [INFO]: [0mGET /css/variables.css [36m304[0m 2.139 ms - -[0m
2026-08-07 10:50:45 [INFO]: [0mGET /css/utilities.css [36m304[0m 2.485 ms - -[0m
2026-08-07 10:50:45 [INFO]: [0mGET /js/why-choose.js [36m304[0m 2.434 ms - -[0m
2026-08-07 10:50:45 [INFO]: [0mGET /js/featured.js [36m304[0m 3.591 ms - -[0m
2026-08-07 10:50:45 [INFO]: [0mGET /css/animations.css [36m304[0m 1.362 ms - -[0m
2026-08-07 10:50:45 [INFO]: [0mGET /css/announcement.css [36m304[0m 2.498 ms - -[0m
2026-08-07 10:50:45 [INFO]: [0mGET /css/header.css [36m304[0m 1.626 ms - -[0m
2026-08-07 10:50:45 [INFO]: [0mGET /css/hero.css [36m304[0m 1.947 ms - -[0m
2026-08-07 10:50:45 [INFO]: [0mGET /css/featured.css [36m304[0m 1.201 ms - -[0m
2026-08-07 10:50:45 [INFO]: [0mGET /css/why-choose.css [36m304[0m 1.400 ms - -[0m
2026-08-07 10:50:45 [INFO]: [0mGET /css/footer.css [36m304[0m 1.374 ms - -[0m
2026-08-07 10:50:45 [INFO]: [0mGET /css/auth.css [36m304[0m 1.382 ms - -[0m
2026-08-07 10:50:45 [INFO]: [0mGET /css/verify.css [36m304[0m 1.760 ms - -[0m
2026-08-07 10:50:45 [INFO]: [0mGET /js/notification.js [36m304[0m 0.697 ms - -[0m
2026-08-07 10:50:45 [INFO]: [0mGET /js/footer.js [36m304[0m 0.933 ms - -[0m
2026-08-07 10:50:45 [INFO]: [0mGET /js/auth.js [36m304[0m 1.262 ms - -[0m
2026-08-07 10:50:45 [INFO]: [0mGET /images/hero/snake-plant.jpg [36m304[0m 1.551 ms - -[0m
2026-08-07 10:50:45 [INFO]: [0mGET /images/hero/peace-lily.jpg [36m304[0m 0.336 ms - -[0m
2026-08-07 10:50:45 [INFO]: [0mGET /images/hero/tulip-plant.jpg [36m304[0m 0.430 ms - -[0m
2026-08-07 10:50:45 [INFO]: [0mGET /images/hero/rubber-plant.jpg [36m304[0m 1.378 ms - -[0m
2026-08-07 10:50:45 [INFO]: [0mGET /images/hero/aloe-vera.jpg [36m304[0m 0.753 ms - -[0m
2026-08-07 10:50:45 [INFO]: [0mGET /images/hero/areca-palm.jpg [36m304[0m 0.852 ms - -[0m
2026-08-07 10:50:45 [INFO]: [0mGET /images/hero/jade-plant.jpg [36m304[0m 0.403 ms - -[0m
2026-08-07 10:50:45 [INFO]: [0mGET /images/hero/golden-pothos.jpg [36m304[0m 0.273 ms - -[0m
2026-08-07 10:50:45 [INFO]: [0mGET /images/hero/fiddle-leaf-fig.jpg [36m304[0m 0.571 ms - -[0m
2026-08-07 10:50:45 [INFO]: [0mGET /images/hero/why-choose.jpg [36m304[0m 0.831 ms - -[0m
2026-08-07 10:50:45 [INFO]: [0mGET /images/logo/plantora-orgn-white.png [36m304[0m 0.468 ms - -[0m
2026-08-07 10:50:53 [INFO]: [0mGET /shop [33m404[0m 176.975 ms - 68[0m
2026-08-07 10:50:57 [INFO]: [0mGET /products [33m404[0m 297.232 ms - 72[0m
2026-08-07 10:51:02 [INFO]: [0mGET /wishlist [33m403[0m 383.553 ms - 80[0m
2026-08-07 10:51:08 [INFO]: [0mGET /notifications/latest [36m304[0m 474.464 ms - -[0m
2026-08-07 10:51:13 [INFO]: [0mGET /admin/dashboard [36m304[0m 301.736 ms - -[0m
2026-08-07 10:51:13 [INFO]: [0mGET /css/style.css [36m304[0m 0.592 ms - -[0m
2026-08-07 10:51:13 [INFO]: [0mGET /css/admin/layout.css [36m304[0m 0.741 ms - -[0m
2026-08-07 10:51:13 [INFO]: [0mGET /css/admin/users.css [36m304[0m 0.855 ms - -[0m
2026-08-07 10:51:13 [INFO]: [0mGET /css/admin/products.css [36m304[0m 0.608 ms - -[0m
2026-08-07 10:51:13 [INFO]: [0mGET /css/header.css [36m304[0m 0.816 ms - -[0m
2026-08-07 10:51:13 [INFO]: [0mGET /images/logo/plantora.png [36m304[0m 0.396 ms - -[0m
2026-08-07 10:51:13 [INFO]: [0mGET /js/admin/layout.js [36m304[0m 0.344 ms - -[0m
2026-08-07 10:51:13 [INFO]: [0mGET /js/admin/users.js [36m304[0m 0.500 ms - -[0m
2026-08-07 10:51:13 [INFO]: [0mGET /js/admin/products.js [36m304[0m 0.620 ms - -[0m
2026-08-07 10:51:13 [INFO]: [0mGET /js/header.js [36m304[0m 0.655 ms - -[0m
2026-08-07 10:51:13 [INFO]: [0mGET /css/variables.css [36m304[0m 0.361 ms - -[0m
2026-08-07 10:51:13 [INFO]: [0mGET /css/utilities.css [36m304[0m 0.867 ms - -[0m
2026-08-07 10:51:13 [INFO]: [0mGET /css/animations.css [36m304[0m 1.423 ms - -[0m
2026-08-07 10:51:13 [INFO]: [0mGET /css/announcement.css [36m304[0m 1.668 ms - -[0m
2026-08-07 10:51:13 [INFO]: [0mGET /css/hero.css [36m304[0m 1.349 ms - -[0m
2026-08-07 10:51:13 [INFO]: [0mGET /css/featured.css [36m304[0m 1.559 ms - -[0m
2026-08-07 10:51:13 [INFO]: [0mGET /css/why-choose.css [36m304[0m 1.062 ms - -[0m
2026-08-07 10:51:13 [INFO]: [0mGET /css/footer.css [36m304[0m 0.841 ms - -[0m
2026-08-07 10:51:13 [INFO]: [0mGET /css/auth.css [36m304[0m 0.325 ms - -[0m
2026-08-07 10:51:13 [INFO]: [0mGET /css/verify.css [36m304[0m 0.399 ms - -[0m
2026-08-07 10:51:13 [INFO]: [0mGET /js/notification.js [36m304[0m 0.218 ms - -[0m
2026-08-07 10:51:16 [INFO]: [0mGET /admin/users [36m304[0m 531.789 ms - -[0m
2026-08-07 10:51:16 [INFO]: [0mGET /css/style.css [36m304[0m 0.875 ms - -[0m
2026-08-07 10:51:16 [INFO]: [0mGET /css/admin/layout.css [36m304[0m 1.622 ms - -[0m
2026-08-07 10:51:16 [INFO]: [0mGET /css/admin/users.css [36m304[0m 1.932 ms - -[0m
2026-08-07 10:51:16 [INFO]: [0mGET /css/admin/products.css [36m304[0m 2.092 ms - -[0m
2026-08-07 10:51:16 [INFO]: [0mGET /css/header.css [36m304[0m 2.265 ms - -[0m
2026-08-07 10:51:16 [INFO]: [0mGET /images/logo/plantora.png [36m304[0m 0.446 ms - -[0m
2026-08-07 10:51:16 [INFO]: [0mGET /js/admin/layout.js [36m304[0m 0.760 ms - -[0m
2026-08-07 10:51:16 [INFO]: [0mGET /js/admin/users.js [36m304[0m 0.811 ms - -[0m
2026-08-07 10:51:16 [INFO]: [0mGET /js/header.js [36m304[0m 1.093 ms - -[0m
2026-08-07 10:51:16 [INFO]: [0mGET /js/admin/products.js [36m304[0m 1.423 ms - -[0m
2026-08-07 10:51:16 [INFO]: [0mGET /css/variables.css [36m304[0m 0.244 ms - -[0m
2026-08-07 10:51:16 [INFO]: [0mGET /css/utilities.css [36m304[0m 0.409 ms - -[0m
2026-08-07 10:51:16 [INFO]: [0mGET /css/animations.css [36m304[0m 0.143 ms - -[0m
2026-08-07 10:51:16 [INFO]: [0mGET /css/announcement.css [36m304[0m 0.297 ms - -[0m
2026-08-07 10:51:16 [INFO]: [0mGET /css/hero.css [36m304[0m 1.320 ms - -[0m
2026-08-07 10:51:16 [INFO]: [0mGET /css/featured.css [36m304[0m 1.673 ms - -[0m
2026-08-07 10:51:16 [INFO]: [0mGET /css/why-choose.css [36m304[0m 0.981 ms - -[0m
2026-08-07 10:51:16 [INFO]: [0mGET /css/footer.css [36m304[0m 2.001 ms - -[0m
2026-08-07 10:51:16 [INFO]: [0mGET /css/auth.css [36m304[0m 0.697 ms - -[0m
2026-08-07 10:51:16 [INFO]: [0mGET /css/verify.css [36m304[0m 0.685 ms - -[0m
2026-08-07 10:51:16 [INFO]: [0mGET /js/notification.js [36m304[0m 0.306 ms - -[0m
2026-08-07 10:51:22 [INFO]: [0mGET /admin/users/trash [36m304[0m 622.374 ms - -[0m
2026-08-07 10:51:22 [INFO]: [0mGET /css/style.css [36m304[0m 0.630 ms - -[0m
2026-08-07 10:51:22 [INFO]: [0mGET /css/admin/layout.css [36m304[0m 0.914 ms - -[0m
2026-08-07 10:51:22 [INFO]: [0mGET /css/admin/users.css [36m304[0m 1.415 ms - -[0m
2026-08-07 10:51:22 [INFO]: [0mGET /css/header.css [36m304[0m 1.736 ms - -[0m
2026-08-07 10:51:22 [INFO]: [0mGET /css/admin/products.css [36m304[0m 2.261 ms - -[0m
2026-08-07 10:51:22 [INFO]: [0mGET /images/logo/plantora.png [36m304[0m 0.789 ms - -[0m
2026-08-07 10:51:22 [INFO]: [0mGET /js/admin/layout.js [36m304[0m 0.887 ms - -[0m
2026-08-07 10:51:22 [INFO]: [0mGET /js/admin/users.js [36m304[0m 0.257 ms - -[0m
2026-08-07 10:51:22 [INFO]: [0mGET /js/admin/products.js [36m304[0m 0.170 ms - -[0m
2026-08-07 10:51:22 [INFO]: [0mGET /js/header.js [36m304[0m 0.377 ms - -[0m
2026-08-07 10:51:22 [INFO]: [0mGET /css/variables.css [36m304[0m 0.265 ms - -[0m
2026-08-07 10:51:22 [INFO]: [0mGET /css/utilities.css [36m304[0m 0.171 ms - -[0m
2026-08-07 10:51:22 [INFO]: [0mGET /css/animations.css [36m304[0m 0.394 ms - -[0m
2026-08-07 10:51:22 [INFO]: [0mGET /css/announcement.css [36m304[0m 0.284 ms - -[0m
2026-08-07 10:51:22 [INFO]: [0mGET /css/hero.css [36m304[0m 0.176 ms - -[0m
2026-08-07 10:51:22 [INFO]: [0mGET /css/featured.css [36m304[0m 0.568 ms - -[0m
2026-08-07 10:51:22 [INFO]: [0mGET /css/why-choose.css [36m304[0m 0.566 ms - -[0m
2026-08-07 10:51:22 [INFO]: [0mGET /css/footer.css [36m304[0m 0.167 ms - -[0m
2026-08-07 10:51:22 [INFO]: [0mGET /css/auth.css [36m304[0m 0.235 ms - -[0m
2026-08-07 10:51:22 [INFO]: [0mGET /css/verify.css [36m304[0m 0.465 ms - -[0m
2026-08-07 10:51:22 [INFO]: [0mGET /js/notification.js [36m304[0m 0.227 ms - -[0m
2026-08-07 10:51:23 [INFO]: [0mGET /admin/products [36m304[0m 402.961 ms - -[0m
2026-08-07 10:51:25 [INFO]: [0mGET /css/admin/layout.css [36m304[0m 0.524 ms - -[0m
2026-08-07 10:51:25 [INFO]: [0mGET /css/admin/users.css [36m304[0m 0.698 ms - -[0m
2026-08-07 10:51:25 [INFO]: [0mGET /css/header.css [36m304[0m 0.853 ms - -[0m
2026-08-07 10:51:25 [INFO]: [0mGET /css/admin/products.css [36m304[0m 0.993 ms - -[0m
2026-08-07 10:51:25 [INFO]: [0mGET /css/style.css [36m304[0m 1.112 ms - -[0m
2026-08-07 10:51:25 [INFO]: [0mGET /images/logo/plantora.png [36m304[0m 1.231 ms - -[0m
2026-08-07 10:51:25 [INFO]: [0mGET /js/admin/users.js [36m304[0m 0.119 ms - -[0m
2026-08-07 10:51:25 [INFO]: [0mGET /js/admin/products.js [36m304[0m 0.536 ms - -[0m
2026-08-07 10:51:25 [INFO]: [0mGET /js/admin/layout.js [36m304[0m 0.902 ms - -[0m
2026-08-07 10:51:25 [INFO]: [0mGET /js/header.js [36m304[0m 1.049 ms - -[0m
2026-08-07 10:51:25 [INFO]: [0mGET /js/notification.js [36m304[0m 1.156 ms - -[0m
2026-08-07 10:51:25 [INFO]: [0mGET /css/variables.css [36m304[0m 1.493 ms - -[0m
2026-08-07 10:51:25 [INFO]: [0mGET /css/utilities.css [36m304[0m 1.651 ms - -[0m
2026-08-07 10:51:25 [INFO]: [0mGET /css/animations.css [36m304[0m 0.994 ms - -[0m
2026-08-07 10:51:25 [INFO]: [0mGET /css/announcement.css [36m304[0m 1.613 ms - -[0m
2026-08-07 10:51:25 [INFO]: [0mGET /css/hero.css [36m304[0m 2.373 ms - -[0m
2026-08-07 10:51:25 [INFO]: [0mGET /css/featured.css [36m304[0m 3.890 ms - -[0m
2026-08-07 10:51:25 [INFO]: [0mGET /css/why-choose.css [36m304[0m 3.537 ms - -[0m
2026-08-07 10:51:25 [INFO]: [0mGET /css/footer.css [36m304[0m 1.824 ms - -[0m
2026-08-07 10:51:25 [INFO]: [0mGET /css/auth.css [36m304[0m 2.130 ms - -[0m
2026-08-07 10:51:25 [INFO]: [0mGET /css/verify.css [36m304[0m 0.446 ms - -[0m
2026-08-07 10:51:27 [INFO]: [0mGET /auth/profile [36m304[0m 553.465 ms - -[0m
2026-08-07 10:51:27 [INFO]: [0mGET /css/style.css [36m304[0m 0.370 ms - -[0m
2026-08-07 10:51:27 [INFO]: [0mGET /css/profile.css [36m304[0m 0.554 ms - -[0m
2026-08-07 10:51:27 [INFO]: [0mGET /images/logo/plantora.png [36m304[0m 0.293 ms - -[0m
2026-08-07 10:51:27 [INFO]: [0mGET /js/profile.js [36m304[0m 0.871 ms - -[0m
2026-08-07 10:51:27 [INFO]: [0mGET /images/logo/plantora-orgn-white.png [36m304[0m 0.476 ms - -[0m
2026-08-07 10:51:27 [INFO]: [0mGET /js/header.js [36m304[0m 0.364 ms - -[0m
2026-08-07 10:51:27 [INFO]: [0mGET /js/featured.js [36m304[0m 0.422 ms - -[0m
2026-08-07 10:51:27 [INFO]: [0mGET /css/variables.css [36m304[0m 0.240 ms - -[0m
2026-08-07 10:51:27 [INFO]: [0mGET /js/why-choose.js [36m304[0m 0.481 ms - -[0m
2026-08-07 10:51:27 [INFO]: [0mGET /js/notification.js [36m304[0m 0.967 ms - -[0m
2026-08-07 10:51:27 [INFO]: [0mGET /css/utilities.css [36m304[0m 0.259 ms - -[0m
2026-08-07 10:51:27 [INFO]: [0mGET /css/animations.css [36m304[0m 0.625 ms - -[0m
2026-08-07 10:51:27 [INFO]: [0mGET /css/announcement.css [36m304[0m 0.828 ms - -[0m
2026-08-07 10:51:27 [INFO]: [0mGET /css/header.css [36m304[0m 0.884 ms - -[0m
2026-08-07 10:51:27 [INFO]: [0mGET /css/hero.css [36m304[0m 0.571 ms - -[0m
2026-08-07 10:51:27 [INFO]: [0mGET /css/featured.css [36m304[0m 0.863 ms - -[0m
2026-08-07 10:51:27 [INFO]: [0mGET /css/why-choose.css [36m304[0m 0.421 ms - -[0m
2026-08-07 10:51:27 [INFO]: [0mGET /css/footer.css [36m304[0m 1.084 ms - -[0m
2026-08-07 10:51:27 [INFO]: [0mGET /css/auth.css [36m304[0m 1.498 ms - -[0m
2026-08-07 10:51:27 [INFO]: [0mGET /css/verify.css [36m304[0m 0.190 ms - -[0m
2026-08-07 10:51:27 [INFO]: [0mGET /js/footer.js [36m304[0m 0.391 ms - -[0m
2026-08-07 10:51:27 [INFO]: [0mGET /js/auth.js [36m304[0m 0.304 ms - -[0m
2026-08-07 10:51:35 [INFO]: [0mGET /admin/dashboard [36m304[0m 379.800 ms - -[0m
2026-08-07 10:51:35 [INFO]: [0mGET /css/style.css [36m304[0m 1.855 ms - -[0m
2026-08-07 10:51:35 [INFO]: [0mGET /css/admin/layout.css [36m304[0m 1.888 ms - -[0m
2026-08-07 10:51:35 [INFO]: [0mGET /css/admin/users.css [36m304[0m 1.394 ms - -[0m
2026-08-07 10:51:35 [INFO]: [0mGET /css/admin/products.css [36m304[0m 0.446 ms - -[0m
2026-08-07 10:51:35 [INFO]: [0mGET /css/header.css [36m304[0m 0.602 ms - -[0m
2026-08-07 10:51:35 [INFO]: [0mGET /images/logo/plantora.png [36m304[0m 0.454 ms - -[0m
2026-08-07 10:51:35 [INFO]: [0mGET /js/admin/layout.js [36m304[0m 0.263 ms - -[0m
2026-08-07 10:51:35 [INFO]: [0mGET /js/admin/users.js [36m304[0m 0.311 ms - -[0m
2026-08-07 10:51:35 [INFO]: [0mGET /js/admin/products.js [36m304[0m 0.306 ms - -[0m
2026-08-07 10:51:35 [INFO]: [0mGET /js/header.js [36m304[0m 0.608 ms - -[0m
2026-08-07 10:51:35 [INFO]: [0mGET /css/variables.css [36m304[0m 0.731 ms - -[0m
2026-08-07 10:51:35 [INFO]: [0mGET /js/notification.js [36m304[0m 0.332 ms - -[0m
2026-08-07 10:51:35 [INFO]: [0mGET /css/utilities.css [36m304[0m 0.550 ms - -[0m
2026-08-07 10:51:35 [INFO]: [0mGET /css/announcement.css [36m304[0m 0.824 ms - -[0m
2026-08-07 10:51:35 [INFO]: [0mGET /css/animations.css [36m304[0m 1.170 ms - -[0m
2026-08-07 10:51:35 [INFO]: [0mGET /css/featured.css [36m304[0m 1.421 ms - -[0m
2026-08-07 10:51:35 [INFO]: [0mGET /css/hero.css [36m304[0m 2.242 ms - -[0m
2026-08-07 10:51:35 [INFO]: [0mGET /css/why-choose.css [36m304[0m 0.767 ms - -[0m
2026-08-07 10:51:35 [INFO]: [0mGET /css/footer.css [36m304[0m 1.152 ms - -[0m
2026-08-07 10:51:35 [INFO]: [0mGET /css/auth.css [36m304[0m 0.402 ms - -[0m
2026-08-07 10:51:35 [INFO]: [0mGET /css/verify.css [36m304[0m 0.238 ms - -[0m
2026-08-07 10:51:37 [INFO]: [0mGET /auth/profile [36m304[0m 452.342 ms - -[0m
2026-08-07 10:51:37 [INFO]: [0mGET /css/style.css [36m304[0m 0.584 ms - -[0m
2026-08-07 10:51:37 [INFO]: [0mGET /css/profile.css [36m304[0m 1.077 ms - -[0m
2026-08-07 10:51:37 [INFO]: [0mGET /images/logo/plantora.png [36m304[0m 0.744 ms - -[0m
2026-08-07 10:51:37 [INFO]: [0mGET /js/profile.js [36m304[0m 1.128 ms - -[0m
2026-08-07 10:51:37 [INFO]: [0mGET /images/logo/plantora-orgn-white.png [36m304[0m 0.393 ms - -[0m
2026-08-07 10:51:37 [INFO]: [0mGET /js/header.js [36m304[0m 0.200 ms - -[0m
2026-08-07 10:51:37 [INFO]: [0mGET /js/featured.js [36m304[0m 0.455 ms - -[0m
2026-08-07 10:51:37 [INFO]: [0mGET /js/why-choose.js [36m304[0m 0.510 ms - -[0m
2026-08-07 10:51:37 [INFO]: [0mGET /css/variables.css [36m304[0m 0.287 ms - -[0m
2026-08-07 10:51:37 [INFO]: [0mGET /js/notification.js [36m304[0m 0.467 ms - -[0m
2026-08-07 10:51:37 [INFO]: [0mGET /css/utilities.css [36m304[0m 0.643 ms - -[0m
2026-08-07 10:51:37 [INFO]: [0mGET /css/animations.css [36m304[0m 0.617 ms - -[0m
2026-08-07 10:51:37 [INFO]: [0mGET /css/announcement.css [36m304[0m 0.676 ms - -[0m
2026-08-07 10:51:37 [INFO]: [0mGET /css/header.css [36m304[0m 0.858 ms - -[0m
2026-08-07 10:51:37 [INFO]: [0mGET /css/hero.css [36m304[0m 0.432 ms - -[0m
2026-08-07 10:51:37 [INFO]: [0mGET /css/featured.css [36m304[0m 0.199 ms - -[0m
2026-08-07 10:51:37 [INFO]: [0mGET /css/why-choose.css [36m304[0m 0.153 ms - -[0m
2026-08-07 10:51:37 [INFO]: [0mGET /css/footer.css [36m304[0m 0.597 ms - -[0m
2026-08-07 10:51:37 [INFO]: [0mGET /css/auth.css [36m304[0m 1.181 ms - -[0m
2026-08-07 10:51:37 [INFO]: [0mGET /css/verify.css [36m304[0m 1.393 ms - -[0m
2026-08-07 10:51:37 [INFO]: [0mGET /js/footer.js [36m304[0m 0.592 ms - -[0m
2026-08-07 10:51:37 [INFO]: [0mGET /js/auth.js [36m304[0m 0.664 ms - -[0m
2026-08-07 10:51:41 [INFO]: Logout successful : admin-plantora@yopmail.com
2026-08-07 10:51:41 [INFO]: [0mPOST /auth/logout [36m302[0m 1062.238 ms - 30[0m
2026-08-07 10:51:41 [INFO]: [0mGET / [32m200[0m 11.944 ms - -[0m
2026-08-07 10:51:41 [INFO]: [0mGET /css/style.css [36m304[0m 1.010 ms - -[0m
2026-08-07 10:51:41 [INFO]: [0mGET /images/logo/plantora.png [36m304[0m 0.842 ms - -[0m
2026-08-07 10:51:41 [INFO]: [0mGET /images/hero/hero-placeholder.png [36m304[0m 0.394 ms - -[0m
2026-08-07 10:51:41 [INFO]: [0mGET /images/hero/monstera-plant.jpg [36m304[0m 0.270 ms - -[0m
2026-08-07 10:51:41 [INFO]: [0mGET /images/hero/snake-plant.jpg [36m304[0m 0.483 ms - -[0m
2026-08-07 10:51:41 [INFO]: [0mGET /images/hero/peace-lily.jpg [36m304[0m 0.694 ms - -[0m
2026-08-07 10:51:41 [INFO]: [0mGET /js/header.js [36m304[0m 1.018 ms - -[0m
2026-08-07 10:51:41 [INFO]: [0mGET /js/featured.js [36m304[0m 0.759 ms - -[0m
2026-08-07 10:51:41 [INFO]: [0mGET /css/variables.css [36m304[0m 0.845 ms - -[0m
2026-08-07 10:51:41 [INFO]: [0mGET /css/utilities.css [36m304[0m 0.800 ms - -[0m
2026-08-07 10:51:41 [INFO]: [0mGET /css/animations.css [36m304[0m 1.033 ms - -[0m
2026-08-07 10:51:41 [INFO]: [0mGET /css/announcement.css [36m304[0m 1.492 ms - -[0m
2026-08-07 10:51:41 [INFO]: [0mGET /css/header.css [36m304[0m 0.896 ms - -[0m
2026-08-07 10:51:41 [INFO]: [0mGET /css/hero.css [36m304[0m 0.706 ms - -[0m
2026-08-07 10:51:41 [INFO]: [0mGET /css/featured.css [36m304[0m 1.702 ms - -[0m
2026-08-07 10:51:41 [INFO]: [0mGET /css/why-choose.css [36m304[0m 1.204 ms - -[0m
2026-08-07 10:51:41 [INFO]: [0mGET /css/footer.css [36m304[0m 0.776 ms - -[0m
2026-08-07 10:51:41 [INFO]: [0mGET /css/auth.css [36m304[0m 0.323 ms - -[0m
2026-08-07 10:51:41 [INFO]: [0mGET /css/verify.css [36m304[0m 0.201 ms - -[0m
2026-08-07 10:51:41 [INFO]: [0mGET /js/notification.js [36m304[0m 0.572 ms - -[0m
2026-08-07 10:51:41 [INFO]: [0mGET /js/why-choose.js [36m304[0m 1.188 ms - -[0m
2026-08-07 10:51:41 [INFO]: [0mGET /js/footer.js [36m304[0m 1.412 ms - -[0m
2026-08-07 10:51:41 [INFO]: [0mGET /js/auth.js [36m304[0m 1.622 ms - -[0m
2026-08-07 10:51:41 [INFO]: [0mGET /images/hero/tulip-plant.jpg [36m304[0m 1.996 ms - -[0m
2026-08-07 10:51:41 [INFO]: [0mGET /images/hero/rubber-plant.jpg [36m304[0m 2.504 ms - -[0m
2026-08-07 10:51:41 [INFO]: [0mGET /images/hero/aloe-vera.jpg [36m304[0m 0.306 ms - -[0m
2026-08-07 10:51:41 [INFO]: [0mGET /images/hero/areca-palm.jpg [36m304[0m 0.447 ms - -[0m
2026-08-07 10:51:41 [INFO]: [0mGET /images/hero/jade-plant.jpg [36m304[0m 0.676 ms - -[0m
2026-08-07 10:51:41 [INFO]: [0mGET /images/hero/golden-pothos.jpg [36m304[0m 0.832 ms - -[0m
2026-08-07 10:51:41 [INFO]: [0mGET /images/hero/fiddle-leaf-fig.jpg [36m304[0m 0.758 ms - -[0m
2026-08-07 10:51:41 [INFO]: [0mGET /images/hero/why-choose.jpg [36m304[0m 0.443 ms - -[0m
2026-08-07 10:51:41 [INFO]: [0mGET /images/logo/plantora-orgn-white.png [36m304[0m 0.245 ms - -[0m
2026-08-07 10:51:49 [INFO]: SIGINT received. Shutting down server...
2026-08-07 11:13:10 [INFO]: MongoDB connected successfully.
2026-08-07 11:13:13 [INFO]: Email server connected successfully.
2026-08-07 11:13:13 [INFO]: Server is running on port 5132.
2026-08-07 11:13:32 [INFO]: [0mGET / [36m304[0m 21.335 ms - -[0m
2026-08-07 11:13:32 [INFO]: [0mGET /css/style.css [36m304[0m 1.559 ms - -[0m
2026-08-07 11:13:32 [INFO]: [0mGET /images/logo/plantora.png [36m304[0m 0.378 ms - -[0m
2026-08-07 11:13:32 [INFO]: [0mGET /images/hero/hero-placeholder.png [36m304[0m 0.733 ms - -[0m
2026-08-07 11:13:32 [INFO]: [0mGET /images/hero/monstera-plant.jpg [36m304[0m 0.265 ms - -[0m
2026-08-07 11:13:32 [INFO]: [0mGET /css/variables.css [36m304[0m 0.460 ms - -[0m
2026-08-07 11:13:32 [INFO]: [0mGET /css/utilities.css [36m304[0m 0.362 ms - -[0m
2026-08-07 11:13:32 [INFO]: [0mGET /css/animations.css [36m304[0m 0.570 ms - -[0m
2026-08-07 11:13:32 [INFO]: [0mGET /css/announcement.css [36m304[0m 0.317 ms - -[0m
2026-08-07 11:13:32 [INFO]: [0mGET /css/header.css [36m304[0m 0.319 ms - -[0m
2026-08-07 11:13:32 [INFO]: [0mGET /css/hero.css [36m304[0m 0.249 ms - -[0m
2026-08-07 11:13:32 [INFO]: [0mGET /css/featured.css [36m304[0m 0.232 ms - -[0m
2026-08-07 11:13:32 [INFO]: [0mGET /css/why-choose.css [36m304[0m 0.206 ms - -[0m
2026-08-07 11:13:32 [INFO]: [0mGET /css/footer.css [36m304[0m 0.198 ms - -[0m
2026-08-07 11:13:32 [INFO]: [0mGET /css/auth.css [36m304[0m 0.199 ms - -[0m
2026-08-07 11:13:32 [INFO]: [0mGET /css/verify.css [36m304[0m 0.118 ms - -[0m
2026-08-07 11:13:32 [INFO]: [0mGET /images/hero/snake-plant.jpg [36m304[0m 0.209 ms - -[0m
2026-08-07 11:13:32 [INFO]: [0mGET /images/hero/peace-lily.jpg [36m304[0m 0.333 ms - -[0m
2026-08-07 11:13:32 [INFO]: [0mGET /js/header.js [36m304[0m 0.351 ms - -[0m
2026-08-07 11:13:32 [INFO]: [0mGET /js/featured.js [36m304[0m 0.261 ms - -[0m
2026-08-07 11:13:32 [INFO]: [0mGET /js/why-choose.js [36m304[0m 0.457 ms - -[0m
2026-08-07 11:13:32 [INFO]: [0mGET /js/notification.js [36m304[0m 0.674 ms - -[0m
2026-08-07 11:13:32 [INFO]: [0mGET /js/footer.js [36m304[0m 0.223 ms - -[0m
2026-08-07 11:13:32 [INFO]: [0mGET /js/auth.js [36m304[0m 0.145 ms - -[0m
2026-08-07 11:13:32 [INFO]: [0mGET /images/hero/tulip-plant.jpg [36m304[0m 0.204 ms - -[0m
2026-08-07 11:13:32 [INFO]: [0mGET /images/hero/rubber-plant.jpg [36m304[0m 0.158 ms - -[0m
2026-08-07 11:13:32 [INFO]: [0mGET /images/hero/aloe-vera.jpg [36m304[0m 0.649 ms - -[0m
2026-08-07 11:13:32 [INFO]: [0mGET /images/hero/areca-palm.jpg [36m304[0m 0.138 ms - -[0m
2026-08-07 11:13:32 [INFO]: [0mGET /images/hero/jade-plant.jpg [36m304[0m 0.192 ms - -[0m
2026-08-07 11:13:32 [INFO]: [0mGET /images/hero/golden-pothos.jpg [36m304[0m 0.528 ms - -[0m
2026-08-07 11:13:32 [INFO]: [0mGET /images/hero/fiddle-leaf-fig.jpg [36m304[0m 0.179 ms - -[0m
2026-08-07 11:13:32 [INFO]: [0mGET /images/hero/why-choose.jpg [36m304[0m 0.218 ms - -[0m
2026-08-07 11:13:32 [INFO]: [0mGET /images/logo/plantora-orgn-white.png [36m304[0m 0.202 ms - -[0m
2026-08-07 11:13:33 [INFO]: [0mGET /favicon.ico [33m404[0m 2.135 ms - 75[0m
2026-08-07 11:13:37 [INFO]: [0mGET / [36m304[0m 14.999 ms - -[0m
2026-08-07 11:13:37 [INFO]: [0mGET /css/style.css [36m304[0m 0.842 ms - -[0m
2026-08-07 11:13:37 [INFO]: [0mGET /images/logo/plantora.png [36m304[0m 0.893 ms - -[0m
2026-08-07 11:13:37 [INFO]: [0mGET /images/hero/hero-placeholder.png [36m304[0m 0.260 ms - -[0m
2026-08-07 11:13:37 [INFO]: [0mGET /css/variables.css [36m304[0m 0.343 ms - -[0m
2026-08-07 11:13:37 [INFO]: [0mGET /css/utilities.css [36m304[0m 0.518 ms - -[0m
2026-08-07 11:13:37 [INFO]: [0mGET /css/animations.css [36m304[0m 0.923 ms - -[0m
2026-08-07 11:13:37 [INFO]: [0mGET /css/announcement.css [36m304[0m 0.481 ms - -[0m
2026-08-07 11:13:37 [INFO]: [0mGET /css/header.css [36m304[0m 0.759 ms - -[0m
2026-08-07 11:13:37 [INFO]: [0mGET /css/hero.css [36m304[0m 0.498 ms - -[0m
2026-08-07 11:13:37 [INFO]: [0mGET /css/featured.css [36m304[0m 0.758 ms - -[0m
2026-08-07 11:13:37 [INFO]: [0mGET /css/why-choose.css [36m304[0m 0.460 ms - -[0m
2026-08-07 11:13:37 [INFO]: [0mGET /css/footer.css [36m304[0m 0.830 ms - -[0m
2026-08-07 11:13:37 [INFO]: [0mGET /css/auth.css [36m304[0m 0.835 ms - -[0m
2026-08-07 11:13:37 [INFO]: [0mGET /css/verify.css [36m304[0m 0.668 ms - -[0m
2026-08-07 11:13:37 [INFO]: [0mGET /images/hero/monstera-plant.jpg [36m304[0m 0.254 ms - -[0m
2026-08-07 11:13:37 [INFO]: [0mGET /images/hero/snake-plant.jpg [36m304[0m 0.212 ms - -[0m
2026-08-07 11:13:37 [INFO]: [0mGET /images/hero/peace-lily.jpg [36m304[0m 0.542 ms - -[0m
2026-08-07 11:13:37 [INFO]: [0mGET /js/header.js [36m304[0m 0.848 ms - -[0m
2026-08-07 11:13:37 [INFO]: [0mGET /js/featured.js [36m304[0m 0.480 ms - -[0m
2026-08-07 11:13:37 [INFO]: [0mGET /js/why-choose.js [36m304[0m 0.825 ms - -[0m
2026-08-07 11:13:37 [INFO]: [0mGET /js/notification.js [36m304[0m 0.187 ms - -[0m
2026-08-07 11:13:37 [INFO]: [0mGET /js/footer.js [36m304[0m 0.197 ms - -[0m
2026-08-07 11:13:37 [INFO]: [0mGET /js/auth.js [36m304[0m 0.216 ms - -[0m
2026-08-07 11:13:37 [INFO]: [0mGET /images/hero/tulip-plant.jpg [36m304[0m 0.238 ms - -[0m
2026-08-07 11:13:37 [INFO]: [0mGET /images/hero/rubber-plant.jpg [36m304[0m 0.176 ms - -[0m
2026-08-07 11:13:37 [INFO]: [0mGET /images/hero/aloe-vera.jpg [36m304[0m 0.178 ms - -[0m
2026-08-07 11:13:37 [INFO]: [0mGET /images/hero/areca-palm.jpg [36m304[0m 0.312 ms - -[0m
2026-08-07 11:13:37 [INFO]: [0mGET /images/hero/jade-plant.jpg [36m304[0m 0.359 ms - -[0m
2026-08-07 11:13:37 [INFO]: [0mGET /images/hero/golden-pothos.jpg [36m304[0m 0.277 ms - -[0m
2026-08-07 11:13:37 [INFO]: [0mGET /images/hero/fiddle-leaf-fig.jpg [36m304[0m 0.419 ms - -[0m
2026-08-07 11:13:37 [INFO]: [0mGET /images/hero/why-choose.jpg [36m304[0m 0.306 ms - -[0m
2026-08-07 11:13:37 [INFO]: [0mGET /images/logo/plantora-orgn-white.png [36m304[0m 0.334 ms - -[0m
2026-08-07 11:13:38 [INFO]: [0mGET /favicon.ico [33m404[0m 1.878 ms - 75[0m
2026-08-07 11:14:44 [INFO]: Email sent successfully to 'customer-112233@yopmail.com'. Subject: 'Verify Your Plantora Account'.
2026-08-07 11:14:44 [INFO]: Customer registered successfully : customer-112233@yopmail.com
2026-08-07 11:14:44 [INFO]: [0mPOST /auth/register [32m201[0m 5745.157 ms - 97[0m
2026-08-07 11:14:53 [INFO]: Email verified successfully : customer-112233@yopmail.com
2026-08-07 11:14:53 [INFO]: [0mGET /auth/verify-email/e16005940a96b528d28471fed3027eabbefe47f21f521c04a4d46bcb5bc53bb6 [32m200[0m 195.733 ms - -[0m
2026-08-07 11:14:53 [INFO]: [0mGET /css/style.css [36m304[0m 0.300 ms - -[0m
2026-08-07 11:14:53 [INFO]: [0mGET /auth/verify-email/public/js/header.js [33m404[0m 1.759 ms - 101[0m
2026-08-07 11:14:53 [INFO]: [0mGET /js/featured.js [36m304[0m 0.803 ms - -[0m
2026-08-07 11:14:53 [INFO]: [0mGET /js/why-choose.js [36m304[0m 0.886 ms - -[0m
2026-08-07 11:14:53 [INFO]: [0mGET /js/notification.js [36m304[0m 1.146 ms - -[0m
2026-08-07 11:14:53 [INFO]: [0mGET /js/auth.js [36m304[0m 1.622 ms - -[0m
2026-08-07 11:14:53 [INFO]: [0mGET /js/verify.js [36m304[0m 0.639 ms - -[0m
2026-08-07 11:14:53 [INFO]: [0mGET /js/footer.js [36m304[0m 1.045 ms - -[0m
2026-08-07 11:14:53 [INFO]: [0mGET /css/variables.css [36m304[0m 1.286 ms - -[0m
2026-08-07 11:14:53 [INFO]: [0mGET /css/utilities.css [36m304[0m 1.430 ms - -[0m
2026-08-07 11:14:53 [INFO]: [0mGET /css/animations.css [36m304[0m 1.696 ms - -[0m
2026-08-07 11:14:53 [INFO]: [0mGET /css/announcement.css [36m304[0m 0.401 ms - -[0m
2026-08-07 11:14:53 [INFO]: [0mGET /css/header.css [36m304[0m 0.613 ms - -[0m
2026-08-07 11:14:53 [INFO]: [0mGET /css/hero.css [36m304[0m 1.209 ms - -[0m
2026-08-07 11:14:53 [INFO]: [0mGET /css/featured.css [36m304[0m 0.624 ms - -[0m
2026-08-07 11:14:53 [INFO]: [0mGET /css/why-choose.css [36m304[0m 1.044 ms - -[0m
2026-08-07 11:14:53 [INFO]: [0mGET /css/footer.css [36m304[0m 1.557 ms - -[0m
2026-08-07 11:14:53 [INFO]: [0mGET /css/auth.css [36m304[0m 0.638 ms - -[0m
2026-08-07 11:14:53 [INFO]: [0mGET /css/verify.css [36m304[0m 0.947 ms - -[0m
2026-08-07 11:14:58 [INFO]: [0mGET /?openLogin=true [36m304[0m 8.905 ms - -[0m
2026-08-07 11:14:58 [INFO]: [0mGET /css/style.css [36m304[0m 0.303 ms - -[0m
2026-08-07 11:14:58 [INFO]: [0mGET /images/logo/plantora.png [36m304[0m 0.730 ms - -[0m
2026-08-07 11:14:58 [INFO]: [0mGET /images/hero/hero-placeholder.png [36m304[0m 1.112 ms - -[0m
2026-08-07 11:14:58 [INFO]: [0mGET /images/hero/monstera-plant.jpg [36m304[0m 0.617 ms - -[0m
2026-08-07 11:14:58 [INFO]: [0mGET /images/hero/snake-plant.jpg [36m304[0m 0.846 ms - -[0m
2026-08-07 11:14:58 [INFO]: [0mGET /images/hero/peace-lily.jpg [36m304[0m 1.168 ms - -[0m
2026-08-07 11:14:58 [INFO]: [0mGET /js/header.js [36m304[0m 1.844 ms - -[0m
2026-08-07 11:14:58 [INFO]: [0mGET /css/variables.css [36m304[0m 1.007 ms - -[0m
2026-08-07 11:14:58 [INFO]: [0mGET /css/utilities.css [36m304[0m 2.212 ms - -[0m
2026-08-07 11:14:58 [INFO]: [0mGET /css/animations.css [36m304[0m 2.121 ms - -[0m
2026-08-07 11:14:58 [INFO]: [0mGET /css/announcement.css [36m304[0m 2.401 ms - -[0m
2026-08-07 11:14:58 [INFO]: [0mGET /css/header.css [36m304[0m 7.706 ms - -[0m
2026-08-07 11:14:58 [INFO]: [0mGET /css/hero.css [36m304[0m 3.401 ms - -[0m
2026-08-07 11:14:58 [INFO]: [0mGET /css/featured.css [36m304[0m 2.427 ms - -[0m
2026-08-07 11:14:58 [INFO]: [0mGET /css/why-choose.css [36m304[0m 0.926 ms - -[0m
2026-08-07 11:14:58 [INFO]: [0mGET /css/footer.css [36m304[0m 1.367 ms - -[0m
2026-08-07 11:14:58 [INFO]: [0mGET /css/auth.css [36m304[0m 1.745 ms - -[0m
2026-08-07 11:14:58 [INFO]: [0mGET /css/verify.css [36m304[0m 1.218 ms - -[0m
2026-08-07 11:14:58 [INFO]: [0mGET /js/featured.js [36m304[0m 1.752 ms - -[0m
2026-08-07 11:14:58 [INFO]: [0mGET /js/why-choose.js [36m304[0m 2.495 ms - -[0m
2026-08-07 11:14:58 [INFO]: [0mGET /js/notification.js [36m304[0m 1.185 ms - -[0m
2026-08-07 11:14:58 [INFO]: [0mGET /js/footer.js [36m304[0m 0.534 ms - -[0m
2026-08-07 11:14:58 [INFO]: [0mGET /js/auth.js [36m304[0m 1.310 ms - -[0m
2026-08-07 11:14:58 [INFO]: [0mGET /images/hero/tulip-plant.jpg [36m304[0m 2.192 ms - -[0m
2026-08-07 11:14:58 [INFO]: [0mGET /images/hero/rubber-plant.jpg [36m304[0m 1.895 ms - -[0m
2026-08-07 11:14:58 [INFO]: [0mGET /images/hero/aloe-vera.jpg [36m304[0m 2.392 ms - -[0m
2026-08-07 11:14:58 [INFO]: [0mGET /images/hero/areca-palm.jpg [36m304[0m 3.967 ms - -[0m
2026-08-07 11:14:58 [INFO]: [0mGET /images/hero/jade-plant.jpg [36m304[0m 1.220 ms - -[0m
2026-08-07 11:14:58 [INFO]: [0mGET /images/hero/golden-pothos.jpg [36m304[0m 0.512 ms - -[0m
2026-08-07 11:14:58 [INFO]: [0mGET /images/hero/fiddle-leaf-fig.jpg [36m304[0m 0.368 ms - -[0m
2026-08-07 11:14:58 [INFO]: [0mGET /images/hero/why-choose.jpg [36m304[0m 0.422 ms - -[0m
2026-08-07 11:14:58 [INFO]: [0mGET /images/logo/plantora-orgn-white.png [36m304[0m 0.400 ms - -[0m
2026-08-07 11:15:22 [INFO]: Login successful : customer-112233@yopmail.com
2026-08-07 11:15:22 [INFO]: [0mPOST /auth/login [32m200[0m 527.829 ms - 46[0m
2026-08-07 11:15:23 [INFO]: [0mGET / [32m200[0m 87.071 ms - -[0m
2026-08-07 11:15:23 [INFO]: [0mGET /css/style.css [36m304[0m 0.335 ms - -[0m
2026-08-07 11:15:23 [INFO]: [0mGET /images/logo/plantora.png [36m304[0m 0.185 ms - -[0m
2026-08-07 11:15:23 [INFO]: [0mGET /images/hero/hero-placeholder.png [36m304[0m 0.443 ms - -[0m
2026-08-07 11:15:23 [INFO]: [0mGET /images/hero/monstera-plant.jpg [36m304[0m 0.704 ms - -[0m
2026-08-07 11:15:23 [INFO]: [0mGET /css/variables.css [36m304[0m 0.608 ms - -[0m
2026-08-07 11:15:23 [INFO]: [0mGET /css/utilities.css [36m304[0m 0.945 ms - -[0m
2026-08-07 11:15:23 [INFO]: [0mGET /css/animations.css [36m304[0m 0.384 ms - -[0m
2026-08-07 11:15:23 [INFO]: [0mGET /css/featured.css [36m304[0m 0.488 ms - -[0m
2026-08-07 11:15:23 [INFO]: [0mGET /css/why-choose.css [36m304[0m 0.754 ms - -[0m
2026-08-07 11:15:23 [INFO]: [0mGET /css/announcement.css [36m304[0m 0.989 ms - -[0m
2026-08-07 11:15:23 [INFO]: [0mGET /css/header.css [36m304[0m 1.259 ms - -[0m
2026-08-07 11:15:23 [INFO]: [0mGET /css/hero.css [36m304[0m 1.631 ms - -[0m
2026-08-07 11:15:23 [INFO]: [0mGET /css/footer.css [36m304[0m 0.510 ms - -[0m
2026-08-07 11:15:23 [INFO]: [0mGET /css/auth.css [36m304[0m 0.614 ms - -[0m
2026-08-07 11:15:23 [INFO]: [0mGET /css/verify.css [36m304[0m 0.394 ms - -[0m
2026-08-07 11:15:23 [INFO]: [0mGET /js/header.js [36m304[0m 0.125 ms - -[0m
2026-08-07 11:15:23 [INFO]: [0mGET /js/featured.js [36m304[0m 0.199 ms - -[0m
2026-08-07 11:15:23 [INFO]: [0mGET /js/why-choose.js [36m304[0m 0.398 ms - -[0m
2026-08-07 11:15:23 [INFO]: [0mGET /js/notification.js [36m304[0m 0.580 ms - -[0m
2026-08-07 11:15:23 [INFO]: [0mGET /js/footer.js [36m304[0m 0.555 ms - -[0m
2026-08-07 11:15:23 [INFO]: [0mGET /js/auth.js [36m304[0m 0.670 ms - -[0m
2026-08-07 11:15:23 [INFO]: [0mGET /images/hero/snake-plant.jpg [36m304[0m 0.240 ms - -[0m
2026-08-07 11:15:23 [INFO]: [0mGET /images/hero/peace-lily.jpg [36m304[0m 0.463 ms - -[0m
2026-08-07 11:15:23 [INFO]: [0mGET /images/hero/tulip-plant.jpg [36m304[0m 0.832 ms - -[0m
2026-08-07 11:15:23 [INFO]: [0mGET /images/hero/rubber-plant.jpg [36m304[0m 1.090 ms - -[0m
2026-08-07 11:15:23 [INFO]: [0mGET /images/hero/aloe-vera.jpg [36m304[0m 0.258 ms - -[0m
2026-08-07 11:15:23 [INFO]: [0mGET /images/hero/areca-palm.jpg [36m304[0m 0.278 ms - -[0m
2026-08-07 11:15:23 [INFO]: [0mGET /images/hero/jade-plant.jpg [36m304[0m 0.261 ms - -[0m
2026-08-07 11:15:23 [INFO]: [0mGET /images/hero/golden-pothos.jpg [36m304[0m 0.356 ms - -[0m
2026-08-07 11:15:23 [INFO]: [0mGET /images/hero/fiddle-leaf-fig.jpg [36m304[0m 0.351 ms - -[0m
2026-08-07 11:15:23 [INFO]: [0mGET /images/hero/why-choose.jpg [36m304[0m 0.240 ms - -[0m
2026-08-07 11:15:23 [INFO]: [0mGET /images/logo/plantora-orgn-white.png [36m304[0m 0.337 ms - -[0m
2026-08-07 11:15:26 [INFO]: Logout successful : customer-112233@yopmail.com
2026-08-07 11:15:26 [INFO]: [0mPOST /auth/logout [36m302[0m 224.279 ms - 30[0m
2026-08-07 11:15:26 [INFO]: [0mGET / [32m200[0m 10.368 ms - -[0m
2026-08-07 11:15:26 [INFO]: [0mGET /css/style.css [36m304[0m 0.737 ms - -[0m
2026-08-07 11:15:26 [INFO]: [0mGET /images/logo/plantora.png [36m304[0m 1.105 ms - -[0m
2026-08-07 11:15:26 [INFO]: [0mGET /images/hero/hero-placeholder.png [36m304[0m 1.407 ms - -[0m
2026-08-07 11:15:26 [INFO]: [0mGET /images/hero/monstera-plant.jpg [36m304[0m 0.299 ms - -[0m
2026-08-07 11:15:26 [INFO]: [0mGET /css/utilities.css [36m304[0m 0.326 ms - -[0m
2026-08-07 11:15:26 [INFO]: [0mGET /css/variables.css [36m304[0m 1.367 ms - -[0m
2026-08-07 11:15:26 [INFO]: [0mGET /css/animations.css [36m304[0m 1.570 ms - -[0m
2026-08-07 11:15:26 [INFO]: [0mGET /css/announcement.css [36m304[0m 1.923 ms - -[0m
2026-08-07 11:15:26 [INFO]: [0mGET /css/header.css [36m304[0m 2.691 ms - -[0m
2026-08-07 11:15:26 [INFO]: [0mGET /css/hero.css [36m304[0m 1.263 ms - -[0m
2026-08-07 11:15:26 [INFO]: [0mGET /css/featured.css [36m304[0m 0.867 ms - -[0m
2026-08-07 11:15:26 [INFO]: [0mGET /css/why-choose.css [36m304[0m 0.915 ms - -[0m
2026-08-07 11:15:26 [INFO]: [0mGET /css/footer.css [36m304[0m 1.044 ms - -[0m
2026-08-07 11:15:26 [INFO]: [0mGET /css/auth.css [36m304[0m 1.823 ms - -[0m
2026-08-07 11:15:26 [INFO]: [0mGET /css/verify.css [36m304[0m 0.525 ms - -[0m
2026-08-07 11:15:26 [INFO]: [0mGET /images/hero/snake-plant.jpg [36m304[0m 0.885 ms - -[0m
2026-08-07 11:15:26 [INFO]: [0mGET /images/hero/peace-lily.jpg [36m304[0m 1.046 ms - -[0m
2026-08-07 11:15:26 [INFO]: [0mGET /js/header.js [36m304[0m 1.135 ms - -[0m
2026-08-07 11:15:26 [INFO]: [0mGET /js/featured.js [36m304[0m 0.462 ms - -[0m
2026-08-07 11:15:26 [INFO]: [0mGET /js/why-choose.js [36m304[0m 0.851 ms - -[0m
2026-08-07 11:15:26 [INFO]: [0mGET /js/notification.js [36m304[0m 0.649 ms - -[0m
2026-08-07 11:15:26 [INFO]: [0mGET /js/footer.js [36m304[0m 0.629 ms - -[0m
2026-08-07 11:15:26 [INFO]: [0mGET /js/auth.js [36m304[0m 0.961 ms - -[0m
2026-08-07 11:15:26 [INFO]: [0mGET /images/hero/tulip-plant.jpg [36m304[0m 0.525 ms - -[0m
2026-08-07 11:15:26 [INFO]: [0mGET /images/hero/rubber-plant.jpg [36m304[0m 0.660 ms - -[0m
2026-08-07 11:15:26 [INFO]: [0mGET /images/hero/aloe-vera.jpg [36m304[0m 2.105 ms - -[0m
2026-08-07 11:15:26 [INFO]: [0mGET /images/hero/areca-palm.jpg [36m304[0m 1.533 ms - -[0m
2026-08-07 11:15:26 [INFO]: [0mGET /images/hero/jade-plant.jpg [36m304[0m 1.672 ms - -[0m
2026-08-07 11:15:26 [INFO]: [0mGET /images/hero/golden-pothos.jpg [36m304[0m 1.909 ms - -[0m
2026-08-07 11:15:26 [INFO]: [0mGET /images/hero/fiddle-leaf-fig.jpg [36m304[0m 0.401 ms - -[0m
2026-08-07 11:15:26 [INFO]: [0mGET /images/hero/why-choose.jpg [36m304[0m 0.830 ms - -[0m
2026-08-07 11:15:26 [INFO]: [0mGET /images/logo/plantora-orgn-white.png [36m304[0m 0.688 ms - -[0m
2026-08-07 11:18:08 [INFO]: Login successful : customer-112233@yopmail.com
2026-08-07 11:18:08 [INFO]: [0mPOST /auth/login [32m200[0m 529.326 ms - 46[0m
2026-08-07 11:18:09 [INFO]: [0mGET / [32m200[0m 75.791 ms - -[0m
2026-08-07 11:18:09 [INFO]: [0mGET /css/style.css [36m304[0m 0.510 ms - -[0m
2026-08-07 11:18:09 [INFO]: [0mGET /images/logo/plantora.png [36m304[0m 0.642 ms - -[0m
2026-08-07 11:18:09 [INFO]: [0mGET /images/hero/hero-placeholder.png [36m304[0m 0.406 ms - -[0m
2026-08-07 11:18:09 [INFO]: [0mGET /images/hero/monstera-plant.jpg [36m304[0m 0.723 ms - -[0m
2026-08-07 11:18:09 [INFO]: [0mGET /css/variables.css [36m304[0m 0.335 ms - -[0m
2026-08-07 11:18:09 [INFO]: [0mGET /css/utilities.css [36m304[0m 0.618 ms - -[0m
2026-08-07 11:18:09 [INFO]: [0mGET /css/animations.css [36m304[0m 0.366 ms - -[0m
2026-08-07 11:18:09 [INFO]: [0mGET /css/announcement.css [36m304[0m 0.643 ms - -[0m
2026-08-07 11:18:09 [INFO]: [0mGET /css/header.css [36m304[0m 0.852 ms - -[0m
2026-08-07 11:18:09 [INFO]: [0mGET /css/hero.css [36m304[0m 0.627 ms - -[0m
2026-08-07 11:18:09 [INFO]: [0mGET /css/featured.css [36m304[0m 0.664 ms - -[0m
2026-08-07 11:18:09 [INFO]: [0mGET /css/why-choose.css [36m304[0m 0.756 ms - -[0m
2026-08-07 11:18:09 [INFO]: [0mGET /css/footer.css [36m304[0m 1.208 ms - -[0m
2026-08-07 11:18:09 [INFO]: [0mGET /css/auth.css [36m304[0m 1.398 ms - -[0m
2026-08-07 11:18:09 [INFO]: [0mGET /css/verify.css [36m304[0m 1.592 ms - -[0m
2026-08-07 11:18:09 [INFO]: [0mGET /js/header.js [36m304[0m 2.486 ms - -[0m
2026-08-07 11:18:09 [INFO]: [0mGET /js/featured.js [36m304[0m 1.128 ms - -[0m
2026-08-07 11:18:09 [INFO]: [0mGET /js/why-choose.js [36m304[0m 1.262 ms - -[0m
2026-08-07 11:18:09 [INFO]: [0mGET /js/notification.js [36m304[0m 1.499 ms - -[0m
2026-08-07 11:18:09 [INFO]: [0mGET /js/footer.js [36m304[0m 1.675 ms - -[0m
2026-08-07 11:18:09 [INFO]: [0mGET /js/auth.js [36m304[0m 2.412 ms - -[0m
2026-08-07 11:18:09 [INFO]: [0mGET /images/hero/snake-plant.jpg [36m304[0m 1.093 ms - -[0m
2026-08-07 11:18:09 [INFO]: [0mGET /images/hero/peace-lily.jpg [36m304[0m 1.281 ms - -[0m
2026-08-07 11:18:09 [INFO]: [0mGET /images/hero/tulip-plant.jpg [36m304[0m 0.651 ms - -[0m
2026-08-07 11:18:09 [INFO]: [0mGET /images/hero/rubber-plant.jpg [36m304[0m 0.978 ms - -[0m
2026-08-07 11:18:09 [INFO]: [0mGET /images/hero/aloe-vera.jpg [36m304[0m 1.528 ms - -[0m
2026-08-07 11:18:09 [INFO]: [0mGET /images/hero/areca-palm.jpg [36m304[0m 1.365 ms - -[0m
2026-08-07 11:18:09 [INFO]: [0mGET /images/hero/jade-plant.jpg [36m304[0m 1.104 ms - -[0m
2026-08-07 11:18:09 [INFO]: [0mGET /images/hero/golden-pothos.jpg [36m304[0m 1.255 ms - -[0m
2026-08-07 11:18:09 [INFO]: [0mGET /images/hero/fiddle-leaf-fig.jpg [36m304[0m 2.002 ms - -[0m
2026-08-07 11:18:09 [INFO]: [0mGET /images/hero/why-choose.jpg [36m304[0m 0.912 ms - -[0m
2026-08-07 11:18:09 [INFO]: [0mGET /images/logo/plantora-orgn-white.png [36m304[0m 1.107 ms - -[0m
2026-08-07 11:18:13 [INFO]: [0mGET /auth/profile [32m200[0m 126.526 ms - -[0m
2026-08-07 11:18:13 [INFO]: [0mGET /css/style.css [36m304[0m 0.416 ms - -[0m
2026-08-07 11:18:13 [INFO]: [0mGET /css/profile.css [36m304[0m 0.622 ms - -[0m
2026-08-07 11:18:13 [INFO]: [0mGET /images/logo/plantora.png [36m304[0m 0.829 ms - -[0m
2026-08-07 11:18:13 [INFO]: [0mGET /js/profile.js [36m304[0m 1.264 ms - -[0m
2026-08-07 11:18:13 [INFO]: [0mGET /images/logo/plantora-orgn-white.png [36m304[0m 1.098 ms - -[0m
2026-08-07 11:18:13 [INFO]: [0mGET /js/header.js [36m304[0m 1.005 ms - -[0m
2026-08-07 11:18:13 [INFO]: [0mGET /js/featured.js [36m304[0m 2.083 ms - -[0m
2026-08-07 11:18:13 [INFO]: [0mGET /js/why-choose.js [36m304[0m 1.605 ms - -[0m
2026-08-07 11:18:13 [INFO]: [0mGET /js/notification.js [36m304[0m 1.644 ms - -[0m
2026-08-07 11:18:13 [INFO]: [0mGET /css/variables.css [36m304[0m 2.084 ms - -[0m
2026-08-07 11:18:13 [INFO]: [0mGET /css/utilities.css [36m304[0m 0.816 ms - -[0m
2026-08-07 11:18:13 [INFO]: [0mGET /css/animations.css [36m304[0m 0.593 ms - -[0m
2026-08-07 11:18:13 [INFO]: [0mGET /css/announcement.css [36m304[0m 0.438 ms - -[0m
2026-08-07 11:18:13 [INFO]: [0mGET /css/header.css [36m304[0m 0.564 ms - -[0m
2026-08-07 11:18:13 [INFO]: [0mGET /css/hero.css [36m304[0m 0.783 ms - -[0m
2026-08-07 11:18:13 [INFO]: [0mGET /css/featured.css [36m304[0m 0.958 ms - -[0m
2026-08-07 11:18:13 [INFO]: [0mGET /css/why-choose.css [36m304[0m 0.771 ms - -[0m
2026-08-07 11:18:13 [INFO]: [0mGET /css/footer.css [36m304[0m 1.512 ms - -[0m
2026-08-07 11:18:13 [INFO]: [0mGET /css/auth.css [36m304[0m 0.972 ms - -[0m
2026-08-07 11:18:13 [INFO]: [0mGET /css/verify.css [36m304[0m 1.116 ms - -[0m
2026-08-07 11:18:13 [INFO]: [0mGET /js/footer.js [36m304[0m 1.508 ms - -[0m
2026-08-07 11:18:13 [INFO]: [0mGET /js/auth.js [36m304[0m 1.819 ms - -[0m
2026-08-07 11:18:23 [INFO]: Notification sent successfully. Recipient: 6a6e5ddb78646239551d1a66, Type: seller
2026-08-07 11:18:28 [INFO]: Email sent successfully to 'admin-plantora@yopmail.com'. Subject: 'New Seller Request - Plantora'.
2026-08-07 11:18:28 [INFO]: Seller request submitted: customer-112233@yopmail.com
2026-08-07 11:18:28 [INFO]: [0mPOST /auth/become-seller [36m302[0m 5415.384 ms - 112[0m
2026-08-07 11:18:28 [INFO]: [0mGET /auth/profile?type=success&message=Seller%20request%20submitted%20successfully. [32m200[0m 114.060 ms - -[0m
2026-08-07 11:18:28 [INFO]: [0mGET /css/style.css [36m304[0m 1.115 ms - -[0m
2026-08-07 11:18:28 [INFO]: [0mGET /css/profile.css [36m304[0m 1.474 ms - -[0m
2026-08-07 11:18:28 [INFO]: [0mGET /images/logo/plantora.png [36m304[0m 1.452 ms - -[0m
2026-08-07 11:18:28 [INFO]: [0mGET /js/profile.js [36m304[0m 0.253 ms - -[0m
2026-08-07 11:18:28 [INFO]: [0mGET /images/logo/plantora-orgn-white.png [36m304[0m 0.478 ms - -[0m
2026-08-07 11:18:28 [INFO]: [0mGET /js/header.js [36m304[0m 0.499 ms - -[0m
2026-08-07 11:18:28 [INFO]: [0mGET /js/featured.js [36m304[0m 0.674 ms - -[0m
2026-08-07 11:18:28 [INFO]: [0mGET /js/why-choose.js [36m304[0m 0.217 ms - -[0m
2026-08-07 11:18:28 [INFO]: [0mGET /js/notification.js [36m304[0m 0.380 ms - -[0m
2026-08-07 11:18:28 [INFO]: [0mGET /js/footer.js [36m304[0m 0.185 ms - -[0m
2026-08-07 11:18:28 [INFO]: [0mGET /js/auth.js [36m304[0m 0.329 ms - -[0m
2026-08-07 11:18:28 [INFO]: [0mGET /css/variables.css [36m304[0m 0.229 ms - -[0m
2026-08-07 11:18:28 [INFO]: [0mGET /css/utilities.css [36m304[0m 0.453 ms - -[0m
2026-08-07 11:18:28 [INFO]: [0mGET /css/animations.css [36m304[0m 0.626 ms - -[0m
2026-08-07 11:18:28 [INFO]: [0mGET /css/announcement.css [36m304[0m 0.526 ms - -[0m
2026-08-07 11:18:28 [INFO]: [0mGET /css/header.css [36m304[0m 0.747 ms - -[0m
2026-08-07 11:18:28 [INFO]: [0mGET /css/hero.css [36m304[0m 0.702 ms - -[0m
2026-08-07 11:18:28 [INFO]: [0mGET /css/featured.css [36m304[0m 0.741 ms - -[0m
2026-08-07 11:18:28 [INFO]: [0mGET /css/why-choose.css [36m304[0m 0.948 ms - -[0m
2026-08-07 11:18:28 [INFO]: [0mGET /css/footer.css [36m304[0m 0.384 ms - -[0m
2026-08-07 11:18:28 [INFO]: [0mGET /css/auth.css [36m304[0m 0.205 ms - -[0m
2026-08-07 11:18:28 [INFO]: [0mGET /css/verify.css [36m304[0m 0.177 ms - -[0m
2026-08-07 11:18:37 [INFO]: Login successful : admin-plantora@yopmail.com
2026-08-07 11:18:37 [INFO]: [0mPOST /auth/login [32m200[0m 479.049 ms - 46[0m
2026-08-07 11:18:38 [INFO]: [0mGET / [32m200[0m 80.301 ms - -[0m
2026-08-07 11:18:38 [INFO]: [0mGET /css/style.css [36m304[0m 0.408 ms - -[0m
2026-08-07 11:18:38 [INFO]: [0mGET /images/logo/plantora.png [36m304[0m 0.223 ms - -[0m
2026-08-07 11:18:38 [INFO]: [0mGET /images/hero/hero-placeholder.png [36m304[0m 0.340 ms - -[0m
2026-08-07 11:18:38 [INFO]: [0mGET /images/hero/monstera-plant.jpg [36m304[0m 0.473 ms - -[0m
2026-08-07 11:18:38 [INFO]: [0mGET /js/header.js [36m304[0m 0.561 ms - -[0m
2026-08-07 11:18:38 [INFO]: [0mGET /js/featured.js [36m304[0m 0.719 ms - -[0m
2026-08-07 11:18:38 [INFO]: [0mGET /js/why-choose.js [36m304[0m 0.299 ms - -[0m
2026-08-07 11:18:38 [INFO]: [0mGET /css/variables.css [36m304[0m 0.500 ms - -[0m
2026-08-07 11:18:38 [INFO]: [0mGET /css/utilities.css [36m304[0m 1.273 ms - -[0m
2026-08-07 11:18:38 [INFO]: [0mGET /css/animations.css [36m304[0m 1.233 ms - -[0m
2026-08-07 11:18:38 [INFO]: [0mGET /css/announcement.css [36m304[0m 1.132 ms - -[0m
2026-08-07 11:18:38 [INFO]: [0mGET /css/header.css [36m304[0m 1.343 ms - -[0m
2026-08-07 11:18:38 [INFO]: [0mGET /css/hero.css [36m304[0m 1.335 ms - -[0m
2026-08-07 11:18:38 [INFO]: [0mGET /css/featured.css [36m304[0m 2.464 ms - -[0m
2026-08-07 11:18:38 [INFO]: [0mGET /css/why-choose.css [36m304[0m 1.470 ms - -[0m
2026-08-07 11:18:38 [INFO]: [0mGET /css/footer.css [36m304[0m 1.870 ms - -[0m
2026-08-07 11:18:38 [INFO]: [0mGET /css/auth.css [36m304[0m 0.529 ms - -[0m
2026-08-07 11:18:38 [INFO]: [0mGET /css/verify.css [36m304[0m 0.750 ms - -[0m
2026-08-07 11:18:38 [INFO]: [0mGET /js/notification.js [36m304[0m 0.217 ms - -[0m
2026-08-07 11:18:38 [INFO]: [0mGET /js/footer.js [36m304[0m 0.361 ms - -[0m
2026-08-07 11:18:38 [INFO]: [0mGET /js/auth.js [36m304[0m 0.214 ms - -[0m
2026-08-07 11:18:38 [INFO]: [0mGET /images/hero/snake-plant.jpg [36m304[0m 0.273 ms - -[0m
2026-08-07 11:18:38 [INFO]: [0mGET /images/hero/peace-lily.jpg [36m304[0m 0.265 ms - -[0m
2026-08-07 11:18:38 [INFO]: [0mGET /images/hero/tulip-plant.jpg [36m304[0m 0.274 ms - -[0m
2026-08-07 11:18:38 [INFO]: [0mGET /images/hero/rubber-plant.jpg [36m304[0m 0.394 ms - -[0m
2026-08-07 11:18:38 [INFO]: [0mGET /images/hero/aloe-vera.jpg [36m304[0m 0.619 ms - -[0m
2026-08-07 11:18:38 [INFO]: [0mGET /images/hero/areca-palm.jpg [36m304[0m 1.000 ms - -[0m
2026-08-07 11:18:38 [INFO]: [0mGET /images/hero/jade-plant.jpg [36m304[0m 0.234 ms - -[0m
2026-08-07 11:18:38 [INFO]: [0mGET /images/hero/golden-pothos.jpg [36m304[0m 0.206 ms - -[0m
2026-08-07 11:18:38 [INFO]: [0mGET /images/hero/fiddle-leaf-fig.jpg [36m304[0m 0.461 ms - -[0m
2026-08-07 11:18:38 [INFO]: [0mGET /images/hero/why-choose.jpg [36m304[0m 0.301 ms - -[0m
2026-08-07 11:18:38 [INFO]: [0mGET /images/logo/plantora-orgn-white.png [36m304[0m 0.455 ms - -[0m
2026-08-07 11:18:41 [INFO]: [0mGET /auth/profile [32m200[0m 112.125 ms - -[0m
2026-08-07 11:18:41 [INFO]: [0mGET /css/style.css [36m304[0m 0.712 ms - -[0m
2026-08-07 11:18:41 [INFO]: [0mGET /css/profile.css [36m304[0m 0.718 ms - -[0m
2026-08-07 11:18:41 [INFO]: [0mGET /images/logo/plantora.png [36m304[0m 0.575 ms - -[0m
2026-08-07 11:18:41 [INFO]: [0mGET /js/profile.js [36m304[0m 0.616 ms - -[0m
2026-08-07 11:18:41 [INFO]: [0mGET /images/logo/plantora-orgn-white.png [36m304[0m 1.274 ms - -[0m
2026-08-07 11:18:41 [INFO]: [0mGET /js/header.js [36m304[0m 1.127 ms - -[0m
2026-08-07 11:18:41 [INFO]: [0mGET /js/featured.js [36m304[0m 1.365 ms - -[0m
2026-08-07 11:18:41 [INFO]: [0mGET /js/why-choose.js [36m304[0m 1.678 ms - -[0m
2026-08-07 11:18:41 [INFO]: [0mGET /js/notification.js [36m304[0m 1.944 ms - -[0m
2026-08-07 11:18:41 [INFO]: [0mGET /js/footer.js [36m304[0m 0.281 ms - -[0m
2026-08-07 11:18:41 [INFO]: [0mGET /js/auth.js [36m304[0m 0.848 ms - -[0m
2026-08-07 11:18:41 [INFO]: [0mGET /css/variables.css [36m304[0m 0.586 ms - -[0m
2026-08-07 11:18:41 [INFO]: [0mGET /css/utilities.css [36m304[0m 0.745 ms - -[0m
2026-08-07 11:18:41 [INFO]: [0mGET /css/animations.css [36m304[0m 0.983 ms - -[0m
2026-08-07 11:18:41 [INFO]: [0mGET /css/announcement.css [36m304[0m 0.783 ms - -[0m
2026-08-07 11:18:41 [INFO]: [0mGET /css/header.css [36m304[0m 1.306 ms - -[0m
2026-08-07 11:18:41 [INFO]: [0mGET /css/hero.css [36m304[0m 1.470 ms - -[0m
2026-08-07 11:18:41 [INFO]: [0mGET /css/featured.css [36m304[0m 0.599 ms - -[0m
2026-08-07 11:18:41 [INFO]: [0mGET /css/why-choose.css [36m304[0m 0.767 ms - -[0m
2026-08-07 11:18:41 [INFO]: [0mGET /css/footer.css [36m304[0m 0.986 ms - -[0m
2026-08-07 11:18:41 [INFO]: [0mGET /css/auth.css [36m304[0m 0.422 ms - -[0m
2026-08-07 11:18:41 [INFO]: [0mGET /css/verify.css [36m304[0m 0.635 ms - -[0m
2026-08-07 11:19:05 [INFO]: [0mGET /admin/users/seller-request/6a7570c7696f3548efb3295b [32m200[0m 179.895 ms - -[0m
2026-08-07 11:19:15 [INFO]: Notification sent successfully. Recipient: 6a7570c7696f3548efb3295b, Type: seller
2026-08-07 11:19:20 [INFO]: Email sent successfully to 'customer-112233@yopmail.com'. Subject: 'Your Seller Account Has Been Approved!'.
2026-08-07 11:19:20 [ERROR]: Failed to create audit log: AuditLog validation failed: action: `approve_seller` is not a valid enum value for path `action`., severity: `warning` is not a valid enum value for path `severity`.
2026-08-07 11:19:20 [INFO]: [0mPOST /admin/users/seller-request/6a7570c7696f3548efb3295b/approve [32m200[0m 5073.442 ms - -[0m
2026-08-07 11:19:25 [INFO]: [0mGET / [36m304[0m 76.173 ms - -[0m
2026-08-07 11:19:25 [INFO]: [0mGET /css/style.css [36m304[0m 0.383 ms - -[0m
2026-08-07 11:19:25 [INFO]: [0mGET /images/logo/plantora.png [36m304[0m 0.443 ms - -[0m
2026-08-07 11:19:25 [INFO]: [0mGET /images/hero/hero-placeholder.png [36m304[0m 0.726 ms - -[0m
2026-08-07 11:19:25 [INFO]: [0mGET /images/hero/monstera-plant.jpg [36m304[0m 1.109 ms - -[0m
2026-08-07 11:19:25 [INFO]: [0mGET /js/featured.js [36m304[0m 0.949 ms - -[0m
2026-08-07 11:19:25 [INFO]: [0mGET /js/header.js [36m304[0m 0.899 ms - -[0m
2026-08-07 11:19:25 [INFO]: [0mGET /js/why-choose.js [36m304[0m 1.684 ms - -[0m
2026-08-07 11:19:25 [INFO]: [0mGET /css/variables.css [36m304[0m 0.764 ms - -[0m
2026-08-07 11:19:25 [INFO]: [0mGET /css/animations.css [36m304[0m 1.212 ms - -[0m
2026-08-07 11:19:25 [INFO]: [0mGET /css/announcement.css [36m304[0m 1.329 ms - -[0m
2026-08-07 11:19:25 [INFO]: [0mGET /css/header.css [36m304[0m 1.733 ms - -[0m
2026-08-07 11:19:25 [INFO]: [0mGET /css/utilities.css [36m304[0m 2.462 ms - -[0m
2026-08-07 11:19:25 [INFO]: [0mGET /css/hero.css [36m304[0m 0.954 ms - -[0m
2026-08-07 11:19:25 [INFO]: [0mGET /css/featured.css [36m304[0m 1.101 ms - -[0m
2026-08-07 11:19:25 [INFO]: [0mGET /css/why-choose.css [36m304[0m 0.647 ms - -[0m
2026-08-07 11:19:25 [INFO]: [0mGET /css/footer.css [36m304[0m 0.876 ms - -[0m
2026-08-07 11:19:25 [INFO]: [0mGET /css/auth.css [36m304[0m 1.196 ms - -[0m
2026-08-07 11:19:25 [INFO]: [0mGET /css/verify.css [36m304[0m 0.838 ms - -[0m
2026-08-07 11:19:25 [INFO]: [0mGET /js/notification.js [36m304[0m 0.284 ms - -[0m
2026-08-07 11:19:25 [INFO]: [0mGET /js/footer.js [36m304[0m 0.488 ms - -[0m
2026-08-07 11:19:25 [INFO]: [0mGET /js/auth.js [36m304[0m 0.852 ms - -[0m
2026-08-07 11:19:25 [INFO]: [0mGET /images/hero/snake-plant.jpg [36m304[0m 0.307 ms - -[0m
2026-08-07 11:19:25 [INFO]: [0mGET /images/hero/peace-lily.jpg [36m304[0m 0.545 ms - -[0m
2026-08-07 11:19:25 [INFO]: [0mGET /images/hero/tulip-plant.jpg [36m304[0m 0.922 ms - -[0m
2026-08-07 11:19:25 [INFO]: [0mGET /images/hero/rubber-plant.jpg [36m304[0m 0.304 ms - -[0m
2026-08-07 11:19:25 [INFO]: [0mGET /images/hero/aloe-vera.jpg [36m304[0m 0.222 ms - -[0m
2026-08-07 11:19:25 [INFO]: [0mGET /images/hero/areca-palm.jpg [36m304[0m 0.450 ms - -[0m
2026-08-07 11:19:25 [INFO]: [0mGET /images/hero/jade-plant.jpg [36m304[0m 0.357 ms - -[0m
2026-08-07 11:19:25 [INFO]: [0mGET /images/hero/golden-pothos.jpg [36m304[0m 0.345 ms - -[0m
2026-08-07 11:19:25 [INFO]: [0mGET /images/hero/fiddle-leaf-fig.jpg [36m304[0m 0.342 ms - -[0m
2026-08-07 11:19:25 [INFO]: [0mGET /images/hero/why-choose.jpg [36m304[0m 0.273 ms - -[0m
2026-08-07 11:19:25 [INFO]: [0mGET /images/logo/plantora-orgn-white.png [36m304[0m 0.361 ms - -[0m
2026-08-07 11:19:27 [INFO]: [0mGET /notifications/latest [32m200[0m 138.103 ms - -[0m
2026-08-07 11:19:40 [INFO]: [0mGET /auth/profile [32m200[0m 119.162 ms - -[0m
2026-08-07 11:19:40 [INFO]: [0mGET /css/style.css [36m304[0m 0.310 ms - -[0m
2026-08-07 11:19:40 [INFO]: [0mGET /css/profile.css [36m304[0m 0.239 ms - -[0m
2026-08-07 11:19:40 [INFO]: [0mGET /images/logo/plantora.png [36m304[0m 0.239 ms - -[0m
2026-08-07 11:19:40 [INFO]: [0mGET /js/profile.js [36m304[0m 0.703 ms - -[0m
2026-08-07 11:19:40 [INFO]: [0mGET /images/logo/plantora-orgn-white.png [36m304[0m 0.972 ms - -[0m
2026-08-07 11:19:40 [INFO]: [0mGET /js/header.js [36m304[0m 0.370 ms - -[0m
2026-08-07 11:19:40 [INFO]: [0mGET /js/featured.js [36m304[0m 0.527 ms - -[0m
2026-08-07 11:19:40 [INFO]: [0mGET /js/why-choose.js [36m304[0m 0.239 ms - -[0m
2026-08-07 11:19:40 [INFO]: [0mGET /js/notification.js [36m304[0m 0.540 ms - -[0m
2026-08-07 11:19:40 [INFO]: [0mGET /js/footer.js [36m304[0m 0.851 ms - -[0m
2026-08-07 11:19:40 [INFO]: [0mGET /js/auth.js [36m304[0m 1.532 ms - -[0m
2026-08-07 11:19:40 [INFO]: [0mGET /css/variables.css [36m304[0m 0.678 ms - -[0m
2026-08-07 11:19:40 [INFO]: [0mGET /css/announcement.css [36m304[0m 0.486 ms - -[0m
2026-08-07 11:19:40 [INFO]: [0mGET /css/utilities.css [36m304[0m 0.808 ms - -[0m
2026-08-07 11:19:40 [INFO]: [0mGET /css/animations.css [36m304[0m 1.145 ms - -[0m
2026-08-07 11:19:40 [INFO]: [0mGET /css/header.css [36m304[0m 2.007 ms - -[0m
2026-08-07 11:19:40 [INFO]: [0mGET /css/hero.css [36m304[0m 1.085 ms - -[0m
2026-08-07 11:19:40 [INFO]: [0mGET /css/featured.css [36m304[0m 2.407 ms - -[0m
2026-08-07 11:19:40 [INFO]: [0mGET /css/why-choose.css [36m304[0m 1.517 ms - -[0m
2026-08-07 11:19:40 [INFO]: [0mGET /css/footer.css [36m304[0m 1.307 ms - -[0m
2026-08-07 11:19:40 [INFO]: [0mGET /css/auth.css [36m304[0m 1.607 ms - -[0m
2026-08-07 11:19:40 [INFO]: [0mGET /css/verify.css [36m304[0m 0.987 ms - -[0m
2026-08-07 11:19:47 [INFO]: [0mGET /notifications/latest [32m200[0m 139.880 ms - 406[0m
2026-08-07 11:19:56 [INFO]: [0mGET /admin/dashboard [32m200[0m 110.930 ms - -[0m
2026-08-07 11:19:56 [INFO]: [0mGET /css/style.css [36m304[0m 0.860 ms - -[0m
2026-08-07 11:19:56 [INFO]: [0mGET /css/admin/layout.css [36m304[0m 1.462 ms - -[0m
2026-08-07 11:19:56 [INFO]: [0mGET /css/admin/users.css [36m304[0m 0.313 ms - -[0m
2026-08-07 11:19:56 [INFO]: [0mGET /css/admin/products.css [36m304[0m 0.613 ms - -[0m
2026-08-07 11:19:56 [INFO]: [0mGET /css/header.css [36m304[0m 0.806 ms - -[0m
2026-08-07 11:19:56 [INFO]: [0mGET /images/logo/plantora.png [36m304[0m 1.149 ms - -[0m
2026-08-07 11:19:56 [INFO]: [0mGET /js/admin/layout.js [36m304[0m 0.396 ms - -[0m
2026-08-07 11:19:56 [INFO]: [0mGET /js/admin/users.js [36m304[0m 1.205 ms - -[0m
2026-08-07 11:19:56 [INFO]: [0mGET /js/admin/products.js [36m304[0m 1.664 ms - -[0m
2026-08-07 11:19:56 [INFO]: [0mGET /js/header.js [36m304[0m 2.063 ms - -[0m
2026-08-07 11:19:56 [INFO]: [0mGET /js/notification.js [36m304[0m 2.848 ms - -[0m
2026-08-07 11:19:56 [INFO]: [0mGET /css/variables.css [36m304[0m 0.997 ms - -[0m
2026-08-07 11:19:56 [INFO]: [0mGET /css/utilities.css [36m304[0m 1.634 ms - -[0m
2026-08-07 11:19:56 [INFO]: [0mGET /css/animations.css [36m304[0m 0.910 ms - -[0m
2026-08-07 11:19:56 [INFO]: [0mGET /css/announcement.css [36m304[0m 1.249 ms - -[0m
2026-08-07 11:19:56 [INFO]: [0mGET /css/hero.css [36m304[0m 2.222 ms - -[0m
2026-08-07 11:19:56 [INFO]: [0mGET /css/featured.css [36m304[0m 1.220 ms - -[0m
2026-08-07 11:19:56 [INFO]: [0mGET /css/why-choose.css [36m304[0m 1.234 ms - -[0m
2026-08-07 11:19:56 [INFO]: [0mGET /css/footer.css [36m304[0m 1.475 ms - -[0m
2026-08-07 11:19:56 [INFO]: [0mGET /css/auth.css [36m304[0m 1.564 ms - -[0m
2026-08-07 11:19:56 [INFO]: [0mGET /css/verify.css [36m304[0m 1.804 ms - -[0m
2026-08-07 11:19:58 [INFO]: [0mGET /admin/users [32m200[0m 164.899 ms - -[0m
2026-08-07 11:19:58 [INFO]: [0mGET /css/style.css [36m304[0m 0.818 ms - -[0m
2026-08-07 11:19:58 [INFO]: [0mGET /css/admin/layout.css [36m304[0m 1.051 ms - -[0m
2026-08-07 11:19:58 [INFO]: [0mGET /css/admin/users.css [36m304[0m 1.909 ms - -[0m
2026-08-07 11:19:58 [INFO]: [0mGET /css/admin/products.css [36m304[0m 1.214 ms - -[0m
2026-08-07 11:19:58 [INFO]: [0mGET /css/header.css [36m304[0m 1.540 ms - -[0m
2026-08-07 11:19:58 [INFO]: [0mGET /images/logo/plantora.png [36m304[0m 1.890 ms - -[0m
2026-08-07 11:19:58 [INFO]: [0mGET /js/admin/layout.js [36m304[0m 1.288 ms - -[0m
2026-08-07 11:19:58 [INFO]: [0mGET /js/admin/users.js [36m304[0m 1.705 ms - -[0m
2026-08-07 11:19:58 [INFO]: [0mGET /js/admin/products.js [36m304[0m 1.972 ms - -[0m
2026-08-07 11:19:58 [INFO]: [0mGET /js/header.js [36m304[0m 2.165 ms - -[0m
2026-08-07 11:19:58 [INFO]: [0mGET /js/notification.js [36m304[0m 2.558 ms - -[0m
2026-08-07 11:19:58 [INFO]: [0mGET /css/variables.css [36m304[0m 1.090 ms - -[0m
2026-08-07 11:19:58 [INFO]: [0mGET /css/utilities.css [36m304[0m 1.287 ms - -[0m
2026-08-07 11:19:58 [INFO]: [0mGET /css/animations.css [36m304[0m 1.557 ms - -[0m
2026-08-07 11:19:58 [INFO]: [0mGET /css/announcement.css [36m304[0m 1.617 ms - -[0m
2026-08-07 11:19:58 [INFO]: [0mGET /css/hero.css [36m304[0m 1.134 ms - -[0m
2026-08-07 11:19:58 [INFO]: [0mGET /css/featured.css [36m304[0m 2.410 ms - -[0m
2026-08-07 11:19:58 [INFO]: [0mGET /css/why-choose.css [36m304[0m 1.438 ms - -[0m
2026-08-07 11:19:58 [INFO]: [0mGET /css/footer.css [36m304[0m 1.693 ms - -[0m
2026-08-07 11:19:58 [INFO]: [0mGET /css/auth.css [36m304[0m 1.997 ms - -[0m
2026-08-07 11:19:58 [INFO]: [0mGET /css/verify.css [36m304[0m 0.366 ms - -[0m
2026-08-07 11:20:13 [INFO]: [0mGET / [36m304[0m 14.100 ms - -[0m
2026-08-07 11:20:13 [INFO]: [0mGET /css/style.css [36m304[0m 0.808 ms - -[0m
2026-08-07 11:20:13 [INFO]: [0mGET /images/hero/hero-placeholder.png [36m304[0m 1.099 ms - -[0m
2026-08-07 11:20:13 [INFO]: [0mGET /images/logo/plantora.png [36m304[0m 1.045 ms - -[0m
2026-08-07 11:20:13 [INFO]: [0mGET /images/hero/snake-plant.jpg [36m304[0m 1.818 ms - -[0m
2026-08-07 11:20:13 [INFO]: [0mGET /images/hero/monstera-plant.jpg [36m304[0m 2.133 ms - -[0m
2026-08-07 11:20:13 [INFO]: [0mGET /images/hero/peace-lily.jpg [36m304[0m 2.502 ms - -[0m
2026-08-07 11:20:13 [INFO]: [0mGET /css/variables.css [36m304[0m 0.876 ms - -[0m
2026-08-07 11:20:13 [INFO]: [0mGET /css/utilities.css [36m304[0m 1.226 ms - -[0m
2026-08-07 11:20:13 [INFO]: [0mGET /css/animations.css [36m304[0m 1.499 ms - -[0m
2026-08-07 11:20:13 [INFO]: [0mGET /css/announcement.css [36m304[0m 1.099 ms - -[0m
2026-08-07 11:20:13 [INFO]: [0mGET /css/header.css [36m304[0m 1.574 ms - -[0m
2026-08-07 11:20:13 [INFO]: [0mGET /css/hero.css [36m304[0m 2.099 ms - -[0m
2026-08-07 11:20:13 [INFO]: [0mGET /css/featured.css [36m304[0m 1.150 ms - -[0m
2026-08-07 11:20:13 [INFO]: [0mGET /css/why-choose.css [36m304[0m 1.530 ms - -[0m
2026-08-07 11:20:13 [INFO]: [0mGET /css/footer.css [36m304[0m 2.512 ms - -[0m
2026-08-07 11:20:13 [INFO]: [0mGET /css/auth.css [36m304[0m 1.221 ms - -[0m
2026-08-07 11:20:13 [INFO]: [0mGET /css/verify.css [36m304[0m 1.431 ms - -[0m
2026-08-07 11:20:13 [INFO]: [0mGET /js/header.js [36m304[0m 0.351 ms - -[0m
2026-08-07 11:20:13 [INFO]: [0mGET /js/featured.js [36m304[0m 0.239 ms - -[0m
2026-08-07 11:20:13 [INFO]: [0mGET /js/notification.js [36m304[0m 0.501 ms - -[0m
2026-08-07 11:20:13 [INFO]: [0mGET /js/why-choose.js [36m304[0m 0.773 ms - -[0m
2026-08-07 11:20:13 [INFO]: [0mGET /js/auth.js [36m304[0m 0.614 ms - -[0m
2026-08-07 11:20:13 [INFO]: [0mGET /js/footer.js [36m304[0m 0.809 ms - -[0m
2026-08-07 11:20:13 [INFO]: [0mGET /images/hero/rubber-plant.jpg [36m304[0m 0.264 ms - -[0m
2026-08-07 11:20:13 [INFO]: [0mGET /images/hero/tulip-plant.jpg [36m304[0m 0.580 ms - -[0m
2026-08-07 11:20:13 [INFO]: [0mGET /images/hero/areca-palm.jpg [36m304[0m 0.399 ms - -[0m
2026-08-07 11:20:13 [INFO]: [0mGET /images/hero/aloe-vera.jpg [36m304[0m 0.678 ms - -[0m
2026-08-07 11:20:13 [INFO]: [0mGET /images/hero/jade-plant.jpg [36m304[0m 0.365 ms - -[0m
2026-08-07 11:20:13 [INFO]: [0mGET /images/hero/golden-pothos.jpg [36m304[0m 0.320 ms - -[0m
2026-08-07 11:20:13 [INFO]: [0mGET /images/hero/fiddle-leaf-fig.jpg [36m304[0m 0.292 ms - -[0m
2026-08-07 11:20:13 [INFO]: [0mGET /images/hero/why-choose.jpg [36m304[0m 0.298 ms - -[0m
2026-08-07 11:20:13 [INFO]: [0mGET /images/logo/plantora-orgn-white.png [36m304[0m 0.370 ms - -[0m
2026-08-07 11:20:14 [INFO]: [0mGET /favicon.ico [33m404[0m 2.504 ms - 75[0m
2026-08-07 11:20:52 [INFO]: Email sent successfully to 'abc@gmail.com'. Subject: 'Verify Your Plantora Account'.
2026-08-07 11:20:52 [INFO]: Customer registered successfully : abc@gmail.com
2026-08-07 11:20:52 [INFO]: [0mPOST /auth/register [32m201[0m 5369.048 ms - 97[0m
2026-08-07 11:21:56 [INFO]: [0mGET /admin/users [32m200[0m 167.172 ms - -[0m
2026-08-07 11:21:56 [INFO]: [0mGET /css/style.css [36m304[0m 0.960 ms - -[0m
2026-08-07 11:21:56 [INFO]: [0mGET /css/admin/layout.css [36m304[0m 1.225 ms - -[0m
2026-08-07 11:21:56 [INFO]: [0mGET /css/admin/users.css [36m304[0m 0.717 ms - -[0m
2026-08-07 11:21:56 [INFO]: [0mGET /css/admin/products.css [36m304[0m 0.604 ms - -[0m
2026-08-07 11:21:56 [INFO]: [0mGET /css/header.css [36m304[0m 0.881 ms - -[0m
2026-08-07 11:21:56 [INFO]: [0mGET /images/logo/plantora.png [36m304[0m 1.194 ms - -[0m
2026-08-07 11:21:56 [INFO]: [0mGET /js/admin/layout.js [36m304[0m 0.819 ms - -[0m
2026-08-07 11:21:56 [INFO]: [0mGET /js/admin/users.js [36m304[0m 0.930 ms - -[0m
2026-08-07 11:21:56 [INFO]: [0mGET /js/admin/products.js [36m304[0m 0.948 ms - -[0m
2026-08-07 11:21:56 [INFO]: [0mGET /js/header.js [36m304[0m 1.096 ms - -[0m
2026-08-07 11:21:56 [INFO]: [0mGET /js/notification.js [36m304[0m 0.135 ms - -[0m
2026-08-07 11:21:56 [INFO]: [0mGET /css/variables.css [36m304[0m 0.879 ms - -[0m
2026-08-07 11:21:56 [INFO]: [0mGET /css/utilities.css [36m304[0m 1.258 ms - -[0m
2026-08-07 11:21:56 [INFO]: [0mGET /css/animations.css [36m304[0m 1.558 ms - -[0m
2026-08-07 11:21:56 [INFO]: [0mGET /css/announcement.css [36m304[0m 1.716 ms - -[0m
2026-08-07 11:21:56 [INFO]: [0mGET /css/hero.css [36m304[0m 2.083 ms - -[0m
2026-08-07 11:21:56 [INFO]: [0mGET /css/featured.css [36m304[0m 0.599 ms - -[0m
2026-08-07 11:21:56 [INFO]: [0mGET /css/why-choose.css [36m304[0m 0.512 ms - -[0m
2026-08-07 11:21:56 [INFO]: [0mGET /css/footer.css [36m304[0m 1.949 ms - -[0m
2026-08-07 11:21:56 [INFO]: [0mGET /css/auth.css [36m304[0m 1.615 ms - -[0m
2026-08-07 11:21:56 [INFO]: [0mGET /css/verify.css [36m304[0m 1.049 ms - -[0m
2026-08-07 11:22:51 [INFO]: [0mGET /admin/products [32m200[0m 157.880 ms - -[0m
2026-08-07 11:22:51 [INFO]: [0mGET /css/style.css [36m304[0m 0.805 ms - -[0m
2026-08-07 11:22:51 [INFO]: [0mGET /css/admin/layout.css [36m304[0m 1.105 ms - -[0m
2026-08-07 11:22:51 [INFO]: [0mGET /css/admin/users.css [36m304[0m 0.235 ms - -[0m
2026-08-07 11:22:51 [INFO]: [0mGET /css/admin/products.css [36m304[0m 1.150 ms - -[0m
2026-08-07 11:22:51 [INFO]: [0mGET /css/header.css [36m304[0m 1.287 ms - -[0m
2026-08-07 11:22:51 [INFO]: [0mGET /images/logo/plantora.png [36m304[0m 0.905 ms - -[0m
2026-08-07 11:22:51 [INFO]: [0mGET /js/admin/layout.js [36m304[0m 0.502 ms - -[0m
2026-08-07 11:22:51 [INFO]: [0mGET /js/admin/products.js [36m304[0m 0.734 ms - -[0m
2026-08-07 11:22:51 [INFO]: [0mGET /js/admin/users.js [36m304[0m 1.149 ms - -[0m
2026-08-07 11:22:51 [INFO]: [0mGET /js/header.js [36m304[0m 1.831 ms - -[0m
2026-08-07 11:22:51 [INFO]: [0mGET /js/notification.js [36m304[0m 0.726 ms - -[0m
2026-08-07 11:22:51 [INFO]: [0mGET /css/variables.css [36m304[0m 0.506 ms - -[0m
2026-08-07 11:22:51 [INFO]: [0mGET /css/utilities.css [36m304[0m 1.222 ms - -[0m
2026-08-07 11:22:51 [INFO]: [0mGET /css/animations.css [36m304[0m 0.964 ms - -[0m
2026-08-07 11:22:51 [INFO]: [0mGET /css/announcement.css [36m304[0m 1.207 ms - -[0m
2026-08-07 11:22:51 [INFO]: [0mGET /css/hero.css [36m304[0m 1.546 ms - -[0m
2026-08-07 11:22:51 [INFO]: [0mGET /css/featured.css [36m304[0m 2.611 ms - -[0m
2026-08-07 11:22:51 [INFO]: [0mGET /css/why-choose.css [36m304[0m 1.362 ms - -[0m
2026-08-07 11:22:51 [INFO]: [0mGET /css/footer.css [36m304[0m 0.901 ms - -[0m
2026-08-07 11:22:51 [INFO]: [0mGET /css/auth.css [36m304[0m 0.953 ms - -[0m
2026-08-07 11:22:51 [INFO]: [0mGET /css/verify.css [36m304[0m 1.052 ms - -[0m
2026-08-07 11:22:53 [INFO]: [0mGET /admin/products/create [32m200[0m 170.746 ms - -[0m
2026-08-07 11:22:53 [INFO]: [0mGET /css/style.css [36m304[0m 1.256 ms - -[0m
2026-08-07 11:22:53 [INFO]: [0mGET /css/admin/layout.css [36m304[0m 1.329 ms - -[0m
2026-08-07 11:22:53 [INFO]: [0mGET /css/admin/users.css [36m304[0m 1.656 ms - -[0m
2026-08-07 11:22:53 [INFO]: [0mGET /css/admin/products.css [36m304[0m 2.203 ms - -[0m
2026-08-07 11:22:53 [INFO]: [0mGET /images/logo/plantora.png [36m304[0m 0.280 ms - -[0m
2026-08-07 11:22:53 [INFO]: [0mGET /css/header.css [36m304[0m 0.851 ms - -[0m
2026-08-07 11:22:53 [INFO]: [0mGET /js/admin/layout.js [36m304[0m 1.152 ms - -[0m
2026-08-07 11:22:53 [INFO]: [0mGET /js/admin/users.js [36m304[0m 1.207 ms - -[0m
2026-08-07 11:22:53 [INFO]: [0mGET /js/admin/products.js [36m304[0m 1.370 ms - -[0m
2026-08-07 11:22:53 [INFO]: [0mGET /js/header.js [36m304[0m 1.436 ms - -[0m
2026-08-07 11:22:53 [INFO]: [0mGET /js/notification.js [36m304[0m 2.001 ms - -[0m
2026-08-07 11:22:53 [INFO]: [0mGET /css/variables.css [36m304[0m 0.198 ms - -[0m
2026-08-07 11:22:53 [INFO]: [0mGET /css/utilities.css [36m304[0m 0.947 ms - -[0m
2026-08-07 11:22:53 [INFO]: [0mGET /css/animations.css [36m304[0m 1.080 ms - -[0m
2026-08-07 11:22:53 [INFO]: [0mGET /css/announcement.css [36m304[0m 1.311 ms - -[0m
2026-08-07 11:22:53 [INFO]: [0mGET /css/hero.css [36m304[0m 1.551 ms - -[0m
2026-08-07 11:22:53 [INFO]: [0mGET /css/featured.css [36m304[0m 1.759 ms - -[0m
2026-08-07 11:22:53 [INFO]: [0mGET /css/why-choose.css [36m304[0m 2.033 ms - -[0m
2026-08-07 11:22:53 [INFO]: [0mGET /css/footer.css [36m304[0m 0.522 ms - -[0m
2026-08-07 11:22:53 [INFO]: [0mGET /css/auth.css [36m304[0m 0.814 ms - -[0m
2026-08-07 11:22:53 [INFO]: [0mGET /css/verify.css [36m304[0m 1.045 ms - -[0m
2026-08-07 11:34:20 [INFO]: [0mGET /admin/users/trash [32m200[0m 210.390 ms - -[0m
2026-08-07 11:34:20 [INFO]: [0mGET /css/style.css [36m304[0m 1.431 ms - -[0m
2026-08-07 11:34:20 [INFO]: [0mGET /css/admin/layout.css [36m304[0m 1.560 ms - -[0m
2026-08-07 11:34:20 [INFO]: [0mGET /css/admin/users.css [36m304[0m 0.244 ms - -[0m
2026-08-07 11:34:20 [INFO]: [0mGET /css/admin/products.css [36m304[0m 0.436 ms - -[0m
2026-08-07 11:34:20 [INFO]: [0mGET /css/header.css [36m304[0m 0.596 ms - -[0m
2026-08-07 11:34:20 [INFO]: [0mGET /images/logo/plantora.png [36m304[0m 0.774 ms - -[0m
2026-08-07 11:34:20 [INFO]: [0mGET /js/admin/layout.js [36m304[0m 0.570 ms - -[0m
2026-08-07 11:34:20 [INFO]: [0mGET /js/admin/users.js [36m304[0m 0.898 ms - -[0m
2026-08-07 11:34:20 [INFO]: [0mGET /js/admin/products.js [36m304[0m 1.302 ms - -[0m
2026-08-07 11:34:20 [INFO]: [0mGET /js/header.js [36m304[0m 1.549 ms - -[0m
2026-08-07 11:34:20 [INFO]: [0mGET /js/notification.js [36m304[0m 1.701 ms - -[0m
2026-08-07 11:34:20 [INFO]: [0mGET /css/variables.css [36m304[0m 0.362 ms - -[0m
2026-08-07 11:34:20 [INFO]: [0mGET /css/utilities.css [36m304[0m 0.571 ms - -[0m
2026-08-07 11:34:20 [INFO]: [0mGET /css/animations.css [36m304[0m 0.736 ms - -[0m
2026-08-07 11:34:20 [INFO]: [0mGET /css/announcement.css [36m304[0m 0.979 ms - -[0m
2026-08-07 11:34:20 [INFO]: [0mGET /css/hero.css [36m304[0m 1.223 ms - -[0m
2026-08-07 11:34:20 [INFO]: [0mGET /css/featured.css [36m304[0m 0.680 ms - -[0m
2026-08-07 11:34:20 [INFO]: [0mGET /css/why-choose.css [36m304[0m 0.837 ms - -[0m
2026-08-07 11:34:20 [INFO]: [0mGET /css/footer.css [36m304[0m 0.290 ms - -[0m
2026-08-07 11:34:20 [INFO]: [0mGET /css/auth.css [36m304[0m 0.439 ms - -[0m
2026-08-07 11:34:20 [INFO]: [0mGET /css/verify.css [36m304[0m 0.655 ms - -[0m
2026-08-07 11:34:22 [INFO]: [0mGET /admin/users [36m304[0m 174.025 ms - -[0m
2026-08-07 11:34:22 [INFO]: [0mGET /css/style.css [36m304[0m 0.804 ms - -[0m
2026-08-07 11:34:22 [INFO]: [0mGET /css/admin/layout.css [36m304[0m 1.098 ms - -[0m
2026-08-07 11:34:22 [INFO]: [0mGET /css/admin/users.css [36m304[0m 1.299 ms - -[0m
2026-08-07 11:34:22 [INFO]: [0mGET /css/admin/products.css [36m304[0m 1.530 ms - -[0m
2026-08-07 11:34:22 [INFO]: [0mGET /css/header.css [36m304[0m 0.181 ms - -[0m
2026-08-07 11:34:22 [INFO]: [0mGET /images/logo/plantora.png [36m304[0m 0.333 ms - -[0m
2026-08-07 11:34:22 [INFO]: [0mGET /js/admin/layout.js [36m304[0m 0.480 ms - -[0m
2026-08-07 11:34:22 [INFO]: [0mGET /js/admin/users.js [36m304[0m 0.677 ms - -[0m
2026-08-07 11:34:22 [INFO]: [0mGET /js/admin/products.js [36m304[0m 0.964 ms - -[0m
2026-08-07 11:34:22 [INFO]: [0mGET /js/header.js [36m304[0m 1.494 ms - -[0m
2026-08-07 11:34:22 [INFO]: [0mGET /js/notification.js [36m304[0m 0.609 ms - -[0m
2026-08-07 11:34:22 [INFO]: [0mGET /css/variables.css [36m304[0m 0.452 ms - -[0m
2026-08-07 11:34:22 [INFO]: [0mGET /css/utilities.css [36m304[0m 0.484 ms - -[0m
2026-08-07 11:34:22 [INFO]: [0mGET /css/announcement.css [36m304[0m 0.562 ms - -[0m
2026-08-07 11:34:22 [INFO]: [0mGET /css/animations.css [36m304[0m 0.992 ms - -[0m
2026-08-07 11:34:22 [INFO]: [0mGET /css/hero.css [36m304[0m 1.416 ms - -[0m
2026-08-07 11:34:22 [INFO]: [0mGET /css/featured.css [36m304[0m 0.696 ms - -[0m
2026-08-07 11:34:22 [INFO]: [0mGET /css/why-choose.css [36m304[0m 0.624 ms - -[0m
2026-08-07 11:34:22 [INFO]: [0mGET /css/footer.css [36m304[0m 0.956 ms - -[0m
2026-08-07 11:34:22 [INFO]: [0mGET /css/auth.css [36m304[0m 0.642 ms - -[0m
2026-08-07 11:34:22 [INFO]: [0mGET /css/verify.css [36m304[0m 1.095 ms - -[0m
2026-08-07 12:09:28 [INFO]: [0mGET / [36m304[0m 94.641 ms - -[0m
2026-08-07 12:09:28 [INFO]: [0mGET /css/style.css [36m304[0m 0.547 ms - -[0m
2026-08-07 12:09:28 [INFO]: [0mGET /images/logo/plantora.png [36m304[0m 0.679 ms - -[0m
2026-08-07 12:09:28 [INFO]: [0mGET /images/hero/hero-placeholder.png [36m304[0m 1.408 ms - -[0m
2026-08-07 12:09:28 [INFO]: [0mGET /images/hero/monstera-plant.jpg [36m304[0m 1.519 ms - -[0m
2026-08-07 12:09:28 [INFO]: [0mGET /js/header.js [36m304[0m 0.526 ms - -[0m
2026-08-07 12:09:28 [INFO]: [0mGET /js/featured.js [36m304[0m 0.997 ms - -[0m
2026-08-07 12:09:28 [INFO]: [0mGET /js/why-choose.js [36m304[0m 1.387 ms - -[0m
2026-08-07 12:09:28 [INFO]: [0mGET /css/variables.css [36m304[0m 0.461 ms - -[0m
2026-08-07 12:09:28 [INFO]: [0mGET /css/utilities.css [36m304[0m 0.546 ms - -[0m
2026-08-07 12:09:28 [INFO]: [0mGET /css/animations.css [36m304[0m 0.959 ms - -[0m
2026-08-07 12:09:28 [INFO]: [0mGET /css/announcement.css [36m304[0m 1.363 ms - -[0m
2026-08-07 12:09:28 [INFO]: [0mGET /css/header.css [36m304[0m 1.043 ms - -[0m
2026-08-07 12:09:28 [INFO]: [0mGET /css/hero.css [36m304[0m 1.317 ms - -[0m
2026-08-07 12:09:28 [INFO]: [0mGET /css/featured.css [36m304[0m 1.588 ms - -[0m
2026-08-07 12:09:28 [INFO]: [0mGET /css/why-choose.css [36m304[0m 2.267 ms - -[0m
2026-08-07 12:09:28 [INFO]: [0mGET /css/footer.css [36m304[0m 2.181 ms - -[0m
2026-08-07 12:09:28 [INFO]: [0mGET /css/auth.css [36m304[0m 2.781 ms - -[0m
2026-08-07 12:09:28 [INFO]: [0mGET /css/verify.css [36m304[0m 0.345 ms - -[0m
2026-08-07 12:09:28 [INFO]: [0mGET /js/notification.js [36m304[0m 0.147 ms - -[0m
2026-08-07 12:09:28 [INFO]: [0mGET /js/footer.js [36m304[0m 0.508 ms - -[0m
2026-08-07 12:09:28 [INFO]: [0mGET /js/auth.js [36m304[0m 0.869 ms - -[0m
2026-08-07 12:09:28 [INFO]: [0mGET /images/hero/snake-plant.jpg [36m304[0m 1.445 ms - -[0m
2026-08-07 12:09:28 [INFO]: [0mGET /images/hero/peace-lily.jpg [36m304[0m 0.759 ms - -[0m
2026-08-07 12:09:28 [INFO]: [0mGET /images/hero/tulip-plant.jpg [36m304[0m 1.629 ms - -[0m
2026-08-07 12:09:28 [INFO]: [0mGET /images/hero/rubber-plant.jpg [36m304[0m 0.211 ms - -[0m
2026-08-07 12:09:28 [INFO]: [0mGET /images/hero/aloe-vera.jpg [36m304[0m 0.310 ms - -[0m
2026-08-07 12:09:28 [INFO]: [0mGET /images/hero/areca-palm.jpg [36m304[0m 0.278 ms - -[0m
2026-08-07 12:09:28 [INFO]: [0mGET /images/hero/jade-plant.jpg [36m304[0m 0.324 ms - -[0m
2026-08-07 12:09:28 [INFO]: [0mGET /images/hero/golden-pothos.jpg [36m304[0m 0.515 ms - -[0m
2026-08-07 12:09:28 [INFO]: [0mGET /images/hero/fiddle-leaf-fig.jpg [36m304[0m 0.340 ms - -[0m
2026-08-07 12:09:28 [INFO]: [0mGET /images/hero/why-choose.jpg [36m304[0m 0.201 ms - -[0m
2026-08-07 12:09:28 [INFO]: [0mGET /images/logo/plantora-orgn-white.png [36m304[0m 0.278 ms - -[0m
2026-08-07 12:09:31 [INFO]: Logout successful : admin-plantora@yopmail.com
2026-08-07 12:09:31 [INFO]: [0mPOST /auth/logout [36m302[0m 320.039 ms - 30[0m
2026-08-07 12:09:31 [INFO]: [0mGET / [32m200[0m 8.040 ms - -[0m
2026-08-07 12:09:31 [INFO]: [0mGET /css/style.css [36m304[0m 0.584 ms - -[0m
2026-08-07 12:09:31 [INFO]: [0mGET /images/logo/plantora.png [36m304[0m 0.844 ms - -[0m
2026-08-07 12:09:31 [INFO]: [0mGET /images/hero/hero-placeholder.png [36m304[0m 1.228 ms - -[0m
2026-08-07 12:09:31 [INFO]: [0mGET /images/hero/monstera-plant.jpg [36m304[0m 0.352 ms - -[0m
2026-08-07 12:09:31 [INFO]: [0mGET /images/hero/snake-plant.jpg [36m304[0m 0.469 ms - -[0m
2026-08-07 12:09:31 [INFO]: [0mGET /images/hero/peace-lily.jpg [36m304[0m 0.795 ms - -[0m
2026-08-07 12:09:31 [INFO]: [0mGET /js/header.js [36m304[0m 0.207 ms - -[0m
2026-08-07 12:09:31 [INFO]: [0mGET /js/featured.js [36m304[0m 0.325 ms - -[0m
2026-08-07 12:09:31 [INFO]: [0mGET /js/why-choose.js [36m304[0m 0.449 ms - -[0m
2026-08-07 12:09:31 [INFO]: [0mGET /js/notification.js [36m304[0m 0.538 ms - -[0m
2026-08-07 12:09:31 [INFO]: [0mGET /js/footer.js [36m304[0m 0.501 ms - -[0m
2026-08-07 12:09:31 [INFO]: [0mGET /js/auth.js [36m304[0m 0.684 ms - -[0m
2026-08-07 12:09:31 [INFO]: [0mGET /images/hero/tulip-plant.jpg [36m304[0m 0.965 ms - -[0m
2026-08-07 12:09:31 [INFO]: [0mGET /images/hero/rubber-plant.jpg [36m304[0m 1.226 ms - -[0m
2026-08-07 12:09:31 [INFO]: [0mGET /css/variables.css [36m304[0m 0.458 ms - -[0m
2026-08-07 12:09:31 [INFO]: [0mGET /css/utilities.css [36m304[0m 0.706 ms - -[0m
2026-08-07 12:09:31 [INFO]: [0mGET /css/animations.css [36m304[0m 0.926 ms - -[0m
2026-08-07 12:09:31 [INFO]: [0mGET /css/announcement.css [36m304[0m 1.225 ms - -[0m
2026-08-07 12:09:31 [INFO]: [0mGET /css/header.css [36m304[0m 1.496 ms - -[0m
2026-08-07 12:09:31 [INFO]: [0mGET /css/hero.css [36m304[0m 0.327 ms - -[0m
2026-08-07 12:09:31 [INFO]: [0mGET /css/featured.css [36m304[0m 0.512 ms - -[0m
2026-08-07 12:09:31 [INFO]: [0mGET /css/why-choose.css [36m304[0m 0.753 ms - -[0m
2026-08-07 12:09:31 [INFO]: [0mGET /css/footer.css [36m304[0m 1.723 ms - -[0m
2026-08-07 12:09:31 [INFO]: [0mGET /css/auth.css [36m304[0m 1.079 ms - -[0m
2026-08-07 12:09:31 [INFO]: [0mGET /css/verify.css [36m304[0m 0.330 ms - -[0m
2026-08-07 12:09:31 [INFO]: [0mGET /images/hero/aloe-vera.jpg [36m304[0m 0.643 ms - -[0m
2026-08-07 12:09:31 [INFO]: [0mGET /images/hero/areca-palm.jpg [36m304[0m 0.840 ms - -[0m
2026-08-07 12:09:31 [INFO]: [0mGET /images/hero/jade-plant.jpg [36m304[0m 1.157 ms - -[0m
2026-08-07 12:09:31 [INFO]: [0mGET /images/hero/golden-pothos.jpg [36m304[0m 0.641 ms - -[0m
2026-08-07 12:09:31 [INFO]: [0mGET /images/hero/fiddle-leaf-fig.jpg [36m304[0m 0.497 ms - -[0m
2026-08-07 12:09:31 [INFO]: [0mGET /images/hero/why-choose.jpg [36m304[0m 0.291 ms - -[0m
2026-08-07 12:09:31 [INFO]: [0mGET /images/logo/plantora-orgn-white.png [36m304[0m 0.594 ms - -[0m
2026-08-07 12:21:54 [INFO]: SIGINT received. Shutting down server...
2026-08-07 12:21:58 [INFO]: MongoDB connected successfully.
2026-08-07 12:22:01 [INFO]: Email server connected successfully.
2026-08-07 12:22:01 [INFO]: Server is running on port 5132.
2026-08-07 12:22:31 [INFO]: [0mGET / [32m200[0m 115.751 ms - -[0m
2026-08-07 12:22:31 [INFO]: [0mGET /css/style.css [36m304[0m 1.337 ms - -[0m
2026-08-07 12:22:31 [INFO]: [0mGET /images/logo/plantora.png [36m304[0m 1.627 ms - -[0m
2026-08-07 12:22:31 [INFO]: [0mGET /images/hero/hero-placeholder.png [36m304[0m 0.565 ms - -[0m
2026-08-07 12:22:31 [INFO]: [0mGET /css/variables.css [36m304[0m 1.466 ms - -[0m
2026-08-07 12:22:31 [INFO]: [0mGET /css/utilities.css [36m304[0m 1.531 ms - -[0m
2026-08-07 12:22:31 [INFO]: [0mGET /css/animations.css [36m304[0m 1.251 ms - -[0m
2026-08-07 12:22:31 [INFO]: [0mGET /css/announcement.css [36m304[0m 1.605 ms - -[0m
2026-08-07 12:22:31 [INFO]: [0mGET /css/header.css [36m304[0m 0.815 ms - -[0m
2026-08-07 12:22:31 [INFO]: [0mGET /css/hero.css [36m304[0m 1.057 ms - -[0m
2026-08-07 12:22:31 [INFO]: [0mGET /css/featured.css [36m304[0m 0.838 ms - -[0m
2026-08-07 12:22:31 [INFO]: [0mGET /css/why-choose.css [36m304[0m 1.001 ms - -[0m
2026-08-07 12:22:31 [INFO]: [0mGET /css/footer.css [36m304[0m 1.182 ms - -[0m
2026-08-07 12:22:31 [INFO]: [0mGET /css/auth.css [36m304[0m 1.429 ms - -[0m
2026-08-07 12:22:32 [INFO]: [0mGET /css/verify.css [36m304[0m 0.926 ms - -[0m
2026-08-07 12:22:32 [INFO]: [0mGET /images/hero/monstera-plant.jpg [36m304[0m 0.854 ms - -[0m
2026-08-07 12:22:32 [INFO]: [0mGET /js/header.js [36m304[0m 0.256 ms - -[0m
2026-08-07 12:22:32 [INFO]: [0mGET /js/featured.js [36m304[0m 0.547 ms - -[0m
2026-08-07 12:22:32 [INFO]: [0mGET /js/why-choose.js [36m304[0m 0.257 ms - -[0m
2026-08-07 12:22:32 [INFO]: [0mGET /js/notification.js [36m304[0m 0.437 ms - -[0m
2026-08-07 12:22:32 [INFO]: [0mGET /js/footer.js [36m304[0m 0.596 ms - -[0m
2026-08-07 12:22:32 [INFO]: [0mGET /js/auth.js [36m304[0m 0.885 ms - -[0m
2026-08-07 12:22:32 [INFO]: [0mGET /images/hero/snake-plant.jpg [36m304[0m 1.071 ms - -[0m
2026-08-07 12:22:32 [INFO]: [0mGET /images/hero/peace-lily.jpg [36m304[0m 0.539 ms - -[0m
2026-08-07 12:22:32 [INFO]: [0mGET /images/hero/tulip-plant.jpg [36m304[0m 0.658 ms - -[0m
2026-08-07 12:22:32 [INFO]: [0mGET /images/hero/rubber-plant.jpg [36m304[0m 0.862 ms - -[0m
2026-08-07 12:22:32 [INFO]: [0mGET /images/hero/aloe-vera.jpg [36m304[0m 0.364 ms - -[0m
2026-08-07 12:22:32 [INFO]: [0mGET /images/hero/areca-palm.jpg [36m304[0m 1.164 ms - -[0m
2026-08-07 12:22:32 [INFO]: [0mGET /images/hero/jade-plant.jpg [36m304[0m 0.236 ms - -[0m
2026-08-07 12:22:32 [INFO]: [0mGET /images/hero/golden-pothos.jpg [36m304[0m 0.272 ms - -[0m
2026-08-07 12:22:32 [INFO]: [0mGET /images/hero/fiddle-leaf-fig.jpg [36m304[0m 0.149 ms - -[0m
2026-08-07 12:22:32 [INFO]: [0mGET /images/hero/why-choose.jpg [36m304[0m 0.247 ms - -[0m
2026-08-07 12:22:32 [INFO]: [0mGET /images/logo/plantora-orgn-white.png [36m304[0m 0.534 ms - -[0m
2026-08-07 12:22:34 [INFO]: [0mGET /notifications/latest [36m304[0m 167.386 ms - -[0m
2026-08-07 12:22:50 [INFO]: [0mGET / [36m304[0m 15.293 ms - -[0m
2026-08-07 12:22:50 [INFO]: [0mGET /css/style.css [36m304[0m 0.878 ms - -[0m
2026-08-07 12:22:50 [INFO]: [0mGET /images/logo/plantora.png [36m304[0m 1.361 ms - -[0m
2026-08-07 12:22:50 [INFO]: [0mGET /images/hero/hero-placeholder.png [36m304[0m 0.769 ms - -[0m
2026-08-07 12:22:50 [INFO]: [0mGET /css/variables.css [36m304[0m 0.290 ms - -[0m
2026-08-07 12:22:50 [INFO]: [0mGET /css/utilities.css [36m304[0m 0.260 ms - -[0m
2026-08-07 12:22:50 [INFO]: [0mGET /css/animations.css [36m304[0m 0.256 ms - -[0m
2026-08-07 12:22:50 [INFO]: [0mGET /css/announcement.css [36m304[0m 0.280 ms - -[0m
2026-08-07 12:22:50 [INFO]: [0mGET /css/header.css [36m304[0m 0.218 ms - -[0m
2026-08-07 12:22:50 [INFO]: [0mGET /css/hero.css [36m304[0m 0.220 ms - -[0m
2026-08-07 12:22:50 [INFO]: [0mGET /css/featured.css [36m304[0m 0.209 ms - -[0m
2026-08-07 12:22:50 [INFO]: [0mGET /css/why-choose.css [36m304[0m 0.257 ms - -[0m
2026-08-07 12:22:50 [INFO]: [0mGET /css/footer.css [36m304[0m 0.217 ms - -[0m
2026-08-07 12:22:50 [INFO]: [0mGET /css/auth.css [36m304[0m 0.628 ms - -[0m
2026-08-07 12:22:50 [INFO]: [0mGET /css/verify.css [36m304[0m 0.938 ms - -[0m
2026-08-07 12:22:50 [INFO]: [0mGET /images/hero/monstera-plant.jpg [36m304[0m 1.150 ms - -[0m
2026-08-07 12:22:50 [INFO]: [0mGET /images/hero/snake-plant.jpg [36m304[0m 0.277 ms - -[0m
2026-08-07 12:22:50 [INFO]: [0mGET /images/hero/peace-lily.jpg [36m304[0m 0.409 ms - -[0m
2026-08-07 12:22:50 [INFO]: [0mGET /js/header.js [36m304[0m 0.314 ms - -[0m
2026-08-07 12:22:50 [INFO]: [0mGET /js/featured.js [36m304[0m 0.526 ms - -[0m
2026-08-07 12:22:50 [INFO]: [0mGET /js/why-choose.js [36m304[0m 1.235 ms - -[0m
2026-08-07 12:22:50 [INFO]: [0mGET /js/notification.js [36m304[0m 0.746 ms - -[0m
2026-08-07 12:22:50 [INFO]: [0mGET /js/footer.js [36m304[0m 0.205 ms - -[0m
2026-08-07 12:22:50 [INFO]: [0mGET /js/auth.js [36m304[0m 0.249 ms - -[0m
2026-08-07 12:22:50 [INFO]: [0mGET /images/hero/tulip-plant.jpg [36m304[0m 0.201 ms - -[0m
2026-08-07 12:22:50 [INFO]: [0mGET /images/hero/rubber-plant.jpg [36m304[0m 0.203 ms - -[0m
2026-08-07 12:22:50 [INFO]: [0mGET /images/hero/aloe-vera.jpg [36m304[0m 0.227 ms - -[0m
2026-08-07 12:22:50 [INFO]: [0mGET /images/hero/areca-palm.jpg [36m304[0m 0.192 ms - -[0m
2026-08-07 12:22:50 [INFO]: [0mGET /images/hero/jade-plant.jpg [36m304[0m 0.177 ms - -[0m
2026-08-07 12:22:50 [INFO]: [0mGET /images/hero/golden-pothos.jpg [36m304[0m 0.151 ms - -[0m
2026-08-07 12:22:50 [INFO]: [0mGET /images/hero/fiddle-leaf-fig.jpg [36m304[0m 0.295 ms - -[0m
2026-08-07 12:22:50 [INFO]: [0mGET /images/hero/why-choose.jpg [36m304[0m 0.589 ms - -[0m
2026-08-07 12:22:50 [INFO]: [0mGET /images/logo/plantora-orgn-white.png [36m304[0m 0.194 ms - -[0m
2026-08-07 12:22:51 [INFO]: [0mGET /favicon.ico [33m404[0m 2.590 ms - 75[0m
2026-08-07 12:22:54 [INFO]: Login successful : admin-plantora@yopmail.com
2026-08-07 12:22:54 [INFO]: [0mPOST /auth/login [32m200[0m 543.017 ms - 46[0m
2026-08-07 12:22:55 [INFO]: [0mGET / [32m200[0m 93.489 ms - -[0m
2026-08-07 12:22:55 [INFO]: [0mGET /css/style.css [36m304[0m 0.276 ms - -[0m
2026-08-07 12:22:55 [INFO]: [0mGET /images/logo/plantora.png [36m304[0m 0.288 ms - -[0m
2026-08-07 12:22:55 [INFO]: [0mGET /images/hero/hero-placeholder.png [36m304[0m 0.217 ms - -[0m
2026-08-07 12:22:55 [INFO]: [0mGET /images/hero/monstera-plant.jpg [36m304[0m 0.261 ms - -[0m
2026-08-07 12:22:55 [INFO]: [0mGET /js/header.js [36m304[0m 0.257 ms - -[0m
2026-08-07 12:22:55 [INFO]: [0mGET /js/featured.js [36m304[0m 0.570 ms - -[0m
2026-08-07 12:22:55 [INFO]: [0mGET /js/why-choose.js [36m304[0m 0.801 ms - -[0m
2026-08-07 12:22:55 [INFO]: [0mGET /css/variables.css [36m304[0m 0.373 ms - -[0m
2026-08-07 12:22:55 [INFO]: [0mGET /css/utilities.css [36m304[0m 0.483 ms - -[0m
2026-08-07 12:22:55 [INFO]: [0mGET /css/animations.css [36m304[0m 0.381 ms - -[0m
2026-08-07 12:22:55 [INFO]: [0mGET /css/announcement.css [36m304[0m 0.642 ms - -[0m
2026-08-07 12:22:55 [INFO]: [0mGET /css/header.css [36m304[0m 1.575 ms - -[0m
2026-08-07 12:22:55 [INFO]: [0mGET /css/hero.css [36m304[0m 1.165 ms - -[0m
2026-08-07 12:22:55 [INFO]: [0mGET /css/featured.css [36m304[0m 1.478 ms - -[0m
2026-08-07 12:22:55 [INFO]: [0mGET /css/why-choose.css [36m304[0m 0.723 ms - -[0m
2026-08-07 12:22:55 [INFO]: [0mGET /css/footer.css [36m304[0m 0.869 ms - -[0m
2026-08-07 12:22:55 [INFO]: [0mGET /css/auth.css [36m304[0m 1.006 ms - -[0m
2026-08-07 12:22:55 [INFO]: [0mGET /css/verify.css [36m304[0m 0.227 ms - -[0m
2026-08-07 12:22:55 [INFO]: [0mGET /js/notification.js [36m304[0m 0.259 ms - -[0m
2026-08-07 12:22:55 [INFO]: [0mGET /js/footer.js [36m304[0m 0.355 ms - -[0m
2026-08-07 12:22:55 [INFO]: [0mGET /js/auth.js [36m304[0m 0.508 ms - -[0m
2026-08-07 12:22:55 [INFO]: [0mGET /images/hero/snake-plant.jpg [36m304[0m 0.820 ms - -[0m
2026-08-07 12:22:55 [INFO]: [0mGET /images/hero/peace-lily.jpg [36m304[0m 0.968 ms - -[0m
2026-08-07 12:22:55 [INFO]: [0mGET /images/hero/tulip-plant.jpg [36m304[0m 0.349 ms - -[0m
2026-08-07 12:22:55 [INFO]: [0mGET /images/hero/rubber-plant.jpg [36m304[0m 0.630 ms - -[0m
2026-08-07 12:22:55 [INFO]: [0mGET /images/hero/aloe-vera.jpg [36m304[0m 0.789 ms - -[0m
2026-08-07 12:22:55 [INFO]: [0mGET /images/hero/areca-palm.jpg [36m304[0m 0.333 ms - -[0m
2026-08-07 12:22:55 [INFO]: [0mGET /images/hero/jade-plant.jpg [36m304[0m 0.591 ms - -[0m
2026-08-07 12:22:55 [INFO]: [0mGET /images/hero/golden-pothos.jpg [36m304[0m 0.871 ms - -[0m
2026-08-07 12:22:55 [INFO]: [0mGET /images/hero/fiddle-leaf-fig.jpg [36m304[0m 0.602 ms - -[0m
2026-08-07 12:22:55 [INFO]: [0mGET /images/hero/why-choose.jpg [36m304[0m 0.881 ms - -[0m
2026-08-07 12:22:55 [INFO]: [0mGET /images/logo/plantora-orgn-white.png [36m304[0m 1.187 ms - -[0m
2026-08-07 12:22:58 [INFO]: [0mGET /admin/dashboard [36m304[0m 136.380 ms - -[0m
2026-08-07 12:22:58 [INFO]: [0mGET /css/style.css [36m304[0m 0.481 ms - -[0m
2026-08-07 12:22:58 [INFO]: [0mGET /css/admin/layout.css [36m304[0m 1.412 ms - -[0m
2026-08-07 12:22:58 [INFO]: [0mGET /css/admin/users.css [36m304[0m 1.230 ms - -[0m
2026-08-07 12:22:58 [INFO]: [0mGET /css/admin/products.css [36m304[0m 1.028 ms - -[0m
2026-08-07 12:22:58 [INFO]: [0mGET /css/header.css [36m304[0m 1.404 ms - -[0m
2026-08-07 12:22:58 [INFO]: [0mGET /images/logo/plantora.png [36m304[0m 0.440 ms - -[0m
2026-08-07 12:22:58 [INFO]: [0mGET /js/admin/layout.js [36m304[0m 0.706 ms - -[0m
2026-08-07 12:22:58 [INFO]: [0mGET /js/admin/users.js [36m304[0m 1.000 ms - -[0m
2026-08-07 12:22:58 [INFO]: [0mGET /js/admin/products.js [36m304[0m 1.127 ms - -[0m
2026-08-07 12:22:58 [INFO]: [0mGET /css/variables.css [36m304[0m 1.654 ms - -[0m
2026-08-07 12:22:58 [INFO]: [0mGET /js/header.js [36m304[0m 0.636 ms - -[0m
2026-08-07 12:22:58 [INFO]: [0mGET /js/notification.js [36m304[0m 0.837 ms - -[0m
2026-08-07 12:22:58 [INFO]: [0mGET /css/utilities.css [36m304[0m 0.280 ms - -[0m
2026-08-07 12:22:58 [INFO]: [0mGET /css/animations.css [36m304[0m 0.501 ms - -[0m
2026-08-07 12:22:58 [INFO]: [0mGET /css/announcement.css [36m304[0m 0.949 ms - -[0m
2026-08-07 12:22:58 [INFO]: [0mGET /css/hero.css [36m304[0m 0.519 ms - -[0m
2026-08-07 12:22:58 [INFO]: [0mGET /css/featured.css [36m304[0m 1.390 ms - -[0m
2026-08-07 12:22:58 [INFO]: [0mGET /css/why-choose.css [36m304[0m 0.956 ms - -[0m
2026-08-07 12:22:58 [INFO]: [0mGET /css/footer.css [36m304[0m 0.653 ms - -[0m
2026-08-07 12:22:58 [INFO]: [0mGET /css/auth.css [36m304[0m 0.237 ms - -[0m
2026-08-07 12:22:58 [INFO]: [0mGET /css/verify.css [36m304[0m 0.551 ms - -[0m
2026-08-07 12:23:00 [INFO]: [0mGET /admin/users [36m304[0m 199.429 ms - -[0m
2026-08-07 12:23:00 [INFO]: [0mGET /css/style.css [36m304[0m 0.391 ms - -[0m
2026-08-07 12:23:00 [INFO]: [0mGET /css/admin/layout.css [36m304[0m 0.340 ms - -[0m
2026-08-07 12:23:00 [INFO]: [0mGET /css/admin/users.css [36m304[0m 0.652 ms - -[0m
2026-08-07 12:23:00 [INFO]: [0mGET /css/admin/products.css [36m304[0m 1.070 ms - -[0m
2026-08-07 12:23:00 [INFO]: [0mGET /css/header.css [36m304[0m 1.271 ms - -[0m
2026-08-07 12:23:00 [INFO]: [0mGET /images/logo/plantora.png [36m304[0m 1.463 ms - -[0m
2026-08-07 12:23:00 [INFO]: [0mGET /js/admin/layout.js [36m304[0m 0.862 ms - -[0m
2026-08-07 12:23:00 [INFO]: [0mGET /js/admin/users.js [36m304[0m 1.142 ms - -[0m
2026-08-07 12:23:00 [INFO]: [0mGET /js/admin/products.js [36m304[0m 1.272 ms - -[0m
2026-08-07 12:23:00 [INFO]: [0mGET /js/header.js [36m304[0m 2.149 ms - -[0m
2026-08-07 12:23:00 [INFO]: [0mGET /js/notification.js [36m304[0m 0.771 ms - -[0m
2026-08-07 12:23:00 [INFO]: [0mGET /css/variables.css [36m304[0m 1.562 ms - -[0m
2026-08-07 12:23:00 [INFO]: [0mGET /css/utilities.css [36m304[0m 1.955 ms - -[0m
2026-08-07 12:23:00 [INFO]: [0mGET /css/animations.css [36m304[0m 1.845 ms - -[0m
2026-08-07 12:23:00 [INFO]: [0mGET /css/announcement.css [36m304[0m 0.766 ms - -[0m
2026-08-07 12:23:00 [INFO]: [0mGET /css/hero.css [36m304[0m 0.825 ms - -[0m
2026-08-07 12:23:00 [INFO]: [0mGET /css/featured.css [36m304[0m 1.878 ms - -[0m
2026-08-07 12:23:00 [INFO]: [0mGET /css/why-choose.css [36m304[0m 1.198 ms - -[0m
2026-08-07 12:23:00 [INFO]: [0mGET /css/footer.css [36m304[0m 1.330 ms - -[0m
2026-08-07 12:23:00 [INFO]: [0mGET /css/auth.css [36m304[0m 1.492 ms - -[0m
2026-08-07 12:23:00 [INFO]: [0mGET /css/verify.css [36m304[0m 0.189 ms - -[0m
2026-08-07 12:23:09 [INFO]: [0mGET /notifications/latest [36m304[0m 165.715 ms - -[0m
2026-08-07 12:23:59 [INFO]: [0mGET /admin/users/trash [36m304[0m 219.480 ms - -[0m
2026-08-07 12:23:59 [INFO]: [0mGET /css/style.css [36m304[0m 0.240 ms - -[0m
2026-08-07 12:23:59 [INFO]: [0mGET /css/admin/layout.css [36m304[0m 0.261 ms - -[0m
2026-08-07 12:23:59 [INFO]: [0mGET /css/admin/users.css [36m304[0m 0.193 ms - -[0m
2026-08-07 12:23:59 [INFO]: [0mGET /css/admin/products.css [36m304[0m 0.391 ms - -[0m
2026-08-07 12:23:59 [INFO]: [0mGET /css/header.css [36m304[0m 0.505 ms - -[0m
2026-08-07 12:23:59 [INFO]: [0mGET /images/logo/plantora.png [36m304[0m 0.955 ms - -[0m
2026-08-07 12:23:59 [INFO]: [0mGET /css/variables.css [36m304[0m 0.386 ms - -[0m
2026-08-07 12:23:59 [INFO]: [0mGET /css/utilities.css [36m304[0m 0.645 ms - -[0m
2026-08-07 12:23:59 [INFO]: [0mGET /css/animations.css [36m304[0m 0.943 ms - -[0m
2026-08-07 12:23:59 [INFO]: [0mGET /css/announcement.css [36m304[0m 1.245 ms - -[0m
2026-08-07 12:23:59 [INFO]: [0mGET /css/hero.css [36m304[0m 2.000 ms - -[0m
2026-08-07 12:23:59 [INFO]: [0mGET /css/featured.css [36m304[0m 0.754 ms - -[0m
2026-08-07 12:23:59 [INFO]: [0mGET /css/why-choose.css [36m304[0m 0.630 ms - -[0m
2026-08-07 12:23:59 [INFO]: [0mGET /css/footer.css [36m304[0m 0.989 ms - -[0m
2026-08-07 12:23:59 [INFO]: [0mGET /css/auth.css [36m304[0m 1.202 ms - -[0m
2026-08-07 12:23:59 [INFO]: [0mGET /css/verify.css [36m304[0m 1.378 ms - -[0m
2026-08-07 12:23:59 [INFO]: [0mGET /js/admin/layout.js [36m304[0m 0.564 ms - -[0m
2026-08-07 12:23:59 [INFO]: [0mGET /js/admin/users.js [36m304[0m 0.692 ms - -[0m
2026-08-07 12:23:59 [INFO]: [0mGET /js/admin/products.js [36m304[0m 0.979 ms - -[0m
2026-08-07 12:23:59 [INFO]: [0mGET /js/header.js [36m304[0m 1.294 ms - -[0m
2026-08-07 12:23:59 [INFO]: [0mGET /js/notification.js [36m304[0m 0.704 ms - -[0m
2026-08-07 12:23:59 [INFO]: [0mGET /css/header.css [36m304[0m 0.367 ms - -[0m
2026-08-07 12:24:01 [INFO]: [0mGET /admin/products [36m304[0m 186.914 ms - -[0m
2026-08-07 12:24:01 [INFO]: [0mGET /css/style.css [36m304[0m 1.547 ms - -[0m
2026-08-07 12:24:01 [INFO]: [0mGET /css/admin/layout.css [36m304[0m 1.796 ms - -[0m
2026-08-07 12:24:01 [INFO]: [0mGET /css/admin/users.css [36m304[0m 1.781 ms - -[0m
2026-08-07 12:24:01 [INFO]: [0mGET /css/admin/products.css [36m304[0m 2.018 ms - -[0m
2026-08-07 12:24:01 [INFO]: [0mGET /css/header.css [36m304[0m 0.540 ms - -[0m
2026-08-07 12:24:01 [INFO]: [0mGET /images/logo/plantora.png [36m304[0m 0.700 ms - -[0m
2026-08-07 12:24:01 [INFO]: [0mGET /js/admin/layout.js [36m304[0m 0.430 ms - -[0m
2026-08-07 12:24:01 [INFO]: [0mGET /js/admin/users.js [36m304[0m 0.621 ms - -[0m
2026-08-07 12:24:01 [INFO]: [0mGET /js/admin/products.js [36m304[0m 0.923 ms - -[0m
2026-08-07 12:24:01 [INFO]: [0mGET /js/header.js [36m304[0m 1.141 ms - -[0m
2026-08-07 12:24:01 [INFO]: [0mGET /js/notification.js [36m304[0m 1.391 ms - -[0m
2026-08-07 12:24:01 [INFO]: [0mGET /css/variables.css [36m304[0m 0.506 ms - -[0m
2026-08-07 12:24:01 [INFO]: [0mGET /css/utilities.css [36m304[0m 0.671 ms - -[0m
2026-08-07 12:24:01 [INFO]: [0mGET /css/animations.css [36m304[0m 0.800 ms - -[0m
2026-08-07 12:24:01 [INFO]: [0mGET /css/announcement.css [36m304[0m 0.984 ms - -[0m
2026-08-07 12:24:01 [INFO]: [0mGET /css/hero.css [36m304[0m 1.178 ms - -[0m
2026-08-07 12:24:01 [INFO]: [0mGET /css/featured.css [36m304[0m 1.370 ms - -[0m
2026-08-07 12:24:01 [INFO]: [0mGET /css/why-choose.css [36m304[0m 0.665 ms - -[0m
2026-08-07 12:24:01 [INFO]: [0mGET /css/footer.css [36m304[0m 0.839 ms - -[0m
2026-08-07 12:24:01 [INFO]: [0mGET /css/auth.css [36m304[0m 0.937 ms - -[0m
2026-08-07 12:24:01 [INFO]: [0mGET /css/verify.css [36m304[0m 1.168 ms - -[0m
2026-08-07 12:24:07 [INFO]: [0mGET /admin/products/create [36m304[0m 169.507 ms - -[0m
2026-08-07 12:24:07 [INFO]: [0mGET /css/style.css [36m304[0m 0.447 ms - -[0m
2026-08-07 12:24:07 [INFO]: [0mGET /css/admin/layout.css [36m304[0m 0.814 ms - -[0m
2026-08-07 12:24:07 [INFO]: [0mGET /css/admin/users.css [36m304[0m 1.372 ms - -[0m
2026-08-07 12:24:07 [INFO]: [0mGET /css/admin/products.css [36m304[0m 0.447 ms - -[0m
2026-08-07 12:24:07 [INFO]: [0mGET /css/header.css [36m304[0m 0.656 ms - -[0m
2026-08-07 12:24:07 [INFO]: [0mGET /images/logo/plantora.png [36m304[0m 0.895 ms - -[0m
2026-08-07 12:24:07 [INFO]: [0mGET /js/admin/layout.js [36m304[0m 1.001 ms - -[0m
2026-08-07 12:24:07 [INFO]: [0mGET /js/admin/users.js [36m304[0m 1.246 ms - -[0m
2026-08-07 12:24:07 [INFO]: [0mGET /js/admin/products.js [36m304[0m 1.509 ms - -[0m
2026-08-07 12:24:07 [INFO]: [0mGET /js/header.js [36m304[0m 1.740 ms - -[0m
2026-08-07 12:24:07 [INFO]: [0mGET /css/variables.css [36m304[0m 2.033 ms - -[0m
2026-08-07 12:24:07 [INFO]: [0mGET /js/notification.js [36m304[0m 2.517 ms - -[0m
2026-08-07 12:24:07 [INFO]: [0mGET /css/utilities.css [36m304[0m 0.503 ms - -[0m
2026-08-07 12:24:07 [INFO]: [0mGET /css/animations.css [36m304[0m 0.558 ms - -[0m
2026-08-07 12:24:07 [INFO]: [0mGET /css/announcement.css [36m304[0m 0.748 ms - -[0m
2026-08-07 12:24:07 [INFO]: [0mGET /css/hero.css [36m304[0m 0.945 ms - -[0m
2026-08-07 12:24:07 [INFO]: [0mGET /css/featured.css [36m304[0m 1.268 ms - -[0m
2026-08-07 12:24:07 [INFO]: [0mGET /css/why-choose.css [36m304[0m 0.500 ms - -[0m
2026-08-07 12:24:07 [INFO]: [0mGET /css/footer.css [36m304[0m 0.954 ms - -[0m
2026-08-07 12:24:07 [INFO]: [0mGET /css/auth.css [36m304[0m 1.381 ms - -[0m
2026-08-07 12:24:07 [INFO]: [0mGET /css/verify.css [36m304[0m 1.360 ms - -[0m
2026-08-07 12:24:35 [INFO]: [0mGET /admin/products/trash [32m200[0m 171.222 ms - -[0m
2026-08-07 12:24:35 [INFO]: [0mGET /css/style.css [36m304[0m 0.260 ms - -[0m
2026-08-07 12:24:35 [INFO]: [0mGET /css/admin/layout.css [36m304[0m 0.500 ms - -[0m
2026-08-07 12:24:35 [INFO]: [0mGET /css/admin/users.css [36m304[0m 0.747 ms - -[0m
2026-08-07 12:24:35 [INFO]: [0mGET /css/admin/products.css [36m304[0m 0.256 ms - -[0m
2026-08-07 12:24:35 [INFO]: [0mGET /css/header.css [36m304[0m 0.337 ms - -[0m
2026-08-07 12:24:35 [INFO]: [0mGET /images/logo/plantora.png [36m304[0m 0.531 ms - -[0m
2026-08-07 12:24:35 [INFO]: [0mGET /js/admin/layout.js [36m304[0m 0.281 ms - -[0m
2026-08-07 12:24:35 [INFO]: [0mGET /js/admin/users.js [36m304[0m 0.191 ms - -[0m
2026-08-07 12:24:35 [INFO]: [0mGET /js/admin/products.js [36m304[0m 0.207 ms - -[0m
2026-08-07 12:24:35 [INFO]: [0mGET /js/header.js [36m304[0m 0.358 ms - -[0m
2026-08-07 12:24:35 [INFO]: [0mGET /js/notification.js [36m304[0m 0.661 ms - -[0m
2026-08-07 12:24:35 [INFO]: [0mGET /css/variables.css [36m304[0m 0.210 ms - -[0m
2026-08-07 12:24:35 [INFO]: [0mGET /css/utilities.css [36m304[0m 0.375 ms - -[0m
2026-08-07 12:24:35 [INFO]: [0mGET /css/animations.css [36m304[0m 0.795 ms - -[0m
2026-08-07 12:24:35 [INFO]: [0mGET /css/announcement.css [36m304[0m 1.452 ms - -[0m
2026-08-07 12:24:35 [INFO]: [0mGET /css/hero.css [36m304[0m 1.095 ms - -[0m
2026-08-07 12:24:35 [INFO]: [0mGET /css/featured.css [36m304[0m 2.070 ms - -[0m
2026-08-07 12:24:35 [INFO]: [0mGET /css/why-choose.css [36m304[0m 1.288 ms - -[0m
2026-08-07 12:24:35 [INFO]: [0mGET /css/footer.css [36m304[0m 1.406 ms - -[0m
2026-08-07 12:24:35 [INFO]: [0mGET /css/auth.css [36m304[0m 0.217 ms - -[0m
2026-08-07 12:24:35 [INFO]: [0mGET /css/verify.css [36m304[0m 0.861 ms - -[0m
2026-08-07 12:24:39 [INFO]: [0mGET /admin/products [36m304[0m 164.955 ms - -[0m
2026-08-07 12:24:39 [INFO]: [0mGET /css/style.css [36m304[0m 0.527 ms - -[0m
2026-08-07 12:24:39 [INFO]: [0mGET /css/admin/layout.css [36m304[0m 0.854 ms - -[0m
2026-08-07 12:24:39 [INFO]: [0mGET /css/admin/products.css [36m304[0m 0.668 ms - -[0m
2026-08-07 12:24:39 [INFO]: [0mGET /css/admin/users.css [36m304[0m 1.011 ms - -[0m
2026-08-07 12:24:39 [INFO]: [0mGET /css/header.css [36m304[0m 1.129 ms - -[0m
2026-08-07 12:24:39 [INFO]: [0mGET /images/logo/plantora.png [36m304[0m 0.975 ms - -[0m
2026-08-07 12:24:39 [INFO]: [0mGET /js/admin/layout.js [36m304[0m 0.428 ms - -[0m
2026-08-07 12:24:39 [INFO]: [0mGET /js/admin/users.js [36m304[0m 0.543 ms - -[0m
2026-08-07 12:24:39 [INFO]: [0mGET /css/variables.css [36m304[0m 0.732 ms - -[0m
2026-08-07 12:24:39 [INFO]: [0mGET /js/admin/products.js [36m304[0m 0.912 ms - -[0m
2026-08-07 12:24:39 [INFO]: [0mGET /js/header.js [36m304[0m 1.108 ms - -[0m
2026-08-07 12:24:39 [INFO]: [0mGET /js/notification.js [36m304[0m 1.519 ms - -[0m
2026-08-07 12:24:39 [INFO]: [0mGET /css/utilities.css [36m304[0m 0.487 ms - -[0m
2026-08-07 12:24:39 [INFO]: [0mGET /css/animations.css [36m304[0m 0.688 ms - -[0m
2026-08-07 12:24:39 [INFO]: [0mGET /css/announcement.css [36m304[0m 0.819 ms - -[0m
2026-08-07 12:24:39 [INFO]: [0mGET /css/hero.css [36m304[0m 1.198 ms - -[0m
2026-08-07 12:24:39 [INFO]: [0mGET /css/featured.css [36m304[0m 0.405 ms - -[0m
2026-08-07 12:24:39 [INFO]: [0mGET /css/why-choose.css [36m304[0m 0.789 ms - -[0m
2026-08-07 12:24:39 [INFO]: [0mGET /css/footer.css [36m304[0m 0.495 ms - -[0m
2026-08-07 12:24:39 [INFO]: [0mGET /css/auth.css [36m304[0m 0.685 ms - -[0m
2026-08-07 12:24:39 [INFO]: [0mGET /css/verify.css [36m304[0m 0.354 ms - -[0m
2026-08-07 12:24:46 [INFO]: [0mGET /admin/products/trash [36m304[0m 173.296 ms - -[0m
2026-08-07 12:24:46 [INFO]: [0mGET /css/style.css [36m304[0m 0.531 ms - -[0m
2026-08-07 12:24:46 [INFO]: [0mGET /css/admin/layout.css [36m304[0m 1.004 ms - -[0m
2026-08-07 12:24:46 [INFO]: [0mGET /css/admin/users.css [36m304[0m 0.557 ms - -[0m
2026-08-07 12:24:46 [INFO]: [0mGET /css/admin/products.css [36m304[0m 0.785 ms - -[0m
2026-08-07 12:24:46 [INFO]: [0mGET /css/header.css [36m304[0m 0.899 ms - -[0m
2026-08-07 12:24:46 [INFO]: [0mGET /images/logo/plantora.png [36m304[0m 0.812 ms - -[0m
2026-08-07 12:24:46 [INFO]: [0mGET /js/admin/layout.js [36m304[0m 0.250 ms - -[0m
2026-08-07 12:24:46 [INFO]: [0mGET /js/admin/users.js [36m304[0m 0.334 ms - -[0m
2026-08-07 12:24:46 [INFO]: [0mGET /css/variables.css [36m304[0m 0.469 ms - -[0m
2026-08-07 12:24:46 [INFO]: [0mGET /js/admin/products.js [36m304[0m 0.646 ms - -[0m
2026-08-07 12:24:46 [INFO]: [0mGET /js/header.js [36m304[0m 0.770 ms - -[0m
2026-08-07 12:24:46 [INFO]: [0mGET /js/notification.js [36m304[0m 0.991 ms - -[0m
2026-08-07 12:24:46 [INFO]: [0mGET /css/utilities.css [36m304[0m 0.341 ms - -[0m
2026-08-07 12:24:46 [INFO]: [0mGET /css/animations.css [36m304[0m 0.573 ms - -[0m
2026-08-07 12:24:46 [INFO]: [0mGET /css/announcement.css [36m304[0m 0.669 ms - -[0m
2026-08-07 12:24:46 [INFO]: [0mGET /css/hero.css [36m304[0m 0.366 ms - -[0m
2026-08-07 12:24:46 [INFO]: [0mGET /css/featured.css [36m304[0m 0.480 ms - -[0m
2026-08-07 12:24:46 [INFO]: [0mGET /css/why-choose.css [36m304[0m 0.624 ms - -[0m
2026-08-07 12:24:46 [INFO]: [0mGET /css/footer.css [36m304[0m 0.876 ms - -[0m
2026-08-07 12:24:46 [INFO]: [0mGET /css/auth.css [36m304[0m 0.256 ms - -[0m
2026-08-07 12:24:46 [INFO]: [0mGET /css/verify.css [36m304[0m 0.384 ms - -[0m
2026-08-07 12:24:48 [INFO]: [0mGET /admin/products [36m304[0m 170.019 ms - -[0m
2026-08-07 12:24:48 [INFO]: [0mGET /css/style.css [36m304[0m 0.339 ms - -[0m
2026-08-07 12:24:48 [INFO]: [0mGET /css/admin/layout.css [36m304[0m 0.823 ms - -[0m
2026-08-07 12:24:48 [INFO]: [0mGET /css/admin/users.css [36m304[0m 0.960 ms - -[0m
2026-08-07 12:24:48 [INFO]: [0mGET /css/admin/products.css [36m304[0m 0.254 ms - -[0m
2026-08-07 12:24:48 [INFO]: [0mGET /css/header.css [36m304[0m 0.423 ms - -[0m
2026-08-07 12:24:48 [INFO]: [0mGET /images/logo/plantora.png [36m304[0m 0.758 ms - -[0m
2026-08-07 12:24:48 [INFO]: [0mGET /js/admin/layout.js [36m304[0m 0.502 ms - -[0m
2026-08-07 12:24:48 [INFO]: [0mGET /js/admin/users.js [36m304[0m 0.315 ms - -[0m
2026-08-07 12:24:48 [INFO]: [0mGET /js/admin/products.js [36m304[0m 0.446 ms - -[0m
2026-08-07 12:24:48 [INFO]: [0mGET /css/variables.css [36m304[0m 0.536 ms - -[0m
2026-08-07 12:24:48 [INFO]: [0mGET /js/header.js [36m304[0m 0.679 ms - -[0m
2026-08-07 12:24:48 [INFO]: [0mGET /js/notification.js [36m304[0m 0.988 ms - -[0m
2026-08-07 12:24:48 [INFO]: [0mGET /css/utilities.css [36m304[0m 0.493 ms - -[0m
2026-08-07 12:24:48 [INFO]: [0mGET /css/animations.css [36m304[0m 0.671 ms - -[0m
2026-08-07 12:24:48 [INFO]: [0mGET /css/announcement.css [36m304[0m 0.776 ms - -[0m
2026-08-07 12:24:48 [INFO]: [0mGET /css/hero.css [36m304[0m 0.726 ms - -[0m
2026-08-07 12:24:48 [INFO]: [0mGET /css/featured.css [36m304[0m 0.800 ms - -[0m
2026-08-07 12:24:48 [INFO]: [0mGET /css/why-choose.css [36m304[0m 0.987 ms - -[0m
2026-08-07 12:24:48 [INFO]: [0mGET /css/footer.css [36m304[0m 0.493 ms - -[0m
2026-08-07 12:24:48 [INFO]: [0mGET /css/auth.css [36m304[0m 0.375 ms - -[0m
2026-08-07 12:24:48 [INFO]: [0mGET /css/verify.css [36m304[0m 0.636 ms - -[0m
2026-08-07 12:28:44 [INFO]: SIGINT received. Shutting down server...
2026-08-07 14:39:04 [INFO]: MongoDB connected successfully.
2026-08-07 14:39:07 [INFO]: Email server connected successfully.
2026-08-07 14:39:07 [INFO]: Server is running on port 5132.
2026-08-07 14:39:12 [INFO]: [0mGET / [32m200[0m 12.837 ms - -[0m
2026-08-07 14:39:12 [INFO]: [0mGET /css/style.css [36m304[0m 1.438 ms - -[0m
2026-08-07 14:39:12 [INFO]: [0mGET /images/logo/plantora.png [36m304[0m 0.612 ms - -[0m
2026-08-07 14:39:12 [INFO]: [0mGET /images/hero/hero-placeholder.png [36m304[0m 1.129 ms - -[0m
2026-08-07 14:39:12 [INFO]: [0mGET /images/hero/monstera-plant.jpg [36m304[0m 0.796 ms - -[0m
2026-08-07 14:39:12 [INFO]: [0mGET /css/variables.css [36m304[0m 1.056 ms - -[0m
2026-08-07 14:39:12 [INFO]: [0mGET /css/utilities.css [36m304[0m 0.417 ms - -[0m
2026-08-07 14:39:12 [INFO]: [0mGET /css/animations.css [36m304[0m 0.376 ms - -[0m
2026-08-07 14:39:12 [INFO]: [0mGET /css/announcement.css [36m304[0m 0.328 ms - -[0m
2026-08-07 14:39:12 [INFO]: [0mGET /css/header.css [36m304[0m 0.378 ms - -[0m
2026-08-07 14:39:12 [INFO]: [0mGET /css/hero.css [36m304[0m 0.534 ms - -[0m
2026-08-07 14:39:12 [INFO]: [0mGET /css/featured.css [36m304[0m 0.750 ms - -[0m
2026-08-07 14:39:12 [INFO]: [0mGET /css/why-choose.css [36m304[0m 0.450 ms - -[0m
2026-08-07 14:39:12 [INFO]: [0mGET /css/footer.css [36m304[0m 0.819 ms - -[0m
2026-08-07 14:39:12 [INFO]: [0mGET /css/auth.css [36m304[0m 0.489 ms - -[0m
2026-08-07 14:39:12 [INFO]: [0mGET /css/verify.css [36m304[0m 0.724 ms - -[0m
2026-08-07 14:39:12 [INFO]: [0mGET /images/hero/snake-plant.jpg [36m304[0m 0.516 ms - -[0m
2026-08-07 14:39:12 [INFO]: [0mGET /images/hero/peace-lily.jpg [36m304[0m 0.794 ms - -[0m
2026-08-07 14:39:12 [INFO]: [0mGET /js/header.js [36m304[0m 0.355 ms - -[0m
2026-08-07 14:39:12 [INFO]: [0mGET /js/featured.js [36m304[0m 0.323 ms - -[0m
2026-08-07 14:39:12 [INFO]: [0mGET /js/why-choose.js [36m304[0m 0.266 ms - -[0m
2026-08-07 14:39:12 [INFO]: [0mGET /js/notification.js [36m304[0m 0.246 ms - -[0m
2026-08-07 14:39:12 [INFO]: [0mGET /js/footer.js [36m304[0m 0.418 ms - -[0m
2026-08-07 14:39:12 [INFO]: [0mGET /js/auth.js [36m304[0m 0.915 ms - -[0m
2026-08-07 14:39:12 [INFO]: [0mGET /images/hero/tulip-plant.jpg [36m304[0m 0.614 ms - -[0m
2026-08-07 14:39:12 [INFO]: [0mGET /images/hero/rubber-plant.jpg [36m304[0m 0.265 ms - -[0m
2026-08-07 14:39:12 [INFO]: [0mGET /images/hero/aloe-vera.jpg [36m304[0m 0.239 ms - -[0m
2026-08-07 14:39:13 [INFO]: [0mGET /images/hero/areca-palm.jpg [36m304[0m 0.412 ms - -[0m
2026-08-07 14:39:13 [INFO]: [0mGET /images/hero/jade-plant.jpg [36m304[0m 0.187 ms - -[0m
2026-08-07 14:39:13 [INFO]: [0mGET /images/hero/golden-pothos.jpg [36m304[0m 0.428 ms - -[0m
2026-08-07 14:39:13 [INFO]: [0mGET /images/hero/fiddle-leaf-fig.jpg [36m304[0m 0.140 ms - -[0m
2026-08-07 14:39:13 [INFO]: [0mGET /images/hero/why-choose.jpg [36m304[0m 0.216 ms - -[0m
2026-08-07 14:39:13 [INFO]: [0mGET /images/logo/plantora-orgn-white.png [36m304[0m 0.197 ms - -[0m
2026-08-07 14:39:18 [INFO]: Login successful : admin-plantora@yopmail.com
2026-08-07 14:39:18 [INFO]: [0mPOST /auth/login [32m200[0m 516.473 ms - 46[0m
2026-08-07 14:39:19 [INFO]: [0mGET / [32m200[0m 86.018 ms - -[0m
2026-08-07 14:39:19 [INFO]: [0mGET /css/style.css [36m304[0m 0.240 ms - -[0m
2026-08-07 14:39:19 [INFO]: [0mGET /images/logo/plantora.png [36m304[0m 0.205 ms - -[0m
2026-08-07 14:39:19 [INFO]: [0mGET /images/hero/hero-placeholder.png [36m304[0m 0.544 ms - -[0m
2026-08-07 14:39:19 [INFO]: [0mGET /images/hero/monstera-plant.jpg [36m304[0m 0.818 ms - -[0m
2026-08-07 14:39:19 [INFO]: [0mGET /js/header.js [36m304[0m 0.344 ms - -[0m
2026-08-07 14:39:19 [INFO]: [0mGET /js/featured.js [36m304[0m 0.660 ms - -[0m
2026-08-07 14:39:19 [INFO]: [0mGET /js/why-choose.js [36m304[0m 0.446 ms - -[0m
2026-08-07 14:39:19 [INFO]: [0mGET /css/variables.css [36m304[0m 0.866 ms - -[0m
2026-08-07 14:39:19 [INFO]: [0mGET /css/utilities.css [36m304[0m 0.699 ms - -[0m
2026-08-07 14:39:19 [INFO]: [0mGET /css/animations.css [36m304[0m 0.327 ms - -[0m
2026-08-07 14:39:19 [INFO]: [0mGET /css/header.css [36m304[0m 0.960 ms - -[0m
2026-08-07 14:39:19 [INFO]: [0mGET /css/announcement.css [36m304[0m 1.289 ms - -[0m
2026-08-07 14:39:19 [INFO]: [0mGET /css/hero.css [36m304[0m 1.464 ms - -[0m
2026-08-07 14:39:19 [INFO]: [0mGET /css/featured.css [36m304[0m 1.344 ms - -[0m
2026-08-07 14:39:19 [INFO]: [0mGET /css/why-choose.css [36m304[0m 0.505 ms - -[0m
2026-08-07 14:39:19 [INFO]: [0mGET /css/footer.css [36m304[0m 0.717 ms - -[0m
2026-08-07 14:39:19 [INFO]: [0mGET /css/auth.css [36m304[0m 0.991 ms - -[0m
2026-08-07 14:39:19 [INFO]: [0mGET /css/verify.css [36m304[0m 1.499 ms - -[0m
2026-08-07 14:39:19 [INFO]: [0mGET /js/notification.js [36m304[0m 0.319 ms - -[0m
2026-08-07 14:39:19 [INFO]: [0mGET /js/footer.js [36m304[0m 0.540 ms - -[0m
2026-08-07 14:39:19 [INFO]: [0mGET /js/auth.js [36m304[0m 0.716 ms - -[0m
2026-08-07 14:39:19 [INFO]: [0mGET /images/hero/snake-plant.jpg [36m304[0m 0.955 ms - -[0m
2026-08-07 14:39:19 [INFO]: [0mGET /images/hero/peace-lily.jpg [36m304[0m 0.454 ms - -[0m
2026-08-07 14:39:19 [INFO]: [0mGET /images/hero/tulip-plant.jpg [36m304[0m 0.605 ms - -[0m
2026-08-07 14:39:19 [INFO]: [0mGET /images/hero/rubber-plant.jpg [36m304[0m 0.658 ms - -[0m
2026-08-07 14:39:19 [INFO]: [0mGET /images/hero/aloe-vera.jpg [36m304[0m 0.259 ms - -[0m
2026-08-07 14:39:19 [INFO]: [0mGET /images/hero/areca-palm.jpg [36m304[0m 0.432 ms - -[0m
2026-08-07 14:39:19 [INFO]: [0mGET /images/hero/jade-plant.jpg [36m304[0m 0.719 ms - -[0m
2026-08-07 14:39:19 [INFO]: [0mGET /images/hero/golden-pothos.jpg [36m304[0m 0.569 ms - -[0m
2026-08-07 14:39:19 [INFO]: [0mGET /images/hero/fiddle-leaf-fig.jpg [36m304[0m 0.577 ms - -[0m
2026-08-07 14:39:19 [INFO]: [0mGET /images/hero/why-choose.jpg [36m304[0m 0.774 ms - -[0m
2026-08-07 14:39:19 [INFO]: [0mGET /images/logo/plantora-orgn-white.png [36m304[0m 0.519 ms - -[0m
2026-08-07 14:39:22 [INFO]: [0mGET /admin/dashboard [32m200[0m 120.994 ms - -[0m
2026-08-07 14:39:22 [INFO]: [0mGET /css/style.css [36m304[0m 0.374 ms - -[0m
2026-08-07 14:39:22 [INFO]: [0mGET /css/admin/layout.css [36m304[0m 0.878 ms - -[0m
2026-08-07 14:39:22 [INFO]: [0mGET /css/admin/users.css [36m304[0m 1.097 ms - -[0m
2026-08-07 14:39:22 [INFO]: [0mGET /css/admin/products.css [36m304[0m 1.008 ms - -[0m
2026-08-07 14:39:22 [INFO]: [0mGET /css/header.css [36m304[0m 1.257 ms - -[0m
2026-08-07 14:39:22 [INFO]: [0mGET /images/logo/plantora.png [36m304[0m 1.763 ms - -[0m
2026-08-07 14:39:22 [INFO]: [0mGET /js/admin/layout.js [36m304[0m 0.854 ms - -[0m
2026-08-07 14:39:22 [INFO]: [0mGET /js/admin/users.js [36m304[0m 0.994 ms - -[0m
2026-08-07 14:39:22 [INFO]: [0mGET /css/variables.css [36m304[0m 0.448 ms - -[0m
2026-08-07 14:39:22 [INFO]: [0mGET /js/admin/products.js [36m304[0m 0.767 ms - -[0m
2026-08-07 14:39:22 [INFO]: [0mGET /js/header.js [36m304[0m 0.975 ms - -[0m
2026-08-07 14:39:22 [INFO]: [0mGET /js/notification.js [36m304[0m 1.145 ms - -[0m
2026-08-07 14:39:22 [INFO]: [0mGET /css/utilities.css [36m304[0m 1.505 ms - -[0m
2026-08-07 14:39:22 [INFO]: [0mGET /css/animations.css [36m304[0m 0.837 ms - -[0m
2026-08-07 14:39:22 [INFO]: [0mGET /css/announcement.css [36m304[0m 0.658 ms - -[0m
2026-08-07 14:39:22 [INFO]: [0mGET /css/hero.css [36m304[0m 0.810 ms - -[0m
2026-08-07 14:39:22 [INFO]: [0mGET /css/featured.css [36m304[0m 0.886 ms - -[0m
2026-08-07 14:39:22 [INFO]: [0mGET /css/why-choose.css [36m304[0m 0.605 ms - -[0m
2026-08-07 14:39:22 [INFO]: [0mGET /css/footer.css [36m304[0m 0.465 ms - -[0m
2026-08-07 14:39:22 [INFO]: [0mGET /css/auth.css [36m304[0m 0.219 ms - -[0m
2026-08-07 14:39:22 [INFO]: [0mGET /css/verify.css [36m304[0m 0.339 ms - -[0m
2026-08-07 14:39:27 [INFO]: [0mGET /admin/categories [33m404[0m 83.586 ms - 80[0m
2026-08-07 14:39:32 [INFO]: [0mGET /admin/brands [33m404[0m 86.635 ms - 76[0m
2026-08-07 14:39:37 [INFO]: [0mGET /admin/products [32m200[0m 163.840 ms - -[0m
2026-08-07 14:39:37 [INFO]: [0mGET /css/style.css [36m304[0m 0.450 ms - -[0m
2026-08-07 14:39:37 [INFO]: [0mGET /css/admin/layout.css [36m304[0m 0.918 ms - -[0m
2026-08-07 14:39:37 [INFO]: [0mGET /css/admin/users.css [36m304[0m 0.359 ms - -[0m
2026-08-07 14:39:37 [INFO]: [0mGET /css/admin/products.css [36m304[0m 0.559 ms - -[0m
2026-08-07 14:39:37 [INFO]: [0mGET /css/header.css [36m304[0m 0.228 ms - -[0m
2026-08-07 14:39:37 [INFO]: [0mGET /images/logo/plantora.png [36m304[0m 0.303 ms - -[0m
2026-08-07 14:39:37 [INFO]: [0mGET /js/admin/layout.js [36m304[0m 0.183 ms - -[0m
2026-08-07 14:39:37 [INFO]: [0mGET /js/admin/users.js [36m304[0m 0.300 ms - -[0m
2026-08-07 14:39:37 [INFO]: [0mGET /js/admin/products.js [36m304[0m 0.399 ms - -[0m
2026-08-07 14:39:37 [INFO]: [0mGET /js/header.js [36m304[0m 0.496 ms - -[0m
2026-08-07 14:39:37 [INFO]: [0mGET /css/variables.css [36m304[0m 0.273 ms - -[0m
2026-08-07 14:39:37 [INFO]: [0mGET /js/notification.js [36m304[0m 0.388 ms - -[0m
2026-08-07 14:39:37 [INFO]: [0mGET /css/utilities.css [36m304[0m 0.594 ms - -[0m
2026-08-07 14:39:37 [INFO]: [0mGET /css/animations.css [36m304[0m 0.194 ms - -[0m
2026-08-07 14:39:37 [INFO]: [0mGET /css/announcement.css [36m304[0m 0.304 ms - -[0m
2026-08-07 14:39:37 [INFO]: [0mGET /css/hero.css [36m304[0m 0.361 ms - -[0m
2026-08-07 14:39:37 [INFO]: [0mGET /css/featured.css [36m304[0m 0.447 ms - -[0m
2026-08-07 14:39:37 [INFO]: [0mGET /css/why-choose.css [36m304[0m 0.693 ms - -[0m
2026-08-07 14:39:37 [INFO]: [0mGET /css/footer.css [36m304[0m 0.365 ms - -[0m
2026-08-07 14:39:37 [INFO]: [0mGET /css/auth.css [36m304[0m 0.589 ms - -[0m
2026-08-07 14:39:37 [INFO]: [0mGET /css/verify.css [36m304[0m 0.427 ms - -[0m
2026-08-07 14:39:39 [INFO]: [0mGET /admin/products/trash [32m200[0m 160.483 ms - -[0m
2026-08-07 14:39:39 [INFO]: [0mGET /css/style.css [36m304[0m 0.751 ms - -[0m
2026-08-07 14:39:39 [INFO]: [0mGET /css/admin/layout.css [36m304[0m 1.000 ms - -[0m
2026-08-07 14:39:39 [INFO]: [0mGET /css/admin/users.css [36m304[0m 1.255 ms - -[0m
2026-08-07 14:39:39 [INFO]: [0mGET /css/admin/products.css [36m304[0m 1.659 ms - -[0m
2026-08-07 14:39:39 [INFO]: [0mGET /css/header.css [36m304[0m 0.467 ms - -[0m
2026-08-07 14:39:39 [INFO]: [0mGET /images/logo/plantora.png [36m304[0m 0.610 ms - -[0m
2026-08-07 14:39:39 [INFO]: [0mGET /js/admin/layout.js [36m304[0m 0.366 ms - -[0m
2026-08-07 14:39:39 [INFO]: [0mGET /js/admin/users.js [36m304[0m 0.700 ms - -[0m
2026-08-07 14:39:39 [INFO]: [0mGET /js/admin/products.js [36m304[0m 0.355 ms - -[0m
2026-08-07 14:39:39 [INFO]: [0mGET /js/header.js [36m304[0m 0.453 ms - -[0m
2026-08-07 14:39:39 [INFO]: [0mGET /js/notification.js [36m304[0m 0.553 ms - -[0m
2026-08-07 14:39:39 [INFO]: [0mGET /css/variables.css [36m304[0m 0.874 ms - -[0m
2026-08-07 14:39:39 [INFO]: [0mGET /css/utilities.css [36m304[0m 0.385 ms - -[0m
2026-08-07 14:39:39 [INFO]: [0mGET /css/animations.css [36m304[0m 0.516 ms - -[0m
2026-08-07 14:39:39 [INFO]: [0mGET /css/announcement.css [36m304[0m 0.699 ms - -[0m
2026-08-07 14:39:39 [INFO]: [0mGET /css/hero.css [36m304[0m 1.025 ms - -[0m
2026-08-07 14:39:39 [INFO]: [0mGET /css/featured.css [36m304[0m 1.162 ms - -[0m
2026-08-07 14:39:39 [INFO]: [0mGET /css/why-choose.css [36m304[0m 0.322 ms - -[0m
2026-08-07 14:39:39 [INFO]: [0mGET /css/footer.css [36m304[0m 0.500 ms - -[0m
2026-08-07 14:39:39 [INFO]: [0mGET /css/auth.css [36m304[0m 0.644 ms - -[0m
2026-08-07 14:39:39 [INFO]: [0mGET /css/verify.css [36m304[0m 0.838 ms - -[0m
2026-08-07 14:39:42 [INFO]: [0mGET /admin/categories [33m404[0m 78.868 ms - 80[0m
2026-08-07 14:40:30 [INFO]: [0mGET /admin/brands [33m404[0m 81.547 ms - 76[0m
2026-08-07 14:44:21 [INFO]: MongoDB connected successfully.
2026-08-07 14:44:25 [INFO]: Email server connected successfully.
2026-08-07 14:44:25 [INFO]: Server is running on port 5132.
2026-08-07 14:44:28 [INFO]: MongoDB connected successfully.
2026-08-07 14:44:31 [INFO]: Email server connected successfully.
2026-08-07 14:44:31 [INFO]: Server is running on port 5132.
2026-08-07 14:44:35 [INFO]: [0mGET /admin/products/trash [36m304[0m 171.429 ms - -[0m
2026-08-07 14:44:35 [INFO]: [0mGET /css/style.css [36m304[0m 1.314 ms - -[0m
2026-08-07 14:44:35 [INFO]: [0mGET /css/admin/layout.css [36m304[0m 1.575 ms - -[0m
2026-08-07 14:44:35 [INFO]: [0mGET /css/admin/users.css [36m304[0m 1.782 ms - -[0m
2026-08-07 14:44:35 [INFO]: [0mGET /css/admin/products.css [36m304[0m 0.761 ms - -[0m
2026-08-07 14:44:35 [INFO]: [0mGET /css/header.css [36m304[0m 0.732 ms - -[0m
2026-08-07 14:44:35 [INFO]: [0mGET /images/logo/plantora.png [36m304[0m 0.955 ms - -[0m
2026-08-07 14:44:35 [INFO]: [0mGET /js/admin/layout.js [36m304[0m 1.135 ms - -[0m
2026-08-07 14:44:35 [INFO]: [0mGET /js/admin/users.js [36m304[0m 1.324 ms - -[0m
2026-08-07 14:44:35 [INFO]: [0mGET /js/admin/products.js [36m304[0m 0.901 ms - -[0m
2026-08-07 14:44:35 [INFO]: [0mGET /css/variables.css [36m304[0m 0.830 ms - -[0m
2026-08-07 14:44:35 [INFO]: [0mGET /css/utilities.css [36m304[0m 1.023 ms - -[0m
2026-08-07 14:44:35 [INFO]: [0mGET /css/animations.css [36m304[0m 1.172 ms - -[0m
2026-08-07 14:44:35 [INFO]: [0mGET /css/announcement.css [36m304[0m 1.372 ms - -[0m
2026-08-07 14:44:35 [INFO]: [0mGET /css/hero.css [36m304[0m 0.141 ms - -[0m
2026-08-07 14:44:35 [INFO]: [0mGET /css/featured.css [36m304[0m 0.737 ms - -[0m
2026-08-07 14:44:35 [INFO]: [0mGET /css/why-choose.css [36m304[0m 0.805 ms - -[0m
2026-08-07 14:44:35 [INFO]: [0mGET /css/footer.css [36m304[0m 1.160 ms - -[0m
2026-08-07 14:44:35 [INFO]: [0mGET /css/auth.css [36m304[0m 1.353 ms - -[0m
2026-08-07 14:44:35 [INFO]: [0mGET /css/verify.css [36m304[0m 0.314 ms - -[0m
2026-08-07 14:44:35 [INFO]: [0mGET /js/header.js [36m304[0m 0.580 ms - -[0m
2026-08-07 14:44:35 [INFO]: [0mGET /js/notification.js [36m304[0m 0.125 ms - -[0m
2026-08-07 14:44:36 [INFO]: [0mGET /admin/categories [32m200[0m 209.048 ms - -[0m
2026-08-07 14:44:36 [INFO]: [0mGET /css/style.css [36m304[0m 0.332 ms - -[0m
2026-08-07 14:44:36 [INFO]: [0mGET /css/admin/layout.css [36m304[0m 0.574 ms - -[0m
2026-08-07 14:44:36 [INFO]: [0mGET /css/admin/users.css [36m304[0m 0.781 ms - -[0m
2026-08-07 14:44:36 [INFO]: [0mGET /css/admin/products.css [36m304[0m 0.739 ms - -[0m
2026-08-07 14:44:36 [INFO]: [0mGET /css/header.css [36m304[0m 0.870 ms - -[0m
2026-08-07 14:44:36 [INFO]: [0mGET /images/logo/plantora.png [36m304[0m 1.103 ms - -[0m
2026-08-07 14:44:36 [INFO]: [0mGET /js/admin/layout.js [36m304[0m 0.346 ms - -[0m
2026-08-07 14:44:36 [INFO]: [0mGET /js/admin/users.js [36m304[0m 1.034 ms - -[0m
2026-08-07 14:44:36 [INFO]: [0mGET /js/admin/products.js [36m304[0m 1.305 ms - -[0m
2026-08-07 14:44:36 [INFO]: [0mGET /js/header.js [36m304[0m 0.340 ms - -[0m
2026-08-07 14:44:36 [INFO]: [0mGET /js/notification.js [36m304[0m 0.912 ms - -[0m
2026-08-07 14:44:36 [INFO]: [0mGET /css/variables.css [36m304[0m 0.722 ms - -[0m
2026-08-07 14:44:36 [INFO]: [0mGET /css/utilities.css [36m304[0m 1.188 ms - -[0m
2026-08-07 14:44:36 [INFO]: [0mGET /css/animations.css [36m304[0m 0.608 ms - -[0m
2026-08-07 14:44:36 [INFO]: [0mGET /css/announcement.css [36m304[0m 0.746 ms - -[0m
2026-08-07 14:44:36 [INFO]: [0mGET /css/hero.css [36m304[0m 0.767 ms - -[0m
2026-08-07 14:44:36 [INFO]: [0mGET /css/featured.css [36m304[0m 0.897 ms - -[0m
2026-08-07 14:44:36 [INFO]: [0mGET /css/why-choose.css [36m304[0m 1.711 ms - -[0m
2026-08-07 14:44:36 [INFO]: [0mGET /css/footer.css [36m304[0m 1.105 ms - -[0m
2026-08-07 14:44:36 [INFO]: [0mGET /css/auth.css [36m304[0m 1.346 ms - -[0m
2026-08-07 14:44:36 [INFO]: [0mGET /css/verify.css [36m304[0m 1.755 ms - -[0m
2026-08-07 14:44:38 [INFO]: [0mGET /admin/brands [33m404[0m 85.077 ms - 76[0m
2026-08-07 14:44:42 [INFO]: [0mGET /admin/brands [33m404[0m 80.110 ms - 76[0m
2026-08-07 14:45:29 [INFO]: [0mGET /admin/categories/create [32m200[0m 118.624 ms - -[0m
2026-08-07 14:45:29 [INFO]: [0mGET /css/style.css [36m304[0m 0.684 ms - -[0m
2026-08-07 14:45:29 [INFO]: [0mGET /css/admin/layout.css [36m304[0m 0.909 ms - -[0m
2026-08-07 14:45:29 [INFO]: [0mGET /css/admin/products.css [36m304[0m 0.400 ms - -[0m
2026-08-07 14:45:29 [INFO]: [0mGET /css/header.css [36m304[0m 0.472 ms - -[0m
2026-08-07 14:45:29 [INFO]: [0mGET /css/admin/users.css [36m304[0m 0.628 ms - -[0m
2026-08-07 14:45:29 [INFO]: [0mGET /images/logo/plantora.png [36m304[0m 0.343 ms - -[0m
2026-08-07 14:45:29 [INFO]: [0mGET /js/admin/layout.js [36m304[0m 0.332 ms - -[0m
2026-08-07 14:45:29 [INFO]: [0mGET /js/admin/users.js [36m304[0m 1.027 ms - -[0m
2026-08-07 14:45:29 [INFO]: [0mGET /js/admin/products.js [36m304[0m 0.998 ms - -[0m
2026-08-07 14:45:29 [INFO]: [0mGET /js/header.js [36m304[0m 1.149 ms - -[0m
2026-08-07 14:45:29 [INFO]: [0mGET /js/notification.js [36m304[0m 0.266 ms - -[0m
2026-08-07 14:45:29 [INFO]: [0mGET /css/variables.css [36m304[0m 0.560 ms - -[0m
2026-08-07 14:45:29 [INFO]: [0mGET /css/utilities.css [36m304[0m 0.391 ms - -[0m
2026-08-07 14:45:29 [INFO]: [0mGET /css/animations.css [36m304[0m 0.622 ms - -[0m
2026-08-07 14:45:29 [INFO]: [0mGET /css/announcement.css [36m304[0m 0.854 ms - -[0m
2026-08-07 14:45:29 [INFO]: [0mGET /css/hero.css [36m304[0m 1.288 ms - -[0m
2026-08-07 14:45:29 [INFO]: [0mGET /css/featured.css [36m304[0m 1.514 ms - -[0m
2026-08-07 14:45:29 [INFO]: [0mGET /css/why-choose.css [36m304[0m 0.540 ms - -[0m
2026-08-07 14:45:29 [INFO]: [0mGET /css/footer.css [36m304[0m 0.825 ms - -[0m
2026-08-07 14:45:29 [INFO]: [0mGET /css/verify.css [36m304[0m 0.104 ms - -[0m
2026-08-07 14:45:29 [INFO]: [0mGET /css/auth.css [36m304[0m 0.619 ms - -[0m
2026-08-07 14:45:42 [INFO]: [0mGET /admin/categories [36m304[0m 200.037 ms - -[0m
2026-08-07 14:45:42 [INFO]: [0mGET /css/style.css [36m304[0m 0.468 ms - -[0m
2026-08-07 14:45:42 [INFO]: [0mGET /css/admin/layout.css [36m304[0m 0.584 ms - -[0m
2026-08-07 14:45:42 [INFO]: [0mGET /css/admin/users.css [36m304[0m 0.381 ms - -[0m
2026-08-07 14:45:42 [INFO]: [0mGET /css/admin/products.css [36m304[0m 0.200 ms - -[0m
2026-08-07 14:45:42 [INFO]: [0mGET /css/header.css [36m304[0m 0.631 ms - -[0m
2026-08-07 14:45:42 [INFO]: [0mGET /images/logo/plantora.png [36m304[0m 0.944 ms - -[0m
2026-08-07 14:45:42 [INFO]: [0mGET /js/admin/layout.js [36m304[0m 0.668 ms - -[0m
2026-08-07 14:45:42 [INFO]: [0mGET /js/admin/users.js [36m304[0m 0.735 ms - -[0m
2026-08-07 14:45:42 [INFO]: [0mGET /js/admin/products.js [36m304[0m 0.892 ms - -[0m
2026-08-07 14:45:42 [INFO]: [0mGET /js/header.js [36m304[0m 1.459 ms - -[0m
2026-08-07 14:45:42 [INFO]: [0mGET /js/notification.js [36m304[0m 0.518 ms - -[0m
2026-08-07 14:45:42 [INFO]: [0mGET /css/variables.css [36m304[0m 0.842 ms - -[0m
2026-08-07 14:45:42 [INFO]: [0mGET /css/utilities.css [36m304[0m 1.022 ms - -[0m
2026-08-07 14:45:42 [INFO]: [0mGET /css/animations.css [36m304[0m 1.162 ms - -[0m
2026-08-07 14:45:42 [INFO]: [0mGET /css/announcement.css [36m304[0m 1.517 ms - -[0m
2026-08-07 14:45:42 [INFO]: [0mGET /css/hero.css [36m304[0m 2.266 ms - -[0m
2026-08-07 14:45:42 [INFO]: [0mGET /css/featured.css [36m304[0m 3.015 ms - -[0m
2026-08-07 14:45:42 [INFO]: [0mGET /css/why-choose.css [36m304[0m 1.087 ms - -[0m
2026-08-07 14:45:42 [INFO]: [0mGET /css/footer.css [36m304[0m 1.480 ms - -[0m
2026-08-07 14:45:42 [INFO]: [0mGET /css/auth.css [36m304[0m 1.794 ms - -[0m
2026-08-07 14:45:42 [INFO]: [0mGET /css/verify.css [36m304[0m 2.144 ms - -[0m
2026-08-07 14:45:43 [INFO]: [0mGET /admin/brands [33m404[0m 76.794 ms - 76[0m
2026-08-07 14:45:45 [INFO]: [0mGET /admin/brands [33m404[0m 77.783 ms - 76[0m
2026-08-07 14:45:56 [INFO]: SIGINT received. Shutting down server...
