2026-08-02 00:03:01 [INFO]: [0mGET /auth/reset-password/2694c439744885c94158d91c88ca3d8da02b97a11c14ef157c99e3ccba87754f [32m200[0m 4.364 ms - -[0m
2026-08-02 00:03:01 [INFO]: [0mGET /css/style.css [36m304[0m 0.169 ms - -[0m
2026-08-02 00:03:01 [INFO]: [0mGET /images/logo/plantora.png [36m304[0m 0.261 ms - -[0m
2026-08-02 00:03:01 [INFO]: [0mGET /js/resetPassword.js [36m304[0m 0.386 ms - -[0m
2026-08-02 00:03:01 [INFO]: [0mGET /images/logo/plantora-orgn-white.png [36m304[0m 0.375 ms - -[0m
2026-08-02 00:03:01 [INFO]: [0mGET /css/variables.css [36m304[0m 0.739 ms - -[0m
2026-08-02 00:03:01 [INFO]: [0mGET /css/utilities.css [36m304[0m 0.794 ms - -[0m
2026-08-02 00:03:01 [INFO]: [0mGET /css/animations.css [36m304[0m 1.472 ms - -[0m
2026-08-02 00:03:01 [INFO]: [0mGET /css/announcement.css [36m304[0m 0.951 ms - -[0m
2026-08-02 00:03:01 [INFO]: [0mGET /css/header.css [36m304[0m 0.471 ms - -[0m
2026-08-02 00:03:01 [INFO]: [0mGET /css/hero.css [36m304[0m 1.142 ms - -[0m
2026-08-02 00:03:01 [INFO]: [0mGET /css/featured.css [36m304[0m 0.635 ms - -[0m
2026-08-02 00:03:01 [INFO]: [0mGET /css/why-choose.css [36m304[0m 1.267 ms - -[0m
2026-08-02 00:03:01 [INFO]: [0mGET /css/footer.css [36m304[0m 1.032 ms - -[0m
2026-08-02 00:03:01 [INFO]: [0mGET /css/auth.css [36m304[0m 1.236 ms - -[0m
2026-08-02 00:03:01 [INFO]: [0mGET /css/verify.css [36m304[0m 0.539 ms - -[0m
2026-08-02 00:03:01 [INFO]: [0mGET /js/header.js [36m304[0m 0.525 ms - -[0m
2026-08-02 00:03:01 [INFO]: [0mGET /js/featured.js [36m304[0m 0.671 ms - -[0m
2026-08-02 00:03:01 [INFO]: [0mGET /js/why-choose.js [36m304[0m 1.050 ms - -[0m
2026-08-02 00:03:01 [INFO]: [0mGET /js/notification.js [36m304[0m 0.807 ms - -[0m
2026-08-02 00:03:01 [INFO]: [0mGET /js/footer.js [36m304[0m 0.615 ms - -[0m
2026-08-02 00:03:01 [INFO]: [0mGET /js/auth.js [36m304[0m 0.264 ms - -[0m
2026-08-02 00:03:44 [INFO]: MongoDB connected successfully.
2026-08-02 00:03:47 [INFO]: Email server connected successfully.
2026-08-02 00:03:47 [INFO]: Server is running on port 5132.
2026-08-02 00:03:50 [INFO]: [0mGET /auth/reset-password/2694c439744885c94158d91c88ca3d8da02b97a11c14ef157c99e3ccba87754f [36m304[0m 8.960 ms - -[0m
2026-08-02 00:03:50 [INFO]: [0mGET /css/style.css [36m304[0m 0.584 ms - -[0m
2026-08-02 00:03:50 [INFO]: [0mGET /images/logo/plantora.png [36m304[0m 0.411 ms - -[0m
2026-08-02 00:03:50 [INFO]: [0mGET /images/logo/plantora-orgn-white.png [36m304[0m 0.290 ms - -[0m
2026-08-02 00:03:50 [INFO]: [0mGET /js/resetPassword.js [32m200[0m 2.491 ms - -[0m
2026-08-02 00:03:50 [INFO]: [0mGET /css/variables.css [36m304[0m 0.946 ms - -[0m
2026-08-02 00:03:50 [INFO]: [0mGET /css/utilities.css [36m304[0m 0.875 ms - -[0m
2026-08-02 00:03:50 [INFO]: [0mGET /css/hero.css [36m304[0m 0.914 ms - -[0m
2026-08-02 00:03:50 [INFO]: [0mGET /css/animations.css [36m304[0m 1.048 ms - -[0m
2026-08-02 00:03:50 [INFO]: [0mGET /css/announcement.css [36m304[0m 1.316 ms - -[0m
2026-08-02 00:03:50 [INFO]: [0mGET /css/header.css [36m304[0m 1.522 ms - -[0m
2026-08-02 00:03:50 [INFO]: [0mGET /css/why-choose.css [36m304[0m 1.789 ms - -[0m
2026-08-02 00:03:50 [INFO]: [0mGET /css/featured.css [36m304[0m 1.942 ms - -[0m
2026-08-02 00:03:50 [INFO]: [0mGET /css/footer.css [36m304[0m 0.920 ms - -[0m
2026-08-02 00:03:50 [INFO]: [0mGET /css/auth.css [36m304[0m 1.542 ms - -[0m
2026-08-02 00:03:50 [INFO]: [0mGET /css/verify.css [36m304[0m 1.956 ms - -[0m
2026-08-02 00:03:50 [INFO]: [0mGET /js/header.js [36m304[0m 2.126 ms - -[0m
2026-08-02 00:03:50 [INFO]: [0mGET /js/featured.js [36m304[0m 1.305 ms - -[0m
2026-08-02 00:03:50 [INFO]: [0mGET /js/why-choose.js [36m304[0m 1.169 ms - -[0m
2026-08-02 00:03:50 [INFO]: [0mGET /js/notification.js [36m304[0m 1.309 ms - -[0m
2026-08-02 00:03:50 [INFO]: [0mGET /js/footer.js [36m304[0m 1.406 ms - -[0m
2026-08-02 00:03:50 [INFO]: [0mGET /js/auth.js [36m304[0m 1.749 ms - -[0m
2026-08-02 00:03:55 [INFO]: [0mGET /css/style.css [36m304[0m 0.386 ms - -[0m
2026-08-02 00:03:55 [INFO]: [0mGET /css/variables.css [36m304[0m 0.140 ms - -[0m
2026-08-02 00:03:55 [INFO]: [0mGET /css/utilities.css [36m304[0m 0.853 ms - -[0m
2026-08-02 00:03:55 [INFO]: [0mGET /css/animations.css [36m304[0m 1.394 ms - -[0m
2026-08-02 00:03:55 [INFO]: [0mGET /css/announcement.css [36m304[0m 1.594 ms - -[0m
2026-08-02 00:03:55 [INFO]: [0mGET /css/header.css [36m304[0m 0.881 ms - -[0m
2026-08-02 00:03:55 [INFO]: [0mGET /css/hero.css [36m304[0m 1.052 ms - -[0m
2026-08-02 00:03:55 [INFO]: [0mGET /css/featured.css [36m304[0m 1.205 ms - -[0m
2026-08-02 00:03:55 [INFO]: [0mGET /css/why-choose.css [36m304[0m 0.426 ms - -[0m
2026-08-02 00:03:55 [INFO]: [0mGET /css/footer.css [36m304[0m 0.547 ms - -[0m
2026-08-02 00:03:55 [INFO]: [0mGET /css/auth.css [36m304[0m 0.899 ms - -[0m
2026-08-02 00:03:56 [INFO]: [0mGET /css/verify.css [36m304[0m 0.306 ms - -[0m
2026-08-02 00:03:56 [INFO]: [0mGET /.well-known/appspecific/com.chrome.devtools.json [33m404[0m 1.328 ms - 112[0m
2026-08-02 00:17:15 [INFO]: [0mGET /auth/reset-password/2694c439744885c94158d91c88ca3d8da02b97a11c14ef157c99e3ccba87754f [36m304[0m 6.124 ms - -[0m
2026-08-02 00:17:15 [INFO]: [0mGET /css/style.css [36m304[0m 0.300 ms - -[0m
2026-08-02 00:17:15 [INFO]: [0mGET /images/logo/plantora.png [36m304[0m 0.340 ms - -[0m
2026-08-02 00:17:15 [INFO]: [0mGET /js/resetPassword.js [36m304[0m 0.691 ms - -[0m
2026-08-02 00:17:15 [INFO]: [0mGET /images/logo/plantora-orgn-white.png [36m304[0m 0.858 ms - -[0m
2026-08-02 00:17:15 [INFO]: [0mGET /js/header.js [36m304[0m 0.920 ms - -[0m
2026-08-02 00:17:15 [INFO]: [0mGET /js/featured.js [36m304[0m 0.326 ms - -[0m
2026-08-02 00:17:15 [INFO]: [0mGET /js/why-choose.js [36m304[0m 0.763 ms - -[0m
2026-08-02 00:17:15 [INFO]: [0mGET /js/notification.js [36m304[0m 0.743 ms - -[0m
2026-08-02 00:17:15 [INFO]: [0mGET /js/auth.js [36m304[0m 0.818 ms - -[0m
2026-08-02 00:17:15 [INFO]: [0mGET /js/footer.js [36m304[0m 0.832 ms - -[0m
2026-08-02 00:17:15 [INFO]: [0mGET /css/variables.css [36m304[0m 1.422 ms - -[0m
2026-08-02 00:17:15 [INFO]: [0mGET /css/utilities.css [36m304[0m 1.296 ms - -[0m
2026-08-02 00:17:15 [INFO]: [0mGET /css/animations.css [36m304[0m 1.300 ms - -[0m
2026-08-02 00:17:15 [INFO]: [0mGET /css/header.css [36m304[0m 0.724 ms - -[0m
2026-08-02 00:17:15 [INFO]: [0mGET /css/hero.css [36m304[0m 0.897 ms - -[0m
2026-08-02 00:17:15 [INFO]: [0mGET /css/announcement.css [36m304[0m 1.018 ms - -[0m
2026-08-02 00:17:15 [INFO]: [0mGET /css/featured.css [36m304[0m 1.455 ms - -[0m
2026-08-02 00:17:15 [INFO]: [0mGET /css/why-choose.css [36m304[0m 0.744 ms - -[0m
2026-08-02 00:17:15 [INFO]: [0mGET /css/footer.css [36m304[0m 1.353 ms - -[0m
2026-08-02 00:17:15 [INFO]: [0mGET /css/auth.css [36m304[0m 0.787 ms - -[0m
2026-08-02 00:17:15 [INFO]: [0mGET /css/verify.css [36m304[0m 1.113 ms - -[0m
2026-08-02 00:17:15 [INFO]: [0mGET /.well-known/appspecific/com.chrome.devtools.json [33m404[0m 1.185 ms - 112[0m
2026-08-02 00:20:15 [ERROR]: Error: E:\Webskitters_Academy\NODE JS\final_project_node\plantora_final_project_node_ejs\views\auth\reset-password.ejs:265
    263| <!-- <script src="/js/verify.js"></script> -->
    264| 
 >> 265| <%- include("../toast.ejs") %>
    266| 

Could not find the include file "../toast.ejs"
    at getIncludePath (E:\Webskitters_Academy\NODE JS\final_project_node\plantora_final_project_node_ejs\node_modules\ejs\lib\cjs\ejs.js:170:19)
    at includeFile (E:\Webskitters_Academy\NODE JS\final_project_node\plantora_final_project_node_ejs\node_modules\ejs\lib\cjs\ejs.js:284:21)
    at include (E:\Webskitters_Academy\NODE JS\final_project_node\plantora_final_project_node_ejs\node_modules\ejs\lib\cjs\ejs.js:634:24)
    at eval (eval at compile (E:\Webskitters_Academy\NODE JS\final_project_node\plantora_final_project_node_ejs\node_modules\ejs\lib\cjs\ejs.js:607:18), <anonymous>:13:17)
    at reset-password (E:\Webskitters_Academy\NODE JS\final_project_node\plantora_final_project_node_ejs\node_modules\ejs\lib\cjs\ejs.js:643:23)
    at tryHandleCache (E:\Webskitters_Academy\NODE JS\final_project_node\plantora_final_project_node_ejs\node_modules\ejs\lib\cjs\ejs.js:253:42)
    at ejs.renderFile [as engine] (E:\Webskitters_Academy\NODE JS\final_project_node\plantora_final_project_node_ejs\node_modules\ejs\lib\cjs\ejs.js:444:12)
    at View.render (E:\Webskitters_Academy\NODE JS\final_project_node\plantora_final_project_node_ejs\node_modules\express\lib\view.js:139:8)
    at tryRender (E:\Webskitters_Academy\NODE JS\final_project_node\plantora_final_project_node_ejs\node_modules\express\lib\application.js:627:10)
    at app.render (E:\Webskitters_Academy\NODE JS\final_project_node\plantora_final_project_node_ejs\node_modules\express\lib\application.js:574:3)
2026-08-02 00:20:15 [INFO]: [0mGET /auth/reset-password/2694c439744885c94158d91c88ca3d8da02b97a11c14ef157c99e3ccba87754f [31m500[0m 7.283 ms - 388[0m
2026-08-02 00:20:15 [INFO]: [0mGET /.well-known/appspecific/com.chrome.devtools.json [33m404[0m 1.355 ms - 112[0m
2026-08-02 00:20:16 [ERROR]: Error: E:\Webskitters_Academy\NODE JS\final_project_node\plantora_final_project_node_ejs\views\auth\reset-password.ejs:265
    263| <!-- <script src="/js/verify.js"></script> -->
    264| 
 >> 265| <%- include("../toast.ejs") %>
    266| 

Could not find the include file "../toast.ejs"
    at getIncludePath (E:\Webskitters_Academy\NODE JS\final_project_node\plantora_final_project_node_ejs\node_modules\ejs\lib\cjs\ejs.js:170:19)
    at includeFile (E:\Webskitters_Academy\NODE JS\final_project_node\plantora_final_project_node_ejs\node_modules\ejs\lib\cjs\ejs.js:284:21)
    at include (E:\Webskitters_Academy\NODE JS\final_project_node\plantora_final_project_node_ejs\node_modules\ejs\lib\cjs\ejs.js:634:24)
    at eval (eval at compile (E:\Webskitters_Academy\NODE JS\final_project_node\plantora_final_project_node_ejs\node_modules\ejs\lib\cjs\ejs.js:607:18), <anonymous>:13:17)
    at reset-password (E:\Webskitters_Academy\NODE JS\final_project_node\plantora_final_project_node_ejs\node_modules\ejs\lib\cjs\ejs.js:643:23)
    at tryHandleCache (E:\Webskitters_Academy\NODE JS\final_project_node\plantora_final_project_node_ejs\node_modules\ejs\lib\cjs\ejs.js:253:42)
    at ejs.renderFile [as engine] (E:\Webskitters_Academy\NODE JS\final_project_node\plantora_final_project_node_ejs\node_modules\ejs\lib\cjs\ejs.js:444:12)
    at View.render (E:\Webskitters_Academy\NODE JS\final_project_node\plantora_final_project_node_ejs\node_modules\express\lib\view.js:139:8)
    at tryRender (E:\Webskitters_Academy\NODE JS\final_project_node\plantora_final_project_node_ejs\node_modules\express\lib\application.js:627:10)
    at app.render (E:\Webskitters_Academy\NODE JS\final_project_node\plantora_final_project_node_ejs\node_modules\express\lib\application.js:574:3)
2026-08-02 00:20:16 [INFO]: [0mGET /auth/reset-password/2694c439744885c94158d91c88ca3d8da02b97a11c14ef157c99e3ccba87754f [31m500[0m 5.915 ms - 388[0m
2026-08-02 00:20:16 [INFO]: [0mGET /.well-known/appspecific/com.chrome.devtools.json [33m404[0m 0.850 ms - 112[0m
2026-08-02 00:20:39 [INFO]: [0mGET /auth/reset-password/2694c439744885c94158d91c88ca3d8da02b97a11c14ef157c99e3ccba87754f [32m200[0m 3.956 ms - -[0m
2026-08-02 00:20:39 [INFO]: [0mGET /css/style.css [36m304[0m 0.517 ms - -[0m
2026-08-02 00:20:39 [INFO]: [0mGET /js/resetPassword.js [36m304[0m 1.209 ms - -[0m
2026-08-02 00:20:39 [INFO]: [0mGET /js/header.js [36m304[0m 1.039 ms - -[0m
2026-08-02 00:20:39 [INFO]: [0mGET /js/featured.js [36m304[0m 0.962 ms - -[0m
2026-08-02 00:20:39 [INFO]: [0mGET /js/why-choose.js [36m304[0m 1.219 ms - -[0m
2026-08-02 00:20:39 [INFO]: [0mGET /js/notification.js [36m304[0m 1.523 ms - -[0m
2026-08-02 00:20:39 [INFO]: [0mGET /js/footer.js [36m304[0m 1.811 ms - -[0m
2026-08-02 00:20:39 [INFO]: [0mGET /js/auth.js [36m304[0m 0.668 ms - -[0m
2026-08-02 00:20:39 [INFO]: [0mGET /.well-known/appspecific/com.chrome.devtools.json [33m404[0m 0.756 ms - 112[0m
2026-08-02 00:20:39 [INFO]: [0mGET /css/variables.css [36m304[0m 0.832 ms - -[0m
2026-08-02 00:20:39 [INFO]: [0mGET /css/utilities.css [36m304[0m 1.113 ms - -[0m
2026-08-02 00:20:39 [INFO]: [0mGET /css/animations.css [36m304[0m 1.339 ms - -[0m
2026-08-02 00:20:39 [INFO]: [0mGET /css/announcement.css [36m304[0m 1.875 ms - -[0m
2026-08-02 00:20:39 [INFO]: [0mGET /css/header.css [36m304[0m 0.646 ms - -[0m
2026-08-02 00:20:39 [INFO]: [0mGET /css/hero.css [36m304[0m 1.699 ms - -[0m
2026-08-02 00:20:39 [INFO]: [0mGET /css/featured.css [36m304[0m 1.252 ms - -[0m
2026-08-02 00:20:39 [INFO]: [0mGET /css/why-choose.css [36m304[0m 1.427 ms - -[0m
2026-08-02 00:20:39 [INFO]: [0mGET /css/footer.css [36m304[0m 1.648 ms - -[0m
2026-08-02 00:20:39 [INFO]: [0mGET /css/auth.css [36m304[0m 0.624 ms - -[0m
2026-08-02 00:20:39 [INFO]: [0mGET /css/verify.css [36m304[0m 0.920 ms - -[0m
2026-08-02 00:21:48 [INFO]: [0mPOST /auth/reset-password/2694c439744885c94158d91c88ca3d8da02b97a11c14ef157c99e3ccba87754f [33m400[0m 67.776 ms - 58[0m
2026-08-02 00:21:55 [INFO]: [0mGET /auth/reset-password/2694c439744885c94158d91c88ca3d8da02b97a11c14ef157c99e3ccba87754f [36m304[0m 1.884 ms - -[0m
2026-08-02 00:21:55 [INFO]: [0mGET /css/style.css [36m304[0m 0.421 ms - -[0m
2026-08-02 00:21:55 [INFO]: [0mGET /js/resetPassword.js [36m304[0m 0.661 ms - -[0m
2026-08-02 00:21:55 [INFO]: [0mGET /js/header.js [36m304[0m 0.252 ms - -[0m
2026-08-02 00:21:55 [INFO]: [0mGET /js/featured.js [36m304[0m 0.293 ms - -[0m
2026-08-02 00:21:55 [INFO]: [0mGET /js/why-choose.js [36m304[0m 0.838 ms - -[0m
2026-08-02 00:21:55 [INFO]: [0mGET /js/notification.js [36m304[0m 1.266 ms - -[0m
2026-08-02 00:21:55 [INFO]: [0mGET /js/footer.js [36m304[0m 2.165 ms - -[0m
2026-08-02 00:21:55 [INFO]: [0mGET /js/auth.js [36m304[0m 1.130 ms - -[0m
2026-08-02 00:21:55 [INFO]: [0mGET /css/variables.css [36m304[0m 0.695 ms - -[0m
2026-08-02 00:21:55 [INFO]: [0mGET /css/utilities.css [36m304[0m 0.921 ms - -[0m
2026-08-02 00:21:55 [INFO]: [0mGET /css/animations.css [36m304[0m 1.197 ms - -[0m
2026-08-02 00:21:55 [INFO]: [0mGET /css/announcement.css [36m304[0m 1.668 ms - -[0m
2026-08-02 00:21:55 [INFO]: [0mGET /css/featured.css [36m304[0m 0.493 ms - -[0m
2026-08-02 00:21:55 [INFO]: [0mGET /css/why-choose.css [36m304[0m 0.840 ms - -[0m
2026-08-02 00:21:55 [INFO]: [0mGET /css/header.css [36m304[0m 1.148 ms - -[0m
2026-08-02 00:21:55 [INFO]: [0mGET /css/hero.css [36m304[0m 1.576 ms - -[0m
2026-08-02 00:21:55 [INFO]: [0mGET /css/footer.css [36m304[0m 1.966 ms - -[0m
2026-08-02 00:21:55 [INFO]: [0mGET /css/auth.css [36m304[0m 2.384 ms - -[0m
2026-08-02 00:21:55 [INFO]: [0mGET /css/verify.css [36m304[0m 0.255 ms - -[0m
2026-08-02 00:22:07 [INFO]: [0mGET /auth/forgot-password [32m200[0m 4.410 ms - -[0m
2026-08-02 00:22:07 [INFO]: [0mGET /css/style.css [36m304[0m 0.943 ms - -[0m
2026-08-02 00:22:07 [INFO]: [0mGET /images/logo/plantora.png [36m304[0m 1.078 ms - -[0m
2026-08-02 00:22:07 [INFO]: [0mGET /images/logo/plantora-orgn-white.png [36m304[0m 1.382 ms - -[0m
2026-08-02 00:22:08 [INFO]: [0mGET /js/header.js [36m304[0m 0.531 ms - -[0m
2026-08-02 00:22:08 [INFO]: [0mGET /js/featured.js [36m304[0m 0.757 ms - -[0m
2026-08-02 00:22:08 [INFO]: [0mGET /js/footer.js [36m304[0m 0.982 ms - -[0m
2026-08-02 00:22:08 [INFO]: [0mGET /js/why-choose.js [36m304[0m 1.211 ms - -[0m
2026-08-02 00:22:08 [INFO]: [0mGET /js/notification.js [36m304[0m 1.532 ms - -[0m
2026-08-02 00:22:08 [INFO]: [0mGET /js/auth.js [36m304[0m 0.361 ms - -[0m
2026-08-02 00:22:08 [INFO]: [0mGET /css/variables.css [36m304[0m 0.316 ms - -[0m
2026-08-02 00:22:08 [INFO]: [0mGET /css/utilities.css [36m304[0m 1.097 ms - -[0m
2026-08-02 00:22:08 [INFO]: [0mGET /css/animations.css [36m304[0m 1.344 ms - -[0m
2026-08-02 00:22:08 [INFO]: [0mGET /css/announcement.css [36m304[0m 1.570 ms - -[0m
2026-08-02 00:22:08 [INFO]: [0mGET /css/header.css [36m304[0m 1.753 ms - -[0m
2026-08-02 00:22:08 [INFO]: [0mGET /css/hero.css [36m304[0m 1.885 ms - -[0m
2026-08-02 00:22:08 [INFO]: [0mGET /css/featured.css [36m304[0m 2.023 ms - -[0m
2026-08-02 00:22:08 [INFO]: [0mGET /css/why-choose.css [36m304[0m 0.872 ms - -[0m
2026-08-02 00:22:08 [INFO]: [0mGET /css/footer.css [36m304[0m 1.049 ms - -[0m
2026-08-02 00:22:08 [INFO]: [0mGET /css/auth.css [36m304[0m 1.266 ms - -[0m
2026-08-02 00:22:08 [INFO]: [0mGET /css/verify.css [36m304[0m 1.474 ms - -[0m
2026-08-02 00:22:24 [INFO]: Email sent successfully to 'customer_0001@yopmail.com'. Subject: 'Reset Your Plantora Password'.
2026-08-02 00:22:24 [INFO]: Password reset email sent : customer_0001@yopmail.com
2026-08-02 00:22:24 [INFO]: [0mPOST /auth/forgot-password [32m200[0m 5132.973 ms - 86[0m
2026-08-02 00:22:43 [INFO]: [0mGET /auth/reset-password/649fbc2c01ebd6dacac291696c4d7fdf6c2906fceafc302d4580faec68c66859 [32m200[0m 2.529 ms - -[0m
2026-08-02 00:22:43 [INFO]: [0mGET /css/style.css [36m304[0m 0.424 ms - -[0m
2026-08-02 00:22:43 [INFO]: [0mGET /js/resetPassword.js [36m304[0m 0.351 ms - -[0m
2026-08-02 00:22:43 [INFO]: [0mGET /js/header.js [36m304[0m 0.490 ms - -[0m
2026-08-02 00:22:43 [INFO]: [0mGET /js/featured.js [36m304[0m 0.736 ms - -[0m
2026-08-02 00:22:43 [INFO]: [0mGET /js/why-choose.js [36m304[0m 1.065 ms - -[0m
2026-08-02 00:22:43 [INFO]: [0mGET /js/notification.js [36m304[0m 0.680 ms - -[0m
2026-08-02 00:22:43 [INFO]: [0mGET /js/footer.js [36m304[0m 0.809 ms - -[0m
2026-08-02 00:22:43 [INFO]: [0mGET /js/auth.js [36m304[0m 1.039 ms - -[0m
2026-08-02 00:22:43 [INFO]: [0mGET /css/variables.css [36m304[0m 0.892 ms - -[0m
2026-08-02 00:22:43 [INFO]: [0mGET /css/utilities.css [36m304[0m 1.166 ms - -[0m
2026-08-02 00:22:43 [INFO]: [0mGET /css/animations.css [36m304[0m 1.391 ms - -[0m
2026-08-02 00:22:43 [INFO]: [0mGET /css/announcement.css [36m304[0m 1.613 ms - -[0m
2026-08-02 00:22:43 [INFO]: [0mGET /css/header.css [36m304[0m 1.949 ms - -[0m
2026-08-02 00:22:43 [INFO]: [0mGET /css/featured.css [36m304[0m 1.247 ms - -[0m
2026-08-02 00:22:43 [INFO]: [0mGET /css/why-choose.css [36m304[0m 1.498 ms - -[0m
2026-08-02 00:22:43 [INFO]: [0mGET /css/footer.css [36m304[0m 1.710 ms - -[0m
2026-08-02 00:22:43 [INFO]: [0mGET /css/auth.css [36m304[0m 1.904 ms - -[0m
2026-08-02 00:22:43 [INFO]: [0mGET /css/hero.css [36m304[0m 2.114 ms - -[0m
2026-08-02 00:22:43 [INFO]: [0mGET /css/verify.css [36m304[0m 1.859 ms - -[0m
2026-08-02 00:22:57 [INFO]: Password reset successful : customer_0001@yopmail.com
2026-08-02 00:22:57 [INFO]: [0mPOST /auth/reset-password/649fbc2c01ebd6dacac291696c4d7fdf6c2906fceafc302d4580faec68c66859 [32m200[0m 521.118 ms - 77[0m
2026-08-02 00:22:59 [ERROR]: Error: Failed to lookup view "auth/login" in views directory "E:\Webskitters_Academy\NODE JS\final_project_node\plantora_final_project_node_ejs\views"
    at app.render (E:\Webskitters_Academy\NODE JS\final_project_node\plantora_final_project_node_ejs\node_modules\express\lib\application.js:562:17)
    at ServerResponse.render (E:\Webskitters_Academy\NODE JS\final_project_node\plantora_final_project_node_ejs\node_modules\express\lib\response.js:923:7)
    at showLoginPage (E:\Webskitters_Academy\NODE JS\final_project_node\plantora_final_project_node_ejs\app\controllers\authController.js:65:18)
    at Layer.handleRequest (E:\Webskitters_Academy\NODE JS\final_project_node\plantora_final_project_node_ejs\node_modules\router\lib\layer.js:152:17)
    at next (E:\Webskitters_Academy\NODE JS\final_project_node\plantora_final_project_node_ejs\node_modules\router\lib\route.js:157:13)
    at Route.dispatch (E:\Webskitters_Academy\NODE JS\final_project_node\plantora_final_project_node_ejs\node_modules\router\lib\route.js:117:3)
    at handle (E:\Webskitters_Academy\NODE JS\final_project_node\plantora_final_project_node_ejs\node_modules\router\index.js:435:11)
    at Layer.handleRequest (E:\Webskitters_Academy\NODE JS\final_project_node\plantora_final_project_node_ejs\node_modules\router\lib\layer.js:152:17)
    at E:\Webskitters_Academy\NODE JS\final_project_node\plantora_final_project_node_ejs\node_modules\router\index.js:295:15
    at processParams (E:\Webskitters_Academy\NODE JS\final_project_node\plantora_final_project_node_ejs\node_modules\router\index.js:582:12)
2026-08-02 00:22:59 [INFO]: [0mGET /auth/login [31m500[0m 1.612 ms - 211[0m
2026-08-02 00:24:30 [INFO]: MongoDB connected successfully.
2026-08-02 00:24:33 [INFO]: Email server connected successfully.
2026-08-02 00:24:33 [INFO]: Server is running on port 5132.
2026-08-02 00:24:38 [INFO]: [0mGET /auth/reset-password/649fbc2c01ebd6dacac291696c4d7fdf6c2906fceafc302d4580faec68c66859 [36m304[0m 11.146 ms - -[0m
2026-08-02 00:24:38 [INFO]: [0mGET /css/style.css [36m304[0m 1.058 ms - -[0m
2026-08-02 00:24:38 [INFO]: [0mGET /js/header.js [36m304[0m 1.144 ms - -[0m
2026-08-02 00:24:38 [INFO]: [0mGET /js/featured.js [36m304[0m 1.694 ms - -[0m
2026-08-02 00:24:38 [INFO]: [0mGET /js/footer.js [36m304[0m 0.950 ms - -[0m
2026-08-02 00:24:38 [INFO]: [0mGET /js/why-choose.js [36m304[0m 1.197 ms - -[0m
2026-08-02 00:24:38 [INFO]: [0mGET /js/notification.js [36m304[0m 1.797 ms - -[0m
2026-08-02 00:24:38 [INFO]: [0mGET /js/auth.js [36m304[0m 2.299 ms - -[0m
2026-08-02 00:24:38 [INFO]: [0mGET /js/resetPassword.js [32m200[0m 7.926 ms - -[0m
2026-08-02 00:24:38 [INFO]: [0mGET /css/variables.css [36m304[0m 1.202 ms - -[0m
2026-08-02 00:24:38 [INFO]: [0mGET /css/utilities.css [36m304[0m 1.551 ms - -[0m
2026-08-02 00:24:38 [INFO]: [0mGET /css/animations.css [36m304[0m 1.783 ms - -[0m
2026-08-02 00:24:38 [INFO]: [0mGET /css/announcement.css [36m304[0m 1.977 ms - -[0m
2026-08-02 00:24:38 [INFO]: [0mGET /css/header.css [36m304[0m 2.247 ms - -[0m
2026-08-02 00:24:38 [INFO]: [0mGET /css/hero.css [36m304[0m 2.517 ms - -[0m
2026-08-02 00:24:38 [INFO]: [0mGET /css/featured.css [36m304[0m 0.740 ms - -[0m
2026-08-02 00:24:38 [INFO]: [0mGET /css/why-choose.css [36m304[0m 1.120 ms - -[0m
2026-08-02 00:24:38 [INFO]: [0mGET /css/footer.css [36m304[0m 1.319 ms - -[0m
2026-08-02 00:24:38 [INFO]: [0mGET /css/auth.css [36m304[0m 1.583 ms - -[0m
2026-08-02 00:24:38 [INFO]: [0mGET /css/verify.css [36m304[0m 1.785 ms - -[0m
2026-08-02 00:24:49 [INFO]: [0mPOST /auth/reset-password/649fbc2c01ebd6dacac291696c4d7fdf6c2906fceafc302d4580faec68c66859 [33m400[0m 66.074 ms - 58[0m
2026-08-02 00:24:59 [INFO]: [0mGET / [36m304[0m 9.934 ms - -[0m
2026-08-02 00:24:59 [INFO]: [0mGET /css/style.css [36m304[0m 0.731 ms - -[0m
2026-08-02 00:24:59 [INFO]: [0mGET /images/logo/plantora.png [36m304[0m 0.667 ms - -[0m
2026-08-02 00:24:59 [INFO]: [0mGET /images/hero/hero-placeholder.png [36m304[0m 0.153 ms - -[0m
2026-08-02 00:24:59 [INFO]: [0mGET /images/hero/monstera-plant.jpg [36m304[0m 1.865 ms - -[0m
2026-08-02 00:24:59 [INFO]: [0mGET /images/hero/snake-plant.jpg [36m304[0m 1.724 ms - -[0m
2026-08-02 00:24:59 [INFO]: [0mGET /images/hero/peace-lily.jpg [36m304[0m 1.980 ms - -[0m
2026-08-02 00:24:59 [INFO]: [0mGET /js/header.js [36m304[0m 0.489 ms - -[0m
2026-08-02 00:24:59 [INFO]: [0mGET /css/variables.css [36m304[0m 1.331 ms - -[0m
2026-08-02 00:24:59 [INFO]: [0mGET /css/utilities.css [36m304[0m 1.087 ms - -[0m
2026-08-02 00:24:59 [INFO]: [0mGET /css/animations.css [36m304[0m 1.429 ms - -[0m
2026-08-02 00:24:59 [INFO]: [0mGET /css/announcement.css [36m304[0m 1.696 ms - -[0m
2026-08-02 00:24:59 [INFO]: [0mGET /images/logo/plantora-orgn-white.png [36m304[0m 2.498 ms - -[0m
2026-08-02 00:24:59 [INFO]: [0mGET /css/header.css [36m304[0m 1.251 ms - -[0m
2026-08-02 00:24:59 [INFO]: [0mGET /css/hero.css [36m304[0m 1.014 ms - -[0m
2026-08-02 00:24:59 [INFO]: [0mGET /css/featured.css [36m304[0m 1.240 ms - -[0m
2026-08-02 00:24:59 [INFO]: [0mGET /css/why-choose.css [36m304[0m 1.531 ms - -[0m
2026-08-02 00:24:59 [INFO]: [0mGET /css/footer.css [36m304[0m 0.390 ms - -[0m
2026-08-02 00:24:59 [INFO]: [0mGET /css/auth.css [36m304[0m 0.526 ms - -[0m
2026-08-02 00:24:59 [INFO]: [0mGET /css/verify.css [36m304[0m 0.266 ms - -[0m
2026-08-02 00:24:59 [INFO]: [0mGET /js/featured.js [36m304[0m 0.957 ms - -[0m
2026-08-02 00:24:59 [INFO]: [0mGET /js/why-choose.js [36m304[0m 0.954 ms - -[0m
2026-08-02 00:24:59 [INFO]: [0mGET /js/notification.js [36m304[0m 0.970 ms - -[0m
2026-08-02 00:24:59 [INFO]: [0mGET /js/footer.js [36m304[0m 1.441 ms - -[0m
2026-08-02 00:24:59 [INFO]: [0mGET /js/auth.js [36m304[0m 0.563 ms - -[0m
2026-08-02 00:24:59 [INFO]: [0mGET /images/hero/tulip-plant.jpg [36m304[0m 0.158 ms - -[0m
2026-08-02 00:24:59 [INFO]: [0mGET /images/hero/rubber-plant.jpg [36m304[0m 0.158 ms - -[0m
2026-08-02 00:24:59 [INFO]: [0mGET /images/hero/aloe-vera.jpg [36m304[0m 0.238 ms - -[0m
2026-08-02 00:24:59 [INFO]: [0mGET /images/hero/areca-palm.jpg [36m304[0m 0.594 ms - -[0m
2026-08-02 00:24:59 [INFO]: [0mGET /images/hero/jade-plant.jpg [36m304[0m 0.636 ms - -[0m
2026-08-02 00:24:59 [INFO]: [0mGET /images/hero/golden-pothos.jpg [36m304[0m 0.211 ms - -[0m
2026-08-02 00:24:59 [INFO]: [0mGET /images/hero/fiddle-leaf-fig.jpg [36m304[0m 0.359 ms - -[0m
2026-08-02 00:24:59 [INFO]: [0mGET /images/hero/why-choose.jpg [36m304[0m 0.246 ms - -[0m
2026-08-02 00:25:06 [INFO]: [0mGET /auth/forgot-password [32m200[0m 4.674 ms - -[0m
2026-08-02 00:25:06 [INFO]: [0mGET /css/style.css [36m304[0m 0.427 ms - -[0m
2026-08-02 00:25:06 [INFO]: [0mGET /images/logo/plantora.png [36m304[0m 0.512 ms - -[0m
2026-08-02 00:25:06 [INFO]: [0mGET /images/logo/plantora-orgn-white.png [36m304[0m 0.666 ms - -[0m
2026-08-02 00:25:06 [INFO]: [0mGET /css/utilities.css [36m304[0m 0.218 ms - -[0m
2026-08-02 00:25:06 [INFO]: [0mGET /css/variables.css [36m304[0m 0.929 ms - -[0m
2026-08-02 00:25:06 [INFO]: [0mGET /css/animations.css [36m304[0m 1.014 ms - -[0m
2026-08-02 00:25:06 [INFO]: [0mGET /css/featured.css [36m304[0m 0.766 ms - -[0m
2026-08-02 00:25:06 [INFO]: [0mGET /css/why-choose.css [36m304[0m 1.047 ms - -[0m
2026-08-02 00:25:06 [INFO]: [0mGET /css/announcement.css [36m304[0m 1.228 ms - -[0m
2026-08-02 00:25:06 [INFO]: [0mGET /css/header.css [36m304[0m 1.397 ms - -[0m
2026-08-02 00:25:06 [INFO]: [0mGET /css/hero.css [36m304[0m 1.681 ms - -[0m
2026-08-02 00:25:06 [INFO]: [0mGET /css/footer.css [36m304[0m 2.473 ms - -[0m
2026-08-02 00:25:06 [INFO]: [0mGET /css/auth.css [36m304[0m 0.649 ms - -[0m
2026-08-02 00:25:06 [INFO]: [0mGET /css/verify.css [36m304[0m 0.806 ms - -[0m
2026-08-02 00:25:06 [INFO]: [0mGET /js/header.js [36m304[0m 0.996 ms - -[0m
2026-08-02 00:25:06 [INFO]: [0mGET /js/featured.js [36m304[0m 1.143 ms - -[0m
2026-08-02 00:25:06 [INFO]: [0mGET /js/why-choose.js [36m304[0m 1.632 ms - -[0m
2026-08-02 00:25:06 [INFO]: [0mGET /js/notification.js [36m304[0m 0.893 ms - -[0m
2026-08-02 00:25:06 [INFO]: [0mGET /js/footer.js [36m304[0m 0.620 ms - -[0m
2026-08-02 00:25:06 [INFO]: [0mGET /js/auth.js [36m304[0m 0.719 ms - -[0m
2026-08-02 00:25:06 [INFO]: [0mGET /auth/forgot-password [36m304[0m 8.324 ms - -[0m
2026-08-02 00:25:06 [INFO]: [0mGET /css/style.css [36m304[0m 0.449 ms - -[0m
2026-08-02 00:25:06 [INFO]: [0mGET /images/logo/plantora.png [36m304[0m 0.758 ms - -[0m
2026-08-02 00:25:06 [INFO]: [0mGET /images/logo/plantora-orgn-white.png [36m304[0m 1.172 ms - -[0m
2026-08-02 00:25:06 [INFO]: [0mGET /css/variables.css [36m304[0m 0.769 ms - -[0m
2026-08-02 00:25:06 [INFO]: [0mGET /css/utilities.css [36m304[0m 1.110 ms - -[0m
2026-08-02 00:25:06 [INFO]: [0mGET /css/animations.css [36m304[0m 1.535 ms - -[0m
2026-08-02 00:25:06 [INFO]: [0mGET /css/announcement.css [36m304[0m 1.918 ms - -[0m
2026-08-02 00:25:06 [INFO]: [0mGET /css/header.css [36m304[0m 2.221 ms - -[0m
2026-08-02 00:25:06 [INFO]: [0mGET /css/hero.css [36m304[0m 2.553 ms - -[0m
2026-08-02 00:25:06 [INFO]: [0mGET /css/featured.css [36m304[0m 1.195 ms - -[0m
2026-08-02 00:25:06 [INFO]: [0mGET /css/why-choose.css [36m304[0m 1.303 ms - -[0m
2026-08-02 00:25:06 [INFO]: [0mGET /css/footer.css [36m304[0m 1.466 ms - -[0m
2026-08-02 00:25:06 [INFO]: [0mGET /css/auth.css [36m304[0m 1.779 ms - -[0m
2026-08-02 00:25:06 [INFO]: [0mGET /css/verify.css [36m304[0m 1.911 ms - -[0m
2026-08-02 00:25:06 [INFO]: [0mGET /js/header.js [36m304[0m 0.665 ms - -[0m
2026-08-02 00:25:06 [INFO]: [0mGET /js/featured.js [36m304[0m 0.811 ms - -[0m
2026-08-02 00:25:06 [INFO]: [0mGET /js/why-choose.js [36m304[0m 1.169 ms - -[0m
2026-08-02 00:25:06 [INFO]: [0mGET /js/notification.js [36m304[0m 1.395 ms - -[0m
2026-08-02 00:25:06 [INFO]: [0mGET /js/footer.js [36m304[0m 1.600 ms - -[0m
2026-08-02 00:25:06 [INFO]: [0mGET /js/auth.js [36m304[0m 1.947 ms - -[0m
2026-08-02 00:25:07 [INFO]: [0mGET /auth/forgot-password [36m304[0m 8.555 ms - -[0m
2026-08-02 00:25:07 [INFO]: [0mGET /css/style.css [36m304[0m 0.664 ms - -[0m
2026-08-02 00:25:07 [INFO]: [0mGET /images/logo/plantora.png [36m304[0m 0.927 ms - -[0m
2026-08-02 00:25:07 [INFO]: [0mGET /images/logo/plantora-orgn-white.png [36m304[0m 1.237 ms - -[0m
2026-08-02 00:25:07 [INFO]: [0mGET /css/variables.css [36m304[0m 0.735 ms - -[0m
2026-08-02 00:25:07 [INFO]: [0mGET /css/utilities.css [36m304[0m 0.897 ms - -[0m
2026-08-02 00:25:07 [INFO]: [0mGET /css/animations.css [36m304[0m 1.237 ms - -[0m
2026-08-02 00:25:07 [INFO]: [0mGET /css/announcement.css [36m304[0m 1.667 ms - -[0m
2026-08-02 00:25:07 [INFO]: [0mGET /css/header.css [36m304[0m 2.502 ms - -[0m
2026-08-02 00:25:07 [INFO]: [0mGET /css/hero.css [36m304[0m 1.319 ms - -[0m
2026-08-02 00:25:07 [INFO]: [0mGET /css/featured.css [36m304[0m 0.445 ms - -[0m
2026-08-02 00:25:07 [INFO]: [0mGET /css/why-choose.css [36m304[0m 0.641 ms - -[0m
2026-08-02 00:25:07 [INFO]: [0mGET /css/footer.css [36m304[0m 0.953 ms - -[0m
2026-08-02 00:25:07 [INFO]: [0mGET /css/auth.css [36m304[0m 1.291 ms - -[0m
2026-08-02 00:25:07 [INFO]: [0mGET /css/verify.css [36m304[0m 1.686 ms - -[0m
2026-08-02 00:25:07 [INFO]: [0mGET /js/header.js [36m304[0m 0.662 ms - -[0m
2026-08-02 00:25:07 [INFO]: [0mGET /js/featured.js [36m304[0m 0.701 ms - -[0m
2026-08-02 00:25:07 [INFO]: [0mGET /js/why-choose.js [36m304[0m 0.827 ms - -[0m
2026-08-02 00:25:07 [INFO]: [0mGET /js/notification.js [36m304[0m 1.058 ms - -[0m
2026-08-02 00:25:07 [INFO]: [0mGET /js/footer.js [36m304[0m 1.232 ms - -[0m
2026-08-02 00:25:07 [INFO]: [0mGET /js/auth.js [36m304[0m 1.472 ms - -[0m
2026-08-02 00:25:07 [INFO]: [0mGET /auth/forgot-password [36m304[0m 6.270 ms - -[0m
2026-08-02 00:25:07 [INFO]: [0mGET /css/style.css [36m304[0m 0.927 ms - -[0m
2026-08-02 00:25:07 [INFO]: [0mGET /images/logo/plantora.png [36m304[0m 1.574 ms - -[0m
2026-08-02 00:25:07 [INFO]: [0mGET /images/logo/plantora-orgn-white.png [36m304[0m 2.192 ms - -[0m
2026-08-02 00:25:07 [INFO]: [0mGET /css/variables.css [36m304[0m 1.585 ms - -[0m
2026-08-02 00:25:07 [INFO]: [0mGET /css/utilities.css [36m304[0m 1.670 ms - -[0m
2026-08-02 00:25:07 [INFO]: [0mGET /css/animations.css [36m304[0m 1.911 ms - -[0m
2026-08-02 00:25:07 [INFO]: [0mGET /css/announcement.css [36m304[0m 2.397 ms - -[0m
2026-08-02 00:25:07 [INFO]: [0mGET /css/header.css [36m304[0m 2.806 ms - -[0m
2026-08-02 00:25:07 [INFO]: [0mGET /css/hero.css [36m304[0m 3.266 ms - -[0m
2026-08-02 00:25:07 [INFO]: [0mGET /css/featured.css [36m304[0m 1.587 ms - -[0m
2026-08-02 00:25:07 [INFO]: [0mGET /css/why-choose.css [36m304[0m 2.015 ms - -[0m
2026-08-02 00:25:07 [INFO]: [0mGET /css/footer.css [36m304[0m 2.260 ms - -[0m
2026-08-02 00:25:07 [INFO]: [0mGET /css/auth.css [36m304[0m 2.616 ms - -[0m
2026-08-02 00:25:07 [INFO]: [0mGET /css/verify.css [36m304[0m 3.278 ms - -[0m
2026-08-02 00:25:07 [INFO]: [0mGET /js/header.js [36m304[0m 0.655 ms - -[0m
2026-08-02 00:25:07 [INFO]: [0mGET /js/featured.js [36m304[0m 0.820 ms - -[0m
2026-08-02 00:25:07 [INFO]: [0mGET /js/why-choose.js [36m304[0m 1.030 ms - -[0m
2026-08-02 00:25:07 [INFO]: [0mGET /js/notification.js [36m304[0m 1.290 ms - -[0m
2026-08-02 00:25:07 [INFO]: [0mGET /js/footer.js [36m304[0m 1.772 ms - -[0m
2026-08-02 00:25:07 [INFO]: [0mGET /js/auth.js [36m304[0m 0.660 ms - -[0m
2026-08-02 00:25:23 [INFO]: Email sent successfully to 'customer_0001@yopmail.com'. Subject: 'Reset Your Plantora Password'.
2026-08-02 00:25:23 [INFO]: Password reset email sent : customer_0001@yopmail.com
2026-08-02 00:25:23 [INFO]: [0mPOST /auth/forgot-password [32m200[0m 5005.772 ms - 86[0m
2026-08-02 00:25:26 [INFO]: [0mGET /auth/reset-password/1151172086afc60dfcc29d7439206b196f7d63e94119376432f4ed9f533cf627 [32m200[0m 2.171 ms - -[0m
2026-08-02 00:25:26 [INFO]: [0mGET /css/style.css [36m304[0m 0.267 ms - -[0m
2026-08-02 00:25:26 [INFO]: [0mGET /js/resetPassword.js [36m304[0m 0.366 ms - -[0m
2026-08-02 00:25:26 [INFO]: [0mGET /js/header.js [36m304[0m 0.410 ms - -[0m
2026-08-02 00:25:26 [INFO]: [0mGET /js/featured.js [36m304[0m 0.641 ms - -[0m
2026-08-02 00:25:26 [INFO]: [0mGET /js/why-choose.js [36m304[0m 0.465 ms - -[0m
2026-08-02 00:25:26 [INFO]: [0mGET /js/notification.js [36m304[0m 0.679 ms - -[0m
2026-08-02 00:25:26 [INFO]: [0mGET /js/footer.js [36m304[0m 1.226 ms - -[0m
2026-08-02 00:25:26 [INFO]: [0mGET /js/auth.js [36m304[0m 0.598 ms - -[0m
2026-08-02 00:25:26 [INFO]: [0mGET /css/variables.css [36m304[0m 1.002 ms - -[0m
2026-08-02 00:25:26 [INFO]: [0mGET /css/utilities.css [36m304[0m 1.170 ms - -[0m
2026-08-02 00:25:26 [INFO]: [0mGET /css/animations.css [36m304[0m 1.382 ms - -[0m
2026-08-02 00:25:26 [INFO]: [0mGET /css/announcement.css [36m304[0m 1.613 ms - -[0m
2026-08-02 00:25:26 [INFO]: [0mGET /css/header.css [36m304[0m 2.212 ms - -[0m
2026-08-02 00:25:26 [INFO]: [0mGET /css/hero.css [36m304[0m 0.584 ms - -[0m
2026-08-02 00:25:26 [INFO]: [0mGET /css/featured.css [36m304[0m 0.719 ms - -[0m
2026-08-02 00:25:26 [INFO]: [0mGET /css/why-choose.css [36m304[0m 0.933 ms - -[0m
2026-08-02 00:25:26 [INFO]: [0mGET /css/footer.css [36m304[0m 1.169 ms - -[0m
2026-08-02 00:25:26 [INFO]: [0mGET /css/auth.css [36m304[0m 1.380 ms - -[0m
2026-08-02 00:25:26 [INFO]: [0mGET /css/verify.css [36m304[0m 1.597 ms - -[0m
2026-08-02 00:25:39 [INFO]: Password reset successful : customer_0001@yopmail.com
2026-08-02 00:25:39 [INFO]: [0mPOST /auth/reset-password/1151172086afc60dfcc29d7439206b196f7d63e94119376432f4ed9f533cf627 [32m200[0m 446.383 ms - 77[0m
2026-08-02 00:25:41 [INFO]: [0mGET / [36m304[0m 6.111 ms - -[0m
2026-08-02 00:25:41 [INFO]: [0mGET /css/style.css [36m304[0m 0.573 ms - -[0m
2026-08-02 00:25:41 [INFO]: [0mGET /images/logo/plantora.png [36m304[0m 0.733 ms - -[0m
2026-08-02 00:25:41 [INFO]: [0mGET /images/hero/hero-placeholder.png [36m304[0m 0.529 ms - -[0m
2026-08-02 00:25:41 [INFO]: [0mGET /images/hero/monstera-plant.jpg [36m304[0m 0.520 ms - -[0m
2026-08-02 00:25:41 [INFO]: [0mGET /images/hero/snake-plant.jpg [36m304[0m 0.756 ms - -[0m
2026-08-02 00:25:41 [INFO]: [0mGET /images/hero/peace-lily.jpg [36m304[0m 1.168 ms - -[0m
2026-08-02 00:25:41 [INFO]: [0mGET /js/header.js [36m304[0m 0.176 ms - -[0m
2026-08-02 00:25:41 [INFO]: [0mGET /js/featured.js [36m304[0m 0.865 ms - -[0m
2026-08-02 00:25:41 [INFO]: [0mGET /js/why-choose.js [36m304[0m 0.304 ms - -[0m
2026-08-02 00:25:41 [INFO]: [0mGET /js/notification.js [36m304[0m 0.161 ms - -[0m
2026-08-02 00:25:41 [INFO]: [0mGET /js/footer.js [36m304[0m 0.160 ms - -[0m
2026-08-02 00:25:41 [INFO]: [0mGET /js/auth.js [36m304[0m 0.291 ms - -[0m
2026-08-02 00:25:41 [INFO]: [0mGET /images/hero/tulip-plant.jpg [36m304[0m 0.177 ms - -[0m
2026-08-02 00:25:41 [INFO]: [0mGET /images/hero/rubber-plant.jpg [36m304[0m 0.314 ms - -[0m
2026-08-02 00:25:41 [INFO]: [0mGET /images/hero/aloe-vera.jpg [36m304[0m 0.463 ms - -[0m
2026-08-02 00:25:41 [INFO]: [0mGET /images/hero/areca-palm.jpg [36m304[0m 0.130 ms - -[0m
2026-08-02 00:25:41 [INFO]: [0mGET /images/hero/jade-plant.jpg [36m304[0m 0.133 ms - -[0m
2026-08-02 00:25:41 [INFO]: [0mGET /images/hero/golden-pothos.jpg [36m304[0m 0.114 ms - -[0m
2026-08-02 00:25:41 [INFO]: [0mGET /images/hero/fiddle-leaf-fig.jpg [36m304[0m 0.083 ms - -[0m
2026-08-02 00:25:41 [INFO]: [0mGET /images/hero/why-choose.jpg [36m304[0m 0.171 ms - -[0m
2026-08-02 00:25:41 [INFO]: [0mGET /css/variables.css [36m304[0m 1.308 ms - -[0m
2026-08-02 00:25:41 [INFO]: [0mGET /css/utilities.css [36m304[0m 2.099 ms - -[0m
2026-08-02 00:25:41 [INFO]: [0mGET /css/animations.css [36m304[0m 2.747 ms - -[0m
2026-08-02 00:25:41 [INFO]: [0mGET /css/announcement.css [36m304[0m 3.023 ms - -[0m
2026-08-02 00:25:41 [INFO]: [0mGET /css/header.css [36m304[0m 3.358 ms - -[0m
2026-08-02 00:25:41 [INFO]: [0mGET /css/hero.css [36m304[0m 1.598 ms - -[0m
2026-08-02 00:25:41 [INFO]: [0mGET /css/featured.css [36m304[0m 1.891 ms - -[0m
2026-08-02 00:25:41 [INFO]: [0mGET /css/why-choose.css [36m304[0m 2.112 ms - -[0m
2026-08-02 00:25:41 [INFO]: [0mGET /css/footer.css [36m304[0m 2.079 ms - -[0m
2026-08-02 00:25:41 [INFO]: [0mGET /css/auth.css [36m304[0m 0.503 ms - -[0m
2026-08-02 00:25:41 [INFO]: [0mGET /css/verify.css [36m304[0m 0.646 ms - -[0m
2026-08-02 00:25:41 [INFO]: [0mGET /images/logo/plantora-orgn-white.png [36m304[0m 0.384 ms - -[0m
2026-08-02 00:25:48 [INFO]: Login successful : customer_0001@yopmail.com
2026-08-02 00:25:48 [INFO]: [0mPOST /auth/login [32m200[0m 428.870 ms - 46[0m
2026-08-02 00:25:49 [INFO]: [0mGET / [32m200[0m 72.593 ms - -[0m
2026-08-02 00:25:49 [INFO]: [0mGET /css/style.css [36m304[0m 0.285 ms - -[0m
2026-08-02 00:25:49 [INFO]: [0mGET /images/logo/plantora.png [36m304[0m 0.981 ms - -[0m
2026-08-02 00:25:49 [INFO]: [0mGET /images/hero/hero-placeholder.png [36m304[0m 0.151 ms - -[0m
2026-08-02 00:25:49 [INFO]: [0mGET /css/variables.css [36m304[0m 0.205 ms - -[0m
2026-08-02 00:25:49 [INFO]: [0mGET /css/utilities.css [36m304[0m 0.418 ms - -[0m
2026-08-02 00:25:49 [INFO]: [0mGET /css/announcement.css [36m304[0m 0.299 ms - -[0m
2026-08-02 00:25:49 [INFO]: [0mGET /css/animations.css [36m304[0m 0.878 ms - -[0m
2026-08-02 00:25:49 [INFO]: [0mGET /css/header.css [36m304[0m 0.467 ms - -[0m
2026-08-02 00:25:49 [INFO]: [0mGET /css/hero.css [36m304[0m 0.692 ms - -[0m
2026-08-02 00:25:49 [INFO]: [0mGET /css/featured.css [36m304[0m 0.776 ms - -[0m
2026-08-02 00:25:49 [INFO]: [0mGET /css/why-choose.css [36m304[0m 0.433 ms - -[0m
2026-08-02 00:25:49 [INFO]: [0mGET /css/auth.css [36m304[0m 0.719 ms - -[0m
2026-08-02 00:25:49 [INFO]: [0mGET /css/footer.css [36m304[0m 1.018 ms - -[0m
2026-08-02 00:25:49 [INFO]: [0mGET /css/verify.css [36m304[0m 0.354 ms - -[0m
2026-08-02 00:25:49 [INFO]: [0mGET /images/hero/monstera-plant.jpg [36m304[0m 0.509 ms - -[0m
2026-08-02 00:25:49 [INFO]: [0mGET /js/header.js [36m304[0m 0.441 ms - -[0m
2026-08-02 00:25:49 [INFO]: [0mGET /js/featured.js [36m304[0m 0.545 ms - -[0m
2026-08-02 00:25:49 [INFO]: [0mGET /js/why-choose.js [36m304[0m 0.472 ms - -[0m
2026-08-02 00:25:49 [INFO]: [0mGET /js/notification.js [36m304[0m 0.466 ms - -[0m
2026-08-02 00:25:49 [INFO]: [0mGET /js/footer.js [36m304[0m 0.675 ms - -[0m
2026-08-02 00:25:49 [INFO]: [0mGET /js/auth.js [36m304[0m 1.129 ms - -[0m
2026-08-02 00:25:49 [INFO]: [0mGET /images/hero/snake-plant.jpg [36m304[0m 0.529 ms - -[0m
2026-08-02 00:25:49 [INFO]: [0mGET /images/hero/peace-lily.jpg [36m304[0m 0.849 ms - -[0m
2026-08-02 00:25:49 [INFO]: [0mGET /images/hero/tulip-plant.jpg [36m304[0m 0.377 ms - -[0m
2026-08-02 00:25:49 [INFO]: [0mGET /images/hero/rubber-plant.jpg [36m304[0m 0.822 ms - -[0m
2026-08-02 00:25:49 [INFO]: [0mGET /images/hero/aloe-vera.jpg [36m304[0m 0.456 ms - -[0m
2026-08-02 00:25:49 [INFO]: [0mGET /images/hero/areca-palm.jpg [36m304[0m 0.472 ms - -[0m
2026-08-02 00:25:49 [INFO]: [0mGET /images/hero/jade-plant.jpg [36m304[0m 0.258 ms - -[0m
2026-08-02 00:25:49 [INFO]: [0mGET /images/hero/golden-pothos.jpg [36m304[0m 0.340 ms - -[0m
2026-08-02 00:25:49 [INFO]: [0mGET /images/hero/fiddle-leaf-fig.jpg [36m304[0m 0.538 ms - -[0m
2026-08-02 00:25:49 [INFO]: [0mGET /images/hero/why-choose.jpg [36m304[0m 0.298 ms - -[0m
2026-08-02 00:25:49 [INFO]: [0mGET /images/logo/plantora-orgn-white.png [36m304[0m 0.139 ms - -[0m
2026-08-02 00:25:52 [INFO]: [0mGET /auth/profile [32m200[0m 156.808 ms - -[0m
2026-08-02 00:25:52 [INFO]: [0mGET /css/style.css [36m304[0m 0.689 ms - -[0m
2026-08-02 00:25:52 [INFO]: [0mGET /images/logo/plantora.png [36m304[0m 0.797 ms - -[0m
2026-08-02 00:25:52 [INFO]: [0mGET /js/profile.js [32m200[0m 1.532 ms - -[0m
2026-08-02 00:25:52 [INFO]: [0mGET /css/profile.css [32m200[0m 1.578 ms - -[0m
2026-08-02 00:25:52 [INFO]: [0mGET /images/logo/plantora-orgn-white.png [36m304[0m 0.507 ms - -[0m
2026-08-02 00:25:52 [INFO]: [0mGET /js/header.js [36m304[0m 0.547 ms - -[0m
2026-08-02 00:25:52 [INFO]: [0mGET /js/featured.js [36m304[0m 0.711 ms - -[0m
2026-08-02 00:25:52 [INFO]: [0mGET /js/why-choose.js [36m304[0m 0.945 ms - -[0m
2026-08-02 00:25:52 [INFO]: [0mGET /js/notification.js [36m304[0m 1.222 ms - -[0m
2026-08-02 00:25:52 [INFO]: [0mGET /css/utilities.css [36m304[0m 1.409 ms - -[0m
2026-08-02 00:25:52 [INFO]: [0mGET /css/animations.css [36m304[0m 2.156 ms - -[0m
2026-08-02 00:25:52 [INFO]: [0mGET /css/variables.css [36m304[0m 2.791 ms - -[0m
2026-08-02 00:25:52 [INFO]: [0mGET /css/announcement.css [36m304[0m 3.055 ms - -[0m
2026-08-02 00:25:52 [INFO]: [0mGET /css/header.css [36m304[0m 2.911 ms - -[0m
2026-08-02 00:25:52 [INFO]: [0mGET /css/hero.css [36m304[0m 2.867 ms - -[0m
2026-08-02 00:25:52 [INFO]: [0mGET /css/featured.css [36m304[0m 0.424 ms - -[0m
2026-08-02 00:25:52 [INFO]: [0mGET /css/why-choose.css [36m304[0m 0.536 ms - -[0m
2026-08-02 00:25:52 [INFO]: [0mGET /css/footer.css [36m304[0m 0.911 ms - -[0m
2026-08-02 00:25:52 [INFO]: [0mGET /css/auth.css [36m304[0m 0.490 ms - -[0m
2026-08-02 00:25:52 [INFO]: [0mGET /css/verify.css [36m304[0m 0.660 ms - -[0m
2026-08-02 00:25:52 [INFO]: [0mGET /js/footer.js [36m304[0m 0.892 ms - -[0m
2026-08-02 00:25:52 [INFO]: [0mGET /js/auth.js [36m304[0m 0.355 ms - -[0m
2026-08-02 00:31:08 [INFO]: Logout successful : customer_0001@yopmail.com
2026-08-02 00:31:08 [INFO]: [0mPOST /auth/logout [36m302[0m 1451.273 ms - 30[0m
2026-08-02 00:31:08 [INFO]: [0mGET / [32m200[0m 3.140 ms - -[0m
2026-08-02 00:31:08 [INFO]: [0mGET /css/style.css [36m304[0m 0.339 ms - -[0m
2026-08-02 00:31:08 [INFO]: [0mGET /images/logo/plantora.png [36m304[0m 0.206 ms - -[0m
2026-08-02 00:31:08 [INFO]: [0mGET /images/hero/hero-placeholder.png [36m304[0m 0.520 ms - -[0m
2026-08-02 00:31:08 [INFO]: [0mGET /images/hero/monstera-plant.jpg [36m304[0m 0.378 ms - -[0m
2026-08-02 00:31:08 [INFO]: [0mGET /images/hero/snake-plant.jpg [36m304[0m 0.519 ms - -[0m
2026-08-02 00:31:08 [INFO]: [0mGET /images/hero/peace-lily.jpg [36m304[0m 0.628 ms - -[0m
2026-08-02 00:31:08 [INFO]: [0mGET /js/header.js [36m304[0m 0.099 ms - -[0m
2026-08-02 00:31:08 [INFO]: [0mGET /js/featured.js [36m304[0m 0.935 ms - -[0m
2026-08-02 00:31:08 [INFO]: [0mGET /js/why-choose.js [36m304[0m 0.881 ms - -[0m
2026-08-02 00:31:08 [INFO]: [0mGET /js/notification.js [36m304[0m 0.900 ms - -[0m
2026-08-02 00:31:08 [INFO]: [0mGET /css/variables.css [36m304[0m 1.140 ms - -[0m
2026-08-02 00:31:08 [INFO]: [0mGET /css/utilities.css [36m304[0m 1.654 ms - -[0m
2026-08-02 00:31:08 [INFO]: [0mGET /css/animations.css [36m304[0m 1.958 ms - -[0m
2026-08-02 00:31:08 [INFO]: [0mGET /css/announcement.css [36m304[0m 1.956 ms - -[0m
2026-08-02 00:31:08 [INFO]: [0mGET /css/hero.css [36m304[0m 0.994 ms - -[0m
2026-08-02 00:31:08 [INFO]: [0mGET /css/featured.css [36m304[0m 1.064 ms - -[0m
2026-08-02 00:31:08 [INFO]: [0mGET /css/why-choose.css [36m304[0m 1.257 ms - -[0m
2026-08-02 00:31:08 [INFO]: [0mGET /css/header.css [36m304[0m 1.407 ms - -[0m
2026-08-02 00:31:08 [INFO]: [0mGET /css/footer.css [36m304[0m 1.716 ms - -[0m
2026-08-02 00:31:08 [INFO]: [0mGET /css/auth.css [36m304[0m 2.138 ms - -[0m
2026-08-02 00:31:08 [INFO]: [0mGET /css/verify.css [36m304[0m 0.237 ms - -[0m
2026-08-02 00:31:08 [INFO]: [0mGET /js/footer.js [36m304[0m 0.234 ms - -[0m
2026-08-02 00:31:08 [INFO]: [0mGET /js/auth.js [36m304[0m 0.365 ms - -[0m
2026-08-02 00:31:08 [INFO]: [0mGET /images/hero/tulip-plant.jpg [36m304[0m 0.966 ms - -[0m
2026-08-02 00:31:08 [INFO]: [0mGET /images/hero/rubber-plant.jpg [36m304[0m 1.243 ms - -[0m
2026-08-02 00:31:08 [INFO]: [0mGET /images/hero/aloe-vera.jpg [36m304[0m 0.935 ms - -[0m
2026-08-02 00:31:08 [INFO]: [0mGET /images/hero/areca-palm.jpg [36m304[0m 0.251 ms - -[0m
2026-08-02 00:31:08 [INFO]: [0mGET /images/hero/jade-plant.jpg [36m304[0m 0.400 ms - -[0m
2026-08-02 00:31:08 [INFO]: [0mGET /images/hero/golden-pothos.jpg [36m304[0m 0.260 ms - -[0m
2026-08-02 00:31:08 [INFO]: [0mGET /images/hero/fiddle-leaf-fig.jpg [36m304[0m 0.205 ms - -[0m
2026-08-02 00:31:08 [INFO]: [0mGET /images/hero/why-choose.jpg [36m304[0m 0.258 ms - -[0m
2026-08-02 00:31:08 [INFO]: [0mGET /images/logo/plantora-orgn-white.png [36m304[0m 0.231 ms - -[0m
2026-08-02 00:31:13 [INFO]: Login successful : customer_0004@yopmail.com
2026-08-02 00:31:13 [INFO]: [0mPOST /auth/login [32m200[0m 430.466 ms - 46[0m
2026-08-02 00:31:14 [INFO]: [0mGET / [32m200[0m 70.647 ms - -[0m
2026-08-02 00:31:14 [INFO]: [0mGET /css/style.css [36m304[0m 0.335 ms - -[0m
2026-08-02 00:31:14 [INFO]: [0mGET /images/logo/plantora.png [36m304[0m 0.417 ms - -[0m
2026-08-02 00:31:14 [INFO]: [0mGET /images/hero/hero-placeholder.png [36m304[0m 0.113 ms - -[0m
2026-08-02 00:31:14 [INFO]: [0mGET /css/variables.css [36m304[0m 0.805 ms - -[0m
2026-08-02 00:31:14 [INFO]: [0mGET /css/utilities.css [36m304[0m 1.105 ms - -[0m
2026-08-02 00:31:14 [INFO]: [0mGET /css/animations.css [36m304[0m 1.023 ms - -[0m
2026-08-02 00:31:14 [INFO]: [0mGET /css/announcement.css [36m304[0m 1.115 ms - -[0m
2026-08-02 00:31:14 [INFO]: [0mGET /css/header.css [36m304[0m 1.451 ms - -[0m
2026-08-02 00:31:14 [INFO]: [0mGET /css/hero.css [36m304[0m 0.434 ms - -[0m
2026-08-02 00:31:14 [INFO]: [0mGET /css/featured.css [36m304[0m 0.685 ms - -[0m
2026-08-02 00:31:14 [INFO]: [0mGET /css/why-choose.css [36m304[0m 1.016 ms - -[0m
2026-08-02 00:31:14 [INFO]: [0mGET /css/footer.css [36m304[0m 1.189 ms - -[0m
2026-08-02 00:31:14 [INFO]: [0mGET /css/auth.css [36m304[0m 1.625 ms - -[0m
2026-08-02 00:31:14 [INFO]: [0mGET /css/verify.css [36m304[0m 0.547 ms - -[0m
2026-08-02 00:31:14 [INFO]: [0mGET /images/hero/monstera-plant.jpg [36m304[0m 0.829 ms - -[0m
2026-08-02 00:31:14 [INFO]: [0mGET /js/header.js [36m304[0m 0.648 ms - -[0m
2026-08-02 00:31:14 [INFO]: [0mGET /js/featured.js [36m304[0m 1.355 ms - -[0m
2026-08-02 00:31:14 [INFO]: [0mGET /js/why-choose.js [36m304[0m 0.781 ms - -[0m
2026-08-02 00:31:14 [INFO]: [0mGET /js/notification.js [36m304[0m 1.388 ms - -[0m
2026-08-02 00:31:14 [INFO]: [0mGET /js/footer.js [36m304[0m 0.784 ms - -[0m
2026-08-02 00:31:14 [INFO]: [0mGET /js/auth.js [36m304[0m 0.860 ms - -[0m
2026-08-02 00:31:14 [INFO]: [0mGET /images/hero/snake-plant.jpg [36m304[0m 0.976 ms - -[0m
2026-08-02 00:31:14 [INFO]: [0mGET /images/hero/peace-lily.jpg [36m304[0m 0.241 ms - -[0m
2026-08-02 00:31:14 [INFO]: [0mGET /images/hero/tulip-plant.jpg [36m304[0m 0.392 ms - -[0m
2026-08-02 00:31:14 [INFO]: [0mGET /images/hero/rubber-plant.jpg [36m304[0m 0.667 ms - -[0m
2026-08-02 00:31:14 [INFO]: [0mGET /images/hero/aloe-vera.jpg [36m304[0m 0.551 ms - -[0m
2026-08-02 00:31:14 [INFO]: [0mGET /images/hero/areca-palm.jpg [36m304[0m 0.759 ms - -[0m
2026-08-02 00:31:14 [INFO]: [0mGET /images/hero/jade-plant.jpg [36m304[0m 1.274 ms - -[0m
2026-08-02 00:31:14 [INFO]: [0mGET /images/hero/golden-pothos.jpg [36m304[0m 0.681 ms - -[0m
2026-08-02 00:31:14 [INFO]: [0mGET /images/hero/fiddle-leaf-fig.jpg [36m304[0m 0.703 ms - -[0m
2026-08-02 00:31:14 [INFO]: [0mGET /images/hero/why-choose.jpg [36m304[0m 0.244 ms - -[0m
2026-08-02 00:31:14 [INFO]: [0mGET /images/logo/plantora-orgn-white.png [36m304[0m 0.299 ms - -[0m
2026-08-02 00:31:17 [INFO]: [0mGET /auth/profile [32m200[0m 108.512 ms - -[0m
2026-08-02 00:31:17 [INFO]: [0mGET /css/style.css [36m304[0m 0.324 ms - -[0m
2026-08-02 00:31:17 [INFO]: [0mGET /css/profile.css [36m304[0m 0.510 ms - -[0m
2026-08-02 00:31:17 [INFO]: [0mGET /images/logo/plantora.png [36m304[0m 0.462 ms - -[0m
2026-08-02 00:31:17 [INFO]: [0mGET /js/profile.js [36m304[0m 0.484 ms - -[0m
2026-08-02 00:31:17 [INFO]: [0mGET /images/logo/plantora-orgn-white.png [36m304[0m 0.588 ms - -[0m
2026-08-02 00:31:17 [INFO]: [0mGET /js/header.js [36m304[0m 0.833 ms - -[0m
2026-08-02 00:31:17 [INFO]: [0mGET /js/featured.js [36m304[0m 1.000 ms - -[0m
2026-08-02 00:31:17 [INFO]: [0mGET /js/why-choose.js [36m304[0m 1.045 ms - -[0m
2026-08-02 00:31:17 [INFO]: [0mGET /js/notification.js [36m304[0m 1.223 ms - -[0m
2026-08-02 00:31:17 [INFO]: [0mGET /js/footer.js [36m304[0m 0.741 ms - -[0m
2026-08-02 00:31:17 [INFO]: [0mGET /js/auth.js [36m304[0m 1.098 ms - -[0m
2026-08-02 00:31:17 [INFO]: [0mGET /css/variables.css [36m304[0m 1.628 ms - -[0m
2026-08-02 00:31:17 [INFO]: [0mGET /css/utilities.css [36m304[0m 1.718 ms - -[0m
2026-08-02 00:31:17 [INFO]: [0mGET /css/announcement.css [36m304[0m 1.971 ms - -[0m
2026-08-02 00:31:17 [INFO]: [0mGET /css/animations.css [36m304[0m 2.322 ms - -[0m
2026-08-02 00:31:17 [INFO]: [0mGET /css/header.css [36m304[0m 0.318 ms - -[0m
2026-08-02 00:31:17 [INFO]: [0mGET /css/hero.css [36m304[0m 0.412 ms - -[0m
2026-08-02 00:31:17 [INFO]: [0mGET /css/featured.css [36m304[0m 0.644 ms - -[0m
2026-08-02 00:31:17 [INFO]: [0mGET /css/why-choose.css [36m304[0m 0.969 ms - -[0m
2026-08-02 00:31:17 [INFO]: [0mGET /css/footer.css [36m304[0m 1.586 ms - -[0m
2026-08-02 00:31:17 [INFO]: [0mGET /css/auth.css [36m304[0m 0.568 ms - -[0m
2026-08-02 00:31:17 [INFO]: [0mGET /css/verify.css [36m304[0m 0.160 ms - -[0m
2026-08-02 01:02:12 [INFO]: [0mGET /auth/profile [32m200[0m 219.681 ms - -[0m
2026-08-02 01:02:12 [INFO]: [0mGET /css/style.css [36m304[0m 0.917 ms - -[0m
2026-08-02 01:02:12 [INFO]: [0mGET /css/profile.css [36m304[0m 0.220 ms - -[0m
2026-08-02 01:02:12 [INFO]: [0mGET /images/logo/plantora.png [36m304[0m 0.174 ms - -[0m
2026-08-02 01:02:12 [INFO]: [0mGET /js/profile.js [36m304[0m 0.327 ms - -[0m
2026-08-02 01:02:12 [INFO]: [0mGET /images/logo/plantora-orgn-white.png [36m304[0m 0.301 ms - -[0m
2026-08-02 01:02:12 [INFO]: [0mGET /js/header.js [36m304[0m 0.198 ms - -[0m
2026-08-02 01:02:12 [INFO]: [0mGET /js/featured.js [36m304[0m 0.244 ms - -[0m
2026-08-02 01:02:12 [INFO]: [0mGET /js/why-choose.js [36m304[0m 0.702 ms - -[0m
2026-08-02 01:02:12 [INFO]: [0mGET /js/notification.js [36m304[0m 0.240 ms - -[0m
2026-08-02 01:02:12 [INFO]: [0mGET /css/variables.css [36m304[0m 0.670 ms - -[0m
2026-08-02 01:02:12 [INFO]: [0mGET /css/utilities.css [36m304[0m 1.294 ms - -[0m
2026-08-02 01:02:12 [INFO]: [0mGET /js/footer.js [36m304[0m 2.400 ms - -[0m
2026-08-02 01:02:12 [INFO]: [0mGET /js/auth.js [36m304[0m 2.868 ms - -[0m
2026-08-02 01:02:12 [INFO]: [0mGET /css/animations.css [36m304[0m 1.142 ms - -[0m
2026-08-02 01:02:12 [INFO]: [0mGET /css/header.css [36m304[0m 1.244 ms - -[0m
2026-08-02 01:02:12 [INFO]: [0mGET /css/hero.css [36m304[0m 1.423 ms - -[0m
2026-08-02 01:02:12 [INFO]: [0mGET /css/featured.css [36m304[0m 1.679 ms - -[0m
2026-08-02 01:02:12 [INFO]: [0mGET /css/announcement.css [36m304[0m 2.224 ms - -[0m
2026-08-02 01:02:12 [INFO]: [0mGET /css/why-choose.css [36m304[0m 0.874 ms - -[0m
2026-08-02 01:02:12 [INFO]: [0mGET /css/footer.css [36m304[0m 1.814 ms - -[0m
2026-08-02 01:02:12 [INFO]: [0mGET /css/auth.css [36m304[0m 2.385 ms - -[0m
2026-08-02 01:02:12 [INFO]: [0mGET /css/verify.css [36m304[0m 2.742 ms - -[0m
2026-08-02 01:02:25 [INFO]: Login successful : plantora-admin@yopmail.com
2026-08-02 01:02:25 [INFO]: [0mPOST /auth/login [32m200[0m 796.826 ms - 46[0m
2026-08-02 01:02:27 [INFO]: [0mGET / [32m200[0m 224.810 ms - -[0m
2026-08-02 01:02:27 [INFO]: [0mGET /css/style.css [36m304[0m 0.424 ms - -[0m
2026-08-02 01:02:27 [INFO]: [0mGET /images/logo/plantora.png [36m304[0m 0.953 ms - -[0m
2026-08-02 01:02:27 [INFO]: [0mGET /images/hero/hero-placeholder.png [36m304[0m 0.960 ms - -[0m
2026-08-02 01:02:27 [INFO]: [0mGET /images/hero/monstera-plant.jpg [36m304[0m 1.599 ms - -[0m
2026-08-02 01:02:27 [INFO]: [0mGET /js/header.js [36m304[0m 0.935 ms - -[0m
2026-08-02 01:02:27 [INFO]: [0mGET /js/featured.js [36m304[0m 0.722 ms - -[0m
2026-08-02 01:02:27 [INFO]: [0mGET /js/why-choose.js [36m304[0m 0.316 ms - -[0m
2026-08-02 01:02:27 [INFO]: [0mGET /css/variables.css [36m304[0m 0.500 ms - -[0m
2026-08-02 01:02:27 [INFO]: [0mGET /css/utilities.css [36m304[0m 0.887 ms - -[0m
2026-08-02 01:02:27 [INFO]: [0mGET /css/animations.css [36m304[0m 0.724 ms - -[0m
2026-08-02 01:02:27 [INFO]: [0mGET /css/announcement.css [36m304[0m 0.901 ms - -[0m
2026-08-02 01:02:27 [INFO]: [0mGET /css/header.css [36m304[0m 2.130 ms - -[0m
2026-08-02 01:02:27 [INFO]: [0mGET /css/featured.css [36m304[0m 1.174 ms - -[0m
2026-08-02 01:02:27 [INFO]: [0mGET /css/hero.css [36m304[0m 1.433 ms - -[0m
2026-08-02 01:02:27 [INFO]: [0mGET /css/why-choose.css [36m304[0m 4.412 ms - -[0m
2026-08-02 01:02:27 [INFO]: [0mGET /css/footer.css [36m304[0m 2.979 ms - -[0m
2026-08-02 01:02:27 [INFO]: [0mGET /css/auth.css [36m304[0m 1.989 ms - -[0m
2026-08-02 01:02:27 [INFO]: [0mGET /css/verify.css [36m304[0m 0.519 ms - -[0m
2026-08-02 01:02:27 [INFO]: [0mGET /js/notification.js [36m304[0m 0.295 ms - -[0m
2026-08-02 01:02:27 [INFO]: [0mGET /js/footer.js [36m304[0m 0.510 ms - -[0m
2026-08-02 01:02:27 [INFO]: [0mGET /js/auth.js [36m304[0m 0.814 ms - -[0m
2026-08-02 01:02:27 [INFO]: [0mGET /images/hero/snake-plant.jpg [36m304[0m 0.425 ms - -[0m
2026-08-02 01:02:27 [INFO]: [0mGET /images/hero/peace-lily.jpg [36m304[0m 0.789 ms - -[0m
2026-08-02 01:02:27 [INFO]: [0mGET /images/hero/tulip-plant.jpg [36m304[0m 0.668 ms - -[0m
2026-08-02 01:02:27 [INFO]: [0mGET /images/hero/rubber-plant.jpg [36m304[0m 1.228 ms - -[0m
2026-08-02 01:02:27 [INFO]: [0mGET /images/hero/aloe-vera.jpg [36m304[0m 0.698 ms - -[0m
2026-08-02 01:02:27 [INFO]: [0mGET /images/hero/areca-palm.jpg [36m304[0m 0.455 ms - -[0m
2026-08-02 01:02:27 [INFO]: [0mGET /images/hero/jade-plant.jpg [36m304[0m 0.320 ms - -[0m
2026-08-02 01:02:27 [INFO]: [0mGET /images/hero/golden-pothos.jpg [36m304[0m 0.357 ms - -[0m
2026-08-02 01:02:27 [INFO]: [0mGET /images/hero/fiddle-leaf-fig.jpg [36m304[0m 0.421 ms - -[0m
2026-08-02 01:02:27 [INFO]: [0mGET /images/hero/why-choose.jpg [36m304[0m 0.689 ms - -[0m
2026-08-02 01:02:27 [INFO]: [0mGET /images/logo/plantora-orgn-white.png [36m304[0m 0.598 ms - -[0m
2026-08-02 01:02:28 [INFO]: [0mGET /auth/profile [32m200[0m 110.996 ms - -[0m
2026-08-02 01:02:28 [INFO]: [0mGET /css/style.css [36m304[0m 1.083 ms - -[0m
2026-08-02 01:02:28 [INFO]: [0mGET /css/profile.css [36m304[0m 1.699 ms - -[0m
2026-08-02 01:02:28 [INFO]: [0mGET /images/logo/plantora.png [36m304[0m 1.781 ms - -[0m
2026-08-02 01:02:28 [INFO]: [0mGET /js/profile.js [36m304[0m 1.908 ms - -[0m
2026-08-02 01:02:28 [INFO]: [0mGET /images/logo/plantora-orgn-white.png [36m304[0m 0.462 ms - -[0m
2026-08-02 01:02:28 [INFO]: [0mGET /js/header.js [36m304[0m 0.418 ms - -[0m
2026-08-02 01:02:28 [INFO]: [0mGET /js/featured.js [36m304[0m 0.625 ms - -[0m
2026-08-02 01:02:28 [INFO]: [0mGET /js/why-choose.js [36m304[0m 0.810 ms - -[0m
2026-08-02 01:02:28 [INFO]: [0mGET /js/notification.js [36m304[0m 1.273 ms - -[0m
2026-08-02 01:02:28 [INFO]: [0mGET /css/variables.css [36m304[0m 0.787 ms - -[0m
2026-08-02 01:02:28 [INFO]: [0mGET /css/utilities.css [36m304[0m 1.591 ms - -[0m
2026-08-02 01:02:28 [INFO]: [0mGET /css/animations.css [36m304[0m 1.459 ms - -[0m
2026-08-02 01:02:28 [INFO]: [0mGET /css/announcement.css [36m304[0m 0.956 ms - -[0m
2026-08-02 01:02:28 [INFO]: [0mGET /css/header.css [36m304[0m 1.028 ms - -[0m
2026-08-02 01:02:28 [INFO]: [0mGET /css/hero.css [36m304[0m 2.146 ms - -[0m
2026-08-02 01:02:28 [INFO]: [0mGET /css/featured.css [36m304[0m 1.395 ms - -[0m
2026-08-02 01:02:28 [INFO]: [0mGET /css/why-choose.css [36m304[0m 1.797 ms - -[0m
2026-08-02 01:02:28 [INFO]: [0mGET /css/footer.css [36m304[0m 0.761 ms - -[0m
2026-08-02 01:02:28 [INFO]: [0mGET /css/auth.css [36m304[0m 0.970 ms - -[0m
2026-08-02 01:02:28 [INFO]: [0mGET /css/verify.css [36m304[0m 1.190 ms - -[0m
2026-08-02 01:02:28 [INFO]: [0mGET /js/footer.js [36m304[0m 0.548 ms - -[0m
2026-08-02 01:02:28 [INFO]: [0mGET /js/auth.js [36m304[0m 0.879 ms - -[0m
2026-08-02 01:02:41 [INFO]: Logout successful : customer_0004@yopmail.com
2026-08-02 01:02:41 [INFO]: [0mPOST /auth/logout [36m302[0m 474.899 ms - 30[0m
2026-08-02 01:02:41 [INFO]: [0mGET / [32m200[0m 8.449 ms - -[0m
2026-08-02 01:02:41 [INFO]: [0mGET /css/style.css [36m304[0m 0.707 ms - -[0m
2026-08-02 01:02:41 [INFO]: [0mGET /images/logo/plantora.png [36m304[0m 0.446 ms - -[0m
2026-08-02 01:02:41 [INFO]: [0mGET /images/hero/hero-placeholder.png [36m304[0m 0.171 ms - -[0m
2026-08-02 01:02:41 [INFO]: [0mGET /images/hero/monstera-plant.jpg [36m304[0m 1.116 ms - -[0m
2026-08-02 01:02:41 [INFO]: [0mGET /js/header.js [36m304[0m 0.724 ms - -[0m
2026-08-02 01:02:41 [INFO]: [0mGET /images/hero/snake-plant.jpg [36m304[0m 1.265 ms - -[0m
2026-08-02 01:02:41 [INFO]: [0mGET /images/hero/peace-lily.jpg [36m304[0m 0.711 ms - -[0m
2026-08-02 01:02:41 [INFO]: [0mGET /js/featured.js [36m304[0m 0.903 ms - -[0m
2026-08-02 01:02:41 [INFO]: [0mGET /js/why-choose.js [36m304[0m 0.897 ms - -[0m
2026-08-02 01:02:41 [INFO]: [0mGET /js/notification.js [36m304[0m 0.229 ms - -[0m
2026-08-02 01:02:41 [INFO]: [0mGET /js/footer.js [36m304[0m 0.377 ms - -[0m
2026-08-02 01:02:41 [INFO]: [0mGET /js/auth.js [36m304[0m 0.223 ms - -[0m
2026-08-02 01:02:41 [INFO]: [0mGET /images/hero/tulip-plant.jpg [36m304[0m 0.213 ms - -[0m
2026-08-02 01:02:41 [INFO]: [0mGET /images/hero/rubber-plant.jpg [36m304[0m 0.810 ms - -[0m
2026-08-02 01:02:41 [INFO]: [0mGET /images/hero/aloe-vera.jpg [36m304[0m 0.625 ms - -[0m
2026-08-02 01:02:41 [INFO]: [0mGET /images/hero/areca-palm.jpg [36m304[0m 1.184 ms - -[0m
2026-08-02 01:02:41 [INFO]: [0mGET /images/hero/jade-plant.jpg [36m304[0m 0.272 ms - -[0m
2026-08-02 01:02:41 [INFO]: [0mGET /images/hero/golden-pothos.jpg [36m304[0m 0.404 ms - -[0m
2026-08-02 01:02:41 [INFO]: [0mGET /images/hero/fiddle-leaf-fig.jpg [36m304[0m 0.330 ms - -[0m
2026-08-02 01:02:41 [INFO]: [0mGET /images/hero/why-choose.jpg [36m304[0m 0.406 ms - -[0m
2026-08-02 01:02:41 [INFO]: [0mGET /css/variables.css [36m304[0m 1.244 ms - -[0m
2026-08-02 01:02:41 [INFO]: [0mGET /css/utilities.css [36m304[0m 1.765 ms - -[0m
2026-08-02 01:02:41 [INFO]: [0mGET /css/animations.css [36m304[0m 2.367 ms - -[0m
2026-08-02 01:02:41 [INFO]: [0mGET /css/announcement.css [36m304[0m 3.525 ms - -[0m
2026-08-02 01:02:41 [INFO]: [0mGET /css/header.css [36m304[0m 1.119 ms - -[0m
2026-08-02 01:02:41 [INFO]: [0mGET /css/hero.css [36m304[0m 1.477 ms - -[0m
2026-08-02 01:02:41 [INFO]: [0mGET /css/featured.css [36m304[0m 1.145 ms - -[0m
2026-08-02 01:02:41 [INFO]: [0mGET /css/why-choose.css [36m304[0m 1.358 ms - -[0m
2026-08-02 01:02:41 [INFO]: [0mGET /css/footer.css [36m304[0m 2.175 ms - -[0m
2026-08-02 01:02:41 [INFO]: [0mGET /css/auth.css [36m304[0m 1.009 ms - -[0m
2026-08-02 01:02:41 [INFO]: [0mGET /css/verify.css [36m304[0m 1.165 ms - -[0m
2026-08-02 01:02:41 [INFO]: [0mGET /images/logo/plantora-orgn-white.png [36m304[0m 0.385 ms - -[0m
2026-08-02 01:02:46 [INFO]: Login successful : customer_0001@yopmail.com
2026-08-02 01:02:46 [INFO]: [0mPOST /auth/login [32m200[0m 706.624 ms - 46[0m
2026-08-02 01:02:47 [INFO]: [0mGET / [32m200[0m 251.978 ms - -[0m
2026-08-02 01:02:47 [INFO]: [0mGET /css/style.css [36m304[0m 0.319 ms - -[0m
2026-08-02 01:02:47 [INFO]: [0mGET /images/logo/plantora.png [36m304[0m 0.375 ms - -[0m
2026-08-02 01:02:47 [INFO]: [0mGET /css/variables.css [36m304[0m 0.471 ms - -[0m
2026-08-02 01:02:47 [INFO]: [0mGET /css/utilities.css [36m304[0m 0.724 ms - -[0m
2026-08-02 01:02:47 [INFO]: [0mGET /css/animations.css [36m304[0m 0.822 ms - -[0m
2026-08-02 01:02:47 [INFO]: [0mGET /css/announcement.css [36m304[0m 0.807 ms - -[0m
2026-08-02 01:02:47 [INFO]: [0mGET /css/hero.css [36m304[0m 1.017 ms - -[0m
2026-08-02 01:02:47 [INFO]: [0mGET /css/featured.css [36m304[0m 1.809 ms - -[0m
2026-08-02 01:02:47 [INFO]: [0mGET /css/header.css [36m304[0m 2.811 ms - -[0m
2026-08-02 01:02:47 [INFO]: [0mGET /css/footer.css [36m304[0m 0.932 ms - -[0m
2026-08-02 01:02:47 [INFO]: [0mGET /css/auth.css [36m304[0m 1.310 ms - -[0m
2026-08-02 01:02:47 [INFO]: [0mGET /css/why-choose.css [36m304[0m 1.740 ms - -[0m
2026-08-02 01:02:47 [INFO]: [0mGET /css/verify.css [36m304[0m 0.673 ms - -[0m
2026-08-02 01:02:47 [INFO]: [0mGET /images/hero/hero-placeholder.png [36m304[0m 1.661 ms - -[0m
2026-08-02 01:02:47 [INFO]: [0mGET /images/hero/monstera-plant.jpg [36m304[0m 1.328 ms - -[0m
2026-08-02 01:02:47 [INFO]: [0mGET /js/header.js [36m304[0m 0.193 ms - -[0m
2026-08-02 01:02:47 [INFO]: [0mGET /js/featured.js [36m304[0m 0.252 ms - -[0m
2026-08-02 01:02:47 [INFO]: [0mGET /js/why-choose.js [36m304[0m 0.801 ms - -[0m
2026-08-02 01:02:47 [INFO]: [0mGET /js/notification.js [36m304[0m 0.687 ms - -[0m
2026-08-02 01:02:47 [INFO]: [0mGET /js/footer.js [36m304[0m 1.262 ms - -[0m
2026-08-02 01:02:47 [INFO]: [0mGET /js/auth.js [36m304[0m 0.716 ms - -[0m
2026-08-02 01:02:47 [INFO]: [0mGET /images/hero/snake-plant.jpg [36m304[0m 1.263 ms - -[0m
2026-08-02 01:02:47 [INFO]: [0mGET /images/hero/peace-lily.jpg [36m304[0m 0.726 ms - -[0m
2026-08-02 01:02:47 [INFO]: [0mGET /images/hero/tulip-plant.jpg [36m304[0m 1.012 ms - -[0m
2026-08-02 01:02:47 [INFO]: [0mGET /images/hero/rubber-plant.jpg [36m304[0m 0.556 ms - -[0m
2026-08-02 01:02:47 [INFO]: [0mGET /images/hero/aloe-vera.jpg [36m304[0m 0.788 ms - -[0m
2026-08-02 01:02:47 [INFO]: [0mGET /images/hero/areca-palm.jpg [36m304[0m 0.512 ms - -[0m
2026-08-02 01:02:47 [INFO]: [0mGET /images/hero/jade-plant.jpg [36m304[0m 0.484 ms - -[0m
2026-08-02 01:02:47 [INFO]: [0mGET /images/hero/golden-pothos.jpg [36m304[0m 0.737 ms - -[0m
2026-08-02 01:02:47 [INFO]: [0mGET /images/hero/fiddle-leaf-fig.jpg [36m304[0m 0.405 ms - -[0m
2026-08-02 01:02:47 [INFO]: [0mGET /images/hero/why-choose.jpg [36m304[0m 0.665 ms - -[0m
2026-08-02 01:02:47 [INFO]: [0mGET /images/logo/plantora-orgn-white.png [36m304[0m 0.489 ms - -[0m
2026-08-02 01:02:49 [INFO]: [0mGET /auth/profile [32m200[0m 114.376 ms - -[0m
2026-08-02 01:02:49 [INFO]: [0mGET /css/style.css [36m304[0m 0.337 ms - -[0m
2026-08-02 01:02:49 [INFO]: [0mGET /css/profile.css [36m304[0m 0.203 ms - -[0m
2026-08-02 01:02:49 [INFO]: [0mGET /images/logo/plantora.png [36m304[0m 0.313 ms - -[0m
2026-08-02 01:02:49 [INFO]: [0mGET /js/profile.js [36m304[0m 0.589 ms - -[0m
2026-08-02 01:02:49 [INFO]: [0mGET /images/logo/plantora-orgn-white.png [36m304[0m 1.243 ms - -[0m
2026-08-02 01:02:49 [INFO]: [0mGET /js/header.js [36m304[0m 1.270 ms - -[0m
2026-08-02 01:02:49 [INFO]: [0mGET /js/featured.js [36m304[0m 1.370 ms - -[0m
2026-08-02 01:02:49 [INFO]: [0mGET /js/why-choose.js [36m304[0m 1.809 ms - -[0m
2026-08-02 01:02:49 [INFO]: [0mGET /js/notification.js [36m304[0m 2.702 ms - -[0m
2026-08-02 01:02:49 [INFO]: [0mGET /js/footer.js [36m304[0m 1.545 ms - -[0m
2026-08-02 01:02:49 [INFO]: [0mGET /js/auth.js [36m304[0m 1.808 ms - -[0m
2026-08-02 01:02:49 [INFO]: [0mGET /css/variables.css [36m304[0m 2.253 ms - -[0m
2026-08-02 01:02:49 [INFO]: [0mGET /css/utilities.css [36m304[0m 3.208 ms - -[0m
2026-08-02 01:02:49 [INFO]: [0mGET /css/animations.css [36m304[0m 4.156 ms - -[0m
2026-08-02 01:02:49 [INFO]: [0mGET /css/announcement.css [36m304[0m 4.103 ms - -[0m
2026-08-02 01:02:49 [INFO]: [0mGET /css/header.css [36m304[0m 0.675 ms - -[0m
2026-08-02 01:02:49 [INFO]: [0mGET /css/hero.css [36m304[0m 0.733 ms - -[0m
2026-08-02 01:02:49 [INFO]: [0mGET /css/featured.css [36m304[0m 0.801 ms - -[0m
2026-08-02 01:02:49 [INFO]: [0mGET /css/why-choose.css [36m304[0m 1.367 ms - -[0m
2026-08-02 01:02:49 [INFO]: [0mGET /css/footer.css [36m304[0m 1.747 ms - -[0m
2026-08-02 01:02:49 [INFO]: [0mGET /css/auth.css [36m304[0m 1.965 ms - -[0m
2026-08-02 01:02:49 [INFO]: [0mGET /css/verify.css [36m304[0m 0.290 ms - -[0m
2026-08-02 01:22:13 [INFO]: [0mGET /auth/profile [36m304[0m 118.428 ms - -[0m
2026-08-02 01:22:13 [INFO]: [0mGET /css/style.css [36m304[0m 0.289 ms - -[0m
2026-08-02 01:22:13 [INFO]: [0mGET /css/profile.css [36m304[0m 0.274 ms - -[0m
2026-08-02 01:22:13 [INFO]: [0mGET /images/logo/plantora.png [36m304[0m 0.211 ms - -[0m
2026-08-02 01:22:13 [INFO]: [0mGET /js/profile.js [36m304[0m 0.420 ms - -[0m
2026-08-02 01:22:13 [INFO]: [0mGET /css/variables.css [36m304[0m 0.866 ms - -[0m
2026-08-02 01:22:13 [INFO]: [0mGET /css/utilities.css [36m304[0m 0.302 ms - -[0m
2026-08-02 01:22:13 [INFO]: [0mGET /css/animations.css [36m304[0m 0.936 ms - -[0m
2026-08-02 01:22:13 [INFO]: [0mGET /css/announcement.css [36m304[0m 1.324 ms - -[0m
2026-08-02 01:22:13 [INFO]: [0mGET /css/header.css [36m304[0m 1.955 ms - -[0m
2026-08-02 01:22:13 [INFO]: [0mGET /css/hero.css [36m304[0m 2.130 ms - -[0m
2026-08-02 01:22:13 [INFO]: [0mGET /css/featured.css [36m304[0m 2.905 ms - -[0m
2026-08-02 01:22:13 [INFO]: [0mGET /css/why-choose.css [36m304[0m 1.006 ms - -[0m
2026-08-02 01:22:13 [INFO]: [0mGET /css/footer.css [36m304[0m 1.057 ms - -[0m
2026-08-02 01:22:13 [INFO]: [0mGET /css/auth.css [36m304[0m 1.284 ms - -[0m
2026-08-02 01:22:13 [INFO]: [0mGET /css/verify.css [36m304[0m 1.413 ms - -[0m
2026-08-02 01:22:13 [INFO]: [0mGET /images/logo/plantora-orgn-white.png [36m304[0m 0.248 ms - -[0m
2026-08-02 01:22:13 [INFO]: [0mGET /js/header.js [36m304[0m 0.556 ms - -[0m
2026-08-02 01:22:13 [INFO]: [0mGET /js/featured.js [36m304[0m 0.909 ms - -[0m
2026-08-02 01:22:13 [INFO]: [0mGET /js/why-choose.js [36m304[0m 1.073 ms - -[0m
2026-08-02 01:22:13 [INFO]: [0mGET /js/notification.js [36m304[0m 1.695 ms - -[0m
2026-08-02 01:22:13 [INFO]: [0mGET /js/footer.js [36m304[0m 0.478 ms - -[0m
2026-08-02 01:22:13 [INFO]: [0mGET /js/auth.js [36m304[0m 1.001 ms - -[0m
2026-08-02 01:22:17 [INFO]: Notification sent successfully. Recipient: 6a6bd604b8ef49ebecf645e3, Type: seller
2026-08-02 01:22:22 [INFO]: Email sent successfully to 'plantora-admin@yopmail.com'. Subject: 'New Seller Request - Plantora'.
2026-08-02 01:22:22 [INFO]: Seller request submitted: customer_0001@yopmail.com
2026-08-02 01:22:22 [INFO]: [0mPOST /auth/become-seller [36m302[0m 6303.701 ms - 112[0m
2026-08-02 01:22:23 [INFO]: [0mGET /auth/profile?type=success&message=Seller%20request%20submitted%20successfully. [32m200[0m 314.378 ms - -[0m
2026-08-02 01:22:23 [INFO]: [0mGET /css/style.css [36m304[0m 0.383 ms - -[0m
2026-08-02 01:22:23 [INFO]: [0mGET /css/profile.css [36m304[0m 0.301 ms - -[0m
2026-08-02 01:22:23 [INFO]: [0mGET /images/logo/plantora.png [36m304[0m 0.519 ms - -[0m
2026-08-02 01:22:23 [INFO]: [0mGET /js/profile.js [36m304[0m 1.061 ms - -[0m
2026-08-02 01:22:23 [INFO]: [0mGET /images/logo/plantora-orgn-white.png [36m304[0m 0.710 ms - -[0m
2026-08-02 01:22:23 [INFO]: [0mGET /js/header.js [36m304[0m 0.616 ms - -[0m
2026-08-02 01:22:23 [INFO]: [0mGET /js/featured.js [36m304[0m 1.349 ms - -[0m
2026-08-02 01:22:23 [INFO]: [0mGET /js/notification.js [36m304[0m 0.668 ms - -[0m
2026-08-02 01:22:23 [INFO]: [0mGET /js/why-choose.js [36m304[0m 1.108 ms - -[0m
2026-08-02 01:22:23 [INFO]: [0mGET /js/footer.js [36m304[0m 0.681 ms - -[0m
2026-08-02 01:22:23 [INFO]: [0mGET /js/auth.js [36m304[0m 0.967 ms - -[0m
2026-08-02 01:22:23 [INFO]: [0mGET /css/variables.css [36m304[0m 0.895 ms - -[0m
2026-08-02 01:22:23 [INFO]: [0mGET /css/utilities.css [36m304[0m 1.733 ms - -[0m
2026-08-02 01:22:23 [INFO]: [0mGET /css/animations.css [36m304[0m 2.061 ms - -[0m
2026-08-02 01:22:23 [INFO]: [0mGET /css/announcement.css [36m304[0m 2.449 ms - -[0m
2026-08-02 01:22:23 [INFO]: [0mGET /css/header.css [36m304[0m 0.954 ms - -[0m
2026-08-02 01:22:23 [INFO]: [0mGET /css/hero.css [36m304[0m 1.197 ms - -[0m
2026-08-02 01:22:23 [INFO]: [0mGET /css/featured.css [36m304[0m 1.948 ms - -[0m
2026-08-02 01:22:23 [INFO]: [0mGET /css/why-choose.css [36m304[0m 2.384 ms - -[0m
2026-08-02 01:22:23 [INFO]: [0mGET /css/footer.css [36m304[0m 3.023 ms - -[0m
2026-08-02 01:22:23 [INFO]: [0mGET /css/auth.css [36m304[0m 0.969 ms - -[0m
2026-08-02 01:22:23 [INFO]: [0mGET /css/verify.css [36m304[0m 0.913 ms - -[0m
2026-08-02 01:22:37 [INFO]: [0mGET /auth/profile [32m200[0m 232.805 ms - -[0m
2026-08-02 01:22:37 [INFO]: [0mGET /css/style.css [36m304[0m 0.315 ms - -[0m
2026-08-02 01:22:37 [INFO]: [0mGET /css/profile.css [36m304[0m 0.778 ms - -[0m
2026-08-02 01:22:37 [INFO]: [0mGET /images/logo/plantora.png [36m304[0m 0.262 ms - -[0m
2026-08-02 01:22:37 [INFO]: [0mGET /js/profile.js [36m304[0m 1.032 ms - -[0m
2026-08-02 01:22:37 [INFO]: [0mGET /images/logo/plantora-orgn-white.png [36m304[0m 1.362 ms - -[0m
2026-08-02 01:22:37 [INFO]: [0mGET /js/header.js [36m304[0m 0.318 ms - -[0m
2026-08-02 01:22:37 [INFO]: [0mGET /js/featured.js [36m304[0m 0.286 ms - -[0m
2026-08-02 01:22:37 [INFO]: [0mGET /js/why-choose.js [36m304[0m 0.694 ms - -[0m
2026-08-02 01:22:37 [INFO]: [0mGET /css/variables.css [36m304[0m 0.900 ms - -[0m
2026-08-02 01:22:37 [INFO]: [0mGET /css/utilities.css [36m304[0m 1.428 ms - -[0m
2026-08-02 01:22:37 [INFO]: [0mGET /css/animations.css [36m304[0m 1.713 ms - -[0m
2026-08-02 01:22:37 [INFO]: [0mGET /css/announcement.css [36m304[0m 2.010 ms - -[0m
2026-08-02 01:22:37 [INFO]: [0mGET /css/hero.css [36m304[0m 2.292 ms - -[0m
2026-08-02 01:22:37 [INFO]: [0mGET /css/header.css [36m304[0m 3.049 ms - -[0m
2026-08-02 01:22:37 [INFO]: [0mGET /css/featured.css [36m304[0m 1.221 ms - -[0m
2026-08-02 01:22:37 [INFO]: [0mGET /css/why-choose.css [36m304[0m 1.419 ms - -[0m
2026-08-02 01:22:37 [INFO]: [0mGET /css/footer.css [36m304[0m 1.637 ms - -[0m
2026-08-02 01:22:37 [INFO]: [0mGET /css/auth.css [36m304[0m 1.680 ms - -[0m
2026-08-02 01:22:37 [INFO]: [0mGET /css/verify.css [36m304[0m 2.238 ms - -[0m
2026-08-02 01:22:37 [INFO]: [0mGET /js/notification.js [36m304[0m 0.310 ms - -[0m
2026-08-02 01:22:37 [INFO]: [0mGET /js/footer.js [36m304[0m 0.252 ms - -[0m
2026-08-02 01:22:37 [INFO]: [0mGET /js/auth.js [36m304[0m 0.358 ms - -[0m
2026-08-02 01:22:39 [INFO]: [0mGET /notifications/latest [32m200[0m 346.341 ms - -[0m
2026-08-02 01:22:44 [ERROR]: Failed to create audit log: AuditLog validation failed: action: `update` is not a valid enum value for path `action`.
2026-08-02 01:22:44 [INFO]: Notification marked as read by plantora-admin@yopmail.com
2026-08-02 01:22:44 [INFO]: [0mPATCH /notifications/6a6e4e712d9b5747ed9b5c69/read?_method=PATCH [32m200[0m 508.794 ms - 57[0m
2026-08-02 01:22:56 [INFO]: [0mGET /admin/users/seller-request/6a668df570d6bc575b762962 [32m200[0m 478.212 ms - -[0m
2026-08-02 01:23:06 [INFO]: Notification sent successfully. Recipient: 6a668df570d6bc575b762962, Type: seller
2026-08-02 01:23:11 [INFO]: Email sent successfully to 'customer_0001@yopmail.com'. Subject: 'Seller Request Update'.
2026-08-02 01:23:11 [ERROR]: Failed to create audit log: AuditLog validation failed: action: `reject_seller` is not a valid enum value for path `action`., severity: `warning` is not a valid enum value for path `severity`.
2026-08-02 01:23:11 [INFO]: [0mPOST /admin/users/seller-request/6a668df570d6bc575b762962/reject [32m200[0m 5435.976 ms - -[0m
2026-08-02 01:23:16 [INFO]: [0mGET / [36m304[0m 250.074 ms - -[0m
2026-08-02 01:23:16 [INFO]: [0mGET /css/style.css [36m304[0m 0.341 ms - -[0m
2026-08-02 01:23:16 [INFO]: [0mGET /images/logo/plantora.png [36m304[0m 0.289 ms - -[0m
2026-08-02 01:23:16 [INFO]: [0mGET /images/hero/hero-placeholder.png [36m304[0m 0.556 ms - -[0m
2026-08-02 01:23:16 [INFO]: [0mGET /images/hero/monstera-plant.jpg [36m304[0m 0.826 ms - -[0m
2026-08-02 01:23:16 [INFO]: [0mGET /js/header.js [36m304[0m 0.853 ms - -[0m
2026-08-02 01:23:16 [INFO]: [0mGET /js/featured.js [36m304[0m 0.921 ms - -[0m
2026-08-02 01:23:16 [INFO]: [0mGET /js/why-choose.js [36m304[0m 1.906 ms - -[0m
2026-08-02 01:23:16 [INFO]: [0mGET /css/variables.css [36m304[0m 1.091 ms - -[0m
2026-08-02 01:23:16 [INFO]: [0mGET /css/utilities.css [36m304[0m 1.148 ms - -[0m
2026-08-02 01:23:16 [INFO]: [0mGET /css/animations.css [36m304[0m 1.117 ms - -[0m
2026-08-02 01:23:16 [INFO]: [0mGET /css/announcement.css [36m304[0m 1.270 ms - -[0m
2026-08-02 01:23:16 [INFO]: [0mGET /css/header.css [36m304[0m 1.616 ms - -[0m
2026-08-02 01:23:16 [INFO]: [0mGET /css/hero.css [36m304[0m 2.430 ms - -[0m
2026-08-02 01:23:16 [INFO]: [0mGET /css/featured.css [36m304[0m 1.125 ms - -[0m
2026-08-02 01:23:16 [INFO]: [0mGET /css/why-choose.css [36m304[0m 0.680 ms - -[0m
2026-08-02 01:23:16 [INFO]: [0mGET /css/footer.css [36m304[0m 1.008 ms - -[0m
2026-08-02 01:23:16 [INFO]: [0mGET /css/auth.css [36m304[0m 1.775 ms - -[0m
2026-08-02 01:23:16 [INFO]: [0mGET /css/verify.css [36m304[0m 2.215 ms - -[0m
2026-08-02 01:23:16 [INFO]: [0mGET /js/notification.js [36m304[0m 1.167 ms - -[0m
2026-08-02 01:23:16 [INFO]: [0mGET /js/footer.js [36m304[0m 1.682 ms - -[0m
2026-08-02 01:23:16 [INFO]: [0mGET /js/auth.js [36m304[0m 1.874 ms - -[0m
2026-08-02 01:23:16 [INFO]: [0mGET /images/hero/snake-plant.jpg [36m304[0m 2.283 ms - -[0m
2026-08-02 01:23:16 [INFO]: [0mGET /images/hero/peace-lily.jpg [36m304[0m 2.648 ms - -[0m
2026-08-02 01:23:16 [INFO]: [0mGET /images/hero/tulip-plant.jpg [36m304[0m 0.186 ms - -[0m
2026-08-02 01:23:17 [INFO]: [0mGET /images/hero/rubber-plant.jpg [36m304[0m 0.386 ms - -[0m
2026-08-02 01:23:17 [INFO]: [0mGET /images/hero/aloe-vera.jpg [36m304[0m 0.611 ms - -[0m
2026-08-02 01:23:17 [INFO]: [0mGET /images/hero/areca-palm.jpg [36m304[0m 0.369 ms - -[0m
2026-08-02 01:23:17 [INFO]: [0mGET /images/hero/jade-plant.jpg [36m304[0m 0.453 ms - -[0m
2026-08-02 01:23:17 [INFO]: [0mGET /images/hero/golden-pothos.jpg [36m304[0m 0.830 ms - -[0m
2026-08-02 01:23:17 [INFO]: [0mGET /images/hero/fiddle-leaf-fig.jpg [36m304[0m 1.370 ms - -[0m
2026-08-02 01:23:17 [INFO]: [0mGET /images/hero/why-choose.jpg [36m304[0m 1.490 ms - -[0m
2026-08-02 01:23:17 [INFO]: [0mGET /images/logo/plantora-orgn-white.png [36m304[0m 0.415 ms - -[0m
2026-08-02 01:23:23 [INFO]: [0mGET /auth/profile [32m200[0m 179.122 ms - -[0m
2026-08-02 01:23:23 [INFO]: [0mGET /css/style.css [36m304[0m 0.281 ms - -[0m
2026-08-02 01:23:23 [INFO]: [0mGET /css/profile.css [36m304[0m 0.546 ms - -[0m
2026-08-02 01:23:23 [INFO]: [0mGET /js/profile.js [36m304[0m 0.292 ms - -[0m
2026-08-02 01:23:23 [INFO]: [0mGET /images/logo/plantora.png [36m304[0m 0.422 ms - -[0m
2026-08-02 01:23:23 [INFO]: [0mGET /images/logo/plantora-orgn-white.png [36m304[0m 0.660 ms - -[0m
2026-08-02 01:23:23 [INFO]: [0mGET /js/header.js [36m304[0m 0.868 ms - -[0m
2026-08-02 01:23:23 [INFO]: [0mGET /js/featured.js [36m304[0m 1.789 ms - -[0m
2026-08-02 01:23:23 [INFO]: [0mGET /js/why-choose.js [36m304[0m 0.946 ms - -[0m
2026-08-02 01:23:23 [INFO]: [0mGET /js/footer.js [36m304[0m 0.563 ms - -[0m
2026-08-02 01:23:23 [INFO]: [0mGET /js/notification.js [36m304[0m 1.743 ms - -[0m
2026-08-02 01:23:23 [INFO]: [0mGET /js/auth.js [36m304[0m 0.696 ms - -[0m
2026-08-02 01:23:23 [INFO]: [0mGET /css/variables.css [36m304[0m 0.901 ms - -[0m
2026-08-02 01:23:23 [INFO]: [0mGET /css/utilities.css [36m304[0m 1.254 ms - -[0m
2026-08-02 01:23:23 [INFO]: [0mGET /css/animations.css [36m304[0m 1.325 ms - -[0m
2026-08-02 01:23:23 [INFO]: [0mGET /css/announcement.css [36m304[0m 1.633 ms - -[0m
2026-08-02 01:23:23 [INFO]: [0mGET /css/header.css [36m304[0m 0.966 ms - -[0m
2026-08-02 01:23:23 [INFO]: [0mGET /css/hero.css [36m304[0m 0.958 ms - -[0m
2026-08-02 01:23:23 [INFO]: [0mGET /css/featured.css [36m304[0m 1.131 ms - -[0m
2026-08-02 01:23:23 [INFO]: [0mGET /css/why-choose.css [36m304[0m 1.359 ms - -[0m
2026-08-02 01:23:23 [INFO]: [0mGET /css/footer.css [36m304[0m 0.410 ms - -[0m
2026-08-02 01:23:23 [INFO]: [0mGET /css/auth.css [36m304[0m 1.022 ms - -[0m
2026-08-02 01:23:23 [INFO]: [0mGET /css/verify.css [36m304[0m 0.589 ms - -[0m
2026-08-02 01:23:25 [INFO]: [0mGET /notifications/latest [32m200[0m 374.715 ms - 397[0m
2026-08-02 01:23:46 [INFO]: [0mGET /notifications/latest [36m304[0m 417.531 ms - -[0m
2026-08-02 01:23:48 [ERROR]: Failed to create audit log: AuditLog validation failed: target.model: Path `model` is required., action: `update` is not a valid enum value for path `action`.
2026-08-02 01:23:48 [INFO]: All notifications marked as read by customer_0001@yopmail.com
2026-08-02 01:23:48 [INFO]: [0mPATCH /notifications/read-all?_method=PATCH [32m200[0m 306.965 ms - 62[0m
2026-08-02 01:23:49 [INFO]: [0mGET /notifications/latest [32m200[0m 381.270 ms - 396[0m
2026-08-02 01:24:41 [INFO]: Logout successful : customer_0001@yopmail.com
2026-08-02 01:24:41 [INFO]: [0mPOST /auth/logout [36m302[0m 468.943 ms - 30[0m
2026-08-02 01:24:41 [INFO]: [0mGET / [32m200[0m 9.032 ms - -[0m
2026-08-02 01:24:41 [INFO]: [0mGET /css/style.css [36m304[0m 0.322 ms - -[0m
2026-08-02 01:24:41 [INFO]: [0mGET /images/logo/plantora.png [36m304[0m 0.274 ms - -[0m
2026-08-02 01:24:41 [INFO]: [0mGET /images/hero/hero-placeholder.png [36m304[0m 0.413 ms - -[0m
2026-08-02 01:24:41 [INFO]: [0mGET /images/hero/monstera-plant.jpg [36m304[0m 0.254 ms - -[0m
2026-08-02 01:24:41 [INFO]: [0mGET /css/variables.css [36m304[0m 0.667 ms - -[0m
2026-08-02 01:24:41 [INFO]: [0mGET /css/utilities.css [36m304[0m 0.950 ms - -[0m
2026-08-02 01:24:41 [INFO]: [0mGET /css/animations.css [36m304[0m 1.444 ms - -[0m
2026-08-02 01:24:41 [INFO]: [0mGET /css/announcement.css [36m304[0m 1.714 ms - -[0m
2026-08-02 01:24:41 [INFO]: [0mGET /css/header.css [36m304[0m 1.370 ms - -[0m
2026-08-02 01:24:41 [INFO]: [0mGET /css/featured.css [36m304[0m 0.546 ms - -[0m
2026-08-02 01:24:41 [INFO]: [0mGET /css/why-choose.css [36m304[0m 0.705 ms - -[0m
2026-08-02 01:24:41 [INFO]: [0mGET /css/hero.css [36m304[0m 1.008 ms - -[0m
2026-08-02 01:24:41 [INFO]: [0mGET /css/auth.css [36m304[0m 0.346 ms - -[0m
2026-08-02 01:24:41 [INFO]: [0mGET /css/footer.css [36m304[0m 0.620 ms - -[0m
2026-08-02 01:24:41 [INFO]: [0mGET /css/verify.css [36m304[0m 0.117 ms - -[0m
2026-08-02 01:24:41 [INFO]: [0mGET /images/hero/snake-plant.jpg [36m304[0m 0.764 ms - -[0m
2026-08-02 01:24:41 [INFO]: [0mGET /images/hero/peace-lily.jpg [36m304[0m 1.073 ms - -[0m
2026-08-02 01:24:41 [INFO]: [0mGET /js/header.js [36m304[0m 1.049 ms - -[0m
2026-08-02 01:24:41 [INFO]: [0mGET /js/featured.js [36m304[0m 0.343 ms - -[0m
2026-08-02 01:24:41 [INFO]: [0mGET /js/why-choose.js [36m304[0m 0.281 ms - -[0m
2026-08-02 01:24:41 [INFO]: [0mGET /js/notification.js [36m304[0m 0.260 ms - -[0m
2026-08-02 01:24:41 [INFO]: [0mGET /js/footer.js [36m304[0m 0.469 ms - -[0m
2026-08-02 01:24:41 [INFO]: [0mGET /js/auth.js [36m304[0m 0.161 ms - -[0m
2026-08-02 01:24:41 [INFO]: [0mGET /images/hero/tulip-plant.jpg [36m304[0m 0.200 ms - -[0m
2026-08-02 01:24:41 [INFO]: [0mGET /images/hero/rubber-plant.jpg [36m304[0m 0.221 ms - -[0m
2026-08-02 01:24:41 [INFO]: [0mGET /images/hero/aloe-vera.jpg [36m304[0m 0.184 ms - -[0m
2026-08-02 01:24:41 [INFO]: [0mGET /images/hero/areca-palm.jpg [36m304[0m 0.219 ms - -[0m
2026-08-02 01:24:41 [INFO]: [0mGET /images/hero/jade-plant.jpg [36m304[0m 0.173 ms - -[0m
2026-08-02 01:24:41 [INFO]: [0mGET /images/hero/golden-pothos.jpg [36m304[0m 0.224 ms - -[0m
2026-08-02 01:24:41 [INFO]: [0mGET /images/hero/fiddle-leaf-fig.jpg [36m304[0m 0.345 ms - -[0m
2026-08-02 01:24:41 [INFO]: [0mGET /images/hero/why-choose.jpg [36m304[0m 0.382 ms - -[0m
2026-08-02 01:24:41 [INFO]: [0mGET /images/logo/plantora-orgn-white.png [36m304[0m 0.381 ms - -[0m
2026-08-02 01:24:56 [INFO]: Login successful : customer_0001@yopmail.com
2026-08-02 01:24:56 [INFO]: [0mPOST /auth/login [32m200[0m 669.691 ms - 46[0m
2026-08-02 01:24:58 [INFO]: [0mGET / [32m200[0m 230.514 ms - -[0m
2026-08-02 01:24:58 [INFO]: [0mGET /css/style.css [36m304[0m 0.278 ms - -[0m
2026-08-02 01:24:58 [INFO]: [0mGET /images/logo/plantora.png [36m304[0m 0.236 ms - -[0m
2026-08-02 01:24:58 [INFO]: [0mGET /images/hero/hero-placeholder.png [36m304[0m 0.355 ms - -[0m
2026-08-02 01:24:58 [INFO]: [0mGET /css/variables.css [36m304[0m 0.317 ms - -[0m
2026-08-02 01:24:58 [INFO]: [0mGET /css/utilities.css [36m304[0m 0.983 ms - -[0m
2026-08-02 01:24:58 [INFO]: [0mGET /css/animations.css [36m304[0m 1.032 ms - -[0m
2026-08-02 01:24:58 [INFO]: [0mGET /css/announcement.css [36m304[0m 1.133 ms - -[0m
2026-08-02 01:24:58 [INFO]: [0mGET /css/header.css [36m304[0m 0.981 ms - -[0m
2026-08-02 01:24:58 [INFO]: [0mGET /css/hero.css [36m304[0m 1.038 ms - -[0m
2026-08-02 01:24:58 [INFO]: [0mGET /css/featured.css [36m304[0m 1.190 ms - -[0m
2026-08-02 01:24:58 [INFO]: [0mGET /css/why-choose.css [36m304[0m 0.732 ms - -[0m
2026-08-02 01:24:58 [INFO]: [0mGET /css/footer.css [36m304[0m 2.372 ms - -[0m
2026-08-02 01:24:58 [INFO]: [0mGET /css/auth.css [36m304[0m 2.174 ms - -[0m
2026-08-02 01:24:58 [INFO]: [0mGET /css/verify.css [36m304[0m 2.094 ms - -[0m
2026-08-02 01:24:58 [INFO]: [0mGET /images/hero/monstera-plant.jpg [36m304[0m 0.508 ms - -[0m
2026-08-02 01:24:58 [INFO]: [0mGET /js/header.js [36m304[0m 0.880 ms - -[0m
2026-08-02 01:24:58 [INFO]: [0mGET /js/featured.js [36m304[0m 0.477 ms - -[0m
2026-08-02 01:24:58 [INFO]: [0mGET /js/why-choose.js [36m304[0m 0.501 ms - -[0m
2026-08-02 01:24:58 [INFO]: [0mGET /js/notification.js [36m304[0m 0.442 ms - -[0m
2026-08-02 01:24:58 [INFO]: [0mGET /js/footer.js [36m304[0m 0.921 ms - -[0m
2026-08-02 01:24:58 [INFO]: [0mGET /js/auth.js [36m304[0m 1.026 ms - -[0m
2026-08-02 01:24:58 [INFO]: [0mGET /images/hero/snake-plant.jpg [36m304[0m 0.296 ms - -[0m
2026-08-02 01:24:58 [INFO]: [0mGET /images/hero/peace-lily.jpg [36m304[0m 0.240 ms - -[0m
2026-08-02 01:24:58 [INFO]: [0mGET /images/hero/tulip-plant.jpg [36m304[0m 0.464 ms - -[0m
2026-08-02 01:24:58 [INFO]: [0mGET /images/hero/rubber-plant.jpg [36m304[0m 0.607 ms - -[0m
2026-08-02 01:24:58 [INFO]: [0mGET /images/hero/aloe-vera.jpg [36m304[0m 0.478 ms - -[0m
2026-08-02 01:24:58 [INFO]: [0mGET /images/hero/areca-palm.jpg [36m304[0m 0.332 ms - -[0m
2026-08-02 01:24:58 [INFO]: [0mGET /images/hero/jade-plant.jpg [36m304[0m 0.495 ms - -[0m
2026-08-02 01:24:58 [INFO]: [0mGET /images/hero/golden-pothos.jpg [36m304[0m 0.478 ms - -[0m
2026-08-02 01:24:58 [INFO]: [0mGET /images/hero/fiddle-leaf-fig.jpg [36m304[0m 0.826 ms - -[0m
2026-08-02 01:24:58 [INFO]: [0mGET /images/hero/why-choose.jpg [36m304[0m 0.394 ms - -[0m
2026-08-02 01:24:58 [INFO]: [0mGET /images/logo/plantora-orgn-white.png [36m304[0m 0.421 ms - -[0m
2026-08-02 01:25:01 [INFO]: [0mGET /auth/profile [32m200[0m 323.461 ms - -[0m
2026-08-02 01:25:01 [INFO]: [0mGET /css/style.css [36m304[0m 0.858 ms - -[0m
2026-08-02 01:25:01 [INFO]: [0mGET /css/profile.css [36m304[0m 0.676 ms - -[0m
2026-08-02 01:25:01 [INFO]: [0mGET /images/logo/plantora.png [36m304[0m 0.706 ms - -[0m
2026-08-02 01:25:01 [INFO]: [0mGET /js/profile.js [36m304[0m 0.731 ms - -[0m
2026-08-02 01:25:01 [INFO]: [0mGET /images/logo/plantora-orgn-white.png [36m304[0m 1.071 ms - -[0m
2026-08-02 01:25:01 [INFO]: [0mGET /js/header.js [36m304[0m 1.031 ms - -[0m
2026-08-02 01:25:01 [INFO]: [0mGET /js/featured.js [36m304[0m 1.861 ms - -[0m
2026-08-02 01:25:01 [INFO]: [0mGET /js/why-choose.js [36m304[0m 1.742 ms - -[0m
2026-08-02 01:25:01 [INFO]: [0mGET /js/notification.js [36m304[0m 1.988 ms - -[0m
2026-08-02 01:25:01 [INFO]: [0mGET /css/variables.css [36m304[0m 0.676 ms - -[0m
2026-08-02 01:25:01 [INFO]: [0mGET /css/utilities.css [36m304[0m 0.447 ms - -[0m
2026-08-02 01:25:01 [INFO]: [0mGET /css/animations.css [36m304[0m 0.626 ms - -[0m
2026-08-02 01:25:01 [INFO]: [0mGET /css/announcement.css [36m304[0m 1.064 ms - -[0m
2026-08-02 01:25:01 [INFO]: [0mGET /css/header.css [36m304[0m 0.838 ms - -[0m
2026-08-02 01:25:01 [INFO]: [0mGET /css/hero.css [36m304[0m 1.483 ms - -[0m
2026-08-02 01:25:01 [INFO]: [0mGET /css/why-choose.css [36m304[0m 0.828 ms - -[0m
2026-08-02 01:25:01 [INFO]: [0mGET /css/featured.css [36m304[0m 2.491 ms - -[0m
2026-08-02 01:25:01 [INFO]: [0mGET /css/footer.css [36m304[0m 2.566 ms - -[0m
2026-08-02 01:25:01 [INFO]: [0mGET /css/auth.css [36m304[0m 2.733 ms - -[0m
2026-08-02 01:25:01 [INFO]: [0mGET /css/verify.css [36m304[0m 0.561 ms - -[0m
2026-08-02 01:25:01 [INFO]: [0mGET /js/footer.js [36m304[0m 0.405 ms - -[0m
2026-08-02 01:25:01 [INFO]: [0mGET /js/auth.js [36m304[0m 0.384 ms - -[0m
2026-08-02 01:25:18 [INFO]: Image uploaded successfully to '[object Object]'.
2026-08-02 01:25:18 [INFO]: Local file deleted successfully: E:\Webskitters_Academy\NODE JS\final_project_node\plantora_final_project_node_ejs\uploads\temp\aaa9866b-df87-40d9-8dca-872748bd64f3.jpg
2026-08-02 01:25:18 [INFO]: Image '[object Object]/5a0c1f1e-3abd-43cb-bc91-c48f836ab825_ujlzzt' deleted successfully.
2026-08-02 01:25:18 [INFO]: Profile updated : customer_0001@yopmail.com
2026-08-02 01:25:18 [INFO]: [0mPUT /auth/profile?_method=PUT [36m302[0m 9928.988 ms - 101[0m
2026-08-02 01:25:18 [INFO]: [0mGET /auth/profile?type=success&message=Profile%20updated%20successfully. [32m200[0m 122.154 ms - -[0m
2026-08-02 01:25:18 [INFO]: [0mGET /css/style.css [36m304[0m 0.597 ms - -[0m
2026-08-02 01:25:18 [INFO]: [0mGET /css/profile.css [36m304[0m 1.061 ms - -[0m
2026-08-02 01:25:18 [INFO]: [0mGET /images/logo/plantora.png [36m304[0m 0.347 ms - -[0m
2026-08-02 01:25:18 [INFO]: [0mGET /js/profile.js [36m304[0m 0.288 ms - -[0m
2026-08-02 01:25:18 [INFO]: [0mGET /css/variables.css [36m304[0m 0.830 ms - -[0m
2026-08-02 01:25:18 [INFO]: [0mGET /css/utilities.css [36m304[0m 1.110 ms - -[0m
2026-08-02 01:25:18 [INFO]: [0mGET /css/animations.css [36m304[0m 1.357 ms - -[0m
2026-08-02 01:25:18 [INFO]: [0mGET /css/header.css [36m304[0m 0.473 ms - -[0m
2026-08-02 01:25:18 [INFO]: [0mGET /css/announcement.css [36m304[0m 0.759 ms - -[0m
2026-08-02 01:25:18 [INFO]: [0mGET /css/why-choose.css [36m304[0m 0.315 ms - -[0m
2026-08-02 01:25:18 [INFO]: [0mGET /css/featured.css [36m304[0m 1.008 ms - -[0m
2026-08-02 01:25:18 [INFO]: [0mGET /css/hero.css [36m304[0m 2.177 ms - -[0m
2026-08-02 01:25:18 [INFO]: [0mGET /css/footer.css [36m304[0m 1.556 ms - -[0m
2026-08-02 01:25:18 [INFO]: [0mGET /css/auth.css [36m304[0m 1.914 ms - -[0m
2026-08-02 01:25:18 [INFO]: [0mGET /css/verify.css [36m304[0m 2.184 ms - -[0m
2026-08-02 01:25:18 [INFO]: [0mGET /images/logo/plantora-orgn-white.png [36m304[0m 0.621 ms - -[0m
2026-08-02 01:25:18 [INFO]: [0mGET /js/header.js [36m304[0m 0.577 ms - -[0m
2026-08-02 01:25:18 [INFO]: [0mGET /js/featured.js [36m304[0m 1.756 ms - -[0m
2026-08-02 01:25:18 [INFO]: [0mGET /js/why-choose.js [36m304[0m 1.508 ms - -[0m
2026-08-02 01:25:18 [INFO]: [0mGET /js/notification.js [36m304[0m 1.699 ms - -[0m
2026-08-02 01:25:18 [INFO]: [0mGET /js/footer.js [36m304[0m 1.906 ms - -[0m
2026-08-02 01:25:18 [INFO]: [0mGET /js/auth.js [36m304[0m 2.293 ms - -[0m
2026-08-02 02:21:16 [INFO]: MongoDB connected successfully.
2026-08-02 02:21:18 [INFO]: Email server connected successfully.
2026-08-02 02:21:18 [INFO]: Server is running on port 5132.
2026-08-02 02:21:34 [INFO]: MongoDB connected successfully.
2026-08-02 02:21:37 [INFO]: Email server connected successfully.
2026-08-02 02:21:37 [INFO]: Server is running on port 5132.
2026-08-02 02:22:34 [INFO]: MongoDB connected successfully.
2026-08-02 02:22:36 [INFO]: SIGINT received. Shutting down server...
2026-08-02 02:22:39 [INFO]: MongoDB connected successfully.
2026-08-02 02:22:41 [INFO]: Email server connected successfully.
2026-08-02 02:22:41 [INFO]: Server is running on port 5132.
2026-08-02 02:23:08 [INFO]: Logout successful : customer_0001@yopmail.com
2026-08-02 02:23:08 [INFO]: [0mPOST /auth/logout [36m302[0m 297.728 ms - 30[0m
2026-08-02 02:23:08 [INFO]: [0mGET / [32m200[0m 12.672 ms - -[0m
2026-08-02 02:23:08 [INFO]: [0mGET /css/style.css [36m304[0m 0.913 ms - -[0m
2026-08-02 02:23:08 [INFO]: [0mGET /images/logo/plantora.png [36m304[0m 0.531 ms - -[0m
2026-08-02 02:23:08 [INFO]: [0mGET /images/hero/hero-placeholder.png [36m304[0m 0.893 ms - -[0m
2026-08-02 02:23:08 [INFO]: [0mGET /images/hero/monstera-plant.jpg [36m304[0m 1.322 ms - -[0m
2026-08-02 02:23:08 [INFO]: [0mGET /images/hero/snake-plant.jpg [36m304[0m 1.748 ms - -[0m
2026-08-02 02:23:08 [INFO]: [0mGET /images/hero/peace-lily.jpg [36m304[0m 1.862 ms - -[0m
2026-08-02 02:23:08 [INFO]: [0mGET /js/header.js [36m304[0m 0.809 ms - -[0m
2026-08-02 02:23:08 [INFO]: [0mGET /css/variables.css [36m304[0m 1.707 ms - -[0m
2026-08-02 02:23:08 [INFO]: [0mGET /css/utilities.css [36m304[0m 2.103 ms - -[0m
2026-08-02 02:23:08 [INFO]: [0mGET /css/animations.css [36m304[0m 1.485 ms - -[0m
2026-08-02 02:23:08 [INFO]: [0mGET /css/announcement.css [36m304[0m 1.717 ms - -[0m
2026-08-02 02:23:08 [INFO]: [0mGET /css/hero.css [36m304[0m 1.722 ms - -[0m
2026-08-02 02:23:08 [INFO]: [0mGET /css/header.css [36m304[0m 2.346 ms - -[0m
2026-08-02 02:23:08 [INFO]: [0mGET /css/featured.css [36m304[0m 2.393 ms - -[0m
2026-08-02 02:23:08 [INFO]: [0mGET /css/why-choose.css [36m304[0m 1.933 ms - -[0m
2026-08-02 02:23:08 [INFO]: [0mGET /css/footer.css [36m304[0m 2.248 ms - -[0m
2026-08-02 02:23:08 [INFO]: [0mGET /css/auth.css [36m304[0m 2.566 ms - -[0m
2026-08-02 02:23:08 [INFO]: [0mGET /css/verify.css [36m304[0m 2.155 ms - -[0m
2026-08-02 02:23:08 [INFO]: [0mGET /js/featured.js [36m304[0m 0.712 ms - -[0m
2026-08-02 02:23:08 [INFO]: [0mGET /js/why-choose.js [36m304[0m 1.038 ms - -[0m
2026-08-02 02:23:08 [INFO]: [0mGET /js/notification.js [36m304[0m 1.681 ms - -[0m
2026-08-02 02:23:08 [INFO]: [0mGET /js/footer.js [36m304[0m 0.860 ms - -[0m
2026-08-02 02:23:08 [INFO]: [0mGET /js/auth.js [36m304[0m 1.510 ms - -[0m
2026-08-02 02:23:08 [INFO]: [0mGET /images/hero/tulip-plant.jpg [36m304[0m 0.786 ms - -[0m
2026-08-02 02:23:08 [INFO]: [0mGET /images/hero/rubber-plant.jpg [36m304[0m 1.699 ms - -[0m
2026-08-02 02:23:08 [INFO]: [0mGET /images/hero/aloe-vera.jpg [36m304[0m 1.229 ms - -[0m
2026-08-02 02:23:08 [INFO]: [0mGET /images/hero/areca-palm.jpg [36m304[0m 0.313 ms - -[0m
2026-08-02 02:23:08 [INFO]: [0mGET /images/hero/jade-plant.jpg [36m304[0m 0.559 ms - -[0m
2026-08-02 02:23:08 [INFO]: [0mGET /images/hero/golden-pothos.jpg [36m304[0m 0.314 ms - -[0m
2026-08-02 02:23:08 [INFO]: [0mGET /images/hero/fiddle-leaf-fig.jpg [36m304[0m 0.298 ms - -[0m
2026-08-02 02:23:08 [INFO]: [0mGET /images/hero/why-choose.jpg [36m304[0m 0.332 ms - -[0m
2026-08-02 02:23:08 [INFO]: [0mGET /images/logo/plantora-orgn-white.png [36m304[0m 0.478 ms - -[0m
2026-08-02 02:23:17 [INFO]: Logout successful : plantora-admin@yopmail.com
2026-08-02 02:23:17 [INFO]: [0mPOST /auth/logout [36m302[0m 221.216 ms - 30[0m
2026-08-02 02:23:17 [INFO]: [0mGET / [32m200[0m 5.013 ms - -[0m
2026-08-02 02:23:17 [INFO]: [0mGET /css/style.css [36m304[0m 1.032 ms - -[0m
2026-08-02 02:23:17 [INFO]: [0mGET /images/logo/plantora.png [36m304[0m 1.156 ms - -[0m
2026-08-02 02:23:17 [INFO]: [0mGET /images/hero/hero-placeholder.png [36m304[0m 1.793 ms - -[0m
2026-08-02 02:23:17 [INFO]: [0mGET /images/hero/monstera-plant.jpg [36m304[0m 0.559 ms - -[0m
2026-08-02 02:23:17 [INFO]: [0mGET /images/hero/snake-plant.jpg [36m304[0m 1.182 ms - -[0m
2026-08-02 02:23:17 [INFO]: [0mGET /images/hero/peace-lily.jpg [36m304[0m 1.594 ms - -[0m
2026-08-02 02:23:17 [INFO]: [0mGET /js/header.js [36m304[0m 0.905 ms - -[0m
2026-08-02 02:23:17 [INFO]: [0mGET /css/variables.css [36m304[0m 0.299 ms - -[0m
2026-08-02 02:23:17 [INFO]: [0mGET /css/utilities.css [36m304[0m 0.897 ms - -[0m
2026-08-02 02:23:17 [INFO]: [0mGET /css/animations.css [36m304[0m 1.304 ms - -[0m
2026-08-02 02:23:17 [INFO]: [0mGET /css/announcement.css [36m304[0m 1.649 ms - -[0m
2026-08-02 02:23:17 [INFO]: [0mGET /css/header.css [36m304[0m 2.103 ms - -[0m
2026-08-02 02:23:17 [INFO]: [0mGET /css/hero.css [36m304[0m 3.267 ms - -[0m
2026-08-02 02:23:17 [INFO]: [0mGET /css/featured.css [36m304[0m 1.133 ms - -[0m
2026-08-02 02:23:17 [INFO]: [0mGET /css/why-choose.css [36m304[0m 1.243 ms - -[0m
2026-08-02 02:23:17 [INFO]: [0mGET /css/footer.css [36m304[0m 1.347 ms - -[0m
2026-08-02 02:23:17 [INFO]: [0mGET /css/auth.css [36m304[0m 1.624 ms - -[0m
2026-08-02 02:23:17 [INFO]: [0mGET /css/verify.css [36m304[0m 1.863 ms - -[0m
2026-08-02 02:23:17 [INFO]: [0mGET /js/featured.js [36m304[0m 0.909 ms - -[0m
2026-08-02 02:23:17 [INFO]: [0mGET /js/why-choose.js [36m304[0m 1.164 ms - -[0m
2026-08-02 02:23:17 [INFO]: [0mGET /js/notification.js [36m304[0m 1.366 ms - -[0m
2026-08-02 02:23:17 [INFO]: [0mGET /js/footer.js [36m304[0m 1.693 ms - -[0m
2026-08-02 02:23:17 [INFO]: [0mGET /js/auth.js [36m304[0m 2.042 ms - -[0m
2026-08-02 02:23:17 [INFO]: [0mGET /images/hero/tulip-plant.jpg [36m304[0m 0.447 ms - -[0m
2026-08-02 02:23:17 [INFO]: [0mGET /images/hero/rubber-plant.jpg [36m304[0m 0.753 ms - -[0m
2026-08-02 02:23:17 [INFO]: [0mGET /images/hero/aloe-vera.jpg [36m304[0m 1.365 ms - -[0m
2026-08-02 02:23:17 [INFO]: [0mGET /images/hero/areca-palm.jpg [36m304[0m 1.579 ms - -[0m
2026-08-02 02:23:17 [INFO]: [0mGET /images/hero/jade-plant.jpg [36m304[0m 1.168 ms - -[0m
2026-08-02 02:23:17 [INFO]: [0mGET /images/hero/golden-pothos.jpg [36m304[0m 0.393 ms - -[0m
2026-08-02 02:23:17 [INFO]: [0mGET /images/hero/fiddle-leaf-fig.jpg [36m304[0m 0.381 ms - -[0m
2026-08-02 02:23:17 [INFO]: [0mGET /images/hero/why-choose.jpg [36m304[0m 0.269 ms - -[0m
2026-08-02 02:23:17 [INFO]: [0mGET /images/logo/plantora-orgn-white.png [36m304[0m 0.395 ms - -[0m
2026-08-02 02:23:38 [INFO]: SIGINT received. Shutting down server...
2026-08-02 02:27:53 [INFO]: MongoDB connected successfully.
2026-08-02 02:27:56 [INFO]: Email server connected successfully.
2026-08-02 02:27:56 [INFO]: Server is running on port 5132.
2026-08-02 02:28:03 [INFO]: MongoDB connected successfully.
2026-08-02 02:28:33 [INFO]: [0mGET / [36m304[0m 11.607 ms - -[0m
2026-08-02 02:28:33 [INFO]: [0mGET /css/style.css [36m304[0m 0.782 ms - -[0m
2026-08-02 02:28:33 [INFO]: [0mGET /images/logo/plantora.png [36m304[0m 0.341 ms - -[0m
2026-08-02 02:28:33 [INFO]: [0mGET /images/hero/hero-placeholder.png [36m304[0m 0.630 ms - -[0m
2026-08-02 02:28:33 [INFO]: [0mGET /images/hero/monstera-plant.jpg [36m304[0m 0.490 ms - -[0m
2026-08-02 02:28:33 [INFO]: [0mGET /css/variables.css [36m304[0m 0.909 ms - -[0m
2026-08-02 02:28:33 [INFO]: [0mGET /css/utilities.css [36m304[0m 0.320 ms - -[0m
2026-08-02 02:28:33 [INFO]: [0mGET /css/animations.css [36m304[0m 0.367 ms - -[0m
2026-08-02 02:28:33 [INFO]: [0mGET /css/announcement.css [36m304[0m 0.261 ms - -[0m
2026-08-02 02:28:33 [INFO]: [0mGET /css/header.css [36m304[0m 0.262 ms - -[0m
2026-08-02 02:28:33 [INFO]: [0mGET /css/hero.css [36m304[0m 0.272 ms - -[0m
2026-08-02 02:28:33 [INFO]: [0mGET /css/featured.css [36m304[0m 0.306 ms - -[0m
2026-08-02 02:28:33 [INFO]: [0mGET /css/why-choose.css [36m304[0m 0.458 ms - -[0m
2026-08-02 02:28:33 [INFO]: [0mGET /css/footer.css [36m304[0m 0.355 ms - -[0m
2026-08-02 02:28:33 [INFO]: [0mGET /css/auth.css [36m304[0m 0.604 ms - -[0m
2026-08-02 02:28:33 [INFO]: [0mGET /css/verify.css [36m304[0m 0.211 ms - -[0m
2026-08-02 02:28:33 [INFO]: [0mGET /images/hero/snake-plant.jpg [36m304[0m 0.223 ms - -[0m
2026-08-02 02:28:33 [INFO]: [0mGET /images/hero/peace-lily.jpg [36m304[0m 0.262 ms - -[0m
2026-08-02 02:28:33 [INFO]: [0mGET /js/header.js [36m304[0m 0.246 ms - -[0m
2026-08-02 02:28:33 [INFO]: [0mGET /js/featured.js [36m304[0m 0.288 ms - -[0m
2026-08-02 02:28:33 [INFO]: [0mGET /js/why-choose.js [36m304[0m 0.341 ms - -[0m
2026-08-02 02:28:33 [INFO]: [0mGET /js/notification.js [36m304[0m 0.637 ms - -[0m
2026-08-02 02:28:33 [INFO]: [0mGET /js/footer.js [36m304[0m 0.293 ms - -[0m
2026-08-02 02:28:33 [INFO]: [0mGET /js/auth.js [36m304[0m 0.429 ms - -[0m
2026-08-02 02:28:33 [INFO]: [0mGET /images/hero/tulip-plant.jpg [36m304[0m 1.019 ms - -[0m
2026-08-02 02:28:33 [INFO]: [0mGET /images/hero/rubber-plant.jpg [36m304[0m 0.222 ms - -[0m
2026-08-02 02:28:33 [INFO]: [0mGET /images/hero/aloe-vera.jpg [36m304[0m 0.435 ms - -[0m
2026-08-02 02:28:33 [INFO]: [0mGET /images/hero/areca-palm.jpg [36m304[0m 0.162 ms - -[0m
2026-08-02 02:28:33 [INFO]: [0mGET /images/hero/jade-plant.jpg [36m304[0m 1.098 ms - -[0m
2026-08-02 02:28:33 [INFO]: [0mGET /images/hero/golden-pothos.jpg [36m304[0m 1.215 ms - -[0m
2026-08-02 02:28:33 [INFO]: [0mGET /images/hero/fiddle-leaf-fig.jpg [36m304[0m 1.415 ms - -[0m
2026-08-02 02:28:33 [INFO]: [0mGET /images/hero/why-choose.jpg [36m304[0m 1.676 ms - -[0m
2026-08-02 02:28:33 [INFO]: [0mGET /images/logo/plantora-orgn-white.png [36m304[0m 0.226 ms - -[0m
2026-08-02 02:30:02 [INFO]: [0mGET / [36m304[0m 5.038 ms - -[0m
2026-08-02 02:30:02 [INFO]: [0mGET /css/style.css [36m304[0m 0.561 ms - -[0m
2026-08-02 02:30:02 [INFO]: [0mGET /images/hero/hero-placeholder.png [36m304[0m 0.457 ms - -[0m
2026-08-02 02:30:02 [INFO]: [0mGET /images/logo/plantora.png [36m304[0m 1.051 ms - -[0m
2026-08-02 02:30:02 [INFO]: [0mGET /images/hero/monstera-plant.jpg [36m304[0m 0.445 ms - -[0m
2026-08-02 02:30:02 [INFO]: [0mGET /css/variables.css [36m304[0m 0.305 ms - -[0m
2026-08-02 02:30:02 [INFO]: [0mGET /css/utilities.css [36m304[0m 0.345 ms - -[0m
2026-08-02 02:30:02 [INFO]: [0mGET /css/animations.css [36m304[0m 0.215 ms - -[0m
2026-08-02 02:30:02 [INFO]: [0mGET /css/announcement.css [36m304[0m 0.246 ms - -[0m
2026-08-02 02:30:02 [INFO]: [0mGET /css/header.css [36m304[0m 0.474 ms - -[0m
2026-08-02 02:30:02 [INFO]: [0mGET /css/hero.css [36m304[0m 0.594 ms - -[0m
2026-08-02 02:30:02 [INFO]: [0mGET /css/featured.css [36m304[0m 0.193 ms - -[0m
2026-08-02 02:30:02 [INFO]: [0mGET /css/why-choose.css [36m304[0m 0.265 ms - -[0m
2026-08-02 02:30:02 [INFO]: [0mGET /css/footer.css [36m304[0m 0.184 ms - -[0m
2026-08-02 02:30:02 [INFO]: [0mGET /css/auth.css [36m304[0m 0.250 ms - -[0m
2026-08-02 02:30:02 [INFO]: [0mGET /css/verify.css [36m304[0m 0.265 ms - -[0m
2026-08-02 02:30:02 [INFO]: [0mGET /images/hero/snake-plant.jpg [36m304[0m 0.223 ms - -[0m
2026-08-02 02:30:02 [INFO]: [0mGET /images/hero/peace-lily.jpg [36m304[0m 0.360 ms - -[0m
2026-08-02 02:30:02 [INFO]: [0mGET /js/header.js [36m304[0m 0.290 ms - -[0m
2026-08-02 02:30:02 [INFO]: [0mGET /js/featured.js [36m304[0m 0.295 ms - -[0m
2026-08-02 02:30:02 [INFO]: [0mGET /js/why-choose.js [36m304[0m 0.409 ms - -[0m
2026-08-02 02:30:02 [INFO]: [0mGET /js/notification.js [36m304[0m 0.838 ms - -[0m
2026-08-02 02:30:02 [INFO]: [0mGET /js/footer.js [36m304[0m 0.573 ms - -[0m
2026-08-02 02:30:02 [INFO]: [0mGET /js/auth.js [36m304[0m 0.156 ms - -[0m
2026-08-02 02:30:02 [INFO]: [0mGET /images/hero/tulip-plant.jpg [36m304[0m 0.180 ms - -[0m
2026-08-02 02:30:02 [INFO]: [0mGET /images/hero/rubber-plant.jpg [36m304[0m 0.236 ms - -[0m
2026-08-02 02:30:02 [INFO]: [0mGET /images/hero/aloe-vera.jpg [36m304[0m 0.218 ms - -[0m
2026-08-02 02:30:02 [INFO]: [0mGET /images/hero/areca-palm.jpg [36m304[0m 0.284 ms - -[0m
2026-08-02 02:30:02 [INFO]: [0mGET /images/hero/jade-plant.jpg [36m304[0m 0.169 ms - -[0m
2026-08-02 02:30:02 [INFO]: [0mGET /images/hero/golden-pothos.jpg [36m304[0m 0.137 ms - -[0m
2026-08-02 02:30:02 [INFO]: [0mGET /images/hero/fiddle-leaf-fig.jpg [36m304[0m 0.355 ms - -[0m
2026-08-02 02:30:02 [INFO]: [0mGET /images/hero/why-choose.jpg [36m304[0m 0.181 ms - -[0m
2026-08-02 02:30:02 [INFO]: [0mGET /images/logo/plantora-orgn-white.png [36m304[0m 0.320 ms - -[0m
2026-08-02 02:30:13 [INFO]: Login successful : admin-plantora@yopmail.com
2026-08-02 02:30:13 [INFO]: [0mPOST /auth/login [32m200[0m 573.948 ms - 46[0m
2026-08-02 02:30:14 [INFO]: [0mGET / [32m200[0m 79.056 ms - -[0m
2026-08-02 02:30:14 [INFO]: [0mGET /css/style.css [36m304[0m 0.890 ms - -[0m
2026-08-02 02:30:14 [INFO]: [0mGET /images/logo/plantora.png [36m304[0m 0.928 ms - -[0m
2026-08-02 02:30:14 [INFO]: [0mGET /images/hero/hero-placeholder.png [36m304[0m 0.492 ms - -[0m
2026-08-02 02:30:14 [INFO]: [0mGET /images/hero/monstera-plant.jpg [36m304[0m 0.288 ms - -[0m
2026-08-02 02:30:14 [INFO]: [0mGET /css/variables.css [36m304[0m 1.221 ms - -[0m
2026-08-02 02:30:14 [INFO]: [0mGET /css/utilities.css [36m304[0m 1.519 ms - -[0m
2026-08-02 02:30:14 [INFO]: [0mGET /css/animations.css [36m304[0m 1.893 ms - -[0m
2026-08-02 02:30:14 [INFO]: [0mGET /js/header.js [36m304[0m 1.907 ms - -[0m
2026-08-02 02:30:14 [INFO]: [0mGET /js/featured.js [36m304[0m 0.336 ms - -[0m
2026-08-02 02:30:14 [INFO]: [0mGET /css/announcement.css [36m304[0m 1.019 ms - -[0m
2026-08-02 02:30:14 [INFO]: [0mGET /css/header.css [36m304[0m 1.248 ms - -[0m
2026-08-02 02:30:14 [INFO]: [0mGET /css/hero.css [36m304[0m 1.471 ms - -[0m
2026-08-02 02:30:14 [INFO]: [0mGET /css/featured.css [36m304[0m 1.893 ms - -[0m
2026-08-02 02:30:14 [INFO]: [0mGET /css/why-choose.css [36m304[0m 0.755 ms - -[0m
2026-08-02 02:30:14 [INFO]: [0mGET /css/footer.css [36m304[0m 1.903 ms - -[0m
2026-08-02 02:30:14 [INFO]: [0mGET /css/auth.css [36m304[0m 0.746 ms - -[0m
2026-08-02 02:30:14 [INFO]: [0mGET /css/verify.css [36m304[0m 1.808 ms - -[0m
2026-08-02 02:30:14 [INFO]: [0mGET /js/why-choose.js [36m304[0m 1.013 ms - -[0m
2026-08-02 02:30:14 [INFO]: [0mGET /js/notification.js [36m304[0m 1.044 ms - -[0m
2026-08-02 02:30:14 [INFO]: [0mGET /js/footer.js [36m304[0m 1.223 ms - -[0m
2026-08-02 02:30:14 [INFO]: [0mGET /js/auth.js [36m304[0m 0.263 ms - -[0m
2026-08-02 02:30:14 [INFO]: [0mGET /images/hero/snake-plant.jpg [36m304[0m 0.646 ms - -[0m
2026-08-02 02:30:14 [INFO]: [0mGET /images/hero/peace-lily.jpg [36m304[0m 0.436 ms - -[0m
2026-08-02 02:30:14 [INFO]: [0mGET /images/hero/tulip-plant.jpg [36m304[0m 0.261 ms - -[0m
2026-08-02 02:30:14 [INFO]: [0mGET /images/hero/rubber-plant.jpg [36m304[0m 0.415 ms - -[0m
2026-08-02 02:30:14 [INFO]: [0mGET /images/hero/aloe-vera.jpg [36m304[0m 0.165 ms - -[0m
2026-08-02 02:30:14 [INFO]: [0mGET /images/hero/areca-palm.jpg [36m304[0m 0.143 ms - -[0m
2026-08-02 02:30:14 [INFO]: [0mGET /images/hero/jade-plant.jpg [36m304[0m 0.223 ms - -[0m
2026-08-02 02:30:14 [INFO]: [0mGET /images/hero/golden-pothos.jpg [36m304[0m 0.434 ms - -[0m
2026-08-02 02:30:14 [INFO]: [0mGET /images/hero/fiddle-leaf-fig.jpg [36m304[0m 0.445 ms - -[0m
2026-08-02 02:30:14 [INFO]: [0mGET /images/hero/why-choose.jpg [36m304[0m 0.594 ms - -[0m
2026-08-02 02:30:14 [INFO]: [0mGET /images/logo/plantora-orgn-white.png [36m304[0m 0.859 ms - -[0m
2026-08-02 02:30:34 [INFO]: [0mGET /notifications/latest [32m200[0m 156.862 ms - 35[0m
2026-08-02 02:30:37 [INFO]: [0mGET /auth/profile [32m200[0m 144.988 ms - -[0m
2026-08-02 02:30:37 [INFO]: [0mGET /css/style.css [36m304[0m 0.905 ms - -[0m
2026-08-02 02:30:37 [INFO]: [0mGET /css/profile.css [36m304[0m 0.903 ms - -[0m
2026-08-02 02:30:37 [INFO]: [0mGET /images/logo/plantora.png [36m304[0m 0.457 ms - -[0m
2026-08-02 02:30:37 [INFO]: [0mGET /js/profile.js [36m304[0m 0.774 ms - -[0m
2026-08-02 02:30:37 [INFO]: [0mGET /images/logo/plantora-orgn-white.png [36m304[0m 0.317 ms - -[0m
2026-08-02 02:30:37 [INFO]: [0mGET /js/notification.js [36m304[0m 0.735 ms - -[0m
2026-08-02 02:30:37 [INFO]: [0mGET /js/header.js [36m304[0m 1.097 ms - -[0m
2026-08-02 02:30:37 [INFO]: [0mGET /js/featured.js [36m304[0m 1.543 ms - -[0m
2026-08-02 02:30:37 [INFO]: [0mGET /js/why-choose.js [36m304[0m 1.777 ms - -[0m
2026-08-02 02:30:37 [INFO]: [0mGET /css/variables.css [36m304[0m 0.614 ms - -[0m
2026-08-02 02:30:37 [INFO]: [0mGET /css/utilities.css [36m304[0m 0.668 ms - -[0m
2026-08-02 02:30:37 [INFO]: [0mGET /css/animations.css [36m304[0m 0.763 ms - -[0m
2026-08-02 02:30:37 [INFO]: [0mGET /css/announcement.css [36m304[0m 1.358 ms - -[0m
2026-08-02 02:30:37 [INFO]: [0mGET /css/header.css [36m304[0m 1.958 ms - -[0m
2026-08-02 02:30:37 [INFO]: [0mGET /css/hero.css [36m304[0m 1.216 ms - -[0m
2026-08-02 02:30:37 [INFO]: [0mGET /css/featured.css [36m304[0m 0.967 ms - -[0m
2026-08-02 02:30:37 [INFO]: [0mGET /css/why-choose.css [36m304[0m 1.063 ms - -[0m
2026-08-02 02:30:37 [INFO]: [0mGET /css/footer.css [36m304[0m 1.205 ms - -[0m
2026-08-02 02:30:37 [INFO]: [0mGET /css/auth.css [36m304[0m 1.339 ms - -[0m
2026-08-02 02:30:37 [INFO]: [0mGET /css/verify.css [36m304[0m 0.220 ms - -[0m
2026-08-02 02:30:37 [INFO]: [0mGET /js/footer.js [36m304[0m 0.556 ms - -[0m
2026-08-02 02:30:37 [INFO]: [0mGET /js/auth.js [36m304[0m 0.675 ms - -[0m
2026-08-02 02:32:00 [INFO]: Image uploaded successfully to 'plantora/profile'.
2026-08-02 02:32:00 [INFO]: Local file deleted successfully: E:\Webskitters_Academy\NODE JS\final_project_node\plantora_final_project_node_ejs\uploads\temp\955d413d-f8a6-4831-9dcb-ad1471d9dd7c.jpg
2026-08-02 02:32:00 [INFO]: Profile updated : admin-plantora@yopmail.com
2026-08-02 02:32:00 [INFO]: [0mPUT /auth/profile?_method=PUT [36m302[0m 2779.155 ms - 101[0m
2026-08-02 02:32:00 [INFO]: [0mGET /auth/profile?type=success&message=Profile%20updated%20successfully. [32m200[0m 119.233 ms - -[0m
2026-08-02 02:32:00 [INFO]: [0mGET /css/style.css [36m304[0m 0.621 ms - -[0m
2026-08-02 02:32:00 [INFO]: [0mGET /css/profile.css [36m304[0m 1.609 ms - -[0m
2026-08-02 02:32:00 [INFO]: [0mGET /images/logo/plantora.png [36m304[0m 1.044 ms - -[0m
2026-08-02 02:32:00 [INFO]: [0mGET /js/profile.js [36m304[0m 0.206 ms - -[0m
2026-08-02 02:32:00 [INFO]: [0mGET /images/logo/plantora-orgn-white.png [36m304[0m 0.169 ms - -[0m
2026-08-02 02:32:00 [INFO]: [0mGET /js/header.js [36m304[0m 0.715 ms - -[0m
2026-08-02 02:32:00 [INFO]: [0mGET /js/featured.js [36m304[0m 1.087 ms - -[0m
2026-08-02 02:32:00 [INFO]: [0mGET /js/why-choose.js [36m304[0m 1.273 ms - -[0m
2026-08-02 02:32:00 [INFO]: [0mGET /js/notification.js [36m304[0m 1.488 ms - -[0m
2026-08-02 02:32:00 [INFO]: [0mGET /css/variables.css [36m304[0m 0.258 ms - -[0m
2026-08-02 02:32:00 [INFO]: [0mGET /css/utilities.css [36m304[0m 0.694 ms - -[0m
2026-08-02 02:32:00 [INFO]: [0mGET /css/animations.css [36m304[0m 0.944 ms - -[0m
2026-08-02 02:32:00 [INFO]: [0mGET /css/announcement.css [36m304[0m 1.199 ms - -[0m
2026-08-02 02:32:00 [INFO]: [0mGET /css/header.css [36m304[0m 2.145 ms - -[0m
2026-08-02 02:32:00 [INFO]: [0mGET /css/featured.css [36m304[0m 0.945 ms - -[0m
2026-08-02 02:32:00 [INFO]: [0mGET /css/why-choose.css [36m304[0m 0.561 ms - -[0m
2026-08-02 02:32:00 [INFO]: [0mGET /css/footer.css [36m304[0m 0.739 ms - -[0m
2026-08-02 02:32:00 [INFO]: [0mGET /css/auth.css [36m304[0m 0.932 ms - -[0m
2026-08-02 02:32:00 [INFO]: [0mGET /css/hero.css [36m304[0m 1.210 ms - -[0m
2026-08-02 02:32:00 [INFO]: [0mGET /css/verify.css [36m304[0m 1.461 ms - -[0m
2026-08-02 02:32:00 [INFO]: [0mGET /js/footer.js [36m304[0m 0.652 ms - -[0m
2026-08-02 02:32:00 [INFO]: [0mGET /js/auth.js [36m304[0m 0.756 ms - -[0m
2026-08-02 02:34:09 [INFO]: Email sent successfully to 'adam-jones@yopmail.com'. Subject: 'Verify Your Plantora Account'.
2026-08-02 02:34:09 [INFO]: Customer registered successfully : adam-jones@yopmail.com
2026-08-02 02:34:09 [INFO]: [0mPOST /auth/register [32m201[0m 5413.216 ms - 97[0m
2026-08-02 02:34:17 [INFO]: Email verified successfully : adam-jones@yopmail.com
2026-08-02 02:34:17 [INFO]: [0mGET /auth/verify-email/7b4d7950d865670c1386f9e6ed0b68a97db276f4928861de4fe0ae5e3bc2a477 [32m200[0m 201.486 ms - -[0m
2026-08-02 02:34:17 [INFO]: [0mGET /auth/verify-email/public/js/header.js [33m404[0m 1.573 ms - 101[0m
2026-08-02 02:34:17 [INFO]: [0mGET /css/style.css [36m304[0m 1.939 ms - -[0m
2026-08-02 02:34:17 [INFO]: [0mGET /js/featured.js [36m304[0m 0.128 ms - -[0m
2026-08-02 02:34:17 [INFO]: [0mGET /js/why-choose.js [36m304[0m 1.087 ms - -[0m
2026-08-02 02:34:17 [INFO]: [0mGET /js/notification.js [36m304[0m 1.671 ms - -[0m
2026-08-02 02:34:17 [INFO]: [0mGET /js/auth.js [36m304[0m 1.641 ms - -[0m
2026-08-02 02:34:17 [INFO]: [0mGET /js/footer.js [36m304[0m 0.153 ms - -[0m
2026-08-02 02:34:17 [INFO]: [0mGET /js/verify.js [32m200[0m 1.304 ms - -[0m
2026-08-02 02:34:17 [INFO]: [0mGET /css/variables.css [36m304[0m 0.428 ms - -[0m
2026-08-02 02:34:17 [INFO]: [0mGET /css/utilities.css [36m304[0m 0.602 ms - -[0m
2026-08-02 02:34:17 [INFO]: [0mGET /css/animations.css [36m304[0m 0.802 ms - -[0m
2026-08-02 02:34:17 [INFO]: [0mGET /css/announcement.css [36m304[0m 1.229 ms - -[0m
2026-08-02 02:34:17 [INFO]: [0mGET /css/header.css [36m304[0m 0.344 ms - -[0m
2026-08-02 02:34:17 [INFO]: [0mGET /css/featured.css [36m304[0m 0.583 ms - -[0m
2026-08-02 02:34:17 [INFO]: [0mGET /css/why-choose.css [36m304[0m 0.943 ms - -[0m
2026-08-02 02:34:17 [INFO]: [0mGET /css/footer.css [36m304[0m 1.104 ms - -[0m
2026-08-02 02:34:17 [INFO]: [0mGET /css/hero.css [36m304[0m 1.275 ms - -[0m
2026-08-02 02:34:17 [INFO]: [0mGET /css/auth.css [36m304[0m 1.538 ms - -[0m
2026-08-02 02:34:17 [INFO]: [0mGET /css/verify.css [36m304[0m 0.950 ms - -[0m
2026-08-02 02:34:22 [INFO]: [0mGET /?openLogin=true [32m200[0m 3.361 ms - -[0m
2026-08-02 02:34:22 [INFO]: [0mGET /css/style.css [36m304[0m 0.438 ms - -[0m
2026-08-02 02:34:22 [INFO]: [0mGET /images/logo/plantora.png [36m304[0m 0.653 ms - -[0m
2026-08-02 02:34:22 [INFO]: [0mGET /images/hero/hero-placeholder.png [36m304[0m 0.888 ms - -[0m
2026-08-02 02:34:22 [INFO]: [0mGET /images/hero/monstera-plant.jpg [36m304[0m 0.650 ms - -[0m
2026-08-02 02:34:22 [INFO]: [0mGET /images/hero/snake-plant.jpg [36m304[0m 0.885 ms - -[0m
2026-08-02 02:34:22 [INFO]: [0mGET /images/hero/peace-lily.jpg [36m304[0m 1.120 ms - -[0m
2026-08-02 02:34:22 [INFO]: [0mGET /js/header.js [36m304[0m 1.266 ms - -[0m
2026-08-02 02:34:22 [INFO]: [0mGET /js/featured.js [36m304[0m 0.251 ms - -[0m
2026-08-02 02:34:22 [INFO]: [0mGET /js/why-choose.js [36m304[0m 0.200 ms - -[0m
2026-08-02 02:34:22 [INFO]: [0mGET /js/notification.js [36m304[0m 0.238 ms - -[0m
2026-08-02 02:34:22 [INFO]: [0mGET /js/footer.js [36m304[0m 0.356 ms - -[0m
2026-08-02 02:34:22 [INFO]: [0mGET /js/auth.js [36m304[0m 0.468 ms - -[0m
2026-08-02 02:34:22 [INFO]: [0mGET /images/hero/tulip-plant.jpg [36m304[0m 0.200 ms - -[0m
2026-08-02 02:34:22 [INFO]: [0mGET /images/hero/rubber-plant.jpg [36m304[0m 0.101 ms - -[0m
2026-08-02 02:34:22 [INFO]: [0mGET /images/hero/aloe-vera.jpg [36m304[0m 0.111 ms - -[0m
2026-08-02 02:34:22 [INFO]: [0mGET /images/hero/areca-palm.jpg [36m304[0m 0.324 ms - -[0m
2026-08-02 02:34:22 [INFO]: [0mGET /images/hero/jade-plant.jpg [36m304[0m 0.107 ms - -[0m
2026-08-02 02:34:22 [INFO]: [0mGET /images/hero/golden-pothos.jpg [36m304[0m 0.430 ms - -[0m
2026-08-02 02:34:22 [INFO]: [0mGET /images/hero/fiddle-leaf-fig.jpg [36m304[0m 0.609 ms - -[0m
2026-08-02 02:34:22 [INFO]: [0mGET /images/hero/why-choose.jpg [36m304[0m 0.138 ms - -[0m
2026-08-02 02:34:22 [INFO]: [0mGET /css/variables.css [36m304[0m 0.939 ms - -[0m
2026-08-02 02:34:22 [INFO]: [0mGET /css/utilities.css [36m304[0m 1.283 ms - -[0m
2026-08-02 02:34:22 [INFO]: [0mGET /css/animations.css [36m304[0m 1.447 ms - -[0m
2026-08-02 02:34:22 [INFO]: [0mGET /css/announcement.css [36m304[0m 1.582 ms - -[0m
2026-08-02 02:34:22 [INFO]: [0mGET /css/header.css [36m304[0m 1.770 ms - -[0m
2026-08-02 02:34:22 [INFO]: [0mGET /css/hero.css [36m304[0m 1.887 ms - -[0m
2026-08-02 02:34:22 [INFO]: [0mGET /css/why-choose.css [36m304[0m 0.253 ms - -[0m
2026-08-02 02:34:22 [INFO]: [0mGET /css/featured.css [36m304[0m 0.645 ms - -[0m
2026-08-02 02:34:22 [INFO]: [0mGET /css/footer.css [36m304[0m 0.646 ms - -[0m
2026-08-02 02:34:22 [INFO]: [0mGET /css/auth.css [36m304[0m 0.772 ms - -[0m
2026-08-02 02:34:22 [INFO]: [0mGET /css/verify.css [36m304[0m 1.127 ms - -[0m
2026-08-02 02:34:22 [INFO]: [0mGET /images/logo/plantora-orgn-white.png [36m304[0m 0.218 ms - -[0m
2026-08-02 02:34:36 [INFO]: Login successful : adam-jones@yopmail.com
2026-08-02 02:34:36 [INFO]: [0mPOST /auth/login [32m200[0m 465.365 ms - 46[0m
2026-08-02 02:34:37 [INFO]: [0mGET /?openLogin=true [32m200[0m 87.843 ms - -[0m
2026-08-02 02:34:37 [INFO]: [0mGET /css/style.css [36m304[0m 0.535 ms - -[0m
2026-08-02 02:34:37 [INFO]: [0mGET /images/logo/plantora.png [36m304[0m 0.693 ms - -[0m
2026-08-02 02:34:37 [INFO]: [0mGET /images/hero/hero-placeholder.png [36m304[0m 0.391 ms - -[0m
2026-08-02 02:34:37 [INFO]: [0mGET /images/hero/monstera-plant.jpg [36m304[0m 0.620 ms - -[0m
2026-08-02 02:34:37 [INFO]: [0mGET /css/variables.css [36m304[0m 0.268 ms - -[0m
2026-08-02 02:34:37 [INFO]: [0mGET /css/utilities.css [36m304[0m 0.401 ms - -[0m
2026-08-02 02:34:37 [INFO]: [0mGET /css/animations.css [36m304[0m 0.193 ms - -[0m
2026-08-02 02:34:37 [INFO]: [0mGET /css/announcement.css [36m304[0m 0.630 ms - -[0m
2026-08-02 02:34:37 [INFO]: [0mGET /css/header.css [36m304[0m 0.447 ms - -[0m
2026-08-02 02:34:37 [INFO]: [0mGET /css/hero.css [36m304[0m 0.258 ms - -[0m
2026-08-02 02:34:37 [INFO]: [0mGET /css/featured.css [36m304[0m 0.498 ms - -[0m
2026-08-02 02:34:37 [INFO]: [0mGET /css/why-choose.css [36m304[0m 0.360 ms - -[0m
2026-08-02 02:34:37 [INFO]: [0mGET /css/footer.css [36m304[0m 0.886 ms - -[0m
2026-08-02 02:34:37 [INFO]: [0mGET /css/auth.css [36m304[0m 1.026 ms - -[0m
2026-08-02 02:34:37 [INFO]: [0mGET /css/verify.css [36m304[0m 0.647 ms - -[0m
2026-08-02 02:34:37 [INFO]: [0mGET /js/header.js [36m304[0m 0.283 ms - -[0m
2026-08-02 02:34:37 [INFO]: [0mGET /js/featured.js [36m304[0m 1.099 ms - -[0m
2026-08-02 02:34:37 [INFO]: [0mGET /js/why-choose.js [36m304[0m 0.895 ms - -[0m
2026-08-02 02:34:37 [INFO]: [0mGET /js/notification.js [36m304[0m 0.671 ms - -[0m
2026-08-02 02:34:37 [INFO]: [0mGET /js/footer.js [36m304[0m 0.242 ms - -[0m
2026-08-02 02:34:37 [INFO]: [0mGET /js/auth.js [36m304[0m 0.335 ms - -[0m
2026-08-02 02:34:37 [INFO]: [0mGET /images/hero/snake-plant.jpg [36m304[0m 0.496 ms - -[0m
2026-08-02 02:34:37 [INFO]: [0mGET /images/hero/peace-lily.jpg [36m304[0m 0.199 ms - -[0m
2026-08-02 02:34:37 [INFO]: [0mGET /images/hero/tulip-plant.jpg [36m304[0m 0.288 ms - -[0m
2026-08-02 02:34:37 [INFO]: [0mGET /images/hero/rubber-plant.jpg [36m304[0m 0.622 ms - -[0m
2026-08-02 02:34:37 [INFO]: [0mGET /images/hero/aloe-vera.jpg [36m304[0m 0.380 ms - -[0m
2026-08-02 02:34:37 [INFO]: [0mGET /images/hero/areca-palm.jpg [36m304[0m 0.730 ms - -[0m
2026-08-02 02:34:37 [INFO]: [0mGET /images/hero/jade-plant.jpg [36m304[0m 0.195 ms - -[0m
2026-08-02 02:34:37 [INFO]: [0mGET /images/hero/golden-pothos.jpg [36m304[0m 0.790 ms - -[0m
2026-08-02 02:34:37 [INFO]: [0mGET /images/hero/fiddle-leaf-fig.jpg [36m304[0m 0.861 ms - -[0m
2026-08-02 02:34:37 [INFO]: [0mGET /images/hero/why-choose.jpg [36m304[0m 0.944 ms - -[0m
2026-08-02 02:34:37 [INFO]: [0mGET /images/logo/plantora-orgn-white.png [36m304[0m 0.943 ms - -[0m
2026-08-02 02:34:41 [INFO]: [0mGET /auth/profile [32m200[0m 119.108 ms - -[0m
2026-08-02 02:34:41 [INFO]: [0mGET /css/style.css [36m304[0m 0.341 ms - -[0m
2026-08-02 02:34:41 [INFO]: [0mGET /css/profile.css [36m304[0m 0.461 ms - -[0m
2026-08-02 02:34:41 [INFO]: [0mGET /images/logo/plantora.png [36m304[0m 0.870 ms - -[0m
2026-08-02 02:34:41 [INFO]: [0mGET /js/profile.js [36m304[0m 1.289 ms - -[0m
2026-08-02 02:34:41 [INFO]: [0mGET /images/logo/plantora-orgn-white.png [36m304[0m 0.850 ms - -[0m
2026-08-02 02:34:41 [INFO]: [0mGET /js/header.js [36m304[0m 0.688 ms - -[0m
2026-08-02 02:34:41 [INFO]: [0mGET /js/featured.js [36m304[0m 0.954 ms - -[0m
2026-08-02 02:34:41 [INFO]: [0mGET /js/why-choose.js [36m304[0m 1.188 ms - -[0m
2026-08-02 02:34:41 [INFO]: [0mGET /js/notification.js [36m304[0m 1.851 ms - -[0m
2026-08-02 02:34:41 [INFO]: [0mGET /css/variables.css [36m304[0m 0.804 ms - -[0m
2026-08-02 02:34:41 [INFO]: [0mGET /css/utilities.css [36m304[0m 0.596 ms - -[0m
2026-08-02 02:34:41 [INFO]: [0mGET /css/animations.css [36m304[0m 0.754 ms - -[0m
2026-08-02 02:34:41 [INFO]: [0mGET /css/announcement.css [36m304[0m 0.951 ms - -[0m
2026-08-02 02:34:41 [INFO]: [0mGET /css/header.css [36m304[0m 1.733 ms - -[0m
2026-08-02 02:34:41 [INFO]: [0mGET /css/hero.css [36m304[0m 1.064 ms - -[0m
2026-08-02 02:34:41 [INFO]: [0mGET /css/featured.css [36m304[0m 0.777 ms - -[0m
2026-08-02 02:34:41 [INFO]: [0mGET /css/why-choose.css [36m304[0m 0.888 ms - -[0m
2026-08-02 02:34:41 [INFO]: [0mGET /css/footer.css [36m304[0m 0.972 ms - -[0m
2026-08-02 02:34:41 [INFO]: [0mGET /css/auth.css [36m304[0m 1.365 ms - -[0m
2026-08-02 02:34:41 [INFO]: [0mGET /css/verify.css [36m304[0m 0.587 ms - -[0m
2026-08-02 02:34:41 [INFO]: [0mGET /js/footer.js [36m304[0m 0.463 ms - -[0m
2026-08-02 02:34:41 [INFO]: [0mGET /js/auth.js [36m304[0m 0.677 ms - -[0m
2026-08-02 02:36:41 [INFO]: Image uploaded successfully to 'plantora/profile'.
2026-08-02 02:36:41 [INFO]: Local file deleted successfully: E:\Webskitters_Academy\NODE JS\final_project_node\plantora_final_project_node_ejs\uploads\temp\97be7503-eb39-4197-966a-b19a899c7a37.jpg
2026-08-02 02:36:41 [INFO]: Profile updated : adam-jones@yopmail.com
2026-08-02 02:36:41 [INFO]: [0mPUT /auth/profile?_method=PUT [36m302[0m 2832.094 ms - 101[0m
2026-08-02 02:36:41 [INFO]: [0mGET /auth/profile?type=success&message=Profile%20updated%20successfully. [32m200[0m 115.513 ms - -[0m
2026-08-02 02:36:41 [INFO]: [0mGET /css/style.css [36m304[0m 0.660 ms - -[0m
2026-08-02 02:36:41 [INFO]: [0mGET /css/profile.css [36m304[0m 0.714 ms - -[0m
2026-08-02 02:36:41 [INFO]: [0mGET /images/logo/plantora.png [36m304[0m 0.422 ms - -[0m
2026-08-02 02:36:41 [INFO]: [0mGET /css/variables.css [36m304[0m 0.419 ms - -[0m
2026-08-02 02:36:41 [INFO]: [0mGET /css/utilities.css [36m304[0m 0.626 ms - -[0m
2026-08-02 02:36:41 [INFO]: [0mGET /css/animations.css [36m304[0m 0.972 ms - -[0m
2026-08-02 02:36:41 [INFO]: [0mGET /css/announcement.css [36m304[0m 0.564 ms - -[0m
2026-08-02 02:36:41 [INFO]: [0mGET /css/header.css [36m304[0m 0.901 ms - -[0m
2026-08-02 02:36:41 [INFO]: [0mGET /css/hero.css [36m304[0m 1.374 ms - -[0m
2026-08-02 02:36:41 [INFO]: [0mGET /css/featured.css [36m304[0m 0.423 ms - -[0m
2026-08-02 02:36:41 [INFO]: [0mGET /css/why-choose.css [36m304[0m 0.580 ms - -[0m
2026-08-02 02:36:41 [INFO]: [0mGET /css/footer.css [36m304[0m 0.742 ms - -[0m
2026-08-02 02:36:41 [INFO]: [0mGET /css/auth.css [36m304[0m 0.955 ms - -[0m
2026-08-02 02:36:41 [INFO]: [0mGET /css/verify.css [36m304[0m 0.607 ms - -[0m
2026-08-02 02:36:41 [INFO]: [0mGET /js/profile.js [36m304[0m 1.743 ms - -[0m
2026-08-02 02:36:41 [INFO]: [0mGET /images/logo/plantora-orgn-white.png [36m304[0m 1.365 ms - -[0m
2026-08-02 02:36:41 [INFO]: [0mGET /js/header.js [36m304[0m 1.228 ms - -[0m
2026-08-02 02:36:41 [INFO]: [0mGET /js/featured.js [36m304[0m 1.201 ms - -[0m
2026-08-02 02:36:41 [INFO]: [0mGET /js/why-choose.js [36m304[0m 1.366 ms - -[0m
2026-08-02 02:36:41 [INFO]: [0mGET /js/notification.js [36m304[0m 0.311 ms - -[0m
2026-08-02 02:36:41 [INFO]: [0mGET /js/footer.js [36m304[0m 0.546 ms - -[0m
2026-08-02 02:36:41 [INFO]: [0mGET /js/auth.js [36m304[0m 0.865 ms - -[0m
2026-08-02 02:36:48 [INFO]: [0mGET /auth/profile [32m200[0m 117.443 ms - -[0m
2026-08-02 02:36:48 [INFO]: [0mGET /css/style.css [36m304[0m 0.768 ms - -[0m
2026-08-02 02:36:48 [INFO]: [0mGET /css/profile.css [36m304[0m 0.806 ms - -[0m
2026-08-02 02:36:48 [INFO]: [0mGET /images/logo/plantora.png [36m304[0m 0.220 ms - -[0m
2026-08-02 02:36:48 [INFO]: [0mGET /js/profile.js [36m304[0m 0.260 ms - -[0m
2026-08-02 02:36:48 [INFO]: [0mGET /images/logo/plantora-orgn-white.png [36m304[0m 0.682 ms - -[0m
2026-08-02 02:36:48 [INFO]: [0mGET /js/header.js [36m304[0m 0.261 ms - -[0m
2026-08-02 02:36:48 [INFO]: [0mGET /js/featured.js [36m304[0m 0.629 ms - -[0m
2026-08-02 02:36:48 [INFO]: [0mGET /js/why-choose.js [36m304[0m 0.208 ms - -[0m
2026-08-02 02:36:48 [INFO]: [0mGET /js/notification.js [36m304[0m 0.205 ms - -[0m
2026-08-02 02:36:48 [INFO]: [0mGET /css/variables.css [36m304[0m 0.337 ms - -[0m
2026-08-02 02:36:48 [INFO]: [0mGET /css/utilities.css [36m304[0m 0.307 ms - -[0m
2026-08-02 02:36:48 [INFO]: [0mGET /css/animations.css [36m304[0m 1.230 ms - -[0m
2026-08-02 02:36:48 [INFO]: [0mGET /css/announcement.css [36m304[0m 1.038 ms - -[0m
2026-08-02 02:36:48 [INFO]: [0mGET /css/header.css [36m304[0m 1.105 ms - -[0m
2026-08-02 02:36:48 [INFO]: [0mGET /css/hero.css [36m304[0m 0.619 ms - -[0m
2026-08-02 02:36:48 [INFO]: [0mGET /css/why-choose.css [36m304[0m 0.778 ms - -[0m
2026-08-02 02:36:48 [INFO]: [0mGET /css/featured.css [36m304[0m 0.923 ms - -[0m
2026-08-02 02:36:48 [INFO]: [0mGET /css/footer.css [36m304[0m 1.160 ms - -[0m
2026-08-02 02:36:48 [INFO]: [0mGET /css/auth.css [36m304[0m 0.566 ms - -[0m
2026-08-02 02:36:48 [INFO]: [0mGET /css/verify.css [36m304[0m 0.620 ms - -[0m
2026-08-02 02:36:48 [INFO]: [0mGET /js/footer.js [36m304[0m 0.411 ms - -[0m
2026-08-02 02:36:48 [INFO]: [0mGET /js/auth.js [36m304[0m 0.608 ms - -[0m
2026-08-02 02:36:57 [INFO]: Notification sent successfully. Recipient: 6a6e5ddb78646239551d1a66, Type: seller
2026-08-02 02:37:02 [INFO]: Email sent successfully to 'admin-plantora@yopmail.com'. Subject: 'New Seller Request - Plantora'.
2026-08-02 02:37:02 [INFO]: Seller request submitted: adam-jones@yopmail.com
2026-08-02 02:37:02 [INFO]: [0mPOST /auth/become-seller [36m302[0m 5058.768 ms - 112[0m
2026-08-02 02:37:02 [INFO]: [0mGET /auth/profile?type=success&message=Seller%20request%20submitted%20successfully. [32m200[0m 113.744 ms - -[0m
2026-08-02 02:37:02 [INFO]: [0mGET /css/style.css [36m304[0m 0.251 ms - -[0m
2026-08-02 02:37:02 [INFO]: [0mGET /css/profile.css [36m304[0m 0.180 ms - -[0m
2026-08-02 02:37:02 [INFO]: [0mGET /images/logo/plantora.png [36m304[0m 0.206 ms - -[0m
2026-08-02 02:37:02 [INFO]: [0mGET /js/profile.js [36m304[0m 0.184 ms - -[0m
2026-08-02 02:37:02 [INFO]: [0mGET /images/logo/plantora-orgn-white.png [36m304[0m 0.268 ms - -[0m
2026-08-02 02:37:02 [INFO]: [0mGET /js/header.js [36m304[0m 0.150 ms - -[0m
2026-08-02 02:37:02 [INFO]: [0mGET /js/featured.js [36m304[0m 0.220 ms - -[0m
2026-08-02 02:37:02 [INFO]: [0mGET /js/why-choose.js [36m304[0m 0.313 ms - -[0m
2026-08-02 02:37:02 [INFO]: [0mGET /js/notification.js [36m304[0m 0.146 ms - -[0m
2026-08-02 02:37:02 [INFO]: [0mGET /css/variables.css [36m304[0m 0.250 ms - -[0m
2026-08-02 02:37:02 [INFO]: [0mGET /js/footer.js [36m304[0m 0.367 ms - -[0m
2026-08-02 02:37:02 [INFO]: [0mGET /js/auth.js [36m304[0m 0.648 ms - -[0m
2026-08-02 02:37:02 [INFO]: [0mGET /css/utilities.css [36m304[0m 0.440 ms - -[0m
2026-08-02 02:37:02 [INFO]: [0mGET /css/animations.css [36m304[0m 0.545 ms - -[0m
2026-08-02 02:37:02 [INFO]: [0mGET /css/announcement.css [36m304[0m 2.224 ms - -[0m
2026-08-02 02:37:02 [INFO]: [0mGET /css/header.css [36m304[0m 4.337 ms - -[0m
2026-08-02 02:37:02 [INFO]: [0mGET /css/hero.css [36m304[0m 0.682 ms - -[0m
2026-08-02 02:37:02 [INFO]: [0mGET /css/featured.css [36m304[0m 0.997 ms - -[0m
2026-08-02 02:37:02 [INFO]: [0mGET /css/why-choose.css [36m304[0m 1.476 ms - -[0m
2026-08-02 02:37:02 [INFO]: [0mGET /css/footer.css [36m304[0m 0.527 ms - -[0m
2026-08-02 02:37:02 [INFO]: [0mGET /css/auth.css [36m304[0m 1.030 ms - -[0m
2026-08-02 02:37:02 [INFO]: [0mGET /css/verify.css [36m304[0m 1.565 ms - -[0m
2026-08-02 02:37:12 [INFO]: [0mGET /auth/profile [32m200[0m 116.027 ms - -[0m
2026-08-02 02:37:13 [INFO]: [0mGET /css/style.css [36m304[0m 1.002 ms - -[0m
2026-08-02 02:37:13 [INFO]: [0mGET /css/profile.css [36m304[0m 0.768 ms - -[0m
2026-08-02 02:37:13 [INFO]: [0mGET /images/logo/plantora.png [36m304[0m 0.260 ms - -[0m
2026-08-02 02:37:13 [INFO]: [0mGET /js/profile.js [36m304[0m 0.275 ms - -[0m
2026-08-02 02:37:13 [INFO]: [0mGET /images/logo/plantora-orgn-white.png [36m304[0m 0.344 ms - -[0m
2026-08-02 02:37:13 [INFO]: [0mGET /js/header.js [36m304[0m 0.780 ms - -[0m
2026-08-02 02:37:13 [INFO]: [0mGET /js/featured.js [36m304[0m 0.671 ms - -[0m
2026-08-02 02:37:13 [INFO]: [0mGET /js/notification.js [36m304[0m 0.945 ms - -[0m
2026-08-02 02:37:13 [INFO]: [0mGET /js/why-choose.js [36m304[0m 0.425 ms - -[0m
2026-08-02 02:37:13 [INFO]: [0mGET /js/footer.js [36m304[0m 0.237 ms - -[0m
2026-08-02 02:37:13 [INFO]: [0mGET /js/auth.js [36m304[0m 0.508 ms - -[0m
2026-08-02 02:37:13 [INFO]: [0mGET /css/variables.css [36m304[0m 0.307 ms - -[0m
2026-08-02 02:37:13 [INFO]: [0mGET /css/utilities.css [36m304[0m 0.292 ms - -[0m
2026-08-02 02:37:13 [INFO]: [0mGET /css/animations.css [36m304[0m 0.626 ms - -[0m
2026-08-02 02:37:13 [INFO]: [0mGET /css/announcement.css [36m304[0m 0.827 ms - -[0m
2026-08-02 02:37:13 [INFO]: [0mGET /css/header.css [36m304[0m 1.075 ms - -[0m
2026-08-02 02:37:13 [INFO]: [0mGET /css/hero.css [36m304[0m 1.336 ms - -[0m
2026-08-02 02:37:13 [INFO]: [0mGET /css/featured.css [36m304[0m 2.454 ms - -[0m
2026-08-02 02:37:13 [INFO]: [0mGET /css/why-choose.css [36m304[0m 1.300 ms - -[0m
2026-08-02 02:37:13 [INFO]: [0mGET /css/footer.css [36m304[0m 0.541 ms - -[0m
2026-08-02 02:37:13 [INFO]: [0mGET /css/auth.css [36m304[0m 0.734 ms - -[0m
2026-08-02 02:37:13 [INFO]: [0mGET /css/verify.css [36m304[0m 0.984 ms - -[0m
2026-08-02 02:37:14 [INFO]: [0mGET /notifications/latest [32m200[0m 152.701 ms - 384[0m
2026-08-02 02:37:28 [INFO]: [0mGET /admin/users/seller-request/6a6e5f44580d20353256e5d6 [32m200[0m 196.899 ms - -[0m
2026-08-02 02:38:15 [INFO]: Notification sent successfully. Recipient: 6a6e5f44580d20353256e5d6, Type: seller
2026-08-02 02:38:19 [INFO]: Email sent successfully to 'adam-jones@yopmail.com'. Subject: 'Your Seller Account Has Been Approved!'.
2026-08-02 02:38:19 [ERROR]: Failed to create audit log: AuditLog validation failed: action: `approve_seller` is not a valid enum value for path `action`., severity: `warning` is not a valid enum value for path `severity`.
2026-08-02 02:38:19 [INFO]: [0mPOST /admin/users/seller-request/6a6e5f44580d20353256e5d6/approve [32m200[0m 5096.976 ms - -[0m
2026-08-02 02:38:24 [INFO]: [0mGET / [32m200[0m 79.071 ms - -[0m
2026-08-02 02:38:25 [INFO]: [0mGET /css/style.css [36m304[0m 0.389 ms - -[0m
2026-08-02 02:38:25 [INFO]: [0mGET /images/logo/plantora.png [36m304[0m 0.871 ms - -[0m
2026-08-02 02:38:25 [INFO]: [0mGET /images/hero/hero-placeholder.png [36m304[0m 0.361 ms - -[0m
2026-08-02 02:38:25 [INFO]: [0mGET /images/hero/monstera-plant.jpg [36m304[0m 0.857 ms - -[0m
2026-08-02 02:38:25 [INFO]: [0mGET /js/header.js [36m304[0m 0.292 ms - -[0m
2026-08-02 02:38:25 [INFO]: [0mGET /js/featured.js [36m304[0m 0.855 ms - -[0m
2026-08-02 02:38:25 [INFO]: [0mGET /js/why-choose.js [36m304[0m 0.589 ms - -[0m
2026-08-02 02:38:25 [INFO]: [0mGET /css/variables.css [36m304[0m 0.732 ms - -[0m
2026-08-02 02:38:25 [INFO]: [0mGET /css/animations.css [36m304[0m 0.320 ms - -[0m
2026-08-02 02:38:25 [INFO]: [0mGET /css/announcement.css [36m304[0m 0.518 ms - -[0m
2026-08-02 02:38:25 [INFO]: [0mGET /css/utilities.css [36m304[0m 0.737 ms - -[0m
2026-08-02 02:38:25 [INFO]: [0mGET /css/header.css [36m304[0m 0.761 ms - -[0m
2026-08-02 02:38:25 [INFO]: [0mGET /css/hero.css [36m304[0m 1.257 ms - -[0m
2026-08-02 02:38:25 [INFO]: [0mGET /css/featured.css [36m304[0m 1.454 ms - -[0m
2026-08-02 02:38:25 [INFO]: [0mGET /css/why-choose.css [36m304[0m 1.785 ms - -[0m
2026-08-02 02:38:25 [INFO]: [0mGET /css/footer.css [36m304[0m 1.976 ms - -[0m
2026-08-02 02:38:25 [INFO]: [0mGET /css/auth.css [36m304[0m 1.992 ms - -[0m
2026-08-02 02:38:25 [INFO]: [0mGET /css/verify.css [36m304[0m 0.283 ms - -[0m
2026-08-02 02:38:25 [INFO]: [0mGET /js/notification.js [36m304[0m 0.310 ms - -[0m
2026-08-02 02:38:25 [INFO]: [0mGET /js/footer.js [36m304[0m 0.181 ms - -[0m
2026-08-02 02:38:25 [INFO]: [0mGET /js/auth.js [36m304[0m 0.355 ms - -[0m
2026-08-02 02:38:25 [INFO]: [0mGET /images/hero/snake-plant.jpg [36m304[0m 0.262 ms - -[0m
2026-08-02 02:38:25 [INFO]: [0mGET /images/hero/peace-lily.jpg [36m304[0m 0.209 ms - -[0m
2026-08-02 02:38:25 [INFO]: [0mGET /images/hero/tulip-plant.jpg [36m304[0m 0.227 ms - -[0m
2026-08-02 02:38:25 [INFO]: [0mGET /images/hero/rubber-plant.jpg [36m304[0m 0.283 ms - -[0m
2026-08-02 02:38:25 [INFO]: [0mGET /images/hero/aloe-vera.jpg [36m304[0m 0.604 ms - -[0m
2026-08-02 02:38:25 [INFO]: [0mGET /images/hero/areca-palm.jpg [36m304[0m 0.339 ms - -[0m
2026-08-02 02:38:25 [INFO]: [0mGET /images/hero/jade-plant.jpg [36m304[0m 0.555 ms - -[0m
2026-08-02 02:38:25 [INFO]: [0mGET /images/hero/golden-pothos.jpg [36m304[0m 0.341 ms - -[0m
2026-08-02 02:38:25 [INFO]: [0mGET /images/hero/fiddle-leaf-fig.jpg [36m304[0m 0.339 ms - -[0m
2026-08-02 02:38:25 [INFO]: [0mGET /images/hero/why-choose.jpg [36m304[0m 0.263 ms - -[0m
2026-08-02 02:38:25 [INFO]: [0mGET /images/logo/plantora-orgn-white.png [36m304[0m 0.371 ms - -[0m
2026-08-02 02:38:33 [INFO]: [0mGET /auth/profile [32m200[0m 122.534 ms - -[0m
2026-08-02 02:38:33 [INFO]: [0mGET /css/style.css [36m304[0m 0.211 ms - -[0m
2026-08-02 02:38:33 [INFO]: [0mGET /css/profile.css [36m304[0m 0.152 ms - -[0m
2026-08-02 02:38:33 [INFO]: [0mGET /images/logo/plantora.png [36m304[0m 0.248 ms - -[0m
2026-08-02 02:38:33 [INFO]: [0mGET /js/profile.js [36m304[0m 0.282 ms - -[0m
2026-08-02 02:38:33 [INFO]: [0mGET /images/logo/plantora-orgn-white.png [36m304[0m 0.338 ms - -[0m
2026-08-02 02:38:33 [INFO]: [0mGET /css/variables.css [36m304[0m 1.088 ms - -[0m
2026-08-02 02:38:33 [INFO]: [0mGET /css/utilities.css [36m304[0m 1.209 ms - -[0m
2026-08-02 02:38:33 [INFO]: [0mGET /css/announcement.css [36m304[0m 0.501 ms - -[0m
2026-08-02 02:38:33 [INFO]: [0mGET /css/animations.css [36m304[0m 3.338 ms - -[0m
2026-08-02 02:38:33 [INFO]: [0mGET /css/featured.css [36m304[0m 3.299 ms - -[0m
2026-08-02 02:38:33 [INFO]: [0mGET /css/why-choose.css [36m304[0m 3.578 ms - -[0m
2026-08-02 02:38:33 [INFO]: [0mGET /css/header.css [36m304[0m 3.759 ms - -[0m
2026-08-02 02:38:33 [INFO]: [0mGET /css/hero.css [36m304[0m 3.652 ms - -[0m
2026-08-02 02:38:33 [INFO]: [0mGET /css/footer.css [36m304[0m 0.359 ms - -[0m
2026-08-02 02:38:33 [INFO]: [0mGET /css/auth.css [36m304[0m 1.237 ms - -[0m
2026-08-02 02:38:33 [INFO]: [0mGET /css/verify.css [36m304[0m 1.383 ms - -[0m
2026-08-02 02:38:33 [INFO]: [0mGET /js/header.js [36m304[0m 0.923 ms - -[0m
2026-08-02 02:38:33 [INFO]: [0mGET /js/featured.js [36m304[0m 1.407 ms - -[0m
2026-08-02 02:38:33 [INFO]: [0mGET /js/why-choose.js [36m304[0m 1.427 ms - -[0m
2026-08-02 02:38:33 [INFO]: [0mGET /js/notification.js [36m304[0m 0.977 ms - -[0m
2026-08-02 02:38:33 [INFO]: [0mGET /js/footer.js [36m304[0m 1.197 ms - -[0m
2026-08-02 02:38:33 [INFO]: [0mGET /js/auth.js [36m304[0m 1.161 ms - -[0m
2026-08-02 02:38:35 [ERROR]: Error: Failed to lookup view "seller/dashboard/index" in views directory "E:\Webskitters_Academy\NODE JS\final_project_node\plantora_final_project_node_ejs\views"
    at app.render (E:\Webskitters_Academy\NODE JS\final_project_node\plantora_final_project_node_ejs\node_modules\express\lib\application.js:562:17)
    at ServerResponse.render (E:\Webskitters_Academy\NODE JS\final_project_node\plantora_final_project_node_ejs\node_modules\express\lib\response.js:923:7)
    at showDashboard (E:\Webskitters_Academy\NODE JS\final_project_node\plantora_final_project_node_ejs\app\controllers\SellerDashboardController.js:14:18)
    at Layer.handleRequest (E:\Webskitters_Academy\NODE JS\final_project_node\plantora_final_project_node_ejs\node_modules\router\lib\layer.js:152:17)
    at next (E:\Webskitters_Academy\NODE JS\final_project_node\plantora_final_project_node_ejs\node_modules\router\lib\route.js:157:13)
    at sellerMiddleware (E:\Webskitters_Academy\NODE JS\final_project_node\plantora_final_project_node_ejs\app\middlewares\sellerMiddleware.js:22:10)
    at Layer.handleRequest (E:\Webskitters_Academy\NODE JS\final_project_node\plantora_final_project_node_ejs\node_modules\router\lib\layer.js:152:17)
    at next (E:\Webskitters_Academy\NODE JS\final_project_node\plantora_final_project_node_ejs\node_modules\router\lib\route.js:157:13)
    at E:\Webskitters_Academy\NODE JS\final_project_node\plantora_final_project_node_ejs\app\middlewares\authorizeRoles.js:23:12
    at Layer.handleRequest (E:\Webskitters_Academy\NODE JS\final_project_node\plantora_final_project_node_ejs\node_modules\router\lib\layer.js:152:17)
2026-08-02 02:38:35 [INFO]: [0mGET /seller/dashboard [31m500[0m 122.194 ms - 223[0m
2026-08-02 02:39:21 [INFO]: [0mGET /notifications/latest [32m200[0m 157.038 ms - 447[0m
2026-08-02 02:39:31 [INFO]: Logout successful : adam-jones@yopmail.com
2026-08-02 02:39:31 [INFO]: [0mPOST /auth/logout [36m302[0m 292.650 ms - 30[0m
2026-08-02 02:39:31 [INFO]: [0mGET / [36m304[0m 2.588 ms - -[0m
2026-08-02 02:39:31 [INFO]: [0mGET /css/style.css [36m304[0m 0.259 ms - -[0m
2026-08-02 02:39:31 [INFO]: [0mGET /images/logo/plantora.png [36m304[0m 0.492 ms - -[0m
2026-08-02 02:39:31 [INFO]: [0mGET /images/hero/hero-placeholder.png [36m304[0m 0.718 ms - -[0m
2026-08-02 02:39:31 [INFO]: [0mGET /images/hero/monstera-plant.jpg [36m304[0m 1.768 ms - -[0m
2026-08-02 02:39:31 [INFO]: [0mGET /images/hero/snake-plant.jpg [36m304[0m 2.169 ms - -[0m
2026-08-02 02:39:31 [INFO]: [0mGET /images/hero/peace-lily.jpg [36m304[0m 2.501 ms - -[0m
2026-08-02 02:39:31 [INFO]: [0mGET /js/header.js [36m304[0m 0.791 ms - -[0m
2026-08-02 02:39:31 [INFO]: [0mGET /js/featured.js [36m304[0m 0.697 ms - -[0m
2026-08-02 02:39:31 [INFO]: [0mGET /js/why-choose.js [36m304[0m 0.278 ms - -[0m
2026-08-02 02:39:31 [INFO]: [0mGET /js/notification.js [36m304[0m 0.515 ms - -[0m
2026-08-02 02:39:31 [INFO]: [0mGET /js/footer.js [36m304[0m 0.449 ms - -[0m
2026-08-02 02:39:31 [INFO]: [0mGET /js/auth.js [36m304[0m 0.702 ms - -[0m
2026-08-02 02:39:31 [INFO]: [0mGET /images/hero/tulip-plant.jpg [36m304[0m 0.231 ms - -[0m
2026-08-02 02:39:31 [INFO]: [0mGET /css/variables.css [36m304[0m 0.151 ms - -[0m
2026-08-02 02:39:31 [INFO]: [0mGET /images/hero/rubber-plant.jpg [36m304[0m 0.569 ms - -[0m
2026-08-02 02:39:31 [INFO]: [0mGET /images/hero/aloe-vera.jpg [36m304[0m 0.640 ms - -[0m
2026-08-02 02:39:31 [INFO]: [0mGET /css/utilities.css [36m304[0m 0.544 ms - -[0m
2026-08-02 02:39:31 [INFO]: [0mGET /css/animations.css [36m304[0m 0.749 ms - -[0m
2026-08-02 02:39:31 [INFO]: [0mGET /css/announcement.css [36m304[0m 1.197 ms - -[0m
2026-08-02 02:39:31 [INFO]: [0mGET /css/header.css [36m304[0m 0.668 ms - -[0m
2026-08-02 02:39:31 [INFO]: [0mGET /css/hero.css [36m304[0m 0.808 ms - -[0m
2026-08-02 02:39:31 [INFO]: [0mGET /css/featured.css [36m304[0m 1.147 ms - -[0m
2026-08-02 02:39:31 [INFO]: [0mGET /css/why-choose.css [36m304[0m 0.823 ms - -[0m
2026-08-02 02:39:31 [INFO]: [0mGET /css/footer.css [36m304[0m 1.353 ms - -[0m
2026-08-02 02:39:31 [INFO]: [0mGET /css/auth.css [36m304[0m 0.748 ms - -[0m
2026-08-02 02:39:31 [INFO]: [0mGET /css/verify.css [36m304[0m 0.828 ms - -[0m
2026-08-02 02:39:31 [INFO]: [0mGET /images/hero/areca-palm.jpg [36m304[0m 0.489 ms - -[0m
2026-08-02 02:39:31 [INFO]: [0mGET /images/hero/jade-plant.jpg [36m304[0m 0.563 ms - -[0m
2026-08-02 02:39:31 [INFO]: [0mGET /images/hero/golden-pothos.jpg [36m304[0m 0.908 ms - -[0m
2026-08-02 02:39:31 [INFO]: [0mGET /images/hero/fiddle-leaf-fig.jpg [36m304[0m 0.885 ms - -[0m
2026-08-02 02:39:31 [INFO]: [0mGET /images/hero/why-choose.jpg [36m304[0m 0.210 ms - -[0m
2026-08-02 02:39:31 [INFO]: [0mGET /images/logo/plantora-orgn-white.png [36m304[0m 0.249 ms - -[0m
2026-08-02 02:40:17 [INFO]: [0mGET /auth/profile [33m401[0m 0.607 ms - 55[0m
2026-08-02 02:45:31 [INFO]: MongoDB connected successfully.
2026-08-02 02:45:34 [INFO]: Email server connected successfully.
2026-08-02 02:45:34 [INFO]: Server is running on port 5132.
2026-08-02 02:45:43 [INFO]: MongoDB connected successfully.
2026-08-02 02:45:46 [INFO]: Email server connected successfully.
2026-08-02 02:45:46 [INFO]: Server is running on port 5132.
2026-08-02 02:46:40 [INFO]: Email sent successfully to 'esmarelda-wayne@yopmail.com'. Subject: 'Verify Your Plantora Account'.
2026-08-02 02:46:40 [INFO]: Customer registered successfully : esmarelda-wayne@yopmail.com
2026-08-02 02:46:40 [INFO]: [0mPOST /auth/register [32m201[0m 5554.099 ms - 97[0m
2026-08-02 02:46:55 [INFO]: Email verified successfully : esmarelda-wayne@yopmail.com
2026-08-02 02:46:55 [INFO]: [0mGET /auth/verify-email/9b566207c4913f7c03130f3ddbc7d17ae3537c79ca0a39552c140522d3dab020 [32m200[0m 216.082 ms - -[0m
2026-08-02 02:46:55 [INFO]: [0mGET /css/style.css [36m304[0m 1.245 ms - -[0m
2026-08-02 02:46:55 [INFO]: [0mGET /auth/verify-email/public/js/header.js [33m404[0m 1.874 ms - 101[0m
2026-08-02 02:46:55 [INFO]: [0mGET /js/featured.js [36m304[0m 0.746 ms - -[0m
2026-08-02 02:46:55 [INFO]: [0mGET /js/why-choose.js [36m304[0m 1.003 ms - -[0m
2026-08-02 02:46:55 [INFO]: [0mGET /js/notification.js [36m304[0m 1.368 ms - -[0m
2026-08-02 02:46:55 [INFO]: [0mGET /js/auth.js [36m304[0m 1.585 ms - -[0m
2026-08-02 02:46:55 [INFO]: [0mGET /js/verify.js [36m304[0m 1.941 ms - -[0m
2026-08-02 02:46:55 [INFO]: [0mGET /js/footer.js [36m304[0m 0.352 ms - -[0m
2026-08-02 02:46:55 [INFO]: [0mGET /css/variables.css [36m304[0m 0.982 ms - -[0m
2026-08-02 02:46:55 [INFO]: [0mGET /css/utilities.css [36m304[0m 1.195 ms - -[0m
2026-08-02 02:46:55 [INFO]: [0mGET /css/animations.css [36m304[0m 1.397 ms - -[0m
2026-08-02 02:46:55 [INFO]: [0mGET /css/announcement.css [36m304[0m 1.498 ms - -[0m
2026-08-02 02:46:55 [INFO]: [0mGET /css/header.css [36m304[0m 1.655 ms - -[0m
2026-08-02 02:46:55 [INFO]: [0mGET /css/hero.css [36m304[0m 1.798 ms - -[0m
2026-08-02 02:46:55 [INFO]: [0mGET /css/featured.css [36m304[0m 0.963 ms - -[0m
2026-08-02 02:46:55 [INFO]: [0mGET /css/why-choose.css [36m304[0m 1.171 ms - -[0m
2026-08-02 02:46:55 [INFO]: [0mGET /css/footer.css [36m304[0m 1.389 ms - -[0m
2026-08-02 02:46:55 [INFO]: [0mGET /css/auth.css [36m304[0m 1.364 ms - -[0m
2026-08-02 02:46:55 [INFO]: [0mGET /css/verify.css [36m304[0m 1.559 ms - -[0m
2026-08-02 02:47:01 [INFO]: [0mGET /?openLogin=true [32m200[0m 6.275 ms - -[0m
2026-08-02 02:47:01 [INFO]: [0mGET /css/style.css [36m304[0m 0.391 ms - -[0m
2026-08-02 02:47:01 [INFO]: [0mGET /images/logo/plantora.png [36m304[0m 0.518 ms - -[0m
2026-08-02 02:47:01 [INFO]: [0mGET /images/hero/hero-placeholder.png [36m304[0m 0.770 ms - -[0m
2026-08-02 02:47:01 [INFO]: [0mGET /images/hero/monstera-plant.jpg [36m304[0m 0.175 ms - -[0m
2026-08-02 02:47:01 [INFO]: [0mGET /css/variables.css [36m304[0m 0.158 ms - -[0m
2026-08-02 02:47:01 [INFO]: [0mGET /css/utilities.css [36m304[0m 0.139 ms - -[0m
2026-08-02 02:47:01 [INFO]: [0mGET /css/animations.css [36m304[0m 0.211 ms - -[0m
2026-08-02 02:47:01 [INFO]: [0mGET /css/announcement.css [36m304[0m 0.179 ms - -[0m
2026-08-02 02:47:01 [INFO]: [0mGET /css/header.css [36m304[0m 0.169 ms - -[0m
2026-08-02 02:47:01 [INFO]: [0mGET /css/hero.css [36m304[0m 0.104 ms - -[0m
2026-08-02 02:47:01 [INFO]: [0mGET /css/featured.css [36m304[0m 0.305 ms - -[0m
2026-08-02 02:47:01 [INFO]: [0mGET /css/why-choose.css [36m304[0m 0.180 ms - -[0m
2026-08-02 02:47:01 [INFO]: [0mGET /css/footer.css [36m304[0m 0.201 ms - -[0m
2026-08-02 02:47:01 [INFO]: [0mGET /css/auth.css [36m304[0m 0.120 ms - -[0m
2026-08-02 02:47:01 [INFO]: [0mGET /css/verify.css [36m304[0m 0.545 ms - -[0m
2026-08-02 02:47:01 [INFO]: [0mGET /images/hero/snake-plant.jpg [36m304[0m 0.461 ms - -[0m
2026-08-02 02:47:01 [INFO]: [0mGET /images/hero/peace-lily.jpg [36m304[0m 0.113 ms - -[0m
2026-08-02 02:47:01 [INFO]: [0mGET /js/header.js [36m304[0m 0.138 ms - -[0m
2026-08-02 02:47:01 [INFO]: [0mGET /js/featured.js [36m304[0m 0.413 ms - -[0m
2026-08-02 02:47:01 [INFO]: [0mGET /js/why-choose.js [36m304[0m 0.151 ms - -[0m
2026-08-02 02:47:01 [INFO]: [0mGET /js/notification.js [36m304[0m 0.412 ms - -[0m
2026-08-02 02:47:01 [INFO]: [0mGET /js/footer.js [36m304[0m 0.544 ms - -[0m
2026-08-02 02:47:01 [INFO]: [0mGET /js/auth.js [36m304[0m 0.116 ms - -[0m
2026-08-02 02:47:01 [INFO]: [0mGET /images/hero/tulip-plant.jpg [36m304[0m 0.212 ms - -[0m
2026-08-02 02:47:01 [INFO]: [0mGET /images/hero/rubber-plant.jpg [36m304[0m 0.107 ms - -[0m
2026-08-02 02:47:01 [INFO]: [0mGET /images/hero/aloe-vera.jpg [36m304[0m 1.417 ms - -[0m
2026-08-02 02:47:01 [INFO]: [0mGET /images/hero/areca-palm.jpg [36m304[0m 1.050 ms - -[0m
2026-08-02 02:47:01 [INFO]: [0mGET /images/hero/jade-plant.jpg [36m304[0m 0.305 ms - -[0m
2026-08-02 02:47:01 [INFO]: [0mGET /images/hero/golden-pothos.jpg [36m304[0m 0.171 ms - -[0m
2026-08-02 02:47:01 [INFO]: [0mGET /images/hero/fiddle-leaf-fig.jpg [36m304[0m 0.158 ms - -[0m
2026-08-02 02:47:01 [INFO]: [0mGET /images/hero/why-choose.jpg [36m304[0m 0.176 ms - -[0m
2026-08-02 02:47:01 [INFO]: [0mGET /images/logo/plantora-orgn-white.png [36m304[0m 0.286 ms - -[0m
2026-08-02 02:47:13 [INFO]: Login successful : esmarelda-wayne@yopmail.com
2026-08-02 02:47:13 [INFO]: [0mPOST /auth/login [32m200[0m 449.740 ms - 46[0m
2026-08-02 02:47:14 [INFO]: [0mGET /?openLogin=true [32m200[0m 85.027 ms - -[0m
2026-08-02 02:47:14 [INFO]: [0mGET /css/style.css [36m304[0m 0.632 ms - -[0m
2026-08-02 02:47:14 [INFO]: [0mGET /images/logo/plantora.png [36m304[0m 1.077 ms - -[0m
2026-08-02 02:47:14 [INFO]: [0mGET /images/hero/hero-placeholder.png [36m304[0m 0.174 ms - -[0m
2026-08-02 02:47:14 [INFO]: [0mGET /images/hero/monstera-plant.jpg [36m304[0m 0.121 ms - -[0m
2026-08-02 02:47:14 [INFO]: [0mGET /css/variables.css [36m304[0m 0.385 ms - -[0m
2026-08-02 02:47:14 [INFO]: [0mGET /css/utilities.css [36m304[0m 0.670 ms - -[0m
2026-08-02 02:47:14 [INFO]: [0mGET /css/animations.css [36m304[0m 0.412 ms - -[0m
2026-08-02 02:47:14 [INFO]: [0mGET /css/announcement.css [36m304[0m 0.806 ms - -[0m
2026-08-02 02:47:14 [INFO]: [0mGET /css/header.css [36m304[0m 1.444 ms - -[0m
2026-08-02 02:47:14 [INFO]: [0mGET /css/hero.css [36m304[0m 2.033 ms - -[0m
2026-08-02 02:47:14 [INFO]: [0mGET /css/auth.css [36m304[0m 0.822 ms - -[0m
2026-08-02 02:47:14 [INFO]: [0mGET /css/footer.css [36m304[0m 1.299 ms - -[0m
2026-08-02 02:47:14 [INFO]: [0mGET /css/verify.css [36m304[0m 1.460 ms - -[0m
2026-08-02 02:47:14 [INFO]: [0mGET /css/featured.css [36m304[0m 1.634 ms - -[0m
2026-08-02 02:47:14 [INFO]: [0mGET /css/why-choose.css [36m304[0m 2.232 ms - -[0m
2026-08-02 02:47:14 [INFO]: [0mGET /js/header.js [36m304[0m 0.653 ms - -[0m
2026-08-02 02:47:14 [INFO]: [0mGET /js/featured.js [36m304[0m 0.813 ms - -[0m
2026-08-02 02:47:14 [INFO]: [0mGET /js/why-choose.js [36m304[0m 0.991 ms - -[0m
2026-08-02 02:47:14 [INFO]: [0mGET /js/notification.js [36m304[0m 1.480 ms - -[0m
2026-08-02 02:47:14 [INFO]: [0mGET /js/footer.js [36m304[0m 0.616 ms - -[0m
2026-08-02 02:47:14 [INFO]: [0mGET /js/auth.js [36m304[0m 1.555 ms - -[0m
2026-08-02 02:47:14 [INFO]: [0mGET /images/hero/snake-plant.jpg [36m304[0m 1.228 ms - -[0m
2026-08-02 02:47:14 [INFO]: [0mGET /images/hero/peace-lily.jpg [36m304[0m 1.278 ms - -[0m
2026-08-02 02:47:14 [INFO]: [0mGET /images/hero/tulip-plant.jpg [36m304[0m 1.503 ms - -[0m
2026-08-02 02:47:14 [INFO]: [0mGET /images/hero/rubber-plant.jpg [36m304[0m 0.484 ms - -[0m
2026-08-02 02:47:14 [INFO]: [0mGET /images/hero/aloe-vera.jpg [36m304[0m 0.530 ms - -[0m
2026-08-02 02:47:14 [INFO]: [0mGET /images/hero/areca-palm.jpg [36m304[0m 0.324 ms - -[0m
2026-08-02 02:47:14 [INFO]: [0mGET /images/hero/jade-plant.jpg [36m304[0m 0.459 ms - -[0m
2026-08-02 02:47:14 [INFO]: [0mGET /images/hero/golden-pothos.jpg [36m304[0m 0.684 ms - -[0m
2026-08-02 02:47:14 [INFO]: [0mGET /images/hero/fiddle-leaf-fig.jpg [36m304[0m 1.450 ms - -[0m
2026-08-02 02:47:14 [INFO]: [0mGET /images/hero/why-choose.jpg [36m304[0m 0.841 ms - -[0m
2026-08-02 02:47:14 [INFO]: [0mGET /images/logo/plantora-orgn-white.png [36m304[0m 1.003 ms - -[0m
2026-08-02 02:47:16 [INFO]: [0mGET /auth/profile [32m200[0m 139.420 ms - -[0m
2026-08-02 02:47:16 [INFO]: [0mGET /css/style.css [36m304[0m 0.401 ms - -[0m
2026-08-02 02:47:16 [INFO]: [0mGET /css/profile.css [36m304[0m 0.574 ms - -[0m
2026-08-02 02:47:16 [INFO]: [0mGET /images/logo/plantora.png [36m304[0m 0.861 ms - -[0m
2026-08-02 02:47:16 [INFO]: [0mGET /js/profile.js [36m304[0m 1.266 ms - -[0m
2026-08-02 02:47:16 [INFO]: [0mGET /images/logo/plantora-orgn-white.png [36m304[0m 0.225 ms - -[0m
2026-08-02 02:47:16 [INFO]: [0mGET /js/header.js [36m304[0m 0.254 ms - -[0m
2026-08-02 02:47:16 [INFO]: [0mGET /js/featured.js [36m304[0m 0.483 ms - -[0m
2026-08-02 02:47:16 [INFO]: [0mGET /js/why-choose.js [36m304[0m 0.698 ms - -[0m
2026-08-02 02:47:16 [INFO]: [0mGET /js/notification.js [36m304[0m 1.184 ms - -[0m
2026-08-02 02:47:16 [INFO]: [0mGET /css/variables.css [36m304[0m 1.624 ms - -[0m
2026-08-02 02:47:16 [INFO]: [0mGET /css/utilities.css [36m304[0m 1.801 ms - -[0m
2026-08-02 02:47:16 [INFO]: [0mGET /css/animations.css [36m304[0m 1.309 ms - -[0m
2026-08-02 02:47:16 [INFO]: [0mGET /css/announcement.css [36m304[0m 0.336 ms - -[0m
2026-08-02 02:47:16 [INFO]: [0mGET /css/header.css [36m304[0m 0.422 ms - -[0m
2026-08-02 02:47:16 [INFO]: [0mGET /css/hero.css [36m304[0m 0.896 ms - -[0m
2026-08-02 02:47:16 [INFO]: [0mGET /css/featured.css [36m304[0m 0.680 ms - -[0m
2026-08-02 02:47:16 [INFO]: [0mGET /css/why-choose.css [36m304[0m 0.968 ms - -[0m
2026-08-02 02:47:16 [INFO]: [0mGET /css/footer.css [36m304[0m 1.727 ms - -[0m
2026-08-02 02:47:16 [INFO]: [0mGET /css/auth.css [36m304[0m 0.680 ms - -[0m
2026-08-02 02:47:16 [INFO]: [0mGET /css/verify.css [36m304[0m 1.084 ms - -[0m
2026-08-02 02:47:16 [INFO]: [0mGET /js/footer.js [36m304[0m 0.534 ms - -[0m
2026-08-02 02:47:16 [INFO]: [0mGET /js/auth.js [36m304[0m 0.670 ms - -[0m
2026-08-02 02:48:23 [INFO]: Image uploaded successfully to 'plantora/profile'.
2026-08-02 02:48:23 [INFO]: Local file deleted successfully: E:\Webskitters_Academy\NODE JS\final_project_node\plantora_final_project_node_ejs\uploads\temp\8c6359a0-204a-4531-9509-85a96fdbd3dc.jpg
2026-08-02 02:48:24 [INFO]: Profile updated : esmarelda-wayne@yopmail.com
2026-08-02 02:48:24 [INFO]: [0mPUT /auth/profile?_method=PUT [36m302[0m 2749.563 ms - 101[0m
2026-08-02 02:48:24 [INFO]: [0mGET /auth/profile?type=success&message=Profile%20updated%20successfully. [32m200[0m 122.953 ms - -[0m
2026-08-02 02:48:24 [INFO]: [0mGET /css/style.css [36m304[0m 0.393 ms - -[0m
2026-08-02 02:48:24 [INFO]: [0mGET /css/profile.css [36m304[0m 0.862 ms - -[0m
2026-08-02 02:48:24 [INFO]: [0mGET /images/logo/plantora.png [36m304[0m 0.444 ms - -[0m
2026-08-02 02:48:24 [INFO]: [0mGET /css/variables.css [36m304[0m 0.643 ms - -[0m
2026-08-02 02:48:24 [INFO]: [0mGET /css/utilities.css [36m304[0m 0.940 ms - -[0m
2026-08-02 02:48:24 [INFO]: [0mGET /css/animations.css [36m304[0m 1.498 ms - -[0m
2026-08-02 02:48:24 [INFO]: [0mGET /css/featured.css [36m304[0m 0.489 ms - -[0m
2026-08-02 02:48:24 [INFO]: [0mGET /css/announcement.css [36m304[0m 0.592 ms - -[0m
2026-08-02 02:48:24 [INFO]: [0mGET /css/header.css [36m304[0m 0.720 ms - -[0m
2026-08-02 02:48:24 [INFO]: [0mGET /css/hero.css [36m304[0m 0.882 ms - -[0m
2026-08-02 02:48:24 [INFO]: [0mGET /css/why-choose.css [36m304[0m 0.980 ms - -[0m
2026-08-02 02:48:24 [INFO]: [0mGET /css/footer.css [36m304[0m 1.928 ms - -[0m
2026-08-02 02:48:24 [INFO]: [0mGET /css/auth.css [36m304[0m 1.261 ms - -[0m
2026-08-02 02:48:24 [INFO]: [0mGET /css/verify.css [36m304[0m 1.242 ms - -[0m
2026-08-02 02:48:24 [INFO]: [0mGET /js/profile.js [36m304[0m 0.923 ms - -[0m
2026-08-02 02:48:24 [INFO]: [0mGET /images/logo/plantora-orgn-white.png [36m304[0m 1.009 ms - -[0m
2026-08-02 02:48:24 [INFO]: [0mGET /js/header.js [36m304[0m 0.370 ms - -[0m
2026-08-02 02:48:24 [INFO]: [0mGET /js/featured.js [36m304[0m 0.372 ms - -[0m
2026-08-02 02:48:24 [INFO]: [0mGET /js/why-choose.js [36m304[0m 1.030 ms - -[0m
2026-08-02 02:48:24 [INFO]: [0mGET /js/notification.js [36m304[0m 0.842 ms - -[0m
2026-08-02 02:48:24 [INFO]: [0mGET /js/footer.js [36m304[0m 1.343 ms - -[0m
2026-08-02 02:48:24 [INFO]: [0mGET /js/auth.js [36m304[0m 1.960 ms - -[0m
2026-08-02 02:48:31 [INFO]: Notification sent successfully. Recipient: 6a6e5ddb78646239551d1a66, Type: seller
2026-08-02 02:48:36 [INFO]: Email sent successfully to 'admin-plantora@yopmail.com'. Subject: 'New Seller Request - Plantora'.
2026-08-02 02:48:36 [INFO]: Seller request submitted: esmarelda-wayne@yopmail.com
2026-08-02 02:48:36 [INFO]: [0mPOST /auth/become-seller [36m302[0m 5188.991 ms - 112[0m
2026-08-02 02:48:36 [INFO]: [0mGET /auth/profile?type=success&message=Seller%20request%20submitted%20successfully. [32m200[0m 122.815 ms - -[0m
2026-08-02 02:48:36 [INFO]: [0mGET /css/style.css [36m304[0m 0.271 ms - -[0m
2026-08-02 02:48:36 [INFO]: [0mGET /css/profile.css [36m304[0m 0.609 ms - -[0m
2026-08-02 02:48:36 [INFO]: [0mGET /images/logo/plantora.png [36m304[0m 0.192 ms - -[0m
2026-08-02 02:48:36 [INFO]: [0mGET /js/profile.js [36m304[0m 0.310 ms - -[0m
2026-08-02 02:48:36 [INFO]: [0mGET /css/variables.css [36m304[0m 0.525 ms - -[0m
2026-08-02 02:48:36 [INFO]: [0mGET /css/utilities.css [36m304[0m 0.684 ms - -[0m
2026-08-02 02:48:36 [INFO]: [0mGET /css/animations.css [36m304[0m 0.763 ms - -[0m
2026-08-02 02:48:36 [INFO]: [0mGET /css/announcement.css [36m304[0m 1.263 ms - -[0m
2026-08-02 02:48:36 [INFO]: [0mGET /css/featured.css [36m304[0m 0.960 ms - -[0m
2026-08-02 02:48:36 [INFO]: [0mGET /css/header.css [36m304[0m 1.254 ms - -[0m
2026-08-02 02:48:36 [INFO]: [0mGET /css/hero.css [36m304[0m 1.455 ms - -[0m
2026-08-02 02:48:36 [INFO]: [0mGET /css/why-choose.css [36m304[0m 1.741 ms - -[0m
2026-08-02 02:48:36 [INFO]: [0mGET /css/footer.css [36m304[0m 2.019 ms - -[0m
2026-08-02 02:48:36 [INFO]: [0mGET /css/auth.css [36m304[0m 2.344 ms - -[0m
2026-08-02 02:48:36 [INFO]: [0mGET /css/verify.css [36m304[0m 0.693 ms - -[0m
2026-08-02 02:48:36 [INFO]: [0mGET /images/logo/plantora-orgn-white.png [36m304[0m 0.932 ms - -[0m
2026-08-02 02:48:36 [INFO]: [0mGET /js/header.js [36m304[0m 1.105 ms - -[0m
2026-08-02 02:48:36 [INFO]: [0mGET /js/featured.js [36m304[0m 1.597 ms - -[0m
2026-08-02 02:48:36 [INFO]: [0mGET /js/why-choose.js [36m304[0m 2.177 ms - -[0m
2026-08-02 02:48:36 [INFO]: [0mGET /js/notification.js [36m304[0m 0.322 ms - -[0m
2026-08-02 02:48:36 [INFO]: [0mGET /js/footer.js [36m304[0m 0.418 ms - -[0m
2026-08-02 02:48:36 [INFO]: [0mGET /js/auth.js [36m304[0m 0.650 ms - -[0m
2026-08-02 02:48:50 [INFO]: [0mGET /notifications/latest [32m200[0m 164.698 ms - 749[0m
2026-08-02 02:48:52 [INFO]: [0mGET /auth/profile [32m200[0m 122.076 ms - -[0m
2026-08-02 02:48:52 [INFO]: [0mGET /css/style.css [36m304[0m 0.378 ms - -[0m
2026-08-02 02:48:52 [INFO]: [0mGET /css/profile.css [36m304[0m 0.626 ms - -[0m
2026-08-02 02:48:52 [INFO]: [0mGET /images/logo/plantora.png [36m304[0m 0.338 ms - -[0m
2026-08-02 02:48:52 [INFO]: [0mGET /js/profile.js [36m304[0m 0.700 ms - -[0m
2026-08-02 02:48:52 [INFO]: [0mGET /images/logo/plantora-orgn-white.png [36m304[0m 1.165 ms - -[0m
2026-08-02 02:48:52 [INFO]: [0mGET /js/header.js [36m304[0m 0.278 ms - -[0m
2026-08-02 02:48:52 [INFO]: [0mGET /js/featured.js [36m304[0m 0.481 ms - -[0m
2026-08-02 02:48:52 [INFO]: [0mGET /js/why-choose.js [36m304[0m 0.170 ms - -[0m
2026-08-02 02:48:52 [INFO]: [0mGET /js/notification.js [36m304[0m 0.618 ms - -[0m
2026-08-02 02:48:52 [INFO]: [0mGET /css/variables.css [36m304[0m 0.719 ms - -[0m
2026-08-02 02:48:52 [INFO]: [0mGET /css/utilities.css [36m304[0m 0.887 ms - -[0m
2026-08-02 02:48:52 [INFO]: [0mGET /css/animations.css [36m304[0m 1.009 ms - -[0m
2026-08-02 02:48:52 [INFO]: [0mGET /css/hero.css [36m304[0m 0.741 ms - -[0m
2026-08-02 02:48:52 [INFO]: [0mGET /css/featured.css [36m304[0m 0.857 ms - -[0m
2026-08-02 02:48:52 [INFO]: [0mGET /css/announcement.css [36m304[0m 1.146 ms - -[0m
2026-08-02 02:48:52 [INFO]: [0mGET /css/header.css [36m304[0m 1.474 ms - -[0m
2026-08-02 02:48:52 [INFO]: [0mGET /css/why-choose.css [36m304[0m 0.352 ms - -[0m
2026-08-02 02:48:52 [INFO]: [0mGET /css/footer.css [36m304[0m 1.193 ms - -[0m
2026-08-02 02:48:52 [INFO]: [0mGET /css/auth.css [36m304[0m 0.830 ms - -[0m
2026-08-02 02:48:52 [INFO]: [0mGET /css/verify.css [36m304[0m 0.952 ms - -[0m
2026-08-02 02:48:52 [INFO]: [0mGET /js/footer.js [36m304[0m 0.382 ms - -[0m
2026-08-02 02:48:52 [INFO]: [0mGET /js/auth.js [36m304[0m 0.598 ms - -[0m
2026-08-02 02:48:54 [INFO]: [0mGET /notifications/latest [36m304[0m 159.242 ms - -[0m
2026-08-02 02:49:14 [INFO]: [0mGET /admin/users/seller-request/6a6e623268eaf947f1f6ba7e [32m200[0m 198.278 ms - -[0m
2026-08-02 02:49:59 [INFO]: Notification sent successfully. Recipient: 6a6e623268eaf947f1f6ba7e, Type: seller
2026-08-02 02:50:04 [INFO]: Email sent successfully to 'esmarelda-wayne@yopmail.com'. Subject: 'Seller Request Update'.
2026-08-02 02:50:04 [ERROR]: Failed to create audit log: AuditLog validation failed: action: `reject_seller` is not a valid enum value for path `action`., severity: `warning` is not a valid enum value for path `severity`.
2026-08-02 02:50:04 [INFO]: [0mPOST /admin/users/seller-request/6a6e623268eaf947f1f6ba7e/reject [32m200[0m 5022.329 ms - -[0m
2026-08-02 02:50:09 [INFO]: [0mGET / [32m200[0m 82.695 ms - -[0m
2026-08-02 02:50:09 [INFO]: [0mGET /css/style.css [36m304[0m 0.585 ms - -[0m
2026-08-02 02:50:09 [INFO]: [0mGET /images/logo/plantora.png [36m304[0m 0.888 ms - -[0m
2026-08-02 02:50:09 [INFO]: [0mGET /images/hero/hero-placeholder.png [36m304[0m 0.550 ms - -[0m
2026-08-02 02:50:09 [INFO]: [0mGET /images/hero/monstera-plant.jpg [36m304[0m 0.758 ms - -[0m
2026-08-02 02:50:09 [INFO]: [0mGET /js/header.js [36m304[0m 0.364 ms - -[0m
2026-08-02 02:50:09 [INFO]: [0mGET /js/featured.js [36m304[0m 0.657 ms - -[0m
2026-08-02 02:50:09 [INFO]: [0mGET /js/why-choose.js [36m304[0m 1.331 ms - -[0m
2026-08-02 02:50:09 [INFO]: [0mGET /css/variables.css [36m304[0m 0.724 ms - -[0m
2026-08-02 02:50:09 [INFO]: [0mGET /css/utilities.css [36m304[0m 0.865 ms - -[0m
2026-08-02 02:50:09 [INFO]: [0mGET /css/animations.css [36m304[0m 1.002 ms - -[0m
2026-08-02 02:50:09 [INFO]: [0mGET /css/announcement.css [36m304[0m 0.553 ms - -[0m
2026-08-02 02:50:09 [INFO]: [0mGET /css/header.css [36m304[0m 0.888 ms - -[0m
2026-08-02 02:50:09 [INFO]: [0mGET /css/hero.css [36m304[0m 1.158 ms - -[0m
2026-08-02 02:50:09 [INFO]: [0mGET /css/featured.css [36m304[0m 1.345 ms - -[0m
2026-08-02 02:50:09 [INFO]: [0mGET /css/why-choose.css [36m304[0m 1.483 ms - -[0m
2026-08-02 02:50:09 [INFO]: [0mGET /css/footer.css [36m304[0m 2.015 ms - -[0m
2026-08-02 02:50:09 [INFO]: [0mGET /css/auth.css [36m304[0m 0.398 ms - -[0m
2026-08-02 02:50:09 [INFO]: [0mGET /css/verify.css [36m304[0m 0.458 ms - -[0m
2026-08-02 02:50:09 [INFO]: [0mGET /js/notification.js [36m304[0m 0.377 ms - -[0m
2026-08-02 02:50:09 [INFO]: [0mGET /js/footer.js [36m304[0m 0.741 ms - -[0m
2026-08-02 02:50:09 [INFO]: [0mGET /js/auth.js [36m304[0m 0.459 ms - -[0m
2026-08-02 02:50:09 [INFO]: [0mGET /images/hero/snake-plant.jpg [36m304[0m 0.735 ms - -[0m
2026-08-02 02:50:09 [INFO]: [0mGET /images/hero/peace-lily.jpg [36m304[0m 0.295 ms - -[0m
2026-08-02 02:50:09 [INFO]: [0mGET /images/hero/tulip-plant.jpg [36m304[0m 0.663 ms - -[0m
2026-08-02 02:50:09 [INFO]: [0mGET /images/hero/rubber-plant.jpg [36m304[0m 0.235 ms - -[0m
2026-08-02 02:50:09 [INFO]: [0mGET /images/hero/aloe-vera.jpg [36m304[0m 0.288 ms - -[0m
2026-08-02 02:50:09 [INFO]: [0mGET /images/hero/areca-palm.jpg [36m304[0m 0.240 ms - -[0m
2026-08-02 02:50:09 [INFO]: [0mGET /images/hero/jade-plant.jpg [36m304[0m 0.692 ms - -[0m
2026-08-02 02:50:09 [INFO]: [0mGET /images/hero/golden-pothos.jpg [36m304[0m 0.280 ms - -[0m
2026-08-02 02:50:09 [INFO]: [0mGET /images/hero/fiddle-leaf-fig.jpg [36m304[0m 0.271 ms - -[0m
2026-08-02 02:50:09 [INFO]: [0mGET /images/hero/why-choose.jpg [36m304[0m 0.504 ms - -[0m
2026-08-02 02:50:09 [INFO]: [0mGET /images/logo/plantora-orgn-white.png [36m304[0m 0.254 ms - -[0m
2026-08-02 02:50:21 [INFO]: [0mGET /auth/profile [32m200[0m 119.407 ms - -[0m
2026-08-02 02:50:21 [INFO]: [0mGET /css/style.css [36m304[0m 0.220 ms - -[0m
2026-08-02 02:50:21 [INFO]: [0mGET /css/profile.css [36m304[0m 0.131 ms - -[0m
2026-08-02 02:50:21 [INFO]: [0mGET /images/logo/plantora.png [36m304[0m 0.286 ms - -[0m
2026-08-02 02:50:21 [INFO]: [0mGET /js/profile.js [36m304[0m 0.619 ms - -[0m
2026-08-02 02:50:21 [INFO]: [0mGET /images/logo/plantora-orgn-white.png [36m304[0m 1.043 ms - -[0m
2026-08-02 02:50:21 [INFO]: [0mGET /js/header.js [36m304[0m 0.289 ms - -[0m
2026-08-02 02:50:21 [INFO]: [0mGET /js/featured.js [36m304[0m 0.821 ms - -[0m
2026-08-02 02:50:21 [INFO]: [0mGET /js/why-choose.js [36m304[0m 1.027 ms - -[0m
2026-08-02 02:50:21 [INFO]: [0mGET /js/notification.js [36m304[0m 0.396 ms - -[0m
2026-08-02 02:50:21 [INFO]: [0mGET /js/footer.js [36m304[0m 0.593 ms - -[0m
2026-08-02 02:50:21 [INFO]: [0mGET /css/variables.css [36m304[0m 1.836 ms - -[0m
2026-08-02 02:50:21 [INFO]: [0mGET /css/announcement.css [36m304[0m 0.787 ms - -[0m
2026-08-02 02:50:21 [INFO]: [0mGET /css/utilities.css [36m304[0m 1.000 ms - -[0m
2026-08-02 02:50:21 [INFO]: [0mGET /js/auth.js [36m304[0m 1.396 ms - -[0m
2026-08-02 02:50:21 [INFO]: [0mGET /css/animations.css [36m304[0m 1.687 ms - -[0m
2026-08-02 02:50:21 [INFO]: [0mGET /css/hero.css [36m304[0m 0.468 ms - -[0m
2026-08-02 02:50:21 [INFO]: [0mGET /css/featured.css [36m304[0m 0.654 ms - -[0m
2026-08-02 02:50:21 [INFO]: [0mGET /css/header.css [36m304[0m 0.899 ms - -[0m
2026-08-02 02:50:21 [INFO]: [0mGET /css/why-choose.css [36m304[0m 0.489 ms - -[0m
2026-08-02 02:50:21 [INFO]: [0mGET /css/footer.css [36m304[0m 0.730 ms - -[0m
2026-08-02 02:50:21 [INFO]: [0mGET /css/auth.css [36m304[0m 1.078 ms - -[0m
2026-08-02 02:50:21 [INFO]: [0mGET /css/verify.css [36m304[0m 1.039 ms - -[0m
2026-08-02 02:50:31 [INFO]: [0mGET /notifications/latest [32m200[0m 158.996 ms - 444[0m
2026-08-02 02:50:39 [INFO]: [0mGET /notifications/latest [36m304[0m 165.406 ms - -[0m
2026-08-02 02:50:41 [INFO]: [0mGET / [32m200[0m 90.071 ms - -[0m
2026-08-02 02:50:41 [INFO]: [0mGET /css/style.css [36m304[0m 0.390 ms - -[0m
2026-08-02 02:50:41 [INFO]: [0mGET /images/logo/plantora.png [36m304[0m 0.212 ms - -[0m
2026-08-02 02:50:41 [INFO]: [0mGET /images/hero/hero-placeholder.png [36m304[0m 0.300 ms - -[0m
2026-08-02 02:50:41 [INFO]: [0mGET /images/hero/monstera-plant.jpg [36m304[0m 0.140 ms - -[0m
2026-08-02 02:50:41 [INFO]: [0mGET /js/header.js [36m304[0m 0.496 ms - -[0m
2026-08-02 02:50:41 [INFO]: [0mGET /js/featured.js [36m304[0m 0.700 ms - -[0m
2026-08-02 02:50:41 [INFO]: [0mGET /js/why-choose.js [36m304[0m 0.883 ms - -[0m
2026-08-02 02:50:41 [INFO]: [0mGET /js/notification.js [36m304[0m 0.596 ms - -[0m
2026-08-02 02:50:41 [INFO]: [0mGET /js/footer.js [36m304[0m 0.533 ms - -[0m
2026-08-02 02:50:41 [INFO]: [0mGET /js/auth.js [36m304[0m 0.459 ms - -[0m
2026-08-02 02:50:41 [INFO]: [0mGET /images/hero/snake-plant.jpg [36m304[0m 0.691 ms - -[0m
2026-08-02 02:50:41 [INFO]: [0mGET /css/variables.css [36m304[0m 0.923 ms - -[0m
2026-08-02 02:50:41 [INFO]: [0mGET /images/hero/peace-lily.jpg [36m304[0m 0.720 ms - -[0m
2026-08-02 02:50:41 [INFO]: [0mGET /css/utilities.css [36m304[0m 0.916 ms - -[0m
2026-08-02 02:50:41 [INFO]: [0mGET /css/animations.css [36m304[0m 0.408 ms - -[0m
2026-08-02 02:50:41 [INFO]: [0mGET /css/announcement.css [36m304[0m 0.523 ms - -[0m
2026-08-02 02:50:41 [INFO]: [0mGET /css/header.css [36m304[0m 1.148 ms - -[0m
2026-08-02 02:50:41 [INFO]: [0mGET /css/hero.css [36m304[0m 0.847 ms - -[0m
2026-08-02 02:50:41 [INFO]: [0mGET /css/featured.css [36m304[0m 1.160 ms - -[0m
2026-08-02 02:50:41 [INFO]: [0mGET /css/why-choose.css [36m304[0m 1.835 ms - -[0m
2026-08-02 02:50:41 [INFO]: [0mGET /css/footer.css [36m304[0m 0.640 ms - -[0m
2026-08-02 02:50:41 [INFO]: [0mGET /css/auth.css [36m304[0m 1.360 ms - -[0m
2026-08-02 02:50:41 [INFO]: [0mGET /css/verify.css [36m304[0m 0.901 ms - -[0m
2026-08-02 02:50:41 [INFO]: [0mGET /images/hero/tulip-plant.jpg [36m304[0m 0.228 ms - -[0m
2026-08-02 02:50:41 [INFO]: [0mGET /images/hero/rubber-plant.jpg [36m304[0m 0.292 ms - -[0m
2026-08-02 02:50:41 [INFO]: [0mGET /images/hero/aloe-vera.jpg [36m304[0m 0.557 ms - -[0m
2026-08-02 02:50:41 [INFO]: [0mGET /images/hero/areca-palm.jpg [36m304[0m 0.814 ms - -[0m
2026-08-02 02:50:41 [INFO]: [0mGET /images/hero/jade-plant.jpg [36m304[0m 0.189 ms - -[0m
2026-08-02 02:50:41 [INFO]: [0mGET /images/hero/golden-pothos.jpg [36m304[0m 0.364 ms - -[0m
2026-08-02 02:50:41 [INFO]: [0mGET /images/hero/fiddle-leaf-fig.jpg [36m304[0m 0.587 ms - -[0m
2026-08-02 02:50:41 [INFO]: [0mGET /images/hero/why-choose.jpg [36m304[0m 0.251 ms - -[0m
2026-08-02 02:50:41 [INFO]: [0mGET /images/logo/plantora-orgn-white.png [36m304[0m 0.602 ms - -[0m
2026-08-02 02:50:52 [INFO]: Logout successful : esmarelda-wayne@yopmail.com
2026-08-02 02:50:52 [INFO]: [0mPOST /auth/logout [36m302[0m 306.973 ms - 30[0m
2026-08-02 02:50:52 [INFO]: [0mGET / [32m200[0m 3.163 ms - -[0m
2026-08-02 02:50:52 [INFO]: [0mGET /css/style.css [36m304[0m 0.193 ms - -[0m
2026-08-02 02:50:52 [INFO]: [0mGET /images/logo/plantora.png [36m304[0m 0.247 ms - -[0m
2026-08-02 02:50:52 [INFO]: [0mGET /images/hero/hero-placeholder.png [36m304[0m 0.448 ms - -[0m
2026-08-02 02:50:52 [INFO]: [0mGET /images/hero/monstera-plant.jpg [36m304[0m 0.372 ms - -[0m
2026-08-02 02:50:52 [INFO]: [0mGET /images/hero/snake-plant.jpg [36m304[0m 0.485 ms - -[0m
2026-08-02 02:50:52 [INFO]: [0mGET /css/variables.css [36m304[0m 0.321 ms - -[0m
2026-08-02 02:50:52 [INFO]: [0mGET /css/utilities.css [36m304[0m 0.527 ms - -[0m
2026-08-02 02:50:52 [INFO]: [0mGET /css/animations.css [36m304[0m 0.695 ms - -[0m
2026-08-02 02:50:52 [INFO]: [0mGET /css/announcement.css [36m304[0m 0.423 ms - -[0m
2026-08-02 02:50:52 [INFO]: [0mGET /css/header.css [36m304[0m 1.569 ms - -[0m
2026-08-02 02:50:52 [INFO]: [0mGET /css/hero.css [36m304[0m 0.765 ms - -[0m
2026-08-02 02:50:52 [INFO]: [0mGET /css/featured.css [36m304[0m 1.102 ms - -[0m
2026-08-02 02:50:52 [INFO]: [0mGET /css/why-choose.css [36m304[0m 1.141 ms - -[0m
2026-08-02 02:50:52 [INFO]: [0mGET /css/footer.css [36m304[0m 1.304 ms - -[0m
2026-08-02 02:50:52 [INFO]: [0mGET /css/auth.css [36m304[0m 1.657 ms - -[0m
2026-08-02 02:50:52 [INFO]: [0mGET /css/verify.css [36m304[0m 0.763 ms - -[0m
2026-08-02 02:50:52 [INFO]: [0mGET /images/hero/peace-lily.jpg [36m304[0m 1.026 ms - -[0m
2026-08-02 02:50:52 [INFO]: [0mGET /js/header.js [36m304[0m 1.086 ms - -[0m
2026-08-02 02:50:52 [INFO]: [0mGET /js/featured.js [36m304[0m 1.617 ms - -[0m
2026-08-02 02:50:52 [INFO]: [0mGET /js/why-choose.js [36m304[0m 1.447 ms - -[0m
2026-08-02 02:50:52 [INFO]: [0mGET /js/notification.js [36m304[0m 0.688 ms - -[0m
2026-08-02 02:50:52 [INFO]: [0mGET /js/footer.js [36m304[0m 1.115 ms - -[0m
2026-08-02 02:50:52 [INFO]: [0mGET /js/auth.js [36m304[0m 1.458 ms - -[0m
2026-08-02 02:50:52 [INFO]: [0mGET /images/hero/tulip-plant.jpg [36m304[0m 0.276 ms - -[0m
2026-08-02 02:50:52 [INFO]: [0mGET /images/hero/rubber-plant.jpg [36m304[0m 0.776 ms - -[0m
2026-08-02 02:50:52 [INFO]: [0mGET /images/hero/aloe-vera.jpg [36m304[0m 0.910 ms - -[0m
2026-08-02 02:50:52 [INFO]: [0mGET /images/hero/areca-palm.jpg [36m304[0m 1.213 ms - -[0m
2026-08-02 02:50:52 [INFO]: [0mGET /images/hero/jade-plant.jpg [36m304[0m 1.542 ms - -[0m
2026-08-02 02:50:52 [INFO]: [0mGET /images/hero/golden-pothos.jpg [36m304[0m 3.984 ms - -[0m
2026-08-02 02:50:52 [INFO]: [0mGET /images/hero/fiddle-leaf-fig.jpg [36m304[0m 4.523 ms - -[0m
2026-08-02 02:50:52 [INFO]: [0mGET /images/hero/why-choose.jpg [36m304[0m 0.459 ms - -[0m
2026-08-02 02:50:52 [INFO]: [0mGET /images/logo/plantora-orgn-white.png [36m304[0m 0.608 ms - -[0m
2026-08-02 02:52:26 [INFO]: Email sent successfully to 'berry-allen@yopmail.com'. Subject: 'Verify Your Plantora Account'.
2026-08-02 02:52:26 [INFO]: Customer registered successfully : berry-allen@yopmail.com
2026-08-02 02:52:26 [INFO]: [0mPOST /auth/register [32m201[0m 5063.108 ms - 97[0m
2026-08-02 02:52:32 [INFO]: Email verified successfully : berry-allen@yopmail.com
2026-08-02 02:52:32 [INFO]: [0mGET /auth/verify-email/dbb29d978448d74b4f366b13fe8a6066f796f1a28e44a35a3c3263b45613b3a2 [32m200[0m 211.136 ms - -[0m
2026-08-02 02:52:32 [INFO]: [0mGET /css/style.css [36m304[0m 0.232 ms - -[0m
2026-08-02 02:52:32 [INFO]: [0mGET /auth/verify-email/public/js/header.js [33m404[0m 1.257 ms - 101[0m
2026-08-02 02:52:32 [INFO]: [0mGET /js/featured.js [36m304[0m 0.341 ms - -[0m
2026-08-02 02:52:32 [INFO]: [0mGET /js/why-choose.js [36m304[0m 0.367 ms - -[0m
2026-08-02 02:52:32 [INFO]: [0mGET /js/notification.js [36m304[0m 1.498 ms - -[0m
2026-08-02 02:52:32 [INFO]: [0mGET /js/auth.js [36m304[0m 0.978 ms - -[0m
2026-08-02 02:52:32 [INFO]: [0mGET /js/verify.js [36m304[0m 1.008 ms - -[0m
2026-08-02 02:52:32 [INFO]: [0mGET /js/footer.js [36m304[0m 1.104 ms - -[0m
2026-08-02 02:52:32 [INFO]: [0mGET /css/variables.css [36m304[0m 1.676 ms - -[0m
2026-08-02 02:52:32 [INFO]: [0mGET /css/utilities.css [36m304[0m 1.990 ms - -[0m
2026-08-02 02:52:32 [INFO]: [0mGET /css/animations.css [36m304[0m 2.051 ms - -[0m
2026-08-02 02:52:32 [INFO]: [0mGET /css/announcement.css [36m304[0m 2.098 ms - -[0m
2026-08-02 02:52:32 [INFO]: [0mGET /css/header.css [36m304[0m 2.603 ms - -[0m
2026-08-02 02:52:32 [INFO]: [0mGET /css/hero.css [36m304[0m 2.825 ms - -[0m
2026-08-02 02:52:32 [INFO]: [0mGET /css/featured.css [36m304[0m 0.320 ms - -[0m
2026-08-02 02:52:32 [INFO]: [0mGET /css/why-choose.css [36m304[0m 0.426 ms - -[0m
2026-08-02 02:52:32 [INFO]: [0mGET /css/footer.css [36m304[0m 0.572 ms - -[0m
2026-08-02 02:52:32 [INFO]: [0mGET /css/auth.css [36m304[0m 0.775 ms - -[0m
2026-08-02 02:52:32 [INFO]: [0mGET /css/verify.css [36m304[0m 0.897 ms - -[0m
2026-08-02 02:52:37 [INFO]: [0mGET /?openLogin=true [32m200[0m 3.894 ms - -[0m
2026-08-02 02:52:37 [INFO]: [0mGET /css/style.css [36m304[0m 0.309 ms - -[0m
2026-08-02 02:52:37 [INFO]: [0mGET /images/logo/plantora.png [36m304[0m 0.505 ms - -[0m
2026-08-02 02:52:37 [INFO]: [0mGET /images/hero/hero-placeholder.png [36m304[0m 0.694 ms - -[0m
2026-08-02 02:52:37 [INFO]: [0mGET /images/hero/monstera-plant.jpg [36m304[0m 0.652 ms - -[0m
2026-08-02 02:52:37 [INFO]: [0mGET /images/hero/snake-plant.jpg [36m304[0m 0.810 ms - -[0m
2026-08-02 02:52:37 [INFO]: [0mGET /images/hero/peace-lily.jpg [36m304[0m 1.189 ms - -[0m
2026-08-02 02:52:37 [INFO]: [0mGET /js/header.js [36m304[0m 1.316 ms - -[0m
2026-08-02 02:52:37 [INFO]: [0mGET /css/variables.css [36m304[0m 0.246 ms - -[0m
2026-08-02 02:52:37 [INFO]: [0mGET /css/utilities.css [36m304[0m 0.457 ms - -[0m
2026-08-02 02:52:37 [INFO]: [0mGET /css/animations.css [36m304[0m 0.667 ms - -[0m
2026-08-02 02:52:37 [INFO]: [0mGET /css/announcement.css [36m304[0m 0.842 ms - -[0m
2026-08-02 02:52:37 [INFO]: [0mGET /css/header.css [36m304[0m 0.345 ms - -[0m
2026-08-02 02:52:37 [INFO]: [0mGET /css/hero.css [36m304[0m 0.608 ms - -[0m
2026-08-02 02:52:37 [INFO]: [0mGET /css/featured.css [36m304[0m 0.838 ms - -[0m
2026-08-02 02:52:37 [INFO]: [0mGET /css/why-choose.css [36m304[0m 1.361 ms - -[0m
2026-08-02 02:52:37 [INFO]: [0mGET /css/footer.css [36m304[0m 1.856 ms - -[0m
2026-08-02 02:52:37 [INFO]: [0mGET /css/auth.css [36m304[0m 1.123 ms - -[0m
2026-08-02 02:52:37 [INFO]: [0mGET /css/verify.css [36m304[0m 0.576 ms - -[0m
2026-08-02 02:52:37 [INFO]: [0mGET /js/featured.js [36m304[0m 0.358 ms - -[0m
2026-08-02 02:52:37 [INFO]: [0mGET /js/why-choose.js [36m304[0m 0.365 ms - -[0m
2026-08-02 02:52:37 [INFO]: [0mGET /js/notification.js [36m304[0m 0.193 ms - -[0m
2026-08-02 02:52:37 [INFO]: [0mGET /js/footer.js [36m304[0m 0.527 ms - -[0m
2026-08-02 02:52:37 [INFO]: [0mGET /js/auth.js [36m304[0m 0.677 ms - -[0m
2026-08-02 02:52:37 [INFO]: [0mGET /images/hero/tulip-plant.jpg [36m304[0m 0.758 ms - -[0m
2026-08-02 02:52:37 [INFO]: [0mGET /images/hero/rubber-plant.jpg [36m304[0m 0.237 ms - -[0m
2026-08-02 02:52:37 [INFO]: [0mGET /images/hero/aloe-vera.jpg [36m304[0m 0.387 ms - -[0m
2026-08-02 02:52:37 [INFO]: [0mGET /images/hero/areca-palm.jpg [36m304[0m 0.597 ms - -[0m
2026-08-02 02:52:37 [INFO]: [0mGET /images/hero/jade-plant.jpg [36m304[0m 0.227 ms - -[0m
2026-08-02 02:52:37 [INFO]: [0mGET /images/hero/golden-pothos.jpg [36m304[0m 0.410 ms - -[0m
2026-08-02 02:52:37 [INFO]: [0mGET /images/hero/fiddle-leaf-fig.jpg [36m304[0m 0.304 ms - -[0m
2026-08-02 02:52:37 [INFO]: [0mGET /images/hero/why-choose.jpg [36m304[0m 0.258 ms - -[0m
2026-08-02 02:52:37 [INFO]: [0mGET /images/logo/plantora-orgn-white.png [36m304[0m 0.324 ms - -[0m
2026-08-02 02:52:54 [INFO]: Login successful : berry-allen@yopmail.com
2026-08-02 02:52:54 [INFO]: [0mPOST /auth/login [32m200[0m 492.137 ms - 46[0m
2026-08-02 02:52:55 [INFO]: [0mGET / [32m200[0m 86.892 ms - -[0m
2026-08-02 02:52:55 [INFO]: [0mGET /css/style.css [36m304[0m 0.224 ms - -[0m
2026-08-02 02:52:55 [INFO]: [0mGET /images/logo/plantora.png [36m304[0m 0.280 ms - -[0m
2026-08-02 02:52:55 [INFO]: [0mGET /images/hero/hero-placeholder.png [36m304[0m 1.035 ms - -[0m
2026-08-02 02:52:55 [INFO]: [0mGET /images/hero/monstera-plant.jpg [36m304[0m 1.084 ms - -[0m
2026-08-02 02:52:55 [INFO]: [0mGET /css/variables.css [36m304[0m 0.251 ms - -[0m
2026-08-02 02:52:55 [INFO]: [0mGET /css/utilities.css [36m304[0m 0.443 ms - -[0m
2026-08-02 02:52:55 [INFO]: [0mGET /css/animations.css [36m304[0m 0.376 ms - -[0m
2026-08-02 02:52:55 [INFO]: [0mGET /css/header.css [36m304[0m 0.460 ms - -[0m
2026-08-02 02:52:55 [INFO]: [0mGET /css/announcement.css [36m304[0m 0.796 ms - -[0m
2026-08-02 02:52:55 [INFO]: [0mGET /css/hero.css [36m304[0m 0.949 ms - -[0m
2026-08-02 02:52:55 [INFO]: [0mGET /css/featured.css [36m304[0m 0.342 ms - -[0m
2026-08-02 02:52:55 [INFO]: [0mGET /css/why-choose.css [36m304[0m 1.016 ms - -[0m
2026-08-02 02:52:55 [INFO]: [0mGET /css/footer.css [36m304[0m 0.783 ms - -[0m
2026-08-02 02:52:55 [INFO]: [0mGET /css/auth.css [36m304[0m 1.060 ms - -[0m
2026-08-02 02:52:55 [INFO]: [0mGET /css/verify.css [36m304[0m 1.633 ms - -[0m
2026-08-02 02:52:55 [INFO]: [0mGET /js/header.js [36m304[0m 0.525 ms - -[0m
2026-08-02 02:52:55 [INFO]: [0mGET /js/featured.js [36m304[0m 0.287 ms - -[0m
2026-08-02 02:52:55 [INFO]: [0mGET /js/why-choose.js [36m304[0m 1.031 ms - -[0m
2026-08-02 02:52:55 [INFO]: [0mGET /js/notification.js [36m304[0m 0.989 ms - -[0m
2026-08-02 02:52:55 [INFO]: [0mGET /js/footer.js [36m304[0m 1.168 ms - -[0m
2026-08-02 02:52:55 [INFO]: [0mGET /js/auth.js [36m304[0m 1.281 ms - -[0m
2026-08-02 02:52:55 [INFO]: [0mGET /images/hero/snake-plant.jpg [36m304[0m 1.385 ms - -[0m
2026-08-02 02:52:55 [INFO]: [0mGET /images/hero/peace-lily.jpg [36m304[0m 1.675 ms - -[0m
2026-08-02 02:52:55 [INFO]: [0mGET /images/hero/tulip-plant.jpg [36m304[0m 0.534 ms - -[0m
2026-08-02 02:52:55 [INFO]: [0mGET /images/hero/rubber-plant.jpg [36m304[0m 0.588 ms - -[0m
2026-08-02 02:52:55 [INFO]: [0mGET /images/hero/aloe-vera.jpg [36m304[0m 0.533 ms - -[0m
2026-08-02 02:52:55 [INFO]: [0mGET /images/hero/areca-palm.jpg [36m304[0m 0.658 ms - -[0m
2026-08-02 02:52:55 [INFO]: [0mGET /images/hero/jade-plant.jpg [36m304[0m 1.111 ms - -[0m
2026-08-02 02:52:55 [INFO]: [0mGET /images/hero/golden-pothos.jpg [36m304[0m 0.692 ms - -[0m
2026-08-02 02:52:55 [INFO]: [0mGET /images/hero/fiddle-leaf-fig.jpg [36m304[0m 0.919 ms - -[0m
2026-08-02 02:52:55 [INFO]: [0mGET /images/hero/why-choose.jpg [36m304[0m 1.518 ms - -[0m
2026-08-02 02:52:55 [INFO]: [0mGET /images/logo/plantora-orgn-white.png [36m304[0m 0.570 ms - -[0m
2026-08-02 02:52:58 [INFO]: [0mGET /auth/profile [32m200[0m 131.945 ms - -[0m
2026-08-02 02:52:58 [INFO]: [0mGET /css/style.css [36m304[0m 0.301 ms - -[0m
2026-08-02 02:52:58 [INFO]: [0mGET /css/profile.css [36m304[0m 0.248 ms - -[0m
2026-08-02 02:52:58 [INFO]: [0mGET /images/logo/plantora.png [36m304[0m 0.661 ms - -[0m
2026-08-02 02:52:58 [INFO]: [0mGET /js/profile.js [36m304[0m 0.923 ms - -[0m
2026-08-02 02:52:58 [INFO]: [0mGET /images/logo/plantora-orgn-white.png [36m304[0m 0.929 ms - -[0m
2026-08-02 02:52:58 [INFO]: [0mGET /js/header.js [36m304[0m 1.076 ms - -[0m
2026-08-02 02:52:58 [INFO]: [0mGET /js/featured.js [36m304[0m 1.156 ms - -[0m
2026-08-02 02:52:58 [INFO]: [0mGET /js/why-choose.js [36m304[0m 1.453 ms - -[0m
2026-08-02 02:52:58 [INFO]: [0mGET /js/notification.js [36m304[0m 1.875 ms - -[0m
2026-08-02 02:52:58 [INFO]: [0mGET /js/footer.js [36m304[0m 0.302 ms - -[0m
2026-08-02 02:52:58 [INFO]: [0mGET /js/auth.js [36m304[0m 0.713 ms - -[0m
2026-08-02 02:52:58 [INFO]: [0mGET /css/variables.css [36m304[0m 0.166 ms - -[0m
2026-08-02 02:52:58 [INFO]: [0mGET /css/utilities.css [36m304[0m 0.162 ms - -[0m
2026-08-02 02:52:58 [INFO]: [0mGET /css/animations.css [36m304[0m 0.265 ms - -[0m
2026-08-02 02:52:58 [INFO]: [0mGET /css/announcement.css [36m304[0m 0.378 ms - -[0m
2026-08-02 02:52:58 [INFO]: [0mGET /css/header.css [36m304[0m 0.912 ms - -[0m
2026-08-02 02:52:58 [INFO]: [0mGET /css/hero.css [36m304[0m 0.642 ms - -[0m
2026-08-02 02:52:58 [INFO]: [0mGET /css/featured.css [36m304[0m 0.751 ms - -[0m
2026-08-02 02:52:58 [INFO]: [0mGET /css/why-choose.css [36m304[0m 1.383 ms - -[0m
2026-08-02 02:52:58 [INFO]: [0mGET /css/footer.css [36m304[0m 0.917 ms - -[0m
2026-08-02 02:52:58 [INFO]: [0mGET /css/auth.css [36m304[0m 1.588 ms - -[0m
2026-08-02 02:52:58 [INFO]: [0mGET /css/verify.css [36m304[0m 0.389 ms - -[0m
2026-08-02 02:54:46 [INFO]: Image uploaded successfully to 'plantora/profile'.
2026-08-02 02:54:46 [INFO]: Local file deleted successfully: E:\Webskitters_Academy\NODE JS\final_project_node\plantora_final_project_node_ejs\uploads\temp\a097b070-5ac7-4c95-80f7-8c629e3b6de6.jpg
2026-08-02 02:54:46 [INFO]: Profile updated : berry-allen@yopmail.com
2026-08-02 02:54:46 [INFO]: [0mPUT /auth/profile?_method=PUT [36m302[0m 2690.461 ms - 101[0m
2026-08-02 02:54:46 [INFO]: [0mGET /auth/profile?type=success&message=Profile%20updated%20successfully. [32m200[0m 122.725 ms - -[0m
2026-08-02 02:54:46 [INFO]: [0mGET /css/style.css [36m304[0m 0.298 ms - -[0m
2026-08-02 02:54:46 [INFO]: [0mGET /css/profile.css [36m304[0m 0.498 ms - -[0m
2026-08-02 02:54:47 [INFO]: [0mGET /images/logo/plantora.png [36m304[0m 0.606 ms - -[0m
2026-08-02 02:54:47 [INFO]: [0mGET /js/profile.js [36m304[0m 2.100 ms - -[0m
2026-08-02 02:54:47 [INFO]: [0mGET /images/logo/plantora-orgn-white.png [36m304[0m 2.975 ms - -[0m
2026-08-02 02:54:47 [INFO]: [0mGET /js/header.js [36m304[0m 2.295 ms - -[0m
2026-08-02 02:54:47 [INFO]: [0mGET /js/notification.js [36m304[0m 1.815 ms - -[0m
2026-08-02 02:54:47 [INFO]: [0mGET /js/featured.js [36m304[0m 1.766 ms - -[0m
2026-08-02 02:54:47 [INFO]: [0mGET /js/why-choose.js [36m304[0m 1.977 ms - -[0m
2026-08-02 02:54:47 [INFO]: [0mGET /js/footer.js [36m304[0m 2.389 ms - -[0m
2026-08-02 02:54:47 [INFO]: [0mGET /js/auth.js [36m304[0m 3.012 ms - -[0m
2026-08-02 02:54:47 [INFO]: [0mGET /css/variables.css [36m304[0m 1.871 ms - -[0m
2026-08-02 02:54:47 [INFO]: [0mGET /css/utilities.css [36m304[0m 1.947 ms - -[0m
2026-08-02 02:54:47 [INFO]: [0mGET /css/animations.css [36m304[0m 2.063 ms - -[0m
2026-08-02 02:54:47 [INFO]: [0mGET /css/announcement.css [36m304[0m 2.612 ms - -[0m
2026-08-02 02:54:47 [INFO]: [0mGET /css/header.css [36m304[0m 3.185 ms - -[0m
2026-08-02 02:54:47 [INFO]: [0mGET /css/hero.css [36m304[0m 1.065 ms - -[0m
2026-08-02 02:54:47 [INFO]: [0mGET /css/featured.css [36m304[0m 1.256 ms - -[0m
2026-08-02 02:54:47 [INFO]: [0mGET /css/why-choose.css [36m304[0m 1.661 ms - -[0m
2026-08-02 02:54:47 [INFO]: [0mGET /css/footer.css [36m304[0m 1.673 ms - -[0m
2026-08-02 02:54:47 [INFO]: [0mGET /css/auth.css [36m304[0m 2.065 ms - -[0m
2026-08-02 02:54:47 [INFO]: [0mGET /css/verify.css [36m304[0m 0.832 ms - -[0m
2026-08-02 02:54:57 [INFO]: [0mGET / [32m200[0m 84.902 ms - -[0m
2026-08-02 02:54:57 [INFO]: [0mGET /css/style.css [36m304[0m 0.774 ms - -[0m
2026-08-02 02:54:57 [INFO]: [0mGET /images/logo/plantora.png [36m304[0m 0.455 ms - -[0m
2026-08-02 02:54:57 [INFO]: [0mGET /images/hero/hero-placeholder.png [36m304[0m 0.471 ms - -[0m
2026-08-02 02:54:57 [INFO]: [0mGET /images/hero/monstera-plant.jpg [36m304[0m 0.284 ms - -[0m
2026-08-02 02:54:57 [INFO]: [0mGET /js/header.js [36m304[0m 0.253 ms - -[0m
2026-08-02 02:54:57 [INFO]: [0mGET /js/featured.js [36m304[0m 0.513 ms - -[0m
2026-08-02 02:54:57 [INFO]: [0mGET /js/why-choose.js [36m304[0m 0.125 ms - -[0m
2026-08-02 02:54:57 [INFO]: [0mGET /js/notification.js [36m304[0m 0.563 ms - -[0m
2026-08-02 02:54:57 [INFO]: [0mGET /js/footer.js [36m304[0m 0.967 ms - -[0m
2026-08-02 02:54:57 [INFO]: [0mGET /js/auth.js [36m304[0m 1.097 ms - -[0m
2026-08-02 02:54:57 [INFO]: [0mGET /images/hero/peace-lily.jpg [36m304[0m 0.248 ms - -[0m
2026-08-02 02:54:57 [INFO]: [0mGET /images/hero/snake-plant.jpg [36m304[0m 0.900 ms - -[0m
2026-08-02 02:54:57 [INFO]: [0mGET /images/hero/tulip-plant.jpg [36m304[0m 0.737 ms - -[0m
2026-08-02 02:54:57 [INFO]: [0mGET /images/hero/rubber-plant.jpg [36m304[0m 0.729 ms - -[0m
2026-08-02 02:54:57 [INFO]: [0mGET /images/hero/aloe-vera.jpg [36m304[0m 0.849 ms - -[0m
2026-08-02 02:54:57 [INFO]: [0mGET /images/hero/areca-palm.jpg [36m304[0m 1.130 ms - -[0m
2026-08-02 02:54:57 [INFO]: [0mGET /css/variables.css [36m304[0m 1.006 ms - -[0m
2026-08-02 02:54:57 [INFO]: [0mGET /css/utilities.css [36m304[0m 0.739 ms - -[0m
2026-08-02 02:54:57 [INFO]: [0mGET /css/animations.css [36m304[0m 0.717 ms - -[0m
2026-08-02 02:54:57 [INFO]: [0mGET /css/announcement.css [36m304[0m 0.571 ms - -[0m
2026-08-02 02:54:57 [INFO]: [0mGET /css/header.css [36m304[0m 0.784 ms - -[0m
2026-08-02 02:54:57 [INFO]: [0mGET /css/hero.css [36m304[0m 1.076 ms - -[0m
2026-08-02 02:54:57 [INFO]: [0mGET /css/featured.css [36m304[0m 0.343 ms - -[0m
2026-08-02 02:54:57 [INFO]: [0mGET /css/why-choose.css [36m304[0m 0.463 ms - -[0m
2026-08-02 02:54:57 [INFO]: [0mGET /css/footer.css [36m304[0m 0.973 ms - -[0m
2026-08-02 02:54:57 [INFO]: [0mGET /css/auth.css [36m304[0m 0.606 ms - -[0m
2026-08-02 02:54:57 [INFO]: [0mGET /css/verify.css [36m304[0m 0.725 ms - -[0m
2026-08-02 02:54:57 [INFO]: [0mGET /images/hero/jade-plant.jpg [36m304[0m 1.149 ms - -[0m
2026-08-02 02:54:57 [INFO]: [0mGET /images/hero/golden-pothos.jpg [36m304[0m 0.389 ms - -[0m
2026-08-02 02:54:57 [INFO]: [0mGET /images/hero/fiddle-leaf-fig.jpg [36m304[0m 0.627 ms - -[0m
2026-08-02 02:54:57 [INFO]: [0mGET /images/hero/why-choose.jpg [36m304[0m 0.753 ms - -[0m
2026-08-02 02:54:57 [INFO]: [0mGET /images/logo/plantora-orgn-white.png [36m304[0m 0.637 ms - -[0m
2026-08-02 02:55:03 [INFO]: Logout successful : berry-allen@yopmail.com
2026-08-02 02:55:03 [INFO]: [0mPOST /auth/logout [36m302[0m 353.319 ms - 30[0m
2026-08-02 02:55:03 [INFO]: [0mGET / [32m200[0m 3.693 ms - -[0m
2026-08-02 02:55:03 [INFO]: [0mGET /css/style.css [36m304[0m 0.404 ms - -[0m
2026-08-02 02:55:03 [INFO]: [0mGET /images/logo/plantora.png [36m304[0m 0.258 ms - -[0m
2026-08-02 02:55:03 [INFO]: [0mGET /images/hero/hero-placeholder.png [36m304[0m 0.368 ms - -[0m
2026-08-02 02:55:03 [INFO]: [0mGET /css/variables.css [36m304[0m 0.349 ms - -[0m
2026-08-02 02:55:03 [INFO]: [0mGET /css/utilities.css [36m304[0m 0.614 ms - -[0m
2026-08-02 02:55:03 [INFO]: [0mGET /css/animations.css [36m304[0m 1.648 ms - -[0m
2026-08-02 02:55:03 [INFO]: [0mGET /css/hero.css [36m304[0m 1.825 ms - -[0m
2026-08-02 02:55:03 [INFO]: [0mGET /css/featured.css [36m304[0m 2.242 ms - -[0m
2026-08-02 02:55:03 [INFO]: [0mGET /css/announcement.css [36m304[0m 2.395 ms - -[0m
2026-08-02 02:55:03 [INFO]: [0mGET /css/header.css [36m304[0m 2.391 ms - -[0m
2026-08-02 02:55:03 [INFO]: [0mGET /css/why-choose.css [36m304[0m 2.557 ms - -[0m
2026-08-02 02:55:03 [INFO]: [0mGET /css/footer.css [36m304[0m 0.305 ms - -[0m
2026-08-02 02:55:03 [INFO]: [0mGET /css/auth.css [36m304[0m 0.461 ms - -[0m
2026-08-02 02:55:03 [INFO]: [0mGET /css/verify.css [36m304[0m 0.720 ms - -[0m
2026-08-02 02:55:03 [INFO]: [0mGET /images/hero/monstera-plant.jpg [36m304[0m 1.476 ms - -[0m
2026-08-02 02:55:03 [INFO]: [0mGET /images/hero/snake-plant.jpg [36m304[0m 0.810 ms - -[0m
2026-08-02 02:55:03 [INFO]: [0mGET /images/hero/peace-lily.jpg [36m304[0m 0.913 ms - -[0m
2026-08-02 02:55:03 [INFO]: [0mGET /js/header.js [36m304[0m 0.325 ms - -[0m
2026-08-02 02:55:03 [INFO]: [0mGET /js/featured.js [36m304[0m 0.930 ms - -[0m
2026-08-02 02:55:03 [INFO]: [0mGET /js/why-choose.js [36m304[0m 0.844 ms - -[0m
2026-08-02 02:55:03 [INFO]: [0mGET /js/notification.js [36m304[0m 1.034 ms - -[0m
2026-08-02 02:55:03 [INFO]: [0mGET /js/footer.js [36m304[0m 1.294 ms - -[0m
2026-08-02 02:55:03 [INFO]: [0mGET /js/auth.js [36m304[0m 1.615 ms - -[0m
2026-08-02 02:55:03 [INFO]: [0mGET /images/hero/tulip-plant.jpg [36m304[0m 0.808 ms - -[0m
2026-08-02 02:55:03 [INFO]: [0mGET /images/hero/rubber-plant.jpg [36m304[0m 0.786 ms - -[0m
2026-08-02 02:55:03 [INFO]: [0mGET /images/hero/aloe-vera.jpg [36m304[0m 0.919 ms - -[0m
2026-08-02 02:55:03 [INFO]: [0mGET /images/hero/areca-palm.jpg [36m304[0m 1.214 ms - -[0m
2026-08-02 02:55:03 [INFO]: [0mGET /images/hero/jade-plant.jpg [36m304[0m 0.503 ms - -[0m
2026-08-02 02:55:03 [INFO]: [0mGET /images/hero/golden-pothos.jpg [36m304[0m 0.657 ms - -[0m
2026-08-02 02:55:03 [INFO]: [0mGET /images/hero/fiddle-leaf-fig.jpg [36m304[0m 0.300 ms - -[0m
2026-08-02 02:55:03 [INFO]: [0mGET /images/hero/why-choose.jpg [36m304[0m 1.383 ms - -[0m
2026-08-02 02:55:03 [INFO]: [0mGET /images/logo/plantora-orgn-white.png [36m304[0m 1.014 ms - -[0m
2026-08-02 02:55:26 [INFO]: [0mGET / [36m304[0m 81.713 ms - -[0m
2026-08-02 02:55:26 [INFO]: [0mGET /css/style.css [36m304[0m 0.366 ms - -[0m
2026-08-02 02:55:26 [INFO]: [0mGET /images/logo/plantora.png [36m304[0m 0.907 ms - -[0m
2026-08-02 02:55:26 [INFO]: [0mGET /images/hero/hero-placeholder.png [36m304[0m 0.230 ms - -[0m
2026-08-02 02:55:26 [INFO]: [0mGET /images/hero/monstera-plant.jpg [36m304[0m 0.327 ms - -[0m
2026-08-02 02:55:26 [INFO]: [0mGET /js/header.js [36m304[0m 0.243 ms - -[0m
2026-08-02 02:55:26 [INFO]: [0mGET /js/featured.js [36m304[0m 0.414 ms - -[0m
2026-08-02 02:55:26 [INFO]: [0mGET /js/why-choose.js [36m304[0m 0.656 ms - -[0m
2026-08-02 02:55:26 [INFO]: [0mGET /css/variables.css [36m304[0m 0.428 ms - -[0m
2026-08-02 02:55:26 [INFO]: [0mGET /css/utilities.css [36m304[0m 0.562 ms - -[0m
2026-08-02 02:55:26 [INFO]: [0mGET /css/animations.css [36m304[0m 0.839 ms - -[0m
2026-08-02 02:55:26 [INFO]: [0mGET /css/announcement.css [36m304[0m 0.998 ms - -[0m
2026-08-02 02:55:26 [INFO]: [0mGET /css/featured.css [36m304[0m 0.806 ms - -[0m
2026-08-02 02:55:26 [INFO]: [0mGET /css/header.css [36m304[0m 0.876 ms - -[0m
2026-08-02 02:55:26 [INFO]: [0mGET /css/hero.css [36m304[0m 1.110 ms - -[0m
2026-08-02 02:55:26 [INFO]: [0mGET /css/why-choose.css [36m304[0m 1.403 ms - -[0m
2026-08-02 02:55:26 [INFO]: [0mGET /css/footer.css [36m304[0m 1.767 ms - -[0m
2026-08-02 02:55:26 [INFO]: [0mGET /css/auth.css [36m304[0m 0.630 ms - -[0m
2026-08-02 02:55:26 [INFO]: [0mGET /css/verify.css [36m304[0m 0.137 ms - -[0m
2026-08-02 02:55:26 [INFO]: [0mGET /js/notification.js [36m304[0m 0.134 ms - -[0m
2026-08-02 02:55:26 [INFO]: [0mGET /js/footer.js [36m304[0m 0.159 ms - -[0m
2026-08-02 02:55:26 [INFO]: [0mGET /js/auth.js [36m304[0m 0.205 ms - -[0m
2026-08-02 02:55:26 [INFO]: [0mGET /images/hero/snake-plant.jpg [36m304[0m 0.390 ms - -[0m
2026-08-02 02:55:26 [INFO]: [0mGET /images/hero/peace-lily.jpg [36m304[0m 0.131 ms - -[0m
2026-08-02 02:55:26 [INFO]: [0mGET /images/hero/tulip-plant.jpg [36m304[0m 0.114 ms - -[0m
2026-08-02 02:55:26 [INFO]: [0mGET /images/hero/rubber-plant.jpg [36m304[0m 0.240 ms - -[0m
2026-08-02 02:55:26 [INFO]: [0mGET /images/hero/aloe-vera.jpg [36m304[0m 0.430 ms - -[0m
2026-08-02 02:55:26 [INFO]: [0mGET /images/hero/areca-palm.jpg [36m304[0m 0.177 ms - -[0m
2026-08-02 02:55:26 [INFO]: [0mGET /images/hero/jade-plant.jpg [36m304[0m 0.151 ms - -[0m
2026-08-02 02:55:26 [INFO]: [0mGET /images/hero/golden-pothos.jpg [36m304[0m 0.376 ms - -[0m
2026-08-02 02:55:26 [INFO]: [0mGET /images/hero/fiddle-leaf-fig.jpg [36m304[0m 0.265 ms - -[0m
2026-08-02 02:55:26 [INFO]: [0mGET /images/hero/why-choose.jpg [36m304[0m 0.333 ms - -[0m
2026-08-02 02:55:26 [INFO]: [0mGET /images/logo/plantora-orgn-white.png [36m304[0m 0.799 ms - -[0m
2026-08-02 03:03:36 [INFO]: Logout successful : admin-plantora@yopmail.com
2026-08-02 03:03:36 [INFO]: [0mPOST /auth/logout [36m302[0m 286.763 ms - 30[0m
2026-08-02 03:03:36 [INFO]: [0mGET / [32m200[0m 3.006 ms - -[0m
2026-08-02 03:03:36 [INFO]: [0mGET /css/style.css [36m304[0m 0.372 ms - -[0m
2026-08-02 03:03:36 [INFO]: [0mGET /images/logo/plantora.png [36m304[0m 0.130 ms - -[0m
2026-08-02 03:03:36 [INFO]: [0mGET /images/hero/hero-placeholder.png [36m304[0m 0.137 ms - -[0m
2026-08-02 03:03:36 [INFO]: [0mGET /images/hero/monstera-plant.jpg [36m304[0m 0.473 ms - -[0m
2026-08-02 03:03:36 [INFO]: [0mGET /images/hero/snake-plant.jpg [36m304[0m 0.281 ms - -[0m
2026-08-02 03:03:36 [INFO]: [0mGET /images/hero/peace-lily.jpg [36m304[0m 0.574 ms - -[0m
2026-08-02 03:03:36 [INFO]: [0mGET /js/header.js [36m304[0m 0.203 ms - -[0m
2026-08-02 03:03:36 [INFO]: [0mGET /js/featured.js [36m304[0m 0.372 ms - -[0m
2026-08-02 03:03:36 [INFO]: [0mGET /js/why-choose.js [36m304[0m 0.222 ms - -[0m
2026-08-02 03:03:36 [INFO]: [0mGET /css/variables.css [36m304[0m 0.139 ms - -[0m
2026-08-02 03:03:36 [INFO]: [0mGET /css/utilities.css [36m304[0m 1.597 ms - -[0m
2026-08-02 03:03:36 [INFO]: [0mGET /css/animations.css [36m304[0m 1.858 ms - -[0m
2026-08-02 03:03:36 [INFO]: [0mGET /css/announcement.css [36m304[0m 1.898 ms - -[0m
2026-08-02 03:03:36 [INFO]: [0mGET /css/header.css [36m304[0m 1.835 ms - -[0m
2026-08-02 03:03:36 [INFO]: [0mGET /css/hero.css [36m304[0m 1.839 ms - -[0m
2026-08-02 03:03:36 [INFO]: [0mGET /css/featured.css [36m304[0m 1.802 ms - -[0m
2026-08-02 03:03:36 [INFO]: [0mGET /css/why-choose.css [36m304[0m 0.744 ms - -[0m
2026-08-02 03:03:36 [INFO]: [0mGET /css/footer.css [36m304[0m 0.864 ms - -[0m
2026-08-02 03:03:36 [INFO]: [0mGET /css/auth.css [36m304[0m 0.731 ms - -[0m
2026-08-02 03:03:36 [INFO]: [0mGET /css/verify.css [36m304[0m 0.348 ms - -[0m
2026-08-02 03:03:36 [INFO]: [0mGET /js/notification.js [36m304[0m 0.788 ms - -[0m
2026-08-02 03:03:36 [INFO]: [0mGET /js/footer.js [36m304[0m 0.438 ms - -[0m
2026-08-02 03:03:36 [INFO]: [0mGET /js/auth.js [36m304[0m 1.056 ms - -[0m
2026-08-02 03:03:36 [INFO]: [0mGET /images/hero/tulip-plant.jpg [36m304[0m 0.616 ms - -[0m
2026-08-02 03:03:36 [INFO]: [0mGET /images/hero/rubber-plant.jpg [36m304[0m 0.677 ms - -[0m
2026-08-02 03:03:36 [INFO]: [0mGET /images/hero/aloe-vera.jpg [36m304[0m 0.244 ms - -[0m
2026-08-02 03:03:36 [INFO]: [0mGET /images/hero/areca-palm.jpg [36m304[0m 0.373 ms - -[0m
2026-08-02 03:03:36 [INFO]: [0mGET /images/hero/jade-plant.jpg [36m304[0m 0.547 ms - -[0m
2026-08-02 03:03:36 [INFO]: [0mGET /images/hero/golden-pothos.jpg [36m304[0m 0.183 ms - -[0m
2026-08-02 03:03:36 [INFO]: [0mGET /images/hero/fiddle-leaf-fig.jpg [36m304[0m 0.141 ms - -[0m
2026-08-02 03:03:36 [INFO]: [0mGET /images/hero/why-choose.jpg [36m304[0m 0.686 ms - -[0m
2026-08-02 03:03:36 [INFO]: [0mGET /images/logo/plantora-orgn-white.png [36m304[0m 0.152 ms - -[0m
2026-08-02 03:04:13 [INFO]: [0mGET / [36m304[0m 7.654 ms - -[0m
2026-08-02 03:04:13 [INFO]: [0mGET /css/style.css [36m304[0m 1.080 ms - -[0m
2026-08-02 03:04:13 [INFO]: [0mGET /images/logo/plantora.png [36m304[0m 1.469 ms - -[0m
2026-08-02 03:04:13 [INFO]: [0mGET /images/hero/hero-placeholder.png [36m304[0m 0.383 ms - -[0m
2026-08-02 03:04:13 [INFO]: [0mGET /images/hero/monstera-plant.jpg [36m304[0m 1.329 ms - -[0m
2026-08-02 03:04:13 [INFO]: [0mGET /images/hero/snake-plant.jpg [36m304[0m 1.534 ms - -[0m
2026-08-02 03:04:13 [INFO]: [0mGET /images/hero/peace-lily.jpg [36m304[0m 1.577 ms - -[0m
2026-08-02 03:04:13 [INFO]: [0mGET /js/header.js [36m304[0m 0.467 ms - -[0m
2026-08-02 03:04:13 [INFO]: [0mGET /js/featured.js [36m304[0m 0.576 ms - -[0m
2026-08-02 03:04:13 [INFO]: [0mGET /js/why-choose.js [36m304[0m 0.262 ms - -[0m
2026-08-02 03:04:13 [INFO]: [0mGET /js/notification.js [36m304[0m 0.682 ms - -[0m
2026-08-02 03:04:13 [INFO]: [0mGET /js/footer.js [36m304[0m 0.964 ms - -[0m
2026-08-02 03:04:13 [INFO]: [0mGET /css/variables.css [36m304[0m 1.327 ms - -[0m
2026-08-02 03:04:13 [INFO]: [0mGET /css/utilities.css [36m304[0m 1.942 ms - -[0m
2026-08-02 03:04:13 [INFO]: [0mGET /css/animations.css [36m304[0m 0.697 ms - -[0m
2026-08-02 03:04:13 [INFO]: [0mGET /css/announcement.css [36m304[0m 0.803 ms - -[0m
2026-08-02 03:04:13 [INFO]: [0mGET /css/header.css [36m304[0m 0.632 ms - -[0m
2026-08-02 03:04:13 [INFO]: [0mGET /css/hero.css [36m304[0m 0.743 ms - -[0m
2026-08-02 03:04:13 [INFO]: [0mGET /css/featured.css [36m304[0m 1.790 ms - -[0m
2026-08-02 03:04:13 [INFO]: [0mGET /css/why-choose.css [36m304[0m 1.261 ms - -[0m
2026-08-02 03:04:13 [INFO]: [0mGET /css/footer.css [36m304[0m 1.412 ms - -[0m
2026-08-02 03:04:13 [INFO]: [0mGET /css/auth.css [36m304[0m 1.142 ms - -[0m
2026-08-02 03:04:13 [INFO]: [0mGET /css/verify.css [36m304[0m 0.331 ms - -[0m
2026-08-02 03:04:13 [INFO]: [0mGET /js/auth.js [36m304[0m 0.493 ms - -[0m
2026-08-02 03:04:13 [INFO]: [0mGET /images/hero/tulip-plant.jpg [36m304[0m 0.323 ms - -[0m
2026-08-02 03:04:13 [INFO]: [0mGET /images/hero/rubber-plant.jpg [36m304[0m 0.502 ms - -[0m
2026-08-02 03:04:13 [INFO]: [0mGET /images/hero/aloe-vera.jpg [36m304[0m 0.226 ms - -[0m
2026-08-02 03:04:13 [INFO]: [0mGET /images/hero/areca-palm.jpg [36m304[0m 0.491 ms - -[0m
2026-08-02 03:04:13 [INFO]: [0mGET /images/hero/jade-plant.jpg [36m304[0m 0.332 ms - -[0m
2026-08-02 03:04:13 [INFO]: [0mGET /images/hero/golden-pothos.jpg [36m304[0m 0.495 ms - -[0m
2026-08-02 03:04:13 [INFO]: [0mGET /images/hero/fiddle-leaf-fig.jpg [36m304[0m 0.272 ms - -[0m
2026-08-02 03:04:13 [INFO]: [0mGET /images/hero/why-choose.jpg [36m304[0m 0.360 ms - -[0m
2026-08-02 03:04:13 [INFO]: [0mGET /images/logo/plantora-orgn-white.png [36m304[0m 0.649 ms - -[0m
2026-08-02 03:04:27 [INFO]: SIGINT received. Shutting down server...
