2026-07-26 03:23:17 [INFO]: MongoDB connected successfully.
2026-07-26 03:23:17 [INFO]: Connecting to Redis...
2026-07-26 03:23:17 [ERROR]: Redis error: ERR unknown command `HELLO`, with args beginning with: `3`, 
2026-07-26 03:23:17 [WARN]: Redis reconnecting...
2026-07-26 03:23:17 [INFO]: Connecting to Redis...
2026-07-26 03:23:17 [ERROR]: Redis error: ERR unknown command `HELLO`, with args beginning with: `3`, 
2026-07-26 03:23:17 [WARN]: Redis reconnecting...
2026-07-26 03:23:17 [INFO]: Connecting to Redis...
2026-07-26 03:23:17 [ERROR]: Redis error: ERR unknown command `HELLO`, with args beginning with: `3`, 
2026-07-26 03:23:18 [WARN]: Redis reconnecting...
2026-07-26 03:23:18 [INFO]: Connecting to Redis...
2026-07-26 03:23:18 [ERROR]: Redis error: ERR unknown command `HELLO`, with args beginning with: `3`, 
2026-07-26 03:23:18 [WARN]: Redis reconnecting...
2026-07-26 03:23:18 [INFO]: Connecting to Redis...
2026-07-26 03:23:18 [ERROR]: Redis error: ERR unknown command `HELLO`, with args beginning with: `3`, 
2026-07-26 03:23:19 [WARN]: Redis reconnecting...
2026-07-26 03:23:19 [INFO]: Connecting to Redis...
2026-07-26 03:23:19 [ERROR]: Redis error: ERR unknown command `HELLO`, with args beginning with: `3`, 
2026-07-26 03:23:21 [WARN]: Redis reconnecting...
2026-07-26 03:23:21 [INFO]: Connecting to Redis...
2026-07-26 03:23:21 [ERROR]: Redis error: ERR unknown command `HELLO`, with args beginning with: `3`, 
2026-07-26 03:23:23 [WARN]: Redis reconnecting...
2026-07-26 03:23:23 [INFO]: Connecting to Redis...
2026-07-26 03:23:23 [ERROR]: Redis error: ERR unknown command `HELLO`, with args beginning with: `3`, 
2026-07-26 03:23:25 [WARN]: Redis reconnecting...
2026-07-26 03:23:25 [INFO]: Connecting to Redis...
2026-07-26 03:23:25 [ERROR]: Redis error: ERR unknown command `HELLO`, with args beginning with: `3`, 
2026-07-26 03:23:27 [WARN]: Redis reconnecting...
2026-07-26 03:23:27 [INFO]: Connecting to Redis...
2026-07-26 03:23:27 [ERROR]: Redis error: ERR unknown command `HELLO`, with args beginning with: `3`, 
2026-07-26 03:23:29 [WARN]: Redis reconnecting...
2026-07-26 03:23:29 [INFO]: Connecting to Redis...
2026-07-26 03:23:29 [ERROR]: Redis error: ERR unknown command `HELLO`, with args beginning with: `3`, 
2026-07-26 03:23:31 [WARN]: Redis reconnecting...
2026-07-26 03:23:31 [INFO]: Connecting to Redis...
2026-07-26 03:23:31 [ERROR]: Redis error: ERR unknown command `HELLO`, with args beginning with: `3`, 
2026-07-26 03:23:33 [WARN]: Redis reconnecting...
2026-07-26 03:23:33 [INFO]: Connecting to Redis...
2026-07-26 03:23:33 [ERROR]: Redis error: ERR unknown command `HELLO`, with args beginning with: `3`, 
2026-07-26 03:23:35 [WARN]: Redis reconnecting...
2026-07-26 03:23:35 [INFO]: Connecting to Redis...
2026-07-26 03:23:35 [ERROR]: Redis error: ERR unknown command `HELLO`, with args beginning with: `3`, 
2026-07-26 03:23:38 [WARN]: Redis reconnecting...
2026-07-26 03:23:38 [INFO]: Connecting to Redis...
2026-07-26 03:23:38 [ERROR]: Redis error: ERR unknown command `HELLO`, with args beginning with: `3`, 
2026-07-26 03:23:40 [WARN]: Redis reconnecting...
2026-07-26 03:23:40 [INFO]: Connecting to Redis...
2026-07-26 03:23:40 [ERROR]: Redis error: ERR unknown command `HELLO`, with args beginning with: `3`, 
2026-07-26 03:23:42 [WARN]: Redis reconnecting...
2026-07-26 03:23:42 [INFO]: Connecting to Redis...
2026-07-26 03:23:42 [ERROR]: Redis error: ERR unknown command `HELLO`, with args beginning with: `3`, 
2026-07-26 03:23:44 [WARN]: Redis reconnecting...
2026-07-26 03:23:44 [INFO]: Connecting to Redis...
2026-07-26 03:23:44 [ERROR]: Redis error: ERR unknown command `HELLO`, with args beginning with: `3`, 
2026-07-26 03:23:46 [WARN]: Redis reconnecting...
2026-07-26 03:23:46 [INFO]: Connecting to Redis...
2026-07-26 03:23:46 [ERROR]: Redis error: ERR unknown command `HELLO`, with args beginning with: `3`, 
2026-07-26 03:23:48 [WARN]: Redis reconnecting...
2026-07-26 03:23:48 [INFO]: Connecting to Redis...
2026-07-26 03:23:48 [ERROR]: Redis error: ERR unknown command `HELLO`, with args beginning with: `3`, 
2026-07-26 03:23:50 [WARN]: Redis reconnecting...
2026-07-26 03:23:50 [INFO]: Connecting to Redis...
2026-07-26 03:23:50 [ERROR]: Redis error: ERR unknown command `HELLO`, with args beginning with: `3`, 
2026-07-26 03:23:52 [WARN]: Redis reconnecting...
2026-07-26 03:23:52 [INFO]: Connecting to Redis...
2026-07-26 03:23:52 [ERROR]: Redis error: ERR unknown command `HELLO`, with args beginning with: `3`, 
2026-07-26 03:23:55 [WARN]: Redis reconnecting...
2026-07-26 03:23:55 [INFO]: Connecting to Redis...
2026-07-26 03:23:55 [ERROR]: Redis error: ERR unknown command `HELLO`, with args beginning with: `3`, 
2026-07-26 03:23:57 [WARN]: Redis reconnecting...
2026-07-26 03:23:57 [INFO]: Connecting to Redis...
2026-07-26 03:23:57 [ERROR]: Redis error: ERR unknown command `HELLO`, with args beginning with: `3`, 
2026-07-26 03:23:59 [WARN]: Redis reconnecting...
2026-07-26 03:23:59 [INFO]: Connecting to Redis...
2026-07-26 03:23:59 [ERROR]: Redis error: ERR unknown command `HELLO`, with args beginning with: `3`, 
2026-07-26 03:24:01 [WARN]: Redis reconnecting...
2026-07-26 03:24:01 [INFO]: Connecting to Redis...
2026-07-26 03:24:01 [ERROR]: Redis error: ERR unknown command `HELLO`, with args beginning with: `3`, 
2026-07-26 03:24:03 [WARN]: Redis reconnecting...
2026-07-26 03:24:03 [INFO]: Connecting to Redis...
2026-07-26 03:24:03 [ERROR]: Redis error: ERR unknown command `HELLO`, with args beginning with: `3`, 
2026-07-26 03:24:05 [WARN]: Redis reconnecting...
2026-07-26 03:24:05 [INFO]: Connecting to Redis...
2026-07-26 03:24:05 [ERROR]: Redis error: ERR unknown command `HELLO`, with args beginning with: `3`, 
2026-07-26 03:24:08 [INFO]: MongoDB connected successfully.
2026-07-26 03:24:14 [INFO]: MongoDB connected successfully.
2026-07-26 03:24:14 [INFO]: Connecting to Redis...
2026-07-26 03:24:14 [ERROR]: Redis error: ERR unknown command `HELLO`, with args beginning with: `3`, 
2026-07-26 03:24:14 [WARN]: Redis reconnecting...
2026-07-26 03:24:14 [INFO]: Connecting to Redis...
2026-07-26 03:24:14 [ERROR]: Redis error: ERR unknown command `HELLO`, with args beginning with: `3`, 
2026-07-26 03:24:14 [WARN]: Redis reconnecting...
2026-07-26 03:24:14 [INFO]: Connecting to Redis...
2026-07-26 03:24:14 [ERROR]: Redis error: ERR unknown command `HELLO`, with args beginning with: `3`, 
2026-07-26 03:24:15 [WARN]: Redis reconnecting...
2026-07-26 03:24:15 [INFO]: Connecting to Redis...
2026-07-26 03:24:15 [ERROR]: Redis error: ERR unknown command `HELLO`, with args beginning with: `3`, 
2026-07-26 03:24:15 [WARN]: Redis reconnecting...
2026-07-26 03:24:15 [INFO]: Connecting to Redis...
2026-07-26 03:24:15 [ERROR]: Redis error: ERR unknown command `HELLO`, with args beginning with: `3`, 
2026-07-26 03:24:16 [WARN]: Redis reconnecting...
2026-07-26 03:24:16 [INFO]: Connecting to Redis...
2026-07-26 03:24:16 [ERROR]: Redis error: ERR unknown command `HELLO`, with args beginning with: `3`, 
2026-07-26 03:24:18 [WARN]: Redis reconnecting...
2026-07-26 03:24:18 [INFO]: Connecting to Redis...
2026-07-26 03:24:18 [ERROR]: Redis error: ERR unknown command `HELLO`, with args beginning with: `3`, 
2026-07-26 03:24:20 [WARN]: Redis reconnecting...
2026-07-26 03:24:20 [INFO]: Connecting to Redis...
2026-07-26 03:24:20 [ERROR]: Redis error: ERR unknown command `HELLO`, with args beginning with: `3`, 
2026-07-26 03:24:22 [WARN]: Redis reconnecting...
2026-07-26 03:24:22 [INFO]: Connecting to Redis...
2026-07-26 03:24:22 [ERROR]: Redis error: ERR unknown command `HELLO`, with args beginning with: `3`, 
2026-07-26 03:24:24 [WARN]: Redis reconnecting...
2026-07-26 03:24:24 [INFO]: Connecting to Redis...
2026-07-26 03:24:24 [ERROR]: Redis error: ERR unknown command `HELLO`, with args beginning with: `3`, 
2026-07-26 03:24:26 [WARN]: Redis reconnecting...
2026-07-26 03:24:26 [INFO]: Connecting to Redis...
2026-07-26 03:24:26 [ERROR]: Redis error: ERR unknown command `HELLO`, with args beginning with: `3`, 
2026-07-26 03:24:28 [WARN]: Redis reconnecting...
2026-07-26 03:24:28 [INFO]: Connecting to Redis...
2026-07-26 03:24:28 [ERROR]: Redis error: ERR unknown command `HELLO`, with args beginning with: `3`, 
2026-07-26 03:24:31 [WARN]: Redis reconnecting...
2026-07-26 03:24:31 [INFO]: Connecting to Redis...
2026-07-26 03:24:31 [ERROR]: Redis error: ERR unknown command `HELLO`, with args beginning with: `3`, 
2026-07-26 03:24:33 [WARN]: Redis reconnecting...
2026-07-26 03:24:33 [INFO]: Connecting to Redis...
2026-07-26 03:24:33 [ERROR]: Redis error: ERR unknown command `HELLO`, with args beginning with: `3`, 
2026-07-26 03:24:35 [WARN]: Redis reconnecting...
2026-07-26 03:24:35 [INFO]: Connecting to Redis...
2026-07-26 03:24:35 [ERROR]: Redis error: ERR unknown command `HELLO`, with args beginning with: `3`, 
2026-07-26 03:24:37 [WARN]: Redis reconnecting...
2026-07-26 03:24:37 [INFO]: Connecting to Redis...
2026-07-26 03:24:37 [ERROR]: Redis error: ERR unknown command `HELLO`, with args beginning with: `3`, 
2026-07-26 03:24:39 [WARN]: Redis reconnecting...
2026-07-26 03:24:39 [INFO]: Connecting to Redis...
2026-07-26 03:24:39 [ERROR]: Redis error: ERR unknown command `HELLO`, with args beginning with: `3`, 
2026-07-26 03:24:41 [WARN]: Redis reconnecting...
2026-07-26 03:24:41 [INFO]: Connecting to Redis...
2026-07-26 03:24:41 [ERROR]: Redis error: ERR unknown command `HELLO`, with args beginning with: `3`, 
2026-07-26 03:24:43 [WARN]: Redis reconnecting...
2026-07-26 03:24:43 [INFO]: Connecting to Redis...
2026-07-26 03:24:43 [ERROR]: Redis error: ERR unknown command `HELLO`, with args beginning with: `3`, 
2026-07-26 03:24:46 [WARN]: Redis reconnecting...
2026-07-26 03:24:46 [INFO]: Connecting to Redis...
2026-07-26 03:24:46 [ERROR]: Redis error: ERR unknown command `HELLO`, with args beginning with: `3`, 
2026-07-26 03:24:48 [WARN]: Redis reconnecting...
2026-07-26 03:24:48 [INFO]: Connecting to Redis...
2026-07-26 03:24:48 [ERROR]: Redis error: ERR unknown command `HELLO`, with args beginning with: `3`, 
2026-07-26 03:24:50 [WARN]: Redis reconnecting...
2026-07-26 03:24:50 [INFO]: Connecting to Redis...
2026-07-26 03:24:50 [ERROR]: Redis error: ERR unknown command `HELLO`, with args beginning with: `3`, 
2026-07-26 03:24:52 [WARN]: Redis reconnecting...
2026-07-26 03:24:52 [INFO]: Connecting to Redis...
2026-07-26 03:24:52 [ERROR]: Redis error: ERR unknown command `HELLO`, with args beginning with: `3`, 
2026-07-26 03:24:54 [WARN]: Redis reconnecting...
2026-07-26 03:24:54 [INFO]: Connecting to Redis...
2026-07-26 03:24:54 [ERROR]: Redis error: ERR unknown command `HELLO`, with args beginning with: `3`, 
2026-07-26 03:24:56 [WARN]: Redis reconnecting...
2026-07-26 03:24:56 [INFO]: Connecting to Redis...
2026-07-26 03:24:56 [ERROR]: Redis error: ERR unknown command `HELLO`, with args beginning with: `3`, 
2026-07-26 03:24:58 [WARN]: Redis reconnecting...
2026-07-26 03:24:58 [INFO]: Connecting to Redis...
2026-07-26 03:24:58 [ERROR]: Redis error: ERR unknown command `HELLO`, with args beginning with: `3`, 
2026-07-26 03:25:00 [WARN]: Redis reconnecting...
2026-07-26 03:25:00 [INFO]: Connecting to Redis...
2026-07-26 03:25:00 [ERROR]: Redis error: ERR unknown command `HELLO`, with args beginning with: `3`, 
2026-07-26 03:25:02 [WARN]: Redis reconnecting...
2026-07-26 03:25:02 [INFO]: Connecting to Redis...
2026-07-26 03:25:02 [ERROR]: Redis error: ERR unknown command `HELLO`, with args beginning with: `3`, 
2026-07-26 03:25:04 [WARN]: Redis reconnecting...
2026-07-26 03:25:04 [INFO]: Connecting to Redis...
2026-07-26 03:25:04 [ERROR]: Redis error: ERR unknown command `HELLO`, with args beginning with: `3`, 
2026-07-26 03:25:07 [WARN]: Redis reconnecting...
2026-07-26 03:25:07 [INFO]: Connecting to Redis...
2026-07-26 03:25:07 [ERROR]: Redis error: ERR unknown command `HELLO`, with args beginning with: `3`, 
2026-07-26 03:25:09 [WARN]: Redis reconnecting...
2026-07-26 03:25:09 [INFO]: Connecting to Redis...
2026-07-26 03:25:09 [ERROR]: Redis error: ERR unknown command `HELLO`, with args beginning with: `3`, 
2026-07-26 03:25:11 [WARN]: Redis reconnecting...
2026-07-26 03:25:11 [INFO]: Connecting to Redis...
2026-07-26 03:25:11 [ERROR]: Redis error: ERR unknown command `HELLO`, with args beginning with: `3`, 
2026-07-26 03:25:13 [WARN]: Redis reconnecting...
2026-07-26 03:25:13 [INFO]: Connecting to Redis...
2026-07-26 03:25:13 [ERROR]: Redis error: ERR unknown command `HELLO`, with args beginning with: `3`, 
2026-07-26 03:25:15 [WARN]: Redis reconnecting...
2026-07-26 03:25:15 [INFO]: Connecting to Redis...
2026-07-26 03:25:15 [ERROR]: Redis error: ERR unknown command `HELLO`, with args beginning with: `3`, 
2026-07-26 03:25:17 [WARN]: Redis reconnecting...
2026-07-26 03:25:17 [INFO]: Connecting to Redis...
2026-07-26 03:25:17 [ERROR]: Redis error: ERR unknown command `HELLO`, with args beginning with: `3`, 
2026-07-26 03:25:19 [WARN]: Redis reconnecting...
2026-07-26 03:25:19 [INFO]: Connecting to Redis...
2026-07-26 03:25:19 [ERROR]: Redis error: ERR unknown command `HELLO`, with args beginning with: `3`, 
2026-07-26 03:25:21 [WARN]: Redis reconnecting...
2026-07-26 03:25:21 [INFO]: Connecting to Redis...
2026-07-26 03:25:21 [ERROR]: Redis error: ERR unknown command `HELLO`, with args beginning with: `3`, 
2026-07-26 03:25:23 [WARN]: Redis reconnecting...
2026-07-26 03:25:23 [INFO]: Connecting to Redis...
2026-07-26 03:25:23 [ERROR]: Redis error: ERR unknown command `HELLO`, with args beginning with: `3`, 
2026-07-26 03:25:25 [WARN]: Redis reconnecting...
2026-07-26 03:25:25 [INFO]: Connecting to Redis...
2026-07-26 03:25:25 [ERROR]: Redis error: ERR unknown command `HELLO`, with args beginning with: `3`, 
2026-07-26 03:25:28 [INFO]: MongoDB connected successfully.
2026-07-26 03:25:36 [INFO]: MongoDB connected successfully.
2026-07-26 03:25:38 [INFO]: Email server connected successfully.
2026-07-26 03:25:38 [INFO]: Server is running on port 5132.
2026-07-26 03:25:42 [INFO]: MongoDB connected successfully.
2026-07-26 03:25:45 [INFO]: Email server connected successfully.
2026-07-26 03:25:45 [INFO]: Server is running on port 5132.
2026-07-26 03:26:17 [ERROR]: TypeError: Cannot set property query of #<IncomingMessage> which has only a getter
    at E:\Webskitters_Academy\NODE JS\final_project_node\plantora_final_project_node_ejs\node_modules\express-mongo-sanitize\index.js:113:18
    at Array.forEach (<anonymous>)
    at E:\Webskitters_Academy\NODE JS\final_project_node\plantora_final_project_node_ejs\node_modules\express-mongo-sanitize\index.js:110:44
    at Layer.handleRequest (E:\Webskitters_Academy\NODE JS\final_project_node\plantora_final_project_node_ejs\node_modules\router\lib\layer.js:152:17)
    at trimPrefix (E:\Webskitters_Academy\NODE JS\final_project_node\plantora_final_project_node_ejs\node_modules\router\index.js:342:13)
    at E:\Webskitters_Academy\NODE JS\final_project_node\plantora_final_project_node_ejs\node_modules\router\index.js:297:9
    at processParams (E:\Webskitters_Academy\NODE JS\final_project_node\plantora_final_project_node_ejs\node_modules\router\index.js:582:12)
    at next (E:\Webskitters_Academy\NODE JS\final_project_node\plantora_final_project_node_ejs\node_modules\router\index.js:291:5)
    at compression (E:\Webskitters_Academy\NODE JS\final_project_node\plantora_final_project_node_ejs\node_modules\compression\index.js:243:5)
    at Layer.handleRequest (E:\Webskitters_Academy\NODE JS\final_project_node\plantora_final_project_node_ejs\node_modules\router\lib\layer.js:152:17)
2026-07-26 03:26:17 [INFO]: [0mGET / [31m500[0m 25.489 ms - 129[0m
2026-07-26 03:26:17 [ERROR]: TypeError: Cannot set property query of #<IncomingMessage> which has only a getter
    at E:\Webskitters_Academy\NODE JS\final_project_node\plantora_final_project_node_ejs\node_modules\express-mongo-sanitize\index.js:113:18
    at Array.forEach (<anonymous>)
    at E:\Webskitters_Academy\NODE JS\final_project_node\plantora_final_project_node_ejs\node_modules\express-mongo-sanitize\index.js:110:44
    at Layer.handleRequest (E:\Webskitters_Academy\NODE JS\final_project_node\plantora_final_project_node_ejs\node_modules\router\lib\layer.js:152:17)
    at trimPrefix (E:\Webskitters_Academy\NODE JS\final_project_node\plantora_final_project_node_ejs\node_modules\router\index.js:342:13)
    at E:\Webskitters_Academy\NODE JS\final_project_node\plantora_final_project_node_ejs\node_modules\router\index.js:297:9
    at processParams (E:\Webskitters_Academy\NODE JS\final_project_node\plantora_final_project_node_ejs\node_modules\router\index.js:582:12)
    at next (E:\Webskitters_Academy\NODE JS\final_project_node\plantora_final_project_node_ejs\node_modules\router\index.js:291:5)
    at compression (E:\Webskitters_Academy\NODE JS\final_project_node\plantora_final_project_node_ejs\node_modules\compression\index.js:243:5)
    at Layer.handleRequest (E:\Webskitters_Academy\NODE JS\final_project_node\plantora_final_project_node_ejs\node_modules\router\lib\layer.js:152:17)
2026-07-26 03:26:17 [INFO]: [0mGET /.well-known/appspecific/com.chrome.devtools.json [31m500[0m 5.226 ms - 129[0m
2026-07-26 03:26:18 [ERROR]: TypeError: Cannot set property query of #<IncomingMessage> which has only a getter
    at E:\Webskitters_Academy\NODE JS\final_project_node\plantora_final_project_node_ejs\node_modules\express-mongo-sanitize\index.js:113:18
    at Array.forEach (<anonymous>)
    at E:\Webskitters_Academy\NODE JS\final_project_node\plantora_final_project_node_ejs\node_modules\express-mongo-sanitize\index.js:110:44
    at Layer.handleRequest (E:\Webskitters_Academy\NODE JS\final_project_node\plantora_final_project_node_ejs\node_modules\router\lib\layer.js:152:17)
    at trimPrefix (E:\Webskitters_Academy\NODE JS\final_project_node\plantora_final_project_node_ejs\node_modules\router\index.js:342:13)
    at E:\Webskitters_Academy\NODE JS\final_project_node\plantora_final_project_node_ejs\node_modules\router\index.js:297:9
    at processParams (E:\Webskitters_Academy\NODE JS\final_project_node\plantora_final_project_node_ejs\node_modules\router\index.js:582:12)
    at next (E:\Webskitters_Academy\NODE JS\final_project_node\plantora_final_project_node_ejs\node_modules\router\index.js:291:5)
    at compression (E:\Webskitters_Academy\NODE JS\final_project_node\plantora_final_project_node_ejs\node_modules\compression\index.js:243:5)
    at Layer.handleRequest (E:\Webskitters_Academy\NODE JS\final_project_node\plantora_final_project_node_ejs\node_modules\router\lib\layer.js:152:17)
2026-07-26 03:26:18 [INFO]: [0mGET /favicon.ico [31m500[0m 1.488 ms - 129[0m
2026-07-26 03:26:22 [ERROR]: TypeError: Cannot set property query of #<IncomingMessage> which has only a getter
    at E:\Webskitters_Academy\NODE JS\final_project_node\plantora_final_project_node_ejs\node_modules\express-mongo-sanitize\index.js:113:18
    at Array.forEach (<anonymous>)
    at E:\Webskitters_Academy\NODE JS\final_project_node\plantora_final_project_node_ejs\node_modules\express-mongo-sanitize\index.js:110:44
    at Layer.handleRequest (E:\Webskitters_Academy\NODE JS\final_project_node\plantora_final_project_node_ejs\node_modules\router\lib\layer.js:152:17)
    at trimPrefix (E:\Webskitters_Academy\NODE JS\final_project_node\plantora_final_project_node_ejs\node_modules\router\index.js:342:13)
    at E:\Webskitters_Academy\NODE JS\final_project_node\plantora_final_project_node_ejs\node_modules\router\index.js:297:9
    at processParams (E:\Webskitters_Academy\NODE JS\final_project_node\plantora_final_project_node_ejs\node_modules\router\index.js:582:12)
    at next (E:\Webskitters_Academy\NODE JS\final_project_node\plantora_final_project_node_ejs\node_modules\router\index.js:291:5)
    at compression (E:\Webskitters_Academy\NODE JS\final_project_node\plantora_final_project_node_ejs\node_modules\compression\index.js:243:5)
    at Layer.handleRequest (E:\Webskitters_Academy\NODE JS\final_project_node\plantora_final_project_node_ejs\node_modules\router\lib\layer.js:152:17)
2026-07-26 03:26:22 [INFO]: [0mGET / [31m500[0m 2.430 ms - 129[0m
2026-07-26 03:26:22 [ERROR]: TypeError: Cannot set property query of #<IncomingMessage> which has only a getter
    at E:\Webskitters_Academy\NODE JS\final_project_node\plantora_final_project_node_ejs\node_modules\express-mongo-sanitize\index.js:113:18
    at Array.forEach (<anonymous>)
    at E:\Webskitters_Academy\NODE JS\final_project_node\plantora_final_project_node_ejs\node_modules\express-mongo-sanitize\index.js:110:44
    at Layer.handleRequest (E:\Webskitters_Academy\NODE JS\final_project_node\plantora_final_project_node_ejs\node_modules\router\lib\layer.js:152:17)
    at trimPrefix (E:\Webskitters_Academy\NODE JS\final_project_node\plantora_final_project_node_ejs\node_modules\router\index.js:342:13)
    at E:\Webskitters_Academy\NODE JS\final_project_node\plantora_final_project_node_ejs\node_modules\router\index.js:297:9
    at processParams (E:\Webskitters_Academy\NODE JS\final_project_node\plantora_final_project_node_ejs\node_modules\router\index.js:582:12)
    at next (E:\Webskitters_Academy\NODE JS\final_project_node\plantora_final_project_node_ejs\node_modules\router\index.js:291:5)
    at compression (E:\Webskitters_Academy\NODE JS\final_project_node\plantora_final_project_node_ejs\node_modules\compression\index.js:243:5)
    at Layer.handleRequest (E:\Webskitters_Academy\NODE JS\final_project_node\plantora_final_project_node_ejs\node_modules\router\lib\layer.js:152:17)
2026-07-26 03:26:22 [INFO]: [0mGET /favicon.ico [31m500[0m 1.315 ms - 129[0m
2026-07-26 03:26:27 [ERROR]: TypeError: Cannot set property query of #<IncomingMessage> which has only a getter
    at E:\Webskitters_Academy\NODE JS\final_project_node\plantora_final_project_node_ejs\node_modules\express-mongo-sanitize\index.js:113:18
    at Array.forEach (<anonymous>)
    at E:\Webskitters_Academy\NODE JS\final_project_node\plantora_final_project_node_ejs\node_modules\express-mongo-sanitize\index.js:110:44
    at Layer.handleRequest (E:\Webskitters_Academy\NODE JS\final_project_node\plantora_final_project_node_ejs\node_modules\router\lib\layer.js:152:17)
    at trimPrefix (E:\Webskitters_Academy\NODE JS\final_project_node\plantora_final_project_node_ejs\node_modules\router\index.js:342:13)
    at E:\Webskitters_Academy\NODE JS\final_project_node\plantora_final_project_node_ejs\node_modules\router\index.js:297:9
    at processParams (E:\Webskitters_Academy\NODE JS\final_project_node\plantora_final_project_node_ejs\node_modules\router\index.js:582:12)
    at next (E:\Webskitters_Academy\NODE JS\final_project_node\plantora_final_project_node_ejs\node_modules\router\index.js:291:5)
    at compression (E:\Webskitters_Academy\NODE JS\final_project_node\plantora_final_project_node_ejs\node_modules\compression\index.js:243:5)
    at Layer.handleRequest (E:\Webskitters_Academy\NODE JS\final_project_node\plantora_final_project_node_ejs\node_modules\router\lib\layer.js:152:17)
2026-07-26 03:26:27 [INFO]: [0mGET /.well-known/appspecific/com.chrome.devtools.json [31m500[0m 1.438 ms - 129[0m
2026-07-26 03:29:30 [INFO]: MongoDB connected successfully.
2026-07-26 03:29:33 [INFO]: Email server connected successfully.
2026-07-26 03:29:33 [INFO]: Server is running on port 5132.
2026-07-26 03:29:38 [ERROR]: ReferenceError: E:\Webskitters_Academy\NODE JS\final_project_node\plantora_final_project_node_ejs\views\home\home.ejs:3
    1| <%- include("../partials/main/announcementBar") %>
    2| 
 >> 3| <%- include("../partials/main/header") %>

E:\Webskitters_Academy\NODE JS\final_project_node\plantora_final_project_node_ejs\views\partials\main\header.ejs:280
    278|                 <a
    279|                     href="/"
 >> 280|                     class="<%= currentRoute === '/' ? 'active-nav' : '' %>"
    281|                 >
    282|                     Home
    283|                 </a>

currentRoute is not defined
    at eval (eval at compile (E:\Webskitters_Academy\NODE JS\final_project_node\plantora_final_project_node_ejs\node_modules\ejs\lib\cjs\ejs.js:607:18), <anonymous>:69:26)
    at header (E:\Webskitters_Academy\NODE JS\final_project_node\plantora_final_project_node_ejs\node_modules\ejs\lib\cjs\ejs.js:643:23)
    at include (E:\Webskitters_Academy\NODE JS\final_project_node\plantora_final_project_node_ejs\node_modules\ejs\lib\cjs\ejs.js:634:47)
    at eval (eval at compile (E:\Webskitters_Academy\NODE JS\final_project_node\plantora_final_project_node_ejs\node_modules\ejs\lib\cjs\ejs.js:607:18), <anonymous>:13:17)
    at home (E:\Webskitters_Academy\NODE JS\final_project_node\plantora_final_project_node_ejs\node_modules\ejs\lib\cjs\ejs.js:643:23)
    at tryHandleCache (E:\Webskitters_Academy\NODE JS\final_project_node\plantora_final_project_node_ejs\node_modules\ejs\lib\cjs\ejs.js:253:42)
    at ejs.renderFile [as engine] (E:\Webskitters_Academy\NODE JS\final_project_node\plantora_final_project_node_ejs\node_modules\ejs\lib\cjs\ejs.js:444:12)
    at View.render (E:\Webskitters_Academy\NODE JS\final_project_node\plantora_final_project_node_ejs\node_modules\express\lib\view.js:139:8)
    at tryRender (E:\Webskitters_Academy\NODE JS\final_project_node\plantora_final_project_node_ejs\node_modules\express\lib\application.js:627:10)
    at app.render (E:\Webskitters_Academy\NODE JS\final_project_node\plantora_final_project_node_ejs\node_modules\express\lib\application.js:574:3)
2026-07-26 03:29:38 [INFO]: [0mGET / [31m500[0m 16.580 ms - 765[0m
2026-07-26 03:29:38 [INFO]: [0mGET /.well-known/appspecific/com.chrome.devtools.json [33m404[0m 1.107 ms - 112[0m
2026-07-26 03:29:38 [INFO]: [0mGET /favicon.ico [33m404[0m 0.924 ms - 75[0m
2026-07-26 03:29:44 [ERROR]: ReferenceError: E:\Webskitters_Academy\NODE JS\final_project_node\plantora_final_project_node_ejs\views\home\home.ejs:3
    1| <%- include("../partials/main/announcementBar") %>
    2| 
 >> 3| <%- include("../partials/main/header") %>

E:\Webskitters_Academy\NODE JS\final_project_node\plantora_final_project_node_ejs\views\partials\main\header.ejs:280
    278|                 <a
    279|                     href="/"
 >> 280|                     class="<%= currentRoute === '/' ? 'active-nav' : '' %>"
    281|                 >
    282|                     Home
    283|                 </a>

currentRoute is not defined
    at eval (eval at compile (E:\Webskitters_Academy\NODE JS\final_project_node\plantora_final_project_node_ejs\node_modules\ejs\lib\cjs\ejs.js:607:18), <anonymous>:69:26)
    at header (E:\Webskitters_Academy\NODE JS\final_project_node\plantora_final_project_node_ejs\node_modules\ejs\lib\cjs\ejs.js:643:23)
    at include (E:\Webskitters_Academy\NODE JS\final_project_node\plantora_final_project_node_ejs\node_modules\ejs\lib\cjs\ejs.js:634:47)
    at eval (eval at compile (E:\Webskitters_Academy\NODE JS\final_project_node\plantora_final_project_node_ejs\node_modules\ejs\lib\cjs\ejs.js:607:18), <anonymous>:13:17)
    at home (E:\Webskitters_Academy\NODE JS\final_project_node\plantora_final_project_node_ejs\node_modules\ejs\lib\cjs\ejs.js:643:23)
    at tryHandleCache (E:\Webskitters_Academy\NODE JS\final_project_node\plantora_final_project_node_ejs\node_modules\ejs\lib\cjs\ejs.js:253:42)
    at ejs.renderFile [as engine] (E:\Webskitters_Academy\NODE JS\final_project_node\plantora_final_project_node_ejs\node_modules\ejs\lib\cjs\ejs.js:444:12)
    at View.render (E:\Webskitters_Academy\NODE JS\final_project_node\plantora_final_project_node_ejs\node_modules\express\lib\view.js:139:8)
    at tryRender (E:\Webskitters_Academy\NODE JS\final_project_node\plantora_final_project_node_ejs\node_modules\express\lib\application.js:627:10)
    at app.render (E:\Webskitters_Academy\NODE JS\final_project_node\plantora_final_project_node_ejs\node_modules\express\lib\application.js:574:3)
2026-07-26 03:29:44 [INFO]: [0mGET / [31m500[0m 6.904 ms - 765[0m
2026-07-26 03:29:44 [INFO]: [0mGET /.well-known/appspecific/com.chrome.devtools.json [33m404[0m 0.918 ms - 112[0m
2026-07-26 03:29:45 [ERROR]: ReferenceError: E:\Webskitters_Academy\NODE JS\final_project_node\plantora_final_project_node_ejs\views\home\home.ejs:3
    1| <%- include("../partials/main/announcementBar") %>
    2| 
 >> 3| <%- include("../partials/main/header") %>

E:\Webskitters_Academy\NODE JS\final_project_node\plantora_final_project_node_ejs\views\partials\main\header.ejs:280
    278|                 <a
    279|                     href="/"
 >> 280|                     class="<%= currentRoute === '/' ? 'active-nav' : '' %>"
    281|                 >
    282|                     Home
    283|                 </a>

currentRoute is not defined
    at eval (eval at compile (E:\Webskitters_Academy\NODE JS\final_project_node\plantora_final_project_node_ejs\node_modules\ejs\lib\cjs\ejs.js:607:18), <anonymous>:69:26)
    at header (E:\Webskitters_Academy\NODE JS\final_project_node\plantora_final_project_node_ejs\node_modules\ejs\lib\cjs\ejs.js:643:23)
    at include (E:\Webskitters_Academy\NODE JS\final_project_node\plantora_final_project_node_ejs\node_modules\ejs\lib\cjs\ejs.js:634:47)
    at eval (eval at compile (E:\Webskitters_Academy\NODE JS\final_project_node\plantora_final_project_node_ejs\node_modules\ejs\lib\cjs\ejs.js:607:18), <anonymous>:13:17)
    at home (E:\Webskitters_Academy\NODE JS\final_project_node\plantora_final_project_node_ejs\node_modules\ejs\lib\cjs\ejs.js:643:23)
    at tryHandleCache (E:\Webskitters_Academy\NODE JS\final_project_node\plantora_final_project_node_ejs\node_modules\ejs\lib\cjs\ejs.js:253:42)
    at ejs.renderFile [as engine] (E:\Webskitters_Academy\NODE JS\final_project_node\plantora_final_project_node_ejs\node_modules\ejs\lib\cjs\ejs.js:444:12)
    at View.render (E:\Webskitters_Academy\NODE JS\final_project_node\plantora_final_project_node_ejs\node_modules\express\lib\view.js:139:8)
    at tryRender (E:\Webskitters_Academy\NODE JS\final_project_node\plantora_final_project_node_ejs\node_modules\express\lib\application.js:627:10)
    at app.render (E:\Webskitters_Academy\NODE JS\final_project_node\plantora_final_project_node_ejs\node_modules\express\lib\application.js:574:3)
2026-07-26 03:29:45 [INFO]: [0mGET / [31m500[0m 6.467 ms - 765[0m
2026-07-26 03:29:45 [INFO]: [0mGET /.well-known/appspecific/com.chrome.devtools.json [33m404[0m 1.181 ms - 112[0m
2026-07-26 03:31:30 [INFO]: MongoDB connected successfully.
2026-07-26 03:31:32 [INFO]: Email server connected successfully.
2026-07-26 03:31:32 [INFO]: Server is running on port 5132.
2026-07-26 03:31:32 [INFO]: [0mGET / [32m200[0m 15.913 ms - -[0m
2026-07-26 03:31:32 [INFO]: [0mGET /images/default/logo.png [33m404[0m 1.135 ms - 87[0m
2026-07-26 03:31:32 [INFO]: [0mGET /.well-known/appspecific/com.chrome.devtools.json [33m404[0m 1.143 ms - 112[0m
2026-07-26 03:47:09 [INFO]: MongoDB connected successfully.
2026-07-26 03:47:11 [INFO]: Email server connected successfully.
2026-07-26 03:47:11 [INFO]: Server is running on port 5132.
2026-07-26 03:47:17 [INFO]: MongoDB connected successfully.
2026-07-26 03:47:20 [INFO]: Email server connected successfully.
2026-07-26 03:47:20 [INFO]: Server is running on port 5132.
2026-07-26 03:47:25 [INFO]: [0mGET / [32m200[0m 7.269 ms - -[0m
2026-07-26 03:47:25 [INFO]: [0mGET /images/default/logo.png [33m404[0m 1.495 ms - 87[0m
2026-07-26 03:47:26 [INFO]: [0mGET / [36m304[0m 2.080 ms - -[0m
2026-07-26 03:47:26 [INFO]: [0mGET /images/default/logo.png [33m404[0m 0.990 ms - 87[0m
2026-07-26 03:47:27 [INFO]: [0mGET / [36m304[0m 3.100 ms - -[0m
2026-07-26 03:47:27 [INFO]: [0mGET /images/default/logo.png [33m404[0m 1.039 ms - 87[0m
2026-07-26 03:47:27 [INFO]: [0mGET / [36m304[0m 1.180 ms - -[0m
2026-07-26 03:47:27 [INFO]: [0mGET /images/default/logo.png [33m404[0m 1.186 ms - 87[0m
2026-07-26 03:47:27 [INFO]: [0mGET / [36m304[0m 1.321 ms - -[0m
2026-07-26 03:47:27 [INFO]: [0mGET /images/default/logo.png [33m404[0m 0.625 ms - 87[0m
2026-07-26 03:47:27 [INFO]: [0mGET / [36m304[0m 1.262 ms - -[0m
2026-07-26 03:47:27 [INFO]: [0mGET /images/default/logo.png [33m404[0m 1.030 ms - 87[0m
2026-07-26 03:47:28 [INFO]: [0mGET / [36m304[0m 1.169 ms - -[0m
2026-07-26 03:47:28 [INFO]: [0mGET /images/default/logo.png [33m404[0m 0.566 ms - 87[0m
2026-07-26 03:47:28 [INFO]: [0mGET / [36m304[0m 1.000 ms - -[0m
2026-07-26 03:47:28 [INFO]: [0mGET /images/default/logo.png [33m404[0m 0.506 ms - 87[0m
2026-07-26 03:47:31 [INFO]: [0mGET /products [33m401[0m 1.730 ms - 55[0m
2026-07-26 03:52:23 [INFO]: MongoDB connected successfully.
2026-07-26 03:52:26 [INFO]: Email server connected successfully.
2026-07-26 03:52:26 [INFO]: Server is running on port 5132.
2026-07-26 03:52:29 [INFO]: MongoDB connected successfully.
2026-07-26 03:52:32 [INFO]: Email server connected successfully.
2026-07-26 03:52:32 [INFO]: Server is running on port 5132.
2026-07-26 03:52:37 [INFO]: [0mGET / [36m304[0m 7.201 ms - -[0m
2026-07-26 03:52:37 [INFO]: [0mGET /images/default/logo.png [33m404[0m 1.362 ms - 87[0m
2026-07-26 03:52:38 [INFO]: [0mGET / [36m304[0m 2.200 ms - -[0m
2026-07-26 03:52:38 [INFO]: [0mGET /images/default/logo.png [33m404[0m 1.078 ms - 87[0m
2026-07-26 03:52:40 [INFO]: [0mGET / [36m304[0m 1.498 ms - -[0m
2026-07-26 03:52:40 [INFO]: [0mGET /images/default/logo.png [33m404[0m 0.735 ms - 87[0m
2026-07-26 03:52:41 [INFO]: [0mGET / [36m304[0m 3.226 ms - -[0m
2026-07-26 03:52:41 [INFO]: [0mGET /images/default/logo.png [33m404[0m 1.227 ms - 87[0m
2026-07-26 03:52:41 [INFO]: [0mGET / [36m304[0m 1.164 ms - -[0m
2026-07-26 03:52:41 [INFO]: [0mGET /images/default/logo.png [33m404[0m 0.608 ms - 87[0m
2026-07-26 03:52:41 [INFO]: [0mGET / [36m304[0m 1.035 ms - -[0m
2026-07-26 03:52:41 [INFO]: [0mGET /images/default/logo.png [33m404[0m 1.527 ms - 87[0m
2026-07-26 03:52:41 [INFO]: [0mGET / [36m304[0m 1.099 ms - -[0m
2026-07-26 03:52:41 [INFO]: [0mGET /images/default/logo.png [33m404[0m 0.589 ms - 87[0m
2026-07-26 03:52:41 [INFO]: [0mGET / [36m304[0m 1.053 ms - -[0m
2026-07-26 03:52:41 [INFO]: [0mGET /images/default/logo.png [33m404[0m 0.754 ms - 87[0m
2026-07-26 03:52:42 [INFO]: [0mGET / [36m304[0m 1.587 ms - -[0m
2026-07-26 03:52:42 [INFO]: [0mGET /images/default/logo.png [33m404[0m 1.014 ms - 87[0m
2026-07-26 03:52:42 [INFO]: [0mGET / [36m304[0m 1.873 ms - -[0m
2026-07-26 03:52:42 [INFO]: [0mGET /images/default/logo.png [33m404[0m 1.452 ms - 87[0m
2026-07-26 03:52:42 [INFO]: [0mGET / [36m304[0m 1.067 ms - -[0m
2026-07-26 03:52:42 [INFO]: [0mGET /images/default/logo.png [33m404[0m 0.793 ms - 87[0m
2026-07-26 03:52:42 [INFO]: [0mGET / [36m304[0m 1.020 ms - -[0m
2026-07-26 03:52:42 [INFO]: [0mGET /images/default/logo.png [33m404[0m 0.987 ms - 87[0m
2026-07-26 03:53:26 [INFO]: [0mGET / [36m304[0m 1.181 ms - -[0m
2026-07-26 03:53:26 [INFO]: [0mGET /images/default/logo.png [33m404[0m 0.628 ms - 87[0m
2026-07-26 03:53:27 [INFO]: [0mGET / [36m304[0m 1.676 ms - -[0m
2026-07-26 03:53:27 [INFO]: [0mGET /images/default/logo.png [33m404[0m 0.897 ms - 87[0m
2026-07-26 03:54:37 [INFO]: MongoDB connected successfully.
2026-07-26 03:54:39 [INFO]: Email server connected successfully.
2026-07-26 03:54:39 [INFO]: Server is running on port 5132.
2026-07-26 03:58:02 [INFO]: [0mGET / [36m304[0m 30.794 ms - -[0m
2026-07-26 03:58:02 [INFO]: [0mGET /images/default/logo.png [33m404[0m 1.710 ms - 87[0m
2026-07-26 03:58:03 [INFO]: [0mGET / [36m304[0m 4.832 ms - -[0m
2026-07-26 03:58:03 [INFO]: [0mGET /images/default/logo.png [33m404[0m 1.292 ms - 87[0m
2026-07-26 03:58:04 [INFO]: [0mGET / [36m304[0m 2.963 ms - -[0m
2026-07-26 03:58:04 [INFO]: [0mGET /images/default/logo.png [33m404[0m 1.663 ms - 87[0m
2026-07-26 03:58:04 [INFO]: [0mGET / [36m304[0m 3.210 ms - -[0m
2026-07-26 03:58:04 [INFO]: [0mGET /images/default/logo.png [33m404[0m 1.557 ms - 87[0m
2026-07-26 03:58:04 [INFO]: [0mGET / [36m304[0m 3.330 ms - -[0m
2026-07-26 03:58:04 [INFO]: [0mGET /images/default/logo.png [33m404[0m 2.030 ms - 87[0m
2026-07-26 03:58:04 [INFO]: [0mGET / [36m304[0m 1.738 ms - -[0m
2026-07-26 03:58:04 [INFO]: [0mGET /images/default/logo.png [33m404[0m 1.311 ms - 87[0m
2026-07-26 03:58:08 [INFO]: [0mGET /.well-known/appspecific/com.chrome.devtools.json [33m404[0m 1.594 ms - 112[0m
2026-07-26 03:59:07 [INFO]: [0mGET /css/style.css [32m200[0m 1.983 ms - 115[0m
2026-07-26 04:00:41 [INFO]: [0mGET / [36m304[0m 3.156 ms - -[0m
2026-07-26 04:00:41 [INFO]: [0mGET /images/default/logo.png [33m404[0m 0.960 ms - 87[0m
2026-07-26 04:02:04 [INFO]: [0mGET /js/header.js [32m200[0m 0.820 ms - 266[0m
2026-07-26 04:05:08 [INFO]: [0mGET / [36m304[0m 1.487 ms - -[0m
2026-07-26 04:05:08 [INFO]: [0mGET /images/default/logo.png [33m404[0m 1.099 ms - 87[0m
2026-07-26 04:05:09 [INFO]: [0mGET / [36m304[0m 3.602 ms - -[0m
2026-07-26 04:05:09 [INFO]: [0mGET /images/default/logo.png [33m404[0m 1.494 ms - 87[0m
2026-07-26 04:05:09 [INFO]: [0mGET / [36m304[0m 2.780 ms - -[0m
2026-07-26 04:05:09 [INFO]: [0mGET /images/default/logo.png [33m404[0m 1.397 ms - 87[0m
2026-07-26 04:05:09 [INFO]: [0mGET / [36m304[0m 3.001 ms - -[0m
2026-07-26 04:05:09 [INFO]: [0mGET /images/default/logo.png [33m404[0m 1.679 ms - 87[0m
2026-07-26 04:05:09 [INFO]: [0mGET / [36m304[0m 2.967 ms - -[0m
2026-07-26 04:05:09 [INFO]: [0mGET /images/default/logo.png [33m404[0m 1.908 ms - 87[0m
2026-07-26 04:05:10 [INFO]: [0mGET / [36m304[0m 2.894 ms - -[0m
2026-07-26 04:05:10 [INFO]: [0mGET /images/default/logo.png [33m404[0m 1.383 ms - 87[0m
2026-07-26 04:05:10 [INFO]: [0mGET / [36m304[0m 1.720 ms - -[0m
2026-07-26 04:05:10 [INFO]: [0mGET /images/default/logo.png [33m404[0m 1.327 ms - 87[0m
2026-07-26 04:05:10 [INFO]: [0mGET / [36m304[0m 3.030 ms - -[0m
2026-07-26 04:05:10 [INFO]: [0mGET /images/default/logo.png [33m404[0m 1.371 ms - 87[0m
2026-07-26 04:06:33 [INFO]: [0mGET /css/style.css [32m200[0m 0.963 ms - 153[0m
2026-07-26 04:06:38 [INFO]: [0mGET / [36m304[0m 2.788 ms - -[0m
2026-07-26 04:06:38 [INFO]: [0mGET /images/default/logo.png [33m404[0m 1.314 ms - 87[0m
2026-07-26 04:07:19 [INFO]: [0mGET /.well-known/appspecific/com.chrome.devtools.json [33m404[0m 0.810 ms - 112[0m
2026-07-26 04:10:21 [INFO]: [0mGET / [36m304[0m 3.697 ms - -[0m
2026-07-26 04:10:21 [INFO]: [0mGET /images/default/logo.png [33m404[0m 1.157 ms - 87[0m
2026-07-26 04:10:21 [INFO]: [0mGET / [36m304[0m 2.889 ms - -[0m
2026-07-26 04:10:21 [INFO]: [0mGET /images/default/logo.png [33m404[0m 1.176 ms - 87[0m
2026-07-26 04:10:22 [INFO]: [0mGET / [36m304[0m 1.371 ms - -[0m
2026-07-26 04:10:22 [INFO]: [0mGET /images/default/logo.png [33m404[0m 1.376 ms - 87[0m
2026-07-26 04:10:22 [INFO]: [0mGET / [36m304[0m 2.900 ms - -[0m
2026-07-26 04:10:22 [INFO]: [0mGET /images/default/logo.png [33m404[0m 1.259 ms - 87[0m
2026-07-26 04:10:22 [INFO]: [0mGET / [36m304[0m 3.007 ms - -[0m
2026-07-26 04:10:22 [INFO]: [0mGET /images/default/logo.png [33m404[0m 1.306 ms - 87[0m
2026-07-26 04:10:23 [INFO]: [0mGET / [36m304[0m 2.997 ms - -[0m
2026-07-26 04:10:23 [INFO]: [0mGET /images/default/logo.png [33m404[0m 1.079 ms - 87[0m
2026-07-26 04:10:23 [INFO]: [0mGET / [36m304[0m 2.890 ms - -[0m
2026-07-26 04:10:23 [INFO]: [0mGET /images/default/logo.png [33m404[0m 1.352 ms - 87[0m
2026-07-26 04:10:23 [INFO]: [0mGET / [36m304[0m 2.668 ms - -[0m
2026-07-26 04:10:23 [INFO]: [0mGET /images/default/logo.png [33m404[0m 1.262 ms - 87[0m
2026-07-26 04:10:23 [INFO]: [0mGET / [36m304[0m 2.936 ms - -[0m
2026-07-26 04:10:23 [INFO]: [0mGET /images/default/logo.png [33m404[0m 1.901 ms - 87[0m
2026-07-26 04:10:23 [INFO]: [0mGET / [36m304[0m 3.008 ms - -[0m
2026-07-26 04:10:23 [INFO]: [0mGET /images/default/logo.png [33m404[0m 0.777 ms - 87[0m
2026-07-26 04:10:23 [INFO]: [0mGET / [36m304[0m 3.016 ms - -[0m
2026-07-26 04:10:23 [INFO]: [0mGET /images/default/logo.png [33m404[0m 1.296 ms - 87[0m
2026-07-26 04:10:39 [INFO]: [0mGET /.well-known/appspecific/com.chrome.devtools.json [33m404[0m 0.593 ms - 112[0m
2026-07-26 04:11:01 [INFO]: [0mGET /.well-known/appspecific/com.chrome.devtools.json [33m404[0m 0.710 ms - 112[0m
2026-07-26 04:14:19 [INFO]: MongoDB connected successfully.
2026-07-26 04:14:22 [INFO]: Email server connected successfully.
2026-07-26 04:14:22 [INFO]: Server is running on port 5132.
2026-07-26 04:14:22 [INFO]: [0mGET / [32m200[0m 25.841 ms - -[0m
2026-07-26 04:14:22 [INFO]: [0mGET /css/style.css [36m304[0m 1.063 ms - -[0m
2026-07-26 04:14:22 [INFO]: [0mGET /images/default/logo.png [33m404[0m 1.862 ms - 87[0m
2026-07-26 04:14:22 [INFO]: [0mGET /.well-known/appspecific/com.chrome.devtools.json [33m404[0m 0.663 ms - 112[0m
2026-07-26 04:14:22 [INFO]: [0mGET /js/header.js [36m304[0m 0.436 ms - -[0m
2026-07-26 04:14:22 [INFO]: [0mGET /css/announcement.css [33m404[0m 0.829 ms - 84[0m
2026-07-26 04:14:22 [INFO]: [0mGET /js/notification.js [32m200[0m 3.117 ms - 929[0m
2026-07-26 04:14:22 [INFO]: [0mGET /css/header.css [32m200[0m 3.314 ms - -[0m
2026-07-26 04:15:38 [INFO]: [0mGET / [32m200[0m 8.128 ms - -[0m
2026-07-26 04:15:38 [INFO]: [0mGET /css/style.css [36m304[0m 0.773 ms - -[0m
2026-07-26 04:15:38 [INFO]: [0mGET /images/default/logo.png [33m404[0m 1.991 ms - 87[0m
2026-07-26 04:15:38 [INFO]: [0mGET /js/header.js [36m304[0m 1.238 ms - -[0m
2026-07-26 04:15:38 [INFO]: [0mGET /js/notification.js [36m304[0m 1.899 ms - -[0m
2026-07-26 04:15:38 [INFO]: [0mGET /css/header.css [36m304[0m 0.857 ms - -[0m
2026-07-26 04:15:38 [INFO]: [0mGET /css/announcement.css [33m404[0m 2.341 ms - 84[0m
2026-07-26 04:15:38 [INFO]: [0mGET / [36m304[0m 3.070 ms - -[0m
2026-07-26 04:15:38 [INFO]: [0mGET /css/style.css [36m304[0m 1.329 ms - -[0m
2026-07-26 04:15:38 [INFO]: [0mGET /images/default/logo.png [33m404[0m 2.712 ms - 87[0m
2026-07-26 04:15:38 [INFO]: [0mGET /js/header.js [36m304[0m 3.457 ms - -[0m
2026-07-26 04:15:38 [INFO]: [0mGET /js/notification.js [36m304[0m 1.209 ms - -[0m
2026-07-26 04:15:38 [INFO]: [0mGET /css/header.css [36m304[0m 0.461 ms - -[0m
2026-07-26 04:15:38 [INFO]: [0mGET /css/announcement.css [33m404[0m 1.022 ms - 84[0m
2026-07-26 04:15:38 [INFO]: [0mGET / [36m304[0m 4.158 ms - -[0m
2026-07-26 04:15:39 [INFO]: [0mGET /css/style.css [36m304[0m 1.112 ms - -[0m
2026-07-26 04:15:39 [INFO]: [0mGET /images/default/logo.png [33m404[0m 2.464 ms - 87[0m
2026-07-26 04:15:39 [INFO]: [0mGET /js/header.js [36m304[0m 3.029 ms - -[0m
2026-07-26 04:15:39 [INFO]: [0mGET /js/notification.js [36m304[0m 0.504 ms - -[0m
2026-07-26 04:15:39 [INFO]: [0mGET /css/header.css [36m304[0m 0.590 ms - -[0m
2026-07-26 04:15:39 [INFO]: [0mGET /css/announcement.css [33m404[0m 1.137 ms - 84[0m
2026-07-26 04:15:39 [INFO]: [0mGET / [36m304[0m 4.462 ms - -[0m
2026-07-26 04:15:39 [INFO]: [0mGET /css/style.css [36m304[0m 0.627 ms - -[0m
2026-07-26 04:15:39 [INFO]: [0mGET /images/default/logo.png [33m404[0m 1.827 ms - 87[0m
2026-07-26 04:15:39 [INFO]: [0mGET /js/header.js [36m304[0m 2.416 ms - -[0m
2026-07-26 04:15:39 [INFO]: [0mGET /js/notification.js [36m304[0m 1.020 ms - -[0m
2026-07-26 04:15:39 [INFO]: [0mGET /css/header.css [36m304[0m 1.539 ms - -[0m
2026-07-26 04:15:39 [INFO]: [0mGET /css/announcement.css [33m404[0m 2.006 ms - 84[0m
2026-07-26 04:15:39 [INFO]: [0mGET / [36m304[0m 4.277 ms - -[0m
2026-07-26 04:15:39 [INFO]: [0mGET /css/style.css [36m304[0m 0.623 ms - -[0m
2026-07-26 04:15:39 [INFO]: [0mGET /images/default/logo.png [33m404[0m 1.776 ms - 87[0m
2026-07-26 04:15:39 [INFO]: [0mGET /js/header.js [36m304[0m 2.183 ms - -[0m
2026-07-26 04:15:39 [INFO]: [0mGET /js/notification.js [36m304[0m 1.120 ms - -[0m
2026-07-26 04:15:39 [INFO]: [0mGET /css/header.css [36m304[0m 1.881 ms - -[0m
2026-07-26 04:15:39 [INFO]: [0mGET /css/announcement.css [33m404[0m 3.182 ms - 84[0m
2026-07-26 04:15:42 [INFO]: [0mGET /css/style.css [36m304[0m 0.854 ms - -[0m
2026-07-26 04:15:42 [INFO]: [0mGET /css/header.css [36m304[0m 0.907 ms - -[0m
2026-07-26 04:15:42 [INFO]: [0mGET /css/announcement.css [33m404[0m 1.363 ms - 84[0m
2026-07-26 04:15:42 [INFO]: [0mGET /.well-known/appspecific/com.chrome.devtools.json [33m404[0m 0.813 ms - 112[0m
2026-07-26 04:16:31 [INFO]: [0mGET / [32m200[0m 3.238 ms - -[0m
2026-07-26 04:16:31 [INFO]: [0mGET /public/images/logo/logo-green.svg [33m404[0m 0.885 ms - 97[0m
2026-07-26 04:16:31 [INFO]: [0mGET /css/style.css [36m304[0m 0.254 ms - -[0m
2026-07-26 04:16:31 [INFO]: [0mGET /.well-known/appspecific/com.chrome.devtools.json [33m404[0m 0.736 ms - 112[0m
2026-07-26 04:16:31 [INFO]: [0mGET /js/header.js [36m304[0m 0.463 ms - -[0m
2026-07-26 04:16:31 [INFO]: [0mGET /js/notification.js [36m304[0m 0.874 ms - -[0m
2026-07-26 04:16:31 [INFO]: [0mGET /css/header.css [36m304[0m 0.381 ms - -[0m
2026-07-26 04:16:31 [INFO]: [0mGET /css/announcement.css [33m404[0m 0.961 ms - 84[0m
2026-07-26 04:16:32 [INFO]: [0mGET / [36m304[0m 2.212 ms - -[0m
2026-07-26 04:16:32 [INFO]: [0mGET /css/style.css [36m304[0m 0.726 ms - -[0m
2026-07-26 04:16:32 [INFO]: [0mGET /public/images/logo/logo-green.svg [33m404[0m 1.215 ms - 97[0m
2026-07-26 04:16:32 [INFO]: [0mGET /.well-known/appspecific/com.chrome.devtools.json [33m404[0m 0.620 ms - 112[0m
2026-07-26 04:16:32 [INFO]: [0mGET /js/header.js [36m304[0m 2.594 ms - -[0m
2026-07-26 04:16:32 [INFO]: [0mGET /js/notification.js [36m304[0m 0.291 ms - -[0m
2026-07-26 04:16:32 [INFO]: [0mGET /css/header.css [36m304[0m 0.775 ms - -[0m
2026-07-26 04:16:32 [INFO]: [0mGET /css/announcement.css [33m404[0m 1.355 ms - 84[0m
2026-07-26 04:16:32 [INFO]: [0mGET / [36m304[0m 1.949 ms - -[0m
2026-07-26 04:16:32 [INFO]: [0mGET /.well-known/appspecific/com.chrome.devtools.json [33m404[0m 0.863 ms - 112[0m
2026-07-26 04:16:32 [INFO]: [0mGET /css/style.css [36m304[0m 0.249 ms - -[0m
2026-07-26 04:16:32 [INFO]: [0mGET /public/images/logo/logo-green.svg [33m404[0m 0.708 ms - 97[0m
2026-07-26 04:16:32 [INFO]: [0mGET /js/header.js [36m304[0m 0.974 ms - -[0m
2026-07-26 04:16:32 [INFO]: [0mGET /css/header.css [36m304[0m 0.352 ms - -[0m
2026-07-26 04:16:32 [INFO]: [0mGET /css/announcement.css [33m404[0m 1.093 ms - 84[0m
2026-07-26 04:16:32 [INFO]: [0mGET /js/notification.js [36m304[0m 1.511 ms - -[0m
2026-07-26 04:16:33 [INFO]: [0mGET / [36m304[0m 3.883 ms - -[0m
2026-07-26 04:16:33 [INFO]: [0mGET /css/style.css [36m304[0m 0.586 ms - -[0m
2026-07-26 04:16:33 [INFO]: [0mGET /public/images/logo/logo-green.svg [33m404[0m 1.228 ms - 97[0m
2026-07-26 04:16:33 [INFO]: [0mGET /js/header.js [36m304[0m 1.500 ms - -[0m
2026-07-26 04:16:33 [INFO]: [0mGET /.well-known/appspecific/com.chrome.devtools.json [33m404[0m 1.314 ms - 112[0m
2026-07-26 04:16:33 [INFO]: [0mGET /js/notification.js [36m304[0m 0.425 ms - -[0m
2026-07-26 04:16:33 [INFO]: [0mGET /css/header.css [36m304[0m 0.659 ms - -[0m
2026-07-26 04:16:33 [INFO]: [0mGET /css/announcement.css [33m404[0m 1.062 ms - 84[0m
2026-07-26 04:16:46 [INFO]: [0mGET / [32m200[0m 4.426 ms - -[0m
2026-07-26 04:16:46 [INFO]: [0mGET /css/style.css [36m304[0m 0.586 ms - -[0m
2026-07-26 04:16:46 [INFO]: [0mGET /js/header.js [36m304[0m 0.678 ms - -[0m
2026-07-26 04:16:46 [INFO]: [0mGET /images/logo/logo-green.svg [32m200[0m 2.483 ms - -[0m
2026-07-26 04:16:46 [INFO]: [0mGET /.well-known/appspecific/com.chrome.devtools.json [33m404[0m 0.779 ms - 112[0m
2026-07-26 04:16:46 [INFO]: [0mGET /js/notification.js [36m304[0m 0.505 ms - -[0m
2026-07-26 04:16:46 [INFO]: [0mGET /css/header.css [36m304[0m 0.778 ms - -[0m
2026-07-26 04:16:46 [INFO]: [0mGET /css/announcement.css [33m404[0m 2.048 ms - 84[0m
2026-07-26 04:16:47 [INFO]: [0mGET / [36m304[0m 2.455 ms - -[0m
2026-07-26 04:16:47 [INFO]: [0mGET /css/style.css [36m304[0m 0.497 ms - -[0m
2026-07-26 04:16:47 [INFO]: [0mGET /images/logo/logo-green.svg [36m304[0m 0.711 ms - -[0m
2026-07-26 04:16:47 [INFO]: [0mGET /js/header.js [36m304[0m 0.893 ms - -[0m
2026-07-26 04:16:47 [INFO]: [0mGET /.well-known/appspecific/com.chrome.devtools.json [33m404[0m 0.657 ms - 112[0m
2026-07-26 04:16:47 [INFO]: [0mGET /js/notification.js [36m304[0m 0.528 ms - -[0m
2026-07-26 04:16:47 [INFO]: [0mGET /css/header.css [36m304[0m 0.695 ms - -[0m
2026-07-26 04:16:47 [INFO]: [0mGET /css/announcement.css [33m404[0m 1.843 ms - 84[0m
2026-07-26 04:16:47 [INFO]: [0mGET / [36m304[0m 2.420 ms - -[0m
2026-07-26 04:16:47 [INFO]: [0mGET /.well-known/appspecific/com.chrome.devtools.json [33m404[0m 0.793 ms - 112[0m
2026-07-26 04:16:47 [INFO]: [0mGET /css/style.css [36m304[0m 0.292 ms - -[0m
2026-07-26 04:16:47 [INFO]: [0mGET /images/logo/logo-green.svg [36m304[0m 0.464 ms - -[0m
2026-07-26 04:16:47 [INFO]: [0mGET /js/header.js [36m304[0m 0.745 ms - -[0m
2026-07-26 04:16:47 [INFO]: [0mGET /css/header.css [36m304[0m 0.363 ms - -[0m
2026-07-26 04:16:47 [INFO]: [0mGET /js/notification.js [36m304[0m 0.776 ms - -[0m
2026-07-26 04:16:47 [INFO]: [0mGET /css/announcement.css [33m404[0m 2.307 ms - 84[0m
2026-07-26 04:28:55 [INFO]: MongoDB connected successfully.
2026-07-26 04:28:57 [INFO]: Email server connected successfully.
2026-07-26 04:28:57 [INFO]: Server is running on port 5132.
2026-07-26 04:30:06 [INFO]: MongoDB connected successfully.
2026-07-26 04:30:09 [INFO]: Email server connected successfully.
2026-07-26 04:30:09 [INFO]: Server is running on port 5132.
2026-07-26 04:30:09 [INFO]: [0mGET / [32m200[0m 9.677 ms - -[0m
2026-07-26 04:30:09 [INFO]: [0mGET /css/style.css [36m304[0m 1.307 ms - -[0m
2026-07-26 04:30:09 [INFO]: [0mGET /images/logo/logo-green.svg [36m304[0m 0.240 ms - -[0m
2026-07-26 04:30:09 [INFO]: [0mGET /.well-known/appspecific/com.chrome.devtools.json [33m404[0m 0.971 ms - 112[0m
2026-07-26 04:30:09 [INFO]: [0mGET /js/notification.js [32m200[0m 2.663 ms - 382[0m
2026-07-26 04:30:09 [INFO]: [0mGET /js/header.js [32m200[0m 2.885 ms - -[0m
2026-07-26 04:30:09 [INFO]: [0mGET /css/header.css [32m200[0m 2.888 ms - -[0m
2026-07-26 04:30:09 [INFO]: [0mGET /css/announcement.css [32m200[0m 2.350 ms - -[0m
2026-07-26 04:30:25 [INFO]: [0mGET / [36m304[0m 9.605 ms - -[0m
2026-07-26 04:30:25 [INFO]: [0mGET /css/style.css [36m304[0m 1.265 ms - -[0m
2026-07-26 04:30:25 [INFO]: [0mGET /images/logo/logo-green.svg [36m304[0m 1.806 ms - -[0m
2026-07-26 04:30:25 [INFO]: [0mGET /js/header.js [36m304[0m 1.138 ms - -[0m
2026-07-26 04:30:25 [INFO]: [0mGET /js/notification.js [36m304[0m 1.740 ms - -[0m
2026-07-26 04:30:25 [INFO]: [0mGET /css/header.css [36m304[0m 1.393 ms - -[0m
2026-07-26 04:30:25 [INFO]: [0mGET /css/announcement.css [36m304[0m 1.812 ms - -[0m
2026-07-26 04:31:17 [INFO]: [0mGET / [36m304[0m 5.989 ms - -[0m
2026-07-26 04:31:17 [INFO]: [0mGET /css/style.css [36m304[0m 0.925 ms - -[0m
2026-07-26 04:31:17 [INFO]: [0mGET /images/logo/logo-green.svg [36m304[0m 1.081 ms - -[0m
2026-07-26 04:31:17 [INFO]: [0mGET /js/header.js [36m304[0m 1.846 ms - -[0m
2026-07-26 04:31:17 [INFO]: [0mGET /js/notification.js [36m304[0m 0.396 ms - -[0m
2026-07-26 04:31:17 [INFO]: [0mGET /css/announcement.css [36m304[0m 0.651 ms - -[0m
2026-07-26 04:31:17 [INFO]: [0mGET /css/header.css [32m200[0m 2.067 ms - -[0m
2026-07-26 04:31:18 [INFO]: [0mGET / [36m304[0m 2.750 ms - -[0m
2026-07-26 04:31:18 [INFO]: [0mGET /css/style.css [36m304[0m 0.878 ms - -[0m
2026-07-26 04:31:18 [INFO]: [0mGET /images/logo/logo-green.svg [36m304[0m 1.210 ms - -[0m
2026-07-26 04:31:18 [INFO]: [0mGET /js/header.js [36m304[0m 1.845 ms - -[0m
2026-07-26 04:31:18 [INFO]: [0mGET /js/notification.js [36m304[0m 0.597 ms - -[0m
2026-07-26 04:31:18 [INFO]: [0mGET /css/header.css [36m304[0m 0.807 ms - -[0m
2026-07-26 04:31:18 [INFO]: [0mGET /css/announcement.css [36m304[0m 1.262 ms - -[0m
2026-07-26 04:31:22 [INFO]: [0mGET /css/style.css [36m304[0m 0.450 ms - -[0m
2026-07-26 04:31:22 [INFO]: [0mGET /css/header.css [36m304[0m 0.646 ms - -[0m
2026-07-26 04:31:22 [INFO]: [0mGET /css/announcement.css [36m304[0m 0.884 ms - -[0m
2026-07-26 04:31:22 [INFO]: [0mGET /.well-known/appspecific/com.chrome.devtools.json [33m404[0m 1.100 ms - 112[0m
2026-07-26 04:32:59 [INFO]: [0mGET / [36m304[0m 6.055 ms - -[0m
2026-07-26 04:32:59 [INFO]: [0mGET /images/logo/logo-green.svg [36m304[0m 0.369 ms - -[0m
2026-07-26 04:32:59 [INFO]: [0mGET /css/style.css [32m200[0m 1.402 ms - 253[0m
2026-07-26 04:32:59 [INFO]: [0mGET /.well-known/appspecific/com.chrome.devtools.json [33m404[0m 1.241 ms - 112[0m
2026-07-26 04:32:59 [INFO]: [0mGET /js/header.js [36m304[0m 0.472 ms - -[0m
2026-07-26 04:32:59 [INFO]: [0mGET /js/notification.js [36m304[0m 0.920 ms - -[0m
2026-07-26 04:32:59 [INFO]: [0mGET /css/announcement.css [36m304[0m 0.499 ms - -[0m
2026-07-26 04:32:59 [INFO]: [0mGET /css/header.css [36m304[0m 0.795 ms - -[0m
2026-07-26 04:32:59 [INFO]: [0mGET /css/variables.css [32m200[0m 2.786 ms - 903[0m
2026-07-26 04:32:59 [INFO]: [0mGET /css/utilities.css [32m200[0m 2.916 ms - 737[0m
2026-07-26 04:32:59 [INFO]: [0mGET /css/animations.css [32m200[0m 2.838 ms - 539[0m
2026-07-26 04:35:06 [INFO]: [0mGET / [32m200[0m 5.221 ms - -[0m
2026-07-26 04:35:06 [INFO]: [0mGET /css/style.css [36m304[0m 0.342 ms - -[0m
2026-07-26 04:35:06 [INFO]: [0mGET /.well-known/appspecific/com.chrome.devtools.json [33m404[0m 1.082 ms - 112[0m
2026-07-26 04:35:06 [INFO]: [0mGET /images/logo/plantora.png [32m200[0m 0.983 ms - 299213[0m
2026-07-26 04:35:06 [INFO]: [0mGET /js/header.js [36m304[0m 0.336 ms - -[0m
2026-07-26 04:35:06 [INFO]: [0mGET /js/notification.js [36m304[0m 0.759 ms - -[0m
2026-07-26 04:35:06 [INFO]: [0mGET /css/variables.css [36m304[0m 0.705 ms - -[0m
2026-07-26 04:35:06 [INFO]: [0mGET /css/utilities.css [36m304[0m 0.965 ms - -[0m
2026-07-26 04:35:06 [INFO]: [0mGET /css/animations.css [36m304[0m 1.394 ms - -[0m
2026-07-26 04:35:06 [INFO]: [0mGET /css/announcement.css [36m304[0m 0.476 ms - -[0m
2026-07-26 04:35:06 [INFO]: [0mGET /css/header.css [36m304[0m 0.645 ms - -[0m
2026-07-26 04:35:06 [INFO]: [0mGET / [36m304[0m 4.091 ms - -[0m
2026-07-26 04:35:06 [INFO]: [0mGET /.well-known/appspecific/com.chrome.devtools.json [33m404[0m 1.024 ms - 112[0m
2026-07-26 04:35:06 [INFO]: [0mGET /css/style.css [36m304[0m 0.425 ms - -[0m
2026-07-26 04:35:06 [INFO]: [0mGET /images/logo/plantora.png [36m304[0m 0.558 ms - -[0m
2026-07-26 04:35:06 [INFO]: [0mGET /js/header.js [36m304[0m 0.431 ms - -[0m
2026-07-26 04:35:06 [INFO]: [0mGET /js/notification.js [36m304[0m 0.657 ms - -[0m
2026-07-26 04:35:06 [INFO]: [0mGET /css/variables.css [36m304[0m 0.891 ms - -[0m
2026-07-26 04:35:06 [INFO]: [0mGET /css/utilities.css [36m304[0m 1.047 ms - -[0m
2026-07-26 04:35:06 [INFO]: [0mGET /css/animations.css [36m304[0m 1.077 ms - -[0m
2026-07-26 04:35:06 [INFO]: [0mGET /css/announcement.css [36m304[0m 0.438 ms - -[0m
2026-07-26 04:35:06 [INFO]: [0mGET /css/header.css [36m304[0m 0.758 ms - -[0m
2026-07-26 04:35:07 [INFO]: [0mGET / [36m304[0m 4.251 ms - -[0m
2026-07-26 04:35:07 [INFO]: [0mGET /.well-known/appspecific/com.chrome.devtools.json [33m404[0m 1.514 ms - 112[0m
2026-07-26 04:35:07 [INFO]: [0mGET /css/style.css [36m304[0m 0.528 ms - -[0m
2026-07-26 04:35:07 [INFO]: [0mGET /images/logo/plantora.png [36m304[0m 0.822 ms - -[0m
2026-07-26 04:35:07 [INFO]: [0mGET /js/header.js [36m304[0m 1.152 ms - -[0m
2026-07-26 04:35:07 [INFO]: [0mGET /js/notification.js [36m304[0m 1.561 ms - -[0m
2026-07-26 04:35:07 [INFO]: [0mGET /css/variables.css [36m304[0m 1.786 ms - -[0m
2026-07-26 04:35:07 [INFO]: [0mGET /css/utilities.css [36m304[0m 1.795 ms - -[0m
2026-07-26 04:35:07 [INFO]: [0mGET /css/animations.css [36m304[0m 2.148 ms - -[0m
2026-07-26 04:35:07 [INFO]: [0mGET /css/announcement.css [36m304[0m 2.809 ms - -[0m
2026-07-26 04:35:07 [INFO]: [0mGET /css/header.css [36m304[0m 0.788 ms - -[0m
2026-07-26 04:36:59 [INFO]: [0mGET / [36m304[0m 8.385 ms - -[0m
2026-07-26 04:37:00 [INFO]: [0mGET /css/style.css [36m304[0m 0.825 ms - -[0m
2026-07-26 04:37:00 [INFO]: [0mGET /images/logo/plantora.png [36m304[0m 1.332 ms - -[0m
2026-07-26 04:37:00 [INFO]: [0mGET /js/header.js [36m304[0m 0.442 ms - -[0m
2026-07-26 04:37:00 [INFO]: [0mGET /js/notification.js [36m304[0m 0.820 ms - -[0m
2026-07-26 04:37:00 [INFO]: [0mGET /css/variables.css [36m304[0m 0.637 ms - -[0m
2026-07-26 04:37:00 [INFO]: [0mGET /css/utilities.css [36m304[0m 0.942 ms - -[0m
2026-07-26 04:37:00 [INFO]: [0mGET /css/animations.css [36m304[0m 0.442 ms - -[0m
2026-07-26 04:37:00 [INFO]: [0mGET /css/header.css [36m304[0m 0.200 ms - -[0m
2026-07-26 04:37:00 [INFO]: [0mGET /css/announcement.css [32m200[0m 1.400 ms - -[0m
2026-07-26 04:37:48 [INFO]: [0mGET / [36m304[0m 5.604 ms - -[0m
2026-07-26 04:37:48 [INFO]: [0mGET /css/style.css [36m304[0m 0.304 ms - -[0m
2026-07-26 04:37:48 [INFO]: [0mGET /images/logo/plantora.png [36m304[0m 0.765 ms - -[0m
2026-07-26 04:37:48 [INFO]: [0mGET /js/header.js [36m304[0m 0.343 ms - -[0m
2026-07-26 04:37:48 [INFO]: [0mGET /js/notification.js [36m304[0m 0.804 ms - -[0m
2026-07-26 04:37:48 [INFO]: [0mGET /css/variables.css [36m304[0m 0.667 ms - -[0m
2026-07-26 04:37:48 [INFO]: [0mGET /css/utilities.css [36m304[0m 0.908 ms - -[0m
2026-07-26 04:37:48 [INFO]: [0mGET /css/animations.css [36m304[0m 1.489 ms - -[0m
2026-07-26 04:37:48 [INFO]: [0mGET /css/announcement.css [36m304[0m 0.623 ms - -[0m
2026-07-26 04:37:48 [INFO]: [0mGET /css/header.css [32m200[0m 1.285 ms - -[0m
2026-07-26 04:37:54 [INFO]: [0mGET /css/style.css [36m304[0m 0.289 ms - -[0m
2026-07-26 04:37:54 [INFO]: [0mGET /css/variables.css [36m304[0m 0.174 ms - -[0m
2026-07-26 04:37:54 [INFO]: [0mGET /css/utilities.css [36m304[0m 0.412 ms - -[0m
2026-07-26 04:37:54 [INFO]: [0mGET /css/animations.css [36m304[0m 0.790 ms - -[0m
2026-07-26 04:37:54 [INFO]: [0mGET /css/announcement.css [36m304[0m 0.938 ms - -[0m
2026-07-26 04:37:54 [INFO]: [0mGET /css/header.css [36m304[0m 1.109 ms - -[0m
2026-07-26 04:37:54 [INFO]: [0mGET /.well-known/appspecific/com.chrome.devtools.json [33m404[0m 1.482 ms - 112[0m
2026-07-26 04:39:09 [INFO]: [0mGET / [36m304[0m 4.411 ms - -[0m
2026-07-26 04:39:09 [INFO]: [0mGET /css/style.css [36m304[0m 0.716 ms - -[0m
2026-07-26 04:39:09 [INFO]: [0mGET /images/logo/plantora.png [36m304[0m 1.209 ms - -[0m
2026-07-26 04:39:09 [INFO]: [0mGET /.well-known/appspecific/com.chrome.devtools.json [33m404[0m 1.605 ms - 112[0m
2026-07-26 04:39:09 [INFO]: [0mGET /js/header.js [36m304[0m 0.386 ms - -[0m
2026-07-26 04:39:09 [INFO]: [0mGET /js/notification.js [36m304[0m 0.597 ms - -[0m
2026-07-26 04:39:09 [INFO]: [0mGET /css/variables.css [36m304[0m 1.330 ms - -[0m
2026-07-26 04:39:09 [INFO]: [0mGET /css/utilities.css [36m304[0m 1.680 ms - -[0m
2026-07-26 04:39:09 [INFO]: [0mGET /css/animations.css [36m304[0m 1.634 ms - -[0m
2026-07-26 04:39:09 [INFO]: [0mGET /css/announcement.css [36m304[0m 0.420 ms - -[0m
2026-07-26 04:39:09 [INFO]: [0mGET /css/header.css [36m304[0m 0.669 ms - -[0m
2026-07-26 04:39:47 [INFO]: [0mGET / [36m304[0m 8.741 ms - -[0m
2026-07-26 04:39:47 [INFO]: [0mGET /css/style.css [36m304[0m 0.421 ms - -[0m
2026-07-26 04:39:47 [INFO]: [0mGET /images/logo/plantora.png [36m304[0m 0.653 ms - -[0m
2026-07-26 04:39:47 [INFO]: [0mGET /.well-known/appspecific/com.chrome.devtools.json [33m404[0m 1.180 ms - 112[0m
2026-07-26 04:39:47 [INFO]: [0mGET /js/header.js [36m304[0m 0.735 ms - -[0m
2026-07-26 04:39:47 [INFO]: [0mGET /js/notification.js [36m304[0m 1.796 ms - -[0m
2026-07-26 04:39:47 [INFO]: [0mGET /css/variables.css [36m304[0m 0.374 ms - -[0m
2026-07-26 04:39:47 [INFO]: [0mGET /css/utilities.css [36m304[0m 1.057 ms - -[0m
2026-07-26 04:39:47 [INFO]: [0mGET /css/animations.css [36m304[0m 0.897 ms - -[0m
2026-07-26 04:39:47 [INFO]: [0mGET /css/announcement.css [36m304[0m 1.377 ms - -[0m
2026-07-26 04:39:47 [INFO]: [0mGET /css/header.css [32m200[0m 2.071 ms - -[0m
2026-07-26 04:39:56 [INFO]: [0mGET /css/style.css [36m304[0m 0.499 ms - -[0m
2026-07-26 04:39:56 [INFO]: [0mGET /css/variables.css [36m304[0m 1.307 ms - -[0m
2026-07-26 04:39:56 [INFO]: [0mGET /css/utilities.css [36m304[0m 0.475 ms - -[0m
2026-07-26 04:39:56 [INFO]: [0mGET /css/animations.css [36m304[0m 0.327 ms - -[0m
2026-07-26 04:39:56 [INFO]: [0mGET /css/announcement.css [36m304[0m 0.422 ms - -[0m
2026-07-26 04:39:56 [INFO]: [0mGET /css/header.css [36m304[0m 0.577 ms - -[0m
2026-07-26 04:39:57 [INFO]: [0mGET /.well-known/appspecific/com.chrome.devtools.json [33m404[0m 1.247 ms - 112[0m
2026-07-26 04:40:40 [INFO]: [0mGET / [32m200[0m 3.251 ms - -[0m
2026-07-26 04:40:40 [INFO]: [0mGET /css/style.css [36m304[0m 0.423 ms - -[0m
2026-07-26 04:40:40 [INFO]: [0mGET /images/logo/plantora.png [36m304[0m 0.594 ms - -[0m
2026-07-26 04:40:40 [INFO]: [0mGET /.well-known/appspecific/com.chrome.devtools.json [33m404[0m 1.155 ms - 112[0m
2026-07-26 04:40:40 [INFO]: [0mGET /js/header.js [36m304[0m 0.865 ms - -[0m
2026-07-26 04:40:40 [INFO]: [0mGET /js/notification.js [36m304[0m 1.234 ms - -[0m
2026-07-26 04:40:40 [INFO]: [0mGET /css/variables.css [36m304[0m 0.877 ms - -[0m
2026-07-26 04:40:40 [INFO]: [0mGET /css/animations.css [36m304[0m 1.873 ms - -[0m
2026-07-26 04:40:40 [INFO]: [0mGET /css/utilities.css [36m304[0m 0.913 ms - -[0m
2026-07-26 04:40:40 [INFO]: [0mGET /css/announcement.css [36m304[0m 0.922 ms - -[0m
2026-07-26 04:40:40 [INFO]: [0mGET /css/header.css [36m304[0m 0.267 ms - -[0m
2026-07-26 04:40:58 [INFO]: [0mGET / [36m304[0m 6.741 ms - -[0m
2026-07-26 04:40:58 [INFO]: [0mGET /css/style.css [36m304[0m 0.274 ms - -[0m
2026-07-26 04:40:58 [INFO]: [0mGET /images/logo/plantora.png [36m304[0m 0.644 ms - -[0m
2026-07-26 04:40:58 [INFO]: [0mGET /js/header.js [36m304[0m 1.218 ms - -[0m
2026-07-26 04:40:58 [INFO]: [0mGET /.well-known/appspecific/com.chrome.devtools.json [33m404[0m 1.645 ms - 112[0m
2026-07-26 04:40:58 [INFO]: [0mGET /js/notification.js [36m304[0m 0.438 ms - -[0m
2026-07-26 04:40:58 [INFO]: [0mGET /css/variables.css [36m304[0m 0.910 ms - -[0m
2026-07-26 04:40:58 [INFO]: [0mGET /css/utilities.css [36m304[0m 1.276 ms - -[0m
2026-07-26 04:40:58 [INFO]: [0mGET /css/animations.css [36m304[0m 2.583 ms - -[0m
2026-07-26 04:40:58 [INFO]: [0mGET /css/header.css [36m304[0m 1.149 ms - -[0m
2026-07-26 04:40:58 [INFO]: [0mGET /css/announcement.css [32m200[0m 2.427 ms - -[0m
2026-07-26 04:45:33 [INFO]: [0mGET / [32m200[0m 8.729 ms - -[0m
2026-07-26 04:45:33 [INFO]: [0mGET /css/style.css [36m304[0m 0.401 ms - -[0m
2026-07-26 04:45:33 [INFO]: [0mGET /images/logo/plantora-orgn.png [32m200[0m 1.383 ms - 136072[0m
2026-07-26 04:45:33 [INFO]: [0mGET /js/header.js [36m304[0m 0.653 ms - -[0m
2026-07-26 04:45:33 [INFO]: [0mGET /js/notification.js [36m304[0m 1.242 ms - -[0m
2026-07-26 04:45:33 [INFO]: [0mGET /css/variables.css [36m304[0m 1.225 ms - -[0m
2026-07-26 04:45:33 [INFO]: [0mGET /css/utilities.css [36m304[0m 1.583 ms - -[0m
2026-07-26 04:45:33 [INFO]: [0mGET /css/animations.css [36m304[0m 2.688 ms - -[0m
2026-07-26 04:45:33 [INFO]: [0mGET /css/announcement.css [36m304[0m 1.345 ms - -[0m
2026-07-26 04:45:33 [INFO]: [0mGET /css/header.css [36m304[0m 1.789 ms - -[0m
2026-07-26 04:45:33 [INFO]: [0mGET / [36m304[0m 8.694 ms - -[0m
2026-07-26 04:45:33 [INFO]: [0mGET /css/style.css [36m304[0m 1.087 ms - -[0m
2026-07-26 04:45:33 [INFO]: [0mGET /images/logo/plantora-orgn.png [36m304[0m 1.533 ms - -[0m
2026-07-26 04:45:33 [INFO]: [0mGET /js/header.js [36m304[0m 1.896 ms - -[0m
2026-07-26 04:45:33 [INFO]: [0mGET /js/notification.js [36m304[0m 0.322 ms - -[0m
2026-07-26 04:45:33 [INFO]: [0mGET /css/variables.css [36m304[0m 0.458 ms - -[0m
2026-07-26 04:45:33 [INFO]: [0mGET /css/utilities.css [36m304[0m 0.726 ms - -[0m
2026-07-26 04:45:33 [INFO]: [0mGET /css/animations.css [36m304[0m 0.608 ms - -[0m
2026-07-26 04:45:33 [INFO]: [0mGET /css/announcement.css [36m304[0m 0.925 ms - -[0m
2026-07-26 04:45:33 [INFO]: [0mGET /css/header.css [36m304[0m 1.375 ms - -[0m
2026-07-26 04:45:33 [INFO]: [0mGET / [36m304[0m 9.081 ms - -[0m
2026-07-26 04:45:33 [INFO]: [0mGET /css/style.css [36m304[0m 1.013 ms - -[0m
2026-07-26 04:45:33 [INFO]: [0mGET /images/logo/plantora-orgn.png [36m304[0m 1.546 ms - -[0m
2026-07-26 04:45:33 [INFO]: [0mGET /js/header.js [36m304[0m 2.074 ms - -[0m
2026-07-26 04:45:33 [INFO]: [0mGET /js/notification.js [36m304[0m 0.401 ms - -[0m
2026-07-26 04:45:33 [INFO]: [0mGET /css/variables.css [36m304[0m 0.340 ms - -[0m
2026-07-26 04:45:33 [INFO]: [0mGET /css/utilities.css [36m304[0m 1.265 ms - -[0m
2026-07-26 04:45:33 [INFO]: [0mGET /css/animations.css [36m304[0m 1.034 ms - -[0m
2026-07-26 04:45:33 [INFO]: [0mGET /css/announcement.css [36m304[0m 2.664 ms - -[0m
2026-07-26 04:45:33 [INFO]: [0mGET /css/header.css [36m304[0m 1.010 ms - -[0m
2026-07-26 04:45:34 [INFO]: [0mGET / [36m304[0m 7.930 ms - -[0m
2026-07-26 04:45:34 [INFO]: [0mGET /css/style.css [36m304[0m 0.339 ms - -[0m
2026-07-26 04:45:34 [INFO]: [0mGET /images/logo/plantora-orgn.png [36m304[0m 0.322 ms - -[0m
2026-07-26 04:45:34 [INFO]: [0mGET /js/header.js [36m304[0m 0.600 ms - -[0m
2026-07-26 04:45:34 [INFO]: [0mGET /js/notification.js [36m304[0m 0.267 ms - -[0m
2026-07-26 04:45:34 [INFO]: [0mGET /css/variables.css [36m304[0m 0.276 ms - -[0m
2026-07-26 04:45:34 [INFO]: [0mGET /css/utilities.css [36m304[0m 0.727 ms - -[0m
2026-07-26 04:45:34 [INFO]: [0mGET /css/animations.css [36m304[0m 0.629 ms - -[0m
2026-07-26 04:45:34 [INFO]: [0mGET /css/announcement.css [36m304[0m 0.953 ms - -[0m
2026-07-26 04:45:34 [INFO]: [0mGET /css/header.css [36m304[0m 0.420 ms - -[0m
2026-07-26 04:45:34 [INFO]: [0mGET / [36m304[0m 6.417 ms - -[0m
2026-07-26 04:45:34 [INFO]: [0mGET /css/style.css [36m304[0m 0.835 ms - -[0m
2026-07-26 04:45:34 [INFO]: [0mGET /images/logo/plantora-orgn.png [36m304[0m 1.051 ms - -[0m
2026-07-26 04:45:34 [INFO]: [0mGET /js/header.js [36m304[0m 1.448 ms - -[0m
2026-07-26 04:45:34 [INFO]: [0mGET /js/notification.js [36m304[0m 0.331 ms - -[0m
2026-07-26 04:45:34 [INFO]: [0mGET /css/variables.css [36m304[0m 0.322 ms - -[0m
2026-07-26 04:45:34 [INFO]: [0mGET /css/utilities.css [36m304[0m 0.617 ms - -[0m
2026-07-26 04:45:34 [INFO]: [0mGET /css/animations.css [36m304[0m 0.923 ms - -[0m
2026-07-26 04:45:34 [INFO]: [0mGET /css/announcement.css [36m304[0m 1.304 ms - -[0m
2026-07-26 04:45:34 [INFO]: [0mGET /css/header.css [36m304[0m 1.948 ms - -[0m
2026-07-26 04:45:55 [INFO]: [0mGET / [32m200[0m 8.143 ms - -[0m
2026-07-26 04:45:55 [INFO]: [0mGET /css/style.css [36m304[0m 1.030 ms - -[0m
2026-07-26 04:45:55 [INFO]: [0mGET /images/logo/plantora.png [36m304[0m 1.233 ms - -[0m
2026-07-26 04:45:55 [INFO]: [0mGET /js/header.js [36m304[0m 0.604 ms - -[0m
2026-07-26 04:45:55 [INFO]: [0mGET /js/notification.js [36m304[0m 0.255 ms - -[0m
2026-07-26 04:45:55 [INFO]: [0mGET /css/variables.css [36m304[0m 0.296 ms - -[0m
2026-07-26 04:45:55 [INFO]: [0mGET /css/utilities.css [36m304[0m 0.822 ms - -[0m
2026-07-26 04:45:55 [INFO]: [0mGET /css/announcement.css [36m304[0m 0.330 ms - -[0m
2026-07-26 04:45:55 [INFO]: [0mGET /css/animations.css [36m304[0m 0.709 ms - -[0m
2026-07-26 04:45:55 [INFO]: [0mGET /css/header.css [36m304[0m 0.460 ms - -[0m
2026-07-26 04:46:41 [INFO]: [0mGET / [36m304[0m 5.890 ms - -[0m
2026-07-26 04:46:41 [INFO]: [0mGET /css/style.css [36m304[0m 0.927 ms - -[0m
2026-07-26 04:46:41 [INFO]: [0mGET /images/logo/plantora.png [36m304[0m 1.129 ms - -[0m
2026-07-26 04:46:41 [INFO]: [0mGET /js/header.js [36m304[0m 0.604 ms - -[0m
2026-07-26 04:46:41 [INFO]: [0mGET /js/notification.js [36m304[0m 0.375 ms - -[0m
2026-07-26 04:46:41 [INFO]: [0mGET /css/variables.css [36m304[0m 0.848 ms - -[0m
2026-07-26 04:46:41 [INFO]: [0mGET /css/utilities.css [36m304[0m 1.329 ms - -[0m
2026-07-26 04:46:41 [INFO]: [0mGET /css/animations.css [36m304[0m 1.699 ms - -[0m
2026-07-26 04:46:41 [INFO]: [0mGET /css/announcement.css [36m304[0m 0.381 ms - -[0m
2026-07-26 04:46:41 [INFO]: [0mGET /css/header.css [32m200[0m 0.616 ms - -[0m
2026-07-26 04:46:59 [INFO]: [0mGET / [36m304[0m 6.986 ms - -[0m
2026-07-26 04:46:59 [INFO]: [0mGET /css/style.css [36m304[0m 0.323 ms - -[0m
2026-07-26 04:46:59 [INFO]: [0mGET /images/logo/plantora.png [36m304[0m 0.157 ms - -[0m
2026-07-26 04:46:59 [INFO]: [0mGET /js/header.js [36m304[0m 0.382 ms - -[0m
2026-07-26 04:46:59 [INFO]: [0mGET /js/notification.js [36m304[0m 0.533 ms - -[0m
2026-07-26 04:46:59 [INFO]: [0mGET /css/variables.css [36m304[0m 0.281 ms - -[0m
2026-07-26 04:46:59 [INFO]: [0mGET /css/utilities.css [36m304[0m 0.455 ms - -[0m
2026-07-26 04:46:59 [INFO]: [0mGET /css/animations.css [36m304[0m 0.357 ms - -[0m
2026-07-26 04:46:59 [INFO]: [0mGET /css/announcement.css [36m304[0m 0.535 ms - -[0m
2026-07-26 04:46:59 [INFO]: [0mGET /css/header.css [32m200[0m 0.533 ms - -[0m
2026-07-26 04:47:00 [INFO]: [0mGET / [36m304[0m 5.902 ms - -[0m
2026-07-26 04:47:00 [INFO]: [0mGET /css/style.css [36m304[0m 0.491 ms - -[0m
2026-07-26 04:47:00 [INFO]: [0mGET /images/logo/plantora.png [36m304[0m 0.789 ms - -[0m
2026-07-26 04:47:00 [INFO]: [0mGET /js/header.js [36m304[0m 1.122 ms - -[0m
2026-07-26 04:47:00 [INFO]: [0mGET /js/notification.js [36m304[0m 0.200 ms - -[0m
2026-07-26 04:47:00 [INFO]: [0mGET /css/variables.css [36m304[0m 0.244 ms - -[0m
2026-07-26 04:47:00 [INFO]: [0mGET /css/utilities.css [36m304[0m 0.795 ms - -[0m
2026-07-26 04:47:00 [INFO]: [0mGET /css/animations.css [36m304[0m 1.019 ms - -[0m
2026-07-26 04:47:00 [INFO]: [0mGET /css/announcement.css [36m304[0m 0.845 ms - -[0m
2026-07-26 04:47:00 [INFO]: [0mGET /css/header.css [36m304[0m 0.950 ms - -[0m
2026-07-26 04:47:29 [INFO]: [0mGET / [36m304[0m 7.688 ms - -[0m
2026-07-26 04:47:29 [INFO]: [0mGET /css/style.css [36m304[0m 1.092 ms - -[0m
2026-07-26 04:47:29 [INFO]: [0mGET /images/logo/plantora.png [36m304[0m 1.360 ms - -[0m
2026-07-26 04:47:29 [INFO]: [0mGET /js/header.js [36m304[0m 0.695 ms - -[0m
2026-07-26 04:47:29 [INFO]: [0mGET /js/notification.js [36m304[0m 0.213 ms - -[0m
2026-07-26 04:47:29 [INFO]: [0mGET /css/variables.css [36m304[0m 0.453 ms - -[0m
2026-07-26 04:47:29 [INFO]: [0mGET /css/utilities.css [36m304[0m 0.602 ms - -[0m
2026-07-26 04:47:29 [INFO]: [0mGET /css/animations.css [36m304[0m 0.922 ms - -[0m
2026-07-26 04:47:29 [INFO]: [0mGET /css/announcement.css [36m304[0m 0.475 ms - -[0m
2026-07-26 04:47:29 [INFO]: [0mGET /css/header.css [32m200[0m 0.966 ms - -[0m
2026-07-26 04:47:43 [INFO]: [0mGET /css/style.css [36m304[0m 0.618 ms - -[0m
2026-07-26 04:47:43 [INFO]: [0mGET /css/variables.css [36m304[0m 0.674 ms - -[0m
2026-07-26 04:47:43 [INFO]: [0mGET /css/utilities.css [36m304[0m 0.924 ms - -[0m
2026-07-26 04:47:43 [INFO]: [0mGET /css/animations.css [36m304[0m 1.284 ms - -[0m
2026-07-26 04:47:43 [INFO]: [0mGET /css/announcement.css [36m304[0m 1.591 ms - -[0m
2026-07-26 04:47:43 [INFO]: [0mGET /css/header.css [36m304[0m 2.059 ms - -[0m
2026-07-26 04:47:43 [INFO]: [0mGET /.well-known/appspecific/com.chrome.devtools.json [33m404[0m 1.531 ms - 112[0m
2026-07-26 04:48:41 [INFO]: [0mGET / [36m304[0m 3.936 ms - -[0m
2026-07-26 04:48:41 [INFO]: [0mGET /css/style.css [36m304[0m 0.392 ms - -[0m
2026-07-26 04:48:41 [INFO]: [0mGET /images/logo/plantora.png [36m304[0m 0.815 ms - -[0m
2026-07-26 04:48:41 [INFO]: [0mGET /.well-known/appspecific/com.chrome.devtools.json [33m404[0m 1.232 ms - 112[0m
2026-07-26 04:48:41 [INFO]: [0mGET /js/header.js [36m304[0m 0.410 ms - -[0m
2026-07-26 04:48:41 [INFO]: [0mGET /js/notification.js [36m304[0m 0.678 ms - -[0m
2026-07-26 04:48:41 [INFO]: [0mGET /css/variables.css [36m304[0m 0.410 ms - -[0m
2026-07-26 04:48:41 [INFO]: [0mGET /css/utilities.css [36m304[0m 1.457 ms - -[0m
2026-07-26 04:48:41 [INFO]: [0mGET /css/animations.css [36m304[0m 0.929 ms - -[0m
2026-07-26 04:48:41 [INFO]: [0mGET /css/header.css [36m304[0m 0.342 ms - -[0m
2026-07-26 04:48:41 [INFO]: [0mGET /css/announcement.css [36m304[0m 0.512 ms - -[0m
2026-07-26 04:53:53 [INFO]: [0mGET / [36m304[0m 4.868 ms - -[0m
2026-07-26 04:53:53 [INFO]: [0mGET /css/style.css [36m304[0m 0.460 ms - -[0m
2026-07-26 04:53:53 [INFO]: [0mGET /images/logo/plantora.png [36m304[0m 0.768 ms - -[0m
2026-07-26 04:53:53 [INFO]: [0mGET /js/header.js [36m304[0m 0.536 ms - -[0m
2026-07-26 04:53:53 [INFO]: [0mGET /js/notification.js [36m304[0m 0.817 ms - -[0m
2026-07-26 04:53:53 [INFO]: [0mGET /css/variables.css [36m304[0m 0.718 ms - -[0m
2026-07-26 04:53:53 [INFO]: [0mGET /css/utilities.css [36m304[0m 0.887 ms - -[0m
2026-07-26 04:53:53 [INFO]: [0mGET /css/animations.css [36m304[0m 0.416 ms - -[0m
2026-07-26 04:53:53 [INFO]: [0mGET /css/announcement.css [32m200[0m 1.004 ms - -[0m
2026-07-26 04:53:53 [INFO]: [0mGET /css/header.css [32m200[0m 0.334 ms - -[0m
2026-07-26 04:53:55 [INFO]: [0mGET / [36m304[0m 7.244 ms - -[0m
2026-07-26 04:53:55 [INFO]: [0mGET /css/style.css [36m304[0m 0.427 ms - -[0m
2026-07-26 04:53:55 [INFO]: [0mGET /images/logo/plantora.png [36m304[0m 0.747 ms - -[0m
2026-07-26 04:53:55 [INFO]: [0mGET /js/header.js [36m304[0m 0.251 ms - -[0m
2026-07-26 04:53:55 [INFO]: [0mGET /js/notification.js [36m304[0m 0.527 ms - -[0m
2026-07-26 04:53:55 [INFO]: [0mGET /css/variables.css [36m304[0m 0.645 ms - -[0m
2026-07-26 04:53:55 [INFO]: [0mGET /css/utilities.css [36m304[0m 0.891 ms - -[0m
2026-07-26 04:53:55 [INFO]: [0mGET /css/animations.css [36m304[0m 1.193 ms - -[0m
2026-07-26 04:53:55 [INFO]: [0mGET /css/announcement.css [36m304[0m 1.809 ms - -[0m
2026-07-26 04:53:55 [INFO]: [0mGET /css/header.css [36m304[0m 2.233 ms - -[0m
2026-07-26 04:54:35 [INFO]: [0mGET / [36m304[0m 3.930 ms - -[0m
2026-07-26 04:54:35 [INFO]: [0mGET /css/style.css [36m304[0m 1.030 ms - -[0m
2026-07-26 04:54:35 [INFO]: [0mGET /images/logo/plantora.png [36m304[0m 1.264 ms - -[0m
2026-07-26 04:54:35 [INFO]: [0mGET /js/header.js [36m304[0m 0.747 ms - -[0m
2026-07-26 04:54:35 [INFO]: [0mGET /js/notification.js [36m304[0m 0.329 ms - -[0m
2026-07-26 04:54:35 [INFO]: [0mGET /css/variables.css [36m304[0m 0.394 ms - -[0m
2026-07-26 04:54:35 [INFO]: [0mGET /css/utilities.css [36m304[0m 0.958 ms - -[0m
2026-07-26 04:54:35 [INFO]: [0mGET /css/animations.css [36m304[0m 1.139 ms - -[0m
2026-07-26 04:54:35 [INFO]: [0mGET /css/header.css [36m304[0m 0.250 ms - -[0m
2026-07-26 04:54:35 [INFO]: [0mGET /css/announcement.css [32m200[0m 1.671 ms - -[0m
2026-07-26 04:55:06 [INFO]: [0mGET / [36m304[0m 4.080 ms - -[0m
2026-07-26 04:55:06 [INFO]: [0mGET /css/style.css [36m304[0m 0.369 ms - -[0m
2026-07-26 04:55:06 [INFO]: [0mGET /images/logo/plantora.png [36m304[0m 0.544 ms - -[0m
2026-07-26 04:55:06 [INFO]: [0mGET /js/header.js [36m304[0m 0.356 ms - -[0m
2026-07-26 04:55:06 [INFO]: [0mGET /js/notification.js [36m304[0m 0.806 ms - -[0m
2026-07-26 04:55:06 [INFO]: [0mGET /css/variables.css [36m304[0m 0.247 ms - -[0m
2026-07-26 04:55:06 [INFO]: [0mGET /css/utilities.css [36m304[0m 0.384 ms - -[0m
2026-07-26 04:55:06 [INFO]: [0mGET /css/animations.css [36m304[0m 0.332 ms - -[0m
2026-07-26 04:55:06 [INFO]: [0mGET /css/header.css [36m304[0m 0.496 ms - -[0m
2026-07-26 04:55:06 [INFO]: [0mGET /css/announcement.css [32m200[0m 0.992 ms - -[0m
2026-07-26 04:55:07 [INFO]: [0mGET / [36m304[0m 4.790 ms - -[0m
2026-07-26 04:55:07 [INFO]: [0mGET /css/style.css [36m304[0m 0.682 ms - -[0m
2026-07-26 04:55:07 [INFO]: [0mGET /images/logo/plantora.png [36m304[0m 1.057 ms - -[0m
2026-07-26 04:55:07 [INFO]: [0mGET /js/header.js [36m304[0m 0.407 ms - -[0m
2026-07-26 04:55:07 [INFO]: [0mGET /js/notification.js [36m304[0m 0.554 ms - -[0m
2026-07-26 04:55:07 [INFO]: [0mGET /css/variables.css [36m304[0m 0.888 ms - -[0m
2026-07-26 04:55:07 [INFO]: [0mGET /css/utilities.css [36m304[0m 1.245 ms - -[0m
2026-07-26 04:55:07 [INFO]: [0mGET /css/animations.css [36m304[0m 1.426 ms - -[0m
2026-07-26 04:55:07 [INFO]: [0mGET /css/announcement.css [36m304[0m 1.556 ms - -[0m
2026-07-26 04:55:07 [INFO]: [0mGET /css/header.css [36m304[0m 1.765 ms - -[0m
2026-07-26 04:55:07 [INFO]: [0mGET / [36m304[0m 7.165 ms - -[0m
2026-07-26 04:55:07 [INFO]: [0mGET /css/style.css [36m304[0m 0.501 ms - -[0m
2026-07-26 04:55:07 [INFO]: [0mGET /images/logo/plantora.png [36m304[0m 0.892 ms - -[0m
2026-07-26 04:55:07 [INFO]: [0mGET /js/header.js [36m304[0m 1.517 ms - -[0m
2026-07-26 04:55:07 [INFO]: [0mGET /js/notification.js [36m304[0m 0.211 ms - -[0m
2026-07-26 04:55:07 [INFO]: [0mGET /css/variables.css [36m304[0m 0.241 ms - -[0m
2026-07-26 04:55:07 [INFO]: [0mGET /css/utilities.css [36m304[0m 0.446 ms - -[0m
2026-07-26 04:55:07 [INFO]: [0mGET /css/animations.css [36m304[0m 0.594 ms - -[0m
2026-07-26 04:55:07 [INFO]: [0mGET /css/announcement.css [36m304[0m 0.721 ms - -[0m
2026-07-26 04:55:07 [INFO]: [0mGET /css/header.css [36m304[0m 0.867 ms - -[0m
2026-07-26 04:56:24 [INFO]: [0mGET / [36m304[0m 6.144 ms - -[0m
2026-07-26 04:56:24 [INFO]: [0mGET /css/style.css [36m304[0m 0.314 ms - -[0m
2026-07-26 04:56:24 [INFO]: [0mGET /images/logo/plantora.png [36m304[0m 0.656 ms - -[0m
2026-07-26 04:56:24 [INFO]: [0mGET /js/header.js [36m304[0m 0.950 ms - -[0m
2026-07-26 04:56:24 [INFO]: [0mGET /js/notification.js [36m304[0m 0.337 ms - -[0m
2026-07-26 04:56:24 [INFO]: [0mGET /css/variables.css [36m304[0m 0.312 ms - -[0m
2026-07-26 04:56:24 [INFO]: [0mGET /css/utilities.css [36m304[0m 0.749 ms - -[0m
2026-07-26 04:56:24 [INFO]: [0mGET /css/animations.css [36m304[0m 2.308 ms - -[0m
2026-07-26 04:56:24 [INFO]: [0mGET /css/header.css [36m304[0m 1.221 ms - -[0m
2026-07-26 04:56:24 [INFO]: [0mGET /css/announcement.css [32m200[0m 2.379 ms - -[0m
2026-07-26 05:04:57 [INFO]: [0mGET / [36m304[0m 8.541 ms - -[0m
2026-07-26 05:04:57 [INFO]: [0mGET /css/style.css [36m304[0m 0.589 ms - -[0m
2026-07-26 05:04:57 [INFO]: [0mGET /images/logo/plantora.png [36m304[0m 0.961 ms - -[0m
2026-07-26 05:04:57 [INFO]: [0mGET /js/header.js [36m304[0m 0.661 ms - -[0m
2026-07-26 05:04:57 [INFO]: [0mGET /js/notification.js [36m304[0m 1.119 ms - -[0m
2026-07-26 05:04:57 [INFO]: [0mGET /css/variables.css [36m304[0m 0.936 ms - -[0m
2026-07-26 05:04:57 [INFO]: [0mGET /css/utilities.css [36m304[0m 1.277 ms - -[0m
2026-07-26 05:04:57 [INFO]: [0mGET /css/animations.css [36m304[0m 0.699 ms - -[0m
2026-07-26 05:04:57 [INFO]: [0mGET /css/announcement.css [36m304[0m 0.563 ms - -[0m
2026-07-26 05:04:57 [INFO]: [0mGET /css/header.css [36m304[0m 0.943 ms - -[0m
2026-07-26 05:04:58 [INFO]: [0mGET / [36m304[0m 6.344 ms - -[0m
2026-07-26 05:04:58 [INFO]: [0mGET /css/style.css [36m304[0m 0.523 ms - -[0m
2026-07-26 05:04:58 [INFO]: [0mGET /images/logo/plantora.png [36m304[0m 0.702 ms - -[0m
2026-07-26 05:04:58 [INFO]: [0mGET /js/header.js [36m304[0m 0.975 ms - -[0m
2026-07-26 05:04:58 [INFO]: [0mGET /js/notification.js [36m304[0m 0.195 ms - -[0m
2026-07-26 05:04:58 [INFO]: [0mGET /css/variables.css [36m304[0m 0.671 ms - -[0m
2026-07-26 05:04:58 [INFO]: [0mGET /css/utilities.css [36m304[0m 1.033 ms - -[0m
2026-07-26 05:04:58 [INFO]: [0mGET /css/animations.css [36m304[0m 1.337 ms - -[0m
2026-07-26 05:04:58 [INFO]: [0mGET /css/announcement.css [36m304[0m 1.657 ms - -[0m
2026-07-26 05:04:58 [INFO]: [0mGET /css/header.css [36m304[0m 1.957 ms - -[0m
2026-07-26 05:06:38 [ERROR]: Error: Could not find matching close tag for "<%-".
    at E:\Webskitters_Academy\NODE JS\final_project_node\plantora_final_project_node_ejs\node_modules\ejs\lib\cjs\ejs.js:693:31
    at Array.forEach (<anonymous>)
    at Template.generateSource (E:\Webskitters_Academy\NODE JS\final_project_node\plantora_final_project_node_ejs\node_modules\ejs\lib\cjs\ejs.js:683:21)
    at Template.compile (E:\Webskitters_Academy\NODE JS\final_project_node\plantora_final_project_node_ejs\node_modules\ejs\lib\cjs\ejs.js:531:18)
    at Object.compile (E:\Webskitters_Academy\NODE JS\final_project_node\plantora_final_project_node_ejs\node_modules\ejs\lib\cjs\ejs.js:359:18)
    at handleCache (E:\Webskitters_Academy\NODE JS\final_project_node\plantora_final_project_node_ejs\node_modules\ejs\lib\cjs\ejs.js:216:16)
    at tryHandleCache (E:\Webskitters_Academy\NODE JS\final_project_node\plantora_final_project_node_ejs\node_modules\ejs\lib\cjs\ejs.js:253:22)
    at ejs.renderFile [as engine] (E:\Webskitters_Academy\NODE JS\final_project_node\plantora_final_project_node_ejs\node_modules\ejs\lib\cjs\ejs.js:444:12)
    at View.render (E:\Webskitters_Academy\NODE JS\final_project_node\plantora_final_project_node_ejs\node_modules\express\lib\view.js:139:8)
    at tryRender (E:\Webskitters_Academy\NODE JS\final_project_node\plantora_final_project_node_ejs\node_modules\express\lib\application.js:627:10)
2026-07-26 05:06:38 [INFO]: [0mGET / [31m500[0m 5.361 ms - 107[0m
2026-07-26 05:06:40 [ERROR]: Error: Could not find matching close tag for "<%-".
    at E:\Webskitters_Academy\NODE JS\final_project_node\plantora_final_project_node_ejs\node_modules\ejs\lib\cjs\ejs.js:693:31
    at Array.forEach (<anonymous>)
    at Template.generateSource (E:\Webskitters_Academy\NODE JS\final_project_node\plantora_final_project_node_ejs\node_modules\ejs\lib\cjs\ejs.js:683:21)
    at Template.compile (E:\Webskitters_Academy\NODE JS\final_project_node\plantora_final_project_node_ejs\node_modules\ejs\lib\cjs\ejs.js:531:18)
    at Object.compile (E:\Webskitters_Academy\NODE JS\final_project_node\plantora_final_project_node_ejs\node_modules\ejs\lib\cjs\ejs.js:359:18)
    at handleCache (E:\Webskitters_Academy\NODE JS\final_project_node\plantora_final_project_node_ejs\node_modules\ejs\lib\cjs\ejs.js:216:16)
    at tryHandleCache (E:\Webskitters_Academy\NODE JS\final_project_node\plantora_final_project_node_ejs\node_modules\ejs\lib\cjs\ejs.js:253:22)
    at ejs.renderFile [as engine] (E:\Webskitters_Academy\NODE JS\final_project_node\plantora_final_project_node_ejs\node_modules\ejs\lib\cjs\ejs.js:444:12)
    at View.render (E:\Webskitters_Academy\NODE JS\final_project_node\plantora_final_project_node_ejs\node_modules\express\lib\view.js:139:8)
    at tryRender (E:\Webskitters_Academy\NODE JS\final_project_node\plantora_final_project_node_ejs\node_modules\express\lib\application.js:627:10)
2026-07-26 05:06:40 [INFO]: [0mGET / [31m500[0m 3.863 ms - 107[0m
2026-07-26 05:06:49 [INFO]: [0mGET / [32m200[0m 7.125 ms - -[0m
2026-07-26 05:06:49 [INFO]: [0mGET /images/hero/hero-placeholder.png [33m404[0m 1.785 ms - 96[0m
2026-07-26 05:06:49 [INFO]: [0mGET /images/logo/plantora.png [36m304[0m 1.066 ms - -[0m
2026-07-26 05:06:49 [INFO]: [0mGET /css/style.css [32m200[0m 4.620 ms - 281[0m
2026-07-26 05:06:49 [INFO]: [0mGET /js/header.js [36m304[0m 0.456 ms - -[0m
2026-07-26 05:06:49 [INFO]: [0mGET /js/notification.js [36m304[0m 0.725 ms - -[0m
2026-07-26 05:06:49 [INFO]: [0mGET /css/variables.css [36m304[0m 0.679 ms - -[0m
2026-07-26 05:06:49 [INFO]: [0mGET /css/utilities.css [36m304[0m 0.926 ms - -[0m
2026-07-26 05:06:49 [INFO]: [0mGET /css/animations.css [36m304[0m 0.414 ms - -[0m
2026-07-26 05:06:49 [INFO]: [0mGET /css/announcement.css [36m304[0m 0.545 ms - -[0m
2026-07-26 05:06:49 [INFO]: [0mGET /css/header.css [36m304[0m 0.293 ms - -[0m
2026-07-26 05:06:49 [INFO]: [0mGET /css/hero.css [32m200[0m 2.684 ms - -[0m
2026-07-26 05:07:09 [INFO]: [0mGET /css/style.css [36m304[0m 0.475 ms - -[0m
2026-07-26 05:07:09 [INFO]: [0mGET /css/variables.css [36m304[0m 0.712 ms - -[0m
2026-07-26 05:07:09 [INFO]: [0mGET /css/utilities.css [36m304[0m 0.193 ms - -[0m
2026-07-26 05:07:09 [INFO]: [0mGET /css/animations.css [36m304[0m 2.246 ms - -[0m
2026-07-26 05:07:09 [INFO]: [0mGET /css/announcement.css [36m304[0m 2.103 ms - -[0m
2026-07-26 05:07:09 [INFO]: [0mGET /css/header.css [36m304[0m 1.195 ms - -[0m
2026-07-26 05:07:09 [INFO]: [0mGET /css/hero.css [36m304[0m 1.138 ms - -[0m
2026-07-26 05:07:09 [INFO]: [0mGET /.well-known/appspecific/com.chrome.devtools.json [33m404[0m 1.472 ms - 112[0m
2026-07-26 05:08:13 [INFO]: [0mGET / [36m304[0m 5.078 ms - -[0m
2026-07-26 05:08:13 [INFO]: [0mGET /css/style.css [36m304[0m 0.883 ms - -[0m
2026-07-26 05:08:13 [INFO]: [0mGET /images/logo/plantora.png [36m304[0m 1.167 ms - -[0m
2026-07-26 05:08:13 [INFO]: [0mGET /images/hero/hero-placeholder.png [33m404[0m 1.883 ms - 96[0m
2026-07-26 05:08:13 [INFO]: [0mGET /js/header.js [36m304[0m 0.440 ms - -[0m
2026-07-26 05:08:13 [INFO]: [0mGET /js/notification.js [36m304[0m 0.786 ms - -[0m
2026-07-26 05:08:13 [INFO]: [0mGET /css/variables.css [36m304[0m 0.573 ms - -[0m
2026-07-26 05:08:13 [INFO]: [0mGET /css/utilities.css [36m304[0m 0.911 ms - -[0m
2026-07-26 05:08:13 [INFO]: [0mGET /css/animations.css [36m304[0m 1.358 ms - -[0m
2026-07-26 05:08:13 [INFO]: [0mGET /css/announcement.css [36m304[0m 0.886 ms - -[0m
2026-07-26 05:08:13 [INFO]: [0mGET /css/header.css [36m304[0m 1.092 ms - -[0m
2026-07-26 05:08:13 [INFO]: [0mGET /css/hero.css [32m200[0m 1.659 ms - -[0m
2026-07-26 05:09:24 [INFO]: [0mGET / [32m200[0m 7.518 ms - -[0m
2026-07-26 05:09:24 [INFO]: [0mGET /css/style.css [36m304[0m 0.651 ms - -[0m
2026-07-26 05:09:24 [INFO]: [0mGET /images/logo/plantora.png [36m304[0m 0.757 ms - -[0m
2026-07-26 05:09:24 [INFO]: [0mGET /images/hero/hero-placeholder.png [33m404[0m 2.695 ms - 96[0m
2026-07-26 05:09:24 [INFO]: [0mGET /js/header.js [36m304[0m 0.259 ms - -[0m
2026-07-26 05:09:24 [INFO]: [0mGET /js/notification.js [36m304[0m 0.442 ms - -[0m
2026-07-26 05:09:24 [INFO]: [0mGET /css/variables.css [36m304[0m 0.360 ms - -[0m
2026-07-26 05:09:24 [INFO]: [0mGET /css/utilities.css [36m304[0m 0.832 ms - -[0m
2026-07-26 05:09:24 [INFO]: [0mGET /css/animations.css [36m304[0m 1.124 ms - -[0m
2026-07-26 05:09:24 [INFO]: [0mGET /css/hero.css [36m304[0m 0.416 ms - -[0m
2026-07-26 05:09:24 [INFO]: [0mGET /css/announcement.css [36m304[0m 0.478 ms - -[0m
2026-07-26 05:09:24 [INFO]: [0mGET /css/header.css [36m304[0m 0.805 ms - -[0m
2026-07-26 05:09:25 [INFO]: [0mGET / [36m304[0m 7.805 ms - -[0m
2026-07-26 05:09:25 [INFO]: [0mGET /css/style.css [36m304[0m 0.408 ms - -[0m
2026-07-26 05:09:25 [INFO]: [0mGET /images/logo/plantora.png [36m304[0m 0.560 ms - -[0m
2026-07-26 05:09:25 [INFO]: [0mGET /images/hero/hero-placeholder.png [33m404[0m 1.355 ms - 96[0m
2026-07-26 05:09:25 [INFO]: [0mGET /js/header.js [36m304[0m 0.277 ms - -[0m
2026-07-26 05:09:25 [INFO]: [0mGET /js/notification.js [36m304[0m 0.408 ms - -[0m
2026-07-26 05:09:25 [INFO]: [0mGET /css/variables.css [36m304[0m 0.286 ms - -[0m
2026-07-26 05:09:25 [INFO]: [0mGET /css/utilities.css [36m304[0m 0.545 ms - -[0m
2026-07-26 05:09:25 [INFO]: [0mGET /css/animations.css [36m304[0m 0.469 ms - -[0m
2026-07-26 05:09:25 [INFO]: [0mGET /css/announcement.css [36m304[0m 0.385 ms - -[0m
2026-07-26 05:09:25 [INFO]: [0mGET /css/header.css [36m304[0m 0.503 ms - -[0m
2026-07-26 05:09:25 [INFO]: [0mGET /css/hero.css [36m304[0m 0.616 ms - -[0m
2026-07-26 05:09:27 [INFO]: [0mGET / [36m304[0m 6.105 ms - -[0m
2026-07-26 05:09:27 [INFO]: [0mGET /css/style.css [36m304[0m 0.489 ms - -[0m
2026-07-26 05:09:27 [INFO]: [0mGET /images/logo/plantora.png [36m304[0m 0.663 ms - -[0m
2026-07-26 05:09:27 [INFO]: [0mGET /images/hero/hero-placeholder.png [33m404[0m 1.795 ms - 96[0m
2026-07-26 05:09:27 [INFO]: [0mGET /js/header.js [36m304[0m 0.391 ms - -[0m
2026-07-26 05:09:27 [INFO]: [0mGET /js/notification.js [36m304[0m 0.513 ms - -[0m
2026-07-26 05:09:27 [INFO]: [0mGET /css/utilities.css [36m304[0m 0.305 ms - -[0m
2026-07-26 05:09:27 [INFO]: [0mGET /css/variables.css [36m304[0m 0.781 ms - -[0m
2026-07-26 05:09:27 [INFO]: [0mGET /css/animations.css [36m304[0m 0.833 ms - -[0m
2026-07-26 05:09:27 [INFO]: [0mGET /css/announcement.css [36m304[0m 1.520 ms - -[0m
2026-07-26 05:09:27 [INFO]: [0mGET /css/header.css [36m304[0m 0.760 ms - -[0m
2026-07-26 05:09:27 [INFO]: [0mGET /css/hero.css [36m304[0m 0.987 ms - -[0m
2026-07-26 05:09:38 [INFO]: [0mGET / [32m200[0m 5.256 ms - -[0m
2026-07-26 05:09:38 [INFO]: [0mGET /css/style.css [36m304[0m 1.645 ms - -[0m
2026-07-26 05:09:38 [INFO]: [0mGET /images/logo/plantora.png [36m304[0m 1.525 ms - -[0m
2026-07-26 05:09:38 [INFO]: [0mGET /js/header.js [36m304[0m 1.757 ms - -[0m
2026-07-26 05:09:38 [INFO]: [0mGET /js/notification.js [36m304[0m 0.199 ms - -[0m
2026-07-26 05:09:38 [INFO]: [0mGET /css/variables.css [36m304[0m 0.619 ms - -[0m
2026-07-26 05:09:38 [INFO]: [0mGET /css/utilities.css [36m304[0m 1.426 ms - -[0m
2026-07-26 05:09:38 [INFO]: [0mGET /css/announcement.css [36m304[0m 0.931 ms - -[0m
2026-07-26 05:09:38 [INFO]: [0mGET /css/animations.css [36m304[0m 0.802 ms - -[0m
2026-07-26 05:09:38 [INFO]: [0mGET /css/header.css [36m304[0m 0.974 ms - -[0m
2026-07-26 05:09:38 [INFO]: [0mGET /css/hero.css [36m304[0m 1.102 ms - -[0m
2026-07-26 05:09:46 [INFO]: [0mGET /css/style.css [36m304[0m 0.281 ms - -[0m
2026-07-26 05:09:46 [INFO]: [0mGET /css/variables.css [36m304[0m 0.646 ms - -[0m
2026-07-26 05:09:46 [INFO]: [0mGET /css/utilities.css [36m304[0m 0.832 ms - -[0m
2026-07-26 05:09:46 [INFO]: [0mGET /css/animations.css [36m304[0m 0.963 ms - -[0m
2026-07-26 05:09:46 [INFO]: [0mGET /css/hero.css [36m304[0m 0.902 ms - -[0m
2026-07-26 05:09:46 [INFO]: [0mGET /css/announcement.css [36m304[0m 0.198 ms - -[0m
2026-07-26 05:09:46 [INFO]: [0mGET /css/header.css [36m304[0m 0.274 ms - -[0m
2026-07-26 05:09:46 [INFO]: [0mGET /.well-known/appspecific/com.chrome.devtools.json [33m404[0m 3.682 ms - 112[0m
2026-07-26 05:10:32 [INFO]: [0mGET / [32m200[0m 2.390 ms - -[0m
2026-07-26 05:10:32 [INFO]: [0mGET /css/style.css [36m304[0m 1.099 ms - -[0m
2026-07-26 05:10:32 [INFO]: [0mGET /images/logo/plantora.png [36m304[0m 1.073 ms - -[0m
2026-07-26 05:10:32 [INFO]: [0mGET /images/hero/hero-placeholder.png [33m404[0m 2.091 ms - 96[0m
2026-07-26 05:10:32 [INFO]: [0mGET /js/header.js [36m304[0m 0.434 ms - -[0m
2026-07-26 05:10:32 [INFO]: [0mGET /js/notification.js [36m304[0m 0.322 ms - -[0m
2026-07-26 05:10:32 [INFO]: [0mGET /css/variables.css [36m304[0m 0.406 ms - -[0m
2026-07-26 05:10:32 [INFO]: [0mGET /css/utilities.css [36m304[0m 0.643 ms - -[0m
2026-07-26 05:10:32 [INFO]: [0mGET /css/animations.css [36m304[0m 0.921 ms - -[0m
2026-07-26 05:10:32 [INFO]: [0mGET /css/announcement.css [36m304[0m 0.394 ms - -[0m
2026-07-26 05:10:32 [INFO]: [0mGET /css/hero.css [36m304[0m 0.624 ms - -[0m
2026-07-26 05:10:32 [INFO]: [0mGET /css/header.css [32m200[0m 1.352 ms - -[0m
2026-07-26 05:11:11 [INFO]: [0mGET /css/style.css [36m304[0m 0.438 ms - -[0m
2026-07-26 05:11:11 [INFO]: [0mGET /css/utilities.css [36m304[0m 0.844 ms - -[0m
2026-07-26 05:11:11 [INFO]: [0mGET /css/variables.css [36m304[0m 1.278 ms - -[0m
2026-07-26 05:11:11 [INFO]: [0mGET /css/announcement.css [36m304[0m 1.556 ms - -[0m
2026-07-26 05:11:11 [INFO]: [0mGET /css/animations.css [36m304[0m 0.844 ms - -[0m
2026-07-26 05:11:11 [INFO]: [0mGET /css/hero.css [36m304[0m 0.671 ms - -[0m
2026-07-26 05:11:11 [INFO]: [0mGET /css/header.css [36m304[0m 0.863 ms - -[0m
2026-07-26 05:11:11 [INFO]: [0mGET /.well-known/appspecific/com.chrome.devtools.json [33m404[0m 0.904 ms - 112[0m
2026-07-26 05:12:26 [INFO]: [0mGET / [36m304[0m 3.486 ms - -[0m
2026-07-26 05:12:26 [INFO]: [0mGET /css/style.css [36m304[0m 0.848 ms - -[0m
2026-07-26 05:12:26 [INFO]: [0mGET /images/hero/hero-placeholder.png [33m404[0m 2.033 ms - 96[0m
2026-07-26 05:12:26 [INFO]: [0mGET /images/logo/plantora.png [36m304[0m 1.774 ms - -[0m
2026-07-26 05:12:26 [INFO]: [0mGET /js/header.js [36m304[0m 0.486 ms - -[0m
2026-07-26 05:12:26 [INFO]: [0mGET /js/notification.js [36m304[0m 0.776 ms - -[0m
2026-07-26 05:12:26 [INFO]: [0mGET /css/variables.css [36m304[0m 0.483 ms - -[0m
2026-07-26 05:12:26 [INFO]: [0mGET /css/utilities.css [36m304[0m 0.685 ms - -[0m
2026-07-26 05:12:26 [INFO]: [0mGET /css/animations.css [36m304[0m 1.288 ms - -[0m
2026-07-26 05:12:26 [INFO]: [0mGET /css/announcement.css [36m304[0m 0.667 ms - -[0m
2026-07-26 05:12:26 [INFO]: [0mGET /css/header.css [36m304[0m 0.242 ms - -[0m
2026-07-26 05:12:26 [INFO]: [0mGET /css/hero.css [32m200[0m 0.887 ms - -[0m
2026-07-26 05:12:27 [INFO]: [0mGET / [36m304[0m 4.167 ms - -[0m
2026-07-26 05:12:27 [INFO]: [0mGET /css/style.css [36m304[0m 0.914 ms - -[0m
2026-07-26 05:12:27 [INFO]: [0mGET /images/logo/plantora.png [36m304[0m 1.372 ms - -[0m
2026-07-26 05:12:27 [INFO]: [0mGET /images/hero/hero-placeholder.png [33m404[0m 2.972 ms - 96[0m
2026-07-26 05:12:27 [INFO]: [0mGET /js/header.js [36m304[0m 0.261 ms - -[0m
2026-07-26 05:12:27 [INFO]: [0mGET /js/notification.js [36m304[0m 0.700 ms - -[0m
2026-07-26 05:12:27 [INFO]: [0mGET /css/variables.css [36m304[0m 1.300 ms - -[0m
2026-07-26 05:12:27 [INFO]: [0mGET /css/utilities.css [36m304[0m 1.002 ms - -[0m
2026-07-26 05:12:27 [INFO]: [0mGET /css/animations.css [36m304[0m 0.302 ms - -[0m
2026-07-26 05:12:27 [INFO]: [0mGET /css/announcement.css [36m304[0m 0.546 ms - -[0m
2026-07-26 05:12:27 [INFO]: [0mGET /css/header.css [36m304[0m 0.738 ms - -[0m
2026-07-26 05:12:27 [INFO]: [0mGET /css/hero.css [36m304[0m 0.943 ms - -[0m
2026-07-26 05:12:27 [INFO]: [0mGET / [36m304[0m 5.364 ms - -[0m
2026-07-26 05:12:27 [INFO]: [0mGET /css/style.css [36m304[0m 0.936 ms - -[0m
2026-07-26 05:12:27 [INFO]: [0mGET /images/logo/plantora.png [36m304[0m 1.345 ms - -[0m
2026-07-26 05:12:27 [INFO]: [0mGET /images/hero/hero-placeholder.png [33m404[0m 2.539 ms - 96[0m
2026-07-26 05:12:27 [INFO]: [0mGET /js/header.js [36m304[0m 0.657 ms - -[0m
2026-07-26 05:12:27 [INFO]: [0mGET /js/notification.js [36m304[0m 1.515 ms - -[0m
2026-07-26 05:12:27 [INFO]: [0mGET /css/variables.css [36m304[0m 0.779 ms - -[0m
2026-07-26 05:12:27 [INFO]: [0mGET /css/utilities.css [36m304[0m 0.993 ms - -[0m
2026-07-26 05:12:27 [INFO]: [0mGET /css/animations.css [36m304[0m 0.319 ms - -[0m
2026-07-26 05:12:27 [INFO]: [0mGET /css/announcement.css [36m304[0m 0.647 ms - -[0m
2026-07-26 05:12:27 [INFO]: [0mGET /css/header.css [36m304[0m 1.588 ms - -[0m
2026-07-26 05:12:27 [INFO]: [0mGET /css/hero.css [36m304[0m 1.921 ms - -[0m
2026-07-26 05:12:27 [INFO]: [0mGET / [36m304[0m 2.565 ms - -[0m
2026-07-26 05:12:27 [INFO]: [0mGET /css/style.css [36m304[0m 1.294 ms - -[0m
2026-07-26 05:12:27 [INFO]: [0mGET /images/logo/plantora.png [36m304[0m 1.615 ms - -[0m
2026-07-26 05:12:27 [INFO]: [0mGET /images/hero/hero-placeholder.png [33m404[0m 2.974 ms - 96[0m
2026-07-26 05:12:27 [INFO]: [0mGET /js/header.js [36m304[0m 0.748 ms - -[0m
2026-07-26 05:12:27 [INFO]: [0mGET /js/notification.js [36m304[0m 0.724 ms - -[0m
2026-07-26 05:12:27 [INFO]: [0mGET /css/variables.css [36m304[0m 0.860 ms - -[0m
2026-07-26 05:12:27 [INFO]: [0mGET /css/utilities.css [36m304[0m 1.028 ms - -[0m
2026-07-26 05:12:27 [INFO]: [0mGET /css/animations.css [36m304[0m 1.712 ms - -[0m
2026-07-26 05:12:27 [INFO]: [0mGET /css/announcement.css [36m304[0m 1.565 ms - -[0m
2026-07-26 05:12:27 [INFO]: [0mGET /css/header.css [36m304[0m 1.154 ms - -[0m
2026-07-26 05:12:27 [INFO]: [0mGET /css/hero.css [36m304[0m 1.249 ms - -[0m
2026-07-26 05:12:27 [INFO]: [0mGET / [36m304[0m 4.326 ms - -[0m
2026-07-26 05:12:27 [INFO]: [0mGET /css/style.css [36m304[0m 0.624 ms - -[0m
2026-07-26 05:12:27 [INFO]: [0mGET /images/logo/plantora.png [36m304[0m 0.612 ms - -[0m
2026-07-26 05:12:27 [INFO]: [0mGET /images/hero/hero-placeholder.png [33m404[0m 1.696 ms - 96[0m
2026-07-26 05:12:27 [INFO]: [0mGET /js/header.js [36m304[0m 1.417 ms - -[0m
2026-07-26 05:12:27 [INFO]: [0mGET /js/notification.js [36m304[0m 1.546 ms - -[0m
2026-07-26 05:12:27 [INFO]: [0mGET /css/variables.css [36m304[0m 1.445 ms - -[0m
2026-07-26 05:12:27 [INFO]: [0mGET /css/utilities.css [36m304[0m 1.508 ms - -[0m
2026-07-26 05:12:27 [INFO]: [0mGET /css/animations.css [36m304[0m 1.518 ms - -[0m
2026-07-26 05:12:27 [INFO]: [0mGET /css/announcement.css [36m304[0m 1.625 ms - -[0m
2026-07-26 05:12:27 [INFO]: [0mGET /css/header.css [36m304[0m 0.181 ms - -[0m
2026-07-26 05:12:27 [INFO]: [0mGET /css/hero.css [36m304[0m 0.399 ms - -[0m
2026-07-26 05:12:28 [INFO]: [0mGET / [36m304[0m 5.104 ms - -[0m
2026-07-26 05:12:28 [INFO]: [0mGET /css/style.css [36m304[0m 0.386 ms - -[0m
2026-07-26 05:12:28 [INFO]: [0mGET /images/logo/plantora.png [36m304[0m 0.278 ms - -[0m
2026-07-26 05:12:28 [INFO]: [0mGET /images/hero/hero-placeholder.png [33m404[0m 0.827 ms - 96[0m
2026-07-26 05:12:28 [INFO]: [0mGET /js/header.js [36m304[0m 0.276 ms - -[0m
2026-07-26 05:12:28 [INFO]: [0mGET /js/notification.js [36m304[0m 0.435 ms - -[0m
2026-07-26 05:12:28 [INFO]: [0mGET /css/variables.css [36m304[0m 0.548 ms - -[0m
2026-07-26 05:12:28 [INFO]: [0mGET /css/utilities.css [36m304[0m 0.699 ms - -[0m
2026-07-26 05:12:28 [INFO]: [0mGET /css/animations.css [36m304[0m 0.945 ms - -[0m
2026-07-26 05:12:28 [INFO]: [0mGET /css/announcement.css [36m304[0m 1.089 ms - -[0m
2026-07-26 05:12:28 [INFO]: [0mGET /css/header.css [36m304[0m 1.437 ms - -[0m
2026-07-26 05:12:28 [INFO]: [0mGET /css/hero.css [36m304[0m 0.594 ms - -[0m
2026-07-26 05:13:18 [INFO]: [0mGET / [36m304[0m 2.735 ms - -[0m
2026-07-26 05:13:18 [INFO]: [0mGET /css/style.css [36m304[0m 0.500 ms - -[0m
2026-07-26 05:13:18 [INFO]: [0mGET /images/logo/plantora.png [36m304[0m 0.711 ms - -[0m
2026-07-26 05:13:18 [INFO]: [0mGET /images/hero/hero-placeholder.png [33m404[0m 1.007 ms - 96[0m
2026-07-26 05:13:18 [INFO]: [0mGET /js/header.js [36m304[0m 0.343 ms - -[0m
2026-07-26 05:13:18 [INFO]: [0mGET /js/notification.js [36m304[0m 0.562 ms - -[0m
2026-07-26 05:13:18 [INFO]: [0mGET /css/variables.css [36m304[0m 0.351 ms - -[0m
2026-07-26 05:13:18 [INFO]: [0mGET /css/utilities.css [36m304[0m 0.663 ms - -[0m
2026-07-26 05:13:18 [INFO]: [0mGET /css/animations.css [36m304[0m 0.804 ms - -[0m
2026-07-26 05:13:18 [INFO]: [0mGET /css/announcement.css [36m304[0m 0.304 ms - -[0m
2026-07-26 05:13:18 [INFO]: [0mGET /css/header.css [36m304[0m 0.579 ms - -[0m
2026-07-26 05:13:18 [INFO]: [0mGET /css/hero.css [32m200[0m 1.067 ms - -[0m
2026-07-26 05:13:19 [INFO]: [0mGET / [36m304[0m 4.581 ms - -[0m
2026-07-26 05:13:19 [INFO]: [0mGET /css/style.css [36m304[0m 0.423 ms - -[0m
2026-07-26 05:13:19 [INFO]: [0mGET /images/logo/plantora.png [36m304[0m 0.632 ms - -[0m
2026-07-26 05:13:19 [INFO]: [0mGET /images/hero/hero-placeholder.png [33m404[0m 1.175 ms - 96[0m
2026-07-26 05:13:19 [INFO]: [0mGET /js/header.js [36m304[0m 0.584 ms - -[0m
2026-07-26 05:13:19 [INFO]: [0mGET /js/notification.js [36m304[0m 0.941 ms - -[0m
2026-07-26 05:13:19 [INFO]: [0mGET /css/variables.css [36m304[0m 0.688 ms - -[0m
2026-07-26 05:13:19 [INFO]: [0mGET /css/utilities.css [36m304[0m 0.759 ms - -[0m
2026-07-26 05:13:19 [INFO]: [0mGET /css/animations.css [36m304[0m 1.600 ms - -[0m
2026-07-26 05:13:19 [INFO]: [0mGET /css/announcement.css [36m304[0m 1.196 ms - -[0m
2026-07-26 05:13:19 [INFO]: [0mGET /css/header.css [36m304[0m 1.248 ms - -[0m
2026-07-26 05:13:19 [INFO]: [0mGET /css/hero.css [36m304[0m 1.435 ms - -[0m
2026-07-26 05:13:19 [INFO]: [0mGET / [36m304[0m 4.241 ms - -[0m
2026-07-26 05:13:19 [INFO]: [0mGET /css/style.css [36m304[0m 0.391 ms - -[0m
2026-07-26 05:13:19 [INFO]: [0mGET /images/logo/plantora.png [36m304[0m 0.310 ms - -[0m
2026-07-26 05:13:19 [INFO]: [0mGET /images/hero/hero-placeholder.png [33m404[0m 0.939 ms - 96[0m
2026-07-26 05:13:19 [INFO]: [0mGET /js/header.js [36m304[0m 0.353 ms - -[0m
2026-07-26 05:13:19 [INFO]: [0mGET /js/notification.js [36m304[0m 0.533 ms - -[0m
2026-07-26 05:13:19 [INFO]: [0mGET /css/variables.css [36m304[0m 1.283 ms - -[0m
2026-07-26 05:13:19 [INFO]: [0mGET /css/utilities.css [36m304[0m 0.717 ms - -[0m
2026-07-26 05:13:19 [INFO]: [0mGET /css/animations.css [36m304[0m 0.777 ms - -[0m
2026-07-26 05:13:19 [INFO]: [0mGET /css/announcement.css [36m304[0m 0.854 ms - -[0m
2026-07-26 05:13:19 [INFO]: [0mGET /css/header.css [36m304[0m 1.249 ms - -[0m
2026-07-26 05:13:19 [INFO]: [0mGET /css/hero.css [36m304[0m 0.433 ms - -[0m
2026-07-26 05:13:19 [INFO]: [0mGET / [36m304[0m 2.154 ms - -[0m
2026-07-26 05:13:19 [INFO]: [0mGET /css/style.css [36m304[0m 0.255 ms - -[0m
2026-07-26 05:13:19 [INFO]: [0mGET /images/logo/plantora.png [36m304[0m 0.227 ms - -[0m
2026-07-26 05:13:19 [INFO]: [0mGET /images/hero/hero-placeholder.png [33m404[0m 0.933 ms - 96[0m
2026-07-26 05:13:19 [INFO]: [0mGET /js/header.js [36m304[0m 1.381 ms - -[0m
2026-07-26 05:13:19 [INFO]: [0mGET /js/notification.js [36m304[0m 1.014 ms - -[0m
2026-07-26 05:13:19 [INFO]: [0mGET /css/variables.css [36m304[0m 1.566 ms - -[0m
2026-07-26 05:13:19 [INFO]: [0mGET /css/utilities.css [36m304[0m 0.709 ms - -[0m
2026-07-26 05:13:19 [INFO]: [0mGET /css/animations.css [36m304[0m 1.352 ms - -[0m
2026-07-26 05:13:19 [INFO]: [0mGET /css/announcement.css [36m304[0m 0.831 ms - -[0m
2026-07-26 05:13:19 [INFO]: [0mGET /css/header.css [36m304[0m 1.065 ms - -[0m
2026-07-26 05:13:19 [INFO]: [0mGET /css/hero.css [36m304[0m 1.300 ms - -[0m
2026-07-26 05:13:19 [INFO]: [0mGET / [36m304[0m 3.287 ms - -[0m
2026-07-26 05:13:20 [INFO]: [0mGET /css/style.css [36m304[0m 0.710 ms - -[0m
2026-07-26 05:13:20 [INFO]: [0mGET /images/logo/plantora.png [36m304[0m 0.931 ms - -[0m
2026-07-26 05:13:20 [INFO]: [0mGET /images/hero/hero-placeholder.png [33m404[0m 1.880 ms - 96[0m
2026-07-26 05:13:20 [INFO]: [0mGET /js/header.js [36m304[0m 1.511 ms - -[0m
2026-07-26 05:13:20 [INFO]: [0mGET /js/notification.js [36m304[0m 1.948 ms - -[0m
2026-07-26 05:13:20 [INFO]: [0mGET /css/variables.css [36m304[0m 2.471 ms - -[0m
2026-07-26 05:13:20 [INFO]: [0mGET /css/utilities.css [36m304[0m 2.691 ms - -[0m
2026-07-26 05:13:20 [INFO]: [0mGET /css/animations.css [36m304[0m 2.788 ms - -[0m
2026-07-26 05:13:20 [INFO]: [0mGET /css/announcement.css [36m304[0m 2.891 ms - -[0m
2026-07-26 05:13:20 [INFO]: [0mGET /css/header.css [36m304[0m 0.388 ms - -[0m
2026-07-26 05:13:20 [INFO]: [0mGET /css/hero.css [36m304[0m 0.598 ms - -[0m
2026-07-26 05:13:20 [INFO]: [0mGET / [36m304[0m 5.418 ms - -[0m
2026-07-26 05:13:20 [INFO]: [0mGET /css/style.css [36m304[0m 0.564 ms - -[0m
2026-07-26 05:13:20 [INFO]: [0mGET /images/logo/plantora.png [36m304[0m 0.953 ms - -[0m
2026-07-26 05:13:20 [INFO]: [0mGET /images/hero/hero-placeholder.png [33m404[0m 1.755 ms - 96[0m
2026-07-26 05:13:20 [INFO]: [0mGET /js/header.js [36m304[0m 1.033 ms - -[0m
2026-07-26 05:13:20 [INFO]: [0mGET /js/notification.js [36m304[0m 1.357 ms - -[0m
2026-07-26 05:13:20 [INFO]: [0mGET /css/variables.css [36m304[0m 1.513 ms - -[0m
2026-07-26 05:13:20 [INFO]: [0mGET /css/utilities.css [36m304[0m 1.665 ms - -[0m
2026-07-26 05:13:20 [INFO]: [0mGET /css/animations.css [36m304[0m 1.928 ms - -[0m
2026-07-26 05:13:20 [INFO]: [0mGET /css/announcement.css [36m304[0m 2.518 ms - -[0m
2026-07-26 05:13:20 [INFO]: [0mGET /css/header.css [36m304[0m 0.290 ms - -[0m
2026-07-26 05:13:20 [INFO]: [0mGET /css/hero.css [36m304[0m 0.410 ms - -[0m
2026-07-26 05:13:20 [INFO]: [0mGET / [36m304[0m 4.583 ms - -[0m
2026-07-26 05:13:20 [INFO]: [0mGET /css/style.css [36m304[0m 0.336 ms - -[0m
2026-07-26 05:13:20 [INFO]: [0mGET /images/logo/plantora.png [36m304[0m 0.590 ms - -[0m
2026-07-26 05:13:20 [INFO]: [0mGET /images/hero/hero-placeholder.png [33m404[0m 0.877 ms - 96[0m
2026-07-26 05:13:20 [INFO]: [0mGET /js/header.js [36m304[0m 0.354 ms - -[0m
2026-07-26 05:13:20 [INFO]: [0mGET /js/notification.js [36m304[0m 0.568 ms - -[0m
2026-07-26 05:13:20 [INFO]: [0mGET /css/variables.css [36m304[0m 0.661 ms - -[0m
2026-07-26 05:13:20 [INFO]: [0mGET /css/utilities.css [36m304[0m 0.962 ms - -[0m
2026-07-26 05:13:20 [INFO]: [0mGET /css/animations.css [36m304[0m 1.224 ms - -[0m
2026-07-26 05:13:20 [INFO]: [0mGET /css/announcement.css [36m304[0m 1.479 ms - -[0m
2026-07-26 05:13:20 [INFO]: [0mGET /css/header.css [36m304[0m 1.954 ms - -[0m
2026-07-26 05:13:20 [INFO]: [0mGET /css/hero.css [36m304[0m 0.676 ms - -[0m
2026-07-26 05:13:44 [INFO]: [0mGET / [36m304[0m 2.096 ms - -[0m
2026-07-26 05:13:44 [INFO]: [0mGET /css/style.css [36m304[0m 0.979 ms - -[0m
2026-07-26 05:13:44 [INFO]: [0mGET /images/logo/plantora.png [36m304[0m 1.248 ms - -[0m
2026-07-26 05:13:44 [INFO]: [0mGET /images/hero/hero-placeholder.png [33m404[0m 1.939 ms - 96[0m
2026-07-26 05:13:44 [INFO]: [0mGET /js/header.js [36m304[0m 0.151 ms - -[0m
2026-07-26 05:13:44 [INFO]: [0mGET /js/notification.js [36m304[0m 0.519 ms - -[0m
2026-07-26 05:13:44 [INFO]: [0mGET /css/variables.css [36m304[0m 0.176 ms - -[0m
2026-07-26 05:13:44 [INFO]: [0mGET /css/utilities.css [36m304[0m 0.264 ms - -[0m
2026-07-26 05:13:44 [INFO]: [0mGET /css/animations.css [36m304[0m 0.662 ms - -[0m
2026-07-26 05:13:44 [INFO]: [0mGET /css/announcement.css [36m304[0m 1.572 ms - -[0m
2026-07-26 05:13:44 [INFO]: [0mGET /css/header.css [36m304[0m 1.017 ms - -[0m
2026-07-26 05:13:44 [INFO]: [0mGET /css/hero.css [32m200[0m 1.353 ms - -[0m
2026-07-26 05:16:49 [INFO]: [0mGET / [32m200[0m 5.123 ms - -[0m
2026-07-26 05:16:49 [INFO]: [0mGET /css/style.css [36m304[0m 0.844 ms - -[0m
2026-07-26 05:16:49 [INFO]: [0mGET /images/logo/plantora.png [36m304[0m 0.617 ms - -[0m
2026-07-26 05:16:49 [INFO]: [0mGET /js/header.js [36m304[0m 0.733 ms - -[0m
2026-07-26 05:16:49 [INFO]: [0mGET /js/notification.js [36m304[0m 0.180 ms - -[0m
2026-07-26 05:16:49 [INFO]: [0mGET /css/variables.css [36m304[0m 0.695 ms - -[0m
2026-07-26 05:16:49 [INFO]: [0mGET /css/animations.css [36m304[0m 0.803 ms - -[0m
2026-07-26 05:16:49 [INFO]: [0mGET /css/utilities.css [36m304[0m 1.261 ms - -[0m
2026-07-26 05:16:49 [INFO]: [0mGET /css/announcement.css [36m304[0m 0.318 ms - -[0m
2026-07-26 05:16:49 [INFO]: [0mGET /css/header.css [36m304[0m 0.501 ms - -[0m
2026-07-26 05:16:49 [INFO]: [0mGET /css/hero.css [32m200[0m 1.524 ms - -[0m
2026-07-26 05:17:09 [INFO]: [0mGET / [32m200[0m 5.710 ms - -[0m
2026-07-26 05:17:09 [INFO]: [0mGET /css/style.css [36m304[0m 0.956 ms - -[0m
2026-07-26 05:17:09 [INFO]: [0mGET /images/logo/plantora.png [36m304[0m 0.886 ms - -[0m
2026-07-26 05:17:09 [INFO]: [0mGET /images/hero/hero-placeholder.png [33m404[0m 1.398 ms - 96[0m
2026-07-26 05:17:09 [INFO]: [0mGET /js/header.js [36m304[0m 0.226 ms - -[0m
2026-07-26 05:17:09 [INFO]: [0mGET /js/notification.js [36m304[0m 0.364 ms - -[0m
2026-07-26 05:17:09 [INFO]: [0mGET /css/variables.css [36m304[0m 0.494 ms - -[0m
2026-07-26 05:17:09 [INFO]: [0mGET /css/utilities.css [36m304[0m 0.936 ms - -[0m
2026-07-26 05:17:09 [INFO]: [0mGET /css/animations.css [36m304[0m 1.575 ms - -[0m
2026-07-26 05:17:09 [INFO]: [0mGET /css/announcement.css [36m304[0m 0.987 ms - -[0m
2026-07-26 05:17:09 [INFO]: [0mGET /css/header.css [36m304[0m 0.459 ms - -[0m
2026-07-26 05:17:09 [INFO]: [0mGET /css/hero.css [36m304[0m 0.553 ms - -[0m
2026-07-26 05:32:17 [INFO]: [0mGET / [36m304[0m 5.680 ms - -[0m
2026-07-26 05:32:17 [INFO]: [0mGET /css/style.css [36m304[0m 0.579 ms - -[0m
2026-07-26 05:32:17 [INFO]: [0mGET /images/logo/plantora.png [36m304[0m 0.773 ms - -[0m
2026-07-26 05:32:17 [INFO]: [0mGET /images/hero/hero-placeholder.png [33m404[0m 2.038 ms - 96[0m
2026-07-26 05:32:17 [INFO]: [0mGET /js/header.js [36m304[0m 0.579 ms - -[0m
2026-07-26 05:32:17 [INFO]: [0mGET /js/notification.js [36m304[0m 1.093 ms - -[0m
2026-07-26 05:32:17 [INFO]: [0mGET /css/variables.css [36m304[0m 0.959 ms - -[0m
2026-07-26 05:32:17 [INFO]: [0mGET /css/utilities.css [36m304[0m 1.264 ms - -[0m
2026-07-26 05:32:17 [INFO]: [0mGET /css/animations.css [36m304[0m 1.271 ms - -[0m
2026-07-26 05:32:17 [INFO]: [0mGET /css/announcement.css [36m304[0m 0.388 ms - -[0m
2026-07-26 05:32:17 [INFO]: [0mGET /css/header.css [36m304[0m 0.516 ms - -[0m
2026-07-26 05:32:17 [INFO]: [0mGET /css/hero.css [36m304[0m 0.230 ms - -[0m
2026-07-26 05:32:18 [INFO]: [0mGET / [36m304[0m 4.862 ms - -[0m
2026-07-26 05:32:18 [INFO]: [0mGET /css/style.css [36m304[0m 0.437 ms - -[0m
2026-07-26 05:32:18 [INFO]: [0mGET /images/logo/plantora.png [36m304[0m 0.657 ms - -[0m
2026-07-26 05:32:18 [INFO]: [0mGET /images/hero/hero-placeholder.png [33m404[0m 1.261 ms - 96[0m
2026-07-26 05:32:18 [INFO]: [0mGET /js/header.js [36m304[0m 0.287 ms - -[0m
2026-07-26 05:32:18 [INFO]: [0mGET /js/notification.js [36m304[0m 0.469 ms - -[0m
2026-07-26 05:32:18 [INFO]: [0mGET /css/variables.css [36m304[0m 0.447 ms - -[0m
2026-07-26 05:32:18 [INFO]: [0mGET /css/utilities.css [36m304[0m 0.631 ms - -[0m
2026-07-26 05:32:18 [INFO]: [0mGET /css/announcement.css [36m304[0m 1.330 ms - -[0m
2026-07-26 05:32:18 [INFO]: [0mGET /css/animations.css [36m304[0m 1.800 ms - -[0m
2026-07-26 05:32:18 [INFO]: [0mGET /css/header.css [36m304[0m 1.333 ms - -[0m
2026-07-26 05:32:18 [INFO]: [0mGET /css/hero.css [36m304[0m 1.458 ms - -[0m
2026-07-26 05:32:29 [INFO]: [0mGET / [32m200[0m 2.693 ms - -[0m
2026-07-26 05:32:29 [INFO]: [0mGET /css/style.css [36m304[0m 0.596 ms - -[0m
2026-07-26 05:32:29 [INFO]: [0mGET /images/logo/plantora.png [36m304[0m 0.596 ms - -[0m
2026-07-26 05:32:29 [INFO]: [0mGET /js/header.js [36m304[0m 0.710 ms - -[0m
2026-07-26 05:32:29 [INFO]: [0mGET /js/notification.js [36m304[0m 1.468 ms - -[0m
2026-07-26 05:32:29 [INFO]: [0mGET /css/variables.css [36m304[0m 1.369 ms - -[0m
2026-07-26 05:32:29 [INFO]: [0mGET /css/utilities.css [36m304[0m 1.737 ms - -[0m
2026-07-26 05:32:29 [INFO]: [0mGET /css/animations.css [36m304[0m 1.941 ms - -[0m
2026-07-26 05:32:29 [INFO]: [0mGET /css/announcement.css [36m304[0m 2.095 ms - -[0m
2026-07-26 05:32:29 [INFO]: [0mGET /css/header.css [36m304[0m 2.202 ms - -[0m
2026-07-26 05:32:29 [INFO]: [0mGET /css/hero.css [36m304[0m 0.582 ms - -[0m
2026-07-26 05:32:29 [INFO]: [0mGET /images/hero/hero-placeholder.jpg [32m200[0m 1.521 ms - 2736422[0m
2026-07-26 05:35:58 [INFO]: [0mGET / [36m304[0m 3.061 ms - -[0m
2026-07-26 05:35:58 [INFO]: [0mGET /css/style.css [36m304[0m 0.345 ms - -[0m
2026-07-26 05:35:58 [INFO]: [0mGET /images/logo/plantora.png [36m304[0m 0.310 ms - -[0m
2026-07-26 05:35:58 [INFO]: [0mGET /images/hero/hero-placeholder.jpg [36m304[0m 0.433 ms - -[0m
2026-07-26 05:35:58 [INFO]: [0mGET /js/header.js [36m304[0m 0.401 ms - -[0m
2026-07-26 05:35:58 [INFO]: [0mGET /js/notification.js [36m304[0m 0.642 ms - -[0m
2026-07-26 05:35:58 [INFO]: [0mGET /css/variables.css [36m304[0m 0.452 ms - -[0m
2026-07-26 05:35:58 [INFO]: [0mGET /css/utilities.css [36m304[0m 0.682 ms - -[0m
2026-07-26 05:35:58 [INFO]: [0mGET /css/animations.css [36m304[0m 1.221 ms - -[0m
2026-07-26 05:35:58 [INFO]: [0mGET /css/announcement.css [36m304[0m 0.991 ms - -[0m
2026-07-26 05:35:58 [INFO]: [0mGET /css/header.css [36m304[0m 0.543 ms - -[0m
2026-07-26 05:35:58 [INFO]: [0mGET /css/hero.css [32m200[0m 1.029 ms - -[0m
2026-07-26 05:36:17 [INFO]: [0mGET / [36m304[0m 4.463 ms - -[0m
2026-07-26 05:36:17 [INFO]: [0mGET /css/style.css [36m304[0m 1.148 ms - -[0m
2026-07-26 05:36:17 [INFO]: [0mGET /images/logo/plantora.png [36m304[0m 1.260 ms - -[0m
2026-07-26 05:36:17 [INFO]: [0mGET /images/hero/hero-placeholder.jpg [36m304[0m 1.526 ms - -[0m
2026-07-26 05:36:17 [INFO]: [0mGET /js/header.js [36m304[0m 0.623 ms - -[0m
2026-07-26 05:36:17 [INFO]: [0mGET /js/notification.js [36m304[0m 1.033 ms - -[0m
2026-07-26 05:36:17 [INFO]: [0mGET /css/variables.css [36m304[0m 0.399 ms - -[0m
2026-07-26 05:36:17 [INFO]: [0mGET /css/animations.css [36m304[0m 0.869 ms - -[0m
2026-07-26 05:36:17 [INFO]: [0mGET /css/utilities.css [36m304[0m 1.250 ms - -[0m
2026-07-26 05:36:17 [INFO]: [0mGET /css/announcement.css [36m304[0m 0.675 ms - -[0m
2026-07-26 05:36:17 [INFO]: [0mGET /css/header.css [36m304[0m 0.259 ms - -[0m
2026-07-26 05:36:17 [INFO]: [0mGET /css/hero.css [32m200[0m 0.732 ms - -[0m
2026-07-26 05:38:37 [INFO]: [0mGET / [32m200[0m 2.360 ms - -[0m
2026-07-26 05:38:37 [INFO]: [0mGET /css/style.css [36m304[0m 0.694 ms - -[0m
2026-07-26 05:38:37 [INFO]: [0mGET /images/logo/plantora.png [36m304[0m 0.333 ms - -[0m
2026-07-26 05:38:37 [INFO]: [0mGET /images/hero/hero-placeholder-two.jpg [32m200[0m 2.550 ms - 1608425[0m
2026-07-26 05:38:37 [INFO]: [0mGET /js/header.js [36m304[0m 0.409 ms - -[0m
2026-07-26 05:38:37 [INFO]: [0mGET /js/notification.js [36m304[0m 0.801 ms - -[0m
2026-07-26 05:38:37 [INFO]: [0mGET /css/variables.css [36m304[0m 0.341 ms - -[0m
2026-07-26 05:38:37 [INFO]: [0mGET /css/utilities.css [36m304[0m 0.482 ms - -[0m
2026-07-26 05:38:37 [INFO]: [0mGET /css/animations.css [36m304[0m 0.783 ms - -[0m
2026-07-26 05:38:37 [INFO]: [0mGET /css/announcement.css [36m304[0m 0.525 ms - -[0m
2026-07-26 05:38:37 [INFO]: [0mGET /css/header.css [36m304[0m 0.739 ms - -[0m
2026-07-26 05:38:37 [INFO]: [0mGET /css/hero.css [36m304[0m 0.980 ms - -[0m
2026-07-26 05:39:14 [INFO]: [0mGET / [36m304[0m 5.660 ms - -[0m
2026-07-26 05:39:14 [INFO]: [0mGET /css/style.css [36m304[0m 0.309 ms - -[0m
2026-07-26 05:39:14 [INFO]: [0mGET /images/logo/plantora.png [36m304[0m 0.160 ms - -[0m
2026-07-26 05:39:14 [INFO]: [0mGET /images/hero/hero-placeholder-two.jpg [36m304[0m 0.479 ms - -[0m
2026-07-26 05:39:14 [INFO]: [0mGET /js/header.js [36m304[0m 0.278 ms - -[0m
2026-07-26 05:39:14 [INFO]: [0mGET /js/notification.js [36m304[0m 0.454 ms - -[0m
2026-07-26 05:39:14 [INFO]: [0mGET /css/variables.css [36m304[0m 0.300 ms - -[0m
2026-07-26 05:39:14 [INFO]: [0mGET /css/utilities.css [36m304[0m 0.422 ms - -[0m
2026-07-26 05:39:14 [INFO]: [0mGET /css/animations.css [36m304[0m 0.554 ms - -[0m
2026-07-26 05:39:14 [INFO]: [0mGET /css/announcement.css [36m304[0m 0.465 ms - -[0m
2026-07-26 05:39:14 [INFO]: [0mGET /css/header.css [36m304[0m 0.663 ms - -[0m
2026-07-26 05:39:14 [INFO]: [0mGET /css/hero.css [32m200[0m 1.120 ms - -[0m
2026-07-26 05:48:37 [INFO]: [0mGET / [36m304[0m 5.321 ms - -[0m
2026-07-26 05:48:37 [INFO]: [0mGET /css/style.css [36m304[0m 0.629 ms - -[0m
2026-07-26 05:48:37 [INFO]: [0mGET /images/logo/plantora.png [36m304[0m 0.677 ms - -[0m
2026-07-26 05:48:37 [INFO]: [0mGET /images/hero/hero-placeholder-two.jpg [36m304[0m 0.986 ms - -[0m
2026-07-26 05:48:37 [INFO]: [0mGET /js/header.js [36m304[0m 0.357 ms - -[0m
2026-07-26 05:48:37 [INFO]: [0mGET /js/notification.js [36m304[0m 0.762 ms - -[0m
2026-07-26 05:48:37 [INFO]: [0mGET /css/variables.css [36m304[0m 0.613 ms - -[0m
2026-07-26 05:48:37 [INFO]: [0mGET /css/utilities.css [36m304[0m 0.893 ms - -[0m
2026-07-26 05:48:37 [INFO]: [0mGET /css/animations.css [36m304[0m 1.665 ms - -[0m
2026-07-26 05:48:37 [INFO]: [0mGET /css/header.css [36m304[0m 1.156 ms - -[0m
2026-07-26 05:48:37 [INFO]: [0mGET /css/announcement.css [36m304[0m 1.222 ms - -[0m
2026-07-26 05:48:37 [INFO]: [0mGET /css/hero.css [32m200[0m 2.757 ms - -[0m
2026-07-26 05:48:52 [INFO]: [0mGET /css/style.css [36m304[0m 0.253 ms - -[0m
2026-07-26 05:48:52 [INFO]: [0mGET /css/variables.css [36m304[0m 0.536 ms - -[0m
2026-07-26 05:48:52 [INFO]: [0mGET /css/utilities.css [36m304[0m 0.661 ms - -[0m
2026-07-26 05:48:52 [INFO]: [0mGET /css/animations.css [36m304[0m 0.712 ms - -[0m
2026-07-26 05:48:52 [INFO]: [0mGET /css/announcement.css [36m304[0m 0.922 ms - -[0m
2026-07-26 05:48:52 [INFO]: [0mGET /css/header.css [36m304[0m 0.349 ms - -[0m
2026-07-26 05:48:52 [INFO]: [0mGET /css/hero.css [36m304[0m 0.444 ms - -[0m
2026-07-26 05:48:52 [INFO]: [0mGET /.well-known/appspecific/com.chrome.devtools.json [33m404[0m 0.744 ms - 112[0m
2026-07-26 05:49:53 [INFO]: [0mGET / [36m304[0m 1.405 ms - -[0m
2026-07-26 05:49:53 [INFO]: [0mGET /css/style.css [36m304[0m 0.177 ms - -[0m
2026-07-26 05:49:53 [INFO]: [0mGET /.well-known/appspecific/com.chrome.devtools.json [33m404[0m 0.459 ms - 112[0m
2026-07-26 05:49:53 [INFO]: [0mGET /images/logo/plantora.png [36m304[0m 0.971 ms - -[0m
2026-07-26 05:49:53 [INFO]: [0mGET /images/hero/hero-placeholder-two.jpg [36m304[0m 1.162 ms - -[0m
2026-07-26 05:49:53 [INFO]: [0mGET /js/header.js [36m304[0m 0.663 ms - -[0m
2026-07-26 05:49:53 [INFO]: [0mGET /js/notification.js [36m304[0m 1.001 ms - -[0m
2026-07-26 05:49:53 [INFO]: [0mGET /css/variables.css [36m304[0m 0.846 ms - -[0m
2026-07-26 05:49:53 [INFO]: [0mGET /css/utilities.css [36m304[0m 1.139 ms - -[0m
2026-07-26 05:49:53 [INFO]: [0mGET /css/animations.css [36m304[0m 1.975 ms - -[0m
2026-07-26 05:49:53 [INFO]: [0mGET /css/announcement.css [36m304[0m 0.744 ms - -[0m
2026-07-26 05:49:53 [INFO]: [0mGET /css/header.css [36m304[0m 0.834 ms - -[0m
2026-07-26 05:49:53 [INFO]: [0mGET /css/hero.css [32m200[0m 0.617 ms - -[0m
2026-07-26 05:50:11 [INFO]: [0mGET / [36m304[0m 2.547 ms - -[0m
2026-07-26 05:50:11 [INFO]: [0mGET /css/style.css [36m304[0m 0.218 ms - -[0m
2026-07-26 05:50:11 [INFO]: [0mGET /images/logo/plantora.png [36m304[0m 0.312 ms - -[0m
2026-07-26 05:50:11 [INFO]: [0mGET /images/hero/hero-placeholder-two.jpg [36m304[0m 0.523 ms - -[0m
2026-07-26 05:50:11 [INFO]: [0mGET /.well-known/appspecific/com.chrome.devtools.json [33m404[0m 0.764 ms - 112[0m
2026-07-26 05:50:11 [INFO]: [0mGET /js/header.js [36m304[0m 0.424 ms - -[0m
2026-07-26 05:50:11 [INFO]: [0mGET /css/variables.css [36m304[0m 0.623 ms - -[0m
2026-07-26 05:50:11 [INFO]: [0mGET /js/notification.js [36m304[0m 0.586 ms - -[0m
2026-07-26 05:50:11 [INFO]: [0mGET /css/utilities.css [36m304[0m 0.652 ms - -[0m
2026-07-26 05:50:11 [INFO]: [0mGET /css/animations.css [36m304[0m 0.819 ms - -[0m
2026-07-26 05:50:11 [INFO]: [0mGET /css/header.css [36m304[0m 0.410 ms - -[0m
2026-07-26 05:50:11 [INFO]: [0mGET /css/announcement.css [36m304[0m 0.527 ms - -[0m
2026-07-26 05:50:11 [INFO]: [0mGET /css/hero.css [32m200[0m 1.124 ms - -[0m
2026-07-26 05:50:23 [INFO]: [0mGET / [36m304[0m 1.615 ms - -[0m
2026-07-26 05:50:23 [INFO]: [0mGET /css/style.css [36m304[0m 0.382 ms - -[0m
2026-07-26 05:50:23 [INFO]: [0mGET /images/hero/hero-placeholder-two.jpg [36m304[0m 0.199 ms - -[0m
2026-07-26 05:50:23 [INFO]: [0mGET /images/logo/plantora.png [36m304[0m 0.635 ms - -[0m
2026-07-26 05:50:23 [INFO]: [0mGET /.well-known/appspecific/com.chrome.devtools.json [33m404[0m 0.591 ms - 112[0m
2026-07-26 05:50:23 [INFO]: [0mGET /js/header.js [36m304[0m 0.419 ms - -[0m
2026-07-26 05:50:23 [INFO]: [0mGET /js/notification.js [36m304[0m 0.617 ms - -[0m
2026-07-26 05:50:23 [INFO]: [0mGET /css/variables.css [36m304[0m 0.537 ms - -[0m
2026-07-26 05:50:23 [INFO]: [0mGET /css/utilities.css [36m304[0m 0.383 ms - -[0m
2026-07-26 05:50:23 [INFO]: [0mGET /css/animations.css [36m304[0m 0.513 ms - -[0m
2026-07-26 05:50:23 [INFO]: [0mGET /css/header.css [36m304[0m 0.366 ms - -[0m
2026-07-26 05:50:23 [INFO]: [0mGET /css/announcement.css [36m304[0m 0.585 ms - -[0m
2026-07-26 05:50:23 [INFO]: [0mGET /css/hero.css [32m200[0m 1.069 ms - -[0m
2026-07-26 06:02:27 [INFO]: [0mGET / [32m200[0m 2.184 ms - -[0m
2026-07-26 06:02:27 [INFO]: [0mGET /css/style.css [36m304[0m 0.749 ms - -[0m
2026-07-26 06:02:27 [INFO]: [0mGET /images/logo/plantora.png [36m304[0m 0.700 ms - -[0m
2026-07-26 06:02:27 [INFO]: [0mGET /js/header.js [36m304[0m 0.514 ms - -[0m
2026-07-26 06:02:27 [INFO]: [0mGET /js/notification.js [36m304[0m 0.949 ms - -[0m
2026-07-26 06:02:27 [INFO]: [0mGET /css/variables.css [36m304[0m 0.320 ms - -[0m
2026-07-26 06:02:27 [INFO]: [0mGET /css/utilities.css [36m304[0m 1.111 ms - -[0m
2026-07-26 06:02:27 [INFO]: [0mGET /css/animations.css [36m304[0m 1.721 ms - -[0m
2026-07-26 06:02:27 [INFO]: [0mGET /css/hero.css [36m304[0m 1.184 ms - -[0m
2026-07-26 06:02:27 [INFO]: [0mGET /css/announcement.css [36m304[0m 1.296 ms - -[0m
2026-07-26 06:02:27 [INFO]: [0mGET /css/header.css [36m304[0m 1.427 ms - -[0m
2026-07-26 06:02:27 [INFO]: [0mGET /images/hero/hero-placeholder.png [32m200[0m 2.844 ms - 17301093[0m
2026-07-26 06:13:30 [INFO]: MongoDB connected successfully.
2026-07-26 06:13:33 [INFO]: Email server connected successfully.
2026-07-26 06:13:33 [INFO]: Server is running on port 5132.
2026-07-26 06:13:35 [INFO]: MongoDB connected successfully.
2026-07-26 06:13:38 [INFO]: Email server connected successfully.
2026-07-26 06:13:38 [INFO]: Server is running on port 5132.
2026-07-26 06:15:01 [INFO]: [0mGET / [36m304[0m 15.778 ms - -[0m
2026-07-26 06:15:01 [INFO]: [0mGET /images/logo/plantora.png [36m304[0m 2.105 ms - -[0m
2026-07-26 06:15:01 [INFO]: [0mGET /images/hero/hero-placeholder.png [36m304[0m 2.891 ms - -[0m
2026-07-26 06:15:01 [INFO]: [0mGET /css/style.css [32m200[0m 5.711 ms - 313[0m
2026-07-26 06:15:01 [INFO]: [0mGET /js/header.js [36m304[0m 0.462 ms - -[0m
2026-07-26 06:15:01 [INFO]: [0mGET /js/notification.js [36m304[0m 0.839 ms - -[0m
2026-07-26 06:15:01 [INFO]: [0mGET /css/variables.css [36m304[0m 0.326 ms - -[0m
2026-07-26 06:15:01 [INFO]: [0mGET /css/utilities.css [36m304[0m 1.129 ms - -[0m
2026-07-26 06:15:01 [INFO]: [0mGET /css/animations.css [36m304[0m 2.881 ms - -[0m
2026-07-26 06:15:01 [INFO]: [0mGET /css/header.css [36m304[0m 1.768 ms - -[0m
2026-07-26 06:15:01 [INFO]: [0mGET /css/announcement.css [36m304[0m 1.522 ms - -[0m
2026-07-26 06:15:01 [INFO]: [0mGET /css/hero.css [36m304[0m 0.475 ms - -[0m
2026-07-26 06:15:01 [INFO]: [0mGET /css/featured.css [32m200[0m 3.817 ms - -[0m
2026-07-26 06:15:48 [INFO]: [0mGET / [32m200[0m 4.743 ms - -[0m
2026-07-26 06:15:48 [INFO]: [0mGET /css/style.css [36m304[0m 0.901 ms - -[0m
2026-07-26 06:15:48 [INFO]: [0mGET /images/logo/plantora.png [36m304[0m 1.498 ms - -[0m
2026-07-26 06:15:48 [INFO]: [0mGET /images/hero/hero-placeholder.png [36m304[0m 1.361 ms - -[0m
2026-07-26 06:15:48 [INFO]: [0mGET /images/featured/snake.webp [33m404[0m 1.628 ms - 90[0m
2026-07-26 06:15:48 [INFO]: [0mGET /images/featured/monstera.webp [33m404[0m 3.322 ms - 93[0m
2026-07-26 06:15:48 [INFO]: [0mGET /images/featured/peace-lily.webp [33m404[0m 3.689 ms - 95[0m
2026-07-26 06:15:48 [INFO]: [0mGET /js/header.js [36m304[0m 0.581 ms - -[0m
2026-07-26 06:15:48 [INFO]: [0mGET /js/notification.js [36m304[0m 1.136 ms - -[0m
2026-07-26 06:15:48 [INFO]: [0mGET /images/featured/zz.webp [33m404[0m 4.632 ms - 87[0m
2026-07-26 06:15:48 [INFO]: [0mGET /images/featured/rubber.webp [33m404[0m 4.558 ms - 91[0m
2026-07-26 06:15:48 [INFO]: [0mGET /css/variables.css [36m304[0m 4.927 ms - -[0m
2026-07-26 06:15:48 [INFO]: [0mGET /css/utilities.css [36m304[0m 6.215 ms - -[0m
2026-07-26 06:15:48 [INFO]: [0mGET /css/animations.css [36m304[0m 2.219 ms - -[0m
2026-07-26 06:15:48 [INFO]: [0mGET /css/announcement.css [36m304[0m 3.743 ms - -[0m
2026-07-26 06:15:48 [INFO]: [0mGET /css/header.css [36m304[0m 2.167 ms - -[0m
2026-07-26 06:15:48 [INFO]: [0mGET /css/hero.css [36m304[0m 2.547 ms - -[0m
2026-07-26 06:15:48 [INFO]: [0mGET /css/featured.css [36m304[0m 3.843 ms - -[0m
2026-07-26 06:15:48 [INFO]: [0mGET /images/featured/areca.webp [33m404[0m 2.390 ms - 90[0m
2026-07-26 06:15:48 [INFO]: [0mGET /images/featured/aloe.webp [33m404[0m 3.431 ms - 89[0m
2026-07-26 06:15:48 [INFO]: [0mGET /images/featured/jade.webp [33m404[0m 1.728 ms - 89[0m
2026-07-26 06:15:48 [INFO]: [0mGET /images/featured/pothos.webp [33m404[0m 2.639 ms - 91[0m
2026-07-26 06:15:48 [INFO]: [0mGET /images/featured/fiddle.webp [33m404[0m 4.052 ms - 91[0m
2026-07-26 06:16:04 [INFO]: [0mGET /shop [33m404[0m 0.991 ms - 68[0m
2026-07-26 06:16:24 [INFO]: [0mGET / [32m200[0m 8.893 ms - -[0m
2026-07-26 06:16:24 [INFO]: [0mGET /css/style.css [36m304[0m 1.104 ms - -[0m
2026-07-26 06:16:24 [INFO]: [0mGET /images/logo/plantora.png [36m304[0m 1.719 ms - -[0m
2026-07-26 06:16:24 [INFO]: [0mGET /images/hero/hero-placeholder.png [36m304[0m 1.005 ms - -[0m
2026-07-26 06:16:24 [INFO]: [0mGET /images/featured/monstera.webp [33m404[0m 0.950 ms - 93[0m
2026-07-26 06:16:24 [INFO]: [0mGET /images/featured/snake.webp [33m404[0m 1.863 ms - 90[0m
2026-07-26 06:16:24 [INFO]: [0mGET /images/featured/peace-lily.webp [33m404[0m 1.428 ms - 95[0m
2026-07-26 06:16:24 [INFO]: [0mGET /js/header.js [36m304[0m 1.482 ms - -[0m
2026-07-26 06:16:24 [INFO]: [0mGET /js/notification.js [36m304[0m 1.648 ms - -[0m
2026-07-26 06:16:24 [INFO]: [0mGET /images/featured/zz.webp [33m404[0m 2.441 ms - 87[0m
2026-07-26 06:16:24 [INFO]: [0mGET /images/featured/rubber.webp [33m404[0m 3.650 ms - 91[0m
2026-07-26 06:16:24 [INFO]: [0mGET /css/variables.css [36m304[0m 0.948 ms - -[0m
2026-07-26 06:16:24 [INFO]: [0mGET /css/utilities.css [36m304[0m 1.168 ms - -[0m
2026-07-26 06:16:24 [INFO]: [0mGET /css/animations.css [36m304[0m 1.382 ms - -[0m
2026-07-26 06:16:24 [INFO]: [0mGET /css/announcement.css [36m304[0m 1.536 ms - -[0m
2026-07-26 06:16:24 [INFO]: [0mGET /css/header.css [36m304[0m 1.732 ms - -[0m
2026-07-26 06:16:24 [INFO]: [0mGET /css/hero.css [36m304[0m 0.404 ms - -[0m
2026-07-26 06:16:24 [INFO]: [0mGET /css/featured.css [36m304[0m 1.457 ms - -[0m
2026-07-26 06:16:24 [INFO]: [0mGET /images/featured/areca.webp [33m404[0m 1.758 ms - 90[0m
2026-07-26 06:16:24 [INFO]: [0mGET /images/featured/aloe.webp [33m404[0m 2.407 ms - 89[0m
2026-07-26 06:16:24 [INFO]: [0mGET /images/featured/jade.webp [33m404[0m 3.319 ms - 89[0m
2026-07-26 06:16:24 [INFO]: [0mGET /images/featured/pothos.webp [33m404[0m 1.556 ms - 91[0m
2026-07-26 06:16:24 [INFO]: [0mGET /images/featured/fiddle.webp [33m404[0m 2.252 ms - 91[0m
2026-07-26 06:21:12 [INFO]: MongoDB connected successfully.
2026-07-26 06:21:14 [INFO]: Email server connected successfully.
2026-07-26 06:21:14 [INFO]: Server is running on port 5132.
2026-07-26 06:22:07 [INFO]: [0mGET / [32m200[0m 58.886 ms - -[0m
2026-07-26 06:22:07 [INFO]: [0mGET /css/style.css [36m304[0m 0.922 ms - -[0m
2026-07-26 06:22:07 [INFO]: [0mGET /images/logo/plantora.png [36m304[0m 1.216 ms - -[0m
2026-07-26 06:22:07 [INFO]: [0mGET /images/hero/hero-placeholder.png [36m304[0m 0.681 ms - -[0m
2026-07-26 06:22:07 [INFO]: [0mGET /images/featured/monstera.webp [33m404[0m 2.613 ms - 93[0m
2026-07-26 06:22:07 [INFO]: [0mGET /images/featured/snake.webp [33m404[0m 4.485 ms - 90[0m
2026-07-26 06:22:07 [INFO]: [0mGET /images/featured/peace-lily.webp [33m404[0m 2.115 ms - 95[0m
2026-07-26 06:22:07 [INFO]: [0mGET /js/header.js [36m304[0m 2.415 ms - -[0m
2026-07-26 06:22:07 [INFO]: [0mGET /css/variables.css [36m304[0m 2.201 ms - -[0m
2026-07-26 06:22:07 [INFO]: [0mGET /css/animations.css [36m304[0m 0.737 ms - -[0m
2026-07-26 06:22:07 [INFO]: [0mGET /css/utilities.css [36m304[0m 0.921 ms - -[0m
2026-07-26 06:22:07 [INFO]: [0mGET /css/announcement.css [36m304[0m 0.504 ms - -[0m
2026-07-26 06:22:07 [INFO]: [0mGET /css/header.css [36m304[0m 0.664 ms - -[0m
2026-07-26 06:22:07 [INFO]: [0mGET /css/hero.css [36m304[0m 0.908 ms - -[0m
2026-07-26 06:22:07 [INFO]: [0mGET /js/featured.js [32m200[0m 6.830 ms - -[0m
2026-07-26 06:22:07 [INFO]: [0mGET /js/notification.js [36m304[0m 0.259 ms - -[0m
2026-07-26 06:22:07 [INFO]: [0mGET /images/featured/zz.webp [33m404[0m 1.438 ms - 87[0m
2026-07-26 06:22:07 [INFO]: [0mGET /css/featured.css [32m200[0m 3.495 ms - -[0m
2026-07-26 06:23:57 [INFO]: [0mGET / [32m200[0m 11.340 ms - -[0m
2026-07-26 06:23:57 [INFO]: [0mGET /css/style.css [36m304[0m 0.713 ms - -[0m
2026-07-26 06:23:57 [INFO]: [0mGET /images/logo/plantora.png [36m304[0m 1.005 ms - -[0m
2026-07-26 06:23:57 [INFO]: [0mGET /images/hero/hero-placeholder.png [36m304[0m 0.232 ms - -[0m
2026-07-26 06:23:57 [INFO]: [0mGET /images/featured/monstera.webp [33m404[0m 1.847 ms - 93[0m
2026-07-26 06:23:57 [INFO]: [0mGET /images/featured/snake.webp [33m404[0m 4.637 ms - 90[0m
2026-07-26 06:23:57 [INFO]: [0mGET /images/featured/peace-lily.webp [33m404[0m 5.523 ms - 95[0m
2026-07-26 06:23:57 [INFO]: [0mGET /js/header.js [36m304[0m 4.059 ms - -[0m
2026-07-26 06:23:57 [INFO]: [0mGET /js/featured.js [36m304[0m 4.432 ms - -[0m
2026-07-26 06:23:57 [INFO]: [0mGET /js/notification.js [36m304[0m 4.921 ms - -[0m
2026-07-26 06:23:57 [INFO]: [0mGET /images/featured/zz.webp [33m404[0m 6.944 ms - 87[0m
2026-07-26 06:23:57 [INFO]: [0mGET /css/variables.css [36m304[0m 4.391 ms - -[0m
2026-07-26 06:23:57 [INFO]: [0mGET /css/utilities.css [36m304[0m 2.335 ms - -[0m
2026-07-26 06:23:57 [INFO]: [0mGET /css/animations.css [36m304[0m 3.389 ms - -[0m
2026-07-26 06:23:57 [INFO]: [0mGET /css/announcement.css [36m304[0m 3.395 ms - -[0m
2026-07-26 06:23:57 [INFO]: [0mGET /css/header.css [36m304[0m 3.526 ms - -[0m
2026-07-26 06:23:57 [INFO]: [0mGET /css/hero.css [36m304[0m 0.688 ms - -[0m
2026-07-26 06:23:57 [INFO]: [0mGET /css/featured.css [36m304[0m 0.875 ms - -[0m
2026-07-26 06:34:12 [INFO]: [0mGET / [32m200[0m 5.783 ms - -[0m
2026-07-26 06:34:12 [INFO]: [0mGET /css/style.css [36m304[0m 1.325 ms - -[0m
2026-07-26 06:34:12 [INFO]: [0mGET /images/logo/plantora.png [36m304[0m 1.371 ms - -[0m
2026-07-26 06:34:12 [INFO]: [0mGET /images/hero/hero-placeholder.png [36m304[0m 1.513 ms - -[0m
2026-07-26 06:34:12 [INFO]: [0mGET /images/featured/monstera.webp [33m404[0m 1.388 ms - 93[0m
2026-07-26 06:34:12 [INFO]: [0mGET /images/featured/snake.webp [33m404[0m 2.848 ms - 90[0m
2026-07-26 06:34:12 [INFO]: [0mGET /images/featured/peace-lily.webp [33m404[0m 3.961 ms - 95[0m
2026-07-26 06:34:12 [INFO]: [0mGET /js/header.js [36m304[0m 0.368 ms - -[0m
2026-07-26 06:34:12 [INFO]: [0mGET /js/notification.js [36m304[0m 0.594 ms - -[0m
2026-07-26 06:34:12 [INFO]: [0mGET /css/variables.css [36m304[0m 0.728 ms - -[0m
2026-07-26 06:34:12 [INFO]: [0mGET /js/featured.js [36m304[0m 0.885 ms - -[0m
2026-07-26 06:34:12 [INFO]: [0mGET /css/utilities.css [36m304[0m 1.100 ms - -[0m
2026-07-26 06:34:12 [INFO]: [0mGET /css/animations.css [36m304[0m 1.312 ms - -[0m
2026-07-26 06:34:12 [INFO]: [0mGET /css/announcement.css [36m304[0m 0.205 ms - -[0m
2026-07-26 06:34:12 [INFO]: [0mGET /css/header.css [36m304[0m 0.488 ms - -[0m
2026-07-26 06:34:12 [INFO]: [0mGET /css/hero.css [36m304[0m 0.670 ms - -[0m
2026-07-26 06:34:12 [INFO]: [0mGET /css/featured.css [36m304[0m 0.904 ms - -[0m
2026-07-26 06:34:12 [INFO]: [0mGET /images/featured/zz.webp [33m404[0m 1.211 ms - 87[0m
2026-07-26 06:35:37 [INFO]: [0mGET / [36m304[0m 9.137 ms - -[0m
2026-07-26 06:35:37 [INFO]: [0mGET /css/style.css [36m304[0m 1.589 ms - -[0m
2026-07-26 06:35:37 [INFO]: [0mGET /images/logo/plantora.png [36m304[0m 1.395 ms - -[0m
2026-07-26 06:35:37 [INFO]: [0mGET /images/hero/hero-placeholder.png [36m304[0m 1.452 ms - -[0m
2026-07-26 06:35:37 [INFO]: [0mGET /images/featured/monstera.webp [33m404[0m 2.700 ms - 93[0m
2026-07-26 06:35:37 [INFO]: [0mGET /images/featured/snake.webp [33m404[0m 3.695 ms - 90[0m
2026-07-26 06:35:37 [INFO]: [0mGET /images/featured/peace-lily.webp [33m404[0m 8.024 ms - 95[0m
2026-07-26 06:35:37 [INFO]: [0mGET /js/header.js [36m304[0m 4.699 ms - -[0m
2026-07-26 06:35:37 [INFO]: [0mGET /js/featured.js [36m304[0m 4.642 ms - -[0m
2026-07-26 06:35:37 [INFO]: [0mGET /css/variables.css [36m304[0m 0.469 ms - -[0m
2026-07-26 06:35:37 [INFO]: [0mGET /css/utilities.css [36m304[0m 0.685 ms - -[0m
2026-07-26 06:35:37 [INFO]: [0mGET /js/notification.js [36m304[0m 1.166 ms - -[0m
2026-07-26 06:35:37 [INFO]: [0mGET /css/animations.css [36m304[0m 1.866 ms - -[0m
2026-07-26 06:35:37 [INFO]: [0mGET /css/announcement.css [36m304[0m 0.421 ms - -[0m
2026-07-26 06:35:37 [INFO]: [0mGET /css/header.css [36m304[0m 0.627 ms - -[0m
2026-07-26 06:35:37 [INFO]: [0mGET /css/hero.css [36m304[0m 0.652 ms - -[0m
2026-07-26 06:35:37 [INFO]: [0mGET /images/featured/zz.webp [33m404[0m 1.901 ms - 87[0m
2026-07-26 06:35:37 [INFO]: [0mGET /css/featured.css [32m200[0m 3.245 ms - -[0m
2026-07-26 06:35:57 [INFO]: [0mGET / [36m304[0m 5.926 ms - -[0m
2026-07-26 06:35:57 [INFO]: [0mGET /css/style.css [36m304[0m 0.873 ms - -[0m
2026-07-26 06:35:57 [INFO]: [0mGET /images/logo/plantora.png [36m304[0m 1.320 ms - -[0m
2026-07-26 06:35:57 [INFO]: [0mGET /images/hero/hero-placeholder.png [36m304[0m 0.324 ms - -[0m
2026-07-26 06:35:57 [INFO]: [0mGET /images/featured/monstera.webp [33m404[0m 1.613 ms - 93[0m
2026-07-26 06:35:57 [INFO]: [0mGET /images/featured/snake.webp [33m404[0m 4.920 ms - 90[0m
2026-07-26 06:35:57 [INFO]: [0mGET /images/featured/peace-lily.webp [33m404[0m 4.392 ms - 95[0m
2026-07-26 06:35:57 [INFO]: [0mGET /js/header.js [36m304[0m 4.843 ms - -[0m
2026-07-26 06:35:57 [INFO]: [0mGET /js/featured.js [36m304[0m 0.531 ms - -[0m
2026-07-26 06:35:57 [INFO]: [0mGET /images/featured/zz.webp [33m404[0m 1.570 ms - 87[0m
2026-07-26 06:35:57 [INFO]: [0mGET /js/notification.js [36m304[0m 3.017 ms - -[0m
2026-07-26 06:35:57 [INFO]: [0mGET /css/variables.css [36m304[0m 1.150 ms - -[0m
2026-07-26 06:35:57 [INFO]: [0mGET /css/utilities.css [36m304[0m 1.441 ms - -[0m
2026-07-26 06:35:57 [INFO]: [0mGET /css/animations.css [36m304[0m 2.151 ms - -[0m
2026-07-26 06:35:57 [INFO]: [0mGET /css/announcement.css [36m304[0m 0.750 ms - -[0m
2026-07-26 06:35:57 [INFO]: [0mGET /css/header.css [36m304[0m 1.052 ms - -[0m
2026-07-26 06:35:57 [INFO]: [0mGET /css/hero.css [36m304[0m 0.539 ms - -[0m
2026-07-26 06:35:57 [INFO]: [0mGET /css/featured.css [32m200[0m 1.365 ms - -[0m
2026-07-26 06:36:03 [INFO]: [0mGET / [36m304[0m 6.794 ms - -[0m
2026-07-26 06:36:03 [INFO]: [0mGET /css/style.css [36m304[0m 0.475 ms - -[0m
2026-07-26 06:36:03 [INFO]: [0mGET /images/logo/plantora.png [36m304[0m 0.675 ms - -[0m
2026-07-26 06:36:03 [INFO]: [0mGET /images/hero/hero-placeholder.png [36m304[0m 0.856 ms - -[0m
2026-07-26 06:36:03 [INFO]: [0mGET /images/featured/monstera.webp [33m404[0m 3.280 ms - 93[0m
2026-07-26 06:36:03 [INFO]: [0mGET /images/featured/snake.webp [33m404[0m 4.624 ms - 90[0m
2026-07-26 06:36:03 [INFO]: [0mGET /images/featured/peace-lily.webp [33m404[0m 5.921 ms - 95[0m
2026-07-26 06:36:03 [INFO]: [0mGET /js/header.js [36m304[0m 6.340 ms - -[0m
2026-07-26 06:36:03 [INFO]: [0mGET /js/featured.js [36m304[0m 6.479 ms - -[0m
2026-07-26 06:36:03 [INFO]: [0mGET /js/notification.js [36m304[0m 6.649 ms - -[0m
2026-07-26 06:36:03 [INFO]: [0mGET /css/variables.css [36m304[0m 1.315 ms - -[0m
2026-07-26 06:36:03 [INFO]: [0mGET /css/utilities.css [36m304[0m 1.561 ms - -[0m
2026-07-26 06:36:03 [INFO]: [0mGET /css/animations.css [36m304[0m 1.718 ms - -[0m
2026-07-26 06:36:03 [INFO]: [0mGET /css/announcement.css [36m304[0m 1.758 ms - -[0m
2026-07-26 06:36:03 [INFO]: [0mGET /css/header.css [36m304[0m 1.894 ms - -[0m
2026-07-26 06:36:03 [INFO]: [0mGET /css/hero.css [36m304[0m 2.161 ms - -[0m
2026-07-26 06:36:03 [INFO]: [0mGET /css/featured.css [36m304[0m 0.374 ms - -[0m
2026-07-26 06:36:03 [INFO]: [0mGET /images/featured/zz.webp [33m404[0m 1.766 ms - 87[0m
2026-07-26 06:36:03 [INFO]: [0mGET / [36m304[0m 10.256 ms - -[0m
2026-07-26 06:36:03 [INFO]: [0mGET /css/style.css [36m304[0m 0.529 ms - -[0m
2026-07-26 06:36:03 [INFO]: [0mGET /images/logo/plantora.png [36m304[0m 0.879 ms - -[0m
2026-07-26 06:36:03 [INFO]: [0mGET /images/hero/hero-placeholder.png [36m304[0m 1.047 ms - -[0m
2026-07-26 06:36:03 [INFO]: [0mGET /images/featured/monstera.webp [33m404[0m 3.126 ms - 93[0m
2026-07-26 06:36:03 [INFO]: [0mGET /images/featured/snake.webp [33m404[0m 4.677 ms - 90[0m
2026-07-26 06:36:03 [INFO]: [0mGET /images/featured/peace-lily.webp [33m404[0m 5.936 ms - 95[0m
2026-07-26 06:36:03 [INFO]: [0mGET /js/header.js [36m304[0m 6.338 ms - -[0m
2026-07-26 06:36:03 [INFO]: [0mGET /js/featured.js [36m304[0m 6.611 ms - -[0m
2026-07-26 06:36:03 [INFO]: [0mGET /js/notification.js [36m304[0m 6.860 ms - -[0m
2026-07-26 06:36:03 [INFO]: [0mGET /css/variables.css [36m304[0m 0.793 ms - -[0m
2026-07-26 06:36:03 [INFO]: [0mGET /css/utilities.css [36m304[0m 0.901 ms - -[0m
2026-07-26 06:36:03 [INFO]: [0mGET /css/animations.css [36m304[0m 1.065 ms - -[0m
2026-07-26 06:36:03 [INFO]: [0mGET /css/announcement.css [36m304[0m 1.203 ms - -[0m
2026-07-26 06:36:03 [INFO]: [0mGET /css/header.css [36m304[0m 1.341 ms - -[0m
2026-07-26 06:36:03 [INFO]: [0mGET /css/hero.css [36m304[0m 2.118 ms - -[0m
2026-07-26 06:36:03 [INFO]: [0mGET /css/featured.css [36m304[0m 0.362 ms - -[0m
2026-07-26 06:36:03 [INFO]: [0mGET /images/featured/zz.webp [33m404[0m 1.737 ms - 87[0m
2026-07-26 06:36:04 [INFO]: [0mGET / [36m304[0m 5.517 ms - -[0m
2026-07-26 06:36:04 [INFO]: [0mGET /css/style.css [36m304[0m 0.542 ms - -[0m
2026-07-26 06:36:04 [INFO]: [0mGET /images/logo/plantora.png [36m304[0m 0.715 ms - -[0m
2026-07-26 06:36:04 [INFO]: [0mGET /images/hero/hero-placeholder.png [36m304[0m 1.006 ms - -[0m
2026-07-26 06:36:04 [INFO]: [0mGET /images/featured/monstera.webp [33m404[0m 2.622 ms - 93[0m
2026-07-26 06:36:04 [INFO]: [0mGET /images/featured/snake.webp [33m404[0m 5.678 ms - 90[0m
2026-07-26 06:36:04 [INFO]: [0mGET /images/featured/peace-lily.webp [33m404[0m 7.466 ms - 95[0m
2026-07-26 06:36:04 [INFO]: [0mGET /js/header.js [36m304[0m 7.813 ms - -[0m
2026-07-26 06:36:04 [INFO]: [0mGET /js/featured.js [36m304[0m 8.071 ms - -[0m
2026-07-26 06:36:04 [INFO]: [0mGET /js/notification.js [36m304[0m 8.173 ms - -[0m
2026-07-26 06:36:04 [INFO]: [0mGET /css/variables.css [36m304[0m 1.418 ms - -[0m
2026-07-26 06:36:04 [INFO]: [0mGET /css/utilities.css [36m304[0m 1.860 ms - -[0m
2026-07-26 06:36:04 [INFO]: [0mGET /css/animations.css [36m304[0m 2.401 ms - -[0m
2026-07-26 06:36:04 [INFO]: [0mGET /css/announcement.css [36m304[0m 2.843 ms - -[0m
2026-07-26 06:36:04 [INFO]: [0mGET /css/header.css [36m304[0m 2.778 ms - -[0m
2026-07-26 06:36:04 [INFO]: [0mGET /css/hero.css [36m304[0m 0.708 ms - -[0m
2026-07-26 06:36:04 [INFO]: [0mGET /css/featured.css [36m304[0m 0.635 ms - -[0m
2026-07-26 06:36:04 [INFO]: [0mGET /images/featured/zz.webp [33m404[0m 1.851 ms - 87[0m
2026-07-26 06:36:16 [INFO]: [0mGET / [36m304[0m 5.037 ms - -[0m
2026-07-26 06:36:16 [INFO]: [0mGET /css/style.css [36m304[0m 0.731 ms - -[0m
2026-07-26 06:36:16 [INFO]: [0mGET /images/logo/plantora.png [36m304[0m 0.848 ms - -[0m
2026-07-26 06:36:16 [INFO]: [0mGET /images/hero/hero-placeholder.png [36m304[0m 0.820 ms - -[0m
2026-07-26 06:36:16 [INFO]: [0mGET /images/featured/monstera.webp [33m404[0m 1.527 ms - 93[0m
2026-07-26 06:36:16 [INFO]: [0mGET /images/featured/snake.webp [33m404[0m 2.389 ms - 90[0m
2026-07-26 06:36:16 [INFO]: [0mGET /images/featured/peace-lily.webp [33m404[0m 1.587 ms - 95[0m
2026-07-26 06:36:16 [INFO]: [0mGET /js/header.js [36m304[0m 1.778 ms - -[0m
2026-07-26 06:36:16 [INFO]: [0mGET /js/featured.js [36m304[0m 1.893 ms - -[0m
2026-07-26 06:36:16 [INFO]: [0mGET /js/notification.js [36m304[0m 2.073 ms - -[0m
2026-07-26 06:36:16 [INFO]: [0mGET /css/variables.css [36m304[0m 2.463 ms - -[0m
2026-07-26 06:36:16 [INFO]: [0mGET /css/utilities.css [36m304[0m 1.048 ms - -[0m
2026-07-26 06:36:16 [INFO]: [0mGET /css/animations.css [36m304[0m 0.556 ms - -[0m
2026-07-26 06:36:16 [INFO]: [0mGET /css/announcement.css [36m304[0m 0.770 ms - -[0m
2026-07-26 06:36:16 [INFO]: [0mGET /css/header.css [36m304[0m 1.573 ms - -[0m
2026-07-26 06:36:16 [INFO]: [0mGET /css/hero.css [36m304[0m 0.937 ms - -[0m
2026-07-26 06:36:16 [INFO]: [0mGET /images/featured/zz.webp [33m404[0m 1.299 ms - 87[0m
2026-07-26 06:36:16 [INFO]: [0mGET /css/featured.css [32m200[0m 3.079 ms - -[0m
2026-07-26 06:36:17 [INFO]: [0mGET / [36m304[0m 7.812 ms - -[0m
2026-07-26 06:36:17 [INFO]: [0mGET /css/style.css [36m304[0m 1.130 ms - -[0m
2026-07-26 06:36:17 [INFO]: [0mGET /images/logo/plantora.png [36m304[0m 1.717 ms - -[0m
2026-07-26 06:36:17 [INFO]: [0mGET /images/hero/hero-placeholder.png [36m304[0m 2.332 ms - -[0m
2026-07-26 06:36:17 [INFO]: [0mGET /images/featured/monstera.webp [33m404[0m 2.758 ms - 93[0m
2026-07-26 06:36:17 [INFO]: [0mGET /images/featured/snake.webp [33m404[0m 3.404 ms - 90[0m
2026-07-26 06:36:17 [INFO]: [0mGET /images/featured/peace-lily.webp [33m404[0m 4.642 ms - 95[0m
2026-07-26 06:36:17 [INFO]: [0mGET /js/header.js [36m304[0m 4.702 ms - -[0m
2026-07-26 06:36:17 [INFO]: [0mGET /js/featured.js [36m304[0m 4.787 ms - -[0m
2026-07-26 06:36:17 [INFO]: [0mGET /js/notification.js [36m304[0m 1.253 ms - -[0m
2026-07-26 06:36:17 [INFO]: [0mGET /css/variables.css [36m304[0m 0.915 ms - -[0m
2026-07-26 06:36:17 [INFO]: [0mGET /css/utilities.css [36m304[0m 1.044 ms - -[0m
2026-07-26 06:36:17 [INFO]: [0mGET /css/animations.css [36m304[0m 1.212 ms - -[0m
2026-07-26 06:36:17 [INFO]: [0mGET /css/announcement.css [36m304[0m 1.628 ms - -[0m
2026-07-26 06:36:17 [INFO]: [0mGET /css/header.css [36m304[0m 0.596 ms - -[0m
2026-07-26 06:36:17 [INFO]: [0mGET /css/hero.css [36m304[0m 0.363 ms - -[0m
2026-07-26 06:36:17 [INFO]: [0mGET /css/featured.css [36m304[0m 0.659 ms - -[0m
2026-07-26 06:36:17 [INFO]: [0mGET /images/featured/zz.webp [33m404[0m 2.001 ms - 87[0m
2026-07-26 06:36:34 [INFO]: [0mGET / [36m304[0m 7.097 ms - -[0m
2026-07-26 06:36:34 [INFO]: [0mGET /css/style.css [36m304[0m 0.931 ms - -[0m
2026-07-26 06:36:34 [INFO]: [0mGET /images/logo/plantora.png [36m304[0m 1.237 ms - -[0m
2026-07-26 06:36:34 [INFO]: [0mGET /images/hero/hero-placeholder.png [36m304[0m 0.430 ms - -[0m
2026-07-26 06:36:34 [INFO]: [0mGET /images/featured/monstera.webp [33m404[0m 1.517 ms - 93[0m
2026-07-26 06:36:34 [INFO]: [0mGET /images/featured/snake.webp [33m404[0m 2.449 ms - 90[0m
2026-07-26 06:36:34 [INFO]: [0mGET /js/notification.js [36m304[0m 2.638 ms - -[0m
2026-07-26 06:36:34 [INFO]: [0mGET /images/featured/peace-lily.webp [33m404[0m 3.568 ms - 95[0m
2026-07-26 06:36:34 [INFO]: [0mGET /js/header.js [36m304[0m 0.686 ms - -[0m
2026-07-26 06:36:34 [INFO]: [0mGET /js/featured.js [36m304[0m 0.811 ms - -[0m
2026-07-26 06:36:34 [INFO]: [0mGET /css/variables.css [36m304[0m 0.473 ms - -[0m
2026-07-26 06:36:34 [INFO]: [0mGET /css/utilities.css [36m304[0m 0.692 ms - -[0m
2026-07-26 06:36:34 [INFO]: [0mGET /css/animations.css [36m304[0m 0.946 ms - -[0m
2026-07-26 06:36:34 [INFO]: [0mGET /css/announcement.css [36m304[0m 1.486 ms - -[0m
2026-07-26 06:36:34 [INFO]: [0mGET /css/header.css [36m304[0m 0.641 ms - -[0m
2026-07-26 06:36:34 [INFO]: [0mGET /css/hero.css [36m304[0m 0.960 ms - -[0m
2026-07-26 06:36:34 [INFO]: [0mGET /images/featured/zz.webp [33m404[0m 1.323 ms - 87[0m
2026-07-26 06:36:34 [INFO]: [0mGET /css/featured.css [32m200[0m 2.128 ms - -[0m
2026-07-26 06:36:35 [INFO]: [0mGET / [36m304[0m 9.178 ms - -[0m
2026-07-26 06:36:35 [INFO]: [0mGET /css/style.css [36m304[0m 0.305 ms - -[0m
2026-07-26 06:36:35 [INFO]: [0mGET /images/logo/plantora.png [36m304[0m 0.305 ms - -[0m
2026-07-26 06:36:35 [INFO]: [0mGET /images/hero/hero-placeholder.png [36m304[0m 0.522 ms - -[0m
2026-07-26 06:36:35 [INFO]: [0mGET /images/featured/monstera.webp [33m404[0m 1.882 ms - 93[0m
2026-07-26 06:36:35 [INFO]: [0mGET /images/featured/snake.webp [33m404[0m 1.602 ms - 90[0m
2026-07-26 06:36:35 [INFO]: [0mGET /images/featured/peace-lily.webp [33m404[0m 2.814 ms - 95[0m
2026-07-26 06:36:35 [INFO]: [0mGET /js/header.js [36m304[0m 3.156 ms - -[0m
2026-07-26 06:36:35 [INFO]: [0mGET /js/featured.js [36m304[0m 3.459 ms - -[0m
2026-07-26 06:36:35 [INFO]: [0mGET /js/notification.js [36m304[0m 4.023 ms - -[0m
2026-07-26 06:36:35 [INFO]: [0mGET /css/variables.css [36m304[0m 1.676 ms - -[0m
2026-07-26 06:36:35 [INFO]: [0mGET /css/utilities.css [36m304[0m 1.380 ms - -[0m
2026-07-26 06:36:35 [INFO]: [0mGET /css/animations.css [36m304[0m 1.609 ms - -[0m
2026-07-26 06:36:35 [INFO]: [0mGET /css/announcement.css [36m304[0m 1.810 ms - -[0m
2026-07-26 06:36:35 [INFO]: [0mGET /css/header.css [36m304[0m 2.082 ms - -[0m
2026-07-26 06:36:35 [INFO]: [0mGET /css/hero.css [36m304[0m 0.523 ms - -[0m
2026-07-26 06:36:35 [INFO]: [0mGET /css/featured.css [36m304[0m 0.388 ms - -[0m
2026-07-26 06:36:35 [INFO]: [0mGET /images/featured/zz.webp [33m404[0m 1.560 ms - 87[0m
2026-07-26 06:36:35 [INFO]: [0mGET / [36m304[0m 4.450 ms - -[0m
2026-07-26 06:36:35 [INFO]: [0mGET /css/style.css [36m304[0m 0.578 ms - -[0m
2026-07-26 06:36:35 [INFO]: [0mGET /images/logo/plantora.png [36m304[0m 0.986 ms - -[0m
2026-07-26 06:36:35 [INFO]: [0mGET /images/hero/hero-placeholder.png [36m304[0m 1.370 ms - -[0m
2026-07-26 06:36:35 [INFO]: [0mGET /images/featured/monstera.webp [33m404[0m 2.116 ms - 93[0m
2026-07-26 06:36:35 [INFO]: [0mGET /images/featured/snake.webp [33m404[0m 2.649 ms - 90[0m
2026-07-26 06:36:35 [INFO]: [0mGET /images/featured/peace-lily.webp [33m404[0m 4.490 ms - 95[0m
2026-07-26 06:36:35 [INFO]: [0mGET /js/header.js [36m304[0m 4.904 ms - -[0m
2026-07-26 06:36:35 [INFO]: [0mGET /js/featured.js [36m304[0m 5.109 ms - -[0m
2026-07-26 06:36:35 [INFO]: [0mGET /js/notification.js [36m304[0m 5.673 ms - -[0m
2026-07-26 06:36:35 [INFO]: [0mGET /css/variables.css [36m304[0m 1.741 ms - -[0m
2026-07-26 06:36:35 [INFO]: [0mGET /css/utilities.css [36m304[0m 1.431 ms - -[0m
2026-07-26 06:36:35 [INFO]: [0mGET /css/animations.css [36m304[0m 1.587 ms - -[0m
2026-07-26 06:36:35 [INFO]: [0mGET /css/announcement.css [36m304[0m 3.027 ms - -[0m
2026-07-26 06:36:35 [INFO]: [0mGET /css/header.css [36m304[0m 1.793 ms - -[0m
2026-07-26 06:36:35 [INFO]: [0mGET /css/hero.css [36m304[0m 1.978 ms - -[0m
2026-07-26 06:36:35 [INFO]: [0mGET /css/featured.css [36m304[0m 0.429 ms - -[0m
2026-07-26 06:36:35 [INFO]: [0mGET /images/featured/zz.webp [33m404[0m 1.751 ms - 87[0m
2026-07-26 06:36:59 [INFO]: [0mGET / [36m304[0m 10.041 ms - -[0m
2026-07-26 06:36:59 [INFO]: [0mGET /css/style.css [36m304[0m 0.648 ms - -[0m
2026-07-26 06:36:59 [INFO]: [0mGET /images/logo/plantora.png [36m304[0m 0.844 ms - -[0m
2026-07-26 06:36:59 [INFO]: [0mGET /images/hero/hero-placeholder.png [36m304[0m 1.516 ms - -[0m
2026-07-26 06:36:59 [INFO]: [0mGET /images/featured/monstera.webp [33m404[0m 1.713 ms - 93[0m
2026-07-26 06:36:59 [INFO]: [0mGET /images/featured/snake.webp [33m404[0m 2.500 ms - 90[0m
2026-07-26 06:36:59 [INFO]: [0mGET /images/featured/peace-lily.webp [33m404[0m 3.775 ms - 95[0m
2026-07-26 06:36:59 [INFO]: [0mGET /js/header.js [36m304[0m 1.425 ms - -[0m
2026-07-26 06:36:59 [INFO]: [0mGET /css/variables.css [36m304[0m 1.194 ms - -[0m
2026-07-26 06:36:59 [INFO]: [0mGET /css/utilities.css [36m304[0m 1.335 ms - -[0m
2026-07-26 06:36:59 [INFO]: [0mGET /js/featured.js [36m304[0m 0.926 ms - -[0m
2026-07-26 06:36:59 [INFO]: [0mGET /js/notification.js [36m304[0m 1.190 ms - -[0m
2026-07-26 06:36:59 [INFO]: [0mGET /css/animations.css [36m304[0m 0.502 ms - -[0m
2026-07-26 06:36:59 [INFO]: [0mGET /css/announcement.css [36m304[0m 0.991 ms - -[0m
2026-07-26 06:36:59 [INFO]: [0mGET /css/header.css [36m304[0m 0.706 ms - -[0m
2026-07-26 06:36:59 [INFO]: [0mGET /css/hero.css [36m304[0m 0.853 ms - -[0m
2026-07-26 06:36:59 [INFO]: [0mGET /images/featured/zz.webp [33m404[0m 1.148 ms - 87[0m
2026-07-26 06:36:59 [INFO]: [0mGET /css/featured.css [32m200[0m 2.833 ms - -[0m
2026-07-26 06:36:59 [INFO]: [0mGET / [36m304[0m 8.762 ms - -[0m
2026-07-26 06:36:59 [INFO]: [0mGET /css/style.css [36m304[0m 0.668 ms - -[0m
2026-07-26 06:36:59 [INFO]: [0mGET /images/logo/plantora.png [36m304[0m 1.174 ms - -[0m
2026-07-26 06:36:59 [INFO]: [0mGET /images/hero/hero-placeholder.png [36m304[0m 1.633 ms - -[0m
2026-07-26 06:36:59 [INFO]: [0mGET /images/featured/monstera.webp [33m404[0m 1.442 ms - 93[0m
2026-07-26 06:36:59 [INFO]: [0mGET /images/featured/snake.webp [33m404[0m 2.592 ms - 90[0m
2026-07-26 06:36:59 [INFO]: [0mGET /images/featured/peace-lily.webp [33m404[0m 2.031 ms - 95[0m
2026-07-26 06:36:59 [INFO]: [0mGET /js/header.js [36m304[0m 2.766 ms - -[0m
2026-07-26 06:36:59 [INFO]: [0mGET /js/featured.js [36m304[0m 0.743 ms - -[0m
2026-07-26 06:36:59 [INFO]: [0mGET /js/notification.js [36m304[0m 0.842 ms - -[0m
2026-07-26 06:36:59 [INFO]: [0mGET /css/variables.css [36m304[0m 1.230 ms - -[0m
2026-07-26 06:36:59 [INFO]: [0mGET /css/utilities.css [36m304[0m 0.707 ms - -[0m
2026-07-26 06:36:59 [INFO]: [0mGET /css/animations.css [36m304[0m 0.868 ms - -[0m
2026-07-26 06:36:59 [INFO]: [0mGET /css/announcement.css [36m304[0m 0.554 ms - -[0m
2026-07-26 06:36:59 [INFO]: [0mGET /css/header.css [36m304[0m 0.753 ms - -[0m
2026-07-26 06:36:59 [INFO]: [0mGET /css/hero.css [36m304[0m 0.874 ms - -[0m
2026-07-26 06:36:59 [INFO]: [0mGET /css/featured.css [36m304[0m 0.985 ms - -[0m
2026-07-26 06:36:59 [INFO]: [0mGET /images/featured/zz.webp [33m404[0m 0.890 ms - 87[0m
2026-07-26 06:37:00 [INFO]: [0mGET / [36m304[0m 10.260 ms - -[0m
2026-07-26 06:37:00 [INFO]: [0mGET /css/style.css [36m304[0m 0.954 ms - -[0m
2026-07-26 06:37:00 [INFO]: [0mGET /images/logo/plantora.png [36m304[0m 1.036 ms - -[0m
2026-07-26 06:37:00 [INFO]: [0mGET /images/hero/hero-placeholder.png [36m304[0m 1.192 ms - -[0m
2026-07-26 06:37:00 [INFO]: [0mGET /images/featured/monstera.webp [33m404[0m 1.669 ms - 93[0m
2026-07-26 06:37:00 [INFO]: [0mGET /images/featured/snake.webp [33m404[0m 2.910 ms - 90[0m
2026-07-26 06:37:00 [INFO]: [0mGET /images/featured/peace-lily.webp [33m404[0m 4.618 ms - 95[0m
2026-07-26 06:37:00 [INFO]: [0mGET /js/header.js [36m304[0m 5.085 ms - -[0m
2026-07-26 06:37:00 [INFO]: [0mGET /js/featured.js [36m304[0m 5.414 ms - -[0m
2026-07-26 06:37:00 [INFO]: [0mGET /js/notification.js [36m304[0m 5.632 ms - -[0m
2026-07-26 06:37:00 [INFO]: [0mGET /css/variables.css [36m304[0m 0.510 ms - -[0m
2026-07-26 06:37:00 [INFO]: [0mGET /css/utilities.css [36m304[0m 0.620 ms - -[0m
2026-07-26 06:37:00 [INFO]: [0mGET /css/animations.css [36m304[0m 0.742 ms - -[0m
2026-07-26 06:37:00 [INFO]: [0mGET /css/announcement.css [36m304[0m 1.271 ms - -[0m
2026-07-26 06:37:00 [INFO]: [0mGET /css/header.css [36m304[0m 0.667 ms - -[0m
2026-07-26 06:37:00 [INFO]: [0mGET /css/hero.css [36m304[0m 1.137 ms - -[0m
2026-07-26 06:37:00 [INFO]: [0mGET /css/featured.css [36m304[0m 0.703 ms - -[0m
2026-07-26 06:37:00 [INFO]: [0mGET /images/featured/zz.webp [33m404[0m 1.647 ms - 87[0m
2026-07-26 06:37:43 [INFO]: [0mGET / [36m304[0m 9.357 ms - -[0m
2026-07-26 06:37:43 [INFO]: [0mGET /css/style.css [36m304[0m 0.647 ms - -[0m
2026-07-26 06:37:43 [INFO]: [0mGET /images/logo/plantora.png [36m304[0m 0.780 ms - -[0m
2026-07-26 06:37:43 [INFO]: [0mGET /images/hero/hero-placeholder.png [36m304[0m 1.078 ms - -[0m
2026-07-26 06:37:43 [INFO]: [0mGET /images/featured/monstera.webp [33m404[0m 1.330 ms - 93[0m
2026-07-26 06:37:43 [INFO]: [0mGET /images/featured/snake.webp [33m404[0m 2.431 ms - 90[0m
2026-07-26 06:37:43 [INFO]: [0mGET /images/featured/peace-lily.webp [33m404[0m 3.471 ms - 95[0m
2026-07-26 06:37:43 [INFO]: [0mGET /js/header.js [36m304[0m 0.355 ms - -[0m
2026-07-26 06:37:43 [INFO]: [0mGET /js/featured.js [36m304[0m 0.476 ms - -[0m
2026-07-26 06:37:43 [INFO]: [0mGET /css/variables.css [36m304[0m 0.477 ms - -[0m
2026-07-26 06:37:43 [INFO]: [0mGET /css/utilities.css [36m304[0m 0.739 ms - -[0m
2026-07-26 06:37:43 [INFO]: [0mGET /css/animations.css [36m304[0m 0.953 ms - -[0m
2026-07-26 06:37:43 [INFO]: [0mGET /js/notification.js [36m304[0m 1.837 ms - -[0m
2026-07-26 06:37:43 [INFO]: [0mGET /css/announcement.css [36m304[0m 1.082 ms - -[0m
2026-07-26 06:37:43 [INFO]: [0mGET /css/header.css [36m304[0m 1.726 ms - -[0m
2026-07-26 06:37:43 [INFO]: [0mGET /css/hero.css [36m304[0m 0.868 ms - -[0m
2026-07-26 06:37:43 [INFO]: [0mGET /css/featured.css [36m304[0m 1.192 ms - -[0m
2026-07-26 06:37:43 [INFO]: [0mGET /images/featured/zz.webp [33m404[0m 1.345 ms - 87[0m
2026-07-26 06:37:43 [INFO]: [0mGET / [36m304[0m 9.987 ms - -[0m
2026-07-26 06:37:43 [INFO]: [0mGET /css/style.css [36m304[0m 0.947 ms - -[0m
2026-07-26 06:37:43 [INFO]: [0mGET /images/logo/plantora.png [36m304[0m 1.300 ms - -[0m
2026-07-26 06:37:43 [INFO]: [0mGET /images/hero/hero-placeholder.png [36m304[0m 1.612 ms - -[0m
2026-07-26 06:37:43 [INFO]: [0mGET /images/featured/monstera.webp [33m404[0m 1.538 ms - 93[0m
2026-07-26 06:37:43 [INFO]: [0mGET /images/featured/snake.webp [33m404[0m 2.838 ms - 90[0m
2026-07-26 06:37:43 [INFO]: [0mGET /images/featured/peace-lily.webp [33m404[0m 3.973 ms - 95[0m
2026-07-26 06:37:43 [INFO]: [0mGET /js/featured.js [36m304[0m 4.664 ms - -[0m
2026-07-26 06:37:43 [INFO]: [0mGET /js/header.js [36m304[0m 5.036 ms - -[0m
2026-07-26 06:37:43 [INFO]: [0mGET /js/notification.js [36m304[0m 0.865 ms - -[0m
2026-07-26 06:37:43 [INFO]: [0mGET /css/variables.css [36m304[0m 0.862 ms - -[0m
2026-07-26 06:37:43 [INFO]: [0mGET /css/utilities.css [36m304[0m 0.995 ms - -[0m
2026-07-26 06:37:43 [INFO]: [0mGET /css/animations.css [36m304[0m 0.897 ms - -[0m
2026-07-26 06:37:43 [INFO]: [0mGET /css/announcement.css [36m304[0m 1.727 ms - -[0m
2026-07-26 06:37:43 [INFO]: [0mGET /css/header.css [36m304[0m 0.861 ms - -[0m
2026-07-26 06:37:43 [INFO]: [0mGET /css/hero.css [36m304[0m 0.819 ms - -[0m
2026-07-26 06:37:43 [INFO]: [0mGET /css/featured.css [36m304[0m 0.201 ms - -[0m
2026-07-26 06:37:43 [INFO]: [0mGET /images/featured/zz.webp [33m404[0m 0.951 ms - 87[0m
2026-07-26 06:37:44 [INFO]: [0mGET / [36m304[0m 7.012 ms - -[0m
2026-07-26 06:37:44 [INFO]: [0mGET /css/style.css [36m304[0m 0.669 ms - -[0m
2026-07-26 06:37:44 [INFO]: [0mGET /images/logo/plantora.png [36m304[0m 1.184 ms - -[0m
2026-07-26 06:37:44 [INFO]: [0mGET /images/hero/hero-placeholder.png [36m304[0m 1.840 ms - -[0m
2026-07-26 06:37:44 [INFO]: [0mGET /images/featured/monstera.webp [33m404[0m 2.935 ms - 93[0m
2026-07-26 06:37:44 [INFO]: [0mGET /images/featured/snake.webp [33m404[0m 4.247 ms - 90[0m
2026-07-26 06:37:44 [INFO]: [0mGET /images/featured/peace-lily.webp [33m404[0m 5.773 ms - 95[0m
2026-07-26 06:37:44 [INFO]: [0mGET /js/header.js [36m304[0m 6.436 ms - -[0m
2026-07-26 06:37:44 [INFO]: [0mGET /js/featured.js [36m304[0m 6.584 ms - -[0m
2026-07-26 06:37:44 [INFO]: [0mGET /js/notification.js [36m304[0m 6.649 ms - -[0m
2026-07-26 06:37:44 [INFO]: [0mGET /css/variables.css [36m304[0m 0.996 ms - -[0m
2026-07-26 06:37:44 [INFO]: [0mGET /css/utilities.css [36m304[0m 0.772 ms - -[0m
2026-07-26 06:37:44 [INFO]: [0mGET /css/animations.css [36m304[0m 0.990 ms - -[0m
2026-07-26 06:37:44 [INFO]: [0mGET /css/announcement.css [36m304[0m 1.247 ms - -[0m
2026-07-26 06:37:44 [INFO]: [0mGET /css/header.css [36m304[0m 1.803 ms - -[0m
2026-07-26 06:37:44 [INFO]: [0mGET /css/hero.css [36m304[0m 0.807 ms - -[0m
2026-07-26 06:37:44 [INFO]: [0mGET /css/featured.css [36m304[0m 0.620 ms - -[0m
2026-07-26 06:37:44 [INFO]: [0mGET /images/featured/zz.webp [33m404[0m 2.043 ms - 87[0m
2026-07-26 06:37:46 [INFO]: [0mGET /css/style.css [36m304[0m 0.581 ms - -[0m
2026-07-26 06:37:46 [INFO]: [0mGET /css/variables.css [36m304[0m 0.678 ms - -[0m
2026-07-26 06:37:46 [INFO]: [0mGET /css/animations.css [36m304[0m 0.826 ms - -[0m
2026-07-26 06:37:46 [INFO]: [0mGET /css/utilities.css [36m304[0m 1.173 ms - -[0m
2026-07-26 06:37:46 [INFO]: [0mGET /css/announcement.css [36m304[0m 1.372 ms - -[0m
2026-07-26 06:37:46 [INFO]: [0mGET /css/header.css [36m304[0m 2.081 ms - -[0m
2026-07-26 06:37:46 [INFO]: [0mGET /css/hero.css [36m304[0m 0.183 ms - -[0m
2026-07-26 06:37:46 [INFO]: [0mGET /css/featured.css [36m304[0m 0.340 ms - -[0m
2026-07-26 06:37:47 [INFO]: [0mGET /.well-known/appspecific/com.chrome.devtools.json [33m404[0m 1.711 ms - 112[0m
2026-07-26 06:37:49 [INFO]: [0mGET /shop [33m404[0m 2.306 ms - 68[0m
2026-07-26 06:37:49 [INFO]: [0mGET /.well-known/appspecific/com.chrome.devtools.json [33m404[0m 1.322 ms - 112[0m
2026-07-26 06:37:51 [INFO]: [0mGET /.well-known/appspecific/com.chrome.devtools.json [33m404[0m 1.179 ms - 112[0m
2026-07-26 06:37:51 [INFO]: [0mGET /.well-known/appspecific/com.chrome.devtools.json [33m404[0m 1.829 ms - 112[0m
2026-07-26 06:38:38 [INFO]: [0mGET / [36m304[0m 6.304 ms - -[0m
2026-07-26 06:38:38 [INFO]: [0mGET /css/style.css [36m304[0m 1.244 ms - -[0m
2026-07-26 06:38:38 [INFO]: [0mGET /images/logo/plantora.png [36m304[0m 1.333 ms - -[0m
2026-07-26 06:38:38 [INFO]: [0mGET /images/hero/hero-placeholder.png [36m304[0m 1.630 ms - -[0m
2026-07-26 06:38:38 [INFO]: [0mGET /images/featured/monstera.webp [33m404[0m 3.233 ms - 93[0m
2026-07-26 06:38:38 [INFO]: [0mGET /images/featured/snake.webp [33m404[0m 4.921 ms - 90[0m
2026-07-26 06:38:38 [INFO]: [0mGET /images/featured/peace-lily.webp [33m404[0m 6.663 ms - 95[0m
2026-07-26 06:38:38 [INFO]: [0mGET /js/header.js [36m304[0m 7.487 ms - -[0m
2026-07-26 06:38:38 [INFO]: [0mGET /js/featured.js [36m304[0m 2.173 ms - -[0m
2026-07-26 06:38:38 [INFO]: [0mGET /css/utilities.css [36m304[0m 1.460 ms - -[0m
2026-07-26 06:38:38 [INFO]: [0mGET /css/animations.css [36m304[0m 1.729 ms - -[0m
2026-07-26 06:38:38 [INFO]: [0mGET /css/announcement.css [36m304[0m 1.821 ms - -[0m
2026-07-26 06:38:38 [INFO]: [0mGET /css/variables.css [36m304[0m 2.145 ms - -[0m
2026-07-26 06:38:38 [INFO]: [0mGET /css/header.css [36m304[0m 0.864 ms - -[0m
2026-07-26 06:38:38 [INFO]: [0mGET /css/hero.css [36m304[0m 0.711 ms - -[0m
2026-07-26 06:38:38 [INFO]: [0mGET /js/notification.js [36m304[0m 0.507 ms - -[0m
2026-07-26 06:38:38 [INFO]: [0mGET /images/featured/zz.webp [33m404[0m 1.411 ms - 87[0m
2026-07-26 06:38:38 [INFO]: [0mGET /css/featured.css [32m200[0m 3.441 ms - -[0m
2026-07-26 06:38:39 [INFO]: [0mGET / [36m304[0m 8.465 ms - -[0m
2026-07-26 06:38:39 [INFO]: [0mGET /css/style.css [36m304[0m 0.951 ms - -[0m
2026-07-26 06:38:39 [INFO]: [0mGET /images/logo/plantora.png [36m304[0m 1.423 ms - -[0m
2026-07-26 06:38:39 [INFO]: [0mGET /images/hero/hero-placeholder.png [36m304[0m 1.774 ms - -[0m
2026-07-26 06:38:39 [INFO]: [0mGET /images/featured/monstera.webp [33m404[0m 1.243 ms - 93[0m
2026-07-26 06:38:39 [INFO]: [0mGET /images/featured/snake.webp [33m404[0m 2.349 ms - 90[0m
2026-07-26 06:38:39 [INFO]: [0mGET /images/featured/peace-lily.webp [33m404[0m 3.870 ms - 95[0m
2026-07-26 06:38:39 [INFO]: [0mGET /js/header.js [36m304[0m 4.128 ms - -[0m
2026-07-26 06:38:39 [INFO]: [0mGET /js/featured.js [36m304[0m 0.850 ms - -[0m
2026-07-26 06:38:39 [INFO]: [0mGET /js/notification.js [36m304[0m 1.029 ms - -[0m
2026-07-26 06:38:39 [INFO]: [0mGET /css/variables.css [36m304[0m 1.192 ms - -[0m
2026-07-26 06:38:39 [INFO]: [0mGET /css/utilities.css [36m304[0m 1.332 ms - -[0m
2026-07-26 06:38:39 [INFO]: [0mGET /css/animations.css [36m304[0m 1.480 ms - -[0m
2026-07-26 06:38:39 [INFO]: [0mGET /css/announcement.css [36m304[0m 1.677 ms - -[0m
2026-07-26 06:38:39 [INFO]: [0mGET /css/header.css [36m304[0m 0.462 ms - -[0m
2026-07-26 06:38:39 [INFO]: [0mGET /css/hero.css [36m304[0m 0.628 ms - -[0m
2026-07-26 06:38:39 [INFO]: [0mGET /css/featured.css [36m304[0m 0.835 ms - -[0m
2026-07-26 06:38:39 [INFO]: [0mGET /images/featured/zz.webp [33m404[0m 1.059 ms - 87[0m
2026-07-26 06:38:55 [INFO]: [0mGET / [36m304[0m 7.555 ms - -[0m
2026-07-26 06:38:55 [INFO]: [0mGET /css/style.css [36m304[0m 0.761 ms - -[0m
2026-07-26 06:38:55 [INFO]: [0mGET /images/logo/plantora.png [36m304[0m 1.382 ms - -[0m
2026-07-26 06:38:55 [INFO]: [0mGET /images/hero/hero-placeholder.png [36m304[0m 0.523 ms - -[0m
2026-07-26 06:38:55 [INFO]: [0mGET /images/featured/monstera.webp [33m404[0m 1.728 ms - 93[0m
2026-07-26 06:38:55 [INFO]: [0mGET /images/featured/snake.webp [33m404[0m 2.819 ms - 90[0m
2026-07-26 06:38:55 [INFO]: [0mGET /images/featured/peace-lily.webp [33m404[0m 3.885 ms - 95[0m
2026-07-26 06:38:55 [INFO]: [0mGET /js/header.js [36m304[0m 4.479 ms - -[0m
2026-07-26 06:38:55 [INFO]: [0mGET /js/notification.js [36m304[0m 0.750 ms - -[0m
2026-07-26 06:38:55 [INFO]: [0mGET /js/featured.js [36m304[0m 1.556 ms - -[0m
2026-07-26 06:38:55 [INFO]: [0mGET /css/variables.css [36m304[0m 0.899 ms - -[0m
2026-07-26 06:38:55 [INFO]: [0mGET /css/utilities.css [36m304[0m 1.172 ms - -[0m
2026-07-26 06:38:55 [INFO]: [0mGET /css/animations.css [36m304[0m 1.552 ms - -[0m
2026-07-26 06:38:55 [INFO]: [0mGET /css/announcement.css [36m304[0m 1.720 ms - -[0m
2026-07-26 06:38:55 [INFO]: [0mGET /css/header.css [36m304[0m 1.278 ms - -[0m
2026-07-26 06:38:55 [INFO]: [0mGET /css/hero.css [36m304[0m 0.692 ms - -[0m
2026-07-26 06:38:55 [INFO]: [0mGET /images/featured/zz.webp [33m404[0m 1.012 ms - 87[0m
2026-07-26 06:38:55 [INFO]: [0mGET /css/featured.css [32m200[0m 2.536 ms - -[0m
2026-07-26 06:38:56 [INFO]: [0mGET / [36m304[0m 9.130 ms - -[0m
2026-07-26 06:38:56 [INFO]: [0mGET /css/style.css [36m304[0m 1.334 ms - -[0m
2026-07-26 06:38:56 [INFO]: [0mGET /images/logo/plantora.png [36m304[0m 1.429 ms - -[0m
2026-07-26 06:38:56 [INFO]: [0mGET /images/hero/hero-placeholder.png [36m304[0m 1.477 ms - -[0m
2026-07-26 06:38:56 [INFO]: [0mGET /images/featured/monstera.webp [33m404[0m 1.970 ms - 93[0m
2026-07-26 06:38:56 [INFO]: [0mGET /images/featured/snake.webp [33m404[0m 4.099 ms - 90[0m
2026-07-26 06:38:56 [INFO]: [0mGET /images/featured/peace-lily.webp [33m404[0m 3.276 ms - 95[0m
2026-07-26 06:38:56 [INFO]: [0mGET /js/header.js [36m304[0m 1.179 ms - -[0m
2026-07-26 06:38:56 [INFO]: [0mGET /js/featured.js [36m304[0m 1.541 ms - -[0m
2026-07-26 06:38:56 [INFO]: [0mGET /js/notification.js [36m304[0m 1.882 ms - -[0m
2026-07-26 06:38:56 [INFO]: [0mGET /css/variables.css [36m304[0m 3.107 ms - -[0m
2026-07-26 06:38:56 [INFO]: [0mGET /css/utilities.css [36m304[0m 1.348 ms - -[0m
2026-07-26 06:38:56 [INFO]: [0mGET /css/animations.css [36m304[0m 3.631 ms - -[0m
2026-07-26 06:38:56 [INFO]: [0mGET /css/announcement.css [36m304[0m 2.713 ms - -[0m
2026-07-26 06:38:56 [INFO]: [0mGET /css/header.css [36m304[0m 2.030 ms - -[0m
2026-07-26 06:38:56 [INFO]: [0mGET /css/hero.css [36m304[0m 2.961 ms - -[0m
2026-07-26 06:38:56 [INFO]: [0mGET /css/featured.css [36m304[0m 1.327 ms - -[0m
2026-07-26 06:38:56 [INFO]: [0mGET /images/featured/zz.webp [33m404[0m 2.486 ms - 87[0m
2026-07-26 06:38:56 [INFO]: [0mGET / [36m304[0m 7.775 ms - -[0m
2026-07-26 06:38:56 [INFO]: [0mGET /css/style.css [36m304[0m 0.971 ms - -[0m
2026-07-26 06:38:56 [INFO]: [0mGET /images/logo/plantora.png [36m304[0m 1.533 ms - -[0m
2026-07-26 06:38:56 [INFO]: [0mGET /images/hero/hero-placeholder.png [36m304[0m 1.948 ms - -[0m
2026-07-26 06:38:56 [INFO]: [0mGET /images/featured/monstera.webp [33m404[0m 2.690 ms - 93[0m
2026-07-26 06:38:56 [INFO]: [0mGET /images/featured/snake.webp [33m404[0m 3.606 ms - 90[0m
2026-07-26 06:38:56 [INFO]: [0mGET /images/featured/peace-lily.webp [33m404[0m 4.653 ms - 95[0m
2026-07-26 06:38:56 [INFO]: [0mGET /js/header.js [36m304[0m 4.795 ms - -[0m
2026-07-26 06:38:56 [INFO]: [0mGET /js/featured.js [36m304[0m 4.946 ms - -[0m
2026-07-26 06:38:56 [INFO]: [0mGET /js/notification.js [36m304[0m 5.099 ms - -[0m
2026-07-26 06:38:56 [INFO]: [0mGET /css/variables.css [36m304[0m 1.217 ms - -[0m
2026-07-26 06:38:56 [INFO]: [0mGET /css/utilities.css [36m304[0m 0.940 ms - -[0m
2026-07-26 06:38:56 [INFO]: [0mGET /css/animations.css [36m304[0m 1.049 ms - -[0m
2026-07-26 06:38:56 [INFO]: [0mGET /css/announcement.css [36m304[0m 1.199 ms - -[0m
2026-07-26 06:38:56 [INFO]: [0mGET /css/header.css [36m304[0m 1.311 ms - -[0m
2026-07-26 06:38:56 [INFO]: [0mGET /css/hero.css [36m304[0m 1.510 ms - -[0m
2026-07-26 06:38:56 [INFO]: [0mGET /css/featured.css [36m304[0m 0.249 ms - -[0m
2026-07-26 06:38:56 [INFO]: [0mGET /images/featured/zz.webp [33m404[0m 1.511 ms - 87[0m
2026-07-26 06:38:57 [INFO]: [0mGET / [36m304[0m 8.582 ms - -[0m
2026-07-26 06:38:57 [INFO]: [0mGET /css/style.css [36m304[0m 0.919 ms - -[0m
2026-07-26 06:38:57 [INFO]: [0mGET /images/logo/plantora.png [36m304[0m 1.086 ms - -[0m
2026-07-26 06:38:57 [INFO]: [0mGET /images/hero/hero-placeholder.png [36m304[0m 1.291 ms - -[0m
2026-07-26 06:38:57 [INFO]: [0mGET /images/featured/monstera.webp [33m404[0m 2.836 ms - 93[0m
2026-07-26 06:38:57 [INFO]: [0mGET /images/featured/snake.webp [33m404[0m 3.710 ms - 90[0m
2026-07-26 06:38:57 [INFO]: [0mGET /images/featured/peace-lily.webp [33m404[0m 4.492 ms - 95[0m
2026-07-26 06:38:57 [INFO]: [0mGET /js/header.js [36m304[0m 4.665 ms - -[0m
2026-07-26 06:38:57 [INFO]: [0mGET /js/featured.js [36m304[0m 4.701 ms - -[0m
2026-07-26 06:38:57 [INFO]: [0mGET /js/notification.js [36m304[0m 5.217 ms - -[0m
2026-07-26 06:38:57 [INFO]: [0mGET /css/variables.css [36m304[0m 1.013 ms - -[0m
2026-07-26 06:38:57 [INFO]: [0mGET /css/utilities.css [36m304[0m 1.110 ms - -[0m
2026-07-26 06:38:57 [INFO]: [0mGET /css/animations.css [36m304[0m 1.234 ms - -[0m
2026-07-26 06:38:57 [INFO]: [0mGET /css/announcement.css [36m304[0m 1.362 ms - -[0m
2026-07-26 06:38:57 [INFO]: [0mGET /css/header.css [36m304[0m 1.539 ms - -[0m
2026-07-26 06:38:57 [INFO]: [0mGET /css/hero.css [36m304[0m 1.493 ms - -[0m
2026-07-26 06:38:57 [INFO]: [0mGET /css/featured.css [36m304[0m 0.248 ms - -[0m
2026-07-26 06:38:57 [INFO]: [0mGET /images/featured/zz.webp [33m404[0m 1.107 ms - 87[0m
2026-07-26 06:41:03 [INFO]: [0mGET / [36m304[0m 8.821 ms - -[0m
2026-07-26 06:41:03 [INFO]: [0mGET /css/style.css [36m304[0m 0.690 ms - -[0m
2026-07-26 06:41:03 [INFO]: [0mGET /images/logo/plantora.png [36m304[0m 0.868 ms - -[0m
2026-07-26 06:41:03 [INFO]: [0mGET /images/hero/hero-placeholder.png [36m304[0m 1.097 ms - -[0m
2026-07-26 06:41:03 [INFO]: [0mGET /images/featured/monstera.webp [33m404[0m 0.914 ms - 93[0m
2026-07-26 06:41:03 [INFO]: [0mGET /images/featured/snake.webp [33m404[0m 1.485 ms - 90[0m
2026-07-26 06:41:03 [INFO]: [0mGET /images/featured/peace-lily.webp [33m404[0m 2.526 ms - 95[0m
2026-07-26 06:41:03 [INFO]: [0mGET /js/header.js [36m304[0m 0.496 ms - -[0m
2026-07-26 06:41:03 [INFO]: [0mGET /js/featured.js [36m304[0m 0.601 ms - -[0m
2026-07-26 06:41:03 [INFO]: [0mGET /js/notification.js [36m304[0m 0.753 ms - -[0m
2026-07-26 06:41:03 [INFO]: [0mGET /images/featured/zz.webp [33m404[0m 1.677 ms - 87[0m
2026-07-26 06:41:03 [INFO]: [0mGET /css/variables.css [36m304[0m 1.095 ms - -[0m
2026-07-26 06:41:03 [INFO]: [0mGET /css/utilities.css [36m304[0m 1.151 ms - -[0m
2026-07-26 06:41:03 [INFO]: [0mGET /css/animations.css [36m304[0m 0.198 ms - -[0m
2026-07-26 06:41:03 [INFO]: [0mGET /css/announcement.css [36m304[0m 0.335 ms - -[0m
2026-07-26 06:41:03 [INFO]: [0mGET /css/header.css [36m304[0m 0.915 ms - -[0m
2026-07-26 06:41:03 [INFO]: [0mGET /css/hero.css [36m304[0m 0.348 ms - -[0m
2026-07-26 06:41:03 [INFO]: [0mGET /css/featured.css [32m200[0m 1.118 ms - -[0m
2026-07-26 06:41:18 [INFO]: [0mGET / [36m304[0m 8.833 ms - -[0m
2026-07-26 06:41:18 [INFO]: [0mGET /css/style.css [36m304[0m 0.618 ms - -[0m
2026-07-26 06:41:18 [INFO]: [0mGET /images/logo/plantora.png [36m304[0m 0.765 ms - -[0m
2026-07-26 06:41:18 [INFO]: [0mGET /images/hero/hero-placeholder.png [36m304[0m 1.094 ms - -[0m
2026-07-26 06:41:18 [INFO]: [0mGET /images/featured/monstera.webp [33m404[0m 2.737 ms - 93[0m
2026-07-26 06:41:18 [INFO]: [0mGET /images/featured/snake.webp [33m404[0m 4.318 ms - 90[0m
2026-07-26 06:41:18 [INFO]: [0mGET /images/featured/peace-lily.webp [33m404[0m 5.307 ms - 95[0m
2026-07-26 06:41:18 [INFO]: [0mGET /js/header.js [36m304[0m 1.264 ms - -[0m
2026-07-26 06:41:18 [INFO]: [0mGET /css/variables.css [36m304[0m 0.490 ms - -[0m
2026-07-26 06:41:18 [INFO]: [0mGET /css/utilities.css [36m304[0m 0.663 ms - -[0m
2026-07-26 06:41:18 [INFO]: [0mGET /js/featured.js [36m304[0m 1.437 ms - -[0m
2026-07-26 06:41:18 [INFO]: [0mGET /js/notification.js [36m304[0m 1.896 ms - -[0m
2026-07-26 06:41:18 [INFO]: [0mGET /css/animations.css [36m304[0m 1.663 ms - -[0m
2026-07-26 06:41:18 [INFO]: [0mGET /css/announcement.css [36m304[0m 2.004 ms - -[0m
2026-07-26 06:41:18 [INFO]: [0mGET /css/header.css [36m304[0m 0.263 ms - -[0m
2026-07-26 06:41:18 [INFO]: [0mGET /css/hero.css [36m304[0m 0.432 ms - -[0m
2026-07-26 06:41:18 [INFO]: [0mGET /images/featured/zz.webp [33m404[0m 1.084 ms - 87[0m
2026-07-26 06:41:18 [INFO]: [0mGET /css/featured.css [32m200[0m 2.246 ms - -[0m
2026-07-26 06:42:19 [INFO]: [0mGET / [36m304[0m 9.765 ms - -[0m
2026-07-26 06:42:19 [INFO]: [0mGET /css/style.css [36m304[0m 0.738 ms - -[0m
2026-07-26 06:42:19 [INFO]: [0mGET /images/logo/plantora.png [36m304[0m 0.835 ms - -[0m
2026-07-26 06:42:19 [INFO]: [0mGET /images/hero/hero-placeholder.png [36m304[0m 1.033 ms - -[0m
2026-07-26 06:42:19 [INFO]: [0mGET /images/featured/monstera.webp [33m404[0m 2.279 ms - 93[0m
2026-07-26 06:42:19 [INFO]: [0mGET /images/featured/snake.webp [33m404[0m 3.619 ms - 90[0m
2026-07-26 06:42:19 [INFO]: [0mGET /images/featured/peace-lily.webp [33m404[0m 4.297 ms - 95[0m
2026-07-26 06:42:19 [INFO]: [0mGET /js/header.js [36m304[0m 0.363 ms - -[0m
2026-07-26 06:42:19 [INFO]: [0mGET /js/featured.js [36m304[0m 1.635 ms - -[0m
2026-07-26 06:42:19 [INFO]: [0mGET /css/variables.css [36m304[0m 2.134 ms - -[0m
2026-07-26 06:42:19 [INFO]: [0mGET /css/animations.css [36m304[0m 2.165 ms - -[0m
2026-07-26 06:42:19 [INFO]: [0mGET /css/announcement.css [36m304[0m 2.132 ms - -[0m
2026-07-26 06:42:19 [INFO]: [0mGET /css/utilities.css [36m304[0m 3.226 ms - -[0m
2026-07-26 06:42:19 [INFO]: [0mGET /css/header.css [36m304[0m 0.680 ms - -[0m
2026-07-26 06:42:19 [INFO]: [0mGET /css/hero.css [36m304[0m 1.032 ms - -[0m
2026-07-26 06:42:19 [INFO]: [0mGET /js/notification.js [36m304[0m 0.660 ms - -[0m
2026-07-26 06:42:19 [INFO]: [0mGET /images/featured/zz.webp [33m404[0m 1.643 ms - 87[0m
2026-07-26 06:42:19 [INFO]: [0mGET /css/featured.css [32m200[0m 3.682 ms - -[0m
2026-07-26 06:42:29 [INFO]: [0mGET /shop [33m404[0m 1.805 ms - 68[0m
2026-07-26 06:42:41 [INFO]: [0mGET / [36m304[0m 4.952 ms - -[0m
2026-07-26 06:42:41 [INFO]: [0mGET /css/style.css [36m304[0m 0.601 ms - -[0m
2026-07-26 06:42:41 [INFO]: [0mGET /images/logo/plantora.png [36m304[0m 0.847 ms - -[0m
2026-07-26 06:42:41 [INFO]: [0mGET /images/hero/hero-placeholder.png [36m304[0m 1.097 ms - -[0m
2026-07-26 06:42:41 [INFO]: [0mGET /images/featured/monstera.webp [33m404[0m 1.540 ms - 93[0m
2026-07-26 06:42:41 [INFO]: [0mGET /images/featured/snake.webp [33m404[0m 2.525 ms - 90[0m
2026-07-26 06:42:41 [INFO]: [0mGET /images/featured/peace-lily.webp [33m404[0m 3.478 ms - 95[0m
2026-07-26 06:42:41 [INFO]: [0mGET /js/header.js [36m304[0m 0.231 ms - -[0m
2026-07-26 06:42:41 [INFO]: [0mGET /images/featured/zz.webp [33m404[0m 1.260 ms - 87[0m
2026-07-26 06:42:41 [INFO]: [0mGET /css/variables.css [36m304[0m 1.416 ms - -[0m
2026-07-26 06:42:41 [INFO]: [0mGET /js/featured.js [36m304[0m 1.390 ms - -[0m
2026-07-26 06:42:41 [INFO]: [0mGET /css/utilities.css [36m304[0m 1.813 ms - -[0m
2026-07-26 06:42:41 [INFO]: [0mGET /js/notification.js [36m304[0m 1.988 ms - -[0m
2026-07-26 06:42:41 [INFO]: [0mGET /css/animations.css [36m304[0m 0.732 ms - -[0m
2026-07-26 06:42:41 [INFO]: [0mGET /css/announcement.css [36m304[0m 0.512 ms - -[0m
2026-07-26 06:42:41 [INFO]: [0mGET /css/header.css [36m304[0m 0.736 ms - -[0m
2026-07-26 06:42:41 [INFO]: [0mGET /css/hero.css [36m304[0m 1.100 ms - -[0m
2026-07-26 06:42:41 [INFO]: [0mGET /css/featured.css [32m200[0m 1.138 ms - -[0m
2026-07-26 06:42:53 [INFO]: [0mGET / [36m304[0m 4.701 ms - -[0m
2026-07-26 06:42:53 [INFO]: [0mGET /css/style.css [36m304[0m 0.599 ms - -[0m
2026-07-26 06:42:53 [INFO]: [0mGET /images/logo/plantora.png [36m304[0m 0.604 ms - -[0m
2026-07-26 06:42:53 [INFO]: [0mGET /images/hero/hero-placeholder.png [36m304[0m 0.704 ms - -[0m
2026-07-26 06:42:53 [INFO]: [0mGET /images/featured/monstera.webp [33m404[0m 2.579 ms - 93[0m
2026-07-26 06:42:53 [INFO]: [0mGET /js/header.js [36m304[0m 2.614 ms - -[0m
2026-07-26 06:42:53 [INFO]: [0mGET /images/featured/snake.webp [33m404[0m 3.629 ms - 90[0m
2026-07-26 06:42:53 [INFO]: [0mGET /images/featured/peace-lily.webp [33m404[0m 5.118 ms - 95[0m
2026-07-26 06:42:53 [INFO]: [0mGET /js/featured.js [36m304[0m 0.347 ms - -[0m
2026-07-26 06:42:53 [INFO]: [0mGET /js/notification.js [36m304[0m 0.861 ms - -[0m
2026-07-26 06:42:53 [INFO]: [0mGET /css/variables.css [36m304[0m 0.843 ms - -[0m
2026-07-26 06:42:53 [INFO]: [0mGET /css/utilities.css [36m304[0m 1.193 ms - -[0m
2026-07-26 06:42:53 [INFO]: [0mGET /css/animations.css [36m304[0m 1.366 ms - -[0m
2026-07-26 06:42:53 [INFO]: [0mGET /css/announcement.css [36m304[0m 1.717 ms - -[0m
2026-07-26 06:42:53 [INFO]: [0mGET /css/header.css [36m304[0m 0.824 ms - -[0m
2026-07-26 06:42:53 [INFO]: [0mGET /css/hero.css [36m304[0m 0.591 ms - -[0m
2026-07-26 06:42:53 [INFO]: [0mGET /images/featured/zz.webp [33m404[0m 1.692 ms - 87[0m
2026-07-26 06:42:53 [INFO]: [0mGET /css/featured.css [32m200[0m 2.991 ms - -[0m
2026-07-26 06:43:05 [INFO]: [0mGET / [36m304[0m 8.809 ms - -[0m
2026-07-26 06:43:05 [INFO]: [0mGET /css/style.css [36m304[0m 0.383 ms - -[0m
2026-07-26 06:43:05 [INFO]: [0mGET /images/logo/plantora.png [36m304[0m 0.258 ms - -[0m
2026-07-26 06:43:05 [INFO]: [0mGET /images/hero/hero-placeholder.png [36m304[0m 0.444 ms - -[0m
2026-07-26 06:43:05 [INFO]: [0mGET /images/featured/monstera.webp [33m404[0m 1.345 ms - 93[0m
2026-07-26 06:43:05 [INFO]: [0mGET /images/featured/snake.webp [33m404[0m 2.351 ms - 90[0m
2026-07-26 06:43:05 [INFO]: [0mGET /images/featured/peace-lily.webp [33m404[0m 3.472 ms - 95[0m
2026-07-26 06:43:05 [INFO]: [0mGET /js/header.js [36m304[0m 1.084 ms - -[0m
2026-07-26 06:43:05 [INFO]: [0mGET /js/featured.js [36m304[0m 1.258 ms - -[0m
2026-07-26 06:43:05 [INFO]: [0mGET /js/notification.js [36m304[0m 1.465 ms - -[0m
2026-07-26 06:43:05 [INFO]: [0mGET /images/featured/zz.webp [33m404[0m 2.446 ms - 87[0m
2026-07-26 06:43:05 [INFO]: [0mGET /css/variables.css [36m304[0m 2.743 ms - -[0m
2026-07-26 06:43:05 [INFO]: [0mGET /css/utilities.css [36m304[0m 0.657 ms - -[0m
2026-07-26 06:43:05 [INFO]: [0mGET /css/animations.css [36m304[0m 0.765 ms - -[0m
2026-07-26 06:43:05 [INFO]: [0mGET /css/announcement.css [36m304[0m 0.934 ms - -[0m
2026-07-26 06:43:05 [INFO]: [0mGET /css/header.css [36m304[0m 1.148 ms - -[0m
2026-07-26 06:43:05 [INFO]: [0mGET /css/hero.css [36m304[0m 1.297 ms - -[0m
2026-07-26 06:43:05 [INFO]: [0mGET /css/featured.css [32m200[0m 0.961 ms - -[0m
2026-07-26 06:43:24 [INFO]: [0mGET / [36m304[0m 5.305 ms - -[0m
2026-07-26 06:43:24 [INFO]: [0mGET /css/style.css [36m304[0m 0.698 ms - -[0m
2026-07-26 06:43:24 [INFO]: [0mGET /images/logo/plantora.png [36m304[0m 0.641 ms - -[0m
2026-07-26 06:43:24 [INFO]: [0mGET /images/hero/hero-placeholder.png [36m304[0m 0.758 ms - -[0m
2026-07-26 06:43:24 [INFO]: [0mGET /images/featured/monstera.webp [33m404[0m 2.106 ms - 93[0m
2026-07-26 06:43:24 [INFO]: [0mGET /images/featured/snake.webp [33m404[0m 2.866 ms - 90[0m
2026-07-26 06:43:24 [INFO]: [0mGET /images/featured/peace-lily.webp [33m404[0m 3.672 ms - 95[0m
2026-07-26 06:43:24 [INFO]: [0mGET /js/header.js [36m304[0m 0.585 ms - -[0m
2026-07-26 06:43:24 [INFO]: [0mGET /js/featured.js [36m304[0m 0.725 ms - -[0m
2026-07-26 06:43:24 [INFO]: [0mGET /js/notification.js [36m304[0m 1.290 ms - -[0m
2026-07-26 06:43:24 [INFO]: [0mGET /images/featured/zz.webp [33m404[0m 1.297 ms - 87[0m
2026-07-26 06:43:24 [INFO]: [0mGET /css/variables.css [36m304[0m 1.460 ms - -[0m
2026-07-26 06:43:24 [INFO]: [0mGET /css/utilities.css [36m304[0m 2.551 ms - -[0m
2026-07-26 06:43:24 [INFO]: [0mGET /css/animations.css [36m304[0m 0.673 ms - -[0m
2026-07-26 06:43:24 [INFO]: [0mGET /css/announcement.css [36m304[0m 1.011 ms - -[0m
2026-07-26 06:43:24 [INFO]: [0mGET /css/header.css [36m304[0m 0.651 ms - -[0m
2026-07-26 06:43:24 [INFO]: [0mGET /css/hero.css [36m304[0m 0.834 ms - -[0m
2026-07-26 06:43:24 [INFO]: [0mGET /css/featured.css [32m200[0m 1.955 ms - -[0m
2026-07-26 06:43:45 [INFO]: [0mGET / [36m304[0m 9.628 ms - -[0m
2026-07-26 06:43:45 [INFO]: [0mGET /css/style.css [36m304[0m 0.908 ms - -[0m
2026-07-26 06:43:45 [INFO]: [0mGET /images/logo/plantora.png [36m304[0m 0.772 ms - -[0m
2026-07-26 06:43:45 [INFO]: [0mGET /images/hero/hero-placeholder.png [36m304[0m 0.127 ms - -[0m
2026-07-26 06:43:45 [INFO]: [0mGET /images/featured/monstera.webp [33m404[0m 1.143 ms - 93[0m
2026-07-26 06:43:45 [INFO]: [0mGET /images/featured/snake.webp [33m404[0m 1.691 ms - 90[0m
2026-07-26 06:43:45 [INFO]: [0mGET /images/featured/peace-lily.webp [33m404[0m 0.696 ms - 95[0m
2026-07-26 06:43:45 [INFO]: [0mGET /js/header.js [36m304[0m 1.251 ms - -[0m
2026-07-26 06:43:45 [INFO]: [0mGET /images/featured/zz.webp [33m404[0m 1.151 ms - 87[0m
2026-07-26 06:43:45 [INFO]: [0mGET /js/featured.js [36m304[0m 1.290 ms - -[0m
2026-07-26 06:43:45 [INFO]: [0mGET /js/notification.js [36m304[0m 1.388 ms - -[0m
2026-07-26 06:43:45 [INFO]: [0mGET /css/variables.css [36m304[0m 0.142 ms - -[0m
2026-07-26 06:43:45 [INFO]: [0mGET /css/utilities.css [36m304[0m 0.368 ms - -[0m
2026-07-26 06:43:45 [INFO]: [0mGET /css/animations.css [36m304[0m 0.337 ms - -[0m
2026-07-26 06:43:45 [INFO]: [0mGET /css/announcement.css [36m304[0m 0.524 ms - -[0m
2026-07-26 06:43:45 [INFO]: [0mGET /css/header.css [36m304[0m 0.535 ms - -[0m
2026-07-26 06:43:45 [INFO]: [0mGET /css/hero.css [36m304[0m 0.418 ms - -[0m
2026-07-26 06:43:45 [INFO]: [0mGET /css/featured.css [32m200[0m 0.898 ms - -[0m
2026-07-26 06:43:55 [INFO]: [0mGET / [36m304[0m 9.478 ms - -[0m
2026-07-26 06:43:55 [INFO]: [0mGET /css/style.css [36m304[0m 0.629 ms - -[0m
2026-07-26 06:43:55 [INFO]: [0mGET /images/logo/plantora.png [36m304[0m 0.763 ms - -[0m
2026-07-26 06:43:55 [INFO]: [0mGET /images/hero/hero-placeholder.png [36m304[0m 1.000 ms - -[0m
2026-07-26 06:43:55 [INFO]: [0mGET /images/featured/monstera.webp [33m404[0m 1.279 ms - 93[0m
2026-07-26 06:43:55 [INFO]: [0mGET /images/featured/snake.webp [33m404[0m 1.996 ms - 90[0m
2026-07-26 06:43:55 [INFO]: [0mGET /images/featured/peace-lily.webp [33m404[0m 3.286 ms - 95[0m
2026-07-26 06:43:55 [INFO]: [0mGET /js/header.js [36m304[0m 0.632 ms - -[0m
2026-07-26 06:43:55 [INFO]: [0mGET /js/featured.js [36m304[0m 0.778 ms - -[0m
2026-07-26 06:43:55 [INFO]: [0mGET /images/featured/zz.webp [33m404[0m 1.772 ms - 87[0m
2026-07-26 06:43:55 [INFO]: [0mGET /js/notification.js [36m304[0m 1.983 ms - -[0m
2026-07-26 06:43:55 [INFO]: [0mGET /css/variables.css [36m304[0m 3.010 ms - -[0m
2026-07-26 06:43:55 [INFO]: [0mGET /css/utilities.css [36m304[0m 1.239 ms - -[0m
2026-07-26 06:43:55 [INFO]: [0mGET /css/animations.css [36m304[0m 0.588 ms - -[0m
2026-07-26 06:43:55 [INFO]: [0mGET /css/announcement.css [36m304[0m 0.781 ms - -[0m
2026-07-26 06:43:55 [INFO]: [0mGET /css/header.css [36m304[0m 1.055 ms - -[0m
2026-07-26 06:43:55 [INFO]: [0mGET /css/hero.css [36m304[0m 1.392 ms - -[0m
2026-07-26 06:43:55 [INFO]: [0mGET /css/featured.css [32m200[0m 0.740 ms - -[0m
2026-07-26 06:44:04 [INFO]: [0mGET / [36m304[0m 9.805 ms - -[0m
2026-07-26 06:44:04 [INFO]: [0mGET /css/style.css [36m304[0m 0.877 ms - -[0m
2026-07-26 06:44:04 [INFO]: [0mGET /images/logo/plantora.png [36m304[0m 0.974 ms - -[0m
2026-07-26 06:44:04 [INFO]: [0mGET /images/hero/hero-placeholder.png [36m304[0m 0.621 ms - -[0m
2026-07-26 06:44:04 [INFO]: [0mGET /images/featured/monstera.webp [33m404[0m 1.850 ms - 93[0m
2026-07-26 06:44:04 [INFO]: [0mGET /images/featured/snake.webp [33m404[0m 3.064 ms - 90[0m
2026-07-26 06:44:04 [INFO]: [0mGET /images/featured/peace-lily.webp [33m404[0m 4.662 ms - 95[0m
2026-07-26 06:44:04 [INFO]: [0mGET /images/featured/zz.webp [33m404[0m 1.212 ms - 87[0m
2026-07-26 06:44:04 [INFO]: [0mGET /css/variables.css [36m304[0m 1.381 ms - -[0m
2026-07-26 06:44:04 [INFO]: [0mGET /js/header.js [36m304[0m 1.475 ms - -[0m
2026-07-26 06:44:04 [INFO]: [0mGET /js/featured.js [36m304[0m 1.586 ms - -[0m
2026-07-26 06:44:04 [INFO]: [0mGET /js/notification.js [36m304[0m 2.023 ms - -[0m
2026-07-26 06:44:04 [INFO]: [0mGET /css/utilities.css [36m304[0m 0.501 ms - -[0m
2026-07-26 06:44:04 [INFO]: [0mGET /css/animations.css [36m304[0m 0.768 ms - -[0m
2026-07-26 06:44:04 [INFO]: [0mGET /css/announcement.css [36m304[0m 0.885 ms - -[0m
2026-07-26 06:44:04 [INFO]: [0mGET /css/header.css [36m304[0m 1.093 ms - -[0m
2026-07-26 06:44:04 [INFO]: [0mGET /css/hero.css [36m304[0m 1.242 ms - -[0m
2026-07-26 06:44:04 [INFO]: [0mGET /css/featured.css [32m200[0m 0.649 ms - -[0m
2026-07-26 06:44:28 [INFO]: [0mGET / [36m304[0m 5.645 ms - -[0m
2026-07-26 06:44:28 [INFO]: [0mGET /css/style.css [36m304[0m 1.286 ms - -[0m
2026-07-26 06:44:28 [INFO]: [0mGET /images/logo/plantora.png [36m304[0m 1.243 ms - -[0m
2026-07-26 06:44:28 [INFO]: [0mGET /images/hero/hero-placeholder.png [36m304[0m 1.298 ms - -[0m
2026-07-26 06:44:28 [INFO]: [0mGET /images/featured/monstera.webp [33m404[0m 2.571 ms - 93[0m
2026-07-26 06:44:28 [INFO]: [0mGET /images/featured/snake.webp [33m404[0m 4.047 ms - 90[0m
2026-07-26 06:44:28 [INFO]: [0mGET /images/featured/peace-lily.webp [33m404[0m 4.997 ms - 95[0m
2026-07-26 06:44:28 [INFO]: [0mGET /js/header.js [36m304[0m 0.377 ms - -[0m
2026-07-26 06:44:28 [INFO]: [0mGET /js/featured.js [36m304[0m 0.442 ms - -[0m
2026-07-26 06:44:28 [INFO]: [0mGET /js/notification.js [36m304[0m 0.540 ms - -[0m
2026-07-26 06:44:28 [INFO]: [0mGET /css/variables.css [36m304[0m 0.764 ms - -[0m
2026-07-26 06:44:28 [INFO]: [0mGET /css/utilities.css [36m304[0m 1.192 ms - -[0m
2026-07-26 06:44:28 [INFO]: [0mGET /css/animations.css [36m304[0m 1.500 ms - -[0m
2026-07-26 06:44:28 [INFO]: [0mGET /css/announcement.css [36m304[0m 0.581 ms - -[0m
2026-07-26 06:44:28 [INFO]: [0mGET /css/header.css [36m304[0m 0.662 ms - -[0m
2026-07-26 06:44:28 [INFO]: [0mGET /css/hero.css [36m304[0m 0.800 ms - -[0m
2026-07-26 06:44:28 [INFO]: [0mGET /images/featured/zz.webp [33m404[0m 1.659 ms - 87[0m
2026-07-26 06:44:28 [INFO]: [0mGET /css/featured.css [32m200[0m 2.278 ms - -[0m
2026-07-26 06:44:43 [INFO]: [0mGET / [36m304[0m 7.756 ms - -[0m
2026-07-26 06:44:43 [INFO]: [0mGET /css/style.css [36m304[0m 0.936 ms - -[0m
2026-07-26 06:44:43 [INFO]: [0mGET /images/logo/plantora.png [36m304[0m 1.024 ms - -[0m
2026-07-26 06:44:43 [INFO]: [0mGET /images/hero/hero-placeholder.png [36m304[0m 0.350 ms - -[0m
2026-07-26 06:44:43 [INFO]: [0mGET /images/featured/monstera.webp [33m404[0m 1.504 ms - 93[0m
2026-07-26 06:44:43 [INFO]: [0mGET /images/featured/snake.webp [33m404[0m 2.307 ms - 90[0m
2026-07-26 06:44:43 [INFO]: [0mGET /images/featured/peace-lily.webp [33m404[0m 3.512 ms - 95[0m
2026-07-26 06:44:43 [INFO]: [0mGET /js/header.js [36m304[0m 1.867 ms - -[0m
2026-07-26 06:44:43 [INFO]: [0mGET /js/featured.js [36m304[0m 0.824 ms - -[0m
2026-07-26 06:44:43 [INFO]: [0mGET /css/variables.css [36m304[0m 0.776 ms - -[0m
2026-07-26 06:44:43 [INFO]: [0mGET /js/notification.js [36m304[0m 0.855 ms - -[0m
2026-07-26 06:44:43 [INFO]: [0mGET /css/utilities.css [36m304[0m 1.389 ms - -[0m
2026-07-26 06:44:43 [INFO]: [0mGET /css/animations.css [36m304[0m 0.380 ms - -[0m
2026-07-26 06:44:43 [INFO]: [0mGET /css/announcement.css [36m304[0m 0.398 ms - -[0m
2026-07-26 06:44:43 [INFO]: [0mGET /css/header.css [36m304[0m 0.497 ms - -[0m
2026-07-26 06:44:43 [INFO]: [0mGET /css/hero.css [36m304[0m 0.598 ms - -[0m
2026-07-26 06:44:43 [INFO]: [0mGET /images/featured/zz.webp [33m404[0m 0.797 ms - 87[0m
2026-07-26 06:44:43 [INFO]: [0mGET /css/featured.css [32m200[0m 1.916 ms - -[0m
2026-07-26 06:44:50 [INFO]: [0mGET / [36m304[0m 8.955 ms - -[0m
2026-07-26 06:44:50 [INFO]: [0mGET /css/style.css [36m304[0m 0.543 ms - -[0m
2026-07-26 06:44:50 [INFO]: [0mGET /images/logo/plantora.png [36m304[0m 0.729 ms - -[0m
2026-07-26 06:44:50 [INFO]: [0mGET /images/hero/hero-placeholder.png [36m304[0m 0.678 ms - -[0m
2026-07-26 06:44:50 [INFO]: [0mGET /images/featured/monstera.webp [33m404[0m 1.962 ms - 93[0m
2026-07-26 06:44:50 [INFO]: [0mGET /images/featured/snake.webp [33m404[0m 2.907 ms - 90[0m
2026-07-26 06:44:50 [INFO]: [0mGET /js/featured.js [36m304[0m 0.805 ms - -[0m
2026-07-26 06:44:50 [INFO]: [0mGET /images/featured/peace-lily.webp [33m404[0m 1.677 ms - 95[0m
2026-07-26 06:44:50 [INFO]: [0mGET /js/header.js [36m304[0m 1.795 ms - -[0m
2026-07-26 06:44:50 [INFO]: [0mGET /images/featured/zz.webp [33m404[0m 0.713 ms - 87[0m
2026-07-26 06:44:50 [INFO]: [0mGET /css/variables.css [36m304[0m 0.871 ms - -[0m
2026-07-26 06:44:50 [INFO]: [0mGET /js/notification.js [36m304[0m 1.331 ms - -[0m
2026-07-26 06:44:50 [INFO]: [0mGET /css/utilities.css [36m304[0m 0.576 ms - -[0m
2026-07-26 06:44:50 [INFO]: [0mGET /css/animations.css [36m304[0m 0.541 ms - -[0m
2026-07-26 06:44:50 [INFO]: [0mGET /css/announcement.css [36m304[0m 0.374 ms - -[0m
2026-07-26 06:44:50 [INFO]: [0mGET /css/header.css [36m304[0m 0.429 ms - -[0m
2026-07-26 06:44:50 [INFO]: [0mGET /css/hero.css [36m304[0m 0.857 ms - -[0m
2026-07-26 06:44:50 [INFO]: [0mGET /css/featured.css [32m200[0m 0.862 ms - -[0m
2026-07-26 06:44:58 [INFO]: [0mGET / [36m304[0m 9.100 ms - -[0m
2026-07-26 06:44:58 [INFO]: [0mGET /css/style.css [36m304[0m 0.393 ms - -[0m
2026-07-26 06:44:58 [INFO]: [0mGET /images/logo/plantora.png [36m304[0m 0.249 ms - -[0m
2026-07-26 06:44:58 [INFO]: [0mGET /images/hero/hero-placeholder.png [36m304[0m 0.336 ms - -[0m
2026-07-26 06:44:58 [INFO]: [0mGET /images/featured/monstera.webp [33m404[0m 1.047 ms - 93[0m
2026-07-26 06:44:58 [INFO]: [0mGET /images/featured/snake.webp [33m404[0m 1.670 ms - 90[0m
2026-07-26 06:44:58 [INFO]: [0mGET /images/featured/peace-lily.webp [33m404[0m 2.171 ms - 95[0m
2026-07-26 06:44:58 [INFO]: [0mGET /js/header.js [36m304[0m 0.236 ms - -[0m
2026-07-26 06:44:58 [INFO]: [0mGET /js/featured.js [36m304[0m 0.281 ms - -[0m
2026-07-26 06:44:58 [INFO]: [0mGET /js/notification.js [36m304[0m 0.361 ms - -[0m
2026-07-26 06:44:58 [INFO]: [0mGET /images/featured/zz.webp [33m404[0m 1.215 ms - 87[0m
2026-07-26 06:44:58 [INFO]: [0mGET /css/variables.css [36m304[0m 1.440 ms - -[0m
2026-07-26 06:44:58 [INFO]: [0mGET /css/utilities.css [36m304[0m 1.624 ms - -[0m
2026-07-26 06:44:58 [INFO]: [0mGET /css/animations.css [36m304[0m 1.588 ms - -[0m
2026-07-26 06:44:58 [INFO]: [0mGET /css/announcement.css [36m304[0m 1.404 ms - -[0m
2026-07-26 06:44:58 [INFO]: [0mGET /css/header.css [36m304[0m 1.322 ms - -[0m
2026-07-26 06:44:58 [INFO]: [0mGET /css/hero.css [36m304[0m 1.229 ms - -[0m
2026-07-26 06:44:58 [INFO]: [0mGET /css/featured.css [32m200[0m 0.306 ms - -[0m
2026-07-26 06:45:06 [INFO]: [0mGET / [36m304[0m 3.942 ms - -[0m
2026-07-26 06:45:06 [INFO]: [0mGET /css/style.css [36m304[0m 0.745 ms - -[0m
2026-07-26 06:45:06 [INFO]: [0mGET /images/logo/plantora.png [36m304[0m 1.326 ms - -[0m
2026-07-26 06:45:06 [INFO]: [0mGET /images/hero/hero-placeholder.png [36m304[0m 1.490 ms - -[0m
2026-07-26 06:45:06 [INFO]: [0mGET /images/featured/monstera.webp [33m404[0m 1.134 ms - 93[0m
2026-07-26 06:45:06 [INFO]: [0mGET /images/featured/snake.webp [33m404[0m 2.460 ms - 90[0m
2026-07-26 06:45:06 [INFO]: [0mGET /images/featured/peace-lily.webp [33m404[0m 3.560 ms - 95[0m
2026-07-26 06:45:06 [INFO]: [0mGET /images/featured/zz.webp [33m404[0m 1.205 ms - 87[0m
2026-07-26 06:45:06 [INFO]: [0mGET /js/header.js [36m304[0m 1.348 ms - -[0m
2026-07-26 06:45:06 [INFO]: [0mGET /js/featured.js [36m304[0m 1.633 ms - -[0m
2026-07-26 06:45:06 [INFO]: [0mGET /js/notification.js [36m304[0m 1.798 ms - -[0m
2026-07-26 06:45:06 [INFO]: [0mGET /css/variables.css [36m304[0m 2.248 ms - -[0m
2026-07-26 06:45:06 [INFO]: [0mGET /css/utilities.css [36m304[0m 0.405 ms - -[0m
2026-07-26 06:45:06 [INFO]: [0mGET /css/animations.css [36m304[0m 0.257 ms - -[0m
2026-07-26 06:45:06 [INFO]: [0mGET /css/announcement.css [36m304[0m 0.338 ms - -[0m
2026-07-26 06:45:06 [INFO]: [0mGET /css/header.css [36m304[0m 0.869 ms - -[0m
2026-07-26 06:45:06 [INFO]: [0mGET /css/hero.css [36m304[0m 0.785 ms - -[0m
2026-07-26 06:45:06 [INFO]: [0mGET /css/featured.css [32m200[0m 0.535 ms - -[0m
2026-07-26 06:45:42 [INFO]: [0mGET / [36m304[0m 5.576 ms - -[0m
2026-07-26 06:45:42 [INFO]: [0mGET /css/style.css [36m304[0m 0.745 ms - -[0m
2026-07-26 06:45:42 [INFO]: [0mGET /images/logo/plantora.png [36m304[0m 0.755 ms - -[0m
2026-07-26 06:45:42 [INFO]: [0mGET /images/hero/hero-placeholder.png [36m304[0m 0.908 ms - -[0m
2026-07-26 06:45:42 [INFO]: [0mGET /images/featured/monstera.webp [33m404[0m 1.389 ms - 93[0m
2026-07-26 06:45:42 [INFO]: [0mGET /images/featured/snake.webp [33m404[0m 2.180 ms - 90[0m
2026-07-26 06:45:42 [INFO]: [0mGET /images/featured/peace-lily.webp [33m404[0m 3.463 ms - 95[0m
2026-07-26 06:45:42 [INFO]: [0mGET /js/header.js [36m304[0m 1.307 ms - -[0m
2026-07-26 06:45:42 [INFO]: [0mGET /images/featured/zz.webp [33m404[0m 1.138 ms - 87[0m
2026-07-26 06:45:42 [INFO]: [0mGET /js/featured.js [36m304[0m 1.291 ms - -[0m
2026-07-26 06:45:42 [INFO]: [0mGET /js/notification.js [36m304[0m 1.476 ms - -[0m
2026-07-26 06:45:42 [INFO]: [0mGET /css/variables.css [36m304[0m 2.311 ms - -[0m
2026-07-26 06:45:42 [INFO]: [0mGET /css/utilities.css [36m304[0m 2.505 ms - -[0m
2026-07-26 06:45:42 [INFO]: [0mGET /css/animations.css [36m304[0m 1.145 ms - -[0m
2026-07-26 06:45:42 [INFO]: [0mGET /css/announcement.css [36m304[0m 0.423 ms - -[0m
2026-07-26 06:45:42 [INFO]: [0mGET /css/header.css [36m304[0m 0.618 ms - -[0m
2026-07-26 06:45:42 [INFO]: [0mGET /css/hero.css [36m304[0m 0.757 ms - -[0m
2026-07-26 06:45:42 [INFO]: [0mGET /css/featured.css [32m200[0m 1.159 ms - -[0m
2026-07-26 06:45:57 [INFO]: [0mGET / [36m304[0m 9.699 ms - -[0m
2026-07-26 06:45:57 [INFO]: [0mGET /css/style.css [36m304[0m 1.348 ms - -[0m
2026-07-26 06:45:57 [INFO]: [0mGET /images/logo/plantora.png [36m304[0m 1.563 ms - -[0m
2026-07-26 06:45:57 [INFO]: [0mGET /images/hero/hero-placeholder.png [36m304[0m 2.074 ms - -[0m
2026-07-26 06:45:57 [INFO]: [0mGET /images/featured/snake.webp [33m404[0m 1.618 ms - 90[0m
2026-07-26 06:45:57 [INFO]: [0mGET /images/featured/monstera.webp [33m404[0m 3.432 ms - 93[0m
2026-07-26 06:45:57 [INFO]: [0mGET /js/header.js [36m304[0m 2.435 ms - -[0m
2026-07-26 06:45:57 [INFO]: [0mGET /images/featured/peace-lily.webp [33m404[0m 3.041 ms - 95[0m
2026-07-26 06:45:57 [INFO]: [0mGET /js/featured.js [36m304[0m 3.248 ms - -[0m
2026-07-26 06:45:57 [INFO]: [0mGET /js/notification.js [36m304[0m 0.359 ms - -[0m
2026-07-26 06:45:57 [INFO]: [0mGET /images/featured/zz.webp [33m404[0m 2.009 ms - 87[0m
2026-07-26 06:45:57 [INFO]: [0mGET /css/variables.css [36m304[0m 2.177 ms - -[0m
2026-07-26 06:45:57 [INFO]: [0mGET /css/utilities.css [36m304[0m 2.199 ms - -[0m
2026-07-26 06:45:57 [INFO]: [0mGET /css/animations.css [36m304[0m 2.376 ms - -[0m
2026-07-26 06:45:57 [INFO]: [0mGET /css/announcement.css [36m304[0m 2.279 ms - -[0m
2026-07-26 06:45:57 [INFO]: [0mGET /css/header.css [36m304[0m 0.575 ms - -[0m
2026-07-26 06:45:57 [INFO]: [0mGET /css/hero.css [36m304[0m 0.495 ms - -[0m
2026-07-26 06:45:57 [INFO]: [0mGET /css/featured.css [32m200[0m 0.945 ms - -[0m
2026-07-26 06:46:02 [INFO]: [0mGET /css/style.css [36m304[0m 0.450 ms - -[0m
2026-07-26 06:46:02 [INFO]: [0mGET /css/variables.css [36m304[0m 0.807 ms - -[0m
2026-07-26 06:46:02 [INFO]: [0mGET /css/utilities.css [36m304[0m 1.040 ms - -[0m
2026-07-26 06:46:02 [INFO]: [0mGET /css/animations.css [36m304[0m 1.266 ms - -[0m
2026-07-26 06:46:02 [INFO]: [0mGET /css/announcement.css [36m304[0m 1.418 ms - -[0m
2026-07-26 06:46:02 [INFO]: [0mGET /css/header.css [36m304[0m 0.393 ms - -[0m
2026-07-26 06:46:02 [INFO]: [0mGET /css/hero.css [36m304[0m 0.400 ms - -[0m
2026-07-26 06:46:02 [INFO]: [0mGET /css/featured.css [36m304[0m 0.545 ms - -[0m
2026-07-26 06:46:02 [INFO]: [0mGET /.well-known/appspecific/com.chrome.devtools.json [33m404[0m 1.545 ms - 112[0m
2026-07-26 06:50:09 [INFO]: [0mGET / [36m304[0m 3.191 ms - -[0m
2026-07-26 06:50:09 [INFO]: [0mGET /css/style.css [36m304[0m 0.339 ms - -[0m
2026-07-26 06:50:09 [INFO]: [0mGET /images/logo/plantora.png [36m304[0m 0.247 ms - -[0m
2026-07-26 06:50:09 [INFO]: [0mGET /images/hero/hero-placeholder.png [36m304[0m 0.485 ms - -[0m
2026-07-26 06:50:09 [INFO]: [0mGET /images/featured/monstera.webp [33m404[0m 1.613 ms - 93[0m
2026-07-26 06:50:09 [INFO]: [0mGET /images/featured/snake.webp [33m404[0m 2.425 ms - 90[0m
2026-07-26 06:50:09 [INFO]: [0mGET /images/featured/peace-lily.webp [33m404[0m 1.197 ms - 95[0m
2026-07-26 06:50:09 [INFO]: [0mGET /js/header.js [36m304[0m 1.439 ms - -[0m
2026-07-26 06:50:09 [INFO]: [0mGET /js/featured.js [36m304[0m 0.527 ms - -[0m
2026-07-26 06:50:09 [INFO]: [0mGET /js/notification.js [36m304[0m 0.798 ms - -[0m
2026-07-26 06:50:09 [INFO]: [0mGET /css/variables.css [36m304[0m 0.775 ms - -[0m
2026-07-26 06:50:09 [INFO]: [0mGET /css/utilities.css [36m304[0m 0.891 ms - -[0m
2026-07-26 06:50:09 [INFO]: [0mGET /css/animations.css [36m304[0m 0.414 ms - -[0m
2026-07-26 06:50:09 [INFO]: [0mGET /css/announcement.css [36m304[0m 0.386 ms - -[0m
2026-07-26 06:50:09 [INFO]: [0mGET /css/header.css [36m304[0m 0.554 ms - -[0m
2026-07-26 06:50:09 [INFO]: [0mGET /css/hero.css [36m304[0m 1.101 ms - -[0m
2026-07-26 06:50:09 [INFO]: [0mGET /images/featured/zz.webp [33m404[0m 1.292 ms - 87[0m
2026-07-26 06:50:09 [INFO]: [0mGET /css/featured.css [32m200[0m 1.532 ms - -[0m
2026-07-26 06:53:08 [INFO]: [0mGET /shop [33m404[0m 5.568 ms - 68[0m
2026-07-26 07:01:55 [INFO]: [0mGET / [32m200[0m 9.492 ms - -[0m
2026-07-26 07:01:55 [INFO]: [0mGET /css/style.css [36m304[0m 1.142 ms - -[0m
2026-07-26 07:01:55 [INFO]: [0mGET /images/logo/plantora.png [36m304[0m 1.143 ms - -[0m
2026-07-26 07:01:55 [INFO]: [0mGET /images/hero/hero-placeholder.png [36m304[0m 1.146 ms - -[0m
2026-07-26 07:01:55 [INFO]: [0mGET /images/featured/monstera.webp [33m404[0m 1.454 ms - 93[0m
2026-07-26 07:01:55 [INFO]: [0mGET /images/featured/peace-lily.webp [33m404[0m 2.818 ms - 95[0m
2026-07-26 07:01:55 [INFO]: [0mGET /js/header.js [36m304[0m 0.888 ms - -[0m
2026-07-26 07:01:55 [INFO]: [0mGET /js/featured.js [36m304[0m 0.989 ms - -[0m
2026-07-26 07:01:55 [INFO]: [0mGET /js/notification.js [36m304[0m 1.673 ms - -[0m
2026-07-26 07:01:55 [INFO]: [0mGET /css/variables.css [36m304[0m 1.091 ms - -[0m
2026-07-26 07:01:55 [INFO]: [0mGET /css/utilities.css [36m304[0m 1.528 ms - -[0m
2026-07-26 07:01:55 [INFO]: [0mGET /css/animations.css [36m304[0m 0.674 ms - -[0m
2026-07-26 07:01:55 [INFO]: [0mGET /css/announcement.css [36m304[0m 1.637 ms - -[0m
2026-07-26 07:01:55 [INFO]: [0mGET /css/header.css [36m304[0m 1.174 ms - -[0m
2026-07-26 07:01:55 [INFO]: [0mGET /css/hero.css [36m304[0m 1.304 ms - -[0m
2026-07-26 07:01:55 [INFO]: [0mGET /css/featured.css [36m304[0m 0.293 ms - -[0m
2026-07-26 07:01:55 [INFO]: [0mGET /images/featured/zz.webp [33m404[0m 1.424 ms - 87[0m
2026-07-26 07:01:55 [INFO]: [0mGET /images/hero/tulip-plant.jpg [32m200[0m 1.687 ms - 756312[0m
2026-07-26 07:01:55 [INFO]: [0mGET /images/hero/snake-plant.jpg [32m200[0m 4.174 ms - 1391374[0m
2026-07-26 07:03:58 [INFO]: [0mGET / [32m200[0m 11.063 ms - -[0m
2026-07-26 07:03:58 [INFO]: [0mGET /css/style.css [36m304[0m 0.669 ms - -[0m
2026-07-26 07:03:58 [INFO]: [0mGET /images/logo/plantora.png [36m304[0m 0.796 ms - -[0m
2026-07-26 07:03:58 [INFO]: [0mGET /images/hero/hero-placeholder.png [36m304[0m 1.225 ms - -[0m
2026-07-26 07:03:58 [INFO]: [0mGET /images/featured/monstera.webp [33m404[0m 1.188 ms - 93[0m
2026-07-26 07:03:58 [INFO]: [0mGET /images/hero/snake-plant.jpg [36m304[0m 1.367 ms - -[0m
2026-07-26 07:03:58 [INFO]: [0mGET /js/header.js [36m304[0m 0.426 ms - -[0m
2026-07-26 07:03:58 [INFO]: [0mGET /js/featured.js [36m304[0m 0.665 ms - -[0m
2026-07-26 07:03:58 [INFO]: [0mGET /js/notification.js [36m304[0m 0.903 ms - -[0m
2026-07-26 07:03:58 [INFO]: [0mGET /images/hero/tulip-plant.jpg [36m304[0m 1.111 ms - -[0m
2026-07-26 07:03:58 [INFO]: [0mGET /images/featured/zz.webp [33m404[0m 1.448 ms - 87[0m
2026-07-26 07:03:58 [INFO]: [0mGET /css/variables.css [36m304[0m 0.482 ms - -[0m
2026-07-26 07:03:58 [INFO]: [0mGET /css/utilities.css [36m304[0m 0.603 ms - -[0m
2026-07-26 07:03:58 [INFO]: [0mGET /css/animations.css [36m304[0m 0.761 ms - -[0m
2026-07-26 07:03:58 [INFO]: [0mGET /css/announcement.css [36m304[0m 1.174 ms - -[0m
2026-07-26 07:03:58 [INFO]: [0mGET /css/header.css [36m304[0m 0.765 ms - -[0m
2026-07-26 07:03:58 [INFO]: [0mGET /css/hero.css [36m304[0m 0.547 ms - -[0m
2026-07-26 07:03:58 [INFO]: [0mGET /css/featured.css [36m304[0m 0.683 ms - -[0m
2026-07-26 07:03:58 [INFO]: [0mGET /images/hero/peace-lily.jpg [32m200[0m 3.791 ms - 1529509[0m
2026-07-26 07:12:15 [INFO]: [0mGET / [32m200[0m 6.895 ms - -[0m
2026-07-26 07:12:15 [INFO]: [0mGET /css/style.css [36m304[0m 0.662 ms - -[0m
2026-07-26 07:12:15 [INFO]: [0mGET /images/logo/plantora.png [36m304[0m 0.615 ms - -[0m
2026-07-26 07:12:15 [INFO]: [0mGET /images/hero/hero-placeholder.png [36m304[0m 0.799 ms - -[0m
2026-07-26 07:12:15 [INFO]: [0mGET /images/featured/monstera.webp [33m404[0m 2.292 ms - 93[0m
2026-07-26 07:12:15 [INFO]: [0mGET /images/hero/snake-plant.jpg [36m304[0m 2.660 ms - -[0m
2026-07-26 07:12:15 [INFO]: [0mGET /images/hero/peace-lily.jpg [36m304[0m 2.898 ms - -[0m
2026-07-26 07:12:15 [INFO]: [0mGET /js/header.js [36m304[0m 0.515 ms - -[0m
2026-07-26 07:12:15 [INFO]: [0mGET /js/featured.js [36m304[0m 0.564 ms - -[0m
2026-07-26 07:12:15 [INFO]: [0mGET /css/utilities.css [36m304[0m 0.207 ms - -[0m
2026-07-26 07:12:15 [INFO]: [0mGET /css/animations.css [36m304[0m 0.297 ms - -[0m
2026-07-26 07:12:15 [INFO]: [0mGET /css/announcement.css [36m304[0m 0.429 ms - -[0m
2026-07-26 07:12:15 [INFO]: [0mGET /css/variables.css [36m304[0m 0.672 ms - -[0m
2026-07-26 07:12:15 [INFO]: [0mGET /css/header.css [36m304[0m 0.280 ms - -[0m
2026-07-26 07:12:15 [INFO]: [0mGET /css/hero.css [36m304[0m 0.597 ms - -[0m
2026-07-26 07:12:15 [INFO]: [0mGET /css/featured.css [36m304[0m 0.483 ms - -[0m
2026-07-26 07:12:15 [INFO]: [0mGET /js/notification.js [36m304[0m 0.160 ms - -[0m
2026-07-26 07:12:15 [INFO]: [0mGET /images/hero/tulip-plant.jpg [36m304[0m 0.180 ms - -[0m
2026-07-26 07:12:15 [INFO]: [0mGET /images/hero/jade-plant.jpg [32m200[0m 0.925 ms - 967267[0m
2026-07-26 07:12:15 [INFO]: [0mGET /images/hero/areca-palm.jpg [32m200[0m 0.942 ms - 1631108[0m
2026-07-26 07:12:15 [INFO]: [0mGET /images/hero/golden-pothos.jpg [32m200[0m 1.464 ms - 2954845[0m
2026-07-26 07:12:15 [INFO]: [0mGET /images/hero/fiddle-leaf-fig.jpg [32m200[0m 1.248 ms - 1956023[0m
2026-07-26 07:12:15 [INFO]: [0mGET /images/hero/aloe-vera.jpg [32m200[0m 1.504 ms - 3768748[0m
2026-07-26 07:12:15 [INFO]: [0mGET /images/hero/rubber-plant.jpg [32m200[0m 0.870 ms - 4330813[0m
2026-07-26 07:14:15 [INFO]: [0mGET / [32m200[0m 5.489 ms - -[0m
2026-07-26 07:14:15 [INFO]: [0mGET /css/style.css [36m304[0m 0.675 ms - -[0m
2026-07-26 07:14:15 [INFO]: [0mGET /images/logo/plantora.png [36m304[0m 0.718 ms - -[0m
2026-07-26 07:14:15 [INFO]: [0mGET /images/hero/hero-placeholder.png [36m304[0m 1.158 ms - -[0m
2026-07-26 07:14:15 [INFO]: [0mGET /images/hero/snake-plant.jpg [36m304[0m 0.220 ms - -[0m
2026-07-26 07:14:15 [INFO]: [0mGET /images/hero/peace-lily.jpg [36m304[0m 0.550 ms - -[0m
2026-07-26 07:14:15 [INFO]: [0mGET /js/header.js [36m304[0m 0.346 ms - -[0m
2026-07-26 07:14:15 [INFO]: [0mGET /js/featured.js [36m304[0m 0.504 ms - -[0m
2026-07-26 07:14:15 [INFO]: [0mGET /css/variables.css [36m304[0m 0.348 ms - -[0m
2026-07-26 07:14:15 [INFO]: [0mGET /css/utilities.css [36m304[0m 0.485 ms - -[0m
2026-07-26 07:14:15 [INFO]: [0mGET /css/animations.css [36m304[0m 0.998 ms - -[0m
2026-07-26 07:14:15 [INFO]: [0mGET /css/announcement.css [36m304[0m 0.949 ms - -[0m
2026-07-26 07:14:15 [INFO]: [0mGET /css/hero.css [36m304[0m 0.622 ms - -[0m
2026-07-26 07:14:15 [INFO]: [0mGET /css/featured.css [36m304[0m 0.831 ms - -[0m
2026-07-26 07:14:15 [INFO]: [0mGET /css/header.css [36m304[0m 1.438 ms - -[0m
2026-07-26 07:14:15 [INFO]: [0mGET /js/notification.js [36m304[0m 0.429 ms - -[0m
2026-07-26 07:14:15 [INFO]: [0mGET /images/hero/tulip-plant.jpg [36m304[0m 0.612 ms - -[0m
2026-07-26 07:14:15 [INFO]: [0mGET /images/hero/rubber-plant.jpg [36m304[0m 0.745 ms - -[0m
2026-07-26 07:14:15 [INFO]: [0mGET /images/hero/aloe-vera.jpg [36m304[0m 0.200 ms - -[0m
2026-07-26 07:14:15 [INFO]: [0mGET /images/hero/areca-palm.jpg [36m304[0m 0.199 ms - -[0m
2026-07-26 07:14:15 [INFO]: [0mGET /images/hero/jade-plant.jpg [36m304[0m 0.274 ms - -[0m
2026-07-26 07:14:15 [INFO]: [0mGET /images/hero/monstera-plant.jpg [32m200[0m 1.572 ms - 3063815[0m
2026-07-26 07:14:15 [INFO]: [0mGET /images/hero/golden-pothos.jpg [36m304[0m 0.367 ms - -[0m
2026-07-26 07:14:15 [INFO]: [0mGET /images/hero/fiddle-leaf-fig.jpg [36m304[0m 0.622 ms - -[0m
2026-07-26 07:23:57 [INFO]: [0mGET / [32m200[0m 9.221 ms - -[0m
2026-07-26 07:23:57 [INFO]: [0mGET /css/style.css [36m304[0m 0.297 ms - -[0m
2026-07-26 07:23:57 [INFO]: [0mGET /images/hero/hero-placeholder.png [36m304[0m 0.582 ms - -[0m
2026-07-26 07:23:57 [INFO]: [0mGET /images/logo/plantora.png [36m304[0m 0.706 ms - -[0m
2026-07-26 07:23:57 [INFO]: [0mGET /images/hero/monstera-plant.jpg [36m304[0m 0.785 ms - -[0m
2026-07-26 07:23:57 [INFO]: [0mGET /images/hero/snake-plant.jpg [36m304[0m 1.065 ms - -[0m
2026-07-26 07:23:57 [INFO]: [0mGET /images/hero/peace-lily.jpg [36m304[0m 1.252 ms - -[0m
2026-07-26 07:23:57 [INFO]: [0mGET /js/header.js [36m304[0m 0.183 ms - -[0m
2026-07-26 07:23:57 [INFO]: [0mGET /js/featured.js [36m304[0m 0.293 ms - -[0m
2026-07-26 07:23:57 [INFO]: [0mGET /css/variables.css [36m304[0m 0.541 ms - -[0m
2026-07-26 07:23:57 [INFO]: [0mGET /css/utilities.css [36m304[0m 0.716 ms - -[0m
2026-07-26 07:23:57 [INFO]: [0mGET /css/animations.css [36m304[0m 0.839 ms - -[0m
2026-07-26 07:23:57 [INFO]: [0mGET /css/announcement.css [36m304[0m 0.939 ms - -[0m
2026-07-26 07:23:57 [INFO]: [0mGET /css/header.css [36m304[0m 1.174 ms - -[0m
2026-07-26 07:23:57 [INFO]: [0mGET /css/hero.css [36m304[0m 0.377 ms - -[0m
2026-07-26 07:23:57 [INFO]: [0mGET /css/featured.css [36m304[0m 0.366 ms - -[0m
2026-07-26 07:23:57 [INFO]: [0mGET /js/notification.js [36m304[0m 0.276 ms - -[0m
2026-07-26 07:23:57 [INFO]: [0mGET /images/hero/tulip-plant.jpg [36m304[0m 0.448 ms - -[0m
2026-07-26 07:23:57 [INFO]: [0mGET /images/hero/rubber-plant.jpg [36m304[0m 0.267 ms - -[0m
2026-07-26 07:23:57 [INFO]: [0mGET /images/hero/aloe-vera.jpg [36m304[0m 0.108 ms - -[0m
2026-07-26 07:23:57 [INFO]: [0mGET /images/hero/areca-palm.jpg [36m304[0m 0.098 ms - -[0m
2026-07-26 07:23:57 [INFO]: [0mGET /images/hero/jade-plant.jpg [36m304[0m 0.284 ms - -[0m
2026-07-26 07:23:57 [INFO]: [0mGET /images/hero/golden-pothos.jpg [36m304[0m 0.466 ms - -[0m
2026-07-26 07:23:57 [INFO]: [0mGET /images/hero/fiddle-leaf-fig.jpg [36m304[0m 0.241 ms - -[0m
2026-07-26 07:27:31 [INFO]: [0mGET / [32m200[0m 4.363 ms - -[0m
2026-07-26 07:27:31 [INFO]: [0mGET /css/style.css [36m304[0m 0.551 ms - -[0m
2026-07-26 07:27:31 [INFO]: [0mGET /images/logo/plantora.png [36m304[0m 0.874 ms - -[0m
2026-07-26 07:27:31 [INFO]: [0mGET /images/hero/hero-placeholder.png [36m304[0m 0.503 ms - -[0m
2026-07-26 07:27:31 [INFO]: [0mGET /images/hero/monstera-plant.jpg [36m304[0m 0.650 ms - -[0m
2026-07-26 07:27:31 [INFO]: [0mGET /images/hero/snake-plant.jpg [36m304[0m 0.882 ms - -[0m
2026-07-26 07:27:31 [INFO]: [0mGET /images/hero/peace-lily.jpg [36m304[0m 1.037 ms - -[0m
2026-07-26 07:27:31 [INFO]: [0mGET /js/header.js [36m304[0m 0.656 ms - -[0m
2026-07-26 07:27:31 [INFO]: [0mGET /js/featured.js [36m304[0m 0.286 ms - -[0m
2026-07-26 07:27:31 [INFO]: [0mGET /css/variables.css [36m304[0m 0.376 ms - -[0m
2026-07-26 07:27:31 [INFO]: [0mGET /css/utilities.css [36m304[0m 0.388 ms - -[0m
2026-07-26 07:27:31 [INFO]: [0mGET /css/animations.css [36m304[0m 0.620 ms - -[0m
2026-07-26 07:27:31 [INFO]: [0mGET /css/announcement.css [36m304[0m 1.492 ms - -[0m
2026-07-26 07:27:31 [INFO]: [0mGET /css/header.css [36m304[0m 0.402 ms - -[0m
2026-07-26 07:27:31 [INFO]: [0mGET /css/featured.css [36m304[0m 0.564 ms - -[0m
2026-07-26 07:27:31 [INFO]: [0mGET /css/hero.css [36m304[0m 0.839 ms - -[0m
2026-07-26 07:27:31 [INFO]: [0mGET /js/notification.js [36m304[0m 0.400 ms - -[0m
2026-07-26 07:27:31 [INFO]: [0mGET /images/hero/tulip-plant.jpg [36m304[0m 0.172 ms - -[0m
2026-07-26 07:27:31 [INFO]: [0mGET /images/hero/rubber-plant.jpg [36m304[0m 0.319 ms - -[0m
2026-07-26 07:27:31 [INFO]: [0mGET /images/hero/aloe-vera.jpg [36m304[0m 0.180 ms - -[0m
2026-07-26 07:27:31 [INFO]: [0mGET /images/hero/areca-palm.jpg [36m304[0m 0.229 ms - -[0m
2026-07-26 07:27:31 [INFO]: [0mGET /images/hero/jade-plant.jpg [36m304[0m 0.343 ms - -[0m
2026-07-26 07:27:31 [INFO]: [0mGET /images/hero/golden-pothos.jpg [36m304[0m 0.252 ms - -[0m
2026-07-26 07:27:31 [INFO]: [0mGET /images/hero/fiddle-leaf-fig.jpg [36m304[0m 0.302 ms - -[0m
2026-07-26 07:31:12 [INFO]: MongoDB connected successfully.
2026-07-26 07:31:15 [INFO]: MongoDB connected successfully.
2026-07-26 07:31:17 [INFO]: Email server connected successfully.
2026-07-26 07:31:17 [INFO]: Server is running on port 5132.
2026-07-26 07:31:42 [INFO]: [0mGET / [32m200[0m 27.394 ms - -[0m
2026-07-26 07:31:42 [INFO]: [0mGET /images/logo/plantora.png [36m304[0m 0.910 ms - -[0m
2026-07-26 07:31:42 [INFO]: [0mGET /images/hero/hero-placeholder.png [36m304[0m 0.860 ms - -[0m
2026-07-26 07:31:42 [INFO]: [0mGET /css/style.css [32m200[0m 2.655 ms - 347[0m
2026-07-26 07:31:42 [INFO]: [0mGET /images/hero/monstera-plant.jpg [36m304[0m 0.706 ms - -[0m
2026-07-26 07:31:42 [INFO]: [0mGET /images/hero/snake-plant.jpg [36m304[0m 0.950 ms - -[0m
2026-07-26 07:31:42 [INFO]: [0mGET /images/hero/peace-lily.jpg [36m304[0m 0.599 ms - -[0m
2026-07-26 07:31:42 [INFO]: [0mGET /js/header.js [36m304[0m 0.691 ms - -[0m
2026-07-26 07:31:42 [INFO]: [0mGET /js/featured.js [36m304[0m 1.046 ms - -[0m
2026-07-26 07:31:42 [INFO]: [0mGET /css/variables.css [36m304[0m 0.243 ms - -[0m
2026-07-26 07:31:42 [INFO]: [0mGET /js/why-choose.js [32m200[0m 1.587 ms - 633[0m
2026-07-26 07:31:42 [INFO]: [0mGET /css/utilities.css [36m304[0m 0.820 ms - -[0m
2026-07-26 07:31:42 [INFO]: [0mGET /css/animations.css [36m304[0m 2.245 ms - -[0m
2026-07-26 07:31:42 [INFO]: [0mGET /css/header.css [36m304[0m 1.263 ms - -[0m
2026-07-26 07:31:42 [INFO]: [0mGET /css/announcement.css [36m304[0m 1.099 ms - -[0m
2026-07-26 07:31:42 [INFO]: [0mGET /css/hero.css [36m304[0m 0.285 ms - -[0m
2026-07-26 07:31:42 [INFO]: [0mGET /css/featured.css [36m304[0m 0.420 ms - -[0m
2026-07-26 07:31:42 [INFO]: [0mGET /css/why-choose.css [32m200[0m 3.202 ms - -[0m
2026-07-26 07:31:42 [INFO]: [0mGET /js/notification.js [36m304[0m 0.920 ms - -[0m
2026-07-26 07:31:42 [INFO]: [0mGET /images/hero/tulip-plant.jpg [36m304[0m 0.389 ms - -[0m
2026-07-26 07:31:42 [INFO]: [0mGET /images/hero/rubber-plant.jpg [36m304[0m 0.503 ms - -[0m
2026-07-26 07:31:42 [INFO]: [0mGET /images/hero/aloe-vera.jpg [36m304[0m 0.711 ms - -[0m
2026-07-26 07:31:42 [INFO]: [0mGET /images/hero/areca-palm.jpg [36m304[0m 0.242 ms - -[0m
2026-07-26 07:31:42 [INFO]: [0mGET /images/hero/jade-plant.jpg [36m304[0m 0.434 ms - -[0m
2026-07-26 07:31:42 [INFO]: [0mGET /images/hero/golden-pothos.jpg [36m304[0m 0.188 ms - -[0m
2026-07-26 07:31:42 [INFO]: [0mGET /images/hero/fiddle-leaf-fig.jpg [36m304[0m 0.281 ms - -[0m
2026-07-26 07:31:42 [INFO]: [0mGET /images/home/why-choose.jpg [33m404[0m 1.827 ms - 90[0m
2026-07-26 07:37:09 [INFO]: [0mGET / [36m304[0m 11.854 ms - -[0m
2026-07-26 07:37:09 [INFO]: [0mGET /css/style.css [36m304[0m 1.242 ms - -[0m
2026-07-26 07:37:09 [INFO]: [0mGET /images/logo/plantora.png [36m304[0m 1.127 ms - -[0m
2026-07-26 07:37:09 [INFO]: [0mGET /images/hero/hero-placeholder.png [36m304[0m 1.232 ms - -[0m
2026-07-26 07:37:09 [INFO]: [0mGET /images/hero/monstera-plant.jpg [36m304[0m 1.166 ms - -[0m
2026-07-26 07:37:09 [INFO]: [0mGET /images/hero/snake-plant.jpg [36m304[0m 1.704 ms - -[0m
2026-07-26 07:37:09 [INFO]: [0mGET /images/hero/peace-lily.jpg [36m304[0m 2.659 ms - -[0m
2026-07-26 07:37:09 [INFO]: [0mGET /js/header.js [36m304[0m 0.816 ms - -[0m
2026-07-26 07:37:09 [INFO]: [0mGET /js/featured.js [36m304[0m 0.917 ms - -[0m
2026-07-26 07:37:09 [INFO]: [0mGET /css/variables.css [36m304[0m 0.699 ms - -[0m
2026-07-26 07:37:09 [INFO]: [0mGET /css/utilities.css [36m304[0m 0.926 ms - -[0m
2026-07-26 07:37:09 [INFO]: [0mGET /css/animations.css [36m304[0m 1.200 ms - -[0m
2026-07-26 07:37:09 [INFO]: [0mGET /css/announcement.css [36m304[0m 2.149 ms - -[0m
2026-07-26 07:37:09 [INFO]: [0mGET /css/hero.css [36m304[0m 1.169 ms - -[0m
2026-07-26 07:37:09 [INFO]: [0mGET /css/header.css [36m304[0m 0.976 ms - -[0m
2026-07-26 07:37:09 [INFO]: [0mGET /css/featured.css [36m304[0m 0.340 ms - -[0m
2026-07-26 07:37:09 [INFO]: [0mGET /css/why-choose.css [36m304[0m 0.558 ms - -[0m
2026-07-26 07:37:09 [INFO]: [0mGET /js/why-choose.js [36m304[0m 0.242 ms - -[0m
2026-07-26 07:37:09 [INFO]: [0mGET /js/notification.js [36m304[0m 0.245 ms - -[0m
2026-07-26 07:37:09 [INFO]: [0mGET /images/hero/tulip-plant.jpg [36m304[0m 0.337 ms - -[0m
2026-07-26 07:37:09 [INFO]: [0mGET /images/hero/rubber-plant.jpg [36m304[0m 0.658 ms - -[0m
2026-07-26 07:37:09 [INFO]: [0mGET /images/hero/aloe-vera.jpg [36m304[0m 0.809 ms - -[0m
2026-07-26 07:37:09 [INFO]: [0mGET /images/hero/areca-palm.jpg [36m304[0m 1.050 ms - -[0m
2026-07-26 07:37:09 [INFO]: [0mGET /images/hero/jade-plant.jpg [36m304[0m 0.196 ms - -[0m
2026-07-26 07:37:09 [INFO]: [0mGET /images/hero/golden-pothos.jpg [36m304[0m 0.200 ms - -[0m
2026-07-26 07:37:09 [INFO]: [0mGET /images/hero/fiddle-leaf-fig.jpg [36m304[0m 0.632 ms - -[0m
2026-07-26 07:37:09 [INFO]: [0mGET /images/home/why-choose.jpg [33m404[0m 1.865 ms - 90[0m
2026-07-26 07:37:11 [INFO]: [0mGET / [36m304[0m 9.776 ms - -[0m
2026-07-26 07:37:11 [INFO]: [0mGET /css/style.css [36m304[0m 1.164 ms - -[0m
2026-07-26 07:37:11 [INFO]: [0mGET /images/logo/plantora.png [36m304[0m 1.340 ms - -[0m
2026-07-26 07:37:11 [INFO]: [0mGET /images/hero/hero-placeholder.png [36m304[0m 1.654 ms - -[0m
2026-07-26 07:37:11 [INFO]: [0mGET /images/hero/monstera-plant.jpg [36m304[0m 1.970 ms - -[0m
2026-07-26 07:37:11 [INFO]: [0mGET /images/hero/snake-plant.jpg [36m304[0m 1.786 ms - -[0m
2026-07-26 07:37:11 [INFO]: [0mGET /images/hero/peace-lily.jpg [36m304[0m 2.148 ms - -[0m
2026-07-26 07:37:11 [INFO]: [0mGET /js/header.js [36m304[0m 3.365 ms - -[0m
2026-07-26 07:37:11 [INFO]: [0mGET /js/featured.js [36m304[0m 1.486 ms - -[0m
2026-07-26 07:37:11 [INFO]: [0mGET /js/why-choose.js [36m304[0m 3.283 ms - -[0m
2026-07-26 07:37:11 [INFO]: [0mGET /js/notification.js [36m304[0m 2.303 ms - -[0m
2026-07-26 07:37:11 [INFO]: [0mGET /images/hero/tulip-plant.jpg [36m304[0m 2.772 ms - -[0m
2026-07-26 07:37:11 [INFO]: [0mGET /images/hero/rubber-plant.jpg [36m304[0m 3.540 ms - -[0m
2026-07-26 07:37:11 [INFO]: [0mGET /images/hero/aloe-vera.jpg [36m304[0m 0.743 ms - -[0m
2026-07-26 07:37:11 [INFO]: [0mGET /images/hero/areca-palm.jpg [36m304[0m 1.849 ms - -[0m
2026-07-26 07:37:11 [INFO]: [0mGET /images/hero/jade-plant.jpg [36m304[0m 1.332 ms - -[0m
2026-07-26 07:37:11 [INFO]: [0mGET /images/hero/golden-pothos.jpg [36m304[0m 1.599 ms - -[0m
2026-07-26 07:37:11 [INFO]: [0mGET /css/variables.css [36m304[0m 1.874 ms - -[0m
2026-07-26 07:37:11 [INFO]: [0mGET /css/utilities.css [36m304[0m 2.236 ms - -[0m
2026-07-26 07:37:11 [INFO]: [0mGET /css/animations.css [36m304[0m 1.304 ms - -[0m
2026-07-26 07:37:11 [INFO]: [0mGET /css/announcement.css [36m304[0m 0.928 ms - -[0m
2026-07-26 07:37:11 [INFO]: [0mGET /css/header.css [36m304[0m 1.135 ms - -[0m
2026-07-26 07:37:11 [INFO]: [0mGET /css/hero.css [36m304[0m 1.435 ms - -[0m
2026-07-26 07:37:11 [INFO]: [0mGET /css/featured.css [36m304[0m 1.651 ms - -[0m
2026-07-26 07:37:11 [INFO]: [0mGET /css/why-choose.css [36m304[0m 0.205 ms - -[0m
2026-07-26 07:37:11 [INFO]: [0mGET /images/hero/fiddle-leaf-fig.jpg [36m304[0m 0.672 ms - -[0m
2026-07-26 07:37:11 [INFO]: [0mGET /images/home/why-choose.jpg [33m404[0m 3.085 ms - 90[0m
2026-07-26 07:37:20 [INFO]: [0mGET / [32m200[0m 4.850 ms - -[0m
2026-07-26 07:37:20 [INFO]: [0mGET /css/style.css [36m304[0m 0.310 ms - -[0m
2026-07-26 07:37:20 [INFO]: [0mGET /images/logo/plantora.png [36m304[0m 0.282 ms - -[0m
2026-07-26 07:37:20 [INFO]: [0mGET /images/hero/hero-placeholder.png [36m304[0m 0.549 ms - -[0m
2026-07-26 07:37:20 [INFO]: [0mGET /images/hero/monstera-plant.jpg [36m304[0m 0.181 ms - -[0m
2026-07-26 07:37:20 [INFO]: [0mGET /images/hero/snake-plant.jpg [36m304[0m 0.396 ms - -[0m
2026-07-26 07:37:20 [INFO]: [0mGET /images/hero/peace-lily.jpg [36m304[0m 0.457 ms - -[0m
2026-07-26 07:37:20 [INFO]: [0mGET /js/header.js [36m304[0m 1.308 ms - -[0m
2026-07-26 07:37:20 [INFO]: [0mGET /js/featured.js [36m304[0m 1.306 ms - -[0m
2026-07-26 07:37:20 [INFO]: [0mGET /css/animations.css [36m304[0m 0.941 ms - -[0m
2026-07-26 07:37:20 [INFO]: [0mGET /css/announcement.css [36m304[0m 1.204 ms - -[0m
2026-07-26 07:37:20 [INFO]: [0mGET /css/variables.css [36m304[0m 1.459 ms - -[0m
2026-07-26 07:37:20 [INFO]: [0mGET /css/utilities.css [36m304[0m 1.778 ms - -[0m
2026-07-26 07:37:20 [INFO]: [0mGET /css/header.css [36m304[0m 0.662 ms - -[0m
2026-07-26 07:37:20 [INFO]: [0mGET /css/hero.css [36m304[0m 1.138 ms - -[0m
2026-07-26 07:37:20 [INFO]: [0mGET /css/featured.css [36m304[0m 1.339 ms - -[0m
2026-07-26 07:37:20 [INFO]: [0mGET /css/why-choose.css [36m304[0m 1.532 ms - -[0m
2026-07-26 07:37:20 [INFO]: [0mGET /js/why-choose.js [36m304[0m 0.924 ms - -[0m
2026-07-26 07:37:20 [INFO]: [0mGET /js/notification.js [36m304[0m 0.165 ms - -[0m
2026-07-26 07:37:20 [INFO]: [0mGET /images/hero/tulip-plant.jpg [36m304[0m 0.445 ms - -[0m
2026-07-26 07:37:20 [INFO]: [0mGET /images/hero/rubber-plant.jpg [36m304[0m 0.421 ms - -[0m
2026-07-26 07:37:20 [INFO]: [0mGET /images/hero/aloe-vera.jpg [36m304[0m 0.326 ms - -[0m
2026-07-26 07:37:20 [INFO]: [0mGET /images/hero/areca-palm.jpg [36m304[0m 0.148 ms - -[0m
2026-07-26 07:37:20 [INFO]: [0mGET /images/hero/jade-plant.jpg [36m304[0m 0.285 ms - -[0m
2026-07-26 07:37:20 [INFO]: [0mGET /images/hero/golden-pothos.jpg [36m304[0m 0.163 ms - -[0m
2026-07-26 07:37:20 [INFO]: [0mGET /images/hero/fiddle-leaf-fig.jpg [36m304[0m 0.268 ms - -[0m
2026-07-26 07:37:20 [INFO]: [0mGET /images/hero/why-choose.jpg [32m200[0m 0.796 ms - 2397713[0m
2026-07-26 07:38:40 [INFO]: [0mGET / [36m304[0m 10.367 ms - -[0m
2026-07-26 07:38:40 [INFO]: [0mGET /css/style.css [36m304[0m 0.670 ms - -[0m
2026-07-26 07:38:40 [INFO]: [0mGET /images/hero/hero-placeholder.png [36m304[0m 0.572 ms - -[0m
2026-07-26 07:38:40 [INFO]: [0mGET /images/logo/plantora.png [36m304[0m 0.947 ms - -[0m
2026-07-26 07:38:40 [INFO]: [0mGET /images/hero/monstera-plant.jpg [36m304[0m 0.467 ms - -[0m
2026-07-26 07:38:40 [INFO]: [0mGET /images/hero/snake-plant.jpg [36m304[0m 0.735 ms - -[0m
2026-07-26 07:38:40 [INFO]: [0mGET /images/hero/peace-lily.jpg [36m304[0m 1.039 ms - -[0m
2026-07-26 07:38:40 [INFO]: [0mGET /js/header.js [36m304[0m 0.296 ms - -[0m
2026-07-26 07:38:40 [INFO]: [0mGET /js/featured.js [36m304[0m 0.504 ms - -[0m
2026-07-26 07:38:40 [INFO]: [0mGET /js/why-choose.js [36m304[0m 0.202 ms - -[0m
2026-07-26 07:38:40 [INFO]: [0mGET /js/notification.js [36m304[0m 0.192 ms - -[0m
2026-07-26 07:38:40 [INFO]: [0mGET /css/variables.css [36m304[0m 0.426 ms - -[0m
2026-07-26 07:38:40 [INFO]: [0mGET /css/utilities.css [36m304[0m 0.761 ms - -[0m
2026-07-26 07:38:40 [INFO]: [0mGET /css/animations.css [36m304[0m 1.058 ms - -[0m
2026-07-26 07:38:40 [INFO]: [0mGET /css/announcement.css [36m304[0m 1.652 ms - -[0m
2026-07-26 07:38:40 [INFO]: [0mGET /css/header.css [36m304[0m 0.895 ms - -[0m
2026-07-26 07:38:40 [INFO]: [0mGET /css/featured.css [36m304[0m 0.823 ms - -[0m
2026-07-26 07:38:40 [INFO]: [0mGET /css/hero.css [36m304[0m 1.065 ms - -[0m
2026-07-26 07:38:40 [INFO]: [0mGET /images/hero/tulip-plant.jpg [36m304[0m 0.389 ms - -[0m
2026-07-26 07:38:40 [INFO]: [0mGET /images/hero/rubber-plant.jpg [36m304[0m 0.160 ms - -[0m
2026-07-26 07:38:40 [INFO]: [0mGET /css/why-choose.css [32m200[0m 1.908 ms - -[0m
2026-07-26 07:38:40 [INFO]: [0mGET /images/hero/aloe-vera.jpg [36m304[0m 0.653 ms - -[0m
2026-07-26 07:38:40 [INFO]: [0mGET /images/hero/areca-palm.jpg [36m304[0m 0.432 ms - -[0m
2026-07-26 07:38:40 [INFO]: [0mGET /images/hero/jade-plant.jpg [36m304[0m 0.391 ms - -[0m
2026-07-26 07:38:40 [INFO]: [0mGET /images/hero/golden-pothos.jpg [36m304[0m 0.821 ms - -[0m
2026-07-26 07:38:40 [INFO]: [0mGET /images/hero/fiddle-leaf-fig.jpg [36m304[0m 0.361 ms - -[0m
2026-07-26 07:38:40 [INFO]: [0mGET /images/hero/why-choose.jpg [36m304[0m 0.196 ms - -[0m
2026-07-26 07:44:45 [INFO]: [0mGET / [32m200[0m 5.601 ms - -[0m
2026-07-26 07:44:45 [INFO]: [0mGET /css/style.css [36m304[0m 1.018 ms - -[0m
2026-07-26 07:44:45 [INFO]: [0mGET /images/logo/plantora.png [36m304[0m 1.054 ms - -[0m
2026-07-26 07:44:45 [INFO]: [0mGET /images/hero/hero-placeholder.png [36m304[0m 1.275 ms - -[0m
2026-07-26 07:44:45 [INFO]: [0mGET /images/hero/monstera-plant.jpg [36m304[0m 0.459 ms - -[0m
2026-07-26 07:44:45 [INFO]: [0mGET /images/hero/snake-plant.jpg [36m304[0m 0.696 ms - -[0m
2026-07-26 07:44:45 [INFO]: [0mGET /images/hero/peace-lily.jpg [36m304[0m 0.535 ms - -[0m
2026-07-26 07:44:45 [INFO]: [0mGET /js/header.js [36m304[0m 0.735 ms - -[0m
2026-07-26 07:44:45 [INFO]: [0mGET /js/featured.js [36m304[0m 0.565 ms - -[0m
2026-07-26 07:44:45 [INFO]: [0mGET /js/why-choose.js [36m304[0m 0.792 ms - -[0m
2026-07-26 07:44:45 [INFO]: [0mGET /js/notification.js [36m304[0m 0.969 ms - -[0m
2026-07-26 07:44:45 [INFO]: [0mGET /images/hero/tulip-plant.jpg [36m304[0m 1.769 ms - -[0m
2026-07-26 07:44:45 [INFO]: [0mGET /images/hero/rubber-plant.jpg [36m304[0m 0.955 ms - -[0m
2026-07-26 07:44:45 [INFO]: [0mGET /images/hero/aloe-vera.jpg [36m304[0m 0.747 ms - -[0m
2026-07-26 07:44:45 [INFO]: [0mGET /css/variables.css [36m304[0m 0.978 ms - -[0m
2026-07-26 07:44:45 [INFO]: [0mGET /css/utilities.css [36m304[0m 1.170 ms - -[0m
2026-07-26 07:44:45 [INFO]: [0mGET /css/animations.css [36m304[0m 1.348 ms - -[0m
2026-07-26 07:44:45 [INFO]: [0mGET /css/announcement.css [36m304[0m 1.764 ms - -[0m
2026-07-26 07:44:45 [INFO]: [0mGET /css/header.css [36m304[0m 0.923 ms - -[0m
2026-07-26 07:44:45 [INFO]: [0mGET /css/hero.css [36m304[0m 0.701 ms - -[0m
2026-07-26 07:44:45 [INFO]: [0mGET /css/featured.css [36m304[0m 0.874 ms - -[0m
2026-07-26 07:44:45 [INFO]: [0mGET /images/hero/areca-palm.jpg [36m304[0m 0.435 ms - -[0m
2026-07-26 07:44:45 [INFO]: [0mGET /images/hero/jade-plant.jpg [36m304[0m 0.730 ms - -[0m
2026-07-26 07:44:45 [INFO]: [0mGET /images/hero/golden-pothos.jpg [36m304[0m 0.482 ms - -[0m
2026-07-26 07:44:45 [INFO]: [0mGET /images/hero/fiddle-leaf-fig.jpg [36m304[0m 0.514 ms - -[0m
2026-07-26 07:44:45 [INFO]: [0mGET /css/why-choose.css [32m200[0m 3.141 ms - -[0m
2026-07-26 07:49:19 [INFO]: MongoDB connected successfully.
2026-07-26 07:49:22 [INFO]: Email server connected successfully.
2026-07-26 07:49:22 [INFO]: Server is running on port 5132.
2026-07-26 07:49:24 [INFO]: [0mGET / [32m200[0m 15.245 ms - -[0m
2026-07-26 07:49:24 [INFO]: [0mGET /css/style.css [36m304[0m 2.612 ms - -[0m
2026-07-26 07:49:24 [INFO]: [0mGET /images/logo/plantora.png [36m304[0m 2.686 ms - -[0m
2026-07-26 07:49:24 [INFO]: [0mGET /images/hero/hero-placeholder.png [36m304[0m 0.415 ms - -[0m
2026-07-26 07:49:24 [INFO]: [0mGET /images/hero/monstera-plant.jpg [36m304[0m 2.014 ms - -[0m
2026-07-26 07:49:24 [INFO]: [0mGET /images/hero/snake-plant.jpg [36m304[0m 2.230 ms - -[0m
2026-07-26 07:49:24 [INFO]: [0mGET /images/hero/peace-lily.jpg [36m304[0m 2.637 ms - -[0m
2026-07-26 07:49:24 [INFO]: [0mGET /js/header.js [36m304[0m 1.179 ms - -[0m
2026-07-26 07:49:24 [INFO]: [0mGET /js/featured.js [36m304[0m 1.207 ms - -[0m
2026-07-26 07:49:24 [INFO]: [0mGET /js/notification.js [36m304[0m 1.596 ms - -[0m
2026-07-26 07:49:24 [INFO]: [0mGET /css/variables.css [36m304[0m 1.637 ms - -[0m
2026-07-26 07:49:24 [INFO]: [0mGET /css/utilities.css [36m304[0m 1.676 ms - -[0m
2026-07-26 07:49:24 [INFO]: [0mGET /css/animations.css [36m304[0m 0.349 ms - -[0m
2026-07-26 07:49:24 [INFO]: [0mGET /css/announcement.css [36m304[0m 0.498 ms - -[0m
2026-07-26 07:49:24 [INFO]: [0mGET /css/header.css [36m304[0m 0.671 ms - -[0m
2026-07-26 07:49:24 [INFO]: [0mGET /css/hero.css [36m304[0m 0.964 ms - -[0m
2026-07-26 07:49:24 [INFO]: [0mGET /css/featured.css [36m304[0m 1.460 ms - -[0m
2026-07-26 07:49:24 [INFO]: [0mGET /js/why-choose.js [32m200[0m 3.608 ms - -[0m
2026-07-26 07:49:24 [INFO]: [0mGET /images/hero/tulip-plant.jpg [36m304[0m 1.206 ms - -[0m
2026-07-26 07:49:24 [INFO]: [0mGET /images/hero/rubber-plant.jpg [36m304[0m 1.639 ms - -[0m
2026-07-26 07:49:24 [INFO]: [0mGET /images/hero/aloe-vera.jpg [36m304[0m 1.011 ms - -[0m
2026-07-26 07:49:24 [INFO]: [0mGET /images/hero/areca-palm.jpg [36m304[0m 1.691 ms - -[0m
2026-07-26 07:49:24 [INFO]: [0mGET /images/hero/jade-plant.jpg [36m304[0m 0.862 ms - -[0m
2026-07-26 07:49:24 [INFO]: [0mGET /images/hero/golden-pothos.jpg [36m304[0m 1.374 ms - -[0m
2026-07-26 07:49:24 [INFO]: [0mGET /css/why-choose.css [32m200[0m 3.470 ms - -[0m
2026-07-26 07:49:24 [INFO]: [0mGET /images/hero/fiddle-leaf-fig.jpg [36m304[0m 1.148 ms - -[0m
2026-07-26 07:49:24 [INFO]: [0mGET /images/home/why-banner.jpg [33m404[0m 3.078 ms - 90[0m
2026-07-26 07:57:28 [INFO]: [0mGET / [32m200[0m 14.477 ms - -[0m
2026-07-26 07:57:28 [INFO]: [0mGET /css/style.css [36m304[0m 1.841 ms - -[0m
2026-07-26 07:57:28 [INFO]: [0mGET /images/logo/plantora.png [36m304[0m 2.112 ms - -[0m
2026-07-26 07:57:28 [INFO]: [0mGET /images/hero/hero-placeholder.png [36m304[0m 2.283 ms - -[0m
2026-07-26 07:57:28 [INFO]: [0mGET /images/hero/monstera-plant.jpg [36m304[0m 0.903 ms - -[0m
2026-07-26 07:57:28 [INFO]: [0mGET /images/hero/snake-plant.jpg [36m304[0m 1.890 ms - -[0m
2026-07-26 07:57:28 [INFO]: [0mGET /images/hero/peace-lily.jpg [36m304[0m 1.418 ms - -[0m
2026-07-26 07:57:28 [INFO]: [0mGET /js/header.js [36m304[0m 1.468 ms - -[0m
2026-07-26 07:57:28 [INFO]: [0mGET /js/featured.js [36m304[0m 2.124 ms - -[0m
2026-07-26 07:57:28 [INFO]: [0mGET /js/why-choose.js [36m304[0m 2.508 ms - -[0m
2026-07-26 07:57:28 [INFO]: [0mGET /js/notification.js [36m304[0m 1.289 ms - -[0m
2026-07-26 07:57:28 [INFO]: [0mGET /css/variables.css [36m304[0m 1.025 ms - -[0m
2026-07-26 07:57:28 [INFO]: [0mGET /css/utilities.css [36m304[0m 1.179 ms - -[0m
2026-07-26 07:57:28 [INFO]: [0mGET /css/animations.css [36m304[0m 1.431 ms - -[0m
2026-07-26 07:57:28 [INFO]: [0mGET /css/announcement.css [36m304[0m 1.926 ms - -[0m
2026-07-26 07:57:28 [INFO]: [0mGET /css/header.css [36m304[0m 1.264 ms - -[0m
2026-07-26 07:57:28 [INFO]: [0mGET /css/hero.css [36m304[0m 0.917 ms - -[0m
2026-07-26 07:57:28 [INFO]: [0mGET /css/featured.css [36m304[0m 1.112 ms - -[0m
2026-07-26 07:57:28 [INFO]: [0mGET /css/why-choose.css [36m304[0m 1.813 ms - -[0m
2026-07-26 07:57:28 [INFO]: [0mGET /images/hero/tulip-plant.jpg [36m304[0m 1.006 ms - -[0m
2026-07-26 07:57:28 [INFO]: [0mGET /images/hero/rubber-plant.jpg [36m304[0m 1.916 ms - -[0m
2026-07-26 07:57:28 [INFO]: [0mGET /images/hero/aloe-vera.jpg [36m304[0m 1.319 ms - -[0m
2026-07-26 07:57:28 [INFO]: [0mGET /images/hero/areca-palm.jpg [36m304[0m 1.498 ms - -[0m
2026-07-26 07:57:28 [INFO]: [0mGET /images/hero/jade-plant.jpg [36m304[0m 2.374 ms - -[0m
2026-07-26 07:57:28 [INFO]: [0mGET /images/hero/golden-pothos.jpg [36m304[0m 1.118 ms - -[0m
2026-07-26 07:57:28 [INFO]: [0mGET /images/hero/fiddle-leaf-fig.jpg [36m304[0m 0.348 ms - -[0m
2026-07-26 07:57:28 [INFO]: [0mGET /images/hero/why-choose.jpg [32m200[0m 1.399 ms - 5237763[0m
2026-07-26 07:58:31 [INFO]: [0mGET / [36m304[0m 8.290 ms - -[0m
2026-07-26 07:58:31 [INFO]: [0mGET /css/style.css [36m304[0m 0.802 ms - -[0m
2026-07-26 07:58:31 [INFO]: [0mGET /images/logo/plantora.png [36m304[0m 1.072 ms - -[0m
2026-07-26 07:58:31 [INFO]: [0mGET /images/hero/hero-placeholder.png [36m304[0m 1.381 ms - -[0m
2026-07-26 07:58:31 [INFO]: [0mGET /images/hero/monstera-plant.jpg [36m304[0m 0.625 ms - -[0m
2026-07-26 07:58:31 [INFO]: [0mGET /images/hero/snake-plant.jpg [36m304[0m 0.803 ms - -[0m
2026-07-26 07:58:31 [INFO]: [0mGET /images/hero/peace-lily.jpg [36m304[0m 1.538 ms - -[0m
2026-07-26 07:58:31 [INFO]: [0mGET /js/header.js [36m304[0m 0.913 ms - -[0m
2026-07-26 07:58:31 [INFO]: [0mGET /js/featured.js [36m304[0m 1.048 ms - -[0m
2026-07-26 07:58:31 [INFO]: [0mGET /js/why-choose.js [36m304[0m 0.320 ms - -[0m
2026-07-26 07:58:31 [INFO]: [0mGET /js/notification.js [36m304[0m 0.236 ms - -[0m
2026-07-26 07:58:31 [INFO]: [0mGET /images/hero/tulip-plant.jpg [36m304[0m 0.637 ms - -[0m
2026-07-26 07:58:31 [INFO]: [0mGET /images/hero/rubber-plant.jpg [36m304[0m 0.935 ms - -[0m
2026-07-26 07:58:31 [INFO]: [0mGET /images/hero/aloe-vera.jpg [36m304[0m 1.163 ms - -[0m
2026-07-26 07:58:31 [INFO]: [0mGET /css/variables.css [36m304[0m 1.319 ms - -[0m
2026-07-26 07:58:31 [INFO]: [0mGET /images/hero/areca-palm.jpg [36m304[0m 1.702 ms - -[0m
2026-07-26 07:58:31 [INFO]: [0mGET /css/utilities.css [36m304[0m 1.151 ms - -[0m
2026-07-26 07:58:31 [INFO]: [0mGET /css/animations.css [36m304[0m 0.871 ms - -[0m
2026-07-26 07:58:31 [INFO]: [0mGET /css/announcement.css [36m304[0m 1.050 ms - -[0m
2026-07-26 07:58:31 [INFO]: [0mGET /css/header.css [36m304[0m 1.426 ms - -[0m
2026-07-26 07:58:31 [INFO]: [0mGET /css/hero.css [36m304[0m 1.922 ms - -[0m
2026-07-26 07:58:31 [INFO]: [0mGET /css/featured.css [36m304[0m 1.101 ms - -[0m
2026-07-26 07:58:31 [INFO]: [0mGET /images/hero/jade-plant.jpg [36m304[0m 1.107 ms - -[0m
2026-07-26 07:58:31 [INFO]: [0mGET /images/hero/golden-pothos.jpg [36m304[0m 1.324 ms - -[0m
2026-07-26 07:58:31 [INFO]: [0mGET /images/hero/fiddle-leaf-fig.jpg [36m304[0m 0.368 ms - -[0m
2026-07-26 07:58:31 [INFO]: [0mGET /images/hero/why-choose.jpg [36m304[0m 0.519 ms - -[0m
2026-07-26 07:58:31 [INFO]: [0mGET /css/why-choose.css [32m200[0m 3.035 ms - -[0m
2026-07-26 07:58:41 [INFO]: [0mGET / [36m304[0m 9.477 ms - -[0m
2026-07-26 07:58:41 [INFO]: [0mGET /css/style.css [36m304[0m 0.836 ms - -[0m
2026-07-26 07:58:41 [INFO]: [0mGET /images/logo/plantora.png [36m304[0m 0.908 ms - -[0m
2026-07-26 07:58:41 [INFO]: [0mGET /images/hero/hero-placeholder.png [36m304[0m 1.206 ms - -[0m
2026-07-26 07:58:41 [INFO]: [0mGET /images/hero/monstera-plant.jpg [36m304[0m 0.225 ms - -[0m
2026-07-26 07:58:41 [INFO]: [0mGET /images/hero/snake-plant.jpg [36m304[0m 0.496 ms - -[0m
2026-07-26 07:58:41 [INFO]: [0mGET /images/hero/peace-lily.jpg [36m304[0m 0.738 ms - -[0m
2026-07-26 07:58:41 [INFO]: [0mGET /js/header.js [36m304[0m 1.193 ms - -[0m
2026-07-26 07:58:41 [INFO]: [0mGET /js/featured.js [36m304[0m 0.400 ms - -[0m
2026-07-26 07:58:41 [INFO]: [0mGET /js/why-choose.js [36m304[0m 0.280 ms - -[0m
2026-07-26 07:58:41 [INFO]: [0mGET /js/notification.js [36m304[0m 0.237 ms - -[0m
2026-07-26 07:58:41 [INFO]: [0mGET /images/hero/tulip-plant.jpg [36m304[0m 0.274 ms - -[0m
2026-07-26 07:58:41 [INFO]: [0mGET /images/hero/rubber-plant.jpg [36m304[0m 0.220 ms - -[0m
2026-07-26 07:58:41 [INFO]: [0mGET /images/hero/aloe-vera.jpg [36m304[0m 0.266 ms - -[0m
2026-07-26 07:58:41 [INFO]: [0mGET /images/hero/areca-palm.jpg [36m304[0m 0.587 ms - -[0m
2026-07-26 07:58:41 [INFO]: [0mGET /css/variables.css [36m304[0m 0.529 ms - -[0m
2026-07-26 07:58:41 [INFO]: [0mGET /css/utilities.css [36m304[0m 0.710 ms - -[0m
2026-07-26 07:58:41 [INFO]: [0mGET /css/animations.css [36m304[0m 0.978 ms - -[0m
2026-07-26 07:58:41 [INFO]: [0mGET /css/announcement.css [36m304[0m 0.427 ms - -[0m
2026-07-26 07:58:41 [INFO]: [0mGET /css/header.css [36m304[0m 0.664 ms - -[0m
2026-07-26 07:58:41 [INFO]: [0mGET /css/hero.css [36m304[0m 0.795 ms - -[0m
2026-07-26 07:58:41 [INFO]: [0mGET /css/featured.css [36m304[0m 0.359 ms - -[0m
2026-07-26 07:58:41 [INFO]: [0mGET /css/why-choose.css [32m200[0m 0.941 ms - -[0m
2026-07-26 07:58:41 [INFO]: [0mGET /images/hero/jade-plant.jpg [36m304[0m 0.204 ms - -[0m
2026-07-26 07:58:41 [INFO]: [0mGET /images/hero/golden-pothos.jpg [36m304[0m 0.320 ms - -[0m
2026-07-26 07:58:41 [INFO]: [0mGET /images/hero/fiddle-leaf-fig.jpg [36m304[0m 0.594 ms - -[0m
2026-07-26 07:58:41 [INFO]: [0mGET /images/hero/why-choose.jpg [36m304[0m 0.263 ms - -[0m
2026-07-26 07:59:08 [INFO]: [0mGET / [36m304[0m 4.593 ms - -[0m
2026-07-26 07:59:08 [INFO]: [0mGET /css/style.css [36m304[0m 0.486 ms - -[0m
2026-07-26 07:59:08 [INFO]: [0mGET /images/logo/plantora.png [36m304[0m 0.670 ms - -[0m
2026-07-26 07:59:08 [INFO]: [0mGET /images/hero/hero-placeholder.png [36m304[0m 1.092 ms - -[0m
2026-07-26 07:59:08 [INFO]: [0mGET /images/hero/monstera-plant.jpg [36m304[0m 0.519 ms - -[0m
2026-07-26 07:59:08 [INFO]: [0mGET /images/hero/snake-plant.jpg [36m304[0m 0.540 ms - -[0m
2026-07-26 07:59:08 [INFO]: [0mGET /images/hero/peace-lily.jpg [36m304[0m 0.660 ms - -[0m
2026-07-26 07:59:08 [INFO]: [0mGET /js/header.js [36m304[0m 0.830 ms - -[0m
2026-07-26 07:59:08 [INFO]: [0mGET /js/featured.js [36m304[0m 0.507 ms - -[0m
2026-07-26 07:59:08 [INFO]: [0mGET /js/why-choose.js [36m304[0m 0.621 ms - -[0m
2026-07-26 07:59:08 [INFO]: [0mGET /js/notification.js [36m304[0m 0.957 ms - -[0m
2026-07-26 07:59:08 [INFO]: [0mGET /css/variables.css [36m304[0m 0.741 ms - -[0m
2026-07-26 07:59:08 [INFO]: [0mGET /images/hero/tulip-plant.jpg [36m304[0m 1.370 ms - -[0m
2026-07-26 07:59:08 [INFO]: [0mGET /css/utilities.css [36m304[0m 1.862 ms - -[0m
2026-07-26 07:59:08 [INFO]: [0mGET /css/animations.css [36m304[0m 0.911 ms - -[0m
2026-07-26 07:59:08 [INFO]: [0mGET /css/announcement.css [36m304[0m 1.235 ms - -[0m
2026-07-26 07:59:08 [INFO]: [0mGET /css/header.css [36m304[0m 1.829 ms - -[0m
2026-07-26 07:59:08 [INFO]: [0mGET /css/hero.css [36m304[0m 0.583 ms - -[0m
2026-07-26 07:59:08 [INFO]: [0mGET /css/featured.css [36m304[0m 1.378 ms - -[0m
2026-07-26 07:59:08 [INFO]: [0mGET /images/hero/rubber-plant.jpg [36m304[0m 0.722 ms - -[0m
2026-07-26 07:59:08 [INFO]: [0mGET /images/hero/aloe-vera.jpg [36m304[0m 0.534 ms - -[0m
2026-07-26 07:59:08 [INFO]: [0mGET /css/why-choose.css [32m200[0m 1.434 ms - -[0m
2026-07-26 07:59:08 [INFO]: [0mGET /images/hero/areca-palm.jpg [36m304[0m 0.802 ms - -[0m
2026-07-26 07:59:08 [INFO]: [0mGET /images/hero/jade-plant.jpg [36m304[0m 1.212 ms - -[0m
2026-07-26 07:59:08 [INFO]: [0mGET /images/hero/golden-pothos.jpg [36m304[0m 1.595 ms - -[0m
2026-07-26 07:59:08 [INFO]: [0mGET /images/hero/fiddle-leaf-fig.jpg [36m304[0m 2.366 ms - -[0m
2026-07-26 07:59:08 [INFO]: [0mGET /images/hero/why-choose.jpg [36m304[0m 0.937 ms - -[0m
2026-07-26 07:59:46 [INFO]: [0mGET / [36m304[0m 7.732 ms - -[0m
2026-07-26 07:59:46 [INFO]: [0mGET /css/style.css [36m304[0m 0.808 ms - -[0m
2026-07-26 07:59:46 [INFO]: [0mGET /images/logo/plantora.png [36m304[0m 0.839 ms - -[0m
2026-07-26 07:59:46 [INFO]: [0mGET /images/hero/hero-placeholder.png [36m304[0m 1.356 ms - -[0m
2026-07-26 07:59:46 [INFO]: [0mGET /images/hero/monstera-plant.jpg [36m304[0m 0.339 ms - -[0m
2026-07-26 07:59:46 [INFO]: [0mGET /images/hero/snake-plant.jpg [36m304[0m 0.554 ms - -[0m
2026-07-26 07:59:46 [INFO]: [0mGET /images/hero/peace-lily.jpg [36m304[0m 0.616 ms - -[0m
2026-07-26 07:59:46 [INFO]: [0mGET /js/header.js [36m304[0m 0.773 ms - -[0m
2026-07-26 07:59:46 [INFO]: [0mGET /js/featured.js [36m304[0m 0.988 ms - -[0m
2026-07-26 07:59:46 [INFO]: [0mGET /js/notification.js [36m304[0m 0.472 ms - -[0m
2026-07-26 07:59:46 [INFO]: [0mGET /js/why-choose.js [36m304[0m 0.579 ms - -[0m
2026-07-26 07:59:46 [INFO]: [0mGET /images/hero/tulip-plant.jpg [36m304[0m 1.024 ms - -[0m
2026-07-26 07:59:46 [INFO]: [0mGET /images/hero/rubber-plant.jpg [36m304[0m 0.781 ms - -[0m
2026-07-26 07:59:46 [INFO]: [0mGET /images/hero/aloe-vera.jpg [36m304[0m 0.439 ms - -[0m
2026-07-26 07:59:46 [INFO]: [0mGET /images/hero/areca-palm.jpg [36m304[0m 0.458 ms - -[0m
2026-07-26 07:59:46 [INFO]: [0mGET /css/variables.css [36m304[0m 0.612 ms - -[0m
2026-07-26 07:59:46 [INFO]: [0mGET /css/utilities.css [36m304[0m 0.914 ms - -[0m
2026-07-26 07:59:46 [INFO]: [0mGET /css/animations.css [36m304[0m 1.390 ms - -[0m
2026-07-26 07:59:46 [INFO]: [0mGET /css/announcement.css [36m304[0m 0.593 ms - -[0m
2026-07-26 07:59:46 [INFO]: [0mGET /css/header.css [36m304[0m 0.721 ms - -[0m
2026-07-26 07:59:46 [INFO]: [0mGET /css/hero.css [36m304[0m 0.700 ms - -[0m
2026-07-26 07:59:46 [INFO]: [0mGET /css/featured.css [36m304[0m 0.869 ms - -[0m
2026-07-26 07:59:46 [INFO]: [0mGET /images/hero/jade-plant.jpg [36m304[0m 0.303 ms - -[0m
2026-07-26 07:59:46 [INFO]: [0mGET /images/hero/golden-pothos.jpg [36m304[0m 0.435 ms - -[0m
2026-07-26 07:59:46 [INFO]: [0mGET /images/hero/fiddle-leaf-fig.jpg [36m304[0m 0.878 ms - -[0m
2026-07-26 07:59:46 [INFO]: [0mGET /images/hero/why-choose.jpg [36m304[0m 0.732 ms - -[0m
2026-07-26 07:59:46 [INFO]: [0mGET /css/why-choose.css [32m200[0m 2.655 ms - -[0m
2026-07-26 08:00:03 [INFO]: [0mGET / [36m304[0m 8.852 ms - -[0m
2026-07-26 08:00:03 [INFO]: [0mGET /css/style.css [36m304[0m 1.318 ms - -[0m
2026-07-26 08:00:03 [INFO]: [0mGET /images/logo/plantora.png [36m304[0m 1.469 ms - -[0m
2026-07-26 08:00:03 [INFO]: [0mGET /images/hero/hero-placeholder.png [36m304[0m 1.809 ms - -[0m
2026-07-26 08:00:03 [INFO]: [0mGET /images/hero/monstera-plant.jpg [36m304[0m 0.504 ms - -[0m
2026-07-26 08:00:03 [INFO]: [0mGET /images/hero/snake-plant.jpg [36m304[0m 0.635 ms - -[0m
2026-07-26 08:00:03 [INFO]: [0mGET /images/hero/peace-lily.jpg [36m304[0m 0.306 ms - -[0m
2026-07-26 08:00:03 [INFO]: [0mGET /js/header.js [36m304[0m 0.949 ms - -[0m
2026-07-26 08:00:03 [INFO]: [0mGET /js/featured.js [36m304[0m 0.598 ms - -[0m
2026-07-26 08:00:03 [INFO]: [0mGET /css/variables.css [36m304[0m 0.699 ms - -[0m
2026-07-26 08:00:03 [INFO]: [0mGET /css/utilities.css [36m304[0m 0.959 ms - -[0m
2026-07-26 08:00:03 [INFO]: [0mGET /css/animations.css [36m304[0m 1.180 ms - -[0m
2026-07-26 08:00:03 [INFO]: [0mGET /css/announcement.css [36m304[0m 0.271 ms - -[0m
2026-07-26 08:00:03 [INFO]: [0mGET /css/hero.css [36m304[0m 0.448 ms - -[0m
2026-07-26 08:00:03 [INFO]: [0mGET /css/featured.css [36m304[0m 0.589 ms - -[0m
2026-07-26 08:00:03 [INFO]: [0mGET /css/header.css [36m304[0m 0.761 ms - -[0m
2026-07-26 08:00:03 [INFO]: [0mGET /css/why-choose.css [32m200[0m 1.423 ms - -[0m
2026-07-26 08:00:03 [INFO]: [0mGET /js/why-choose.js [36m304[0m 0.603 ms - -[0m
2026-07-26 08:00:03 [INFO]: [0mGET /js/notification.js [36m304[0m 0.624 ms - -[0m
2026-07-26 08:00:03 [INFO]: [0mGET /images/hero/tulip-plant.jpg [36m304[0m 0.889 ms - -[0m
2026-07-26 08:00:03 [INFO]: [0mGET /images/hero/rubber-plant.jpg [36m304[0m 0.336 ms - -[0m
2026-07-26 08:00:03 [INFO]: [0mGET /images/hero/aloe-vera.jpg [36m304[0m 1.696 ms - -[0m
2026-07-26 08:00:03 [INFO]: [0mGET /images/hero/areca-palm.jpg [36m304[0m 1.715 ms - -[0m
2026-07-26 08:00:03 [INFO]: [0mGET /images/hero/jade-plant.jpg [36m304[0m 1.842 ms - -[0m
2026-07-26 08:00:03 [INFO]: [0mGET /images/hero/golden-pothos.jpg [36m304[0m 0.241 ms - -[0m
2026-07-26 08:00:03 [INFO]: [0mGET /images/hero/fiddle-leaf-fig.jpg [36m304[0m 0.304 ms - -[0m
2026-07-26 08:00:03 [INFO]: [0mGET /images/hero/why-choose.jpg [36m304[0m 0.202 ms - -[0m
2026-07-26 08:00:31 [INFO]: [0mGET / [36m304[0m 5.334 ms - -[0m
2026-07-26 08:00:31 [INFO]: [0mGET /css/style.css [36m304[0m 0.757 ms - -[0m
2026-07-26 08:00:31 [INFO]: [0mGET /images/logo/plantora.png [36m304[0m 0.736 ms - -[0m
2026-07-26 08:00:31 [INFO]: [0mGET /images/hero/hero-placeholder.png [36m304[0m 0.904 ms - -[0m
2026-07-26 08:00:31 [INFO]: [0mGET /images/hero/monstera-plant.jpg [36m304[0m 1.349 ms - -[0m
2026-07-26 08:00:31 [INFO]: [0mGET /images/hero/snake-plant.jpg [36m304[0m 1.623 ms - -[0m
2026-07-26 08:00:31 [INFO]: [0mGET /images/hero/peace-lily.jpg [36m304[0m 1.872 ms - -[0m
2026-07-26 08:00:31 [INFO]: [0mGET /js/header.js [36m304[0m 1.864 ms - -[0m
2026-07-26 08:00:31 [INFO]: [0mGET /js/featured.js [36m304[0m 0.498 ms - -[0m
2026-07-26 08:00:31 [INFO]: [0mGET /js/why-choose.js [36m304[0m 0.676 ms - -[0m
2026-07-26 08:00:31 [INFO]: [0mGET /js/notification.js [36m304[0m 0.556 ms - -[0m
2026-07-26 08:00:31 [INFO]: [0mGET /images/hero/tulip-plant.jpg [36m304[0m 0.925 ms - -[0m
2026-07-26 08:00:31 [INFO]: [0mGET /css/variables.css [36m304[0m 1.508 ms - -[0m
2026-07-26 08:00:31 [INFO]: [0mGET /css/utilities.css [36m304[0m 2.780 ms - -[0m
2026-07-26 08:00:31 [INFO]: [0mGET /css/animations.css [36m304[0m 1.800 ms - -[0m
2026-07-26 08:00:31 [INFO]: [0mGET /css/announcement.css [36m304[0m 1.806 ms - -[0m
2026-07-26 08:00:31 [INFO]: [0mGET /css/header.css [36m304[0m 0.705 ms - -[0m
2026-07-26 08:00:31 [INFO]: [0mGET /css/hero.css [36m304[0m 0.886 ms - -[0m
2026-07-26 08:00:31 [INFO]: [0mGET /css/featured.css [36m304[0m 1.769 ms - -[0m
2026-07-26 08:00:31 [INFO]: [0mGET /images/hero/rubber-plant.jpg [36m304[0m 0.886 ms - -[0m
2026-07-26 08:00:31 [INFO]: [0mGET /images/hero/aloe-vera.jpg [36m304[0m 1.512 ms - -[0m
2026-07-26 08:00:31 [INFO]: [0mGET /images/hero/areca-palm.jpg [36m304[0m 0.572 ms - -[0m
2026-07-26 08:00:31 [INFO]: [0mGET /images/hero/jade-plant.jpg [36m304[0m 0.948 ms - -[0m
2026-07-26 08:00:31 [INFO]: [0mGET /images/hero/golden-pothos.jpg [36m304[0m 1.036 ms - -[0m
2026-07-26 08:00:31 [INFO]: [0mGET /images/hero/fiddle-leaf-fig.jpg [36m304[0m 0.731 ms - -[0m
2026-07-26 08:00:31 [INFO]: [0mGET /images/hero/why-choose.jpg [36m304[0m 0.429 ms - -[0m
2026-07-26 08:00:31 [INFO]: [0mGET /css/why-choose.css [32m200[0m 3.185 ms - -[0m
2026-07-26 08:08:30 [INFO]: MongoDB connected successfully.
2026-07-26 08:08:34 [INFO]: MongoDB connected successfully.
2026-07-26 08:08:37 [INFO]: Email server connected successfully.
2026-07-26 08:08:37 [INFO]: Server is running on port 5132.
2026-07-26 08:08:53 [INFO]: [0mGET / [32m200[0m 30.642 ms - -[0m
2026-07-26 08:08:53 [INFO]: [0mGET /images/logo/plantora.png [36m304[0m 2.325 ms - -[0m
2026-07-26 08:08:53 [INFO]: [0mGET /images/hero/hero-placeholder.png [36m304[0m 0.705 ms - -[0m
2026-07-26 08:08:53 [INFO]: [0mGET /css/style.css [32m200[0m 6.726 ms - 377[0m
2026-07-26 08:08:53 [INFO]: [0mGET /images/hero/monstera-plant.jpg [36m304[0m 2.602 ms - -[0m
2026-07-26 08:08:53 [INFO]: [0mGET /images/hero/snake-plant.jpg [36m304[0m 2.981 ms - -[0m
2026-07-26 08:08:53 [INFO]: [0mGET /images/hero/peace-lily.jpg [36m304[0m 3.025 ms - -[0m
2026-07-26 08:08:53 [INFO]: [0mGET /js/header.js [36m304[0m 1.983 ms - -[0m
2026-07-26 08:08:53 [INFO]: [0mGET /js/featured.js [36m304[0m 2.429 ms - -[0m
2026-07-26 08:08:53 [INFO]: [0mGET /css/variables.css [36m304[0m 1.153 ms - -[0m
2026-07-26 08:08:53 [INFO]: [0mGET /css/utilities.css [36m304[0m 1.250 ms - -[0m
2026-07-26 08:08:53 [INFO]: [0mGET /css/announcement.css [36m304[0m 1.318 ms - -[0m
2026-07-26 08:08:53 [INFO]: [0mGET /css/animations.css [36m304[0m 1.731 ms - -[0m
2026-07-26 08:08:53 [INFO]: [0mGET /css/header.css [36m304[0m 0.590 ms - -[0m
2026-07-26 08:08:53 [INFO]: [0mGET /css/hero.css [36m304[0m 0.341 ms - -[0m
2026-07-26 08:08:53 [INFO]: [0mGET /css/featured.css [36m304[0m 0.539 ms - -[0m
2026-07-26 08:08:53 [INFO]: [0mGET /css/why-choose.css [36m304[0m 1.095 ms - -[0m
2026-07-26 08:08:53 [INFO]: [0mGET /js/why-choose.js [36m304[0m 0.689 ms - -[0m
2026-07-26 08:08:53 [INFO]: [0mGET /css/footer.css [32m200[0m 3.165 ms - -[0m
2026-07-26 08:08:53 [INFO]: [0mGET /js/notification.js [36m304[0m 0.825 ms - -[0m
2026-07-26 08:08:53 [INFO]: [0mGET /images/hero/tulip-plant.jpg [36m304[0m 0.928 ms - -[0m
2026-07-26 08:08:53 [INFO]: [0mGET /images/hero/rubber-plant.jpg [36m304[0m 0.263 ms - -[0m
2026-07-26 08:08:53 [INFO]: [0mGET /js/footer.js [32m200[0m 2.393 ms - 480[0m
2026-07-26 08:08:53 [INFO]: [0mGET /images/hero/aloe-vera.jpg [36m304[0m 1.106 ms - -[0m
2026-07-26 08:08:53 [INFO]: [0mGET /images/hero/areca-palm.jpg [36m304[0m 1.557 ms - -[0m
2026-07-26 08:08:53 [INFO]: [0mGET /images/hero/jade-plant.jpg [36m304[0m 0.153 ms - -[0m
2026-07-26 08:08:53 [INFO]: [0mGET /images/hero/golden-pothos.jpg [36m304[0m 0.121 ms - -[0m
2026-07-26 08:08:53 [INFO]: [0mGET /images/hero/fiddle-leaf-fig.jpg [36m304[0m 0.256 ms - -[0m
2026-07-26 08:08:53 [INFO]: [0mGET /images/hero/why-choose.jpg [36m304[0m 0.160 ms - -[0m
2026-07-26 08:08:53 [INFO]: [0mGET /images/logo-white.png [33m404[0m 2.254 ms - 85[0m
2026-07-26 08:09:49 [INFO]: [0mGET / [32m200[0m 15.136 ms - -[0m
2026-07-26 08:09:49 [INFO]: [0mGET /css/style.css [36m304[0m 1.434 ms - -[0m
2026-07-26 08:09:49 [INFO]: [0mGET /images/logo/plantora.png [36m304[0m 0.623 ms - -[0m
2026-07-26 08:09:49 [INFO]: [0mGET /images/hero/hero-placeholder.png [36m304[0m 1.121 ms - -[0m
2026-07-26 08:09:49 [INFO]: [0mGET /images/hero/monstera-plant.jpg [36m304[0m 0.117 ms - -[0m
2026-07-26 08:09:49 [INFO]: [0mGET /images/hero/peace-lily.jpg [36m304[0m 0.313 ms - -[0m
2026-07-26 08:09:49 [INFO]: [0mGET /images/hero/snake-plant.jpg [36m304[0m 0.453 ms - -[0m
2026-07-26 08:09:49 [INFO]: [0mGET /js/header.js [36m304[0m 0.553 ms - -[0m
2026-07-26 08:09:49 [INFO]: [0mGET /js/featured.js [36m304[0m 0.174 ms - -[0m
2026-07-26 08:09:49 [INFO]: [0mGET /js/why-choose.js [36m304[0m 0.394 ms - -[0m
2026-07-26 08:09:49 [INFO]: [0mGET /js/notification.js [36m304[0m 0.513 ms - -[0m
2026-07-26 08:09:49 [INFO]: [0mGET /js/footer.js [36m304[0m 0.571 ms - -[0m
2026-07-26 08:09:49 [INFO]: [0mGET /images/hero/tulip-plant.jpg [36m304[0m 0.836 ms - -[0m
2026-07-26 08:09:49 [INFO]: [0mGET /images/hero/rubber-plant.jpg [36m304[0m 0.248 ms - -[0m
2026-07-26 08:09:49 [INFO]: [0mGET /images/hero/aloe-vera.jpg [36m304[0m 0.540 ms - -[0m
2026-07-26 08:09:49 [INFO]: [0mGET /css/variables.css [36m304[0m 0.437 ms - -[0m
2026-07-26 08:09:49 [INFO]: [0mGET /css/utilities.css [36m304[0m 0.625 ms - -[0m
2026-07-26 08:09:49 [INFO]: [0mGET /css/animations.css [36m304[0m 0.134 ms - -[0m
2026-07-26 08:09:49 [INFO]: [0mGET /css/announcement.css [36m304[0m 0.325 ms - -[0m
2026-07-26 08:09:49 [INFO]: [0mGET /css/header.css [36m304[0m 0.442 ms - -[0m
2026-07-26 08:09:49 [INFO]: [0mGET /css/hero.css [36m304[0m 0.748 ms - -[0m
2026-07-26 08:09:49 [INFO]: [0mGET /css/featured.css [36m304[0m 1.084 ms - -[0m
2026-07-26 08:09:49 [INFO]: [0mGET /css/why-choose.css [36m304[0m 0.379 ms - -[0m
2026-07-26 08:09:49 [INFO]: [0mGET /css/footer.css [36m304[0m 0.484 ms - -[0m
2026-07-26 08:09:49 [INFO]: [0mGET /images/hero/areca-palm.jpg [36m304[0m 0.216 ms - -[0m
2026-07-26 08:09:49 [INFO]: [0mGET /images/hero/jade-plant.jpg [36m304[0m 0.443 ms - -[0m
2026-07-26 08:09:49 [INFO]: [0mGET /images/hero/golden-pothos.jpg [36m304[0m 0.760 ms - -[0m
2026-07-26 08:09:49 [INFO]: [0mGET /images/hero/fiddle-leaf-fig.jpg [36m304[0m 0.517 ms - -[0m
2026-07-26 08:09:49 [INFO]: [0mGET /images/hero/why-choose.jpg [36m304[0m 0.587 ms - -[0m
2026-07-26 08:09:49 [INFO]: [0mGET /images/platora-orgn-white.png [33m404[0m 1.301 ms - 93[0m
2026-07-26 08:09:50 [INFO]: [0mGET / [36m304[0m 10.326 ms - -[0m
2026-07-26 08:09:50 [INFO]: [0mGET /css/style.css [36m304[0m 1.248 ms - -[0m
2026-07-26 08:09:50 [INFO]: [0mGET /images/logo/plantora.png [36m304[0m 1.725 ms - -[0m
2026-07-26 08:09:50 [INFO]: [0mGET /images/hero/hero-placeholder.png [36m304[0m 2.111 ms - -[0m
2026-07-26 08:09:50 [INFO]: [0mGET /images/hero/monstera-plant.jpg [36m304[0m 0.629 ms - -[0m
2026-07-26 08:09:50 [INFO]: [0mGET /images/hero/snake-plant.jpg [36m304[0m 0.846 ms - -[0m
2026-07-26 08:09:50 [INFO]: [0mGET /images/hero/peace-lily.jpg [36m304[0m 1.212 ms - -[0m
2026-07-26 08:09:50 [INFO]: [0mGET /js/header.js [36m304[0m 1.938 ms - -[0m
2026-07-26 08:09:50 [INFO]: [0mGET /js/featured.js [36m304[0m 1.067 ms - -[0m
2026-07-26 08:09:50 [INFO]: [0mGET /js/why-choose.js [36m304[0m 1.586 ms - -[0m
2026-07-26 08:09:50 [INFO]: [0mGET /js/notification.js [36m304[0m 0.765 ms - -[0m
2026-07-26 08:09:50 [INFO]: [0mGET /js/footer.js [36m304[0m 1.443 ms - -[0m
2026-07-26 08:09:50 [INFO]: [0mGET /images/hero/tulip-plant.jpg [36m304[0m 0.888 ms - -[0m
2026-07-26 08:09:50 [INFO]: [0mGET /css/variables.css [36m304[0m 1.685 ms - -[0m
2026-07-26 08:09:50 [INFO]: [0mGET /css/utilities.css [36m304[0m 0.991 ms - -[0m
2026-07-26 08:09:50 [INFO]: [0mGET /css/animations.css [36m304[0m 1.198 ms - -[0m
2026-07-26 08:09:50 [INFO]: [0mGET /css/announcement.css [36m304[0m 1.747 ms - -[0m
2026-07-26 08:09:50 [INFO]: [0mGET /css/header.css [36m304[0m 0.659 ms - -[0m
2026-07-26 08:09:50 [INFO]: [0mGET /css/hero.css [36m304[0m 1.349 ms - -[0m
2026-07-26 08:09:50 [INFO]: [0mGET /css/featured.css [36m304[0m 0.885 ms - -[0m
2026-07-26 08:09:50 [INFO]: [0mGET /css/why-choose.css [36m304[0m 1.090 ms - -[0m
2026-07-26 08:09:50 [INFO]: [0mGET /css/footer.css [36m304[0m 1.650 ms - -[0m
2026-07-26 08:09:50 [INFO]: [0mGET /images/hero/rubber-plant.jpg [36m304[0m 0.652 ms - -[0m
2026-07-26 08:09:50 [INFO]: [0mGET /images/hero/aloe-vera.jpg [36m304[0m 0.989 ms - -[0m
2026-07-26 08:09:50 [INFO]: [0mGET /images/hero/areca-palm.jpg [36m304[0m 0.453 ms - -[0m
2026-07-26 08:09:50 [INFO]: [0mGET /images/hero/jade-plant.jpg [36m304[0m 0.627 ms - -[0m
2026-07-26 08:09:50 [INFO]: [0mGET /images/hero/golden-pothos.jpg [36m304[0m 1.319 ms - -[0m
2026-07-26 08:09:50 [INFO]: [0mGET /images/hero/fiddle-leaf-fig.jpg [36m304[0m 0.832 ms - -[0m
2026-07-26 08:09:50 [INFO]: [0mGET /images/hero/why-choose.jpg [36m304[0m 0.945 ms - -[0m
2026-07-26 08:09:50 [INFO]: [0mGET /images/platora-orgn-white.png [33m404[0m 2.442 ms - 93[0m
2026-07-26 08:10:09 [INFO]: [0mGET / [32m200[0m 8.414 ms - -[0m
2026-07-26 08:10:09 [INFO]: [0mGET /css/style.css [36m304[0m 1.381 ms - -[0m
2026-07-26 08:10:09 [INFO]: [0mGET /images/logo/plantora.png [36m304[0m 1.526 ms - -[0m
2026-07-26 08:10:09 [INFO]: [0mGET /images/hero/hero-placeholder.png [36m304[0m 0.198 ms - -[0m
2026-07-26 08:10:09 [INFO]: [0mGET /images/hero/monstera-plant.jpg [36m304[0m 0.393 ms - -[0m
2026-07-26 08:10:09 [INFO]: [0mGET /images/hero/snake-plant.jpg [36m304[0m 0.298 ms - -[0m
2026-07-26 08:10:09 [INFO]: [0mGET /images/hero/peace-lily.jpg [36m304[0m 0.858 ms - -[0m
2026-07-26 08:10:09 [INFO]: [0mGET /js/header.js [36m304[0m 1.115 ms - -[0m
2026-07-26 08:10:09 [INFO]: [0mGET /js/featured.js [36m304[0m 0.392 ms - -[0m
2026-07-26 08:10:09 [INFO]: [0mGET /js/why-choose.js [36m304[0m 0.527 ms - -[0m
2026-07-26 08:10:09 [INFO]: [0mGET /css/variables.css [36m304[0m 0.892 ms - -[0m
2026-07-26 08:10:09 [INFO]: [0mGET /css/animations.css [36m304[0m 0.336 ms - -[0m
2026-07-26 08:10:09 [INFO]: [0mGET /css/utilities.css [36m304[0m 0.580 ms - -[0m
2026-07-26 08:10:09 [INFO]: [0mGET /css/announcement.css [36m304[0m 0.881 ms - -[0m
2026-07-26 08:10:09 [INFO]: [0mGET /css/header.css [36m304[0m 0.504 ms - -[0m
2026-07-26 08:10:09 [INFO]: [0mGET /css/hero.css [36m304[0m 0.639 ms - -[0m
2026-07-26 08:10:09 [INFO]: [0mGET /css/featured.css [36m304[0m 1.016 ms - -[0m
2026-07-26 08:10:09 [INFO]: [0mGET /css/why-choose.css [36m304[0m 0.541 ms - -[0m
2026-07-26 08:10:09 [INFO]: [0mGET /css/footer.css [36m304[0m 0.706 ms - -[0m
2026-07-26 08:10:09 [INFO]: [0mGET /js/notification.js [36m304[0m 0.225 ms - -[0m
2026-07-26 08:10:09 [INFO]: [0mGET /js/footer.js [36m304[0m 0.347 ms - -[0m
2026-07-26 08:10:09 [INFO]: [0mGET /images/hero/tulip-plant.jpg [36m304[0m 0.727 ms - -[0m
2026-07-26 08:10:09 [INFO]: [0mGET /images/hero/rubber-plant.jpg [36m304[0m 0.211 ms - -[0m
2026-07-26 08:10:09 [INFO]: [0mGET /images/hero/aloe-vera.jpg [36m304[0m 0.327 ms - -[0m
2026-07-26 08:10:09 [INFO]: [0mGET /images/hero/areca-palm.jpg [36m304[0m 0.472 ms - -[0m
2026-07-26 08:10:09 [INFO]: [0mGET /images/hero/jade-plant.jpg [36m304[0m 0.221 ms - -[0m
2026-07-26 08:10:09 [INFO]: [0mGET /images/hero/golden-pothos.jpg [36m304[0m 0.337 ms - -[0m
2026-07-26 08:10:09 [INFO]: [0mGET /images/hero/fiddle-leaf-fig.jpg [36m304[0m 0.469 ms - -[0m
2026-07-26 08:10:09 [INFO]: [0mGET /images/hero/why-choose.jpg [36m304[0m 0.323 ms - -[0m
2026-07-26 08:10:09 [INFO]: [0mGET /images/logo/platora-orgn-white.png [33m404[0m 1.169 ms - 98[0m
2026-07-26 08:10:10 [INFO]: [0mGET / [36m304[0m 9.563 ms - -[0m
2026-07-26 08:10:10 [INFO]: [0mGET /css/style.css [36m304[0m 1.026 ms - -[0m
2026-07-26 08:10:10 [INFO]: [0mGET /images/logo/plantora.png [36m304[0m 1.266 ms - -[0m
2026-07-26 08:10:10 [INFO]: [0mGET /images/hero/hero-placeholder.png [36m304[0m 1.290 ms - -[0m
2026-07-26 08:10:10 [INFO]: [0mGET /images/hero/monstera-plant.jpg [36m304[0m 0.702 ms - -[0m
2026-07-26 08:10:10 [INFO]: [0mGET /images/hero/snake-plant.jpg [36m304[0m 0.941 ms - -[0m
2026-07-26 08:10:10 [INFO]: [0mGET /images/hero/peace-lily.jpg [36m304[0m 1.234 ms - -[0m
2026-07-26 08:10:10 [INFO]: [0mGET /js/header.js [36m304[0m 1.488 ms - -[0m
2026-07-26 08:10:10 [INFO]: [0mGET /js/featured.js [36m304[0m 1.829 ms - -[0m
2026-07-26 08:10:10 [INFO]: [0mGET /css/variables.css [36m304[0m 0.445 ms - -[0m
2026-07-26 08:10:10 [INFO]: [0mGET /css/utilities.css [36m304[0m 0.466 ms - -[0m
2026-07-26 08:10:10 [INFO]: [0mGET /css/animations.css [36m304[0m 0.597 ms - -[0m
2026-07-26 08:10:10 [INFO]: [0mGET /css/announcement.css [36m304[0m 0.730 ms - -[0m
2026-07-26 08:10:10 [INFO]: [0mGET /css/header.css [36m304[0m 1.118 ms - -[0m
2026-07-26 08:10:10 [INFO]: [0mGET /css/hero.css [36m304[0m 0.647 ms - -[0m
2026-07-26 08:10:10 [INFO]: [0mGET /css/featured.css [36m304[0m 1.475 ms - -[0m
2026-07-26 08:10:10 [INFO]: [0mGET /css/why-choose.css [36m304[0m 0.822 ms - -[0m
2026-07-26 08:10:10 [INFO]: [0mGET /css/footer.css [36m304[0m 2.006 ms - -[0m
2026-07-26 08:10:10 [INFO]: [0mGET /js/why-choose.js [36m304[0m 1.262 ms - -[0m
2026-07-26 08:10:10 [INFO]: [0mGET /js/notification.js [36m304[0m 1.327 ms - -[0m
2026-07-26 08:10:10 [INFO]: [0mGET /js/footer.js [36m304[0m 1.500 ms - -[0m
2026-07-26 08:10:10 [INFO]: [0mGET /images/hero/tulip-plant.jpg [36m304[0m 0.289 ms - -[0m
2026-07-26 08:10:10 [INFO]: [0mGET /images/hero/rubber-plant.jpg [36m304[0m 0.660 ms - -[0m
2026-07-26 08:10:10 [INFO]: [0mGET /images/hero/aloe-vera.jpg [36m304[0m 0.568 ms - -[0m
2026-07-26 08:10:10 [INFO]: [0mGET /images/hero/areca-palm.jpg [36m304[0m 1.129 ms - -[0m
2026-07-26 08:10:10 [INFO]: [0mGET /images/hero/jade-plant.jpg [36m304[0m 0.812 ms - -[0m
2026-07-26 08:10:10 [INFO]: [0mGET /images/hero/golden-pothos.jpg [36m304[0m 1.155 ms - -[0m
2026-07-26 08:10:10 [INFO]: [0mGET /images/hero/fiddle-leaf-fig.jpg [36m304[0m 1.373 ms - -[0m
2026-07-26 08:10:10 [INFO]: [0mGET /images/hero/why-choose.jpg [36m304[0m 0.269 ms - -[0m
2026-07-26 08:10:10 [INFO]: [0mGET /images/logo/platora-orgn-white.png [33m404[0m 1.529 ms - 98[0m
2026-07-26 08:10:36 [INFO]: [0mGET / [32m200[0m 5.548 ms - -[0m
2026-07-26 08:10:36 [INFO]: [0mGET /css/style.css [36m304[0m 0.893 ms - -[0m
2026-07-26 08:10:36 [INFO]: [0mGET /images/logo/plantora.png [36m304[0m 0.819 ms - -[0m
2026-07-26 08:10:36 [INFO]: [0mGET /images/hero/hero-placeholder.png [36m304[0m 0.888 ms - -[0m
2026-07-26 08:10:36 [INFO]: [0mGET /images/hero/monstera-plant.jpg [36m304[0m 0.309 ms - -[0m
2026-07-26 08:10:36 [INFO]: [0mGET /images/hero/snake-plant.jpg [36m304[0m 1.104 ms - -[0m
2026-07-26 08:10:36 [INFO]: [0mGET /images/hero/peace-lily.jpg [36m304[0m 1.162 ms - -[0m
2026-07-26 08:10:36 [INFO]: [0mGET /js/header.js [36m304[0m 0.729 ms - -[0m
2026-07-26 08:10:36 [INFO]: [0mGET /js/featured.js [36m304[0m 0.732 ms - -[0m
2026-07-26 08:10:36 [INFO]: [0mGET /js/why-choose.js [36m304[0m 1.503 ms - -[0m
2026-07-26 08:10:36 [INFO]: [0mGET /js/notification.js [36m304[0m 1.283 ms - -[0m
2026-07-26 08:10:36 [INFO]: [0mGET /css/variables.css [36m304[0m 1.311 ms - -[0m
2026-07-26 08:10:36 [INFO]: [0mGET /css/utilities.css [36m304[0m 2.437 ms - -[0m
2026-07-26 08:10:36 [INFO]: [0mGET /css/animations.css [36m304[0m 1.622 ms - -[0m
2026-07-26 08:10:36 [INFO]: [0mGET /css/announcement.css [36m304[0m 2.569 ms - -[0m
2026-07-26 08:10:36 [INFO]: [0mGET /css/header.css [36m304[0m 1.615 ms - -[0m
2026-07-26 08:10:36 [INFO]: [0mGET /css/hero.css [36m304[0m 2.209 ms - -[0m
2026-07-26 08:10:36 [INFO]: [0mGET /css/featured.css [36m304[0m 2.466 ms - -[0m
2026-07-26 08:10:36 [INFO]: [0mGET /css/why-choose.css [36m304[0m 0.253 ms - -[0m
2026-07-26 08:10:36 [INFO]: [0mGET /css/footer.css [36m304[0m 0.684 ms - -[0m
2026-07-26 08:10:36 [INFO]: [0mGET /js/footer.js [36m304[0m 1.188 ms - -[0m
2026-07-26 08:10:36 [INFO]: [0mGET /images/hero/tulip-plant.jpg [36m304[0m 0.833 ms - -[0m
2026-07-26 08:10:36 [INFO]: [0mGET /images/hero/rubber-plant.jpg [36m304[0m 0.871 ms - -[0m
2026-07-26 08:10:36 [INFO]: [0mGET /images/hero/aloe-vera.jpg [36m304[0m 1.448 ms - -[0m
2026-07-26 08:10:36 [INFO]: [0mGET /images/hero/areca-palm.jpg [36m304[0m 2.052 ms - -[0m
2026-07-26 08:10:36 [INFO]: [0mGET /images/hero/jade-plant.jpg [36m304[0m 0.868 ms - -[0m
2026-07-26 08:10:36 [INFO]: [0mGET /images/hero/golden-pothos.jpg [36m304[0m 0.732 ms - -[0m
2026-07-26 08:10:36 [INFO]: [0mGET /images/hero/fiddle-leaf-fig.jpg [36m304[0m 0.853 ms - -[0m
2026-07-26 08:10:36 [INFO]: [0mGET /images/hero/why-choose.jpg [36m304[0m 1.017 ms - -[0m
2026-07-26 08:10:36 [INFO]: [0mGET /public/images/logo/plantora-orgn-white.png [33m404[0m 2.277 ms - 106[0m
2026-07-26 08:10:37 [INFO]: [0mGET / [36m304[0m 8.670 ms - -[0m
2026-07-26 08:10:37 [INFO]: [0mGET /css/style.css [36m304[0m 0.523 ms - -[0m
2026-07-26 08:10:37 [INFO]: [0mGET /images/logo/plantora.png [36m304[0m 0.553 ms - -[0m
2026-07-26 08:10:37 [INFO]: [0mGET /images/hero/hero-placeholder.png [36m304[0m 1.044 ms - -[0m
2026-07-26 08:10:37 [INFO]: [0mGET /images/hero/monstera-plant.jpg [36m304[0m 0.327 ms - -[0m
2026-07-26 08:10:37 [INFO]: [0mGET /images/hero/snake-plant.jpg [36m304[0m 0.318 ms - -[0m
2026-07-26 08:10:37 [INFO]: [0mGET /images/hero/peace-lily.jpg [36m304[0m 0.199 ms - -[0m
2026-07-26 08:10:37 [INFO]: [0mGET /js/header.js [36m304[0m 0.800 ms - -[0m
2026-07-26 08:10:37 [INFO]: [0mGET /css/variables.css [36m304[0m 1.022 ms - -[0m
2026-07-26 08:10:37 [INFO]: [0mGET /js/featured.js [36m304[0m 1.294 ms - -[0m
2026-07-26 08:10:37 [INFO]: [0mGET /js/why-choose.js [36m304[0m 1.916 ms - -[0m
2026-07-26 08:10:37 [INFO]: [0mGET /css/utilities.css [36m304[0m 0.979 ms - -[0m
2026-07-26 08:10:37 [INFO]: [0mGET /css/animations.css [36m304[0m 2.148 ms - -[0m
2026-07-26 08:10:37 [INFO]: [0mGET /css/announcement.css [36m304[0m 0.992 ms - -[0m
2026-07-26 08:10:37 [INFO]: [0mGET /css/header.css [36m304[0m 1.289 ms - -[0m
2026-07-26 08:10:37 [INFO]: [0mGET /css/hero.css [36m304[0m 2.007 ms - -[0m
2026-07-26 08:10:37 [INFO]: [0mGET /css/featured.css [36m304[0m 0.558 ms - -[0m
2026-07-26 08:10:37 [INFO]: [0mGET /css/why-choose.css [36m304[0m 0.215 ms - -[0m
2026-07-26 08:10:37 [INFO]: [0mGET /css/footer.css [36m304[0m 0.740 ms - -[0m
2026-07-26 08:10:37 [INFO]: [0mGET /js/notification.js [36m304[0m 0.413 ms - -[0m
2026-07-26 08:10:37 [INFO]: [0mGET /js/footer.js [36m304[0m 0.567 ms - -[0m
2026-07-26 08:10:37 [INFO]: [0mGET /images/hero/tulip-plant.jpg [36m304[0m 0.506 ms - -[0m
2026-07-26 08:10:37 [INFO]: [0mGET /images/hero/rubber-plant.jpg [36m304[0m 0.567 ms - -[0m
2026-07-26 08:10:37 [INFO]: [0mGET /images/hero/aloe-vera.jpg [36m304[0m 0.787 ms - -[0m
2026-07-26 08:10:37 [INFO]: [0mGET /images/hero/areca-palm.jpg [36m304[0m 0.797 ms - -[0m
2026-07-26 08:10:37 [INFO]: [0mGET /images/hero/jade-plant.jpg [36m304[0m 0.521 ms - -[0m
2026-07-26 08:10:37 [INFO]: [0mGET /images/hero/golden-pothos.jpg [36m304[0m 0.403 ms - -[0m
2026-07-26 08:10:37 [INFO]: [0mGET /images/hero/fiddle-leaf-fig.jpg [36m304[0m 0.504 ms - -[0m
2026-07-26 08:10:37 [INFO]: [0mGET /images/hero/why-choose.jpg [36m304[0m 0.680 ms - -[0m
2026-07-26 08:10:37 [INFO]: [0mGET /public/images/logo/plantora-orgn-white.png [33m404[0m 1.682 ms - 106[0m
2026-07-26 08:10:45 [INFO]: [0mGET / [32m200[0m 11.444 ms - -[0m
2026-07-26 08:10:45 [INFO]: [0mGET /css/style.css [36m304[0m 1.196 ms - -[0m
2026-07-26 08:10:45 [INFO]: [0mGET /images/logo/plantora.png [36m304[0m 1.191 ms - -[0m
2026-07-26 08:10:45 [INFO]: [0mGET /images/hero/hero-placeholder.png [36m304[0m 1.284 ms - -[0m
2026-07-26 08:10:45 [INFO]: [0mGET /images/hero/monstera-plant.jpg [36m304[0m 0.362 ms - -[0m
2026-07-26 08:10:45 [INFO]: [0mGET /images/hero/snake-plant.jpg [36m304[0m 1.023 ms - -[0m
2026-07-26 08:10:45 [INFO]: [0mGET /images/hero/peace-lily.jpg [36m304[0m 0.727 ms - -[0m
2026-07-26 08:10:45 [INFO]: [0mGET /js/header.js [36m304[0m 0.938 ms - -[0m
2026-07-26 08:10:45 [INFO]: [0mGET /js/featured.js [36m304[0m 1.085 ms - -[0m
2026-07-26 08:10:45 [INFO]: [0mGET /css/variables.css [36m304[0m 1.202 ms - -[0m
2026-07-26 08:10:45 [INFO]: [0mGET /js/why-choose.js [36m304[0m 1.499 ms - -[0m
2026-07-26 08:10:45 [INFO]: [0mGET /css/utilities.css [36m304[0m 0.930 ms - -[0m
2026-07-26 08:10:45 [INFO]: [0mGET /css/animations.css [36m304[0m 0.905 ms - -[0m
2026-07-26 08:10:45 [INFO]: [0mGET /css/announcement.css [36m304[0m 1.113 ms - -[0m
2026-07-26 08:10:45 [INFO]: [0mGET /css/header.css [36m304[0m 1.319 ms - -[0m
2026-07-26 08:10:45 [INFO]: [0mGET /css/hero.css [36m304[0m 1.853 ms - -[0m
2026-07-26 08:10:45 [INFO]: [0mGET /css/featured.css [36m304[0m 0.801 ms - -[0m
2026-07-26 08:10:45 [INFO]: [0mGET /css/why-choose.css [36m304[0m 0.806 ms - -[0m
2026-07-26 08:10:45 [INFO]: [0mGET /css/footer.css [36m304[0m 0.930 ms - -[0m
2026-07-26 08:10:45 [INFO]: [0mGET /js/notification.js [36m304[0m 0.749 ms - -[0m
2026-07-26 08:10:45 [INFO]: [0mGET /js/footer.js [36m304[0m 1.288 ms - -[0m
2026-07-26 08:10:45 [INFO]: [0mGET /images/hero/tulip-plant.jpg [36m304[0m 0.613 ms - -[0m
2026-07-26 08:10:45 [INFO]: [0mGET /images/hero/rubber-plant.jpg [36m304[0m 0.902 ms - -[0m
2026-07-26 08:10:45 [INFO]: [0mGET /images/hero/aloe-vera.jpg [36m304[0m 0.498 ms - -[0m
2026-07-26 08:10:45 [INFO]: [0mGET /images/hero/areca-palm.jpg [36m304[0m 0.375 ms - -[0m
2026-07-26 08:10:45 [INFO]: [0mGET /images/hero/jade-plant.jpg [36m304[0m 0.542 ms - -[0m
2026-07-26 08:10:45 [INFO]: [0mGET /images/hero/golden-pothos.jpg [36m304[0m 1.063 ms - -[0m
2026-07-26 08:10:45 [INFO]: [0mGET /images/hero/fiddle-leaf-fig.jpg [36m304[0m 0.677 ms - -[0m
2026-07-26 08:10:45 [INFO]: [0mGET /images/hero/why-choose.jpg [36m304[0m 0.768 ms - -[0m
2026-07-26 08:10:45 [INFO]: [0mGET /logo/plantora-orgn-white.png [33m404[0m 1.663 ms - 92[0m
2026-07-26 08:10:46 [INFO]: [0mGET / [36m304[0m 8.495 ms - -[0m
2026-07-26 08:10:46 [INFO]: [0mGET /css/style.css [36m304[0m 0.437 ms - -[0m
2026-07-26 08:10:46 [INFO]: [0mGET /images/logo/plantora.png [36m304[0m 0.713 ms - -[0m
2026-07-26 08:10:46 [INFO]: [0mGET /images/hero/hero-placeholder.png [36m304[0m 0.850 ms - -[0m
2026-07-26 08:10:46 [INFO]: [0mGET /images/hero/monstera-plant.jpg [36m304[0m 0.398 ms - -[0m
2026-07-26 08:10:46 [INFO]: [0mGET /images/hero/snake-plant.jpg [36m304[0m 0.305 ms - -[0m
2026-07-26 08:10:46 [INFO]: [0mGET /images/hero/peace-lily.jpg [36m304[0m 0.708 ms - -[0m
2026-07-26 08:10:46 [INFO]: [0mGET /js/header.js [36m304[0m 0.998 ms - -[0m
2026-07-26 08:10:46 [INFO]: [0mGET /js/featured.js [36m304[0m 0.741 ms - -[0m
2026-07-26 08:10:46 [INFO]: [0mGET /js/why-choose.js [36m304[0m 1.340 ms - -[0m
2026-07-26 08:10:46 [INFO]: [0mGET /css/variables.css [36m304[0m 0.788 ms - -[0m
2026-07-26 08:10:46 [INFO]: [0mGET /css/utilities.css [36m304[0m 1.230 ms - -[0m
2026-07-26 08:10:46 [INFO]: [0mGET /css/animations.css [36m304[0m 0.925 ms - -[0m
2026-07-26 08:10:46 [INFO]: [0mGET /css/announcement.css [36m304[0m 1.323 ms - -[0m
2026-07-26 08:10:46 [INFO]: [0mGET /css/header.css [36m304[0m 1.720 ms - -[0m
2026-07-26 08:10:46 [INFO]: [0mGET /css/hero.css [36m304[0m 0.879 ms - -[0m
2026-07-26 08:10:46 [INFO]: [0mGET /css/featured.css [36m304[0m 1.043 ms - -[0m
2026-07-26 08:10:46 [INFO]: [0mGET /css/why-choose.css [36m304[0m 1.232 ms - -[0m
2026-07-26 08:10:46 [INFO]: [0mGET /css/footer.css [36m304[0m 0.307 ms - -[0m
2026-07-26 08:10:46 [INFO]: [0mGET /js/notification.js [36m304[0m 0.616 ms - -[0m
2026-07-26 08:10:46 [INFO]: [0mGET /js/footer.js [36m304[0m 0.666 ms - -[0m
2026-07-26 08:10:46 [INFO]: [0mGET /images/hero/tulip-plant.jpg [36m304[0m 0.797 ms - -[0m
2026-07-26 08:10:46 [INFO]: [0mGET /images/hero/rubber-plant.jpg [36m304[0m 0.645 ms - -[0m
2026-07-26 08:10:46 [INFO]: [0mGET /images/hero/aloe-vera.jpg [36m304[0m 0.805 ms - -[0m
2026-07-26 08:10:46 [INFO]: [0mGET /images/hero/areca-palm.jpg [36m304[0m 0.412 ms - -[0m
2026-07-26 08:10:46 [INFO]: [0mGET /images/hero/jade-plant.jpg [36m304[0m 0.562 ms - -[0m
2026-07-26 08:10:46 [INFO]: [0mGET /images/hero/golden-pothos.jpg [36m304[0m 1.058 ms - -[0m
2026-07-26 08:10:46 [INFO]: [0mGET /images/hero/fiddle-leaf-fig.jpg [36m304[0m 0.596 ms - -[0m
2026-07-26 08:10:46 [INFO]: [0mGET /images/hero/why-choose.jpg [36m304[0m 0.857 ms - -[0m
2026-07-26 08:10:46 [INFO]: [0mGET /logo/plantora-orgn-white.png [33m404[0m 1.380 ms - 92[0m
2026-07-26 08:10:55 [INFO]: [0mGET / [32m200[0m 10.675 ms - -[0m
2026-07-26 08:10:55 [INFO]: [0mGET /css/style.css [36m304[0m 1.014 ms - -[0m
2026-07-26 08:10:55 [INFO]: [0mGET /images/logo/plantora.png [36m304[0m 0.824 ms - -[0m
2026-07-26 08:10:55 [INFO]: [0mGET /images/hero/hero-placeholder.png [36m304[0m 1.483 ms - -[0m
2026-07-26 08:10:55 [INFO]: [0mGET /images/hero/monstera-plant.jpg [36m304[0m 1.127 ms - -[0m
2026-07-26 08:10:55 [INFO]: [0mGET /images/hero/snake-plant.jpg [36m304[0m 1.353 ms - -[0m
2026-07-26 08:10:55 [INFO]: [0mGET /images/hero/peace-lily.jpg [36m304[0m 2.897 ms - -[0m
2026-07-26 08:10:55 [INFO]: [0mGET /js/featured.js [36m304[0m 1.811 ms - -[0m
2026-07-26 08:10:55 [INFO]: [0mGET /js/header.js [36m304[0m 1.800 ms - -[0m
2026-07-26 08:10:55 [INFO]: [0mGET /js/why-choose.js [36m304[0m 2.273 ms - -[0m
2026-07-26 08:10:55 [INFO]: [0mGET /css/variables.css [36m304[0m 0.722 ms - -[0m
2026-07-26 08:10:55 [INFO]: [0mGET /css/utilities.css [36m304[0m 1.568 ms - -[0m
2026-07-26 08:10:55 [INFO]: [0mGET /css/animations.css [36m304[0m 1.080 ms - -[0m
2026-07-26 08:10:55 [INFO]: [0mGET /css/announcement.css [36m304[0m 1.262 ms - -[0m
2026-07-26 08:10:55 [INFO]: [0mGET /css/header.css [36m304[0m 1.735 ms - -[0m
2026-07-26 08:10:55 [INFO]: [0mGET /css/hero.css [36m304[0m 0.813 ms - -[0m
2026-07-26 08:10:55 [INFO]: [0mGET /css/featured.css [36m304[0m 0.892 ms - -[0m
2026-07-26 08:10:55 [INFO]: [0mGET /css/why-choose.css [36m304[0m 0.366 ms - -[0m
2026-07-26 08:10:55 [INFO]: [0mGET /css/footer.css [36m304[0m 0.508 ms - -[0m
2026-07-26 08:10:55 [INFO]: [0mGET /js/notification.js [36m304[0m 1.281 ms - -[0m
2026-07-26 08:10:55 [INFO]: [0mGET /js/footer.js [36m304[0m 0.929 ms - -[0m
2026-07-26 08:10:55 [INFO]: [0mGET /images/hero/tulip-plant.jpg [36m304[0m 1.091 ms - -[0m
2026-07-26 08:10:55 [INFO]: [0mGET /images/hero/rubber-plant.jpg [36m304[0m 0.692 ms - -[0m
2026-07-26 08:10:55 [INFO]: [0mGET /images/hero/aloe-vera.jpg [36m304[0m 0.808 ms - -[0m
2026-07-26 08:10:55 [INFO]: [0mGET /images/hero/areca-palm.jpg [36m304[0m 1.005 ms - -[0m
2026-07-26 08:10:55 [INFO]: [0mGET /images/hero/jade-plant.jpg [36m304[0m 0.271 ms - -[0m
2026-07-26 08:10:55 [INFO]: [0mGET /images/hero/golden-pothos.jpg [36m304[0m 0.374 ms - -[0m
2026-07-26 08:10:55 [INFO]: [0mGET /images/hero/fiddle-leaf-fig.jpg [36m304[0m 0.353 ms - -[0m
2026-07-26 08:10:55 [INFO]: [0mGET /images/hero/why-choose.jpg [36m304[0m 0.632 ms - -[0m
2026-07-26 08:10:55 [INFO]: [0mGET /images/logo/plantora-orgn-white.png [32m200[0m 0.909 ms - 268580[0m
2026-07-26 08:11:01 [INFO]: [0mGET /css/style.css [36m304[0m 0.246 ms - -[0m
2026-07-26 08:11:01 [INFO]: [0mGET /css/variables.css [36m304[0m 0.315 ms - -[0m
2026-07-26 08:11:01 [INFO]: [0mGET /css/utilities.css [36m304[0m 0.608 ms - -[0m
2026-07-26 08:11:01 [INFO]: [0mGET /css/animations.css [36m304[0m 0.780 ms - -[0m
2026-07-26 08:11:01 [INFO]: [0mGET /css/announcement.css [36m304[0m 0.883 ms - -[0m
2026-07-26 08:11:01 [INFO]: [0mGET /css/header.css [36m304[0m 0.997 ms - -[0m
2026-07-26 08:11:01 [INFO]: [0mGET /css/hero.css [36m304[0m 1.140 ms - -[0m
2026-07-26 08:11:01 [INFO]: [0mGET /css/featured.css [36m304[0m 0.222 ms - -[0m
2026-07-26 08:11:01 [INFO]: [0mGET /css/why-choose.css [36m304[0m 0.428 ms - -[0m
2026-07-26 08:11:01 [INFO]: [0mGET /css/footer.css [36m304[0m 0.816 ms - -[0m
2026-07-26 08:11:01 [INFO]: [0mGET /.well-known/appspecific/com.chrome.devtools.json [33m404[0m 1.606 ms - 112[0m
2026-07-26 08:11:55 [INFO]: [0mGET / [36m304[0m 4.117 ms - -[0m
2026-07-26 08:11:55 [INFO]: [0mGET /css/style.css [36m304[0m 0.442 ms - -[0m
2026-07-26 08:11:55 [INFO]: [0mGET /images/logo/plantora.png [36m304[0m 0.186 ms - -[0m
2026-07-26 08:11:55 [INFO]: [0mGET /images/hero/hero-placeholder.png [36m304[0m 0.419 ms - -[0m
2026-07-26 08:11:55 [INFO]: [0mGET /.well-known/appspecific/com.chrome.devtools.json [33m404[0m 1.220 ms - 112[0m
2026-07-26 08:11:55 [INFO]: [0mGET /images/hero/monstera-plant.jpg [36m304[0m 0.386 ms - -[0m
2026-07-26 08:11:55 [INFO]: [0mGET /images/hero/snake-plant.jpg [36m304[0m 0.427 ms - -[0m
2026-07-26 08:11:55 [INFO]: [0mGET /images/hero/peace-lily.jpg [36m304[0m 0.701 ms - -[0m
2026-07-26 08:11:55 [INFO]: [0mGET /js/header.js [36m304[0m 0.977 ms - -[0m
2026-07-26 08:11:55 [INFO]: [0mGET /js/featured.js [36m304[0m 0.756 ms - -[0m
2026-07-26 08:11:55 [INFO]: [0mGET /css/animations.css [36m304[0m 1.075 ms - -[0m
2026-07-26 08:11:55 [INFO]: [0mGET /css/announcement.css [36m304[0m 1.249 ms - -[0m
2026-07-26 08:11:55 [INFO]: [0mGET /css/header.css [36m304[0m 1.469 ms - -[0m
2026-07-26 08:11:55 [INFO]: [0mGET /css/variables.css [36m304[0m 1.684 ms - -[0m
2026-07-26 08:11:55 [INFO]: [0mGET /css/utilities.css [36m304[0m 1.910 ms - -[0m
2026-07-26 08:11:55 [INFO]: [0mGET /css/hero.css [36m304[0m 0.477 ms - -[0m
2026-07-26 08:11:55 [INFO]: [0mGET /css/featured.css [36m304[0m 0.556 ms - -[0m
2026-07-26 08:11:55 [INFO]: [0mGET /css/why-choose.css [36m304[0m 0.792 ms - -[0m
2026-07-26 08:11:55 [INFO]: [0mGET /css/footer.css [32m200[0m 1.271 ms - -[0m
2026-07-26 08:11:55 [INFO]: [0mGET /js/why-choose.js [36m304[0m 0.205 ms - -[0m
2026-07-26 08:11:55 [INFO]: [0mGET /js/notification.js [36m304[0m 0.166 ms - -[0m
2026-07-26 08:11:55 [INFO]: [0mGET /js/footer.js [36m304[0m 0.175 ms - -[0m
2026-07-26 08:11:55 [INFO]: [0mGET /images/hero/tulip-plant.jpg [36m304[0m 0.149 ms - -[0m
2026-07-26 08:11:55 [INFO]: [0mGET /images/hero/rubber-plant.jpg [36m304[0m 0.312 ms - -[0m
2026-07-26 08:11:55 [INFO]: [0mGET /images/hero/aloe-vera.jpg [36m304[0m 0.144 ms - -[0m
2026-07-26 08:11:55 [INFO]: [0mGET /images/hero/areca-palm.jpg [36m304[0m 0.151 ms - -[0m
2026-07-26 08:11:55 [INFO]: [0mGET /images/hero/jade-plant.jpg [36m304[0m 0.258 ms - -[0m
2026-07-26 08:11:55 [INFO]: [0mGET /images/hero/golden-pothos.jpg [36m304[0m 0.241 ms - -[0m
2026-07-26 08:11:55 [INFO]: [0mGET /images/hero/fiddle-leaf-fig.jpg [36m304[0m 0.224 ms - -[0m
2026-07-26 08:11:55 [INFO]: [0mGET /images/hero/why-choose.jpg [36m304[0m 0.219 ms - -[0m
2026-07-26 08:11:55 [INFO]: [0mGET /images/logo/plantora-orgn-white.png [36m304[0m 0.258 ms - -[0m
2026-07-26 08:12:46 [INFO]: [0mGET /css/style.css [36m304[0m 0.199 ms - -[0m
2026-07-26 08:12:46 [INFO]: [0mGET /css/variables.css [36m304[0m 0.138 ms - -[0m
2026-07-26 08:12:46 [INFO]: [0mGET /css/utilities.css [36m304[0m 0.763 ms - -[0m
2026-07-26 08:12:46 [INFO]: [0mGET /css/animations.css [36m304[0m 0.912 ms - -[0m
2026-07-26 08:12:46 [INFO]: [0mGET /css/announcement.css [36m304[0m 1.036 ms - -[0m
2026-07-26 08:12:46 [INFO]: [0mGET /css/header.css [36m304[0m 1.168 ms - -[0m
2026-07-26 08:12:46 [INFO]: [0mGET /css/hero.css [36m304[0m 1.229 ms - -[0m
2026-07-26 08:12:46 [INFO]: [0mGET /css/featured.css [36m304[0m 1.542 ms - -[0m
2026-07-26 08:12:46 [INFO]: [0mGET /css/why-choose.css [36m304[0m 0.304 ms - -[0m
2026-07-26 08:12:46 [INFO]: [0mGET /css/footer.css [32m200[0m 1.232 ms - -[0m
2026-07-26 08:12:46 [INFO]: [0mGET /.well-known/appspecific/com.chrome.devtools.json [33m404[0m 1.788 ms - 112[0m
2026-07-26 08:13:22 [INFO]: [0mGET / [36m304[0m 5.080 ms - -[0m
2026-07-26 08:13:22 [INFO]: [0mGET /css/style.css [36m304[0m 0.310 ms - -[0m
2026-07-26 08:13:22 [INFO]: [0mGET /images/logo/plantora.png [36m304[0m 0.616 ms - -[0m
2026-07-26 08:13:22 [INFO]: [0mGET /images/hero/hero-placeholder.png [36m304[0m 0.221 ms - -[0m
2026-07-26 08:13:22 [INFO]: [0mGET /.well-known/appspecific/com.chrome.devtools.json [33m404[0m 1.432 ms - 112[0m
2026-07-26 08:13:22 [INFO]: [0mGET /images/hero/monstera-plant.jpg [36m304[0m 0.603 ms - -[0m
2026-07-26 08:13:22 [INFO]: [0mGET /images/hero/snake-plant.jpg [36m304[0m 0.784 ms - -[0m
2026-07-26 08:13:22 [INFO]: [0mGET /images/hero/peace-lily.jpg [36m304[0m 1.112 ms - -[0m
2026-07-26 08:13:22 [INFO]: [0mGET /js/featured.js [36m304[0m 0.306 ms - -[0m
2026-07-26 08:13:22 [INFO]: [0mGET /js/header.js [36m304[0m 0.460 ms - -[0m
2026-07-26 08:13:22 [INFO]: [0mGET /css/variables.css [36m304[0m 0.425 ms - -[0m
2026-07-26 08:13:22 [INFO]: [0mGET /css/utilities.css [36m304[0m 0.684 ms - -[0m
2026-07-26 08:13:22 [INFO]: [0mGET /css/animations.css [36m304[0m 1.207 ms - -[0m
2026-07-26 08:13:22 [INFO]: [0mGET /css/announcement.css [36m304[0m 0.460 ms - -[0m
2026-07-26 08:13:22 [INFO]: [0mGET /css/featured.css [36m304[0m 0.360 ms - -[0m
2026-07-26 08:13:22 [INFO]: [0mGET /css/why-choose.css [36m304[0m 0.572 ms - -[0m
2026-07-26 08:13:22 [INFO]: [0mGET /css/header.css [36m304[0m 0.957 ms - -[0m
2026-07-26 08:13:22 [INFO]: [0mGET /css/hero.css [36m304[0m 1.282 ms - -[0m
2026-07-26 08:13:22 [INFO]: [0mGET /css/footer.css [32m200[0m 0.642 ms - -[0m
2026-07-26 08:13:22 [INFO]: [0mGET /js/why-choose.js [36m304[0m 0.166 ms - -[0m
2026-07-26 08:13:22 [INFO]: [0mGET /js/notification.js [36m304[0m 0.378 ms - -[0m
2026-07-26 08:13:22 [INFO]: [0mGET /js/footer.js [36m304[0m 0.522 ms - -[0m
2026-07-26 08:13:22 [INFO]: [0mGET /images/hero/tulip-plant.jpg [36m304[0m 0.243 ms - -[0m
2026-07-26 08:13:22 [INFO]: [0mGET /images/hero/rubber-plant.jpg [36m304[0m 0.289 ms - -[0m
2026-07-26 08:13:22 [INFO]: [0mGET /images/hero/aloe-vera.jpg [36m304[0m 0.498 ms - -[0m
2026-07-26 08:13:22 [INFO]: [0mGET /images/hero/areca-palm.jpg [36m304[0m 0.344 ms - -[0m
2026-07-26 08:13:22 [INFO]: [0mGET /images/hero/jade-plant.jpg [36m304[0m 0.509 ms - -[0m
2026-07-26 08:13:22 [INFO]: [0mGET /images/hero/golden-pothos.jpg [36m304[0m 0.238 ms - -[0m
2026-07-26 08:13:22 [INFO]: [0mGET /images/hero/fiddle-leaf-fig.jpg [36m304[0m 0.249 ms - -[0m
2026-07-26 08:13:22 [INFO]: [0mGET /images/hero/why-choose.jpg [36m304[0m 0.276 ms - -[0m
2026-07-26 08:13:22 [INFO]: [0mGET /images/logo/plantora-orgn-white.png [36m304[0m 0.339 ms - -[0m
2026-07-26 08:13:55 [INFO]: [0mGET / [36m304[0m 4.984 ms - -[0m
2026-07-26 08:13:55 [INFO]: [0mGET /css/style.css [36m304[0m 0.826 ms - -[0m
2026-07-26 08:13:55 [INFO]: [0mGET /images/logo/plantora.png [36m304[0m 0.853 ms - -[0m
2026-07-26 08:13:55 [INFO]: [0mGET /images/hero/hero-placeholder.png [36m304[0m 1.056 ms - -[0m
2026-07-26 08:13:55 [INFO]: [0mGET /.well-known/appspecific/com.chrome.devtools.json [33m404[0m 1.383 ms - 112[0m
2026-07-26 08:13:55 [INFO]: [0mGET /images/hero/monstera-plant.jpg [36m304[0m 0.536 ms - -[0m
2026-07-26 08:13:55 [INFO]: [0mGET /images/hero/snake-plant.jpg [36m304[0m 0.762 ms - -[0m
2026-07-26 08:13:55 [INFO]: [0mGET /images/hero/peace-lily.jpg [36m304[0m 0.936 ms - -[0m
2026-07-26 08:13:55 [INFO]: [0mGET /css/variables.css [36m304[0m 0.373 ms - -[0m
2026-07-26 08:13:55 [INFO]: [0mGET /css/utilities.css [36m304[0m 0.643 ms - -[0m
2026-07-26 08:13:55 [INFO]: [0mGET /css/animations.css [36m304[0m 0.902 ms - -[0m
2026-07-26 08:13:55 [INFO]: [0mGET /css/announcement.css [36m304[0m 0.380 ms - -[0m
2026-07-26 08:13:55 [INFO]: [0mGET /css/header.css [36m304[0m 0.530 ms - -[0m
2026-07-26 08:13:55 [INFO]: [0mGET /css/hero.css [36m304[0m 0.999 ms - -[0m
2026-07-26 08:13:55 [INFO]: [0mGET /css/featured.css [36m304[0m 0.570 ms - -[0m
2026-07-26 08:13:55 [INFO]: [0mGET /css/why-choose.css [36m304[0m 1.202 ms - -[0m
2026-07-26 08:13:55 [INFO]: [0mGET /js/header.js [36m304[0m 0.504 ms - -[0m
2026-07-26 08:13:55 [INFO]: [0mGET /js/featured.js [36m304[0m 0.796 ms - -[0m
2026-07-26 08:13:55 [INFO]: [0mGET /js/why-choose.js [36m304[0m 1.067 ms - -[0m
2026-07-26 08:13:55 [INFO]: [0mGET /js/notification.js [36m304[0m 0.622 ms - -[0m
2026-07-26 08:13:55 [INFO]: [0mGET /js/footer.js [36m304[0m 1.175 ms - -[0m
2026-07-26 08:13:55 [INFO]: [0mGET /images/hero/tulip-plant.jpg [36m304[0m 0.604 ms - -[0m
2026-07-26 08:13:55 [INFO]: [0mGET /css/footer.css [32m200[0m 3.465 ms - -[0m
2026-07-26 08:13:55 [INFO]: [0mGET /images/hero/rubber-plant.jpg [36m304[0m 0.672 ms - -[0m
2026-07-26 08:13:55 [INFO]: [0mGET /images/hero/aloe-vera.jpg [36m304[0m 0.945 ms - -[0m
2026-07-26 08:13:55 [INFO]: [0mGET /images/hero/areca-palm.jpg [36m304[0m 0.178 ms - -[0m
2026-07-26 08:13:55 [INFO]: [0mGET /images/hero/jade-plant.jpg [36m304[0m 0.405 ms - -[0m
2026-07-26 08:13:55 [INFO]: [0mGET /images/hero/golden-pothos.jpg [36m304[0m 0.498 ms - -[0m
2026-07-26 08:13:55 [INFO]: [0mGET /images/hero/fiddle-leaf-fig.jpg [36m304[0m 0.333 ms - -[0m
2026-07-26 08:13:55 [INFO]: [0mGET /images/hero/why-choose.jpg [36m304[0m 1.203 ms - -[0m
2026-07-26 08:13:55 [INFO]: [0mGET /images/logo/plantora-orgn-white.png [36m304[0m 1.094 ms - -[0m
2026-07-26 08:14:40 [INFO]: [0mGET / [36m304[0m 4.483 ms - -[0m
2026-07-26 08:14:40 [INFO]: [0mGET /css/style.css [36m304[0m 0.733 ms - -[0m
2026-07-26 08:14:40 [INFO]: [0mGET /images/logo/plantora.png [36m304[0m 0.862 ms - -[0m
2026-07-26 08:14:40 [INFO]: [0mGET /images/hero/hero-placeholder.png [36m304[0m 1.198 ms - -[0m
2026-07-26 08:14:40 [INFO]: [0mGET /.well-known/appspecific/com.chrome.devtools.json [33m404[0m 1.432 ms - 112[0m
2026-07-26 08:14:40 [INFO]: [0mGET /images/hero/monstera-plant.jpg [36m304[0m 0.445 ms - -[0m
2026-07-26 08:14:40 [INFO]: [0mGET /images/hero/snake-plant.jpg [36m304[0m 0.338 ms - -[0m
2026-07-26 08:14:40 [INFO]: [0mGET /images/hero/peace-lily.jpg [36m304[0m 0.586 ms - -[0m
2026-07-26 08:14:40 [INFO]: [0mGET /js/featured.js [36m304[0m 0.646 ms - -[0m
2026-07-26 08:14:40 [INFO]: [0mGET /js/header.js [36m304[0m 0.699 ms - -[0m
2026-07-26 08:14:40 [INFO]: [0mGET /css/variables.css [36m304[0m 0.375 ms - -[0m
2026-07-26 08:14:40 [INFO]: [0mGET /css/utilities.css [36m304[0m 0.284 ms - -[0m
2026-07-26 08:14:40 [INFO]: [0mGET /css/animations.css [36m304[0m 0.827 ms - -[0m
2026-07-26 08:14:40 [INFO]: [0mGET /css/announcement.css [36m304[0m 0.684 ms - -[0m
2026-07-26 08:14:40 [INFO]: [0mGET /css/header.css [36m304[0m 0.893 ms - -[0m
2026-07-26 08:14:40 [INFO]: [0mGET /css/hero.css [36m304[0m 0.622 ms - -[0m
2026-07-26 08:14:40 [INFO]: [0mGET /css/featured.css [36m304[0m 0.761 ms - -[0m
2026-07-26 08:14:40 [INFO]: [0mGET /css/why-choose.css [36m304[0m 1.390 ms - -[0m
2026-07-26 08:14:40 [INFO]: [0mGET /css/footer.css [32m200[0m 2.655 ms - -[0m
2026-07-26 08:14:40 [INFO]: [0mGET /js/why-choose.js [36m304[0m 0.313 ms - -[0m
2026-07-26 08:14:40 [INFO]: [0mGET /js/notification.js [36m304[0m 0.933 ms - -[0m
2026-07-26 08:14:40 [INFO]: [0mGET /js/footer.js [36m304[0m 1.048 ms - -[0m
2026-07-26 08:14:40 [INFO]: [0mGET /images/hero/tulip-plant.jpg [36m304[0m 1.383 ms - -[0m
2026-07-26 08:14:40 [INFO]: [0mGET /images/hero/rubber-plant.jpg [36m304[0m 0.853 ms - -[0m
2026-07-26 08:14:40 [INFO]: [0mGET /images/hero/aloe-vera.jpg [36m304[0m 0.866 ms - -[0m
2026-07-26 08:14:40 [INFO]: [0mGET /images/hero/areca-palm.jpg [36m304[0m 0.331 ms - -[0m
2026-07-26 08:14:40 [INFO]: [0mGET /images/hero/jade-plant.jpg [36m304[0m 0.658 ms - -[0m
2026-07-26 08:14:40 [INFO]: [0mGET /images/hero/golden-pothos.jpg [36m304[0m 0.336 ms - -[0m
2026-07-26 08:14:40 [INFO]: [0mGET /images/hero/fiddle-leaf-fig.jpg [36m304[0m 0.232 ms - -[0m
2026-07-26 08:14:40 [INFO]: [0mGET /images/hero/why-choose.jpg [36m304[0m 0.229 ms - -[0m
2026-07-26 08:14:40 [INFO]: [0mGET /images/logo/plantora-orgn-white.png [36m304[0m 0.338 ms - -[0m
2026-07-26 08:14:52 [INFO]: [0mGET / [36m304[0m 6.173 ms - -[0m
2026-07-26 08:14:52 [INFO]: [0mGET /css/style.css [36m304[0m 0.320 ms - -[0m
2026-07-26 08:14:52 [INFO]: [0mGET /images/logo/plantora.png [36m304[0m 0.569 ms - -[0m
2026-07-26 08:14:52 [INFO]: [0mGET /.well-known/appspecific/com.chrome.devtools.json [33m404[0m 0.974 ms - 112[0m
2026-07-26 08:14:52 [INFO]: [0mGET /images/hero/hero-placeholder.png [36m304[0m 1.533 ms - -[0m
2026-07-26 08:14:52 [INFO]: [0mGET /images/hero/monstera-plant.jpg [36m304[0m 0.393 ms - -[0m
2026-07-26 08:14:52 [INFO]: [0mGET /images/hero/snake-plant.jpg [36m304[0m 0.642 ms - -[0m
2026-07-26 08:14:52 [INFO]: [0mGET /images/hero/peace-lily.jpg [36m304[0m 0.518 ms - -[0m
2026-07-26 08:14:52 [INFO]: [0mGET /js/header.js [36m304[0m 0.582 ms - -[0m
2026-07-26 08:14:52 [INFO]: [0mGET /js/featured.js [36m304[0m 0.763 ms - -[0m
2026-07-26 08:14:52 [INFO]: [0mGET /js/why-choose.js [36m304[0m 0.896 ms - -[0m
2026-07-26 08:14:52 [INFO]: [0mGET /css/variables.css [36m304[0m 0.758 ms - -[0m
2026-07-26 08:14:52 [INFO]: [0mGET /css/utilities.css [36m304[0m 0.990 ms - -[0m
2026-07-26 08:14:52 [INFO]: [0mGET /css/animations.css [36m304[0m 0.253 ms - -[0m
2026-07-26 08:14:52 [INFO]: [0mGET /css/announcement.css [36m304[0m 0.458 ms - -[0m
2026-07-26 08:14:52 [INFO]: [0mGET /css/header.css [36m304[0m 0.953 ms - -[0m
2026-07-26 08:14:52 [INFO]: [0mGET /css/hero.css [36m304[0m 0.951 ms - -[0m
2026-07-26 08:14:52 [INFO]: [0mGET /css/featured.css [36m304[0m 1.243 ms - -[0m
2026-07-26 08:14:52 [INFO]: [0mGET /css/why-choose.css [36m304[0m 0.500 ms - -[0m
2026-07-26 08:14:52 [INFO]: [0mGET /js/notification.js [36m304[0m 0.181 ms - -[0m
2026-07-26 08:14:52 [INFO]: [0mGET /js/footer.js [36m304[0m 0.422 ms - -[0m
2026-07-26 08:14:52 [INFO]: [0mGET /images/hero/tulip-plant.jpg [36m304[0m 0.357 ms - -[0m
2026-07-26 08:14:52 [INFO]: [0mGET /images/hero/rubber-plant.jpg [36m304[0m 0.798 ms - -[0m
2026-07-26 08:14:52 [INFO]: [0mGET /css/footer.css [32m200[0m 1.182 ms - -[0m
2026-07-26 08:14:52 [INFO]: [0mGET /images/hero/aloe-vera.jpg [36m304[0m 0.997 ms - -[0m
2026-07-26 08:14:52 [INFO]: [0mGET /images/hero/areca-palm.jpg [36m304[0m 0.814 ms - -[0m
2026-07-26 08:14:52 [INFO]: [0mGET /images/hero/jade-plant.jpg [36m304[0m 0.905 ms - -[0m
2026-07-26 08:14:52 [INFO]: [0mGET /images/hero/golden-pothos.jpg [36m304[0m 0.181 ms - -[0m
2026-07-26 08:14:52 [INFO]: [0mGET /images/hero/fiddle-leaf-fig.jpg [36m304[0m 0.706 ms - -[0m
2026-07-26 08:14:52 [INFO]: [0mGET /images/hero/why-choose.jpg [36m304[0m 0.597 ms - -[0m
2026-07-26 08:14:52 [INFO]: [0mGET /images/logo/plantora-orgn-white.png [36m304[0m 0.645 ms - -[0m
2026-07-26 08:15:03 [INFO]: [0mGET / [36m304[0m 8.420 ms - -[0m
2026-07-26 08:15:03 [INFO]: [0mGET /.well-known/appspecific/com.chrome.devtools.json [33m404[0m 3.680 ms - 112[0m
2026-07-26 08:15:03 [INFO]: [0mGET /css/style.css [36m304[0m 0.905 ms - -[0m
2026-07-26 08:15:03 [INFO]: [0mGET /images/hero/hero-placeholder.png [36m304[0m 0.512 ms - -[0m
2026-07-26 08:15:03 [INFO]: [0mGET /images/logo/plantora.png [36m304[0m 1.050 ms - -[0m
2026-07-26 08:15:03 [INFO]: [0mGET /images/hero/monstera-plant.jpg [36m304[0m 0.611 ms - -[0m
2026-07-26 08:15:03 [INFO]: [0mGET /images/hero/snake-plant.jpg [36m304[0m 1.053 ms - -[0m
2026-07-26 08:15:03 [INFO]: [0mGET /images/hero/peace-lily.jpg [36m304[0m 2.046 ms - -[0m
2026-07-26 08:15:03 [INFO]: [0mGET /js/header.js [36m304[0m 1.379 ms - -[0m
2026-07-26 08:15:03 [INFO]: [0mGET /js/featured.js [36m304[0m 0.998 ms - -[0m
2026-07-26 08:15:03 [INFO]: [0mGET /js/why-choose.js [36m304[0m 1.222 ms - -[0m
2026-07-26 08:15:03 [INFO]: [0mGET /js/notification.js [36m304[0m 1.702 ms - -[0m
2026-07-26 08:15:03 [INFO]: [0mGET /js/footer.js [36m304[0m 1.100 ms - -[0m
2026-07-26 08:15:03 [INFO]: [0mGET /css/variables.css [36m304[0m 0.814 ms - -[0m
2026-07-26 08:15:03 [INFO]: [0mGET /css/utilities.css [36m304[0m 1.054 ms - -[0m
2026-07-26 08:15:03 [INFO]: [0mGET /css/animations.css [36m304[0m 2.744 ms - -[0m
2026-07-26 08:15:03 [INFO]: [0mGET /css/announcement.css [36m304[0m 2.011 ms - -[0m
2026-07-26 08:15:03 [INFO]: [0mGET /css/header.css [36m304[0m 1.935 ms - -[0m
2026-07-26 08:15:03 [INFO]: [0mGET /css/hero.css [36m304[0m 0.960 ms - -[0m
2026-07-26 08:15:03 [INFO]: [0mGET /css/featured.css [36m304[0m 1.003 ms - -[0m
2026-07-26 08:15:03 [INFO]: [0mGET /css/why-choose.css [36m304[0m 1.175 ms - -[0m
2026-07-26 08:15:03 [INFO]: [0mGET /images/hero/tulip-plant.jpg [36m304[0m 0.205 ms - -[0m
2026-07-26 08:15:03 [INFO]: [0mGET /images/hero/rubber-plant.jpg [36m304[0m 0.239 ms - -[0m
2026-07-26 08:15:03 [INFO]: [0mGET /images/hero/aloe-vera.jpg [36m304[0m 0.421 ms - -[0m
2026-07-26 08:15:03 [INFO]: [0mGET /images/hero/areca-palm.jpg [36m304[0m 0.216 ms - -[0m
2026-07-26 08:15:03 [INFO]: [0mGET /images/hero/jade-plant.jpg [36m304[0m 0.486 ms - -[0m
2026-07-26 08:15:03 [INFO]: [0mGET /css/footer.css [32m200[0m 1.914 ms - -[0m
2026-07-26 08:15:03 [INFO]: [0mGET /images/hero/golden-pothos.jpg [36m304[0m 1.595 ms - -[0m
2026-07-26 08:15:03 [INFO]: [0mGET /images/hero/fiddle-leaf-fig.jpg [36m304[0m 0.612 ms - -[0m
2026-07-26 08:15:03 [INFO]: [0mGET /images/hero/why-choose.jpg [36m304[0m 0.906 ms - -[0m
2026-07-26 08:15:03 [INFO]: [0mGET /images/logo/plantora-orgn-white.png [36m304[0m 1.686 ms - -[0m
2026-07-26 08:15:11 [INFO]: [0mGET / [36m304[0m 5.776 ms - -[0m
2026-07-26 08:15:11 [INFO]: [0mGET /.well-known/appspecific/com.chrome.devtools.json [33m404[0m 1.676 ms - 112[0m
2026-07-26 08:15:11 [INFO]: [0mGET /css/style.css [36m304[0m 0.391 ms - -[0m
2026-07-26 08:15:11 [INFO]: [0mGET /images/logo/plantora.png [36m304[0m 0.772 ms - -[0m
2026-07-26 08:15:11 [INFO]: [0mGET /images/hero/hero-placeholder.png [36m304[0m 1.153 ms - -[0m
2026-07-26 08:15:11 [INFO]: [0mGET /images/hero/monstera-plant.jpg [36m304[0m 0.655 ms - -[0m
2026-07-26 08:15:11 [INFO]: [0mGET /images/hero/snake-plant.jpg [36m304[0m 1.246 ms - -[0m
2026-07-26 08:15:11 [INFO]: [0mGET /images/hero/peace-lily.jpg [36m304[0m 2.277 ms - -[0m
2026-07-26 08:15:11 [INFO]: [0mGET /js/header.js [36m304[0m 0.886 ms - -[0m
2026-07-26 08:15:11 [INFO]: [0mGET /js/featured.js [36m304[0m 1.051 ms - -[0m
2026-07-26 08:15:11 [INFO]: [0mGET /js/notification.js [36m304[0m 0.308 ms - -[0m
2026-07-26 08:15:11 [INFO]: [0mGET /js/why-choose.js [36m304[0m 0.750 ms - -[0m
2026-07-26 08:15:11 [INFO]: [0mGET /js/footer.js [36m304[0m 0.657 ms - -[0m
2026-07-26 08:15:11 [INFO]: [0mGET /css/variables.css [36m304[0m 1.274 ms - -[0m
2026-07-26 08:15:11 [INFO]: [0mGET /css/utilities.css [36m304[0m 0.640 ms - -[0m
2026-07-26 08:15:11 [INFO]: [0mGET /css/animations.css [36m304[0m 1.054 ms - -[0m
2026-07-26 08:15:11 [INFO]: [0mGET /css/announcement.css [36m304[0m 0.644 ms - -[0m
2026-07-26 08:15:11 [INFO]: [0mGET /css/header.css [36m304[0m 1.093 ms - -[0m
2026-07-26 08:15:11 [INFO]: [0mGET /css/hero.css [36m304[0m 0.723 ms - -[0m
2026-07-26 08:15:11 [INFO]: [0mGET /css/featured.css [36m304[0m 0.907 ms - -[0m
2026-07-26 08:15:11 [INFO]: [0mGET /css/why-choose.css [36m304[0m 0.962 ms - -[0m
2026-07-26 08:15:11 [INFO]: [0mGET /images/hero/tulip-plant.jpg [36m304[0m 0.536 ms - -[0m
2026-07-26 08:15:11 [INFO]: [0mGET /images/hero/rubber-plant.jpg [36m304[0m 1.137 ms - -[0m
2026-07-26 08:15:11 [INFO]: [0mGET /images/hero/aloe-vera.jpg [36m304[0m 1.038 ms - -[0m
2026-07-26 08:15:11 [INFO]: [0mGET /images/hero/areca-palm.jpg [36m304[0m 1.606 ms - -[0m
2026-07-26 08:15:11 [INFO]: [0mGET /images/hero/jade-plant.jpg [36m304[0m 0.708 ms - -[0m
2026-07-26 08:15:11 [INFO]: [0mGET /css/footer.css [32m200[0m 3.270 ms - -[0m
2026-07-26 08:15:11 [INFO]: [0mGET /images/hero/golden-pothos.jpg [36m304[0m 0.647 ms - -[0m
2026-07-26 08:15:11 [INFO]: [0mGET /images/hero/fiddle-leaf-fig.jpg [36m304[0m 0.983 ms - -[0m
2026-07-26 08:15:11 [INFO]: [0mGET /images/hero/why-choose.jpg [36m304[0m 0.619 ms - -[0m
2026-07-26 08:15:11 [INFO]: [0mGET /images/logo/plantora-orgn-white.png [36m304[0m 0.476 ms - -[0m
2026-07-26 08:15:23 [INFO]: [0mGET / [36m304[0m 4.877 ms - -[0m
2026-07-26 08:15:23 [INFO]: [0mGET /css/style.css [36m304[0m 1.007 ms - -[0m
2026-07-26 08:15:23 [INFO]: [0mGET /images/logo/plantora.png [36m304[0m 0.915 ms - -[0m
2026-07-26 08:15:23 [INFO]: [0mGET /images/hero/hero-placeholder.png [36m304[0m 1.086 ms - -[0m
2026-07-26 08:15:23 [INFO]: [0mGET /.well-known/appspecific/com.chrome.devtools.json [33m404[0m 1.511 ms - 112[0m
2026-07-26 08:15:23 [INFO]: [0mGET /images/hero/monstera-plant.jpg [36m304[0m 0.332 ms - -[0m
2026-07-26 08:15:23 [INFO]: [0mGET /images/hero/snake-plant.jpg [36m304[0m 0.256 ms - -[0m
2026-07-26 08:15:23 [INFO]: [0mGET /images/hero/peace-lily.jpg [36m304[0m 0.513 ms - -[0m
2026-07-26 08:15:23 [INFO]: [0mGET /js/featured.js [36m304[0m 0.825 ms - -[0m
2026-07-26 08:15:23 [INFO]: [0mGET /js/header.js [36m304[0m 1.803 ms - -[0m
2026-07-26 08:15:23 [INFO]: [0mGET /css/variables.css [36m304[0m 1.199 ms - -[0m
2026-07-26 08:15:23 [INFO]: [0mGET /js/why-choose.js [36m304[0m 1.492 ms - -[0m
2026-07-26 08:15:23 [INFO]: [0mGET /css/utilities.css [36m304[0m 0.413 ms - -[0m
2026-07-26 08:15:23 [INFO]: [0mGET /css/animations.css [36m304[0m 0.604 ms - -[0m
2026-07-26 08:15:23 [INFO]: [0mGET /css/announcement.css [36m304[0m 1.094 ms - -[0m
2026-07-26 08:15:23 [INFO]: [0mGET /css/header.css [36m304[0m 0.606 ms - -[0m
2026-07-26 08:15:23 [INFO]: [0mGET /css/hero.css [36m304[0m 0.789 ms - -[0m
2026-07-26 08:15:23 [INFO]: [0mGET /css/featured.css [36m304[0m 1.148 ms - -[0m
2026-07-26 08:15:23 [INFO]: [0mGET /css/why-choose.css [36m304[0m 0.641 ms - -[0m
2026-07-26 08:15:23 [INFO]: [0mGET /js/notification.js [36m304[0m 0.326 ms - -[0m
2026-07-26 08:15:23 [INFO]: [0mGET /js/footer.js [36m304[0m 0.659 ms - -[0m
2026-07-26 08:15:23 [INFO]: [0mGET /images/hero/tulip-plant.jpg [36m304[0m 0.589 ms - -[0m
2026-07-26 08:15:23 [INFO]: [0mGET /images/hero/rubber-plant.jpg [36m304[0m 0.357 ms - -[0m
2026-07-26 08:15:23 [INFO]: [0mGET /images/hero/aloe-vera.jpg [36m304[0m 0.722 ms - -[0m
2026-07-26 08:15:23 [INFO]: [0mGET /css/footer.css [32m200[0m 1.670 ms - -[0m
2026-07-26 08:15:23 [INFO]: [0mGET /images/hero/areca-palm.jpg [36m304[0m 0.887 ms - -[0m
2026-07-26 08:15:23 [INFO]: [0mGET /images/hero/jade-plant.jpg [36m304[0m 0.705 ms - -[0m
2026-07-26 08:15:23 [INFO]: [0mGET /images/hero/golden-pothos.jpg [36m304[0m 0.906 ms - -[0m
2026-07-26 08:15:23 [INFO]: [0mGET /images/hero/fiddle-leaf-fig.jpg [36m304[0m 0.904 ms - -[0m
2026-07-26 08:15:23 [INFO]: [0mGET /images/hero/why-choose.jpg [36m304[0m 1.070 ms - -[0m
2026-07-26 08:15:23 [INFO]: [0mGET /images/logo/plantora-orgn-white.png [36m304[0m 0.221 ms - -[0m
2026-07-26 08:16:26 [INFO]: [0mGET / [32m200[0m 8.986 ms - -[0m
2026-07-26 08:16:26 [INFO]: [0mGET /css/style.css [36m304[0m 0.173 ms - -[0m
2026-07-26 08:16:26 [INFO]: [0mGET /images/logo/plantora.png [36m304[0m 0.316 ms - -[0m
2026-07-26 08:16:26 [INFO]: [0mGET /images/hero/hero-placeholder.png [36m304[0m 0.510 ms - -[0m
2026-07-26 08:16:26 [INFO]: [0mGET /images/hero/monstera-plant.jpg [36m304[0m 0.622 ms - -[0m
2026-07-26 08:16:26 [INFO]: [0mGET /images/hero/snake-plant.jpg [36m304[0m 0.801 ms - -[0m
2026-07-26 08:16:26 [INFO]: [0mGET /images/hero/peace-lily.jpg [36m304[0m 1.066 ms - -[0m
2026-07-26 08:16:26 [INFO]: [0mGET /js/header.js [36m304[0m 0.249 ms - -[0m
2026-07-26 08:16:26 [INFO]: [0mGET /js/featured.js [36m304[0m 0.365 ms - -[0m
2026-07-26 08:16:26 [INFO]: [0mGET /css/variables.css [36m304[0m 0.399 ms - -[0m
2026-07-26 08:16:26 [INFO]: [0mGET /css/utilities.css [36m304[0m 1.264 ms - -[0m
2026-07-26 08:16:26 [INFO]: [0mGET /css/animations.css [36m304[0m 1.078 ms - -[0m
2026-07-26 08:16:26 [INFO]: [0mGET /css/announcement.css [36m304[0m 1.036 ms - -[0m
2026-07-26 08:16:26 [INFO]: [0mGET /css/header.css [36m304[0m 1.442 ms - -[0m
2026-07-26 08:16:26 [INFO]: [0mGET /css/featured.css [36m304[0m 0.359 ms - -[0m
2026-07-26 08:16:26 [INFO]: [0mGET /css/hero.css [36m304[0m 0.846 ms - -[0m
2026-07-26 08:16:26 [INFO]: [0mGET /css/why-choose.css [36m304[0m 0.574 ms - -[0m
2026-07-26 08:16:26 [INFO]: [0mGET /css/footer.css [36m304[0m 0.640 ms - -[0m
2026-07-26 08:16:26 [INFO]: [0mGET /js/why-choose.js [36m304[0m 0.188 ms - -[0m
2026-07-26 08:16:26 [INFO]: [0mGET /js/notification.js [36m304[0m 0.134 ms - -[0m
2026-07-26 08:16:26 [INFO]: [0mGET /js/footer.js [36m304[0m 0.219 ms - -[0m
2026-07-26 08:16:26 [INFO]: [0mGET /images/hero/tulip-plant.jpg [36m304[0m 0.445 ms - -[0m
2026-07-26 08:16:26 [INFO]: [0mGET /images/hero/rubber-plant.jpg [36m304[0m 0.134 ms - -[0m
2026-07-26 08:16:26 [INFO]: [0mGET /images/hero/aloe-vera.jpg [36m304[0m 0.161 ms - -[0m
2026-07-26 08:16:26 [INFO]: [0mGET /images/hero/areca-palm.jpg [36m304[0m 0.195 ms - -[0m
2026-07-26 08:16:26 [INFO]: [0mGET /images/hero/jade-plant.jpg [36m304[0m 0.237 ms - -[0m
2026-07-26 08:16:26 [INFO]: [0mGET /images/hero/golden-pothos.jpg [36m304[0m 0.205 ms - -[0m
2026-07-26 08:16:26 [INFO]: [0mGET /images/hero/fiddle-leaf-fig.jpg [36m304[0m 0.183 ms - -[0m
2026-07-26 08:16:26 [INFO]: [0mGET /images/hero/why-choose.jpg [36m304[0m 0.246 ms - -[0m
2026-07-26 08:16:26 [INFO]: [0mGET /images/logo/plantora-orgn-white.png [36m304[0m 0.261 ms - -[0m
2026-07-26 08:16:29 [INFO]: [0mGET / [36m304[0m 7.222 ms - -[0m
2026-07-26 08:16:29 [INFO]: [0mGET /css/style.css [36m304[0m 0.639 ms - -[0m
2026-07-26 08:16:29 [INFO]: [0mGET /images/logo/plantora.png [36m304[0m 0.965 ms - -[0m
2026-07-26 08:16:29 [INFO]: [0mGET /images/hero/hero-placeholder.png [36m304[0m 1.204 ms - -[0m
2026-07-26 08:16:29 [INFO]: [0mGET /images/hero/monstera-plant.jpg [36m304[0m 0.367 ms - -[0m
2026-07-26 08:16:29 [INFO]: [0mGET /images/hero/snake-plant.jpg [36m304[0m 0.501 ms - -[0m
2026-07-26 08:16:29 [INFO]: [0mGET /images/hero/peace-lily.jpg [36m304[0m 0.836 ms - -[0m
2026-07-26 08:16:29 [INFO]: [0mGET /js/header.js [36m304[0m 0.436 ms - -[0m
2026-07-26 08:16:29 [INFO]: [0mGET /js/featured.js [36m304[0m 0.555 ms - -[0m
2026-07-26 08:16:29 [INFO]: [0mGET /js/why-choose.js [36m304[0m 0.438 ms - -[0m
2026-07-26 08:16:29 [INFO]: [0mGET /js/notification.js [36m304[0m 0.716 ms - -[0m
2026-07-26 08:16:29 [INFO]: [0mGET /css/variables.css [36m304[0m 1.176 ms - -[0m
2026-07-26 08:16:29 [INFO]: [0mGET /css/utilities.css [36m304[0m 0.968 ms - -[0m
2026-07-26 08:16:29 [INFO]: [0mGET /css/animations.css [36m304[0m 0.773 ms - -[0m
2026-07-26 08:16:29 [INFO]: [0mGET /css/announcement.css [36m304[0m 0.826 ms - -[0m
2026-07-26 08:16:29 [INFO]: [0mGET /css/header.css [36m304[0m 1.022 ms - -[0m
2026-07-26 08:16:29 [INFO]: [0mGET /css/hero.css [36m304[0m 1.389 ms - -[0m
2026-07-26 08:16:29 [INFO]: [0mGET /css/featured.css [36m304[0m 0.805 ms - -[0m
2026-07-26 08:16:29 [INFO]: [0mGET /css/why-choose.css [36m304[0m 0.636 ms - -[0m
2026-07-26 08:16:29 [INFO]: [0mGET /css/footer.css [36m304[0m 0.775 ms - -[0m
2026-07-26 08:16:29 [INFO]: [0mGET /js/footer.js [36m304[0m 0.236 ms - -[0m
2026-07-26 08:16:29 [INFO]: [0mGET /images/hero/tulip-plant.jpg [36m304[0m 0.373 ms - -[0m
2026-07-26 08:16:29 [INFO]: [0mGET /images/hero/rubber-plant.jpg [36m304[0m 0.139 ms - -[0m
2026-07-26 08:16:29 [INFO]: [0mGET /images/hero/aloe-vera.jpg [36m304[0m 0.203 ms - -[0m
2026-07-26 08:16:29 [INFO]: [0mGET /images/hero/areca-palm.jpg [36m304[0m 0.325 ms - -[0m
2026-07-26 08:16:29 [INFO]: [0mGET /images/hero/jade-plant.jpg [36m304[0m 0.106 ms - -[0m
2026-07-26 08:16:29 [INFO]: [0mGET /images/hero/golden-pothos.jpg [36m304[0m 0.220 ms - -[0m
2026-07-26 08:16:29 [INFO]: [0mGET /images/hero/fiddle-leaf-fig.jpg [36m304[0m 0.206 ms - -[0m
2026-07-26 08:16:29 [INFO]: [0mGET /images/hero/why-choose.jpg [36m304[0m 0.201 ms - -[0m
2026-07-26 08:16:29 [INFO]: [0mGET /images/logo/plantora-orgn-white.png [36m304[0m 0.317 ms - -[0m
2026-07-26 08:16:59 [INFO]: [0mGET / [32m200[0m 5.952 ms - -[0m
2026-07-26 08:16:59 [INFO]: [0mGET /css/style.css [36m304[0m 1.396 ms - -[0m
2026-07-26 08:16:59 [INFO]: [0mGET /images/logo/plantora.png [36m304[0m 1.308 ms - -[0m
2026-07-26 08:16:59 [INFO]: [0mGET /images/hero/hero-placeholder.png [36m304[0m 1.438 ms - -[0m
2026-07-26 08:16:59 [INFO]: [0mGET /images/hero/monstera-plant.jpg [36m304[0m 0.380 ms - -[0m
2026-07-26 08:16:59 [INFO]: [0mGET /images/hero/snake-plant.jpg [36m304[0m 0.986 ms - -[0m
2026-07-26 08:16:59 [INFO]: [0mGET /js/header.js [36m304[0m 1.036 ms - -[0m
2026-07-26 08:16:59 [INFO]: [0mGET /images/hero/peace-lily.jpg [36m304[0m 1.603 ms - -[0m
2026-07-26 08:16:59 [INFO]: [0mGET /js/featured.js [36m304[0m 1.886 ms - -[0m
2026-07-26 08:16:59 [INFO]: [0mGET /js/why-choose.js [36m304[0m 2.333 ms - -[0m
2026-07-26 08:16:59 [INFO]: [0mGET /js/notification.js [36m304[0m 0.233 ms - -[0m
2026-07-26 08:16:59 [INFO]: [0mGET /js/footer.js [36m304[0m 0.549 ms - -[0m
2026-07-26 08:16:59 [INFO]: [0mGET /css/variables.css [36m304[0m 0.690 ms - -[0m
2026-07-26 08:16:59 [INFO]: [0mGET /css/utilities.css [36m304[0m 1.010 ms - -[0m
2026-07-26 08:16:59 [INFO]: [0mGET /css/animations.css [36m304[0m 1.485 ms - -[0m
2026-07-26 08:16:59 [INFO]: [0mGET /css/announcement.css [36m304[0m 1.843 ms - -[0m
2026-07-26 08:16:59 [INFO]: [0mGET /css/header.css [36m304[0m 1.432 ms - -[0m
2026-07-26 08:16:59 [INFO]: [0mGET /css/hero.css [36m304[0m 0.819 ms - -[0m
2026-07-26 08:16:59 [INFO]: [0mGET /css/featured.css [36m304[0m 3.470 ms - -[0m
2026-07-26 08:16:59 [INFO]: [0mGET /css/why-choose.css [36m304[0m 2.630 ms - -[0m
2026-07-26 08:16:59 [INFO]: [0mGET /css/footer.css [36m304[0m 1.461 ms - -[0m
2026-07-26 08:16:59 [INFO]: [0mGET /images/hero/tulip-plant.jpg [36m304[0m 0.604 ms - -[0m
2026-07-26 08:16:59 [INFO]: [0mGET /images/hero/rubber-plant.jpg [36m304[0m 0.951 ms - -[0m
2026-07-26 08:16:59 [INFO]: [0mGET /images/hero/aloe-vera.jpg [36m304[0m 0.821 ms - -[0m
2026-07-26 08:16:59 [INFO]: [0mGET /images/hero/areca-palm.jpg [36m304[0m 0.484 ms - -[0m
2026-07-26 08:16:59 [INFO]: [0mGET /images/hero/jade-plant.jpg [36m304[0m 0.803 ms - -[0m
2026-07-26 08:16:59 [INFO]: [0mGET /images/hero/golden-pothos.jpg [36m304[0m 1.451 ms - -[0m
2026-07-26 08:16:59 [INFO]: [0mGET /images/hero/fiddle-leaf-fig.jpg [36m304[0m 1.131 ms - -[0m
2026-07-26 08:16:59 [INFO]: [0mGET /images/hero/why-choose.jpg [36m304[0m 0.801 ms - -[0m
2026-07-26 08:16:59 [INFO]: [0mGET /images/logo/plantora-orgn-white.png [36m304[0m 0.989 ms - -[0m
2026-07-26 08:17:42 [INFO]: SIGINT received. Shutting down server...
2026-07-26 20:32:54 [INFO]: MongoDB connected successfully.
2026-07-26 20:32:57 [INFO]: Email server connected successfully.
2026-07-26 20:32:57 [INFO]: Server is running on port 5132.
2026-07-26 20:33:40 [INFO]: [0mGET / [32m200[0m 74.022 ms - -[0m
2026-07-26 20:33:40 [INFO]: [0mGET /css/style.css [32m200[0m 8.021 ms - 377[0m
2026-07-26 20:33:40 [INFO]: [0mGET /images/logo/plantora.png [32m200[0m 9.349 ms - 299213[0m
2026-07-26 20:33:40 [INFO]: [0mGET /js/header.js [32m200[0m 7.507 ms - -[0m
2026-07-26 20:33:40 [INFO]: [0mGET /css/variables.css [32m200[0m 5.685 ms - 903[0m
2026-07-26 20:33:40 [INFO]: [0mGET /css/utilities.css [32m200[0m 4.514 ms - 737[0m
2026-07-26 20:33:40 [INFO]: [0mGET /css/animations.css [32m200[0m 4.616 ms - 539[0m
2026-07-26 20:33:40 [INFO]: [0mGET /css/announcement.css [32m200[0m 4.061 ms - -[0m
2026-07-26 20:33:40 [INFO]: [0mGET /css/header.css [32m200[0m 3.371 ms - -[0m
2026-07-26 20:33:40 [INFO]: [0mGET /images/hero/snake-plant.jpg [32m200[0m 6.466 ms - 1391374[0m
2026-07-26 20:33:40 [INFO]: [0mGET /images/hero/peace-lily.jpg [32m200[0m 5.229 ms - 1529509[0m
2026-07-26 20:33:40 [INFO]: [0mGET /css/hero.css [32m200[0m 4.419 ms - -[0m
2026-07-26 20:33:40 [INFO]: [0mGET /css/featured.css [32m200[0m 4.391 ms - -[0m
2026-07-26 20:33:40 [INFO]: [0mGET /css/why-choose.css [32m200[0m 2.760 ms - -[0m
2026-07-26 20:33:40 [INFO]: [0mGET /css/footer.css [32m200[0m 2.268 ms - -[0m
2026-07-26 20:33:40 [INFO]: [0mGET /js/featured.js [32m200[0m 3.623 ms - -[0m
2026-07-26 20:33:40 [INFO]: [0mGET /js/notification.js [32m200[0m 2.772 ms - 382[0m
2026-07-26 20:33:40 [INFO]: [0mGET /js/why-choose.js [32m200[0m 3.493 ms - -[0m
2026-07-26 20:33:40 [INFO]: [0mGET /js/footer.js [32m200[0m 3.725 ms - 480[0m
2026-07-26 20:33:40 [INFO]: [0mGET /images/hero/monstera-plant.jpg [32m200[0m 6.947 ms - 3063815[0m
2026-07-26 20:33:40 [INFO]: [0mGET /images/hero/tulip-plant.jpg [32m200[0m 3.962 ms - 756312[0m
2026-07-26 20:33:40 [INFO]: [0mGET /images/hero/jade-plant.jpg [32m200[0m 5.366 ms - 967267[0m
2026-07-26 20:33:40 [INFO]: [0mGET /images/hero/areca-palm.jpg [32m200[0m 4.740 ms - 1631108[0m
2026-07-26 20:33:40 [INFO]: [0mGET /images/hero/fiddle-leaf-fig.jpg [32m200[0m 4.504 ms - 1956023[0m
2026-07-26 20:33:40 [INFO]: [0mGET /images/hero/golden-pothos.jpg [32m200[0m 4.086 ms - 2954845[0m
2026-07-26 20:33:40 [INFO]: [0mGET /images/hero/aloe-vera.jpg [32m200[0m 5.536 ms - 3768748[0m
2026-07-26 20:33:40 [INFO]: [0mGET /images/hero/rubber-plant.jpg [32m200[0m 3.092 ms - 4330813[0m
2026-07-26 20:33:40 [INFO]: [0mGET /images/logo/plantora-orgn-white.png [32m200[0m 4.219 ms - 268580[0m
2026-07-26 20:33:40 [INFO]: [0mGET /images/hero/why-choose.jpg [32m200[0m 3.602 ms - 5237763[0m
2026-07-26 20:33:40 [INFO]: [0mGET /images/hero/hero-placeholder.png [32m200[0m 9.398 ms - 17301093[0m
2026-07-26 20:33:41 [INFO]: [0mGET /favicon.ico [33m404[0m 1.749 ms - 75[0m
2026-07-26 20:34:57 [INFO]: [0mGET / [36m304[0m 5.584 ms - -[0m
2026-07-26 20:34:57 [INFO]: [0mGET /css/style.css [36m304[0m 1.036 ms - -[0m
2026-07-26 20:34:57 [INFO]: [0mGET /images/logo/plantora.png [36m304[0m 1.274 ms - -[0m
2026-07-26 20:34:57 [INFO]: [0mGET /images/hero/hero-placeholder.png [36m304[0m 0.422 ms - -[0m
2026-07-26 20:34:57 [INFO]: [0mGET /images/hero/monstera-plant.jpg [36m304[0m 0.756 ms - -[0m
2026-07-26 20:34:57 [INFO]: [0mGET /images/hero/snake-plant.jpg [36m304[0m 0.978 ms - -[0m
2026-07-26 20:34:57 [INFO]: [0mGET /images/hero/peace-lily.jpg [36m304[0m 1.393 ms - -[0m
2026-07-26 20:34:57 [INFO]: [0mGET /css/variables.css [36m304[0m 1.186 ms - -[0m
2026-07-26 20:34:57 [INFO]: [0mGET /css/utilities.css [36m304[0m 1.468 ms - -[0m
2026-07-26 20:34:57 [INFO]: [0mGET /css/animations.css [36m304[0m 3.364 ms - -[0m
2026-07-26 20:34:57 [INFO]: [0mGET /css/announcement.css [36m304[0m 3.561 ms - -[0m
2026-07-26 20:34:57 [INFO]: [0mGET /js/header.js [36m304[0m 3.678 ms - -[0m
2026-07-26 20:34:57 [INFO]: [0mGET /js/featured.js [36m304[0m 4.032 ms - -[0m
2026-07-26 20:34:57 [INFO]: [0mGET /css/header.css [36m304[0m 0.377 ms - -[0m
2026-07-26 20:34:57 [INFO]: [0mGET /css/hero.css [36m304[0m 0.725 ms - -[0m
2026-07-26 20:34:57 [INFO]: [0mGET /css/featured.css [36m304[0m 1.008 ms - -[0m
2026-07-26 20:34:57 [INFO]: [0mGET /css/why-choose.css [36m304[0m 1.614 ms - -[0m
2026-07-26 20:34:57 [INFO]: [0mGET /css/footer.css [36m304[0m 0.756 ms - -[0m
2026-07-26 20:34:57 [INFO]: [0mGET /js/why-choose.js [36m304[0m 0.607 ms - -[0m
2026-07-26 20:34:57 [INFO]: [0mGET /js/notification.js [36m304[0m 0.763 ms - -[0m
2026-07-26 20:34:57 [INFO]: [0mGET /js/footer.js [36m304[0m 0.586 ms - -[0m
2026-07-26 20:34:57 [INFO]: [0mGET /images/hero/tulip-plant.jpg [36m304[0m 0.565 ms - -[0m
2026-07-26 20:34:57 [INFO]: [0mGET /images/hero/rubber-plant.jpg [36m304[0m 0.414 ms - -[0m
2026-07-26 20:34:57 [INFO]: [0mGET /images/hero/aloe-vera.jpg [36m304[0m 0.730 ms - -[0m
2026-07-26 20:34:57 [INFO]: [0mGET /images/hero/areca-palm.jpg [36m304[0m 1.749 ms - -[0m
2026-07-26 20:34:57 [INFO]: [0mGET /images/hero/jade-plant.jpg [36m304[0m 2.201 ms - -[0m
2026-07-26 20:34:57 [INFO]: [0mGET /images/hero/golden-pothos.jpg [36m304[0m 1.424 ms - -[0m
2026-07-26 20:34:57 [INFO]: [0mGET /images/hero/fiddle-leaf-fig.jpg [36m304[0m 0.625 ms - -[0m
2026-07-26 20:34:57 [INFO]: [0mGET /images/hero/why-choose.jpg [36m304[0m 0.760 ms - -[0m
2026-07-26 20:34:57 [INFO]: [0mGET /images/logo/plantora-orgn-white.png [36m304[0m 1.155 ms - -[0m
