2026-07-31 00:08:20 [INFO]: [0mGET / [32m200[0m 6.734 ms - -[0m
2026-07-31 00:08:20 [INFO]: [0mGET /css/style.css [36m304[0m 0.985 ms - -[0m
2026-07-31 00:08:20 [INFO]: [0mGET /images/logo/plantora.png [36m304[0m 0.596 ms - -[0m
2026-07-31 00:08:20 [INFO]: [0mGET /images/hero/hero-placeholder.png [36m304[0m 0.838 ms - -[0m
2026-07-31 00:08:20 [INFO]: [0mGET /images/hero/monstera-plant.jpg [36m304[0m 0.798 ms - -[0m
2026-07-31 00:08:20 [INFO]: [0mGET /images/hero/peace-lily.jpg [36m304[0m 0.977 ms - -[0m
2026-07-31 00:08:20 [INFO]: [0mGET /images/hero/snake-plant.jpg [36m304[0m 1.403 ms - -[0m
2026-07-31 00:08:20 [INFO]: [0mGET /js/header.js [36m304[0m 0.807 ms - -[0m
2026-07-31 00:08:20 [INFO]: [0mGET /js/featured.js [36m304[0m 0.918 ms - -[0m
2026-07-31 00:08:20 [INFO]: [0mGET /css/variables.css [36m304[0m 0.406 ms - -[0m
2026-07-31 00:08:20 [INFO]: [0mGET /css/utilities.css [36m304[0m 1.000 ms - -[0m
2026-07-31 00:08:20 [INFO]: [0mGET /css/animations.css [36m304[0m 0.882 ms - -[0m
2026-07-31 00:08:20 [INFO]: [0mGET /css/announcement.css [36m304[0m 1.047 ms - -[0m
2026-07-31 00:08:20 [INFO]: [0mGET /css/header.css [36m304[0m 1.320 ms - -[0m
2026-07-31 00:08:20 [INFO]: [0mGET /css/featured.css [36m304[0m 0.311 ms - -[0m
2026-07-31 00:08:20 [INFO]: [0mGET /css/hero.css [36m304[0m 0.755 ms - -[0m
2026-07-31 00:08:20 [INFO]: [0mGET /css/why-choose.css [36m304[0m 0.659 ms - -[0m
2026-07-31 00:08:20 [INFO]: [0mGET /css/footer.css [36m304[0m 0.858 ms - -[0m
2026-07-31 00:08:20 [INFO]: [0mGET /css/auth.css [36m304[0m 1.457 ms - -[0m
2026-07-31 00:08:20 [INFO]: [0mGET /css/verify.css [36m304[0m 0.641 ms - -[0m
2026-07-31 00:08:20 [INFO]: [0mGET /js/why-choose.js [36m304[0m 0.229 ms - -[0m
2026-07-31 00:08:20 [INFO]: [0mGET /js/notification.js [36m304[0m 0.485 ms - -[0m
2026-07-31 00:08:20 [INFO]: [0mGET /js/footer.js [36m304[0m 0.538 ms - -[0m
2026-07-31 00:08:20 [INFO]: [0mGET /js/auth.js [36m304[0m 0.616 ms - -[0m
2026-07-31 00:08:20 [INFO]: [0mGET /images/hero/tulip-plant.jpg [36m304[0m 0.230 ms - -[0m
2026-07-31 00:08:20 [INFO]: [0mGET /images/hero/rubber-plant.jpg [36m304[0m 0.366 ms - -[0m
2026-07-31 00:08:20 [INFO]: [0mGET /images/hero/aloe-vera.jpg [36m304[0m 0.308 ms - -[0m
2026-07-31 00:08:20 [INFO]: [0mGET /images/hero/areca-palm.jpg [36m304[0m 0.546 ms - -[0m
2026-07-31 00:08:20 [INFO]: [0mGET /images/hero/jade-plant.jpg [36m304[0m 0.345 ms - -[0m
2026-07-31 00:08:20 [INFO]: [0mGET /images/hero/golden-pothos.jpg [36m304[0m 0.332 ms - -[0m
2026-07-31 00:08:20 [INFO]: [0mGET /images/hero/fiddle-leaf-fig.jpg [36m304[0m 0.269 ms - -[0m
2026-07-31 00:08:20 [INFO]: [0mGET /images/hero/why-choose.jpg [36m304[0m 0.708 ms - -[0m
2026-07-31 00:08:20 [INFO]: [0mGET /images/logo/plantora-orgn-white.png [36m304[0m 0.393 ms - -[0m
2026-07-31 00:41:45 [INFO]: MongoDB connected successfully.
2026-07-31 00:41:48 [INFO]: Email server connected successfully.
2026-07-31 00:41:48 [INFO]: Server is running on port 5132.
2026-07-31 00:42:21 [INFO]: MongoDB connected successfully.
2026-07-31 00:42:24 [INFO]: Email server connected successfully.
2026-07-31 00:42:24 [INFO]: Server is running on port 5132.
2026-07-31 00:42:37 [INFO]: MongoDB connected successfully.
2026-07-31 00:42:39 [INFO]: Email server connected successfully.
2026-07-31 00:42:39 [INFO]: Server is running on port 5132.
2026-07-31 00:42:41 [INFO]: MongoDB connected successfully.
2026-07-31 00:42:44 [INFO]: Email server connected successfully.
2026-07-31 00:42:44 [INFO]: Server is running on port 5132.
2026-07-31 00:42:50 [INFO]: MongoDB connected successfully.
2026-07-31 00:42:52 [INFO]: Email server connected successfully.
2026-07-31 00:42:52 [INFO]: Server is running on port 5132.
2026-07-31 00:43:03 [INFO]: MongoDB connected successfully.
2026-07-31 00:43:06 [INFO]: Email server connected successfully.
2026-07-31 00:43:06 [INFO]: Server is running on port 5132.
2026-07-31 00:43:21 [INFO]: MongoDB connected successfully.
2026-07-31 00:43:23 [INFO]: Email server connected successfully.
2026-07-31 00:43:23 [INFO]: Server is running on port 5132.
2026-07-31 00:43:32 [INFO]: MongoDB connected successfully.
2026-07-31 00:43:34 [INFO]: Email server connected successfully.
2026-07-31 00:43:34 [INFO]: Server is running on port 5132.
2026-07-31 00:43:40 [INFO]: MongoDB connected successfully.
2026-07-31 00:43:43 [INFO]: Email server connected successfully.
2026-07-31 00:43:43 [INFO]: Server is running on port 5132.
2026-07-31 00:44:01 [INFO]: MongoDB connected successfully.
2026-07-31 00:44:04 [INFO]: Email server connected successfully.
2026-07-31 00:44:04 [INFO]: Server is running on port 5132.
2026-07-31 00:45:48 [INFO]: MongoDB connected successfully.
2026-07-31 00:45:51 [INFO]: Email server connected successfully.
2026-07-31 00:45:51 [INFO]: Server is running on port 5132.
2026-07-31 00:45:58 [INFO]: MongoDB connected successfully.
2026-07-31 00:46:00 [INFO]: MongoDB connected successfully.
2026-07-31 00:46:02 [INFO]: Email server connected successfully.
2026-07-31 00:46:02 [INFO]: Server is running on port 5132.
2026-07-31 00:46:11 [INFO]: MongoDB connected successfully.
2026-07-31 00:46:14 [INFO]: Email server connected successfully.
2026-07-31 00:46:14 [INFO]: Server is running on port 5132.
2026-07-31 01:33:57 [INFO]: MongoDB connected successfully.
2026-07-31 01:34:00 [INFO]: Email server connected successfully.
2026-07-31 01:34:00 [INFO]: Server is running on port 5132.
2026-07-31 01:39:26 [INFO]: MongoDB connected successfully.
2026-07-31 01:39:28 [INFO]: Email server connected successfully.
2026-07-31 01:39:28 [INFO]: Server is running on port 5132.
2026-07-31 01:39:43 [INFO]: MongoDB connected successfully.
2026-07-31 01:39:46 [INFO]: Email server connected successfully.
2026-07-31 01:39:46 [INFO]: Server is running on port 5132.
2026-07-31 01:39:57 [INFO]: MongoDB connected successfully.
2026-07-31 01:40:00 [INFO]: Email server connected successfully.
2026-07-31 01:40:00 [INFO]: Server is running on port 5132.
2026-07-31 01:40:10 [INFO]: MongoDB connected successfully.
2026-07-31 01:40:12 [INFO]: Email server connected successfully.
2026-07-31 01:40:12 [INFO]: Server is running on port 5132.
2026-07-31 01:40:21 [INFO]: MongoDB connected successfully.
2026-07-31 01:40:24 [INFO]: Email server connected successfully.
2026-07-31 01:40:24 [INFO]: Server is running on port 5132.
2026-07-31 01:40:39 [INFO]: MongoDB connected successfully.
2026-07-31 01:40:42 [INFO]: Email server connected successfully.
2026-07-31 01:40:42 [INFO]: Server is running on port 5132.
2026-07-31 01:42:40 [INFO]: MongoDB connected successfully.
2026-07-31 01:42:43 [INFO]: MongoDB connected successfully.
2026-07-31 01:43:15 [INFO]: MongoDB connected successfully.
2026-07-31 01:43:18 [INFO]: Email server connected successfully.
2026-07-31 01:43:18 [INFO]: Server is running on port 5132.
2026-07-31 01:45:30 [INFO]: [0mGET / [32m200[0m 31.450 ms - -[0m
2026-07-31 01:45:30 [INFO]: [0mGET /css/style.css [36m304[0m 1.103 ms - -[0m
2026-07-31 01:45:30 [INFO]: [0mGET /images/logo/plantora.png [36m304[0m 1.290 ms - -[0m
2026-07-31 01:45:30 [INFO]: [0mGET /images/hero/hero-placeholder.png [36m304[0m 0.227 ms - -[0m
2026-07-31 01:45:30 [INFO]: [0mGET /images/hero/monstera-plant.jpg [36m304[0m 0.498 ms - -[0m
2026-07-31 01:45:30 [INFO]: [0mGET /images/hero/snake-plant.jpg [36m304[0m 0.675 ms - -[0m
2026-07-31 01:45:30 [INFO]: [0mGET /public/js/header.js [33m404[0m 1.281 ms - 83[0m
2026-07-31 01:45:30 [INFO]: [0mGET /public/js/featured.js [33m404[0m 1.662 ms - 85[0m
2026-07-31 01:45:30 [INFO]: [0mGET /images/hero/peace-lily.jpg [36m304[0m 1.534 ms - -[0m
2026-07-31 01:45:30 [INFO]: [0mGET /css/variables.css [36m304[0m 1.070 ms - -[0m
2026-07-31 01:45:30 [INFO]: [0mGET /css/utilities.css [36m304[0m 1.146 ms - -[0m
2026-07-31 01:45:30 [INFO]: [0mGET /css/header.css [36m304[0m 1.257 ms - -[0m
2026-07-31 01:45:30 [INFO]: [0mGET /css/animations.css [36m304[0m 1.823 ms - -[0m
2026-07-31 01:45:30 [INFO]: [0mGET /css/announcement.css [36m304[0m 2.474 ms - -[0m
2026-07-31 01:45:30 [INFO]: [0mGET /css/hero.css [36m304[0m 3.009 ms - -[0m
2026-07-31 01:45:30 [INFO]: [0mGET /css/featured.css [36m304[0m 1.239 ms - -[0m
2026-07-31 01:45:30 [INFO]: [0mGET /css/why-choose.css [36m304[0m 1.145 ms - -[0m
2026-07-31 01:45:30 [INFO]: [0mGET /css/footer.css [36m304[0m 1.212 ms - -[0m
2026-07-31 01:45:30 [INFO]: [0mGET /css/auth.css [36m304[0m 1.128 ms - -[0m
2026-07-31 01:45:30 [INFO]: [0mGET /public/js/why-choose.js [33m404[0m 0.570 ms - 87[0m
2026-07-31 01:45:30 [INFO]: [0mGET /public/js/notification.js [33m404[0m 1.355 ms - 89[0m
2026-07-31 01:45:30 [INFO]: [0mGET /public/js/footer.js [33m404[0m 2.350 ms - 83[0m
2026-07-31 01:45:30 [INFO]: [0mGET /public/js/auth.js [33m404[0m 3.274 ms - 81[0m
2026-07-31 01:45:30 [INFO]: [0mGET /css/verify.css [32m200[0m 2.897 ms - -[0m
2026-07-31 01:45:30 [INFO]: [0mGET /public/js/verify.js [33m404[0m 2.327 ms - 83[0m
2026-07-31 01:45:30 [INFO]: [0mGET /images/hero/tulip-plant.jpg [36m304[0m 1.565 ms - -[0m
2026-07-31 01:45:30 [INFO]: [0mGET /images/hero/rubber-plant.jpg [36m304[0m 1.036 ms - -[0m
2026-07-31 01:45:30 [INFO]: [0mGET /images/hero/aloe-vera.jpg [36m304[0m 1.469 ms - -[0m
2026-07-31 01:45:30 [INFO]: [0mGET /images/hero/areca-palm.jpg [36m304[0m 0.914 ms - -[0m
2026-07-31 01:45:30 [INFO]: [0mGET /images/hero/jade-plant.jpg [36m304[0m 1.192 ms - -[0m
2026-07-31 01:45:30 [INFO]: [0mGET /images/hero/golden-pothos.jpg [36m304[0m 0.195 ms - -[0m
2026-07-31 01:45:30 [INFO]: [0mGET /images/hero/fiddle-leaf-fig.jpg [36m304[0m 0.282 ms - -[0m
2026-07-31 01:45:30 [INFO]: [0mGET /images/hero/why-choose.jpg [36m304[0m 0.237 ms - -[0m
2026-07-31 01:45:30 [INFO]: [0mGET /images/logo/plantora-orgn-white.png [36m304[0m 0.553 ms - -[0m
2026-07-31 01:48:37 [INFO]: [0mGET / [36m304[0m 6.875 ms - -[0m
2026-07-31 01:48:37 [INFO]: [0mGET /images/logo/plantora.png [36m304[0m 0.625 ms - -[0m
2026-07-31 01:48:37 [INFO]: [0mGET /images/hero/hero-placeholder.png [36m304[0m 0.183 ms - -[0m
2026-07-31 01:48:37 [INFO]: [0mGET /css/style.css [32m200[0m 2.065 ms - 405[0m
2026-07-31 01:48:37 [INFO]: [0mGET /images/hero/monstera-plant.jpg [36m304[0m 0.579 ms - -[0m
2026-07-31 01:48:37 [INFO]: [0mGET /images/hero/snake-plant.jpg [36m304[0m 0.797 ms - -[0m
2026-07-31 01:48:37 [INFO]: [0mGET /images/hero/peace-lily.jpg [36m304[0m 1.129 ms - -[0m
2026-07-31 01:48:37 [INFO]: [0mGET /public/js/featured.js [33m404[0m 0.614 ms - 85[0m
2026-07-31 01:48:37 [INFO]: [0mGET /public/js/header.js [33m404[0m 1.477 ms - 83[0m
2026-07-31 01:48:37 [INFO]: [0mGET /public/js/why-choose.js [33m404[0m 0.682 ms - 87[0m
2026-07-31 01:48:37 [INFO]: [0mGET /public/js/notification.js [33m404[0m 0.615 ms - 89[0m
2026-07-31 01:48:37 [INFO]: [0mGET /css/variables.css [36m304[0m 0.416 ms - -[0m
2026-07-31 01:48:37 [INFO]: [0mGET /css/utilities.css [36m304[0m 0.716 ms - -[0m
2026-07-31 01:48:37 [INFO]: [0mGET /css/announcement.css [36m304[0m 0.629 ms - -[0m
2026-07-31 01:48:37 [INFO]: [0mGET /css/header.css [36m304[0m 0.910 ms - -[0m
2026-07-31 01:48:37 [INFO]: [0mGET /css/animations.css [36m304[0m 1.512 ms - -[0m
2026-07-31 01:48:37 [INFO]: [0mGET /css/hero.css [36m304[0m 0.973 ms - -[0m
2026-07-31 01:48:37 [INFO]: [0mGET /css/featured.css [36m304[0m 1.204 ms - -[0m
2026-07-31 01:48:37 [INFO]: [0mGET /css/why-choose.css [36m304[0m 1.918 ms - -[0m
2026-07-31 01:48:37 [INFO]: [0mGET /css/footer.css [36m304[0m 0.800 ms - -[0m
2026-07-31 01:48:37 [INFO]: [0mGET /css/auth.css [36m304[0m 0.970 ms - -[0m
2026-07-31 01:48:37 [INFO]: [0mGET /public/js/footer.js [33m404[0m 1.409 ms - 83[0m
2026-07-31 01:48:37 [INFO]: [0mGET /public/js/auth.js [33m404[0m 2.358 ms - 81[0m
2026-07-31 01:48:37 [INFO]: [0mGET /public/js/verify.js [33m404[0m 2.009 ms - 83[0m
2026-07-31 01:48:37 [INFO]: [0mGET /images/hero/tulip-plant.jpg [36m304[0m 2.141 ms - -[0m
2026-07-31 01:48:37 [INFO]: [0mGET /images/hero/rubber-plant.jpg [36m304[0m 2.430 ms - -[0m
2026-07-31 01:48:37 [INFO]: [0mGET /images/hero/aloe-vera.jpg [36m304[0m 2.029 ms - -[0m
2026-07-31 01:48:37 [INFO]: [0mGET /images/hero/areca-palm.jpg [36m304[0m 0.207 ms - -[0m
2026-07-31 01:48:37 [INFO]: [0mGET /images/hero/jade-plant.jpg [36m304[0m 0.367 ms - -[0m
2026-07-31 01:48:37 [INFO]: [0mGET /images/hero/golden-pothos.jpg [36m304[0m 0.343 ms - -[0m
2026-07-31 01:48:37 [INFO]: [0mGET /images/hero/fiddle-leaf-fig.jpg [36m304[0m 0.359 ms - -[0m
2026-07-31 01:48:37 [INFO]: [0mGET /images/hero/why-choose.jpg [36m304[0m 0.309 ms - -[0m
2026-07-31 01:48:37 [INFO]: [0mGET /images/logo/plantora-orgn-white.png [36m304[0m 0.372 ms - -[0m
2026-07-31 01:48:44 [INFO]: [0mGET /css/style.css [36m304[0m 0.559 ms - -[0m
2026-07-31 01:48:44 [INFO]: [0mGET /css/variables.css [36m304[0m 0.828 ms - -[0m
2026-07-31 01:48:44 [INFO]: [0mGET /css/utilities.css [36m304[0m 1.117 ms - -[0m
2026-07-31 01:48:44 [INFO]: [0mGET /css/animations.css [36m304[0m 1.282 ms - -[0m
2026-07-31 01:48:44 [INFO]: [0mGET /css/announcement.css [36m304[0m 1.488 ms - -[0m
2026-07-31 01:48:44 [INFO]: [0mGET /css/header.css [36m304[0m 1.746 ms - -[0m
2026-07-31 01:48:44 [INFO]: [0mGET /css/hero.css [36m304[0m 0.356 ms - -[0m
2026-07-31 01:48:44 [INFO]: [0mGET /css/featured.css [36m304[0m 0.459 ms - -[0m
2026-07-31 01:48:44 [INFO]: [0mGET /css/why-choose.css [36m304[0m 0.665 ms - -[0m
2026-07-31 01:48:44 [INFO]: [0mGET /css/footer.css [36m304[0m 0.888 ms - -[0m
2026-07-31 01:48:44 [INFO]: [0mGET /css/auth.css [36m304[0m 1.065 ms - -[0m
2026-07-31 01:48:44 [INFO]: [0mGET /.well-known/appspecific/com.chrome.devtools.json [33m404[0m 1.023 ms - 112[0m
2026-07-31 01:49:54 [INFO]: SIGINT received. Shutting down server...
2026-07-31 01:49:58 [INFO]: MongoDB connected successfully.
2026-07-31 01:50:00 [INFO]: Email server connected successfully.
2026-07-31 01:50:00 [INFO]: Server is running on port 5132.
2026-07-31 01:50:01 [INFO]: [0mGET / [32m200[0m 9.294 ms - -[0m
2026-07-31 01:50:01 [INFO]: [0mGET /images/logo/plantora.png [36m304[0m 1.549 ms - -[0m
2026-07-31 01:50:01 [INFO]: [0mGET /images/hero/hero-placeholder.png [36m304[0m 2.290 ms - -[0m
2026-07-31 01:50:01 [INFO]: [0mGET /css/style.css [32m200[0m 4.263 ms - 435[0m
2026-07-31 01:50:01 [INFO]: [0mGET /images/hero/monstera-plant.jpg [36m304[0m 0.793 ms - -[0m
2026-07-31 01:50:01 [INFO]: [0mGET /images/hero/snake-plant.jpg [36m304[0m 1.160 ms - -[0m
2026-07-31 01:50:01 [INFO]: [0mGET /images/hero/peace-lily.jpg [36m304[0m 1.056 ms - -[0m
2026-07-31 01:50:01 [INFO]: [0mGET /public/js/featured.js [33m404[0m 2.617 ms - 85[0m
2026-07-31 01:50:01 [INFO]: [0mGET /public/js/header.js [33m404[0m 4.132 ms - 83[0m
2026-07-31 01:50:01 [INFO]: [0mGET /css/variables.css [36m304[0m 1.722 ms - -[0m
2026-07-31 01:50:01 [INFO]: [0mGET /css/utilities.css [36m304[0m 2.090 ms - -[0m
2026-07-31 01:50:01 [INFO]: [0mGET /css/animations.css [36m304[0m 2.086 ms - -[0m
2026-07-31 01:50:01 [INFO]: [0mGET /css/announcement.css [36m304[0m 2.375 ms - -[0m
2026-07-31 01:50:01 [INFO]: [0mGET /css/header.css [36m304[0m 2.618 ms - -[0m
2026-07-31 01:50:01 [INFO]: [0mGET /css/hero.css [36m304[0m 0.605 ms - -[0m
2026-07-31 01:50:01 [INFO]: [0mGET /css/featured.css [36m304[0m 1.809 ms - -[0m
2026-07-31 01:50:01 [INFO]: [0mGET /css/why-choose.css [36m304[0m 1.488 ms - -[0m
2026-07-31 01:50:01 [INFO]: [0mGET /css/footer.css [36m304[0m 1.742 ms - -[0m
2026-07-31 01:50:01 [INFO]: [0mGET /css/auth.css [36m304[0m 2.862 ms - -[0m
2026-07-31 01:50:01 [INFO]: [0mGET /css/verify.css [36m304[0m 3.234 ms - -[0m
2026-07-31 01:50:01 [INFO]: [0mGET /public/js/why-choose.js [33m404[0m 1.257 ms - 87[0m
2026-07-31 01:50:01 [INFO]: [0mGET /public/js/notification.js [33m404[0m 1.968 ms - 89[0m
2026-07-31 01:50:01 [INFO]: [0mGET /public/js/footer.js [33m404[0m 0.601 ms - 83[0m
2026-07-31 01:50:01 [INFO]: [0mGET /public/js/auth.js [33m404[0m 1.854 ms - 81[0m
2026-07-31 01:50:01 [INFO]: [0mGET /public/js/verify.js [33m404[0m 1.858 ms - 83[0m
2026-07-31 01:50:01 [INFO]: [0mGET /images/hero/tulip-plant.jpg [36m304[0m 2.459 ms - -[0m
2026-07-31 01:50:01 [INFO]: [0mGET /images/hero/rubber-plant.jpg [36m304[0m 0.801 ms - -[0m
2026-07-31 01:50:01 [INFO]: [0mGET /images/hero/aloe-vera.jpg [36m304[0m 0.367 ms - -[0m
2026-07-31 01:50:01 [INFO]: [0mGET /images/hero/areca-palm.jpg [36m304[0m 0.634 ms - -[0m
2026-07-31 01:50:01 [INFO]: [0mGET /images/hero/jade-plant.jpg [36m304[0m 0.979 ms - -[0m
2026-07-31 01:50:01 [INFO]: [0mGET /images/hero/golden-pothos.jpg [36m304[0m 0.225 ms - -[0m
2026-07-31 01:50:01 [INFO]: [0mGET /images/hero/fiddle-leaf-fig.jpg [36m304[0m 0.404 ms - -[0m
2026-07-31 01:50:01 [INFO]: [0mGET /images/hero/why-choose.jpg [36m304[0m 0.321 ms - -[0m
2026-07-31 01:50:01 [INFO]: [0mGET /images/logo/plantora-orgn-white.png [36m304[0m 0.469 ms - -[0m
2026-07-31 01:50:59 [INFO]: [0mGET /?name=Customer+Two&email=customer_0002%40yopmail.com&password=123456789Pt%40&confirmPassword=123456789Pt%40&termsAccepted=on [32m200[0m 14.656 ms - -[0m
2026-07-31 01:50:59 [INFO]: [0mGET /css/style.css [36m304[0m 1.450 ms - -[0m
2026-07-31 01:50:59 [INFO]: [0mGET /images/hero/hero-placeholder.png [36m304[0m 1.804 ms - -[0m
2026-07-31 01:50:59 [INFO]: [0mGET /images/logo/plantora.png [36m304[0m 1.274 ms - -[0m
2026-07-31 01:50:59 [INFO]: [0mGET /images/hero/monstera-plant.jpg [36m304[0m 0.457 ms - -[0m
2026-07-31 01:50:59 [INFO]: [0mGET /images/hero/snake-plant.jpg [36m304[0m 0.888 ms - -[0m
2026-07-31 01:50:59 [INFO]: [0mGET /images/hero/peace-lily.jpg [36m304[0m 1.364 ms - -[0m
2026-07-31 01:50:59 [INFO]: [0mGET /public/js/featured.js [33m404[0m 1.108 ms - 85[0m
2026-07-31 01:50:59 [INFO]: [0mGET /public/js/header.js [33m404[0m 1.980 ms - 83[0m
2026-07-31 01:50:59 [INFO]: [0mGET /css/variables.css [36m304[0m 0.507 ms - -[0m
2026-07-31 01:50:59 [INFO]: [0mGET /css/utilities.css [36m304[0m 0.609 ms - -[0m
2026-07-31 01:50:59 [INFO]: [0mGET /css/animations.css [36m304[0m 0.536 ms - -[0m
2026-07-31 01:50:59 [INFO]: [0mGET /css/announcement.css [36m304[0m 0.718 ms - -[0m
2026-07-31 01:50:59 [INFO]: [0mGET /css/header.css [36m304[0m 0.439 ms - -[0m
2026-07-31 01:50:59 [INFO]: [0mGET /css/hero.css [36m304[0m 0.497 ms - -[0m
2026-07-31 01:50:59 [INFO]: [0mGET /css/featured.css [36m304[0m 1.850 ms - -[0m
2026-07-31 01:50:59 [INFO]: [0mGET /css/why-choose.css [36m304[0m 1.749 ms - -[0m
2026-07-31 01:50:59 [INFO]: [0mGET /css/footer.css [36m304[0m 2.047 ms - -[0m
2026-07-31 01:50:59 [INFO]: [0mGET /css/auth.css [36m304[0m 2.630 ms - -[0m
2026-07-31 01:50:59 [INFO]: [0mGET /css/verify.css [36m304[0m 0.756 ms - -[0m
2026-07-31 01:50:59 [INFO]: [0mGET /public/js/why-choose.js [33m404[0m 0.884 ms - 87[0m
2026-07-31 01:50:59 [INFO]: [0mGET /public/js/notification.js [33m404[0m 0.609 ms - 89[0m
2026-07-31 01:50:59 [INFO]: [0mGET /public/js/footer.js [33m404[0m 0.966 ms - 83[0m
2026-07-31 01:50:59 [INFO]: [0mGET /public/js/auth.js [33m404[0m 1.683 ms - 81[0m
2026-07-31 01:50:59 [INFO]: [0mGET /public/js/verify.js [33m404[0m 0.788 ms - 83[0m
2026-07-31 01:50:59 [INFO]: [0mGET /images/hero/tulip-plant.jpg [36m304[0m 0.553 ms - -[0m
2026-07-31 01:50:59 [INFO]: [0mGET /images/hero/rubber-plant.jpg [36m304[0m 1.470 ms - -[0m
2026-07-31 01:50:59 [INFO]: [0mGET /images/hero/aloe-vera.jpg [36m304[0m 0.611 ms - -[0m
2026-07-31 01:50:59 [INFO]: [0mGET /images/hero/areca-palm.jpg [36m304[0m 0.724 ms - -[0m
2026-07-31 01:50:59 [INFO]: [0mGET /images/hero/jade-plant.jpg [36m304[0m 0.954 ms - -[0m
2026-07-31 01:50:59 [INFO]: [0mGET /images/hero/golden-pothos.jpg [36m304[0m 0.210 ms - -[0m
2026-07-31 01:50:59 [INFO]: [0mGET /images/hero/fiddle-leaf-fig.jpg [36m304[0m 0.369 ms - -[0m
2026-07-31 01:50:59 [INFO]: [0mGET /images/hero/why-choose.jpg [36m304[0m 0.291 ms - -[0m
2026-07-31 01:50:59 [INFO]: [0mGET /images/logo/plantora-orgn-white.png [36m304[0m 0.404 ms - -[0m
2026-07-31 01:51:57 [INFO]: [0mGET /css/utilities.css [36m304[0m 1.123 ms - -[0m
2026-07-31 01:51:57 [INFO]: [0mGET /css/style.css [36m304[0m 1.561 ms - -[0m
2026-07-31 01:51:57 [INFO]: [0mGET /css/variables.css [36m304[0m 1.876 ms - -[0m
2026-07-31 01:51:57 [INFO]: [0mGET /css/animations.css [36m304[0m 1.942 ms - -[0m
2026-07-31 01:51:57 [INFO]: [0mGET /css/announcement.css [36m304[0m 2.088 ms - -[0m
2026-07-31 01:51:57 [INFO]: [0mGET /css/header.css [36m304[0m 0.228 ms - -[0m
2026-07-31 01:51:57 [INFO]: [0mGET /css/hero.css [36m304[0m 0.708 ms - -[0m
2026-07-31 01:51:57 [INFO]: [0mGET /css/featured.css [36m304[0m 0.900 ms - -[0m
2026-07-31 01:51:57 [INFO]: [0mGET /css/why-choose.css [36m304[0m 1.104 ms - -[0m
2026-07-31 01:51:57 [INFO]: [0mGET /css/footer.css [36m304[0m 1.254 ms - -[0m
2026-07-31 01:51:57 [INFO]: [0mGET /css/auth.css [36m304[0m 0.357 ms - -[0m
2026-07-31 01:51:57 [INFO]: [0mGET /css/verify.css [36m304[0m 0.517 ms - -[0m
2026-07-31 01:51:57 [INFO]: [0mGET /.well-known/appspecific/com.chrome.devtools.json [33m404[0m 0.985 ms - 112[0m
2026-07-31 01:53:19 [INFO]: [0mGET /?name=Customer+Two&email=customer_0002%40yopmail.com&password=123456789Pt%40&confirmPassword=123456789Pt%40&termsAccepted=on [32m200[0m 11.218 ms - -[0m
2026-07-31 01:53:19 [INFO]: [0mGET /css/style.css [36m304[0m 0.840 ms - -[0m
2026-07-31 01:53:19 [INFO]: [0mGET /images/logo/plantora.png [36m304[0m 1.239 ms - -[0m
2026-07-31 01:53:19 [INFO]: [0mGET /images/hero/hero-placeholder.png [36m304[0m 1.429 ms - -[0m
2026-07-31 01:53:19 [INFO]: [0mGET /.well-known/appspecific/com.chrome.devtools.json [33m404[0m 0.793 ms - 112[0m
2026-07-31 01:53:19 [INFO]: [0mGET /images/hero/monstera-plant.jpg [36m304[0m 0.735 ms - -[0m
2026-07-31 01:53:19 [INFO]: [0mGET /images/hero/snake-plant.jpg [36m304[0m 1.019 ms - -[0m
2026-07-31 01:53:19 [INFO]: [0mGET /images/hero/peace-lily.jpg [36m304[0m 1.313 ms - -[0m
2026-07-31 01:53:19 [INFO]: [0mGET /public/js/header.js [33m404[0m 2.186 ms - 83[0m
2026-07-31 01:53:19 [INFO]: [0mGET /js/featured.js [36m304[0m 0.278 ms - -[0m
2026-07-31 01:53:19 [INFO]: [0mGET /css/variables.css [36m304[0m 0.493 ms - -[0m
2026-07-31 01:53:19 [INFO]: [0mGET /css/utilities.css [36m304[0m 0.895 ms - -[0m
2026-07-31 01:53:19 [INFO]: [0mGET /css/animations.css [36m304[0m 0.920 ms - -[0m
2026-07-31 01:53:19 [INFO]: [0mGET /css/announcement.css [36m304[0m 1.097 ms - -[0m
2026-07-31 01:53:19 [INFO]: [0mGET /css/header.css [36m304[0m 1.402 ms - -[0m
2026-07-31 01:53:19 [INFO]: [0mGET /css/hero.css [36m304[0m 2.184 ms - -[0m
2026-07-31 01:53:19 [INFO]: [0mGET /css/why-choose.css [36m304[0m 0.886 ms - -[0m
2026-07-31 01:53:19 [INFO]: [0mGET /css/featured.css [36m304[0m 1.577 ms - -[0m
2026-07-31 01:53:19 [INFO]: [0mGET /css/footer.css [36m304[0m 0.916 ms - -[0m
2026-07-31 01:53:19 [INFO]: [0mGET /css/auth.css [36m304[0m 1.134 ms - -[0m
2026-07-31 01:53:19 [INFO]: [0mGET /css/verify.css [36m304[0m 1.409 ms - -[0m
2026-07-31 01:53:19 [INFO]: [0mGET /js/why-choose.js [36m304[0m 0.295 ms - -[0m
2026-07-31 01:53:19 [INFO]: [0mGET /js/notification.js [36m304[0m 0.516 ms - -[0m
2026-07-31 01:53:19 [INFO]: [0mGET /js/footer.js [36m304[0m 0.730 ms - -[0m
2026-07-31 01:53:19 [INFO]: [0mGET /js/auth.js [36m304[0m 0.264 ms - -[0m
2026-07-31 01:53:19 [INFO]: [0mGET /images/hero/tulip-plant.jpg [36m304[0m 0.555 ms - -[0m
2026-07-31 01:53:19 [INFO]: [0mGET /images/hero/rubber-plant.jpg [36m304[0m 0.449 ms - -[0m
2026-07-31 01:53:19 [INFO]: [0mGET /images/hero/aloe-vera.jpg [36m304[0m 0.637 ms - -[0m
2026-07-31 01:53:19 [INFO]: [0mGET /js/verify.js [32m200[0m 2.452 ms - -[0m
2026-07-31 01:53:19 [INFO]: [0mGET /images/hero/areca-palm.jpg [36m304[0m 0.275 ms - -[0m
2026-07-31 01:53:19 [INFO]: [0mGET /images/hero/jade-plant.jpg [36m304[0m 0.358 ms - -[0m
2026-07-31 01:53:19 [INFO]: [0mGET /images/hero/golden-pothos.jpg [36m304[0m 0.587 ms - -[0m
2026-07-31 01:53:19 [INFO]: [0mGET /images/hero/fiddle-leaf-fig.jpg [36m304[0m 0.514 ms - -[0m
2026-07-31 01:53:19 [INFO]: [0mGET /images/hero/why-choose.jpg [36m304[0m 0.631 ms - -[0m
2026-07-31 01:53:19 [INFO]: [0mGET /images/logo/plantora-orgn-white.png [36m304[0m 0.255 ms - -[0m
2026-07-31 01:53:57 [INFO]: Email sent successfully to 'customer_0002@yopmail.com'. Subject: 'Verify Your Plantora Account'.
2026-07-31 01:53:57 [ERROR]: Failed to create audit log: AuditLog validation failed: action: `Register` is not a valid enum value for path `action`., severity: `low` is not a valid enum value for path `severity`.
2026-07-31 01:53:57 [INFO]: Customer registered successfully : customer_0002@yopmail.com
2026-07-31 01:53:57 [INFO]: [0mPOST /auth/register [32m201[0m 5313.456 ms - 97[0m
2026-07-31 01:54:26 [ERROR]: Failed to create audit log: AuditLog validation failed: action: `Verify Email` is not a valid enum value for path `action`., severity: `low` is not a valid enum value for path `severity`.
2026-07-31 01:54:26 [INFO]: Email verified successfully : customer_0002@yopmail.com
2026-07-31 01:54:26 [INFO]: [0mGET /auth/verify-email/b2857305b014821946e8d91e9b897c0522a19c0e5a92ec9d8019018ba34bf69a [32m200[0m 165.807 ms - -[0m
2026-07-31 01:54:26 [INFO]: [0mGET /css/style.css [36m304[0m 0.556 ms - -[0m
2026-07-31 01:54:26 [INFO]: [0mGET /images/logo/plantora-orgn-white.png [36m304[0m 0.807 ms - -[0m
2026-07-31 01:54:26 [INFO]: [0mGET /auth/verify-email/public/js/header.js [33m404[0m 1.386 ms - 101[0m
2026-07-31 01:54:26 [INFO]: [0mGET /js/featured.js [36m304[0m 1.576 ms - -[0m
2026-07-31 01:54:26 [INFO]: [0mGET /js/why-choose.js [36m304[0m 0.568 ms - -[0m
2026-07-31 01:54:26 [INFO]: [0mGET /js/notification.js [36m304[0m 0.790 ms - -[0m
2026-07-31 01:54:26 [INFO]: [0mGET /js/footer.js [36m304[0m 0.870 ms - -[0m
2026-07-31 01:54:26 [INFO]: [0mGET /js/auth.js [36m304[0m 0.984 ms - -[0m
2026-07-31 01:54:26 [INFO]: [0mGET /css/variables.css [36m304[0m 0.920 ms - -[0m
2026-07-31 01:54:26 [INFO]: [0mGET /css/utilities.css [36m304[0m 1.053 ms - -[0m
2026-07-31 01:54:26 [INFO]: [0mGET /css/animations.css [36m304[0m 1.181 ms - -[0m
2026-07-31 01:54:26 [INFO]: [0mGET /css/announcement.css [36m304[0m 1.278 ms - -[0m
2026-07-31 01:54:26 [INFO]: [0mGET /css/header.css [36m304[0m 1.313 ms - -[0m
2026-07-31 01:54:26 [INFO]: [0mGET /css/hero.css [36m304[0m 1.349 ms - -[0m
2026-07-31 01:54:26 [INFO]: [0mGET /css/featured.css [36m304[0m 0.354 ms - -[0m
2026-07-31 01:54:26 [INFO]: [0mGET /css/why-choose.css [36m304[0m 0.566 ms - -[0m
2026-07-31 01:54:26 [INFO]: [0mGET /css/footer.css [36m304[0m 0.853 ms - -[0m
2026-07-31 01:54:26 [INFO]: [0mGET /css/auth.css [36m304[0m 1.075 ms - -[0m
2026-07-31 01:54:26 [INFO]: [0mGET /css/verify.css [36m304[0m 1.315 ms - -[0m
2026-07-31 01:54:26 [INFO]: [0mGET /js/verify.js [36m304[0m 0.202 ms - -[0m
2026-07-31 01:54:31 [INFO]: [0mGET /?openLogin=true [32m200[0m 3.438 ms - -[0m
2026-07-31 01:54:31 [INFO]: [0mGET /css/style.css [36m304[0m 0.417 ms - -[0m
2026-07-31 01:54:31 [INFO]: [0mGET /images/logo/plantora.png [36m304[0m 0.592 ms - -[0m
2026-07-31 01:54:31 [INFO]: [0mGET /images/hero/hero-placeholder.png [36m304[0m 0.877 ms - -[0m
2026-07-31 01:54:31 [INFO]: [0mGET /images/hero/monstera-plant.jpg [36m304[0m 1.292 ms - -[0m
2026-07-31 01:54:31 [INFO]: [0mGET /images/hero/snake-plant.jpg [36m304[0m 0.409 ms - -[0m
2026-07-31 01:54:31 [INFO]: [0mGET /images/hero/peace-lily.jpg [36m304[0m 0.777 ms - -[0m
2026-07-31 01:54:31 [INFO]: [0mGET /images/logo/plantora-orgn-white.png [36m304[0m 0.287 ms - -[0m
2026-07-31 01:54:31 [INFO]: [0mGET /public/js/header.js [33m404[0m 0.806 ms - 83[0m
2026-07-31 01:54:31 [INFO]: [0mGET /css/variables.css [36m304[0m 0.266 ms - -[0m
2026-07-31 01:54:31 [INFO]: [0mGET /css/utilities.css [36m304[0m 0.214 ms - -[0m
2026-07-31 01:54:31 [INFO]: [0mGET /css/animations.css [36m304[0m 0.237 ms - -[0m
2026-07-31 01:54:31 [INFO]: [0mGET /css/announcement.css [36m304[0m 0.293 ms - -[0m
2026-07-31 01:54:31 [INFO]: [0mGET /css/header.css [36m304[0m 0.524 ms - -[0m
2026-07-31 01:54:31 [INFO]: [0mGET /css/featured.css [36m304[0m 0.624 ms - -[0m
2026-07-31 01:54:31 [INFO]: [0mGET /css/hero.css [36m304[0m 0.872 ms - -[0m
2026-07-31 01:54:31 [INFO]: [0mGET /css/why-choose.css [36m304[0m 0.172 ms - -[0m
2026-07-31 01:54:31 [INFO]: [0mGET /css/footer.css [36m304[0m 0.395 ms - -[0m
2026-07-31 01:54:31 [INFO]: [0mGET /css/auth.css [36m304[0m 0.558 ms - -[0m
2026-07-31 01:54:31 [INFO]: [0mGET /css/verify.css [36m304[0m 0.333 ms - -[0m
2026-07-31 01:54:31 [INFO]: [0mGET /js/featured.js [36m304[0m 0.174 ms - -[0m
2026-07-31 01:54:31 [INFO]: [0mGET /js/why-choose.js [36m304[0m 0.258 ms - -[0m
2026-07-31 01:54:31 [INFO]: [0mGET /js/notification.js [36m304[0m 0.108 ms - -[0m
2026-07-31 01:54:31 [INFO]: [0mGET /js/footer.js [36m304[0m 0.142 ms - -[0m
2026-07-31 01:54:31 [INFO]: [0mGET /js/auth.js [36m304[0m 0.252 ms - -[0m
2026-07-31 01:54:31 [INFO]: [0mGET /js/verify.js [36m304[0m 0.092 ms - -[0m
2026-07-31 01:54:31 [INFO]: [0mGET /images/hero/tulip-plant.jpg [36m304[0m 0.595 ms - -[0m
2026-07-31 01:54:31 [INFO]: [0mGET /images/hero/rubber-plant.jpg [36m304[0m 0.396 ms - -[0m
2026-07-31 01:54:31 [INFO]: [0mGET /images/hero/aloe-vera.jpg [36m304[0m 0.197 ms - -[0m
2026-07-31 01:54:31 [INFO]: [0mGET /images/hero/areca-palm.jpg [36m304[0m 0.483 ms - -[0m
2026-07-31 01:54:31 [INFO]: [0mGET /images/hero/jade-plant.jpg [36m304[0m 0.203 ms - -[0m
2026-07-31 01:54:31 [INFO]: [0mGET /images/hero/golden-pothos.jpg [36m304[0m 0.155 ms - -[0m
2026-07-31 01:54:31 [INFO]: [0mGET /images/hero/fiddle-leaf-fig.jpg [36m304[0m 0.232 ms - -[0m
2026-07-31 01:54:31 [INFO]: [0mGET /images/hero/why-choose.jpg [36m304[0m 0.230 ms - -[0m
2026-07-31 01:55:53 [ERROR]: ReferenceError: E:\Webskitters_Academy\NODE JS\final_project_node\plantora_final_project_node_ejs\views\auth\resend-verification.ejs:71
    69|     id="email"
    70|     name="email"
 >> 71|     value="<%= email || '' %>"
    72|     placeholder="Enter your email address"
    73|     autocomplete="email"
    74|     required

email is not defined
    at eval (eval at compile (E:\Webskitters_Academy\NODE JS\final_project_node\plantora_final_project_node_ejs\node_modules\ejs\lib\cjs\ejs.js:607:18), <anonymous>:25:26)
    at resend-verification (E:\Webskitters_Academy\NODE JS\final_project_node\plantora_final_project_node_ejs\node_modules\ejs\lib\cjs\ejs.js:643:23)
    at tryHandleCache (E:\Webskitters_Academy\NODE JS\final_project_node\plantora_final_project_node_ejs\node_modules\ejs\lib\cjs\ejs.js:253:42)
    at ejs.renderFile [as engine] (E:\Webskitters_Academy\NODE JS\final_project_node\plantora_final_project_node_ejs\node_modules\ejs\lib\cjs\ejs.js:444:12)
    at View.render (E:\Webskitters_Academy\NODE JS\final_project_node\plantora_final_project_node_ejs\node_modules\express\lib\view.js:139:8)
    at tryRender (E:\Webskitters_Academy\NODE JS\final_project_node\plantora_final_project_node_ejs\node_modules\express\lib\application.js:627:10)
    at app.render (E:\Webskitters_Academy\NODE JS\final_project_node\plantora_final_project_node_ejs\node_modules\express\lib\application.js:574:3)
    at ServerResponse.render (E:\Webskitters_Academy\NODE JS\final_project_node\plantora_final_project_node_ejs\node_modules\express\lib\response.js:923:7)
    at showResendVerificationPage (E:\Webskitters_Academy\NODE JS\final_project_node\plantora_final_project_node_ejs\app\controllers\authController.js:474:16)
    at Layer.handleRequest (E:\Webskitters_Academy\NODE JS\final_project_node\plantora_final_project_node_ejs\node_modules\router\lib\layer.js:152:17)
2026-07-31 01:55:53 [INFO]: [0mGET /auth/resend-verification [31m500[0m 3.356 ms - 451[0m
2026-07-31 01:55:59 [INFO]: [0mGET / [32m200[0m 10.067 ms - -[0m
2026-07-31 01:55:59 [INFO]: [0mGET /css/style.css [36m304[0m 1.081 ms - -[0m
2026-07-31 01:55:59 [INFO]: [0mGET /images/logo/plantora.png [36m304[0m 1.017 ms - -[0m
2026-07-31 01:55:59 [INFO]: [0mGET /images/hero/hero-placeholder.png [36m304[0m 0.246 ms - -[0m
2026-07-31 01:55:59 [INFO]: [0mGET /images/hero/monstera-plant.jpg [36m304[0m 0.373 ms - -[0m
2026-07-31 01:55:59 [INFO]: [0mGET /images/hero/snake-plant.jpg [36m304[0m 2.107 ms - -[0m
2026-07-31 01:55:59 [INFO]: [0mGET /images/hero/peace-lily.jpg [36m304[0m 2.721 ms - -[0m
2026-07-31 01:55:59 [INFO]: [0mGET /js/featured.js [36m304[0m 0.224 ms - -[0m
2026-07-31 01:55:59 [INFO]: [0mGET /public/js/header.js [33m404[0m 0.715 ms - 83[0m
2026-07-31 01:55:59 [INFO]: [0mGET /css/variables.css [36m304[0m 0.445 ms - -[0m
2026-07-31 01:55:59 [INFO]: [0mGET /css/utilities.css [36m304[0m 0.553 ms - -[0m
2026-07-31 01:55:59 [INFO]: [0mGET /css/animations.css [36m304[0m 0.688 ms - -[0m
2026-07-31 01:55:59 [INFO]: [0mGET /css/hero.css [36m304[0m 0.604 ms - -[0m
2026-07-31 01:55:59 [INFO]: [0mGET /css/featured.css [36m304[0m 0.809 ms - -[0m
2026-07-31 01:55:59 [INFO]: [0mGET /css/why-choose.css [36m304[0m 1.089 ms - -[0m
2026-07-31 01:55:59 [INFO]: [0mGET /css/announcement.css [36m304[0m 1.297 ms - -[0m
2026-07-31 01:55:59 [INFO]: [0mGET /css/header.css [36m304[0m 1.456 ms - -[0m
2026-07-31 01:55:59 [INFO]: [0mGET /css/footer.css [36m304[0m 1.611 ms - -[0m
2026-07-31 01:55:59 [INFO]: [0mGET /css/auth.css [36m304[0m 0.306 ms - -[0m
2026-07-31 01:55:59 [INFO]: [0mGET /css/verify.css [36m304[0m 0.410 ms - -[0m
2026-07-31 01:55:59 [INFO]: [0mGET /js/why-choose.js [36m304[0m 0.441 ms - -[0m
2026-07-31 01:55:59 [INFO]: [0mGET /js/notification.js [36m304[0m 0.622 ms - -[0m
2026-07-31 01:55:59 [INFO]: [0mGET /js/footer.js [36m304[0m 0.246 ms - -[0m
2026-07-31 01:55:59 [INFO]: [0mGET /js/auth.js [36m304[0m 0.211 ms - -[0m
2026-07-31 01:55:59 [INFO]: [0mGET /images/hero/tulip-plant.jpg [36m304[0m 0.352 ms - -[0m
2026-07-31 01:55:59 [INFO]: [0mGET /images/hero/rubber-plant.jpg [36m304[0m 0.527 ms - -[0m
2026-07-31 01:55:59 [INFO]: [0mGET /images/hero/aloe-vera.jpg [36m304[0m 0.991 ms - -[0m
2026-07-31 01:55:59 [INFO]: [0mGET /images/hero/areca-palm.jpg [36m304[0m 0.226 ms - -[0m
2026-07-31 01:55:59 [INFO]: [0mGET /images/hero/jade-plant.jpg [36m304[0m 0.396 ms - -[0m
2026-07-31 01:55:59 [INFO]: [0mGET /images/hero/golden-pothos.jpg [36m304[0m 0.201 ms - -[0m
2026-07-31 01:55:59 [INFO]: [0mGET /images/hero/fiddle-leaf-fig.jpg [36m304[0m 0.308 ms - -[0m
2026-07-31 01:55:59 [INFO]: [0mGET /images/hero/why-choose.jpg [36m304[0m 0.246 ms - -[0m
2026-07-31 01:55:59 [INFO]: [0mGET /images/logo/plantora-orgn-white.png [36m304[0m 0.248 ms - -[0m
2026-07-31 01:56:03 [INFO]: [0mGET /auth/verify-email/b2857305b014821946e8d91e9b897c0522a19c0e5a92ec9d8019018ba34bf69a [32m200[0m 35.121 ms - -[0m
2026-07-31 01:56:03 [INFO]: [0mGET /css/style.css [36m304[0m 0.320 ms - -[0m
2026-07-31 01:56:03 [INFO]: [0mGET /auth/verify-email/public/js/header.js [33m404[0m 1.106 ms - 101[0m
2026-07-31 01:56:03 [INFO]: [0mGET /js/featured.js [36m304[0m 1.276 ms - -[0m
2026-07-31 01:56:03 [INFO]: [0mGET /js/why-choose.js [36m304[0m 1.505 ms - -[0m
2026-07-31 01:56:03 [INFO]: [0mGET /js/notification.js [36m304[0m 1.796 ms - -[0m
2026-07-31 01:56:03 [INFO]: [0mGET /js/footer.js [36m304[0m 2.656 ms - -[0m
2026-07-31 01:56:03 [INFO]: [0mGET /js/auth.js [36m304[0m 0.877 ms - -[0m
2026-07-31 01:56:03 [INFO]: [0mGET /css/variables.css [36m304[0m 1.850 ms - -[0m
2026-07-31 01:56:03 [INFO]: [0mGET /css/utilities.css [36m304[0m 2.298 ms - -[0m
2026-07-31 01:56:03 [INFO]: [0mGET /css/animations.css [36m304[0m 2.660 ms - -[0m
2026-07-31 01:56:03 [INFO]: [0mGET /css/announcement.css [36m304[0m 2.922 ms - -[0m
2026-07-31 01:56:03 [INFO]: [0mGET /css/header.css [36m304[0m 2.951 ms - -[0m
2026-07-31 01:56:03 [INFO]: [0mGET /css/hero.css [36m304[0m 3.104 ms - -[0m
2026-07-31 01:56:03 [INFO]: [0mGET /css/featured.css [36m304[0m 1.330 ms - -[0m
2026-07-31 01:56:03 [INFO]: [0mGET /css/why-choose.css [36m304[0m 1.420 ms - -[0m
2026-07-31 01:56:03 [INFO]: [0mGET /css/footer.css [36m304[0m 1.471 ms - -[0m
2026-07-31 01:56:03 [INFO]: [0mGET /css/auth.css [36m304[0m 1.608 ms - -[0m
2026-07-31 01:56:03 [INFO]: [0mGET /css/verify.css [36m304[0m 1.701 ms - -[0m
2026-07-31 01:56:23 [INFO]: [0mPOST /auth/resend-verification-email [32m200[0m 41.404 ms - -[0m
2026-07-31 01:56:23 [INFO]: [0mGET /css/style.css [36m304[0m 0.978 ms - -[0m
2026-07-31 01:56:23 [INFO]: [0mGET /auth/public/js/header.js [33m404[0m 2.093 ms - 88[0m
2026-07-31 01:56:23 [INFO]: [0mGET /js/featured.js [36m304[0m 2.541 ms - -[0m
2026-07-31 01:56:23 [INFO]: [0mGET /js/why-choose.js [36m304[0m 1.423 ms - -[0m
2026-07-31 01:56:23 [INFO]: [0mGET /js/auth.js [36m304[0m 0.962 ms - -[0m
2026-07-31 01:56:23 [INFO]: [0mGET /js/notification.js [36m304[0m 1.152 ms - -[0m
2026-07-31 01:56:23 [INFO]: [0mGET /js/footer.js [36m304[0m 1.302 ms - -[0m
2026-07-31 01:56:23 [INFO]: [0mGET /css/variables.css [36m304[0m 0.898 ms - -[0m
2026-07-31 01:56:23 [INFO]: [0mGET /css/utilities.css [36m304[0m 1.074 ms - -[0m
2026-07-31 01:56:23 [INFO]: [0mGET /css/animations.css [36m304[0m 1.176 ms - -[0m
2026-07-31 01:56:23 [INFO]: [0mGET /css/announcement.css [36m304[0m 1.370 ms - -[0m
2026-07-31 01:56:23 [INFO]: [0mGET /css/header.css [36m304[0m 1.587 ms - -[0m
2026-07-31 01:56:23 [INFO]: [0mGET /css/hero.css [36m304[0m 1.755 ms - -[0m
2026-07-31 01:56:23 [INFO]: [0mGET /css/featured.css [36m304[0m 0.658 ms - -[0m
2026-07-31 01:56:23 [INFO]: [0mGET /css/why-choose.css [36m304[0m 0.981 ms - -[0m
2026-07-31 01:56:23 [INFO]: [0mGET /css/footer.css [36m304[0m 1.211 ms - -[0m
2026-07-31 01:56:23 [INFO]: [0mGET /css/auth.css [36m304[0m 1.397 ms - -[0m
2026-07-31 01:56:23 [INFO]: [0mGET /css/verify.css [36m304[0m 1.925 ms - -[0m
2026-07-31 01:57:10 [ERROR]: ReferenceError: E:\Webskitters_Academy\NODE JS\final_project_node\plantora_final_project_node_ejs\views\auth\resend-verification.ejs:71
    69|     id="email"
    70|     name="email"
 >> 71|     value="<%= email || '' %>"
    72|     placeholder="Enter your email address"
    73|     autocomplete="email"
    74|     required

email is not defined
    at eval (eval at compile (E:\Webskitters_Academy\NODE JS\final_project_node\plantora_final_project_node_ejs\node_modules\ejs\lib\cjs\ejs.js:607:18), <anonymous>:25:26)
    at resend-verification (E:\Webskitters_Academy\NODE JS\final_project_node\plantora_final_project_node_ejs\node_modules\ejs\lib\cjs\ejs.js:643:23)
    at tryHandleCache (E:\Webskitters_Academy\NODE JS\final_project_node\plantora_final_project_node_ejs\node_modules\ejs\lib\cjs\ejs.js:253:42)
    at ejs.renderFile [as engine] (E:\Webskitters_Academy\NODE JS\final_project_node\plantora_final_project_node_ejs\node_modules\ejs\lib\cjs\ejs.js:444:12)
    at View.render (E:\Webskitters_Academy\NODE JS\final_project_node\plantora_final_project_node_ejs\node_modules\express\lib\view.js:139:8)
    at tryRender (E:\Webskitters_Academy\NODE JS\final_project_node\plantora_final_project_node_ejs\node_modules\express\lib\application.js:627:10)
    at app.render (E:\Webskitters_Academy\NODE JS\final_project_node\plantora_final_project_node_ejs\node_modules\express\lib\application.js:574:3)
    at ServerResponse.render (E:\Webskitters_Academy\NODE JS\final_project_node\plantora_final_project_node_ejs\node_modules\express\lib\response.js:923:7)
    at showResendVerificationPage (E:\Webskitters_Academy\NODE JS\final_project_node\plantora_final_project_node_ejs\app\controllers\authController.js:474:16)
    at Layer.handleRequest (E:\Webskitters_Academy\NODE JS\final_project_node\plantora_final_project_node_ejs\node_modules\router\lib\layer.js:152:17)
2026-07-31 01:57:10 [INFO]: [0mGET /auth/resend-verification [31m500[0m 2.852 ms - 451[0m
2026-07-31 01:58:10 [INFO]: [0mGET /auth/verify-email/b2857305b014821946e8d91e9b897c0522a19c0e5a92ec9d8019018ba34bf69a [36m304[0m 35.910 ms - -[0m
2026-07-31 01:58:10 [INFO]: [0mGET /css/style.css [36m304[0m 0.651 ms - -[0m
2026-07-31 01:58:10 [INFO]: [0mGET /auth/verify-email/public/js/header.js [33m404[0m 1.265 ms - 101[0m
2026-07-31 01:58:10 [INFO]: [0mGET /js/footer.js [36m304[0m 1.587 ms - -[0m
2026-07-31 01:58:10 [INFO]: [0mGET /js/featured.js [36m304[0m 1.794 ms - -[0m
2026-07-31 01:58:10 [INFO]: [0mGET /js/why-choose.js [36m304[0m 1.964 ms - -[0m
2026-07-31 01:58:10 [INFO]: [0mGET /js/notification.js [36m304[0m 2.426 ms - -[0m
2026-07-31 01:58:10 [INFO]: [0mGET /js/auth.js [36m304[0m 0.560 ms - -[0m
2026-07-31 01:58:10 [INFO]: [0mGET /css/variables.css [36m304[0m 0.623 ms - -[0m
2026-07-31 01:58:10 [INFO]: [0mGET /css/utilities.css [36m304[0m 0.778 ms - -[0m
2026-07-31 01:58:10 [INFO]: [0mGET /css/animations.css [36m304[0m 0.914 ms - -[0m
2026-07-31 01:58:10 [INFO]: [0mGET /css/announcement.css [36m304[0m 1.161 ms - -[0m
2026-07-31 01:58:10 [INFO]: [0mGET /css/header.css [36m304[0m 1.376 ms - -[0m
2026-07-31 01:58:10 [INFO]: [0mGET /css/hero.css [36m304[0m 1.576 ms - -[0m
2026-07-31 01:58:10 [INFO]: [0mGET /css/featured.css [36m304[0m 0.728 ms - -[0m
2026-07-31 01:58:10 [INFO]: [0mGET /css/why-choose.css [36m304[0m 0.851 ms - -[0m
2026-07-31 01:58:10 [INFO]: [0mGET /css/footer.css [36m304[0m 1.014 ms - -[0m
2026-07-31 01:58:10 [INFO]: [0mGET /css/auth.css [36m304[0m 1.154 ms - -[0m
2026-07-31 01:58:10 [INFO]: [0mGET /css/verify.css [36m304[0m 1.093 ms - -[0m
2026-07-31 01:58:26 [INFO]: [0mGET /admin/users [33m404[0m 1.397 ms - 75[0m
2026-07-31 01:59:39 [INFO]: MongoDB connected successfully.
2026-07-31 01:59:42 [INFO]: Email server connected successfully.
2026-07-31 01:59:42 [INFO]: Server is running on port 5132.
2026-07-31 02:00:07 [INFO]: MongoDB connected successfully.
2026-07-31 02:00:09 [INFO]: Email server connected successfully.
2026-07-31 02:00:09 [INFO]: Server is running on port 5132.
2026-07-31 02:01:16 [INFO]: MongoDB connected successfully.
2026-07-31 02:01:19 [INFO]: Email server connected successfully.
2026-07-31 02:01:19 [INFO]: Server is running on port 5132.
2026-07-31 02:01:30 [INFO]: MongoDB connected successfully.
2026-07-31 02:01:32 [INFO]: Email server connected successfully.
2026-07-31 02:01:32 [INFO]: Server is running on port 5132.
2026-07-31 02:01:38 [INFO]: MongoDB connected successfully.
2026-07-31 02:01:41 [INFO]: Email server connected successfully.
2026-07-31 02:01:41 [INFO]: Server is running on port 5132.
2026-07-31 02:02:32 [ERROR]: ReferenceError: E:\Webskitters_Academy\NODE JS\final_project_node\plantora_final_project_node_ejs\views\auth\resend-verification.ejs:71
    69|     id="email"
    70|     name="email"
 >> 71|     value="<%= email || '' %>"
    72|     placeholder="Enter your email address"
    73|     autocomplete="email"
    74|     required

email is not defined
    at eval (eval at compile (E:\Webskitters_Academy\NODE JS\final_project_node\plantora_final_project_node_ejs\node_modules\ejs\lib\cjs\ejs.js:607:18), <anonymous>:25:26)
    at resend-verification (E:\Webskitters_Academy\NODE JS\final_project_node\plantora_final_project_node_ejs\node_modules\ejs\lib\cjs\ejs.js:643:23)
    at tryHandleCache (E:\Webskitters_Academy\NODE JS\final_project_node\plantora_final_project_node_ejs\node_modules\ejs\lib\cjs\ejs.js:253:42)
    at ejs.renderFile [as engine] (E:\Webskitters_Academy\NODE JS\final_project_node\plantora_final_project_node_ejs\node_modules\ejs\lib\cjs\ejs.js:444:12)
    at View.render (E:\Webskitters_Academy\NODE JS\final_project_node\plantora_final_project_node_ejs\node_modules\express\lib\view.js:139:8)
    at tryRender (E:\Webskitters_Academy\NODE JS\final_project_node\plantora_final_project_node_ejs\node_modules\express\lib\application.js:627:10)
    at app.render (E:\Webskitters_Academy\NODE JS\final_project_node\plantora_final_project_node_ejs\node_modules\express\lib\application.js:574:3)
    at ServerResponse.render (E:\Webskitters_Academy\NODE JS\final_project_node\plantora_final_project_node_ejs\node_modules\express\lib\response.js:923:7)
    at showResendVerificationPage (E:\Webskitters_Academy\NODE JS\final_project_node\plantora_final_project_node_ejs\app\controllers\authController.js:475:16)
    at Layer.handleRequest (E:\Webskitters_Academy\NODE JS\final_project_node\plantora_final_project_node_ejs\node_modules\router\lib\layer.js:152:17)
2026-07-31 02:02:32 [INFO]: [0mGET /auth/resend-verification [31m500[0m 9.293 ms - 451[0m
2026-07-31 02:02:54 [INFO]: [0mGET / [36m304[0m 15.031 ms - -[0m
2026-07-31 02:02:54 [INFO]: [0mGET /css/style.css [36m304[0m 1.907 ms - -[0m
2026-07-31 02:02:54 [INFO]: [0mGET /images/logo/plantora.png [36m304[0m 2.715 ms - -[0m
2026-07-31 02:02:54 [INFO]: [0mGET /images/hero/hero-placeholder.png [36m304[0m 1.526 ms - -[0m
2026-07-31 02:02:54 [INFO]: [0mGET /images/hero/monstera-plant.jpg [36m304[0m 1.357 ms - -[0m
2026-07-31 02:02:54 [INFO]: [0mGET /images/hero/snake-plant.jpg [36m304[0m 2.137 ms - -[0m
2026-07-31 02:02:54 [INFO]: [0mGET /images/hero/peace-lily.jpg [36m304[0m 2.479 ms - -[0m
2026-07-31 02:02:54 [INFO]: [0mGET /public/js/header.js [33m404[0m 3.473 ms - 83[0m
2026-07-31 02:02:54 [INFO]: [0mGET /js/featured.js [36m304[0m 1.458 ms - -[0m
2026-07-31 02:02:54 [INFO]: [0mGET /css/variables.css [36m304[0m 0.529 ms - -[0m
2026-07-31 02:02:54 [INFO]: [0mGET /css/utilities.css [36m304[0m 0.756 ms - -[0m
2026-07-31 02:02:54 [INFO]: [0mGET /css/animations.css [36m304[0m 1.075 ms - -[0m
2026-07-31 02:02:54 [INFO]: [0mGET /css/header.css [36m304[0m 0.783 ms - -[0m
2026-07-31 02:02:54 [INFO]: [0mGET /css/hero.css [36m304[0m 0.926 ms - -[0m
2026-07-31 02:02:54 [INFO]: [0mGET /css/announcement.css [36m304[0m 1.578 ms - -[0m
2026-07-31 02:02:54 [INFO]: [0mGET /css/featured.css [36m304[0m 0.810 ms - -[0m
2026-07-31 02:02:54 [INFO]: [0mGET /css/why-choose.css [36m304[0m 0.863 ms - -[0m
2026-07-31 02:02:54 [INFO]: [0mGET /css/footer.css [36m304[0m 0.909 ms - -[0m
2026-07-31 02:02:54 [INFO]: [0mGET /css/auth.css [36m304[0m 0.384 ms - -[0m
2026-07-31 02:02:54 [INFO]: [0mGET /css/verify.css [36m304[0m 0.505 ms - -[0m
2026-07-31 02:02:54 [INFO]: [0mGET /js/why-choose.js [36m304[0m 0.140 ms - -[0m
2026-07-31 02:02:54 [INFO]: [0mGET /js/notification.js [36m304[0m 0.277 ms - -[0m
2026-07-31 02:02:54 [INFO]: [0mGET /js/footer.js [36m304[0m 0.441 ms - -[0m
2026-07-31 02:02:54 [INFO]: [0mGET /js/auth.js [36m304[0m 0.588 ms - -[0m
2026-07-31 02:02:54 [INFO]: [0mGET /images/hero/tulip-plant.jpg [36m304[0m 0.815 ms - -[0m
2026-07-31 02:02:54 [INFO]: [0mGET /images/hero/rubber-plant.jpg [36m304[0m 0.294 ms - -[0m
2026-07-31 02:02:54 [INFO]: [0mGET /images/hero/aloe-vera.jpg [36m304[0m 0.497 ms - -[0m
2026-07-31 02:02:54 [INFO]: [0mGET /images/hero/areca-palm.jpg [36m304[0m 0.722 ms - -[0m
2026-07-31 02:02:54 [INFO]: [0mGET /images/hero/jade-plant.jpg [36m304[0m 0.152 ms - -[0m
2026-07-31 02:02:54 [INFO]: [0mGET /images/hero/golden-pothos.jpg [36m304[0m 0.228 ms - -[0m
2026-07-31 02:02:54 [INFO]: [0mGET /images/hero/fiddle-leaf-fig.jpg [36m304[0m 0.308 ms - -[0m
2026-07-31 02:02:54 [INFO]: [0mGET /images/hero/why-choose.jpg [36m304[0m 0.288 ms - -[0m
2026-07-31 02:02:54 [INFO]: [0mGET /images/logo/plantora-orgn-white.png [36m304[0m 0.295 ms - -[0m
2026-07-31 02:03:35 [INFO]: Email sent successfully to 'customer_0002@yopmail.com'. Subject: 'Verify Your Plantora Account'.
2026-07-31 02:03:35 [ERROR]: Failed to create audit log: AuditLog validation failed: action: `Register` is not a valid enum value for path `action`., severity: `low` is not a valid enum value for path `severity`.
2026-07-31 02:03:35 [INFO]: Customer registered successfully : customer_0002@yopmail.com
2026-07-31 02:03:35 [INFO]: [0mPOST /auth/register [32m201[0m 4822.844 ms - 97[0m
2026-07-31 02:03:46 [ERROR]: Failed to create audit log: AuditLog validation failed: action: `Verify Email` is not a valid enum value for path `action`., severity: `low` is not a valid enum value for path `severity`.
2026-07-31 02:03:46 [INFO]: Email verified successfully : customer_0002@yopmail.com
2026-07-31 02:03:46 [INFO]: [0mGET /auth/verify-email/fc43ac0e0e5019a9a7527f2a8dc283c54af6b24a67624dab473df7be2cb2e62d [32m200[0m 226.243 ms - -[0m
2026-07-31 02:03:46 [INFO]: [0mGET /css/style.css [36m304[0m 0.275 ms - -[0m
2026-07-31 02:03:46 [INFO]: [0mGET /auth/verify-email/public/js/header.js [33m404[0m 1.034 ms - 101[0m
2026-07-31 02:03:46 [INFO]: [0mGET /js/notification.js [36m304[0m 0.929 ms - -[0m
2026-07-31 02:03:46 [INFO]: [0mGET /js/featured.js [36m304[0m 1.136 ms - -[0m
2026-07-31 02:03:46 [INFO]: [0mGET /js/why-choose.js [36m304[0m 1.321 ms - -[0m
2026-07-31 02:03:46 [INFO]: [0mGET /js/footer.js [36m304[0m 0.406 ms - -[0m
2026-07-31 02:03:46 [INFO]: [0mGET /js/auth.js [36m304[0m 0.580 ms - -[0m
2026-07-31 02:03:46 [INFO]: [0mGET /js/verify.js [36m304[0m 0.149 ms - -[0m
2026-07-31 02:03:46 [INFO]: [0mGET /css/variables.css [36m304[0m 1.403 ms - -[0m
2026-07-31 02:03:46 [INFO]: [0mGET /css/utilities.css [36m304[0m 1.484 ms - -[0m
2026-07-31 02:03:46 [INFO]: [0mGET /css/animations.css [36m304[0m 1.656 ms - -[0m
2026-07-31 02:03:46 [INFO]: [0mGET /css/announcement.css [36m304[0m 1.801 ms - -[0m
2026-07-31 02:03:46 [INFO]: [0mGET /css/header.css [36m304[0m 1.990 ms - -[0m
2026-07-31 02:03:46 [INFO]: [0mGET /css/hero.css [36m304[0m 2.038 ms - -[0m
2026-07-31 02:03:46 [INFO]: [0mGET /css/featured.css [36m304[0m 0.275 ms - -[0m
2026-07-31 02:03:46 [INFO]: [0mGET /css/why-choose.css [36m304[0m 0.367 ms - -[0m
2026-07-31 02:03:46 [INFO]: [0mGET /css/footer.css [36m304[0m 0.499 ms - -[0m
2026-07-31 02:03:46 [INFO]: [0mGET /css/auth.css [36m304[0m 0.682 ms - -[0m
2026-07-31 02:03:46 [INFO]: [0mGET /css/verify.css [36m304[0m 0.880 ms - -[0m
2026-07-31 02:03:51 [INFO]: [0mGET /?openLogin=true [32m200[0m 5.468 ms - -[0m
2026-07-31 02:03:51 [INFO]: [0mGET /css/style.css [36m304[0m 0.633 ms - -[0m
2026-07-31 02:03:51 [INFO]: [0mGET /images/logo/plantora.png [36m304[0m 1.264 ms - -[0m
2026-07-31 02:03:51 [INFO]: [0mGET /images/hero/hero-placeholder.png [36m304[0m 1.618 ms - -[0m
2026-07-31 02:03:51 [INFO]: [0mGET /images/hero/monstera-plant.jpg [36m304[0m 0.655 ms - -[0m
2026-07-31 02:03:51 [INFO]: [0mGET /images/hero/snake-plant.jpg [36m304[0m 0.915 ms - -[0m
2026-07-31 02:03:51 [INFO]: [0mGET /images/hero/peace-lily.jpg [36m304[0m 1.152 ms - -[0m
2026-07-31 02:03:51 [INFO]: [0mGET /public/js/header.js [33m404[0m 1.739 ms - 83[0m
2026-07-31 02:03:51 [INFO]: [0mGET /js/featured.js [36m304[0m 0.409 ms - -[0m
2026-07-31 02:03:51 [INFO]: [0mGET /css/variables.css [36m304[0m 0.571 ms - -[0m
2026-07-31 02:03:51 [INFO]: [0mGET /css/utilities.css [36m304[0m 0.787 ms - -[0m
2026-07-31 02:03:51 [INFO]: [0mGET /css/animations.css [36m304[0m 1.041 ms - -[0m
2026-07-31 02:03:51 [INFO]: [0mGET /css/announcement.css [36m304[0m 1.192 ms - -[0m
2026-07-31 02:03:51 [INFO]: [0mGET /css/header.css [36m304[0m 0.265 ms - -[0m
2026-07-31 02:03:51 [INFO]: [0mGET /css/hero.css [36m304[0m 0.412 ms - -[0m
2026-07-31 02:03:51 [INFO]: [0mGET /css/featured.css [36m304[0m 0.631 ms - -[0m
2026-07-31 02:03:51 [INFO]: [0mGET /css/why-choose.css [36m304[0m 0.499 ms - -[0m
2026-07-31 02:03:51 [INFO]: [0mGET /css/footer.css [36m304[0m 0.495 ms - -[0m
2026-07-31 02:03:51 [INFO]: [0mGET /css/auth.css [36m304[0m 0.779 ms - -[0m
2026-07-31 02:03:51 [INFO]: [0mGET /css/verify.css [36m304[0m 0.586 ms - -[0m
2026-07-31 02:03:51 [INFO]: [0mGET /js/why-choose.js [36m304[0m 0.683 ms - -[0m
2026-07-31 02:03:51 [INFO]: [0mGET /js/notification.js [36m304[0m 0.873 ms - -[0m
2026-07-31 02:03:51 [INFO]: [0mGET /js/footer.js [36m304[0m 1.047 ms - -[0m
2026-07-31 02:03:51 [INFO]: [0mGET /js/auth.js [36m304[0m 1.187 ms - -[0m
2026-07-31 02:03:51 [INFO]: [0mGET /images/hero/tulip-plant.jpg [36m304[0m 0.575 ms - -[0m
2026-07-31 02:03:51 [INFO]: [0mGET /images/hero/rubber-plant.jpg [36m304[0m 0.793 ms - -[0m
2026-07-31 02:03:51 [INFO]: [0mGET /images/hero/aloe-vera.jpg [36m304[0m 1.105 ms - -[0m
2026-07-31 02:03:51 [INFO]: [0mGET /images/hero/areca-palm.jpg [36m304[0m 1.393 ms - -[0m
2026-07-31 02:03:51 [INFO]: [0mGET /images/hero/jade-plant.jpg [36m304[0m 0.400 ms - -[0m
2026-07-31 02:03:51 [INFO]: [0mGET /images/hero/golden-pothos.jpg [36m304[0m 0.383 ms - -[0m
2026-07-31 02:03:51 [INFO]: [0mGET /images/hero/fiddle-leaf-fig.jpg [36m304[0m 0.229 ms - -[0m
2026-07-31 02:03:51 [INFO]: [0mGET /images/hero/why-choose.jpg [36m304[0m 0.263 ms - -[0m
2026-07-31 02:03:51 [INFO]: [0mGET /images/logo/plantora-orgn-white.png [36m304[0m 0.467 ms - -[0m
2026-07-31 02:03:57 [ERROR]: ReferenceError: E:\Webskitters_Academy\NODE JS\final_project_node\plantora_final_project_node_ejs\views\auth\resend-verification.ejs:71
    69|     id="email"
    70|     name="email"
 >> 71|     value="<%= email || '' %>"
    72|     placeholder="Enter your email address"
    73|     autocomplete="email"
    74|     required

email is not defined
    at eval (eval at compile (E:\Webskitters_Academy\NODE JS\final_project_node\plantora_final_project_node_ejs\node_modules\ejs\lib\cjs\ejs.js:607:18), <anonymous>:25:26)
    at resend-verification (E:\Webskitters_Academy\NODE JS\final_project_node\plantora_final_project_node_ejs\node_modules\ejs\lib\cjs\ejs.js:643:23)
    at tryHandleCache (E:\Webskitters_Academy\NODE JS\final_project_node\plantora_final_project_node_ejs\node_modules\ejs\lib\cjs\ejs.js:253:42)
    at ejs.renderFile [as engine] (E:\Webskitters_Academy\NODE JS\final_project_node\plantora_final_project_node_ejs\node_modules\ejs\lib\cjs\ejs.js:444:12)
    at View.render (E:\Webskitters_Academy\NODE JS\final_project_node\plantora_final_project_node_ejs\node_modules\express\lib\view.js:139:8)
    at tryRender (E:\Webskitters_Academy\NODE JS\final_project_node\plantora_final_project_node_ejs\node_modules\express\lib\application.js:627:10)
    at app.render (E:\Webskitters_Academy\NODE JS\final_project_node\plantora_final_project_node_ejs\node_modules\express\lib\application.js:574:3)
    at ServerResponse.render (E:\Webskitters_Academy\NODE JS\final_project_node\plantora_final_project_node_ejs\node_modules\express\lib\response.js:923:7)
    at showResendVerificationPage (E:\Webskitters_Academy\NODE JS\final_project_node\plantora_final_project_node_ejs\app\controllers\authController.js:475:16)
    at Layer.handleRequest (E:\Webskitters_Academy\NODE JS\final_project_node\plantora_final_project_node_ejs\node_modules\router\lib\layer.js:152:17)
2026-07-31 02:03:57 [INFO]: [0mGET /auth/resend-verification [31m500[0m 2.627 ms - 451[0m
2026-07-31 02:05:43 [INFO]: MongoDB connected successfully.
2026-07-31 02:05:47 [INFO]: MongoDB connected successfully.
2026-07-31 02:05:50 [INFO]: MongoDB connected successfully.
2026-07-31 02:05:53 [INFO]: Email server connected successfully.
2026-07-31 02:05:53 [INFO]: Server is running on port 5132.
2026-07-31 02:05:57 [ERROR]: ReferenceError: E:\Webskitters_Academy\NODE JS\final_project_node\plantora_final_project_node_ejs\views\auth\resend-verification.ejs:71
    69|     id="email"
    70|     name="email"
 >> 71|     value="<%= email || '' %>"
    72|     placeholder="Enter your email address"
    73|     autocomplete="email"
    74|     required

email is not defined
    at eval (eval at compile (E:\Webskitters_Academy\NODE JS\final_project_node\plantora_final_project_node_ejs\node_modules\ejs\lib\cjs\ejs.js:607:18), <anonymous>:25:26)
    at resend-verification (E:\Webskitters_Academy\NODE JS\final_project_node\plantora_final_project_node_ejs\node_modules\ejs\lib\cjs\ejs.js:643:23)
    at tryHandleCache (E:\Webskitters_Academy\NODE JS\final_project_node\plantora_final_project_node_ejs\node_modules\ejs\lib\cjs\ejs.js:253:42)
    at ejs.renderFile [as engine] (E:\Webskitters_Academy\NODE JS\final_project_node\plantora_final_project_node_ejs\node_modules\ejs\lib\cjs\ejs.js:444:12)
    at View.render (E:\Webskitters_Academy\NODE JS\final_project_node\plantora_final_project_node_ejs\node_modules\express\lib\view.js:139:8)
    at tryRender (E:\Webskitters_Academy\NODE JS\final_project_node\plantora_final_project_node_ejs\node_modules\express\lib\application.js:627:10)
    at app.render (E:\Webskitters_Academy\NODE JS\final_project_node\plantora_final_project_node_ejs\node_modules\express\lib\application.js:574:3)
    at ServerResponse.render (E:\Webskitters_Academy\NODE JS\final_project_node\plantora_final_project_node_ejs\node_modules\express\lib\response.js:923:7)
    at showResendVerificationPage (E:\Webskitters_Academy\NODE JS\final_project_node\plantora_final_project_node_ejs\app\controllers\authController.js:475:16)
    at Layer.handleRequest (E:\Webskitters_Academy\NODE JS\final_project_node\plantora_final_project_node_ejs\node_modules\router\lib\layer.js:152:17)
2026-07-31 02:05:57 [INFO]: [0mGET /auth/resend-verification [31m500[0m 15.530 ms - 451[0m
2026-07-31 02:06:03 [ERROR]: ReferenceError: E:\Webskitters_Academy\NODE JS\final_project_node\plantora_final_project_node_ejs\views\auth\resend-verification.ejs:71
    69|     id="email"
    70|     name="email"
 >> 71|     value="<%= email || '' %>"
    72|     placeholder="Enter your email address"
    73|     autocomplete="email"
    74|     required

email is not defined
    at eval (eval at compile (E:\Webskitters_Academy\NODE JS\final_project_node\plantora_final_project_node_ejs\node_modules\ejs\lib\cjs\ejs.js:607:18), <anonymous>:25:26)
    at resend-verification (E:\Webskitters_Academy\NODE JS\final_project_node\plantora_final_project_node_ejs\node_modules\ejs\lib\cjs\ejs.js:643:23)
    at tryHandleCache (E:\Webskitters_Academy\NODE JS\final_project_node\plantora_final_project_node_ejs\node_modules\ejs\lib\cjs\ejs.js:253:42)
    at ejs.renderFile [as engine] (E:\Webskitters_Academy\NODE JS\final_project_node\plantora_final_project_node_ejs\node_modules\ejs\lib\cjs\ejs.js:444:12)
    at View.render (E:\Webskitters_Academy\NODE JS\final_project_node\plantora_final_project_node_ejs\node_modules\express\lib\view.js:139:8)
    at tryRender (E:\Webskitters_Academy\NODE JS\final_project_node\plantora_final_project_node_ejs\node_modules\express\lib\application.js:627:10)
    at app.render (E:\Webskitters_Academy\NODE JS\final_project_node\plantora_final_project_node_ejs\node_modules\express\lib\application.js:574:3)
    at ServerResponse.render (E:\Webskitters_Academy\NODE JS\final_project_node\plantora_final_project_node_ejs\node_modules\express\lib\response.js:923:7)
    at showResendVerificationPage (E:\Webskitters_Academy\NODE JS\final_project_node\plantora_final_project_node_ejs\app\controllers\authController.js:475:16)
    at Layer.handleRequest (E:\Webskitters_Academy\NODE JS\final_project_node\plantora_final_project_node_ejs\node_modules\router\lib\layer.js:152:17)
2026-07-31 02:06:03 [INFO]: [0mGET /auth/resend-verification [31m500[0m 5.400 ms - 451[0m
2026-07-31 02:06:40 [INFO]: MongoDB connected successfully.
2026-07-31 02:06:43 [INFO]: Email server connected successfully.
2026-07-31 02:06:43 [INFO]: Server is running on port 5132.
2026-07-31 02:06:45 [INFO]: MongoDB connected successfully.
2026-07-31 02:06:47 [INFO]: MongoDB connected successfully.
2026-07-31 02:06:50 [INFO]: Email server connected successfully.
2026-07-31 02:06:50 [INFO]: Server is running on port 5132.
2026-07-31 02:06:58 [INFO]: MongoDB connected successfully.
2026-07-31 02:07:00 [INFO]: Email server connected successfully.
2026-07-31 02:07:00 [INFO]: Server is running on port 5132.
2026-07-31 02:07:02 [INFO]: MongoDB connected successfully.
2026-07-31 02:07:05 [INFO]: Email server connected successfully.
2026-07-31 02:07:05 [INFO]: Server is running on port 5132.
2026-07-31 02:07:18 [INFO]: [0mGET / [36m304[0m 34.693 ms - -[0m
2026-07-31 02:07:18 [INFO]: [0mGET /css/style.css [36m304[0m 3.041 ms - -[0m
2026-07-31 02:07:18 [INFO]: [0mGET /images/logo/plantora.png [36m304[0m 3.333 ms - -[0m
2026-07-31 02:07:18 [INFO]: [0mGET /images/hero/hero-placeholder.png [36m304[0m 1.800 ms - -[0m
2026-07-31 02:07:18 [INFO]: [0mGET /images/hero/monstera-plant.jpg [36m304[0m 2.142 ms - -[0m
2026-07-31 02:07:18 [INFO]: [0mGET /images/hero/snake-plant.jpg [36m304[0m 2.480 ms - -[0m
2026-07-31 02:07:18 [INFO]: [0mGET /images/hero/peace-lily.jpg [36m304[0m 2.782 ms - -[0m
2026-07-31 02:07:18 [INFO]: [0mGET /public/js/header.js [33m404[0m 3.058 ms - 83[0m
2026-07-31 02:07:18 [INFO]: [0mGET /js/featured.js [36m304[0m 3.832 ms - -[0m
2026-07-31 02:07:18 [INFO]: [0mGET /css/variables.css [36m304[0m 2.318 ms - -[0m
2026-07-31 02:07:18 [INFO]: [0mGET /css/utilities.css [36m304[0m 2.901 ms - -[0m
2026-07-31 02:07:18 [INFO]: [0mGET /css/animations.css [36m304[0m 3.204 ms - -[0m
2026-07-31 02:07:18 [INFO]: [0mGET /css/announcement.css [36m304[0m 3.358 ms - -[0m
2026-07-31 02:07:18 [INFO]: [0mGET /css/header.css [36m304[0m 0.932 ms - -[0m
2026-07-31 02:07:18 [INFO]: [0mGET /css/hero.css [36m304[0m 1.083 ms - -[0m
2026-07-31 02:07:18 [INFO]: [0mGET /css/featured.css [36m304[0m 1.496 ms - -[0m
2026-07-31 02:07:18 [INFO]: [0mGET /css/why-choose.css [36m304[0m 1.756 ms - -[0m
2026-07-31 02:07:18 [INFO]: [0mGET /css/footer.css [36m304[0m 2.062 ms - -[0m
2026-07-31 02:07:18 [INFO]: [0mGET /css/auth.css [36m304[0m 1.940 ms - -[0m
2026-07-31 02:07:18 [INFO]: [0mGET /css/verify.css [36m304[0m 0.638 ms - -[0m
2026-07-31 02:07:18 [INFO]: [0mGET /js/why-choose.js [36m304[0m 0.412 ms - -[0m
2026-07-31 02:07:18 [INFO]: [0mGET /js/notification.js [36m304[0m 0.664 ms - -[0m
2026-07-31 02:07:18 [INFO]: [0mGET /js/footer.js [36m304[0m 0.418 ms - -[0m
2026-07-31 02:07:18 [INFO]: [0mGET /js/auth.js [36m304[0m 0.737 ms - -[0m
2026-07-31 02:07:18 [INFO]: [0mGET /images/hero/tulip-plant.jpg [36m304[0m 0.421 ms - -[0m
2026-07-31 02:07:18 [INFO]: [0mGET /images/hero/rubber-plant.jpg [36m304[0m 1.003 ms - -[0m
2026-07-31 02:07:18 [INFO]: [0mGET /images/hero/aloe-vera.jpg [36m304[0m 0.740 ms - -[0m
2026-07-31 02:07:18 [INFO]: [0mGET /images/hero/areca-palm.jpg [36m304[0m 0.875 ms - -[0m
2026-07-31 02:07:18 [INFO]: [0mGET /images/hero/jade-plant.jpg [36m304[0m 0.675 ms - -[0m
2026-07-31 02:07:18 [INFO]: [0mGET /images/hero/golden-pothos.jpg [36m304[0m 0.180 ms - -[0m
2026-07-31 02:07:18 [INFO]: [0mGET /images/hero/fiddle-leaf-fig.jpg [36m304[0m 0.674 ms - -[0m
2026-07-31 02:07:18 [INFO]: [0mGET /images/hero/why-choose.jpg [36m304[0m 0.829 ms - -[0m
2026-07-31 02:07:18 [INFO]: [0mGET /images/logo/plantora-orgn-white.png [36m304[0m 0.460 ms - -[0m
2026-07-31 02:07:56 [INFO]: Email sent successfully to 'customer_0002@yopmail.com'. Subject: 'Verify Your Plantora Account'.
2026-07-31 02:07:56 [ERROR]: Failed to create audit log: AuditLog validation failed: action: `Register` is not a valid enum value for path `action`., severity: `low` is not a valid enum value for path `severity`.
2026-07-31 02:07:56 [INFO]: Customer registered successfully : customer_0002@yopmail.com
2026-07-31 02:07:56 [INFO]: [0mPOST /auth/register [32m201[0m 4881.033 ms - 97[0m
2026-07-31 02:08:01 [ERROR]: Failed to create audit log: AuditLog validation failed: action: `Verify Email` is not a valid enum value for path `action`., severity: `low` is not a valid enum value for path `severity`.
2026-07-31 02:08:01 [INFO]: Email verified successfully : customer_0002@yopmail.com
2026-07-31 02:08:01 [INFO]: [0mGET /auth/verify-email/e42bcfcc24cc319e7520460a270229070d6f707e702a130560ff833ddb35c56c [32m200[0m 223.974 ms - -[0m
2026-07-31 02:08:01 [INFO]: [0mGET /css/style.css [36m304[0m 0.518 ms - -[0m
2026-07-31 02:08:01 [INFO]: [0mGET /auth/verify-email/public/js/header.js [33m404[0m 1.792 ms - 101[0m
2026-07-31 02:08:01 [INFO]: [0mGET /js/featured.js [36m304[0m 0.961 ms - -[0m
2026-07-31 02:08:01 [INFO]: [0mGET /js/why-choose.js [36m304[0m 1.340 ms - -[0m
2026-07-31 02:08:01 [INFO]: [0mGET /js/notification.js [36m304[0m 1.526 ms - -[0m
2026-07-31 02:08:01 [INFO]: [0mGET /js/footer.js [36m304[0m 1.647 ms - -[0m
2026-07-31 02:08:01 [INFO]: [0mGET /js/auth.js [36m304[0m 1.558 ms - -[0m
2026-07-31 02:08:01 [INFO]: [0mGET /js/verify.js [36m304[0m 0.284 ms - -[0m
2026-07-31 02:08:01 [INFO]: [0mGET /css/variables.css [36m304[0m 2.364 ms - -[0m
2026-07-31 02:08:01 [INFO]: [0mGET /css/utilities.css [36m304[0m 2.716 ms - -[0m
2026-07-31 02:08:01 [INFO]: [0mGET /css/animations.css [36m304[0m 2.671 ms - -[0m
2026-07-31 02:08:01 [INFO]: [0mGET /css/announcement.css [36m304[0m 2.565 ms - -[0m
2026-07-31 02:08:01 [INFO]: [0mGET /css/header.css [36m304[0m 2.672 ms - -[0m
2026-07-31 02:08:01 [INFO]: [0mGET /css/hero.css [36m304[0m 2.866 ms - -[0m
2026-07-31 02:08:01 [INFO]: [0mGET /css/featured.css [36m304[0m 0.434 ms - -[0m
2026-07-31 02:08:01 [INFO]: [0mGET /css/why-choose.css [36m304[0m 0.665 ms - -[0m
2026-07-31 02:08:01 [INFO]: [0mGET /css/footer.css [36m304[0m 0.909 ms - -[0m
2026-07-31 02:08:01 [INFO]: [0mGET /css/auth.css [36m304[0m 1.624 ms - -[0m
2026-07-31 02:08:01 [INFO]: [0mGET /css/verify.css [36m304[0m 1.872 ms - -[0m
2026-07-31 02:08:06 [INFO]: [0mGET /?openLogin=true [36m304[0m 8.617 ms - -[0m
2026-07-31 02:08:06 [INFO]: [0mGET /css/style.css [36m304[0m 0.297 ms - -[0m
2026-07-31 02:08:06 [INFO]: [0mGET /images/logo/plantora.png [36m304[0m 0.447 ms - -[0m
2026-07-31 02:08:06 [INFO]: [0mGET /images/hero/hero-placeholder.png [36m304[0m 0.215 ms - -[0m
2026-07-31 02:08:06 [INFO]: [0mGET /images/hero/monstera-plant.jpg [36m304[0m 0.991 ms - -[0m
2026-07-31 02:08:06 [INFO]: [0mGET /images/hero/snake-plant.jpg [36m304[0m 1.316 ms - -[0m
2026-07-31 02:08:06 [INFO]: [0mGET /css/variables.css [36m304[0m 1.440 ms - -[0m
2026-07-31 02:08:06 [INFO]: [0mGET /images/hero/peace-lily.jpg [36m304[0m 1.753 ms - -[0m
2026-07-31 02:08:06 [INFO]: [0mGET /public/js/header.js [33m404[0m 2.998 ms - 83[0m
2026-07-31 02:08:06 [INFO]: [0mGET /js/featured.js [36m304[0m 3.209 ms - -[0m
2026-07-31 02:08:06 [INFO]: [0mGET /css/utilities.css [36m304[0m 0.576 ms - -[0m
2026-07-31 02:08:06 [INFO]: [0mGET /css/animations.css [36m304[0m 0.809 ms - -[0m
2026-07-31 02:08:06 [INFO]: [0mGET /css/announcement.css [36m304[0m 0.954 ms - -[0m
2026-07-31 02:08:06 [INFO]: [0mGET /css/header.css [36m304[0m 1.111 ms - -[0m
2026-07-31 02:08:06 [INFO]: [0mGET /css/hero.css [36m304[0m 0.455 ms - -[0m
2026-07-31 02:08:06 [INFO]: [0mGET /css/featured.css [36m304[0m 0.531 ms - -[0m
2026-07-31 02:08:06 [INFO]: [0mGET /css/why-choose.css [36m304[0m 0.554 ms - -[0m
2026-07-31 02:08:06 [INFO]: [0mGET /css/footer.css [36m304[0m 1.043 ms - -[0m
2026-07-31 02:08:06 [INFO]: [0mGET /css/auth.css [36m304[0m 0.644 ms - -[0m
2026-07-31 02:08:06 [INFO]: [0mGET /css/verify.css [36m304[0m 0.781 ms - -[0m
2026-07-31 02:08:06 [INFO]: [0mGET /js/why-choose.js [36m304[0m 0.736 ms - -[0m
2026-07-31 02:08:06 [INFO]: [0mGET /js/notification.js [36m304[0m 0.953 ms - -[0m
2026-07-31 02:08:06 [INFO]: [0mGET /js/footer.js [36m304[0m 1.342 ms - -[0m
2026-07-31 02:08:06 [INFO]: [0mGET /js/auth.js [36m304[0m 1.667 ms - -[0m
2026-07-31 02:08:06 [INFO]: [0mGET /images/hero/tulip-plant.jpg [36m304[0m 2.039 ms - -[0m
2026-07-31 02:08:06 [INFO]: [0mGET /images/hero/rubber-plant.jpg [36m304[0m 0.252 ms - -[0m
2026-07-31 02:08:06 [INFO]: [0mGET /images/hero/aloe-vera.jpg [36m304[0m 0.221 ms - -[0m
2026-07-31 02:08:06 [INFO]: [0mGET /images/hero/areca-palm.jpg [36m304[0m 0.502 ms - -[0m
2026-07-31 02:08:06 [INFO]: [0mGET /images/hero/jade-plant.jpg [36m304[0m 0.693 ms - -[0m
2026-07-31 02:08:06 [INFO]: [0mGET /images/hero/golden-pothos.jpg [36m304[0m 0.854 ms - -[0m
2026-07-31 02:08:06 [INFO]: [0mGET /images/hero/fiddle-leaf-fig.jpg [36m304[0m 0.381 ms - -[0m
2026-07-31 02:08:06 [INFO]: [0mGET /images/hero/why-choose.jpg [36m304[0m 0.331 ms - -[0m
2026-07-31 02:08:06 [INFO]: [0mGET /images/logo/plantora-orgn-white.png [36m304[0m 0.612 ms - -[0m
2026-07-31 02:08:11 [ERROR]: ReferenceError: email is not defined
    at showResendVerificationPage (E:\Webskitters_Academy\NODE JS\final_project_node\plantora_final_project_node_ejs\app\controllers\authController.js:483:14)
    at Layer.handleRequest (E:\Webskitters_Academy\NODE JS\final_project_node\plantora_final_project_node_ejs\node_modules\router\lib\layer.js:152:17)
    at next (E:\Webskitters_Academy\NODE JS\final_project_node\plantora_final_project_node_ejs\node_modules\router\lib\route.js:157:13)
    at Route.dispatch (E:\Webskitters_Academy\NODE JS\final_project_node\plantora_final_project_node_ejs\node_modules\router\lib\route.js:117:3)
    at handle (E:\Webskitters_Academy\NODE JS\final_project_node\plantora_final_project_node_ejs\node_modules\router\index.js:435:11)
    at Layer.handleRequest (E:\Webskitters_Academy\NODE JS\final_project_node\plantora_final_project_node_ejs\node_modules\router\lib\layer.js:152:17)
    at E:\Webskitters_Academy\NODE JS\final_project_node\plantora_final_project_node_ejs\node_modules\router\index.js:295:15
    at processParams (E:\Webskitters_Academy\NODE JS\final_project_node\plantora_final_project_node_ejs\node_modules\router\index.js:582:12)
    at next (E:\Webskitters_Academy\NODE JS\final_project_node\plantora_final_project_node_ejs\node_modules\router\index.js:291:5)
    at router.handle (E:\Webskitters_Academy\NODE JS\final_project_node\plantora_final_project_node_ejs\node_modules\router\index.js:186:3)
2026-07-31 02:08:11 [INFO]: [0mGET /auth/resend-verification [31m500[0m 2.122 ms - 72[0m
2026-07-31 02:08:47 [INFO]: MongoDB connected successfully.
2026-07-31 02:08:50 [INFO]: Email server connected successfully.
2026-07-31 02:08:50 [INFO]: Server is running on port 5132.
2026-07-31 02:08:52 [INFO]: MongoDB connected successfully.
2026-07-31 02:08:55 [INFO]: Email server connected successfully.
2026-07-31 02:08:55 [INFO]: Server is running on port 5132.
2026-07-31 02:08:57 [INFO]: MongoDB connected successfully.
2026-07-31 02:08:59 [INFO]: MongoDB connected successfully.
2026-07-31 02:09:01 [INFO]: Email server connected successfully.
2026-07-31 02:09:01 [INFO]: Server is running on port 5132.
2026-07-31 02:09:11 [INFO]: MongoDB connected successfully.
2026-07-31 02:09:14 [INFO]: Email server connected successfully.
2026-07-31 02:09:14 [INFO]: Server is running on port 5132.
2026-07-31 02:09:28 [INFO]: [0mGET / [36m304[0m 21.469 ms - -[0m
2026-07-31 02:09:28 [INFO]: [0mGET /css/style.css [36m304[0m 1.150 ms - -[0m
2026-07-31 02:09:28 [INFO]: [0mGET /images/logo/plantora.png [36m304[0m 1.544 ms - -[0m
2026-07-31 02:09:28 [INFO]: [0mGET /images/hero/hero-placeholder.png [36m304[0m 1.423 ms - -[0m
2026-07-31 02:09:28 [INFO]: [0mGET /images/hero/monstera-plant.jpg [36m304[0m 0.496 ms - -[0m
2026-07-31 02:09:28 [INFO]: [0mGET /images/hero/snake-plant.jpg [36m304[0m 0.692 ms - -[0m
2026-07-31 02:09:28 [INFO]: [0mGET /images/hero/peace-lily.jpg [36m304[0m 0.653 ms - -[0m
2026-07-31 02:09:28 [INFO]: [0mGET /public/js/header.js [33m404[0m 3.048 ms - 83[0m
2026-07-31 02:09:28 [INFO]: [0mGET /js/featured.js [36m304[0m 2.664 ms - -[0m
2026-07-31 02:09:28 [INFO]: [0mGET /css/variables.css [36m304[0m 0.567 ms - -[0m
2026-07-31 02:09:28 [INFO]: [0mGET /css/utilities.css [36m304[0m 0.710 ms - -[0m
2026-07-31 02:09:28 [INFO]: [0mGET /css/animations.css [36m304[0m 0.556 ms - -[0m
2026-07-31 02:09:28 [INFO]: [0mGET /css/announcement.css [36m304[0m 0.871 ms - -[0m
2026-07-31 02:09:28 [INFO]: [0mGET /css/header.css [36m304[0m 1.100 ms - -[0m
2026-07-31 02:09:28 [INFO]: [0mGET /css/hero.css [36m304[0m 2.797 ms - -[0m
2026-07-31 02:09:28 [INFO]: [0mGET /css/featured.css [36m304[0m 2.094 ms - -[0m
2026-07-31 02:09:28 [INFO]: [0mGET /css/why-choose.css [36m304[0m 2.198 ms - -[0m
2026-07-31 02:09:28 [INFO]: [0mGET /css/footer.css [36m304[0m 0.379 ms - -[0m
2026-07-31 02:09:28 [INFO]: [0mGET /css/auth.css [36m304[0m 0.562 ms - -[0m
2026-07-31 02:09:28 [INFO]: [0mGET /css/verify.css [36m304[0m 0.768 ms - -[0m
2026-07-31 02:09:28 [INFO]: [0mGET /js/why-choose.js [36m304[0m 0.116 ms - -[0m
2026-07-31 02:09:28 [INFO]: [0mGET /js/notification.js [36m304[0m 0.144 ms - -[0m
2026-07-31 02:09:28 [INFO]: [0mGET /js/footer.js [36m304[0m 0.329 ms - -[0m
2026-07-31 02:09:28 [INFO]: [0mGET /js/auth.js [36m304[0m 0.326 ms - -[0m
2026-07-31 02:09:28 [INFO]: [0mGET /images/hero/tulip-plant.jpg [36m304[0m 0.737 ms - -[0m
2026-07-31 02:09:28 [INFO]: [0mGET /images/hero/rubber-plant.jpg [36m304[0m 0.223 ms - -[0m
2026-07-31 02:09:28 [INFO]: [0mGET /images/hero/aloe-vera.jpg [36m304[0m 0.783 ms - -[0m
2026-07-31 02:09:28 [INFO]: [0mGET /images/hero/areca-palm.jpg [36m304[0m 0.562 ms - -[0m
2026-07-31 02:09:28 [INFO]: [0mGET /images/hero/jade-plant.jpg [36m304[0m 0.519 ms - -[0m
2026-07-31 02:09:28 [INFO]: [0mGET /images/hero/golden-pothos.jpg [36m304[0m 0.113 ms - -[0m
2026-07-31 02:09:28 [INFO]: [0mGET /images/hero/fiddle-leaf-fig.jpg [36m304[0m 0.399 ms - -[0m
2026-07-31 02:09:28 [INFO]: [0mGET /images/hero/why-choose.jpg [36m304[0m 0.238 ms - -[0m
2026-07-31 02:09:28 [INFO]: [0mGET /images/logo/plantora-orgn-white.png [36m304[0m 0.482 ms - -[0m
2026-07-31 02:09:55 [INFO]: Email sent successfully to 'customer_0002@yopmail.com'. Subject: 'Verify Your Plantora Account'.
2026-07-31 02:09:55 [ERROR]: Failed to create audit log: AuditLog validation failed: action: `Register` is not a valid enum value for path `action`., severity: `low` is not a valid enum value for path `severity`.
2026-07-31 02:09:55 [INFO]: Customer registered successfully : customer_0002@yopmail.com
2026-07-31 02:09:55 [INFO]: [0mPOST /auth/register [32m201[0m 4701.467 ms - 97[0m
2026-07-31 02:10:03 [ERROR]: Failed to create audit log: AuditLog validation failed: action: `Verify Email` is not a valid enum value for path `action`., severity: `low` is not a valid enum value for path `severity`.
2026-07-31 02:10:03 [INFO]: Email verified successfully : customer_0002@yopmail.com
2026-07-31 02:10:03 [INFO]: [0mGET /auth/verify-email/88e30ee140b341c5f59a40626d5508326ce7bb48605e240738d6ce07960b65c4 [32m200[0m 157.128 ms - -[0m
2026-07-31 02:10:03 [INFO]: [0mGET /css/style.css [36m304[0m 0.499 ms - -[0m
2026-07-31 02:10:03 [INFO]: [0mGET /auth/verify-email/public/js/header.js [33m404[0m 1.757 ms - 101[0m
2026-07-31 02:10:03 [INFO]: [0mGET /js/featured.js [36m304[0m 0.685 ms - -[0m
2026-07-31 02:10:03 [INFO]: [0mGET /js/why-choose.js [36m304[0m 1.250 ms - -[0m
2026-07-31 02:10:03 [INFO]: [0mGET /js/notification.js [36m304[0m 0.933 ms - -[0m
2026-07-31 02:10:03 [INFO]: [0mGET /js/footer.js [36m304[0m 0.838 ms - -[0m
2026-07-31 02:10:03 [INFO]: [0mGET /js/auth.js [36m304[0m 1.107 ms - -[0m
2026-07-31 02:10:03 [INFO]: [0mGET /js/verify.js [36m304[0m 0.372 ms - -[0m
2026-07-31 02:10:03 [INFO]: [0mGET /css/variables.css [36m304[0m 1.071 ms - -[0m
2026-07-31 02:10:03 [INFO]: [0mGET /css/utilities.css [36m304[0m 1.284 ms - -[0m
2026-07-31 02:10:03 [INFO]: [0mGET /css/animations.css [36m304[0m 1.719 ms - -[0m
2026-07-31 02:10:03 [INFO]: [0mGET /css/announcement.css [36m304[0m 1.926 ms - -[0m
2026-07-31 02:10:03 [INFO]: [0mGET /css/header.css [36m304[0m 2.116 ms - -[0m
2026-07-31 02:10:03 [INFO]: [0mGET /css/hero.css [36m304[0m 2.440 ms - -[0m
2026-07-31 02:10:03 [INFO]: [0mGET /css/featured.css [36m304[0m 0.814 ms - -[0m
2026-07-31 02:10:03 [INFO]: [0mGET /css/why-choose.css [36m304[0m 0.936 ms - -[0m
2026-07-31 02:10:03 [INFO]: [0mGET /css/footer.css [36m304[0m 1.080 ms - -[0m
2026-07-31 02:10:03 [INFO]: [0mGET /css/auth.css [36m304[0m 1.277 ms - -[0m
2026-07-31 02:10:03 [INFO]: [0mGET /css/verify.css [36m304[0m 1.433 ms - -[0m
2026-07-31 02:10:08 [INFO]: [0mGET /?openLogin=true [36m304[0m 4.505 ms - -[0m
2026-07-31 02:10:08 [INFO]: [0mGET /css/style.css [36m304[0m 0.331 ms - -[0m
2026-07-31 02:10:08 [INFO]: [0mGET /images/logo/plantora.png [36m304[0m 0.721 ms - -[0m
2026-07-31 02:10:08 [INFO]: [0mGET /images/hero/hero-placeholder.png [36m304[0m 0.498 ms - -[0m
2026-07-31 02:10:08 [INFO]: [0mGET /images/hero/monstera-plant.jpg [36m304[0m 0.533 ms - -[0m
2026-07-31 02:10:08 [INFO]: [0mGET /images/hero/snake-plant.jpg [36m304[0m 0.704 ms - -[0m
2026-07-31 02:10:08 [INFO]: [0mGET /images/hero/peace-lily.jpg [36m304[0m 1.163 ms - -[0m
2026-07-31 02:10:08 [INFO]: [0mGET /public/js/header.js [33m404[0m 2.185 ms - 83[0m
2026-07-31 02:10:08 [INFO]: [0mGET /js/featured.js [36m304[0m 2.464 ms - -[0m
2026-07-31 02:10:08 [INFO]: [0mGET /css/variables.css [36m304[0m 2.677 ms - -[0m
2026-07-31 02:10:08 [INFO]: [0mGET /css/utilities.css [36m304[0m 0.585 ms - -[0m
2026-07-31 02:10:08 [INFO]: [0mGET /css/animations.css [36m304[0m 0.759 ms - -[0m
2026-07-31 02:10:08 [INFO]: [0mGET /css/announcement.css [36m304[0m 0.934 ms - -[0m
2026-07-31 02:10:08 [INFO]: [0mGET /css/header.css [36m304[0m 0.348 ms - -[0m
2026-07-31 02:10:08 [INFO]: [0mGET /css/hero.css [36m304[0m 0.578 ms - -[0m
2026-07-31 02:10:08 [INFO]: [0mGET /css/featured.css [36m304[0m 1.108 ms - -[0m
2026-07-31 02:10:08 [INFO]: [0mGET /css/why-choose.css [36m304[0m 0.614 ms - -[0m
2026-07-31 02:10:08 [INFO]: [0mGET /css/footer.css [36m304[0m 1.028 ms - -[0m
2026-07-31 02:10:08 [INFO]: [0mGET /css/auth.css [36m304[0m 0.679 ms - -[0m
2026-07-31 02:10:08 [INFO]: [0mGET /css/verify.css [36m304[0m 0.923 ms - -[0m
2026-07-31 02:10:08 [INFO]: [0mGET /js/why-choose.js [36m304[0m 0.381 ms - -[0m
2026-07-31 02:10:08 [INFO]: [0mGET /js/notification.js [36m304[0m 0.544 ms - -[0m
2026-07-31 02:10:08 [INFO]: [0mGET /js/footer.js [36m304[0m 0.189 ms - -[0m
2026-07-31 02:10:08 [INFO]: [0mGET /js/auth.js [36m304[0m 0.472 ms - -[0m
2026-07-31 02:10:08 [INFO]: [0mGET /images/hero/tulip-plant.jpg [36m304[0m 0.592 ms - -[0m
2026-07-31 02:10:08 [INFO]: [0mGET /images/hero/rubber-plant.jpg [36m304[0m 0.500 ms - -[0m
2026-07-31 02:10:08 [INFO]: [0mGET /images/hero/aloe-vera.jpg [36m304[0m 0.682 ms - -[0m
2026-07-31 02:10:08 [INFO]: [0mGET /images/hero/areca-palm.jpg [36m304[0m 0.871 ms - -[0m
2026-07-31 02:10:08 [INFO]: [0mGET /images/hero/jade-plant.jpg [36m304[0m 0.207 ms - -[0m
2026-07-31 02:10:08 [INFO]: [0mGET /images/hero/golden-pothos.jpg [36m304[0m 0.231 ms - -[0m
2026-07-31 02:10:08 [INFO]: [0mGET /images/hero/fiddle-leaf-fig.jpg [36m304[0m 0.310 ms - -[0m
2026-07-31 02:10:08 [INFO]: [0mGET /images/hero/why-choose.jpg [36m304[0m 0.257 ms - -[0m
2026-07-31 02:10:08 [INFO]: [0mGET /images/logo/plantora-orgn-white.png [36m304[0m 0.282 ms - -[0m
2026-07-31 02:10:13 [INFO]: [0mGET /auth/verify-email/88e30ee140b341c5f59a40626d5508326ce7bb48605e240738d6ce07960b65c4 [32m200[0m 36.544 ms - -[0m
2026-07-31 02:10:13 [INFO]: [0mGET /css/style.css [36m304[0m 1.474 ms - -[0m
2026-07-31 02:10:13 [INFO]: [0mGET /auth/verify-email/public/js/header.js [33m404[0m 1.915 ms - 101[0m
2026-07-31 02:10:13 [INFO]: [0mGET /js/featured.js [36m304[0m 2.040 ms - -[0m
2026-07-31 02:10:13 [INFO]: [0mGET /js/why-choose.js [36m304[0m 2.013 ms - -[0m
2026-07-31 02:10:13 [INFO]: [0mGET /js/notification.js [36m304[0m 2.146 ms - -[0m
2026-07-31 02:10:13 [INFO]: [0mGET /js/footer.js [36m304[0m 0.196 ms - -[0m
2026-07-31 02:10:13 [INFO]: [0mGET /js/auth.js [36m304[0m 0.722 ms - -[0m
2026-07-31 02:10:13 [INFO]: [0mGET /js/verify.js [36m304[0m 0.403 ms - -[0m
2026-07-31 02:10:13 [INFO]: [0mGET /css/variables.css [36m304[0m 0.253 ms - -[0m
2026-07-31 02:10:13 [INFO]: [0mGET /css/utilities.css [36m304[0m 0.405 ms - -[0m
2026-07-31 02:10:13 [INFO]: [0mGET /css/animations.css [36m304[0m 0.543 ms - -[0m
2026-07-31 02:10:13 [INFO]: [0mGET /css/announcement.css [36m304[0m 0.927 ms - -[0m
2026-07-31 02:10:13 [INFO]: [0mGET /css/header.css [36m304[0m 1.328 ms - -[0m
2026-07-31 02:10:13 [INFO]: [0mGET /css/hero.css [36m304[0m 1.943 ms - -[0m
2026-07-31 02:10:13 [INFO]: [0mGET /css/featured.css [36m304[0m 0.637 ms - -[0m
2026-07-31 02:10:13 [INFO]: [0mGET /css/why-choose.css [36m304[0m 1.317 ms - -[0m
2026-07-31 02:10:13 [INFO]: [0mGET /css/footer.css [36m304[0m 1.497 ms - -[0m
2026-07-31 02:10:13 [INFO]: [0mGET /css/auth.css [36m304[0m 1.506 ms - -[0m
2026-07-31 02:10:13 [INFO]: [0mGET /css/verify.css [36m304[0m 1.558 ms - -[0m
2026-07-31 02:10:24 [INFO]: [0mPOST /auth/resend-verification-email [32m200[0m 41.602 ms - -[0m
2026-07-31 02:10:24 [INFO]: [0mGET /css/style.css [36m304[0m 2.264 ms - -[0m
2026-07-31 02:10:24 [INFO]: [0mGET /auth/public/js/header.js [33m404[0m 4.594 ms - 88[0m
2026-07-31 02:10:24 [INFO]: [0mGET /js/featured.js [36m304[0m 3.174 ms - -[0m
2026-07-31 02:10:24 [INFO]: [0mGET /js/why-choose.js [36m304[0m 1.154 ms - -[0m
2026-07-31 02:10:24 [INFO]: [0mGET /js/notification.js [36m304[0m 1.578 ms - -[0m
2026-07-31 02:10:24 [INFO]: [0mGET /js/footer.js [36m304[0m 2.043 ms - -[0m
2026-07-31 02:10:24 [INFO]: [0mGET /js/auth.js [36m304[0m 0.439 ms - -[0m
2026-07-31 02:10:24 [INFO]: [0mGET /js/verify.js [36m304[0m 0.525 ms - -[0m
2026-07-31 02:10:24 [INFO]: [0mGET /css/variables.css [36m304[0m 1.634 ms - -[0m
2026-07-31 02:10:24 [INFO]: [0mGET /css/utilities.css [36m304[0m 1.964 ms - -[0m
2026-07-31 02:10:24 [INFO]: [0mGET /css/animations.css [36m304[0m 2.308 ms - -[0m
2026-07-31 02:10:24 [INFO]: [0mGET /css/announcement.css [36m304[0m 2.442 ms - -[0m
2026-07-31 02:10:24 [INFO]: [0mGET /css/header.css [36m304[0m 2.739 ms - -[0m
2026-07-31 02:10:24 [INFO]: [0mGET /css/hero.css [36m304[0m 3.068 ms - -[0m
2026-07-31 02:10:24 [INFO]: [0mGET /css/featured.css [36m304[0m 0.608 ms - -[0m
2026-07-31 02:10:24 [INFO]: [0mGET /css/why-choose.css [36m304[0m 0.845 ms - -[0m
2026-07-31 02:10:24 [INFO]: [0mGET /css/footer.css [36m304[0m 1.084 ms - -[0m
2026-07-31 02:10:24 [INFO]: [0mGET /css/auth.css [36m304[0m 0.937 ms - -[0m
2026-07-31 02:10:24 [INFO]: [0mGET /css/verify.css [36m304[0m 0.188 ms - -[0m
2026-07-31 02:10:29 [INFO]: [0mGET /?openLogin=true [36m304[0m 4.440 ms - -[0m
2026-07-31 02:10:29 [INFO]: [0mGET /css/style.css [36m304[0m 0.588 ms - -[0m
2026-07-31 02:10:29 [INFO]: [0mGET /images/logo/plantora.png [36m304[0m 1.119 ms - -[0m
2026-07-31 02:10:29 [INFO]: [0mGET /images/hero/hero-placeholder.png [36m304[0m 0.733 ms - -[0m
2026-07-31 02:10:29 [INFO]: [0mGET /images/hero/monstera-plant.jpg [36m304[0m 0.997 ms - -[0m
2026-07-31 02:10:29 [INFO]: [0mGET /images/hero/snake-plant.jpg [36m304[0m 0.232 ms - -[0m
2026-07-31 02:10:29 [INFO]: [0mGET /images/hero/peace-lily.jpg [36m304[0m 0.380 ms - -[0m
2026-07-31 02:10:29 [INFO]: [0mGET /public/js/header.js [33m404[0m 0.476 ms - 83[0m
2026-07-31 02:10:29 [INFO]: [0mGET /js/featured.js [36m304[0m 0.417 ms - -[0m
2026-07-31 02:10:29 [INFO]: [0mGET /js/why-choose.js [36m304[0m 0.149 ms - -[0m
2026-07-31 02:10:29 [INFO]: [0mGET /css/variables.css [36m304[0m 0.334 ms - -[0m
2026-07-31 02:10:29 [INFO]: [0mGET /css/animations.css [36m304[0m 0.386 ms - -[0m
2026-07-31 02:10:29 [INFO]: [0mGET /css/utilities.css [36m304[0m 0.661 ms - -[0m
2026-07-31 02:10:29 [INFO]: [0mGET /css/announcement.css [36m304[0m 0.779 ms - -[0m
2026-07-31 02:10:29 [INFO]: [0mGET /css/header.css [36m304[0m 1.388 ms - -[0m
2026-07-31 02:10:29 [INFO]: [0mGET /css/hero.css [36m304[0m 1.087 ms - -[0m
2026-07-31 02:10:29 [INFO]: [0mGET /css/featured.css [36m304[0m 0.711 ms - -[0m
2026-07-31 02:10:29 [INFO]: [0mGET /css/why-choose.css [36m304[0m 0.958 ms - -[0m
2026-07-31 02:10:29 [INFO]: [0mGET /css/footer.css [36m304[0m 1.143 ms - -[0m
2026-07-31 02:10:29 [INFO]: [0mGET /css/auth.css [36m304[0m 0.278 ms - -[0m
2026-07-31 02:10:29 [INFO]: [0mGET /css/verify.css [36m304[0m 0.134 ms - -[0m
2026-07-31 02:10:29 [INFO]: [0mGET /js/notification.js [36m304[0m 0.100 ms - -[0m
2026-07-31 02:10:29 [INFO]: [0mGET /js/footer.js [36m304[0m 0.219 ms - -[0m
2026-07-31 02:10:29 [INFO]: [0mGET /js/auth.js [36m304[0m 0.320 ms - -[0m
2026-07-31 02:10:29 [INFO]: [0mGET /images/hero/tulip-plant.jpg [36m304[0m 0.462 ms - -[0m
2026-07-31 02:10:29 [INFO]: [0mGET /images/hero/rubber-plant.jpg [36m304[0m 0.100 ms - -[0m
2026-07-31 02:10:29 [INFO]: [0mGET /images/hero/aloe-vera.jpg [36m304[0m 0.205 ms - -[0m
2026-07-31 02:10:29 [INFO]: [0mGET /images/hero/areca-palm.jpg [36m304[0m 0.131 ms - -[0m
2026-07-31 02:10:29 [INFO]: [0mGET /images/hero/jade-plant.jpg [36m304[0m 0.240 ms - -[0m
2026-07-31 02:10:29 [INFO]: [0mGET /images/hero/golden-pothos.jpg [36m304[0m 0.310 ms - -[0m
2026-07-31 02:10:29 [INFO]: [0mGET /images/hero/fiddle-leaf-fig.jpg [36m304[0m 0.280 ms - -[0m
2026-07-31 02:10:29 [INFO]: [0mGET /images/hero/why-choose.jpg [36m304[0m 0.226 ms - -[0m
2026-07-31 02:10:29 [INFO]: [0mGET /images/logo/plantora-orgn-white.png [36m304[0m 0.214 ms - -[0m
2026-07-31 02:10:34 [INFO]: [0mPOST /auth/resend-verification-email [32m200[0m 41.735 ms - -[0m
2026-07-31 02:10:41 [INFO]: [0mPOST /auth/resend-verification-email [32m200[0m 37.282 ms - -[0m
2026-07-31 02:12:18 [INFO]: [0mGET /css/style.css [36m304[0m 0.755 ms - -[0m
2026-07-31 02:12:18 [INFO]: [0mGET /css/variables.css [36m304[0m 0.746 ms - -[0m
2026-07-31 02:12:18 [INFO]: [0mGET /css/utilities.css [36m304[0m 0.252 ms - -[0m
2026-07-31 02:12:18 [INFO]: [0mGET /css/animations.css [36m304[0m 0.429 ms - -[0m
2026-07-31 02:12:18 [INFO]: [0mGET /css/announcement.css [36m304[0m 0.734 ms - -[0m
2026-07-31 02:12:18 [INFO]: [0mGET /css/header.css [36m304[0m 0.865 ms - -[0m
2026-07-31 02:12:18 [INFO]: [0mGET /css/hero.css [36m304[0m 0.949 ms - -[0m
2026-07-31 02:12:18 [INFO]: [0mGET /css/featured.css [36m304[0m 0.293 ms - -[0m
2026-07-31 02:12:18 [INFO]: [0mGET /css/why-choose.css [36m304[0m 0.434 ms - -[0m
2026-07-31 02:12:18 [INFO]: [0mGET /css/footer.css [36m304[0m 0.921 ms - -[0m
2026-07-31 02:12:18 [INFO]: [0mGET /css/auth.css [36m304[0m 0.528 ms - -[0m
2026-07-31 02:12:18 [INFO]: [0mGET /css/verify.css [36m304[0m 0.361 ms - -[0m
2026-07-31 02:12:18 [INFO]: [0mGET /.well-known/appspecific/com.chrome.devtools.json [33m404[0m 0.747 ms - 112[0m
2026-07-31 02:15:10 [INFO]: MongoDB connected successfully.
2026-07-31 02:15:11 [INFO]: MongoDB connected successfully.
2026-07-31 02:15:14 [INFO]: Email server connected successfully.
2026-07-31 02:15:14 [INFO]: Server is running on port 5132.
2026-07-31 02:16:18 [INFO]: MongoDB connected successfully.
2026-07-31 02:16:21 [INFO]: MongoDB connected successfully.
2026-07-31 02:16:24 [INFO]: MongoDB connected successfully.
2026-07-31 02:16:27 [INFO]: MongoDB connected successfully.
2026-07-31 02:16:30 [INFO]: Email server connected successfully.
2026-07-31 02:16:30 [INFO]: Server is running on port 5132.
2026-07-31 02:16:32 [INFO]: MongoDB connected successfully.
2026-07-31 02:16:33 [INFO]: MongoDB connected successfully.
2026-07-31 02:16:36 [INFO]: Email server connected successfully.
2026-07-31 02:16:36 [INFO]: Server is running on port 5132.
2026-07-31 02:16:36 [INFO]: [0mPOST /auth/resend-verification-email [32m200[0m 63.389 ms - -[0m
2026-07-31 02:16:39 [INFO]: [0mGET / [36m304[0m 13.552 ms - -[0m
2026-07-31 02:16:39 [INFO]: [0mGET /css/style.css [36m304[0m 3.103 ms - -[0m
2026-07-31 02:16:39 [INFO]: [0mGET /images/logo/plantora.png [36m304[0m 3.132 ms - -[0m
2026-07-31 02:16:39 [INFO]: [0mGET /images/hero/hero-placeholder.png [36m304[0m 3.540 ms - -[0m
2026-07-31 02:16:39 [INFO]: [0mGET /.well-known/appspecific/com.chrome.devtools.json [33m404[0m 2.985 ms - 112[0m
2026-07-31 02:16:39 [INFO]: [0mGET /images/hero/monstera-plant.jpg [36m304[0m 1.156 ms - -[0m
2026-07-31 02:16:39 [INFO]: [0mGET /images/hero/snake-plant.jpg [36m304[0m 1.515 ms - -[0m
2026-07-31 02:16:39 [INFO]: [0mGET /public/js/header.js [33m404[0m 2.427 ms - 83[0m
2026-07-31 02:16:39 [INFO]: [0mGET /images/hero/peace-lily.jpg [36m304[0m 0.909 ms - -[0m
2026-07-31 02:16:39 [INFO]: [0mGET /js/featured.js [36m304[0m 1.827 ms - -[0m
2026-07-31 02:16:39 [INFO]: [0mGET /css/variables.css [36m304[0m 1.435 ms - -[0m
2026-07-31 02:16:39 [INFO]: [0mGET /css/utilities.css [36m304[0m 1.930 ms - -[0m
2026-07-31 02:16:39 [INFO]: [0mGET /css/animations.css [36m304[0m 2.718 ms - -[0m
2026-07-31 02:16:39 [INFO]: [0mGET /css/announcement.css [36m304[0m 1.481 ms - -[0m
2026-07-31 02:16:39 [INFO]: [0mGET /css/header.css [36m304[0m 1.764 ms - -[0m
2026-07-31 02:16:39 [INFO]: [0mGET /css/hero.css [36m304[0m 0.819 ms - -[0m
2026-07-31 02:16:39 [INFO]: [0mGET /css/featured.css [36m304[0m 1.057 ms - -[0m
2026-07-31 02:16:39 [INFO]: [0mGET /css/why-choose.css [36m304[0m 1.160 ms - -[0m
2026-07-31 02:16:39 [INFO]: [0mGET /css/footer.css [36m304[0m 0.717 ms - -[0m
2026-07-31 02:16:39 [INFO]: [0mGET /css/auth.css [36m304[0m 0.934 ms - -[0m
2026-07-31 02:16:39 [INFO]: [0mGET /css/verify.css [36m304[0m 1.377 ms - -[0m
2026-07-31 02:16:39 [INFO]: [0mGET /js/why-choose.js [36m304[0m 1.108 ms - -[0m
2026-07-31 02:16:39 [INFO]: [0mGET /js/notification.js [36m304[0m 1.402 ms - -[0m
2026-07-31 02:16:39 [INFO]: [0mGET /js/footer.js [36m304[0m 1.616 ms - -[0m
2026-07-31 02:16:39 [INFO]: [0mGET /images/hero/tulip-plant.jpg [36m304[0m 2.209 ms - -[0m
2026-07-31 02:16:39 [INFO]: [0mGET /images/hero/rubber-plant.jpg [36m304[0m 2.755 ms - -[0m
2026-07-31 02:16:39 [INFO]: [0mGET /js/auth.js [32m200[0m 4.076 ms - -[0m
2026-07-31 02:16:39 [INFO]: [0mGET /images/hero/aloe-vera.jpg [36m304[0m 1.261 ms - -[0m
2026-07-31 02:16:39 [INFO]: [0mGET /images/hero/areca-palm.jpg [36m304[0m 0.442 ms - -[0m
2026-07-31 02:16:39 [INFO]: [0mGET /images/hero/jade-plant.jpg [36m304[0m 0.926 ms - -[0m
2026-07-31 02:16:39 [INFO]: [0mGET /images/hero/golden-pothos.jpg [36m304[0m 1.046 ms - -[0m
2026-07-31 02:16:39 [INFO]: [0mGET /images/hero/fiddle-leaf-fig.jpg [36m304[0m 0.721 ms - -[0m
2026-07-31 02:16:39 [INFO]: [0mGET /images/hero/why-choose.jpg [36m304[0m 0.395 ms - -[0m
2026-07-31 02:16:39 [INFO]: [0mGET /images/logo/plantora-orgn-white.png [36m304[0m 0.348 ms - -[0m
2026-07-31 02:17:24 [INFO]: Email sent successfully to 'customer_0002@yopmail.com'. Subject: 'Verify Your Plantora Account'.
2026-07-31 02:17:24 [ERROR]: Failed to create audit log: AuditLog validation failed: action: `Register` is not a valid enum value for path `action`., severity: `low` is not a valid enum value for path `severity`.
2026-07-31 02:17:24 [INFO]: Customer registered successfully : customer_0002@yopmail.com
2026-07-31 02:17:24 [INFO]: [0mPOST /auth/register [32m201[0m 4653.872 ms - 97[0m
2026-07-31 02:17:30 [ERROR]: Failed to create audit log: AuditLog validation failed: action: `Verify Email` is not a valid enum value for path `action`., severity: `low` is not a valid enum value for path `severity`.
2026-07-31 02:17:30 [INFO]: Email verified successfully : customer_0002@yopmail.com
2026-07-31 02:17:30 [INFO]: [0mGET /auth/verify-email/803515122e40aac52c97d1707ba3d52778286673aedd163c3f27c5c84ff6744b [32m200[0m 156.865 ms - -[0m
2026-07-31 02:17:30 [INFO]: [0mGET /css/style.css [36m304[0m 0.275 ms - -[0m
2026-07-31 02:17:30 [INFO]: [0mGET /auth/verify-email/public/js/header.js [33m404[0m 2.056 ms - 101[0m
2026-07-31 02:17:30 [INFO]: [0mGET /js/featured.js [36m304[0m 2.286 ms - -[0m
2026-07-31 02:17:30 [INFO]: [0mGET /js/why-choose.js [36m304[0m 1.012 ms - -[0m
2026-07-31 02:17:30 [INFO]: [0mGET /js/notification.js [36m304[0m 1.384 ms - -[0m
2026-07-31 02:17:30 [INFO]: [0mGET /js/footer.js [36m304[0m 1.633 ms - -[0m
2026-07-31 02:17:30 [INFO]: [0mGET /js/auth.js [36m304[0m 2.035 ms - -[0m
2026-07-31 02:17:30 [INFO]: [0mGET /js/verify.js [36m304[0m 2.847 ms - -[0m
2026-07-31 02:17:30 [INFO]: [0mGET /css/variables.css [36m304[0m 0.695 ms - -[0m
2026-07-31 02:17:30 [INFO]: [0mGET /css/utilities.css [36m304[0m 0.790 ms - -[0m
2026-07-31 02:17:30 [INFO]: [0mGET /css/animations.css [36m304[0m 0.995 ms - -[0m
2026-07-31 02:17:30 [INFO]: [0mGET /css/announcement.css [36m304[0m 1.145 ms - -[0m
2026-07-31 02:17:30 [INFO]: [0mGET /css/header.css [36m304[0m 1.600 ms - -[0m
2026-07-31 02:17:30 [INFO]: [0mGET /css/hero.css [36m304[0m 2.076 ms - -[0m
2026-07-31 02:17:30 [INFO]: [0mGET /css/featured.css [36m304[0m 0.435 ms - -[0m
2026-07-31 02:17:30 [INFO]: [0mGET /css/why-choose.css [36m304[0m 0.601 ms - -[0m
2026-07-31 02:17:30 [INFO]: [0mGET /css/footer.css [36m304[0m 0.738 ms - -[0m
2026-07-31 02:17:30 [INFO]: [0mGET /css/auth.css [36m304[0m 0.903 ms - -[0m
2026-07-31 02:17:30 [INFO]: [0mGET /css/verify.css [36m304[0m 1.142 ms - -[0m
2026-07-31 02:17:36 [INFO]: [0mPOST /auth/resend-verification-email [32m200[0m 37.114 ms - -[0m
2026-07-31 02:17:47 [INFO]: MongoDB connected successfully.
2026-07-31 02:17:50 [INFO]: Email server connected successfully.
2026-07-31 02:17:50 [INFO]: Server is running on port 5132.
2026-07-31 02:18:29 [INFO]: MongoDB connected successfully.
2026-07-31 02:18:32 [INFO]: Email server connected successfully.
2026-07-31 02:18:32 [INFO]: Server is running on port 5132.
2026-07-31 02:18:32 [INFO]: [0mGET / [36m304[0m 9.569 ms - -[0m
2026-07-31 02:18:32 [INFO]: [0mGET /css/style.css [36m304[0m 1.332 ms - -[0m
2026-07-31 02:18:32 [INFO]: [0mGET /images/logo/plantora.png [36m304[0m 0.693 ms - -[0m
2026-07-31 02:18:32 [INFO]: [0mGET /images/hero/hero-placeholder.png [36m304[0m 0.951 ms - -[0m
2026-07-31 02:18:32 [INFO]: [0mGET /images/hero/monstera-plant.jpg [36m304[0m 0.418 ms - -[0m
2026-07-31 02:18:32 [INFO]: [0mGET /images/hero/snake-plant.jpg [36m304[0m 0.875 ms - -[0m
2026-07-31 02:18:32 [INFO]: [0mGET /images/hero/peace-lily.jpg [36m304[0m 0.631 ms - -[0m
2026-07-31 02:18:32 [INFO]: [0mGET /public/js/header.js [33m404[0m 2.505 ms - 83[0m
2026-07-31 02:18:32 [INFO]: [0mGET /js/featured.js [36m304[0m 2.243 ms - -[0m
2026-07-31 02:18:32 [INFO]: [0mGET /css/variables.css [36m304[0m 0.474 ms - -[0m
2026-07-31 02:18:32 [INFO]: [0mGET /css/utilities.css [36m304[0m 0.651 ms - -[0m
2026-07-31 02:18:32 [INFO]: [0mGET /css/animations.css [36m304[0m 0.891 ms - -[0m
2026-07-31 02:18:32 [INFO]: [0mGET /css/announcement.css [36m304[0m 1.092 ms - -[0m
2026-07-31 02:18:32 [INFO]: [0mGET /css/header.css [36m304[0m 0.272 ms - -[0m
2026-07-31 02:18:32 [INFO]: [0mGET /css/featured.css [36m304[0m 0.501 ms - -[0m
2026-07-31 02:18:32 [INFO]: [0mGET /css/why-choose.css [36m304[0m 0.680 ms - -[0m
2026-07-31 02:18:32 [INFO]: [0mGET /css/footer.css [36m304[0m 0.973 ms - -[0m
2026-07-31 02:18:32 [INFO]: [0mGET /css/hero.css [36m304[0m 1.303 ms - -[0m
2026-07-31 02:18:32 [INFO]: [0mGET /css/auth.css [36m304[0m 1.673 ms - -[0m
2026-07-31 02:18:32 [INFO]: [0mGET /css/verify.css [36m304[0m 0.330 ms - -[0m
2026-07-31 02:18:32 [INFO]: [0mGET /js/why-choose.js [36m304[0m 0.317 ms - -[0m
2026-07-31 02:18:32 [INFO]: [0mGET /js/notification.js [36m304[0m 1.063 ms - -[0m
2026-07-31 02:18:32 [INFO]: [0mGET /js/footer.js [36m304[0m 0.284 ms - -[0m
2026-07-31 02:18:32 [INFO]: [0mGET /images/hero/tulip-plant.jpg [36m304[0m 0.489 ms - -[0m
2026-07-31 02:18:32 [INFO]: [0mGET /images/hero/rubber-plant.jpg [36m304[0m 0.305 ms - -[0m
2026-07-31 02:18:32 [INFO]: [0mGET /images/hero/aloe-vera.jpg [36m304[0m 0.702 ms - -[0m
2026-07-31 02:18:32 [INFO]: [0mGET /images/hero/areca-palm.jpg [36m304[0m 1.434 ms - -[0m
2026-07-31 02:18:32 [INFO]: [0mGET /images/hero/jade-plant.jpg [36m304[0m 0.171 ms - -[0m
2026-07-31 02:18:32 [INFO]: [0mGET /js/auth.js [32m200[0m 3.323 ms - -[0m
2026-07-31 02:18:32 [INFO]: [0mGET /images/hero/golden-pothos.jpg [36m304[0m 0.252 ms - -[0m
2026-07-31 02:18:32 [INFO]: [0mGET /images/hero/fiddle-leaf-fig.jpg [36m304[0m 0.163 ms - -[0m
2026-07-31 02:18:32 [INFO]: [0mGET /images/hero/why-choose.jpg [36m304[0m 0.157 ms - -[0m
2026-07-31 02:18:32 [INFO]: [0mGET /images/logo/plantora-orgn-white.png [36m304[0m 0.161 ms - -[0m
2026-07-31 02:19:14 [INFO]: Email sent successfully to 'customer_0002@yopmail.com'. Subject: 'Verify Your Plantora Account'.
2026-07-31 02:19:14 [ERROR]: Failed to create audit log: AuditLog validation failed: action: `Register` is not a valid enum value for path `action`., severity: `low` is not a valid enum value for path `severity`.
2026-07-31 02:19:14 [INFO]: Customer registered successfully : customer_0002@yopmail.com
2026-07-31 02:19:14 [INFO]: [0mPOST /auth/register [32m201[0m 4782.339 ms - 97[0m
2026-07-31 02:19:27 [ERROR]: Failed to create audit log: AuditLog validation failed: action: `Verify Email` is not a valid enum value for path `action`., severity: `low` is not a valid enum value for path `severity`.
2026-07-31 02:19:27 [INFO]: Email verified successfully : customer_0002@yopmail.com
2026-07-31 02:19:27 [INFO]: [0mGET /auth/verify-email/073844fe1d009f66ca46aa3b064b426b618fac8928f66a054eaf2e017d1756ac [32m200[0m 180.790 ms - -[0m
2026-07-31 02:19:27 [INFO]: [0mGET /css/style.css [36m304[0m 0.917 ms - -[0m
2026-07-31 02:19:27 [INFO]: [0mGET /js/featured.js [36m304[0m 1.132 ms - -[0m
2026-07-31 02:19:27 [INFO]: [0mGET /auth/verify-email/public/js/header.js [33m404[0m 2.622 ms - 101[0m
2026-07-31 02:19:27 [INFO]: [0mGET /js/auth.js [36m304[0m 0.659 ms - -[0m
2026-07-31 02:19:27 [INFO]: [0mGET /js/verify.js [36m304[0m 1.034 ms - -[0m
2026-07-31 02:19:27 [INFO]: [0mGET /js/why-choose.js [36m304[0m 1.240 ms - -[0m
2026-07-31 02:19:27 [INFO]: [0mGET /js/notification.js [36m304[0m 1.538 ms - -[0m
2026-07-31 02:19:27 [INFO]: [0mGET /js/footer.js [36m304[0m 1.933 ms - -[0m
2026-07-31 02:19:27 [INFO]: [0mGET /css/variables.css [36m304[0m 1.589 ms - -[0m
2026-07-31 02:19:27 [INFO]: [0mGET /css/utilities.css [36m304[0m 1.537 ms - -[0m
2026-07-31 02:19:27 [INFO]: [0mGET /css/animations.css [36m304[0m 1.572 ms - -[0m
2026-07-31 02:19:27 [INFO]: [0mGET /css/announcement.css [36m304[0m 1.515 ms - -[0m
2026-07-31 02:19:27 [INFO]: [0mGET /css/header.css [36m304[0m 1.529 ms - -[0m
2026-07-31 02:19:27 [INFO]: [0mGET /css/hero.css [36m304[0m 1.721 ms - -[0m
2026-07-31 02:19:27 [INFO]: [0mGET /css/featured.css [36m304[0m 0.882 ms - -[0m
2026-07-31 02:19:27 [INFO]: [0mGET /css/why-choose.css [36m304[0m 0.981 ms - -[0m
2026-07-31 02:19:27 [INFO]: [0mGET /css/footer.css [36m304[0m 1.034 ms - -[0m
2026-07-31 02:19:27 [INFO]: [0mGET /css/auth.css [36m304[0m 1.137 ms - -[0m
2026-07-31 02:19:27 [INFO]: [0mGET /css/verify.css [36m304[0m 1.234 ms - -[0m
2026-07-31 02:19:31 [INFO]: [0mGET /auth/verify-email/073844fe1d009f66ca46aa3b064b426b618fac8928f66a054eaf2e017d1756ac [32m200[0m 42.875 ms - -[0m
2026-07-31 02:19:31 [INFO]: [0mGET /css/style.css [36m304[0m 1.386 ms - -[0m
2026-07-31 02:19:31 [INFO]: [0mGET /auth/verify-email/public/js/header.js [33m404[0m 2.324 ms - 101[0m
2026-07-31 02:19:31 [INFO]: [0mGET /js/featured.js [36m304[0m 2.352 ms - -[0m
2026-07-31 02:19:31 [INFO]: [0mGET /js/why-choose.js [36m304[0m 2.379 ms - -[0m
2026-07-31 02:19:31 [INFO]: [0mGET /js/notification.js [36m304[0m 2.709 ms - -[0m
2026-07-31 02:19:31 [INFO]: [0mGET /js/footer.js [36m304[0m 0.786 ms - -[0m
2026-07-31 02:19:31 [INFO]: [0mGET /js/auth.js [36m304[0m 0.571 ms - -[0m
2026-07-31 02:19:31 [INFO]: [0mGET /js/verify.js [36m304[0m 0.660 ms - -[0m
2026-07-31 02:19:31 [INFO]: [0mGET /css/variables.css [36m304[0m 2.184 ms - -[0m
2026-07-31 02:19:31 [INFO]: [0mGET /css/utilities.css [36m304[0m 2.490 ms - -[0m
2026-07-31 02:19:31 [INFO]: [0mGET /css/animations.css [36m304[0m 2.477 ms - -[0m
2026-07-31 02:19:31 [INFO]: [0mGET /css/announcement.css [36m304[0m 2.444 ms - -[0m
2026-07-31 02:19:31 [INFO]: [0mGET /css/header.css [36m304[0m 2.432 ms - -[0m
2026-07-31 02:19:31 [INFO]: [0mGET /css/hero.css [36m304[0m 2.469 ms - -[0m
2026-07-31 02:19:31 [INFO]: [0mGET /css/featured.css [36m304[0m 0.398 ms - -[0m
2026-07-31 02:19:31 [INFO]: [0mGET /css/why-choose.css [36m304[0m 0.578 ms - -[0m
2026-07-31 02:19:31 [INFO]: [0mGET /css/footer.css [36m304[0m 0.873 ms - -[0m
2026-07-31 02:19:31 [INFO]: [0mGET /css/auth.css [36m304[0m 1.076 ms - -[0m
2026-07-31 02:19:31 [INFO]: [0mGET /css/verify.css [36m304[0m 1.615 ms - -[0m
2026-07-31 02:19:35 [INFO]: [0mPOST /auth/resend-verification-email [32m200[0m 48.540 ms - -[0m
2026-07-31 02:19:35 [INFO]: [0mGET /css/style.css [36m304[0m 1.879 ms - -[0m
2026-07-31 02:19:35 [INFO]: [0mGET /auth/public/js/header.js [33m404[0m 2.789 ms - 88[0m
2026-07-31 02:19:35 [INFO]: [0mGET /js/featured.js [36m304[0m 2.842 ms - -[0m
2026-07-31 02:19:35 [INFO]: [0mGET /js/why-choose.js [36m304[0m 3.607 ms - -[0m
2026-07-31 02:19:35 [INFO]: [0mGET /js/notification.js [36m304[0m 0.979 ms - -[0m
2026-07-31 02:19:35 [INFO]: [0mGET /js/footer.js [36m304[0m 1.128 ms - -[0m
2026-07-31 02:19:35 [INFO]: [0mGET /js/auth.js [36m304[0m 0.931 ms - -[0m
2026-07-31 02:19:35 [INFO]: [0mGET /js/verify.js [36m304[0m 1.292 ms - -[0m
2026-07-31 02:19:35 [INFO]: [0mGET /css/variables.css [36m304[0m 0.977 ms - -[0m
2026-07-31 02:19:35 [INFO]: [0mGET /css/utilities.css [36m304[0m 1.230 ms - -[0m
2026-07-31 02:19:35 [INFO]: [0mGET /css/animations.css [36m304[0m 1.401 ms - -[0m
2026-07-31 02:19:35 [INFO]: [0mGET /css/announcement.css [36m304[0m 1.754 ms - -[0m
2026-07-31 02:19:35 [INFO]: [0mGET /css/header.css [36m304[0m 1.973 ms - -[0m
2026-07-31 02:19:35 [INFO]: [0mGET /css/hero.css [36m304[0m 2.197 ms - -[0m
2026-07-31 02:19:35 [INFO]: [0mGET /css/featured.css [36m304[0m 0.758 ms - -[0m
2026-07-31 02:19:35 [INFO]: [0mGET /css/why-choose.css [36m304[0m 0.889 ms - -[0m
2026-07-31 02:19:35 [INFO]: [0mGET /css/footer.css [36m304[0m 1.081 ms - -[0m
2026-07-31 02:19:35 [INFO]: [0mGET /css/auth.css [36m304[0m 1.310 ms - -[0m
2026-07-31 02:19:35 [INFO]: [0mGET /css/verify.css [36m304[0m 1.527 ms - -[0m
2026-07-31 02:19:40 [INFO]: [0mGET /?openLogin=true [36m304[0m 5.702 ms - -[0m
2026-07-31 02:19:40 [INFO]: [0mGET /css/style.css [36m304[0m 1.053 ms - -[0m
2026-07-31 02:19:40 [INFO]: [0mGET /images/logo/plantora.png [36m304[0m 1.413 ms - -[0m
2026-07-31 02:19:40 [INFO]: [0mGET /images/hero/hero-placeholder.png [36m304[0m 1.465 ms - -[0m
2026-07-31 02:19:40 [INFO]: [0mGET /images/hero/monstera-plant.jpg [36m304[0m 0.573 ms - -[0m
2026-07-31 02:19:40 [INFO]: [0mGET /images/hero/snake-plant.jpg [36m304[0m 0.191 ms - -[0m
2026-07-31 02:19:40 [INFO]: [0mGET /images/hero/peace-lily.jpg [36m304[0m 0.349 ms - -[0m
2026-07-31 02:19:40 [INFO]: [0mGET /public/js/header.js [33m404[0m 1.172 ms - 83[0m
2026-07-31 02:19:40 [INFO]: [0mGET /js/featured.js [36m304[0m 1.480 ms - -[0m
2026-07-31 02:19:40 [INFO]: [0mGET /css/variables.css [36m304[0m 0.216 ms - -[0m
2026-07-31 02:19:40 [INFO]: [0mGET /css/utilities.css [36m304[0m 0.230 ms - -[0m
2026-07-31 02:19:40 [INFO]: [0mGET /css/animations.css [36m304[0m 0.412 ms - -[0m
2026-07-31 02:19:40 [INFO]: [0mGET /css/announcement.css [36m304[0m 0.742 ms - -[0m
2026-07-31 02:19:40 [INFO]: [0mGET /css/header.css [36m304[0m 0.503 ms - -[0m
2026-07-31 02:19:40 [INFO]: [0mGET /css/hero.css [36m304[0m 0.420 ms - -[0m
2026-07-31 02:19:40 [INFO]: [0mGET /css/featured.css [36m304[0m 0.951 ms - -[0m
2026-07-31 02:19:40 [INFO]: [0mGET /css/why-choose.css [36m304[0m 0.555 ms - -[0m
2026-07-31 02:19:40 [INFO]: [0mGET /css/footer.css [36m304[0m 0.909 ms - -[0m
2026-07-31 02:19:40 [INFO]: [0mGET /css/auth.css [36m304[0m 1.004 ms - -[0m
2026-07-31 02:19:40 [INFO]: [0mGET /css/verify.css [36m304[0m 1.172 ms - -[0m
2026-07-31 02:19:40 [INFO]: [0mGET /js/why-choose.js [36m304[0m 0.263 ms - -[0m
2026-07-31 02:19:40 [INFO]: [0mGET /js/notification.js [36m304[0m 0.563 ms - -[0m
2026-07-31 02:19:40 [INFO]: [0mGET /js/footer.js [36m304[0m 0.196 ms - -[0m
2026-07-31 02:19:40 [INFO]: [0mGET /js/auth.js [36m304[0m 0.329 ms - -[0m
2026-07-31 02:19:40 [INFO]: [0mGET /images/hero/tulip-plant.jpg [36m304[0m 0.503 ms - -[0m
2026-07-31 02:19:40 [INFO]: [0mGET /images/hero/rubber-plant.jpg [36m304[0m 0.565 ms - -[0m
2026-07-31 02:19:40 [INFO]: [0mGET /images/hero/aloe-vera.jpg [36m304[0m 0.767 ms - -[0m
2026-07-31 02:19:40 [INFO]: [0mGET /images/hero/areca-palm.jpg [36m304[0m 0.965 ms - -[0m
2026-07-31 02:19:40 [INFO]: [0mGET /images/hero/jade-plant.jpg [36m304[0m 1.274 ms - -[0m
2026-07-31 02:19:40 [INFO]: [0mGET /images/hero/golden-pothos.jpg [36m304[0m 1.274 ms - -[0m
2026-07-31 02:19:40 [INFO]: [0mGET /images/hero/fiddle-leaf-fig.jpg [36m304[0m 1.771 ms - -[0m
2026-07-31 02:19:40 [INFO]: [0mGET /images/hero/why-choose.jpg [36m304[0m 0.639 ms - -[0m
2026-07-31 02:19:40 [INFO]: [0mGET /images/logo/plantora-orgn-white.png [36m304[0m 0.315 ms - -[0m
2026-07-31 02:20:19 [INFO]: MongoDB connected successfully.
2026-07-31 02:20:21 [INFO]: Email server connected successfully.
2026-07-31 02:20:21 [INFO]: Server is running on port 5132.
2026-07-31 02:20:54 [INFO]: [0mGET /auth/verify-email/073844fe1d009f66ca46aa3b064b426b618fac8928f66a054eaf2e017d1756ac [36m304[0m 60.944 ms - -[0m
2026-07-31 02:20:54 [INFO]: [0mGET /css/style.css [36m304[0m 1.080 ms - -[0m
2026-07-31 02:20:54 [INFO]: [0mGET /auth/verify-email/public/js/header.js [33m404[0m 4.608 ms - 101[0m
2026-07-31 02:20:54 [INFO]: [0mGET /js/notification.js [36m304[0m 2.506 ms - -[0m
2026-07-31 02:20:54 [INFO]: [0mGET /js/footer.js [36m304[0m 2.343 ms - -[0m
2026-07-31 02:20:54 [INFO]: [0mGET /js/featured.js [36m304[0m 2.400 ms - -[0m
2026-07-31 02:20:54 [INFO]: [0mGET /js/why-choose.js [36m304[0m 2.567 ms - -[0m
2026-07-31 02:20:54 [INFO]: [0mGET /js/verify.js [36m304[0m 0.703 ms - -[0m
2026-07-31 02:20:54 [INFO]: [0mGET /js/auth.js [32m200[0m 5.152 ms - -[0m
2026-07-31 02:20:54 [INFO]: [0mGET /css/variables.css [36m304[0m 2.633 ms - -[0m
2026-07-31 02:20:54 [INFO]: [0mGET /css/utilities.css [36m304[0m 3.040 ms - -[0m
2026-07-31 02:20:54 [INFO]: [0mGET /css/animations.css [36m304[0m 3.361 ms - -[0m
2026-07-31 02:20:54 [INFO]: [0mGET /css/announcement.css [36m304[0m 3.675 ms - -[0m
2026-07-31 02:20:54 [INFO]: [0mGET /css/header.css [36m304[0m 3.667 ms - -[0m
2026-07-31 02:20:54 [INFO]: [0mGET /css/hero.css [36m304[0m 3.669 ms - -[0m
2026-07-31 02:20:54 [INFO]: [0mGET /css/featured.css [36m304[0m 2.844 ms - -[0m
2026-07-31 02:20:54 [INFO]: [0mGET /css/why-choose.css [36m304[0m 2.672 ms - -[0m
2026-07-31 02:20:54 [INFO]: [0mGET /css/footer.css [36m304[0m 2.646 ms - -[0m
2026-07-31 02:20:54 [INFO]: [0mGET /css/auth.css [36m304[0m 1.829 ms - -[0m
2026-07-31 02:20:54 [INFO]: [0mGET /css/verify.css [36m304[0m 1.711 ms - -[0m
2026-07-31 02:23:03 [INFO]: MongoDB connected successfully.
2026-07-31 02:23:05 [INFO]: Email server connected successfully.
2026-07-31 02:23:05 [INFO]: Server is running on port 5132.
2026-07-31 02:23:09 [INFO]: [0mGET / [36m304[0m 25.284 ms - -[0m
2026-07-31 02:23:09 [INFO]: [0mGET /css/style.css [36m304[0m 3.488 ms - -[0m
2026-07-31 02:23:09 [INFO]: [0mGET /images/logo/plantora.png [36m304[0m 4.011 ms - -[0m
2026-07-31 02:23:09 [INFO]: [0mGET /images/hero/hero-placeholder.png [36m304[0m 4.373 ms - -[0m
2026-07-31 02:23:09 [INFO]: [0mGET /images/hero/monstera-plant.jpg [36m304[0m 1.598 ms - -[0m
2026-07-31 02:23:09 [INFO]: [0mGET /public/js/header.js [33m404[0m 3.734 ms - 83[0m
2026-07-31 02:23:09 [INFO]: [0mGET /images/hero/snake-plant.jpg [36m304[0m 4.809 ms - -[0m
2026-07-31 02:23:09 [INFO]: [0mGET /images/hero/peace-lily.jpg [36m304[0m 5.949 ms - -[0m
2026-07-31 02:23:09 [INFO]: [0mGET /js/featured.js [36m304[0m 1.231 ms - -[0m
2026-07-31 02:23:09 [INFO]: [0mGET /js/why-choose.js [36m304[0m 2.407 ms - -[0m
2026-07-31 02:23:09 [INFO]: [0mGET /css/variables.css [36m304[0m 1.198 ms - -[0m
2026-07-31 02:23:09 [INFO]: [0mGET /css/utilities.css [36m304[0m 1.252 ms - -[0m
2026-07-31 02:23:09 [INFO]: [0mGET /css/animations.css [36m304[0m 1.489 ms - -[0m
2026-07-31 02:23:09 [INFO]: [0mGET /css/announcement.css [36m304[0m 0.330 ms - -[0m
2026-07-31 02:23:09 [INFO]: [0mGET /css/header.css [36m304[0m 0.751 ms - -[0m
2026-07-31 02:23:09 [INFO]: [0mGET /css/hero.css [36m304[0m 0.960 ms - -[0m
2026-07-31 02:23:09 [INFO]: [0mGET /css/featured.css [36m304[0m 0.959 ms - -[0m
2026-07-31 02:23:09 [INFO]: [0mGET /css/why-choose.css [36m304[0m 1.162 ms - -[0m
2026-07-31 02:23:09 [INFO]: [0mGET /css/footer.css [36m304[0m 1.425 ms - -[0m
2026-07-31 02:23:09 [INFO]: [0mGET /css/auth.css [36m304[0m 0.244 ms - -[0m
2026-07-31 02:23:09 [INFO]: [0mGET /css/verify.css [36m304[0m 0.832 ms - -[0m
2026-07-31 02:23:09 [INFO]: [0mGET /js/notification.js [36m304[0m 0.778 ms - -[0m
2026-07-31 02:23:09 [INFO]: [0mGET /js/footer.js [36m304[0m 1.086 ms - -[0m
2026-07-31 02:23:09 [INFO]: [0mGET /images/hero/tulip-plant.jpg [36m304[0m 0.878 ms - -[0m
2026-07-31 02:23:09 [INFO]: [0mGET /images/hero/rubber-plant.jpg [36m304[0m 0.249 ms - -[0m
2026-07-31 02:23:09 [INFO]: [0mGET /images/hero/aloe-vera.jpg [36m304[0m 0.948 ms - -[0m
2026-07-31 02:23:09 [INFO]: [0mGET /images/hero/areca-palm.jpg [36m304[0m 1.218 ms - -[0m
2026-07-31 02:23:09 [INFO]: [0mGET /images/hero/jade-plant.jpg [36m304[0m 0.464 ms - -[0m
2026-07-31 02:23:09 [INFO]: [0mGET /images/hero/golden-pothos.jpg [36m304[0m 1.048 ms - -[0m
2026-07-31 02:23:09 [INFO]: [0mGET /images/hero/fiddle-leaf-fig.jpg [36m304[0m 0.774 ms - -[0m
2026-07-31 02:23:09 [INFO]: [0mGET /js/auth.js [32m200[0m 2.566 ms - -[0m
2026-07-31 02:23:09 [INFO]: [0mGET /images/hero/why-choose.jpg [36m304[0m 1.587 ms - -[0m
2026-07-31 02:23:09 [INFO]: [0mGET /images/logo/plantora-orgn-white.png [36m304[0m 0.201 ms - -[0m
2026-07-31 02:23:52 [INFO]: Email sent successfully to 'customer_0002@yopmail.com'. Subject: 'Verify Your Plantora Account'.
2026-07-31 02:23:52 [ERROR]: Failed to create audit log: AuditLog validation failed: action: `Register` is not a valid enum value for path `action`., severity: `low` is not a valid enum value for path `severity`.
2026-07-31 02:23:52 [INFO]: Customer registered successfully : customer_0002@yopmail.com
2026-07-31 02:23:52 [INFO]: [0mPOST /auth/register [32m201[0m 4740.572 ms - 97[0m
2026-07-31 02:24:22 [ERROR]: ReferenceError: email is not defined
    at showResendVerificationPage (E:\Webskitters_Academy\NODE JS\final_project_node\plantora_final_project_node_ejs\app\controllers\authController.js:483:14)
    at Layer.handleRequest (E:\Webskitters_Academy\NODE JS\final_project_node\plantora_final_project_node_ejs\node_modules\router\lib\layer.js:152:17)
    at next (E:\Webskitters_Academy\NODE JS\final_project_node\plantora_final_project_node_ejs\node_modules\router\lib\route.js:157:13)
    at Route.dispatch (E:\Webskitters_Academy\NODE JS\final_project_node\plantora_final_project_node_ejs\node_modules\router\lib\route.js:117:3)
    at handle (E:\Webskitters_Academy\NODE JS\final_project_node\plantora_final_project_node_ejs\node_modules\router\index.js:435:11)
    at Layer.handleRequest (E:\Webskitters_Academy\NODE JS\final_project_node\plantora_final_project_node_ejs\node_modules\router\lib\layer.js:152:17)
    at E:\Webskitters_Academy\NODE JS\final_project_node\plantora_final_project_node_ejs\node_modules\router\index.js:295:15
    at processParams (E:\Webskitters_Academy\NODE JS\final_project_node\plantora_final_project_node_ejs\node_modules\router\index.js:582:12)
    at next (E:\Webskitters_Academy\NODE JS\final_project_node\plantora_final_project_node_ejs\node_modules\router\index.js:291:5)
    at router.handle (E:\Webskitters_Academy\NODE JS\final_project_node\plantora_final_project_node_ejs\node_modules\router\index.js:186:3)
2026-07-31 02:24:22 [INFO]: [0mGET /auth/resend-verification [31m500[0m 5.643 ms - 72[0m
2026-07-31 03:04:00 [INFO]: MongoDB connected successfully.
2026-07-31 03:04:02 [INFO]: Email server connected successfully.
2026-07-31 03:04:02 [INFO]: Server is running on port 5132.
2026-07-31 03:04:41 [INFO]: MongoDB connected successfully.
2026-07-31 03:04:43 [INFO]: Email server connected successfully.
2026-07-31 03:04:43 [INFO]: Server is running on port 5132.
2026-07-31 03:05:51 [INFO]: MongoDB connected successfully.
2026-07-31 03:05:54 [INFO]: Email server connected successfully.
2026-07-31 03:05:54 [INFO]: Server is running on port 5132.
2026-07-31 03:06:03 [INFO]: MongoDB connected successfully.
2026-07-31 03:06:06 [INFO]: MongoDB connected successfully.
2026-07-31 03:06:09 [INFO]: MongoDB connected successfully.
2026-07-31 03:06:12 [INFO]: Email server connected successfully.
2026-07-31 03:06:12 [INFO]: Server is running on port 5132.
2026-07-31 03:06:30 [INFO]: MongoDB connected successfully.
2026-07-31 03:06:32 [INFO]: MongoDB connected successfully.
2026-07-31 03:06:34 [INFO]: Email server connected successfully.
2026-07-31 03:06:34 [INFO]: Server is running on port 5132.
2026-07-31 03:06:46 [INFO]: MongoDB connected successfully.
2026-07-31 03:06:49 [INFO]: Email server connected successfully.
2026-07-31 03:06:49 [INFO]: Server is running on port 5132.
2026-07-31 03:06:51 [INFO]: MongoDB connected successfully.
2026-07-31 03:06:53 [INFO]: Email server connected successfully.
2026-07-31 03:06:53 [INFO]: Server is running on port 5132.
2026-07-31 03:07:01 [INFO]: MongoDB connected successfully.
2026-07-31 03:07:02 [INFO]: MongoDB connected successfully.
2026-07-31 03:07:05 [INFO]: Email server connected successfully.
2026-07-31 03:07:05 [INFO]: Server is running on port 5132.
2026-07-31 03:07:07 [INFO]: MongoDB connected successfully.
2026-07-31 03:07:10 [INFO]: Email server connected successfully.
2026-07-31 03:07:10 [INFO]: Server is running on port 5132.
2026-07-31 03:08:27 [INFO]: MongoDB connected successfully.
2026-07-31 03:08:30 [INFO]: MongoDB connected successfully.
2026-07-31 03:08:33 [INFO]: Email server connected successfully.
2026-07-31 03:08:33 [INFO]: Server is running on port 5132.
2026-07-31 03:08:59 [INFO]: MongoDB connected successfully.
2026-07-31 03:09:02 [INFO]: Email server connected successfully.
2026-07-31 03:09:02 [INFO]: Server is running on port 5132.
2026-07-31 03:09:29 [INFO]: [0mGET / [36m304[0m 32.256 ms - -[0m
2026-07-31 03:09:29 [INFO]: [0mGET /css/style.css [36m304[0m 3.001 ms - -[0m
2026-07-31 03:09:29 [INFO]: [0mGET /images/logo/plantora.png [36m304[0m 3.919 ms - -[0m
2026-07-31 03:09:29 [INFO]: [0mGET /images/hero/hero-placeholder.png [36m304[0m 2.190 ms - -[0m
2026-07-31 03:09:29 [INFO]: [0mGET /images/hero/monstera-plant.jpg [36m304[0m 1.009 ms - -[0m
2026-07-31 03:09:29 [INFO]: [0mGET /images/hero/snake-plant.jpg [36m304[0m 1.263 ms - -[0m
2026-07-31 03:09:29 [INFO]: [0mGET /images/hero/peace-lily.jpg [36m304[0m 1.620 ms - -[0m
2026-07-31 03:09:29 [INFO]: [0mGET /js/featured.js [36m304[0m 0.952 ms - -[0m
2026-07-31 03:09:29 [INFO]: [0mGET /public/js/header.js [33m404[0m 2.634 ms - 83[0m
2026-07-31 03:09:29 [INFO]: [0mGET /css/variables.css [36m304[0m 0.665 ms - -[0m
2026-07-31 03:09:29 [INFO]: [0mGET /css/utilities.css [36m304[0m 0.869 ms - -[0m
2026-07-31 03:09:29 [INFO]: [0mGET /css/animations.css [36m304[0m 2.258 ms - -[0m
2026-07-31 03:09:29 [INFO]: [0mGET /css/announcement.css [36m304[0m 1.808 ms - -[0m
2026-07-31 03:09:29 [INFO]: [0mGET /css/header.css [36m304[0m 1.938 ms - -[0m
2026-07-31 03:09:29 [INFO]: [0mGET /css/hero.css [36m304[0m 1.333 ms - -[0m
2026-07-31 03:09:29 [INFO]: [0mGET /css/featured.css [36m304[0m 1.375 ms - -[0m
2026-07-31 03:09:29 [INFO]: [0mGET /css/why-choose.css [36m304[0m 1.472 ms - -[0m
2026-07-31 03:09:29 [INFO]: [0mGET /css/footer.css [36m304[0m 1.454 ms - -[0m
2026-07-31 03:09:29 [INFO]: [0mGET /css/auth.css [36m304[0m 0.290 ms - -[0m
2026-07-31 03:09:29 [INFO]: [0mGET /css/verify.css [36m304[0m 0.897 ms - -[0m
2026-07-31 03:09:29 [INFO]: [0mGET /js/why-choose.js [36m304[0m 1.020 ms - -[0m
2026-07-31 03:09:29 [INFO]: [0mGET /js/notification.js [36m304[0m 1.233 ms - -[0m
2026-07-31 03:09:29 [INFO]: [0mGET /js/footer.js [36m304[0m 1.385 ms - -[0m
2026-07-31 03:09:29 [INFO]: [0mGET /images/hero/tulip-plant.jpg [36m304[0m 1.713 ms - -[0m
2026-07-31 03:09:29 [INFO]: [0mGET /images/hero/rubber-plant.jpg [36m304[0m 1.281 ms - -[0m
2026-07-31 03:09:29 [INFO]: [0mGET /images/hero/aloe-vera.jpg [36m304[0m 1.519 ms - -[0m
2026-07-31 03:09:29 [INFO]: [0mGET /images/hero/areca-palm.jpg [36m304[0m 1.609 ms - -[0m
2026-07-31 03:09:29 [INFO]: [0mGET /js/auth.js [32m200[0m 3.494 ms - -[0m
2026-07-31 03:09:29 [INFO]: [0mGET /images/hero/jade-plant.jpg [36m304[0m 0.170 ms - -[0m
2026-07-31 03:09:29 [INFO]: [0mGET /images/hero/golden-pothos.jpg [36m304[0m 0.190 ms - -[0m
2026-07-31 03:09:29 [INFO]: [0mGET /images/hero/fiddle-leaf-fig.jpg [36m304[0m 0.486 ms - -[0m
2026-07-31 03:09:29 [INFO]: [0mGET /images/hero/why-choose.jpg [36m304[0m 0.797 ms - -[0m
2026-07-31 03:09:29 [INFO]: [0mGET /images/logo/plantora-orgn-white.png [36m304[0m 0.377 ms - -[0m
2026-07-31 03:09:59 [INFO]: Email sent successfully to 'customer_0002@yopmail.com'. Subject: 'Verify Your Plantora Account'.
2026-07-31 03:09:59 [ERROR]: Failed to create audit log: AuditLog validation failed: action: `Register` is not a valid enum value for path `action`.
2026-07-31 03:09:59 [INFO]: Customer registered successfully : customer_0002@yopmail.com
2026-07-31 03:09:59 [INFO]: [0mPOST /auth/register [32m201[0m 4859.414 ms - 97[0m
2026-07-31 03:10:02 [ERROR]: ReferenceError: email is not defined
    at showResendVerificationPage (E:\Webskitters_Academy\NODE JS\final_project_node\plantora_final_project_node_ejs\app\controllers\authController.js:483:14)
    at Layer.handleRequest (E:\Webskitters_Academy\NODE JS\final_project_node\plantora_final_project_node_ejs\node_modules\router\lib\layer.js:152:17)
    at next (E:\Webskitters_Academy\NODE JS\final_project_node\plantora_final_project_node_ejs\node_modules\router\lib\route.js:157:13)
    at Route.dispatch (E:\Webskitters_Academy\NODE JS\final_project_node\plantora_final_project_node_ejs\node_modules\router\lib\route.js:117:3)
    at handle (E:\Webskitters_Academy\NODE JS\final_project_node\plantora_final_project_node_ejs\node_modules\router\index.js:435:11)
    at Layer.handleRequest (E:\Webskitters_Academy\NODE JS\final_project_node\plantora_final_project_node_ejs\node_modules\router\lib\layer.js:152:17)
    at E:\Webskitters_Academy\NODE JS\final_project_node\plantora_final_project_node_ejs\node_modules\router\index.js:295:15
    at processParams (E:\Webskitters_Academy\NODE JS\final_project_node\plantora_final_project_node_ejs\node_modules\router\index.js:582:12)
    at next (E:\Webskitters_Academy\NODE JS\final_project_node\plantora_final_project_node_ejs\node_modules\router\index.js:291:5)
    at router.handle (E:\Webskitters_Academy\NODE JS\final_project_node\plantora_final_project_node_ejs\node_modules\router\index.js:186:3)
2026-07-31 03:10:02 [INFO]: [0mGET /auth/resend-verification [31m500[0m 5.130 ms - 72[0m
2026-07-31 03:10:06 [INFO]: [0mGET /?openLogin=true [36m304[0m 20.882 ms - -[0m
2026-07-31 03:10:07 [INFO]: [0mGET /css/style.css [36m304[0m 2.513 ms - -[0m
2026-07-31 03:10:07 [INFO]: [0mGET /images/logo/plantora.png [36m304[0m 2.603 ms - -[0m
2026-07-31 03:10:07 [INFO]: [0mGET /images/hero/hero-placeholder.png [36m304[0m 3.489 ms - -[0m
2026-07-31 03:10:07 [INFO]: [0mGET /images/hero/monstera-plant.jpg [36m304[0m 1.573 ms - -[0m
2026-07-31 03:10:07 [INFO]: [0mGET /images/hero/snake-plant.jpg [36m304[0m 1.847 ms - -[0m
2026-07-31 03:10:07 [INFO]: [0mGET /images/hero/peace-lily.jpg [36m304[0m 1.393 ms - -[0m
2026-07-31 03:10:07 [INFO]: [0mGET /js/featured.js [36m304[0m 1.598 ms - -[0m
2026-07-31 03:10:07 [INFO]: [0mGET /public/js/header.js [33m404[0m 4.489 ms - 83[0m
2026-07-31 03:10:07 [INFO]: [0mGET /js/why-choose.js [36m304[0m 3.910 ms - -[0m
2026-07-31 03:10:07 [INFO]: [0mGET /js/notification.js [36m304[0m 0.407 ms - -[0m
2026-07-31 03:10:07 [INFO]: [0mGET /css/variables.css [36m304[0m 1.308 ms - -[0m
2026-07-31 03:10:07 [INFO]: [0mGET /css/utilities.css [36m304[0m 1.563 ms - -[0m
2026-07-31 03:10:07 [INFO]: [0mGET /css/animations.css [36m304[0m 1.793 ms - -[0m
2026-07-31 03:10:07 [INFO]: [0mGET /css/announcement.css [36m304[0m 1.860 ms - -[0m
2026-07-31 03:10:07 [INFO]: [0mGET /css/header.css [36m304[0m 2.453 ms - -[0m
2026-07-31 03:10:07 [INFO]: [0mGET /css/hero.css [36m304[0m 1.503 ms - -[0m
2026-07-31 03:10:07 [INFO]: [0mGET /css/featured.css [36m304[0m 1.174 ms - -[0m
2026-07-31 03:10:07 [INFO]: [0mGET /css/why-choose.css [36m304[0m 1.463 ms - -[0m
2026-07-31 03:10:07 [INFO]: [0mGET /css/footer.css [36m304[0m 1.706 ms - -[0m
2026-07-31 03:10:07 [INFO]: [0mGET /css/auth.css [36m304[0m 0.250 ms - -[0m
2026-07-31 03:10:07 [INFO]: [0mGET /css/verify.css [36m304[0m 0.289 ms - -[0m
2026-07-31 03:10:07 [INFO]: [0mGET /js/footer.js [36m304[0m 0.724 ms - -[0m
2026-07-31 03:10:07 [INFO]: [0mGET /js/auth.js [36m304[0m 0.935 ms - -[0m
2026-07-31 03:10:07 [INFO]: [0mGET /images/hero/tulip-plant.jpg [36m304[0m 1.848 ms - -[0m
2026-07-31 03:10:07 [INFO]: [0mGET /images/hero/rubber-plant.jpg [36m304[0m 1.203 ms - -[0m
2026-07-31 03:10:07 [INFO]: [0mGET /images/hero/aloe-vera.jpg [36m304[0m 1.464 ms - -[0m
2026-07-31 03:10:07 [INFO]: [0mGET /images/hero/areca-palm.jpg [36m304[0m 2.172 ms - -[0m
2026-07-31 03:10:07 [INFO]: [0mGET /images/hero/jade-plant.jpg [36m304[0m 0.784 ms - -[0m
2026-07-31 03:10:07 [INFO]: [0mGET /images/hero/golden-pothos.jpg [36m304[0m 0.967 ms - -[0m
2026-07-31 03:10:07 [INFO]: [0mGET /images/hero/fiddle-leaf-fig.jpg [36m304[0m 0.442 ms - -[0m
2026-07-31 03:10:07 [INFO]: [0mGET /images/hero/why-choose.jpg [36m304[0m 1.036 ms - -[0m
2026-07-31 03:10:07 [INFO]: [0mGET /images/logo/plantora-orgn-white.png [36m304[0m 0.743 ms - -[0m
2026-07-31 03:10:30 [INFO]: MongoDB connected successfully.
2026-07-31 03:10:33 [INFO]: MongoDB connected successfully.
2026-07-31 03:10:35 [INFO]: MongoDB connected successfully.
2026-07-31 03:10:38 [INFO]: Email server connected successfully.
2026-07-31 03:10:38 [INFO]: Server is running on port 5132.
2026-07-31 03:10:55 [INFO]: [0mGET /?openLogin=true [36m304[0m 24.160 ms - -[0m
2026-07-31 03:10:55 [INFO]: [0mGET /css/style.css [36m304[0m 3.634 ms - -[0m
2026-07-31 03:10:55 [INFO]: [0mGET /images/logo/plantora.png [36m304[0m 3.961 ms - -[0m
2026-07-31 03:10:55 [INFO]: [0mGET /images/hero/hero-placeholder.png [36m304[0m 4.653 ms - -[0m
2026-07-31 03:10:55 [INFO]: [0mGET /images/hero/monstera-plant.jpg [36m304[0m 1.230 ms - -[0m
2026-07-31 03:10:55 [INFO]: [0mGET /images/hero/snake-plant.jpg [36m304[0m 1.644 ms - -[0m
2026-07-31 03:10:55 [INFO]: [0mGET /images/hero/peace-lily.jpg [36m304[0m 2.011 ms - -[0m
2026-07-31 03:10:55 [INFO]: [0mGET /js/why-choose.js [36m304[0m 2.067 ms - -[0m
2026-07-31 03:10:55 [INFO]: [0mGET /public/js/header.js [33m404[0m 4.085 ms - 83[0m
2026-07-31 03:10:55 [INFO]: [0mGET /js/featured.js [36m304[0m 4.760 ms - -[0m
2026-07-31 03:10:55 [INFO]: [0mGET /js/notification.js [36m304[0m 0.887 ms - -[0m
2026-07-31 03:10:55 [INFO]: [0mGET /css/variables.css [36m304[0m 1.687 ms - -[0m
2026-07-31 03:10:55 [INFO]: [0mGET /css/utilities.css [36m304[0m 2.276 ms - -[0m
2026-07-31 03:10:55 [INFO]: [0mGET /css/animations.css [36m304[0m 0.750 ms - -[0m
2026-07-31 03:10:55 [INFO]: [0mGET /css/announcement.css [36m304[0m 1.514 ms - -[0m
2026-07-31 03:10:55 [INFO]: [0mGET /css/header.css [36m304[0m 0.829 ms - -[0m
2026-07-31 03:10:55 [INFO]: [0mGET /css/hero.css [36m304[0m 0.955 ms - -[0m
2026-07-31 03:10:55 [INFO]: [0mGET /css/featured.css [36m304[0m 1.088 ms - -[0m
2026-07-31 03:10:55 [INFO]: [0mGET /css/why-choose.css [36m304[0m 0.388 ms - -[0m
2026-07-31 03:10:55 [INFO]: [0mGET /css/footer.css [36m304[0m 1.074 ms - -[0m
2026-07-31 03:10:55 [INFO]: [0mGET /css/auth.css [36m304[0m 0.887 ms - -[0m
2026-07-31 03:10:55 [INFO]: [0mGET /css/verify.css [36m304[0m 1.107 ms - -[0m
2026-07-31 03:10:55 [INFO]: [0mGET /js/footer.js [36m304[0m 1.392 ms - -[0m
2026-07-31 03:10:55 [INFO]: [0mGET /images/hero/tulip-plant.jpg [36m304[0m 1.198 ms - -[0m
2026-07-31 03:10:55 [INFO]: [0mGET /images/hero/rubber-plant.jpg [36m304[0m 0.780 ms - -[0m
2026-07-31 03:10:55 [INFO]: [0mGET /images/hero/aloe-vera.jpg [36m304[0m 0.939 ms - -[0m
2026-07-31 03:10:55 [INFO]: [0mGET /images/hero/areca-palm.jpg [36m304[0m 1.112 ms - -[0m
2026-07-31 03:10:55 [INFO]: [0mGET /images/hero/jade-plant.jpg [36m304[0m 1.484 ms - -[0m
2026-07-31 03:10:55 [INFO]: [0mGET /images/hero/golden-pothos.jpg [36m304[0m 2.086 ms - -[0m
2026-07-31 03:10:55 [INFO]: [0mGET /images/hero/fiddle-leaf-fig.jpg [36m304[0m 1.609 ms - -[0m
2026-07-31 03:10:55 [INFO]: [0mGET /images/hero/why-choose.jpg [36m304[0m 1.139 ms - -[0m
2026-07-31 03:10:55 [INFO]: [0mGET /js/auth.js [32m200[0m 5.107 ms - -[0m
2026-07-31 03:10:55 [INFO]: [0mGET /images/logo/plantora-orgn-white.png [36m304[0m 3.216 ms - -[0m
2026-07-31 03:11:20 [INFO]: Email sent successfully to 'customer_0002@yopmail.com'. Subject: 'Verify Your Plantora Account'.
2026-07-31 03:11:20 [ERROR]: Failed to create audit log: AuditLog validation failed: action: `Register` is not a valid enum value for path `action`.
2026-07-31 03:11:20 [INFO]: Customer registered successfully : customer_0002@yopmail.com
2026-07-31 03:11:20 [INFO]: [0mPOST /auth/register [32m201[0m 5078.224 ms - 97[0m
2026-07-31 03:11:31 [ERROR]: Failed to create audit log: AuditLog validation failed: action: `Verify Email` is not a valid enum value for path `action`.
2026-07-31 03:11:31 [INFO]: Email verified successfully : customer_0002@yopmail.com
2026-07-31 03:11:31 [INFO]: [0mGET /auth/verify-email/c5a1b0636e84a551ad36fa426b880c7aeba07aec3e1d933449f7092283a6991f [32m200[0m 181.719 ms - -[0m
2026-07-31 03:11:31 [INFO]: [0mGET /css/style.css [36m304[0m 0.683 ms - -[0m
2026-07-31 03:11:31 [INFO]: [0mGET /auth/verify-email/public/js/header.js [33m404[0m 2.492 ms - 101[0m
2026-07-31 03:11:31 [INFO]: [0mGET /js/why-choose.js [36m304[0m 2.591 ms - -[0m
2026-07-31 03:11:31 [INFO]: [0mGET /js/notification.js [36m304[0m 2.700 ms - -[0m
2026-07-31 03:11:31 [INFO]: [0mGET /js/footer.js [36m304[0m 2.731 ms - -[0m
2026-07-31 03:11:31 [INFO]: [0mGET /js/featured.js [36m304[0m 2.789 ms - -[0m
2026-07-31 03:11:31 [INFO]: [0mGET /js/auth.js [36m304[0m 3.090 ms - -[0m
2026-07-31 03:11:31 [INFO]: [0mGET /js/verify.js [36m304[0m 0.360 ms - -[0m
2026-07-31 03:11:31 [INFO]: [0mGET /css/variables.css [36m304[0m 1.855 ms - -[0m
2026-07-31 03:11:31 [INFO]: [0mGET /css/utilities.css [36m304[0m 2.213 ms - -[0m
2026-07-31 03:11:31 [INFO]: [0mGET /css/animations.css [36m304[0m 2.360 ms - -[0m
2026-07-31 03:11:31 [INFO]: [0mGET /css/announcement.css [36m304[0m 2.379 ms - -[0m
2026-07-31 03:11:31 [INFO]: [0mGET /css/header.css [36m304[0m 2.463 ms - -[0m
2026-07-31 03:11:31 [INFO]: [0mGET /css/hero.css [36m304[0m 2.560 ms - -[0m
2026-07-31 03:11:31 [INFO]: [0mGET /css/featured.css [36m304[0m 0.430 ms - -[0m
2026-07-31 03:11:31 [INFO]: [0mGET /css/why-choose.css [36m304[0m 0.581 ms - -[0m
2026-07-31 03:11:31 [INFO]: [0mGET /css/footer.css [36m304[0m 0.861 ms - -[0m
2026-07-31 03:11:31 [INFO]: [0mGET /css/auth.css [36m304[0m 1.054 ms - -[0m
2026-07-31 03:11:31 [INFO]: [0mGET /css/verify.css [36m304[0m 1.238 ms - -[0m
2026-07-31 03:11:36 [INFO]: [0mGET /?openLogin=true [36m304[0m 11.060 ms - -[0m
2026-07-31 03:11:36 [INFO]: [0mGET /css/style.css [36m304[0m 0.194 ms - -[0m
2026-07-31 03:11:36 [INFO]: [0mGET /images/logo/plantora.png [36m304[0m 0.309 ms - -[0m
2026-07-31 03:11:36 [INFO]: [0mGET /images/hero/hero-placeholder.png [36m304[0m 0.229 ms - -[0m
2026-07-31 03:11:36 [INFO]: [0mGET /images/hero/monstera-plant.jpg [36m304[0m 0.328 ms - -[0m
2026-07-31 03:11:36 [INFO]: [0mGET /images/hero/snake-plant.jpg [36m304[0m 0.761 ms - -[0m
2026-07-31 03:11:36 [INFO]: [0mGET /images/hero/peace-lily.jpg [36m304[0m 0.497 ms - -[0m
2026-07-31 03:11:36 [INFO]: [0mGET /public/js/header.js [33m404[0m 0.901 ms - 83[0m
2026-07-31 03:11:36 [INFO]: [0mGET /js/featured.js [36m304[0m 0.271 ms - -[0m
2026-07-31 03:11:36 [INFO]: [0mGET /css/variables.css [36m304[0m 0.576 ms - -[0m
2026-07-31 03:11:36 [INFO]: [0mGET /css/utilities.css [36m304[0m 0.722 ms - -[0m
2026-07-31 03:11:36 [INFO]: [0mGET /css/animations.css [36m304[0m 0.939 ms - -[0m
2026-07-31 03:11:36 [INFO]: [0mGET /css/announcement.css [36m304[0m 1.132 ms - -[0m
2026-07-31 03:11:36 [INFO]: [0mGET /css/header.css [36m304[0m 1.379 ms - -[0m
2026-07-31 03:11:36 [INFO]: [0mGET /css/hero.css [36m304[0m 1.545 ms - -[0m
2026-07-31 03:11:36 [INFO]: [0mGET /css/featured.css [36m304[0m 0.297 ms - -[0m
2026-07-31 03:11:36 [INFO]: [0mGET /css/why-choose.css [36m304[0m 0.480 ms - -[0m
2026-07-31 03:11:36 [INFO]: [0mGET /css/footer.css [36m304[0m 0.623 ms - -[0m
2026-07-31 03:11:36 [INFO]: [0mGET /css/auth.css [36m304[0m 0.685 ms - -[0m
2026-07-31 03:11:36 [INFO]: [0mGET /css/verify.css [36m304[0m 0.227 ms - -[0m
2026-07-31 03:11:36 [INFO]: [0mGET /js/why-choose.js [36m304[0m 0.318 ms - -[0m
2026-07-31 03:11:36 [INFO]: [0mGET /js/notification.js [36m304[0m 0.141 ms - -[0m
2026-07-31 03:11:36 [INFO]: [0mGET /js/footer.js [36m304[0m 0.141 ms - -[0m
2026-07-31 03:11:36 [INFO]: [0mGET /js/auth.js [36m304[0m 0.304 ms - -[0m
2026-07-31 03:11:36 [INFO]: [0mGET /images/hero/tulip-plant.jpg [36m304[0m 0.659 ms - -[0m
2026-07-31 03:11:36 [INFO]: [0mGET /images/hero/rubber-plant.jpg [36m304[0m 1.372 ms - -[0m
2026-07-31 03:11:36 [INFO]: [0mGET /images/hero/aloe-vera.jpg [36m304[0m 0.441 ms - -[0m
2026-07-31 03:11:36 [INFO]: [0mGET /images/hero/areca-palm.jpg [36m304[0m 0.182 ms - -[0m
2026-07-31 03:11:36 [INFO]: [0mGET /images/hero/jade-plant.jpg [36m304[0m 0.246 ms - -[0m
2026-07-31 03:11:36 [INFO]: [0mGET /images/hero/golden-pothos.jpg [36m304[0m 0.419 ms - -[0m
2026-07-31 03:11:36 [INFO]: [0mGET /images/hero/fiddle-leaf-fig.jpg [36m304[0m 0.602 ms - -[0m
2026-07-31 03:11:36 [INFO]: [0mGET /images/hero/why-choose.jpg [36m304[0m 0.330 ms - -[0m
2026-07-31 03:11:36 [INFO]: [0mGET /images/logo/plantora-orgn-white.png [36m304[0m 0.360 ms - -[0m
2026-07-31 03:11:44 [INFO]: [0mGET /auth/verify-email/c5a1b0636e84a551ad36fa426b880c7aeba07aec3e1d933449f7092283a6991f [32m200[0m 44.137 ms - -[0m
2026-07-31 03:11:44 [INFO]: [0mGET /css/style.css [36m304[0m 0.314 ms - -[0m
2026-07-31 03:11:44 [INFO]: [0mGET /auth/verify-email/public/js/header.js [33m404[0m 1.398 ms - 101[0m
2026-07-31 03:11:44 [INFO]: [0mGET /js/featured.js [36m304[0m 0.901 ms - -[0m
2026-07-31 03:11:44 [INFO]: [0mGET /js/why-choose.js [36m304[0m 1.035 ms - -[0m
2026-07-31 03:11:44 [INFO]: [0mGET /js/notification.js [36m304[0m 1.204 ms - -[0m
2026-07-31 03:11:44 [INFO]: [0mGET /js/footer.js [36m304[0m 1.339 ms - -[0m
2026-07-31 03:11:44 [INFO]: [0mGET /js/auth.js [36m304[0m 1.605 ms - -[0m
2026-07-31 03:11:44 [INFO]: [0mGET /js/verify.js [36m304[0m 0.463 ms - -[0m
2026-07-31 03:11:44 [INFO]: [0mGET /css/variables.css [36m304[0m 0.599 ms - -[0m
2026-07-31 03:11:44 [INFO]: [0mGET /css/utilities.css [36m304[0m 0.986 ms - -[0m
2026-07-31 03:11:44 [INFO]: [0mGET /css/animations.css [36m304[0m 1.158 ms - -[0m
2026-07-31 03:11:44 [INFO]: [0mGET /css/announcement.css [36m304[0m 1.425 ms - -[0m
2026-07-31 03:11:44 [INFO]: [0mGET /css/header.css [36m304[0m 1.613 ms - -[0m
2026-07-31 03:11:44 [INFO]: [0mGET /css/hero.css [36m304[0m 1.733 ms - -[0m
2026-07-31 03:11:44 [INFO]: [0mGET /css/featured.css [36m304[0m 1.866 ms - -[0m
2026-07-31 03:11:44 [INFO]: [0mGET /css/why-choose.css [36m304[0m 0.575 ms - -[0m
2026-07-31 03:11:44 [INFO]: [0mGET /css/footer.css [36m304[0m 0.838 ms - -[0m
2026-07-31 03:11:44 [INFO]: [0mGET /css/auth.css [36m304[0m 0.987 ms - -[0m
2026-07-31 03:11:44 [INFO]: [0mGET /css/verify.css [36m304[0m 1.152 ms - -[0m
2026-07-31 03:11:53 [INFO]: [0mPOST /auth/resend-verification-email [32m200[0m 52.975 ms - -[0m
2026-07-31 03:11:53 [INFO]: [0mGET /css/style.css [36m304[0m 0.778 ms - -[0m
2026-07-31 03:11:53 [INFO]: [0mGET /auth/public/js/header.js [33m404[0m 2.790 ms - 88[0m
2026-07-31 03:11:53 [INFO]: [0mGET /js/featured.js [36m304[0m 2.074 ms - -[0m
2026-07-31 03:11:53 [INFO]: [0mGET /js/why-choose.js [36m304[0m 0.835 ms - -[0m
2026-07-31 03:11:53 [INFO]: [0mGET /js/notification.js [36m304[0m 1.007 ms - -[0m
2026-07-31 03:11:53 [INFO]: [0mGET /js/footer.js [36m304[0m 1.276 ms - -[0m
2026-07-31 03:11:53 [INFO]: [0mGET /js/auth.js [36m304[0m 1.535 ms - -[0m
2026-07-31 03:11:53 [INFO]: [0mGET /js/verify.js [36m304[0m 0.179 ms - -[0m
2026-07-31 03:11:53 [INFO]: [0mGET /css/variables.css [36m304[0m 0.781 ms - -[0m
2026-07-31 03:11:53 [INFO]: [0mGET /css/utilities.css [36m304[0m 0.970 ms - -[0m
2026-07-31 03:11:53 [INFO]: [0mGET /css/animations.css [36m304[0m 1.234 ms - -[0m
2026-07-31 03:11:53 [INFO]: [0mGET /css/announcement.css [36m304[0m 1.898 ms - -[0m
2026-07-31 03:11:53 [INFO]: [0mGET /css/header.css [36m304[0m 0.776 ms - -[0m
2026-07-31 03:11:53 [INFO]: [0mGET /css/hero.css [36m304[0m 1.489 ms - -[0m
2026-07-31 03:11:53 [INFO]: [0mGET /css/featured.css [36m304[0m 0.688 ms - -[0m
2026-07-31 03:11:53 [INFO]: [0mGET /css/why-choose.css [36m304[0m 0.847 ms - -[0m
2026-07-31 03:11:53 [INFO]: [0mGET /css/footer.css [36m304[0m 0.985 ms - -[0m
2026-07-31 03:11:53 [INFO]: [0mGET /css/auth.css [36m304[0m 1.162 ms - -[0m
2026-07-31 03:11:53 [INFO]: [0mGET /css/verify.css [36m304[0m 0.303 ms - -[0m
2026-07-31 03:11:58 [INFO]: [0mGET /?openLogin=true [36m304[0m 7.739 ms - -[0m
2026-07-31 03:11:58 [INFO]: [0mGET /css/style.css [36m304[0m 0.321 ms - -[0m
2026-07-31 03:11:58 [INFO]: [0mGET /images/logo/plantora.png [36m304[0m 0.115 ms - -[0m
2026-07-31 03:11:58 [INFO]: [0mGET /images/hero/hero-placeholder.png [36m304[0m 0.248 ms - -[0m
2026-07-31 03:11:58 [INFO]: [0mGET /images/hero/monstera-plant.jpg [36m304[0m 0.477 ms - -[0m
2026-07-31 03:11:58 [INFO]: [0mGET /images/hero/snake-plant.jpg [36m304[0m 0.667 ms - -[0m
2026-07-31 03:11:58 [INFO]: [0mGET /images/hero/peace-lily.jpg [36m304[0m 0.863 ms - -[0m
2026-07-31 03:11:58 [INFO]: [0mGET /public/js/header.js [33m404[0m 2.253 ms - 83[0m
2026-07-31 03:11:58 [INFO]: [0mGET /js/featured.js [36m304[0m 2.648 ms - -[0m
2026-07-31 03:11:58 [INFO]: [0mGET /css/variables.css [36m304[0m 3.018 ms - -[0m
2026-07-31 03:11:58 [INFO]: [0mGET /css/utilities.css [36m304[0m 0.312 ms - -[0m
2026-07-31 03:11:58 [INFO]: [0mGET /css/animations.css [36m304[0m 0.504 ms - -[0m
2026-07-31 03:11:58 [INFO]: [0mGET /css/announcement.css [36m304[0m 0.889 ms - -[0m
2026-07-31 03:11:58 [INFO]: [0mGET /css/header.css [36m304[0m 1.013 ms - -[0m
2026-07-31 03:11:58 [INFO]: [0mGET /css/hero.css [36m304[0m 0.784 ms - -[0m
2026-07-31 03:11:58 [INFO]: [0mGET /css/featured.css [36m304[0m 0.597 ms - -[0m
2026-07-31 03:11:58 [INFO]: [0mGET /css/why-choose.css [36m304[0m 0.887 ms - -[0m
2026-07-31 03:11:58 [INFO]: [0mGET /css/footer.css [36m304[0m 0.503 ms - -[0m
2026-07-31 03:11:58 [INFO]: [0mGET /css/auth.css [36m304[0m 0.901 ms - -[0m
2026-07-31 03:11:58 [INFO]: [0mGET /css/verify.css [36m304[0m 0.370 ms - -[0m
2026-07-31 03:11:58 [INFO]: [0mGET /js/why-choose.js [36m304[0m 0.188 ms - -[0m
2026-07-31 03:11:58 [INFO]: [0mGET /js/notification.js [36m304[0m 0.383 ms - -[0m
2026-07-31 03:11:58 [INFO]: [0mGET /js/footer.js [36m304[0m 0.237 ms - -[0m
2026-07-31 03:11:58 [INFO]: [0mGET /js/auth.js [36m304[0m 0.161 ms - -[0m
2026-07-31 03:11:58 [INFO]: [0mGET /images/hero/tulip-plant.jpg [36m304[0m 0.321 ms - -[0m
2026-07-31 03:11:58 [INFO]: [0mGET /images/hero/rubber-plant.jpg [36m304[0m 0.451 ms - -[0m
2026-07-31 03:11:58 [INFO]: [0mGET /images/hero/aloe-vera.jpg [36m304[0m 0.377 ms - -[0m
2026-07-31 03:11:58 [INFO]: [0mGET /images/hero/areca-palm.jpg [36m304[0m 0.453 ms - -[0m
2026-07-31 03:11:58 [INFO]: [0mGET /images/hero/jade-plant.jpg [36m304[0m 0.261 ms - -[0m
2026-07-31 03:11:58 [INFO]: [0mGET /images/hero/golden-pothos.jpg [36m304[0m 0.406 ms - -[0m
2026-07-31 03:11:58 [INFO]: [0mGET /images/hero/fiddle-leaf-fig.jpg [36m304[0m 0.132 ms - -[0m
2026-07-31 03:11:58 [INFO]: [0mGET /images/hero/why-choose.jpg [36m304[0m 0.154 ms - -[0m
2026-07-31 03:11:58 [INFO]: [0mGET /images/logo/plantora-orgn-white.png [36m304[0m 0.149 ms - -[0m
2026-07-31 03:12:38 [INFO]: SIGINT received. Shutting down server...
2026-07-31 03:12:42 [INFO]: MongoDB connected successfully.
2026-07-31 03:12:45 [INFO]: Email server connected successfully.
2026-07-31 03:12:45 [INFO]: Server is running on port 5132.
2026-07-31 03:12:59 [INFO]: [0mGET /?openLogin=true [36m304[0m 23.038 ms - -[0m
2026-07-31 03:12:59 [INFO]: [0mGET /css/style.css [36m304[0m 1.240 ms - -[0m
2026-07-31 03:12:59 [INFO]: [0mGET /images/logo/plantora.png [36m304[0m 1.214 ms - -[0m
2026-07-31 03:12:59 [INFO]: [0mGET /images/hero/hero-placeholder.png [36m304[0m 0.421 ms - -[0m
2026-07-31 03:12:59 [INFO]: [0mGET /images/hero/monstera-plant.jpg [36m304[0m 0.444 ms - -[0m
2026-07-31 03:12:59 [INFO]: [0mGET /images/hero/snake-plant.jpg [36m304[0m 0.518 ms - -[0m
2026-07-31 03:12:59 [INFO]: [0mGET /images/hero/peace-lily.jpg [36m304[0m 0.259 ms - -[0m
2026-07-31 03:12:59 [INFO]: [0mGET /js/featured.js [36m304[0m 0.708 ms - -[0m
2026-07-31 03:12:59 [INFO]: [0mGET /public/js/header.js [33m404[0m 2.895 ms - 83[0m
2026-07-31 03:12:59 [INFO]: [0mGET /css/variables.css [36m304[0m 0.741 ms - -[0m
2026-07-31 03:12:59 [INFO]: [0mGET /css/utilities.css [36m304[0m 0.928 ms - -[0m
2026-07-31 03:12:59 [INFO]: [0mGET /css/animations.css [36m304[0m 1.169 ms - -[0m
2026-07-31 03:12:59 [INFO]: [0mGET /css/announcement.css [36m304[0m 0.549 ms - -[0m
2026-07-31 03:12:59 [INFO]: [0mGET /css/header.css [36m304[0m 0.680 ms - -[0m
2026-07-31 03:12:59 [INFO]: [0mGET /css/hero.css [36m304[0m 2.153 ms - -[0m
2026-07-31 03:12:59 [INFO]: [0mGET /css/featured.css [36m304[0m 1.616 ms - -[0m
2026-07-31 03:12:59 [INFO]: [0mGET /css/why-choose.css [36m304[0m 1.105 ms - -[0m
2026-07-31 03:12:59 [INFO]: [0mGET /css/footer.css [36m304[0m 1.106 ms - -[0m
2026-07-31 03:12:59 [INFO]: [0mGET /css/auth.css [36m304[0m 0.554 ms - -[0m
2026-07-31 03:12:59 [INFO]: [0mGET /css/verify.css [36m304[0m 0.698 ms - -[0m
2026-07-31 03:12:59 [INFO]: [0mGET /js/why-choose.js [36m304[0m 0.954 ms - -[0m
2026-07-31 03:12:59 [INFO]: [0mGET /js/notification.js [36m304[0m 1.248 ms - -[0m
2026-07-31 03:12:59 [INFO]: [0mGET /js/footer.js [36m304[0m 1.748 ms - -[0m
2026-07-31 03:12:59 [INFO]: [0mGET /js/auth.js [36m304[0m 0.295 ms - -[0m
2026-07-31 03:12:59 [INFO]: [0mGET /images/hero/tulip-plant.jpg [36m304[0m 0.573 ms - -[0m
2026-07-31 03:12:59 [INFO]: [0mGET /images/hero/rubber-plant.jpg [36m304[0m 0.410 ms - -[0m
2026-07-31 03:12:59 [INFO]: [0mGET /images/hero/aloe-vera.jpg [36m304[0m 0.401 ms - -[0m
2026-07-31 03:12:59 [INFO]: [0mGET /images/hero/areca-palm.jpg [36m304[0m 0.937 ms - -[0m
2026-07-31 03:12:59 [INFO]: [0mGET /images/hero/jade-plant.jpg [36m304[0m 0.147 ms - -[0m
2026-07-31 03:12:59 [INFO]: [0mGET /images/hero/golden-pothos.jpg [36m304[0m 0.325 ms - -[0m
2026-07-31 03:12:59 [INFO]: [0mGET /images/hero/fiddle-leaf-fig.jpg [36m304[0m 0.152 ms - -[0m
2026-07-31 03:12:59 [INFO]: [0mGET /images/hero/why-choose.jpg [36m304[0m 0.133 ms - -[0m
2026-07-31 03:12:59 [INFO]: [0mGET /images/logo/plantora-orgn-white.png [36m304[0m 0.392 ms - -[0m
2026-07-31 03:13:28 [INFO]: Email sent successfully to 'customer_0002@yopmail.com'. Subject: 'Verify Your Plantora Account'.
2026-07-31 03:13:28 [ERROR]: Failed to create audit log: AuditLog validation failed: action: `Register` is not a valid enum value for path `action`.
2026-07-31 03:13:28 [INFO]: Customer registered successfully : customer_0002@yopmail.com
2026-07-31 03:13:28 [INFO]: [0mPOST /auth/register [32m201[0m 4704.801 ms - 97[0m
2026-07-31 03:16:31 [INFO]: [0mGET /auth/verify-email/4d4a6b7bbade3a982f1c2c6597675c548c8f499ef3fd1ca8c565a379dbf4843b [32m200[0m 51.897 ms - -[0m
2026-07-31 03:16:31 [INFO]: [0mGET /css/style.css [36m304[0m 0.237 ms - -[0m
2026-07-31 03:16:31 [INFO]: [0mGET /js/why-choose.js [36m304[0m 0.666 ms - -[0m
2026-07-31 03:16:31 [INFO]: [0mGET /js/notification.js [36m304[0m 0.814 ms - -[0m
2026-07-31 03:16:31 [INFO]: [0mGET /js/auth.js [36m304[0m 1.172 ms - -[0m
2026-07-31 03:16:31 [INFO]: [0mGET /auth/verify-email/public/js/header.js [33m404[0m 2.776 ms - 101[0m
2026-07-31 03:16:31 [INFO]: [0mGET /js/featured.js [36m304[0m 3.172 ms - -[0m
2026-07-31 03:16:31 [INFO]: [0mGET /js/footer.js [36m304[0m 3.443 ms - -[0m
2026-07-31 03:16:31 [INFO]: [0mGET /js/verify.js [36m304[0m 0.227 ms - -[0m
2026-07-31 03:16:31 [INFO]: [0mGET /css/variables.css [36m304[0m 1.271 ms - -[0m
2026-07-31 03:16:31 [INFO]: [0mGET /css/utilities.css [36m304[0m 2.016 ms - -[0m
2026-07-31 03:16:31 [INFO]: [0mGET /css/animations.css [36m304[0m 2.355 ms - -[0m
2026-07-31 03:16:31 [INFO]: [0mGET /css/announcement.css [36m304[0m 2.771 ms - -[0m
2026-07-31 03:16:31 [INFO]: [0mGET /css/header.css [36m304[0m 2.955 ms - -[0m
2026-07-31 03:16:31 [INFO]: [0mGET /css/hero.css [36m304[0m 3.068 ms - -[0m
2026-07-31 03:16:31 [INFO]: [0mGET /css/featured.css [36m304[0m 0.246 ms - -[0m
2026-07-31 03:16:31 [INFO]: [0mGET /css/why-choose.css [36m304[0m 0.622 ms - -[0m
2026-07-31 03:16:31 [INFO]: [0mGET /css/footer.css [36m304[0m 0.780 ms - -[0m
2026-07-31 03:16:31 [INFO]: [0mGET /css/auth.css [36m304[0m 0.975 ms - -[0m
2026-07-31 03:16:31 [INFO]: [0mGET /css/verify.css [36m304[0m 1.141 ms - -[0m
2026-07-31 03:16:40 [INFO]: Email sent successfully to 'customer_0002@yopmail.com'. Subject: 'Verify Your Plantora Account'.
2026-07-31 03:16:40 [ERROR]: Failed to create audit log: AuditLog validation failed: action: `Resend Verification Email` is not a valid enum value for path `action`.
2026-07-31 03:16:40 [INFO]: Verification email resent : customer_0002@yopmail.com
2026-07-31 03:16:40 [INFO]: [0mPOST /auth/resend-verification-email [32m200[0m 4501.033 ms - -[0m
2026-07-31 03:16:40 [INFO]: [0mGET /css/style.css [36m304[0m 0.785 ms - -[0m
2026-07-31 03:16:40 [INFO]: [0mGET /auth/public/js/header.js [33m404[0m 2.289 ms - 88[0m
2026-07-31 03:16:40 [INFO]: [0mGET /js/featured.js [36m304[0m 2.457 ms - -[0m
2026-07-31 03:16:40 [INFO]: [0mGET /js/why-choose.js [36m304[0m 2.811 ms - -[0m
2026-07-31 03:16:40 [INFO]: [0mGET /js/notification.js [36m304[0m 3.047 ms - -[0m
2026-07-31 03:16:40 [INFO]: [0mGET /js/footer.js [36m304[0m 3.315 ms - -[0m
2026-07-31 03:16:40 [INFO]: [0mGET /js/auth.js [36m304[0m 0.340 ms - -[0m
2026-07-31 03:16:40 [INFO]: [0mGET /js/verify.js [36m304[0m 0.373 ms - -[0m
2026-07-31 03:16:40 [INFO]: [0mGET /css/variables.css [36m304[0m 0.465 ms - -[0m
2026-07-31 03:16:40 [INFO]: [0mGET /css/utilities.css [36m304[0m 0.652 ms - -[0m
2026-07-31 03:16:40 [INFO]: [0mGET /css/animations.css [36m304[0m 0.807 ms - -[0m
2026-07-31 03:16:40 [INFO]: [0mGET /css/announcement.css [36m304[0m 1.070 ms - -[0m
2026-07-31 03:16:40 [INFO]: [0mGET /css/header.css [36m304[0m 1.273 ms - -[0m
2026-07-31 03:16:40 [INFO]: [0mGET /css/hero.css [36m304[0m 1.469 ms - -[0m
2026-07-31 03:16:40 [INFO]: [0mGET /css/featured.css [36m304[0m 0.416 ms - -[0m
2026-07-31 03:16:40 [INFO]: [0mGET /css/why-choose.css [36m304[0m 0.596 ms - -[0m
2026-07-31 03:16:40 [INFO]: [0mGET /css/footer.css [36m304[0m 1.068 ms - -[0m
2026-07-31 03:16:40 [INFO]: [0mGET /css/auth.css [36m304[0m 1.282 ms - -[0m
2026-07-31 03:16:40 [INFO]: [0mGET /css/verify.css [36m304[0m 0.836 ms - -[0m
2026-07-31 03:16:51 [INFO]: Email sent successfully to 'customer_0002@yopmail.com'. Subject: 'Verify Your Plantora Account'.
2026-07-31 03:16:51 [ERROR]: Failed to create audit log: AuditLog validation failed: action: `Resend Verification Email` is not a valid enum value for path `action`.
2026-07-31 03:16:51 [INFO]: Verification email resent : customer_0002@yopmail.com
2026-07-31 03:16:51 [INFO]: [0mPOST /auth/resend-verification-email [32m200[0m 4627.816 ms - -[0m
2026-07-31 03:16:51 [INFO]: [0mGET /css/style.css [36m304[0m 0.758 ms - -[0m
2026-07-31 03:16:51 [INFO]: [0mGET /auth/public/js/header.js [33m404[0m 1.592 ms - 88[0m
2026-07-31 03:16:51 [INFO]: [0mGET /js/featured.js [36m304[0m 0.420 ms - -[0m
2026-07-31 03:16:51 [INFO]: [0mGET /js/why-choose.js [36m304[0m 0.680 ms - -[0m
2026-07-31 03:16:51 [INFO]: [0mGET /js/notification.js [36m304[0m 0.941 ms - -[0m
2026-07-31 03:16:51 [INFO]: [0mGET /js/footer.js [36m304[0m 1.185 ms - -[0m
2026-07-31 03:16:51 [INFO]: [0mGET /js/auth.js [36m304[0m 1.273 ms - -[0m
2026-07-31 03:16:51 [INFO]: [0mGET /js/verify.js [36m304[0m 0.145 ms - -[0m
2026-07-31 03:16:51 [INFO]: [0mGET /css/variables.css [36m304[0m 0.104 ms - -[0m
2026-07-31 03:16:51 [INFO]: [0mGET /css/utilities.css [36m304[0m 0.304 ms - -[0m
2026-07-31 03:16:51 [INFO]: [0mGET /css/animations.css [36m304[0m 0.417 ms - -[0m
2026-07-31 03:16:51 [INFO]: [0mGET /css/announcement.css [36m304[0m 0.688 ms - -[0m
2026-07-31 03:16:51 [INFO]: [0mGET /css/header.css [36m304[0m 1.066 ms - -[0m
2026-07-31 03:16:51 [INFO]: [0mGET /css/hero.css [36m304[0m 0.245 ms - -[0m
2026-07-31 03:16:51 [INFO]: [0mGET /css/featured.css [36m304[0m 0.326 ms - -[0m
2026-07-31 03:16:51 [INFO]: [0mGET /css/why-choose.css [36m304[0m 0.408 ms - -[0m
2026-07-31 03:16:51 [INFO]: [0mGET /css/footer.css [36m304[0m 0.176 ms - -[0m
2026-07-31 03:16:51 [INFO]: [0mGET /css/auth.css [36m304[0m 0.167 ms - -[0m
2026-07-31 03:16:51 [INFO]: [0mGET /css/verify.css [36m304[0m 0.426 ms - -[0m
2026-07-31 03:16:59 [ERROR]: Failed to create audit log: AuditLog validation failed: action: `Verify Email` is not a valid enum value for path `action`.
2026-07-31 03:16:59 [INFO]: Email verified successfully : customer_0002@yopmail.com
2026-07-31 03:16:59 [INFO]: [0mGET /auth/verify-email/d75d5fb82463285280443c0f2ad881fdb7bb42bee4957c1cf5fb2a176acf8fe5 [32m200[0m 201.153 ms - -[0m
2026-07-31 03:16:59 [INFO]: [0mGET /css/style.css [36m304[0m 0.499 ms - -[0m
2026-07-31 03:16:59 [INFO]: [0mGET /auth/verify-email/public/js/header.js [33m404[0m 1.216 ms - 101[0m
2026-07-31 03:16:59 [INFO]: [0mGET /js/featured.js [36m304[0m 1.661 ms - -[0m
2026-07-31 03:16:59 [INFO]: [0mGET /js/why-choose.js [36m304[0m 0.574 ms - -[0m
2026-07-31 03:16:59 [INFO]: [0mGET /js/notification.js [36m304[0m 0.725 ms - -[0m
2026-07-31 03:16:59 [INFO]: [0mGET /js/auth.js [36m304[0m 0.812 ms - -[0m
2026-07-31 03:16:59 [INFO]: [0mGET /js/footer.js [36m304[0m 1.232 ms - -[0m
2026-07-31 03:16:59 [INFO]: [0mGET /js/verify.js [36m304[0m 1.315 ms - -[0m
2026-07-31 03:16:59 [INFO]: [0mGET /css/variables.css [36m304[0m 1.925 ms - -[0m
2026-07-31 03:16:59 [INFO]: [0mGET /css/utilities.css [36m304[0m 2.456 ms - -[0m
2026-07-31 03:16:59 [INFO]: [0mGET /css/animations.css [36m304[0m 2.823 ms - -[0m
2026-07-31 03:16:59 [INFO]: [0mGET /css/announcement.css [36m304[0m 3.119 ms - -[0m
2026-07-31 03:16:59 [INFO]: [0mGET /css/header.css [36m304[0m 3.407 ms - -[0m
2026-07-31 03:16:59 [INFO]: [0mGET /css/hero.css [36m304[0m 4.530 ms - -[0m
2026-07-31 03:16:59 [INFO]: [0mGET /css/featured.css [36m304[0m 0.666 ms - -[0m
2026-07-31 03:16:59 [INFO]: [0mGET /css/why-choose.css [36m304[0m 1.127 ms - -[0m
2026-07-31 03:16:59 [INFO]: [0mGET /css/footer.css [36m304[0m 1.655 ms - -[0m
2026-07-31 03:16:59 [INFO]: [0mGET /css/auth.css [36m304[0m 1.827 ms - -[0m
2026-07-31 03:16:59 [INFO]: [0mGET /css/verify.css [36m304[0m 2.276 ms - -[0m
2026-07-31 03:17:04 [INFO]: [0mGET /?openLogin=true [36m304[0m 8.078 ms - -[0m
2026-07-31 03:17:04 [INFO]: [0mGET /css/style.css [36m304[0m 1.135 ms - -[0m
2026-07-31 03:17:04 [INFO]: [0mGET /images/logo/plantora.png [36m304[0m 1.089 ms - -[0m
2026-07-31 03:17:04 [INFO]: [0mGET /images/hero/hero-placeholder.png [36m304[0m 1.171 ms - -[0m
2026-07-31 03:17:04 [INFO]: [0mGET /images/hero/monstera-plant.jpg [36m304[0m 0.545 ms - -[0m
2026-07-31 03:17:04 [INFO]: [0mGET /css/variables.css [36m304[0m 0.613 ms - -[0m
2026-07-31 03:17:04 [INFO]: [0mGET /images/hero/snake-plant.jpg [36m304[0m 0.846 ms - -[0m
2026-07-31 03:17:04 [INFO]: [0mGET /images/hero/peace-lily.jpg [36m304[0m 1.073 ms - -[0m
2026-07-31 03:17:04 [INFO]: [0mGET /public/js/header.js [33m404[0m 1.893 ms - 83[0m
2026-07-31 03:17:04 [INFO]: [0mGET /js/featured.js [36m304[0m 2.106 ms - -[0m
2026-07-31 03:17:04 [INFO]: [0mGET /css/utilities.css [36m304[0m 0.206 ms - -[0m
2026-07-31 03:17:04 [INFO]: [0mGET /css/animations.css [36m304[0m 0.303 ms - -[0m
2026-07-31 03:17:04 [INFO]: [0mGET /css/announcement.css [36m304[0m 0.196 ms - -[0m
2026-07-31 03:17:04 [INFO]: [0mGET /css/header.css [36m304[0m 0.229 ms - -[0m
2026-07-31 03:17:04 [INFO]: [0mGET /css/hero.css [36m304[0m 0.336 ms - -[0m
2026-07-31 03:17:04 [INFO]: [0mGET /css/featured.css [36m304[0m 0.476 ms - -[0m
2026-07-31 03:17:04 [INFO]: [0mGET /css/why-choose.css [36m304[0m 0.787 ms - -[0m
2026-07-31 03:17:04 [INFO]: [0mGET /css/footer.css [36m304[0m 0.920 ms - -[0m
2026-07-31 03:17:04 [INFO]: [0mGET /css/auth.css [36m304[0m 0.996 ms - -[0m
2026-07-31 03:17:04 [INFO]: [0mGET /css/verify.css [36m304[0m 1.235 ms - -[0m
2026-07-31 03:17:04 [INFO]: [0mGET /js/why-choose.js [36m304[0m 0.295 ms - -[0m
2026-07-31 03:17:04 [INFO]: [0mGET /js/notification.js [36m304[0m 0.151 ms - -[0m
2026-07-31 03:17:04 [INFO]: [0mGET /js/footer.js [36m304[0m 0.289 ms - -[0m
2026-07-31 03:17:04 [INFO]: [0mGET /js/auth.js [36m304[0m 0.236 ms - -[0m
2026-07-31 03:17:04 [INFO]: [0mGET /images/hero/tulip-plant.jpg [36m304[0m 0.329 ms - -[0m
2026-07-31 03:17:04 [INFO]: [0mGET /images/hero/rubber-plant.jpg [36m304[0m 0.555 ms - -[0m
2026-07-31 03:17:04 [INFO]: [0mGET /images/hero/aloe-vera.jpg [36m304[0m 0.773 ms - -[0m
2026-07-31 03:17:04 [INFO]: [0mGET /images/hero/areca-palm.jpg [36m304[0m 0.379 ms - -[0m
2026-07-31 03:17:04 [INFO]: [0mGET /images/hero/jade-plant.jpg [36m304[0m 0.705 ms - -[0m
2026-07-31 03:17:04 [INFO]: [0mGET /images/hero/golden-pothos.jpg [36m304[0m 0.362 ms - -[0m
2026-07-31 03:17:04 [INFO]: [0mGET /images/hero/fiddle-leaf-fig.jpg [36m304[0m 0.187 ms - -[0m
2026-07-31 03:17:04 [INFO]: [0mGET /images/hero/why-choose.jpg [36m304[0m 0.360 ms - -[0m
2026-07-31 03:17:04 [INFO]: [0mGET /images/logo/plantora-orgn-white.png [36m304[0m 0.275 ms - -[0m
2026-07-31 03:17:15 [INFO]: [0mGET /admin/users [33m404[0m 1.337 ms - 75[0m
2026-07-31 03:17:45 [INFO]: [0mGET /?openLogin=true [36m304[0m 17.762 ms - -[0m
2026-07-31 03:17:45 [INFO]: [0mGET /css/style.css [36m304[0m 0.911 ms - -[0m
2026-07-31 03:17:45 [INFO]: [0mGET /images/logo/plantora.png [36m304[0m 1.248 ms - -[0m
2026-07-31 03:17:45 [INFO]: [0mGET /images/hero/hero-placeholder.png [36m304[0m 1.765 ms - -[0m
2026-07-31 03:17:45 [INFO]: [0mGET /images/hero/monstera-plant.jpg [36m304[0m 0.426 ms - -[0m
2026-07-31 03:17:45 [INFO]: [0mGET /images/hero/snake-plant.jpg [36m304[0m 0.386 ms - -[0m
2026-07-31 03:17:45 [INFO]: [0mGET /images/hero/peace-lily.jpg [36m304[0m 0.544 ms - -[0m
2026-07-31 03:17:45 [INFO]: [0mGET /js/featured.js [36m304[0m 0.997 ms - -[0m
2026-07-31 03:17:45 [INFO]: [0mGET /public/js/header.js [33m404[0m 1.224 ms - 83[0m
2026-07-31 03:17:45 [INFO]: [0mGET /css/variables.css [36m304[0m 0.393 ms - -[0m
2026-07-31 03:17:45 [INFO]: [0mGET /css/utilities.css [36m304[0m 0.532 ms - -[0m
2026-07-31 03:17:45 [INFO]: [0mGET /css/animations.css [36m304[0m 0.772 ms - -[0m
2026-07-31 03:17:45 [INFO]: [0mGET /css/announcement.css [36m304[0m 0.294 ms - -[0m
2026-07-31 03:17:45 [INFO]: [0mGET /css/hero.css [36m304[0m 0.275 ms - -[0m
2026-07-31 03:17:45 [INFO]: [0mGET /css/header.css [36m304[0m 1.257 ms - -[0m
2026-07-31 03:17:45 [INFO]: [0mGET /css/why-choose.css [36m304[0m 1.154 ms - -[0m
2026-07-31 03:17:45 [INFO]: [0mGET /css/footer.css [36m304[0m 1.282 ms - -[0m
2026-07-31 03:17:45 [INFO]: [0mGET /css/auth.css [36m304[0m 1.054 ms - -[0m
2026-07-31 03:17:45 [INFO]: [0mGET /css/featured.css [36m304[0m 1.105 ms - -[0m
2026-07-31 03:17:45 [INFO]: [0mGET /css/verify.css [36m304[0m 0.238 ms - -[0m
2026-07-31 03:17:45 [INFO]: [0mGET /js/why-choose.js [36m304[0m 0.567 ms - -[0m
2026-07-31 03:17:45 [INFO]: [0mGET /js/notification.js [36m304[0m 0.743 ms - -[0m
2026-07-31 03:17:45 [INFO]: [0mGET /js/footer.js [36m304[0m 0.862 ms - -[0m
2026-07-31 03:17:45 [INFO]: [0mGET /js/auth.js [36m304[0m 1.175 ms - -[0m
2026-07-31 03:17:45 [INFO]: [0mGET /images/hero/tulip-plant.jpg [36m304[0m 0.472 ms - -[0m
2026-07-31 03:17:45 [INFO]: [0mGET /images/hero/rubber-plant.jpg [36m304[0m 0.201 ms - -[0m
2026-07-31 03:17:45 [INFO]: [0mGET /images/hero/aloe-vera.jpg [36m304[0m 0.248 ms - -[0m
2026-07-31 03:17:45 [INFO]: [0mGET /images/hero/areca-palm.jpg [36m304[0m 0.166 ms - -[0m
2026-07-31 03:17:45 [INFO]: [0mGET /images/hero/jade-plant.jpg [36m304[0m 0.309 ms - -[0m
2026-07-31 03:17:45 [INFO]: [0mGET /images/hero/golden-pothos.jpg [36m304[0m 0.160 ms - -[0m
2026-07-31 03:17:45 [INFO]: [0mGET /images/hero/fiddle-leaf-fig.jpg [36m304[0m 0.161 ms - -[0m
2026-07-31 03:17:45 [INFO]: [0mGET /images/hero/why-choose.jpg [36m304[0m 0.272 ms - -[0m
2026-07-31 03:17:45 [INFO]: [0mGET /images/logo/plantora-orgn-white.png [36m304[0m 0.286 ms - -[0m
2026-07-31 03:17:49 [ERROR]: Failed to create audit log: AuditLog validation failed: action: `Login` is not a valid enum value for path `action`.
2026-07-31 03:17:49 [INFO]: Login successful : customer_0002@yopmail.com
2026-07-31 03:17:49 [INFO]: [0mPOST /auth/login [32m200[0m 427.265 ms - 46[0m
2026-07-31 03:17:50 [INFO]: [0mGET /?openLogin=true [32m200[0m 55.761 ms - -[0m
2026-07-31 03:17:50 [INFO]: [0mGET /css/style.css [36m304[0m 0.807 ms - -[0m
2026-07-31 03:17:50 [INFO]: [0mGET /images/logo/plantora.png [36m304[0m 0.839 ms - -[0m
2026-07-31 03:17:50 [INFO]: [0mGET /images/hero/hero-placeholder.png [36m304[0m 0.429 ms - -[0m
2026-07-31 03:17:50 [INFO]: [0mGET /images/hero/monstera-plant.jpg [36m304[0m 0.574 ms - -[0m
2026-07-31 03:17:50 [INFO]: [0mGET /js/featured.js [36m304[0m 1.124 ms - -[0m
2026-07-31 03:17:50 [INFO]: [0mGET /js/why-choose.js [36m304[0m 1.314 ms - -[0m
2026-07-31 03:17:50 [INFO]: [0mGET /js/notification.js [36m304[0m 0.466 ms - -[0m
2026-07-31 03:17:50 [INFO]: [0mGET /js/footer.js [36m304[0m 0.814 ms - -[0m
2026-07-31 03:17:50 [INFO]: [0mGET /css/variables.css [36m304[0m 0.110 ms - -[0m
2026-07-31 03:17:50 [INFO]: [0mGET /css/utilities.css [36m304[0m 0.265 ms - -[0m
2026-07-31 03:17:50 [INFO]: [0mGET /css/animations.css [36m304[0m 0.365 ms - -[0m
2026-07-31 03:17:50 [INFO]: [0mGET /css/announcement.css [36m304[0m 0.492 ms - -[0m
2026-07-31 03:17:50 [INFO]: [0mGET /css/header.css [36m304[0m 0.106 ms - -[0m
2026-07-31 03:17:50 [INFO]: [0mGET /css/hero.css [36m304[0m 0.160 ms - -[0m
2026-07-31 03:17:50 [INFO]: [0mGET /css/featured.css [36m304[0m 0.279 ms - -[0m
2026-07-31 03:17:50 [INFO]: [0mGET /css/why-choose.css [36m304[0m 0.194 ms - -[0m
2026-07-31 03:17:50 [INFO]: [0mGET /css/footer.css [36m304[0m 0.376 ms - -[0m
2026-07-31 03:17:50 [INFO]: [0mGET /css/auth.css [36m304[0m 0.464 ms - -[0m
2026-07-31 03:17:50 [INFO]: [0mGET /css/verify.css [36m304[0m 0.512 ms - -[0m
2026-07-31 03:17:50 [INFO]: [0mGET /js/auth.js [36m304[0m 0.221 ms - -[0m
2026-07-31 03:17:50 [INFO]: [0mGET /images/hero/snake-plant.jpg [36m304[0m 0.149 ms - -[0m
2026-07-31 03:17:50 [INFO]: [0mGET /images/hero/peace-lily.jpg [36m304[0m 0.180 ms - -[0m
2026-07-31 03:17:50 [INFO]: [0mGET /images/hero/tulip-plant.jpg [36m304[0m 0.105 ms - -[0m
2026-07-31 03:17:50 [INFO]: [0mGET /images/hero/rubber-plant.jpg [36m304[0m 0.099 ms - -[0m
2026-07-31 03:17:50 [INFO]: [0mGET /images/hero/aloe-vera.jpg [36m304[0m 0.127 ms - -[0m
2026-07-31 03:17:50 [INFO]: [0mGET /images/hero/areca-palm.jpg [36m304[0m 0.163 ms - -[0m
2026-07-31 03:17:50 [INFO]: [0mGET /images/hero/jade-plant.jpg [36m304[0m 0.254 ms - -[0m
2026-07-31 03:17:50 [INFO]: [0mGET /images/hero/golden-pothos.jpg [36m304[0m 0.160 ms - -[0m
2026-07-31 03:17:50 [INFO]: [0mGET /images/hero/fiddle-leaf-fig.jpg [36m304[0m 0.264 ms - -[0m
2026-07-31 03:17:50 [INFO]: [0mGET /images/hero/why-choose.jpg [36m304[0m 0.152 ms - -[0m
2026-07-31 03:17:50 [INFO]: [0mGET /images/logo/plantora-orgn-white.png [36m304[0m 0.241 ms - -[0m
2026-07-31 03:17:50 [INFO]: [0mGET /public/js/header.js [33m404[0m 42.833 ms - 83[0m
2026-07-31 03:17:50 [INFO]: [0mGET /%7B%20%20publicId:%20'/public/default/profile.png',%20%20url:%20'https://res.cloudinary.com/desmwasfe/image/upload/v1781973939/default-avatar_d6ofmr.png'%7D [33m404[0m 49.159 ms - 236[0m
2026-07-31 03:17:52 [INFO]: [0mGET /auth/profile [32m200[0m 114.160 ms - -[0m
2026-07-31 03:17:52 [INFO]: [0mGET /css/style.css [36m304[0m 0.857 ms - -[0m
2026-07-31 03:17:52 [INFO]: [0mGET /css/profile.css [36m304[0m 1.063 ms - -[0m
2026-07-31 03:17:52 [INFO]: [0mGET /images/logo/plantora.png [36m304[0m 1.139 ms - -[0m
2026-07-31 03:17:52 [INFO]: [0mGET /js/profile.js [36m304[0m 0.253 ms - -[0m
2026-07-31 03:17:52 [INFO]: [0mGET /images/logo/plantora-orgn-white.png [36m304[0m 0.590 ms - -[0m
2026-07-31 03:17:52 [INFO]: [0mGET /js/featured.js [36m304[0m 1.396 ms - -[0m
2026-07-31 03:17:52 [INFO]: [0mGET /js/why-choose.js [36m304[0m 0.402 ms - -[0m
2026-07-31 03:17:52 [INFO]: [0mGET /css/variables.css [36m304[0m 0.217 ms - -[0m
2026-07-31 03:17:52 [INFO]: [0mGET /css/utilities.css [36m304[0m 0.377 ms - -[0m
2026-07-31 03:17:52 [INFO]: [0mGET /css/animations.css [36m304[0m 0.186 ms - -[0m
2026-07-31 03:17:52 [INFO]: [0mGET /css/announcement.css [36m304[0m 0.270 ms - -[0m
2026-07-31 03:17:52 [INFO]: [0mGET /css/header.css [36m304[0m 0.152 ms - -[0m
2026-07-31 03:17:52 [INFO]: [0mGET /css/hero.css [36m304[0m 0.299 ms - -[0m
2026-07-31 03:17:52 [INFO]: [0mGET /css/featured.css [36m304[0m 0.193 ms - -[0m
2026-07-31 03:17:52 [INFO]: [0mGET /css/why-choose.css [36m304[0m 0.540 ms - -[0m
2026-07-31 03:17:52 [INFO]: [0mGET /css/footer.css [36m304[0m 0.811 ms - -[0m
2026-07-31 03:17:52 [INFO]: [0mGET /css/auth.css [36m304[0m 1.137 ms - -[0m
2026-07-31 03:17:52 [INFO]: [0mGET /css/verify.css [36m304[0m 0.931 ms - -[0m
2026-07-31 03:17:52 [INFO]: [0mGET /js/notification.js [36m304[0m 0.210 ms - -[0m
2026-07-31 03:17:52 [INFO]: [0mGET /js/footer.js [36m304[0m 0.187 ms - -[0m
2026-07-31 03:17:52 [INFO]: [0mGET /js/auth.js [36m304[0m 0.101 ms - -[0m
2026-07-31 03:17:52 [INFO]: [0mGET /auth/public/js/header.js [33m404[0m 47.365 ms - 88[0m
2026-07-31 03:17:52 [INFO]: [0mGET /auth/%7B%20%20publicId:%20'/public/default/profile.png',%20%20url:%20'https://res.cloudinary.com/desmwasfe/image/upload/v1781973939/default-avatar_d6ofmr.png'%7D [33m404[0m 55.763 ms - 241[0m
2026-07-31 03:18:06 [INFO]: [0mGET /addresses [33m404[0m 49.135 ms - 73[0m
2026-07-31 03:18:10 [ERROR]: Failed to create audit log: AuditLog validation failed: action: `Logout` is not a valid enum value for path `action`.
2026-07-31 03:18:10 [INFO]: Logout successful : customer_0002@yopmail.com
2026-07-31 03:18:10 [INFO]: [0mPOST /auth/logout [36m302[0m 197.081 ms - 30[0m
2026-07-31 03:18:10 [INFO]: [0mGET / [36m304[0m 6.554 ms - -[0m
2026-07-31 03:18:10 [INFO]: [0mGET /css/style.css [36m304[0m 0.441 ms - -[0m
2026-07-31 03:18:10 [INFO]: [0mGET /images/hero/hero-placeholder.png [36m304[0m 0.354 ms - -[0m
2026-07-31 03:18:10 [INFO]: [0mGET /images/logo/plantora.png [36m304[0m 0.602 ms - -[0m
2026-07-31 03:18:10 [INFO]: [0mGET /images/hero/monstera-plant.jpg [36m304[0m 0.540 ms - -[0m
2026-07-31 03:18:10 [INFO]: [0mGET /images/hero/snake-plant.jpg [36m304[0m 0.525 ms - -[0m
2026-07-31 03:18:10 [INFO]: [0mGET /images/hero/peace-lily.jpg [36m304[0m 0.433 ms - -[0m
2026-07-31 03:18:10 [INFO]: [0mGET /public/js/header.js [33m404[0m 2.168 ms - 83[0m
2026-07-31 03:18:10 [INFO]: [0mGET /js/featured.js [36m304[0m 2.556 ms - -[0m
2026-07-31 03:18:10 [INFO]: [0mGET /js/why-choose.js [36m304[0m 3.073 ms - -[0m
2026-07-31 03:18:10 [INFO]: [0mGET /css/variables.css [36m304[0m 0.562 ms - -[0m
2026-07-31 03:18:10 [INFO]: [0mGET /css/utilities.css [36m304[0m 0.702 ms - -[0m
2026-07-31 03:18:10 [INFO]: [0mGET /css/animations.css [36m304[0m 1.007 ms - -[0m
2026-07-31 03:18:10 [INFO]: [0mGET /css/announcement.css [36m304[0m 1.433 ms - -[0m
2026-07-31 03:18:10 [INFO]: [0mGET /css/header.css [36m304[0m 1.785 ms - -[0m
2026-07-31 03:18:10 [INFO]: [0mGET /css/hero.css [36m304[0m 0.916 ms - -[0m
2026-07-31 03:18:10 [INFO]: [0mGET /css/featured.css [36m304[0m 0.898 ms - -[0m
2026-07-31 03:18:10 [INFO]: [0mGET /css/why-choose.css [36m304[0m 1.029 ms - -[0m
2026-07-31 03:18:10 [INFO]: [0mGET /css/footer.css [36m304[0m 1.575 ms - -[0m
2026-07-31 03:18:10 [INFO]: [0mGET /css/auth.css [36m304[0m 0.643 ms - -[0m
2026-07-31 03:18:10 [INFO]: [0mGET /css/verify.css [36m304[0m 0.768 ms - -[0m
2026-07-31 03:18:10 [INFO]: [0mGET /js/notification.js [36m304[0m 0.386 ms - -[0m
2026-07-31 03:18:10 [INFO]: [0mGET /js/footer.js [36m304[0m 0.632 ms - -[0m
2026-07-31 03:18:10 [INFO]: [0mGET /js/auth.js [36m304[0m 0.476 ms - -[0m
2026-07-31 03:18:10 [INFO]: [0mGET /images/hero/tulip-plant.jpg [36m304[0m 0.234 ms - -[0m
2026-07-31 03:18:10 [INFO]: [0mGET /images/hero/rubber-plant.jpg [36m304[0m 0.336 ms - -[0m
2026-07-31 03:18:10 [INFO]: [0mGET /images/hero/aloe-vera.jpg [36m304[0m 0.541 ms - -[0m
2026-07-31 03:18:10 [INFO]: [0mGET /images/hero/areca-palm.jpg [36m304[0m 0.356 ms - -[0m
2026-07-31 03:18:10 [INFO]: [0mGET /images/hero/jade-plant.jpg [36m304[0m 0.560 ms - -[0m
2026-07-31 03:18:10 [INFO]: [0mGET /images/hero/golden-pothos.jpg [36m304[0m 0.291 ms - -[0m
2026-07-31 03:18:10 [INFO]: [0mGET /images/hero/fiddle-leaf-fig.jpg [36m304[0m 0.973 ms - -[0m
2026-07-31 03:18:10 [INFO]: [0mGET /images/hero/why-choose.jpg [36m304[0m 0.756 ms - -[0m
2026-07-31 03:18:10 [INFO]: [0mGET /images/logo/plantora-orgn-white.png [36m304[0m 0.202 ms - -[0m
2026-07-31 03:18:17 [ERROR]: Failed to create audit log: AuditLog validation failed: action: `Login` is not a valid enum value for path `action`.
2026-07-31 03:18:17 [INFO]: Login successful : customer_0001@yopmail.com
2026-07-31 03:18:17 [INFO]: [0mPOST /auth/login [32m200[0m 455.505 ms - 46[0m
2026-07-31 03:18:18 [INFO]: [0mGET / [32m200[0m 58.032 ms - -[0m
2026-07-31 03:18:18 [INFO]: [0mGET /css/style.css [36m304[0m 0.186 ms - -[0m
2026-07-31 03:18:18 [INFO]: [0mGET /images/logo/plantora.png [36m304[0m 0.314 ms - -[0m
2026-07-31 03:18:18 [INFO]: [0mGET /images/hero/hero-placeholder.png [36m304[0m 0.135 ms - -[0m
2026-07-31 03:18:18 [INFO]: [0mGET /images/hero/monstera-plant.jpg [36m304[0m 0.288 ms - -[0m
2026-07-31 03:18:18 [INFO]: [0mGET /js/featured.js [36m304[0m 0.879 ms - -[0m
2026-07-31 03:18:18 [INFO]: [0mGET /js/why-choose.js [36m304[0m 0.106 ms - -[0m
2026-07-31 03:18:18 [INFO]: [0mGET /js/notification.js [36m304[0m 0.181 ms - -[0m
2026-07-31 03:18:18 [INFO]: [0mGET /js/footer.js [36m304[0m 0.111 ms - -[0m
2026-07-31 03:18:18 [INFO]: [0mGET /js/auth.js [36m304[0m 0.107 ms - -[0m
2026-07-31 03:18:18 [INFO]: [0mGET /images/hero/snake-plant.jpg [36m304[0m 0.095 ms - -[0m
2026-07-31 03:18:18 [INFO]: [0mGET /images/hero/peace-lily.jpg [36m304[0m 0.201 ms - -[0m
2026-07-31 03:18:18 [INFO]: [0mGET /css/variables.css [36m304[0m 0.177 ms - -[0m
2026-07-31 03:18:18 [INFO]: [0mGET /css/utilities.css [36m304[0m 0.289 ms - -[0m
2026-07-31 03:18:18 [INFO]: [0mGET /css/animations.css [36m304[0m 0.096 ms - -[0m
2026-07-31 03:18:18 [INFO]: [0mGET /css/announcement.css [36m304[0m 0.569 ms - -[0m
2026-07-31 03:18:18 [INFO]: [0mGET /css/header.css [36m304[0m 0.419 ms - -[0m
2026-07-31 03:18:18 [INFO]: [0mGET /css/hero.css [36m304[0m 0.561 ms - -[0m
2026-07-31 03:18:18 [INFO]: [0mGET /css/featured.css [36m304[0m 0.282 ms - -[0m
2026-07-31 03:18:18 [INFO]: [0mGET /css/why-choose.css [36m304[0m 0.850 ms - -[0m
2026-07-31 03:18:18 [INFO]: [0mGET /css/footer.css [36m304[0m 0.603 ms - -[0m
2026-07-31 03:18:18 [INFO]: [0mGET /css/auth.css [36m304[0m 0.551 ms - -[0m
2026-07-31 03:18:18 [INFO]: [0mGET /css/verify.css [36m304[0m 0.461 ms - -[0m
2026-07-31 03:18:18 [INFO]: [0mGET /images/hero/tulip-plant.jpg [36m304[0m 0.297 ms - -[0m
2026-07-31 03:18:18 [INFO]: [0mGET /images/hero/rubber-plant.jpg [36m304[0m 0.437 ms - -[0m
2026-07-31 03:18:18 [INFO]: [0mGET /images/hero/areca-palm.jpg [36m304[0m 0.072 ms - -[0m
2026-07-31 03:18:18 [INFO]: [0mGET /images/hero/aloe-vera.jpg [36m304[0m 0.362 ms - -[0m
2026-07-31 03:18:18 [INFO]: [0mGET /images/hero/jade-plant.jpg [36m304[0m 0.135 ms - -[0m
2026-07-31 03:18:18 [INFO]: [0mGET /images/hero/golden-pothos.jpg [36m304[0m 0.092 ms - -[0m
2026-07-31 03:18:18 [INFO]: [0mGET /images/hero/fiddle-leaf-fig.jpg [36m304[0m 0.492 ms - -[0m
2026-07-31 03:18:18 [INFO]: [0mGET /images/hero/why-choose.jpg [36m304[0m 0.756 ms - -[0m
2026-07-31 03:18:18 [INFO]: [0mGET /images/logo/plantora-orgn-white.png [36m304[0m 0.518 ms - -[0m
2026-07-31 03:18:18 [INFO]: [0mGET /public/js/header.js [33m404[0m 44.732 ms - 83[0m
2026-07-31 03:18:18 [INFO]: [0mGET /%7B%20%20publicId:%20'[object%20Object]/5a0c1f1e-3abd-43cb-bc91-c48f836ab825_ujlzzt',%20%20url:%20'https://res.cloudinary.com/desmwasfe/image/upload/v1785432244/%5Bobject%20Object%5D/5a0c1f1e-3abd-43cb-bc91-c48f836ab825_ujlzzt.jpg'%7D [33m404[0m 57.903 ms - 314[0m
2026-07-31 03:18:21 [INFO]: [0mGET /auth/profile [32m200[0m 102.026 ms - -[0m
2026-07-31 03:18:21 [INFO]: [0mGET /css/style.css [36m304[0m 0.736 ms - -[0m
2026-07-31 03:18:21 [INFO]: [0mGET /css/profile.css [36m304[0m 0.832 ms - -[0m
2026-07-31 03:18:21 [INFO]: [0mGET /images/logo/plantora.png [36m304[0m 0.860 ms - -[0m
2026-07-31 03:18:21 [INFO]: [0mGET /js/profile.js [36m304[0m 0.409 ms - -[0m
2026-07-31 03:18:21 [INFO]: [0mGET /images/logo/plantora-orgn-white.png [36m304[0m 0.917 ms - -[0m
2026-07-31 03:18:21 [INFO]: [0mGET /js/featured.js [36m304[0m 0.960 ms - -[0m
2026-07-31 03:18:21 [INFO]: [0mGET /js/why-choose.js [36m304[0m 1.305 ms - -[0m
2026-07-31 03:18:21 [INFO]: [0mGET /css/variables.css [36m304[0m 0.772 ms - -[0m
2026-07-31 03:18:21 [INFO]: [0mGET /css/utilities.css [36m304[0m 0.806 ms - -[0m
2026-07-31 03:18:21 [INFO]: [0mGET /css/animations.css [36m304[0m 0.480 ms - -[0m
2026-07-31 03:18:21 [INFO]: [0mGET /css/announcement.css [36m304[0m 0.245 ms - -[0m
2026-07-31 03:18:21 [INFO]: [0mGET /css/header.css [36m304[0m 1.173 ms - -[0m
2026-07-31 03:18:21 [INFO]: [0mGET /css/hero.css [36m304[0m 1.067 ms - -[0m
2026-07-31 03:18:21 [INFO]: [0mGET /css/featured.css [36m304[0m 0.276 ms - -[0m
2026-07-31 03:18:21 [INFO]: [0mGET /css/why-choose.css [36m304[0m 0.636 ms - -[0m
2026-07-31 03:18:21 [INFO]: [0mGET /css/auth.css [36m304[0m 0.564 ms - -[0m
2026-07-31 03:18:21 [INFO]: [0mGET /css/footer.css [36m304[0m 1.133 ms - -[0m
2026-07-31 03:18:21 [INFO]: [0mGET /css/verify.css [36m304[0m 0.347 ms - -[0m
2026-07-31 03:18:21 [INFO]: [0mGET /js/notification.js [36m304[0m 0.549 ms - -[0m
2026-07-31 03:18:21 [INFO]: [0mGET /js/footer.js [36m304[0m 0.691 ms - -[0m
2026-07-31 03:18:21 [INFO]: [0mGET /js/auth.js [36m304[0m 0.838 ms - -[0m
2026-07-31 03:18:22 [INFO]: [0mGET /auth/%7B%20%20publicId:%20'[object%20Object]/5a0c1f1e-3abd-43cb-bc91-c48f836ab825_ujlzzt',%20%20url:%20'https://res.cloudinary.com/desmwasfe/image/upload/v1785432244/%5Bobject%20Object%5D/5a0c1f1e-3abd-43cb-bc91-c48f836ab825_ujlzzt.jpg'%7D [33m404[0m 48.681 ms - 319[0m
2026-07-31 03:18:22 [INFO]: [0mGET /auth/public/js/header.js [33m404[0m 41.023 ms - 88[0m
2026-07-31 03:19:23 [ERROR]: Failed to create audit log: AuditLog validation failed: action: `Update Profile` is not a valid enum value for path `action`.
2026-07-31 03:19:23 [INFO]: Profile updated : customer_0001@yopmail.com
2026-07-31 03:19:23 [INFO]: [0mPUT /auth/profile?_method=PUT [36m302[0m 212.901 ms - 101[0m
2026-07-31 03:19:23 [INFO]: [0mGET /auth/profile?type=success&message=Profile%20updated%20successfully. [32m200[0m 89.673 ms - -[0m
2026-07-31 03:19:23 [INFO]: [0mGET /css/style.css [36m304[0m 0.570 ms - -[0m
2026-07-31 03:19:23 [INFO]: [0mGET /css/profile.css [36m304[0m 0.915 ms - -[0m
2026-07-31 03:19:23 [INFO]: [0mGET /images/logo/plantora.png [36m304[0m 0.225 ms - -[0m
2026-07-31 03:19:23 [INFO]: [0mGET /js/profile.js [36m304[0m 0.458 ms - -[0m
2026-07-31 03:19:23 [INFO]: [0mGET /images/logo/plantora-orgn-white.png [36m304[0m 0.912 ms - -[0m
2026-07-31 03:19:23 [INFO]: [0mGET /js/featured.js [36m304[0m 1.053 ms - -[0m
2026-07-31 03:19:23 [INFO]: [0mGET /js/why-choose.js [36m304[0m 0.236 ms - -[0m
2026-07-31 03:19:23 [INFO]: [0mGET /css/variables.css [36m304[0m 0.162 ms - -[0m
2026-07-31 03:19:23 [INFO]: [0mGET /css/utilities.css [36m304[0m 0.437 ms - -[0m
2026-07-31 03:19:23 [INFO]: [0mGET /css/animations.css [36m304[0m 0.619 ms - -[0m
2026-07-31 03:19:23 [INFO]: [0mGET /css/announcement.css [36m304[0m 1.087 ms - -[0m
2026-07-31 03:19:23 [INFO]: [0mGET /css/header.css [36m304[0m 1.254 ms - -[0m
2026-07-31 03:19:23 [INFO]: [0mGET /css/hero.css [36m304[0m 1.122 ms - -[0m
2026-07-31 03:19:23 [INFO]: [0mGET /css/featured.css [36m304[0m 0.926 ms - -[0m
2026-07-31 03:19:23 [INFO]: [0mGET /css/why-choose.css [36m304[0m 0.351 ms - -[0m
2026-07-31 03:19:23 [INFO]: [0mGET /css/footer.css [36m304[0m 0.360 ms - -[0m
2026-07-31 03:19:23 [INFO]: [0mGET /css/auth.css [36m304[0m 0.623 ms - -[0m
2026-07-31 03:19:23 [INFO]: [0mGET /css/verify.css [36m304[0m 0.980 ms - -[0m
2026-07-31 03:19:23 [INFO]: [0mGET /js/notification.js [36m304[0m 0.418 ms - -[0m
2026-07-31 03:19:23 [INFO]: [0mGET /js/footer.js [36m304[0m 0.598 ms - -[0m
2026-07-31 03:19:23 [INFO]: [0mGET /js/auth.js [36m304[0m 0.727 ms - -[0m
2026-07-31 03:19:23 [INFO]: [0mGET /auth/%7B%20%20publicId:%20'[object%20Object]/5a0c1f1e-3abd-43cb-bc91-c48f836ab825_ujlzzt',%20%20url:%20'https://res.cloudinary.com/desmwasfe/image/upload/v1785432244/%5Bobject%20Object%5D/5a0c1f1e-3abd-43cb-bc91-c48f836ab825_ujlzzt.jpg'%7D [33m404[0m 42.614 ms - 319[0m
2026-07-31 03:19:23 [INFO]: [0mGET /auth/public/js/header.js [33m404[0m 48.089 ms - 88[0m
2026-07-31 03:19:32 [ERROR]: Failed to create audit log: AuditLog validation failed: action: `Update Profile` is not a valid enum value for path `action`.
2026-07-31 03:19:32 [INFO]: Profile updated : customer_0001@yopmail.com
2026-07-31 03:19:32 [INFO]: [0mPUT /auth/profile?_method=PUT [36m302[0m 192.446 ms - 101[0m
2026-07-31 03:19:32 [INFO]: [0mGET /auth/profile?type=success&message=Profile%20updated%20successfully. [32m200[0m 98.707 ms - -[0m
2026-07-31 03:19:32 [INFO]: [0mGET /css/style.css [36m304[0m 0.721 ms - -[0m
2026-07-31 03:19:32 [INFO]: [0mGET /css/profile.css [36m304[0m 1.967 ms - -[0m
2026-07-31 03:19:32 [INFO]: [0mGET /images/logo/plantora.png [36m304[0m 1.095 ms - -[0m
2026-07-31 03:19:32 [INFO]: [0mGET /js/profile.js [36m304[0m 0.189 ms - -[0m
2026-07-31 03:19:32 [INFO]: [0mGET /images/logo/plantora-orgn-white.png [36m304[0m 0.563 ms - -[0m
2026-07-31 03:19:32 [INFO]: [0mGET /js/featured.js [36m304[0m 1.049 ms - -[0m
2026-07-31 03:19:32 [INFO]: [0mGET /js/why-choose.js [36m304[0m 1.329 ms - -[0m
2026-07-31 03:19:32 [INFO]: [0mGET /css/variables.css [36m304[0m 0.480 ms - -[0m
2026-07-31 03:19:32 [INFO]: [0mGET /css/utilities.css [36m304[0m 0.603 ms - -[0m
2026-07-31 03:19:32 [INFO]: [0mGET /css/animations.css [36m304[0m 0.244 ms - -[0m
2026-07-31 03:19:32 [INFO]: [0mGET /css/announcement.css [36m304[0m 0.428 ms - -[0m
2026-07-31 03:19:32 [INFO]: [0mGET /css/header.css [36m304[0m 0.455 ms - -[0m
2026-07-31 03:19:32 [INFO]: [0mGET /css/hero.css [36m304[0m 0.440 ms - -[0m
2026-07-31 03:19:32 [INFO]: [0mGET /css/featured.css [36m304[0m 0.204 ms - -[0m
2026-07-31 03:19:32 [INFO]: [0mGET /css/why-choose.css [36m304[0m 0.241 ms - -[0m
2026-07-31 03:19:32 [INFO]: [0mGET /css/footer.css [36m304[0m 0.700 ms - -[0m
2026-07-31 03:19:32 [INFO]: [0mGET /css/auth.css [36m304[0m 0.584 ms - -[0m
2026-07-31 03:19:32 [INFO]: [0mGET /css/verify.css [36m304[0m 0.598 ms - -[0m
2026-07-31 03:19:32 [INFO]: [0mGET /js/notification.js [36m304[0m 0.426 ms - -[0m
2026-07-31 03:19:32 [INFO]: [0mGET /js/footer.js [36m304[0m 0.351 ms - -[0m
2026-07-31 03:19:32 [INFO]: [0mGET /js/auth.js [36m304[0m 0.102 ms - -[0m
2026-07-31 03:19:32 [INFO]: [0mGET /auth/%7B%20%20publicId:%20'[object%20Object]/5a0c1f1e-3abd-43cb-bc91-c48f836ab825_ujlzzt',%20%20url:%20'https://res.cloudinary.com/desmwasfe/image/upload/v1785432244/%5Bobject%20Object%5D/5a0c1f1e-3abd-43cb-bc91-c48f836ab825_ujlzzt.jpg'%7D [33m404[0m 48.831 ms - 319[0m
2026-07-31 03:19:32 [INFO]: [0mGET /auth/public/js/header.js [33m404[0m 43.984 ms - 88[0m
2026-07-31 03:19:43 [ERROR]: Show admin order details failed: req.flash is not a function
2026-07-31 03:19:43 [ERROR]: TypeError: req.flash is not a function
    at showOrdersPage (E:\Webskitters_Academy\NODE JS\final_project_node\plantora_final_project_node_ejs\app\controllers\OrderController.js:619:11)
    at Layer.handleRequest (E:\Webskitters_Academy\NODE JS\final_project_node\plantora_final_project_node_ejs\node_modules\router\lib\layer.js:152:17)
    at next (E:\Webskitters_Academy\NODE JS\final_project_node\plantora_final_project_node_ejs\node_modules\router\lib\route.js:157:13)
    at E:\Webskitters_Academy\NODE JS\final_project_node\plantora_final_project_node_ejs\app\middlewares\authorizeRoles.js:23:12
    at Layer.handleRequest (E:\Webskitters_Academy\NODE JS\final_project_node\plantora_final_project_node_ejs\node_modules\router\lib\layer.js:152:17)
    at next (E:\Webskitters_Academy\NODE JS\final_project_node\plantora_final_project_node_ejs\node_modules\router\lib\route.js:157:13)
    at authMiddleware (E:\Webskitters_Academy\NODE JS\final_project_node\plantora_final_project_node_ejs\app\middlewares\authMiddleware.js:71:12)
    at process.processTicksAndRejections (node:internal/process/task_queues:103:5)
2026-07-31 03:19:43 [INFO]: [0mGET /orders [31m500[0m 82.693 ms - 79[0m
2026-07-31 03:19:45 [INFO]: Wishlist page loaded successfully. User ID: 6a668df570d6bc575b762962
2026-07-31 03:19:45 [ERROR]: Error: Failed to lookup view "wishlist/index" in views directory "E:\Webskitters_Academy\NODE JS\final_project_node\plantora_final_project_node_ejs\views"
    at app.render (E:\Webskitters_Academy\NODE JS\final_project_node\plantora_final_project_node_ejs\node_modules\express\lib\application.js:562:17)
    at ServerResponse.render (E:\Webskitters_Academy\NODE JS\final_project_node\plantora_final_project_node_ejs\node_modules\express\lib\response.js:923:7)
    at showWishlistPage (E:\Webskitters_Academy\NODE JS\final_project_node\plantora_final_project_node_ejs\app\controllers\WishlistController.js:99:44)
    at process.processTicksAndRejections (node:internal/process/task_queues:103:5)
2026-07-31 03:19:45 [INFO]: [0mGET /wishlist [31m500[0m 163.554 ms - 215[0m
2026-07-31 03:19:48 [INFO]: [0mGET /addresses [33m404[0m 42.552 ms - 73[0m
2026-07-31 03:51:33 [INFO]: [0mGET / [36m304[0m 48.505 ms - -[0m
2026-07-31 03:51:33 [INFO]: [0mGET /css/style.css [36m304[0m 0.342 ms - -[0m
2026-07-31 03:51:33 [INFO]: [0mGET /images/logo/plantora.png [36m304[0m 0.249 ms - -[0m
2026-07-31 03:51:33 [INFO]: [0mGET /images/hero/hero-placeholder.png [36m304[0m 0.371 ms - -[0m
2026-07-31 03:51:33 [INFO]: [0mGET /images/hero/monstera-plant.jpg [36m304[0m 0.449 ms - -[0m
2026-07-31 03:51:33 [INFO]: [0mGET /js/why-choose.js [36m304[0m 1.082 ms - -[0m
2026-07-31 03:51:33 [INFO]: [0mGET /js/featured.js [36m304[0m 1.328 ms - -[0m
2026-07-31 03:51:33 [INFO]: [0mGET /css/variables.css [36m304[0m 0.600 ms - -[0m
2026-07-31 03:51:33 [INFO]: [0mGET /css/utilities.css [36m304[0m 0.676 ms - -[0m
2026-07-31 03:51:33 [INFO]: [0mGET /css/animations.css [36m304[0m 0.792 ms - -[0m
2026-07-31 03:51:33 [INFO]: [0mGET /css/announcement.css [36m304[0m 0.193 ms - -[0m
2026-07-31 03:51:33 [INFO]: [0mGET /css/header.css [36m304[0m 0.757 ms - -[0m
2026-07-31 03:51:33 [INFO]: [0mGET /css/hero.css [36m304[0m 0.885 ms - -[0m
2026-07-31 03:51:33 [INFO]: [0mGET /css/featured.css [36m304[0m 1.108 ms - -[0m
2026-07-31 03:51:33 [INFO]: [0mGET /css/why-choose.css [36m304[0m 0.142 ms - -[0m
2026-07-31 03:51:33 [INFO]: [0mGET /css/footer.css [36m304[0m 0.258 ms - -[0m
2026-07-31 03:51:33 [INFO]: [0mGET /css/auth.css [36m304[0m 0.742 ms - -[0m
2026-07-31 03:51:33 [INFO]: [0mGET /css/verify.css [36m304[0m 0.895 ms - -[0m
2026-07-31 03:51:33 [INFO]: [0mGET /%7B%20%20publicId:%20'[object%20Object]/5a0c1f1e-3abd-43cb-bc91-c48f836ab825_ujlzzt',%20%20url:%20'https://res.cloudinary.com/desmwasfe/image/upload/v1785432244/%5Bobject%20Object%5D/5a0c1f1e-3abd-43cb-bc91-c48f836ab825_ujlzzt.jpg'%7D [33m404[0m 41.524 ms - 314[0m
2026-07-31 03:51:33 [INFO]: [0mGET /js/notification.js [36m304[0m 2.477 ms - -[0m
2026-07-31 03:51:33 [INFO]: [0mGET /js/footer.js [36m304[0m 2.560 ms - -[0m
2026-07-31 03:51:33 [INFO]: [0mGET /js/auth.js [36m304[0m 0.877 ms - -[0m
2026-07-31 03:51:33 [INFO]: [0mGET /images/hero/snake-plant.jpg [36m304[0m 0.270 ms - -[0m
2026-07-31 03:51:33 [INFO]: [0mGET /images/hero/peace-lily.jpg [36m304[0m 0.445 ms - -[0m
2026-07-31 03:51:33 [INFO]: [0mGET /images/hero/tulip-plant.jpg [36m304[0m 0.584 ms - -[0m
2026-07-31 03:51:33 [INFO]: [0mGET /images/hero/rubber-plant.jpg [36m304[0m 0.724 ms - -[0m
2026-07-31 03:51:33 [INFO]: [0mGET /images/hero/aloe-vera.jpg [36m304[0m 0.507 ms - -[0m
2026-07-31 03:51:33 [INFO]: [0mGET /images/hero/areca-palm.jpg [36m304[0m 0.762 ms - -[0m
2026-07-31 03:51:33 [INFO]: [0mGET /images/hero/jade-plant.jpg [36m304[0m 0.285 ms - -[0m
2026-07-31 03:51:33 [INFO]: [0mGET /images/hero/golden-pothos.jpg [36m304[0m 0.266 ms - -[0m
2026-07-31 03:51:33 [INFO]: [0mGET /images/hero/fiddle-leaf-fig.jpg [36m304[0m 0.238 ms - -[0m
2026-07-31 03:51:33 [INFO]: [0mGET /images/hero/why-choose.jpg [36m304[0m 0.395 ms - -[0m
2026-07-31 03:51:33 [INFO]: [0mGET /public/js/header.js [33m404[0m 48.301 ms - 83[0m
2026-07-31 03:51:33 [INFO]: [0mGET /images/logo/plantora-orgn-white.png [36m304[0m 2.644 ms - -[0m
2026-07-31 03:51:36 [INFO]: [0mGET /auth/profile [36m304[0m 99.466 ms - -[0m
2026-07-31 03:51:36 [INFO]: [0mGET /css/style.css [36m304[0m 1.088 ms - -[0m
2026-07-31 03:51:36 [INFO]: [0mGET /images/logo/plantora.png [36m304[0m 1.658 ms - -[0m
2026-07-31 03:51:36 [INFO]: [0mGET /css/profile.css [32m200[0m 5.322 ms - -[0m
2026-07-31 03:51:36 [INFO]: [0mGET /js/profile.js [36m304[0m 0.862 ms - -[0m
2026-07-31 03:51:36 [INFO]: [0mGET /images/logo/plantora-orgn-white.png [36m304[0m 0.993 ms - -[0m
2026-07-31 03:51:36 [INFO]: [0mGET /js/featured.js [36m304[0m 1.822 ms - -[0m
2026-07-31 03:51:36 [INFO]: [0mGET /css/variables.css [36m304[0m 0.838 ms - -[0m
2026-07-31 03:51:36 [INFO]: [0mGET /js/why-choose.js [36m304[0m 0.939 ms - -[0m
2026-07-31 03:51:36 [INFO]: [0mGET /css/utilities.css [36m304[0m 0.267 ms - -[0m
2026-07-31 03:51:36 [INFO]: [0mGET /css/animations.css [36m304[0m 0.473 ms - -[0m
2026-07-31 03:51:36 [INFO]: [0mGET /css/announcement.css [36m304[0m 0.136 ms - -[0m
2026-07-31 03:51:36 [INFO]: [0mGET /css/header.css [36m304[0m 0.184 ms - -[0m
2026-07-31 03:51:36 [INFO]: [0mGET /css/hero.css [36m304[0m 0.226 ms - -[0m
2026-07-31 03:51:36 [INFO]: [0mGET /css/featured.css [36m304[0m 0.235 ms - -[0m
2026-07-31 03:51:36 [INFO]: [0mGET /css/why-choose.css [36m304[0m 0.348 ms - -[0m
2026-07-31 03:51:36 [INFO]: [0mGET /css/footer.css [36m304[0m 0.556 ms - -[0m
2026-07-31 03:51:36 [INFO]: [0mGET /css/auth.css [36m304[0m 0.220 ms - -[0m
2026-07-31 03:51:36 [INFO]: [0mGET /css/verify.css [36m304[0m 0.644 ms - -[0m
2026-07-31 03:51:36 [INFO]: [0mGET /js/notification.js [36m304[0m 0.418 ms - -[0m
2026-07-31 03:51:36 [INFO]: [0mGET /js/footer.js [36m304[0m 0.367 ms - -[0m
2026-07-31 03:51:36 [INFO]: [0mGET /js/auth.js [36m304[0m 0.575 ms - -[0m
2026-07-31 03:51:36 [INFO]: [0mGET /auth/%7B%20%20publicId:%20'[object%20Object]/5a0c1f1e-3abd-43cb-bc91-c48f836ab825_ujlzzt',%20%20url:%20'https://res.cloudinary.com/desmwasfe/image/upload/v1785432244/%5Bobject%20Object%5D/5a0c1f1e-3abd-43cb-bc91-c48f836ab825_ujlzzt.jpg'%7D [33m404[0m 50.003 ms - 319[0m
2026-07-31 03:51:36 [INFO]: [0mGET /auth/public/js/header.js [33m404[0m 41.844 ms - 88[0m
2026-07-31 03:52:10 [INFO]: [0mGET /css/style.css [36m304[0m 1.329 ms - -[0m
2026-07-31 03:52:10 [INFO]: [0mGET /css/variables.css [36m304[0m 1.642 ms - -[0m
2026-07-31 03:52:10 [INFO]: [0mGET /css/utilities.css [36m304[0m 0.631 ms - -[0m
2026-07-31 03:52:10 [INFO]: [0mGET /css/animations.css [36m304[0m 0.945 ms - -[0m
2026-07-31 03:52:10 [INFO]: [0mGET /css/announcement.css [36m304[0m 1.134 ms - -[0m
2026-07-31 03:52:10 [INFO]: [0mGET /css/header.css [36m304[0m 1.489 ms - -[0m
2026-07-31 03:52:10 [INFO]: [0mGET /css/hero.css [36m304[0m 2.192 ms - -[0m
2026-07-31 03:52:10 [INFO]: [0mGET /css/featured.css [36m304[0m 0.913 ms - -[0m
2026-07-31 03:52:10 [INFO]: [0mGET /css/why-choose.css [36m304[0m 1.315 ms - -[0m
2026-07-31 03:52:10 [INFO]: [0mGET /css/footer.css [36m304[0m 0.787 ms - -[0m
2026-07-31 03:52:10 [INFO]: [0mGET /css/auth.css [36m304[0m 1.337 ms - -[0m
2026-07-31 03:52:10 [INFO]: [0mGET /css/verify.css [36m304[0m 0.779 ms - -[0m
2026-07-31 03:52:10 [INFO]: [0mGET /css/profile.css [36m304[0m 0.946 ms - -[0m
2026-07-31 03:52:10 [INFO]: [0mGET /.well-known/appspecific/com.chrome.devtools.json [33m404[0m 44.544 ms - 112[0m
2026-07-31 04:10:15 [INFO]: [0mGET /auth/profile [36m304[0m 91.422 ms - -[0m
2026-07-31 04:10:15 [INFO]: [0mGET /css/style.css [36m304[0m 1.119 ms - -[0m
2026-07-31 04:10:15 [INFO]: [0mGET /images/logo/plantora.png [36m304[0m 1.008 ms - -[0m
2026-07-31 04:10:15 [INFO]: [0mGET /css/profile.css [32m200[0m 3.939 ms - -[0m
2026-07-31 04:10:15 [INFO]: [0mGET /js/profile.js [36m304[0m 1.280 ms - -[0m
2026-07-31 04:10:15 [INFO]: [0mGET /images/logo/plantora-orgn-white.png [36m304[0m 1.283 ms - -[0m
2026-07-31 04:10:15 [INFO]: [0mGET /js/featured.js [36m304[0m 0.274 ms - -[0m
2026-07-31 04:10:15 [INFO]: [0mGET /js/why-choose.js [36m304[0m 0.438 ms - -[0m
2026-07-31 04:10:15 [INFO]: [0mGET /css/variables.css [36m304[0m 0.300 ms - -[0m
2026-07-31 04:10:15 [INFO]: [0mGET /css/utilities.css [36m304[0m 0.475 ms - -[0m
2026-07-31 04:10:15 [INFO]: [0mGET /css/animations.css [36m304[0m 0.792 ms - -[0m
2026-07-31 04:10:15 [INFO]: [0mGET /css/announcement.css [36m304[0m 1.000 ms - -[0m
2026-07-31 04:10:15 [INFO]: [0mGET /css/header.css [36m304[0m 1.128 ms - -[0m
2026-07-31 04:10:15 [INFO]: [0mGET /css/hero.css [36m304[0m 0.749 ms - -[0m
2026-07-31 04:10:15 [INFO]: [0mGET /css/featured.css [36m304[0m 0.783 ms - -[0m
2026-07-31 04:10:15 [INFO]: [0mGET /css/why-choose.css [36m304[0m 0.907 ms - -[0m
2026-07-31 04:10:15 [INFO]: [0mGET /css/footer.css [36m304[0m 0.295 ms - -[0m
2026-07-31 04:10:15 [INFO]: [0mGET /css/auth.css [36m304[0m 0.363 ms - -[0m
2026-07-31 04:10:15 [INFO]: [0mGET /css/verify.css [36m304[0m 0.476 ms - -[0m
2026-07-31 04:10:15 [INFO]: [0mGET /js/notification.js [36m304[0m 0.202 ms - -[0m
2026-07-31 04:10:15 [INFO]: [0mGET /js/footer.js [36m304[0m 0.130 ms - -[0m
2026-07-31 04:10:15 [INFO]: [0mGET /js/auth.js [36m304[0m 0.133 ms - -[0m
2026-07-31 04:10:15 [INFO]: [0mGET /auth/%7B%20%20publicId:%20'[object%20Object]/5a0c1f1e-3abd-43cb-bc91-c48f836ab825_ujlzzt',%20%20url:%20'https://res.cloudinary.com/desmwasfe/image/upload/v1785432244/%5Bobject%20Object%5D/5a0c1f1e-3abd-43cb-bc91-c48f836ab825_ujlzzt.jpg'%7D [33m404[0m 41.532 ms - 319[0m
2026-07-31 04:10:15 [INFO]: [0mGET /auth/public/js/header.js [33m404[0m 48.262 ms - 88[0m
2026-07-31 04:11:09 [INFO]: [0mGET /css/style.css [36m304[0m 0.696 ms - -[0m
2026-07-31 04:11:09 [INFO]: [0mGET /css/variables.css [36m304[0m 1.099 ms - -[0m
2026-07-31 04:11:09 [INFO]: [0mGET /css/utilities.css [36m304[0m 1.302 ms - -[0m
2026-07-31 04:11:09 [INFO]: [0mGET /css/animations.css [36m304[0m 1.861 ms - -[0m
2026-07-31 04:11:09 [INFO]: [0mGET /css/announcement.css [36m304[0m 0.598 ms - -[0m
2026-07-31 04:11:09 [INFO]: [0mGET /css/header.css [36m304[0m 0.566 ms - -[0m
2026-07-31 04:11:09 [INFO]: [0mGET /css/hero.css [36m304[0m 0.600 ms - -[0m
2026-07-31 04:11:09 [INFO]: [0mGET /css/featured.css [36m304[0m 0.788 ms - -[0m
2026-07-31 04:11:09 [INFO]: [0mGET /css/why-choose.css [36m304[0m 0.935 ms - -[0m
2026-07-31 04:11:09 [INFO]: [0mGET /css/footer.css [36m304[0m 0.197 ms - -[0m
2026-07-31 04:11:09 [INFO]: [0mGET /css/auth.css [36m304[0m 0.238 ms - -[0m
2026-07-31 04:11:09 [INFO]: [0mGET /css/verify.css [36m304[0m 0.361 ms - -[0m
2026-07-31 04:11:09 [INFO]: [0mGET /css/profile.css [32m200[0m 0.682 ms - -[0m
2026-07-31 04:11:10 [INFO]: [0mGET /.well-known/appspecific/com.chrome.devtools.json [33m404[0m 48.406 ms - 112[0m
2026-07-31 04:11:57 [INFO]: [0mGET /auth/profile [36m304[0m 101.647 ms - -[0m
2026-07-31 04:11:57 [INFO]: [0mGET /css/style.css [36m304[0m 0.275 ms - -[0m
2026-07-31 04:11:57 [INFO]: [0mGET /css/profile.css [32m200[0m 0.935 ms - -[0m
2026-07-31 04:11:57 [INFO]: [0mGET /images/logo/plantora.png [36m304[0m 0.773 ms - -[0m
2026-07-31 04:11:57 [INFO]: [0mGET /js/profile.js [36m304[0m 0.592 ms - -[0m
2026-07-31 04:11:57 [INFO]: [0mGET /images/logo/plantora-orgn-white.png [36m304[0m 0.774 ms - -[0m
2026-07-31 04:11:57 [INFO]: [0mGET /js/featured.js [36m304[0m 1.406 ms - -[0m
2026-07-31 04:11:57 [INFO]: [0mGET /js/why-choose.js [36m304[0m 1.585 ms - -[0m
2026-07-31 04:11:57 [INFO]: [0mGET /js/notification.js [36m304[0m 0.189 ms - -[0m
2026-07-31 04:11:57 [INFO]: [0mGET /css/variables.css [36m304[0m 0.301 ms - -[0m
2026-07-31 04:11:57 [INFO]: [0mGET /css/utilities.css [36m304[0m 0.499 ms - -[0m
2026-07-31 04:11:57 [INFO]: [0mGET /css/animations.css [36m304[0m 0.547 ms - -[0m
2026-07-31 04:11:57 [INFO]: [0mGET /css/announcement.css [36m304[0m 0.895 ms - -[0m
2026-07-31 04:11:57 [INFO]: [0mGET /css/header.css [36m304[0m 1.126 ms - -[0m
2026-07-31 04:11:57 [INFO]: [0mGET /css/hero.css [36m304[0m 1.386 ms - -[0m
2026-07-31 04:11:57 [INFO]: [0mGET /css/featured.css [36m304[0m 0.555 ms - -[0m
2026-07-31 04:11:57 [INFO]: [0mGET /css/why-choose.css [36m304[0m 0.759 ms - -[0m
2026-07-31 04:11:57 [INFO]: [0mGET /css/footer.css [36m304[0m 1.043 ms - -[0m
2026-07-31 04:11:57 [INFO]: [0mGET /css/auth.css [36m304[0m 1.686 ms - -[0m
2026-07-31 04:11:57 [INFO]: [0mGET /css/verify.css [36m304[0m 1.998 ms - -[0m
2026-07-31 04:11:57 [INFO]: [0mGET /js/footer.js [36m304[0m 0.235 ms - -[0m
2026-07-31 04:11:57 [INFO]: [0mGET /js/auth.js [36m304[0m 0.462 ms - -[0m
2026-07-31 04:11:57 [INFO]: [0mGET /auth/%7B%20%20publicId:%20'[object%20Object]/5a0c1f1e-3abd-43cb-bc91-c48f836ab825_ujlzzt',%20%20url:%20'https://res.cloudinary.com/desmwasfe/image/upload/v1785432244/%5Bobject%20Object%5D/5a0c1f1e-3abd-43cb-bc91-c48f836ab825_ujlzzt.jpg'%7D [33m404[0m 58.175 ms - 319[0m
2026-07-31 04:11:57 [INFO]: [0mGET /auth/public/js/header.js [33m404[0m 43.188 ms - 88[0m
2026-07-31 04:12:26 [INFO]: [0mGET /auth/profile [36m304[0m 87.374 ms - -[0m
2026-07-31 04:12:26 [INFO]: [0mGET /css/style.css [36m304[0m 0.461 ms - -[0m
2026-07-31 04:12:26 [INFO]: [0mGET /images/logo/plantora.png [36m304[0m 0.524 ms - -[0m
2026-07-31 04:12:26 [INFO]: [0mGET /css/profile.css [32m200[0m 0.858 ms - -[0m
2026-07-31 04:12:26 [INFO]: [0mGET /js/profile.js [36m304[0m 0.220 ms - -[0m
2026-07-31 04:12:26 [INFO]: [0mGET /images/logo/plantora-orgn-white.png [36m304[0m 0.166 ms - -[0m
2026-07-31 04:12:26 [INFO]: [0mGET /js/featured.js [36m304[0m 0.703 ms - -[0m
2026-07-31 04:12:26 [INFO]: [0mGET /js/why-choose.js [36m304[0m 0.861 ms - -[0m
2026-07-31 04:12:26 [INFO]: [0mGET /js/notification.js [36m304[0m 0.247 ms - -[0m
2026-07-31 04:12:26 [INFO]: [0mGET /css/variables.css [36m304[0m 0.736 ms - -[0m
2026-07-31 04:12:26 [INFO]: [0mGET /css/utilities.css [36m304[0m 0.736 ms - -[0m
2026-07-31 04:12:26 [INFO]: [0mGET /css/animations.css [36m304[0m 0.744 ms - -[0m
2026-07-31 04:12:26 [INFO]: [0mGET /css/announcement.css [36m304[0m 0.773 ms - -[0m
2026-07-31 04:12:26 [INFO]: [0mGET /css/header.css [36m304[0m 0.199 ms - -[0m
2026-07-31 04:12:26 [INFO]: [0mGET /css/hero.css [36m304[0m 0.301 ms - -[0m
2026-07-31 04:12:26 [INFO]: [0mGET /css/featured.css [36m304[0m 0.573 ms - -[0m
2026-07-31 04:12:26 [INFO]: [0mGET /css/why-choose.css [36m304[0m 0.343 ms - -[0m
2026-07-31 04:12:26 [INFO]: [0mGET /css/footer.css [36m304[0m 0.335 ms - -[0m
2026-07-31 04:12:26 [INFO]: [0mGET /css/auth.css [36m304[0m 0.408 ms - -[0m
2026-07-31 04:12:26 [INFO]: [0mGET /css/verify.css [36m304[0m 0.476 ms - -[0m
2026-07-31 04:12:26 [INFO]: [0mGET /js/footer.js [36m304[0m 0.140 ms - -[0m
2026-07-31 04:12:26 [INFO]: [0mGET /js/auth.js [36m304[0m 0.125 ms - -[0m
2026-07-31 04:12:26 [INFO]: [0mGET /auth/%7B%20%20publicId:%20'[object%20Object]/5a0c1f1e-3abd-43cb-bc91-c48f836ab825_ujlzzt',%20%20url:%20'https://res.cloudinary.com/desmwasfe/image/upload/v1785432244/%5Bobject%20Object%5D/5a0c1f1e-3abd-43cb-bc91-c48f836ab825_ujlzzt.jpg'%7D [33m404[0m 42.905 ms - 319[0m
2026-07-31 04:12:26 [INFO]: [0mGET /auth/public/js/header.js [33m404[0m 54.402 ms - 88[0m
2026-07-31 04:13:12 [INFO]: [0mGET /auth/profile [36m304[0m 99.544 ms - -[0m
2026-07-31 04:13:12 [INFO]: [0mGET /css/style.css [36m304[0m 0.584 ms - -[0m
2026-07-31 04:13:12 [INFO]: [0mGET /images/logo/plantora.png [36m304[0m 0.252 ms - -[0m
2026-07-31 04:13:12 [INFO]: [0mGET /css/profile.css [32m200[0m 1.491 ms - -[0m
2026-07-31 04:13:12 [INFO]: [0mGET /js/profile.js [36m304[0m 0.115 ms - -[0m
2026-07-31 04:13:12 [INFO]: [0mGET /images/logo/plantora-orgn-white.png [36m304[0m 0.318 ms - -[0m
2026-07-31 04:13:12 [INFO]: [0mGET /js/featured.js [36m304[0m 0.572 ms - -[0m
2026-07-31 04:13:12 [INFO]: [0mGET /js/why-choose.js [36m304[0m 0.330 ms - -[0m
2026-07-31 04:13:12 [INFO]: [0mGET /js/notification.js [36m304[0m 0.580 ms - -[0m
2026-07-31 04:13:12 [INFO]: [0mGET /css/variables.css [36m304[0m 0.747 ms - -[0m
2026-07-31 04:13:12 [INFO]: [0mGET /css/utilities.css [36m304[0m 0.891 ms - -[0m
2026-07-31 04:13:12 [INFO]: [0mGET /css/announcement.css [36m304[0m 0.244 ms - -[0m
2026-07-31 04:13:12 [INFO]: [0mGET /css/header.css [36m304[0m 0.403 ms - -[0m
2026-07-31 04:13:12 [INFO]: [0mGET /css/animations.css [36m304[0m 0.689 ms - -[0m
2026-07-31 04:13:12 [INFO]: [0mGET /css/hero.css [36m304[0m 0.476 ms - -[0m
2026-07-31 04:13:12 [INFO]: [0mGET /css/featured.css [36m304[0m 0.347 ms - -[0m
2026-07-31 04:13:12 [INFO]: [0mGET /css/why-choose.css [36m304[0m 0.435 ms - -[0m
2026-07-31 04:13:12 [INFO]: [0mGET /css/footer.css [36m304[0m 0.156 ms - -[0m
2026-07-31 04:13:12 [INFO]: [0mGET /css/auth.css [36m304[0m 0.159 ms - -[0m
2026-07-31 04:13:12 [INFO]: [0mGET /css/verify.css [36m304[0m 0.681 ms - -[0m
2026-07-31 04:13:12 [INFO]: [0mGET /js/footer.js [36m304[0m 0.098 ms - -[0m
2026-07-31 04:13:12 [INFO]: [0mGET /js/auth.js [36m304[0m 0.118 ms - -[0m
2026-07-31 04:13:12 [INFO]: [0mGET /auth/public/js/header.js [33m404[0m 41.163 ms - 88[0m
2026-07-31 04:13:12 [INFO]: [0mGET /auth/%7B%20%20publicId:%20'[object%20Object]/5a0c1f1e-3abd-43cb-bc91-c48f836ab825_ujlzzt',%20%20url:%20'https://res.cloudinary.com/desmwasfe/image/upload/v1785432244/%5Bobject%20Object%5D/5a0c1f1e-3abd-43cb-bc91-c48f836ab825_ujlzzt.jpg'%7D [33m404[0m 47.059 ms - 319[0m
2026-07-31 04:13:41 [INFO]: [0mGET /auth/profile [36m304[0m 98.878 ms - -[0m
2026-07-31 04:13:41 [INFO]: [0mGET /css/style.css [36m304[0m 0.292 ms - -[0m
2026-07-31 04:13:41 [INFO]: [0mGET /images/logo/plantora.png [36m304[0m 0.223 ms - -[0m
2026-07-31 04:13:41 [INFO]: [0mGET /css/profile.css [32m200[0m 1.854 ms - -[0m
2026-07-31 04:13:41 [INFO]: [0mGET /js/profile.js [36m304[0m 0.109 ms - -[0m
2026-07-31 04:13:41 [INFO]: [0mGET /images/logo/plantora-orgn-white.png [36m304[0m 0.103 ms - -[0m
2026-07-31 04:13:41 [INFO]: [0mGET /js/featured.js [36m304[0m 0.757 ms - -[0m
2026-07-31 04:13:41 [INFO]: [0mGET /js/why-choose.js [36m304[0m 0.328 ms - -[0m
2026-07-31 04:13:41 [INFO]: [0mGET /js/notification.js [36m304[0m 0.495 ms - -[0m
2026-07-31 04:13:41 [INFO]: [0mGET /js/footer.js [36m304[0m 0.627 ms - -[0m
2026-07-31 04:13:41 [INFO]: [0mGET /js/auth.js [36m304[0m 0.623 ms - -[0m
2026-07-31 04:13:41 [INFO]: [0mGET /css/variables.css [36m304[0m 0.456 ms - -[0m
2026-07-31 04:13:41 [INFO]: [0mGET /css/utilities.css [36m304[0m 0.563 ms - -[0m
2026-07-31 04:13:41 [INFO]: [0mGET /css/animations.css [36m304[0m 0.631 ms - -[0m
2026-07-31 04:13:41 [INFO]: [0mGET /css/announcement.css [36m304[0m 0.750 ms - -[0m
2026-07-31 04:13:41 [INFO]: [0mGET /css/header.css [36m304[0m 0.161 ms - -[0m
2026-07-31 04:13:41 [INFO]: [0mGET /css/hero.css [36m304[0m 0.312 ms - -[0m
2026-07-31 04:13:41 [INFO]: [0mGET /css/featured.css [36m304[0m 0.179 ms - -[0m
2026-07-31 04:13:41 [INFO]: [0mGET /css/why-choose.css [36m304[0m 0.344 ms - -[0m
2026-07-31 04:13:41 [INFO]: [0mGET /css/footer.css [36m304[0m 0.529 ms - -[0m
2026-07-31 04:13:41 [INFO]: [0mGET /css/auth.css [36m304[0m 0.597 ms - -[0m
2026-07-31 04:13:41 [INFO]: [0mGET /css/verify.css [36m304[0m 0.437 ms - -[0m
2026-07-31 04:13:41 [INFO]: [0mGET /auth/public/js/header.js [33m404[0m 40.604 ms - 88[0m
2026-07-31 04:13:41 [INFO]: [0mGET /auth/%7B%20%20publicId:%20'[object%20Object]/5a0c1f1e-3abd-43cb-bc91-c48f836ab825_ujlzzt',%20%20url:%20'https://res.cloudinary.com/desmwasfe/image/upload/v1785432244/%5Bobject%20Object%5D/5a0c1f1e-3abd-43cb-bc91-c48f836ab825_ujlzzt.jpg'%7D [33m404[0m 47.159 ms - 319[0m
2026-07-31 04:15:26 [INFO]: [0mGET /auth/profile [36m304[0m 1261.617 ms - -[0m
2026-07-31 04:15:26 [INFO]: [0mGET /css/style.css [36m304[0m 0.529 ms - -[0m
2026-07-31 04:15:26 [INFO]: [0mGET /images/logo/plantora.png [36m304[0m 0.231 ms - -[0m
2026-07-31 04:15:26 [INFO]: [0mGET /css/profile.css [32m200[0m 2.149 ms - -[0m
2026-07-31 04:15:26 [INFO]: [0mGET /js/profile.js [36m304[0m 0.518 ms - -[0m
2026-07-31 04:15:26 [INFO]: [0mGET /images/logo/plantora-orgn-white.png [36m304[0m 0.659 ms - -[0m
2026-07-31 04:15:26 [INFO]: [0mGET /js/why-choose.js [36m304[0m 0.195 ms - -[0m
2026-07-31 04:15:26 [INFO]: [0mGET /js/featured.js [36m304[0m 0.293 ms - -[0m
2026-07-31 04:15:26 [INFO]: [0mGET /js/notification.js [36m304[0m 0.195 ms - -[0m
2026-07-31 04:15:26 [INFO]: [0mGET /js/footer.js [36m304[0m 0.617 ms - -[0m
2026-07-31 04:15:26 [INFO]: [0mGET /css/variables.css [36m304[0m 0.162 ms - -[0m
2026-07-31 04:15:26 [INFO]: [0mGET /css/utilities.css [36m304[0m 0.280 ms - -[0m
2026-07-31 04:15:26 [INFO]: [0mGET /css/animations.css [36m304[0m 0.304 ms - -[0m
2026-07-31 04:15:26 [INFO]: [0mGET /css/announcement.css [36m304[0m 0.590 ms - -[0m
2026-07-31 04:15:26 [INFO]: [0mGET /css/header.css [36m304[0m 0.507 ms - -[0m
2026-07-31 04:15:26 [INFO]: [0mGET /css/hero.css [36m304[0m 0.471 ms - -[0m
2026-07-31 04:15:26 [INFO]: [0mGET /css/featured.css [36m304[0m 0.400 ms - -[0m
2026-07-31 04:15:26 [INFO]: [0mGET /css/why-choose.css [36m304[0m 0.486 ms - -[0m
2026-07-31 04:15:26 [INFO]: [0mGET /css/footer.css [36m304[0m 0.398 ms - -[0m
2026-07-31 04:15:26 [INFO]: [0mGET /css/auth.css [36m304[0m 0.176 ms - -[0m
2026-07-31 04:15:26 [INFO]: [0mGET /css/verify.css [36m304[0m 0.285 ms - -[0m
2026-07-31 04:15:26 [INFO]: [0mGET /js/auth.js [36m304[0m 0.128 ms - -[0m
2026-07-31 04:15:26 [INFO]: [0mGET /auth/public/js/header.js [33m404[0m 40.925 ms - 88[0m
2026-07-31 04:15:26 [INFO]: [0mGET /auth/%7B%20%20publicId:%20'[object%20Object]/5a0c1f1e-3abd-43cb-bc91-c48f836ab825_ujlzzt',%20%20url:%20'https://res.cloudinary.com/desmwasfe/image/upload/v1785432244/%5Bobject%20Object%5D/5a0c1f1e-3abd-43cb-bc91-c48f836ab825_ujlzzt.jpg'%7D [33m404[0m 46.510 ms - 319[0m
2026-07-31 04:15:39 [INFO]: [0mGET /auth/profile [36m304[0m 97.834 ms - -[0m
2026-07-31 04:15:39 [INFO]: [0mGET /css/style.css [36m304[0m 0.447 ms - -[0m
2026-07-31 04:15:39 [INFO]: [0mGET /images/logo/plantora.png [36m304[0m 0.251 ms - -[0m
2026-07-31 04:15:39 [INFO]: [0mGET /css/profile.css [32m200[0m 1.520 ms - -[0m
2026-07-31 04:15:39 [INFO]: [0mGET /js/profile.js [36m304[0m 0.794 ms - -[0m
2026-07-31 04:15:39 [INFO]: [0mGET /images/logo/plantora-orgn-white.png [36m304[0m 0.969 ms - -[0m
2026-07-31 04:15:39 [INFO]: [0mGET /js/featured.js [36m304[0m 0.516 ms - -[0m
2026-07-31 04:15:39 [INFO]: [0mGET /js/why-choose.js [36m304[0m 0.544 ms - -[0m
2026-07-31 04:15:39 [INFO]: [0mGET /js/notification.js [36m304[0m 0.542 ms - -[0m
2026-07-31 04:15:39 [INFO]: [0mGET /js/footer.js [36m304[0m 0.576 ms - -[0m
2026-07-31 04:15:39 [INFO]: [0mGET /js/auth.js [36m304[0m 0.214 ms - -[0m
2026-07-31 04:15:39 [INFO]: [0mGET /css/variables.css [36m304[0m 0.324 ms - -[0m
2026-07-31 04:15:39 [INFO]: [0mGET /css/utilities.css [36m304[0m 0.725 ms - -[0m
2026-07-31 04:15:39 [INFO]: [0mGET /css/animations.css [36m304[0m 0.700 ms - -[0m
2026-07-31 04:15:39 [INFO]: [0mGET /css/announcement.css [36m304[0m 0.466 ms - -[0m
2026-07-31 04:15:39 [INFO]: [0mGET /css/header.css [36m304[0m 0.589 ms - -[0m
2026-07-31 04:15:39 [INFO]: [0mGET /css/hero.css [36m304[0m 0.217 ms - -[0m
2026-07-31 04:15:39 [INFO]: [0mGET /css/featured.css [36m304[0m 0.441 ms - -[0m
2026-07-31 04:15:39 [INFO]: [0mGET /css/why-choose.css [36m304[0m 0.427 ms - -[0m
2026-07-31 04:15:39 [INFO]: [0mGET /css/footer.css [36m304[0m 0.429 ms - -[0m
2026-07-31 04:15:39 [INFO]: [0mGET /css/auth.css [36m304[0m 0.360 ms - -[0m
2026-07-31 04:15:39 [INFO]: [0mGET /css/verify.css [36m304[0m 0.288 ms - -[0m
2026-07-31 04:15:39 [INFO]: [0mGET /auth/public/js/header.js [33m404[0m 41.217 ms - 88[0m
2026-07-31 04:15:39 [INFO]: [0mGET /auth/%7B%20%20publicId:%20'[object%20Object]/5a0c1f1e-3abd-43cb-bc91-c48f836ab825_ujlzzt',%20%20url:%20'https://res.cloudinary.com/desmwasfe/image/upload/v1785432244/%5Bobject%20Object%5D/5a0c1f1e-3abd-43cb-bc91-c48f836ab825_ujlzzt.jpg'%7D [33m404[0m 61.684 ms - 319[0m
2026-07-31 04:18:58 [INFO]: [0mGET /auth/profile [36m304[0m 99.078 ms - -[0m
2026-07-31 04:18:58 [INFO]: [0mGET /css/style.css [36m304[0m 0.569 ms - -[0m
2026-07-31 04:18:58 [INFO]: [0mGET /images/logo/plantora.png [36m304[0m 0.483 ms - -[0m
2026-07-31 04:18:58 [INFO]: [0mGET /css/profile.css [32m200[0m 1.468 ms - -[0m
2026-07-31 04:18:58 [INFO]: [0mGET /js/profile.js [36m304[0m 0.341 ms - -[0m
2026-07-31 04:18:58 [INFO]: [0mGET /images/logo/plantora-orgn-white.png [36m304[0m 0.500 ms - -[0m
2026-07-31 04:18:58 [INFO]: [0mGET /js/featured.js [36m304[0m 0.212 ms - -[0m
2026-07-31 04:18:58 [INFO]: [0mGET /js/why-choose.js [36m304[0m 0.347 ms - -[0m
2026-07-31 04:18:58 [INFO]: [0mGET /js/notification.js [36m304[0m 0.236 ms - -[0m
2026-07-31 04:18:58 [INFO]: [0mGET /js/footer.js [36m304[0m 0.401 ms - -[0m
2026-07-31 04:18:58 [INFO]: [0mGET /js/auth.js [36m304[0m 0.246 ms - -[0m
2026-07-31 04:18:58 [INFO]: [0mGET /css/variables.css [36m304[0m 0.109 ms - -[0m
2026-07-31 04:18:58 [INFO]: [0mGET /css/utilities.css [36m304[0m 0.367 ms - -[0m
2026-07-31 04:18:58 [INFO]: [0mGET /css/animations.css [36m304[0m 0.474 ms - -[0m
2026-07-31 04:18:58 [INFO]: [0mGET /css/announcement.css [36m304[0m 0.699 ms - -[0m
2026-07-31 04:18:58 [INFO]: [0mGET /css/header.css [36m304[0m 0.626 ms - -[0m
2026-07-31 04:18:58 [INFO]: [0mGET /css/hero.css [36m304[0m 0.548 ms - -[0m
2026-07-31 04:18:58 [INFO]: [0mGET /css/featured.css [36m304[0m 0.221 ms - -[0m
2026-07-31 04:18:58 [INFO]: [0mGET /css/why-choose.css [36m304[0m 0.448 ms - -[0m
2026-07-31 04:18:58 [INFO]: [0mGET /css/footer.css [36m304[0m 0.372 ms - -[0m
2026-07-31 04:18:58 [INFO]: [0mGET /css/auth.css [36m304[0m 0.173 ms - -[0m
2026-07-31 04:18:58 [INFO]: [0mGET /css/verify.css [36m304[0m 0.276 ms - -[0m
2026-07-31 04:18:58 [INFO]: [0mGET /auth/%7B%20%20publicId:%20'[object%20Object]/5a0c1f1e-3abd-43cb-bc91-c48f836ab825_ujlzzt',%20%20url:%20'https://res.cloudinary.com/desmwasfe/image/upload/v1785432244/%5Bobject%20Object%5D/5a0c1f1e-3abd-43cb-bc91-c48f836ab825_ujlzzt.jpg'%7D [33m404[0m 46.948 ms - 319[0m
2026-07-31 04:18:58 [INFO]: [0mGET /auth/public/js/header.js [33m404[0m 53.697 ms - 88[0m
2026-07-31 04:19:46 [ERROR]: Failed to create audit log: AuditLog validation failed: action: `Logout` is not a valid enum value for path `action`.
2026-07-31 04:19:46 [INFO]: Logout successful : customer_0001@yopmail.com
2026-07-31 04:19:46 [INFO]: [0mPOST /auth/logout [36m302[0m 211.767 ms - 30[0m
2026-07-31 04:19:46 [INFO]: [0mGET / [32m200[0m 8.633 ms - -[0m
2026-07-31 04:19:46 [INFO]: [0mGET /css/style.css [36m304[0m 0.296 ms - -[0m
2026-07-31 04:19:46 [INFO]: [0mGET /images/hero/hero-placeholder.png [36m304[0m 0.199 ms - -[0m
2026-07-31 04:19:46 [INFO]: [0mGET /images/logo/plantora.png [36m304[0m 0.576 ms - -[0m
2026-07-31 04:19:46 [INFO]: [0mGET /images/hero/monstera-plant.jpg [36m304[0m 0.464 ms - -[0m
2026-07-31 04:19:46 [INFO]: [0mGET /images/hero/snake-plant.jpg [36m304[0m 0.522 ms - -[0m
2026-07-31 04:19:46 [INFO]: [0mGET /images/hero/peace-lily.jpg [36m304[0m 0.384 ms - -[0m
2026-07-31 04:19:46 [INFO]: [0mGET /public/js/header.js [33m404[0m 1.113 ms - 83[0m
2026-07-31 04:19:46 [INFO]: [0mGET /js/featured.js [36m304[0m 1.033 ms - -[0m
2026-07-31 04:19:46 [INFO]: [0mGET /js/why-choose.js [36m304[0m 0.181 ms - -[0m
2026-07-31 04:19:46 [INFO]: [0mGET /css/variables.css [36m304[0m 0.159 ms - -[0m
2026-07-31 04:19:46 [INFO]: [0mGET /js/notification.js [36m304[0m 0.493 ms - -[0m
2026-07-31 04:19:46 [INFO]: [0mGET /css/utilities.css [36m304[0m 0.899 ms - -[0m
2026-07-31 04:19:46 [INFO]: [0mGET /css/animations.css [36m304[0m 1.105 ms - -[0m
2026-07-31 04:19:46 [INFO]: [0mGET /css/announcement.css [36m304[0m 0.233 ms - -[0m
2026-07-31 04:19:46 [INFO]: [0mGET /css/header.css [36m304[0m 1.031 ms - -[0m
2026-07-31 04:19:46 [INFO]: [0mGET /css/hero.css [36m304[0m 0.809 ms - -[0m
2026-07-31 04:19:46 [INFO]: [0mGET /css/featured.css [36m304[0m 1.249 ms - -[0m
2026-07-31 04:19:46 [INFO]: [0mGET /css/why-choose.css [36m304[0m 0.285 ms - -[0m
2026-07-31 04:19:46 [INFO]: [0mGET /css/footer.css [36m304[0m 0.390 ms - -[0m
2026-07-31 04:19:46 [INFO]: [0mGET /css/auth.css [36m304[0m 0.674 ms - -[0m
2026-07-31 04:19:46 [INFO]: [0mGET /css/verify.css [36m304[0m 0.294 ms - -[0m
2026-07-31 04:19:46 [INFO]: [0mGET /js/footer.js [36m304[0m 0.312 ms - -[0m
2026-07-31 04:19:46 [INFO]: [0mGET /js/auth.js [36m304[0m 0.326 ms - -[0m
2026-07-31 04:19:46 [INFO]: [0mGET /images/hero/tulip-plant.jpg [36m304[0m 1.034 ms - -[0m
2026-07-31 04:19:46 [INFO]: [0mGET /images/hero/rubber-plant.jpg [36m304[0m 0.791 ms - -[0m
2026-07-31 04:19:46 [INFO]: [0mGET /images/hero/aloe-vera.jpg [36m304[0m 1.043 ms - -[0m
2026-07-31 04:19:46 [INFO]: [0mGET /images/hero/areca-palm.jpg [36m304[0m 0.387 ms - -[0m
2026-07-31 04:19:46 [INFO]: [0mGET /images/hero/jade-plant.jpg [36m304[0m 0.508 ms - -[0m
2026-07-31 04:19:46 [INFO]: [0mGET /images/hero/golden-pothos.jpg [36m304[0m 0.296 ms - -[0m
2026-07-31 04:19:46 [INFO]: [0mGET /images/hero/fiddle-leaf-fig.jpg [36m304[0m 0.239 ms - -[0m
2026-07-31 04:19:46 [INFO]: [0mGET /images/hero/why-choose.jpg [36m304[0m 0.198 ms - -[0m
2026-07-31 04:19:46 [INFO]: [0mGET /images/logo/plantora-orgn-white.png [36m304[0m 0.174 ms - -[0m
2026-07-31 04:20:06 [WARN]: Invalid password : plantora-admin@yopmail.com
2026-07-31 04:20:06 [INFO]: [0mPOST /auth/login [33m401[0m 330.252 ms - 56[0m
2026-07-31 04:20:15 [WARN]: Invalid password : plantora-admin@yopmail.com
2026-07-31 04:20:15 [INFO]: [0mPOST /auth/login [33m401[0m 337.206 ms - 56[0m
2026-07-31 04:20:26 [WARN]: Invalid password : plantora-admin@yopmail.com
2026-07-31 04:20:26 [INFO]: [0mPOST /auth/login [33m401[0m 316.566 ms - 56[0m
2026-07-31 04:20:49 [WARN]: Invalid password : plantora-admin@yopmail.com
2026-07-31 04:20:49 [INFO]: [0mPOST /auth/login [33m401[0m 320.896 ms - 56[0m
2026-07-31 04:21:08 [INFO]: SIGINT received. Shutting down server...
2026-07-31 04:21:25 [INFO]: MongoDB connected successfully.
2026-07-31 04:21:27 [INFO]: Email server connected successfully.
2026-07-31 04:21:27 [INFO]: Server is running on port 5132.
2026-07-31 04:21:28 [INFO]: [0mGET / [36m304[0m 12.016 ms - -[0m
2026-07-31 04:21:28 [INFO]: [0mGET /css/style.css [36m304[0m 0.975 ms - -[0m
2026-07-31 04:21:28 [INFO]: [0mGET /images/logo/plantora.png [36m304[0m 0.393 ms - -[0m
2026-07-31 04:21:28 [INFO]: [0mGET /images/hero/hero-placeholder.png [36m304[0m 0.683 ms - -[0m
2026-07-31 04:21:28 [INFO]: [0mGET /images/hero/monstera-plant.jpg [36m304[0m 0.398 ms - -[0m
2026-07-31 04:21:28 [INFO]: [0mGET /images/hero/snake-plant.jpg [36m304[0m 0.417 ms - -[0m
2026-07-31 04:21:28 [INFO]: [0mGET /images/hero/peace-lily.jpg [36m304[0m 0.593 ms - -[0m
2026-07-31 04:21:28 [INFO]: [0mGET /public/js/header.js [33m404[0m 1.856 ms - 83[0m
2026-07-31 04:21:28 [INFO]: [0mGET /js/featured.js [36m304[0m 0.545 ms - -[0m
2026-07-31 04:21:28 [INFO]: [0mGET /js/why-choose.js [36m304[0m 0.632 ms - -[0m
2026-07-31 04:21:28 [INFO]: [0mGET /css/variables.css [36m304[0m 0.968 ms - -[0m
2026-07-31 04:21:28 [INFO]: [0mGET /js/notification.js [36m304[0m 0.559 ms - -[0m
2026-07-31 04:21:28 [INFO]: [0mGET /js/footer.js [36m304[0m 0.581 ms - -[0m
2026-07-31 04:21:28 [INFO]: [0mGET /css/utilities.css [36m304[0m 0.703 ms - -[0m
2026-07-31 04:21:28 [INFO]: [0mGET /css/animations.css [36m304[0m 0.373 ms - -[0m
2026-07-31 04:21:28 [INFO]: [0mGET /css/announcement.css [36m304[0m 0.492 ms - -[0m
2026-07-31 04:21:28 [INFO]: [0mGET /css/header.css [36m304[0m 0.678 ms - -[0m
2026-07-31 04:21:28 [INFO]: [0mGET /css/hero.css [36m304[0m 0.323 ms - -[0m
2026-07-31 04:21:28 [INFO]: [0mGET /css/featured.css [36m304[0m 0.576 ms - -[0m
2026-07-31 04:21:28 [INFO]: [0mGET /css/why-choose.css [36m304[0m 1.200 ms - -[0m
2026-07-31 04:21:28 [INFO]: [0mGET /css/footer.css [36m304[0m 0.871 ms - -[0m
2026-07-31 04:21:28 [INFO]: [0mGET /css/auth.css [36m304[0m 1.068 ms - -[0m
2026-07-31 04:21:28 [INFO]: [0mGET /css/verify.css [36m304[0m 0.344 ms - -[0m
2026-07-31 04:21:28 [INFO]: [0mGET /js/auth.js [36m304[0m 0.599 ms - -[0m
2026-07-31 04:21:28 [INFO]: [0mGET /images/hero/tulip-plant.jpg [36m304[0m 0.776 ms - -[0m
2026-07-31 04:21:28 [INFO]: [0mGET /images/hero/rubber-plant.jpg [36m304[0m 0.656 ms - -[0m
2026-07-31 04:21:28 [INFO]: [0mGET /images/hero/aloe-vera.jpg [36m304[0m 0.824 ms - -[0m
2026-07-31 04:21:28 [INFO]: [0mGET /images/hero/areca-palm.jpg [36m304[0m 0.700 ms - -[0m
2026-07-31 04:21:28 [INFO]: [0mGET /images/hero/jade-plant.jpg [36m304[0m 0.395 ms - -[0m
2026-07-31 04:21:28 [INFO]: [0mGET /images/hero/golden-pothos.jpg [36m304[0m 0.518 ms - -[0m
2026-07-31 04:21:28 [INFO]: [0mGET /images/hero/fiddle-leaf-fig.jpg [36m304[0m 0.651 ms - -[0m
2026-07-31 04:21:28 [INFO]: [0mGET /images/hero/why-choose.jpg [36m304[0m 0.229 ms - -[0m
2026-07-31 04:21:28 [INFO]: [0mGET /images/logo/plantora-orgn-white.png [36m304[0m 0.519 ms - -[0m
2026-07-31 04:21:55 [ERROR]: Failed to create audit log: AuditLog validation failed: action: `Account Locked` is not a valid enum value for path `action`., severity: `medium` is not a valid enum value for path `severity`.
2026-07-31 04:21:55 [WARN]: Account locked : plantora-admin@yopmail.com
2026-07-31 04:21:55 [WARN]: Invalid password : plantora-admin@yopmail.com
2026-07-31 04:21:55 [INFO]: [0mPOST /auth/login [33m401[0m 392.895 ms - 56[0m
2026-07-31 04:22:05 [INFO]: [0mPOST /auth/login [33m403[0m 43.518 ms - 89[0m
2026-07-31 04:23:22 [INFO]: [0mGET / [36m304[0m 13.938 ms - -[0m
2026-07-31 04:23:22 [INFO]: [0mGET /css/style.css [36m304[0m 0.868 ms - -[0m
2026-07-31 04:23:22 [INFO]: [0mGET /images/logo/plantora.png [36m304[0m 1.640 ms - -[0m
2026-07-31 04:23:22 [INFO]: [0mGET /images/hero/hero-placeholder.png [36m304[0m 1.052 ms - -[0m
2026-07-31 04:23:22 [INFO]: [0mGET /images/hero/monstera-plant.jpg [36m304[0m 0.332 ms - -[0m
2026-07-31 04:23:22 [INFO]: [0mGET /images/hero/snake-plant.jpg [36m304[0m 0.707 ms - -[0m
2026-07-31 04:23:22 [INFO]: [0mGET /images/hero/peace-lily.jpg [36m304[0m 0.375 ms - -[0m
2026-07-31 04:23:22 [INFO]: [0mGET /public/js/header.js [33m404[0m 2.145 ms - 83[0m
2026-07-31 04:23:22 [INFO]: [0mGET /js/featured.js [36m304[0m 0.386 ms - -[0m
2026-07-31 04:23:22 [INFO]: [0mGET /js/why-choose.js [36m304[0m 0.554 ms - -[0m
2026-07-31 04:23:22 [INFO]: [0mGET /js/notification.js [36m304[0m 0.633 ms - -[0m
2026-07-31 04:23:22 [INFO]: [0mGET /js/footer.js [36m304[0m 0.846 ms - -[0m
2026-07-31 04:23:22 [INFO]: [0mGET /css/variables.css [36m304[0m 1.082 ms - -[0m
2026-07-31 04:23:22 [INFO]: [0mGET /js/auth.js [36m304[0m 1.398 ms - -[0m
2026-07-31 04:23:22 [INFO]: [0mGET /css/announcement.css [36m304[0m 0.437 ms - -[0m
2026-07-31 04:23:22 [INFO]: [0mGET /css/header.css [36m304[0m 0.639 ms - -[0m
2026-07-31 04:23:22 [INFO]: [0mGET /css/hero.css [36m304[0m 0.965 ms - -[0m
2026-07-31 04:23:22 [INFO]: [0mGET /css/utilities.css [36m304[0m 1.673 ms - -[0m
2026-07-31 04:23:22 [INFO]: [0mGET /css/animations.css [36m304[0m 1.958 ms - -[0m
2026-07-31 04:23:22 [INFO]: [0mGET /css/featured.css [36m304[0m 1.256 ms - -[0m
2026-07-31 04:23:22 [INFO]: [0mGET /css/why-choose.css [36m304[0m 1.568 ms - -[0m
2026-07-31 04:23:22 [INFO]: [0mGET /css/footer.css [36m304[0m 1.626 ms - -[0m
2026-07-31 04:23:22 [INFO]: [0mGET /css/auth.css [36m304[0m 1.835 ms - -[0m
2026-07-31 04:23:22 [INFO]: [0mGET /css/verify.css [36m304[0m 2.114 ms - -[0m
2026-07-31 04:23:22 [INFO]: [0mGET /images/hero/tulip-plant.jpg [36m304[0m 1.167 ms - -[0m
2026-07-31 04:23:22 [INFO]: [0mGET /images/hero/rubber-plant.jpg [36m304[0m 0.949 ms - -[0m
2026-07-31 04:23:22 [INFO]: [0mGET /images/hero/aloe-vera.jpg [36m304[0m 1.181 ms - -[0m
2026-07-31 04:23:22 [INFO]: [0mGET /images/hero/areca-palm.jpg [36m304[0m 1.428 ms - -[0m
2026-07-31 04:23:22 [INFO]: [0mGET /images/hero/jade-plant.jpg [36m304[0m 0.859 ms - -[0m
2026-07-31 04:23:22 [INFO]: [0mGET /images/hero/golden-pothos.jpg [36m304[0m 0.976 ms - -[0m
2026-07-31 04:23:22 [INFO]: [0mGET /images/hero/fiddle-leaf-fig.jpg [36m304[0m 1.138 ms - -[0m
2026-07-31 04:23:22 [INFO]: [0mGET /images/hero/why-choose.jpg [36m304[0m 1.270 ms - -[0m
2026-07-31 04:23:22 [INFO]: [0mGET /images/logo/plantora-orgn-white.png [36m304[0m 2.026 ms - -[0m
2026-07-31 04:23:32 [INFO]: [0mPOST /auth/login [33m403[0m 41.448 ms - 89[0m
2026-07-31 04:23:56 [INFO]: MongoDB connected successfully.
2026-07-31 04:24:14 [INFO]: [0mGET / [36m304[0m 11.093 ms - -[0m
2026-07-31 04:24:14 [INFO]: [0mGET /css/style.css [36m304[0m 0.994 ms - -[0m
2026-07-31 04:24:14 [INFO]: [0mGET /images/logo/plantora.png [36m304[0m 1.420 ms - -[0m
2026-07-31 04:24:14 [INFO]: [0mGET /images/hero/hero-placeholder.png [36m304[0m 0.929 ms - -[0m
2026-07-31 04:24:14 [INFO]: [0mGET /images/hero/monstera-plant.jpg [36m304[0m 0.803 ms - -[0m
2026-07-31 04:24:14 [INFO]: [0mGET /images/hero/snake-plant.jpg [36m304[0m 0.949 ms - -[0m
2026-07-31 04:24:14 [INFO]: [0mGET /images/hero/peace-lily.jpg [36m304[0m 1.163 ms - -[0m
2026-07-31 04:24:14 [INFO]: [0mGET /public/js/header.js [33m404[0m 2.732 ms - 83[0m
2026-07-31 04:24:14 [INFO]: [0mGET /js/featured.js [36m304[0m 0.611 ms - -[0m
2026-07-31 04:24:14 [INFO]: [0mGET /css/variables.css [36m304[0m 0.835 ms - -[0m
2026-07-31 04:24:14 [INFO]: [0mGET /css/utilities.css [36m304[0m 0.991 ms - -[0m
2026-07-31 04:24:14 [INFO]: [0mGET /css/animations.css [36m304[0m 0.361 ms - -[0m
2026-07-31 04:24:14 [INFO]: [0mGET /css/announcement.css [36m304[0m 0.931 ms - -[0m
2026-07-31 04:24:14 [INFO]: [0mGET /css/header.css [36m304[0m 0.638 ms - -[0m
2026-07-31 04:24:14 [INFO]: [0mGET /css/hero.css [36m304[0m 0.790 ms - -[0m
2026-07-31 04:24:14 [INFO]: [0mGET /css/featured.css [36m304[0m 1.794 ms - -[0m
2026-07-31 04:24:14 [INFO]: [0mGET /css/why-choose.css [36m304[0m 2.085 ms - -[0m
2026-07-31 04:24:14 [INFO]: [0mGET /css/footer.css [36m304[0m 0.913 ms - -[0m
2026-07-31 04:24:14 [INFO]: [0mGET /css/auth.css [36m304[0m 0.314 ms - -[0m
2026-07-31 04:24:14 [INFO]: [0mGET /css/verify.css [36m304[0m 0.442 ms - -[0m
2026-07-31 04:24:14 [INFO]: [0mGET /js/why-choose.js [36m304[0m 0.521 ms - -[0m
2026-07-31 04:24:14 [INFO]: [0mGET /js/notification.js [36m304[0m 0.650 ms - -[0m
2026-07-31 04:24:14 [INFO]: [0mGET /js/footer.js [36m304[0m 0.746 ms - -[0m
2026-07-31 04:24:14 [INFO]: [0mGET /js/auth.js [36m304[0m 0.323 ms - -[0m
2026-07-31 04:24:14 [INFO]: [0mGET /images/hero/tulip-plant.jpg [36m304[0m 0.534 ms - -[0m
2026-07-31 04:24:14 [INFO]: [0mGET /images/hero/rubber-plant.jpg [36m304[0m 0.261 ms - -[0m
2026-07-31 04:24:14 [INFO]: [0mGET /images/hero/aloe-vera.jpg [36m304[0m 0.558 ms - -[0m
2026-07-31 04:24:14 [INFO]: [0mGET /images/hero/areca-palm.jpg [36m304[0m 0.472 ms - -[0m
2026-07-31 04:24:14 [INFO]: [0mGET /images/hero/jade-plant.jpg [36m304[0m 0.484 ms - -[0m
2026-07-31 04:24:14 [INFO]: [0mGET /images/hero/golden-pothos.jpg [36m304[0m 0.304 ms - -[0m
2026-07-31 04:24:14 [INFO]: [0mGET /images/hero/fiddle-leaf-fig.jpg [36m304[0m 0.431 ms - -[0m
2026-07-31 04:24:14 [INFO]: [0mGET /images/hero/why-choose.jpg [36m304[0m 0.697 ms - -[0m
2026-07-31 04:24:14 [INFO]: [0mGET /images/logo/plantora-orgn-white.png [36m304[0m 0.392 ms - -[0m
2026-07-31 04:24:19 [ERROR]: Failed to create audit log: AuditLog validation failed: action: `Login` is not a valid enum value for path `action`.
2026-07-31 04:24:19 [INFO]: Login successful : plantora-admin@yopmail.com
2026-07-31 04:24:19 [INFO]: [0mPOST /auth/login [32m200[0m 428.629 ms - 46[0m
2026-07-31 04:24:20 [INFO]: [0mGET / [32m200[0m 48.701 ms - -[0m
2026-07-31 04:24:20 [INFO]: [0mGET /css/style.css [36m304[0m 0.822 ms - -[0m
2026-07-31 04:24:20 [INFO]: [0mGET /images/logo/plantora.png [36m304[0m 0.651 ms - -[0m
2026-07-31 04:24:20 [INFO]: [0mGET /images/hero/hero-placeholder.png [36m304[0m 0.356 ms - -[0m
2026-07-31 04:24:20 [INFO]: [0mGET /images/hero/monstera-plant.jpg [36m304[0m 0.520 ms - -[0m
2026-07-31 04:24:20 [INFO]: [0mGET /js/featured.js [36m304[0m 0.355 ms - -[0m
2026-07-31 04:24:20 [INFO]: [0mGET /js/why-choose.js [36m304[0m 0.293 ms - -[0m
2026-07-31 04:24:20 [INFO]: [0mGET /css/variables.css [36m304[0m 0.533 ms - -[0m
2026-07-31 04:24:20 [INFO]: [0mGET /css/utilities.css [36m304[0m 0.510 ms - -[0m
2026-07-31 04:24:20 [INFO]: [0mGET /css/animations.css [36m304[0m 0.927 ms - -[0m
2026-07-31 04:24:20 [INFO]: [0mGET /css/announcement.css [36m304[0m 0.411 ms - -[0m
2026-07-31 04:24:20 [INFO]: [0mGET /css/header.css [36m304[0m 0.343 ms - -[0m
2026-07-31 04:24:20 [INFO]: [0mGET /css/hero.css [36m304[0m 0.426 ms - -[0m
2026-07-31 04:24:20 [INFO]: [0mGET /css/featured.css [36m304[0m 0.592 ms - -[0m
2026-07-31 04:24:20 [INFO]: [0mGET /css/why-choose.css [36m304[0m 0.520 ms - -[0m
2026-07-31 04:24:20 [INFO]: [0mGET /css/footer.css [36m304[0m 0.395 ms - -[0m
2026-07-31 04:24:20 [INFO]: [0mGET /css/auth.css [36m304[0m 0.705 ms - -[0m
2026-07-31 04:24:20 [INFO]: [0mGET /css/verify.css [36m304[0m 0.647 ms - -[0m
2026-07-31 04:24:20 [INFO]: [0mGET /js/notification.js [36m304[0m 0.221 ms - -[0m
2026-07-31 04:24:20 [INFO]: [0mGET /js/footer.js [36m304[0m 0.423 ms - -[0m
2026-07-31 04:24:20 [INFO]: [0mGET /js/auth.js [36m304[0m 0.269 ms - -[0m
2026-07-31 04:24:20 [INFO]: [0mGET /images/hero/snake-plant.jpg [36m304[0m 0.129 ms - -[0m
2026-07-31 04:24:20 [INFO]: [0mGET /images/hero/peace-lily.jpg [36m304[0m 0.187 ms - -[0m
2026-07-31 04:24:20 [INFO]: [0mGET /images/hero/tulip-plant.jpg [36m304[0m 0.303 ms - -[0m
2026-07-31 04:24:20 [INFO]: [0mGET /images/hero/rubber-plant.jpg [36m304[0m 0.185 ms - -[0m
2026-07-31 04:24:20 [INFO]: [0mGET /images/hero/aloe-vera.jpg [36m304[0m 0.130 ms - -[0m
2026-07-31 04:24:20 [INFO]: [0mGET /images/hero/areca-palm.jpg [36m304[0m 0.176 ms - -[0m
2026-07-31 04:24:20 [INFO]: [0mGET /images/hero/jade-plant.jpg [36m304[0m 0.267 ms - -[0m
2026-07-31 04:24:20 [INFO]: [0mGET /images/hero/golden-pothos.jpg [36m304[0m 0.356 ms - -[0m
2026-07-31 04:24:20 [INFO]: [0mGET /%7B%20%20publicId:%20'/public/default/profile.png',%20%20url:%20'https://res.cloudinary.com/desmwasfe/image/upload/v1781973939/default-avatar_d6ofmr.png'%7D [33m404[0m 42.996 ms - 236[0m
2026-07-31 04:24:20 [INFO]: [0mGET /images/hero/fiddle-leaf-fig.jpg [36m304[0m 0.244 ms - -[0m
2026-07-31 04:24:20 [INFO]: [0mGET /images/hero/why-choose.jpg [36m304[0m 0.220 ms - -[0m
2026-07-31 04:24:20 [INFO]: [0mGET /images/logo/plantora-orgn-white.png [36m304[0m 0.276 ms - -[0m
2026-07-31 04:24:20 [INFO]: [0mGET /public/js/header.js [33m404[0m 48.799 ms - 83[0m
2026-07-31 04:24:23 [INFO]: [0mGET /auth/profile [32m200[0m 118.445 ms - -[0m
2026-07-31 04:24:23 [INFO]: [0mGET /css/style.css [36m304[0m 0.848 ms - -[0m
2026-07-31 04:24:23 [INFO]: [0mGET /css/profile.css [36m304[0m 1.131 ms - -[0m
2026-07-31 04:24:23 [INFO]: [0mGET /images/logo/plantora.png [36m304[0m 1.557 ms - -[0m
2026-07-31 04:24:23 [INFO]: [0mGET /js/profile.js [36m304[0m 0.444 ms - -[0m
2026-07-31 04:24:23 [INFO]: [0mGET /images/logo/plantora-orgn-white.png [36m304[0m 0.567 ms - -[0m
2026-07-31 04:24:23 [INFO]: [0mGET /js/featured.js [36m304[0m 2.001 ms - -[0m
2026-07-31 04:24:23 [INFO]: [0mGET /js/why-choose.js [36m304[0m 0.744 ms - -[0m
2026-07-31 04:24:23 [INFO]: [0mGET /css/variables.css [36m304[0m 0.286 ms - -[0m
2026-07-31 04:24:23 [INFO]: [0mGET /css/utilities.css [36m304[0m 0.508 ms - -[0m
2026-07-31 04:24:23 [INFO]: [0mGET /css/animations.css [36m304[0m 0.126 ms - -[0m
2026-07-31 04:24:23 [INFO]: [0mGET /css/announcement.css [36m304[0m 0.483 ms - -[0m
2026-07-31 04:24:23 [INFO]: [0mGET /css/header.css [36m304[0m 0.402 ms - -[0m
2026-07-31 04:24:23 [INFO]: [0mGET /css/hero.css [36m304[0m 0.314 ms - -[0m
2026-07-31 04:24:23 [INFO]: [0mGET /css/featured.css [36m304[0m 0.431 ms - -[0m
2026-07-31 04:24:23 [INFO]: [0mGET /css/why-choose.css [36m304[0m 0.632 ms - -[0m
2026-07-31 04:24:23 [INFO]: [0mGET /css/footer.css [36m304[0m 0.245 ms - -[0m
2026-07-31 04:24:23 [INFO]: [0mGET /css/auth.css [36m304[0m 0.395 ms - -[0m
2026-07-31 04:24:23 [INFO]: [0mGET /css/verify.css [36m304[0m 0.709 ms - -[0m
2026-07-31 04:24:23 [INFO]: [0mGET /js/notification.js [36m304[0m 0.203 ms - -[0m
2026-07-31 04:24:23 [INFO]: [0mGET /js/footer.js [36m304[0m 0.391 ms - -[0m
2026-07-31 04:24:23 [INFO]: [0mGET /js/auth.js [36m304[0m 0.606 ms - -[0m
2026-07-31 04:24:23 [INFO]: [0mGET /auth/%7B%20%20publicId:%20'/public/default/profile.png',%20%20url:%20'https://res.cloudinary.com/desmwasfe/image/upload/v1781973939/default-avatar_d6ofmr.png'%7D [33m404[0m 51.204 ms - 241[0m
2026-07-31 04:24:23 [INFO]: [0mGET /auth/public/js/header.js [33m404[0m 43.521 ms - 88[0m
2026-07-31 04:25:13 [INFO]: [0mGET / [36m304[0m 52.197 ms - -[0m
2026-07-31 04:25:13 [INFO]: [0mGET /css/style.css [36m304[0m 0.850 ms - -[0m
2026-07-31 04:25:13 [INFO]: [0mGET /images/logo/plantora.png [36m304[0m 0.915 ms - -[0m
2026-07-31 04:25:13 [INFO]: [0mGET /images/hero/hero-placeholder.png [36m304[0m 0.304 ms - -[0m
2026-07-31 04:25:13 [INFO]: [0mGET /js/featured.js [36m304[0m 1.289 ms - -[0m
2026-07-31 04:25:13 [INFO]: [0mGET /images/hero/monstera-plant.jpg [36m304[0m 1.389 ms - -[0m
2026-07-31 04:25:13 [INFO]: [0mGET /js/why-choose.js [36m304[0m 2.575 ms - -[0m
2026-07-31 04:25:13 [INFO]: [0mGET /css/variables.css [36m304[0m 0.504 ms - -[0m
2026-07-31 04:25:13 [INFO]: [0mGET /css/utilities.css [36m304[0m 0.690 ms - -[0m
2026-07-31 04:25:13 [INFO]: [0mGET /css/animations.css [36m304[0m 0.874 ms - -[0m
2026-07-31 04:25:13 [INFO]: [0mGET /css/announcement.css [36m304[0m 1.331 ms - -[0m
2026-07-31 04:25:13 [INFO]: [0mGET /css/header.css [36m304[0m 1.364 ms - -[0m
2026-07-31 04:25:13 [INFO]: [0mGET /css/hero.css [36m304[0m 1.609 ms - -[0m
2026-07-31 04:25:13 [INFO]: [0mGET /css/featured.css [36m304[0m 1.358 ms - -[0m
2026-07-31 04:25:13 [INFO]: [0mGET /css/why-choose.css [36m304[0m 0.310 ms - -[0m
2026-07-31 04:25:13 [INFO]: [0mGET /css/footer.css [36m304[0m 0.964 ms - -[0m
2026-07-31 04:25:13 [INFO]: [0mGET /css/auth.css [36m304[0m 0.745 ms - -[0m
2026-07-31 04:25:13 [INFO]: [0mGET /css/verify.css [36m304[0m 0.922 ms - -[0m
2026-07-31 04:25:13 [INFO]: [0mGET /js/notification.js [36m304[0m 0.389 ms - -[0m
2026-07-31 04:25:13 [INFO]: [0mGET /js/footer.js [36m304[0m 0.640 ms - -[0m
2026-07-31 04:25:13 [INFO]: [0mGET /js/auth.js [36m304[0m 0.233 ms - -[0m
2026-07-31 04:25:13 [INFO]: [0mGET /images/hero/snake-plant.jpg [36m304[0m 0.440 ms - -[0m
2026-07-31 04:25:13 [INFO]: [0mGET /images/hero/peace-lily.jpg [36m304[0m 0.854 ms - -[0m
2026-07-31 04:25:13 [INFO]: [0mGET /images/hero/tulip-plant.jpg [36m304[0m 1.046 ms - -[0m
2026-07-31 04:25:13 [INFO]: [0mGET /images/hero/rubber-plant.jpg [36m304[0m 1.143 ms - -[0m
2026-07-31 04:25:13 [INFO]: [0mGET /images/hero/aloe-vera.jpg [36m304[0m 1.922 ms - -[0m
2026-07-31 04:25:13 [INFO]: [0mGET /images/hero/areca-palm.jpg [36m304[0m 0.401 ms - -[0m
2026-07-31 04:25:13 [INFO]: [0mGET /images/hero/jade-plant.jpg [36m304[0m 0.492 ms - -[0m
2026-07-31 04:25:13 [INFO]: [0mGET /images/hero/golden-pothos.jpg [36m304[0m 0.318 ms - -[0m
2026-07-31 04:25:13 [INFO]: [0mGET /images/hero/fiddle-leaf-fig.jpg [36m304[0m 0.470 ms - -[0m
2026-07-31 04:25:13 [INFO]: [0mGET /images/hero/why-choose.jpg [36m304[0m 0.381 ms - -[0m
2026-07-31 04:25:13 [INFO]: [0mGET /images/logo/plantora-orgn-white.png [36m304[0m 0.680 ms - -[0m
2026-07-31 04:25:13 [INFO]: [0mGET /%7B%20%20publicId:%20'/public/default/profile.png',%20%20url:%20'https://res.cloudinary.com/desmwasfe/image/upload/v1781973939/default-avatar_d6ofmr.png'%7D [33m404[0m 42.448 ms - 236[0m
2026-07-31 04:25:13 [INFO]: [0mGET /public/js/header.js [33m404[0m 50.078 ms - 83[0m
2026-07-31 04:25:15 [ERROR]: Failed to create audit log: AuditLog validation failed: action: `Logout` is not a valid enum value for path `action`.
2026-07-31 04:25:15 [INFO]: Logout successful : plantora-admin@yopmail.com
2026-07-31 04:25:15 [INFO]: [0mPOST /auth/logout [36m302[0m 199.338 ms - 30[0m
2026-07-31 04:25:15 [INFO]: [0mGET / [32m200[0m 7.021 ms - -[0m
2026-07-31 04:25:15 [INFO]: [0mGET /css/style.css [36m304[0m 0.330 ms - -[0m
2026-07-31 04:25:15 [INFO]: [0mGET /images/logo/plantora.png [36m304[0m 0.223 ms - -[0m
2026-07-31 04:25:15 [INFO]: [0mGET /images/hero/hero-placeholder.png [36m304[0m 0.347 ms - -[0m
2026-07-31 04:25:15 [INFO]: [0mGET /images/hero/monstera-plant.jpg [36m304[0m 0.350 ms - -[0m
2026-07-31 04:25:15 [INFO]: [0mGET /images/hero/snake-plant.jpg [36m304[0m 0.743 ms - -[0m
2026-07-31 04:25:15 [INFO]: [0mGET /images/hero/peace-lily.jpg [36m304[0m 1.157 ms - -[0m
2026-07-31 04:25:15 [INFO]: [0mGET /public/js/header.js [33m404[0m 2.496 ms - 83[0m
2026-07-31 04:25:15 [INFO]: [0mGET /js/featured.js [36m304[0m 1.419 ms - -[0m
2026-07-31 04:25:15 [INFO]: [0mGET /css/variables.css [36m304[0m 0.185 ms - -[0m
2026-07-31 04:25:15 [INFO]: [0mGET /css/utilities.css [36m304[0m 0.462 ms - -[0m
2026-07-31 04:25:15 [INFO]: [0mGET /css/animations.css [36m304[0m 0.697 ms - -[0m
2026-07-31 04:25:15 [INFO]: [0mGET /css/header.css [36m304[0m 1.152 ms - -[0m
2026-07-31 04:25:15 [INFO]: [0mGET /css/announcement.css [36m304[0m 1.510 ms - -[0m
2026-07-31 04:25:15 [INFO]: [0mGET /css/hero.css [36m304[0m 1.693 ms - -[0m
2026-07-31 04:25:15 [INFO]: [0mGET /css/featured.css [36m304[0m 1.288 ms - -[0m
2026-07-31 04:25:15 [INFO]: [0mGET /css/why-choose.css [36m304[0m 1.516 ms - -[0m
2026-07-31 04:25:15 [INFO]: [0mGET /css/footer.css [36m304[0m 1.656 ms - -[0m
2026-07-31 04:25:15 [INFO]: [0mGET /css/auth.css [36m304[0m 0.886 ms - -[0m
2026-07-31 04:25:15 [INFO]: [0mGET /css/verify.css [36m304[0m 1.217 ms - -[0m
2026-07-31 04:25:15 [INFO]: [0mGET /js/why-choose.js [36m304[0m 0.310 ms - -[0m
2026-07-31 04:25:15 [INFO]: [0mGET /js/notification.js [36m304[0m 0.646 ms - -[0m
2026-07-31 04:25:15 [INFO]: [0mGET /js/footer.js [36m304[0m 0.737 ms - -[0m
2026-07-31 04:25:15 [INFO]: [0mGET /js/auth.js [36m304[0m 0.857 ms - -[0m
2026-07-31 04:25:15 [INFO]: [0mGET /images/hero/tulip-plant.jpg [36m304[0m 0.702 ms - -[0m
2026-07-31 04:25:15 [INFO]: [0mGET /images/hero/rubber-plant.jpg [36m304[0m 0.689 ms - -[0m
2026-07-31 04:25:15 [INFO]: [0mGET /images/hero/aloe-vera.jpg [36m304[0m 0.832 ms - -[0m
2026-07-31 04:25:15 [INFO]: [0mGET /images/hero/areca-palm.jpg [36m304[0m 0.599 ms - -[0m
2026-07-31 04:25:15 [INFO]: [0mGET /images/hero/jade-plant.jpg [36m304[0m 0.187 ms - -[0m
2026-07-31 04:25:15 [INFO]: [0mGET /images/hero/golden-pothos.jpg [36m304[0m 0.287 ms - -[0m
2026-07-31 04:25:15 [INFO]: [0mGET /images/hero/fiddle-leaf-fig.jpg [36m304[0m 0.263 ms - -[0m
2026-07-31 04:25:15 [INFO]: [0mGET /images/hero/why-choose.jpg [36m304[0m 0.283 ms - -[0m
2026-07-31 04:25:15 [INFO]: [0mGET /images/logo/plantora-orgn-white.png [36m304[0m 0.360 ms - -[0m
2026-07-31 04:25:37 [INFO]: [0mGET /products [33m401[0m 0.840 ms - 55[0m
2026-07-31 04:25:42 [ERROR]: Error: Failed to lookup view "home/about" in views directory "E:\Webskitters_Academy\NODE JS\final_project_node\plantora_final_project_node_ejs\views"
    at app.render (E:\Webskitters_Academy\NODE JS\final_project_node\plantora_final_project_node_ejs\node_modules\express\lib\application.js:562:17)
    at ServerResponse.render (E:\Webskitters_Academy\NODE JS\final_project_node\plantora_final_project_node_ejs\node_modules\express\lib\response.js:923:7)
    at showAboutPage (E:\Webskitters_Academy\NODE JS\final_project_node\plantora_final_project_node_ejs\app\controllers\HomeController.js:18:44)
    at Layer.handleRequest (E:\Webskitters_Academy\NODE JS\final_project_node\plantora_final_project_node_ejs\node_modules\router\lib\layer.js:152:17)
    at next (E:\Webskitters_Academy\NODE JS\final_project_node\plantora_final_project_node_ejs\node_modules\router\lib\route.js:157:13)
    at Route.dispatch (E:\Webskitters_Academy\NODE JS\final_project_node\plantora_final_project_node_ejs\node_modules\router\lib\route.js:117:3)
    at handle (E:\Webskitters_Academy\NODE JS\final_project_node\plantora_final_project_node_ejs\node_modules\router\index.js:435:11)
    at Layer.handleRequest (E:\Webskitters_Academy\NODE JS\final_project_node\plantora_final_project_node_ejs\node_modules\router\lib\layer.js:152:17)
    at E:\Webskitters_Academy\NODE JS\final_project_node\plantora_final_project_node_ejs\node_modules\router\index.js:295:15
    at processParams (E:\Webskitters_Academy\NODE JS\final_project_node\plantora_final_project_node_ejs\node_modules\router\index.js:582:12)
2026-07-31 04:25:42 [INFO]: [0mGET /about [31m500[0m 2.942 ms - 211[0m
2026-07-31 04:25:47 [ERROR]: Error: Failed to lookup view "home/contact" in views directory "E:\Webskitters_Academy\NODE JS\final_project_node\plantora_final_project_node_ejs\views"
    at app.render (E:\Webskitters_Academy\NODE JS\final_project_node\plantora_final_project_node_ejs\node_modules\express\lib\application.js:562:17)
    at ServerResponse.render (E:\Webskitters_Academy\NODE JS\final_project_node\plantora_final_project_node_ejs\node_modules\express\lib\response.js:923:7)
    at showContactPage (E:\Webskitters_Academy\NODE JS\final_project_node\plantora_final_project_node_ejs\app\controllers\HomeController.js:29:44)
    at Layer.handleRequest (E:\Webskitters_Academy\NODE JS\final_project_node\plantora_final_project_node_ejs\node_modules\router\lib\layer.js:152:17)
    at next (E:\Webskitters_Academy\NODE JS\final_project_node\plantora_final_project_node_ejs\node_modules\router\lib\route.js:157:13)
    at Route.dispatch (E:\Webskitters_Academy\NODE JS\final_project_node\plantora_final_project_node_ejs\node_modules\router\lib\route.js:117:3)
    at handle (E:\Webskitters_Academy\NODE JS\final_project_node\plantora_final_project_node_ejs\node_modules\router\index.js:435:11)
    at Layer.handleRequest (E:\Webskitters_Academy\NODE JS\final_project_node\plantora_final_project_node_ejs\node_modules\router\lib\layer.js:152:17)
    at E:\Webskitters_Academy\NODE JS\final_project_node\plantora_final_project_node_ejs\node_modules\router\index.js:295:15
    at processParams (E:\Webskitters_Academy\NODE JS\final_project_node\plantora_final_project_node_ejs\node_modules\router\index.js:582:12)
2026-07-31 04:25:47 [INFO]: [0mGET /contact [31m500[0m 3.628 ms - 213[0m
2026-07-31 04:25:50 [INFO]: [0mGET /products [33m401[0m 0.748 ms - 55[0m
2026-07-31 04:25:59 [ERROR]: Failed to create audit log: AuditLog validation failed: action: `Login` is not a valid enum value for path `action`.
2026-07-31 04:25:59 [INFO]: Login successful : plantora-admin@yopmail.com
2026-07-31 04:25:59 [INFO]: [0mPOST /auth/login [32m200[0m 468.279 ms - 46[0m
2026-07-31 04:26:00 [INFO]: [0mGET / [32m200[0m 56.822 ms - -[0m
2026-07-31 04:26:00 [INFO]: [0mGET /css/style.css [36m304[0m 0.447 ms - -[0m
2026-07-31 04:26:00 [INFO]: [0mGET /images/logo/plantora.png [36m304[0m 0.577 ms - -[0m
2026-07-31 04:26:00 [INFO]: [0mGET /images/hero/hero-placeholder.png [36m304[0m 0.121 ms - -[0m
2026-07-31 04:26:00 [INFO]: [0mGET /images/hero/monstera-plant.jpg [36m304[0m 0.118 ms - -[0m
2026-07-31 04:26:00 [INFO]: [0mGET /js/featured.js [36m304[0m 0.470 ms - -[0m
2026-07-31 04:26:00 [INFO]: [0mGET /js/why-choose.js [36m304[0m 0.417 ms - -[0m
2026-07-31 04:26:00 [INFO]: [0mGET /js/notification.js [36m304[0m 0.483 ms - -[0m
2026-07-31 04:26:00 [INFO]: [0mGET /js/footer.js [36m304[0m 0.464 ms - -[0m
2026-07-31 04:26:00 [INFO]: [0mGET /js/auth.js [36m304[0m 0.785 ms - -[0m
2026-07-31 04:26:00 [INFO]: [0mGET /images/hero/snake-plant.jpg [36m304[0m 0.284 ms - -[0m
2026-07-31 04:26:00 [INFO]: [0mGET /css/variables.css [36m304[0m 0.118 ms - -[0m
2026-07-31 04:26:00 [INFO]: [0mGET /css/utilities.css [36m304[0m 0.105 ms - -[0m
2026-07-31 04:26:00 [INFO]: [0mGET /css/animations.css [36m304[0m 0.103 ms - -[0m
2026-07-31 04:26:00 [INFO]: [0mGET /css/announcement.css [36m304[0m 0.170 ms - -[0m
2026-07-31 04:26:00 [INFO]: [0mGET /css/header.css [36m304[0m 0.329 ms - -[0m
2026-07-31 04:26:00 [INFO]: [0mGET /css/hero.css [36m304[0m 0.174 ms - -[0m
2026-07-31 04:26:00 [INFO]: [0mGET /css/featured.css [36m304[0m 0.282 ms - -[0m
2026-07-31 04:26:00 [INFO]: [0mGET /css/why-choose.css [36m304[0m 0.171 ms - -[0m
2026-07-31 04:26:00 [INFO]: [0mGET /css/footer.css [36m304[0m 0.454 ms - -[0m
2026-07-31 04:26:00 [INFO]: [0mGET /css/auth.css [36m304[0m 0.258 ms - -[0m
2026-07-31 04:26:00 [INFO]: [0mGET /css/verify.css [36m304[0m 0.110 ms - -[0m
2026-07-31 04:26:00 [INFO]: [0mGET /images/hero/peace-lily.jpg [36m304[0m 0.149 ms - -[0m
2026-07-31 04:26:00 [INFO]: [0mGET /images/hero/tulip-plant.jpg [36m304[0m 0.165 ms - -[0m
2026-07-31 04:26:00 [INFO]: [0mGET /images/hero/rubber-plant.jpg [36m304[0m 0.366 ms - -[0m
2026-07-31 04:26:00 [INFO]: [0mGET /images/hero/aloe-vera.jpg [36m304[0m 0.429 ms - -[0m
2026-07-31 04:26:00 [INFO]: [0mGET /images/hero/areca-palm.jpg [36m304[0m 0.307 ms - -[0m
2026-07-31 04:26:00 [INFO]: [0mGET /images/hero/jade-plant.jpg [36m304[0m 0.094 ms - -[0m
2026-07-31 04:26:00 [INFO]: [0mGET /images/hero/golden-pothos.jpg [36m304[0m 0.109 ms - -[0m
2026-07-31 04:26:00 [INFO]: [0mGET /images/hero/fiddle-leaf-fig.jpg [36m304[0m 0.102 ms - -[0m
2026-07-31 04:26:00 [INFO]: [0mGET /images/hero/why-choose.jpg [36m304[0m 0.169 ms - -[0m
2026-07-31 04:26:00 [INFO]: [0mGET /images/logo/plantora-orgn-white.png [36m304[0m 0.272 ms - -[0m
2026-07-31 04:26:00 [INFO]: [0mGET /public/js/header.js [33m404[0m 40.931 ms - 83[0m
2026-07-31 04:26:00 [INFO]: [0mGET /%7B%20%20publicId:%20'/public/default/profile.png',%20%20url:%20'https://res.cloudinary.com/desmwasfe/image/upload/v1781973939/default-avatar_d6ofmr.png'%7D [33m404[0m 47.063 ms - 236[0m
2026-07-31 04:26:01 [ERROR]: Error: Failed to lookup view "product/index" in views directory "E:\Webskitters_Academy\NODE JS\final_project_node\plantora_final_project_node_ejs\views"
    at app.render (E:\Webskitters_Academy\NODE JS\final_project_node\plantora_final_project_node_ejs\node_modules\express\lib\application.js:562:17)
    at ServerResponse.render (E:\Webskitters_Academy\NODE JS\final_project_node\plantora_final_project_node_ejs\node_modules\express\lib\response.js:923:7)
    at showProductsPage (E:\Webskitters_Academy\NODE JS\final_project_node\plantora_final_project_node_ejs\app\controllers\ProductController.js:232:18)
    at process.processTicksAndRejections (node:internal/process/task_queues:103:5)
2026-07-31 04:26:01 [INFO]: [0mGET /products [31m500[0m 146.209 ms - 214[0m
2026-07-31 04:26:11 [ERROR]: Failed to create audit log: AuditLog validation failed: action: `Logout` is not a valid enum value for path `action`.
2026-07-31 04:26:11 [INFO]: Logout successful : plantora-admin@yopmail.com
2026-07-31 04:26:11 [INFO]: [0mPOST /auth/logout [36m302[0m 191.749 ms - 30[0m
2026-07-31 04:26:11 [INFO]: [0mGET / [32m200[0m 6.127 ms - -[0m
2026-07-31 04:26:11 [INFO]: [0mGET /css/style.css [36m304[0m 0.608 ms - -[0m
2026-07-31 04:26:11 [INFO]: [0mGET /images/logo/plantora.png [36m304[0m 0.640 ms - -[0m
2026-07-31 04:26:11 [INFO]: [0mGET /images/hero/hero-placeholder.png [36m304[0m 0.349 ms - -[0m
2026-07-31 04:26:11 [INFO]: [0mGET /images/hero/monstera-plant.jpg [36m304[0m 0.425 ms - -[0m
2026-07-31 04:26:11 [INFO]: [0mGET /images/hero/snake-plant.jpg [36m304[0m 0.333 ms - -[0m
2026-07-31 04:26:11 [INFO]: [0mGET /images/hero/peace-lily.jpg [36m304[0m 0.734 ms - -[0m
2026-07-31 04:26:11 [INFO]: [0mGET /public/js/header.js [33m404[0m 1.390 ms - 83[0m
2026-07-31 04:26:11 [INFO]: [0mGET /js/featured.js [36m304[0m 1.787 ms - -[0m
2026-07-31 04:26:11 [INFO]: [0mGET /js/why-choose.js [36m304[0m 0.403 ms - -[0m
2026-07-31 04:26:11 [INFO]: [0mGET /js/notification.js [36m304[0m 0.459 ms - -[0m
2026-07-31 04:26:11 [INFO]: [0mGET /js/footer.js [36m304[0m 0.106 ms - -[0m
2026-07-31 04:26:11 [INFO]: [0mGET /css/variables.css [36m304[0m 0.929 ms - -[0m
2026-07-31 04:26:11 [INFO]: [0mGET /js/auth.js [36m304[0m 1.102 ms - -[0m
2026-07-31 04:26:11 [INFO]: [0mGET /images/hero/tulip-plant.jpg [36m304[0m 1.248 ms - -[0m
2026-07-31 04:26:11 [INFO]: [0mGET /css/utilities.css [36m304[0m 1.332 ms - -[0m
2026-07-31 04:26:11 [INFO]: [0mGET /css/animations.css [36m304[0m 1.431 ms - -[0m
2026-07-31 04:26:11 [INFO]: [0mGET /css/announcement.css [36m304[0m 1.829 ms - -[0m
2026-07-31 04:26:11 [INFO]: [0mGET /css/header.css [36m304[0m 0.388 ms - -[0m
2026-07-31 04:26:11 [INFO]: [0mGET /css/hero.css [36m304[0m 0.558 ms - -[0m
2026-07-31 04:26:11 [INFO]: [0mGET /css/featured.css [36m304[0m 0.805 ms - -[0m
2026-07-31 04:26:11 [INFO]: [0mGET /css/why-choose.css [36m304[0m 1.015 ms - -[0m
2026-07-31 04:26:11 [INFO]: [0mGET /css/footer.css [36m304[0m 1.306 ms - -[0m
2026-07-31 04:26:11 [INFO]: [0mGET /css/auth.css [36m304[0m 0.357 ms - -[0m
2026-07-31 04:26:11 [INFO]: [0mGET /css/verify.css [36m304[0m 0.446 ms - -[0m
2026-07-31 04:26:11 [INFO]: [0mGET /images/hero/rubber-plant.jpg [36m304[0m 0.606 ms - -[0m
2026-07-31 04:26:11 [INFO]: [0mGET /images/hero/aloe-vera.jpg [36m304[0m 0.686 ms - -[0m
2026-07-31 04:26:11 [INFO]: [0mGET /images/hero/areca-palm.jpg [36m304[0m 0.437 ms - -[0m
2026-07-31 04:26:11 [INFO]: [0mGET /images/hero/jade-plant.jpg [36m304[0m 0.506 ms - -[0m
2026-07-31 04:26:11 [INFO]: [0mGET /images/hero/golden-pothos.jpg [36m304[0m 0.693 ms - -[0m
2026-07-31 04:26:11 [INFO]: [0mGET /images/hero/fiddle-leaf-fig.jpg [36m304[0m 0.123 ms - -[0m
2026-07-31 04:26:11 [INFO]: [0mGET /images/hero/why-choose.jpg [36m304[0m 0.636 ms - -[0m
2026-07-31 04:26:11 [INFO]: [0mGET /images/logo/plantora-orgn-white.png [36m304[0m 0.815 ms - -[0m
2026-07-31 04:26:49 [ERROR]: Failed to create audit log: AuditLog validation failed: action: `Login` is not a valid enum value for path `action`.
2026-07-31 04:26:49 [INFO]: Login successful : plantora-admin@yopmail.com
2026-07-31 04:26:49 [INFO]: [0mPOST /auth/login [32m200[0m 421.983 ms - 46[0m
2026-07-31 04:26:50 [INFO]: [0mGET / [32m200[0m 52.058 ms - -[0m
2026-07-31 04:26:50 [INFO]: [0mGET /css/style.css [36m304[0m 0.347 ms - -[0m
2026-07-31 04:26:50 [INFO]: [0mGET /images/logo/plantora.png [36m304[0m 0.536 ms - -[0m
2026-07-31 04:26:50 [INFO]: [0mGET /images/hero/hero-placeholder.png [36m304[0m 0.490 ms - -[0m
2026-07-31 04:26:50 [INFO]: [0mGET /images/hero/monstera-plant.jpg [36m304[0m 0.739 ms - -[0m
2026-07-31 04:26:50 [INFO]: [0mGET /js/featured.js [36m304[0m 0.282 ms - -[0m
2026-07-31 04:26:50 [INFO]: [0mGET /js/why-choose.js [36m304[0m 0.393 ms - -[0m
2026-07-31 04:26:50 [INFO]: [0mGET /css/variables.css [36m304[0m 0.187 ms - -[0m
2026-07-31 04:26:50 [INFO]: [0mGET /css/utilities.css [36m304[0m 0.157 ms - -[0m
2026-07-31 04:26:50 [INFO]: [0mGET /css/animations.css [36m304[0m 0.179 ms - -[0m
2026-07-31 04:26:50 [INFO]: [0mGET /css/announcement.css [36m304[0m 0.409 ms - -[0m
2026-07-31 04:26:50 [INFO]: [0mGET /css/header.css [36m304[0m 0.199 ms - -[0m
2026-07-31 04:26:50 [INFO]: [0mGET /css/hero.css [36m304[0m 0.250 ms - -[0m
2026-07-31 04:26:50 [INFO]: [0mGET /css/featured.css [36m304[0m 0.385 ms - -[0m
2026-07-31 04:26:50 [INFO]: [0mGET /css/why-choose.css [36m304[0m 0.786 ms - -[0m
2026-07-31 04:26:50 [INFO]: [0mGET /css/footer.css [36m304[0m 0.953 ms - -[0m
2026-07-31 04:26:50 [INFO]: [0mGET /css/auth.css [36m304[0m 0.454 ms - -[0m
2026-07-31 04:26:50 [INFO]: [0mGET /css/verify.css [36m304[0m 0.745 ms - -[0m
2026-07-31 04:26:50 [INFO]: [0mGET /js/notification.js [36m304[0m 0.309 ms - -[0m
2026-07-31 04:26:50 [INFO]: [0mGET /js/footer.js [36m304[0m 0.498 ms - -[0m
2026-07-31 04:26:50 [INFO]: [0mGET /js/auth.js [36m304[0m 0.170 ms - -[0m
2026-07-31 04:26:50 [INFO]: [0mGET /images/hero/snake-plant.jpg [36m304[0m 0.177 ms - -[0m
2026-07-31 04:26:50 [INFO]: [0mGET /images/hero/peace-lily.jpg [36m304[0m 0.172 ms - -[0m
2026-07-31 04:26:50 [INFO]: [0mGET /images/hero/tulip-plant.jpg [36m304[0m 0.158 ms - -[0m
2026-07-31 04:26:50 [INFO]: [0mGET /images/hero/rubber-plant.jpg [36m304[0m 0.272 ms - -[0m
2026-07-31 04:26:50 [INFO]: [0mGET /images/hero/aloe-vera.jpg [36m304[0m 0.234 ms - -[0m
2026-07-31 04:26:50 [INFO]: [0mGET /images/hero/areca-palm.jpg [36m304[0m 0.288 ms - -[0m
2026-07-31 04:26:50 [INFO]: [0mGET /images/hero/jade-plant.jpg [36m304[0m 0.564 ms - -[0m
2026-07-31 04:26:50 [INFO]: [0mGET /images/hero/golden-pothos.jpg [36m304[0m 0.255 ms - -[0m
2026-07-31 04:26:50 [INFO]: [0mGET /images/hero/fiddle-leaf-fig.jpg [36m304[0m 0.472 ms - -[0m
2026-07-31 04:26:50 [INFO]: [0mGET /images/hero/why-choose.jpg [36m304[0m 0.813 ms - -[0m
2026-07-31 04:26:50 [INFO]: [0mGET /public/js/header.js [33m404[0m 43.260 ms - 83[0m
2026-07-31 04:26:50 [INFO]: [0mGET /images/logo/plantora-orgn-white.png [36m304[0m 2.741 ms - -[0m
2026-07-31 04:26:50 [INFO]: [0mGET /%7B%20%20publicId:%20'/public/default/profile.png',%20%20url:%20'https://res.cloudinary.com/desmwasfe/image/upload/v1781973939/default-avatar_d6ofmr.png'%7D [33m404[0m 49.353 ms - 236[0m
2026-07-31 04:26:52 [INFO]: [0mGET /auth/profile [36m304[0m 100.355 ms - -[0m
2026-07-31 04:26:52 [INFO]: [0mGET /css/style.css [36m304[0m 0.556 ms - -[0m
2026-07-31 04:26:52 [INFO]: [0mGET /css/profile.css [36m304[0m 0.667 ms - -[0m
2026-07-31 04:26:52 [INFO]: [0mGET /images/logo/plantora.png [36m304[0m 0.734 ms - -[0m
2026-07-31 04:26:52 [INFO]: [0mGET /js/profile.js [36m304[0m 0.405 ms - -[0m
2026-07-31 04:26:52 [INFO]: [0mGET /images/logo/plantora-orgn-white.png [36m304[0m 0.996 ms - -[0m
2026-07-31 04:26:52 [INFO]: [0mGET /js/featured.js [36m304[0m 2.097 ms - -[0m
2026-07-31 04:26:52 [INFO]: [0mGET /js/why-choose.js [36m304[0m 2.316 ms - -[0m
2026-07-31 04:26:52 [INFO]: [0mGET /css/variables.css [36m304[0m 0.252 ms - -[0m
2026-07-31 04:26:52 [INFO]: [0mGET /css/utilities.css [36m304[0m 0.415 ms - -[0m
2026-07-31 04:26:52 [INFO]: [0mGET /css/animations.css [36m304[0m 0.369 ms - -[0m
2026-07-31 04:26:52 [INFO]: [0mGET /css/announcement.css [36m304[0m 0.631 ms - -[0m
2026-07-31 04:26:52 [INFO]: [0mGET /css/header.css [36m304[0m 0.392 ms - -[0m
2026-07-31 04:26:52 [INFO]: [0mGET /css/hero.css [36m304[0m 0.690 ms - -[0m
2026-07-31 04:26:52 [INFO]: [0mGET /css/featured.css [36m304[0m 0.600 ms - -[0m
2026-07-31 04:26:52 [INFO]: [0mGET /css/why-choose.css [36m304[0m 1.089 ms - -[0m
2026-07-31 04:26:52 [INFO]: [0mGET /css/footer.css [36m304[0m 0.627 ms - -[0m
2026-07-31 04:26:52 [INFO]: [0mGET /css/auth.css [36m304[0m 0.597 ms - -[0m
2026-07-31 04:26:52 [INFO]: [0mGET /css/verify.css [36m304[0m 0.157 ms - -[0m
2026-07-31 04:26:52 [INFO]: [0mGET /js/notification.js [36m304[0m 0.652 ms - -[0m
2026-07-31 04:26:52 [INFO]: [0mGET /js/footer.js [36m304[0m 0.996 ms - -[0m
2026-07-31 04:26:52 [INFO]: [0mGET /js/auth.js [36m304[0m 1.198 ms - -[0m
2026-07-31 04:26:52 [INFO]: [0mGET /auth/public/js/header.js [33m404[0m 44.548 ms - 88[0m
2026-07-31 04:26:52 [INFO]: [0mGET /auth/%7B%20%20publicId:%20'/public/default/profile.png',%20%20url:%20'https://res.cloudinary.com/desmwasfe/image/upload/v1781973939/default-avatar_d6ofmr.png'%7D [33m404[0m 61.397 ms - 241[0m
2026-07-31 04:27:41 [ERROR]: Failed to create audit log: AuditLog validation failed: action: `Logout` is not a valid enum value for path `action`.
2026-07-31 04:27:41 [INFO]: Logout successful : plantora-admin@yopmail.com
2026-07-31 04:27:41 [INFO]: [0mPOST /auth/logout [36m302[0m 190.270 ms - 30[0m
2026-07-31 04:27:41 [INFO]: [0mGET / [32m200[0m 7.237 ms - -[0m
2026-07-31 04:27:41 [INFO]: [0mGET /css/style.css [36m304[0m 0.418 ms - -[0m
2026-07-31 04:27:41 [INFO]: [0mGET /images/logo/plantora.png [36m304[0m 0.715 ms - -[0m
2026-07-31 04:27:41 [INFO]: [0mGET /images/hero/hero-placeholder.png [36m304[0m 0.647 ms - -[0m
2026-07-31 04:27:41 [INFO]: [0mGET /images/hero/monstera-plant.jpg [36m304[0m 0.335 ms - -[0m
2026-07-31 04:27:41 [INFO]: [0mGET /images/hero/snake-plant.jpg [36m304[0m 0.619 ms - -[0m
2026-07-31 04:27:41 [INFO]: [0mGET /images/hero/peace-lily.jpg [36m304[0m 0.624 ms - -[0m
2026-07-31 04:27:41 [INFO]: [0mGET /public/js/header.js [33m404[0m 1.577 ms - 83[0m
2026-07-31 04:27:41 [INFO]: [0mGET /js/featured.js [36m304[0m 1.951 ms - -[0m
2026-07-31 04:27:41 [INFO]: [0mGET /js/why-choose.js [36m304[0m 2.302 ms - -[0m
2026-07-31 04:27:41 [INFO]: [0mGET /css/variables.css [36m304[0m 0.397 ms - -[0m
2026-07-31 04:27:41 [INFO]: [0mGET /css/utilities.css [36m304[0m 0.538 ms - -[0m
2026-07-31 04:27:41 [INFO]: [0mGET /css/animations.css [36m304[0m 0.750 ms - -[0m
2026-07-31 04:27:41 [INFO]: [0mGET /css/announcement.css [36m304[0m 1.430 ms - -[0m
2026-07-31 04:27:41 [INFO]: [0mGET /js/notification.js [36m304[0m 0.567 ms - -[0m
2026-07-31 04:27:41 [INFO]: [0mGET /css/header.css [36m304[0m 0.212 ms - -[0m
2026-07-31 04:27:41 [INFO]: [0mGET /css/hero.css [36m304[0m 0.849 ms - -[0m
2026-07-31 04:27:41 [INFO]: [0mGET /css/featured.css [36m304[0m 1.081 ms - -[0m
2026-07-31 04:27:41 [INFO]: [0mGET /css/why-choose.css [36m304[0m 1.366 ms - -[0m
2026-07-31 04:27:41 [INFO]: [0mGET /css/footer.css [36m304[0m 1.593 ms - -[0m
2026-07-31 04:27:41 [INFO]: [0mGET /css/auth.css [36m304[0m 2.044 ms - -[0m
2026-07-31 04:27:41 [INFO]: [0mGET /css/verify.css [36m304[0m 0.572 ms - -[0m
2026-07-31 04:27:41 [INFO]: [0mGET /js/footer.js [36m304[0m 0.238 ms - -[0m
2026-07-31 04:27:41 [INFO]: [0mGET /js/auth.js [36m304[0m 0.194 ms - -[0m
2026-07-31 04:27:41 [INFO]: [0mGET /images/hero/tulip-plant.jpg [36m304[0m 0.434 ms - -[0m
2026-07-31 04:27:41 [INFO]: [0mGET /images/hero/rubber-plant.jpg [36m304[0m 0.659 ms - -[0m
2026-07-31 04:27:41 [INFO]: [0mGET /images/hero/aloe-vera.jpg [36m304[0m 1.081 ms - -[0m
2026-07-31 04:27:41 [INFO]: [0mGET /images/hero/areca-palm.jpg [36m304[0m 0.340 ms - -[0m
2026-07-31 04:27:41 [INFO]: [0mGET /images/hero/jade-plant.jpg [36m304[0m 1.037 ms - -[0m
2026-07-31 04:27:41 [INFO]: [0mGET /images/hero/golden-pothos.jpg [36m304[0m 0.856 ms - -[0m
2026-07-31 04:27:41 [INFO]: [0mGET /images/hero/fiddle-leaf-fig.jpg [36m304[0m 1.184 ms - -[0m
2026-07-31 04:27:41 [INFO]: [0mGET /images/hero/why-choose.jpg [36m304[0m 0.792 ms - -[0m
2026-07-31 04:27:41 [INFO]: [0mGET /images/logo/plantora-orgn-white.png [36m304[0m 0.565 ms - -[0m
2026-07-31 04:27:58 [ERROR]: Failed to create audit log: AuditLog validation failed: action: `Login` is not a valid enum value for path `action`.
2026-07-31 04:27:58 [INFO]: Login successful : customer_0001@yopmail.com
2026-07-31 04:27:58 [INFO]: [0mPOST /auth/login [32m200[0m 445.125 ms - 46[0m
2026-07-31 04:28:00 [INFO]: [0mGET / [32m200[0m 51.306 ms - -[0m
2026-07-31 04:28:00 [INFO]: [0mGET /css/style.css [36m304[0m 0.634 ms - -[0m
2026-07-31 04:28:00 [INFO]: [0mGET /images/logo/plantora.png [36m304[0m 0.837 ms - -[0m
2026-07-31 04:28:00 [INFO]: [0mGET /images/hero/hero-placeholder.png [36m304[0m 0.186 ms - -[0m
2026-07-31 04:28:00 [INFO]: [0mGET /images/hero/monstera-plant.jpg [36m304[0m 0.185 ms - -[0m
2026-07-31 04:28:00 [INFO]: [0mGET /js/featured.js [36m304[0m 0.476 ms - -[0m
2026-07-31 04:28:00 [INFO]: [0mGET /js/why-choose.js [36m304[0m 0.591 ms - -[0m
2026-07-31 04:28:00 [INFO]: [0mGET /css/variables.css [36m304[0m 0.358 ms - -[0m
2026-07-31 04:28:00 [INFO]: [0mGET /css/utilities.css [36m304[0m 0.479 ms - -[0m
2026-07-31 04:28:00 [INFO]: [0mGET /css/animations.css [36m304[0m 0.681 ms - -[0m
2026-07-31 04:28:00 [INFO]: [0mGET /css/header.css [36m304[0m 1.191 ms - -[0m
2026-07-31 04:28:00 [INFO]: [0mGET /css/hero.css [36m304[0m 1.397 ms - -[0m
2026-07-31 04:28:00 [INFO]: [0mGET /css/announcement.css [36m304[0m 1.254 ms - -[0m
2026-07-31 04:28:00 [INFO]: [0mGET /css/featured.css [36m304[0m 0.668 ms - -[0m
2026-07-31 04:28:00 [INFO]: [0mGET /css/why-choose.css [36m304[0m 0.284 ms - -[0m
2026-07-31 04:28:00 [INFO]: [0mGET /css/footer.css [36m304[0m 0.552 ms - -[0m
2026-07-31 04:28:00 [INFO]: [0mGET /css/auth.css [36m304[0m 0.786 ms - -[0m
2026-07-31 04:28:00 [INFO]: [0mGET /css/verify.css [36m304[0m 1.211 ms - -[0m
2026-07-31 04:28:00 [INFO]: [0mGET /js/notification.js [36m304[0m 0.313 ms - -[0m
2026-07-31 04:28:00 [INFO]: [0mGET /js/footer.js [36m304[0m 0.250 ms - -[0m
2026-07-31 04:28:00 [INFO]: [0mGET /js/auth.js [36m304[0m 0.381 ms - -[0m
2026-07-31 04:28:00 [INFO]: [0mGET /images/hero/snake-plant.jpg [36m304[0m 0.567 ms - -[0m
2026-07-31 04:28:00 [INFO]: [0mGET /images/hero/peace-lily.jpg [36m304[0m 0.167 ms - -[0m
2026-07-31 04:28:00 [INFO]: [0mGET /images/hero/tulip-plant.jpg [36m304[0m 0.202 ms - -[0m
2026-07-31 04:28:00 [INFO]: [0mGET /images/hero/rubber-plant.jpg [36m304[0m 0.230 ms - -[0m
2026-07-31 04:28:00 [INFO]: [0mGET /images/hero/aloe-vera.jpg [36m304[0m 0.325 ms - -[0m
2026-07-31 04:28:00 [INFO]: [0mGET /images/hero/areca-palm.jpg [36m304[0m 0.501 ms - -[0m
2026-07-31 04:28:00 [INFO]: [0mGET /images/hero/jade-plant.jpg [36m304[0m 0.329 ms - -[0m
2026-07-31 04:28:00 [INFO]: [0mGET /images/hero/golden-pothos.jpg [36m304[0m 0.391 ms - -[0m
2026-07-31 04:28:00 [INFO]: [0mGET /images/hero/fiddle-leaf-fig.jpg [36m304[0m 0.593 ms - -[0m
2026-07-31 04:28:00 [INFO]: [0mGET /%7B%20%20publicId:%20'[object%20Object]/5a0c1f1e-3abd-43cb-bc91-c48f836ab825_ujlzzt',%20%20url:%20'https://res.cloudinary.com/desmwasfe/image/upload/v1785432244/%5Bobject%20Object%5D/5a0c1f1e-3abd-43cb-bc91-c48f836ab825_ujlzzt.jpg'%7D [33m404[0m 48.142 ms - 314[0m
2026-07-31 04:28:00 [INFO]: [0mGET /images/hero/why-choose.jpg [36m304[0m 0.410 ms - -[0m
2026-07-31 04:28:00 [INFO]: [0mGET /public/js/header.js [33m404[0m 41.611 ms - 83[0m
2026-07-31 04:28:00 [INFO]: [0mGET /images/logo/plantora-orgn-white.png [36m304[0m 0.330 ms - -[0m
2026-07-31 04:28:02 [INFO]: [0mGET /auth/profile [32m200[0m 96.154 ms - -[0m
2026-07-31 04:28:02 [INFO]: [0mGET /css/style.css [36m304[0m 2.491 ms - -[0m
2026-07-31 04:28:02 [INFO]: [0mGET /css/profile.css [36m304[0m 1.420 ms - -[0m
2026-07-31 04:28:02 [INFO]: [0mGET /images/logo/plantora.png [36m304[0m 1.415 ms - -[0m
2026-07-31 04:28:02 [INFO]: [0mGET /js/profile.js [36m304[0m 0.755 ms - -[0m
2026-07-31 04:28:02 [INFO]: [0mGET /images/logo/plantora-orgn-white.png [36m304[0m 1.612 ms - -[0m
2026-07-31 04:28:02 [INFO]: [0mGET /js/featured.js [36m304[0m 0.834 ms - -[0m
2026-07-31 04:28:02 [INFO]: [0mGET /js/why-choose.js [36m304[0m 1.051 ms - -[0m
2026-07-31 04:28:02 [INFO]: [0mGET /css/variables.css [36m304[0m 1.252 ms - -[0m
2026-07-31 04:28:02 [INFO]: [0mGET /css/utilities.css [36m304[0m 0.666 ms - -[0m
2026-07-31 04:28:02 [INFO]: [0mGET /css/animations.css [36m304[0m 0.451 ms - -[0m
2026-07-31 04:28:02 [INFO]: [0mGET /css/announcement.css [36m304[0m 0.434 ms - -[0m
2026-07-31 04:28:02 [INFO]: [0mGET /css/header.css [36m304[0m 0.151 ms - -[0m
2026-07-31 04:28:02 [INFO]: [0mGET /css/hero.css [36m304[0m 0.314 ms - -[0m
2026-07-31 04:28:02 [INFO]: [0mGET /css/featured.css [36m304[0m 0.490 ms - -[0m
2026-07-31 04:28:02 [INFO]: [0mGET /css/why-choose.css [36m304[0m 0.210 ms - -[0m
2026-07-31 04:28:02 [INFO]: [0mGET /css/footer.css [36m304[0m 0.504 ms - -[0m
2026-07-31 04:28:02 [INFO]: [0mGET /css/auth.css [36m304[0m 1.244 ms - -[0m
2026-07-31 04:28:02 [INFO]: [0mGET /css/verify.css [36m304[0m 0.995 ms - -[0m
2026-07-31 04:28:02 [INFO]: [0mGET /js/notification.js [36m304[0m 0.310 ms - -[0m
2026-07-31 04:28:02 [INFO]: [0mGET /js/footer.js [36m304[0m 0.654 ms - -[0m
2026-07-31 04:28:02 [INFO]: [0mGET /js/auth.js [36m304[0m 0.319 ms - -[0m
2026-07-31 04:28:02 [INFO]: [0mGET /auth/%7B%20%20publicId:%20'[object%20Object]/5a0c1f1e-3abd-43cb-bc91-c48f836ab825_ujlzzt',%20%20url:%20'https://res.cloudinary.com/desmwasfe/image/upload/v1785432244/%5Bobject%20Object%5D/5a0c1f1e-3abd-43cb-bc91-c48f836ab825_ujlzzt.jpg'%7D [33m404[0m 42.722 ms - 319[0m
2026-07-31 04:28:02 [INFO]: [0mGET /auth/public/js/header.js [33m404[0m 51.446 ms - 88[0m
2026-07-31 04:28:36 [INFO]: [0mGET /admin/users [33m404[0m 4.169 ms - 75[0m
2026-07-31 04:28:58 [ERROR]: Failed to create audit log: AuditLog validation failed: action: `Logout` is not a valid enum value for path `action`.
2026-07-31 04:28:58 [INFO]: Logout successful : customer_0001@yopmail.com
2026-07-31 04:28:58 [INFO]: [0mPOST /auth/logout [36m302[0m 232.363 ms - 30[0m
2026-07-31 04:28:58 [INFO]: [0mGET / [32m200[0m 5.565 ms - -[0m
2026-07-31 04:28:59 [INFO]: [0mGET /css/style.css [36m304[0m 1.160 ms - -[0m
2026-07-31 04:28:59 [INFO]: [0mGET /images/logo/plantora.png [36m304[0m 1.364 ms - -[0m
2026-07-31 04:28:59 [INFO]: [0mGET /images/hero/hero-placeholder.png [36m304[0m 0.198 ms - -[0m
2026-07-31 04:28:59 [INFO]: [0mGET /images/hero/monstera-plant.jpg [36m304[0m 0.269 ms - -[0m
2026-07-31 04:28:59 [INFO]: [0mGET /images/hero/snake-plant.jpg [36m304[0m 0.671 ms - -[0m
2026-07-31 04:28:59 [INFO]: [0mGET /images/hero/peace-lily.jpg [36m304[0m 0.592 ms - -[0m
2026-07-31 04:28:59 [INFO]: [0mGET /public/js/header.js [33m404[0m 1.383 ms - 83[0m
2026-07-31 04:28:59 [INFO]: [0mGET /js/featured.js [36m304[0m 1.892 ms - -[0m
2026-07-31 04:28:59 [INFO]: [0mGET /js/why-choose.js [36m304[0m 0.814 ms - -[0m
2026-07-31 04:28:59 [INFO]: [0mGET /css/variables.css [36m304[0m 1.452 ms - -[0m
2026-07-31 04:28:59 [INFO]: [0mGET /css/utilities.css [36m304[0m 1.645 ms - -[0m
2026-07-31 04:28:59 [INFO]: [0mGET /css/animations.css [36m304[0m 2.394 ms - -[0m
2026-07-31 04:28:59 [INFO]: [0mGET /css/announcement.css [36m304[0m 1.249 ms - -[0m
2026-07-31 04:28:59 [INFO]: [0mGET /css/header.css [36m304[0m 1.445 ms - -[0m
2026-07-31 04:28:59 [INFO]: [0mGET /css/hero.css [36m304[0m 0.325 ms - -[0m
2026-07-31 04:28:59 [INFO]: [0mGET /css/featured.css [36m304[0m 0.642 ms - -[0m
2026-07-31 04:28:59 [INFO]: [0mGET /css/why-choose.css [36m304[0m 0.821 ms - -[0m
2026-07-31 04:28:59 [INFO]: [0mGET /css/footer.css [36m304[0m 0.831 ms - -[0m
2026-07-31 04:28:59 [INFO]: [0mGET /css/auth.css [36m304[0m 1.797 ms - -[0m
2026-07-31 04:28:59 [INFO]: [0mGET /css/verify.css [36m304[0m 0.833 ms - -[0m
2026-07-31 04:28:59 [INFO]: [0mGET /js/notification.js [36m304[0m 0.155 ms - -[0m
2026-07-31 04:28:59 [INFO]: [0mGET /js/footer.js [36m304[0m 0.238 ms - -[0m
2026-07-31 04:28:59 [INFO]: [0mGET /js/auth.js [36m304[0m 0.684 ms - -[0m
2026-07-31 04:28:59 [INFO]: [0mGET /images/hero/tulip-plant.jpg [36m304[0m 0.968 ms - -[0m
2026-07-31 04:28:59 [INFO]: [0mGET /images/hero/rubber-plant.jpg [36m304[0m 1.047 ms - -[0m
2026-07-31 04:28:59 [INFO]: [0mGET /images/hero/aloe-vera.jpg [36m304[0m 1.547 ms - -[0m
2026-07-31 04:28:59 [INFO]: [0mGET /images/hero/areca-palm.jpg [36m304[0m 0.568 ms - -[0m
2026-07-31 04:28:59 [INFO]: [0mGET /images/hero/jade-plant.jpg [36m304[0m 0.274 ms - -[0m
2026-07-31 04:28:59 [INFO]: [0mGET /images/hero/golden-pothos.jpg [36m304[0m 0.322 ms - -[0m
2026-07-31 04:28:59 [INFO]: [0mGET /images/hero/fiddle-leaf-fig.jpg [36m304[0m 0.265 ms - -[0m
2026-07-31 04:28:59 [INFO]: [0mGET /images/hero/why-choose.jpg [36m304[0m 0.362 ms - -[0m
2026-07-31 04:28:59 [INFO]: [0mGET /images/logo/plantora-orgn-white.png [36m304[0m 0.462 ms - -[0m
2026-07-31 04:29:06 [ERROR]: Failed to create audit log: AuditLog validation failed: action: `Login` is not a valid enum value for path `action`.
2026-07-31 04:29:06 [INFO]: Login successful : customer_0002@yopmail.com
2026-07-31 04:29:06 [INFO]: [0mPOST /auth/login [32m200[0m 450.840 ms - 46[0m
2026-07-31 04:29:07 [INFO]: [0mGET / [32m200[0m 52.418 ms - -[0m
2026-07-31 04:29:07 [INFO]: [0mGET /css/style.css [36m304[0m 0.171 ms - -[0m
2026-07-31 04:29:07 [INFO]: [0mGET /images/logo/plantora.png [36m304[0m 0.277 ms - -[0m
2026-07-31 04:29:07 [INFO]: [0mGET /images/hero/hero-placeholder.png [36m304[0m 0.239 ms - -[0m
2026-07-31 04:29:07 [INFO]: [0mGET /images/hero/monstera-plant.jpg [36m304[0m 0.301 ms - -[0m
2026-07-31 04:29:07 [INFO]: [0mGET /js/featured.js [36m304[0m 0.536 ms - -[0m
2026-07-31 04:29:07 [INFO]: [0mGET /js/why-choose.js [36m304[0m 0.186 ms - -[0m
2026-07-31 04:29:07 [INFO]: [0mGET /js/notification.js [36m304[0m 0.356 ms - -[0m
2026-07-31 04:29:07 [INFO]: [0mGET /js/footer.js [36m304[0m 0.172 ms - -[0m
2026-07-31 04:29:07 [INFO]: [0mGET /js/auth.js [36m304[0m 0.363 ms - -[0m
2026-07-31 04:29:07 [INFO]: [0mGET /images/hero/snake-plant.jpg [36m304[0m 0.137 ms - -[0m
2026-07-31 04:29:07 [INFO]: [0mGET /css/variables.css [36m304[0m 0.211 ms - -[0m
2026-07-31 04:29:07 [INFO]: [0mGET /images/hero/peace-lily.jpg [36m304[0m 0.298 ms - -[0m
2026-07-31 04:29:07 [INFO]: [0mGET /images/hero/tulip-plant.jpg [36m304[0m 0.093 ms - -[0m
2026-07-31 04:29:07 [INFO]: [0mGET /css/utilities.css [36m304[0m 0.173 ms - -[0m
2026-07-31 04:29:07 [INFO]: [0mGET /css/animations.css [36m304[0m 0.151 ms - -[0m
2026-07-31 04:29:07 [INFO]: [0mGET /css/announcement.css [36m304[0m 0.223 ms - -[0m
2026-07-31 04:29:07 [INFO]: [0mGET /css/header.css [36m304[0m 0.357 ms - -[0m
2026-07-31 04:29:07 [INFO]: [0mGET /css/hero.css [36m304[0m 0.187 ms - -[0m
2026-07-31 04:29:07 [INFO]: [0mGET /css/featured.css [36m304[0m 0.356 ms - -[0m
2026-07-31 04:29:07 [INFO]: [0mGET /css/why-choose.css [36m304[0m 0.173 ms - -[0m
2026-07-31 04:29:07 [INFO]: [0mGET /css/footer.css [36m304[0m 0.354 ms - -[0m
2026-07-31 04:29:07 [INFO]: [0mGET /css/auth.css [36m304[0m 0.613 ms - -[0m
2026-07-31 04:29:07 [INFO]: [0mGET /css/verify.css [36m304[0m 0.497 ms - -[0m
2026-07-31 04:29:07 [INFO]: [0mGET /images/hero/rubber-plant.jpg [36m304[0m 0.208 ms - -[0m
2026-07-31 04:29:07 [INFO]: [0mGET /images/hero/aloe-vera.jpg [36m304[0m 0.188 ms - -[0m
2026-07-31 04:29:07 [INFO]: [0mGET /images/hero/areca-palm.jpg [36m304[0m 0.298 ms - -[0m
2026-07-31 04:29:07 [INFO]: [0mGET /images/hero/jade-plant.jpg [36m304[0m 0.100 ms - -[0m
2026-07-31 04:29:07 [INFO]: [0mGET /images/hero/golden-pothos.jpg [36m304[0m 0.114 ms - -[0m
2026-07-31 04:29:07 [INFO]: [0mGET /images/hero/fiddle-leaf-fig.jpg [36m304[0m 0.338 ms - -[0m
2026-07-31 04:29:07 [INFO]: [0mGET /images/hero/why-choose.jpg [36m304[0m 0.732 ms - -[0m
2026-07-31 04:29:07 [INFO]: [0mGET /images/logo/plantora-orgn-white.png [36m304[0m 0.179 ms - -[0m
2026-07-31 04:29:07 [INFO]: [0mGET /%7B%20%20publicId:%20'/public/default/profile.png',%20%20url:%20'https://res.cloudinary.com/desmwasfe/image/upload/v1781973939/default-avatar_d6ofmr.png'%7D [33m404[0m 47.768 ms - 236[0m
2026-07-31 04:29:07 [INFO]: [0mGET /public/js/header.js [33m404[0m 46.665 ms - 83[0m
2026-07-31 04:29:13 [INFO]: [0mGET /auth/profile [32m200[0m 87.504 ms - -[0m
2026-07-31 04:29:13 [INFO]: [0mGET /css/style.css [36m304[0m 0.426 ms - -[0m
2026-07-31 04:29:13 [INFO]: [0mGET /css/profile.css [36m304[0m 0.498 ms - -[0m
2026-07-31 04:29:13 [INFO]: [0mGET /images/logo/plantora.png [36m304[0m 0.631 ms - -[0m
2026-07-31 04:29:13 [INFO]: [0mGET /js/profile.js [36m304[0m 1.084 ms - -[0m
2026-07-31 04:29:13 [INFO]: [0mGET /images/logo/plantora-orgn-white.png [36m304[0m 1.247 ms - -[0m
2026-07-31 04:29:13 [INFO]: [0mGET /js/featured.js [36m304[0m 1.839 ms - -[0m
2026-07-31 04:29:13 [INFO]: [0mGET /js/why-choose.js [36m304[0m 1.963 ms - -[0m
2026-07-31 04:29:13 [INFO]: [0mGET /css/variables.css [36m304[0m 0.243 ms - -[0m
2026-07-31 04:29:13 [INFO]: [0mGET /css/utilities.css [36m304[0m 0.346 ms - -[0m
2026-07-31 04:29:13 [INFO]: [0mGET /css/animations.css [36m304[0m 0.173 ms - -[0m
2026-07-31 04:29:13 [INFO]: [0mGET /css/announcement.css [36m304[0m 0.320 ms - -[0m
2026-07-31 04:29:13 [INFO]: [0mGET /css/header.css [36m304[0m 0.215 ms - -[0m
2026-07-31 04:29:13 [INFO]: [0mGET /css/hero.css [36m304[0m 0.410 ms - -[0m
2026-07-31 04:29:13 [INFO]: [0mGET /css/featured.css [36m304[0m 0.148 ms - -[0m
2026-07-31 04:29:13 [INFO]: [0mGET /css/why-choose.css [36m304[0m 0.485 ms - -[0m
2026-07-31 04:29:13 [INFO]: [0mGET /css/footer.css [36m304[0m 0.499 ms - -[0m
2026-07-31 04:29:13 [INFO]: [0mGET /css/auth.css [36m304[0m 0.437 ms - -[0m
2026-07-31 04:29:13 [INFO]: [0mGET /css/verify.css [36m304[0m 0.117 ms - -[0m
2026-07-31 04:29:13 [INFO]: [0mGET /js/notification.js [36m304[0m 0.125 ms - -[0m
2026-07-31 04:29:13 [INFO]: [0mGET /js/footer.js [36m304[0m 0.133 ms - -[0m
2026-07-31 04:29:13 [INFO]: [0mGET /js/auth.js [36m304[0m 0.123 ms - -[0m
2026-07-31 04:29:13 [INFO]: [0mGET /auth/%7B%20%20publicId:%20'/public/default/profile.png',%20%20url:%20'https://res.cloudinary.com/desmwasfe/image/upload/v1781973939/default-avatar_d6ofmr.png'%7D [33m404[0m 43.236 ms - 241[0m
2026-07-31 04:29:13 [INFO]: [0mGET /auth/public/js/header.js [33m404[0m 48.928 ms - 88[0m
2026-07-31 04:29:30 [ERROR]: Failed to create audit log: AuditLog validation failed: action: `Logout` is not a valid enum value for path `action`.
2026-07-31 04:29:30 [INFO]: Logout successful : customer_0002@yopmail.com
2026-07-31 04:29:30 [INFO]: [0mPOST /auth/logout [36m302[0m 197.665 ms - 30[0m
2026-07-31 04:29:30 [INFO]: [0mGET / [32m200[0m 6.723 ms - -[0m
2026-07-31 04:29:30 [INFO]: [0mGET /css/style.css [36m304[0m 0.276 ms - -[0m
2026-07-31 04:29:30 [INFO]: [0mGET /images/logo/plantora.png [36m304[0m 0.320 ms - -[0m
2026-07-31 04:29:30 [INFO]: [0mGET /images/hero/hero-placeholder.png [36m304[0m 0.504 ms - -[0m
2026-07-31 04:29:30 [INFO]: [0mGET /images/hero/monstera-plant.jpg [36m304[0m 0.602 ms - -[0m
2026-07-31 04:29:30 [INFO]: [0mGET /images/hero/snake-plant.jpg [36m304[0m 0.645 ms - -[0m
2026-07-31 04:29:30 [INFO]: [0mGET /images/hero/peace-lily.jpg [36m304[0m 0.789 ms - -[0m
2026-07-31 04:29:30 [INFO]: [0mGET /css/variables.css [36m304[0m 0.760 ms - -[0m
2026-07-31 04:29:30 [INFO]: [0mGET /css/utilities.css [36m304[0m 0.895 ms - -[0m
2026-07-31 04:29:30 [INFO]: [0mGET /css/animations.css [36m304[0m 1.034 ms - -[0m
2026-07-31 04:29:30 [INFO]: [0mGET /css/announcement.css [36m304[0m 1.692 ms - -[0m
2026-07-31 04:29:30 [INFO]: [0mGET /css/header.css [36m304[0m 0.612 ms - -[0m
2026-07-31 04:29:30 [INFO]: [0mGET /css/hero.css [36m304[0m 0.536 ms - -[0m
2026-07-31 04:29:30 [INFO]: [0mGET /css/featured.css [36m304[0m 0.711 ms - -[0m
2026-07-31 04:29:30 [INFO]: [0mGET /css/why-choose.css [36m304[0m 0.809 ms - -[0m
2026-07-31 04:29:30 [INFO]: [0mGET /css/footer.css [36m304[0m 1.171 ms - -[0m
2026-07-31 04:29:30 [INFO]: [0mGET /css/auth.css [36m304[0m 1.247 ms - -[0m
2026-07-31 04:29:30 [INFO]: [0mGET /css/verify.css [36m304[0m 1.416 ms - -[0m
2026-07-31 04:29:30 [INFO]: [0mGET /public/js/header.js [33m404[0m 1.990 ms - 83[0m
2026-07-31 04:29:30 [INFO]: [0mGET /js/featured.js [36m304[0m 1.757 ms - -[0m
2026-07-31 04:29:30 [INFO]: [0mGET /js/why-choose.js [36m304[0m 0.307 ms - -[0m
2026-07-31 04:29:30 [INFO]: [0mGET /js/notification.js [36m304[0m 0.741 ms - -[0m
2026-07-31 04:29:30 [INFO]: [0mGET /js/footer.js [36m304[0m 0.574 ms - -[0m
2026-07-31 04:29:30 [INFO]: [0mGET /js/auth.js [36m304[0m 0.706 ms - -[0m
2026-07-31 04:29:30 [INFO]: [0mGET /images/hero/tulip-plant.jpg [36m304[0m 0.138 ms - -[0m
2026-07-31 04:29:30 [INFO]: [0mGET /images/hero/rubber-plant.jpg [36m304[0m 0.243 ms - -[0m
2026-07-31 04:29:30 [INFO]: [0mGET /images/hero/aloe-vera.jpg [36m304[0m 0.281 ms - -[0m
2026-07-31 04:29:30 [INFO]: [0mGET /images/hero/areca-palm.jpg [36m304[0m 0.922 ms - -[0m
2026-07-31 04:29:30 [INFO]: [0mGET /images/hero/jade-plant.jpg [36m304[0m 1.070 ms - -[0m
2026-07-31 04:29:30 [INFO]: [0mGET /images/hero/golden-pothos.jpg [36m304[0m 1.433 ms - -[0m
2026-07-31 04:29:30 [INFO]: [0mGET /images/hero/fiddle-leaf-fig.jpg [36m304[0m 1.609 ms - -[0m
2026-07-31 04:29:30 [INFO]: [0mGET /images/hero/why-choose.jpg [36m304[0m 0.273 ms - -[0m
2026-07-31 04:29:30 [INFO]: [0mGET /images/logo/plantora-orgn-white.png [36m304[0m 0.525 ms - -[0m
2026-07-31 04:29:33 [INFO]: [0mGET /shop [33m404[0m 1.850 ms - 68[0m
2026-07-31 04:29:36 [INFO]: [0mGET /products [33m401[0m 0.648 ms - 55[0m
2026-07-31 04:29:39 [INFO]: [0mGET /shop [33m404[0m 2.573 ms - 68[0m
2026-07-31 04:29:41 [INFO]: [0mGET /products [33m401[0m 0.610 ms - 55[0m
2026-07-31 04:29:47 [INFO]: [0mGET /shop [33m404[0m 1.944 ms - 68[0m
2026-07-31 04:29:49 [INFO]: [0mGET /products [33m401[0m 0.500 ms - 55[0m
2026-07-31 04:29:55 [INFO]: [0mGET /shop [33m404[0m 1.912 ms - 68[0m
2026-07-31 04:30:28 [INFO]: SIGINT received. Shutting down server...
2026-07-31 12:59:45 [INFO]: MongoDB connected successfully.
2026-07-31 12:59:48 [INFO]: Email server connected successfully.
2026-07-31 12:59:48 [INFO]: Server is running on port 5132.
2026-07-31 13:01:00 [INFO]: [0mGET / [32m200[0m 46.437 ms - -[0m
2026-07-31 13:01:00 [INFO]: [0mGET /images/logo/plantora.png [36m304[0m 0.593 ms - -[0m
2026-07-31 13:01:00 [INFO]: [0mGET /css/style.css [32m200[0m 4.156 ms - 435[0m
2026-07-31 13:01:00 [INFO]: [0mGET /public/js/header.js [33m404[0m 4.209 ms - 83[0m
2026-07-31 13:01:00 [INFO]: [0mGET /js/featured.js [36m304[0m 5.070 ms - -[0m
2026-07-31 13:01:00 [INFO]: [0mGET /css/variables.css [36m304[0m 1.509 ms - -[0m
2026-07-31 13:01:00 [INFO]: [0mGET /css/utilities.css [36m304[0m 1.972 ms - -[0m
2026-07-31 13:01:00 [INFO]: [0mGET /css/animations.css [36m304[0m 1.278 ms - -[0m
2026-07-31 13:01:00 [INFO]: [0mGET /css/announcement.css [36m304[0m 1.161 ms - -[0m
2026-07-31 13:01:00 [INFO]: [0mGET /css/header.css [36m304[0m 0.851 ms - -[0m
2026-07-31 13:01:00 [INFO]: [0mGET /css/hero.css [36m304[0m 1.251 ms - -[0m
2026-07-31 13:01:00 [INFO]: [0mGET /css/featured.css [36m304[0m 1.383 ms - -[0m
2026-07-31 13:01:00 [INFO]: [0mGET /css/why-choose.css [36m304[0m 1.841 ms - -[0m
2026-07-31 13:01:00 [INFO]: [0mGET /css/footer.css [36m304[0m 1.215 ms - -[0m
2026-07-31 13:01:00 [INFO]: [0mGET /css/auth.css [32m200[0m 4.014 ms - -[0m
2026-07-31 13:01:00 [INFO]: [0mGET /css/verify.css [32m200[0m 3.187 ms - -[0m
2026-07-31 13:01:00 [INFO]: [0mGET /js/why-choose.js [36m304[0m 1.528 ms - -[0m
2026-07-31 13:01:00 [INFO]: [0mGET /js/notification.js [36m304[0m 0.480 ms - -[0m
2026-07-31 13:01:00 [INFO]: [0mGET /images/hero/snake-plant.jpg [32m200[0m 8.597 ms - 1391374[0m
2026-07-31 13:01:00 [INFO]: [0mGET /js/footer.js [36m304[0m 1.387 ms - -[0m
2026-07-31 13:01:00 [INFO]: [0mGET /images/hero/peace-lily.jpg [32m200[0m 8.768 ms - 1529509[0m
2026-07-31 13:01:00 [INFO]: [0mGET /js/auth.js [32m200[0m 2.777 ms - -[0m
2026-07-31 13:01:00 [INFO]: [0mGET /images/hero/tulip-plant.jpg [32m200[0m 2.784 ms - 756312[0m
2026-07-31 13:01:00 [INFO]: [0mGET /images/hero/monstera-plant.jpg [32m200[0m 9.577 ms - 3063815[0m
2026-07-31 13:01:00 [INFO]: [0mGET /images/hero/areca-palm.jpg [32m200[0m 6.013 ms - 1631108[0m
2026-07-31 13:01:00 [INFO]: [0mGET /images/hero/jade-plant.jpg [32m200[0m 2.019 ms - 967267[0m
2026-07-31 13:01:00 [INFO]: [0mGET /images/hero/fiddle-leaf-fig.jpg [32m200[0m 2.825 ms - 1956023[0m
2026-07-31 13:01:00 [INFO]: [0mGET /images/logo/plantora-orgn-white.png [36m304[0m 0.318 ms - -[0m
2026-07-31 13:01:00 [INFO]: [0mGET /images/hero/golden-pothos.jpg [32m200[0m 2.367 ms - 2954845[0m
2026-07-31 13:01:00 [INFO]: [0mGET /images/hero/aloe-vera.jpg [32m200[0m 2.428 ms - 3768748[0m
2026-07-31 13:01:00 [INFO]: [0mGET /images/hero/rubber-plant.jpg [32m200[0m 2.905 ms - 4330813[0m
2026-07-31 13:01:00 [INFO]: [0mGET /images/hero/why-choose.jpg [32m200[0m 2.141 ms - 5237763[0m
2026-07-31 13:01:00 [INFO]: [0mGET /images/hero/hero-placeholder.png [32m200[0m 4.907 ms - 17301093[0m
2026-07-31 13:01:00 [INFO]: [0mGET /favicon.ico [33m404[0m 2.555 ms - 75[0m
2026-07-31 13:01:40 [ERROR]: Failed to create audit log: AuditLog validation failed: action: `Login` is not a valid enum value for path `action`.
2026-07-31 13:01:40 [INFO]: Login successful : customer_0001@yopmail.com
2026-07-31 13:01:40 [INFO]: [0mPOST /auth/login [32m200[0m 492.772 ms - 46[0m
2026-07-31 13:01:41 [INFO]: [0mGET / [32m200[0m 56.008 ms - -[0m
2026-07-31 13:01:41 [INFO]: [0mGET /css/style.css [36m304[0m 0.744 ms - -[0m
2026-07-31 13:01:41 [INFO]: [0mGET /images/logo/plantora.png [36m304[0m 1.485 ms - -[0m
2026-07-31 13:01:41 [INFO]: [0mGET /css/variables.css [36m304[0m 0.556 ms - -[0m
2026-07-31 13:01:41 [INFO]: [0mGET /css/utilities.css [36m304[0m 0.828 ms - -[0m
2026-07-31 13:01:41 [INFO]: [0mGET /css/animations.css [36m304[0m 0.269 ms - -[0m
2026-07-31 13:01:41 [INFO]: [0mGET /css/hero.css [36m304[0m 0.530 ms - -[0m
2026-07-31 13:01:41 [INFO]: [0mGET /css/featured.css [36m304[0m 0.845 ms - -[0m
2026-07-31 13:01:41 [INFO]: [0mGET /css/header.css [36m304[0m 0.999 ms - -[0m
2026-07-31 13:01:41 [INFO]: [0mGET /css/announcement.css [36m304[0m 1.516 ms - -[0m
2026-07-31 13:01:41 [INFO]: [0mGET /css/why-choose.css [36m304[0m 0.195 ms - -[0m
2026-07-31 13:01:41 [INFO]: [0mGET /css/footer.css [36m304[0m 0.721 ms - -[0m
2026-07-31 13:01:41 [INFO]: [0mGET /css/auth.css [36m304[0m 0.970 ms - -[0m
2026-07-31 13:01:41 [INFO]: [0mGET /css/verify.css [36m304[0m 1.218 ms - -[0m
2026-07-31 13:01:41 [INFO]: [0mGET /images/hero/hero-placeholder.png [36m304[0m 1.407 ms - -[0m
2026-07-31 13:01:41 [INFO]: [0mGET /images/hero/monstera-plant.jpg [36m304[0m 0.180 ms - -[0m
2026-07-31 13:01:41 [INFO]: [0mGET /js/featured.js [36m304[0m 1.057 ms - -[0m
2026-07-31 13:01:41 [INFO]: [0mGET /js/why-choose.js [36m304[0m 1.506 ms - -[0m
2026-07-31 13:01:41 [INFO]: [0mGET /js/notification.js [36m304[0m 0.421 ms - -[0m
2026-07-31 13:01:41 [INFO]: [0mGET /js/footer.js [36m304[0m 0.625 ms - -[0m
2026-07-31 13:01:41 [INFO]: [0mGET /js/auth.js [36m304[0m 0.440 ms - -[0m
2026-07-31 13:01:41 [INFO]: [0mGET /images/hero/snake-plant.jpg [36m304[0m 0.516 ms - -[0m
2026-07-31 13:01:41 [INFO]: [0mGET /images/hero/peace-lily.jpg [36m304[0m 0.403 ms - -[0m
2026-07-31 13:01:41 [INFO]: [0mGET /images/hero/tulip-plant.jpg [36m304[0m 1.201 ms - -[0m
2026-07-31 13:01:41 [INFO]: [0mGET /images/hero/rubber-plant.jpg [36m304[0m 0.855 ms - -[0m
2026-07-31 13:01:41 [INFO]: [0mGET /images/hero/aloe-vera.jpg [36m304[0m 0.830 ms - -[0m
2026-07-31 13:01:41 [INFO]: [0mGET /images/hero/areca-palm.jpg [36m304[0m 1.351 ms - -[0m
2026-07-31 13:01:41 [INFO]: [0mGET /images/hero/jade-plant.jpg [36m304[0m 0.263 ms - -[0m
2026-07-31 13:01:41 [INFO]: [0mGET /images/hero/golden-pothos.jpg [36m304[0m 0.532 ms - -[0m
2026-07-31 13:01:41 [INFO]: [0mGET /images/hero/fiddle-leaf-fig.jpg [36m304[0m 0.730 ms - -[0m
2026-07-31 13:01:41 [INFO]: [0mGET /images/hero/why-choose.jpg [36m304[0m 0.919 ms - -[0m
2026-07-31 13:01:41 [INFO]: [0mGET /images/logo/plantora-orgn-white.png [36m304[0m 0.188 ms - -[0m
2026-07-31 13:01:41 [INFO]: [0mGET /%7B%20%20publicId:%20'[object%20Object]/5a0c1f1e-3abd-43cb-bc91-c48f836ab825_ujlzzt',%20%20url:%20'https://res.cloudinary.com/desmwasfe/image/upload/v1785432244/%5Bobject%20Object%5D/5a0c1f1e-3abd-43cb-bc91-c48f836ab825_ujlzzt.jpg'%7D [33m404[0m 41.462 ms - 314[0m
2026-07-31 13:01:41 [INFO]: [0mGET /public/js/header.js [33m404[0m 47.919 ms - 83[0m
2026-07-31 13:01:44 [INFO]: [0mGET /auth/profile [32m200[0m 125.241 ms - -[0m
2026-07-31 13:01:44 [INFO]: [0mGET /css/style.css [36m304[0m 0.713 ms - -[0m
2026-07-31 13:01:44 [INFO]: [0mGET /images/logo/plantora.png [36m304[0m 2.239 ms - -[0m
2026-07-31 13:01:44 [INFO]: [0mGET /css/profile.css [32m200[0m 3.063 ms - -[0m
2026-07-31 13:01:44 [INFO]: [0mGET /images/logo/plantora-orgn-white.png [36m304[0m 1.826 ms - -[0m
2026-07-31 13:01:44 [INFO]: [0mGET /js/featured.js [36m304[0m 2.124 ms - -[0m
2026-07-31 13:01:44 [INFO]: [0mGET /js/why-choose.js [36m304[0m 2.518 ms - -[0m
2026-07-31 13:01:44 [INFO]: [0mGET /css/variables.css [36m304[0m 0.595 ms - -[0m
2026-07-31 13:01:44 [INFO]: [0mGET /css/utilities.css [36m304[0m 0.876 ms - -[0m
2026-07-31 13:01:44 [INFO]: [0mGET /css/animations.css [36m304[0m 0.840 ms - -[0m
2026-07-31 13:01:44 [INFO]: [0mGET /css/announcement.css [36m304[0m 0.734 ms - -[0m
2026-07-31 13:01:44 [INFO]: [0mGET /css/header.css [36m304[0m 1.071 ms - -[0m
2026-07-31 13:01:44 [INFO]: [0mGET /js/profile.js [32m200[0m 5.056 ms - -[0m
2026-07-31 13:01:44 [INFO]: [0mGET /css/hero.css [36m304[0m 0.437 ms - -[0m
2026-07-31 13:01:44 [INFO]: [0mGET /css/featured.css [36m304[0m 0.927 ms - -[0m
2026-07-31 13:01:44 [INFO]: [0mGET /css/why-choose.css [36m304[0m 0.693 ms - -[0m
2026-07-31 13:01:44 [INFO]: [0mGET /css/footer.css [36m304[0m 1.023 ms - -[0m
2026-07-31 13:01:44 [INFO]: [0mGET /css/auth.css [36m304[0m 0.527 ms - -[0m
2026-07-31 13:01:44 [INFO]: [0mGET /css/verify.css [36m304[0m 0.184 ms - -[0m
2026-07-31 13:01:44 [INFO]: [0mGET /js/notification.js [36m304[0m 0.341 ms - -[0m
2026-07-31 13:01:44 [INFO]: [0mGET /js/footer.js [36m304[0m 0.887 ms - -[0m
2026-07-31 13:01:44 [INFO]: [0mGET /js/auth.js [36m304[0m 0.609 ms - -[0m
2026-07-31 13:01:44 [INFO]: [0mGET /auth/public/js/header.js [33m404[0m 42.303 ms - 88[0m
2026-07-31 13:01:44 [INFO]: [0mGET /auth/%7B%20%20publicId:%20'[object%20Object]/5a0c1f1e-3abd-43cb-bc91-c48f836ab825_ujlzzt',%20%20url:%20'https://res.cloudinary.com/desmwasfe/image/upload/v1785432244/%5Bobject%20Object%5D/5a0c1f1e-3abd-43cb-bc91-c48f836ab825_ujlzzt.jpg'%7D [33m404[0m 54.390 ms - 319[0m
2026-07-31 13:02:06 [ERROR]: Failed to create audit log: AuditLog validation failed: action: `Update Profile` is not a valid enum value for path `action`.
2026-07-31 13:02:06 [INFO]: Profile updated : customer_0001@yopmail.com
2026-07-31 13:02:06 [INFO]: [0mPUT /auth/profile?_method=PUT [36m302[0m 273.299 ms - 101[0m
2026-07-31 13:02:06 [INFO]: [0mGET /auth/profile?type=success&message=Profile%20updated%20successfully. [32m200[0m 109.046 ms - -[0m
2026-07-31 13:02:06 [INFO]: [0mGET /css/style.css [36m304[0m 0.341 ms - -[0m
2026-07-31 13:02:06 [INFO]: [0mGET /css/profile.css [36m304[0m 1.191 ms - -[0m
2026-07-31 13:02:06 [INFO]: [0mGET /images/logo/plantora.png [36m304[0m 0.715 ms - -[0m
2026-07-31 13:02:06 [INFO]: [0mGET /css/variables.css [36m304[0m 1.347 ms - -[0m
2026-07-31 13:02:06 [INFO]: [0mGET /css/utilities.css [36m304[0m 1.467 ms - -[0m
2026-07-31 13:02:06 [INFO]: [0mGET /css/animations.css [36m304[0m 1.746 ms - -[0m
2026-07-31 13:02:06 [INFO]: [0mGET /css/announcement.css [36m304[0m 2.092 ms - -[0m
2026-07-31 13:02:06 [INFO]: [0mGET /css/header.css [36m304[0m 1.230 ms - -[0m
2026-07-31 13:02:06 [INFO]: [0mGET /css/hero.css [36m304[0m 0.958 ms - -[0m
2026-07-31 13:02:06 [INFO]: [0mGET /css/featured.css [36m304[0m 1.104 ms - -[0m
2026-07-31 13:02:06 [INFO]: [0mGET /css/why-choose.css [36m304[0m 1.483 ms - -[0m
2026-07-31 13:02:06 [INFO]: [0mGET /css/footer.css [36m304[0m 1.164 ms - -[0m
2026-07-31 13:02:06 [INFO]: [0mGET /css/auth.css [36m304[0m 0.953 ms - -[0m
2026-07-31 13:02:06 [INFO]: [0mGET /css/verify.css [36m304[0m 1.047 ms - -[0m
2026-07-31 13:02:06 [INFO]: [0mGET /js/profile.js [36m304[0m 1.229 ms - -[0m
2026-07-31 13:02:06 [INFO]: [0mGET /images/logo/plantora-orgn-white.png [36m304[0m 0.819 ms - -[0m
2026-07-31 13:02:06 [INFO]: [0mGET /js/featured.js [36m304[0m 2.295 ms - -[0m
2026-07-31 13:02:06 [INFO]: [0mGET /js/why-choose.js [36m304[0m 2.889 ms - -[0m
2026-07-31 13:02:06 [INFO]: [0mGET /js/notification.js [36m304[0m 3.184 ms - -[0m
2026-07-31 13:02:06 [INFO]: [0mGET /js/footer.js [36m304[0m 0.451 ms - -[0m
2026-07-31 13:02:06 [INFO]: [0mGET /js/auth.js [36m304[0m 0.733 ms - -[0m
2026-07-31 13:02:06 [INFO]: [0mGET /auth/%7B%20%20publicId:%20'[object%20Object]/5a0c1f1e-3abd-43cb-bc91-c48f836ab825_ujlzzt',%20%20url:%20'https://res.cloudinary.com/desmwasfe/image/upload/v1785432244/%5Bobject%20Object%5D/5a0c1f1e-3abd-43cb-bc91-c48f836ab825_ujlzzt.jpg'%7D [33m404[0m 49.699 ms - 319[0m
2026-07-31 13:02:06 [INFO]: [0mGET /auth/public/js/header.js [33m404[0m 42.396 ms - 88[0m
2026-07-31 13:02:29 [INFO]: [0mGET / [36m304[0m 48.688 ms - -[0m
2026-07-31 13:02:29 [INFO]: [0mGET /css/style.css [36m304[0m 0.663 ms - -[0m
2026-07-31 13:02:29 [INFO]: [0mGET /images/logo/plantora.png [36m304[0m 1.021 ms - -[0m
2026-07-31 13:02:29 [INFO]: [0mGET /images/hero/hero-placeholder.png [36m304[0m 0.565 ms - -[0m
2026-07-31 13:02:29 [INFO]: [0mGET /images/hero/monstera-plant.jpg [36m304[0m 0.900 ms - -[0m
2026-07-31 13:02:29 [INFO]: [0mGET /js/featured.js [36m304[0m 1.799 ms - -[0m
2026-07-31 13:02:29 [INFO]: [0mGET /js/why-choose.js [36m304[0m 0.433 ms - -[0m
2026-07-31 13:02:29 [INFO]: [0mGET /css/variables.css [36m304[0m 0.567 ms - -[0m
2026-07-31 13:02:29 [INFO]: [0mGET /css/utilities.css [36m304[0m 0.859 ms - -[0m
2026-07-31 13:02:29 [INFO]: [0mGET /css/animations.css [36m304[0m 1.245 ms - -[0m
2026-07-31 13:02:29 [INFO]: [0mGET /css/announcement.css [36m304[0m 0.559 ms - -[0m
2026-07-31 13:02:29 [INFO]: [0mGET /css/header.css [36m304[0m 0.738 ms - -[0m
2026-07-31 13:02:29 [INFO]: [0mGET /css/hero.css [36m304[0m 1.166 ms - -[0m
2026-07-31 13:02:29 [INFO]: [0mGET /css/featured.css [36m304[0m 0.558 ms - -[0m
2026-07-31 13:02:29 [INFO]: [0mGET /css/why-choose.css [36m304[0m 0.387 ms - -[0m
2026-07-31 13:02:29 [INFO]: [0mGET /css/footer.css [36m304[0m 0.552 ms - -[0m
2026-07-31 13:02:29 [INFO]: [0mGET /css/auth.css [36m304[0m 0.272 ms - -[0m
2026-07-31 13:02:29 [INFO]: [0mGET /css/verify.css [36m304[0m 0.395 ms - -[0m
2026-07-31 13:02:29 [INFO]: [0mGET /js/notification.js [36m304[0m 0.333 ms - -[0m
2026-07-31 13:02:29 [INFO]: [0mGET /js/footer.js [36m304[0m 0.776 ms - -[0m
2026-07-31 13:02:29 [INFO]: [0mGET /js/auth.js [36m304[0m 0.986 ms - -[0m
2026-07-31 13:02:29 [INFO]: [0mGET /images/hero/snake-plant.jpg [36m304[0m 1.560 ms - -[0m
2026-07-31 13:02:29 [INFO]: [0mGET /images/hero/peace-lily.jpg [36m304[0m 0.824 ms - -[0m
2026-07-31 13:02:29 [INFO]: [0mGET /images/hero/tulip-plant.jpg [36m304[0m 0.855 ms - -[0m
2026-07-31 13:02:29 [INFO]: [0mGET /images/hero/rubber-plant.jpg [36m304[0m 1.292 ms - -[0m
2026-07-31 13:02:29 [INFO]: [0mGET /images/hero/aloe-vera.jpg [36m304[0m 0.902 ms - -[0m
2026-07-31 13:02:29 [INFO]: [0mGET /images/hero/areca-palm.jpg [36m304[0m 1.227 ms - -[0m
2026-07-31 13:02:29 [INFO]: [0mGET /images/hero/jade-plant.jpg [36m304[0m 0.911 ms - -[0m
2026-07-31 13:02:29 [INFO]: [0mGET /images/hero/golden-pothos.jpg [36m304[0m 0.468 ms - -[0m
2026-07-31 13:02:29 [INFO]: [0mGET /images/hero/fiddle-leaf-fig.jpg [36m304[0m 0.539 ms - -[0m
2026-07-31 13:02:29 [INFO]: [0mGET /images/hero/why-choose.jpg [36m304[0m 0.912 ms - -[0m
2026-07-31 13:02:29 [INFO]: [0mGET /images/logo/plantora-orgn-white.png [36m304[0m 0.602 ms - -[0m
2026-07-31 13:02:29 [INFO]: [0mGET /%7B%20%20publicId:%20'[object%20Object]/5a0c1f1e-3abd-43cb-bc91-c48f836ab825_ujlzzt',%20%20url:%20'https://res.cloudinary.com/desmwasfe/image/upload/v1785432244/%5Bobject%20Object%5D/5a0c1f1e-3abd-43cb-bc91-c48f836ab825_ujlzzt.jpg'%7D [33m404[0m 40.312 ms - 314[0m
2026-07-31 13:02:29 [INFO]: [0mGET /public/js/header.js [33m404[0m 48.838 ms - 83[0m
2026-07-31 13:02:31 [ERROR]: Failed to create audit log: AuditLog validation failed: action: `Logout` is not a valid enum value for path `action`.
2026-07-31 13:02:31 [INFO]: Logout successful : customer_0001@yopmail.com
2026-07-31 13:02:31 [INFO]: [0mPOST /auth/logout [36m302[0m 196.993 ms - 30[0m
2026-07-31 13:02:31 [INFO]: [0mGET / [32m200[0m 7.987 ms - -[0m
2026-07-31 13:02:31 [INFO]: [0mGET /css/style.css [36m304[0m 0.437 ms - -[0m
2026-07-31 13:02:31 [INFO]: [0mGET /images/logo/plantora.png [36m304[0m 0.640 ms - -[0m
2026-07-31 13:02:31 [INFO]: [0mGET /images/hero/hero-placeholder.png [36m304[0m 0.974 ms - -[0m
2026-07-31 13:02:31 [INFO]: [0mGET /images/hero/monstera-plant.jpg [36m304[0m 0.571 ms - -[0m
2026-07-31 13:02:31 [INFO]: [0mGET /images/hero/snake-plant.jpg [36m304[0m 0.542 ms - -[0m
2026-07-31 13:02:31 [INFO]: [0mGET /css/variables.css [36m304[0m 0.597 ms - -[0m
2026-07-31 13:02:31 [INFO]: [0mGET /css/utilities.css [36m304[0m 0.781 ms - -[0m
2026-07-31 13:02:31 [INFO]: [0mGET /css/animations.css [36m304[0m 0.858 ms - -[0m
2026-07-31 13:02:31 [INFO]: [0mGET /css/announcement.css [36m304[0m 0.301 ms - -[0m
2026-07-31 13:02:31 [INFO]: [0mGET /css/header.css [36m304[0m 0.848 ms - -[0m
2026-07-31 13:02:31 [INFO]: [0mGET /css/hero.css [36m304[0m 1.839 ms - -[0m
2026-07-31 13:02:31 [INFO]: [0mGET /css/featured.css [36m304[0m 1.136 ms - -[0m
2026-07-31 13:02:31 [INFO]: [0mGET /css/why-choose.css [36m304[0m 1.177 ms - -[0m
2026-07-31 13:02:31 [INFO]: [0mGET /css/footer.css [36m304[0m 1.487 ms - -[0m
2026-07-31 13:02:31 [INFO]: [0mGET /css/auth.css [36m304[0m 0.538 ms - -[0m
2026-07-31 13:02:31 [INFO]: [0mGET /css/verify.css [36m304[0m 0.834 ms - -[0m
2026-07-31 13:02:31 [INFO]: [0mGET /images/hero/peace-lily.jpg [36m304[0m 0.487 ms - -[0m
2026-07-31 13:02:31 [INFO]: [0mGET /public/js/header.js [33m404[0m 1.319 ms - 83[0m
2026-07-31 13:02:31 [INFO]: [0mGET /js/featured.js [36m304[0m 2.341 ms - -[0m
2026-07-31 13:02:31 [INFO]: [0mGET /js/why-choose.js [36m304[0m 1.178 ms - -[0m
2026-07-31 13:02:31 [INFO]: [0mGET /js/notification.js [36m304[0m 1.358 ms - -[0m
2026-07-31 13:02:31 [INFO]: [0mGET /js/footer.js [36m304[0m 1.435 ms - -[0m
2026-07-31 13:02:31 [INFO]: [0mGET /js/auth.js [36m304[0m 0.413 ms - -[0m
2026-07-31 13:02:31 [INFO]: [0mGET /images/hero/tulip-plant.jpg [36m304[0m 0.998 ms - -[0m
2026-07-31 13:02:31 [INFO]: [0mGET /images/hero/rubber-plant.jpg [36m304[0m 0.669 ms - -[0m
2026-07-31 13:02:31 [INFO]: [0mGET /images/hero/aloe-vera.jpg [36m304[0m 0.904 ms - -[0m
2026-07-31 13:02:31 [INFO]: [0mGET /images/hero/areca-palm.jpg [36m304[0m 1.142 ms - -[0m
2026-07-31 13:02:31 [INFO]: [0mGET /images/hero/jade-plant.jpg [36m304[0m 0.235 ms - -[0m
2026-07-31 13:02:31 [INFO]: [0mGET /images/hero/golden-pothos.jpg [36m304[0m 1.135 ms - -[0m
2026-07-31 13:02:31 [INFO]: [0mGET /images/hero/fiddle-leaf-fig.jpg [36m304[0m 1.289 ms - -[0m
2026-07-31 13:02:31 [INFO]: [0mGET /images/hero/why-choose.jpg [36m304[0m 1.488 ms - -[0m
2026-07-31 13:02:31 [INFO]: [0mGET /images/logo/plantora-orgn-white.png [36m304[0m 0.455 ms - -[0m
2026-07-31 13:02:41 [INFO]: SIGINT received. Shutting down server...
2026-07-31 21:37:50 [INFO]: MongoDB connected successfully.
2026-07-31 21:37:59 [INFO]: Email server connected successfully.
2026-07-31 21:37:59 [INFO]: Server is running on port 5132.
2026-07-31 21:38:02 [INFO]: [0mGET / [36m304[0m 53.037 ms - -[0m
2026-07-31 21:38:02 [INFO]: [0mGET /css/style.css [36m304[0m 1.973 ms - -[0m
2026-07-31 21:38:02 [INFO]: [0mGET /images/logo/plantora.png [36m304[0m 1.956 ms - -[0m
2026-07-31 21:38:02 [INFO]: [0mGET /images/hero/hero-placeholder.png [36m304[0m 1.068 ms - -[0m
2026-07-31 21:38:02 [INFO]: [0mGET /images/hero/peace-lily.jpg [36m304[0m 1.278 ms - -[0m
2026-07-31 21:38:02 [INFO]: [0mGET /images/hero/snake-plant.jpg [36m304[0m 3.137 ms - -[0m
2026-07-31 21:38:02 [INFO]: [0mGET /public/js/header.js [33m404[0m 6.170 ms - 83[0m
2026-07-31 21:38:02 [INFO]: [0mGET /js/featured.js [36m304[0m 7.784 ms - -[0m
2026-07-31 21:38:02 [INFO]: [0mGET /images/hero/monstera-plant.jpg [36m304[0m 8.244 ms - -[0m
2026-07-31 21:38:02 [INFO]: [0mGET /css/variables.css [36m304[0m 1.113 ms - -[0m
2026-07-31 21:38:02 [INFO]: [0mGET /css/header.css [36m304[0m 1.031 ms - -[0m
2026-07-31 21:38:02 [INFO]: [0mGET /css/animations.css [36m304[0m 1.203 ms - -[0m
2026-07-31 21:38:02 [INFO]: [0mGET /css/utilities.css [36m304[0m 1.622 ms - -[0m
2026-07-31 21:38:02 [INFO]: [0mGET /css/announcement.css [36m304[0m 0.334 ms - -[0m
2026-07-31 21:38:02 [INFO]: [0mGET /css/hero.css [36m304[0m 2.083 ms - -[0m
2026-07-31 21:38:02 [INFO]: [0mGET /css/featured.css [36m304[0m 1.979 ms - -[0m
2026-07-31 21:38:02 [INFO]: [0mGET /css/footer.css [36m304[0m 2.153 ms - -[0m
2026-07-31 21:38:02 [INFO]: [0mGET /css/auth.css [36m304[0m 1.911 ms - -[0m
2026-07-31 21:38:02 [INFO]: [0mGET /css/why-choose.css [36m304[0m 2.401 ms - -[0m
2026-07-31 21:38:02 [INFO]: [0mGET /css/verify.css [36m304[0m 0.981 ms - -[0m
2026-07-31 21:38:02 [INFO]: [0mGET /js/why-choose.js [36m304[0m 0.358 ms - -[0m
2026-07-31 21:38:02 [INFO]: [0mGET /js/notification.js [36m304[0m 0.556 ms - -[0m
2026-07-31 21:38:02 [INFO]: [0mGET /js/footer.js [36m304[0m 0.196 ms - -[0m
2026-07-31 21:38:02 [INFO]: [0mGET /js/auth.js [36m304[0m 0.398 ms - -[0m
2026-07-31 21:38:02 [INFO]: [0mGET /images/hero/tulip-plant.jpg [36m304[0m 0.723 ms - -[0m
2026-07-31 21:38:02 [INFO]: [0mGET /images/hero/rubber-plant.jpg [36m304[0m 0.230 ms - -[0m
2026-07-31 21:38:02 [INFO]: [0mGET /images/hero/aloe-vera.jpg [36m304[0m 0.188 ms - -[0m
2026-07-31 21:38:02 [INFO]: [0mGET /images/hero/areca-palm.jpg [36m304[0m 0.719 ms - -[0m
2026-07-31 21:38:02 [INFO]: [0mGET /images/hero/jade-plant.jpg [36m304[0m 0.263 ms - -[0m
2026-07-31 21:38:02 [INFO]: [0mGET /images/hero/golden-pothos.jpg [36m304[0m 0.332 ms - -[0m
2026-07-31 21:38:02 [INFO]: [0mGET /images/hero/fiddle-leaf-fig.jpg [36m304[0m 0.183 ms - -[0m
2026-07-31 21:38:02 [INFO]: [0mGET /images/hero/why-choose.jpg [36m304[0m 0.222 ms - -[0m
2026-07-31 21:38:02 [INFO]: [0mGET /images/logo/plantora-orgn-white.png [36m304[0m 0.602 ms - -[0m
2026-07-31 21:38:02 [INFO]: [0mGET /favicon.ico [33m404[0m 1.835 ms - 75[0m
2026-07-31 21:38:34 [INFO]: [0mGET /products [33m401[0m 1.521 ms - 55[0m
2026-07-31 21:38:37 [ERROR]: Error: Failed to lookup view "home/about" in views directory "E:\Webskitters_Academy\NODE JS\final_project_node\plantora_final_project_node_ejs\views"
    at app.render (E:\Webskitters_Academy\NODE JS\final_project_node\plantora_final_project_node_ejs\node_modules\express\lib\application.js:562:17)
    at ServerResponse.render (E:\Webskitters_Academy\NODE JS\final_project_node\plantora_final_project_node_ejs\node_modules\express\lib\response.js:923:7)
    at showAboutPage (E:\Webskitters_Academy\NODE JS\final_project_node\plantora_final_project_node_ejs\app\controllers\HomeController.js:18:44)
    at Layer.handleRequest (E:\Webskitters_Academy\NODE JS\final_project_node\plantora_final_project_node_ejs\node_modules\router\lib\layer.js:152:17)
    at next (E:\Webskitters_Academy\NODE JS\final_project_node\plantora_final_project_node_ejs\node_modules\router\lib\route.js:157:13)
    at Route.dispatch (E:\Webskitters_Academy\NODE JS\final_project_node\plantora_final_project_node_ejs\node_modules\router\lib\route.js:117:3)
    at handle (E:\Webskitters_Academy\NODE JS\final_project_node\plantora_final_project_node_ejs\node_modules\router\index.js:435:11)
    at Layer.handleRequest (E:\Webskitters_Academy\NODE JS\final_project_node\plantora_final_project_node_ejs\node_modules\router\lib\layer.js:152:17)
    at E:\Webskitters_Academy\NODE JS\final_project_node\plantora_final_project_node_ejs\node_modules\router\index.js:295:15
    at processParams (E:\Webskitters_Academy\NODE JS\final_project_node\plantora_final_project_node_ejs\node_modules\router\index.js:582:12)
2026-07-31 21:38:37 [INFO]: [0mGET /about [31m500[0m 5.236 ms - 211[0m
2026-07-31 21:38:40 [ERROR]: Error: Failed to lookup view "home/contact" in views directory "E:\Webskitters_Academy\NODE JS\final_project_node\plantora_final_project_node_ejs\views"
    at app.render (E:\Webskitters_Academy\NODE JS\final_project_node\plantora_final_project_node_ejs\node_modules\express\lib\application.js:562:17)
    at ServerResponse.render (E:\Webskitters_Academy\NODE JS\final_project_node\plantora_final_project_node_ejs\node_modules\express\lib\response.js:923:7)
    at showContactPage (E:\Webskitters_Academy\NODE JS\final_project_node\plantora_final_project_node_ejs\app\controllers\HomeController.js:29:44)
    at Layer.handleRequest (E:\Webskitters_Academy\NODE JS\final_project_node\plantora_final_project_node_ejs\node_modules\router\lib\layer.js:152:17)
    at next (E:\Webskitters_Academy\NODE JS\final_project_node\plantora_final_project_node_ejs\node_modules\router\lib\route.js:157:13)
    at Route.dispatch (E:\Webskitters_Academy\NODE JS\final_project_node\plantora_final_project_node_ejs\node_modules\router\lib\route.js:117:3)
    at handle (E:\Webskitters_Academy\NODE JS\final_project_node\plantora_final_project_node_ejs\node_modules\router\index.js:435:11)
    at Layer.handleRequest (E:\Webskitters_Academy\NODE JS\final_project_node\plantora_final_project_node_ejs\node_modules\router\lib\layer.js:152:17)
    at E:\Webskitters_Academy\NODE JS\final_project_node\plantora_final_project_node_ejs\node_modules\router\index.js:295:15
    at processParams (E:\Webskitters_Academy\NODE JS\final_project_node\plantora_final_project_node_ejs\node_modules\router\index.js:582:12)
2026-07-31 21:38:40 [INFO]: [0mGET /contact [31m500[0m 4.795 ms - 213[0m
2026-07-31 21:38:44 [ERROR]: Error: Failed to lookup view "home/about" in views directory "E:\Webskitters_Academy\NODE JS\final_project_node\plantora_final_project_node_ejs\views"
    at app.render (E:\Webskitters_Academy\NODE JS\final_project_node\plantora_final_project_node_ejs\node_modules\express\lib\application.js:562:17)
    at ServerResponse.render (E:\Webskitters_Academy\NODE JS\final_project_node\plantora_final_project_node_ejs\node_modules\express\lib\response.js:923:7)
    at showAboutPage (E:\Webskitters_Academy\NODE JS\final_project_node\plantora_final_project_node_ejs\app\controllers\HomeController.js:18:44)
    at Layer.handleRequest (E:\Webskitters_Academy\NODE JS\final_project_node\plantora_final_project_node_ejs\node_modules\router\lib\layer.js:152:17)
    at next (E:\Webskitters_Academy\NODE JS\final_project_node\plantora_final_project_node_ejs\node_modules\router\lib\route.js:157:13)
    at Route.dispatch (E:\Webskitters_Academy\NODE JS\final_project_node\plantora_final_project_node_ejs\node_modules\router\lib\route.js:117:3)
    at handle (E:\Webskitters_Academy\NODE JS\final_project_node\plantora_final_project_node_ejs\node_modules\router\index.js:435:11)
    at Layer.handleRequest (E:\Webskitters_Academy\NODE JS\final_project_node\plantora_final_project_node_ejs\node_modules\router\lib\layer.js:152:17)
    at E:\Webskitters_Academy\NODE JS\final_project_node\plantora_final_project_node_ejs\node_modules\router\index.js:295:15
    at processParams (E:\Webskitters_Academy\NODE JS\final_project_node\plantora_final_project_node_ejs\node_modules\router\index.js:582:12)
2026-07-31 21:38:44 [INFO]: [0mGET /about [31m500[0m 4.768 ms - 211[0m
2026-07-31 21:38:46 [INFO]: [0mGET /products [33m401[0m 0.752 ms - 55[0m
2026-07-31 21:56:00 [INFO]: [0mGET / [36m304[0m 19.277 ms - -[0m
2026-07-31 21:56:00 [INFO]: [0mGET /css/style.css [36m304[0m 0.960 ms - -[0m
2026-07-31 21:56:00 [INFO]: [0mGET /images/logo/plantora.png [36m304[0m 1.185 ms - -[0m
2026-07-31 21:56:00 [INFO]: [0mGET /images/hero/hero-placeholder.png [36m304[0m 0.812 ms - -[0m
2026-07-31 21:56:00 [INFO]: [0mGET /images/hero/monstera-plant.jpg [36m304[0m 0.729 ms - -[0m
2026-07-31 21:56:00 [INFO]: [0mGET /images/hero/snake-plant.jpg [36m304[0m 1.236 ms - -[0m
2026-07-31 21:56:00 [INFO]: [0mGET /images/hero/peace-lily.jpg [36m304[0m 1.878 ms - -[0m
2026-07-31 21:56:00 [INFO]: [0mGET /public/js/header.js [33m404[0m 1.512 ms - 83[0m
2026-07-31 21:56:00 [INFO]: [0mGET /js/featured.js [36m304[0m 0.329 ms - -[0m
2026-07-31 21:56:00 [INFO]: [0mGET /css/variables.css [36m304[0m 1.075 ms - -[0m
2026-07-31 21:56:00 [INFO]: [0mGET /css/utilities.css [36m304[0m 1.476 ms - -[0m
2026-07-31 21:56:00 [INFO]: [0mGET /css/animations.css [36m304[0m 1.860 ms - -[0m
2026-07-31 21:56:00 [INFO]: [0mGET /css/announcement.css [36m304[0m 2.203 ms - -[0m
2026-07-31 21:56:00 [INFO]: [0mGET /css/header.css [36m304[0m 2.485 ms - -[0m
2026-07-31 21:56:00 [INFO]: [0mGET /css/hero.css [36m304[0m 1.060 ms - -[0m
2026-07-31 21:56:00 [INFO]: [0mGET /css/featured.css [36m304[0m 1.192 ms - -[0m
2026-07-31 21:56:00 [INFO]: [0mGET /css/why-choose.css [36m304[0m 1.450 ms - -[0m
2026-07-31 21:56:00 [INFO]: [0mGET /css/footer.css [36m304[0m 1.752 ms - -[0m
2026-07-31 21:56:00 [INFO]: [0mGET /css/auth.css [36m304[0m 2.118 ms - -[0m
2026-07-31 21:56:00 [INFO]: [0mGET /css/verify.css [36m304[0m 2.335 ms - -[0m
2026-07-31 21:56:00 [INFO]: [0mGET /js/why-choose.js [36m304[0m 0.475 ms - -[0m
2026-07-31 21:56:00 [INFO]: [0mGET /js/notification.js [36m304[0m 0.598 ms - -[0m
2026-07-31 21:56:00 [INFO]: [0mGET /js/footer.js [36m304[0m 0.774 ms - -[0m
2026-07-31 21:56:00 [INFO]: [0mGET /js/auth.js [36m304[0m 0.965 ms - -[0m
2026-07-31 21:56:00 [INFO]: [0mGET /images/hero/tulip-plant.jpg [36m304[0m 1.338 ms - -[0m
2026-07-31 21:56:00 [INFO]: [0mGET /images/hero/rubber-plant.jpg [36m304[0m 1.679 ms - -[0m
2026-07-31 21:56:00 [INFO]: [0mGET /images/hero/aloe-vera.jpg [36m304[0m 0.394 ms - -[0m
2026-07-31 21:56:00 [INFO]: [0mGET /images/hero/areca-palm.jpg [36m304[0m 0.815 ms - -[0m
2026-07-31 21:56:00 [INFO]: [0mGET /images/hero/jade-plant.jpg [36m304[0m 0.649 ms - -[0m
2026-07-31 21:56:00 [INFO]: [0mGET /images/hero/golden-pothos.jpg [36m304[0m 0.215 ms - -[0m
2026-07-31 21:56:00 [INFO]: [0mGET /images/hero/fiddle-leaf-fig.jpg [36m304[0m 0.303 ms - -[0m
2026-07-31 21:56:00 [INFO]: [0mGET /images/hero/why-choose.jpg [36m304[0m 0.200 ms - -[0m
2026-07-31 21:56:00 [INFO]: [0mGET /images/logo/plantora-orgn-white.png [36m304[0m 0.563 ms - -[0m
2026-07-31 21:56:05 [ERROR]: Failed to create audit log: AuditLog validation failed: action: `Login` is not a valid enum value for path `action`.
2026-07-31 21:56:05 [INFO]: Login successful : customer_0002@yopmail.com
2026-07-31 21:56:05 [INFO]: [0mPOST /auth/login [32m200[0m 526.233 ms - 46[0m
2026-07-31 21:56:06 [INFO]: [0mGET / [32m200[0m 53.536 ms - -[0m
2026-07-31 21:56:06 [INFO]: [0mGET /css/style.css [36m304[0m 0.562 ms - -[0m
2026-07-31 21:56:06 [INFO]: [0mGET /images/logo/plantora.png [36m304[0m 0.611 ms - -[0m
2026-07-31 21:56:06 [INFO]: [0mGET /images/hero/hero-placeholder.png [36m304[0m 0.232 ms - -[0m
2026-07-31 21:56:06 [INFO]: [0mGET /images/hero/monstera-plant.jpg [36m304[0m 0.651 ms - -[0m
2026-07-31 21:56:06 [INFO]: [0mGET /js/featured.js [36m304[0m 0.293 ms - -[0m
2026-07-31 21:56:06 [INFO]: [0mGET /js/why-choose.js [36m304[0m 0.436 ms - -[0m
2026-07-31 21:56:06 [INFO]: [0mGET /css/variables.css [36m304[0m 0.462 ms - -[0m
2026-07-31 21:56:06 [INFO]: [0mGET /css/utilities.css [36m304[0m 0.521 ms - -[0m
2026-07-31 21:56:06 [INFO]: [0mGET /css/animations.css [36m304[0m 0.668 ms - -[0m
2026-07-31 21:56:06 [INFO]: [0mGET /css/header.css [36m304[0m 0.237 ms - -[0m
2026-07-31 21:56:06 [INFO]: [0mGET /css/announcement.css [36m304[0m 0.864 ms - -[0m
2026-07-31 21:56:06 [INFO]: [0mGET /css/hero.css [36m304[0m 0.622 ms - -[0m
2026-07-31 21:56:06 [INFO]: [0mGET /css/featured.css [36m304[0m 0.796 ms - -[0m
2026-07-31 21:56:06 [INFO]: [0mGET /css/why-choose.css [36m304[0m 0.336 ms - -[0m
2026-07-31 21:56:06 [INFO]: [0mGET /css/footer.css [36m304[0m 0.478 ms - -[0m
2026-07-31 21:56:06 [INFO]: [0mGET /css/auth.css [36m304[0m 0.933 ms - -[0m
2026-07-31 21:56:06 [INFO]: [0mGET /css/verify.css [36m304[0m 1.162 ms - -[0m
2026-07-31 21:56:06 [INFO]: [0mGET /js/notification.js [36m304[0m 0.356 ms - -[0m
2026-07-31 21:56:06 [INFO]: [0mGET /js/footer.js [36m304[0m 0.467 ms - -[0m
2026-07-31 21:56:06 [INFO]: [0mGET /js/auth.js [36m304[0m 0.197 ms - -[0m
2026-07-31 21:56:06 [INFO]: [0mGET /images/hero/snake-plant.jpg [36m304[0m 0.241 ms - -[0m
2026-07-31 21:56:06 [INFO]: [0mGET /images/hero/peace-lily.jpg [36m304[0m 0.239 ms - -[0m
2026-07-31 21:56:06 [INFO]: [0mGET /images/hero/tulip-plant.jpg [36m304[0m 0.132 ms - -[0m
2026-07-31 21:56:06 [INFO]: [0mGET /images/hero/rubber-plant.jpg [36m304[0m 0.606 ms - -[0m
2026-07-31 21:56:06 [INFO]: [0mGET /images/hero/aloe-vera.jpg [36m304[0m 0.876 ms - -[0m
2026-07-31 21:56:06 [INFO]: [0mGET /images/hero/areca-palm.jpg [36m304[0m 0.555 ms - -[0m
2026-07-31 21:56:06 [INFO]: [0mGET /images/hero/jade-plant.jpg [36m304[0m 0.353 ms - -[0m
2026-07-31 21:56:06 [INFO]: [0mGET /images/hero/golden-pothos.jpg [36m304[0m 0.323 ms - -[0m
2026-07-31 21:56:06 [INFO]: [0mGET /images/hero/fiddle-leaf-fig.jpg [36m304[0m 0.418 ms - -[0m
2026-07-31 21:56:06 [INFO]: [0mGET /images/hero/why-choose.jpg [36m304[0m 0.223 ms - -[0m
2026-07-31 21:56:06 [INFO]: [0mGET /images/logo/plantora-orgn-white.png [36m304[0m 0.276 ms - -[0m
2026-07-31 21:56:06 [INFO]: [0mGET /%7B%20%20publicId:%20'/public/default/profile.png',%20%20url:%20'https://res.cloudinary.com/desmwasfe/image/upload/v1781973939/default-avatar_d6ofmr.png'%7D [33m404[0m 46.882 ms - 236[0m
2026-07-31 21:56:06 [INFO]: [0mGET /public/js/header.js [33m404[0m 54.300 ms - 83[0m
2026-07-31 21:56:08 [INFO]: [0mGET /auth/profile [36m304[0m 140.782 ms - -[0m
2026-07-31 21:56:08 [INFO]: [0mGET /css/style.css [36m304[0m 1.535 ms - -[0m
2026-07-31 21:56:08 [INFO]: [0mGET /css/profile.css [36m304[0m 1.606 ms - -[0m
2026-07-31 21:56:08 [INFO]: [0mGET /images/logo/plantora.png [36m304[0m 1.181 ms - -[0m
2026-07-31 21:56:08 [INFO]: [0mGET /images/logo/plantora-orgn-white.png [36m304[0m 0.432 ms - -[0m
2026-07-31 21:56:08 [INFO]: [0mGET /js/profile.js [36m304[0m 0.656 ms - -[0m
2026-07-31 21:56:08 [INFO]: [0mGET /js/featured.js [36m304[0m 2.370 ms - -[0m
2026-07-31 21:56:08 [INFO]: [0mGET /js/why-choose.js [36m304[0m 0.535 ms - -[0m
2026-07-31 21:56:08 [INFO]: [0mGET /css/variables.css [36m304[0m 0.242 ms - -[0m
2026-07-31 21:56:08 [INFO]: [0mGET /css/utilities.css [36m304[0m 0.489 ms - -[0m
2026-07-31 21:56:08 [INFO]: [0mGET /css/animations.css [36m304[0m 0.347 ms - -[0m
2026-07-31 21:56:08 [INFO]: [0mGET /css/announcement.css [36m304[0m 0.551 ms - -[0m
2026-07-31 21:56:08 [INFO]: [0mGET /css/header.css [36m304[0m 1.153 ms - -[0m
2026-07-31 21:56:08 [INFO]: [0mGET /css/hero.css [36m304[0m 0.293 ms - -[0m
2026-07-31 21:56:08 [INFO]: [0mGET /css/featured.css [36m304[0m 0.399 ms - -[0m
2026-07-31 21:56:08 [INFO]: [0mGET /css/why-choose.css [36m304[0m 0.674 ms - -[0m
2026-07-31 21:56:08 [INFO]: [0mGET /css/footer.css [36m304[0m 0.400 ms - -[0m
2026-07-31 21:56:08 [INFO]: [0mGET /css/auth.css [36m304[0m 0.230 ms - -[0m
2026-07-31 21:56:08 [INFO]: [0mGET /css/verify.css [36m304[0m 0.366 ms - -[0m
2026-07-31 21:56:08 [INFO]: [0mGET /js/notification.js [36m304[0m 0.176 ms - -[0m
2026-07-31 21:56:08 [INFO]: [0mGET /js/footer.js [36m304[0m 0.214 ms - -[0m
2026-07-31 21:56:08 [INFO]: [0mGET /js/auth.js [36m304[0m 0.150 ms - -[0m
2026-07-31 21:56:08 [INFO]: [0mGET /auth/%7B%20%20publicId:%20'/public/default/profile.png',%20%20url:%20'https://res.cloudinary.com/desmwasfe/image/upload/v1781973939/default-avatar_d6ofmr.png'%7D [33m404[0m 50.440 ms - 241[0m
2026-07-31 21:56:08 [INFO]: [0mGET /auth/public/js/header.js [33m404[0m 44.091 ms - 88[0m
2026-07-31 21:56:36 [ERROR]: Failed to create audit log: AuditLog validation failed: action: `Update Profile` is not a valid enum value for path `action`.
2026-07-31 21:56:36 [INFO]: Profile updated : customer_0002@yopmail.com
2026-07-31 21:56:36 [INFO]: [0mPUT /auth/profile?_method=PUT [36m302[0m 178.423 ms - 101[0m
2026-07-31 21:56:36 [INFO]: [0mGET /auth/profile?type=success&message=Profile%20updated%20successfully. [32m200[0m 93.241 ms - -[0m
2026-07-31 21:56:36 [INFO]: [0mGET /css/style.css [36m304[0m 0.770 ms - -[0m
2026-07-31 21:56:36 [INFO]: [0mGET /css/profile.css [36m304[0m 1.170 ms - -[0m
2026-07-31 21:56:36 [INFO]: [0mGET /images/logo/plantora.png [36m304[0m 0.403 ms - -[0m
2026-07-31 21:56:36 [INFO]: [0mGET /js/profile.js [36m304[0m 0.557 ms - -[0m
2026-07-31 21:56:36 [INFO]: [0mGET /images/logo/plantora-orgn-white.png [36m304[0m 1.382 ms - -[0m
2026-07-31 21:56:36 [INFO]: [0mGET /js/featured.js [36m304[0m 1.542 ms - -[0m
2026-07-31 21:56:36 [INFO]: [0mGET /css/variables.css [36m304[0m 2.210 ms - -[0m
2026-07-31 21:56:36 [INFO]: [0mGET /css/utilities.css [36m304[0m 0.831 ms - -[0m
2026-07-31 21:56:36 [INFO]: [0mGET /css/animations.css [36m304[0m 0.415 ms - -[0m
2026-07-31 21:56:36 [INFO]: [0mGET /css/announcement.css [36m304[0m 0.715 ms - -[0m
2026-07-31 21:56:36 [INFO]: [0mGET /css/header.css [36m304[0m 0.282 ms - -[0m
2026-07-31 21:56:36 [INFO]: [0mGET /css/hero.css [36m304[0m 0.908 ms - -[0m
2026-07-31 21:56:36 [INFO]: [0mGET /css/featured.css [36m304[0m 0.807 ms - -[0m
2026-07-31 21:56:36 [INFO]: [0mGET /css/why-choose.css [36m304[0m 1.604 ms - -[0m
2026-07-31 21:56:36 [INFO]: [0mGET /css/footer.css [36m304[0m 0.977 ms - -[0m
2026-07-31 21:56:36 [INFO]: [0mGET /css/auth.css [36m304[0m 0.439 ms - -[0m
2026-07-31 21:56:36 [INFO]: [0mGET /css/verify.css [36m304[0m 0.572 ms - -[0m
2026-07-31 21:56:36 [INFO]: [0mGET /js/why-choose.js [36m304[0m 0.415 ms - -[0m
2026-07-31 21:56:36 [INFO]: [0mGET /js/notification.js [36m304[0m 0.563 ms - -[0m
2026-07-31 21:56:36 [INFO]: [0mGET /js/footer.js [36m304[0m 0.567 ms - -[0m
2026-07-31 21:56:36 [INFO]: [0mGET /js/auth.js [36m304[0m 0.746 ms - -[0m
2026-07-31 21:56:36 [INFO]: [0mGET /auth/%7B%20%20publicId:%20'/public/default/profile.png',%20%20url:%20'https://res.cloudinary.com/desmwasfe/image/upload/v1781973939/default-avatar_d6ofmr.png'%7D [33m404[0m 42.414 ms - 241[0m
2026-07-31 21:56:36 [INFO]: [0mGET /auth/public/js/header.js [33m404[0m 50.486 ms - 88[0m
2026-07-31 21:56:59 [INFO]: [0mGET / [36m304[0m 65.106 ms - -[0m
2026-07-31 21:56:59 [INFO]: [0mGET /css/style.css [36m304[0m 0.571 ms - -[0m
2026-07-31 21:56:59 [INFO]: [0mGET /images/logo/plantora.png [36m304[0m 1.308 ms - -[0m
2026-07-31 21:56:59 [INFO]: [0mGET /images/hero/hero-placeholder.png [36m304[0m 2.558 ms - -[0m
2026-07-31 21:56:59 [INFO]: [0mGET /images/hero/monstera-plant.jpg [36m304[0m 2.118 ms - -[0m
2026-07-31 21:56:59 [INFO]: [0mGET /js/featured.js [36m304[0m 3.541 ms - -[0m
2026-07-31 21:56:59 [INFO]: [0mGET /js/why-choose.js [36m304[0m 3.978 ms - -[0m
2026-07-31 21:56:59 [INFO]: [0mGET /css/variables.css [36m304[0m 1.108 ms - -[0m
2026-07-31 21:56:59 [INFO]: [0mGET /css/utilities.css [36m304[0m 1.601 ms - -[0m
2026-07-31 21:56:59 [INFO]: [0mGET /css/animations.css [36m304[0m 2.020 ms - -[0m
2026-07-31 21:56:59 [INFO]: [0mGET /css/announcement.css [36m304[0m 2.075 ms - -[0m
2026-07-31 21:56:59 [INFO]: [0mGET /css/header.css [36m304[0m 1.580 ms - -[0m
2026-07-31 21:56:59 [INFO]: [0mGET /css/hero.css [36m304[0m 1.826 ms - -[0m
2026-07-31 21:56:59 [INFO]: [0mGET /css/featured.css [36m304[0m 1.718 ms - -[0m
2026-07-31 21:56:59 [INFO]: [0mGET /css/why-choose.css [36m304[0m 0.171 ms - -[0m
2026-07-31 21:56:59 [INFO]: [0mGET /css/footer.css [36m304[0m 0.279 ms - -[0m
2026-07-31 21:56:59 [INFO]: [0mGET /css/auth.css [36m304[0m 0.476 ms - -[0m
2026-07-31 21:56:59 [INFO]: [0mGET /css/verify.css [36m304[0m 0.202 ms - -[0m
2026-07-31 21:56:59 [INFO]: [0mGET /js/notification.js [36m304[0m 0.432 ms - -[0m
2026-07-31 21:56:59 [INFO]: [0mGET /js/footer.js [36m304[0m 0.363 ms - -[0m
2026-07-31 21:56:59 [INFO]: [0mGET /js/auth.js [36m304[0m 0.437 ms - -[0m
2026-07-31 21:56:59 [INFO]: [0mGET /images/hero/snake-plant.jpg [36m304[0m 0.157 ms - -[0m
2026-07-31 21:56:59 [INFO]: [0mGET /images/hero/peace-lily.jpg [36m304[0m 0.220 ms - -[0m
2026-07-31 21:56:59 [INFO]: [0mGET /images/hero/tulip-plant.jpg [36m304[0m 0.175 ms - -[0m
2026-07-31 21:56:59 [INFO]: [0mGET /images/hero/rubber-plant.jpg [36m304[0m 0.849 ms - -[0m
2026-07-31 21:56:59 [INFO]: [0mGET /images/hero/aloe-vera.jpg [36m304[0m 0.269 ms - -[0m
2026-07-31 21:56:59 [INFO]: [0mGET /images/hero/areca-palm.jpg [36m304[0m 0.329 ms - -[0m
2026-07-31 21:56:59 [INFO]: [0mGET /images/hero/jade-plant.jpg [36m304[0m 0.489 ms - -[0m
2026-07-31 21:56:59 [INFO]: [0mGET /images/hero/golden-pothos.jpg [36m304[0m 0.265 ms - -[0m
2026-07-31 21:56:59 [INFO]: [0mGET /images/hero/fiddle-leaf-fig.jpg [36m304[0m 0.197 ms - -[0m
2026-07-31 21:56:59 [INFO]: [0mGET /images/hero/why-choose.jpg [36m304[0m 0.502 ms - -[0m
2026-07-31 21:56:59 [INFO]: [0mGET /images/logo/plantora-orgn-white.png [36m304[0m 1.015 ms - -[0m
2026-07-31 21:56:59 [INFO]: [0mGET /%7B%20%20publicId:%20'/public/default/profile.png',%20%20url:%20'https://res.cloudinary.com/desmwasfe/image/upload/v1781973939/default-avatar_d6ofmr.png'%7D [33m404[0m 53.601 ms - 236[0m
2026-07-31 21:56:59 [INFO]: [0mGET /public/js/header.js [33m404[0m 52.779 ms - 83[0m
2026-07-31 21:57:06 [INFO]: Wishlist page loaded successfully. User ID: 6a6bc57b449b9e4bc6399b60
2026-07-31 21:57:06 [ERROR]: Error: Failed to lookup view "wishlist/index" in views directory "E:\Webskitters_Academy\NODE JS\final_project_node\plantora_final_project_node_ejs\views"
    at app.render (E:\Webskitters_Academy\NODE JS\final_project_node\plantora_final_project_node_ejs\node_modules\express\lib\application.js:562:17)
    at ServerResponse.render (E:\Webskitters_Academy\NODE JS\final_project_node\plantora_final_project_node_ejs\node_modules\express\lib\response.js:923:7)
    at showWishlistPage (E:\Webskitters_Academy\NODE JS\final_project_node\plantora_final_project_node_ejs\app\controllers\WishlistController.js:99:44)
    at process.processTicksAndRejections (node:internal/process/task_queues:103:5)
2026-07-31 21:57:06 [INFO]: [0mGET /wishlist [31m500[0m 173.192 ms - 215[0m
2026-07-31 21:57:13 [ERROR]: Error: Failed to lookup view "home/about" in views directory "E:\Webskitters_Academy\NODE JS\final_project_node\plantora_final_project_node_ejs\views"
    at app.render (E:\Webskitters_Academy\NODE JS\final_project_node\plantora_final_project_node_ejs\node_modules\express\lib\application.js:562:17)
    at ServerResponse.render (E:\Webskitters_Academy\NODE JS\final_project_node\plantora_final_project_node_ejs\node_modules\express\lib\response.js:923:7)
    at showAboutPage (E:\Webskitters_Academy\NODE JS\final_project_node\plantora_final_project_node_ejs\app\controllers\HomeController.js:18:44)
    at Layer.handleRequest (E:\Webskitters_Academy\NODE JS\final_project_node\plantora_final_project_node_ejs\node_modules\router\lib\layer.js:152:17)
    at next (E:\Webskitters_Academy\NODE JS\final_project_node\plantora_final_project_node_ejs\node_modules\router\lib\route.js:157:13)
    at Route.dispatch (E:\Webskitters_Academy\NODE JS\final_project_node\plantora_final_project_node_ejs\node_modules\router\lib\route.js:117:3)
    at handle (E:\Webskitters_Academy\NODE JS\final_project_node\plantora_final_project_node_ejs\node_modules\router\index.js:435:11)
    at Layer.handleRequest (E:\Webskitters_Academy\NODE JS\final_project_node\plantora_final_project_node_ejs\node_modules\router\lib\layer.js:152:17)
    at E:\Webskitters_Academy\NODE JS\final_project_node\plantora_final_project_node_ejs\node_modules\router\index.js:295:15
    at processParams (E:\Webskitters_Academy\NODE JS\final_project_node\plantora_final_project_node_ejs\node_modules\router\index.js:582:12)
2026-07-31 21:57:13 [INFO]: [0mGET /about [31m500[0m 49.773 ms - 211[0m
2026-07-31 21:57:29 [INFO]: [0mGET /shop [33m404[0m 44.247 ms - 68[0m
2026-07-31 21:57:51 [ERROR]: Failed to create audit log: AuditLog validation failed: action: `Logout` is not a valid enum value for path `action`.
2026-07-31 21:57:51 [INFO]: Logout successful : customer_0002@yopmail.com
2026-07-31 21:57:51 [INFO]: [0mPOST /auth/logout [36m302[0m 174.855 ms - 30[0m
2026-07-31 21:57:51 [INFO]: [0mGET / [32m200[0m 7.574 ms - -[0m
2026-07-31 21:57:51 [INFO]: [0mGET /css/style.css [36m304[0m 0.313 ms - -[0m
2026-07-31 21:57:51 [INFO]: [0mGET /images/logo/plantora.png [36m304[0m 0.484 ms - -[0m
2026-07-31 21:57:51 [INFO]: [0mGET /images/hero/hero-placeholder.png [36m304[0m 0.164 ms - -[0m
2026-07-31 21:57:51 [INFO]: [0mGET /images/hero/monstera-plant.jpg [36m304[0m 0.315 ms - -[0m
2026-07-31 21:57:51 [INFO]: [0mGET /images/hero/snake-plant.jpg [36m304[0m 0.489 ms - -[0m
2026-07-31 21:57:51 [INFO]: [0mGET /images/hero/peace-lily.jpg [36m304[0m 0.151 ms - -[0m
2026-07-31 21:57:51 [INFO]: [0mGET /public/js/header.js [33m404[0m 0.905 ms - 83[0m
2026-07-31 21:57:51 [INFO]: [0mGET /js/featured.js [36m304[0m 1.126 ms - -[0m
2026-07-31 21:57:51 [INFO]: [0mGET /js/why-choose.js [36m304[0m 0.118 ms - -[0m
2026-07-31 21:57:51 [INFO]: [0mGET /css/variables.css [36m304[0m 0.413 ms - -[0m
2026-07-31 21:57:51 [INFO]: [0mGET /css/utilities.css [36m304[0m 0.561 ms - -[0m
2026-07-31 21:57:51 [INFO]: [0mGET /css/animations.css [36m304[0m 0.674 ms - -[0m
2026-07-31 21:57:51 [INFO]: [0mGET /css/header.css [36m304[0m 1.102 ms - -[0m
2026-07-31 21:57:51 [INFO]: [0mGET /css/announcement.css [36m304[0m 1.383 ms - -[0m
2026-07-31 21:57:51 [INFO]: [0mGET /css/hero.css [36m304[0m 0.639 ms - -[0m
2026-07-31 21:57:51 [INFO]: [0mGET /css/featured.css [36m304[0m 0.193 ms - -[0m
2026-07-31 21:57:51 [INFO]: [0mGET /css/why-choose.css [36m304[0m 0.425 ms - -[0m
2026-07-31 21:57:51 [INFO]: [0mGET /css/footer.css [36m304[0m 0.672 ms - -[0m
2026-07-31 21:57:51 [INFO]: [0mGET /css/auth.css [36m304[0m 0.596 ms - -[0m
2026-07-31 21:57:51 [INFO]: [0mGET /css/verify.css [36m304[0m 0.716 ms - -[0m
2026-07-31 21:57:51 [INFO]: [0mGET /js/notification.js [36m304[0m 0.515 ms - -[0m
2026-07-31 21:57:51 [INFO]: [0mGET /js/footer.js [36m304[0m 0.645 ms - -[0m
2026-07-31 21:57:51 [INFO]: [0mGET /js/auth.js [36m304[0m 0.796 ms - -[0m
2026-07-31 21:57:51 [INFO]: [0mGET /images/hero/tulip-plant.jpg [36m304[0m 0.622 ms - -[0m
2026-07-31 21:57:51 [INFO]: [0mGET /images/hero/rubber-plant.jpg [36m304[0m 0.838 ms - -[0m
2026-07-31 21:57:51 [INFO]: [0mGET /images/hero/aloe-vera.jpg [36m304[0m 1.008 ms - -[0m
2026-07-31 21:57:51 [INFO]: [0mGET /images/hero/areca-palm.jpg [36m304[0m 0.184 ms - -[0m
2026-07-31 21:57:51 [INFO]: [0mGET /images/hero/jade-plant.jpg [36m304[0m 0.445 ms - -[0m
2026-07-31 21:57:51 [INFO]: [0mGET /images/hero/golden-pothos.jpg [36m304[0m 0.392 ms - -[0m
2026-07-31 21:57:51 [INFO]: [0mGET /images/hero/fiddle-leaf-fig.jpg [36m304[0m 0.172 ms - -[0m
2026-07-31 21:57:51 [INFO]: [0mGET /images/hero/why-choose.jpg [36m304[0m 0.285 ms - -[0m
2026-07-31 21:57:51 [INFO]: [0mGET /images/logo/plantora-orgn-white.png [36m304[0m 0.116 ms - -[0m
2026-07-31 22:01:58 [INFO]: SIGINT received. Shutting down server...
2026-07-31 22:10:15 [INFO]: MongoDB connected successfully.
2026-07-31 22:10:18 [INFO]: Email server connected successfully.
2026-07-31 22:10:18 [INFO]: Server is running on port 5132.
2026-07-31 22:10:19 [INFO]: [0mGET / [32m200[0m 27.027 ms - -[0m
2026-07-31 22:10:19 [INFO]: [0mGET /css/style.css [36m304[0m 1.191 ms - -[0m
2026-07-31 22:10:19 [INFO]: [0mGET /images/logo/plantora.png [36m304[0m 0.778 ms - -[0m
2026-07-31 22:10:19 [INFO]: [0mGET /images/hero/hero-placeholder.png [36m304[0m 1.127 ms - -[0m
2026-07-31 22:10:19 [INFO]: [0mGET /css/variables.css [36m304[0m 0.455 ms - -[0m
2026-07-31 22:10:19 [INFO]: [0mGET /css/utilities.css [36m304[0m 0.324 ms - -[0m
2026-07-31 22:10:19 [INFO]: [0mGET /css/animations.css [36m304[0m 0.527 ms - -[0m
2026-07-31 22:10:19 [INFO]: [0mGET /css/announcement.css [36m304[0m 0.324 ms - -[0m
2026-07-31 22:10:19 [INFO]: [0mGET /css/header.css [36m304[0m 0.336 ms - -[0m
2026-07-31 22:10:19 [INFO]: [0mGET /css/hero.css [36m304[0m 0.606 ms - -[0m
2026-07-31 22:10:19 [INFO]: [0mGET /css/featured.css [36m304[0m 0.555 ms - -[0m
2026-07-31 22:10:19 [INFO]: [0mGET /css/why-choose.css [36m304[0m 0.324 ms - -[0m
2026-07-31 22:10:19 [INFO]: [0mGET /css/footer.css [36m304[0m 0.246 ms - -[0m
2026-07-31 22:10:19 [INFO]: [0mGET /css/verify.css [36m304[0m 0.659 ms - -[0m
2026-07-31 22:10:19 [INFO]: [0mGET /images/hero/monstera-plant.jpg [36m304[0m 1.046 ms - -[0m
2026-07-31 22:10:19 [INFO]: [0mGET /css/auth.css [32m200[0m 3.302 ms - -[0m
2026-07-31 22:10:19 [INFO]: [0mGET /images/hero/snake-plant.jpg [36m304[0m 0.363 ms - -[0m
2026-07-31 22:10:19 [INFO]: [0mGET /public/js/header.js [33m404[0m 3.059 ms - 83[0m
2026-07-31 22:10:19 [INFO]: [0mGET /images/hero/peace-lily.jpg [36m304[0m 0.248 ms - -[0m
2026-07-31 22:10:19 [INFO]: [0mGET /js/featured.js [36m304[0m 0.588 ms - -[0m
2026-07-31 22:10:19 [INFO]: [0mGET /js/why-choose.js [36m304[0m 0.870 ms - -[0m
2026-07-31 22:10:19 [INFO]: [0mGET /js/notification.js [36m304[0m 0.310 ms - -[0m
2026-07-31 22:10:19 [INFO]: [0mGET /js/footer.js [36m304[0m 0.266 ms - -[0m
2026-07-31 22:10:19 [INFO]: [0mGET /images/hero/tulip-plant.jpg [36m304[0m 0.206 ms - -[0m
2026-07-31 22:10:19 [INFO]: [0mGET /images/hero/rubber-plant.jpg [36m304[0m 0.376 ms - -[0m
2026-07-31 22:10:19 [INFO]: [0mGET /js/auth.js [32m200[0m 2.496 ms - -[0m
2026-07-31 22:10:19 [INFO]: [0mGET /images/hero/aloe-vera.jpg [36m304[0m 0.339 ms - -[0m
2026-07-31 22:10:19 [INFO]: [0mGET /images/hero/areca-palm.jpg [36m304[0m 0.412 ms - -[0m
2026-07-31 22:10:19 [INFO]: [0mGET /images/hero/jade-plant.jpg [36m304[0m 0.427 ms - -[0m
2026-07-31 22:10:19 [INFO]: [0mGET /images/hero/golden-pothos.jpg [36m304[0m 0.300 ms - -[0m
2026-07-31 22:10:19 [INFO]: [0mGET /images/hero/fiddle-leaf-fig.jpg [36m304[0m 0.396 ms - -[0m
2026-07-31 22:10:19 [INFO]: [0mGET /images/hero/why-choose.jpg [36m304[0m 0.369 ms - -[0m
2026-07-31 22:10:19 [INFO]: [0mGET /images/logo/plantora-orgn-white.png [36m304[0m 0.522 ms - -[0m
2026-07-31 22:12:06 [INFO]: MongoDB connected successfully.
2026-07-31 22:12:08 [INFO]: Email server connected successfully.
2026-07-31 22:12:08 [INFO]: Server is running on port 5132.
2026-07-31 22:29:52 [INFO]: MongoDB connected successfully.
2026-07-31 22:29:55 [INFO]: Email server connected successfully.
2026-07-31 22:29:55 [INFO]: Server is running on port 5132.
2026-07-31 22:29:58 [INFO]: [0mGET / [32m200[0m 18.265 ms - -[0m
2026-07-31 22:29:58 [INFO]: [0mGET /css/style.css [36m304[0m 2.023 ms - -[0m
2026-07-31 22:29:58 [INFO]: [0mGET /images/logo/plantora.png [36m304[0m 2.163 ms - -[0m
2026-07-31 22:29:58 [INFO]: [0mGET /images/hero/hero-placeholder.png [36m304[0m 2.548 ms - -[0m
2026-07-31 22:29:58 [INFO]: [0mGET /images/hero/monstera-plant.jpg [36m304[0m 0.705 ms - -[0m
2026-07-31 22:29:58 [INFO]: [0mGET /css/variables.css [36m304[0m 0.955 ms - -[0m
2026-07-31 22:29:58 [INFO]: [0mGET /css/utilities.css [36m304[0m 0.607 ms - -[0m
2026-07-31 22:29:58 [INFO]: [0mGET /css/animations.css [36m304[0m 0.329 ms - -[0m
2026-07-31 22:29:58 [INFO]: [0mGET /css/announcement.css [36m304[0m 0.371 ms - -[0m
2026-07-31 22:29:58 [INFO]: [0mGET /css/header.css [36m304[0m 0.468 ms - -[0m
2026-07-31 22:29:58 [INFO]: [0mGET /css/hero.css [36m304[0m 0.443 ms - -[0m
2026-07-31 22:29:58 [INFO]: [0mGET /css/featured.css [36m304[0m 0.236 ms - -[0m
2026-07-31 22:29:58 [INFO]: [0mGET /css/why-choose.css [36m304[0m 0.230 ms - -[0m
2026-07-31 22:29:58 [INFO]: [0mGET /css/footer.css [36m304[0m 0.172 ms - -[0m
2026-07-31 22:29:58 [INFO]: [0mGET /css/auth.css [36m304[0m 0.294 ms - -[0m
2026-07-31 22:29:58 [INFO]: [0mGET /css/verify.css [36m304[0m 0.219 ms - -[0m
2026-07-31 22:29:58 [INFO]: [0mGET /images/hero/snake-plant.jpg [36m304[0m 0.223 ms - -[0m
2026-07-31 22:29:58 [INFO]: [0mGET /images/hero/peace-lily.jpg [36m304[0m 0.320 ms - -[0m
2026-07-31 22:29:58 [INFO]: [0mGET /public/js/header.js [33m404[0m 2.588 ms - 83[0m
2026-07-31 22:29:58 [INFO]: [0mGET /js/featured.js [36m304[0m 0.327 ms - -[0m
2026-07-31 22:29:58 [INFO]: [0mGET /js/why-choose.js [36m304[0m 0.671 ms - -[0m
2026-07-31 22:29:58 [INFO]: [0mGET /js/notification.js [36m304[0m 0.977 ms - -[0m
2026-07-31 22:29:58 [INFO]: [0mGET /js/footer.js [36m304[0m 1.182 ms - -[0m
2026-07-31 22:29:58 [INFO]: [0mGET /js/auth.js [36m304[0m 0.250 ms - -[0m
2026-07-31 22:29:58 [INFO]: [0mGET /images/hero/tulip-plant.jpg [36m304[0m 0.197 ms - -[0m
2026-07-31 22:29:58 [INFO]: [0mGET /images/hero/rubber-plant.jpg [36m304[0m 0.190 ms - -[0m
2026-07-31 22:29:58 [INFO]: [0mGET /images/hero/aloe-vera.jpg [36m304[0m 0.198 ms - -[0m
2026-07-31 22:29:58 [INFO]: [0mGET /images/hero/areca-palm.jpg [36m304[0m 0.576 ms - -[0m
2026-07-31 22:29:58 [INFO]: [0mGET /images/hero/jade-plant.jpg [36m304[0m 0.331 ms - -[0m
2026-07-31 22:29:58 [INFO]: [0mGET /images/hero/golden-pothos.jpg [36m304[0m 0.250 ms - -[0m
2026-07-31 22:29:58 [INFO]: [0mGET /images/hero/fiddle-leaf-fig.jpg [36m304[0m 0.301 ms - -[0m
2026-07-31 22:29:58 [INFO]: [0mGET /images/hero/why-choose.jpg [36m304[0m 0.164 ms - -[0m
2026-07-31 22:29:58 [INFO]: [0mGET /images/logo/plantora-orgn-white.png [36m304[0m 0.155 ms - -[0m
2026-07-31 22:31:04 [INFO]: [0mGET / [36m304[0m 18.701 ms - -[0m
2026-07-31 22:31:04 [INFO]: [0mGET /css/style.css [36m304[0m 0.605 ms - -[0m
2026-07-31 22:31:04 [INFO]: [0mGET /images/logo/plantora.png [36m304[0m 1.268 ms - -[0m
2026-07-31 22:31:04 [INFO]: [0mGET /images/hero/hero-placeholder.png [36m304[0m 1.093 ms - -[0m
2026-07-31 22:31:04 [INFO]: [0mGET /images/hero/monstera-plant.jpg [36m304[0m 0.311 ms - -[0m
2026-07-31 22:31:04 [INFO]: [0mGET /images/hero/snake-plant.jpg [36m304[0m 0.365 ms - -[0m
2026-07-31 22:31:04 [INFO]: [0mGET /images/hero/peace-lily.jpg [36m304[0m 1.438 ms - -[0m
2026-07-31 22:31:04 [INFO]: [0mGET /public/js/header.js [33m404[0m 2.074 ms - 83[0m
2026-07-31 22:31:04 [INFO]: [0mGET /js/featured.js [36m304[0m 2.576 ms - -[0m
2026-07-31 22:31:04 [INFO]: [0mGET /js/why-choose.js [36m304[0m 0.157 ms - -[0m
2026-07-31 22:31:04 [INFO]: [0mGET /css/variables.css [36m304[0m 0.212 ms - -[0m
2026-07-31 22:31:04 [INFO]: [0mGET /css/utilities.css [36m304[0m 0.752 ms - -[0m
2026-07-31 22:31:04 [INFO]: [0mGET /css/animations.css [36m304[0m 0.861 ms - -[0m
2026-07-31 22:31:04 [INFO]: [0mGET /css/announcement.css [36m304[0m 1.064 ms - -[0m
2026-07-31 22:31:04 [INFO]: [0mGET /css/header.css [36m304[0m 1.298 ms - -[0m
2026-07-31 22:31:04 [INFO]: [0mGET /css/hero.css [36m304[0m 2.149 ms - -[0m
2026-07-31 22:31:04 [INFO]: [0mGET /css/featured.css [36m304[0m 1.388 ms - -[0m
2026-07-31 22:31:04 [INFO]: [0mGET /css/why-choose.css [36m304[0m 1.117 ms - -[0m
2026-07-31 22:31:04 [INFO]: [0mGET /css/footer.css [36m304[0m 1.322 ms - -[0m
2026-07-31 22:31:04 [INFO]: [0mGET /css/auth.css [36m304[0m 1.464 ms - -[0m
2026-07-31 22:31:04 [INFO]: [0mGET /css/verify.css [36m304[0m 1.847 ms - -[0m
2026-07-31 22:31:04 [INFO]: [0mGET /js/notification.js [36m304[0m 0.916 ms - -[0m
2026-07-31 22:31:04 [INFO]: [0mGET /js/footer.js [36m304[0m 0.803 ms - -[0m
2026-07-31 22:31:04 [INFO]: [0mGET /js/auth.js [36m304[0m 0.851 ms - -[0m
2026-07-31 22:31:04 [INFO]: [0mGET /images/hero/tulip-plant.jpg [36m304[0m 0.250 ms - -[0m
2026-07-31 22:31:04 [INFO]: [0mGET /images/hero/rubber-plant.jpg [36m304[0m 0.146 ms - -[0m
2026-07-31 22:31:04 [INFO]: [0mGET /images/hero/aloe-vera.jpg [36m304[0m 0.507 ms - -[0m
2026-07-31 22:31:04 [INFO]: [0mGET /images/hero/areca-palm.jpg [36m304[0m 0.815 ms - -[0m
2026-07-31 22:31:04 [INFO]: [0mGET /images/hero/jade-plant.jpg [36m304[0m 1.585 ms - -[0m
2026-07-31 22:31:04 [INFO]: [0mGET /images/hero/golden-pothos.jpg [36m304[0m 0.887 ms - -[0m
2026-07-31 22:31:04 [INFO]: [0mGET /images/hero/fiddle-leaf-fig.jpg [36m304[0m 0.500 ms - -[0m
2026-07-31 22:31:04 [INFO]: [0mGET /images/hero/why-choose.jpg [36m304[0m 0.768 ms - -[0m
2026-07-31 22:31:04 [INFO]: [0mGET /images/logo/plantora-orgn-white.png [36m304[0m 0.963 ms - -[0m
2026-07-31 22:32:29 [ERROR]: Failed to create audit log: AuditLog validation failed: action: `Login` is not a valid enum value for path `action`.
2026-07-31 22:32:29 [INFO]: Login successful : customer_0002@yopmail.com
2026-07-31 22:32:29 [INFO]: [0mPOST /auth/login [32m200[0m 558.443 ms - 46[0m
2026-07-31 22:32:30 [INFO]: [0mGET / [32m200[0m 54.283 ms - -[0m
2026-07-31 22:32:30 [INFO]: [0mGET /css/style.css [36m304[0m 0.429 ms - -[0m
2026-07-31 22:32:30 [INFO]: [0mGET /images/logo/plantora.png [36m304[0m 1.019 ms - -[0m
2026-07-31 22:32:30 [INFO]: [0mGET /images/hero/hero-placeholder.png [36m304[0m 0.145 ms - -[0m
2026-07-31 22:32:30 [INFO]: [0mGET /images/hero/monstera-plant.jpg [36m304[0m 0.124 ms - -[0m
2026-07-31 22:32:30 [INFO]: [0mGET /js/why-choose.js [36m304[0m 0.687 ms - -[0m
2026-07-31 22:32:30 [INFO]: [0mGET /js/featured.js [36m304[0m 1.002 ms - -[0m
2026-07-31 22:32:30 [INFO]: [0mGET /css/variables.css [36m304[0m 0.415 ms - -[0m
2026-07-31 22:32:30 [INFO]: [0mGET /css/animations.css [36m304[0m 0.613 ms - -[0m
2026-07-31 22:32:30 [INFO]: [0mGET /css/utilities.css [36m304[0m 1.517 ms - -[0m
2026-07-31 22:32:30 [INFO]: [0mGET /css/announcement.css [36m304[0m 0.688 ms - -[0m
2026-07-31 22:32:30 [INFO]: [0mGET /css/header.css [36m304[0m 0.907 ms - -[0m
2026-07-31 22:32:30 [INFO]: [0mGET /css/hero.css [36m304[0m 1.532 ms - -[0m
2026-07-31 22:32:30 [INFO]: [0mGET /css/featured.css [36m304[0m 0.960 ms - -[0m
2026-07-31 22:32:30 [INFO]: [0mGET /css/why-choose.css [36m304[0m 0.504 ms - -[0m
2026-07-31 22:32:30 [INFO]: [0mGET /css/footer.css [36m304[0m 0.809 ms - -[0m
2026-07-31 22:32:30 [INFO]: [0mGET /css/auth.css [36m304[0m 1.002 ms - -[0m
2026-07-31 22:32:30 [INFO]: [0mGET /css/verify.css [36m304[0m 0.243 ms - -[0m
2026-07-31 22:32:30 [INFO]: [0mGET /js/notification.js [36m304[0m 0.334 ms - -[0m
2026-07-31 22:32:30 [INFO]: [0mGET /js/footer.js [36m304[0m 0.652 ms - -[0m
2026-07-31 22:32:30 [INFO]: [0mGET /js/auth.js [36m304[0m 0.444 ms - -[0m
2026-07-31 22:32:30 [INFO]: [0mGET /images/hero/snake-plant.jpg [36m304[0m 0.265 ms - -[0m
2026-07-31 22:32:30 [INFO]: [0mGET /images/hero/peace-lily.jpg [36m304[0m 0.902 ms - -[0m
2026-07-31 22:32:30 [INFO]: [0mGET /images/hero/tulip-plant.jpg [36m304[0m 0.205 ms - -[0m
2026-07-31 22:32:30 [INFO]: [0mGET /images/hero/rubber-plant.jpg [36m304[0m 0.308 ms - -[0m
2026-07-31 22:32:30 [INFO]: [0mGET /images/hero/aloe-vera.jpg [36m304[0m 0.229 ms - -[0m
2026-07-31 22:32:30 [INFO]: [0mGET /images/hero/areca-palm.jpg [36m304[0m 0.305 ms - -[0m
2026-07-31 22:32:30 [INFO]: [0mGET /images/hero/jade-plant.jpg [36m304[0m 0.324 ms - -[0m
2026-07-31 22:32:30 [INFO]: [0mGET /public/js/header.js [33m404[0m 36.927 ms - 83[0m
2026-07-31 22:32:30 [INFO]: [0mGET /images/hero/golden-pothos.jpg [36m304[0m 3.034 ms - -[0m
2026-07-31 22:32:30 [INFO]: [0mGET /images/hero/fiddle-leaf-fig.jpg [36m304[0m 0.265 ms - -[0m
2026-07-31 22:32:30 [INFO]: [0mGET /%7B%20%20publicId:%20'/public/default/profile.png',%20%20url:%20'https://res.cloudinary.com/desmwasfe/image/upload/v1781973939/default-avatar_d6ofmr.png'%7D [33m404[0m 48.904 ms - 236[0m
2026-07-31 22:32:30 [INFO]: [0mGET /images/hero/why-choose.jpg [36m304[0m 0.407 ms - -[0m
2026-07-31 22:32:30 [INFO]: [0mGET /images/logo/plantora-orgn-white.png [36m304[0m 0.330 ms - -[0m
2026-07-31 22:32:33 [INFO]: [0mGET /auth/profile [32m200[0m 111.806 ms - -[0m
2026-07-31 22:32:33 [INFO]: [0mGET /css/style.css [36m304[0m 1.418 ms - -[0m
2026-07-31 22:32:33 [INFO]: [0mGET /css/profile.css [36m304[0m 1.380 ms - -[0m
2026-07-31 22:32:33 [INFO]: [0mGET /images/logo/plantora.png [36m304[0m 1.702 ms - -[0m
2026-07-31 22:32:33 [INFO]: [0mGET /js/profile.js [36m304[0m 0.561 ms - -[0m
2026-07-31 22:32:33 [INFO]: [0mGET /images/logo/plantora-orgn-white.png [36m304[0m 1.025 ms - -[0m
2026-07-31 22:32:33 [INFO]: [0mGET /js/featured.js [36m304[0m 2.103 ms - -[0m
2026-07-31 22:32:33 [INFO]: [0mGET /js/why-choose.js [36m304[0m 2.385 ms - -[0m
2026-07-31 22:32:33 [INFO]: [0mGET /css/variables.css [36m304[0m 0.518 ms - -[0m
2026-07-31 22:32:33 [INFO]: [0mGET /css/utilities.css [36m304[0m 0.917 ms - -[0m
2026-07-31 22:32:33 [INFO]: [0mGET /css/animations.css [36m304[0m 0.708 ms - -[0m
2026-07-31 22:32:33 [INFO]: [0mGET /css/announcement.css [36m304[0m 0.853 ms - -[0m
2026-07-31 22:32:33 [INFO]: [0mGET /css/header.css [36m304[0m 0.447 ms - -[0m
2026-07-31 22:32:33 [INFO]: [0mGET /css/hero.css [36m304[0m 0.625 ms - -[0m
2026-07-31 22:32:33 [INFO]: [0mGET /css/featured.css [36m304[0m 0.979 ms - -[0m
2026-07-31 22:32:33 [INFO]: [0mGET /css/why-choose.css [36m304[0m 0.416 ms - -[0m
2026-07-31 22:32:33 [INFO]: [0mGET /css/footer.css [36m304[0m 0.944 ms - -[0m
2026-07-31 22:32:33 [INFO]: [0mGET /css/auth.css [36m304[0m 0.768 ms - -[0m
2026-07-31 22:32:33 [INFO]: [0mGET /css/verify.css [36m304[0m 0.526 ms - -[0m
2026-07-31 22:32:33 [INFO]: [0mGET /js/notification.js [36m304[0m 0.132 ms - -[0m
2026-07-31 22:32:33 [INFO]: [0mGET /js/footer.js [36m304[0m 0.536 ms - -[0m
2026-07-31 22:32:33 [INFO]: [0mGET /js/auth.js [36m304[0m 0.185 ms - -[0m
2026-07-31 22:32:33 [INFO]: [0mGET /auth/public/js/header.js [33m404[0m 36.657 ms - 88[0m
2026-07-31 22:32:33 [INFO]: [0mGET /auth/%7B%20%20publicId:%20'/public/default/profile.png',%20%20url:%20'https://res.cloudinary.com/desmwasfe/image/upload/v1781973939/default-avatar_d6ofmr.png'%7D [33m404[0m 50.582 ms - 241[0m
