2026-08-03 02:08:55 [INFO]: MongoDB connected successfully.
2026-08-03 02:08:58 [INFO]: Email server connected successfully.
2026-08-03 02:08:58 [INFO]: Server is running on port 5132.
2026-08-03 02:09:41 [INFO]: MongoDB connected successfully.
2026-08-03 02:09:44 [INFO]: Email server connected successfully.
2026-08-03 02:09:44 [INFO]: Server is running on port 5132.
2026-08-03 02:18:45 [INFO]: MongoDB connected successfully.
2026-08-03 02:18:48 [INFO]: Email server connected successfully.
2026-08-03 02:18:48 [INFO]: Server is running on port 5132.
2026-08-03 02:26:18 [INFO]: MongoDB connected successfully.
2026-08-03 02:26:21 [INFO]: Email server connected successfully.
2026-08-03 02:26:21 [INFO]: Server is running on port 5132.
2026-08-03 02:26:34 [INFO]: MongoDB connected successfully.
2026-08-03 02:26:37 [INFO]: MongoDB connected successfully.
2026-08-03 02:26:41 [INFO]: MongoDB connected successfully.
2026-08-03 02:26:44 [INFO]: Email server connected successfully.
2026-08-03 02:26:44 [INFO]: Server is running on port 5132.
2026-08-03 04:04:57 [ERROR]: MongoDB connection failed: querySrv ESERVFAIL _mongodb._tcp.cluster0.rbt1qcd.mongodb.net
2026-08-03 04:05:15 [INFO]: MongoDB connected successfully.
2026-08-03 04:05:18 [INFO]: Email server connected successfully.
2026-08-03 04:05:18 [INFO]: Server is running on port 5132.
2026-08-03 04:07:39 [INFO]: MongoDB connected successfully.
2026-08-03 04:07:42 [INFO]: Email server connected successfully.
2026-08-03 04:07:42 [INFO]: Server is running on port 5132.
2026-08-03 04:52:49 [INFO]: MongoDB connected successfully.
2026-08-03 04:52:52 [INFO]: Email server connected successfully.
2026-08-03 04:52:52 [INFO]: Server is running on port 5132.
2026-08-03 04:52:52 [INFO]: [0mGET / [36m304[0m 31.166 ms - -[0m
2026-08-03 04:52:52 [INFO]: [0mGET /css/style.css [36m304[0m 1.225 ms - -[0m
2026-08-03 04:52:52 [INFO]: [0mGET /images/logo/plantora.png [36m304[0m 1.509 ms - -[0m
2026-08-03 04:52:52 [INFO]: [0mGET /images/hero/hero-placeholder.png [36m304[0m 1.409 ms - -[0m
2026-08-03 04:52:52 [INFO]: [0mGET /images/hero/snake-plant.jpg [36m304[0m 2.073 ms - -[0m
2026-08-03 04:52:52 [INFO]: [0mGET /images/hero/peace-lily.jpg [36m304[0m 2.691 ms - -[0m
2026-08-03 04:52:52 [INFO]: [0mGET /images/hero/monstera-plant.jpg [36m304[0m 1.207 ms - -[0m
2026-08-03 04:52:52 [INFO]: [0mGET /js/header.js [36m304[0m 0.505 ms - -[0m
2026-08-03 04:52:52 [INFO]: [0mGET /css/variables.css [36m304[0m 2.637 ms - -[0m
2026-08-03 04:52:52 [INFO]: [0mGET /css/utilities.css [36m304[0m 2.678 ms - -[0m
2026-08-03 04:52:52 [INFO]: [0mGET /css/animations.css [36m304[0m 2.789 ms - -[0m
2026-08-03 04:52:52 [INFO]: [0mGET /css/announcement.css [36m304[0m 3.027 ms - -[0m
2026-08-03 04:52:52 [INFO]: [0mGET /css/header.css [36m304[0m 3.355 ms - -[0m
2026-08-03 04:52:52 [INFO]: [0mGET /css/hero.css [36m304[0m 3.720 ms - -[0m
2026-08-03 04:52:52 [INFO]: [0mGET /css/featured.css [36m304[0m 1.271 ms - -[0m
2026-08-03 04:52:52 [INFO]: [0mGET /css/why-choose.css [36m304[0m 1.381 ms - -[0m
2026-08-03 04:52:52 [INFO]: [0mGET /css/auth.css [36m304[0m 1.546 ms - -[0m
2026-08-03 04:52:52 [INFO]: [0mGET /css/verify.css [36m304[0m 1.918 ms - -[0m
2026-08-03 04:52:52 [INFO]: [0mGET /css/footer.css [36m304[0m 2.260 ms - -[0m
2026-08-03 04:52:52 [INFO]: [0mGET /js/featured.js [36m304[0m 0.510 ms - -[0m
2026-08-03 04:52:52 [INFO]: [0mGET /js/why-choose.js [36m304[0m 0.874 ms - -[0m
2026-08-03 04:52:52 [INFO]: [0mGET /js/notification.js [36m304[0m 0.247 ms - -[0m
2026-08-03 04:52:52 [INFO]: [0mGET /js/footer.js [36m304[0m 0.439 ms - -[0m
2026-08-03 04:52:52 [INFO]: [0mGET /js/auth.js [36m304[0m 0.852 ms - -[0m
2026-08-03 04:52:52 [INFO]: [0mGET /images/hero/tulip-plant.jpg [36m304[0m 1.123 ms - -[0m
2026-08-03 04:52:52 [INFO]: [0mGET /images/hero/rubber-plant.jpg [36m304[0m 0.399 ms - -[0m
2026-08-03 04:52:52 [INFO]: [0mGET /images/hero/aloe-vera.jpg [36m304[0m 0.463 ms - -[0m
2026-08-03 04:52:52 [INFO]: [0mGET /images/hero/areca-palm.jpg [36m304[0m 0.332 ms - -[0m
2026-08-03 04:52:52 [INFO]: [0mGET /images/hero/jade-plant.jpg [36m304[0m 0.490 ms - -[0m
2026-08-03 04:52:52 [INFO]: [0mGET /images/hero/golden-pothos.jpg [36m304[0m 0.535 ms - -[0m
2026-08-03 04:52:52 [INFO]: [0mGET /images/hero/fiddle-leaf-fig.jpg [36m304[0m 0.667 ms - -[0m
2026-08-03 04:52:52 [INFO]: [0mGET /images/hero/why-choose.jpg [36m304[0m 0.988 ms - -[0m
2026-08-03 04:52:52 [INFO]: [0mGET /images/logo/plantora-orgn-white.png [36m304[0m 0.447 ms - -[0m
2026-08-03 04:52:53 [INFO]: [0mGET /favicon.ico [33m404[0m 3.093 ms - 75[0m
2026-08-03 04:53:30 [INFO]: [0mGET / [36m304[0m 11.410 ms - -[0m
2026-08-03 04:53:30 [INFO]: [0mGET /css/style.css [36m304[0m 1.761 ms - -[0m
2026-08-03 04:53:30 [INFO]: [0mGET /images/logo/plantora.png [36m304[0m 1.764 ms - -[0m
2026-08-03 04:53:30 [INFO]: [0mGET /images/hero/hero-placeholder.png [36m304[0m 2.147 ms - -[0m
2026-08-03 04:53:30 [INFO]: [0mGET /css/variables.css [36m304[0m 0.416 ms - -[0m
2026-08-03 04:53:30 [INFO]: [0mGET /css/utilities.css [36m304[0m 0.461 ms - -[0m
2026-08-03 04:53:30 [INFO]: [0mGET /css/animations.css [36m304[0m 0.284 ms - -[0m
2026-08-03 04:53:30 [INFO]: [0mGET /css/announcement.css [36m304[0m 0.322 ms - -[0m
2026-08-03 04:53:30 [INFO]: [0mGET /css/header.css [36m304[0m 0.314 ms - -[0m
2026-08-03 04:53:30 [INFO]: [0mGET /css/hero.css [36m304[0m 0.360 ms - -[0m
2026-08-03 04:53:30 [INFO]: [0mGET /css/featured.css [36m304[0m 0.563 ms - -[0m
2026-08-03 04:53:30 [INFO]: [0mGET /css/why-choose.css [36m304[0m 0.868 ms - -[0m
2026-08-03 04:53:30 [INFO]: [0mGET /css/footer.css [36m304[0m 0.590 ms - -[0m
2026-08-03 04:53:30 [INFO]: [0mGET /css/auth.css [36m304[0m 1.633 ms - -[0m
2026-08-03 04:53:30 [INFO]: [0mGET /css/verify.css [36m304[0m 0.751 ms - -[0m
2026-08-03 04:53:30 [INFO]: [0mGET /images/hero/monstera-plant.jpg [36m304[0m 1.142 ms - -[0m
2026-08-03 04:53:30 [INFO]: [0mGET /images/hero/snake-plant.jpg [36m304[0m 0.485 ms - -[0m
2026-08-03 04:53:30 [INFO]: [0mGET /images/hero/peace-lily.jpg [36m304[0m 0.550 ms - -[0m
2026-08-03 04:53:30 [INFO]: [0mGET /js/header.js [36m304[0m 0.353 ms - -[0m
2026-08-03 04:53:30 [INFO]: [0mGET /js/featured.js [36m304[0m 0.520 ms - -[0m
2026-08-03 04:53:30 [INFO]: [0mGET /js/why-choose.js [36m304[0m 0.577 ms - -[0m
2026-08-03 04:53:30 [INFO]: [0mGET /js/notification.js [36m304[0m 0.943 ms - -[0m
2026-08-03 04:53:30 [INFO]: [0mGET /js/footer.js [36m304[0m 0.340 ms - -[0m
2026-08-03 04:53:30 [INFO]: [0mGET /js/auth.js [36m304[0m 0.301 ms - -[0m
2026-08-03 04:53:30 [INFO]: [0mGET /images/hero/tulip-plant.jpg [36m304[0m 0.488 ms - -[0m
2026-08-03 04:53:30 [INFO]: [0mGET /images/hero/rubber-plant.jpg [36m304[0m 1.291 ms - -[0m
2026-08-03 04:53:30 [INFO]: [0mGET /images/hero/aloe-vera.jpg [36m304[0m 0.409 ms - -[0m
2026-08-03 04:53:30 [INFO]: [0mGET /images/hero/areca-palm.jpg [36m304[0m 0.384 ms - -[0m
2026-08-03 04:53:30 [INFO]: [0mGET /images/hero/jade-plant.jpg [36m304[0m 0.452 ms - -[0m
2026-08-03 04:53:30 [INFO]: [0mGET /images/hero/golden-pothos.jpg [36m304[0m 0.729 ms - -[0m
2026-08-03 04:53:30 [INFO]: [0mGET /images/hero/why-choose.jpg [36m304[0m 1.107 ms - -[0m
2026-08-03 04:53:30 [INFO]: [0mGET /images/hero/fiddle-leaf-fig.jpg [36m304[0m 1.653 ms - -[0m
2026-08-03 04:53:30 [INFO]: [0mGET /images/logo/plantora-orgn-white.png [36m304[0m 0.462 ms - -[0m
2026-08-03 04:53:30 [INFO]: [0mGET /favicon.ico [33m404[0m 1.389 ms - 75[0m
2026-08-03 04:53:34 [INFO]: Login successful : admin-plantora@yopmail.com
2026-08-03 04:53:34 [INFO]: [0mPOST /auth/login [32m200[0m 776.181 ms - 46[0m
2026-08-03 04:53:35 [INFO]: [0mGET / [32m200[0m 220.310 ms - -[0m
2026-08-03 04:53:35 [INFO]: [0mGET /css/style.css [36m304[0m 0.717 ms - -[0m
2026-08-03 04:53:35 [INFO]: [0mGET /images/logo/plantora.png [36m304[0m 0.177 ms - -[0m
2026-08-03 04:53:35 [INFO]: [0mGET /images/hero/hero-placeholder.png [36m304[0m 1.659 ms - -[0m
2026-08-03 04:53:35 [INFO]: [0mGET /images/hero/monstera-plant.jpg [36m304[0m 1.392 ms - -[0m
2026-08-03 04:53:35 [INFO]: [0mGET /js/header.js [36m304[0m 1.206 ms - -[0m
2026-08-03 04:53:35 [INFO]: [0mGET /js/featured.js [36m304[0m 1.412 ms - -[0m
2026-08-03 04:53:35 [INFO]: [0mGET /css/variables.css [36m304[0m 1.862 ms - -[0m
2026-08-03 04:53:35 [INFO]: [0mGET /css/utilities.css [36m304[0m 1.113 ms - -[0m
2026-08-03 04:53:35 [INFO]: [0mGET /css/animations.css [36m304[0m 0.816 ms - -[0m
2026-08-03 04:53:35 [INFO]: [0mGET /css/announcement.css [36m304[0m 1.025 ms - -[0m
2026-08-03 04:53:35 [INFO]: [0mGET /css/header.css [36m304[0m 1.678 ms - -[0m
2026-08-03 04:53:35 [INFO]: [0mGET /css/hero.css [36m304[0m 1.150 ms - -[0m
2026-08-03 04:53:35 [INFO]: [0mGET /css/featured.css [36m304[0m 1.182 ms - -[0m
2026-08-03 04:53:35 [INFO]: [0mGET /css/why-choose.css [36m304[0m 1.624 ms - -[0m
2026-08-03 04:53:35 [INFO]: [0mGET /css/footer.css [36m304[0m 3.031 ms - -[0m
2026-08-03 04:53:35 [INFO]: [0mGET /css/auth.css [36m304[0m 2.038 ms - -[0m
2026-08-03 04:53:35 [INFO]: [0mGET /css/verify.css [36m304[0m 2.051 ms - -[0m
2026-08-03 04:53:35 [INFO]: [0mGET /js/why-choose.js [36m304[0m 0.399 ms - -[0m
2026-08-03 04:53:35 [INFO]: [0mGET /js/notification.js [36m304[0m 0.679 ms - -[0m
2026-08-03 04:53:35 [INFO]: [0mGET /js/footer.js [36m304[0m 0.612 ms - -[0m
2026-08-03 04:53:35 [INFO]: [0mGET /js/auth.js [36m304[0m 0.429 ms - -[0m
2026-08-03 04:53:35 [INFO]: [0mGET /images/hero/snake-plant.jpg [36m304[0m 0.889 ms - -[0m
2026-08-03 04:53:35 [INFO]: [0mGET /images/hero/peace-lily.jpg [36m304[0m 0.690 ms - -[0m
2026-08-03 04:53:35 [INFO]: [0mGET /images/hero/tulip-plant.jpg [36m304[0m 0.287 ms - -[0m
2026-08-03 04:53:35 [INFO]: [0mGET /images/hero/rubber-plant.jpg [36m304[0m 0.458 ms - -[0m
2026-08-03 04:53:35 [INFO]: [0mGET /images/hero/aloe-vera.jpg [36m304[0m 0.618 ms - -[0m
2026-08-03 04:53:35 [INFO]: [0mGET /images/hero/areca-palm.jpg [36m304[0m 1.423 ms - -[0m
2026-08-03 04:53:35 [INFO]: [0mGET /images/hero/jade-plant.jpg [36m304[0m 0.330 ms - -[0m
2026-08-03 04:53:35 [INFO]: [0mGET /images/hero/golden-pothos.jpg [36m304[0m 0.736 ms - -[0m
2026-08-03 04:53:35 [INFO]: [0mGET /images/hero/fiddle-leaf-fig.jpg [36m304[0m 0.670 ms - -[0m
2026-08-03 04:53:35 [INFO]: [0mGET /images/hero/why-choose.jpg [36m304[0m 0.835 ms - -[0m
2026-08-03 04:53:35 [INFO]: [0mGET /images/logo/plantora-orgn-white.png [36m304[0m 1.077 ms - -[0m
2026-08-03 04:53:37 [INFO]: [0mGET / [36m304[0m 85.086 ms - -[0m
2026-08-03 04:53:37 [INFO]: [0mGET /css/style.css [36m304[0m 1.011 ms - -[0m
2026-08-03 04:53:37 [INFO]: [0mGET /images/logo/plantora.png [36m304[0m 1.272 ms - -[0m
2026-08-03 04:53:37 [INFO]: [0mGET /images/hero/hero-placeholder.png [36m304[0m 1.651 ms - -[0m
2026-08-03 04:53:37 [INFO]: [0mGET /images/hero/monstera-plant.jpg [36m304[0m 0.577 ms - -[0m
2026-08-03 04:53:37 [INFO]: [0mGET /js/header.js [36m304[0m 0.716 ms - -[0m
2026-08-03 04:53:37 [INFO]: [0mGET /js/featured.js [36m304[0m 0.983 ms - -[0m
2026-08-03 04:53:37 [INFO]: [0mGET /js/why-choose.js [36m304[0m 1.152 ms - -[0m
2026-08-03 04:53:37 [INFO]: [0mGET /css/variables.css [36m304[0m 0.428 ms - -[0m
2026-08-03 04:53:37 [INFO]: [0mGET /css/utilities.css [36m304[0m 0.634 ms - -[0m
2026-08-03 04:53:37 [INFO]: [0mGET /css/animations.css [36m304[0m 1.046 ms - -[0m
2026-08-03 04:53:37 [INFO]: [0mGET /css/announcement.css [36m304[0m 1.348 ms - -[0m
2026-08-03 04:53:37 [INFO]: [0mGET /css/header.css [36m304[0m 0.392 ms - -[0m
2026-08-03 04:53:37 [INFO]: [0mGET /css/hero.css [36m304[0m 0.565 ms - -[0m
2026-08-03 04:53:37 [INFO]: [0mGET /css/featured.css [36m304[0m 1.377 ms - -[0m
2026-08-03 04:53:37 [INFO]: [0mGET /css/why-choose.css [36m304[0m 1.402 ms - -[0m
2026-08-03 04:53:37 [INFO]: [0mGET /css/footer.css [36m304[0m 1.341 ms - -[0m
2026-08-03 04:53:37 [INFO]: [0mGET /css/auth.css [36m304[0m 1.523 ms - -[0m
2026-08-03 04:53:37 [INFO]: [0mGET /css/verify.css [36m304[0m 1.851 ms - -[0m
2026-08-03 04:53:37 [INFO]: [0mGET /js/notification.js [36m304[0m 0.957 ms - -[0m
2026-08-03 04:53:37 [INFO]: [0mGET /js/footer.js [36m304[0m 0.672 ms - -[0m
2026-08-03 04:53:37 [INFO]: [0mGET /js/auth.js [36m304[0m 0.602 ms - -[0m
2026-08-03 04:53:37 [INFO]: [0mGET /images/hero/snake-plant.jpg [36m304[0m 0.810 ms - -[0m
2026-08-03 04:53:37 [INFO]: [0mGET /images/hero/peace-lily.jpg [36m304[0m 1.402 ms - -[0m
2026-08-03 04:53:37 [INFO]: [0mGET /images/hero/tulip-plant.jpg [36m304[0m 0.369 ms - -[0m
2026-08-03 04:53:37 [INFO]: [0mGET /images/hero/rubber-plant.jpg [36m304[0m 1.020 ms - -[0m
2026-08-03 04:53:37 [INFO]: [0mGET /images/hero/aloe-vera.jpg [36m304[0m 0.760 ms - -[0m
2026-08-03 04:53:37 [INFO]: [0mGET /images/hero/areca-palm.jpg [36m304[0m 0.785 ms - -[0m
2026-08-03 04:53:37 [INFO]: [0mGET /images/hero/jade-plant.jpg [36m304[0m 0.655 ms - -[0m
2026-08-03 04:53:37 [INFO]: [0mGET /images/hero/golden-pothos.jpg [36m304[0m 0.348 ms - -[0m
2026-08-03 04:53:37 [INFO]: [0mGET /images/hero/fiddle-leaf-fig.jpg [36m304[0m 0.482 ms - -[0m
2026-08-03 04:53:37 [INFO]: [0mGET /images/hero/why-choose.jpg [36m304[0m 1.054 ms - -[0m
2026-08-03 04:53:37 [INFO]: [0mGET /images/logo/plantora-orgn-white.png [36m304[0m 0.867 ms - -[0m
2026-08-03 04:53:40 [ERROR]: Error: Failed to lookup view "admin/dashboard/index" in views directory "E:\Webskitters_Academy\NODE JS\final_project_node\plantora_final_project_node_ejs\views"
    at app.render (E:\Webskitters_Academy\NODE JS\final_project_node\plantora_final_project_node_ejs\node_modules\express\lib\application.js:562:17)
    at ServerResponse.render (E:\Webskitters_Academy\NODE JS\final_project_node\plantora_final_project_node_ejs\node_modules\express\lib\response.js:923:7)
    at showDashboard (E:\Webskitters_Academy\NODE JS\final_project_node\plantora_final_project_node_ejs\app\controllers\AdminDashboardController.js:18:18)
    at Layer.handleRequest (E:\Webskitters_Academy\NODE JS\final_project_node\plantora_final_project_node_ejs\node_modules\router\lib\layer.js:152:17)
    at next (E:\Webskitters_Academy\NODE JS\final_project_node\plantora_final_project_node_ejs\node_modules\router\lib\route.js:157:13)
    at E:\Webskitters_Academy\NODE JS\final_project_node\plantora_final_project_node_ejs\app\middlewares\authorizeRoles.js:23:12
    at Layer.handleRequest (E:\Webskitters_Academy\NODE JS\final_project_node\plantora_final_project_node_ejs\node_modules\router\lib\layer.js:152:17)
    at next (E:\Webskitters_Academy\NODE JS\final_project_node\plantora_final_project_node_ejs\node_modules\router\lib\route.js:157:13)
    at authMiddleware (E:\Webskitters_Academy\NODE JS\final_project_node\plantora_final_project_node_ejs\app\middlewares\authMiddleware.js:71:12)
    at process.processTicksAndRejections (node:internal/process/task_queues:103:5)
2026-08-03 04:53:40 [INFO]: [0mGET /admin/dashboard [31m500[0m 320.343 ms - 222[0m
2026-08-03 04:55:51 [INFO]: MongoDB connected successfully.
2026-08-03 04:55:54 [INFO]: Email server connected successfully.
2026-08-03 04:55:54 [INFO]: Server is running on port 5132.
2026-08-03 04:55:54 [INFO]: [0mGET / [36m304[0m 245.456 ms - -[0m
2026-08-03 04:55:54 [INFO]: [0mGET /css/style.css [36m304[0m 1.701 ms - -[0m
2026-08-03 04:55:54 [INFO]: [0mGET /images/logo/plantora.png [36m304[0m 2.009 ms - -[0m
2026-08-03 04:55:54 [INFO]: [0mGET /images/hero/hero-placeholder.png [36m304[0m 2.561 ms - -[0m
2026-08-03 04:55:55 [INFO]: [0mGET /images/hero/monstera-plant.jpg [36m304[0m 2.846 ms - -[0m
2026-08-03 04:55:55 [INFO]: [0mGET /js/header.js [36m304[0m 3.181 ms - -[0m
2026-08-03 04:55:55 [INFO]: [0mGET /js/featured.js [36m304[0m 3.735 ms - -[0m
2026-08-03 04:55:55 [INFO]: [0mGET /js/why-choose.js [36m304[0m 4.022 ms - -[0m
2026-08-03 04:55:55 [INFO]: [0mGET /js/notification.js [36m304[0m 4.661 ms - -[0m
2026-08-03 04:55:55 [INFO]: [0mGET /css/variables.css [36m304[0m 1.059 ms - -[0m
2026-08-03 04:55:55 [INFO]: [0mGET /css/utilities.css [36m304[0m 1.475 ms - -[0m
2026-08-03 04:55:55 [INFO]: [0mGET /css/animations.css [36m304[0m 2.131 ms - -[0m
2026-08-03 04:55:55 [INFO]: [0mGET /css/announcement.css [36m304[0m 2.527 ms - -[0m
2026-08-03 04:55:55 [INFO]: [0mGET /css/header.css [36m304[0m 3.266 ms - -[0m
2026-08-03 04:55:55 [INFO]: [0mGET /css/hero.css [36m304[0m 3.894 ms - -[0m
2026-08-03 04:55:55 [INFO]: [0mGET /css/featured.css [36m304[0m 0.740 ms - -[0m
2026-08-03 04:55:55 [INFO]: [0mGET /css/why-choose.css [36m304[0m 1.003 ms - -[0m
2026-08-03 04:55:55 [INFO]: [0mGET /css/footer.css [36m304[0m 1.330 ms - -[0m
2026-08-03 04:55:55 [INFO]: [0mGET /css/auth.css [36m304[0m 1.501 ms - -[0m
2026-08-03 04:55:55 [INFO]: [0mGET /css/verify.css [36m304[0m 1.955 ms - -[0m
2026-08-03 04:55:55 [INFO]: [0mGET /js/footer.js [36m304[0m 0.386 ms - -[0m
2026-08-03 04:55:55 [INFO]: [0mGET /js/auth.js [36m304[0m 0.420 ms - -[0m
2026-08-03 04:55:55 [INFO]: [0mGET /images/hero/snake-plant.jpg [36m304[0m 1.830 ms - -[0m
2026-08-03 04:55:55 [INFO]: [0mGET /images/hero/peace-lily.jpg [36m304[0m 1.844 ms - -[0m
2026-08-03 04:55:55 [INFO]: [0mGET /images/hero/tulip-plant.jpg [36m304[0m 1.922 ms - -[0m
2026-08-03 04:55:55 [INFO]: [0mGET /images/hero/rubber-plant.jpg [36m304[0m 0.569 ms - -[0m
2026-08-03 04:55:55 [INFO]: [0mGET /images/hero/aloe-vera.jpg [36m304[0m 0.869 ms - -[0m
2026-08-03 04:55:55 [INFO]: [0mGET /images/hero/areca-palm.jpg [36m304[0m 1.502 ms - -[0m
2026-08-03 04:55:55 [INFO]: [0mGET /images/hero/jade-plant.jpg [36m304[0m 1.945 ms - -[0m
2026-08-03 04:55:55 [INFO]: [0mGET /images/hero/golden-pothos.jpg [36m304[0m 0.704 ms - -[0m
2026-08-03 04:55:55 [INFO]: [0mGET /images/hero/fiddle-leaf-fig.jpg [36m304[0m 0.827 ms - -[0m
2026-08-03 04:55:55 [INFO]: [0mGET /images/hero/why-choose.jpg [36m304[0m 0.666 ms - -[0m
2026-08-03 04:55:55 [INFO]: [0mGET /images/logo/plantora-orgn-white.png [36m304[0m 0.820 ms - -[0m
2026-08-03 04:55:57 [ERROR]: Error: Failed to lookup view "admin/dashboard" in views directory "E:\Webskitters_Academy\NODE JS\final_project_node\plantora_final_project_node_ejs\views"
    at app.render (E:\Webskitters_Academy\NODE JS\final_project_node\plantora_final_project_node_ejs\node_modules\express\lib\application.js:562:17)
    at ServerResponse.render (E:\Webskitters_Academy\NODE JS\final_project_node\plantora_final_project_node_ejs\node_modules\express\lib\response.js:923:7)
    at showDashboard (E:\Webskitters_Academy\NODE JS\final_project_node\plantora_final_project_node_ejs\app\controllers\AdminDashboardController.js:18:18)
    at Layer.handleRequest (E:\Webskitters_Academy\NODE JS\final_project_node\plantora_final_project_node_ejs\node_modules\router\lib\layer.js:152:17)
    at next (E:\Webskitters_Academy\NODE JS\final_project_node\plantora_final_project_node_ejs\node_modules\router\lib\route.js:157:13)
    at E:\Webskitters_Academy\NODE JS\final_project_node\plantora_final_project_node_ejs\app\middlewares\authorizeRoles.js:23:12
    at Layer.handleRequest (E:\Webskitters_Academy\NODE JS\final_project_node\plantora_final_project_node_ejs\node_modules\router\lib\layer.js:152:17)
    at next (E:\Webskitters_Academy\NODE JS\final_project_node\plantora_final_project_node_ejs\node_modules\router\lib\route.js:157:13)
    at authMiddleware (E:\Webskitters_Academy\NODE JS\final_project_node\plantora_final_project_node_ejs\app\middlewares\authMiddleware.js:71:12)
    at process.processTicksAndRejections (node:internal/process/task_queues:103:5)
2026-08-03 04:55:57 [INFO]: [0mGET /admin/dashboard [31m500[0m 322.081 ms - 216[0m
2026-08-03 04:56:31 [INFO]: MongoDB connected successfully.
2026-08-03 04:56:34 [INFO]: Email server connected successfully.
2026-08-03 04:56:34 [INFO]: Server is running on port 5132.
2026-08-03 05:07:31 [INFO]: [0mGET / [36m304[0m 132.831 ms - -[0m
2026-08-03 05:07:31 [INFO]: [0mGET /css/style.css [36m304[0m 1.104 ms - -[0m
2026-08-03 05:07:31 [INFO]: [0mGET /images/logo/plantora.png [36m304[0m 1.148 ms - -[0m
2026-08-03 05:07:31 [INFO]: [0mGET /images/hero/hero-placeholder.png [36m304[0m 0.615 ms - -[0m
2026-08-03 05:07:31 [INFO]: [0mGET /images/hero/monstera-plant.jpg [36m304[0m 1.044 ms - -[0m
2026-08-03 05:07:31 [INFO]: [0mGET /css/variables.css [36m304[0m 0.255 ms - -[0m
2026-08-03 05:07:31 [INFO]: [0mGET /css/utilities.css [36m304[0m 0.304 ms - -[0m
2026-08-03 05:07:31 [INFO]: [0mGET /css/animations.css [36m304[0m 0.198 ms - -[0m
2026-08-03 05:07:31 [INFO]: [0mGET /css/announcement.css [36m304[0m 0.348 ms - -[0m
2026-08-03 05:07:31 [INFO]: [0mGET /css/header.css [36m304[0m 0.445 ms - -[0m
2026-08-03 05:07:31 [INFO]: [0mGET /css/hero.css [36m304[0m 0.291 ms - -[0m
2026-08-03 05:07:31 [INFO]: [0mGET /css/featured.css [36m304[0m 0.311 ms - -[0m
2026-08-03 05:07:31 [INFO]: [0mGET /css/why-choose.css [36m304[0m 0.183 ms - -[0m
2026-08-03 05:07:31 [INFO]: [0mGET /css/footer.css [36m304[0m 0.241 ms - -[0m
2026-08-03 05:07:31 [INFO]: [0mGET /css/auth.css [36m304[0m 0.641 ms - -[0m
2026-08-03 05:07:31 [INFO]: [0mGET /css/verify.css [36m304[0m 0.219 ms - -[0m
2026-08-03 05:07:31 [INFO]: [0mGET /js/header.js [36m304[0m 0.304 ms - -[0m
2026-08-03 05:07:31 [INFO]: [0mGET /js/featured.js [36m304[0m 0.320 ms - -[0m
2026-08-03 05:07:31 [INFO]: [0mGET /js/why-choose.js [36m304[0m 0.200 ms - -[0m
2026-08-03 05:07:31 [INFO]: [0mGET /js/notification.js [36m304[0m 0.352 ms - -[0m
2026-08-03 05:07:31 [INFO]: [0mGET /js/footer.js [36m304[0m 0.171 ms - -[0m
2026-08-03 05:07:31 [INFO]: [0mGET /js/auth.js [36m304[0m 0.259 ms - -[0m
2026-08-03 05:07:31 [INFO]: [0mGET /images/hero/snake-plant.jpg [36m304[0m 0.310 ms - -[0m
2026-08-03 05:07:31 [INFO]: [0mGET /images/hero/peace-lily.jpg [36m304[0m 0.319 ms - -[0m
2026-08-03 05:07:31 [INFO]: [0mGET /images/hero/tulip-plant.jpg [36m304[0m 0.550 ms - -[0m
2026-08-03 05:07:31 [INFO]: [0mGET /images/hero/rubber-plant.jpg [36m304[0m 0.480 ms - -[0m
2026-08-03 05:07:31 [INFO]: [0mGET /images/hero/aloe-vera.jpg [36m304[0m 0.241 ms - -[0m
2026-08-03 05:07:31 [INFO]: [0mGET /images/hero/areca-palm.jpg [36m304[0m 0.460 ms - -[0m
2026-08-03 05:07:31 [INFO]: [0mGET /images/hero/jade-plant.jpg [36m304[0m 0.297 ms - -[0m
2026-08-03 05:07:31 [INFO]: [0mGET /images/hero/golden-pothos.jpg [36m304[0m 0.189 ms - -[0m
2026-08-03 05:07:31 [INFO]: [0mGET /images/hero/fiddle-leaf-fig.jpg [36m304[0m 0.134 ms - -[0m
2026-08-03 05:07:31 [INFO]: [0mGET /images/hero/why-choose.jpg [36m304[0m 0.383 ms - -[0m
2026-08-03 05:07:31 [INFO]: [0mGET /images/logo/plantora-orgn-white.png [36m304[0m 0.224 ms - -[0m
2026-08-03 05:07:40 [INFO]: [0mGET /views/admin/dashboard/index.ejs [33m404[0m 239.501 ms - 95[0m
2026-08-03 05:08:07 [INFO]: [0mGET /admin/dashboard/index.ejs [33m404[0m 254.088 ms - 89[0m
2026-08-03 05:08:28 [ERROR]: Error: Failed to lookup view "admin/dashboard/index" in views directory "E:\Webskitters_Academy\NODE JS\final_project_node\plantora_final_project_node_ejs\views"
    at app.render (E:\Webskitters_Academy\NODE JS\final_project_node\plantora_final_project_node_ejs\node_modules\express\lib\application.js:562:17)
    at ServerResponse.render (E:\Webskitters_Academy\NODE JS\final_project_node\plantora_final_project_node_ejs\node_modules\express\lib\response.js:923:7)
    at showDashboard (E:\Webskitters_Academy\NODE JS\final_project_node\plantora_final_project_node_ejs\app\controllers\AdminDashboardController.js:18:18)
    at Layer.handleRequest (E:\Webskitters_Academy\NODE JS\final_project_node\plantora_final_project_node_ejs\node_modules\router\lib\layer.js:152:17)
    at next (E:\Webskitters_Academy\NODE JS\final_project_node\plantora_final_project_node_ejs\node_modules\router\lib\route.js:157:13)
    at E:\Webskitters_Academy\NODE JS\final_project_node\plantora_final_project_node_ejs\app\middlewares\authorizeRoles.js:23:12
    at Layer.handleRequest (E:\Webskitters_Academy\NODE JS\final_project_node\plantora_final_project_node_ejs\node_modules\router\lib\layer.js:152:17)
    at next (E:\Webskitters_Academy\NODE JS\final_project_node\plantora_final_project_node_ejs\node_modules\router\lib\route.js:157:13)
    at authMiddleware (E:\Webskitters_Academy\NODE JS\final_project_node\plantora_final_project_node_ejs\app\middlewares\authMiddleware.js:71:12)
    at process.processTicksAndRejections (node:internal/process/task_queues:103:5)
2026-08-03 05:08:28 [INFO]: [0mGET /admin/dashboard [31m500[0m 269.065 ms - 222[0m
2026-08-03 05:09:12 [INFO]: SIGINT received. Shutting down server...
2026-08-03 05:09:15 [INFO]: MongoDB connected successfully.
2026-08-03 05:09:18 [INFO]: Email server connected successfully.
2026-08-03 05:09:18 [INFO]: Server is running on port 5132.
2026-08-03 05:09:20 [INFO]: [0mGET / [32m200[0m 97.319 ms - -[0m
2026-08-03 05:09:20 [INFO]: [0mGET /css/style.css [36m304[0m 1.716 ms - -[0m
2026-08-03 05:09:20 [INFO]: [0mGET /images/logo/plantora.png [36m304[0m 1.820 ms - -[0m
2026-08-03 05:09:20 [INFO]: [0mGET /images/hero/hero-placeholder.png [36m304[0m 2.237 ms - -[0m
2026-08-03 05:09:20 [INFO]: [0mGET /images/hero/monstera-plant.jpg [36m304[0m 0.979 ms - -[0m
2026-08-03 05:09:20 [INFO]: [0mGET /js/header.js [36m304[0m 0.547 ms - -[0m
2026-08-03 05:09:20 [INFO]: [0mGET /js/featured.js [36m304[0m 0.367 ms - -[0m
2026-08-03 05:09:20 [INFO]: [0mGET /js/why-choose.js [36m304[0m 0.767 ms - -[0m
2026-08-03 05:09:20 [INFO]: [0mGET /js/notification.js [36m304[0m 0.505 ms - -[0m
2026-08-03 05:09:20 [INFO]: [0mGET /js/footer.js [36m304[0m 0.331 ms - -[0m
2026-08-03 05:09:20 [INFO]: [0mGET /js/auth.js [36m304[0m 0.464 ms - -[0m
2026-08-03 05:09:20 [INFO]: [0mGET /images/hero/snake-plant.jpg [36m304[0m 1.211 ms - -[0m
2026-08-03 05:09:20 [INFO]: [0mGET /images/hero/peace-lily.jpg [36m304[0m 0.865 ms - -[0m
2026-08-03 05:09:20 [INFO]: [0mGET /css/variables.css [36m304[0m 1.370 ms - -[0m
2026-08-03 05:09:20 [INFO]: [0mGET /css/utilities.css [36m304[0m 1.499 ms - -[0m
2026-08-03 05:09:20 [INFO]: [0mGET /css/animations.css [36m304[0m 1.833 ms - -[0m
2026-08-03 05:09:20 [INFO]: [0mGET /css/announcement.css [36m304[0m 0.273 ms - -[0m
2026-08-03 05:09:20 [INFO]: [0mGET /css/header.css [36m304[0m 0.604 ms - -[0m
2026-08-03 05:09:20 [INFO]: [0mGET /css/hero.css [36m304[0m 1.582 ms - -[0m
2026-08-03 05:09:20 [INFO]: [0mGET /css/featured.css [36m304[0m 2.158 ms - -[0m
2026-08-03 05:09:20 [INFO]: [0mGET /css/why-choose.css [36m304[0m 2.362 ms - -[0m
2026-08-03 05:09:20 [INFO]: [0mGET /css/footer.css [36m304[0m 2.675 ms - -[0m
2026-08-03 05:09:20 [INFO]: [0mGET /css/auth.css [36m304[0m 0.473 ms - -[0m
2026-08-03 05:09:20 [INFO]: [0mGET /css/verify.css [36m304[0m 1.894 ms - -[0m
2026-08-03 05:09:20 [INFO]: [0mGET /images/hero/tulip-plant.jpg [36m304[0m 0.831 ms - -[0m
2026-08-03 05:09:20 [INFO]: [0mGET /images/hero/rubber-plant.jpg [36m304[0m 0.964 ms - -[0m
2026-08-03 05:09:20 [INFO]: [0mGET /images/hero/aloe-vera.jpg [36m304[0m 1.211 ms - -[0m
2026-08-03 05:09:20 [INFO]: [0mGET /images/hero/areca-palm.jpg [36m304[0m 0.298 ms - -[0m
2026-08-03 05:09:20 [INFO]: [0mGET /images/hero/jade-plant.jpg [36m304[0m 0.377 ms - -[0m
2026-08-03 05:09:20 [INFO]: [0mGET /images/hero/golden-pothos.jpg [36m304[0m 0.703 ms - -[0m
2026-08-03 05:09:20 [INFO]: [0mGET /images/hero/fiddle-leaf-fig.jpg [36m304[0m 1.154 ms - -[0m
2026-08-03 05:09:20 [INFO]: [0mGET /images/hero/why-choose.jpg [36m304[0m 1.725 ms - -[0m
2026-08-03 05:09:20 [INFO]: [0mGET /images/logo/plantora-orgn-white.png [36m304[0m 0.764 ms - -[0m
2026-08-03 05:09:22 [INFO]: [0mGET /admin/dashboard/index.ejs [33m404[0m 244.851 ms - 89[0m
2026-08-03 05:28:37 [INFO]: MongoDB connected successfully.
2026-08-03 05:28:40 [INFO]: Email server connected successfully.
2026-08-03 05:28:40 [INFO]: Server is running on port 5132.
2026-08-03 05:28:58 [INFO]: MongoDB connected successfully.
2026-08-03 05:29:00 [INFO]: Email server connected successfully.
2026-08-03 05:29:00 [INFO]: Server is running on port 5132.
2026-08-03 05:34:47 [INFO]: MongoDB connected successfully.
2026-08-03 05:34:50 [INFO]: Email server connected successfully.
2026-08-03 05:34:50 [INFO]: Server is running on port 5132.
2026-08-03 05:34:52 [INFO]: MongoDB connected successfully.
2026-08-03 05:34:54 [INFO]: Email server connected successfully.
2026-08-03 05:34:54 [INFO]: Server is running on port 5132.
2026-08-03 05:34:56 [INFO]: MongoDB connected successfully.
2026-08-03 05:34:59 [INFO]: Email server connected successfully.
2026-08-03 05:34:59 [INFO]: Server is running on port 5132.
2026-08-03 05:35:01 [INFO]: MongoDB connected successfully.
2026-08-03 05:35:04 [INFO]: Email server connected successfully.
2026-08-03 05:35:04 [INFO]: Server is running on port 5132.
2026-08-03 05:35:06 [INFO]: MongoDB connected successfully.
2026-08-03 05:35:09 [INFO]: Email server connected successfully.
2026-08-03 05:35:09 [INFO]: Server is running on port 5132.
2026-08-03 05:59:50 [INFO]: SIGINT received. Shutting down server...
2026-08-03 05:59:53 [INFO]: MongoDB connected successfully.
2026-08-03 05:59:57 [INFO]: Email server connected successfully.
2026-08-03 05:59:57 [INFO]: Server is running on port 5132.
2026-08-03 06:00:03 [INFO]: [0mGET / [32m200[0m 129.002 ms - -[0m
2026-08-03 06:00:03 [INFO]: [0mGET /css/style.css [36m304[0m 1.809 ms - -[0m
2026-08-03 06:00:03 [INFO]: [0mGET /images/logo/plantora.png [36m304[0m 1.604 ms - -[0m
2026-08-03 06:00:03 [INFO]: [0mGET /images/hero/hero-placeholder.png [36m304[0m 1.808 ms - -[0m
2026-08-03 06:00:03 [INFO]: [0mGET /images/hero/monstera-plant.jpg [36m304[0m 0.652 ms - -[0m
2026-08-03 06:00:03 [INFO]: [0mGET /js/featured.js [36m304[0m 0.658 ms - -[0m
2026-08-03 06:00:03 [INFO]: [0mGET /js/notification.js [36m304[0m 1.249 ms - -[0m
2026-08-03 06:00:03 [INFO]: [0mGET /js/header.js [36m304[0m 1.587 ms - -[0m
2026-08-03 06:00:03 [INFO]: [0mGET /js/why-choose.js [36m304[0m 1.796 ms - -[0m
2026-08-03 06:00:03 [INFO]: [0mGET /js/footer.js [36m304[0m 0.488 ms - -[0m
2026-08-03 06:00:03 [INFO]: [0mGET /css/variables.css [36m304[0m 0.691 ms - -[0m
2026-08-03 06:00:03 [INFO]: [0mGET /css/utilities.css [36m304[0m 0.853 ms - -[0m
2026-08-03 06:00:03 [INFO]: [0mGET /js/auth.js [36m304[0m 0.985 ms - -[0m
2026-08-03 06:00:03 [INFO]: [0mGET /css/animations.css [36m304[0m 0.818 ms - -[0m
2026-08-03 06:00:03 [INFO]: [0mGET /css/announcement.css [36m304[0m 0.978 ms - -[0m
2026-08-03 06:00:03 [INFO]: [0mGET /css/header.css [36m304[0m 1.169 ms - -[0m
2026-08-03 06:00:03 [INFO]: [0mGET /css/hero.css [36m304[0m 0.443 ms - -[0m
2026-08-03 06:00:03 [INFO]: [0mGET /css/featured.css [36m304[0m 0.685 ms - -[0m
2026-08-03 06:00:03 [INFO]: [0mGET /css/why-choose.css [36m304[0m 0.887 ms - -[0m
2026-08-03 06:00:03 [INFO]: [0mGET /css/footer.css [36m304[0m 0.268 ms - -[0m
2026-08-03 06:00:03 [INFO]: [0mGET /css/auth.css [36m304[0m 0.632 ms - -[0m
2026-08-03 06:00:03 [INFO]: [0mGET /css/verify.css [36m304[0m 0.453 ms - -[0m
2026-08-03 06:00:03 [INFO]: [0mGET /images/hero/snake-plant.jpg [36m304[0m 0.467 ms - -[0m
2026-08-03 06:00:03 [INFO]: [0mGET /images/hero/peace-lily.jpg [36m304[0m 0.736 ms - -[0m
2026-08-03 06:00:03 [INFO]: [0mGET /images/hero/tulip-plant.jpg [36m304[0m 0.960 ms - -[0m
2026-08-03 06:00:03 [INFO]: [0mGET /images/hero/rubber-plant.jpg [36m304[0m 0.752 ms - -[0m
2026-08-03 06:00:03 [INFO]: [0mGET /images/hero/aloe-vera.jpg [36m304[0m 1.267 ms - -[0m
2026-08-03 06:00:03 [INFO]: [0mGET /images/hero/areca-palm.jpg [36m304[0m 1.405 ms - -[0m
2026-08-03 06:00:03 [INFO]: [0mGET /images/hero/jade-plant.jpg [36m304[0m 0.566 ms - -[0m
2026-08-03 06:00:03 [INFO]: [0mGET /images/hero/golden-pothos.jpg [36m304[0m 0.754 ms - -[0m
2026-08-03 06:00:03 [INFO]: [0mGET /images/hero/fiddle-leaf-fig.jpg [36m304[0m 0.888 ms - -[0m
2026-08-03 06:00:03 [INFO]: [0mGET /images/hero/why-choose.jpg [36m304[0m 0.261 ms - -[0m
2026-08-03 06:00:03 [INFO]: [0mGET /images/logo/plantora-orgn-white.png [36m304[0m 0.462 ms - -[0m
2026-08-03 06:00:06 [ERROR]: Error: Failed to lookup view "admin/dashboard/index" in views directory "E:\Webskitters_Academy\NODE JS\final_project_node\plantora_final_project_node_ejs\views"
    at app.render (E:\Webskitters_Academy\NODE JS\final_project_node\plantora_final_project_node_ejs\node_modules\express\lib\application.js:562:17)
    at ServerResponse.render (E:\Webskitters_Academy\NODE JS\final_project_node\plantora_final_project_node_ejs\node_modules\express\lib\response.js:923:7)
    at showDashboard (E:\Webskitters_Academy\NODE JS\final_project_node\plantora_final_project_node_ejs\app\controllers\AdminDashboardController.js:18:18)
    at Layer.handleRequest (E:\Webskitters_Academy\NODE JS\final_project_node\plantora_final_project_node_ejs\node_modules\router\lib\layer.js:152:17)
    at next (E:\Webskitters_Academy\NODE JS\final_project_node\plantora_final_project_node_ejs\node_modules\router\lib\route.js:157:13)
    at E:\Webskitters_Academy\NODE JS\final_project_node\plantora_final_project_node_ejs\app\middlewares\authorizeRoles.js:23:12
    at Layer.handleRequest (E:\Webskitters_Academy\NODE JS\final_project_node\plantora_final_project_node_ejs\node_modules\router\lib\layer.js:152:17)
    at next (E:\Webskitters_Academy\NODE JS\final_project_node\plantora_final_project_node_ejs\node_modules\router\lib\route.js:157:13)
    at authMiddleware (E:\Webskitters_Academy\NODE JS\final_project_node\plantora_final_project_node_ejs\app\middlewares\authMiddleware.js:71:12)
    at process.processTicksAndRejections (node:internal/process/task_queues:103:5)
2026-08-03 06:00:06 [INFO]: [0mGET /admin/dashboard [31m500[0m 147.460 ms - 222[0m
2026-08-03 06:01:51 [INFO]: SIGINT received. Shutting down server...
2026-08-03 06:01:54 [INFO]: MongoDB connected successfully.
2026-08-03 06:01:57 [INFO]: Email server connected successfully.
2026-08-03 06:01:57 [INFO]: Server is running on port 5132.
2026-08-03 06:01:57 [INFO]: [0mGET / [36m304[0m 108.274 ms - -[0m
2026-08-03 06:01:57 [INFO]: [0mGET /css/style.css [36m304[0m 1.117 ms - -[0m
2026-08-03 06:01:57 [INFO]: [0mGET /images/logo/plantora.png [36m304[0m 1.406 ms - -[0m
2026-08-03 06:01:57 [INFO]: [0mGET /images/hero/hero-placeholder.png [36m304[0m 1.748 ms - -[0m
2026-08-03 06:01:57 [INFO]: [0mGET /images/hero/monstera-plant.jpg [36m304[0m 0.555 ms - -[0m
2026-08-03 06:01:57 [INFO]: [0mGET /js/header.js [36m304[0m 0.427 ms - -[0m
2026-08-03 06:01:57 [INFO]: [0mGET /js/featured.js [36m304[0m 0.859 ms - -[0m
2026-08-03 06:01:57 [INFO]: [0mGET /js/why-choose.js [36m304[0m 1.440 ms - -[0m
2026-08-03 06:01:57 [INFO]: [0mGET /js/notification.js [36m304[0m 1.815 ms - -[0m
2026-08-03 06:01:57 [INFO]: [0mGET /js/footer.js [36m304[0m 3.045 ms - -[0m
2026-08-03 06:01:57 [INFO]: [0mGET /js/auth.js [36m304[0m 1.485 ms - -[0m
2026-08-03 06:01:57 [INFO]: [0mGET /images/hero/snake-plant.jpg [36m304[0m 2.434 ms - -[0m
2026-08-03 06:01:57 [INFO]: [0mGET /images/hero/peace-lily.jpg [36m304[0m 1.205 ms - -[0m
2026-08-03 06:01:57 [INFO]: [0mGET /css/variables.css [36m304[0m 1.308 ms - -[0m
2026-08-03 06:01:57 [INFO]: [0mGET /css/utilities.css [36m304[0m 0.608 ms - -[0m
2026-08-03 06:01:57 [INFO]: [0mGET /css/animations.css [36m304[0m 0.924 ms - -[0m
2026-08-03 06:01:57 [INFO]: [0mGET /css/announcement.css [36m304[0m 1.104 ms - -[0m
2026-08-03 06:01:57 [INFO]: [0mGET /css/header.css [36m304[0m 0.508 ms - -[0m
2026-08-03 06:01:57 [INFO]: [0mGET /css/hero.css [36m304[0m 0.789 ms - -[0m
2026-08-03 06:01:57 [INFO]: [0mGET /css/featured.css [36m304[0m 1.108 ms - -[0m
2026-08-03 06:01:57 [INFO]: [0mGET /css/why-choose.css [36m304[0m 0.355 ms - -[0m
2026-08-03 06:01:57 [INFO]: [0mGET /css/footer.css [36m304[0m 0.607 ms - -[0m
2026-08-03 06:01:57 [INFO]: [0mGET /css/auth.css [36m304[0m 1.175 ms - -[0m
2026-08-03 06:01:57 [INFO]: [0mGET /css/verify.css [36m304[0m 0.820 ms - -[0m
2026-08-03 06:01:57 [INFO]: [0mGET /images/hero/tulip-plant.jpg [36m304[0m 0.719 ms - -[0m
2026-08-03 06:01:57 [INFO]: [0mGET /images/hero/rubber-plant.jpg [36m304[0m 0.813 ms - -[0m
2026-08-03 06:01:57 [INFO]: [0mGET /images/hero/aloe-vera.jpg [36m304[0m 0.294 ms - -[0m
2026-08-03 06:01:57 [INFO]: [0mGET /images/hero/areca-palm.jpg [36m304[0m 0.465 ms - -[0m
2026-08-03 06:01:57 [INFO]: [0mGET /images/hero/jade-plant.jpg [36m304[0m 0.828 ms - -[0m
2026-08-03 06:01:57 [INFO]: [0mGET /images/hero/golden-pothos.jpg [36m304[0m 0.422 ms - -[0m
2026-08-03 06:01:57 [INFO]: [0mGET /images/hero/fiddle-leaf-fig.jpg [36m304[0m 0.157 ms - -[0m
2026-08-03 06:01:57 [INFO]: [0mGET /images/hero/why-choose.jpg [36m304[0m 0.252 ms - -[0m
2026-08-03 06:01:57 [INFO]: [0mGET /images/logo/plantora-orgn-white.png [36m304[0m 0.543 ms - -[0m
2026-08-03 06:01:59 [ERROR]: Error: Failed to lookup view "admin/dashboard/index" in views directory "E:\Webskitters_Academy\NODE JS\final_project_node\plantora_final_project_node_ejs\views"
    at app.render (E:\Webskitters_Academy\NODE JS\final_project_node\plantora_final_project_node_ejs\node_modules\express\lib\application.js:562:17)
    at ServerResponse.render (E:\Webskitters_Academy\NODE JS\final_project_node\plantora_final_project_node_ejs\node_modules\express\lib\response.js:923:7)
    at showDashboard (E:\Webskitters_Academy\NODE JS\final_project_node\plantora_final_project_node_ejs\app\controllers\AdminDashboardController.js:18:18)
    at Layer.handleRequest (E:\Webskitters_Academy\NODE JS\final_project_node\plantora_final_project_node_ejs\node_modules\router\lib\layer.js:152:17)
    at next (E:\Webskitters_Academy\NODE JS\final_project_node\plantora_final_project_node_ejs\node_modules\router\lib\route.js:157:13)
    at E:\Webskitters_Academy\NODE JS\final_project_node\plantora_final_project_node_ejs\app\middlewares\authorizeRoles.js:23:12
    at Layer.handleRequest (E:\Webskitters_Academy\NODE JS\final_project_node\plantora_final_project_node_ejs\node_modules\router\lib\layer.js:152:17)
    at next (E:\Webskitters_Academy\NODE JS\final_project_node\plantora_final_project_node_ejs\node_modules\router\lib\route.js:157:13)
    at authMiddleware (E:\Webskitters_Academy\NODE JS\final_project_node\plantora_final_project_node_ejs\app\middlewares\authMiddleware.js:71:12)
    at process.processTicksAndRejections (node:internal/process/task_queues:103:5)
2026-08-03 06:01:59 [INFO]: [0mGET /admin/dashboard [31m500[0m 145.424 ms - 222[0m
2026-08-03 06:11:50 [INFO]: SIGINT received. Shutting down server...
2026-08-03 06:11:52 [INFO]: MongoDB connected successfully.
2026-08-03 06:11:55 [INFO]: Email server connected successfully.
2026-08-03 06:11:55 [INFO]: Server is running on port 5132.
2026-08-03 06:11:55 [INFO]: [0mGET / [36m304[0m 128.956 ms - -[0m
2026-08-03 06:11:55 [INFO]: [0mGET /css/style.css [36m304[0m 1.353 ms - -[0m
2026-08-03 06:11:55 [INFO]: [0mGET /images/logo/plantora.png [36m304[0m 1.253 ms - -[0m
2026-08-03 06:11:55 [INFO]: [0mGET /images/hero/hero-placeholder.png [36m304[0m 1.425 ms - -[0m
2026-08-03 06:11:55 [INFO]: [0mGET /images/hero/monstera-plant.jpg [36m304[0m 1.170 ms - -[0m
2026-08-03 06:11:55 [INFO]: [0mGET /js/header.js [36m304[0m 0.667 ms - -[0m
2026-08-03 06:11:55 [INFO]: [0mGET /js/featured.js [36m304[0m 1.706 ms - -[0m
2026-08-03 06:11:55 [INFO]: [0mGET /css/variables.css [36m304[0m 1.921 ms - -[0m
2026-08-03 06:11:55 [INFO]: [0mGET /css/utilities.css [36m304[0m 1.648 ms - -[0m
2026-08-03 06:11:55 [INFO]: [0mGET /css/animations.css [36m304[0m 1.918 ms - -[0m
2026-08-03 06:11:55 [INFO]: [0mGET /css/announcement.css [36m304[0m 2.330 ms - -[0m
2026-08-03 06:11:55 [INFO]: [0mGET /css/header.css [36m304[0m 1.186 ms - -[0m
2026-08-03 06:11:55 [INFO]: [0mGET /css/hero.css [36m304[0m 0.629 ms - -[0m
2026-08-03 06:11:55 [INFO]: [0mGET /css/featured.css [36m304[0m 1.386 ms - -[0m
2026-08-03 06:11:55 [INFO]: [0mGET /css/why-choose.css [36m304[0m 0.734 ms - -[0m
2026-08-03 06:11:55 [INFO]: [0mGET /css/footer.css [36m304[0m 1.352 ms - -[0m
2026-08-03 06:11:55 [INFO]: [0mGET /css/auth.css [36m304[0m 0.927 ms - -[0m
2026-08-03 06:11:55 [INFO]: [0mGET /css/verify.css [36m304[0m 0.653 ms - -[0m
2026-08-03 06:11:55 [INFO]: [0mGET /js/why-choose.js [36m304[0m 1.428 ms - -[0m
2026-08-03 06:11:55 [INFO]: [0mGET /js/notification.js [36m304[0m 1.126 ms - -[0m
2026-08-03 06:11:55 [INFO]: [0mGET /js/footer.js [36m304[0m 1.707 ms - -[0m
2026-08-03 06:11:55 [INFO]: [0mGET /js/auth.js [36m304[0m 1.427 ms - -[0m
2026-08-03 06:11:55 [INFO]: [0mGET /images/hero/snake-plant.jpg [36m304[0m 1.135 ms - -[0m
2026-08-03 06:11:55 [INFO]: [0mGET /images/hero/peace-lily.jpg [36m304[0m 1.466 ms - -[0m
2026-08-03 06:11:55 [INFO]: [0mGET /images/hero/tulip-plant.jpg [36m304[0m 1.122 ms - -[0m
2026-08-03 06:11:55 [INFO]: [0mGET /images/hero/rubber-plant.jpg [36m304[0m 1.132 ms - -[0m
2026-08-03 06:11:55 [INFO]: [0mGET /images/hero/aloe-vera.jpg [36m304[0m 1.684 ms - -[0m
2026-08-03 06:11:55 [INFO]: [0mGET /images/hero/areca-palm.jpg [36m304[0m 1.241 ms - -[0m
2026-08-03 06:11:55 [INFO]: [0mGET /images/hero/jade-plant.jpg [36m304[0m 0.933 ms - -[0m
2026-08-03 06:11:55 [INFO]: [0mGET /images/hero/golden-pothos.jpg [36m304[0m 1.119 ms - -[0m
2026-08-03 06:11:55 [INFO]: [0mGET /images/hero/fiddle-leaf-fig.jpg [36m304[0m 0.526 ms - -[0m
2026-08-03 06:11:55 [INFO]: [0mGET /images/hero/why-choose.jpg [36m304[0m 0.971 ms - -[0m
2026-08-03 06:11:55 [INFO]: [0mGET /images/logo/plantora-orgn-white.png [36m304[0m 0.836 ms - -[0m
2026-08-03 06:11:57 [ERROR]: ReferenceError: E:\Webskitters_Academy\NODE JS\final_project_node\plantora_final_project_node_ejs\views\admin\dashboard\index.ejs:11
    9|     <div class="admin-main">
    10| 
 >> 11|         <%- include("../layout/adminTopbar") %>
    12| 
    13|         <main class="admin-content">
    14| 

E:\Webskitters_Academy\NODE JS\final_project_node\plantora_final_project_node_ejs\views\admin\layout\adminTopbar.ejs:13
    11|             <h4>
    12| 
 >> 13|                 <%= pageTitle %>
    14| 
    15|             </h4>
    16| 

pageTitle is not defined
    at eval (eval at compile (E:\Webskitters_Academy\NODE JS\final_project_node\plantora_final_project_node_ejs\node_modules\ejs\lib\cjs\ejs.js:607:18), <anonymous>:12:26)
    at adminTopbar (E:\Webskitters_Academy\NODE JS\final_project_node\plantora_final_project_node_ejs\node_modules\ejs\lib\cjs\ejs.js:643:23)
    at include (E:\Webskitters_Academy\NODE JS\final_project_node\plantora_final_project_node_ejs\node_modules\ejs\lib\cjs\ejs.js:634:47)
    at eval (eval at compile (E:\Webskitters_Academy\NODE JS\final_project_node\plantora_final_project_node_ejs\node_modules\ejs\lib\cjs\ejs.js:607:18), <anonymous>:19:17)
    at index (E:\Webskitters_Academy\NODE JS\final_project_node\plantora_final_project_node_ejs\node_modules\ejs\lib\cjs\ejs.js:643:23)
    at tryHandleCache (E:\Webskitters_Academy\NODE JS\final_project_node\plantora_final_project_node_ejs\node_modules\ejs\lib\cjs\ejs.js:253:42)
    at ejs.renderFile [as engine] (E:\Webskitters_Academy\NODE JS\final_project_node\plantora_final_project_node_ejs\node_modules\ejs\lib\cjs\ejs.js:444:12)
    at View.render (E:\Webskitters_Academy\NODE JS\final_project_node\plantora_final_project_node_ejs\node_modules\express\lib\view.js:139:8)
    at tryRender (E:\Webskitters_Academy\NODE JS\final_project_node\plantora_final_project_node_ejs\node_modules\express\lib\application.js:627:10)
    at app.render (E:\Webskitters_Academy\NODE JS\final_project_node\plantora_final_project_node_ejs\node_modules\express\lib\application.js:574:3)
2026-08-03 06:11:57 [INFO]: [0mGET /admin/dashboard [31m500[0m 254.522 ms - 682[0m
2026-08-03 06:12:15 [ERROR]: ReferenceError: E:\Webskitters_Academy\NODE JS\final_project_node\plantora_final_project_node_ejs\views\admin\dashboard\index.ejs:11
    9|     <div class="admin-main">
    10| 
 >> 11|         <%- include("../layout/adminTopbar") %>
    12| 
    13|         <main class="admin-content">
    14| 

E:\Webskitters_Academy\NODE JS\final_project_node\plantora_final_project_node_ejs\views\admin\layout\adminTopbar.ejs:13
    11|             <h4>
    12| 
 >> 13|                 <%= pageTitle %>
    14| 
    15|             </h4>
    16| 

pageTitle is not defined
    at eval (eval at compile (E:\Webskitters_Academy\NODE JS\final_project_node\plantora_final_project_node_ejs\node_modules\ejs\lib\cjs\ejs.js:607:18), <anonymous>:12:26)
    at adminTopbar (E:\Webskitters_Academy\NODE JS\final_project_node\plantora_final_project_node_ejs\node_modules\ejs\lib\cjs\ejs.js:643:23)
    at include (E:\Webskitters_Academy\NODE JS\final_project_node\plantora_final_project_node_ejs\node_modules\ejs\lib\cjs\ejs.js:634:47)
    at eval (eval at compile (E:\Webskitters_Academy\NODE JS\final_project_node\plantora_final_project_node_ejs\node_modules\ejs\lib\cjs\ejs.js:607:18), <anonymous>:19:17)
    at index (E:\Webskitters_Academy\NODE JS\final_project_node\plantora_final_project_node_ejs\node_modules\ejs\lib\cjs\ejs.js:643:23)
    at tryHandleCache (E:\Webskitters_Academy\NODE JS\final_project_node\plantora_final_project_node_ejs\node_modules\ejs\lib\cjs\ejs.js:253:42)
    at ejs.renderFile [as engine] (E:\Webskitters_Academy\NODE JS\final_project_node\plantora_final_project_node_ejs\node_modules\ejs\lib\cjs\ejs.js:444:12)
    at View.render (E:\Webskitters_Academy\NODE JS\final_project_node\plantora_final_project_node_ejs\node_modules\express\lib\view.js:139:8)
    at tryRender (E:\Webskitters_Academy\NODE JS\final_project_node\plantora_final_project_node_ejs\node_modules\express\lib\application.js:627:10)
    at app.render (E:\Webskitters_Academy\NODE JS\final_project_node\plantora_final_project_node_ejs\node_modules\express\lib\application.js:574:3)
2026-08-03 06:12:15 [INFO]: [0mGET /admin/dashboard [31m500[0m 144.216 ms - 682[0m
2026-08-03 06:12:16 [ERROR]: ReferenceError: E:\Webskitters_Academy\NODE JS\final_project_node\plantora_final_project_node_ejs\views\admin\dashboard\index.ejs:11
    9|     <div class="admin-main">
    10| 
 >> 11|         <%- include("../layout/adminTopbar") %>
    12| 
    13|         <main class="admin-content">
    14| 

E:\Webskitters_Academy\NODE JS\final_project_node\plantora_final_project_node_ejs\views\admin\layout\adminTopbar.ejs:13
    11|             <h4>
    12| 
 >> 13|                 <%= pageTitle %>
    14| 
    15|             </h4>
    16| 

pageTitle is not defined
    at eval (eval at compile (E:\Webskitters_Academy\NODE JS\final_project_node\plantora_final_project_node_ejs\node_modules\ejs\lib\cjs\ejs.js:607:18), <anonymous>:12:26)
    at adminTopbar (E:\Webskitters_Academy\NODE JS\final_project_node\plantora_final_project_node_ejs\node_modules\ejs\lib\cjs\ejs.js:643:23)
    at include (E:\Webskitters_Academy\NODE JS\final_project_node\plantora_final_project_node_ejs\node_modules\ejs\lib\cjs\ejs.js:634:47)
    at eval (eval at compile (E:\Webskitters_Academy\NODE JS\final_project_node\plantora_final_project_node_ejs\node_modules\ejs\lib\cjs\ejs.js:607:18), <anonymous>:19:17)
    at index (E:\Webskitters_Academy\NODE JS\final_project_node\plantora_final_project_node_ejs\node_modules\ejs\lib\cjs\ejs.js:643:23)
    at tryHandleCache (E:\Webskitters_Academy\NODE JS\final_project_node\plantora_final_project_node_ejs\node_modules\ejs\lib\cjs\ejs.js:253:42)
    at ejs.renderFile [as engine] (E:\Webskitters_Academy\NODE JS\final_project_node\plantora_final_project_node_ejs\node_modules\ejs\lib\cjs\ejs.js:444:12)
    at View.render (E:\Webskitters_Academy\NODE JS\final_project_node\plantora_final_project_node_ejs\node_modules\express\lib\view.js:139:8)
    at tryRender (E:\Webskitters_Academy\NODE JS\final_project_node\plantora_final_project_node_ejs\node_modules\express\lib\application.js:627:10)
    at app.render (E:\Webskitters_Academy\NODE JS\final_project_node\plantora_final_project_node_ejs\node_modules\express\lib\application.js:574:3)
2026-08-03 06:12:16 [INFO]: [0mGET /admin/dashboard [31m500[0m 128.983 ms - 682[0m
2026-08-03 06:12:30 [INFO]: SIGINT received. Shutting down server...
2026-08-03 06:12:32 [INFO]: MongoDB connected successfully.
2026-08-03 06:12:35 [INFO]: Email server connected successfully.
2026-08-03 06:12:35 [INFO]: Server is running on port 5132.
2026-08-03 06:12:57 [ERROR]: ReferenceError: E:\Webskitters_Academy\NODE JS\final_project_node\plantora_final_project_node_ejs\views\admin\dashboard\index.ejs:11
    9|     <div class="admin-main">
    10| 
 >> 11|         <%- include("../layout/adminTopbar") %>
    12| 
    13|         <main class="admin-content">
    14| 

E:\Webskitters_Academy\NODE JS\final_project_node\plantora_final_project_node_ejs\views\admin\layout\adminTopbar.ejs:13
    11|             <h4>
    12| 
 >> 13|                 <%= pageTitle %>
    14| 
    15|             </h4>
    16| 

pageTitle is not defined
    at eval (eval at compile (E:\Webskitters_Academy\NODE JS\final_project_node\plantora_final_project_node_ejs\node_modules\ejs\lib\cjs\ejs.js:607:18), <anonymous>:12:26)
    at adminTopbar (E:\Webskitters_Academy\NODE JS\final_project_node\plantora_final_project_node_ejs\node_modules\ejs\lib\cjs\ejs.js:643:23)
    at include (E:\Webskitters_Academy\NODE JS\final_project_node\plantora_final_project_node_ejs\node_modules\ejs\lib\cjs\ejs.js:634:47)
    at eval (eval at compile (E:\Webskitters_Academy\NODE JS\final_project_node\plantora_final_project_node_ejs\node_modules\ejs\lib\cjs\ejs.js:607:18), <anonymous>:19:17)
    at index (E:\Webskitters_Academy\NODE JS\final_project_node\plantora_final_project_node_ejs\node_modules\ejs\lib\cjs\ejs.js:643:23)
    at tryHandleCache (E:\Webskitters_Academy\NODE JS\final_project_node\plantora_final_project_node_ejs\node_modules\ejs\lib\cjs\ejs.js:253:42)
    at ejs.renderFile [as engine] (E:\Webskitters_Academy\NODE JS\final_project_node\plantora_final_project_node_ejs\node_modules\ejs\lib\cjs\ejs.js:444:12)
    at View.render (E:\Webskitters_Academy\NODE JS\final_project_node\plantora_final_project_node_ejs\node_modules\express\lib\view.js:139:8)
    at tryRender (E:\Webskitters_Academy\NODE JS\final_project_node\plantora_final_project_node_ejs\node_modules\express\lib\application.js:627:10)
    at app.render (E:\Webskitters_Academy\NODE JS\final_project_node\plantora_final_project_node_ejs\node_modules\express\lib\application.js:574:3)
2026-08-03 06:12:57 [INFO]: [0mGET /admin/dashboard [31m500[0m 151.241 ms - 682[0m
2026-08-03 06:12:58 [ERROR]: ReferenceError: E:\Webskitters_Academy\NODE JS\final_project_node\plantora_final_project_node_ejs\views\admin\dashboard\index.ejs:11
    9|     <div class="admin-main">
    10| 
 >> 11|         <%- include("../layout/adminTopbar") %>
    12| 
    13|         <main class="admin-content">
    14| 

E:\Webskitters_Academy\NODE JS\final_project_node\plantora_final_project_node_ejs\views\admin\layout\adminTopbar.ejs:13
    11|             <h4>
    12| 
 >> 13|                 <%= pageTitle %>
    14| 
    15|             </h4>
    16| 

pageTitle is not defined
    at eval (eval at compile (E:\Webskitters_Academy\NODE JS\final_project_node\plantora_final_project_node_ejs\node_modules\ejs\lib\cjs\ejs.js:607:18), <anonymous>:12:26)
    at adminTopbar (E:\Webskitters_Academy\NODE JS\final_project_node\plantora_final_project_node_ejs\node_modules\ejs\lib\cjs\ejs.js:643:23)
    at include (E:\Webskitters_Academy\NODE JS\final_project_node\plantora_final_project_node_ejs\node_modules\ejs\lib\cjs\ejs.js:634:47)
    at eval (eval at compile (E:\Webskitters_Academy\NODE JS\final_project_node\plantora_final_project_node_ejs\node_modules\ejs\lib\cjs\ejs.js:607:18), <anonymous>:19:17)
    at index (E:\Webskitters_Academy\NODE JS\final_project_node\plantora_final_project_node_ejs\node_modules\ejs\lib\cjs\ejs.js:643:23)
    at tryHandleCache (E:\Webskitters_Academy\NODE JS\final_project_node\plantora_final_project_node_ejs\node_modules\ejs\lib\cjs\ejs.js:253:42)
    at ejs.renderFile [as engine] (E:\Webskitters_Academy\NODE JS\final_project_node\plantora_final_project_node_ejs\node_modules\ejs\lib\cjs\ejs.js:444:12)
    at View.render (E:\Webskitters_Academy\NODE JS\final_project_node\plantora_final_project_node_ejs\node_modules\express\lib\view.js:139:8)
    at tryRender (E:\Webskitters_Academy\NODE JS\final_project_node\plantora_final_project_node_ejs\node_modules\express\lib\application.js:627:10)
    at app.render (E:\Webskitters_Academy\NODE JS\final_project_node\plantora_final_project_node_ejs\node_modules\express\lib\application.js:574:3)
2026-08-03 06:12:58 [INFO]: [0mGET /admin/dashboard [31m500[0m 133.032 ms - 682[0m
2026-08-03 06:16:05 [INFO]: SIGINT received. Shutting down server...
2026-08-03 06:16:08 [INFO]: MongoDB connected successfully.
2026-08-03 06:16:10 [INFO]: Email server connected successfully.
2026-08-03 06:16:10 [INFO]: Server is running on port 5132.
2026-08-03 06:16:27 [ERROR]: SyntaxError: E:\Webskitters_Academy\NODE JS\final_project_node\plantora_final_project_node_ejs\views\admin\dashboard\index.ejs:1
 >> 1| <%- include("../layout/adminHeader", {
    2|     pageTitle: "Admin Dashboard"
    3| }) %>
    4| 

Unexpected identifier 'Dashboard' in E:\Webskitters_Academy\NODE JS\final_project_node\plantora_final_project_node_ejs\views\admin\layout\adminHeader.ejs while compiling ejs

If the above error is not helpful, you may want to try EJS-Lint:
https://github.com/RyanZim/EJS-Lint
Or, if you meant to create an async function, pass `async: true` as an option.
    at new Function (<anonymous>)
    at Template.compile (E:\Webskitters_Academy\NODE JS\final_project_node\plantora_final_project_node_ejs\node_modules\ejs\lib\cjs\ejs.js:607:18)
    at Object.compile (E:\Webskitters_Academy\NODE JS\final_project_node\plantora_final_project_node_ejs\node_modules\ejs\lib\cjs\ejs.js:359:18)
    at handleCache (E:\Webskitters_Academy\NODE JS\final_project_node\plantora_final_project_node_ejs\node_modules\ejs\lib\cjs\ejs.js:216:16)
    at includeFile (E:\Webskitters_Academy\NODE JS\final_project_node\plantora_final_project_node_ejs\node_modules\ejs\lib\cjs\ejs.js:296:12)
    at include (E:\Webskitters_Academy\NODE JS\final_project_node\plantora_final_project_node_ejs\node_modules\ejs\lib\cjs\ejs.js:634:24)
    at eval (eval at compile (E:\Webskitters_Academy\NODE JS\final_project_node\plantora_final_project_node_ejs\node_modules\ejs\lib\cjs\ejs.js:607:18), <anonymous>:10:17)
    at index (E:\Webskitters_Academy\NODE JS\final_project_node\plantora_final_project_node_ejs\node_modules\ejs\lib\cjs\ejs.js:643:23)
    at tryHandleCache (E:\Webskitters_Academy\NODE JS\final_project_node\plantora_final_project_node_ejs\node_modules\ejs\lib\cjs\ejs.js:253:42)
    at ejs.renderFile [as engine] (E:\Webskitters_Academy\NODE JS\final_project_node\plantora_final_project_node_ejs\node_modules\ejs\lib\cjs\ejs.js:444:12)
2026-08-03 06:16:27 [INFO]: [0mGET /admin/dashboard [31m500[0m 135.306 ms - 670[0m
2026-08-03 06:16:28 [ERROR]: SyntaxError: E:\Webskitters_Academy\NODE JS\final_project_node\plantora_final_project_node_ejs\views\admin\dashboard\index.ejs:1
 >> 1| <%- include("../layout/adminHeader", {
    2|     pageTitle: "Admin Dashboard"
    3| }) %>
    4| 

Unexpected identifier 'Dashboard' in E:\Webskitters_Academy\NODE JS\final_project_node\plantora_final_project_node_ejs\views\admin\layout\adminHeader.ejs while compiling ejs

If the above error is not helpful, you may want to try EJS-Lint:
https://github.com/RyanZim/EJS-Lint
Or, if you meant to create an async function, pass `async: true` as an option.
    at new Function (<anonymous>)
    at Template.compile (E:\Webskitters_Academy\NODE JS\final_project_node\plantora_final_project_node_ejs\node_modules\ejs\lib\cjs\ejs.js:607:18)
    at Object.compile (E:\Webskitters_Academy\NODE JS\final_project_node\plantora_final_project_node_ejs\node_modules\ejs\lib\cjs\ejs.js:359:18)
    at handleCache (E:\Webskitters_Academy\NODE JS\final_project_node\plantora_final_project_node_ejs\node_modules\ejs\lib\cjs\ejs.js:216:16)
    at includeFile (E:\Webskitters_Academy\NODE JS\final_project_node\plantora_final_project_node_ejs\node_modules\ejs\lib\cjs\ejs.js:296:12)
    at include (E:\Webskitters_Academy\NODE JS\final_project_node\plantora_final_project_node_ejs\node_modules\ejs\lib\cjs\ejs.js:634:24)
    at eval (eval at compile (E:\Webskitters_Academy\NODE JS\final_project_node\plantora_final_project_node_ejs\node_modules\ejs\lib\cjs\ejs.js:607:18), <anonymous>:10:17)
    at index (E:\Webskitters_Academy\NODE JS\final_project_node\plantora_final_project_node_ejs\node_modules\ejs\lib\cjs\ejs.js:643:23)
    at tryHandleCache (E:\Webskitters_Academy\NODE JS\final_project_node\plantora_final_project_node_ejs\node_modules\ejs\lib\cjs\ejs.js:253:42)
    at ejs.renderFile [as engine] (E:\Webskitters_Academy\NODE JS\final_project_node\plantora_final_project_node_ejs\node_modules\ejs\lib\cjs\ejs.js:444:12)
2026-08-03 06:16:28 [INFO]: [0mGET /admin/dashboard [31m500[0m 112.514 ms - 670[0m
2026-08-03 06:19:38 [INFO]: SIGINT received. Shutting down server...
2026-08-03 06:19:42 [INFO]: MongoDB connected successfully.
2026-08-03 06:19:45 [INFO]: Email server connected successfully.
2026-08-03 06:19:45 [INFO]: Server is running on port 5132.
2026-08-03 06:19:51 [INFO]: SIGINT received. Shutting down server...
2026-08-03 06:20:08 [INFO]: MongoDB connected successfully.
2026-08-03 06:20:11 [INFO]: Email server connected successfully.
2026-08-03 06:20:11 [INFO]: Server is running on port 5132.
2026-08-03 06:20:14 [INFO]: [0mGET / [36m304[0m 124.606 ms - -[0m
2026-08-03 06:20:14 [INFO]: [0mGET /css/style.css [36m304[0m 1.024 ms - -[0m
2026-08-03 06:20:14 [INFO]: [0mGET /images/logo/plantora.png [36m304[0m 1.087 ms - -[0m
2026-08-03 06:20:14 [INFO]: [0mGET /images/hero/hero-placeholder.png [36m304[0m 0.984 ms - -[0m
2026-08-03 06:20:14 [INFO]: [0mGET /images/hero/monstera-plant.jpg [36m304[0m 1.343 ms - -[0m
2026-08-03 06:20:14 [INFO]: [0mGET /css/variables.css [36m304[0m 0.440 ms - -[0m
2026-08-03 06:20:14 [INFO]: [0mGET /css/utilities.css [36m304[0m 0.304 ms - -[0m
2026-08-03 06:20:14 [INFO]: [0mGET /css/animations.css [36m304[0m 0.341 ms - -[0m
2026-08-03 06:20:14 [INFO]: [0mGET /css/announcement.css [36m304[0m 0.174 ms - -[0m
2026-08-03 06:20:14 [INFO]: [0mGET /css/header.css [36m304[0m 0.622 ms - -[0m
2026-08-03 06:20:14 [INFO]: [0mGET /css/hero.css [36m304[0m 0.806 ms - -[0m
2026-08-03 06:20:14 [INFO]: [0mGET /css/featured.css [36m304[0m 0.229 ms - -[0m
2026-08-03 06:20:14 [INFO]: [0mGET /css/why-choose.css [36m304[0m 0.191 ms - -[0m
2026-08-03 06:20:14 [INFO]: [0mGET /css/footer.css [36m304[0m 0.780 ms - -[0m
2026-08-03 06:20:14 [INFO]: [0mGET /css/auth.css [36m304[0m 1.204 ms - -[0m
2026-08-03 06:20:14 [INFO]: [0mGET /css/verify.css [36m304[0m 0.155 ms - -[0m
2026-08-03 06:20:14 [INFO]: [0mGET /js/header.js [36m304[0m 0.381 ms - -[0m
2026-08-03 06:20:14 [INFO]: [0mGET /js/featured.js [36m304[0m 0.355 ms - -[0m
2026-08-03 06:20:14 [INFO]: [0mGET /js/why-choose.js [36m304[0m 0.215 ms - -[0m
2026-08-03 06:20:14 [INFO]: [0mGET /js/notification.js [36m304[0m 0.402 ms - -[0m
2026-08-03 06:20:14 [INFO]: [0mGET /js/footer.js [36m304[0m 0.552 ms - -[0m
2026-08-03 06:20:14 [INFO]: [0mGET /js/auth.js [36m304[0m 0.199 ms - -[0m
2026-08-03 06:20:14 [INFO]: [0mGET /images/hero/snake-plant.jpg [36m304[0m 0.173 ms - -[0m
2026-08-03 06:20:14 [INFO]: [0mGET /images/hero/peace-lily.jpg [36m304[0m 0.115 ms - -[0m
2026-08-03 06:20:14 [INFO]: [0mGET /images/hero/tulip-plant.jpg [36m304[0m 0.219 ms - -[0m
2026-08-03 06:20:15 [INFO]: [0mGET /images/hero/rubber-plant.jpg [36m304[0m 1.304 ms - -[0m
2026-08-03 06:20:15 [INFO]: [0mGET /images/hero/jade-plant.jpg [36m304[0m 1.399 ms - -[0m
2026-08-03 06:20:15 [INFO]: [0mGET /images/hero/aloe-vera.jpg [36m304[0m 1.419 ms - -[0m
2026-08-03 06:20:15 [INFO]: [0mGET /images/hero/areca-palm.jpg [36m304[0m 2.255 ms - -[0m
2026-08-03 06:20:15 [INFO]: [0mGET /images/hero/golden-pothos.jpg [36m304[0m 0.943 ms - -[0m
2026-08-03 06:20:15 [INFO]: [0mGET /images/hero/fiddle-leaf-fig.jpg [36m304[0m 1.204 ms - -[0m
2026-08-03 06:20:15 [INFO]: [0mGET /images/hero/why-choose.jpg [36m304[0m 0.564 ms - -[0m
2026-08-03 06:20:15 [INFO]: [0mGET /images/logo/plantora-orgn-white.png [36m304[0m 0.809 ms - -[0m
2026-08-03 06:20:18 [INFO]: [0mGET /admin/dashboard [32m200[0m 151.925 ms - -[0m
2026-08-03 06:20:18 [INFO]: [0mGET /css/style.css [36m304[0m 0.502 ms - -[0m
2026-08-03 06:20:18 [INFO]: [0mGET /images/logo/plantora.png [36m304[0m 1.550 ms - -[0m
2026-08-03 06:20:18 [INFO]: [0mGET /css/admin/layout.css [32m200[0m 2.593 ms - -[0m
2026-08-03 06:20:18 [INFO]: [0mGET /css/variables.css [36m304[0m 1.267 ms - -[0m
2026-08-03 06:20:18 [INFO]: [0mGET /css/utilities.css [36m304[0m 1.497 ms - -[0m
2026-08-03 06:20:18 [INFO]: [0mGET /css/animations.css [36m304[0m 1.433 ms - -[0m
2026-08-03 06:20:18 [INFO]: [0mGET /css/announcement.css [36m304[0m 0.372 ms - -[0m
2026-08-03 06:20:18 [INFO]: [0mGET /css/header.css [36m304[0m 0.461 ms - -[0m
2026-08-03 06:20:18 [INFO]: [0mGET /css/hero.css [36m304[0m 0.615 ms - -[0m
2026-08-03 06:20:18 [INFO]: [0mGET /css/featured.css [36m304[0m 0.579 ms - -[0m
2026-08-03 06:20:18 [INFO]: [0mGET /css/why-choose.css [36m304[0m 0.325 ms - -[0m
2026-08-03 06:20:18 [INFO]: [0mGET /css/footer.css [36m304[0m 0.539 ms - -[0m
2026-08-03 06:20:18 [INFO]: [0mGET /css/auth.css [36m304[0m 0.866 ms - -[0m
2026-08-03 06:20:18 [INFO]: [0mGET /css/verify.css [36m304[0m 0.642 ms - -[0m
2026-08-03 06:20:18 [INFO]: [0mGET /js/admin/layout.js [33m404[0m 83.111 ms - 82[0m
2026-08-03 06:20:18 [INFO]: [0mGET /vendor/bootstrap/js/bootstrap.bundle.min.js [33m404[0m 95.694 ms - 107[0m
2026-08-03 06:20:37 [INFO]: [0mGET /admin/users [32m200[0m 194.806 ms - 0[0m
2026-08-03 06:20:40 [INFO]: [0mGET /admin/dashboard [36m304[0m 142.748 ms - -[0m
2026-08-03 06:20:40 [INFO]: [0mGET /css/style.css [36m304[0m 0.432 ms - -[0m
2026-08-03 06:20:40 [INFO]: [0mGET /css/admin/layout.css [36m304[0m 0.750 ms - -[0m
2026-08-03 06:20:40 [INFO]: [0mGET /images/logo/plantora.png [36m304[0m 0.222 ms - -[0m
2026-08-03 06:20:40 [INFO]: [0mGET /css/variables.css [36m304[0m 0.216 ms - -[0m
2026-08-03 06:20:40 [INFO]: [0mGET /css/utilities.css [36m304[0m 0.316 ms - -[0m
2026-08-03 06:20:40 [INFO]: [0mGET /css/animations.css [36m304[0m 0.443 ms - -[0m
2026-08-03 06:20:40 [INFO]: [0mGET /css/announcement.css [36m304[0m 0.614 ms - -[0m
2026-08-03 06:20:40 [INFO]: [0mGET /css/header.css [36m304[0m 0.799 ms - -[0m
2026-08-03 06:20:40 [INFO]: [0mGET /css/hero.css [36m304[0m 0.311 ms - -[0m
2026-08-03 06:20:40 [INFO]: [0mGET /css/featured.css [36m304[0m 0.879 ms - -[0m
2026-08-03 06:20:40 [INFO]: [0mGET /css/why-choose.css [36m304[0m 0.735 ms - -[0m
2026-08-03 06:20:40 [INFO]: [0mGET /css/footer.css [36m304[0m 0.368 ms - -[0m
2026-08-03 06:20:40 [INFO]: [0mGET /css/auth.css [36m304[0m 0.657 ms - -[0m
2026-08-03 06:20:40 [INFO]: [0mGET /css/verify.css [36m304[0m 0.506 ms - -[0m
2026-08-03 06:20:40 [INFO]: [0mGET /js/admin/layout.js [33m404[0m 84.060 ms - 82[0m
2026-08-03 06:20:40 [INFO]: [0mGET /vendor/bootstrap/js/bootstrap.bundle.min.js [33m404[0m 93.493 ms - 107[0m
2026-08-03 06:20:42 [INFO]: [0mGET /admin/users [36m304[0m 195.077 ms - -[0m
2026-08-03 06:20:47 [ERROR]: Error: Failed to lookup view "admin/users/trash" in views directory "E:\Webskitters_Academy\NODE JS\final_project_node\plantora_final_project_node_ejs\views"
    at app.render (E:\Webskitters_Academy\NODE JS\final_project_node\plantora_final_project_node_ejs\node_modules\express\lib\application.js:562:17)
    at ServerResponse.render (E:\Webskitters_Academy\NODE JS\final_project_node\plantora_final_project_node_ejs\node_modules\express\lib\response.js:923:7)
    at showDeletedUsersPage (E:\Webskitters_Academy\NODE JS\final_project_node\plantora_final_project_node_ejs\app\controllers\UserController.js:350:18)
    at process.processTicksAndRejections (node:internal/process/task_queues:103:5)
2026-08-03 06:20:47 [INFO]: [0mGET /admin/users/trash [31m500[0m 241.708 ms - 218[0m
2026-08-03 06:20:51 [INFO]: [0mGET / [36m304[0m 107.238 ms - -[0m
2026-08-03 06:20:51 [INFO]: [0mGET /css/style.css [36m304[0m 0.644 ms - -[0m
2026-08-03 06:20:51 [INFO]: [0mGET /images/logo/plantora.png [36m304[0m 0.614 ms - -[0m
2026-08-03 06:20:51 [INFO]: [0mGET /images/hero/hero-placeholder.png [36m304[0m 0.446 ms - -[0m
2026-08-03 06:20:51 [INFO]: [0mGET /images/hero/monstera-plant.jpg [36m304[0m 0.728 ms - -[0m
2026-08-03 06:20:51 [INFO]: [0mGET /js/header.js [36m304[0m 1.338 ms - -[0m
2026-08-03 06:20:51 [INFO]: [0mGET /js/featured.js [36m304[0m 1.753 ms - -[0m
2026-08-03 06:20:51 [INFO]: [0mGET /js/why-choose.js [36m304[0m 1.704 ms - -[0m
2026-08-03 06:20:51 [INFO]: [0mGET /css/variables.css [36m304[0m 0.367 ms - -[0m
2026-08-03 06:20:51 [INFO]: [0mGET /js/notification.js [36m304[0m 0.760 ms - -[0m
2026-08-03 06:20:51 [INFO]: [0mGET /css/utilities.css [36m304[0m 1.761 ms - -[0m
2026-08-03 06:20:51 [INFO]: [0mGET /js/footer.js [36m304[0m 1.255 ms - -[0m
2026-08-03 06:20:51 [INFO]: [0mGET /js/auth.js [36m304[0m 1.344 ms - -[0m
2026-08-03 06:20:51 [INFO]: [0mGET /css/animations.css [36m304[0m 0.880 ms - -[0m
2026-08-03 06:20:51 [INFO]: [0mGET /css/announcement.css [36m304[0m 0.994 ms - -[0m
2026-08-03 06:20:51 [INFO]: [0mGET /css/header.css [36m304[0m 1.139 ms - -[0m
2026-08-03 06:20:51 [INFO]: [0mGET /css/hero.css [36m304[0m 1.485 ms - -[0m
2026-08-03 06:20:51 [INFO]: [0mGET /css/featured.css [36m304[0m 0.493 ms - -[0m
2026-08-03 06:20:51 [INFO]: [0mGET /css/why-choose.css [36m304[0m 1.181 ms - -[0m
2026-08-03 06:20:51 [INFO]: [0mGET /css/footer.css [36m304[0m 0.724 ms - -[0m
2026-08-03 06:20:51 [INFO]: [0mGET /css/auth.css [36m304[0m 0.874 ms - -[0m
2026-08-03 06:20:51 [INFO]: [0mGET /css/verify.css [36m304[0m 1.001 ms - -[0m
2026-08-03 06:20:51 [INFO]: [0mGET /images/hero/snake-plant.jpg [36m304[0m 0.129 ms - -[0m
2026-08-03 06:20:51 [INFO]: [0mGET /images/hero/peace-lily.jpg [36m304[0m 0.266 ms - -[0m
2026-08-03 06:20:51 [INFO]: [0mGET /images/hero/tulip-plant.jpg [36m304[0m 0.145 ms - -[0m
2026-08-03 06:20:51 [INFO]: [0mGET /images/hero/rubber-plant.jpg [36m304[0m 0.237 ms - -[0m
2026-08-03 06:20:51 [INFO]: [0mGET /images/hero/aloe-vera.jpg [36m304[0m 0.372 ms - -[0m
2026-08-03 06:20:51 [INFO]: [0mGET /images/hero/areca-palm.jpg [36m304[0m 0.505 ms - -[0m
2026-08-03 06:20:51 [INFO]: [0mGET /images/hero/jade-plant.jpg [36m304[0m 0.753 ms - -[0m
2026-08-03 06:20:51 [INFO]: [0mGET /images/hero/golden-pothos.jpg [36m304[0m 0.184 ms - -[0m
2026-08-03 06:20:51 [INFO]: [0mGET /images/hero/fiddle-leaf-fig.jpg [36m304[0m 0.307 ms - -[0m
2026-08-03 06:20:51 [INFO]: [0mGET /images/hero/why-choose.jpg [36m304[0m 0.204 ms - -[0m
2026-08-03 06:20:51 [INFO]: [0mGET /images/logo/plantora-orgn-white.png [36m304[0m 0.263 ms - -[0m
2026-08-03 06:20:54 [INFO]: Logout successful : admin-plantora@yopmail.com
2026-08-03 06:20:54 [INFO]: [0mPOST /auth/logout [36m302[0m 347.866 ms - 30[0m
2026-08-03 06:20:54 [INFO]: [0mGET / [32m200[0m 3.313 ms - -[0m
2026-08-03 06:20:54 [INFO]: [0mGET /css/style.css [36m304[0m 0.426 ms - -[0m
2026-08-03 06:20:54 [INFO]: [0mGET /images/logo/plantora.png [36m304[0m 0.933 ms - -[0m
2026-08-03 06:20:54 [INFO]: [0mGET /images/hero/hero-placeholder.png [36m304[0m 1.235 ms - -[0m
2026-08-03 06:20:54 [INFO]: [0mGET /images/hero/monstera-plant.jpg [36m304[0m 0.240 ms - -[0m
2026-08-03 06:20:54 [INFO]: [0mGET /images/hero/snake-plant.jpg [36m304[0m 0.916 ms - -[0m
2026-08-03 06:20:54 [INFO]: [0mGET /images/hero/peace-lily.jpg [36m304[0m 1.392 ms - -[0m
2026-08-03 06:20:54 [INFO]: [0mGET /js/header.js [36m304[0m 1.756 ms - -[0m
2026-08-03 06:20:54 [INFO]: [0mGET /js/featured.js [36m304[0m 2.261 ms - -[0m
2026-08-03 06:20:54 [INFO]: [0mGET /css/variables.css [36m304[0m 1.289 ms - -[0m
2026-08-03 06:20:54 [INFO]: [0mGET /js/why-choose.js [36m304[0m 1.305 ms - -[0m
2026-08-03 06:20:54 [INFO]: [0mGET /css/utilities.css [36m304[0m 1.498 ms - -[0m
2026-08-03 06:20:54 [INFO]: [0mGET /css/animations.css [36m304[0m 1.907 ms - -[0m
2026-08-03 06:20:54 [INFO]: [0mGET /css/announcement.css [36m304[0m 0.629 ms - -[0m
2026-08-03 06:20:54 [INFO]: [0mGET /css/header.css [36m304[0m 0.713 ms - -[0m
2026-08-03 06:20:54 [INFO]: [0mGET /css/hero.css [36m304[0m 1.121 ms - -[0m
2026-08-03 06:20:54 [INFO]: [0mGET /css/featured.css [36m304[0m 1.160 ms - -[0m
2026-08-03 06:20:54 [INFO]: [0mGET /css/why-choose.css [36m304[0m 1.275 ms - -[0m
2026-08-03 06:20:54 [INFO]: [0mGET /css/footer.css [36m304[0m 1.252 ms - -[0m
2026-08-03 06:20:54 [INFO]: [0mGET /css/auth.css [36m304[0m 0.445 ms - -[0m
2026-08-03 06:20:54 [INFO]: [0mGET /css/verify.css [36m304[0m 0.609 ms - -[0m
2026-08-03 06:20:54 [INFO]: [0mGET /js/notification.js [36m304[0m 0.284 ms - -[0m
2026-08-03 06:20:54 [INFO]: [0mGET /js/footer.js [36m304[0m 0.446 ms - -[0m
2026-08-03 06:20:54 [INFO]: [0mGET /js/auth.js [36m304[0m 0.653 ms - -[0m
2026-08-03 06:20:54 [INFO]: [0mGET /images/hero/tulip-plant.jpg [36m304[0m 0.240 ms - -[0m
2026-08-03 06:20:54 [INFO]: [0mGET /images/hero/rubber-plant.jpg [36m304[0m 0.528 ms - -[0m
2026-08-03 06:20:54 [INFO]: [0mGET /images/hero/aloe-vera.jpg [36m304[0m 0.676 ms - -[0m
2026-08-03 06:20:54 [INFO]: [0mGET /images/hero/areca-palm.jpg [36m304[0m 0.977 ms - -[0m
2026-08-03 06:20:54 [INFO]: [0mGET /images/hero/jade-plant.jpg [36m304[0m 0.543 ms - -[0m
2026-08-03 06:20:54 [INFO]: [0mGET /images/hero/golden-pothos.jpg [36m304[0m 0.693 ms - -[0m
2026-08-03 06:20:54 [INFO]: [0mGET /images/hero/fiddle-leaf-fig.jpg [36m304[0m 1.395 ms - -[0m
2026-08-03 06:20:54 [INFO]: [0mGET /images/hero/why-choose.jpg [36m304[0m 0.849 ms - -[0m
2026-08-03 06:20:54 [INFO]: [0mGET /images/logo/plantora-orgn-white.png [36m304[0m 1.017 ms - -[0m
2026-08-03 06:20:57 [INFO]: Login successful : admin-plantora@yopmail.com
2026-08-03 06:20:57 [INFO]: [0mPOST /auth/login [32m200[0m 531.230 ms - 46[0m
2026-08-03 06:20:58 [INFO]: [0mGET / [32m200[0m 94.406 ms - -[0m
2026-08-03 06:20:58 [INFO]: [0mGET /css/style.css [36m304[0m 0.832 ms - -[0m
2026-08-03 06:20:58 [INFO]: [0mGET /images/logo/plantora.png [36m304[0m 0.711 ms - -[0m
2026-08-03 06:20:58 [INFO]: [0mGET /images/hero/hero-placeholder.png [36m304[0m 0.867 ms - -[0m
2026-08-03 06:20:58 [INFO]: [0mGET /images/hero/monstera-plant.jpg [36m304[0m 0.257 ms - -[0m
2026-08-03 06:20:58 [INFO]: [0mGET /js/header.js [36m304[0m 0.259 ms - -[0m
2026-08-03 06:20:58 [INFO]: [0mGET /js/featured.js [36m304[0m 0.259 ms - -[0m
2026-08-03 06:20:58 [INFO]: [0mGET /js/why-choose.js [36m304[0m 0.357 ms - -[0m
2026-08-03 06:20:58 [INFO]: [0mGET /js/notification.js [36m304[0m 0.455 ms - -[0m
2026-08-03 06:20:58 [INFO]: [0mGET /css/variables.css [36m304[0m 0.284 ms - -[0m
2026-08-03 06:20:58 [INFO]: [0mGET /css/utilities.css [36m304[0m 0.370 ms - -[0m
2026-08-03 06:20:58 [INFO]: [0mGET /css/animations.css [36m304[0m 0.483 ms - -[0m
2026-08-03 06:20:58 [INFO]: [0mGET /css/announcement.css [36m304[0m 0.227 ms - -[0m
2026-08-03 06:20:58 [INFO]: [0mGET /css/header.css [36m304[0m 0.329 ms - -[0m
2026-08-03 06:20:58 [INFO]: [0mGET /css/hero.css [36m304[0m 0.452 ms - -[0m
2026-08-03 06:20:58 [INFO]: [0mGET /css/featured.css [36m304[0m 0.351 ms - -[0m
2026-08-03 06:20:58 [INFO]: [0mGET /css/why-choose.css [36m304[0m 0.468 ms - -[0m
2026-08-03 06:20:58 [INFO]: [0mGET /css/footer.css [36m304[0m 0.569 ms - -[0m
2026-08-03 06:20:58 [INFO]: [0mGET /css/auth.css [36m304[0m 0.174 ms - -[0m
2026-08-03 06:20:58 [INFO]: [0mGET /css/verify.css [36m304[0m 0.311 ms - -[0m
2026-08-03 06:20:58 [INFO]: [0mGET /js/footer.js [36m304[0m 0.168 ms - -[0m
2026-08-03 06:20:58 [INFO]: [0mGET /js/auth.js [36m304[0m 0.388 ms - -[0m
2026-08-03 06:20:58 [INFO]: [0mGET /images/hero/snake-plant.jpg [36m304[0m 0.691 ms - -[0m
2026-08-03 06:20:58 [INFO]: [0mGET /images/hero/peace-lily.jpg [36m304[0m 0.916 ms - -[0m
2026-08-03 06:20:58 [INFO]: [0mGET /images/hero/tulip-plant.jpg [36m304[0m 0.237 ms - -[0m
2026-08-03 06:20:58 [INFO]: [0mGET /images/hero/rubber-plant.jpg [36m304[0m 0.507 ms - -[0m
2026-08-03 06:20:58 [INFO]: [0mGET /images/hero/aloe-vera.jpg [36m304[0m 0.850 ms - -[0m
2026-08-03 06:20:58 [INFO]: [0mGET /images/hero/areca-palm.jpg [36m304[0m 0.359 ms - -[0m
2026-08-03 06:20:58 [INFO]: [0mGET /images/hero/jade-plant.jpg [36m304[0m 0.181 ms - -[0m
2026-08-03 06:20:58 [INFO]: [0mGET /images/hero/golden-pothos.jpg [36m304[0m 0.295 ms - -[0m
2026-08-03 06:20:58 [INFO]: [0mGET /images/hero/fiddle-leaf-fig.jpg [36m304[0m 0.526 ms - -[0m
2026-08-03 06:20:58 [INFO]: [0mGET /images/hero/why-choose.jpg [36m304[0m 0.641 ms - -[0m
2026-08-03 06:20:58 [INFO]: [0mGET /images/logo/plantora-orgn-white.png [36m304[0m 0.481 ms - -[0m
2026-08-03 06:21:00 [INFO]: [0mGET /admin/dashboard [36m304[0m 143.664 ms - -[0m
2026-08-03 06:21:00 [INFO]: [0mGET /css/style.css [36m304[0m 0.320 ms - -[0m
2026-08-03 06:21:00 [INFO]: [0mGET /css/admin/layout.css [36m304[0m 0.740 ms - -[0m
2026-08-03 06:21:00 [INFO]: [0mGET /images/logo/plantora.png [36m304[0m 0.226 ms - -[0m
2026-08-03 06:21:00 [INFO]: [0mGET /css/variables.css [36m304[0m 1.123 ms - -[0m
2026-08-03 06:21:00 [INFO]: [0mGET /css/utilities.css [36m304[0m 1.206 ms - -[0m
2026-08-03 06:21:00 [INFO]: [0mGET /css/animations.css [36m304[0m 1.333 ms - -[0m
2026-08-03 06:21:00 [INFO]: [0mGET /css/announcement.css [36m304[0m 1.063 ms - -[0m
2026-08-03 06:21:00 [INFO]: [0mGET /css/header.css [36m304[0m 0.482 ms - -[0m
2026-08-03 06:21:00 [INFO]: [0mGET /css/hero.css [36m304[0m 0.589 ms - -[0m
2026-08-03 06:21:00 [INFO]: [0mGET /css/featured.css [36m304[0m 0.136 ms - -[0m
2026-08-03 06:21:00 [INFO]: [0mGET /css/why-choose.css [36m304[0m 0.120 ms - -[0m
2026-08-03 06:21:00 [INFO]: [0mGET /css/footer.css [36m304[0m 0.179 ms - -[0m
2026-08-03 06:21:00 [INFO]: [0mGET /css/auth.css [36m304[0m 0.691 ms - -[0m
2026-08-03 06:21:00 [INFO]: [0mGET /css/verify.css [36m304[0m 0.598 ms - -[0m
2026-08-03 06:21:00 [INFO]: [0mGET /js/admin/layout.js [33m404[0m 82.588 ms - 82[0m
2026-08-03 06:21:00 [INFO]: [0mGET /vendor/bootstrap/js/bootstrap.bundle.min.js [33m404[0m 93.773 ms - 107[0m
2026-08-03 06:22:09 [INFO]: [0mGET /admin/dashboard [32m200[0m 140.351 ms - -[0m
2026-08-03 06:22:09 [INFO]: [0mGET /css/style.css [36m304[0m 0.454 ms - -[0m
2026-08-03 06:22:09 [INFO]: [0mGET /css/admin/layout.css [36m304[0m 0.507 ms - -[0m
2026-08-03 06:22:09 [INFO]: [0mGET /images/logo/plantora.png [36m304[0m 0.181 ms - -[0m
2026-08-03 06:22:09 [INFO]: [0mGET /css/variables.css [36m304[0m 0.217 ms - -[0m
2026-08-03 06:22:09 [INFO]: [0mGET /css/utilities.css [36m304[0m 0.361 ms - -[0m
2026-08-03 06:22:09 [INFO]: [0mGET /css/animations.css [36m304[0m 0.417 ms - -[0m
2026-08-03 06:22:09 [INFO]: [0mGET /css/announcement.css [36m304[0m 0.658 ms - -[0m
2026-08-03 06:22:09 [INFO]: [0mGET /css/hero.css [36m304[0m 0.841 ms - -[0m
2026-08-03 06:22:09 [INFO]: [0mGET /css/header.css [36m304[0m 1.524 ms - -[0m
2026-08-03 06:22:09 [INFO]: [0mGET /css/featured.css [36m304[0m 1.189 ms - -[0m
2026-08-03 06:22:09 [INFO]: [0mGET /css/why-choose.css [36m304[0m 0.320 ms - -[0m
2026-08-03 06:22:09 [INFO]: [0mGET /css/footer.css [36m304[0m 1.029 ms - -[0m
2026-08-03 06:22:09 [INFO]: [0mGET /css/auth.css [36m304[0m 0.417 ms - -[0m
2026-08-03 06:22:09 [INFO]: [0mGET /css/verify.css [36m304[0m 0.524 ms - -[0m
2026-08-03 06:22:09 [INFO]: [0mGET /js/admin/layout.js [33m404[0m 84.322 ms - 82[0m
2026-08-03 06:22:09 [INFO]: [0mGET /vendor/bootstrap/js/bootstrap.bundle.min.js [33m404[0m 93.968 ms - 107[0m
2026-08-03 06:22:11 [INFO]: [0mGET /admin/dashboard [36m304[0m 151.323 ms - -[0m
2026-08-03 06:22:11 [INFO]: [0mGET /css/style.css [36m304[0m 0.357 ms - -[0m
2026-08-03 06:22:11 [INFO]: [0mGET /css/admin/layout.css [36m304[0m 0.972 ms - -[0m
2026-08-03 06:22:11 [INFO]: [0mGET /images/logo/plantora.png [36m304[0m 0.870 ms - -[0m
2026-08-03 06:22:11 [INFO]: [0mGET /css/variables.css [36m304[0m 0.404 ms - -[0m
2026-08-03 06:22:11 [INFO]: [0mGET /css/utilities.css [36m304[0m 1.214 ms - -[0m
2026-08-03 06:22:11 [INFO]: [0mGET /css/animations.css [36m304[0m 1.511 ms - -[0m
2026-08-03 06:22:11 [INFO]: [0mGET /css/announcement.css [36m304[0m 0.356 ms - -[0m
2026-08-03 06:22:11 [INFO]: [0mGET /css/header.css [36m304[0m 0.505 ms - -[0m
2026-08-03 06:22:11 [INFO]: [0mGET /css/hero.css [36m304[0m 0.141 ms - -[0m
2026-08-03 06:22:11 [INFO]: [0mGET /css/featured.css [36m304[0m 0.119 ms - -[0m
2026-08-03 06:22:11 [INFO]: [0mGET /css/why-choose.css [36m304[0m 0.214 ms - -[0m
2026-08-03 06:22:11 [INFO]: [0mGET /css/footer.css [36m304[0m 0.362 ms - -[0m
2026-08-03 06:22:11 [INFO]: [0mGET /css/auth.css [36m304[0m 0.239 ms - -[0m
2026-08-03 06:22:11 [INFO]: [0mGET /css/verify.css [36m304[0m 0.429 ms - -[0m
2026-08-03 06:22:11 [INFO]: [0mGET /js/admin/layout.js [33m404[0m 81.477 ms - 82[0m
2026-08-03 06:22:11 [INFO]: [0mGET /vendor/bootstrap/js/bootstrap.bundle.min.js [33m404[0m 93.517 ms - 107[0m
2026-08-03 06:22:13 [INFO]: [0mGET /css/style.css [36m304[0m 0.301 ms - -[0m
2026-08-03 06:22:13 [INFO]: [0mGET /css/variables.css [36m304[0m 0.329 ms - -[0m
2026-08-03 06:22:13 [INFO]: [0mGET /css/utilities.css [36m304[0m 0.427 ms - -[0m
2026-08-03 06:22:13 [INFO]: [0mGET /css/animations.css [36m304[0m 0.565 ms - -[0m
2026-08-03 06:22:13 [INFO]: [0mGET /css/announcement.css [36m304[0m 0.900 ms - -[0m
2026-08-03 06:22:13 [INFO]: [0mGET /css/header.css [36m304[0m 0.545 ms - -[0m
2026-08-03 06:22:13 [INFO]: [0mGET /css/hero.css [36m304[0m 0.201 ms - -[0m
2026-08-03 06:22:13 [INFO]: [0mGET /css/featured.css [36m304[0m 0.481 ms - -[0m
2026-08-03 06:22:13 [INFO]: [0mGET /css/why-choose.css [36m304[0m 0.643 ms - -[0m
2026-08-03 06:22:13 [INFO]: [0mGET /css/footer.css [36m304[0m 0.867 ms - -[0m
2026-08-03 06:22:13 [INFO]: [0mGET /css/auth.css [36m304[0m 0.657 ms - -[0m
2026-08-03 06:22:13 [INFO]: [0mGET /css/verify.css [36m304[0m 0.221 ms - -[0m
2026-08-03 06:22:13 [INFO]: [0mGET /css/admin/layout.css [36m304[0m 0.474 ms - -[0m
2026-08-03 06:22:13 [INFO]: [0mGET /.well-known/appspecific/com.chrome.devtools.json [33m404[0m 94.410 ms - 112[0m
2026-08-03 06:23:54 [INFO]: [0mGET /admin/dashboard [36m304[0m 140.511 ms - -[0m
2026-08-03 06:23:55 [INFO]: [0mGET /css/style.css [36m304[0m 0.546 ms - -[0m
2026-08-03 06:23:55 [INFO]: [0mGET /images/logo/plantora.png [36m304[0m 0.364 ms - -[0m
2026-08-03 06:23:55 [INFO]: [0mGET /css/admin/layout.css [32m200[0m 2.316 ms - -[0m
2026-08-03 06:23:55 [INFO]: [0mGET /css/variables.css [36m304[0m 0.472 ms - -[0m
2026-08-03 06:23:55 [INFO]: [0mGET /css/utilities.css [36m304[0m 0.736 ms - -[0m
2026-08-03 06:23:55 [INFO]: [0mGET /css/animations.css [36m304[0m 0.229 ms - -[0m
2026-08-03 06:23:55 [INFO]: [0mGET /css/announcement.css [36m304[0m 0.729 ms - -[0m
2026-08-03 06:23:55 [INFO]: [0mGET /css/header.css [36m304[0m 0.700 ms - -[0m
2026-08-03 06:23:55 [INFO]: [0mGET /css/hero.css [36m304[0m 0.967 ms - -[0m
2026-08-03 06:23:55 [INFO]: [0mGET /css/featured.css [36m304[0m 0.839 ms - -[0m
2026-08-03 06:23:55 [INFO]: [0mGET /css/why-choose.css [36m304[0m 0.234 ms - -[0m
2026-08-03 06:23:55 [INFO]: [0mGET /css/footer.css [36m304[0m 0.543 ms - -[0m
2026-08-03 06:23:55 [INFO]: [0mGET /css/auth.css [36m304[0m 0.517 ms - -[0m
2026-08-03 06:23:55 [INFO]: [0mGET /css/verify.css [36m304[0m 0.126 ms - -[0m
2026-08-03 06:23:55 [INFO]: [0mGET /js/admin/layout.js [33m404[0m 82.261 ms - 82[0m
2026-08-03 06:23:55 [INFO]: [0mGET /.well-known/appspecific/com.chrome.devtools.json [33m404[0m 82.926 ms - 112[0m
2026-08-03 06:23:55 [INFO]: [0mGET /vendor/bootstrap/js/bootstrap.bundle.min.js [33m404[0m 94.862 ms - 107[0m
2026-08-03 06:24:52 [INFO]: [0mGET /admin/dashboard [36m304[0m 136.694 ms - -[0m
2026-08-03 06:24:52 [INFO]: [0mGET /css/style.css [36m304[0m 0.782 ms - -[0m
2026-08-03 06:24:52 [INFO]: [0mGET /images/logo/plantora.png [36m304[0m 0.560 ms - -[0m
2026-08-03 06:24:52 [INFO]: [0mGET /css/admin/layout.css [32m200[0m 1.294 ms - -[0m
2026-08-03 06:24:52 [INFO]: [0mGET /css/variables.css [36m304[0m 0.308 ms - -[0m
2026-08-03 06:24:52 [INFO]: [0mGET /css/utilities.css [36m304[0m 0.254 ms - -[0m
2026-08-03 06:24:52 [INFO]: [0mGET /css/animations.css [36m304[0m 0.489 ms - -[0m
2026-08-03 06:24:52 [INFO]: [0mGET /css/announcement.css [36m304[0m 0.738 ms - -[0m
2026-08-03 06:24:52 [INFO]: [0mGET /css/header.css [36m304[0m 0.938 ms - -[0m
2026-08-03 06:24:52 [INFO]: [0mGET /css/hero.css [36m304[0m 0.461 ms - -[0m
2026-08-03 06:24:52 [INFO]: [0mGET /css/featured.css [36m304[0m 0.588 ms - -[0m
2026-08-03 06:24:52 [INFO]: [0mGET /css/why-choose.css [36m304[0m 1.206 ms - -[0m
2026-08-03 06:24:52 [INFO]: [0mGET /css/footer.css [36m304[0m 0.712 ms - -[0m
2026-08-03 06:24:52 [INFO]: [0mGET /css/auth.css [36m304[0m 0.962 ms - -[0m
2026-08-03 06:24:52 [INFO]: [0mGET /css/verify.css [36m304[0m 1.088 ms - -[0m
2026-08-03 06:24:52 [INFO]: [0mGET /.well-known/appspecific/com.chrome.devtools.json [33m404[0m 93.685 ms - 112[0m
2026-08-03 06:24:52 [INFO]: [0mGET /vendor/bootstrap/js/bootstrap.bundle.min.js [33m404[0m 86.304 ms - 107[0m
2026-08-03 06:24:52 [INFO]: [0mGET /js/admin/layout.js [33m404[0m 86.925 ms - 82[0m
2026-08-03 06:26:14 [INFO]: [0mGET /admin/dashboard [36m304[0m 123.132 ms - -[0m
2026-08-03 06:26:14 [INFO]: [0mGET /css/style.css [36m304[0m 1.189 ms - -[0m
2026-08-03 06:26:14 [INFO]: [0mGET /images/logo/plantora.png [36m304[0m 0.834 ms - -[0m
2026-08-03 06:26:14 [INFO]: [0mGET /css/admin/layout.css [32m200[0m 2.402 ms - -[0m
2026-08-03 06:26:14 [INFO]: [0mGET /css/variables.css [36m304[0m 1.278 ms - -[0m
2026-08-03 06:26:14 [INFO]: [0mGET /css/animations.css [36m304[0m 0.359 ms - -[0m
2026-08-03 06:26:14 [INFO]: [0mGET /css/utilities.css [36m304[0m 1.566 ms - -[0m
2026-08-03 06:26:14 [INFO]: [0mGET /css/announcement.css [36m304[0m 1.553 ms - -[0m
2026-08-03 06:26:14 [INFO]: [0mGET /css/header.css [36m304[0m 0.254 ms - -[0m
2026-08-03 06:26:14 [INFO]: [0mGET /css/hero.css [36m304[0m 0.386 ms - -[0m
2026-08-03 06:26:14 [INFO]: [0mGET /css/featured.css [36m304[0m 0.188 ms - -[0m
2026-08-03 06:26:14 [INFO]: [0mGET /css/why-choose.css [36m304[0m 0.238 ms - -[0m
2026-08-03 06:26:14 [INFO]: [0mGET /css/footer.css [36m304[0m 0.189 ms - -[0m
2026-08-03 06:26:14 [INFO]: [0mGET /css/auth.css [36m304[0m 0.120 ms - -[0m
2026-08-03 06:26:14 [INFO]: [0mGET /css/verify.css [36m304[0m 0.268 ms - -[0m
2026-08-03 06:26:14 [INFO]: [0mGET /.well-known/appspecific/com.chrome.devtools.json [33m404[0m 85.373 ms - 112[0m
2026-08-03 06:26:14 [INFO]: [0mGET /vendor/bootstrap/js/bootstrap.bundle.min.js [33m404[0m 84.371 ms - 107[0m
2026-08-03 06:26:14 [INFO]: [0mGET /js/admin/layout.js [33m404[0m 98.563 ms - 82[0m
2026-08-03 06:36:15 [ERROR]: SyntaxError: E:\Webskitters_Academy\NODE JS\final_project_node\plantora_final_project_node_ejs\views\admin\dashboard\index.ejs:11
    9|     <div class="admin-main">
    10| 
 >> 11|         <%- include("../layout/adminTopbar") %>
    12| 
    13|         <main class="admin-content">
    14| 

Missing catch or finally after try in E:\Webskitters_Academy\NODE JS\final_project_node\plantora_final_project_node_ejs\views\admin\layout\adminTopbar.ejs while compiling ejs

If the above error is not helpful, you may want to try EJS-Lint:
https://github.com/RyanZim/EJS-Lint
Or, if you meant to create an async function, pass `async: true` as an option.
    at new Function (<anonymous>)
    at Template.compile (E:\Webskitters_Academy\NODE JS\final_project_node\plantora_final_project_node_ejs\node_modules\ejs\lib\cjs\ejs.js:607:18)
    at Object.compile (E:\Webskitters_Academy\NODE JS\final_project_node\plantora_final_project_node_ejs\node_modules\ejs\lib\cjs\ejs.js:359:18)
    at handleCache (E:\Webskitters_Academy\NODE JS\final_project_node\plantora_final_project_node_ejs\node_modules\ejs\lib\cjs\ejs.js:216:16)
    at includeFile (E:\Webskitters_Academy\NODE JS\final_project_node\plantora_final_project_node_ejs\node_modules\ejs\lib\cjs\ejs.js:296:12)
    at include (E:\Webskitters_Academy\NODE JS\final_project_node\plantora_final_project_node_ejs\node_modules\ejs\lib\cjs\ejs.js:634:24)
    at eval (eval at compile (E:\Webskitters_Academy\NODE JS\final_project_node\plantora_final_project_node_ejs\node_modules\ejs\lib\cjs\ejs.js:607:18), <anonymous>:19:17)
    at index (E:\Webskitters_Academy\NODE JS\final_project_node\plantora_final_project_node_ejs\node_modules\ejs\lib\cjs\ejs.js:643:23)
    at tryHandleCache (E:\Webskitters_Academy\NODE JS\final_project_node\plantora_final_project_node_ejs\node_modules\ejs\lib\cjs\ejs.js:253:42)
    at ejs.renderFile [as engine] (E:\Webskitters_Academy\NODE JS\final_project_node\plantora_final_project_node_ejs\node_modules\ejs\lib\cjs\ejs.js:444:12)
2026-08-03 06:36:15 [INFO]: [0mGET /admin/dashboard [31m500[0m 141.083 ms - 743[0m
2026-08-03 06:36:15 [INFO]: [0mGET /.well-known/appspecific/com.chrome.devtools.json [33m404[0m 93.125 ms - 112[0m
2026-08-03 06:40:59 [INFO]: [0mGET /admin/dashboard [32m200[0m 141.697 ms - -[0m
2026-08-03 06:40:59 [INFO]: [0mGET /css/style.css [36m304[0m 0.819 ms - -[0m
2026-08-03 06:40:59 [INFO]: [0mGET /images/logo/plantora.png [36m304[0m 0.559 ms - -[0m
2026-08-03 06:40:59 [INFO]: [0mGET /css/admin/layout.css [32m200[0m 1.613 ms - -[0m
2026-08-03 06:40:59 [INFO]: [0mGET /css/variables.css [36m304[0m 0.342 ms - -[0m
2026-08-03 06:40:59 [INFO]: [0mGET /css/utilities.css [36m304[0m 0.304 ms - -[0m
2026-08-03 06:40:59 [INFO]: [0mGET /css/header.css [36m304[0m 0.536 ms - -[0m
2026-08-03 06:40:59 [INFO]: [0mGET /css/animations.css [36m304[0m 1.035 ms - -[0m
2026-08-03 06:40:59 [INFO]: [0mGET /css/announcement.css [36m304[0m 1.401 ms - -[0m
2026-08-03 06:40:59 [INFO]: [0mGET /css/featured.css [36m304[0m 0.340 ms - -[0m
2026-08-03 06:40:59 [INFO]: [0mGET /css/hero.css [36m304[0m 1.029 ms - -[0m
2026-08-03 06:40:59 [INFO]: [0mGET /css/why-choose.css [36m304[0m 1.112 ms - -[0m
2026-08-03 06:40:59 [INFO]: [0mGET /css/footer.css [36m304[0m 1.365 ms - -[0m
2026-08-03 06:40:59 [INFO]: [0mGET /css/auth.css [36m304[0m 0.348 ms - -[0m
2026-08-03 06:40:59 [INFO]: [0mGET /css/verify.css [36m304[0m 0.455 ms - -[0m
2026-08-03 06:40:59 [INFO]: [0mGET /js/admin/layout.js [33m404[0m 82.158 ms - 82[0m
2026-08-03 06:40:59 [INFO]: [0mGET /vendor/bootstrap/js/bootstrap.bundle.min.js [33m404[0m 92.928 ms - 107[0m
2026-08-03 06:45:24 [INFO]: SIGINT received. Shutting down server...
2026-08-03 06:45:27 [INFO]: MongoDB connected successfully.
2026-08-03 06:45:29 [INFO]: Email server connected successfully.
2026-08-03 06:45:29 [INFO]: Server is running on port 5132.
2026-08-03 06:45:30 [INFO]: [0mGET /admin/dashboard [32m200[0m 159.536 ms - -[0m
2026-08-03 06:45:30 [INFO]: [0mGET /css/style.css [36m304[0m 0.664 ms - -[0m
2026-08-03 06:45:30 [INFO]: [0mGET /css/admin/layout.css [36m304[0m 0.550 ms - -[0m
2026-08-03 06:45:30 [INFO]: [0mGET /images/logo/plantora.png [36m304[0m 0.756 ms - -[0m
2026-08-03 06:45:30 [INFO]: [0mGET /js/notification.js [36m304[0m 2.313 ms - -[0m
2026-08-03 06:45:30 [INFO]: [0mGET /js/profile.js [36m304[0m 2.415 ms - -[0m
2026-08-03 06:45:30 [INFO]: [0mGET /js/footer.js [36m304[0m 2.622 ms - -[0m
2026-08-03 06:45:30 [INFO]: [0mGET /css/variables.css [36m304[0m 2.164 ms - -[0m
2026-08-03 06:45:30 [INFO]: [0mGET /css/utilities.css [36m304[0m 2.386 ms - -[0m
2026-08-03 06:45:30 [INFO]: [0mGET /css/animations.css [36m304[0m 2.390 ms - -[0m
2026-08-03 06:45:30 [INFO]: [0mGET /css/announcement.css [36m304[0m 2.439 ms - -[0m
2026-08-03 06:45:30 [INFO]: [0mGET /css/header.css [36m304[0m 0.501 ms - -[0m
2026-08-03 06:45:30 [INFO]: [0mGET /css/hero.css [36m304[0m 0.677 ms - -[0m
2026-08-03 06:45:30 [INFO]: [0mGET /css/featured.css [36m304[0m 0.767 ms - -[0m
2026-08-03 06:45:30 [INFO]: [0mGET /css/why-choose.css [36m304[0m 0.163 ms - -[0m
2026-08-03 06:45:30 [INFO]: [0mGET /css/footer.css [36m304[0m 0.262 ms - -[0m
2026-08-03 06:45:30 [INFO]: [0mGET /css/auth.css [36m304[0m 0.388 ms - -[0m
2026-08-03 06:45:30 [INFO]: [0mGET /css/verify.css [36m304[0m 0.154 ms - -[0m
2026-08-03 06:45:30 [INFO]: [0mGET /vendor/bootstrap/js/bootstrap.bundle.min.js [33m404[0m 95.497 ms - 107[0m
2026-08-03 06:45:30 [INFO]: [0mGET /js/admin/layout.js [33m404[0m 72.636 ms - 82[0m
2026-08-03 06:45:35 [INFO]: [0mGET /admin/users [36m304[0m 148.120 ms - -[0m
2026-08-03 06:46:19 [INFO]: [0mGET /admin/dashboard [36m304[0m 118.562 ms - -[0m
2026-08-03 06:46:19 [INFO]: [0mGET /css/style.css [36m304[0m 0.897 ms - -[0m
2026-08-03 06:46:19 [INFO]: [0mGET /images/logo/plantora.png [36m304[0m 0.457 ms - -[0m
2026-08-03 06:46:19 [INFO]: [0mGET /css/admin/layout.css [32m200[0m 3.077 ms - -[0m
2026-08-03 06:46:19 [INFO]: [0mGET /js/notification.js [36m304[0m 0.858 ms - -[0m
2026-08-03 06:46:19 [INFO]: [0mGET /js/profile.js [36m304[0m 1.193 ms - -[0m
2026-08-03 06:46:19 [INFO]: [0mGET /js/footer.js [36m304[0m 0.241 ms - -[0m
2026-08-03 06:46:19 [INFO]: [0mGET /css/variables.css [36m304[0m 0.280 ms - -[0m
2026-08-03 06:46:19 [INFO]: [0mGET /css/utilities.css [36m304[0m 0.389 ms - -[0m
2026-08-03 06:46:19 [INFO]: [0mGET /css/animations.css [36m304[0m 0.985 ms - -[0m
2026-08-03 06:46:19 [INFO]: [0mGET /css/announcement.css [36m304[0m 0.708 ms - -[0m
2026-08-03 06:46:19 [INFO]: [0mGET /css/header.css [36m304[0m 0.227 ms - -[0m
2026-08-03 06:46:19 [INFO]: [0mGET /css/hero.css [36m304[0m 0.675 ms - -[0m
2026-08-03 06:46:19 [INFO]: [0mGET /css/featured.css [36m304[0m 0.657 ms - -[0m
2026-08-03 06:46:19 [INFO]: [0mGET /css/why-choose.css [36m304[0m 0.826 ms - -[0m
2026-08-03 06:46:19 [INFO]: [0mGET /css/footer.css [36m304[0m 0.364 ms - -[0m
2026-08-03 06:46:19 [INFO]: [0mGET /css/auth.css [36m304[0m 0.569 ms - -[0m
2026-08-03 06:46:19 [INFO]: [0mGET /css/verify.css [36m304[0m 0.582 ms - -[0m
2026-08-03 06:46:20 [INFO]: [0mGET /vendor/bootstrap/js/bootstrap.bundle.min.js [33m404[0m 72.331 ms - 107[0m
2026-08-03 06:46:20 [INFO]: [0mGET /js/admin/layout.js [33m404[0m 93.374 ms - 82[0m
2026-08-03 06:46:21 [INFO]: [0mGET /admin/dashboard [36m304[0m 139.816 ms - -[0m
2026-08-03 06:46:21 [INFO]: [0mGET /css/style.css [36m304[0m 0.417 ms - -[0m
2026-08-03 06:46:21 [INFO]: [0mGET /css/admin/layout.css [36m304[0m 0.223 ms - -[0m
2026-08-03 06:46:21 [INFO]: [0mGET /images/logo/plantora.png [36m304[0m 0.450 ms - -[0m
2026-08-03 06:46:21 [INFO]: [0mGET /js/notification.js [36m304[0m 1.250 ms - -[0m
2026-08-03 06:46:21 [INFO]: [0mGET /js/profile.js [36m304[0m 1.400 ms - -[0m
2026-08-03 06:46:21 [INFO]: [0mGET /js/footer.js [36m304[0m 1.525 ms - -[0m
2026-08-03 06:46:21 [INFO]: [0mGET /css/variables.css [36m304[0m 0.278 ms - -[0m
2026-08-03 06:46:21 [INFO]: [0mGET /css/utilities.css [36m304[0m 0.371 ms - -[0m
2026-08-03 06:46:21 [INFO]: [0mGET /css/animations.css [36m304[0m 0.514 ms - -[0m
2026-08-03 06:46:21 [INFO]: [0mGET /css/announcement.css [36m304[0m 0.242 ms - -[0m
2026-08-03 06:46:21 [INFO]: [0mGET /css/header.css [36m304[0m 0.351 ms - -[0m
2026-08-03 06:46:21 [INFO]: [0mGET /css/hero.css [36m304[0m 0.615 ms - -[0m
2026-08-03 06:46:21 [INFO]: [0mGET /css/featured.css [36m304[0m 0.341 ms - -[0m
2026-08-03 06:46:21 [INFO]: [0mGET /css/why-choose.css [36m304[0m 0.206 ms - -[0m
2026-08-03 06:46:21 [INFO]: [0mGET /css/footer.css [36m304[0m 0.284 ms - -[0m
2026-08-03 06:46:21 [INFO]: [0mGET /css/auth.css [36m304[0m 0.262 ms - -[0m
2026-08-03 06:46:21 [INFO]: [0mGET /css/verify.css [36m304[0m 0.338 ms - -[0m
2026-08-03 06:46:21 [INFO]: [0mGET /js/admin/layout.js [33m404[0m 71.756 ms - 82[0m
2026-08-03 06:46:21 [INFO]: [0mGET /vendor/bootstrap/js/bootstrap.bundle.min.js [33m404[0m 92.470 ms - 107[0m
2026-08-03 06:46:21 [INFO]: [0mGET /admin/dashboard [36m304[0m 149.350 ms - -[0m
2026-08-03 06:46:21 [INFO]: [0mGET /css/style.css [36m304[0m 0.445 ms - -[0m
2026-08-03 06:46:21 [INFO]: [0mGET /css/admin/layout.css [36m304[0m 0.716 ms - -[0m
2026-08-03 06:46:21 [INFO]: [0mGET /images/logo/plantora.png [36m304[0m 1.228 ms - -[0m
2026-08-03 06:46:21 [INFO]: [0mGET /js/notification.js [36m304[0m 1.627 ms - -[0m
2026-08-03 06:46:21 [INFO]: [0mGET /js/profile.js [36m304[0m 1.986 ms - -[0m
2026-08-03 06:46:21 [INFO]: [0mGET /js/footer.js [36m304[0m 2.277 ms - -[0m
2026-08-03 06:46:21 [INFO]: [0mGET /css/variables.css [36m304[0m 0.364 ms - -[0m
2026-08-03 06:46:21 [INFO]: [0mGET /css/utilities.css [36m304[0m 0.514 ms - -[0m
2026-08-03 06:46:21 [INFO]: [0mGET /css/animations.css [36m304[0m 0.670 ms - -[0m
2026-08-03 06:46:21 [INFO]: [0mGET /css/announcement.css [36m304[0m 0.971 ms - -[0m
2026-08-03 06:46:21 [INFO]: [0mGET /css/header.css [36m304[0m 0.293 ms - -[0m
2026-08-03 06:46:21 [INFO]: [0mGET /css/hero.css [36m304[0m 0.415 ms - -[0m
2026-08-03 06:46:21 [INFO]: [0mGET /css/featured.css [36m304[0m 0.575 ms - -[0m
2026-08-03 06:46:21 [INFO]: [0mGET /css/why-choose.css [36m304[0m 0.329 ms - -[0m
2026-08-03 06:46:21 [INFO]: [0mGET /css/footer.css [36m304[0m 0.469 ms - -[0m
2026-08-03 06:46:21 [INFO]: [0mGET /css/auth.css [36m304[0m 0.301 ms - -[0m
2026-08-03 06:46:21 [INFO]: [0mGET /css/verify.css [36m304[0m 0.571 ms - -[0m
2026-08-03 06:46:22 [INFO]: [0mGET /js/admin/layout.js [33m404[0m 71.697 ms - 82[0m
2026-08-03 06:46:22 [INFO]: [0mGET /vendor/bootstrap/js/bootstrap.bundle.min.js [33m404[0m 94.218 ms - 107[0m
2026-08-03 06:46:22 [INFO]: [0mGET /admin/dashboard [36m304[0m 139.442 ms - -[0m
2026-08-03 06:46:22 [INFO]: [0mGET /css/style.css [36m304[0m 0.502 ms - -[0m
2026-08-03 06:46:22 [INFO]: [0mGET /css/admin/layout.css [36m304[0m 0.731 ms - -[0m
2026-08-03 06:46:22 [INFO]: [0mGET /images/logo/plantora.png [36m304[0m 0.284 ms - -[0m
2026-08-03 06:46:22 [INFO]: [0mGET /js/notification.js [36m304[0m 0.833 ms - -[0m
2026-08-03 06:46:22 [INFO]: [0mGET /js/profile.js [36m304[0m 0.501 ms - -[0m
2026-08-03 06:46:22 [INFO]: [0mGET /js/footer.js [36m304[0m 0.715 ms - -[0m
2026-08-03 06:46:22 [INFO]: [0mGET /css/variables.css [36m304[0m 0.175 ms - -[0m
2026-08-03 06:46:22 [INFO]: [0mGET /css/utilities.css [36m304[0m 0.253 ms - -[0m
2026-08-03 06:46:22 [INFO]: [0mGET /css/animations.css [36m304[0m 0.410 ms - -[0m
2026-08-03 06:46:22 [INFO]: [0mGET /css/announcement.css [36m304[0m 0.495 ms - -[0m
2026-08-03 06:46:22 [INFO]: [0mGET /css/header.css [36m304[0m 0.279 ms - -[0m
2026-08-03 06:46:22 [INFO]: [0mGET /css/hero.css [36m304[0m 0.454 ms - -[0m
2026-08-03 06:46:22 [INFO]: [0mGET /css/featured.css [36m304[0m 0.166 ms - -[0m
2026-08-03 06:46:22 [INFO]: [0mGET /css/why-choose.css [36m304[0m 0.303 ms - -[0m
2026-08-03 06:46:22 [INFO]: [0mGET /css/footer.css [36m304[0m 0.414 ms - -[0m
2026-08-03 06:46:22 [INFO]: [0mGET /css/auth.css [36m304[0m 0.573 ms - -[0m
2026-08-03 06:46:22 [INFO]: [0mGET /css/verify.css [36m304[0m 0.138 ms - -[0m
2026-08-03 06:46:22 [INFO]: [0mGET /js/admin/layout.js [33m404[0m 71.058 ms - 82[0m
2026-08-03 06:46:22 [INFO]: [0mGET /vendor/bootstrap/js/bootstrap.bundle.min.js [33m404[0m 95.226 ms - 107[0m
2026-08-03 06:46:35 [INFO]: [0mGET /admin/dashboard [36m304[0m 142.304 ms - -[0m
2026-08-03 06:46:35 [INFO]: [0mGET /css/style.css [36m304[0m 0.458 ms - -[0m
2026-08-03 06:46:35 [INFO]: [0mGET /css/admin/layout.css [36m304[0m 0.631 ms - -[0m
2026-08-03 06:46:35 [INFO]: [0mGET /images/logo/plantora.png [36m304[0m 0.326 ms - -[0m
2026-08-03 06:46:35 [INFO]: [0mGET /js/notification.js [36m304[0m 0.778 ms - -[0m
2026-08-03 06:46:35 [INFO]: [0mGET /js/profile.js [36m304[0m 1.080 ms - -[0m
2026-08-03 06:46:35 [INFO]: [0mGET /js/footer.js [36m304[0m 1.492 ms - -[0m
2026-08-03 06:46:35 [INFO]: [0mGET /css/variables.css [36m304[0m 0.179 ms - -[0m
2026-08-03 06:46:35 [INFO]: [0mGET /css/utilities.css [36m304[0m 0.189 ms - -[0m
2026-08-03 06:46:35 [INFO]: [0mGET /css/animations.css [36m304[0m 0.304 ms - -[0m
2026-08-03 06:46:35 [INFO]: [0mGET /css/announcement.css [36m304[0m 0.342 ms - -[0m
2026-08-03 06:46:35 [INFO]: [0mGET /css/header.css [36m304[0m 0.207 ms - -[0m
2026-08-03 06:46:35 [INFO]: [0mGET /css/hero.css [36m304[0m 0.581 ms - -[0m
2026-08-03 06:46:35 [INFO]: [0mGET /css/featured.css [36m304[0m 0.550 ms - -[0m
2026-08-03 06:46:35 [INFO]: [0mGET /css/why-choose.css [36m304[0m 0.673 ms - -[0m
2026-08-03 06:46:35 [INFO]: [0mGET /css/footer.css [36m304[0m 0.880 ms - -[0m
2026-08-03 06:46:35 [INFO]: [0mGET /css/auth.css [36m304[0m 0.588 ms - -[0m
2026-08-03 06:46:35 [INFO]: [0mGET /css/verify.css [36m304[0m 0.430 ms - -[0m
2026-08-03 06:46:35 [INFO]: [0mGET /js/admin/layout.js [33m404[0m 71.791 ms - 82[0m
2026-08-03 06:46:35 [INFO]: [0mGET /vendor/bootstrap/js/bootstrap.bundle.min.js [33m404[0m 92.789 ms - 107[0m
2026-08-03 06:46:36 [INFO]: [0mGET /admin/dashboard [36m304[0m 141.306 ms - -[0m
2026-08-03 06:46:36 [INFO]: [0mGET /css/style.css [36m304[0m 0.737 ms - -[0m
2026-08-03 06:46:36 [INFO]: [0mGET /css/admin/layout.css [36m304[0m 1.071 ms - -[0m
2026-08-03 06:46:36 [INFO]: [0mGET /images/logo/plantora.png [36m304[0m 1.200 ms - -[0m
2026-08-03 06:46:36 [INFO]: [0mGET /js/notification.js [36m304[0m 0.750 ms - -[0m
2026-08-03 06:46:36 [INFO]: [0mGET /js/profile.js [36m304[0m 0.991 ms - -[0m
2026-08-03 06:46:36 [INFO]: [0mGET /js/footer.js [36m304[0m 0.703 ms - -[0m
2026-08-03 06:46:36 [INFO]: [0mGET /css/variables.css [36m304[0m 0.155 ms - -[0m
2026-08-03 06:46:36 [INFO]: [0mGET /css/utilities.css [36m304[0m 0.133 ms - -[0m
2026-08-03 06:46:36 [INFO]: [0mGET /css/animations.css [36m304[0m 0.110 ms - -[0m
2026-08-03 06:46:36 [INFO]: [0mGET /css/announcement.css [36m304[0m 0.160 ms - -[0m
2026-08-03 06:46:36 [INFO]: [0mGET /css/header.css [36m304[0m 0.275 ms - -[0m
2026-08-03 06:46:36 [INFO]: [0mGET /css/hero.css [36m304[0m 0.168 ms - -[0m
2026-08-03 06:46:36 [INFO]: [0mGET /css/featured.css [36m304[0m 0.283 ms - -[0m
2026-08-03 06:46:36 [INFO]: [0mGET /css/why-choose.css [36m304[0m 0.213 ms - -[0m
2026-08-03 06:46:36 [INFO]: [0mGET /css/footer.css [36m304[0m 0.412 ms - -[0m
2026-08-03 06:46:36 [INFO]: [0mGET /css/auth.css [36m304[0m 0.452 ms - -[0m
2026-08-03 06:46:36 [INFO]: [0mGET /css/verify.css [36m304[0m 0.301 ms - -[0m
2026-08-03 06:46:36 [INFO]: [0mGET /js/admin/layout.js [33m404[0m 71.392 ms - 82[0m
2026-08-03 06:46:36 [INFO]: [0mGET /vendor/bootstrap/js/bootstrap.bundle.min.js [33m404[0m 92.951 ms - 107[0m
2026-08-03 06:46:37 [INFO]: [0mGET /admin/dashboard [36m304[0m 140.102 ms - -[0m
2026-08-03 06:46:37 [INFO]: [0mGET /css/style.css [36m304[0m 0.792 ms - -[0m
2026-08-03 06:46:37 [INFO]: [0mGET /css/admin/layout.css [36m304[0m 0.712 ms - -[0m
2026-08-03 06:46:37 [INFO]: [0mGET /images/logo/plantora.png [36m304[0m 0.225 ms - -[0m
2026-08-03 06:46:37 [INFO]: [0mGET /js/notification.js [36m304[0m 0.353 ms - -[0m
2026-08-03 06:46:37 [INFO]: [0mGET /js/profile.js [36m304[0m 0.413 ms - -[0m
2026-08-03 06:46:37 [INFO]: [0mGET /js/footer.js [36m304[0m 0.539 ms - -[0m
2026-08-03 06:46:37 [INFO]: [0mGET /css/variables.css [36m304[0m 0.094 ms - -[0m
2026-08-03 06:46:37 [INFO]: [0mGET /css/utilities.css [36m304[0m 0.113 ms - -[0m
2026-08-03 06:46:37 [INFO]: [0mGET /css/header.css [36m304[0m 0.125 ms - -[0m
2026-08-03 06:46:37 [INFO]: [0mGET /css/animations.css [36m304[0m 0.432 ms - -[0m
2026-08-03 06:46:37 [INFO]: [0mGET /css/announcement.css [36m304[0m 0.472 ms - -[0m
2026-08-03 06:46:37 [INFO]: [0mGET /css/hero.css [36m304[0m 0.446 ms - -[0m
2026-08-03 06:46:37 [INFO]: [0mGET /css/featured.css [36m304[0m 0.307 ms - -[0m
2026-08-03 06:46:37 [INFO]: [0mGET /css/why-choose.css [36m304[0m 0.362 ms - -[0m
2026-08-03 06:46:37 [INFO]: [0mGET /css/footer.css [36m304[0m 0.532 ms - -[0m
2026-08-03 06:46:37 [INFO]: [0mGET /css/auth.css [36m304[0m 0.271 ms - -[0m
2026-08-03 06:46:37 [INFO]: [0mGET /css/verify.css [36m304[0m 0.340 ms - -[0m
2026-08-03 06:46:37 [INFO]: [0mGET /js/admin/layout.js [33m404[0m 71.150 ms - 82[0m
2026-08-03 06:46:37 [INFO]: [0mGET /vendor/bootstrap/js/bootstrap.bundle.min.js [33m404[0m 92.723 ms - 107[0m
2026-08-03 06:46:40 [INFO]: Logout successful : admin-plantora@yopmail.com
2026-08-03 06:46:40 [INFO]: [0mPOST /auth/logout [36m302[0m 362.666 ms - 30[0m
2026-08-03 06:46:40 [INFO]: [0mGET / [32m200[0m 6.796 ms - -[0m
2026-08-03 06:46:40 [INFO]: [0mGET /css/style.css [36m304[0m 0.402 ms - -[0m
2026-08-03 06:46:40 [INFO]: [0mGET /images/logo/plantora.png [36m304[0m 0.777 ms - -[0m
2026-08-03 06:46:40 [INFO]: [0mGET /images/hero/hero-placeholder.png [36m304[0m 1.276 ms - -[0m
2026-08-03 06:46:40 [INFO]: [0mGET /images/hero/monstera-plant.jpg [36m304[0m 0.769 ms - -[0m
2026-08-03 06:46:40 [INFO]: [0mGET /images/hero/snake-plant.jpg [36m304[0m 0.971 ms - -[0m
2026-08-03 06:46:40 [INFO]: [0mGET /images/hero/peace-lily.jpg [36m304[0m 1.457 ms - -[0m
2026-08-03 06:46:40 [INFO]: [0mGET /js/header.js [36m304[0m 1.770 ms - -[0m
2026-08-03 06:46:40 [INFO]: [0mGET /css/variables.css [36m304[0m 0.495 ms - -[0m
2026-08-03 06:46:40 [INFO]: [0mGET /css/utilities.css [36m304[0m 0.612 ms - -[0m
2026-08-03 06:46:40 [INFO]: [0mGET /css/animations.css [36m304[0m 0.758 ms - -[0m
2026-08-03 06:46:40 [INFO]: [0mGET /css/announcement.css [36m304[0m 0.666 ms - -[0m
2026-08-03 06:46:40 [INFO]: [0mGET /css/header.css [36m304[0m 0.360 ms - -[0m
2026-08-03 06:46:40 [INFO]: [0mGET /css/hero.css [36m304[0m 0.691 ms - -[0m
2026-08-03 06:46:40 [INFO]: [0mGET /css/featured.css [36m304[0m 1.164 ms - -[0m
2026-08-03 06:46:40 [INFO]: [0mGET /css/why-choose.css [36m304[0m 0.480 ms - -[0m
2026-08-03 06:46:40 [INFO]: [0mGET /css/footer.css [36m304[0m 0.371 ms - -[0m
2026-08-03 06:46:40 [INFO]: [0mGET /css/auth.css [36m304[0m 0.806 ms - -[0m
2026-08-03 06:46:40 [INFO]: [0mGET /css/verify.css [36m304[0m 1.157 ms - -[0m
2026-08-03 06:46:40 [INFO]: [0mGET /js/featured.js [36m304[0m 0.165 ms - -[0m
2026-08-03 06:46:40 [INFO]: [0mGET /js/why-choose.js [36m304[0m 0.470 ms - -[0m
2026-08-03 06:46:40 [INFO]: [0mGET /js/notification.js [36m304[0m 0.526 ms - -[0m
2026-08-03 06:46:40 [INFO]: [0mGET /js/footer.js [36m304[0m 0.130 ms - -[0m
2026-08-03 06:46:40 [INFO]: [0mGET /js/auth.js [36m304[0m 0.356 ms - -[0m
2026-08-03 06:46:40 [INFO]: [0mGET /images/hero/tulip-plant.jpg [36m304[0m 0.193 ms - -[0m
2026-08-03 06:46:40 [INFO]: [0mGET /images/hero/rubber-plant.jpg [36m304[0m 0.665 ms - -[0m
2026-08-03 06:46:40 [INFO]: [0mGET /images/hero/aloe-vera.jpg [36m304[0m 0.840 ms - -[0m
2026-08-03 06:46:40 [INFO]: [0mGET /images/hero/areca-palm.jpg [36m304[0m 0.971 ms - -[0m
2026-08-03 06:46:40 [INFO]: [0mGET /images/hero/jade-plant.jpg [36m304[0m 0.941 ms - -[0m
2026-08-03 06:46:40 [INFO]: [0mGET /images/hero/golden-pothos.jpg [36m304[0m 0.181 ms - -[0m
2026-08-03 06:46:40 [INFO]: [0mGET /images/hero/fiddle-leaf-fig.jpg [36m304[0m 0.264 ms - -[0m
2026-08-03 06:46:40 [INFO]: [0mGET /images/hero/why-choose.jpg [36m304[0m 0.257 ms - -[0m
2026-08-03 06:46:40 [INFO]: [0mGET /images/logo/plantora-orgn-white.png [36m304[0m 0.197 ms - -[0m
2026-08-03 06:46:43 [INFO]: Login successful : admin-plantora@yopmail.com
2026-08-03 06:46:43 [INFO]: [0mPOST /auth/login [32m200[0m 508.042 ms - 46[0m
2026-08-03 06:46:44 [INFO]: [0mGET / [32m200[0m 96.321 ms - -[0m
2026-08-03 06:46:44 [INFO]: [0mGET /css/style.css [36m304[0m 0.701 ms - -[0m
2026-08-03 06:46:44 [INFO]: [0mGET /images/logo/plantora.png [36m304[0m 1.035 ms - -[0m
2026-08-03 06:46:44 [INFO]: [0mGET /images/hero/hero-placeholder.png [36m304[0m 1.247 ms - -[0m
2026-08-03 06:46:44 [INFO]: [0mGET /images/hero/monstera-plant.jpg [36m304[0m 0.615 ms - -[0m
2026-08-03 06:46:44 [INFO]: [0mGET /js/header.js [36m304[0m 0.477 ms - -[0m
2026-08-03 06:46:44 [INFO]: [0mGET /js/featured.js [36m304[0m 0.281 ms - -[0m
2026-08-03 06:46:44 [INFO]: [0mGET /js/why-choose.js [36m304[0m 0.419 ms - -[0m
2026-08-03 06:46:44 [INFO]: [0mGET /js/notification.js [36m304[0m 0.366 ms - -[0m
2026-08-03 06:46:44 [INFO]: [0mGET /js/footer.js [36m304[0m 0.430 ms - -[0m
2026-08-03 06:46:44 [INFO]: [0mGET /js/auth.js [36m304[0m 0.167 ms - -[0m
2026-08-03 06:46:44 [INFO]: [0mGET /images/hero/snake-plant.jpg [36m304[0m 0.484 ms - -[0m
2026-08-03 06:46:44 [INFO]: [0mGET /css/variables.css [36m304[0m 0.658 ms - -[0m
2026-08-03 06:46:44 [INFO]: [0mGET /css/utilities.css [36m304[0m 0.872 ms - -[0m
2026-08-03 06:46:44 [INFO]: [0mGET /css/animations.css [36m304[0m 0.425 ms - -[0m
2026-08-03 06:46:44 [INFO]: [0mGET /css/announcement.css [36m304[0m 0.713 ms - -[0m
2026-08-03 06:46:44 [INFO]: [0mGET /css/header.css [36m304[0m 0.638 ms - -[0m
2026-08-03 06:46:44 [INFO]: [0mGET /css/hero.css [36m304[0m 0.875 ms - -[0m
2026-08-03 06:46:44 [INFO]: [0mGET /css/featured.css [36m304[0m 0.449 ms - -[0m
2026-08-03 06:46:44 [INFO]: [0mGET /css/why-choose.css [36m304[0m 0.558 ms - -[0m
2026-08-03 06:46:44 [INFO]: [0mGET /css/footer.css [36m304[0m 0.699 ms - -[0m
2026-08-03 06:46:44 [INFO]: [0mGET /css/auth.css [36m304[0m 0.184 ms - -[0m
2026-08-03 06:46:44 [INFO]: [0mGET /css/verify.css [36m304[0m 0.328 ms - -[0m
2026-08-03 06:46:44 [INFO]: [0mGET /images/hero/peace-lily.jpg [36m304[0m 0.246 ms - -[0m
2026-08-03 06:46:44 [INFO]: [0mGET /images/hero/tulip-plant.jpg [36m304[0m 0.318 ms - -[0m
2026-08-03 06:46:44 [INFO]: [0mGET /images/hero/rubber-plant.jpg [36m304[0m 0.787 ms - -[0m
2026-08-03 06:46:44 [INFO]: [0mGET /images/hero/aloe-vera.jpg [36m304[0m 0.891 ms - -[0m
2026-08-03 06:46:44 [INFO]: [0mGET /images/hero/areca-palm.jpg [36m304[0m 0.627 ms - -[0m
2026-08-03 06:46:44 [INFO]: [0mGET /images/hero/jade-plant.jpg [36m304[0m 1.065 ms - -[0m
2026-08-03 06:46:44 [INFO]: [0mGET /images/hero/golden-pothos.jpg [36m304[0m 0.413 ms - -[0m
2026-08-03 06:46:44 [INFO]: [0mGET /images/hero/fiddle-leaf-fig.jpg [36m304[0m 0.206 ms - -[0m
2026-08-03 06:46:44 [INFO]: [0mGET /images/hero/why-choose.jpg [36m304[0m 0.537 ms - -[0m
2026-08-03 06:46:44 [INFO]: [0mGET /images/logo/plantora-orgn-white.png [36m304[0m 0.422 ms - -[0m
2026-08-03 06:46:47 [INFO]: [0mGET /admin/dashboard [36m304[0m 144.944 ms - -[0m
2026-08-03 06:46:47 [INFO]: [0mGET /css/style.css [36m304[0m 0.383 ms - -[0m
2026-08-03 06:46:47 [INFO]: [0mGET /css/admin/layout.css [36m304[0m 0.551 ms - -[0m
2026-08-03 06:46:47 [INFO]: [0mGET /images/logo/plantora.png [36m304[0m 0.639 ms - -[0m
2026-08-03 06:46:47 [INFO]: [0mGET /js/notification.js [36m304[0m 2.439 ms - -[0m
2026-08-03 06:46:47 [INFO]: [0mGET /js/profile.js [36m304[0m 2.606 ms - -[0m
2026-08-03 06:46:47 [INFO]: [0mGET /js/footer.js [36m304[0m 2.585 ms - -[0m
2026-08-03 06:46:47 [INFO]: [0mGET /css/variables.css [36m304[0m 0.279 ms - -[0m
2026-08-03 06:46:47 [INFO]: [0mGET /css/utilities.css [36m304[0m 0.386 ms - -[0m
2026-08-03 06:46:47 [INFO]: [0mGET /css/animations.css [36m304[0m 0.524 ms - -[0m
2026-08-03 06:46:47 [INFO]: [0mGET /css/announcement.css [36m304[0m 0.393 ms - -[0m
2026-08-03 06:46:47 [INFO]: [0mGET /css/header.css [36m304[0m 0.457 ms - -[0m
2026-08-03 06:46:47 [INFO]: [0mGET /css/hero.css [36m304[0m 0.519 ms - -[0m
2026-08-03 06:46:47 [INFO]: [0mGET /css/featured.css [36m304[0m 0.125 ms - -[0m
2026-08-03 06:46:47 [INFO]: [0mGET /css/why-choose.css [36m304[0m 0.128 ms - -[0m
2026-08-03 06:46:47 [INFO]: [0mGET /css/auth.css [36m304[0m 0.156 ms - -[0m
2026-08-03 06:46:47 [INFO]: [0mGET /css/footer.css [36m304[0m 0.467 ms - -[0m
2026-08-03 06:46:47 [INFO]: [0mGET /css/verify.css [36m304[0m 0.548 ms - -[0m
2026-08-03 06:46:47 [INFO]: [0mGET /js/admin/layout.js [33m404[0m 71.835 ms - 82[0m
2026-08-03 06:46:47 [INFO]: [0mGET /vendor/bootstrap/js/bootstrap.bundle.min.js [33m404[0m 92.665 ms - 107[0m
2026-08-03 06:48:00 [INFO]: [0mGET /admin/dashboard [32m200[0m 215.555 ms - -[0m
2026-08-03 06:48:00 [INFO]: [0mGET /css/style.css [36m304[0m 0.593 ms - -[0m
2026-08-03 06:48:00 [INFO]: [0mGET /images/logo/plantora.png [36m304[0m 0.299 ms - -[0m
2026-08-03 06:48:00 [INFO]: [0mGET /css/admin/layout.css [32m200[0m 1.696 ms - -[0m
2026-08-03 06:48:00 [INFO]: [0mGET /js/notification.js [36m304[0m 0.246 ms - -[0m
2026-08-03 06:48:00 [INFO]: [0mGET /js/profile.js [36m304[0m 0.452 ms - -[0m
2026-08-03 06:48:00 [INFO]: [0mGET /js/footer.js [36m304[0m 0.627 ms - -[0m
2026-08-03 06:48:00 [INFO]: [0mGET /css/variables.css [36m304[0m 0.180 ms - -[0m
2026-08-03 06:48:00 [INFO]: [0mGET /css/utilities.css [36m304[0m 0.262 ms - -[0m
2026-08-03 06:48:00 [INFO]: [0mGET /css/animations.css [36m304[0m 0.132 ms - -[0m
2026-08-03 06:48:00 [INFO]: [0mGET /css/announcement.css [36m304[0m 0.124 ms - -[0m
2026-08-03 06:48:00 [INFO]: [0mGET /css/header.css [36m304[0m 0.462 ms - -[0m
2026-08-03 06:48:00 [INFO]: [0mGET /css/hero.css [36m304[0m 0.355 ms - -[0m
2026-08-03 06:48:00 [INFO]: [0mGET /css/featured.css [36m304[0m 0.167 ms - -[0m
2026-08-03 06:48:00 [INFO]: [0mGET /css/why-choose.css [36m304[0m 0.398 ms - -[0m
2026-08-03 06:48:00 [INFO]: [0mGET /css/footer.css [36m304[0m 0.283 ms - -[0m
2026-08-03 06:48:00 [INFO]: [0mGET /css/auth.css [36m304[0m 0.353 ms - -[0m
2026-08-03 06:48:00 [INFO]: [0mGET /css/verify.css [36m304[0m 0.508 ms - -[0m
2026-08-03 06:48:00 [INFO]: [0mGET /js/admin/layout.js [33m404[0m 200.275 ms - 82[0m
2026-08-03 06:48:00 [INFO]: [0mGET /vendor/bootstrap/js/bootstrap.bundle.min.js [33m404[0m 204.369 ms - 107[0m
2026-08-03 06:48:47 [INFO]: [0mGET /admin/dashboard [32m200[0m 140.152 ms - -[0m
2026-08-03 06:48:47 [INFO]: [0mGET /css/style.css [36m304[0m 0.750 ms - -[0m
2026-08-03 06:48:47 [INFO]: [0mGET /css/admin/layout.css [36m304[0m 1.168 ms - -[0m
2026-08-03 06:48:47 [INFO]: [0mGET /images/logo/plantora.png [36m304[0m 0.518 ms - -[0m
2026-08-03 06:48:47 [INFO]: [0mGET /js/notification.js [36m304[0m 0.265 ms - -[0m
2026-08-03 06:48:47 [INFO]: [0mGET /js/profile.js [36m304[0m 0.446 ms - -[0m
2026-08-03 06:48:47 [INFO]: [0mGET /js/footer.js [36m304[0m 0.842 ms - -[0m
2026-08-03 06:48:47 [INFO]: [0mGET /css/variables.css [36m304[0m 0.603 ms - -[0m
2026-08-03 06:48:47 [INFO]: [0mGET /css/utilities.css [36m304[0m 0.657 ms - -[0m
2026-08-03 06:48:47 [INFO]: [0mGET /css/animations.css [36m304[0m 0.667 ms - -[0m
2026-08-03 06:48:47 [INFO]: [0mGET /css/announcement.css [36m304[0m 0.759 ms - -[0m
2026-08-03 06:48:47 [INFO]: [0mGET /css/header.css [36m304[0m 0.149 ms - -[0m
2026-08-03 06:48:47 [INFO]: [0mGET /css/hero.css [36m304[0m 0.351 ms - -[0m
2026-08-03 06:48:47 [INFO]: [0mGET /css/featured.css [36m304[0m 0.297 ms - -[0m
2026-08-03 06:48:47 [INFO]: [0mGET /css/why-choose.css [36m304[0m 0.172 ms - -[0m
2026-08-03 06:48:47 [INFO]: [0mGET /css/footer.css [36m304[0m 0.388 ms - -[0m
2026-08-03 06:48:47 [INFO]: [0mGET /css/auth.css [36m304[0m 0.437 ms - -[0m
2026-08-03 06:48:47 [INFO]: [0mGET /css/verify.css [36m304[0m 0.454 ms - -[0m
2026-08-03 06:48:48 [INFO]: [0mGET /js/admin/layout.js [33m404[0m 70.780 ms - 82[0m
2026-08-03 06:48:48 [INFO]: [0mGET /vendor/bootstrap/js/bootstrap.bundle.min.js [33m404[0m 94.341 ms - 107[0m
2026-08-03 06:48:55 [INFO]: [0mGET /admin/dashboard [36m304[0m 144.155 ms - -[0m
2026-08-03 06:48:55 [INFO]: [0mGET /css/style.css [36m304[0m 1.015 ms - -[0m
2026-08-03 06:48:55 [INFO]: [0mGET /css/admin/layout.css [36m304[0m 0.727 ms - -[0m
2026-08-03 06:48:55 [INFO]: [0mGET /images/logo/plantora.png [36m304[0m 0.389 ms - -[0m
2026-08-03 06:48:55 [INFO]: [0mGET /js/profile.js [36m304[0m 0.547 ms - -[0m
2026-08-03 06:48:55 [INFO]: [0mGET /js/notification.js [36m304[0m 0.754 ms - -[0m
2026-08-03 06:48:55 [INFO]: [0mGET /js/footer.js [36m304[0m 1.191 ms - -[0m
2026-08-03 06:48:55 [INFO]: [0mGET /css/variables.css [36m304[0m 0.797 ms - -[0m
2026-08-03 06:48:55 [INFO]: [0mGET /css/utilities.css [36m304[0m 0.602 ms - -[0m
2026-08-03 06:48:55 [INFO]: [0mGET /css/animations.css [36m304[0m 0.508 ms - -[0m
2026-08-03 06:48:55 [INFO]: [0mGET /css/announcement.css [36m304[0m 0.459 ms - -[0m
2026-08-03 06:48:55 [INFO]: [0mGET /css/header.css [36m304[0m 0.526 ms - -[0m
2026-08-03 06:48:55 [INFO]: [0mGET /css/hero.css [36m304[0m 0.658 ms - -[0m
2026-08-03 06:48:55 [INFO]: [0mGET /css/featured.css [36m304[0m 0.594 ms - -[0m
2026-08-03 06:48:55 [INFO]: [0mGET /css/why-choose.css [36m304[0m 0.642 ms - -[0m
2026-08-03 06:48:55 [INFO]: [0mGET /css/footer.css [36m304[0m 0.768 ms - -[0m
2026-08-03 06:48:55 [INFO]: [0mGET /css/auth.css [36m304[0m 0.541 ms - -[0m
2026-08-03 06:48:55 [INFO]: [0mGET /css/verify.css [36m304[0m 0.667 ms - -[0m
2026-08-03 06:48:55 [INFO]: [0mGET /js/admin/layout.js [33m404[0m 71.309 ms - 82[0m
2026-08-03 06:48:55 [INFO]: [0mGET /vendor/bootstrap/js/bootstrap.bundle.min.js [33m404[0m 93.806 ms - 107[0m
2026-08-03 06:49:13 [INFO]: [0mGET /admin/dashboard [32m200[0m 310.171 ms - -[0m
2026-08-03 06:49:13 [INFO]: [0mGET /css/style.css [36m304[0m 0.313 ms - -[0m
2026-08-03 06:49:13 [INFO]: [0mGET /css/admin/layout.css [36m304[0m 0.484 ms - -[0m
2026-08-03 06:49:13 [INFO]: [0mGET /images/logo/plantora.png [36m304[0m 0.243 ms - -[0m
2026-08-03 06:49:13 [INFO]: [0mGET /js/notification.js [36m304[0m 0.485 ms - -[0m
2026-08-03 06:49:13 [INFO]: [0mGET /js/profile.js [36m304[0m 0.251 ms - -[0m
2026-08-03 06:49:13 [INFO]: [0mGET /js/footer.js [36m304[0m 0.334 ms - -[0m
2026-08-03 06:49:13 [INFO]: [0mGET /css/variables.css [36m304[0m 0.147 ms - -[0m
2026-08-03 06:49:13 [INFO]: [0mGET /css/utilities.css [36m304[0m 0.372 ms - -[0m
2026-08-03 06:49:13 [INFO]: [0mGET /css/animations.css [36m304[0m 0.225 ms - -[0m
2026-08-03 06:49:13 [INFO]: [0mGET /css/announcement.css [36m304[0m 0.343 ms - -[0m
2026-08-03 06:49:13 [INFO]: [0mGET /css/header.css [36m304[0m 0.573 ms - -[0m
2026-08-03 06:49:13 [INFO]: [0mGET /css/hero.css [36m304[0m 0.764 ms - -[0m
2026-08-03 06:49:13 [INFO]: [0mGET /css/featured.css [36m304[0m 0.176 ms - -[0m
2026-08-03 06:49:13 [INFO]: [0mGET /css/why-choose.css [36m304[0m 0.244 ms - -[0m
2026-08-03 06:49:13 [INFO]: [0mGET /css/footer.css [36m304[0m 0.206 ms - -[0m
2026-08-03 06:49:13 [INFO]: [0mGET /css/auth.css [36m304[0m 0.264 ms - -[0m
2026-08-03 06:49:13 [INFO]: [0mGET /css/verify.css [36m304[0m 0.094 ms - -[0m
2026-08-03 06:49:14 [INFO]: [0mGET /js/admin/layout.js [33m404[0m 129.809 ms - 82[0m
2026-08-03 06:49:14 [INFO]: [0mGET /vendor/bootstrap/js/bootstrap.bundle.min.js [33m404[0m 144.397 ms - 107[0m
2026-08-03 06:49:35 [INFO]: [0mGET /admin/dashboard [32m200[0m 142.581 ms - -[0m
2026-08-03 06:49:35 [INFO]: [0mGET /css/style.css [36m304[0m 0.563 ms - -[0m
2026-08-03 06:49:35 [INFO]: [0mGET /css/admin/layout.css [36m304[0m 0.661 ms - -[0m
2026-08-03 06:49:35 [INFO]: [0mGET /images/logo/plantora.png [36m304[0m 0.254 ms - -[0m
2026-08-03 06:49:35 [INFO]: [0mGET /js/notification.js [36m304[0m 0.193 ms - -[0m
2026-08-03 06:49:35 [INFO]: [0mGET /js/profile.js [36m304[0m 0.365 ms - -[0m
2026-08-03 06:49:35 [INFO]: [0mGET /js/footer.js [36m304[0m 0.597 ms - -[0m
2026-08-03 06:49:35 [INFO]: [0mGET /css/variables.css [36m304[0m 0.164 ms - -[0m
2026-08-03 06:49:35 [INFO]: [0mGET /css/utilities.css [36m304[0m 0.452 ms - -[0m
2026-08-03 06:49:35 [INFO]: [0mGET /css/animations.css [36m304[0m 0.203 ms - -[0m
2026-08-03 06:49:35 [INFO]: [0mGET /css/announcement.css [36m304[0m 0.308 ms - -[0m
2026-08-03 06:49:35 [INFO]: [0mGET /css/header.css [36m304[0m 0.485 ms - -[0m
2026-08-03 06:49:35 [INFO]: [0mGET /css/hero.css [36m304[0m 0.166 ms - -[0m
2026-08-03 06:49:35 [INFO]: [0mGET /css/featured.css [36m304[0m 0.467 ms - -[0m
2026-08-03 06:49:35 [INFO]: [0mGET /css/why-choose.css [36m304[0m 0.383 ms - -[0m
2026-08-03 06:49:35 [INFO]: [0mGET /css/footer.css [36m304[0m 0.117 ms - -[0m
2026-08-03 06:49:35 [INFO]: [0mGET /css/auth.css [36m304[0m 0.275 ms - -[0m
2026-08-03 06:49:35 [INFO]: [0mGET /css/verify.css [36m304[0m 0.426 ms - -[0m
2026-08-03 06:49:35 [INFO]: [0mGET /js/admin/layout.js [33m404[0m 71.265 ms - 82[0m
2026-08-03 06:49:35 [INFO]: [0mGET /vendor/bootstrap/js/bootstrap.bundle.min.js [33m404[0m 93.249 ms - 107[0m
2026-08-03 06:51:02 [INFO]: [0mGET /admin/dashboard [32m200[0m 151.804 ms - -[0m
2026-08-03 06:51:02 [INFO]: [0mGET /css/style.css [36m304[0m 0.374 ms - -[0m
2026-08-03 06:51:02 [INFO]: [0mGET /images/logo/plantora.png [36m304[0m 0.282 ms - -[0m
2026-08-03 06:51:02 [INFO]: [0mGET /css/admin/layout.css [32m200[0m 0.916 ms - -[0m
2026-08-03 06:51:02 [INFO]: [0mGET /js/footer.js [36m304[0m 1.251 ms - -[0m
2026-08-03 06:51:02 [INFO]: [0mGET /js/notification.js [36m304[0m 0.470 ms - -[0m
2026-08-03 06:51:02 [INFO]: [0mGET /js/profile.js [36m304[0m 0.666 ms - -[0m
2026-08-03 06:51:02 [INFO]: [0mGET /css/variables.css [36m304[0m 0.410 ms - -[0m
2026-08-03 06:51:02 [INFO]: [0mGET /css/utilities.css [36m304[0m 0.539 ms - -[0m
2026-08-03 06:51:02 [INFO]: [0mGET /css/animations.css [36m304[0m 0.862 ms - -[0m
2026-08-03 06:51:02 [INFO]: [0mGET /css/announcement.css [36m304[0m 0.183 ms - -[0m
2026-08-03 06:51:02 [INFO]: [0mGET /css/header.css [36m304[0m 0.226 ms - -[0m
2026-08-03 06:51:02 [INFO]: [0mGET /css/hero.css [36m304[0m 0.298 ms - -[0m
2026-08-03 06:51:02 [INFO]: [0mGET /css/featured.css [36m304[0m 0.422 ms - -[0m
2026-08-03 06:51:02 [INFO]: [0mGET /css/why-choose.css [36m304[0m 0.107 ms - -[0m
2026-08-03 06:51:02 [INFO]: [0mGET /css/footer.css [36m304[0m 0.266 ms - -[0m
2026-08-03 06:51:02 [INFO]: [0mGET /css/auth.css [36m304[0m 0.446 ms - -[0m
2026-08-03 06:51:02 [INFO]: [0mGET /css/verify.css [36m304[0m 0.592 ms - -[0m
2026-08-03 06:51:02 [INFO]: [0mGET /js/admin/layout.js [33m404[0m 71.739 ms - 82[0m
2026-08-03 06:51:02 [INFO]: [0mGET /vendor/bootstrap/js/bootstrap.bundle.min.js [33m404[0m 92.986 ms - 107[0m
2026-08-03 06:51:50 [INFO]: [0mGET /admin/dashboard [32m200[0m 146.162 ms - -[0m
2026-08-03 06:51:50 [INFO]: [0mGET /css/style.css [36m304[0m 0.353 ms - -[0m
2026-08-03 06:51:50 [INFO]: [0mGET /css/admin/layout.css [36m304[0m 0.848 ms - -[0m
2026-08-03 06:51:50 [INFO]: [0mGET /images/logo/plantora.png [36m304[0m 0.628 ms - -[0m
2026-08-03 06:51:50 [INFO]: [0mGET /js/notification.js [36m304[0m 0.949 ms - -[0m
2026-08-03 06:51:50 [INFO]: [0mGET /js/profile.js [36m304[0m 1.387 ms - -[0m
2026-08-03 06:51:50 [INFO]: [0mGET /js/footer.js [36m304[0m 1.839 ms - -[0m
2026-08-03 06:51:50 [INFO]: [0mGET /css/variables.css [36m304[0m 0.203 ms - -[0m
2026-08-03 06:51:50 [INFO]: [0mGET /css/utilities.css [36m304[0m 0.270 ms - -[0m
2026-08-03 06:51:50 [INFO]: [0mGET /css/animations.css [36m304[0m 0.470 ms - -[0m
2026-08-03 06:51:50 [INFO]: [0mGET /css/announcement.css [36m304[0m 0.743 ms - -[0m
2026-08-03 06:51:50 [INFO]: [0mGET /css/header.css [36m304[0m 0.308 ms - -[0m
2026-08-03 06:51:50 [INFO]: [0mGET /css/hero.css [36m304[0m 0.151 ms - -[0m
2026-08-03 06:51:50 [INFO]: [0mGET /css/featured.css [36m304[0m 0.448 ms - -[0m
2026-08-03 06:51:50 [INFO]: [0mGET /css/why-choose.css [36m304[0m 0.492 ms - -[0m
2026-08-03 06:51:50 [INFO]: [0mGET /css/footer.css [36m304[0m 0.628 ms - -[0m
2026-08-03 06:51:50 [INFO]: [0mGET /css/auth.css [36m304[0m 0.313 ms - -[0m
2026-08-03 06:51:50 [INFO]: [0mGET /css/verify.css [36m304[0m 0.340 ms - -[0m
2026-08-03 06:51:50 [INFO]: [0mGET /js/admin/layout.js [33m404[0m 72.705 ms - 82[0m
2026-08-03 06:51:50 [INFO]: [0mGET /vendor/bootstrap/js/bootstrap.bundle.min.js [33m404[0m 92.161 ms - 107[0m
2026-08-03 06:52:13 [INFO]: [0mGET /admin/dashboard [36m304[0m 158.307 ms - -[0m
2026-08-03 06:52:13 [INFO]: [0mGET /css/style.css [36m304[0m 0.285 ms - -[0m
2026-08-03 06:52:13 [INFO]: [0mGET /images/logo/plantora.png [36m304[0m 0.157 ms - -[0m
2026-08-03 06:52:13 [INFO]: [0mGET /css/admin/layout.css [32m200[0m 1.292 ms - -[0m
2026-08-03 06:52:13 [INFO]: [0mGET /js/notification.js [36m304[0m 0.211 ms - -[0m
2026-08-03 06:52:13 [INFO]: [0mGET /js/profile.js [36m304[0m 0.369 ms - -[0m
2026-08-03 06:52:13 [INFO]: [0mGET /js/footer.js [36m304[0m 0.503 ms - -[0m
2026-08-03 06:52:13 [INFO]: [0mGET /css/variables.css [36m304[0m 0.131 ms - -[0m
2026-08-03 06:52:13 [INFO]: [0mGET /css/utilities.css [36m304[0m 1.315 ms - -[0m
2026-08-03 06:52:13 [INFO]: [0mGET /css/animations.css [36m304[0m 1.484 ms - -[0m
2026-08-03 06:52:13 [INFO]: [0mGET /css/announcement.css [36m304[0m 1.387 ms - -[0m
2026-08-03 06:52:13 [INFO]: [0mGET /css/header.css [36m304[0m 1.205 ms - -[0m
2026-08-03 06:52:13 [INFO]: [0mGET /css/hero.css [36m304[0m 0.229 ms - -[0m
2026-08-03 06:52:13 [INFO]: [0mGET /css/featured.css [36m304[0m 0.378 ms - -[0m
2026-08-03 06:52:13 [INFO]: [0mGET /css/why-choose.css [36m304[0m 1.081 ms - -[0m
2026-08-03 06:52:13 [INFO]: [0mGET /css/footer.css [36m304[0m 0.712 ms - -[0m
2026-08-03 06:52:13 [INFO]: [0mGET /css/auth.css [36m304[0m 0.163 ms - -[0m
2026-08-03 06:52:13 [INFO]: [0mGET /css/verify.css [36m304[0m 0.254 ms - -[0m
2026-08-03 06:52:13 [INFO]: [0mGET /js/admin/layout.js [33m404[0m 71.136 ms - 82[0m
2026-08-03 06:52:13 [INFO]: [0mGET /vendor/bootstrap/js/bootstrap.bundle.min.js [33m404[0m 93.468 ms - 107[0m
2026-08-03 06:52:14 [INFO]: [0mGET /admin/dashboard [36m304[0m 158.139 ms - -[0m
2026-08-03 06:52:14 [INFO]: [0mGET /css/style.css [36m304[0m 0.740 ms - -[0m
2026-08-03 06:52:14 [INFO]: [0mGET /css/admin/layout.css [36m304[0m 0.640 ms - -[0m
2026-08-03 06:52:14 [INFO]: [0mGET /images/logo/plantora.png [36m304[0m 0.831 ms - -[0m
2026-08-03 06:52:14 [INFO]: [0mGET /js/notification.js [36m304[0m 0.910 ms - -[0m
2026-08-03 06:52:14 [INFO]: [0mGET /js/profile.js [36m304[0m 1.150 ms - -[0m
2026-08-03 06:52:14 [INFO]: [0mGET /js/footer.js [36m304[0m 1.360 ms - -[0m
2026-08-03 06:52:14 [INFO]: [0mGET /css/variables.css [36m304[0m 0.243 ms - -[0m
2026-08-03 06:52:14 [INFO]: [0mGET /css/utilities.css [36m304[0m 0.348 ms - -[0m
2026-08-03 06:52:14 [INFO]: [0mGET /css/animations.css [36m304[0m 0.922 ms - -[0m
2026-08-03 06:52:14 [INFO]: [0mGET /css/announcement.css [36m304[0m 0.515 ms - -[0m
2026-08-03 06:52:14 [INFO]: [0mGET /css/header.css [36m304[0m 0.419 ms - -[0m
2026-08-03 06:52:14 [INFO]: [0mGET /css/hero.css [36m304[0m 0.585 ms - -[0m
2026-08-03 06:52:14 [INFO]: [0mGET /css/featured.css [36m304[0m 0.516 ms - -[0m
2026-08-03 06:52:14 [INFO]: [0mGET /css/why-choose.css [36m304[0m 0.154 ms - -[0m
2026-08-03 06:52:14 [INFO]: [0mGET /css/footer.css [36m304[0m 0.357 ms - -[0m
2026-08-03 06:52:14 [INFO]: [0mGET /css/auth.css [36m304[0m 0.339 ms - -[0m
2026-08-03 06:52:14 [INFO]: [0mGET /css/verify.css [36m304[0m 0.312 ms - -[0m
2026-08-03 06:52:14 [INFO]: [0mGET /js/admin/layout.js [33m404[0m 72.989 ms - 82[0m
2026-08-03 06:52:14 [INFO]: [0mGET /vendor/bootstrap/js/bootstrap.bundle.min.js [33m404[0m 93.725 ms - 107[0m
2026-08-03 06:52:23 [INFO]: [0mGET /admin/dashboard [36m304[0m 141.647 ms - -[0m
2026-08-03 06:52:23 [INFO]: [0mGET /css/style.css [36m304[0m 0.514 ms - -[0m
2026-08-03 06:52:23 [INFO]: [0mGET /images/logo/plantora.png [36m304[0m 0.206 ms - -[0m
2026-08-03 06:52:23 [INFO]: [0mGET /css/admin/layout.css [32m200[0m 1.175 ms - -[0m
2026-08-03 06:52:23 [INFO]: [0mGET /js/notification.js [36m304[0m 0.459 ms - -[0m
2026-08-03 06:52:23 [INFO]: [0mGET /js/profile.js [36m304[0m 0.706 ms - -[0m
2026-08-03 06:52:23 [INFO]: [0mGET /js/footer.js [36m304[0m 1.039 ms - -[0m
2026-08-03 06:52:23 [INFO]: [0mGET /css/variables.css [36m304[0m 0.204 ms - -[0m
2026-08-03 06:52:23 [INFO]: [0mGET /css/utilities.css [36m304[0m 0.267 ms - -[0m
2026-08-03 06:52:23 [INFO]: [0mGET /css/animations.css [36m304[0m 0.468 ms - -[0m
2026-08-03 06:52:23 [INFO]: [0mGET /css/announcement.css [36m304[0m 0.365 ms - -[0m
2026-08-03 06:52:23 [INFO]: [0mGET /css/header.css [36m304[0m 0.195 ms - -[0m
2026-08-03 06:52:23 [INFO]: [0mGET /css/hero.css [36m304[0m 0.310 ms - -[0m
2026-08-03 06:52:23 [INFO]: [0mGET /css/featured.css [36m304[0m 0.223 ms - -[0m
2026-08-03 06:52:23 [INFO]: [0mGET /css/why-choose.css [36m304[0m 0.133 ms - -[0m
2026-08-03 06:52:23 [INFO]: [0mGET /css/footer.css [36m304[0m 0.223 ms - -[0m
2026-08-03 06:52:23 [INFO]: [0mGET /css/auth.css [36m304[0m 0.406 ms - -[0m
2026-08-03 06:52:23 [INFO]: [0mGET /css/verify.css [36m304[0m 0.336 ms - -[0m
2026-08-03 06:52:24 [INFO]: [0mGET /js/admin/layout.js [33m404[0m 69.845 ms - 82[0m
2026-08-03 06:52:24 [INFO]: [0mGET /vendor/bootstrap/js/bootstrap.bundle.min.js [33m404[0m 91.611 ms - 107[0m
2026-08-03 06:52:24 [INFO]: [0mGET /admin/dashboard [36m304[0m 153.743 ms - -[0m
2026-08-03 06:52:24 [INFO]: [0mGET /css/style.css [36m304[0m 0.393 ms - -[0m
2026-08-03 06:52:24 [INFO]: [0mGET /css/admin/layout.css [36m304[0m 0.499 ms - -[0m
2026-08-03 06:52:24 [INFO]: [0mGET /images/logo/plantora.png [36m304[0m 0.742 ms - -[0m
2026-08-03 06:52:24 [INFO]: [0mGET /js/notification.js [36m304[0m 0.966 ms - -[0m
2026-08-03 06:52:24 [INFO]: [0mGET /js/profile.js [36m304[0m 0.962 ms - -[0m
2026-08-03 06:52:24 [INFO]: [0mGET /js/footer.js [36m304[0m 0.169 ms - -[0m
2026-08-03 06:52:24 [INFO]: [0mGET /css/variables.css [36m304[0m 0.137 ms - -[0m
2026-08-03 06:52:24 [INFO]: [0mGET /css/utilities.css [36m304[0m 0.242 ms - -[0m
2026-08-03 06:52:24 [INFO]: [0mGET /css/announcement.css [36m304[0m 0.245 ms - -[0m
2026-08-03 06:52:24 [INFO]: [0mGET /css/animations.css [36m304[0m 0.473 ms - -[0m
2026-08-03 06:52:24 [INFO]: [0mGET /css/header.css [36m304[0m 0.083 ms - -[0m
2026-08-03 06:52:24 [INFO]: [0mGET /css/hero.css [36m304[0m 0.314 ms - -[0m
2026-08-03 06:52:24 [INFO]: [0mGET /css/featured.css [36m304[0m 0.138 ms - -[0m
2026-08-03 06:52:24 [INFO]: [0mGET /css/why-choose.css [36m304[0m 0.390 ms - -[0m
2026-08-03 06:52:24 [INFO]: [0mGET /css/footer.css [36m304[0m 0.354 ms - -[0m
2026-08-03 06:52:24 [INFO]: [0mGET /css/auth.css [36m304[0m 0.262 ms - -[0m
2026-08-03 06:52:24 [INFO]: [0mGET /css/verify.css [36m304[0m 0.126 ms - -[0m
2026-08-03 06:52:24 [INFO]: [0mGET /js/admin/layout.js [33m404[0m 70.357 ms - 82[0m
2026-08-03 06:52:24 [INFO]: [0mGET /vendor/bootstrap/js/bootstrap.bundle.min.js [33m404[0m 93.899 ms - 107[0m
2026-08-03 06:52:33 [INFO]: [0mGET /admin/dashboard [36m304[0m 153.227 ms - -[0m
2026-08-03 06:52:33 [INFO]: [0mGET /css/style.css [36m304[0m 0.319 ms - -[0m
2026-08-03 06:52:33 [INFO]: [0mGET /images/logo/plantora.png [36m304[0m 0.290 ms - -[0m
2026-08-03 06:52:33 [INFO]: [0mGET /css/admin/layout.css [32m200[0m 1.169 ms - -[0m
2026-08-03 06:52:33 [INFO]: [0mGET /css/variables.css [36m304[0m 0.460 ms - -[0m
2026-08-03 06:52:33 [INFO]: [0mGET /js/notification.js [36m304[0m 0.752 ms - -[0m
2026-08-03 06:52:33 [INFO]: [0mGET /js/profile.js [36m304[0m 1.087 ms - -[0m
2026-08-03 06:52:33 [INFO]: [0mGET /css/utilities.css [36m304[0m 0.246 ms - -[0m
2026-08-03 06:52:33 [INFO]: [0mGET /css/animations.css [36m304[0m 0.438 ms - -[0m
2026-08-03 06:52:33 [INFO]: [0mGET /css/announcement.css [36m304[0m 0.161 ms - -[0m
2026-08-03 06:52:33 [INFO]: [0mGET /css/header.css [36m304[0m 0.273 ms - -[0m
2026-08-03 06:52:33 [INFO]: [0mGET /css/hero.css [36m304[0m 0.684 ms - -[0m
2026-08-03 06:52:33 [INFO]: [0mGET /css/featured.css [36m304[0m 0.587 ms - -[0m
2026-08-03 06:52:33 [INFO]: [0mGET /css/why-choose.css [36m304[0m 0.540 ms - -[0m
2026-08-03 06:52:33 [INFO]: [0mGET /css/footer.css [36m304[0m 1.207 ms - -[0m
2026-08-03 06:52:33 [INFO]: [0mGET /css/auth.css [36m304[0m 0.372 ms - -[0m
2026-08-03 06:52:33 [INFO]: [0mGET /css/verify.css [36m304[0m 0.530 ms - -[0m
2026-08-03 06:52:33 [INFO]: [0mGET /js/footer.js [36m304[0m 0.683 ms - -[0m
2026-08-03 06:52:34 [INFO]: [0mGET /js/admin/layout.js [33m404[0m 70.660 ms - 82[0m
2026-08-03 06:52:34 [INFO]: [0mGET /vendor/bootstrap/js/bootstrap.bundle.min.js [33m404[0m 94.007 ms - 107[0m
2026-08-03 06:52:34 [INFO]: [0mGET /admin/dashboard [36m304[0m 144.896 ms - -[0m
2026-08-03 06:52:34 [INFO]: [0mGET /css/style.css [36m304[0m 0.653 ms - -[0m
2026-08-03 06:52:34 [INFO]: [0mGET /css/admin/layout.css [36m304[0m 0.781 ms - -[0m
2026-08-03 06:52:34 [INFO]: [0mGET /images/logo/plantora.png [36m304[0m 1.090 ms - -[0m
2026-08-03 06:52:34 [INFO]: [0mGET /js/notification.js [36m304[0m 0.931 ms - -[0m
2026-08-03 06:52:34 [INFO]: [0mGET /js/profile.js [36m304[0m 0.979 ms - -[0m
2026-08-03 06:52:34 [INFO]: [0mGET /js/footer.js [36m304[0m 1.127 ms - -[0m
2026-08-03 06:52:34 [INFO]: [0mGET /css/variables.css [36m304[0m 0.207 ms - -[0m
2026-08-03 06:52:34 [INFO]: [0mGET /css/utilities.css [36m304[0m 0.542 ms - -[0m
2026-08-03 06:52:34 [INFO]: [0mGET /css/animations.css [36m304[0m 0.474 ms - -[0m
2026-08-03 06:52:34 [INFO]: [0mGET /css/announcement.css [36m304[0m 0.153 ms - -[0m
2026-08-03 06:52:34 [INFO]: [0mGET /css/header.css [36m304[0m 0.425 ms - -[0m
2026-08-03 06:52:34 [INFO]: [0mGET /css/hero.css [36m304[0m 0.534 ms - -[0m
2026-08-03 06:52:34 [INFO]: [0mGET /css/featured.css [36m304[0m 0.728 ms - -[0m
2026-08-03 06:52:34 [INFO]: [0mGET /css/why-choose.css [36m304[0m 0.450 ms - -[0m
2026-08-03 06:52:34 [INFO]: [0mGET /css/footer.css [36m304[0m 0.665 ms - -[0m
2026-08-03 06:52:34 [INFO]: [0mGET /css/auth.css [36m304[0m 0.433 ms - -[0m
2026-08-03 06:52:34 [INFO]: [0mGET /css/verify.css [36m304[0m 0.934 ms - -[0m
2026-08-03 06:52:34 [INFO]: [0mGET /js/admin/layout.js [33m404[0m 70.823 ms - 82[0m
2026-08-03 06:52:34 [INFO]: [0mGET /vendor/bootstrap/js/bootstrap.bundle.min.js [33m404[0m 96.144 ms - 107[0m
2026-08-03 06:52:50 [INFO]: [0mGET /admin/dashboard [36m304[0m 146.414 ms - -[0m
2026-08-03 06:52:50 [INFO]: [0mGET /css/style.css [36m304[0m 0.363 ms - -[0m
2026-08-03 06:52:50 [INFO]: [0mGET /images/logo/plantora.png [36m304[0m 0.193 ms - -[0m
2026-08-03 06:52:50 [INFO]: [0mGET /css/admin/layout.css [32m200[0m 2.056 ms - -[0m
2026-08-03 06:52:50 [INFO]: [0mGET /js/notification.js [36m304[0m 0.291 ms - -[0m
2026-08-03 06:52:50 [INFO]: [0mGET /css/variables.css [36m304[0m 0.384 ms - -[0m
2026-08-03 06:52:50 [INFO]: [0mGET /css/utilities.css [36m304[0m 0.648 ms - -[0m
2026-08-03 06:52:50 [INFO]: [0mGET /css/animations.css [36m304[0m 0.451 ms - -[0m
2026-08-03 06:52:50 [INFO]: [0mGET /css/announcement.css [36m304[0m 0.164 ms - -[0m
2026-08-03 06:52:50 [INFO]: [0mGET /css/header.css [36m304[0m 0.425 ms - -[0m
2026-08-03 06:52:50 [INFO]: [0mGET /css/hero.css [36m304[0m 0.674 ms - -[0m
2026-08-03 06:52:50 [INFO]: [0mGET /css/featured.css [36m304[0m 0.568 ms - -[0m
2026-08-03 06:52:50 [INFO]: [0mGET /css/why-choose.css [36m304[0m 0.446 ms - -[0m
2026-08-03 06:52:50 [INFO]: [0mGET /css/footer.css [36m304[0m 0.743 ms - -[0m
2026-08-03 06:52:50 [INFO]: [0mGET /css/auth.css [36m304[0m 0.653 ms - -[0m
2026-08-03 06:52:50 [INFO]: [0mGET /css/verify.css [36m304[0m 0.563 ms - -[0m
2026-08-03 06:52:50 [INFO]: [0mGET /js/profile.js [36m304[0m 0.731 ms - -[0m
2026-08-03 06:52:50 [INFO]: [0mGET /js/footer.js [36m304[0m 0.254 ms - -[0m
2026-08-03 06:52:50 [INFO]: [0mGET /js/admin/layout.js [33m404[0m 71.293 ms - 82[0m
2026-08-03 06:52:50 [INFO]: [0mGET /vendor/bootstrap/js/bootstrap.bundle.min.js [33m404[0m 93.678 ms - 107[0m
2026-08-03 06:53:11 [INFO]: [0mGET /admin/dashboard [36m304[0m 142.212 ms - -[0m
2026-08-03 06:53:11 [INFO]: [0mGET /css/style.css [36m304[0m 0.414 ms - -[0m
2026-08-03 06:53:11 [INFO]: [0mGET /images/logo/plantora.png [36m304[0m 0.191 ms - -[0m
2026-08-03 06:53:11 [INFO]: [0mGET /css/admin/layout.css [32m200[0m 1.128 ms - -[0m
2026-08-03 06:53:11 [INFO]: [0mGET /js/notification.js [36m304[0m 0.201 ms - -[0m
2026-08-03 06:53:11 [INFO]: [0mGET /js/profile.js [36m304[0m 0.399 ms - -[0m
2026-08-03 06:53:11 [INFO]: [0mGET /js/footer.js [36m304[0m 0.297 ms - -[0m
2026-08-03 06:53:11 [INFO]: [0mGET /css/variables.css [36m304[0m 0.195 ms - -[0m
2026-08-03 06:53:11 [INFO]: [0mGET /css/utilities.css [36m304[0m 0.317 ms - -[0m
2026-08-03 06:53:11 [INFO]: [0mGET /css/animations.css [36m304[0m 0.149 ms - -[0m
2026-08-03 06:53:11 [INFO]: [0mGET /css/announcement.css [36m304[0m 0.164 ms - -[0m
2026-08-03 06:53:11 [INFO]: [0mGET /css/header.css [36m304[0m 0.173 ms - -[0m
2026-08-03 06:53:11 [INFO]: [0mGET /css/hero.css [36m304[0m 0.352 ms - -[0m
2026-08-03 06:53:11 [INFO]: [0mGET /css/featured.css [36m304[0m 0.418 ms - -[0m
2026-08-03 06:53:11 [INFO]: [0mGET /css/why-choose.css [36m304[0m 0.443 ms - -[0m
2026-08-03 06:53:11 [INFO]: [0mGET /css/footer.css [36m304[0m 0.280 ms - -[0m
2026-08-03 06:53:11 [INFO]: [0mGET /css/auth.css [36m304[0m 0.200 ms - -[0m
2026-08-03 06:53:11 [INFO]: [0mGET /css/verify.css [36m304[0m 0.269 ms - -[0m
2026-08-03 06:53:11 [INFO]: [0mGET /js/admin/layout.js [33m404[0m 79.270 ms - 82[0m
2026-08-03 06:53:11 [INFO]: [0mGET /vendor/bootstrap/js/bootstrap.bundle.min.js [33m404[0m 92.935 ms - 107[0m
2026-08-03 06:53:37 [INFO]: [0mGET /admin/dashboard [36m304[0m 138.703 ms - -[0m
2026-08-03 06:53:37 [INFO]: [0mGET /css/style.css [36m304[0m 0.272 ms - -[0m
2026-08-03 06:53:37 [INFO]: [0mGET /images/logo/plantora.png [36m304[0m 0.371 ms - -[0m
2026-08-03 06:53:37 [INFO]: [0mGET /css/admin/layout.css [32m200[0m 1.520 ms - -[0m
2026-08-03 06:53:37 [INFO]: [0mGET /js/notification.js [36m304[0m 0.451 ms - -[0m
2026-08-03 06:53:37 [INFO]: [0mGET /js/profile.js [36m304[0m 0.547 ms - -[0m
2026-08-03 06:53:37 [INFO]: [0mGET /js/footer.js [36m304[0m 0.245 ms - -[0m
2026-08-03 06:53:37 [INFO]: [0mGET /css/variables.css [36m304[0m 0.279 ms - -[0m
2026-08-03 06:53:37 [INFO]: [0mGET /css/utilities.css [36m304[0m 0.097 ms - -[0m
2026-08-03 06:53:37 [INFO]: [0mGET /css/animations.css [36m304[0m 0.098 ms - -[0m
2026-08-03 06:53:37 [INFO]: [0mGET /css/announcement.css [36m304[0m 0.166 ms - -[0m
2026-08-03 06:53:37 [INFO]: [0mGET /css/header.css [36m304[0m 0.365 ms - -[0m
2026-08-03 06:53:37 [INFO]: [0mGET /css/hero.css [36m304[0m 0.285 ms - -[0m
2026-08-03 06:53:37 [INFO]: [0mGET /css/featured.css [36m304[0m 0.221 ms - -[0m
2026-08-03 06:53:37 [INFO]: [0mGET /css/why-choose.css [36m304[0m 0.422 ms - -[0m
2026-08-03 06:53:37 [INFO]: [0mGET /css/footer.css [36m304[0m 0.270 ms - -[0m
2026-08-03 06:53:37 [INFO]: [0mGET /css/auth.css [36m304[0m 0.351 ms - -[0m
2026-08-03 06:53:37 [INFO]: [0mGET /css/verify.css [36m304[0m 0.396 ms - -[0m
2026-08-03 06:53:37 [INFO]: [0mGET /js/admin/layout.js [33m404[0m 73.108 ms - 82[0m
2026-08-03 06:53:37 [INFO]: [0mGET /vendor/bootstrap/js/bootstrap.bundle.min.js [33m404[0m 96.024 ms - 107[0m
2026-08-03 06:53:45 [INFO]: [0mGET / [36m304[0m 100.048 ms - -[0m
2026-08-03 06:53:45 [INFO]: [0mGET /css/style.css [36m304[0m 1.023 ms - -[0m
2026-08-03 06:53:45 [INFO]: [0mGET /images/logo/plantora.png [36m304[0m 0.629 ms - -[0m
2026-08-03 06:53:45 [INFO]: [0mGET /images/hero/hero-placeholder.png [36m304[0m 0.183 ms - -[0m
2026-08-03 06:53:45 [INFO]: [0mGET /images/hero/monstera-plant.jpg [36m304[0m 0.159 ms - -[0m
2026-08-03 06:53:45 [INFO]: [0mGET /js/featured.js [36m304[0m 0.420 ms - -[0m
2026-08-03 06:53:45 [INFO]: [0mGET /js/header.js [36m304[0m 0.541 ms - -[0m
2026-08-03 06:53:45 [INFO]: [0mGET /js/why-choose.js [36m304[0m 0.684 ms - -[0m
2026-08-03 06:53:45 [INFO]: [0mGET /css/variables.css [36m304[0m 0.110 ms - -[0m
2026-08-03 06:53:45 [INFO]: [0mGET /css/utilities.css [36m304[0m 0.515 ms - -[0m
2026-08-03 06:53:45 [INFO]: [0mGET /css/animations.css [36m304[0m 0.470 ms - -[0m
2026-08-03 06:53:45 [INFO]: [0mGET /css/announcement.css [36m304[0m 0.530 ms - -[0m
2026-08-03 06:53:45 [INFO]: [0mGET /css/header.css [36m304[0m 0.645 ms - -[0m
2026-08-03 06:53:45 [INFO]: [0mGET /css/hero.css [36m304[0m 0.930 ms - -[0m
2026-08-03 06:53:45 [INFO]: [0mGET /css/featured.css [36m304[0m 1.180 ms - -[0m
2026-08-03 06:53:45 [INFO]: [0mGET /css/why-choose.css [36m304[0m 1.116 ms - -[0m
2026-08-03 06:53:45 [INFO]: [0mGET /css/footer.css [36m304[0m 1.061 ms - -[0m
2026-08-03 06:53:45 [INFO]: [0mGET /css/auth.css [36m304[0m 1.040 ms - -[0m
2026-08-03 06:53:45 [INFO]: [0mGET /css/verify.css [36m304[0m 1.457 ms - -[0m
2026-08-03 06:53:45 [INFO]: [0mGET /js/notification.js [36m304[0m 0.371 ms - -[0m
2026-08-03 06:53:45 [INFO]: [0mGET /js/footer.js [36m304[0m 0.656 ms - -[0m
2026-08-03 06:53:45 [INFO]: [0mGET /js/auth.js [36m304[0m 0.163 ms - -[0m
2026-08-03 06:53:45 [INFO]: [0mGET /images/hero/snake-plant.jpg [36m304[0m 0.523 ms - -[0m
2026-08-03 06:53:45 [INFO]: [0mGET /images/hero/peace-lily.jpg [36m304[0m 0.654 ms - -[0m
2026-08-03 06:53:45 [INFO]: [0mGET /images/hero/tulip-plant.jpg [36m304[0m 0.176 ms - -[0m
2026-08-03 06:53:45 [INFO]: [0mGET /images/hero/rubber-plant.jpg [36m304[0m 0.130 ms - -[0m
2026-08-03 06:53:45 [INFO]: [0mGET /images/hero/aloe-vera.jpg [36m304[0m 2.827 ms - -[0m
2026-08-03 06:53:45 [INFO]: [0mGET /images/hero/areca-palm.jpg [36m304[0m 0.262 ms - -[0m
2026-08-03 06:53:45 [INFO]: [0mGET /images/hero/jade-plant.jpg [36m304[0m 0.178 ms - -[0m
2026-08-03 06:53:45 [INFO]: [0mGET /images/hero/golden-pothos.jpg [36m304[0m 0.134 ms - -[0m
2026-08-03 06:53:45 [INFO]: [0mGET /images/hero/fiddle-leaf-fig.jpg [36m304[0m 0.386 ms - -[0m
2026-08-03 06:53:45 [INFO]: [0mGET /images/hero/why-choose.jpg [36m304[0m 0.569 ms - -[0m
2026-08-03 06:53:45 [INFO]: [0mGET /images/logo/plantora-orgn-white.png [36m304[0m 0.224 ms - -[0m
2026-08-03 06:54:27 [INFO]: [0mGET /admin/dashboard [36m304[0m 142.235 ms - -[0m
2026-08-03 06:54:27 [INFO]: [0mGET /css/style.css [36m304[0m 0.231 ms - -[0m
2026-08-03 06:54:27 [INFO]: [0mGET /images/logo/plantora.png [36m304[0m 0.579 ms - -[0m
2026-08-03 06:54:27 [INFO]: [0mGET /css/admin/layout.css [32m200[0m 0.787 ms - -[0m
2026-08-03 06:54:27 [INFO]: [0mGET /js/notification.js [36m304[0m 0.583 ms - -[0m
2026-08-03 06:54:27 [INFO]: [0mGET /js/profile.js [36m304[0m 0.954 ms - -[0m
2026-08-03 06:54:27 [INFO]: [0mGET /js/footer.js [36m304[0m 0.140 ms - -[0m
2026-08-03 06:54:27 [INFO]: [0mGET /css/variables.css [36m304[0m 0.248 ms - -[0m
2026-08-03 06:54:27 [INFO]: [0mGET /css/utilities.css [36m304[0m 0.117 ms - -[0m
2026-08-03 06:54:27 [INFO]: [0mGET /css/animations.css [36m304[0m 0.303 ms - -[0m
2026-08-03 06:54:27 [INFO]: [0mGET /css/announcement.css [36m304[0m 0.239 ms - -[0m
2026-08-03 06:54:27 [INFO]: [0mGET /css/header.css [36m304[0m 0.870 ms - -[0m
2026-08-03 06:54:27 [INFO]: [0mGET /css/hero.css [36m304[0m 0.368 ms - -[0m
2026-08-03 06:54:27 [INFO]: [0mGET /css/featured.css [36m304[0m 0.145 ms - -[0m
2026-08-03 06:54:27 [INFO]: [0mGET /css/why-choose.css [36m304[0m 0.200 ms - -[0m
2026-08-03 06:54:27 [INFO]: [0mGET /css/footer.css [36m304[0m 0.129 ms - -[0m
2026-08-03 06:54:27 [INFO]: [0mGET /css/auth.css [36m304[0m 0.225 ms - -[0m
2026-08-03 06:54:27 [INFO]: [0mGET /css/verify.css [36m304[0m 0.078 ms - -[0m
2026-08-03 06:54:27 [INFO]: [0mGET /js/admin/layout.js [33m404[0m 73.396 ms - 82[0m
2026-08-03 06:54:27 [INFO]: [0mGET /vendor/bootstrap/js/bootstrap.bundle.min.js [33m404[0m 94.589 ms - 107[0m
2026-08-03 06:54:41 [INFO]: [0mGET /admin/dashboard [36m304[0m 140.437 ms - -[0m
2026-08-03 06:54:41 [INFO]: [0mGET /css/style.css [36m304[0m 0.294 ms - -[0m
2026-08-03 06:54:41 [INFO]: [0mGET /images/logo/plantora.png [36m304[0m 0.160 ms - -[0m
2026-08-03 06:54:41 [INFO]: [0mGET /css/admin/layout.css [32m200[0m 2.075 ms - -[0m
2026-08-03 06:54:41 [INFO]: [0mGET /js/notification.js [36m304[0m 0.470 ms - -[0m
2026-08-03 06:54:41 [INFO]: [0mGET /js/profile.js [36m304[0m 0.728 ms - -[0m
2026-08-03 06:54:41 [INFO]: [0mGET /js/footer.js [36m304[0m 0.219 ms - -[0m
2026-08-03 06:54:41 [INFO]: [0mGET /css/variables.css [36m304[0m 0.194 ms - -[0m
2026-08-03 06:54:41 [INFO]: [0mGET /css/utilities.css [36m304[0m 0.249 ms - -[0m
2026-08-03 06:54:41 [INFO]: [0mGET /css/animations.css [36m304[0m 0.341 ms - -[0m
2026-08-03 06:54:41 [INFO]: [0mGET /css/announcement.css [36m304[0m 0.130 ms - -[0m
2026-08-03 06:54:41 [INFO]: [0mGET /css/header.css [36m304[0m 0.154 ms - -[0m
2026-08-03 06:54:41 [INFO]: [0mGET /css/hero.css [36m304[0m 0.503 ms - -[0m
2026-08-03 06:54:41 [INFO]: [0mGET /css/featured.css [36m304[0m 0.572 ms - -[0m
2026-08-03 06:54:41 [INFO]: [0mGET /css/why-choose.css [36m304[0m 0.485 ms - -[0m
2026-08-03 06:54:41 [INFO]: [0mGET /css/footer.css [36m304[0m 0.307 ms - -[0m
2026-08-03 06:54:41 [INFO]: [0mGET /css/auth.css [36m304[0m 0.230 ms - -[0m
2026-08-03 06:54:41 [INFO]: [0mGET /css/verify.css [36m304[0m 0.116 ms - -[0m
2026-08-03 06:54:41 [INFO]: [0mGET /js/admin/layout.js [33m404[0m 69.513 ms - 82[0m
2026-08-03 06:54:41 [INFO]: [0mGET /vendor/bootstrap/js/bootstrap.bundle.min.js [33m404[0m 92.026 ms - 107[0m
2026-08-03 06:56:43 [INFO]: MongoDB connected successfully.
2026-08-03 06:56:46 [INFO]: Email server connected successfully.
2026-08-03 06:56:46 [INFO]: Server is running on port 5132.
2026-08-03 06:57:50 [INFO]: MongoDB connected successfully.
2026-08-03 06:57:53 [INFO]: Email server connected successfully.
2026-08-03 06:57:53 [INFO]: Server is running on port 5132.
2026-08-03 07:00:00 [INFO]: SIGINT received. Shutting down server...
2026-08-03 07:00:02 [INFO]: MongoDB connected successfully.
2026-08-03 07:00:05 [INFO]: Email server connected successfully.
2026-08-03 07:00:05 [INFO]: Server is running on port 5132.
2026-08-03 07:00:05 [INFO]: [0mGET /admin/dashboard [32m200[0m 144.131 ms - -[0m
2026-08-03 07:00:05 [INFO]: [0mGET /css/style.css [36m304[0m 2.861 ms - -[0m
2026-08-03 07:00:05 [INFO]: [0mGET /images/logo/plantora.png [36m304[0m 2.377 ms - -[0m
2026-08-03 07:00:05 [INFO]: [0mGET /css/admin/layout.css [32m200[0m 3.790 ms - -[0m
2026-08-03 07:00:05 [INFO]: [0mGET /js/header.js [36m304[0m 1.071 ms - -[0m
2026-08-03 07:00:05 [INFO]: [0mGET /js/admin/layout.js [32m200[0m 2.019 ms - -[0m
2026-08-03 07:00:05 [INFO]: [0mGET /css/variables.css [36m304[0m 0.622 ms - -[0m
2026-08-03 07:00:05 [INFO]: [0mGET /css/utilities.css [36m304[0m 0.304 ms - -[0m
2026-08-03 07:00:05 [INFO]: [0mGET /css/header.css [36m304[0m 0.500 ms - -[0m
2026-08-03 07:00:05 [INFO]: [0mGET /css/hero.css [36m304[0m 0.664 ms - -[0m
2026-08-03 07:00:05 [INFO]: [0mGET /css/animations.css [36m304[0m 0.876 ms - -[0m
2026-08-03 07:00:05 [INFO]: [0mGET /css/announcement.css [36m304[0m 1.050 ms - -[0m
2026-08-03 07:00:05 [INFO]: [0mGET /css/featured.css [36m304[0m 0.249 ms - -[0m
2026-08-03 07:00:05 [INFO]: [0mGET /css/why-choose.css [36m304[0m 0.453 ms - -[0m
2026-08-03 07:00:05 [INFO]: [0mGET /css/footer.css [36m304[0m 0.571 ms - -[0m
2026-08-03 07:00:05 [INFO]: [0mGET /css/auth.css [36m304[0m 0.714 ms - -[0m
2026-08-03 07:00:05 [INFO]: [0mGET /css/verify.css [36m304[0m 0.895 ms - -[0m
2026-08-03 07:00:05 [INFO]: [0mGET /vendor/bootstrap/js/bootstrap.bundle.min.js [33m404[0m 91.804 ms - 107[0m
2026-08-03 07:02:06 [INFO]: [0mGET /css/style.css [36m304[0m 0.498 ms - -[0m
2026-08-03 07:02:06 [INFO]: [0mGET /css/variables.css [36m304[0m 1.404 ms - -[0m
2026-08-03 07:02:06 [INFO]: [0mGET /css/hero.css [36m304[0m 1.571 ms - -[0m
2026-08-03 07:02:06 [INFO]: [0mGET /css/utilities.css [36m304[0m 1.875 ms - -[0m
2026-08-03 07:02:06 [INFO]: [0mGET /css/animations.css [36m304[0m 2.103 ms - -[0m
2026-08-03 07:02:06 [INFO]: [0mGET /css/announcement.css [36m304[0m 2.288 ms - -[0m
2026-08-03 07:02:06 [INFO]: [0mGET /css/header.css [36m304[0m 2.459 ms - -[0m
2026-08-03 07:02:06 [INFO]: [0mGET /css/featured.css [36m304[0m 0.254 ms - -[0m
2026-08-03 07:02:06 [INFO]: [0mGET /css/why-choose.css [36m304[0m 0.665 ms - -[0m
2026-08-03 07:02:06 [INFO]: [0mGET /css/footer.css [36m304[0m 1.111 ms - -[0m
2026-08-03 07:02:06 [INFO]: [0mGET /css/auth.css [36m304[0m 1.320 ms - -[0m
2026-08-03 07:02:06 [INFO]: [0mGET /css/verify.css [36m304[0m 1.492 ms - -[0m
2026-08-03 07:02:06 [INFO]: [0mGET /css/admin/layout.css [36m304[0m 1.948 ms - -[0m
2026-08-03 07:02:06 [INFO]: [0mGET /.well-known/appspecific/com.chrome.devtools.json [33m404[0m 86.295 ms - 112[0m
2026-08-03 07:11:54 [INFO]: [0mGET /admin/dashboard [32m200[0m 121.553 ms - -[0m
2026-08-03 07:11:54 [INFO]: [0mGET /css/style.css [36m304[0m 1.772 ms - -[0m
2026-08-03 07:11:54 [INFO]: [0mGET /images/logo/plantora.png [36m304[0m 1.989 ms - -[0m
2026-08-03 07:11:54 [INFO]: [0mGET /css/admin/layout.css [32m200[0m 5.483 ms - -[0m
2026-08-03 07:11:54 [INFO]: [0mGET /js/admin/layout.js [36m304[0m 1.351 ms - -[0m
2026-08-03 07:11:54 [INFO]: [0mGET /js/header.js [36m304[0m 1.833 ms - -[0m
2026-08-03 07:11:54 [INFO]: [0mGET /css/variables.css [36m304[0m 0.428 ms - -[0m
2026-08-03 07:11:54 [INFO]: [0mGET /css/utilities.css [36m304[0m 0.767 ms - -[0m
2026-08-03 07:11:54 [INFO]: [0mGET /css/animations.css [36m304[0m 1.182 ms - -[0m
2026-08-03 07:11:54 [INFO]: [0mGET /css/announcement.css [36m304[0m 0.694 ms - -[0m
2026-08-03 07:11:54 [INFO]: [0mGET /css/header.css [36m304[0m 0.550 ms - -[0m
2026-08-03 07:11:54 [INFO]: [0mGET /css/hero.css [36m304[0m 0.899 ms - -[0m
2026-08-03 07:11:54 [INFO]: [0mGET /css/featured.css [36m304[0m 0.697 ms - -[0m
2026-08-03 07:11:54 [INFO]: [0mGET /css/why-choose.css [36m304[0m 0.688 ms - -[0m
2026-08-03 07:11:54 [INFO]: [0mGET /css/footer.css [36m304[0m 0.854 ms - -[0m
2026-08-03 07:11:54 [INFO]: [0mGET /css/auth.css [36m304[0m 0.939 ms - -[0m
2026-08-03 07:11:54 [INFO]: [0mGET /css/verify.css [36m304[0m 0.617 ms - -[0m
2026-08-03 07:11:54 [INFO]: [0mGET /.well-known/appspecific/com.chrome.devtools.json [33m404[0m 84.195 ms - 112[0m
2026-08-03 07:11:54 [INFO]: [0mGET /vendor/bootstrap/js/bootstrap.bundle.min.js [33m404[0m 92.940 ms - 107[0m
2026-08-03 07:11:59 [INFO]: [0mGET /auth/profile [36m304[0m 190.429 ms - -[0m
2026-08-03 07:11:59 [INFO]: [0mGET /css/style.css [36m304[0m 0.932 ms - -[0m
2026-08-03 07:11:59 [INFO]: [0mGET /css/profile.css [36m304[0m 1.393 ms - -[0m
2026-08-03 07:11:59 [INFO]: [0mGET /images/logo/plantora.png [36m304[0m 1.806 ms - -[0m
2026-08-03 07:11:59 [INFO]: [0mGET /js/profile.js [36m304[0m 0.917 ms - -[0m
2026-08-03 07:11:59 [INFO]: [0mGET /images/logo/plantora-orgn-white.png [36m304[0m 1.276 ms - -[0m
2026-08-03 07:11:59 [INFO]: [0mGET /js/header.js [36m304[0m 1.751 ms - -[0m
2026-08-03 07:11:59 [INFO]: [0mGET /js/featured.js [36m304[0m 0.864 ms - -[0m
2026-08-03 07:11:59 [INFO]: [0mGET /js/why-choose.js [36m304[0m 1.165 ms - -[0m
2026-08-03 07:12:00 [INFO]: [0mGET /css/variables.css [36m304[0m 0.395 ms - -[0m
2026-08-03 07:12:00 [INFO]: [0mGET /css/utilities.css [36m304[0m 0.882 ms - -[0m
2026-08-03 07:12:00 [INFO]: [0mGET /css/animations.css [36m304[0m 1.120 ms - -[0m
2026-08-03 07:12:00 [INFO]: [0mGET /css/announcement.css [36m304[0m 1.492 ms - -[0m
2026-08-03 07:12:00 [INFO]: [0mGET /css/header.css [36m304[0m 2.104 ms - -[0m
2026-08-03 07:12:00 [INFO]: [0mGET /css/hero.css [36m304[0m 2.424 ms - -[0m
2026-08-03 07:12:00 [INFO]: [0mGET /css/featured.css [36m304[0m 1.545 ms - -[0m
2026-08-03 07:12:00 [INFO]: [0mGET /css/why-choose.css [36m304[0m 0.703 ms - -[0m
2026-08-03 07:12:00 [INFO]: [0mGET /css/auth.css [36m304[0m 0.896 ms - -[0m
2026-08-03 07:12:00 [INFO]: [0mGET /css/footer.css [36m304[0m 1.264 ms - -[0m
2026-08-03 07:12:00 [INFO]: [0mGET /css/verify.css [36m304[0m 0.296 ms - -[0m
2026-08-03 07:12:00 [INFO]: [0mGET /js/notification.js [36m304[0m 0.823 ms - -[0m
2026-08-03 07:12:00 [INFO]: [0mGET /js/footer.js [36m304[0m 0.688 ms - -[0m
2026-08-03 07:12:00 [INFO]: [0mGET /js/auth.js [36m304[0m 0.235 ms - -[0m
2026-08-03 07:12:07 [INFO]: [0mGET /admin/dashboard [36m304[0m 142.375 ms - -[0m
2026-08-03 07:12:07 [INFO]: [0mGET /css/style.css [36m304[0m 0.853 ms - -[0m
2026-08-03 07:12:07 [INFO]: [0mGET /css/admin/layout.css [36m304[0m 0.877 ms - -[0m
2026-08-03 07:12:07 [INFO]: [0mGET /images/logo/plantora.png [36m304[0m 0.207 ms - -[0m
2026-08-03 07:12:07 [INFO]: [0mGET /js/admin/layout.js [36m304[0m 0.399 ms - -[0m
2026-08-03 07:12:07 [INFO]: [0mGET /js/header.js [36m304[0m 0.650 ms - -[0m
2026-08-03 07:12:07 [INFO]: [0mGET /css/variables.css [36m304[0m 0.766 ms - -[0m
2026-08-03 07:12:07 [INFO]: [0mGET /css/utilities.css [36m304[0m 0.962 ms - -[0m
2026-08-03 07:12:07 [INFO]: [0mGET /css/animations.css [36m304[0m 1.270 ms - -[0m
2026-08-03 07:12:07 [INFO]: [0mGET /css/announcement.css [36m304[0m 0.405 ms - -[0m
2026-08-03 07:12:07 [INFO]: [0mGET /css/hero.css [36m304[0m 0.671 ms - -[0m
2026-08-03 07:12:07 [INFO]: [0mGET /css/featured.css [36m304[0m 0.803 ms - -[0m
2026-08-03 07:12:07 [INFO]: [0mGET /css/why-choose.css [36m304[0m 1.049 ms - -[0m
2026-08-03 07:12:07 [INFO]: [0mGET /css/header.css [36m304[0m 1.252 ms - -[0m
2026-08-03 07:12:07 [INFO]: [0mGET /css/footer.css [36m304[0m 0.716 ms - -[0m
2026-08-03 07:12:07 [INFO]: [0mGET /css/auth.css [36m304[0m 0.373 ms - -[0m
2026-08-03 07:12:07 [INFO]: [0mGET /css/verify.css [36m304[0m 0.511 ms - -[0m
2026-08-03 07:12:07 [INFO]: [0mGET /vendor/bootstrap/js/bootstrap.bundle.min.js [33m404[0m 93.162 ms - 107[0m
2026-08-03 07:12:16 [INFO]: [0mGET /admin/dashboard [32m200[0m 138.605 ms - -[0m
2026-08-03 07:12:16 [INFO]: [0mGET /css/style.css [36m304[0m 1.019 ms - -[0m
2026-08-03 07:12:16 [INFO]: [0mGET /css/admin/layout.css [36m304[0m 1.149 ms - -[0m
2026-08-03 07:12:16 [INFO]: [0mGET /images/logo/plantora.png [36m304[0m 1.296 ms - -[0m
2026-08-03 07:12:16 [INFO]: [0mGET /js/admin/layout.js [36m304[0m 0.222 ms - -[0m
2026-08-03 07:12:16 [INFO]: [0mGET /js/header.js [36m304[0m 0.493 ms - -[0m
2026-08-03 07:12:16 [INFO]: [0mGET /css/variables.css [36m304[0m 0.292 ms - -[0m
2026-08-03 07:12:16 [INFO]: [0mGET /css/utilities.css [36m304[0m 0.434 ms - -[0m
2026-08-03 07:12:16 [INFO]: [0mGET /css/animations.css [36m304[0m 0.692 ms - -[0m
2026-08-03 07:12:16 [INFO]: [0mGET /css/announcement.css [36m304[0m 0.211 ms - -[0m
2026-08-03 07:12:16 [INFO]: [0mGET /css/header.css [36m304[0m 0.778 ms - -[0m
2026-08-03 07:12:16 [INFO]: [0mGET /css/hero.css [36m304[0m 0.543 ms - -[0m
2026-08-03 07:12:16 [INFO]: [0mGET /css/featured.css [36m304[0m 0.594 ms - -[0m
2026-08-03 07:12:16 [INFO]: [0mGET /css/why-choose.css [36m304[0m 0.207 ms - -[0m
2026-08-03 07:12:16 [INFO]: [0mGET /css/footer.css [36m304[0m 0.311 ms - -[0m
2026-08-03 07:12:16 [INFO]: [0mGET /css/auth.css [36m304[0m 0.180 ms - -[0m
2026-08-03 07:12:16 [INFO]: [0mGET /css/verify.css [36m304[0m 0.266 ms - -[0m
2026-08-03 07:12:16 [INFO]: [0mGET /vendor/bootstrap/js/bootstrap.bundle.min.js [33m404[0m 99.247 ms - 107[0m
2026-08-03 07:13:09 [INFO]: [0mGET /admin/dashboard [32m200[0m 142.696 ms - -[0m
2026-08-03 07:13:09 [INFO]: [0mGET /css/style.css [36m304[0m 0.407 ms - -[0m
2026-08-03 07:13:09 [INFO]: [0mGET /css/admin/layout.css [36m304[0m 0.511 ms - -[0m
2026-08-03 07:13:09 [INFO]: [0mGET /images/logo/plantora.png [36m304[0m 0.409 ms - -[0m
2026-08-03 07:13:09 [INFO]: [0mGET /js/admin/layout.js [36m304[0m 0.188 ms - -[0m
2026-08-03 07:13:09 [INFO]: [0mGET /js/header.js [36m304[0m 0.323 ms - -[0m
2026-08-03 07:13:09 [INFO]: [0mGET /css/variables.css [36m304[0m 0.211 ms - -[0m
2026-08-03 07:13:09 [INFO]: [0mGET /css/utilities.css [36m304[0m 0.422 ms - -[0m
2026-08-03 07:13:09 [INFO]: [0mGET /css/animations.css [36m304[0m 0.923 ms - -[0m
2026-08-03 07:13:09 [INFO]: [0mGET /css/announcement.css [36m304[0m 0.477 ms - -[0m
2026-08-03 07:13:09 [INFO]: [0mGET /css/hero.css [36m304[0m 0.361 ms - -[0m
2026-08-03 07:13:09 [INFO]: [0mGET /css/featured.css [36m304[0m 0.502 ms - -[0m
2026-08-03 07:13:09 [INFO]: [0mGET /css/header.css [36m304[0m 0.811 ms - -[0m
2026-08-03 07:13:09 [INFO]: [0mGET /css/why-choose.css [36m304[0m 0.466 ms - -[0m
2026-08-03 07:13:09 [INFO]: [0mGET /css/footer.css [36m304[0m 0.660 ms - -[0m
2026-08-03 07:13:09 [INFO]: [0mGET /css/auth.css [36m304[0m 0.457 ms - -[0m
2026-08-03 07:13:09 [INFO]: [0mGET /css/verify.css [36m304[0m 0.308 ms - -[0m
2026-08-03 07:13:09 [INFO]: [0mGET /vendor/bootstrap/js/bootstrap.bundle.min.js [33m404[0m 92.788 ms - 107[0m
2026-08-03 07:13:10 [INFO]: [0mGET /admin/dashboard [36m304[0m 140.887 ms - -[0m
2026-08-03 07:13:10 [INFO]: [0mGET /css/style.css [36m304[0m 0.860 ms - -[0m
2026-08-03 07:13:10 [INFO]: [0mGET /css/admin/layout.css [36m304[0m 1.281 ms - -[0m
2026-08-03 07:13:10 [INFO]: [0mGET /images/logo/plantora.png [36m304[0m 1.476 ms - -[0m
2026-08-03 07:13:10 [INFO]: [0mGET /js/admin/layout.js [36m304[0m 0.404 ms - -[0m
2026-08-03 07:13:10 [INFO]: [0mGET /js/header.js [36m304[0m 0.647 ms - -[0m
2026-08-03 07:13:10 [INFO]: [0mGET /css/variables.css [36m304[0m 0.355 ms - -[0m
2026-08-03 07:13:10 [INFO]: [0mGET /css/utilities.css [36m304[0m 0.608 ms - -[0m
2026-08-03 07:13:10 [INFO]: [0mGET /css/animations.css [36m304[0m 1.010 ms - -[0m
2026-08-03 07:13:10 [INFO]: [0mGET /css/announcement.css [36m304[0m 0.525 ms - -[0m
2026-08-03 07:13:10 [INFO]: [0mGET /css/hero.css [36m304[0m 0.245 ms - -[0m
2026-08-03 07:13:10 [INFO]: [0mGET /css/featured.css [36m304[0m 0.404 ms - -[0m
2026-08-03 07:13:10 [INFO]: [0mGET /css/header.css [36m304[0m 0.855 ms - -[0m
2026-08-03 07:13:10 [INFO]: [0mGET /css/why-choose.css [36m304[0m 0.909 ms - -[0m
2026-08-03 07:13:10 [INFO]: [0mGET /css/footer.css [36m304[0m 1.314 ms - -[0m
2026-08-03 07:13:10 [INFO]: [0mGET /css/auth.css [36m304[0m 0.339 ms - -[0m
2026-08-03 07:13:10 [INFO]: [0mGET /css/verify.css [36m304[0m 0.523 ms - -[0m
2026-08-03 07:13:10 [INFO]: [0mGET /vendor/bootstrap/js/bootstrap.bundle.min.js [33m404[0m 92.954 ms - 107[0m
2026-08-03 07:13:11 [INFO]: [0mGET /auth/profile [36m304[0m 143.414 ms - -[0m
2026-08-03 07:13:11 [INFO]: [0mGET /css/style.css [36m304[0m 0.380 ms - -[0m
2026-08-03 07:13:11 [INFO]: [0mGET /css/profile.css [36m304[0m 0.720 ms - -[0m
2026-08-03 07:13:11 [INFO]: [0mGET /images/logo/plantora.png [36m304[0m 1.804 ms - -[0m
2026-08-03 07:13:11 [INFO]: [0mGET /js/profile.js [36m304[0m 2.383 ms - -[0m
2026-08-03 07:13:11 [INFO]: [0mGET /images/logo/plantora-orgn-white.png [36m304[0m 1.296 ms - -[0m
2026-08-03 07:13:11 [INFO]: [0mGET /js/header.js [36m304[0m 1.398 ms - -[0m
2026-08-03 07:13:11 [INFO]: [0mGET /js/featured.js [36m304[0m 1.743 ms - -[0m
2026-08-03 07:13:11 [INFO]: [0mGET /js/why-choose.js [36m304[0m 2.025 ms - -[0m
2026-08-03 07:13:11 [INFO]: [0mGET /js/notification.js [36m304[0m 2.447 ms - -[0m
2026-08-03 07:13:11 [INFO]: [0mGET /css/variables.css [36m304[0m 1.212 ms - -[0m
2026-08-03 07:13:11 [INFO]: [0mGET /css/utilities.css [36m304[0m 1.113 ms - -[0m
2026-08-03 07:13:11 [INFO]: [0mGET /css/animations.css [36m304[0m 1.390 ms - -[0m
2026-08-03 07:13:11 [INFO]: [0mGET /css/announcement.css [36m304[0m 1.650 ms - -[0m
2026-08-03 07:13:11 [INFO]: [0mGET /css/header.css [36m304[0m 1.950 ms - -[0m
2026-08-03 07:13:11 [INFO]: [0mGET /css/hero.css [36m304[0m 0.633 ms - -[0m
2026-08-03 07:13:11 [INFO]: [0mGET /css/featured.css [36m304[0m 0.660 ms - -[0m
2026-08-03 07:13:11 [INFO]: [0mGET /css/why-choose.css [36m304[0m 0.717 ms - -[0m
2026-08-03 07:13:11 [INFO]: [0mGET /css/footer.css [36m304[0m 0.672 ms - -[0m
2026-08-03 07:13:11 [INFO]: [0mGET /css/auth.css [36m304[0m 1.164 ms - -[0m
2026-08-03 07:13:11 [INFO]: [0mGET /css/verify.css [36m304[0m 0.516 ms - -[0m
2026-08-03 07:13:11 [INFO]: [0mGET /js/footer.js [36m304[0m 0.333 ms - -[0m
2026-08-03 07:13:11 [INFO]: [0mGET /js/auth.js [36m304[0m 0.558 ms - -[0m
2026-08-03 07:17:49 [INFO]: [0mGET /admin/dashboard [32m200[0m 142.771 ms - -[0m
2026-08-03 07:17:49 [INFO]: [0mGET /css/style.css [36m304[0m 0.353 ms - -[0m
2026-08-03 07:17:49 [INFO]: [0mGET /css/admin/layout.css [36m304[0m 0.855 ms - -[0m
2026-08-03 07:17:49 [INFO]: [0mGET /images/logo/plantora.png [36m304[0m 0.529 ms - -[0m
2026-08-03 07:17:49 [INFO]: [0mGET /js/admin/layout.js [36m304[0m 0.309 ms - -[0m
2026-08-03 07:17:49 [INFO]: [0mGET /js/header.js [36m304[0m 0.430 ms - -[0m
2026-08-03 07:17:49 [INFO]: [0mGET /js/notification.js [36m304[0m 0.632 ms - -[0m
2026-08-03 07:17:49 [INFO]: [0mGET /css/variables.css [36m304[0m 0.214 ms - -[0m
2026-08-03 07:17:49 [INFO]: [0mGET /css/utilities.css [36m304[0m 0.370 ms - -[0m
2026-08-03 07:17:49 [INFO]: [0mGET /css/animations.css [36m304[0m 0.267 ms - -[0m
2026-08-03 07:17:49 [INFO]: [0mGET /css/announcement.css [36m304[0m 0.359 ms - -[0m
2026-08-03 07:17:49 [INFO]: [0mGET /css/header.css [36m304[0m 0.745 ms - -[0m
2026-08-03 07:17:49 [INFO]: [0mGET /css/hero.css [36m304[0m 0.423 ms - -[0m
2026-08-03 07:17:49 [INFO]: [0mGET /css/featured.css [36m304[0m 0.645 ms - -[0m
2026-08-03 07:17:49 [INFO]: [0mGET /css/why-choose.css [36m304[0m 0.559 ms - -[0m
2026-08-03 07:17:49 [INFO]: [0mGET /css/footer.css [36m304[0m 0.762 ms - -[0m
2026-08-03 07:17:49 [INFO]: [0mGET /css/auth.css [36m304[0m 1.217 ms - -[0m
2026-08-03 07:17:49 [INFO]: [0mGET /css/verify.css [36m304[0m 0.804 ms - -[0m
2026-08-03 07:17:49 [INFO]: [0mGET /vendor/bootstrap/js/bootstrap.bundle.min.js [33m404[0m 92.748 ms - 107[0m
2026-08-03 07:17:53 [INFO]: [0mGET /css/style.css [36m304[0m 0.525 ms - -[0m
2026-08-03 07:17:53 [INFO]: [0mGET /css/variables.css [36m304[0m 0.713 ms - -[0m
2026-08-03 07:17:53 [INFO]: [0mGET /css/utilities.css [36m304[0m 0.894 ms - -[0m
2026-08-03 07:17:53 [INFO]: [0mGET /css/animations.css [36m304[0m 1.098 ms - -[0m
2026-08-03 07:17:53 [INFO]: [0mGET /css/announcement.css [36m304[0m 1.585 ms - -[0m
2026-08-03 07:17:53 [INFO]: [0mGET /css/header.css [36m304[0m 1.802 ms - -[0m
2026-08-03 07:17:53 [INFO]: [0mGET /css/hero.css [36m304[0m 0.205 ms - -[0m
2026-08-03 07:17:53 [INFO]: [0mGET /css/featured.css [36m304[0m 0.229 ms - -[0m
2026-08-03 07:17:53 [INFO]: [0mGET /css/why-choose.css [36m304[0m 0.179 ms - -[0m
2026-08-03 07:17:53 [INFO]: [0mGET /css/footer.css [36m304[0m 0.318 ms - -[0m
2026-08-03 07:17:53 [INFO]: [0mGET /css/auth.css [36m304[0m 0.357 ms - -[0m
2026-08-03 07:17:53 [INFO]: [0mGET /css/verify.css [36m304[0m 0.621 ms - -[0m
2026-08-03 07:17:53 [INFO]: [0mGET /css/admin/layout.css [36m304[0m 0.139 ms - -[0m
2026-08-03 07:17:53 [INFO]: [0mGET /.well-known/appspecific/com.chrome.devtools.json [33m404[0m 95.399 ms - 112[0m
2026-08-03 07:35:28 [INFO]: [0mGET /vendor/bootstrap/js/bootstrap.bundle.min.js [33m404[0m 97.188 ms - 107[0m
2026-08-03 07:41:45 [INFO]: [0mGET /admin/dashboard [32m200[0m 144.240 ms - -[0m
2026-08-03 07:41:45 [INFO]: [0mGET /css/admin/layout.css [36m304[0m 0.322 ms - -[0m
2026-08-03 07:41:45 [INFO]: [0mGET /images/logo/plantora.png [36m304[0m 0.558 ms - -[0m
2026-08-03 07:41:45 [INFO]: [0mGET /js/admin/layout.js [36m304[0m 0.451 ms - -[0m
2026-08-03 07:41:45 [INFO]: [0mGET /js/header.js [36m304[0m 0.643 ms - -[0m
2026-08-03 07:41:45 [INFO]: [0mGET /js/notification.js [36m304[0m 1.206 ms - -[0m
2026-08-03 07:41:45 [INFO]: [0mGET /.well-known/appspecific/com.chrome.devtools.json [33m404[0m 91.758 ms - 112[0m
2026-08-03 07:41:45 [INFO]: [0mGET /vendor/bootstrap/js/bootstrap.bundle.min.js [33m404[0m 81.089 ms - 107[0m
2026-08-03 07:41:54 [INFO]: [0mGET /auth/profile [36m304[0m 202.214 ms - -[0m
2026-08-03 07:41:54 [INFO]: [0mGET /css/style.css [36m304[0m 0.577 ms - -[0m
2026-08-03 07:41:54 [INFO]: [0mGET /css/profile.css [36m304[0m 1.102 ms - -[0m
2026-08-03 07:41:54 [INFO]: [0mGET /images/logo/plantora.png [36m304[0m 0.185 ms - -[0m
2026-08-03 07:41:54 [INFO]: [0mGET /js/profile.js [36m304[0m 0.667 ms - -[0m
2026-08-03 07:41:54 [INFO]: [0mGET /images/logo/plantora-orgn-white.png [36m304[0m 0.445 ms - -[0m
2026-08-03 07:41:54 [INFO]: [0mGET /js/header.js [36m304[0m 0.402 ms - -[0m
2026-08-03 07:41:54 [INFO]: [0mGET /js/why-choose.js [36m304[0m 0.556 ms - -[0m
2026-08-03 07:41:54 [INFO]: [0mGET /js/featured.js [36m304[0m 1.133 ms - -[0m
2026-08-03 07:41:54 [INFO]: [0mGET /css/variables.css [36m304[0m 0.243 ms - -[0m
2026-08-03 07:41:54 [INFO]: [0mGET /css/utilities.css [36m304[0m 0.505 ms - -[0m
2026-08-03 07:41:54 [INFO]: [0mGET /css/animations.css [36m304[0m 1.282 ms - -[0m
2026-08-03 07:41:54 [INFO]: [0mGET /css/announcement.css [36m304[0m 1.588 ms - -[0m
2026-08-03 07:41:54 [INFO]: [0mGET /css/header.css [36m304[0m 1.830 ms - -[0m
2026-08-03 07:41:54 [INFO]: [0mGET /css/hero.css [36m304[0m 2.058 ms - -[0m
2026-08-03 07:41:54 [INFO]: [0mGET /css/featured.css [36m304[0m 2.390 ms - -[0m
2026-08-03 07:41:54 [INFO]: [0mGET /css/why-choose.css [36m304[0m 0.269 ms - -[0m
2026-08-03 07:41:54 [INFO]: [0mGET /css/footer.css [36m304[0m 0.651 ms - -[0m
2026-08-03 07:41:54 [INFO]: [0mGET /css/auth.css [36m304[0m 0.653 ms - -[0m
2026-08-03 07:41:54 [INFO]: [0mGET /css/verify.css [36m304[0m 0.778 ms - -[0m
2026-08-03 07:41:54 [INFO]: [0mGET /js/notification.js [36m304[0m 0.274 ms - -[0m
2026-08-03 07:41:54 [INFO]: [0mGET /js/footer.js [36m304[0m 0.554 ms - -[0m
2026-08-03 07:41:54 [INFO]: [0mGET /js/auth.js [36m304[0m 0.438 ms - -[0m
2026-08-03 07:42:25 [INFO]: [0mGET /admin/dashboard [32m200[0m 119.537 ms - -[0m
2026-08-03 07:42:25 [INFO]: [0mGET /css/style.css [36m304[0m 0.374 ms - -[0m
2026-08-03 07:42:25 [INFO]: [0mGET /css/admin/layout.css [36m304[0m 0.530 ms - -[0m
2026-08-03 07:42:25 [INFO]: [0mGET /images/logo/plantora.png [36m304[0m 0.494 ms - -[0m
2026-08-03 07:42:25 [INFO]: [0mGET /js/admin/layout.js [36m304[0m 0.168 ms - -[0m
2026-08-03 07:42:25 [INFO]: [0mGET /js/header.js [36m304[0m 0.262 ms - -[0m
2026-08-03 07:42:25 [INFO]: [0mGET /js/notification.js [36m304[0m 0.200 ms - -[0m
2026-08-03 07:42:25 [INFO]: [0mGET /css/variables.css [36m304[0m 0.374 ms - -[0m
2026-08-03 07:42:25 [INFO]: [0mGET /css/utilities.css [36m304[0m 0.453 ms - -[0m
2026-08-03 07:42:25 [INFO]: [0mGET /css/animations.css [36m304[0m 0.791 ms - -[0m
2026-08-03 07:42:25 [INFO]: [0mGET /css/announcement.css [36m304[0m 0.393 ms - -[0m
2026-08-03 07:42:25 [INFO]: [0mGET /css/hero.css [36m304[0m 0.863 ms - -[0m
2026-08-03 07:42:25 [INFO]: [0mGET /css/header.css [36m304[0m 0.988 ms - -[0m
2026-08-03 07:42:25 [INFO]: [0mGET /css/featured.css [36m304[0m 1.038 ms - -[0m
2026-08-03 07:42:25 [INFO]: [0mGET /css/why-choose.css [36m304[0m 1.107 ms - -[0m
2026-08-03 07:42:25 [INFO]: [0mGET /css/footer.css [36m304[0m 0.831 ms - -[0m
2026-08-03 07:42:25 [INFO]: [0mGET /css/auth.css [36m304[0m 0.140 ms - -[0m
2026-08-03 07:42:25 [INFO]: [0mGET /css/verify.css [36m304[0m 0.247 ms - -[0m
2026-08-03 07:42:25 [INFO]: [0mGET /vendor/bootstrap/js/bootstrap.bundle.min.js [33m404[0m 83.027 ms - 107[0m
2026-08-03 07:43:28 [INFO]: [0mGET /admin/dashboard [32m200[0m 124.302 ms - -[0m
2026-08-03 07:43:28 [INFO]: [0mGET /css/style.css [36m304[0m 0.408 ms - -[0m
2026-08-03 07:43:28 [INFO]: [0mGET /css/admin/layout.css [36m304[0m 0.480 ms - -[0m
2026-08-03 07:43:28 [INFO]: [0mGET /images/logo/plantora.png [36m304[0m 0.155 ms - -[0m
2026-08-03 07:43:28 [INFO]: [0mGET /js/admin/layout.js [36m304[0m 0.107 ms - -[0m
2026-08-03 07:43:28 [INFO]: [0mGET /js/header.js [36m304[0m 0.152 ms - -[0m
2026-08-03 07:43:28 [INFO]: [0mGET /js/notification.js [36m304[0m 0.252 ms - -[0m
2026-08-03 07:43:28 [INFO]: [0mGET /css/variables.css [36m304[0m 0.315 ms - -[0m
2026-08-03 07:43:28 [INFO]: [0mGET /css/utilities.css [36m304[0m 0.428 ms - -[0m
2026-08-03 07:43:28 [INFO]: [0mGET /css/animations.css [36m304[0m 0.575 ms - -[0m
2026-08-03 07:43:28 [INFO]: [0mGET /css/announcement.css [36m304[0m 0.816 ms - -[0m
2026-08-03 07:43:28 [INFO]: [0mGET /css/hero.css [36m304[0m 0.220 ms - -[0m
2026-08-03 07:43:28 [INFO]: [0mGET /css/header.css [36m304[0m 0.675 ms - -[0m
2026-08-03 07:43:28 [INFO]: [0mGET /css/featured.css [36m304[0m 0.937 ms - -[0m
2026-08-03 07:43:28 [INFO]: [0mGET /css/why-choose.css [36m304[0m 0.809 ms - -[0m
2026-08-03 07:43:28 [INFO]: [0mGET /css/footer.css [36m304[0m 0.992 ms - -[0m
2026-08-03 07:43:28 [INFO]: [0mGET /css/auth.css [36m304[0m 0.355 ms - -[0m
2026-08-03 07:43:28 [INFO]: [0mGET /css/verify.css [36m304[0m 0.126 ms - -[0m
2026-08-03 07:43:28 [INFO]: [0mGET /vendor/bootstrap/js/bootstrap.bundle.min.js [33m404[0m 80.942 ms - 107[0m
2026-08-03 07:43:33 [INFO]: [0mGET /admin/dashboard [36m304[0m 129.516 ms - -[0m
2026-08-03 07:43:33 [INFO]: [0mGET /css/style.css [36m304[0m 0.410 ms - -[0m
2026-08-03 07:43:33 [INFO]: [0mGET /css/admin/layout.css [36m304[0m 0.799 ms - -[0m
2026-08-03 07:43:33 [INFO]: [0mGET /images/logo/plantora.png [36m304[0m 1.182 ms - -[0m
2026-08-03 07:43:33 [INFO]: [0mGET /js/admin/layout.js [36m304[0m 0.156 ms - -[0m
2026-08-03 07:43:33 [INFO]: [0mGET /js/header.js [36m304[0m 0.144 ms - -[0m
2026-08-03 07:43:33 [INFO]: [0mGET /js/notification.js [36m304[0m 0.365 ms - -[0m
2026-08-03 07:43:33 [INFO]: [0mGET /css/variables.css [36m304[0m 0.359 ms - -[0m
2026-08-03 07:43:33 [INFO]: [0mGET /css/utilities.css [36m304[0m 0.542 ms - -[0m
2026-08-03 07:43:33 [INFO]: [0mGET /css/animations.css [36m304[0m 0.723 ms - -[0m
2026-08-03 07:43:33 [INFO]: [0mGET /css/announcement.css [36m304[0m 0.870 ms - -[0m
2026-08-03 07:43:33 [INFO]: [0mGET /css/header.css [36m304[0m 1.000 ms - -[0m
2026-08-03 07:43:33 [INFO]: [0mGET /css/hero.css [36m304[0m 0.154 ms - -[0m
2026-08-03 07:43:33 [INFO]: [0mGET /css/featured.css [36m304[0m 0.381 ms - -[0m
2026-08-03 07:43:33 [INFO]: [0mGET /css/why-choose.css [36m304[0m 0.639 ms - -[0m
2026-08-03 07:43:33 [INFO]: [0mGET /css/footer.css [36m304[0m 0.556 ms - -[0m
2026-08-03 07:43:33 [INFO]: [0mGET /css/auth.css [36m304[0m 0.180 ms - -[0m
2026-08-03 07:43:33 [INFO]: [0mGET /css/verify.css [36m304[0m 0.261 ms - -[0m
2026-08-03 07:43:34 [INFO]: [0mGET /vendor/bootstrap/js/bootstrap.bundle.min.js [33m404[0m 85.844 ms - 107[0m
2026-08-03 07:43:36 [INFO]: [0mGET /auth/profile [36m304[0m 123.918 ms - -[0m
2026-08-03 07:43:36 [INFO]: [0mGET /css/style.css [36m304[0m 0.481 ms - -[0m
2026-08-03 07:43:36 [INFO]: [0mGET /css/profile.css [36m304[0m 0.646 ms - -[0m
2026-08-03 07:43:36 [INFO]: [0mGET /images/logo/plantora.png [36m304[0m 0.767 ms - -[0m
2026-08-03 07:43:36 [INFO]: [0mGET /js/profile.js [36m304[0m 1.081 ms - -[0m
2026-08-03 07:43:36 [INFO]: [0mGET /images/logo/plantora-orgn-white.png [36m304[0m 0.541 ms - -[0m
2026-08-03 07:43:36 [INFO]: [0mGET /js/featured.js [36m304[0m 0.466 ms - -[0m
2026-08-03 07:43:36 [INFO]: [0mGET /js/header.js [36m304[0m 0.867 ms - -[0m
2026-08-03 07:43:36 [INFO]: [0mGET /js/why-choose.js [36m304[0m 0.687 ms - -[0m
2026-08-03 07:43:36 [INFO]: [0mGET /js/notification.js [36m304[0m 0.764 ms - -[0m
2026-08-03 07:43:36 [INFO]: [0mGET /css/variables.css [36m304[0m 0.676 ms - -[0m
2026-08-03 07:43:36 [INFO]: [0mGET /css/utilities.css [36m304[0m 0.659 ms - -[0m
2026-08-03 07:43:36 [INFO]: [0mGET /css/animations.css [36m304[0m 0.839 ms - -[0m
2026-08-03 07:43:36 [INFO]: [0mGET /css/announcement.css [36m304[0m 0.150 ms - -[0m
2026-08-03 07:43:36 [INFO]: [0mGET /css/header.css [36m304[0m 0.416 ms - -[0m
2026-08-03 07:43:36 [INFO]: [0mGET /css/hero.css [36m304[0m 0.507 ms - -[0m
2026-08-03 07:43:36 [INFO]: [0mGET /css/featured.css [36m304[0m 0.394 ms - -[0m
2026-08-03 07:43:36 [INFO]: [0mGET /css/why-choose.css [36m304[0m 0.733 ms - -[0m
2026-08-03 07:43:36 [INFO]: [0mGET /css/footer.css [36m304[0m 0.923 ms - -[0m
2026-08-03 07:43:36 [INFO]: [0mGET /css/auth.css [36m304[0m 0.630 ms - -[0m
2026-08-03 07:43:36 [INFO]: [0mGET /css/verify.css [36m304[0m 0.158 ms - -[0m
2026-08-03 07:43:36 [INFO]: [0mGET /js/footer.js [36m304[0m 0.099 ms - -[0m
2026-08-03 07:43:36 [INFO]: [0mGET /js/auth.js [36m304[0m 0.117 ms - -[0m
2026-08-03 07:43:37 [INFO]: [0mGET /notifications/latest [36m304[0m 163.437 ms - -[0m
2026-08-03 07:44:13 [INFO]: [0mGET /admin/dashboard [32m200[0m 123.382 ms - -[0m
2026-08-03 07:44:13 [INFO]: [0mGET /css/style.css [36m304[0m 0.362 ms - -[0m
2026-08-03 07:44:13 [INFO]: [0mGET /css/admin/layout.css [36m304[0m 0.579 ms - -[0m
2026-08-03 07:44:13 [INFO]: [0mGET /css/header.css [36m304[0m 0.235 ms - -[0m
2026-08-03 07:44:13 [INFO]: [0mGET /images/logo/plantora.png [36m304[0m 0.379 ms - -[0m
2026-08-03 07:44:13 [INFO]: [0mGET /js/admin/layout.js [36m304[0m 0.241 ms - -[0m
2026-08-03 07:44:13 [INFO]: [0mGET /js/header.js [36m304[0m 0.378 ms - -[0m
2026-08-03 07:44:13 [INFO]: [0mGET /js/notification.js [36m304[0m 0.521 ms - -[0m
2026-08-03 07:44:13 [INFO]: [0mGET /css/variables.css [36m304[0m 0.234 ms - -[0m
2026-08-03 07:44:13 [INFO]: [0mGET /css/utilities.css [36m304[0m 0.339 ms - -[0m
2026-08-03 07:44:13 [INFO]: [0mGET /css/animations.css [36m304[0m 0.094 ms - -[0m
2026-08-03 07:44:13 [INFO]: [0mGET /css/announcement.css [36m304[0m 0.151 ms - -[0m
2026-08-03 07:44:13 [INFO]: [0mGET /css/hero.css [36m304[0m 0.370 ms - -[0m
2026-08-03 07:44:13 [INFO]: [0mGET /css/featured.css [36m304[0m 0.174 ms - -[0m
2026-08-03 07:44:13 [INFO]: [0mGET /css/why-choose.css [36m304[0m 0.449 ms - -[0m
2026-08-03 07:44:13 [INFO]: [0mGET /css/footer.css [36m304[0m 0.339 ms - -[0m
2026-08-03 07:44:13 [INFO]: [0mGET /css/auth.css [36m304[0m 0.579 ms - -[0m
2026-08-03 07:44:13 [INFO]: [0mGET /css/verify.css [36m304[0m 0.466 ms - -[0m
2026-08-03 07:44:13 [INFO]: [0mGET /vendor/bootstrap/js/bootstrap.bundle.min.js [33m404[0m 82.498 ms - 107[0m
2026-08-03 07:44:17 [INFO]: [0mGET /auth/profile [36m304[0m 128.267 ms - -[0m
2026-08-03 07:44:17 [INFO]: [0mGET /css/style.css [36m304[0m 0.555 ms - -[0m
2026-08-03 07:44:17 [INFO]: [0mGET /css/profile.css [36m304[0m 0.881 ms - -[0m
2026-08-03 07:44:17 [INFO]: [0mGET /images/logo/plantora.png [36m304[0m 1.117 ms - -[0m
2026-08-03 07:44:17 [INFO]: [0mGET /js/profile.js [36m304[0m 1.259 ms - -[0m
2026-08-03 07:44:17 [INFO]: [0mGET /images/logo/plantora-orgn-white.png [36m304[0m 0.209 ms - -[0m
2026-08-03 07:44:18 [INFO]: [0mGET /js/header.js [36m304[0m 0.673 ms - -[0m
2026-08-03 07:44:18 [INFO]: [0mGET /js/featured.js [36m304[0m 1.038 ms - -[0m
2026-08-03 07:44:18 [INFO]: [0mGET /js/why-choose.js [36m304[0m 1.187 ms - -[0m
2026-08-03 07:44:18 [INFO]: [0mGET /js/notification.js [36m304[0m 1.331 ms - -[0m
2026-08-03 07:44:18 [INFO]: [0mGET /css/variables.css [36m304[0m 0.446 ms - -[0m
2026-08-03 07:44:18 [INFO]: [0mGET /css/utilities.css [36m304[0m 0.602 ms - -[0m
2026-08-03 07:44:18 [INFO]: [0mGET /css/animations.css [36m304[0m 1.116 ms - -[0m
2026-08-03 07:44:18 [INFO]: [0mGET /css/announcement.css [36m304[0m 1.411 ms - -[0m
2026-08-03 07:44:18 [INFO]: [0mGET /css/header.css [36m304[0m 1.055 ms - -[0m
2026-08-03 07:44:18 [INFO]: [0mGET /css/hero.css [36m304[0m 0.893 ms - -[0m
2026-08-03 07:44:18 [INFO]: [0mGET /css/featured.css [36m304[0m 0.919 ms - -[0m
2026-08-03 07:44:18 [INFO]: [0mGET /css/why-choose.css [36m304[0m 2.294 ms - -[0m
2026-08-03 07:44:18 [INFO]: [0mGET /css/footer.css [36m304[0m 1.802 ms - -[0m
2026-08-03 07:44:18 [INFO]: [0mGET /css/auth.css [36m304[0m 1.995 ms - -[0m
2026-08-03 07:44:18 [INFO]: [0mGET /css/verify.css [36m304[0m 1.764 ms - -[0m
2026-08-03 07:44:18 [INFO]: [0mGET /js/footer.js [36m304[0m 0.713 ms - -[0m
2026-08-03 07:44:18 [INFO]: [0mGET /js/auth.js [36m304[0m 0.556 ms - -[0m
2026-08-03 07:46:25 [INFO]: [0mGET /admin/dashboard [32m200[0m 157.635 ms - -[0m
2026-08-03 07:46:25 [INFO]: [0mGET /css/style.css [36m304[0m 0.270 ms - -[0m
2026-08-03 07:46:25 [INFO]: [0mGET /css/admin/layout.css [36m304[0m 0.854 ms - -[0m
2026-08-03 07:46:25 [INFO]: [0mGET /css/header.css [36m304[0m 0.761 ms - -[0m
2026-08-03 07:46:25 [INFO]: [0mGET /images/logo/plantora.png [36m304[0m 0.121 ms - -[0m
2026-08-03 07:46:25 [INFO]: [0mGET /js/header.js [36m304[0m 0.202 ms - -[0m
2026-08-03 07:46:25 [INFO]: [0mGET /js/admin/layout.js [36m304[0m 0.375 ms - -[0m
2026-08-03 07:46:25 [INFO]: [0mGET /js/notification.js [36m304[0m 0.100 ms - -[0m
2026-08-03 07:46:25 [INFO]: [0mGET /css/variables.css [36m304[0m 0.318 ms - -[0m
2026-08-03 07:46:25 [INFO]: [0mGET /css/utilities.css [36m304[0m 0.512 ms - -[0m
2026-08-03 07:46:25 [INFO]: [0mGET /css/animations.css [36m304[0m 0.267 ms - -[0m
2026-08-03 07:46:25 [INFO]: [0mGET /css/announcement.css [36m304[0m 0.381 ms - -[0m
2026-08-03 07:46:25 [INFO]: [0mGET /css/hero.css [36m304[0m 0.809 ms - -[0m
2026-08-03 07:46:25 [INFO]: [0mGET /css/featured.css [36m304[0m 0.402 ms - -[0m
2026-08-03 07:46:25 [INFO]: [0mGET /css/footer.css [36m304[0m 0.263 ms - -[0m
2026-08-03 07:46:25 [INFO]: [0mGET /css/auth.css [36m304[0m 0.348 ms - -[0m
2026-08-03 07:46:25 [INFO]: [0mGET /css/verify.css [36m304[0m 0.449 ms - -[0m
2026-08-03 07:46:25 [INFO]: [0mGET /css/why-choose.css [36m304[0m 0.522 ms - -[0m
2026-08-03 07:46:27 [INFO]: [0mGET /notifications/latest [36m304[0m 270.516 ms - -[0m
2026-08-03 07:46:33 [INFO]: [0mGET /notifications/latest [36m304[0m 159.207 ms - -[0m
2026-08-03 07:46:35 [INFO]: [0mGET /auth/profile [36m304[0m 121.740 ms - -[0m
2026-08-03 07:46:35 [INFO]: [0mGET /css/style.css [36m304[0m 0.297 ms - -[0m
2026-08-03 07:46:35 [INFO]: [0mGET /css/profile.css [36m304[0m 0.292 ms - -[0m
2026-08-03 07:46:35 [INFO]: [0mGET /images/logo/plantora.png [36m304[0m 0.148 ms - -[0m
2026-08-03 07:46:35 [INFO]: [0mGET /js/profile.js [36m304[0m 0.270 ms - -[0m
2026-08-03 07:46:35 [INFO]: [0mGET /images/logo/plantora-orgn-white.png [36m304[0m 0.388 ms - -[0m
2026-08-03 07:46:35 [INFO]: [0mGET /js/header.js [36m304[0m 0.497 ms - -[0m
2026-08-03 07:46:35 [INFO]: [0mGET /js/featured.js [36m304[0m 0.555 ms - -[0m
2026-08-03 07:46:35 [INFO]: [0mGET /js/why-choose.js [36m304[0m 0.821 ms - -[0m
2026-08-03 07:46:35 [INFO]: [0mGET /js/notification.js [36m304[0m 1.319 ms - -[0m
2026-08-03 07:46:35 [INFO]: [0mGET /css/variables.css [36m304[0m 0.762 ms - -[0m
2026-08-03 07:46:35 [INFO]: [0mGET /css/utilities.css [36m304[0m 0.733 ms - -[0m
2026-08-03 07:46:35 [INFO]: [0mGET /css/animations.css [36m304[0m 0.917 ms - -[0m
2026-08-03 07:46:35 [INFO]: [0mGET /css/announcement.css [36m304[0m 1.158 ms - -[0m
2026-08-03 07:46:35 [INFO]: [0mGET /css/header.css [36m304[0m 0.406 ms - -[0m
2026-08-03 07:46:35 [INFO]: [0mGET /css/hero.css [36m304[0m 0.509 ms - -[0m
2026-08-03 07:46:35 [INFO]: [0mGET /css/featured.css [36m304[0m 1.103 ms - -[0m
2026-08-03 07:46:35 [INFO]: [0mGET /css/footer.css [36m304[0m 1.329 ms - -[0m
2026-08-03 07:46:35 [INFO]: [0mGET /css/why-choose.css [36m304[0m 1.638 ms - -[0m
2026-08-03 07:46:35 [INFO]: [0mGET /css/auth.css [36m304[0m 0.361 ms - -[0m
2026-08-03 07:46:35 [INFO]: [0mGET /css/verify.css [36m304[0m 0.579 ms - -[0m
2026-08-03 07:46:35 [INFO]: [0mGET /js/footer.js [36m304[0m 0.683 ms - -[0m
2026-08-03 07:46:35 [INFO]: [0mGET /js/auth.js [36m304[0m 0.854 ms - -[0m
2026-08-03 08:09:40 [INFO]: MongoDB connected successfully.
2026-08-03 08:09:42 [INFO]: Email server connected successfully.
2026-08-03 08:09:42 [INFO]: Server is running on port 5132.
2026-08-03 08:13:25 [ERROR]: Error: E:\Webskitters_Academy\NODE JS\final_project_node\plantora_final_project_node_ejs\views\admin\dashboard\index.ejs:17
    15|             <!-- Dashboard content goes here -->
    16| 
 >> 17|             <%- include("./statistics") %>
    18| 
    19|             <%- include("./filters") %>
    20| 

Could not find the include file "./statistics"
    at getIncludePath (E:\Webskitters_Academy\NODE JS\final_project_node\plantora_final_project_node_ejs\node_modules\ejs\lib\cjs\ejs.js:170:19)
    at includeFile (E:\Webskitters_Academy\NODE JS\final_project_node\plantora_final_project_node_ejs\node_modules\ejs\lib\cjs\ejs.js:284:21)
    at include (E:\Webskitters_Academy\NODE JS\final_project_node\plantora_final_project_node_ejs\node_modules\ejs\lib\cjs\ejs.js:634:24)
    at eval (eval at compile (E:\Webskitters_Academy\NODE JS\final_project_node\plantora_final_project_node_ejs\node_modules\ejs\lib\cjs\ejs.js:607:18), <anonymous>:22:17)
    at index (E:\Webskitters_Academy\NODE JS\final_project_node\plantora_final_project_node_ejs\node_modules\ejs\lib\cjs\ejs.js:643:23)
    at tryHandleCache (E:\Webskitters_Academy\NODE JS\final_project_node\plantora_final_project_node_ejs\node_modules\ejs\lib\cjs\ejs.js:253:42)
    at ejs.renderFile [as engine] (E:\Webskitters_Academy\NODE JS\final_project_node\plantora_final_project_node_ejs\node_modules\ejs\lib\cjs\ejs.js:444:12)
    at View.render (E:\Webskitters_Academy\NODE JS\final_project_node\plantora_final_project_node_ejs\node_modules\express\lib\view.js:139:8)
    at tryRender (E:\Webskitters_Academy\NODE JS\final_project_node\plantora_final_project_node_ejs\node_modules\express\lib\application.js:627:10)
    at app.render (E:\Webskitters_Academy\NODE JS\final_project_node\plantora_final_project_node_ejs\node_modules\express\lib\application.js:574:3)
2026-08-03 08:13:25 [INFO]: [0mGET /admin/dashboard [31m500[0m 143.658 ms - 453[0m
2026-08-03 08:15:32 [ERROR]: ReferenceError: E:\Webskitters_Academy\NODE JS\final_project_node\plantora_final_project_node_ejs\views\admin\dashboard\index.ejs:17
    15|             <!-- Dashboard content goes here -->
    16| 
 >> 17|             <%- include("../users/statistics") %>
    18| 
    19|             <%- include("../users/filters") %>
    20| 

E:\Webskitters_Academy\NODE JS\final_project_node\plantora_final_project_node_ejs\views\admin\users\statistics.ejs:32
    30| 
    31|                     <h3
 >> 32|                         data-counter="<%= statistics?.totalUsers || 0 %>"
    33|                     >
    34| 
    35|                         <%= statistics?.totalUsers || 0 %>

statistics is not defined
    at eval (eval at compile (E:\Webskitters_Academy\NODE JS\final_project_node\plantora_final_project_node_ejs\node_modules\ejs\lib\cjs\ejs.js:607:18), <anonymous>:12:26)
    at statistics (E:\Webskitters_Academy\NODE JS\final_project_node\plantora_final_project_node_ejs\node_modules\ejs\lib\cjs\ejs.js:643:23)
    at include (E:\Webskitters_Academy\NODE JS\final_project_node\plantora_final_project_node_ejs\node_modules\ejs\lib\cjs\ejs.js:634:47)
    at eval (eval at compile (E:\Webskitters_Academy\NODE JS\final_project_node\plantora_final_project_node_ejs\node_modules\ejs\lib\cjs\ejs.js:607:18), <anonymous>:22:17)
    at index (E:\Webskitters_Academy\NODE JS\final_project_node\plantora_final_project_node_ejs\node_modules\ejs\lib\cjs\ejs.js:643:23)
    at tryHandleCache (E:\Webskitters_Academy\NODE JS\final_project_node\plantora_final_project_node_ejs\node_modules\ejs\lib\cjs\ejs.js:253:42)
    at ejs.renderFile [as engine] (E:\Webskitters_Academy\NODE JS\final_project_node\plantora_final_project_node_ejs\node_modules\ejs\lib\cjs\ejs.js:444:12)
    at View.render (E:\Webskitters_Academy\NODE JS\final_project_node\plantora_final_project_node_ejs\node_modules\express\lib\view.js:139:8)
    at tryRender (E:\Webskitters_Academy\NODE JS\final_project_node\plantora_final_project_node_ejs\node_modules\express\lib\application.js:627:10)
    at app.render (E:\Webskitters_Academy\NODE JS\final_project_node\plantora_final_project_node_ejs\node_modules\express\lib\application.js:574:3)
2026-08-03 08:15:32 [INFO]: [0mGET /admin/dashboard [31m500[0m 125.692 ms - 824[0m
2026-08-03 08:15:58 [INFO]: SIGINT received. Shutting down server...
2026-08-03 08:16:00 [INFO]: MongoDB connected successfully.
2026-08-03 08:16:03 [INFO]: Email server connected successfully.
2026-08-03 08:16:03 [INFO]: Server is running on port 5132.
2026-08-03 08:16:04 [ERROR]: Error: E:\Webskitters_Academy\NODE JS\final_project_node\plantora_final_project_node_ejs\views\admin\dashboard\index.ejs:17
    15|             <!-- Dashboard content goes here -->
    16| 
 >> 17|             <%- include("/users/statistics") %>
    18| 
    19|             <%- include("/users/filters") %>
    20| 

ENOENT: no such file or directory, open 'E:\users\statistics.ejs'
    at Object.openSync (node:fs:560:18)
    at Object.readFileSync [as fileLoader] (node:fs:444:35)
    at fileLoader (E:\Webskitters_Academy\NODE JS\final_project_node\plantora_final_project_node_ejs\node_modules\ejs\lib\cjs\ejs.js:269:16)
    at handleCache (E:\Webskitters_Academy\NODE JS\final_project_node\plantora_final_project_node_ejs\node_modules\ejs\lib\cjs\ejs.js:214:20)
    at includeFile (E:\Webskitters_Academy\NODE JS\final_project_node\plantora_final_project_node_ejs\node_modules\ejs\lib\cjs\ejs.js:296:12)
    at include (E:\Webskitters_Academy\NODE JS\final_project_node\plantora_final_project_node_ejs\node_modules\ejs\lib\cjs\ejs.js:634:24)
    at eval (eval at compile (E:\Webskitters_Academy\NODE JS\final_project_node\plantora_final_project_node_ejs\node_modules\ejs\lib\cjs\ejs.js:607:18), <anonymous>:22:17)
    at index (E:\Webskitters_Academy\NODE JS\final_project_node\plantora_final_project_node_ejs\node_modules\ejs\lib\cjs\ejs.js:643:23)
    at tryHandleCache (E:\Webskitters_Academy\NODE JS\final_project_node\plantora_final_project_node_ejs\node_modules\ejs\lib\cjs\ejs.js:253:42)
    at ejs.renderFile [as engine] (E:\Webskitters_Academy\NODE JS\final_project_node\plantora_final_project_node_ejs\node_modules\ejs\lib\cjs\ejs.js:444:12)
2026-08-03 08:16:04 [INFO]: [0mGET /admin/dashboard [31m500[0m 175.037 ms - 482[0m
2026-08-03 08:16:29 [INFO]: SIGINT received. Shutting down server...
2026-08-03 08:16:31 [INFO]: MongoDB connected successfully.
2026-08-03 08:16:34 [INFO]: Email server connected successfully.
2026-08-03 08:16:34 [INFO]: Server is running on port 5132.
2026-08-03 08:16:37 [ERROR]: Error: E:\Webskitters_Academy\NODE JS\final_project_node\plantora_final_project_node_ejs\views\admin\dashboard\index.ejs:17
    15|             <!-- Dashboard content goes here -->
    16| 
 >> 17|             <%- include("./users/statistics") %>
    18| 
    19|             <%- include("./users/filters") %>
    20| 

Could not find the include file "./users/statistics"
    at getIncludePath (E:\Webskitters_Academy\NODE JS\final_project_node\plantora_final_project_node_ejs\node_modules\ejs\lib\cjs\ejs.js:170:19)
    at includeFile (E:\Webskitters_Academy\NODE JS\final_project_node\plantora_final_project_node_ejs\node_modules\ejs\lib\cjs\ejs.js:284:21)
    at include (E:\Webskitters_Academy\NODE JS\final_project_node\plantora_final_project_node_ejs\node_modules\ejs\lib\cjs\ejs.js:634:24)
    at eval (eval at compile (E:\Webskitters_Academy\NODE JS\final_project_node\plantora_final_project_node_ejs\node_modules\ejs\lib\cjs\ejs.js:607:18), <anonymous>:22:17)
    at index (E:\Webskitters_Academy\NODE JS\final_project_node\plantora_final_project_node_ejs\node_modules\ejs\lib\cjs\ejs.js:643:23)
    at tryHandleCache (E:\Webskitters_Academy\NODE JS\final_project_node\plantora_final_project_node_ejs\node_modules\ejs\lib\cjs\ejs.js:253:42)
    at ejs.renderFile [as engine] (E:\Webskitters_Academy\NODE JS\final_project_node\plantora_final_project_node_ejs\node_modules\ejs\lib\cjs\ejs.js:444:12)
    at View.render (E:\Webskitters_Academy\NODE JS\final_project_node\plantora_final_project_node_ejs\node_modules\express\lib\view.js:139:8)
    at tryRender (E:\Webskitters_Academy\NODE JS\final_project_node\plantora_final_project_node_ejs\node_modules\express\lib\application.js:627:10)
    at app.render (E:\Webskitters_Academy\NODE JS\final_project_node\plantora_final_project_node_ejs\node_modules\express\lib\application.js:574:3)
2026-08-03 08:16:37 [INFO]: [0mGET /admin/dashboard [31m500[0m 149.554 ms - 471[0m
2026-08-03 08:16:40 [ERROR]: Error: E:\Webskitters_Academy\NODE JS\final_project_node\plantora_final_project_node_ejs\views\admin\dashboard\index.ejs:17
    15|             <!-- Dashboard content goes here -->
    16| 
 >> 17|             <%- include("./users/statistics") %>
    18| 
    19|             <%- include("./users/filters") %>
    20| 

Could not find the include file "./users/statistics"
    at getIncludePath (E:\Webskitters_Academy\NODE JS\final_project_node\plantora_final_project_node_ejs\node_modules\ejs\lib\cjs\ejs.js:170:19)
    at includeFile (E:\Webskitters_Academy\NODE JS\final_project_node\plantora_final_project_node_ejs\node_modules\ejs\lib\cjs\ejs.js:284:21)
    at include (E:\Webskitters_Academy\NODE JS\final_project_node\plantora_final_project_node_ejs\node_modules\ejs\lib\cjs\ejs.js:634:24)
    at eval (eval at compile (E:\Webskitters_Academy\NODE JS\final_project_node\plantora_final_project_node_ejs\node_modules\ejs\lib\cjs\ejs.js:607:18), <anonymous>:22:17)
    at index (E:\Webskitters_Academy\NODE JS\final_project_node\plantora_final_project_node_ejs\node_modules\ejs\lib\cjs\ejs.js:643:23)
    at tryHandleCache (E:\Webskitters_Academy\NODE JS\final_project_node\plantora_final_project_node_ejs\node_modules\ejs\lib\cjs\ejs.js:253:42)
    at ejs.renderFile [as engine] (E:\Webskitters_Academy\NODE JS\final_project_node\plantora_final_project_node_ejs\node_modules\ejs\lib\cjs\ejs.js:444:12)
    at View.render (E:\Webskitters_Academy\NODE JS\final_project_node\plantora_final_project_node_ejs\node_modules\express\lib\view.js:139:8)
    at tryRender (E:\Webskitters_Academy\NODE JS\final_project_node\plantora_final_project_node_ejs\node_modules\express\lib\application.js:627:10)
    at app.render (E:\Webskitters_Academy\NODE JS\final_project_node\plantora_final_project_node_ejs\node_modules\express\lib\application.js:574:3)
2026-08-03 08:16:40 [INFO]: [0mGET /admin/dashboard [31m500[0m 130.453 ms - 471[0m
2026-08-03 08:17:42 [INFO]: SIGINT received. Shutting down server...
2026-08-03 08:17:44 [INFO]: MongoDB connected successfully.
2026-08-03 08:17:47 [INFO]: Email server connected successfully.
2026-08-03 08:17:47 [INFO]: Server is running on port 5132.
2026-08-03 08:17:48 [INFO]: [0mGET / [36m304[0m 91.403 ms - -[0m
2026-08-03 08:17:48 [INFO]: [0mGET /css/style.css [36m304[0m 1.193 ms - -[0m
2026-08-03 08:17:48 [INFO]: [0mGET /images/logo/plantora.png [36m304[0m 1.535 ms - -[0m
2026-08-03 08:17:48 [INFO]: [0mGET /images/hero/hero-placeholder.png [36m304[0m 1.615 ms - -[0m
2026-08-03 08:17:48 [INFO]: [0mGET /images/hero/monstera-plant.jpg [36m304[0m 2.037 ms - -[0m
2026-08-03 08:17:48 [INFO]: [0mGET /js/header.js [36m304[0m 2.059 ms - -[0m
2026-08-03 08:17:48 [INFO]: [0mGET /js/featured.js [36m304[0m 2.334 ms - -[0m
2026-08-03 08:17:48 [INFO]: [0mGET /js/why-choose.js [36m304[0m 2.745 ms - -[0m
2026-08-03 08:17:48 [INFO]: [0mGET /css/variables.css [36m304[0m 0.858 ms - -[0m
2026-08-03 08:17:48 [INFO]: [0mGET /css/utilities.css [36m304[0m 1.091 ms - -[0m
2026-08-03 08:17:48 [INFO]: [0mGET /css/animations.css [36m304[0m 1.274 ms - -[0m
2026-08-03 08:17:48 [INFO]: [0mGET /css/announcement.css [36m304[0m 1.632 ms - -[0m
2026-08-03 08:17:48 [INFO]: [0mGET /css/header.css [36m304[0m 1.988 ms - -[0m
2026-08-03 08:17:48 [INFO]: [0mGET /css/hero.css [36m304[0m 2.251 ms - -[0m
2026-08-03 08:17:48 [INFO]: [0mGET /css/featured.css [36m304[0m 0.264 ms - -[0m
2026-08-03 08:17:48 [INFO]: [0mGET /css/why-choose.css [36m304[0m 0.733 ms - -[0m
2026-08-03 08:17:48 [INFO]: [0mGET /css/footer.css [36m304[0m 0.956 ms - -[0m
2026-08-03 08:17:48 [INFO]: [0mGET /css/auth.css [36m304[0m 1.070 ms - -[0m
2026-08-03 08:17:48 [INFO]: [0mGET /css/verify.css [36m304[0m 1.158 ms - -[0m
2026-08-03 08:17:48 [INFO]: [0mGET /js/notification.js [36m304[0m 0.306 ms - -[0m
2026-08-03 08:17:48 [INFO]: [0mGET /js/footer.js [36m304[0m 0.692 ms - -[0m
2026-08-03 08:17:48 [INFO]: [0mGET /js/auth.js [36m304[0m 1.065 ms - -[0m
2026-08-03 08:17:48 [INFO]: [0mGET /images/hero/snake-plant.jpg [36m304[0m 1.379 ms - -[0m
2026-08-03 08:17:48 [INFO]: [0mGET /images/hero/peace-lily.jpg [36m304[0m 1.675 ms - -[0m
2026-08-03 08:17:48 [INFO]: [0mGET /images/hero/tulip-plant.jpg [36m304[0m 0.308 ms - -[0m
2026-08-03 08:17:48 [INFO]: [0mGET /images/hero/rubber-plant.jpg [36m304[0m 0.288 ms - -[0m
2026-08-03 08:17:48 [INFO]: [0mGET /images/hero/aloe-vera.jpg [36m304[0m 0.232 ms - -[0m
2026-08-03 08:17:48 [INFO]: [0mGET /images/hero/areca-palm.jpg [36m304[0m 0.197 ms - -[0m
2026-08-03 08:17:48 [INFO]: [0mGET /images/hero/jade-plant.jpg [36m304[0m 0.212 ms - -[0m
2026-08-03 08:17:48 [INFO]: [0mGET /images/hero/golden-pothos.jpg [36m304[0m 0.185 ms - -[0m
2026-08-03 08:17:48 [INFO]: [0mGET /images/hero/fiddle-leaf-fig.jpg [36m304[0m 0.254 ms - -[0m
2026-08-03 08:17:48 [INFO]: [0mGET /images/hero/why-choose.jpg [36m304[0m 0.208 ms - -[0m
2026-08-03 08:17:48 [INFO]: [0mGET /images/logo/plantora-orgn-white.png [36m304[0m 0.231 ms - -[0m
2026-08-03 08:17:50 [ERROR]: ReferenceError: E:\Webskitters_Academy\NODE JS\final_project_node\plantora_final_project_node_ejs\views\admin\dashboard\index.ejs:17
    15|             <!-- Dashboard content goes here -->
    16| 
 >> 17|             <%- include("../users/statistics.ejs") %>
    18| 
    19|             <%- include("../users/filters.ejs") %>
    20| 

E:\Webskitters_Academy\NODE JS\final_project_node\plantora_final_project_node_ejs\views\admin\users\statistics.ejs:32
    30| 
    31|                     <h3
 >> 32|                         data-counter="<%= statistics?.totalUsers || 0 %>"
    33|                     >
    34| 
    35|                         <%= statistics?.totalUsers || 0 %>

statistics is not defined
    at eval (eval at compile (E:\Webskitters_Academy\NODE JS\final_project_node\plantora_final_project_node_ejs\node_modules\ejs\lib\cjs\ejs.js:607:18), <anonymous>:12:26)
    at statistics (E:\Webskitters_Academy\NODE JS\final_project_node\plantora_final_project_node_ejs\node_modules\ejs\lib\cjs\ejs.js:643:23)
    at include (E:\Webskitters_Academy\NODE JS\final_project_node\plantora_final_project_node_ejs\node_modules\ejs\lib\cjs\ejs.js:634:47)
    at eval (eval at compile (E:\Webskitters_Academy\NODE JS\final_project_node\plantora_final_project_node_ejs\node_modules\ejs\lib\cjs\ejs.js:607:18), <anonymous>:22:17)
    at index (E:\Webskitters_Academy\NODE JS\final_project_node\plantora_final_project_node_ejs\node_modules\ejs\lib\cjs\ejs.js:643:23)
    at tryHandleCache (E:\Webskitters_Academy\NODE JS\final_project_node\plantora_final_project_node_ejs\node_modules\ejs\lib\cjs\ejs.js:253:42)
    at ejs.renderFile [as engine] (E:\Webskitters_Academy\NODE JS\final_project_node\plantora_final_project_node_ejs\node_modules\ejs\lib\cjs\ejs.js:444:12)
    at View.render (E:\Webskitters_Academy\NODE JS\final_project_node\plantora_final_project_node_ejs\node_modules\express\lib\view.js:139:8)
    at tryRender (E:\Webskitters_Academy\NODE JS\final_project_node\plantora_final_project_node_ejs\node_modules\express\lib\application.js:627:10)
    at app.render (E:\Webskitters_Academy\NODE JS\final_project_node\plantora_final_project_node_ejs\node_modules\express\lib\application.js:574:3)
2026-08-03 08:17:50 [INFO]: [0mGET /admin/dashboard [31m500[0m 110.741 ms - 832[0m
2026-08-03 08:17:53 [ERROR]: ReferenceError: E:\Webskitters_Academy\NODE JS\final_project_node\plantora_final_project_node_ejs\views\admin\dashboard\index.ejs:17
    15|             <!-- Dashboard content goes here -->
    16| 
 >> 17|             <%- include("../users/statistics.ejs") %>
    18| 
    19|             <%- include("../users/filters.ejs") %>
    20| 

E:\Webskitters_Academy\NODE JS\final_project_node\plantora_final_project_node_ejs\views\admin\users\statistics.ejs:32
    30| 
    31|                     <h3
 >> 32|                         data-counter="<%= statistics?.totalUsers || 0 %>"
    33|                     >
    34| 
    35|                         <%= statistics?.totalUsers || 0 %>

statistics is not defined
    at eval (eval at compile (E:\Webskitters_Academy\NODE JS\final_project_node\plantora_final_project_node_ejs\node_modules\ejs\lib\cjs\ejs.js:607:18), <anonymous>:12:26)
    at statistics (E:\Webskitters_Academy\NODE JS\final_project_node\plantora_final_project_node_ejs\node_modules\ejs\lib\cjs\ejs.js:643:23)
    at include (E:\Webskitters_Academy\NODE JS\final_project_node\plantora_final_project_node_ejs\node_modules\ejs\lib\cjs\ejs.js:634:47)
    at eval (eval at compile (E:\Webskitters_Academy\NODE JS\final_project_node\plantora_final_project_node_ejs\node_modules\ejs\lib\cjs\ejs.js:607:18), <anonymous>:22:17)
    at index (E:\Webskitters_Academy\NODE JS\final_project_node\plantora_final_project_node_ejs\node_modules\ejs\lib\cjs\ejs.js:643:23)
    at tryHandleCache (E:\Webskitters_Academy\NODE JS\final_project_node\plantora_final_project_node_ejs\node_modules\ejs\lib\cjs\ejs.js:253:42)
    at ejs.renderFile [as engine] (E:\Webskitters_Academy\NODE JS\final_project_node\plantora_final_project_node_ejs\node_modules\ejs\lib\cjs\ejs.js:444:12)
    at View.render (E:\Webskitters_Academy\NODE JS\final_project_node\plantora_final_project_node_ejs\node_modules\express\lib\view.js:139:8)
    at tryRender (E:\Webskitters_Academy\NODE JS\final_project_node\plantora_final_project_node_ejs\node_modules\express\lib\application.js:627:10)
    at app.render (E:\Webskitters_Academy\NODE JS\final_project_node\plantora_final_project_node_ejs\node_modules\express\lib\application.js:574:3)
2026-08-03 08:17:53 [INFO]: [0mGET /admin/dashboard [31m500[0m 113.698 ms - 832[0m
2026-08-03 08:28:12 [INFO]: [0mGET /admin/dashboard [33m401[0m 1.665 ms - 55[0m
2026-08-03 08:28:45 [INFO]: SIGINT received. Shutting down server...
2026-08-03 08:28:48 [INFO]: MongoDB connected successfully.
2026-08-03 08:28:51 [INFO]: Email server connected successfully.
2026-08-03 08:28:51 [INFO]: Server is running on port 5132.
2026-08-03 08:28:51 [INFO]: [0mGET / [32m200[0m 14.353 ms - -[0m
2026-08-03 08:28:51 [INFO]: [0mGET /css/style.css [36m304[0m 1.287 ms - -[0m
2026-08-03 08:28:51 [INFO]: [0mGET /images/logo/plantora.png [36m304[0m 0.442 ms - -[0m
2026-08-03 08:28:51 [INFO]: [0mGET /images/hero/hero-placeholder.png [36m304[0m 0.625 ms - -[0m
2026-08-03 08:28:51 [INFO]: [0mGET /images/hero/monstera-plant.jpg [36m304[0m 2.009 ms - -[0m
2026-08-03 08:28:51 [INFO]: [0mGET /images/hero/snake-plant.jpg [36m304[0m 2.373 ms - -[0m
2026-08-03 08:28:51 [INFO]: [0mGET /images/hero/peace-lily.jpg [36m304[0m 3.039 ms - -[0m
2026-08-03 08:28:51 [INFO]: [0mGET /js/header.js [36m304[0m 0.365 ms - -[0m
2026-08-03 08:28:51 [INFO]: [0mGET /js/featured.js [36m304[0m 0.286 ms - -[0m
2026-08-03 08:28:51 [INFO]: [0mGET /css/variables.css [36m304[0m 0.760 ms - -[0m
2026-08-03 08:28:51 [INFO]: [0mGET /css/utilities.css [36m304[0m 1.088 ms - -[0m
2026-08-03 08:28:51 [INFO]: [0mGET /css/animations.css [36m304[0m 1.543 ms - -[0m
2026-08-03 08:28:51 [INFO]: [0mGET /css/announcement.css [36m304[0m 1.892 ms - -[0m
2026-08-03 08:28:51 [INFO]: [0mGET /css/hero.css [36m304[0m 0.496 ms - -[0m
2026-08-03 08:28:51 [INFO]: [0mGET /css/header.css [36m304[0m 0.574 ms - -[0m
2026-08-03 08:28:51 [INFO]: [0mGET /css/featured.css [36m304[0m 0.451 ms - -[0m
2026-08-03 08:28:51 [INFO]: [0mGET /css/why-choose.css [36m304[0m 0.741 ms - -[0m
2026-08-03 08:28:51 [INFO]: [0mGET /css/footer.css [36m304[0m 1.018 ms - -[0m
2026-08-03 08:28:51 [INFO]: [0mGET /css/auth.css [36m304[0m 1.222 ms - -[0m
2026-08-03 08:28:51 [INFO]: [0mGET /css/verify.css [36m304[0m 0.278 ms - -[0m
2026-08-03 08:28:51 [INFO]: [0mGET /js/why-choose.js [36m304[0m 0.984 ms - -[0m
2026-08-03 08:28:51 [INFO]: [0mGET /js/notification.js [36m304[0m 1.112 ms - -[0m
2026-08-03 08:28:51 [INFO]: [0mGET /js/footer.js [36m304[0m 1.378 ms - -[0m
2026-08-03 08:28:51 [INFO]: [0mGET /js/auth.js [36m304[0m 1.531 ms - -[0m
2026-08-03 08:28:51 [INFO]: [0mGET /images/hero/tulip-plant.jpg [36m304[0m 1.820 ms - -[0m
2026-08-03 08:28:51 [INFO]: [0mGET /images/hero/rubber-plant.jpg [36m304[0m 0.392 ms - -[0m
2026-08-03 08:28:51 [INFO]: [0mGET /images/hero/aloe-vera.jpg [36m304[0m 0.566 ms - -[0m
2026-08-03 08:28:51 [INFO]: [0mGET /images/hero/areca-palm.jpg [36m304[0m 0.318 ms - -[0m
2026-08-03 08:28:51 [INFO]: [0mGET /images/hero/jade-plant.jpg [36m304[0m 0.607 ms - -[0m
2026-08-03 08:28:51 [INFO]: [0mGET /images/hero/golden-pothos.jpg [36m304[0m 0.238 ms - -[0m
2026-08-03 08:28:51 [INFO]: [0mGET /images/hero/fiddle-leaf-fig.jpg [36m304[0m 0.297 ms - -[0m
2026-08-03 08:28:51 [INFO]: [0mGET /images/hero/why-choose.jpg [36m304[0m 0.255 ms - -[0m
2026-08-03 08:28:51 [INFO]: [0mGET /images/logo/plantora-orgn-white.png [36m304[0m 0.360 ms - -[0m
2026-08-03 08:28:54 [INFO]: Login successful : admin-plantora@yopmail.com
2026-08-03 08:28:54 [INFO]: [0mPOST /auth/login [32m200[0m 543.435 ms - 46[0m
2026-08-03 08:28:55 [INFO]: [0mGET / [32m200[0m 101.533 ms - -[0m
2026-08-03 08:28:55 [INFO]: [0mGET /css/style.css [36m304[0m 0.576 ms - -[0m
2026-08-03 08:28:55 [INFO]: [0mGET /images/logo/plantora.png [36m304[0m 0.610 ms - -[0m
2026-08-03 08:28:55 [INFO]: [0mGET /images/hero/hero-placeholder.png [36m304[0m 0.231 ms - -[0m
2026-08-03 08:28:55 [INFO]: [0mGET /images/hero/monstera-plant.jpg [36m304[0m 0.530 ms - -[0m
2026-08-03 08:28:55 [INFO]: [0mGET /js/header.js [36m304[0m 0.708 ms - -[0m
2026-08-03 08:28:55 [INFO]: [0mGET /js/featured.js [36m304[0m 0.376 ms - -[0m
2026-08-03 08:28:55 [INFO]: [0mGET /js/why-choose.js [36m304[0m 0.352 ms - -[0m
2026-08-03 08:28:55 [INFO]: [0mGET /css/variables.css [36m304[0m 0.480 ms - -[0m
2026-08-03 08:28:55 [INFO]: [0mGET /css/utilities.css [36m304[0m 0.657 ms - -[0m
2026-08-03 08:28:55 [INFO]: [0mGET /css/animations.css [36m304[0m 0.842 ms - -[0m
2026-08-03 08:28:55 [INFO]: [0mGET /css/announcement.css [36m304[0m 0.222 ms - -[0m
2026-08-03 08:28:55 [INFO]: [0mGET /css/header.css [36m304[0m 0.392 ms - -[0m
2026-08-03 08:28:55 [INFO]: [0mGET /css/hero.css [36m304[0m 0.380 ms - -[0m
2026-08-03 08:28:55 [INFO]: [0mGET /css/featured.css [36m304[0m 0.491 ms - -[0m
2026-08-03 08:28:55 [INFO]: [0mGET /css/why-choose.css [36m304[0m 0.608 ms - -[0m
2026-08-03 08:28:55 [INFO]: [0mGET /css/footer.css [36m304[0m 0.616 ms - -[0m
2026-08-03 08:28:55 [INFO]: [0mGET /css/auth.css [36m304[0m 0.691 ms - -[0m
2026-08-03 08:28:55 [INFO]: [0mGET /css/verify.css [36m304[0m 1.192 ms - -[0m
2026-08-03 08:28:55 [INFO]: [0mGET /js/notification.js [36m304[0m 0.429 ms - -[0m
2026-08-03 08:28:55 [INFO]: [0mGET /js/footer.js [36m304[0m 0.377 ms - -[0m
2026-08-03 08:28:55 [INFO]: [0mGET /js/auth.js [36m304[0m 0.519 ms - -[0m
2026-08-03 08:28:55 [INFO]: [0mGET /images/hero/snake-plant.jpg [36m304[0m 0.875 ms - -[0m
2026-08-03 08:28:55 [INFO]: [0mGET /images/hero/peace-lily.jpg [36m304[0m 0.405 ms - -[0m
2026-08-03 08:28:55 [INFO]: [0mGET /images/hero/tulip-plant.jpg [36m304[0m 0.507 ms - -[0m
2026-08-03 08:28:55 [INFO]: [0mGET /images/hero/rubber-plant.jpg [36m304[0m 0.575 ms - -[0m
2026-08-03 08:28:55 [INFO]: [0mGET /images/hero/aloe-vera.jpg [36m304[0m 0.671 ms - -[0m
2026-08-03 08:28:55 [INFO]: [0mGET /images/hero/areca-palm.jpg [36m304[0m 0.139 ms - -[0m
2026-08-03 08:28:55 [INFO]: [0mGET /images/hero/jade-plant.jpg [36m304[0m 0.217 ms - -[0m
2026-08-03 08:28:55 [INFO]: [0mGET /images/hero/golden-pothos.jpg [36m304[0m 0.504 ms - -[0m
2026-08-03 08:28:55 [INFO]: [0mGET /images/hero/fiddle-leaf-fig.jpg [36m304[0m 0.483 ms - -[0m
2026-08-03 08:28:55 [INFO]: [0mGET /images/hero/why-choose.jpg [36m304[0m 0.734 ms - -[0m
2026-08-03 08:28:55 [INFO]: [0mGET /images/logo/plantora-orgn-white.png [36m304[0m 0.861 ms - -[0m
2026-08-03 08:28:58 [INFO]: [0mGET /admin/dashboard [32m200[0m 148.399 ms - -[0m
2026-08-03 08:28:58 [INFO]: [0mGET /css/style.css [36m304[0m 0.578 ms - -[0m
2026-08-03 08:28:58 [INFO]: [0mGET /css/admin/layout.css [36m304[0m 0.739 ms - -[0m
2026-08-03 08:28:58 [INFO]: [0mGET /css/header.css [36m304[0m 0.879 ms - -[0m
2026-08-03 08:28:58 [INFO]: [0mGET /images/logo/plantora.png [36m304[0m 0.382 ms - -[0m
2026-08-03 08:28:58 [INFO]: [0mGET /js/admin/layout.js [36m304[0m 0.560 ms - -[0m
2026-08-03 08:28:58 [INFO]: [0mGET /js/header.js [36m304[0m 0.788 ms - -[0m
2026-08-03 08:28:58 [INFO]: [0mGET /js/notification.js [36m304[0m 1.269 ms - -[0m
2026-08-03 08:28:58 [INFO]: [0mGET /css/variables.css [36m304[0m 0.828 ms - -[0m
2026-08-03 08:28:58 [INFO]: [0mGET /css/utilities.css [36m304[0m 0.959 ms - -[0m
2026-08-03 08:28:58 [INFO]: [0mGET /css/animations.css [36m304[0m 1.137 ms - -[0m
2026-08-03 08:28:58 [INFO]: [0mGET /css/announcement.css [36m304[0m 0.785 ms - -[0m
2026-08-03 08:28:58 [INFO]: [0mGET /css/hero.css [36m304[0m 0.870 ms - -[0m
2026-08-03 08:28:58 [INFO]: [0mGET /css/featured.css [36m304[0m 1.147 ms - -[0m
2026-08-03 08:28:58 [INFO]: [0mGET /css/why-choose.css [36m304[0m 1.333 ms - -[0m
2026-08-03 08:28:58 [INFO]: [0mGET /css/footer.css [36m304[0m 1.769 ms - -[0m
2026-08-03 08:28:58 [INFO]: [0mGET /js/admin/users.js [32m200[0m 4.030 ms - -[0m
2026-08-03 08:28:58 [INFO]: [0mGET /css/auth.css [36m304[0m 1.088 ms - -[0m
2026-08-03 08:28:58 [INFO]: [0mGET /css/verify.css [36m304[0m 0.143 ms - -[0m
2026-08-03 08:29:00 [ERROR]: ReferenceError: E:\Webskitters_Academy\NODE JS\final_project_node\plantora_final_project_node_ejs\views\admin\users\index.ejs:35
    33| ========================================================== -->
    34| 
 >> 35| <%- include("./pagination") %>
    36| 
    37| <!-- ==========================================================
    38|      EDIT USER MODAL

E:\Webskitters_Academy\NODE JS\final_project_node\plantora_final_project_node_ejs\views\admin\users\pagination.ejs:5
    3| ========================================================== -->
    4| 
 >> 5| <% if (pagination && pagination.totalPages > 1) { %>
    6| 
    7| <section class="admin-pagination">
    8| 

pagination is not defined
    at eval (eval at compile (E:\Webskitters_Academy\NODE JS\final_project_node\plantora_final_project_node_ejs\node_modules\ejs\lib\cjs\ejs.js:607:18), <anonymous>:12:8)
    at pagination (E:\Webskitters_Academy\NODE JS\final_project_node\plantora_final_project_node_ejs\node_modules\ejs\lib\cjs\ejs.js:643:23)
    at include (E:\Webskitters_Academy\NODE JS\final_project_node\plantora_final_project_node_ejs\node_modules\ejs\lib\cjs\ejs.js:634:47)
    at eval (eval at compile (E:\Webskitters_Academy\NODE JS\final_project_node\plantora_final_project_node_ejs\node_modules\ejs\lib\cjs\ejs.js:607:18), <anonymous>:21:17)
    at index (E:\Webskitters_Academy\NODE JS\final_project_node\plantora_final_project_node_ejs\node_modules\ejs\lib\cjs\ejs.js:643:23)
    at tryHandleCache (E:\Webskitters_Academy\NODE JS\final_project_node\plantora_final_project_node_ejs\node_modules\ejs\lib\cjs\ejs.js:253:42)
    at ejs.renderFile [as engine] (E:\Webskitters_Academy\NODE JS\final_project_node\plantora_final_project_node_ejs\node_modules\ejs\lib\cjs\ejs.js:444:12)
    at View.render (E:\Webskitters_Academy\NODE JS\final_project_node\plantora_final_project_node_ejs\node_modules\express\lib\view.js:139:8)
    at tryRender (E:\Webskitters_Academy\NODE JS\final_project_node\plantora_final_project_node_ejs\node_modules\express\lib\application.js:627:10)
    at app.render (E:\Webskitters_Academy\NODE JS\final_project_node\plantora_final_project_node_ejs\node_modules\express\lib\application.js:574:3)
2026-08-03 08:29:00 [INFO]: [0mGET /admin/users [31m500[0m 205.594 ms - 812[0m
2026-08-03 08:35:50 [INFO]: MongoDB connected successfully.
2026-08-03 08:35:53 [INFO]: MongoDB connected successfully.
2026-08-03 08:35:56 [INFO]: Email server connected successfully.
2026-08-03 08:35:56 [INFO]: Server is running on port 5132.
2026-08-03 08:36:41 [INFO]: MongoDB connected successfully.
2026-08-03 08:36:44 [INFO]: Email server connected successfully.
2026-08-03 08:36:44 [INFO]: Server is running on port 5132.
2026-08-03 08:38:14 [INFO]: MongoDB connected successfully.
2026-08-03 08:38:17 [INFO]: Email server connected successfully.
2026-08-03 08:38:17 [INFO]: Server is running on port 5132.
2026-08-03 08:38:53 [INFO]: MongoDB connected successfully.
2026-08-03 08:38:55 [INFO]: Email server connected successfully.
2026-08-03 08:38:55 [INFO]: Server is running on port 5132.
2026-08-03 08:39:15 [INFO]: MongoDB connected successfully.
2026-08-03 08:39:18 [INFO]: Email server connected successfully.
2026-08-03 08:39:18 [INFO]: Server is running on port 5132.
2026-08-03 08:39:45 [INFO]: [0mGET / [36m304[0m 113.408 ms - -[0m
2026-08-03 08:39:45 [INFO]: [0mGET /css/style.css [36m304[0m 3.458 ms - -[0m
2026-08-03 08:39:45 [INFO]: [0mGET /images/logo/plantora.png [36m304[0m 0.785 ms - -[0m
2026-08-03 08:39:45 [INFO]: [0mGET /images/hero/hero-placeholder.png [36m304[0m 0.324 ms - -[0m
2026-08-03 08:39:45 [INFO]: [0mGET /images/hero/monstera-plant.jpg [36m304[0m 0.804 ms - -[0m
2026-08-03 08:39:45 [INFO]: [0mGET /js/header.js [36m304[0m 1.336 ms - -[0m
2026-08-03 08:39:45 [INFO]: [0mGET /js/featured.js [36m304[0m 1.617 ms - -[0m
2026-08-03 08:39:45 [INFO]: [0mGET /js/why-choose.js [36m304[0m 1.496 ms - -[0m
2026-08-03 08:39:45 [INFO]: [0mGET /css/variables.css [36m304[0m 1.710 ms - -[0m
2026-08-03 08:39:45 [INFO]: [0mGET /css/utilities.css [36m304[0m 2.126 ms - -[0m
2026-08-03 08:39:45 [INFO]: [0mGET /css/animations.css [36m304[0m 2.415 ms - -[0m
2026-08-03 08:39:45 [INFO]: [0mGET /css/announcement.css [36m304[0m 1.001 ms - -[0m
2026-08-03 08:39:45 [INFO]: [0mGET /css/header.css [36m304[0m 1.207 ms - -[0m
2026-08-03 08:39:45 [INFO]: [0mGET /css/hero.css [36m304[0m 0.880 ms - -[0m
2026-08-03 08:39:45 [INFO]: [0mGET /css/featured.css [36m304[0m 1.109 ms - -[0m
2026-08-03 08:39:45 [INFO]: [0mGET /css/why-choose.css [36m304[0m 1.288 ms - -[0m
2026-08-03 08:39:45 [INFO]: [0mGET /css/footer.css [36m304[0m 1.417 ms - -[0m
2026-08-03 08:39:45 [INFO]: [0mGET /css/auth.css [36m304[0m 0.377 ms - -[0m
2026-08-03 08:39:45 [INFO]: [0mGET /css/verify.css [36m304[0m 0.886 ms - -[0m
2026-08-03 08:39:45 [INFO]: [0mGET /js/notification.js [36m304[0m 0.658 ms - -[0m
2026-08-03 08:39:45 [INFO]: [0mGET /js/footer.js [36m304[0m 0.619 ms - -[0m
2026-08-03 08:39:45 [INFO]: [0mGET /js/auth.js [36m304[0m 0.845 ms - -[0m
2026-08-03 08:39:45 [INFO]: [0mGET /images/hero/snake-plant.jpg [36m304[0m 1.016 ms - -[0m
2026-08-03 08:39:45 [INFO]: [0mGET /images/hero/peace-lily.jpg [36m304[0m 0.424 ms - -[0m
2026-08-03 08:39:45 [INFO]: [0mGET /images/hero/tulip-plant.jpg [36m304[0m 0.852 ms - -[0m
2026-08-03 08:39:45 [INFO]: [0mGET /images/hero/rubber-plant.jpg [36m304[0m 0.833 ms - -[0m
2026-08-03 08:39:45 [INFO]: [0mGET /images/hero/aloe-vera.jpg [36m304[0m 1.459 ms - -[0m
2026-08-03 08:39:45 [INFO]: [0mGET /images/hero/areca-palm.jpg [36m304[0m 0.702 ms - -[0m
2026-08-03 08:39:45 [INFO]: [0mGET /images/hero/jade-plant.jpg [36m304[0m 1.265 ms - -[0m
2026-08-03 08:39:45 [INFO]: [0mGET /images/hero/golden-pothos.jpg [36m304[0m 1.231 ms - -[0m
2026-08-03 08:39:45 [INFO]: [0mGET /images/hero/fiddle-leaf-fig.jpg [36m304[0m 0.934 ms - -[0m
2026-08-03 08:39:45 [INFO]: [0mGET /images/hero/why-choose.jpg [36m304[0m 1.343 ms - -[0m
2026-08-03 08:39:45 [INFO]: [0mGET /images/logo/plantora-orgn-white.png [36m304[0m 1.062 ms - -[0m
2026-08-03 08:39:51 [INFO]: [0mGET /admin/dashboard [36m304[0m 143.775 ms - -[0m
2026-08-03 08:39:51 [INFO]: [0mGET /css/style.css [36m304[0m 0.846 ms - -[0m
2026-08-03 08:39:51 [INFO]: [0mGET /css/admin/layout.css [36m304[0m 0.955 ms - -[0m
2026-08-03 08:39:51 [INFO]: [0mGET /css/header.css [36m304[0m 1.288 ms - -[0m
2026-08-03 08:39:51 [INFO]: [0mGET /images/logo/plantora.png [36m304[0m 1.577 ms - -[0m
2026-08-03 08:39:51 [INFO]: [0mGET /js/admin/layout.js [36m304[0m 0.190 ms - -[0m
2026-08-03 08:39:51 [INFO]: [0mGET /js/admin/users.js [36m304[0m 0.405 ms - -[0m
2026-08-03 08:39:51 [INFO]: [0mGET /css/variables.css [36m304[0m 0.575 ms - -[0m
2026-08-03 08:39:51 [INFO]: [0mGET /js/header.js [36m304[0m 0.881 ms - -[0m
2026-08-03 08:39:51 [INFO]: [0mGET /css/utilities.css [36m304[0m 1.275 ms - -[0m
2026-08-03 08:39:51 [INFO]: [0mGET /js/notification.js [36m304[0m 1.511 ms - -[0m
2026-08-03 08:39:51 [INFO]: [0mGET /css/animations.css [36m304[0m 0.310 ms - -[0m
2026-08-03 08:39:51 [INFO]: [0mGET /css/announcement.css [36m304[0m 0.532 ms - -[0m
2026-08-03 08:39:51 [INFO]: [0mGET /css/hero.css [36m304[0m 0.828 ms - -[0m
2026-08-03 08:39:51 [INFO]: [0mGET /css/featured.css [36m304[0m 1.329 ms - -[0m
2026-08-03 08:39:51 [INFO]: [0mGET /css/why-choose.css [36m304[0m 0.517 ms - -[0m
2026-08-03 08:39:51 [INFO]: [0mGET /css/footer.css [36m304[0m 0.945 ms - -[0m
2026-08-03 08:39:51 [INFO]: [0mGET /css/auth.css [36m304[0m 0.579 ms - -[0m
2026-08-03 08:39:51 [INFO]: [0mGET /css/verify.css [36m304[0m 0.779 ms - -[0m
2026-08-03 08:39:54 [INFO]: [0mGET /admin/users [32m200[0m 210.622 ms - -[0m
2026-08-03 09:13:07 [INFO]: SIGINT received. Shutting down server...
2026-08-03 09:19:55 [INFO]: MongoDB connected successfully.
2026-08-03 09:19:58 [INFO]: Email server connected successfully.
2026-08-03 09:19:58 [INFO]: Server is running on port 5132.
2026-08-03 09:19:58 [INFO]: [0mGET / [36m304[0m 98.248 ms - -[0m
2026-08-03 09:19:58 [INFO]: [0mGET /css/style.css [36m304[0m 1.487 ms - -[0m
2026-08-03 09:19:58 [INFO]: [0mGET /images/logo/plantora.png [36m304[0m 1.838 ms - -[0m
2026-08-03 09:19:58 [INFO]: [0mGET /images/hero/hero-placeholder.png [36m304[0m 1.020 ms - -[0m
2026-08-03 09:19:58 [INFO]: [0mGET /images/hero/monstera-plant.jpg [36m304[0m 1.292 ms - -[0m
2026-08-03 09:19:58 [INFO]: [0mGET /js/header.js [36m304[0m 0.803 ms - -[0m
2026-08-03 09:19:58 [INFO]: [0mGET /js/featured.js [36m304[0m 1.246 ms - -[0m
2026-08-03 09:19:58 [INFO]: [0mGET /js/why-choose.js [36m304[0m 0.580 ms - -[0m
2026-08-03 09:19:58 [INFO]: [0mGET /css/variables.css [36m304[0m 0.583 ms - -[0m
2026-08-03 09:19:58 [INFO]: [0mGET /css/utilities.css [36m304[0m 0.304 ms - -[0m
2026-08-03 09:19:58 [INFO]: [0mGET /css/animations.css [36m304[0m 0.853 ms - -[0m
2026-08-03 09:19:58 [INFO]: [0mGET /css/announcement.css [36m304[0m 1.071 ms - -[0m
2026-08-03 09:19:58 [INFO]: [0mGET /css/header.css [36m304[0m 1.183 ms - -[0m
2026-08-03 09:19:58 [INFO]: [0mGET /css/hero.css [36m304[0m 1.215 ms - -[0m
2026-08-03 09:19:58 [INFO]: [0mGET /css/featured.css [36m304[0m 1.539 ms - -[0m
2026-08-03 09:19:58 [INFO]: [0mGET /css/why-choose.css [36m304[0m 0.558 ms - -[0m
2026-08-03 09:19:58 [INFO]: [0mGET /css/footer.css [36m304[0m 0.524 ms - -[0m
2026-08-03 09:19:58 [INFO]: [0mGET /css/auth.css [36m304[0m 0.880 ms - -[0m
2026-08-03 09:19:58 [INFO]: [0mGET /css/verify.css [36m304[0m 1.264 ms - -[0m
2026-08-03 09:19:58 [INFO]: [0mGET /js/notification.js [36m304[0m 0.467 ms - -[0m
2026-08-03 09:19:58 [INFO]: [0mGET /js/footer.js [36m304[0m 0.641 ms - -[0m
2026-08-03 09:19:58 [INFO]: [0mGET /js/auth.js [36m304[0m 0.480 ms - -[0m
2026-08-03 09:19:58 [INFO]: [0mGET /images/hero/snake-plant.jpg [36m304[0m 0.648 ms - -[0m
2026-08-03 09:19:58 [INFO]: [0mGET /images/hero/peace-lily.jpg [36m304[0m 0.243 ms - -[0m
2026-08-03 09:19:58 [INFO]: [0mGET /images/hero/tulip-plant.jpg [36m304[0m 0.450 ms - -[0m
2026-08-03 09:19:58 [INFO]: [0mGET /images/hero/rubber-plant.jpg [36m304[0m 0.587 ms - -[0m
2026-08-03 09:19:58 [INFO]: [0mGET /images/hero/aloe-vera.jpg [36m304[0m 0.239 ms - -[0m
2026-08-03 09:19:58 [INFO]: [0mGET /images/hero/areca-palm.jpg [36m304[0m 0.256 ms - -[0m
2026-08-03 09:19:58 [INFO]: [0mGET /images/hero/jade-plant.jpg [36m304[0m 0.164 ms - -[0m
2026-08-03 09:19:58 [INFO]: [0mGET /images/hero/golden-pothos.jpg [36m304[0m 0.265 ms - -[0m
2026-08-03 09:19:58 [INFO]: [0mGET /images/hero/fiddle-leaf-fig.jpg [36m304[0m 0.307 ms - -[0m
2026-08-03 09:19:58 [INFO]: [0mGET /images/hero/why-choose.jpg [36m304[0m 0.288 ms - -[0m
2026-08-03 09:19:58 [INFO]: [0mGET /images/logo/plantora-orgn-white.png [36m304[0m 0.318 ms - -[0m
2026-08-03 09:20:00 [INFO]: [0mGET / [36m304[0m 78.800 ms - -[0m
2026-08-03 09:20:01 [INFO]: [0mGET /css/style.css [36m304[0m 1.162 ms - -[0m
2026-08-03 09:20:01 [INFO]: [0mGET /images/logo/plantora.png [36m304[0m 1.363 ms - -[0m
2026-08-03 09:20:01 [INFO]: [0mGET /images/hero/hero-placeholder.png [36m304[0m 1.565 ms - -[0m
2026-08-03 09:20:01 [INFO]: [0mGET /images/hero/monstera-plant.jpg [36m304[0m 0.796 ms - -[0m
2026-08-03 09:20:01 [INFO]: [0mGET /js/header.js [36m304[0m 0.307 ms - -[0m
2026-08-03 09:20:01 [INFO]: [0mGET /js/featured.js [36m304[0m 0.440 ms - -[0m
2026-08-03 09:20:01 [INFO]: [0mGET /js/why-choose.js [36m304[0m 0.834 ms - -[0m
2026-08-03 09:20:01 [INFO]: [0mGET /js/notification.js [36m304[0m 1.093 ms - -[0m
2026-08-03 09:20:01 [INFO]: [0mGET /css/variables.css [36m304[0m 0.646 ms - -[0m
2026-08-03 09:20:01 [INFO]: [0mGET /css/utilities.css [36m304[0m 0.863 ms - -[0m
2026-08-03 09:20:01 [INFO]: [0mGET /css/animations.css [36m304[0m 1.094 ms - -[0m
2026-08-03 09:20:01 [INFO]: [0mGET /css/announcement.css [36m304[0m 1.842 ms - -[0m
2026-08-03 09:20:01 [INFO]: [0mGET /css/header.css [36m304[0m 1.050 ms - -[0m
2026-08-03 09:20:01 [INFO]: [0mGET /css/hero.css [36m304[0m 1.352 ms - -[0m
2026-08-03 09:20:01 [INFO]: [0mGET /css/featured.css [36m304[0m 0.664 ms - -[0m
2026-08-03 09:20:01 [INFO]: [0mGET /css/why-choose.css [36m304[0m 0.803 ms - -[0m
2026-08-03 09:20:01 [INFO]: [0mGET /css/footer.css [36m304[0m 1.134 ms - -[0m
2026-08-03 09:20:01 [INFO]: [0mGET /css/auth.css [36m304[0m 0.351 ms - -[0m
2026-08-03 09:20:01 [INFO]: [0mGET /css/verify.css [36m304[0m 0.553 ms - -[0m
2026-08-03 09:20:01 [INFO]: [0mGET /js/footer.js [36m304[0m 0.142 ms - -[0m
2026-08-03 09:20:01 [INFO]: [0mGET /js/auth.js [36m304[0m 0.255 ms - -[0m
2026-08-03 09:20:01 [INFO]: [0mGET /images/hero/snake-plant.jpg [36m304[0m 0.630 ms - -[0m
2026-08-03 09:20:01 [INFO]: [0mGET /images/hero/peace-lily.jpg [36m304[0m 0.492 ms - -[0m
2026-08-03 09:20:01 [INFO]: [0mGET /images/hero/tulip-plant.jpg [36m304[0m 0.586 ms - -[0m
2026-08-03 09:20:01 [INFO]: [0mGET /images/hero/rubber-plant.jpg [36m304[0m 0.883 ms - -[0m
2026-08-03 09:20:01 [INFO]: [0mGET /images/hero/aloe-vera.jpg [36m304[0m 0.326 ms - -[0m
2026-08-03 09:20:01 [INFO]: [0mGET /images/hero/areca-palm.jpg [36m304[0m 0.493 ms - -[0m
2026-08-03 09:20:01 [INFO]: [0mGET /images/hero/jade-plant.jpg [36m304[0m 0.710 ms - -[0m
2026-08-03 09:20:01 [INFO]: [0mGET /images/hero/golden-pothos.jpg [36m304[0m 0.255 ms - -[0m
2026-08-03 09:20:01 [INFO]: [0mGET /images/hero/fiddle-leaf-fig.jpg [36m304[0m 0.583 ms - -[0m
2026-08-03 09:20:01 [INFO]: [0mGET /images/hero/why-choose.jpg [36m304[0m 0.456 ms - -[0m
2026-08-03 09:20:01 [INFO]: [0mGET /images/logo/plantora-orgn-white.png [36m304[0m 0.195 ms - -[0m
2026-08-03 09:20:03 [INFO]: [0mGET /admin/dashboard [36m304[0m 111.792 ms - -[0m
2026-08-03 09:20:03 [INFO]: [0mGET /css/style.css [36m304[0m 1.938 ms - -[0m
2026-08-03 09:20:03 [INFO]: [0mGET /css/admin/layout.css [36m304[0m 0.961 ms - -[0m
2026-08-03 09:20:03 [INFO]: [0mGET /css/header.css [36m304[0m 1.152 ms - -[0m
2026-08-03 09:20:03 [INFO]: [0mGET /images/logo/plantora.png [36m304[0m 1.329 ms - -[0m
2026-08-03 09:20:03 [INFO]: [0mGET /js/admin/layout.js [36m304[0m 0.201 ms - -[0m
2026-08-03 09:20:03 [INFO]: [0mGET /js/header.js [36m304[0m 0.846 ms - -[0m
2026-08-03 09:20:03 [INFO]: [0mGET /css/variables.css [36m304[0m 1.055 ms - -[0m
2026-08-03 09:20:03 [INFO]: [0mGET /js/notification.js [36m304[0m 1.297 ms - -[0m
2026-08-03 09:20:03 [INFO]: [0mGET /css/utilities.css [36m304[0m 1.428 ms - -[0m
2026-08-03 09:20:03 [INFO]: [0mGET /css/animations.css [36m304[0m 1.802 ms - -[0m
2026-08-03 09:20:03 [INFO]: [0mGET /css/announcement.css [36m304[0m 2.216 ms - -[0m
2026-08-03 09:20:03 [INFO]: [0mGET /css/hero.css [36m304[0m 2.420 ms - -[0m
2026-08-03 09:20:03 [INFO]: [0mGET /css/featured.css [36m304[0m 2.505 ms - -[0m
2026-08-03 09:20:03 [INFO]: [0mGET /css/why-choose.css [36m304[0m 2.573 ms - -[0m
2026-08-03 09:20:03 [INFO]: [0mGET /css/footer.css [36m304[0m 0.401 ms - -[0m
2026-08-03 09:20:03 [INFO]: [0mGET /js/admin/users.js [32m200[0m 4.898 ms - -[0m
2026-08-03 09:20:03 [INFO]: [0mGET /css/auth.css [36m304[0m 1.076 ms - -[0m
2026-08-03 09:20:03 [INFO]: [0mGET /css/verify.css [36m304[0m 1.276 ms - -[0m
2026-08-03 09:20:06 [INFO]: [0mGET /admin/users [32m200[0m 180.941 ms - -[0m
2026-08-03 09:20:06 [INFO]: [0mGET /css/style.css [36m304[0m 0.509 ms - -[0m
2026-08-03 09:20:06 [INFO]: [0mGET /css/admin/layout.css [36m304[0m 0.957 ms - -[0m
2026-08-03 09:20:06 [INFO]: [0mGET /css/header.css [36m304[0m 1.323 ms - -[0m
2026-08-03 09:20:06 [INFO]: [0mGET /images/logo/plantora.png [36m304[0m 0.502 ms - -[0m
2026-08-03 09:20:06 [INFO]: [0mGET /js/admin/layout.js [36m304[0m 0.678 ms - -[0m
2026-08-03 09:20:06 [INFO]: [0mGET /js/admin/users.js [36m304[0m 0.891 ms - -[0m
2026-08-03 09:20:06 [INFO]: [0mGET /js/header.js [36m304[0m 1.186 ms - -[0m
2026-08-03 09:20:06 [INFO]: [0mGET /js/notification.js [36m304[0m 1.234 ms - -[0m
2026-08-03 09:20:06 [INFO]: [0mGET /css/variables.css [36m304[0m 1.462 ms - -[0m
2026-08-03 09:20:06 [INFO]: [0mGET /css/utilities.css [36m304[0m 1.738 ms - -[0m
2026-08-03 09:20:06 [INFO]: [0mGET /css/animations.css [36m304[0m 1.681 ms - -[0m
2026-08-03 09:20:06 [INFO]: [0mGET /css/announcement.css [36m304[0m 1.646 ms - -[0m
2026-08-03 09:20:06 [INFO]: [0mGET /css/hero.css [36m304[0m 1.130 ms - -[0m
2026-08-03 09:20:06 [INFO]: [0mGET /css/featured.css [36m304[0m 0.232 ms - -[0m
2026-08-03 09:20:06 [INFO]: [0mGET /css/why-choose.css [36m304[0m 0.349 ms - -[0m
2026-08-03 09:20:06 [INFO]: [0mGET /css/footer.css [36m304[0m 0.131 ms - -[0m
2026-08-03 09:20:06 [INFO]: [0mGET /css/auth.css [36m304[0m 0.255 ms - -[0m
2026-08-03 09:20:06 [INFO]: [0mGET /css/verify.css [36m304[0m 0.509 ms - -[0m
2026-08-03 09:20:32 [ERROR]: Show users page failed: req.flash is not a function
2026-08-03 09:20:32 [ERROR]: Error: Failed to lookup view "errors/500" in views directory "E:\Webskitters_Academy\NODE JS\final_project_node\plantora_final_project_node_ejs\views"
    at app.render (E:\Webskitters_Academy\NODE JS\final_project_node\plantora_final_project_node_ejs\node_modules\express\lib\application.js:562:17)
    at ServerResponse.render (E:\Webskitters_Academy\NODE JS\final_project_node\plantora_final_project_node_ejs\node_modules\express\lib\response.js:923:7)
    at showUsersPage (E:\Webskitters_Academy\NODE JS\final_project_node\plantora_final_project_node_ejs\app\controllers\UserController.js:290:30)
    at Layer.handleRequest (E:\Webskitters_Academy\NODE JS\final_project_node\plantora_final_project_node_ejs\node_modules\router\lib\layer.js:152:17)
    at next (E:\Webskitters_Academy\NODE JS\final_project_node\plantora_final_project_node_ejs\node_modules\router\lib\route.js:157:13)
    at Route.dispatch (E:\Webskitters_Academy\NODE JS\final_project_node\plantora_final_project_node_ejs\node_modules\router\lib\route.js:117:3)
    at handle (E:\Webskitters_Academy\NODE JS\final_project_node\plantora_final_project_node_ejs\node_modules\router\index.js:435:11)
    at Layer.handleRequest (E:\Webskitters_Academy\NODE JS\final_project_node\plantora_final_project_node_ejs\node_modules\router\lib\layer.js:152:17)
    at E:\Webskitters_Academy\NODE JS\final_project_node\plantora_final_project_node_ejs\node_modules\router\index.js:295:15
    at processParams (E:\Webskitters_Academy\NODE JS\final_project_node\plantora_final_project_node_ejs\node_modules\router\index.js:582:12)
2026-08-03 09:20:32 [INFO]: [0mGET /admin/users?search=&role=&status=&isEmailVerified=true&sortBy=createdAt&limit=10 [31m500[0m 103.758 ms - 211[0m
2026-08-03 09:20:43 [ERROR]: Show users page failed: req.flash is not a function
2026-08-03 09:20:43 [ERROR]: Error: Failed to lookup view "errors/500" in views directory "E:\Webskitters_Academy\NODE JS\final_project_node\plantora_final_project_node_ejs\views"
    at app.render (E:\Webskitters_Academy\NODE JS\final_project_node\plantora_final_project_node_ejs\node_modules\express\lib\application.js:562:17)
    at ServerResponse.render (E:\Webskitters_Academy\NODE JS\final_project_node\plantora_final_project_node_ejs\node_modules\express\lib\response.js:923:7)
    at showUsersPage (E:\Webskitters_Academy\NODE JS\final_project_node\plantora_final_project_node_ejs\app\controllers\UserController.js:290:30)
    at Layer.handleRequest (E:\Webskitters_Academy\NODE JS\final_project_node\plantora_final_project_node_ejs\node_modules\router\lib\layer.js:152:17)
    at next (E:\Webskitters_Academy\NODE JS\final_project_node\plantora_final_project_node_ejs\node_modules\router\lib\route.js:157:13)
    at Route.dispatch (E:\Webskitters_Academy\NODE JS\final_project_node\plantora_final_project_node_ejs\node_modules\router\lib\route.js:117:3)
    at handle (E:\Webskitters_Academy\NODE JS\final_project_node\plantora_final_project_node_ejs\node_modules\router\index.js:435:11)
    at Layer.handleRequest (E:\Webskitters_Academy\NODE JS\final_project_node\plantora_final_project_node_ejs\node_modules\router\lib\layer.js:152:17)
    at E:\Webskitters_Academy\NODE JS\final_project_node\plantora_final_project_node_ejs\node_modules\router\index.js:295:15
    at processParams (E:\Webskitters_Academy\NODE JS\final_project_node\plantora_final_project_node_ejs\node_modules\router\index.js:582:12)
2026-08-03 09:20:43 [INFO]: [0mGET /admin/users?search=&role=seller&status=&isEmailVerified=true&sortBy=createdAt&limit=10 [31m500[0m 142.393 ms - 211[0m
2026-08-03 09:21:49 [INFO]: [0mPUT /admin/users/6a6e638d68eaf947f1f6ba8a/edit?_method=PUT [33m404[0m 122.631 ms - 117[0m
2026-08-03 09:29:04 [INFO]: [0mGET /admin/users [36m304[0m 146.626 ms - -[0m
2026-08-03 09:29:04 [INFO]: [0mGET /css/style.css [36m304[0m 0.245 ms - -[0m
2026-08-03 09:29:04 [INFO]: [0mGET /css/admin/layout.css [36m304[0m 0.307 ms - -[0m
2026-08-03 09:29:04 [INFO]: [0mGET /css/header.css [36m304[0m 0.449 ms - -[0m
2026-08-03 09:29:04 [INFO]: [0mGET /images/logo/plantora.png [36m304[0m 0.126 ms - -[0m
2026-08-03 09:29:04 [INFO]: [0mGET /js/admin/layout.js [36m304[0m 0.524 ms - -[0m
2026-08-03 09:29:04 [INFO]: [0mGET /js/admin/users.js [36m304[0m 0.768 ms - -[0m
2026-08-03 09:29:04 [INFO]: [0mGET /js/header.js [36m304[0m 0.648 ms - -[0m
2026-08-03 09:29:04 [INFO]: [0mGET /js/notification.js [36m304[0m 0.529 ms - -[0m
2026-08-03 09:29:04 [INFO]: [0mGET /css/variables.css [36m304[0m 0.639 ms - -[0m
2026-08-03 09:29:04 [INFO]: [0mGET /css/utilities.css [36m304[0m 0.733 ms - -[0m
2026-08-03 09:29:04 [INFO]: [0mGET /css/animations.css [36m304[0m 0.889 ms - -[0m
2026-08-03 09:29:04 [INFO]: [0mGET /css/announcement.css [36m304[0m 1.098 ms - -[0m
2026-08-03 09:29:04 [INFO]: [0mGET /css/why-choose.css [36m304[0m 0.600 ms - -[0m
2026-08-03 09:29:04 [INFO]: [0mGET /css/footer.css [36m304[0m 0.775 ms - -[0m
2026-08-03 09:29:04 [INFO]: [0mGET /css/auth.css [36m304[0m 0.945 ms - -[0m
2026-08-03 09:29:04 [INFO]: [0mGET /css/verify.css [36m304[0m 1.321 ms - -[0m
2026-08-03 09:29:04 [INFO]: [0mGET /css/hero.css [36m304[0m 1.667 ms - -[0m
2026-08-03 09:29:04 [INFO]: [0mGET /css/featured.css [36m304[0m 1.913 ms - -[0m
2026-08-03 09:30:20 [INFO]: [0mGET /admin/users [32m200[0m 149.245 ms - -[0m
2026-08-03 09:30:20 [INFO]: [0mGET /css/style.css [36m304[0m 0.496 ms - -[0m
2026-08-03 09:30:20 [INFO]: [0mGET /css/admin/layout.css [36m304[0m 0.450 ms - -[0m
2026-08-03 09:30:20 [INFO]: [0mGET /css/header.css [36m304[0m 1.274 ms - -[0m
2026-08-03 09:30:20 [INFO]: [0mGET /images/logo/plantora.png [36m304[0m 1.252 ms - -[0m
2026-08-03 09:30:20 [INFO]: [0mGET /js/admin/layout.js [36m304[0m 0.494 ms - -[0m
2026-08-03 09:30:20 [INFO]: [0mGET /js/admin/users.js [36m304[0m 0.877 ms - -[0m
2026-08-03 09:30:20 [INFO]: [0mGET /css/admin/users.css [32m200[0m 3.779 ms - -[0m
2026-08-03 09:30:20 [INFO]: [0mGET /js/header.js [36m304[0m 1.468 ms - -[0m
2026-08-03 09:30:20 [INFO]: [0mGET /js/notification.js [36m304[0m 0.932 ms - -[0m
2026-08-03 09:30:20 [INFO]: [0mGET /css/variables.css [36m304[0m 0.340 ms - -[0m
2026-08-03 09:30:20 [INFO]: [0mGET /css/utilities.css [36m304[0m 0.860 ms - -[0m
2026-08-03 09:30:20 [INFO]: [0mGET /css/animations.css [36m304[0m 0.607 ms - -[0m
2026-08-03 09:30:20 [INFO]: [0mGET /css/announcement.css [36m304[0m 1.454 ms - -[0m
2026-08-03 09:30:20 [INFO]: [0mGET /css/featured.css [36m304[0m 0.848 ms - -[0m
2026-08-03 09:30:20 [INFO]: [0mGET /css/hero.css [36m304[0m 0.944 ms - -[0m
2026-08-03 09:30:20 [INFO]: [0mGET /css/why-choose.css [36m304[0m 1.611 ms - -[0m
2026-08-03 09:30:20 [INFO]: [0mGET /css/footer.css [36m304[0m 0.753 ms - -[0m
2026-08-03 09:30:20 [INFO]: [0mGET /css/auth.css [36m304[0m 0.986 ms - -[0m
2026-08-03 09:30:20 [INFO]: [0mGET /css/verify.css [36m304[0m 0.767 ms - -[0m
2026-08-03 09:30:53 [INFO]: [0mPUT /admin/users/6a6e638d68eaf947f1f6ba8a/edit?_method=PUT [33m404[0m 116.279 ms - 117[0m
2026-08-03 09:33:10 [INFO]: [0mGET /admin/users [36m304[0m 144.413 ms - -[0m
2026-08-03 09:33:10 [INFO]: [0mGET /css/style.css [36m304[0m 0.603 ms - -[0m
2026-08-03 09:33:10 [INFO]: [0mGET /css/admin/layout.css [36m304[0m 0.967 ms - -[0m
2026-08-03 09:33:10 [INFO]: [0mGET /css/header.css [36m304[0m 0.444 ms - -[0m
2026-08-03 09:33:10 [INFO]: [0mGET /css/admin/users.css [36m304[0m 0.408 ms - -[0m
2026-08-03 09:33:10 [INFO]: [0mGET /images/logo/plantora.png [36m304[0m 0.216 ms - -[0m
2026-08-03 09:33:10 [INFO]: [0mGET /js/admin/layout.js [36m304[0m 0.476 ms - -[0m
2026-08-03 09:33:10 [INFO]: [0mGET /js/admin/users.js [36m304[0m 0.676 ms - -[0m
2026-08-03 09:33:10 [INFO]: [0mGET /js/header.js [36m304[0m 0.443 ms - -[0m
2026-08-03 09:33:10 [INFO]: [0mGET /js/notification.js [36m304[0m 0.953 ms - -[0m
2026-08-03 09:33:10 [INFO]: [0mGET /css/variables.css [36m304[0m 0.672 ms - -[0m
2026-08-03 09:33:10 [INFO]: [0mGET /css/utilities.css [36m304[0m 1.708 ms - -[0m
2026-08-03 09:33:10 [INFO]: [0mGET /css/animations.css [36m304[0m 0.978 ms - -[0m
2026-08-03 09:33:10 [INFO]: [0mGET /css/hero.css [36m304[0m 1.236 ms - -[0m
2026-08-03 09:33:10 [INFO]: [0mGET /css/announcement.css [36m304[0m 1.610 ms - -[0m
2026-08-03 09:33:10 [INFO]: [0mGET /css/featured.css [36m304[0m 2.604 ms - -[0m
2026-08-03 09:33:10 [INFO]: [0mGET /css/why-choose.css [36m304[0m 1.207 ms - -[0m
2026-08-03 09:33:10 [INFO]: [0mGET /css/footer.css [36m304[0m 1.534 ms - -[0m
2026-08-03 09:33:10 [INFO]: [0mGET /css/auth.css [36m304[0m 1.101 ms - -[0m
2026-08-03 09:33:10 [INFO]: [0mGET /css/verify.css [36m304[0m 0.774 ms - -[0m
2026-08-03 09:33:17 [INFO]: [0mPUT /admin/users/6a6e638d68eaf947f1f6ba8a/edit?_method=PUT [33m404[0m 103.843 ms - 117[0m
2026-08-03 09:33:22 [INFO]: [0mGET /admin/users [36m304[0m 142.586 ms - -[0m
2026-08-03 09:33:22 [INFO]: [0mGET /css/style.css [36m304[0m 0.990 ms - -[0m
2026-08-03 09:33:22 [INFO]: [0mGET /css/admin/layout.css [36m304[0m 0.888 ms - -[0m
2026-08-03 09:33:22 [INFO]: [0mGET /css/admin/users.css [36m304[0m 0.471 ms - -[0m
2026-08-03 09:33:22 [INFO]: [0mGET /images/logo/plantora.png [36m304[0m 0.549 ms - -[0m
2026-08-03 09:33:22 [INFO]: [0mGET /css/header.css [36m304[0m 0.765 ms - -[0m
2026-08-03 09:33:22 [INFO]: [0mGET /js/admin/layout.js [36m304[0m 0.404 ms - -[0m
2026-08-03 09:33:22 [INFO]: [0mGET /js/admin/users.js [36m304[0m 0.702 ms - -[0m
2026-08-03 09:33:22 [INFO]: [0mGET /js/header.js [36m304[0m 0.961 ms - -[0m
2026-08-03 09:33:22 [INFO]: [0mGET /js/notification.js [36m304[0m 1.320 ms - -[0m
2026-08-03 09:33:22 [INFO]: [0mGET /css/variables.css [36m304[0m 0.214 ms - -[0m
2026-08-03 09:33:22 [INFO]: [0mGET /css/utilities.css [36m304[0m 0.583 ms - -[0m
2026-08-03 09:33:22 [INFO]: [0mGET /css/animations.css [36m304[0m 0.656 ms - -[0m
2026-08-03 09:33:22 [INFO]: [0mGET /css/announcement.css [36m304[0m 0.694 ms - -[0m
2026-08-03 09:33:22 [INFO]: [0mGET /css/hero.css [36m304[0m 1.140 ms - -[0m
2026-08-03 09:33:22 [INFO]: [0mGET /css/featured.css [36m304[0m 2.473 ms - -[0m
2026-08-03 09:33:22 [INFO]: [0mGET /css/why-choose.css [36m304[0m 1.564 ms - -[0m
2026-08-03 09:33:22 [INFO]: [0mGET /css/footer.css [36m304[0m 0.729 ms - -[0m
2026-08-03 09:33:22 [INFO]: [0mGET /css/auth.css [36m304[0m 0.797 ms - -[0m
2026-08-03 09:33:22 [INFO]: [0mGET /css/verify.css [36m304[0m 0.833 ms - -[0m
2026-08-03 09:35:00 [ERROR]: Error: Failed to lookup view "admin/users/trash" in views directory "E:\Webskitters_Academy\NODE JS\final_project_node\plantora_final_project_node_ejs\views"
    at app.render (E:\Webskitters_Academy\NODE JS\final_project_node\plantora_final_project_node_ejs\node_modules\express\lib\application.js:562:17)
    at ServerResponse.render (E:\Webskitters_Academy\NODE JS\final_project_node\plantora_final_project_node_ejs\node_modules\express\lib\response.js:923:7)
    at showDeletedUsersPage (E:\Webskitters_Academy\NODE JS\final_project_node\plantora_final_project_node_ejs\app\controllers\UserController.js:400:18)
    at process.processTicksAndRejections (node:internal/process/task_queues:103:5)
2026-08-03 09:35:00 [INFO]: [0mGET /admin/users/trash [31m500[0m 176.537 ms - 218[0m
2026-08-03 09:35:06 [INFO]: [0mGET /admin/users [36m304[0m 188.969 ms - -[0m
2026-08-03 09:35:06 [INFO]: [0mGET /css/style.css [36m304[0m 0.557 ms - -[0m
2026-08-03 09:35:06 [INFO]: [0mGET /css/admin/layout.css [36m304[0m 0.937 ms - -[0m
2026-08-03 09:35:06 [INFO]: [0mGET /css/admin/users.css [36m304[0m 0.209 ms - -[0m
2026-08-03 09:35:06 [INFO]: [0mGET /css/header.css [36m304[0m 0.240 ms - -[0m
2026-08-03 09:35:06 [INFO]: [0mGET /images/logo/plantora.png [36m304[0m 0.414 ms - -[0m
2026-08-03 09:35:06 [INFO]: [0mGET /js/admin/layout.js [36m304[0m 0.196 ms - -[0m
2026-08-03 09:35:06 [INFO]: [0mGET /js/admin/users.js [36m304[0m 0.196 ms - -[0m
2026-08-03 09:35:06 [INFO]: [0mGET /js/header.js [36m304[0m 0.332 ms - -[0m
2026-08-03 09:35:06 [INFO]: [0mGET /js/notification.js [36m304[0m 0.228 ms - -[0m
2026-08-03 09:35:06 [INFO]: [0mGET /css/variables.css [36m304[0m 0.383 ms - -[0m
2026-08-03 09:35:06 [INFO]: [0mGET /css/utilities.css [36m304[0m 0.456 ms - -[0m
2026-08-03 09:35:06 [INFO]: [0mGET /css/animations.css [36m304[0m 0.770 ms - -[0m
2026-08-03 09:35:06 [INFO]: [0mGET /css/announcement.css [36m304[0m 1.043 ms - -[0m
2026-08-03 09:35:06 [INFO]: [0mGET /css/hero.css [36m304[0m 0.413 ms - -[0m
2026-08-03 09:35:06 [INFO]: [0mGET /css/why-choose.css [36m304[0m 1.005 ms - -[0m
2026-08-03 09:35:06 [INFO]: [0mGET /css/featured.css [36m304[0m 1.349 ms - -[0m
2026-08-03 09:35:06 [INFO]: [0mGET /css/footer.css [36m304[0m 0.651 ms - -[0m
2026-08-03 09:35:06 [INFO]: [0mGET /css/auth.css [36m304[0m 0.207 ms - -[0m
2026-08-03 09:35:06 [INFO]: [0mGET /css/verify.css [36m304[0m 0.370 ms - -[0m
2026-08-03 09:35:14 [INFO]: [0mDELETE /admin/users/6a6e638d68eaf947f1f6ba8a/delete?_method=DELETE [33m404[0m 103.558 ms - 125[0m
2026-08-03 09:35:20 [INFO]: [0mGET /admin/users [36m304[0m 142.299 ms - -[0m
2026-08-03 09:35:20 [INFO]: [0mGET /css/style.css [36m304[0m 0.256 ms - -[0m
2026-08-03 09:35:20 [INFO]: [0mGET /css/admin/layout.css [36m304[0m 0.288 ms - -[0m
2026-08-03 09:35:20 [INFO]: [0mGET /css/admin/users.css [36m304[0m 0.511 ms - -[0m
2026-08-03 09:35:20 [INFO]: [0mGET /css/header.css [36m304[0m 0.683 ms - -[0m
2026-08-03 09:35:20 [INFO]: [0mGET /images/logo/plantora.png [36m304[0m 1.048 ms - -[0m
2026-08-03 09:35:20 [INFO]: [0mGET /js/admin/layout.js [36m304[0m 0.572 ms - -[0m
2026-08-03 09:35:20 [INFO]: [0mGET /js/admin/users.js [36m304[0m 0.770 ms - -[0m
2026-08-03 09:35:20 [INFO]: [0mGET /js/header.js [36m304[0m 1.041 ms - -[0m
2026-08-03 09:35:20 [INFO]: [0mGET /js/notification.js [36m304[0m 0.584 ms - -[0m
2026-08-03 09:35:20 [INFO]: [0mGET /css/variables.css [36m304[0m 0.775 ms - -[0m
2026-08-03 09:35:20 [INFO]: [0mGET /css/utilities.css [36m304[0m 0.919 ms - -[0m
2026-08-03 09:35:20 [INFO]: [0mGET /css/animations.css [36m304[0m 1.089 ms - -[0m
2026-08-03 09:35:20 [INFO]: [0mGET /css/announcement.css [36m304[0m 1.169 ms - -[0m
2026-08-03 09:35:20 [INFO]: [0mGET /css/hero.css [36m304[0m 1.233 ms - -[0m
2026-08-03 09:35:20 [INFO]: [0mGET /css/featured.css [36m304[0m 1.417 ms - -[0m
2026-08-03 09:35:20 [INFO]: [0mGET /css/why-choose.css [36m304[0m 0.772 ms - -[0m
2026-08-03 09:35:20 [INFO]: [0mGET /css/footer.css [36m304[0m 0.915 ms - -[0m
2026-08-03 09:35:20 [INFO]: [0mGET /css/auth.css [36m304[0m 1.072 ms - -[0m
2026-08-03 09:35:20 [INFO]: [0mGET /css/verify.css [36m304[0m 1.106 ms - -[0m
2026-08-03 09:54:16 [INFO]: [0mGET /css/style.css [36m304[0m 0.884 ms - -[0m
2026-08-03 09:54:16 [INFO]: [0mGET /css/variables.css [36m304[0m 1.283 ms - -[0m
2026-08-03 09:54:16 [INFO]: [0mGET /css/utilities.css [36m304[0m 1.405 ms - -[0m
2026-08-03 09:54:16 [INFO]: [0mGET /css/animations.css [36m304[0m 1.571 ms - -[0m
2026-08-03 09:54:16 [INFO]: [0mGET /css/announcement.css [36m304[0m 1.793 ms - -[0m
2026-08-03 09:54:16 [INFO]: [0mGET /css/header.css [36m304[0m 2.249 ms - -[0m
2026-08-03 09:54:16 [INFO]: [0mGET /css/hero.css [36m304[0m 0.603 ms - -[0m
2026-08-03 09:54:16 [INFO]: [0mGET /css/featured.css [36m304[0m 0.957 ms - -[0m
2026-08-03 09:54:16 [INFO]: [0mGET /css/why-choose.css [36m304[0m 1.264 ms - -[0m
2026-08-03 09:54:16 [INFO]: [0mGET /css/footer.css [36m304[0m 1.635 ms - -[0m
2026-08-03 09:54:16 [INFO]: [0mGET /css/auth.css [36m304[0m 1.932 ms - -[0m
2026-08-03 09:54:16 [INFO]: [0mGET /css/verify.css [36m304[0m 2.127 ms - -[0m
2026-08-03 09:54:16 [INFO]: [0mGET /css/admin/layout.css [36m304[0m 0.198 ms - -[0m
2026-08-03 09:54:16 [INFO]: [0mGET /css/admin/users.css [36m304[0m 0.490 ms - -[0m
2026-08-03 09:54:16 [INFO]: [0mGET /.well-known/appspecific/com.chrome.devtools.json [33m404[0m 77.665 ms - 112[0m
2026-08-03 10:51:00 [INFO]: [0mGET /admin/users [33m401[0m 0.584 ms - 55[0m
2026-08-03 10:51:30 [INFO]: [0mPOST /auth/logout [33m401[0m 0.516 ms - 55[0m
2026-08-03 10:51:34 [INFO]: [0mPOST /auth/logout [33m401[0m 0.392 ms - 55[0m
2026-08-03 10:51:41 [INFO]: [0mGET / [32m200[0m 5.031 ms - -[0m
2026-08-03 10:51:41 [INFO]: [0mGET /css/style.css [36m304[0m 0.544 ms - -[0m
2026-08-03 10:51:41 [INFO]: [0mGET /images/logo/plantora.png [36m304[0m 0.589 ms - -[0m
2026-08-03 10:51:41 [INFO]: [0mGET /images/hero/hero-placeholder.png [36m304[0m 0.584 ms - -[0m
2026-08-03 10:51:41 [INFO]: [0mGET /images/hero/monstera-plant.jpg [36m304[0m 0.809 ms - -[0m
2026-08-03 10:51:41 [INFO]: [0mGET /css/variables.css [36m304[0m 1.537 ms - -[0m
2026-08-03 10:51:41 [INFO]: [0mGET /css/utilities.css [36m304[0m 0.282 ms - -[0m
2026-08-03 10:51:41 [INFO]: [0mGET /css/animations.css [36m304[0m 0.383 ms - -[0m
2026-08-03 10:51:41 [INFO]: [0mGET /css/announcement.css [36m304[0m 0.554 ms - -[0m
2026-08-03 10:51:41 [INFO]: [0mGET /css/header.css [36m304[0m 0.194 ms - -[0m
2026-08-03 10:51:41 [INFO]: [0mGET /css/hero.css [36m304[0m 0.119 ms - -[0m
2026-08-03 10:51:41 [INFO]: [0mGET /css/featured.css [36m304[0m 0.611 ms - -[0m
2026-08-03 10:51:41 [INFO]: [0mGET /css/why-choose.css [36m304[0m 0.930 ms - -[0m
2026-08-03 10:51:41 [INFO]: [0mGET /css/footer.css [36m304[0m 0.307 ms - -[0m
2026-08-03 10:51:41 [INFO]: [0mGET /css/auth.css [36m304[0m 0.198 ms - -[0m
2026-08-03 10:51:41 [INFO]: [0mGET /css/verify.css [36m304[0m 0.156 ms - -[0m
2026-08-03 10:51:41 [INFO]: [0mGET /images/hero/snake-plant.jpg [36m304[0m 0.193 ms - -[0m
2026-08-03 10:51:41 [INFO]: [0mGET /images/hero/peace-lily.jpg [36m304[0m 0.297 ms - -[0m
2026-08-03 10:51:41 [INFO]: [0mGET /js/header.js [36m304[0m 0.199 ms - -[0m
2026-08-03 10:51:41 [INFO]: [0mGET /js/featured.js [36m304[0m 0.321 ms - -[0m
2026-08-03 10:51:41 [INFO]: [0mGET /js/why-choose.js [36m304[0m 0.587 ms - -[0m
2026-08-03 10:51:41 [INFO]: [0mGET /js/notification.js [36m304[0m 0.379 ms - -[0m
2026-08-03 10:51:41 [INFO]: [0mGET /js/footer.js [36m304[0m 0.274 ms - -[0m
2026-08-03 10:51:41 [INFO]: [0mGET /js/auth.js [36m304[0m 0.610 ms - -[0m
2026-08-03 10:51:41 [INFO]: [0mGET /images/hero/tulip-plant.jpg [36m304[0m 0.438 ms - -[0m
2026-08-03 10:51:41 [INFO]: [0mGET /images/hero/rubber-plant.jpg [36m304[0m 0.143 ms - -[0m
2026-08-03 10:51:41 [INFO]: [0mGET /images/hero/aloe-vera.jpg [36m304[0m 0.203 ms - -[0m
2026-08-03 10:51:41 [INFO]: [0mGET /images/hero/areca-palm.jpg [36m304[0m 0.176 ms - -[0m
2026-08-03 10:51:41 [INFO]: [0mGET /images/hero/jade-plant.jpg [36m304[0m 0.164 ms - -[0m
2026-08-03 10:51:41 [INFO]: [0mGET /images/hero/golden-pothos.jpg [36m304[0m 0.161 ms - -[0m
2026-08-03 10:51:41 [INFO]: [0mGET /images/hero/fiddle-leaf-fig.jpg [36m304[0m 0.238 ms - -[0m
2026-08-03 10:51:41 [INFO]: [0mGET /images/hero/why-choose.jpg [36m304[0m 0.160 ms - -[0m
2026-08-03 10:51:41 [INFO]: [0mGET /images/logo/plantora-orgn-white.png [36m304[0m 0.217 ms - -[0m
2026-08-03 10:51:46 [INFO]: Login successful : admin-plantora@yopmail.com
2026-08-03 10:51:46 [INFO]: [0mPOST /auth/login [32m200[0m 507.729 ms - 46[0m
2026-08-03 10:51:47 [INFO]: [0mGET / [32m200[0m 100.557 ms - -[0m
2026-08-03 10:51:47 [INFO]: [0mGET /css/style.css [36m304[0m 0.484 ms - -[0m
2026-08-03 10:51:47 [INFO]: [0mGET /images/logo/plantora.png [36m304[0m 0.628 ms - -[0m
2026-08-03 10:51:47 [INFO]: [0mGET /images/hero/hero-placeholder.png [36m304[0m 0.116 ms - -[0m
2026-08-03 10:51:47 [INFO]: [0mGET /images/hero/monstera-plant.jpg [36m304[0m 0.138 ms - -[0m
2026-08-03 10:51:47 [INFO]: [0mGET /js/header.js [36m304[0m 0.162 ms - -[0m
2026-08-03 10:51:47 [INFO]: [0mGET /js/featured.js [36m304[0m 0.265 ms - -[0m
2026-08-03 10:51:47 [INFO]: [0mGET /js/why-choose.js [36m304[0m 0.134 ms - -[0m
2026-08-03 10:51:47 [INFO]: [0mGET /css/variables.css [36m304[0m 0.265 ms - -[0m
2026-08-03 10:51:47 [INFO]: [0mGET /css/utilities.css [36m304[0m 0.378 ms - -[0m
2026-08-03 10:51:47 [INFO]: [0mGET /css/animations.css [36m304[0m 0.682 ms - -[0m
2026-08-03 10:51:47 [INFO]: [0mGET /css/announcement.css [36m304[0m 1.133 ms - -[0m
2026-08-03 10:51:47 [INFO]: [0mGET /css/header.css [36m304[0m 0.653 ms - -[0m
2026-08-03 10:51:47 [INFO]: [0mGET /css/hero.css [36m304[0m 0.523 ms - -[0m
2026-08-03 10:51:47 [INFO]: [0mGET /css/featured.css [36m304[0m 0.566 ms - -[0m
2026-08-03 10:51:47 [INFO]: [0mGET /css/why-choose.css [36m304[0m 0.982 ms - -[0m
2026-08-03 10:51:47 [INFO]: [0mGET /css/footer.css [36m304[0m 0.688 ms - -[0m
2026-08-03 10:51:47 [INFO]: [0mGET /css/auth.css [36m304[0m 0.248 ms - -[0m
2026-08-03 10:51:47 [INFO]: [0mGET /css/verify.css [36m304[0m 0.580 ms - -[0m
2026-08-03 10:51:47 [INFO]: [0mGET /js/notification.js [36m304[0m 0.293 ms - -[0m
2026-08-03 10:51:47 [INFO]: [0mGET /js/footer.js [36m304[0m 0.355 ms - -[0m
2026-08-03 10:51:47 [INFO]: [0mGET /js/auth.js [36m304[0m 0.564 ms - -[0m
2026-08-03 10:51:47 [INFO]: [0mGET /images/hero/snake-plant.jpg [36m304[0m 0.282 ms - -[0m
2026-08-03 10:51:47 [INFO]: [0mGET /images/hero/peace-lily.jpg [36m304[0m 0.160 ms - -[0m
2026-08-03 10:51:47 [INFO]: [0mGET /images/hero/tulip-plant.jpg [36m304[0m 0.212 ms - -[0m
2026-08-03 10:51:47 [INFO]: [0mGET /images/hero/rubber-plant.jpg [36m304[0m 0.093 ms - -[0m
2026-08-03 10:51:47 [INFO]: [0mGET /images/hero/aloe-vera.jpg [36m304[0m 0.149 ms - -[0m
2026-08-03 10:51:47 [INFO]: [0mGET /images/hero/areca-palm.jpg [36m304[0m 0.256 ms - -[0m
2026-08-03 10:51:47 [INFO]: [0mGET /images/hero/jade-plant.jpg [36m304[0m 0.160 ms - -[0m
2026-08-03 10:51:47 [INFO]: [0mGET /images/hero/golden-pothos.jpg [36m304[0m 0.251 ms - -[0m
2026-08-03 10:51:47 [INFO]: [0mGET /images/hero/fiddle-leaf-fig.jpg [36m304[0m 0.583 ms - -[0m
2026-08-03 10:51:47 [INFO]: [0mGET /images/hero/why-choose.jpg [36m304[0m 0.178 ms - -[0m
2026-08-03 10:51:47 [INFO]: [0mGET /images/logo/plantora-orgn-white.png [36m304[0m 0.290 ms - -[0m
2026-08-03 10:51:51 [INFO]: [0mGET /admin/dashboard [32m200[0m 109.863 ms - -[0m
2026-08-03 10:51:51 [INFO]: [0mGET /css/style.css [36m304[0m 0.468 ms - -[0m
2026-08-03 10:51:51 [INFO]: [0mGET /css/admin/layout.css [36m304[0m 0.584 ms - -[0m
2026-08-03 10:51:51 [INFO]: [0mGET /css/header.css [36m304[0m 0.279 ms - -[0m
2026-08-03 10:51:51 [INFO]: [0mGET /images/logo/plantora.png [36m304[0m 0.467 ms - -[0m
2026-08-03 10:51:51 [INFO]: [0mGET /css/admin/users.css [32m200[0m 1.738 ms - -[0m
2026-08-03 10:51:51 [INFO]: [0mGET /js/admin/layout.js [36m304[0m 0.959 ms - -[0m
2026-08-03 10:51:51 [INFO]: [0mGET /js/admin/users.js [36m304[0m 0.671 ms - -[0m
2026-08-03 10:51:51 [INFO]: [0mGET /css/variables.css [36m304[0m 0.649 ms - -[0m
2026-08-03 10:51:51 [INFO]: [0mGET /js/header.js [36m304[0m 0.848 ms - -[0m
2026-08-03 10:51:51 [INFO]: [0mGET /css/utilities.css [36m304[0m 1.020 ms - -[0m
2026-08-03 10:51:51 [INFO]: [0mGET /js/notification.js [36m304[0m 1.352 ms - -[0m
2026-08-03 10:51:51 [INFO]: [0mGET /css/animations.css [36m304[0m 0.570 ms - -[0m
2026-08-03 10:51:51 [INFO]: [0mGET /css/announcement.css [36m304[0m 0.315 ms - -[0m
2026-08-03 10:51:51 [INFO]: [0mGET /css/hero.css [36m304[0m 0.435 ms - -[0m
2026-08-03 10:51:51 [INFO]: [0mGET /css/featured.css [36m304[0m 0.819 ms - -[0m
2026-08-03 10:51:51 [INFO]: [0mGET /css/why-choose.css [36m304[0m 0.960 ms - -[0m
2026-08-03 10:51:51 [INFO]: [0mGET /css/footer.css [36m304[0m 0.604 ms - -[0m
2026-08-03 10:51:51 [INFO]: [0mGET /css/auth.css [36m304[0m 0.896 ms - -[0m
2026-08-03 10:51:51 [INFO]: [0mGET /css/verify.css [36m304[0m 0.381 ms - -[0m
2026-08-03 10:51:53 [INFO]: [0mGET /admin/users [32m200[0m 156.473 ms - -[0m
2026-08-03 10:51:53 [INFO]: [0mGET /css/style.css [36m304[0m 0.250 ms - -[0m
2026-08-03 10:51:53 [INFO]: [0mGET /css/admin/layout.css [36m304[0m 0.456 ms - -[0m
2026-08-03 10:51:53 [INFO]: [0mGET /css/admin/users.css [36m304[0m 0.714 ms - -[0m
2026-08-03 10:51:53 [INFO]: [0mGET /css/header.css [36m304[0m 0.935 ms - -[0m
2026-08-03 10:51:53 [INFO]: [0mGET /images/logo/plantora.png [36m304[0m 1.111 ms - -[0m
2026-08-03 10:51:53 [INFO]: [0mGET /js/admin/layout.js [36m304[0m 0.651 ms - -[0m
2026-08-03 10:51:53 [INFO]: [0mGET /js/admin/users.js [36m304[0m 0.912 ms - -[0m
2026-08-03 10:51:53 [INFO]: [0mGET /js/header.js [36m304[0m 1.120 ms - -[0m
2026-08-03 10:51:53 [INFO]: [0mGET /js/notification.js [36m304[0m 1.344 ms - -[0m
2026-08-03 10:51:53 [INFO]: [0mGET /css/variables.css [36m304[0m 1.344 ms - -[0m
2026-08-03 10:51:53 [INFO]: [0mGET /css/utilities.css [36m304[0m 0.640 ms - -[0m
2026-08-03 10:51:53 [INFO]: [0mGET /css/animations.css [36m304[0m 0.807 ms - -[0m
2026-08-03 10:51:53 [INFO]: [0mGET /css/announcement.css [36m304[0m 0.959 ms - -[0m
2026-08-03 10:51:53 [INFO]: [0mGET /css/hero.css [36m304[0m 1.011 ms - -[0m
2026-08-03 10:51:53 [INFO]: [0mGET /css/featured.css [36m304[0m 0.417 ms - -[0m
2026-08-03 10:51:53 [INFO]: [0mGET /css/why-choose.css [36m304[0m 0.991 ms - -[0m
2026-08-03 10:51:53 [INFO]: [0mGET /css/footer.css [36m304[0m 0.550 ms - -[0m
2026-08-03 10:51:53 [INFO]: [0mGET /css/auth.css [36m304[0m 0.526 ms - -[0m
2026-08-03 10:51:53 [INFO]: [0mGET /css/verify.css [36m304[0m 0.138 ms - -[0m
2026-08-03 10:54:09 [INFO]: [0mGET /notifications/latest [36m304[0m 152.695 ms - -[0m
2026-08-03 10:54:13 [INFO]: Logout successful : admin-plantora@yopmail.com
2026-08-03 10:54:13 [INFO]: [0mPOST /auth/logout [36m302[0m 299.465 ms - 30[0m
2026-08-03 10:54:13 [INFO]: [0mGET / [32m200[0m 2.718 ms - -[0m
2026-08-03 10:54:13 [INFO]: [0mGET /css/style.css [36m304[0m 0.547 ms - -[0m
2026-08-03 10:54:13 [INFO]: [0mGET /images/logo/plantora.png [36m304[0m 0.895 ms - -[0m
2026-08-03 10:54:13 [INFO]: [0mGET /images/hero/hero-placeholder.png [36m304[0m 0.669 ms - -[0m
2026-08-03 10:54:13 [INFO]: [0mGET /images/hero/monstera-plant.jpg [36m304[0m 0.474 ms - -[0m
2026-08-03 10:54:13 [INFO]: [0mGET /images/hero/snake-plant.jpg [36m304[0m 0.660 ms - -[0m
2026-08-03 10:54:13 [INFO]: [0mGET /images/hero/peace-lily.jpg [36m304[0m 1.005 ms - -[0m
2026-08-03 10:54:13 [INFO]: [0mGET /js/header.js [36m304[0m 0.205 ms - -[0m
2026-08-03 10:54:13 [INFO]: [0mGET /css/variables.css [36m304[0m 0.537 ms - -[0m
2026-08-03 10:54:13 [INFO]: [0mGET /css/utilities.css [36m304[0m 0.674 ms - -[0m
2026-08-03 10:54:13 [INFO]: [0mGET /css/animations.css [36m304[0m 1.021 ms - -[0m
2026-08-03 10:54:13 [INFO]: [0mGET /css/announcement.css [36m304[0m 1.818 ms - -[0m
2026-08-03 10:54:13 [INFO]: [0mGET /css/header.css [36m304[0m 2.130 ms - -[0m
2026-08-03 10:54:13 [INFO]: [0mGET /css/hero.css [36m304[0m 0.937 ms - -[0m
2026-08-03 10:54:13 [INFO]: [0mGET /css/featured.css [36m304[0m 0.655 ms - -[0m
2026-08-03 10:54:13 [INFO]: [0mGET /css/why-choose.css [36m304[0m 0.803 ms - -[0m
2026-08-03 10:54:13 [INFO]: [0mGET /css/footer.css [36m304[0m 0.969 ms - -[0m
2026-08-03 10:54:13 [INFO]: [0mGET /css/auth.css [36m304[0m 1.407 ms - -[0m
2026-08-03 10:54:13 [INFO]: [0mGET /css/verify.css [36m304[0m 0.565 ms - -[0m
2026-08-03 10:54:13 [INFO]: [0mGET /js/featured.js [36m304[0m 0.263 ms - -[0m
2026-08-03 10:54:13 [INFO]: [0mGET /js/why-choose.js [36m304[0m 0.161 ms - -[0m
2026-08-03 10:54:13 [INFO]: [0mGET /js/notification.js [36m304[0m 0.151 ms - -[0m
2026-08-03 10:54:13 [INFO]: [0mGET /js/footer.js [36m304[0m 0.321 ms - -[0m
2026-08-03 10:54:13 [INFO]: [0mGET /js/auth.js [36m304[0m 0.223 ms - -[0m
2026-08-03 10:54:13 [INFO]: [0mGET /images/hero/tulip-plant.jpg [36m304[0m 0.162 ms - -[0m
2026-08-03 10:54:13 [INFO]: [0mGET /images/hero/rubber-plant.jpg [36m304[0m 0.323 ms - -[0m
2026-08-03 10:54:13 [INFO]: [0mGET /images/hero/aloe-vera.jpg [36m304[0m 0.582 ms - -[0m
2026-08-03 10:54:13 [INFO]: [0mGET /images/hero/areca-palm.jpg [36m304[0m 0.745 ms - -[0m
2026-08-03 10:54:13 [INFO]: [0mGET /images/hero/jade-plant.jpg [36m304[0m 0.271 ms - -[0m
2026-08-03 10:54:13 [INFO]: [0mGET /images/hero/golden-pothos.jpg [36m304[0m 0.173 ms - -[0m
2026-08-03 10:54:13 [INFO]: [0mGET /images/hero/fiddle-leaf-fig.jpg [36m304[0m 0.277 ms - -[0m
2026-08-03 10:54:13 [INFO]: [0mGET /images/hero/why-choose.jpg [36m304[0m 0.287 ms - -[0m
2026-08-03 10:54:13 [INFO]: [0mGET /images/logo/plantora-orgn-white.png [36m304[0m 0.335 ms - -[0m
2026-08-03 10:54:25 [INFO]: Login successful : admin-plantora@yopmail.com
2026-08-03 10:54:25 [INFO]: [0mPOST /auth/login [32m200[0m 1453.254 ms - 46[0m
2026-08-03 10:54:26 [INFO]: [0mGET / [32m200[0m 72.100 ms - -[0m
2026-08-03 10:54:26 [INFO]: [0mGET /css/style.css [36m304[0m 0.395 ms - -[0m
2026-08-03 10:54:26 [INFO]: [0mGET /images/logo/plantora.png [36m304[0m 0.617 ms - -[0m
2026-08-03 10:54:26 [INFO]: [0mGET /images/hero/hero-placeholder.png [36m304[0m 0.555 ms - -[0m
2026-08-03 10:54:26 [INFO]: [0mGET /images/hero/monstera-plant.jpg [36m304[0m 0.199 ms - -[0m
2026-08-03 10:54:26 [INFO]: [0mGET /js/header.js [36m304[0m 0.441 ms - -[0m
2026-08-03 10:54:26 [INFO]: [0mGET /js/featured.js [36m304[0m 0.732 ms - -[0m
2026-08-03 10:54:26 [INFO]: [0mGET /js/why-choose.js [36m304[0m 1.105 ms - -[0m
2026-08-03 10:54:26 [INFO]: [0mGET /css/variables.css [36m304[0m 0.525 ms - -[0m
2026-08-03 10:54:26 [INFO]: [0mGET /css/utilities.css [36m304[0m 0.731 ms - -[0m
2026-08-03 10:54:26 [INFO]: [0mGET /css/animations.css [36m304[0m 0.900 ms - -[0m
2026-08-03 10:54:26 [INFO]: [0mGET /css/announcement.css [36m304[0m 0.506 ms - -[0m
2026-08-03 10:54:26 [INFO]: [0mGET /css/header.css [36m304[0m 0.599 ms - -[0m
2026-08-03 10:54:26 [INFO]: [0mGET /css/hero.css [36m304[0m 1.100 ms - -[0m
2026-08-03 10:54:26 [INFO]: [0mGET /css/featured.css [36m304[0m 0.962 ms - -[0m
2026-08-03 10:54:26 [INFO]: [0mGET /css/why-choose.css [36m304[0m 1.198 ms - -[0m
2026-08-03 10:54:26 [INFO]: [0mGET /css/footer.css [36m304[0m 0.405 ms - -[0m
2026-08-03 10:54:26 [INFO]: [0mGET /css/auth.css [36m304[0m 0.865 ms - -[0m
2026-08-03 10:54:26 [INFO]: [0mGET /css/verify.css [36m304[0m 0.601 ms - -[0m
2026-08-03 10:54:26 [INFO]: [0mGET /js/notification.js [36m304[0m 0.839 ms - -[0m
2026-08-03 10:54:26 [INFO]: [0mGET /js/footer.js [36m304[0m 0.353 ms - -[0m
2026-08-03 10:54:26 [INFO]: [0mGET /js/auth.js [36m304[0m 0.426 ms - -[0m
2026-08-03 10:54:26 [INFO]: [0mGET /images/hero/snake-plant.jpg [36m304[0m 0.271 ms - -[0m
2026-08-03 10:54:26 [INFO]: [0mGET /images/hero/peace-lily.jpg [36m304[0m 0.362 ms - -[0m
2026-08-03 10:54:26 [INFO]: [0mGET /images/hero/tulip-plant.jpg [36m304[0m 0.483 ms - -[0m
2026-08-03 10:54:26 [INFO]: [0mGET /images/hero/rubber-plant.jpg [36m304[0m 0.249 ms - -[0m
2026-08-03 10:54:26 [INFO]: [0mGET /images/hero/aloe-vera.jpg [36m304[0m 0.144 ms - -[0m
2026-08-03 10:54:26 [INFO]: [0mGET /images/hero/areca-palm.jpg [36m304[0m 0.276 ms - -[0m
2026-08-03 10:54:26 [INFO]: [0mGET /images/hero/jade-plant.jpg [36m304[0m 0.282 ms - -[0m
2026-08-03 10:54:26 [INFO]: [0mGET /images/hero/golden-pothos.jpg [36m304[0m 0.360 ms - -[0m
2026-08-03 10:54:26 [INFO]: [0mGET /images/hero/fiddle-leaf-fig.jpg [36m304[0m 0.229 ms - -[0m
2026-08-03 10:54:26 [INFO]: [0mGET /images/hero/why-choose.jpg [36m304[0m 0.429 ms - -[0m
2026-08-03 10:54:26 [INFO]: [0mGET /images/logo/plantora-orgn-white.png [36m304[0m 0.654 ms - -[0m
2026-08-03 10:54:31 [INFO]: [0mGET /admin/dashboard [36m304[0m 210.827 ms - -[0m
2026-08-03 10:54:31 [INFO]: [0mGET /css/style.css [36m304[0m 0.450 ms - -[0m
2026-08-03 10:54:31 [INFO]: [0mGET /css/admin/layout.css [36m304[0m 0.470 ms - -[0m
2026-08-03 10:54:31 [INFO]: [0mGET /css/admin/users.css [36m304[0m 0.714 ms - -[0m
2026-08-03 10:54:31 [INFO]: [0mGET /css/header.css [36m304[0m 1.814 ms - -[0m
2026-08-03 10:54:31 [INFO]: [0mGET /images/logo/plantora.png [36m304[0m 1.414 ms - -[0m
2026-08-03 10:54:31 [INFO]: [0mGET /js/admin/layout.js [36m304[0m 0.319 ms - -[0m
2026-08-03 10:54:31 [INFO]: [0mGET /js/admin/users.js [36m304[0m 0.553 ms - -[0m
2026-08-03 10:54:31 [INFO]: [0mGET /js/header.js [36m304[0m 1.067 ms - -[0m
2026-08-03 10:54:31 [INFO]: [0mGET /css/variables.css [36m304[0m 0.572 ms - -[0m
2026-08-03 10:54:31 [INFO]: [0mGET /css/utilities.css [36m304[0m 0.785 ms - -[0m
2026-08-03 10:54:31 [INFO]: [0mGET /js/notification.js [36m304[0m 1.476 ms - -[0m
2026-08-03 10:54:31 [INFO]: [0mGET /css/animations.css [36m304[0m 0.578 ms - -[0m
2026-08-03 10:54:31 [INFO]: [0mGET /css/announcement.css [36m304[0m 0.600 ms - -[0m
2026-08-03 10:54:31 [INFO]: [0mGET /css/hero.css [36m304[0m 0.649 ms - -[0m
2026-08-03 10:54:31 [INFO]: [0mGET /css/featured.css [36m304[0m 0.752 ms - -[0m
2026-08-03 10:54:31 [INFO]: [0mGET /css/why-choose.css [36m304[0m 1.057 ms - -[0m
2026-08-03 10:54:31 [INFO]: [0mGET /css/footer.css [36m304[0m 0.696 ms - -[0m
2026-08-03 10:54:31 [INFO]: [0mGET /css/auth.css [36m304[0m 0.827 ms - -[0m
2026-08-03 10:54:31 [INFO]: [0mGET /css/verify.css [36m304[0m 0.984 ms - -[0m
2026-08-03 10:54:35 [INFO]: [0mGET /admin/users [36m304[0m 373.479 ms - -[0m
2026-08-03 10:54:35 [INFO]: [0mGET /css/style.css [36m304[0m 0.982 ms - -[0m
2026-08-03 10:54:35 [INFO]: [0mGET /css/admin/layout.css [36m304[0m 1.028 ms - -[0m
2026-08-03 10:54:35 [INFO]: [0mGET /css/admin/users.css [36m304[0m 1.043 ms - -[0m
2026-08-03 10:54:35 [INFO]: [0mGET /css/header.css [36m304[0m 0.223 ms - -[0m
2026-08-03 10:54:35 [INFO]: [0mGET /images/logo/plantora.png [36m304[0m 0.284 ms - -[0m
2026-08-03 10:54:35 [INFO]: [0mGET /js/admin/layout.js [36m304[0m 0.382 ms - -[0m
2026-08-03 10:54:35 [INFO]: [0mGET /js/admin/users.js [36m304[0m 0.566 ms - -[0m
2026-08-03 10:54:35 [INFO]: [0mGET /js/header.js [36m304[0m 0.729 ms - -[0m
2026-08-03 10:54:35 [INFO]: [0mGET /js/notification.js [36m304[0m 0.960 ms - -[0m
2026-08-03 10:54:35 [INFO]: [0mGET /css/variables.css [36m304[0m 1.097 ms - -[0m
2026-08-03 10:54:35 [INFO]: [0mGET /css/utilities.css [36m304[0m 0.162 ms - -[0m
2026-08-03 10:54:35 [INFO]: [0mGET /css/animations.css [36m304[0m 0.372 ms - -[0m
2026-08-03 10:54:35 [INFO]: [0mGET /css/announcement.css [36m304[0m 0.316 ms - -[0m
2026-08-03 10:54:35 [INFO]: [0mGET /css/hero.css [36m304[0m 0.190 ms - -[0m
2026-08-03 10:54:35 [INFO]: [0mGET /css/featured.css [36m304[0m 0.382 ms - -[0m
2026-08-03 10:54:35 [INFO]: [0mGET /css/why-choose.css [36m304[0m 0.347 ms - -[0m
2026-08-03 10:54:35 [INFO]: [0mGET /css/footer.css [36m304[0m 0.648 ms - -[0m
2026-08-03 10:54:35 [INFO]: [0mGET /css/auth.css [36m304[0m 0.931 ms - -[0m
2026-08-03 10:54:35 [INFO]: [0mGET /css/verify.css [36m304[0m 0.128 ms - -[0m
2026-08-03 10:54:57 [ERROR]: Show users page failed: req.flash is not a function
2026-08-03 10:54:57 [ERROR]: Error: Failed to lookup view "errors/500" in views directory "E:\Webskitters_Academy\NODE JS\final_project_node\plantora_final_project_node_ejs\views"
    at app.render (E:\Webskitters_Academy\NODE JS\final_project_node\plantora_final_project_node_ejs\node_modules\express\lib\application.js:562:17)
    at ServerResponse.render (E:\Webskitters_Academy\NODE JS\final_project_node\plantora_final_project_node_ejs\node_modules\express\lib\response.js:923:7)
    at showUsersPage (E:\Webskitters_Academy\NODE JS\final_project_node\plantora_final_project_node_ejs\app\controllers\UserController.js:290:30)
    at Layer.handleRequest (E:\Webskitters_Academy\NODE JS\final_project_node\plantora_final_project_node_ejs\node_modules\router\lib\layer.js:152:17)
    at next (E:\Webskitters_Academy\NODE JS\final_project_node\plantora_final_project_node_ejs\node_modules\router\lib\route.js:157:13)
    at Route.dispatch (E:\Webskitters_Academy\NODE JS\final_project_node\plantora_final_project_node_ejs\node_modules\router\lib\route.js:117:3)
    at handle (E:\Webskitters_Academy\NODE JS\final_project_node\plantora_final_project_node_ejs\node_modules\router\index.js:435:11)
    at Layer.handleRequest (E:\Webskitters_Academy\NODE JS\final_project_node\plantora_final_project_node_ejs\node_modules\router\lib\layer.js:152:17)
    at E:\Webskitters_Academy\NODE JS\final_project_node\plantora_final_project_node_ejs\node_modules\router\index.js:295:15
    at processParams (E:\Webskitters_Academy\NODE JS\final_project_node\plantora_final_project_node_ejs\node_modules\router\index.js:582:12)
2026-08-03 10:54:57 [INFO]: [0mGET /admin/users?search=Berry&sort=newest&limit=10 [31m500[0m 106.988 ms - 211[0m
2026-08-03 10:54:59 [ERROR]: Show users page failed: req.flash is not a function
2026-08-03 10:54:59 [ERROR]: Error: Failed to lookup view "errors/500" in views directory "E:\Webskitters_Academy\NODE JS\final_project_node\plantora_final_project_node_ejs\views"
    at app.render (E:\Webskitters_Academy\NODE JS\final_project_node\plantora_final_project_node_ejs\node_modules\express\lib\application.js:562:17)
    at ServerResponse.render (E:\Webskitters_Academy\NODE JS\final_project_node\plantora_final_project_node_ejs\node_modules\express\lib\response.js:923:7)
    at showUsersPage (E:\Webskitters_Academy\NODE JS\final_project_node\plantora_final_project_node_ejs\app\controllers\UserController.js:290:30)
    at Layer.handleRequest (E:\Webskitters_Academy\NODE JS\final_project_node\plantora_final_project_node_ejs\node_modules\router\lib\layer.js:152:17)
    at next (E:\Webskitters_Academy\NODE JS\final_project_node\plantora_final_project_node_ejs\node_modules\router\lib\route.js:157:13)
    at Route.dispatch (E:\Webskitters_Academy\NODE JS\final_project_node\plantora_final_project_node_ejs\node_modules\router\lib\route.js:117:3)
    at handle (E:\Webskitters_Academy\NODE JS\final_project_node\plantora_final_project_node_ejs\node_modules\router\index.js:435:11)
    at Layer.handleRequest (E:\Webskitters_Academy\NODE JS\final_project_node\plantora_final_project_node_ejs\node_modules\router\lib\layer.js:152:17)
    at E:\Webskitters_Academy\NODE JS\final_project_node\plantora_final_project_node_ejs\node_modules\router\index.js:295:15
    at processParams (E:\Webskitters_Academy\NODE JS\final_project_node\plantora_final_project_node_ejs\node_modules\router\index.js:582:12)
2026-08-03 10:54:59 [INFO]: [0mGET /admin/users?search=Berry&sort=newest&limit=10 [31m500[0m 138.313 ms - 211[0m
2026-08-03 10:55:05 [INFO]: [0mGET /admin/users [36m304[0m 661.330 ms - -[0m
2026-08-03 10:55:05 [INFO]: [0mGET /css/style.css [36m304[0m 0.344 ms - -[0m
2026-08-03 10:55:05 [INFO]: [0mGET /css/admin/layout.css [36m304[0m 0.464 ms - -[0m
2026-08-03 10:55:05 [INFO]: [0mGET /css/admin/users.css [36m304[0m 0.793 ms - -[0m
2026-08-03 10:55:05 [INFO]: [0mGET /css/header.css [36m304[0m 0.762 ms - -[0m
2026-08-03 10:55:05 [INFO]: [0mGET /images/logo/plantora.png [36m304[0m 0.828 ms - -[0m
2026-08-03 10:55:05 [INFO]: [0mGET /js/admin/layout.js [36m304[0m 0.647 ms - -[0m
2026-08-03 10:55:05 [INFO]: [0mGET /js/admin/users.js [36m304[0m 0.849 ms - -[0m
2026-08-03 10:55:05 [INFO]: [0mGET /js/header.js [36m304[0m 1.018 ms - -[0m
2026-08-03 10:55:05 [INFO]: [0mGET /js/notification.js [36m304[0m 1.362 ms - -[0m
2026-08-03 10:55:05 [INFO]: [0mGET /css/variables.css [36m304[0m 0.524 ms - -[0m
2026-08-03 10:55:05 [INFO]: [0mGET /css/animations.css [36m304[0m 0.533 ms - -[0m
2026-08-03 10:55:05 [INFO]: [0mGET /css/utilities.css [36m304[0m 0.840 ms - -[0m
2026-08-03 10:55:05 [INFO]: [0mGET /css/announcement.css [36m304[0m 1.153 ms - -[0m
2026-08-03 10:55:05 [INFO]: [0mGET /css/hero.css [36m304[0m 0.624 ms - -[0m
2026-08-03 10:55:05 [INFO]: [0mGET /css/featured.css [36m304[0m 1.019 ms - -[0m
2026-08-03 10:55:05 [INFO]: [0mGET /css/why-choose.css [36m304[0m 0.565 ms - -[0m
2026-08-03 10:55:05 [INFO]: [0mGET /css/footer.css [36m304[0m 0.986 ms - -[0m
2026-08-03 10:55:05 [INFO]: [0mGET /css/auth.css [36m304[0m 0.556 ms - -[0m
2026-08-03 10:55:05 [INFO]: [0mGET /css/verify.css [36m304[0m 0.768 ms - -[0m
2026-08-03 10:57:16 [INFO]: [0mPOST /admin/users [33m404[0m 109.184 ms - 76[0m
2026-08-03 10:57:27 [INFO]: [0mDELETE /admin/users/6a6e638d68eaf947f1f6ba8a?_method=DELETE [33m404[0m 119.241 ms - 118[0m
2026-08-03 12:46:35 [INFO]: MongoDB connected successfully.
2026-08-03 12:46:38 [INFO]: Email server connected successfully.
2026-08-03 12:46:38 [INFO]: Server is running on port 5132.
2026-08-03 12:46:43 [INFO]: [0mGET /admin/users [33m401[0m 8.286 ms - 55[0m
2026-08-03 12:46:47 [INFO]: [0mGET /admin/dashboard [33m401[0m 2.100 ms - 55[0m
2026-08-03 12:46:50 [INFO]: [0mGET /admin/dashboard [33m401[0m 2.522 ms - 55[0m
2026-08-03 12:46:55 [INFO]: [0mGET / [32m200[0m 48.342 ms - -[0m
2026-08-03 12:46:55 [INFO]: [0mGET /css/style.css [36m304[0m 1.730 ms - -[0m
2026-08-03 12:46:55 [INFO]: [0mGET /images/logo/plantora.png [36m304[0m 1.639 ms - -[0m
2026-08-03 12:46:55 [INFO]: [0mGET /images/hero/hero-placeholder.png [36m304[0m 2.325 ms - -[0m
2026-08-03 12:46:55 [INFO]: [0mGET /images/hero/monstera-plant.jpg [36m304[0m 0.557 ms - -[0m
2026-08-03 12:46:55 [INFO]: [0mGET /images/hero/snake-plant.jpg [36m304[0m 0.543 ms - -[0m
2026-08-03 12:46:55 [INFO]: [0mGET /images/hero/peace-lily.jpg [36m304[0m 1.006 ms - -[0m
2026-08-03 12:46:55 [INFO]: [0mGET /css/variables.css [36m304[0m 0.943 ms - -[0m
2026-08-03 12:46:55 [INFO]: [0mGET /css/utilities.css [36m304[0m 1.277 ms - -[0m
2026-08-03 12:46:55 [INFO]: [0mGET /css/animations.css [36m304[0m 1.519 ms - -[0m
2026-08-03 12:46:55 [INFO]: [0mGET /css/announcement.css [36m304[0m 0.864 ms - -[0m
2026-08-03 12:46:55 [INFO]: [0mGET /css/header.css [36m304[0m 1.418 ms - -[0m
2026-08-03 12:46:55 [INFO]: [0mGET /css/hero.css [36m304[0m 1.590 ms - -[0m
2026-08-03 12:46:55 [INFO]: [0mGET /css/featured.css [36m304[0m 0.809 ms - -[0m
2026-08-03 12:46:55 [INFO]: [0mGET /css/why-choose.css [36m304[0m 1.020 ms - -[0m
2026-08-03 12:46:55 [INFO]: [0mGET /css/footer.css [36m304[0m 0.986 ms - -[0m
2026-08-03 12:46:55 [INFO]: [0mGET /css/auth.css [36m304[0m 0.675 ms - -[0m
2026-08-03 12:46:55 [INFO]: [0mGET /css/verify.css [36m304[0m 0.781 ms - -[0m
2026-08-03 12:46:55 [INFO]: [0mGET /js/header.js [36m304[0m 0.154 ms - -[0m
2026-08-03 12:46:55 [INFO]: [0mGET /js/featured.js [36m304[0m 0.217 ms - -[0m
2026-08-03 12:46:55 [INFO]: [0mGET /js/why-choose.js [36m304[0m 0.557 ms - -[0m
2026-08-03 12:46:55 [INFO]: [0mGET /js/notification.js [36m304[0m 0.901 ms - -[0m
2026-08-03 12:46:55 [INFO]: [0mGET /js/footer.js [36m304[0m 1.448 ms - -[0m
2026-08-03 12:46:55 [INFO]: [0mGET /js/auth.js [36m304[0m 1.930 ms - -[0m
2026-08-03 12:46:55 [INFO]: [0mGET /images/hero/tulip-plant.jpg [36m304[0m 0.460 ms - -[0m
2026-08-03 12:46:55 [INFO]: [0mGET /images/hero/rubber-plant.jpg [36m304[0m 0.650 ms - -[0m
2026-08-03 12:46:55 [INFO]: [0mGET /images/hero/aloe-vera.jpg [36m304[0m 1.451 ms - -[0m
2026-08-03 12:46:55 [INFO]: [0mGET /images/hero/areca-palm.jpg [36m304[0m 0.356 ms - -[0m
2026-08-03 12:46:55 [INFO]: [0mGET /images/hero/jade-plant.jpg [36m304[0m 0.307 ms - -[0m
2026-08-03 12:46:55 [INFO]: [0mGET /images/hero/golden-pothos.jpg [36m304[0m 0.463 ms - -[0m
2026-08-03 12:46:55 [INFO]: [0mGET /images/hero/fiddle-leaf-fig.jpg [36m304[0m 0.609 ms - -[0m
2026-08-03 12:46:55 [INFO]: [0mGET /images/hero/why-choose.jpg [36m304[0m 0.922 ms - -[0m
2026-08-03 12:46:55 [INFO]: [0mGET /images/logo/plantora-orgn-white.png [36m304[0m 1.289 ms - -[0m
2026-08-03 12:46:57 [INFO]: Login successful : admin-plantora@yopmail.com
2026-08-03 12:46:57 [INFO]: [0mPOST /auth/login [32m200[0m 687.359 ms - 46[0m
2026-08-03 12:46:59 [INFO]: [0mGET / [32m200[0m 222.979 ms - -[0m
2026-08-03 12:46:59 [INFO]: [0mGET /css/style.css [36m304[0m 0.562 ms - -[0m
2026-08-03 12:46:59 [INFO]: [0mGET /images/logo/plantora.png [36m304[0m 1.353 ms - -[0m
2026-08-03 12:46:59 [INFO]: [0mGET /images/hero/hero-placeholder.png [36m304[0m 1.824 ms - -[0m
2026-08-03 12:46:59 [INFO]: [0mGET /images/hero/monstera-plant.jpg [36m304[0m 0.614 ms - -[0m
2026-08-03 12:46:59 [INFO]: [0mGET /js/header.js [36m304[0m 0.550 ms - -[0m
2026-08-03 12:46:59 [INFO]: [0mGET /js/featured.js [36m304[0m 0.280 ms - -[0m
2026-08-03 12:46:59 [INFO]: [0mGET /js/why-choose.js [36m304[0m 0.372 ms - -[0m
2026-08-03 12:46:59 [INFO]: [0mGET /js/notification.js [36m304[0m 0.688 ms - -[0m
2026-08-03 12:46:59 [INFO]: [0mGET /js/footer.js [36m304[0m 1.323 ms - -[0m
2026-08-03 12:46:59 [INFO]: [0mGET /js/auth.js [36m304[0m 1.785 ms - -[0m
2026-08-03 12:46:59 [INFO]: [0mGET /images/hero/snake-plant.jpg [36m304[0m 2.092 ms - -[0m
2026-08-03 12:46:59 [INFO]: [0mGET /images/hero/peace-lily.jpg [36m304[0m 0.536 ms - -[0m
2026-08-03 12:46:59 [INFO]: [0mGET /css/variables.css [36m304[0m 1.254 ms - -[0m
2026-08-03 12:46:59 [INFO]: [0mGET /css/utilities.css [36m304[0m 1.620 ms - -[0m
2026-08-03 12:46:59 [INFO]: [0mGET /css/animations.css [36m304[0m 1.791 ms - -[0m
2026-08-03 12:46:59 [INFO]: [0mGET /css/announcement.css [36m304[0m 2.882 ms - -[0m
2026-08-03 12:46:59 [INFO]: [0mGET /css/header.css [36m304[0m 1.193 ms - -[0m
2026-08-03 12:46:59 [INFO]: [0mGET /css/hero.css [36m304[0m 1.872 ms - -[0m
2026-08-03 12:46:59 [INFO]: [0mGET /css/featured.css [36m304[0m 1.144 ms - -[0m
2026-08-03 12:46:59 [INFO]: [0mGET /css/why-choose.css [36m304[0m 2.191 ms - -[0m
2026-08-03 12:46:59 [INFO]: [0mGET /css/footer.css [36m304[0m 1.318 ms - -[0m
2026-08-03 12:46:59 [INFO]: [0mGET /css/auth.css [36m304[0m 1.696 ms - -[0m
2026-08-03 12:46:59 [INFO]: [0mGET /css/verify.css [36m304[0m 2.763 ms - -[0m
2026-08-03 12:46:59 [INFO]: [0mGET /images/hero/tulip-plant.jpg [36m304[0m 1.443 ms - -[0m
2026-08-03 12:46:59 [INFO]: [0mGET /images/hero/rubber-plant.jpg [36m304[0m 1.679 ms - -[0m
2026-08-03 12:46:59 [INFO]: [0mGET /images/hero/aloe-vera.jpg [36m304[0m 1.595 ms - -[0m
2026-08-03 12:46:59 [INFO]: [0mGET /images/hero/areca-palm.jpg [36m304[0m 0.776 ms - -[0m
2026-08-03 12:46:59 [INFO]: [0mGET /images/hero/jade-plant.jpg [36m304[0m 1.514 ms - -[0m
2026-08-03 12:46:59 [INFO]: [0mGET /images/hero/golden-pothos.jpg [36m304[0m 1.738 ms - -[0m
2026-08-03 12:46:59 [INFO]: [0mGET /images/hero/fiddle-leaf-fig.jpg [36m304[0m 0.428 ms - -[0m
2026-08-03 12:46:59 [INFO]: [0mGET /images/hero/why-choose.jpg [36m304[0m 1.026 ms - -[0m
2026-08-03 12:46:59 [INFO]: [0mGET /images/logo/plantora-orgn-white.png [36m304[0m 1.507 ms - -[0m
2026-08-03 12:47:01 [INFO]: [0mGET /admin/dashboard [36m304[0m 121.918 ms - -[0m
2026-08-03 12:47:01 [INFO]: [0mGET /css/style.css [36m304[0m 0.997 ms - -[0m
2026-08-03 12:47:01 [INFO]: [0mGET /css/admin/layout.css [36m304[0m 1.018 ms - -[0m
2026-08-03 12:47:01 [INFO]: [0mGET /css/admin/users.css [36m304[0m 1.193 ms - -[0m
2026-08-03 12:47:01 [INFO]: [0mGET /css/header.css [36m304[0m 1.568 ms - -[0m
2026-08-03 12:47:01 [INFO]: [0mGET /images/logo/plantora.png [36m304[0m 1.950 ms - -[0m
2026-08-03 12:47:01 [INFO]: [0mGET /js/admin/layout.js [36m304[0m 0.468 ms - -[0m
2026-08-03 12:47:01 [INFO]: [0mGET /js/header.js [36m304[0m 0.483 ms - -[0m
2026-08-03 12:47:01 [INFO]: [0mGET /css/variables.css [36m304[0m 0.646 ms - -[0m
2026-08-03 12:47:01 [INFO]: [0mGET /css/utilities.css [36m304[0m 0.720 ms - -[0m
2026-08-03 12:47:01 [INFO]: [0mGET /js/notification.js [36m304[0m 1.312 ms - -[0m
2026-08-03 12:47:01 [INFO]: [0mGET /css/animations.css [36m304[0m 1.234 ms - -[0m
2026-08-03 12:47:01 [INFO]: [0mGET /css/announcement.css [36m304[0m 1.581 ms - -[0m
2026-08-03 12:47:01 [INFO]: [0mGET /css/hero.css [36m304[0m 0.652 ms - -[0m
2026-08-03 12:47:01 [INFO]: [0mGET /js/admin/users.js [32m200[0m 3.346 ms - -[0m
2026-08-03 12:47:01 [INFO]: [0mGET /css/featured.css [36m304[0m 2.347 ms - -[0m
2026-08-03 12:47:01 [INFO]: [0mGET /css/why-choose.css [36m304[0m 2.741 ms - -[0m
2026-08-03 12:47:01 [INFO]: [0mGET /css/footer.css [36m304[0m 3.062 ms - -[0m
2026-08-03 12:47:01 [INFO]: [0mGET /css/auth.css [36m304[0m 1.797 ms - -[0m
2026-08-03 12:47:01 [INFO]: [0mGET /css/verify.css [36m304[0m 0.618 ms - -[0m
2026-08-03 12:47:03 [INFO]: [0mGET /admin/users [32m200[0m 425.055 ms - -[0m
2026-08-03 12:47:03 [INFO]: [0mGET /css/style.css [36m304[0m 0.713 ms - -[0m
2026-08-03 12:47:03 [INFO]: [0mGET /css/admin/layout.css [36m304[0m 0.747 ms - -[0m
2026-08-03 12:47:03 [INFO]: [0mGET /css/admin/users.css [36m304[0m 1.731 ms - -[0m
2026-08-03 12:47:03 [INFO]: [0mGET /css/header.css [36m304[0m 1.875 ms - -[0m
2026-08-03 12:47:03 [INFO]: [0mGET /images/logo/plantora.png [36m304[0m 0.882 ms - -[0m
2026-08-03 12:47:03 [INFO]: [0mGET /js/admin/layout.js [36m304[0m 0.309 ms - -[0m
2026-08-03 12:47:03 [INFO]: [0mGET /js/admin/users.js [36m304[0m 0.222 ms - -[0m
2026-08-03 12:47:03 [INFO]: [0mGET /js/header.js [36m304[0m 0.499 ms - -[0m
2026-08-03 12:47:03 [INFO]: [0mGET /css/variables.css [36m304[0m 0.522 ms - -[0m
2026-08-03 12:47:03 [INFO]: [0mGET /js/notification.js [36m304[0m 1.338 ms - -[0m
2026-08-03 12:47:03 [INFO]: [0mGET /css/utilities.css [36m304[0m 3.832 ms - -[0m
2026-08-03 12:47:03 [INFO]: [0mGET /css/animations.css [36m304[0m 4.481 ms - -[0m
2026-08-03 12:47:03 [INFO]: [0mGET /css/announcement.css [36m304[0m 2.267 ms - -[0m
2026-08-03 12:47:03 [INFO]: [0mGET /css/hero.css [36m304[0m 2.404 ms - -[0m
2026-08-03 12:47:03 [INFO]: [0mGET /css/featured.css [36m304[0m 2.441 ms - -[0m
2026-08-03 12:47:03 [INFO]: [0mGET /css/why-choose.css [36m304[0m 1.590 ms - -[0m
2026-08-03 12:47:03 [INFO]: [0mGET /css/footer.css [36m304[0m 2.615 ms - -[0m
2026-08-03 12:47:03 [INFO]: [0mGET /css/auth.css [36m304[0m 0.570 ms - -[0m
2026-08-03 12:47:03 [INFO]: [0mGET /css/verify.css [36m304[0m 1.138 ms - -[0m
2026-08-03 12:47:47 [INFO]: [0mGET /notifications/latest [36m304[0m 418.416 ms - -[0m
2026-08-03 12:58:26 [INFO]: MongoDB connected successfully.
2026-08-03 12:58:28 [INFO]: Email server connected successfully.
2026-08-03 12:58:28 [INFO]: Server is running on port 5132.
2026-08-03 12:58:50 [INFO]: MongoDB connected successfully.
2026-08-03 12:58:53 [INFO]: Email server connected successfully.
2026-08-03 12:58:53 [INFO]: Server is running on port 5132.
2026-08-03 12:58:54 [INFO]: [0mGET /admin/users [32m200[0m 196.134 ms - -[0m
2026-08-03 12:58:54 [INFO]: [0mGET /css/style.css [36m304[0m 1.653 ms - -[0m
2026-08-03 12:58:54 [INFO]: [0mGET /css/admin/layout.css [36m304[0m 2.070 ms - -[0m
2026-08-03 12:58:54 [INFO]: [0mGET /css/admin/users.css [36m304[0m 2.414 ms - -[0m
2026-08-03 12:58:54 [INFO]: [0mGET /css/header.css [36m304[0m 3.186 ms - -[0m
2026-08-03 12:58:54 [INFO]: [0mGET /images/logo/plantora.png [36m304[0m 1.060 ms - -[0m
2026-08-03 12:58:54 [INFO]: [0mGET /js/admin/layout.js [36m304[0m 0.964 ms - -[0m
2026-08-03 12:58:54 [INFO]: [0mGET /js/header.js [36m304[0m 1.358 ms - -[0m
2026-08-03 12:58:54 [INFO]: [0mGET /js/notification.js [36m304[0m 1.590 ms - -[0m
2026-08-03 12:58:54 [INFO]: [0mGET /js/admin/users.js [32m200[0m 4.405 ms - -[0m
2026-08-03 12:58:54 [INFO]: [0mGET /css/variables.css [36m304[0m 0.356 ms - -[0m
2026-08-03 12:58:54 [INFO]: [0mGET /css/utilities.css [36m304[0m 0.760 ms - -[0m
2026-08-03 12:58:54 [INFO]: [0mGET /css/animations.css [36m304[0m 1.131 ms - -[0m
2026-08-03 12:58:54 [INFO]: [0mGET /css/announcement.css [36m304[0m 1.305 ms - -[0m
2026-08-03 12:58:54 [INFO]: [0mGET /css/featured.css [36m304[0m 0.836 ms - -[0m
2026-08-03 12:58:54 [INFO]: [0mGET /css/why-choose.css [36m304[0m 1.054 ms - -[0m
2026-08-03 12:58:54 [INFO]: [0mGET /css/hero.css [36m304[0m 1.192 ms - -[0m
2026-08-03 12:58:54 [INFO]: [0mGET /css/footer.css [36m304[0m 2.104 ms - -[0m
2026-08-03 12:58:54 [INFO]: [0mGET /css/auth.css [36m304[0m 1.348 ms - -[0m
2026-08-03 12:58:54 [INFO]: [0mGET /css/verify.css [36m304[0m 1.571 ms - -[0m
2026-08-03 13:02:18 [INFO]: [0mGET /admin/users [32m200[0m 408.234 ms - -[0m
2026-08-03 13:02:18 [INFO]: [0mGET /css/style.css [36m304[0m 1.379 ms - -[0m
2026-08-03 13:02:18 [INFO]: [0mGET /css/admin/layout.css [36m304[0m 1.732 ms - -[0m
2026-08-03 13:02:18 [INFO]: [0mGET /css/admin/users.css [36m304[0m 0.409 ms - -[0m
2026-08-03 13:02:18 [INFO]: [0mGET /css/header.css [36m304[0m 0.635 ms - -[0m
2026-08-03 13:02:18 [INFO]: [0mGET /images/logo/plantora.png [36m304[0m 0.888 ms - -[0m
2026-08-03 13:02:18 [INFO]: [0mGET /js/admin/layout.js [36m304[0m 0.598 ms - -[0m
2026-08-03 13:02:18 [INFO]: [0mGET /js/admin/users.js [36m304[0m 0.803 ms - -[0m
2026-08-03 13:02:18 [INFO]: [0mGET /js/header.js [36m304[0m 1.105 ms - -[0m
2026-08-03 13:02:18 [INFO]: [0mGET /js/notification.js [36m304[0m 1.358 ms - -[0m
2026-08-03 13:02:18 [INFO]: [0mGET /css/variables.css [36m304[0m 0.556 ms - -[0m
2026-08-03 13:02:18 [INFO]: [0mGET /css/utilities.css [36m304[0m 0.763 ms - -[0m
2026-08-03 13:02:18 [INFO]: [0mGET /css/animations.css [36m304[0m 1.009 ms - -[0m
2026-08-03 13:02:18 [INFO]: [0mGET /css/announcement.css [36m304[0m 1.799 ms - -[0m
2026-08-03 13:02:18 [INFO]: [0mGET /css/hero.css [36m304[0m 2.104 ms - -[0m
2026-08-03 13:02:18 [INFO]: [0mGET /css/featured.css [36m304[0m 2.759 ms - -[0m
2026-08-03 13:02:18 [INFO]: [0mGET /css/why-choose.css [36m304[0m 1.176 ms - -[0m
2026-08-03 13:02:18 [INFO]: [0mGET /css/footer.css [36m304[0m 0.630 ms - -[0m
2026-08-03 13:02:18 [INFO]: [0mGET /css/auth.css [36m304[0m 0.878 ms - -[0m
2026-08-03 13:02:18 [INFO]: [0mGET /css/verify.css [36m304[0m 1.007 ms - -[0m
2026-08-03 13:03:23 [INFO]: [0mGET / [36m304[0m 13.633 ms - -[0m
2026-08-03 13:03:24 [INFO]: [0mGET /css/style.css [36m304[0m 1.153 ms - -[0m
2026-08-03 13:03:24 [INFO]: [0mGET /images/logo/plantora.png [36m304[0m 1.194 ms - -[0m
2026-08-03 13:03:24 [INFO]: [0mGET /images/hero/hero-placeholder.png [36m304[0m 1.446 ms - -[0m
2026-08-03 13:03:24 [INFO]: [0mGET /css/variables.css [36m304[0m 0.365 ms - -[0m
2026-08-03 13:03:24 [INFO]: [0mGET /css/utilities.css [36m304[0m 0.373 ms - -[0m
2026-08-03 13:03:24 [INFO]: [0mGET /css/animations.css [36m304[0m 0.354 ms - -[0m
2026-08-03 13:03:24 [INFO]: [0mGET /css/announcement.css [36m304[0m 0.349 ms - -[0m
2026-08-03 13:03:24 [INFO]: [0mGET /css/header.css [36m304[0m 0.439 ms - -[0m
2026-08-03 13:03:24 [INFO]: [0mGET /css/hero.css [36m304[0m 0.487 ms - -[0m
2026-08-03 13:03:24 [INFO]: [0mGET /css/featured.css [36m304[0m 0.473 ms - -[0m
2026-08-03 13:03:24 [INFO]: [0mGET /css/why-choose.css [36m304[0m 0.392 ms - -[0m
2026-08-03 13:03:24 [INFO]: [0mGET /css/footer.css [36m304[0m 1.016 ms - -[0m
2026-08-03 13:03:24 [INFO]: [0mGET /css/auth.css [36m304[0m 0.319 ms - -[0m
2026-08-03 13:03:24 [INFO]: [0mGET /css/verify.css [36m304[0m 0.791 ms - -[0m
2026-08-03 13:03:24 [INFO]: [0mGET /images/hero/monstera-plant.jpg [36m304[0m 2.084 ms - -[0m
2026-08-03 13:03:24 [INFO]: [0mGET /images/hero/snake-plant.jpg [36m304[0m 1.482 ms - -[0m
2026-08-03 13:03:24 [INFO]: [0mGET /images/hero/peace-lily.jpg [36m304[0m 0.850 ms - -[0m
2026-08-03 13:03:24 [INFO]: [0mGET /js/header.js [36m304[0m 0.405 ms - -[0m
2026-08-03 13:03:24 [INFO]: [0mGET /js/featured.js [36m304[0m 0.429 ms - -[0m
2026-08-03 13:03:24 [INFO]: [0mGET /js/why-choose.js [36m304[0m 0.856 ms - -[0m
2026-08-03 13:03:24 [INFO]: [0mGET /js/notification.js [36m304[0m 0.469 ms - -[0m
2026-08-03 13:03:24 [INFO]: [0mGET /js/footer.js [36m304[0m 0.351 ms - -[0m
2026-08-03 13:03:24 [INFO]: [0mGET /js/auth.js [36m304[0m 0.775 ms - -[0m
2026-08-03 13:03:24 [INFO]: [0mGET /images/hero/tulip-plant.jpg [36m304[0m 1.119 ms - -[0m
2026-08-03 13:03:24 [INFO]: [0mGET /images/hero/rubber-plant.jpg [36m304[0m 0.507 ms - -[0m
2026-08-03 13:03:24 [INFO]: [0mGET /images/hero/aloe-vera.jpg [36m304[0m 0.359 ms - -[0m
2026-08-03 13:03:24 [INFO]: [0mGET /images/hero/areca-palm.jpg [36m304[0m 0.369 ms - -[0m
2026-08-03 13:03:24 [INFO]: [0mGET /images/hero/jade-plant.jpg [36m304[0m 0.448 ms - -[0m
2026-08-03 13:03:24 [INFO]: [0mGET /images/hero/golden-pothos.jpg [36m304[0m 0.373 ms - -[0m
2026-08-03 13:03:24 [INFO]: [0mGET /images/hero/fiddle-leaf-fig.jpg [36m304[0m 0.245 ms - -[0m
2026-08-03 13:03:24 [INFO]: [0mGET /images/hero/why-choose.jpg [36m304[0m 0.836 ms - -[0m
2026-08-03 13:03:24 [INFO]: [0mGET /images/logo/plantora-orgn-white.png [36m304[0m 0.574 ms - -[0m
2026-08-03 13:03:24 [INFO]: [0mGET /favicon.ico [33m404[0m 3.338 ms - 75[0m
2026-08-03 13:03:29 [INFO]: Login successful : berry-allen@yopmail.com
2026-08-03 13:03:29 [INFO]: [0mPOST /auth/login [32m200[0m 715.380 ms - 46[0m
2026-08-03 13:03:30 [INFO]: [0mGET / [32m200[0m 329.364 ms - -[0m
2026-08-03 13:03:30 [INFO]: [0mGET /css/style.css [36m304[0m 0.664 ms - -[0m
2026-08-03 13:03:30 [INFO]: [0mGET /images/logo/plantora.png [36m304[0m 0.803 ms - -[0m
2026-08-03 13:03:30 [INFO]: [0mGET /images/hero/hero-placeholder.png [36m304[0m 1.119 ms - -[0m
2026-08-03 13:03:30 [INFO]: [0mGET /images/hero/monstera-plant.jpg [36m304[0m 1.962 ms - -[0m
2026-08-03 13:03:30 [INFO]: [0mGET /js/header.js [36m304[0m 3.457 ms - -[0m
2026-08-03 13:03:30 [INFO]: [0mGET /js/featured.js [36m304[0m 1.630 ms - -[0m
2026-08-03 13:03:30 [INFO]: [0mGET /js/why-choose.js [36m304[0m 2.791 ms - -[0m
2026-08-03 13:03:30 [INFO]: [0mGET /css/variables.css [36m304[0m 1.154 ms - -[0m
2026-08-03 13:03:30 [INFO]: [0mGET /js/notification.js [36m304[0m 1.223 ms - -[0m
2026-08-03 13:03:30 [INFO]: [0mGET /css/utilities.css [36m304[0m 1.952 ms - -[0m
2026-08-03 13:03:30 [INFO]: [0mGET /css/animations.css [36m304[0m 0.992 ms - -[0m
2026-08-03 13:03:30 [INFO]: [0mGET /css/announcement.css [36m304[0m 1.664 ms - -[0m
2026-08-03 13:03:30 [INFO]: [0mGET /css/header.css [36m304[0m 0.831 ms - -[0m
2026-08-03 13:03:30 [INFO]: [0mGET /css/hero.css [36m304[0m 1.139 ms - -[0m
2026-08-03 13:03:30 [INFO]: [0mGET /css/featured.css [36m304[0m 1.269 ms - -[0m
2026-08-03 13:03:30 [INFO]: [0mGET /css/why-choose.css [36m304[0m 0.406 ms - -[0m
2026-08-03 13:03:30 [INFO]: [0mGET /css/footer.css [36m304[0m 0.792 ms - -[0m
2026-08-03 13:03:30 [INFO]: [0mGET /css/auth.css [36m304[0m 0.805 ms - -[0m
2026-08-03 13:03:30 [INFO]: [0mGET /css/verify.css [36m304[0m 1.233 ms - -[0m
2026-08-03 13:03:30 [INFO]: [0mGET /js/footer.js [36m304[0m 0.679 ms - -[0m
2026-08-03 13:03:30 [INFO]: [0mGET /js/auth.js [36m304[0m 0.847 ms - -[0m
2026-08-03 13:03:30 [INFO]: [0mGET /images/hero/snake-plant.jpg [36m304[0m 1.056 ms - -[0m
2026-08-03 13:03:30 [INFO]: [0mGET /images/hero/peace-lily.jpg [36m304[0m 1.700 ms - -[0m
2026-08-03 13:03:30 [INFO]: [0mGET /images/hero/tulip-plant.jpg [36m304[0m 2.347 ms - -[0m
2026-08-03 13:03:30 [INFO]: [0mGET /images/hero/rubber-plant.jpg [36m304[0m 0.291 ms - -[0m
2026-08-03 13:03:30 [INFO]: [0mGET /images/hero/aloe-vera.jpg [36m304[0m 1.219 ms - -[0m
2026-08-03 13:03:30 [INFO]: [0mGET /images/hero/areca-palm.jpg [36m304[0m 1.398 ms - -[0m
2026-08-03 13:03:30 [INFO]: [0mGET /images/hero/jade-plant.jpg [36m304[0m 1.511 ms - -[0m
2026-08-03 13:03:30 [INFO]: [0mGET /images/hero/golden-pothos.jpg [36m304[0m 1.661 ms - -[0m
2026-08-03 13:03:30 [INFO]: [0mGET /images/hero/why-choose.jpg [36m304[0m 0.776 ms - -[0m
2026-08-03 13:03:30 [INFO]: [0mGET /images/hero/fiddle-leaf-fig.jpg [36m304[0m 1.313 ms - -[0m
2026-08-03 13:03:30 [INFO]: [0mGET /images/logo/plantora-orgn-white.png [36m304[0m 0.943 ms - -[0m
2026-08-03 13:03:33 [INFO]: [0mGET /auth/profile [36m304[0m 121.915 ms - -[0m
2026-08-03 13:03:33 [INFO]: [0mGET /css/style.css [36m304[0m 0.391 ms - -[0m
2026-08-03 13:03:33 [INFO]: [0mGET /images/logo/plantora.png [36m304[0m 1.382 ms - -[0m
2026-08-03 13:03:33 [INFO]: [0mGET /css/profile.css [36m304[0m 1.027 ms - -[0m
2026-08-03 13:03:33 [INFO]: [0mGET /js/profile.js [36m304[0m 0.719 ms - -[0m
2026-08-03 13:03:33 [INFO]: [0mGET /images/logo/plantora-orgn-white.png [36m304[0m 0.914 ms - -[0m
2026-08-03 13:03:33 [INFO]: [0mGET /js/header.js [36m304[0m 0.739 ms - -[0m
2026-08-03 13:03:33 [INFO]: [0mGET /js/featured.js [36m304[0m 0.739 ms - -[0m
2026-08-03 13:03:33 [INFO]: [0mGET /js/why-choose.js [36m304[0m 0.642 ms - -[0m
2026-08-03 13:03:33 [INFO]: [0mGET /js/notification.js [36m304[0m 0.862 ms - -[0m
2026-08-03 13:03:33 [INFO]: [0mGET /css/variables.css [36m304[0m 1.046 ms - -[0m
2026-08-03 13:03:33 [INFO]: [0mGET /css/utilities.css [36m304[0m 0.446 ms - -[0m
2026-08-03 13:03:33 [INFO]: [0mGET /css/animations.css [36m304[0m 0.599 ms - -[0m
2026-08-03 13:03:33 [INFO]: [0mGET /css/announcement.css [36m304[0m 1.034 ms - -[0m
2026-08-03 13:03:33 [INFO]: [0mGET /css/header.css [36m304[0m 1.035 ms - -[0m
2026-08-03 13:03:33 [INFO]: [0mGET /css/hero.css [36m304[0m 0.779 ms - -[0m
2026-08-03 13:03:33 [INFO]: [0mGET /css/featured.css [36m304[0m 1.111 ms - -[0m
2026-08-03 13:03:33 [INFO]: [0mGET /css/why-choose.css [36m304[0m 1.525 ms - -[0m
2026-08-03 13:03:33 [INFO]: [0mGET /css/footer.css [36m304[0m 1.700 ms - -[0m
2026-08-03 13:03:33 [INFO]: [0mGET /css/auth.css [36m304[0m 2.180 ms - -[0m
2026-08-03 13:03:33 [INFO]: [0mGET /css/verify.css [36m304[0m 0.872 ms - -[0m
2026-08-03 13:03:33 [INFO]: [0mGET /js/footer.js [36m304[0m 0.942 ms - -[0m
2026-08-03 13:03:33 [INFO]: [0mGET /js/auth.js [36m304[0m 1.489 ms - -[0m
2026-08-03 13:03:59 [INFO]: Logout successful : berry-allen@yopmail.com
2026-08-03 13:03:59 [INFO]: [0mPOST /auth/logout [36m302[0m 547.716 ms - 30[0m
2026-08-03 13:03:59 [INFO]: [0mGET / [32m200[0m 11.986 ms - -[0m
2026-08-03 13:03:59 [INFO]: [0mGET /css/style.css [36m304[0m 0.807 ms - -[0m
2026-08-03 13:03:59 [INFO]: [0mGET /images/logo/plantora.png [36m304[0m 1.362 ms - -[0m
2026-08-03 13:03:59 [INFO]: [0mGET /images/hero/hero-placeholder.png [36m304[0m 1.929 ms - -[0m
2026-08-03 13:03:59 [INFO]: [0mGET /images/hero/monstera-plant.jpg [36m304[0m 0.636 ms - -[0m
2026-08-03 13:03:59 [INFO]: [0mGET /images/hero/snake-plant.jpg [36m304[0m 1.029 ms - -[0m
2026-08-03 13:03:59 [INFO]: [0mGET /images/hero/peace-lily.jpg [36m304[0m 1.426 ms - -[0m
2026-08-03 13:03:59 [INFO]: [0mGET /js/header.js [36m304[0m 0.233 ms - -[0m
2026-08-03 13:03:59 [INFO]: [0mGET /js/featured.js [36m304[0m 0.920 ms - -[0m
2026-08-03 13:03:59 [INFO]: [0mGET /css/variables.css [36m304[0m 0.618 ms - -[0m
2026-08-03 13:03:59 [INFO]: [0mGET /css/utilities.css [36m304[0m 0.853 ms - -[0m
2026-08-03 13:03:59 [INFO]: [0mGET /js/why-choose.js [36m304[0m 1.154 ms - -[0m
2026-08-03 13:03:59 [INFO]: [0mGET /js/notification.js [36m304[0m 1.451 ms - -[0m
2026-08-03 13:03:59 [INFO]: [0mGET /css/animations.css [36m304[0m 1.623 ms - -[0m
2026-08-03 13:03:59 [INFO]: [0mGET /css/announcement.css [36m304[0m 2.115 ms - -[0m
2026-08-03 13:03:59 [INFO]: [0mGET /css/header.css [36m304[0m 2.999 ms - -[0m
2026-08-03 13:03:59 [INFO]: [0mGET /css/hero.css [36m304[0m 4.591 ms - -[0m
2026-08-03 13:03:59 [INFO]: [0mGET /css/featured.css [36m304[0m 1.437 ms - -[0m
2026-08-03 13:03:59 [INFO]: [0mGET /css/why-choose.css [36m304[0m 1.241 ms - -[0m
2026-08-03 13:03:59 [INFO]: [0mGET /css/footer.css [36m304[0m 1.208 ms - -[0m
2026-08-03 13:03:59 [INFO]: [0mGET /css/auth.css [36m304[0m 0.211 ms - -[0m
2026-08-03 13:03:59 [INFO]: [0mGET /css/verify.css [36m304[0m 0.374 ms - -[0m
2026-08-03 13:03:59 [INFO]: [0mGET /js/footer.js [36m304[0m 0.234 ms - -[0m
2026-08-03 13:03:59 [INFO]: [0mGET /js/auth.js [36m304[0m 0.533 ms - -[0m
2026-08-03 13:03:59 [INFO]: [0mGET /images/hero/tulip-plant.jpg [36m304[0m 0.814 ms - -[0m
2026-08-03 13:03:59 [INFO]: [0mGET /images/hero/rubber-plant.jpg [36m304[0m 0.768 ms - -[0m
2026-08-03 13:03:59 [INFO]: [0mGET /images/hero/aloe-vera.jpg [36m304[0m 1.042 ms - -[0m
2026-08-03 13:03:59 [INFO]: [0mGET /images/hero/areca-palm.jpg [36m304[0m 0.297 ms - -[0m
2026-08-03 13:03:59 [INFO]: [0mGET /images/hero/jade-plant.jpg [36m304[0m 0.605 ms - -[0m
2026-08-03 13:03:59 [INFO]: [0mGET /images/hero/golden-pothos.jpg [36m304[0m 0.669 ms - -[0m
2026-08-03 13:03:59 [INFO]: [0mGET /images/hero/fiddle-leaf-fig.jpg [36m304[0m 0.709 ms - -[0m
2026-08-03 13:03:59 [INFO]: [0mGET /images/hero/why-choose.jpg [36m304[0m 0.903 ms - -[0m
2026-08-03 13:03:59 [INFO]: [0mGET /images/logo/plantora-orgn-white.png [36m304[0m 1.934 ms - -[0m
2026-08-03 13:04:06 [INFO]: Login successful : adam-jones@yopmail.com
2026-08-03 13:04:06 [INFO]: [0mPOST /auth/login [32m200[0m 734.246 ms - 46[0m
2026-08-03 13:04:07 [INFO]: [0mGET / [32m200[0m 301.196 ms - -[0m
2026-08-03 13:04:07 [INFO]: [0mGET /css/style.css [36m304[0m 0.452 ms - -[0m
2026-08-03 13:04:07 [INFO]: [0mGET /images/logo/plantora.png [36m304[0m 0.348 ms - -[0m
2026-08-03 13:04:07 [INFO]: [0mGET /images/hero/hero-placeholder.png [36m304[0m 0.957 ms - -[0m
2026-08-03 13:04:07 [INFO]: [0mGET /images/hero/monstera-plant.jpg [36m304[0m 1.006 ms - -[0m
2026-08-03 13:04:07 [INFO]: [0mGET /js/header.js [36m304[0m 1.158 ms - -[0m
2026-08-03 13:04:07 [INFO]: [0mGET /js/featured.js [36m304[0m 1.290 ms - -[0m
2026-08-03 13:04:07 [INFO]: [0mGET /js/why-choose.js [36m304[0m 1.498 ms - -[0m
2026-08-03 13:04:07 [INFO]: [0mGET /js/notification.js [36m304[0m 1.825 ms - -[0m
2026-08-03 13:04:07 [INFO]: [0mGET /js/footer.js [36m304[0m 0.732 ms - -[0m
2026-08-03 13:04:07 [INFO]: [0mGET /js/auth.js [36m304[0m 0.915 ms - -[0m
2026-08-03 13:04:07 [INFO]: [0mGET /images/hero/snake-plant.jpg [36m304[0m 0.986 ms - -[0m
2026-08-03 13:04:07 [INFO]: [0mGET /images/hero/peace-lily.jpg [36m304[0m 0.216 ms - -[0m
2026-08-03 13:04:07 [INFO]: [0mGET /images/hero/tulip-plant.jpg [36m304[0m 0.464 ms - -[0m
2026-08-03 13:04:07 [INFO]: [0mGET /images/hero/rubber-plant.jpg [36m304[0m 0.669 ms - -[0m
2026-08-03 13:04:07 [INFO]: [0mGET /images/hero/aloe-vera.jpg [36m304[0m 1.855 ms - -[0m
2026-08-03 13:04:07 [INFO]: [0mGET /images/hero/areca-palm.jpg [36m304[0m 1.854 ms - -[0m
2026-08-03 13:04:07 [INFO]: [0mGET /images/hero/jade-plant.jpg [36m304[0m 1.534 ms - -[0m
2026-08-03 13:04:07 [INFO]: [0mGET /images/hero/golden-pothos.jpg [36m304[0m 0.501 ms - -[0m
2026-08-03 13:04:07 [INFO]: [0mGET /css/variables.css [36m304[0m 1.200 ms - -[0m
2026-08-03 13:04:07 [INFO]: [0mGET /css/utilities.css [36m304[0m 1.552 ms - -[0m
2026-08-03 13:04:07 [INFO]: [0mGET /css/animations.css [36m304[0m 1.231 ms - -[0m
2026-08-03 13:04:07 [INFO]: [0mGET /css/announcement.css [36m304[0m 1.342 ms - -[0m
2026-08-03 13:04:07 [INFO]: [0mGET /css/header.css [36m304[0m 1.605 ms - -[0m
2026-08-03 13:04:07 [INFO]: [0mGET /css/hero.css [36m304[0m 1.288 ms - -[0m
2026-08-03 13:04:07 [INFO]: [0mGET /css/featured.css [36m304[0m 0.935 ms - -[0m
2026-08-03 13:04:07 [INFO]: [0mGET /css/why-choose.css [36m304[0m 1.090 ms - -[0m
2026-08-03 13:04:07 [INFO]: [0mGET /css/footer.css [36m304[0m 1.111 ms - -[0m
2026-08-03 13:04:07 [INFO]: [0mGET /css/auth.css [36m304[0m 1.561 ms - -[0m
2026-08-03 13:04:07 [INFO]: [0mGET /css/verify.css [36m304[0m 0.471 ms - -[0m
2026-08-03 13:04:07 [INFO]: [0mGET /images/hero/fiddle-leaf-fig.jpg [36m304[0m 0.557 ms - -[0m
2026-08-03 13:04:07 [INFO]: [0mGET /images/hero/why-choose.jpg [36m304[0m 0.692 ms - -[0m
2026-08-03 13:04:07 [INFO]: [0mGET /images/logo/plantora-orgn-white.png [36m304[0m 0.898 ms - -[0m
2026-08-03 13:04:10 [INFO]: [0mGET /auth/profile [32m200[0m 421.346 ms - -[0m
2026-08-03 13:04:10 [INFO]: [0mGET /css/style.css [36m304[0m 0.489 ms - -[0m
2026-08-03 13:04:10 [INFO]: [0mGET /css/profile.css [36m304[0m 0.662 ms - -[0m
2026-08-03 13:04:10 [INFO]: [0mGET /images/logo/plantora.png [36m304[0m 0.867 ms - -[0m
2026-08-03 13:04:10 [INFO]: [0mGET /js/profile.js [36m304[0m 0.650 ms - -[0m
2026-08-03 13:04:10 [INFO]: [0mGET /images/logo/plantora-orgn-white.png [36m304[0m 0.854 ms - -[0m
2026-08-03 13:04:10 [INFO]: [0mGET /js/header.js [36m304[0m 0.327 ms - -[0m
2026-08-03 13:04:10 [INFO]: [0mGET /js/featured.js [36m304[0m 0.890 ms - -[0m
2026-08-03 13:04:10 [INFO]: [0mGET /js/why-choose.js [36m304[0m 1.345 ms - -[0m
2026-08-03 13:04:10 [INFO]: [0mGET /js/notification.js [36m304[0m 0.710 ms - -[0m
2026-08-03 13:04:10 [INFO]: [0mGET /js/footer.js [36m304[0m 0.857 ms - -[0m
2026-08-03 13:04:10 [INFO]: [0mGET /js/auth.js [36m304[0m 0.383 ms - -[0m
2026-08-03 13:04:10 [INFO]: [0mGET /css/variables.css [36m304[0m 0.507 ms - -[0m
2026-08-03 13:04:10 [INFO]: [0mGET /css/utilities.css [36m304[0m 0.633 ms - -[0m
2026-08-03 13:04:10 [INFO]: [0mGET /css/animations.css [36m304[0m 1.010 ms - -[0m
2026-08-03 13:04:10 [INFO]: [0mGET /css/announcement.css [36m304[0m 1.207 ms - -[0m
2026-08-03 13:04:10 [INFO]: [0mGET /css/header.css [36m304[0m 1.463 ms - -[0m
2026-08-03 13:04:10 [INFO]: [0mGET /css/hero.css [36m304[0m 1.966 ms - -[0m
2026-08-03 13:04:10 [INFO]: [0mGET /css/featured.css [36m304[0m 0.689 ms - -[0m
2026-08-03 13:04:10 [INFO]: [0mGET /css/why-choose.css [36m304[0m 1.054 ms - -[0m
2026-08-03 13:04:10 [INFO]: [0mGET /css/footer.css [36m304[0m 1.658 ms - -[0m
2026-08-03 13:04:10 [INFO]: [0mGET /css/auth.css [36m304[0m 1.753 ms - -[0m
2026-08-03 13:04:10 [INFO]: [0mGET /css/verify.css [36m304[0m 2.185 ms - -[0m
2026-08-03 13:06:32 [INFO]: [0mGET /admin/users [32m200[0m 566.644 ms - -[0m
2026-08-03 13:06:33 [INFO]: [0mGET /css/style.css [36m304[0m 0.748 ms - -[0m
2026-08-03 13:06:33 [INFO]: [0mGET /css/admin/layout.css [36m304[0m 0.775 ms - -[0m
2026-08-03 13:06:33 [INFO]: [0mGET /css/header.css [36m304[0m 0.303 ms - -[0m
2026-08-03 13:06:33 [INFO]: [0mGET /images/logo/plantora.png [36m304[0m 0.486 ms - -[0m
2026-08-03 13:06:33 [INFO]: [0mGET /css/admin/users.css [36m304[0m 0.673 ms - -[0m
2026-08-03 13:06:33 [INFO]: [0mGET /js/admin/layout.js [36m304[0m 0.421 ms - -[0m
2026-08-03 13:06:33 [INFO]: [0mGET /js/admin/users.js [36m304[0m 0.719 ms - -[0m
2026-08-03 13:06:33 [INFO]: [0mGET /js/header.js [36m304[0m 1.162 ms - -[0m
2026-08-03 13:06:33 [INFO]: [0mGET /js/notification.js [36m304[0m 2.039 ms - -[0m
2026-08-03 13:06:33 [INFO]: [0mGET /css/variables.css [36m304[0m 0.538 ms - -[0m
2026-08-03 13:06:33 [INFO]: [0mGET /css/utilities.css [36m304[0m 0.746 ms - -[0m
2026-08-03 13:06:33 [INFO]: [0mGET /css/animations.css [36m304[0m 0.931 ms - -[0m
2026-08-03 13:06:33 [INFO]: [0mGET /css/announcement.css [36m304[0m 1.127 ms - -[0m
2026-08-03 13:06:33 [INFO]: [0mGET /css/hero.css [36m304[0m 1.520 ms - -[0m
2026-08-03 13:06:33 [INFO]: [0mGET /css/why-choose.css [36m304[0m 0.869 ms - -[0m
2026-08-03 13:06:33 [INFO]: [0mGET /css/footer.css [36m304[0m 1.016 ms - -[0m
2026-08-03 13:06:33 [INFO]: [0mGET /css/auth.css [36m304[0m 0.863 ms - -[0m
2026-08-03 13:06:33 [INFO]: [0mGET /css/featured.css [36m304[0m 1.316 ms - -[0m
2026-08-03 13:06:33 [INFO]: [0mGET /css/verify.css [36m304[0m 1.586 ms - -[0m
2026-08-03 13:06:44 [INFO]: [0mGET /admin/users [36m304[0m 372.426 ms - -[0m
2026-08-03 13:06:44 [INFO]: [0mGET /css/style.css [36m304[0m 0.658 ms - -[0m
2026-08-03 13:06:44 [INFO]: [0mGET /css/admin/layout.css [36m304[0m 0.897 ms - -[0m
2026-08-03 13:06:44 [INFO]: [0mGET /css/header.css [36m304[0m 0.272 ms - -[0m
2026-08-03 13:06:44 [INFO]: [0mGET /css/admin/users.css [36m304[0m 0.600 ms - -[0m
2026-08-03 13:06:44 [INFO]: [0mGET /images/logo/plantora.png [36m304[0m 0.919 ms - -[0m
2026-08-03 13:06:44 [INFO]: [0mGET /js/admin/layout.js [36m304[0m 0.281 ms - -[0m
2026-08-03 13:06:44 [INFO]: [0mGET /js/admin/users.js [36m304[0m 0.418 ms - -[0m
2026-08-03 13:06:44 [INFO]: [0mGET /js/header.js [36m304[0m 0.709 ms - -[0m
2026-08-03 13:06:44 [INFO]: [0mGET /js/notification.js [36m304[0m 0.517 ms - -[0m
2026-08-03 13:06:44 [INFO]: [0mGET /css/variables.css [36m304[0m 0.175 ms - -[0m
2026-08-03 13:06:44 [INFO]: [0mGET /css/utilities.css [36m304[0m 0.416 ms - -[0m
2026-08-03 13:06:44 [INFO]: [0mGET /css/animations.css [36m304[0m 0.532 ms - -[0m
2026-08-03 13:06:44 [INFO]: [0mGET /css/announcement.css [36m304[0m 0.845 ms - -[0m
2026-08-03 13:06:44 [INFO]: [0mGET /css/hero.css [36m304[0m 1.086 ms - -[0m
2026-08-03 13:06:44 [INFO]: [0mGET /css/featured.css [36m304[0m 1.619 ms - -[0m
2026-08-03 13:06:44 [INFO]: [0mGET /css/why-choose.css [36m304[0m 0.745 ms - -[0m
2026-08-03 13:06:44 [INFO]: [0mGET /css/footer.css [36m304[0m 1.341 ms - -[0m
2026-08-03 13:06:44 [INFO]: [0mGET /css/auth.css [36m304[0m 1.750 ms - -[0m
2026-08-03 13:06:44 [INFO]: [0mGET /css/verify.css [36m304[0m 1.854 ms - -[0m
2026-08-03 13:07:21 [INFO]: [0mGET /css/style.css [36m304[0m 0.557 ms - -[0m
2026-08-03 13:07:21 [INFO]: [0mGET /css/variables.css [36m304[0m 0.849 ms - -[0m
2026-08-03 13:07:21 [INFO]: [0mGET /css/utilities.css [36m304[0m 1.028 ms - -[0m
2026-08-03 13:07:21 [INFO]: [0mGET /css/animations.css [36m304[0m 1.319 ms - -[0m
2026-08-03 13:07:21 [INFO]: [0mGET /css/announcement.css [36m304[0m 1.524 ms - -[0m
2026-08-03 13:07:21 [INFO]: [0mGET /css/header.css [36m304[0m 1.709 ms - -[0m
2026-08-03 13:07:21 [INFO]: [0mGET /css/hero.css [36m304[0m 0.143 ms - -[0m
2026-08-03 13:07:21 [INFO]: [0mGET /css/featured.css [36m304[0m 0.819 ms - -[0m
2026-08-03 13:07:21 [INFO]: [0mGET /css/why-choose.css [36m304[0m 1.259 ms - -[0m
2026-08-03 13:07:21 [INFO]: [0mGET /css/footer.css [36m304[0m 2.552 ms - -[0m
2026-08-03 13:07:21 [INFO]: [0mGET /css/auth.css [36m304[0m 1.613 ms - -[0m
2026-08-03 13:07:21 [INFO]: [0mGET /css/verify.css [36m304[0m 1.966 ms - -[0m
2026-08-03 13:07:21 [INFO]: [0mGET /css/admin/layout.css [36m304[0m 1.122 ms - -[0m
2026-08-03 13:07:21 [INFO]: [0mGET /css/admin/users.css [36m304[0m 1.349 ms - -[0m
2026-08-03 13:07:21 [INFO]: [0mGET /.well-known/appspecific/com.chrome.devtools.json [33m404[0m 194.022 ms - 112[0m
2026-08-03 13:08:19 [INFO]: [0mGET /admin/users [36m304[0m 442.528 ms - -[0m
2026-08-03 13:08:19 [INFO]: [0mGET /css/style.css [36m304[0m 0.356 ms - -[0m
2026-08-03 13:08:19 [INFO]: [0mGET /css/admin/layout.css [36m304[0m 0.938 ms - -[0m
2026-08-03 13:08:19 [INFO]: [0mGET /css/header.css [36m304[0m 0.770 ms - -[0m
2026-08-03 13:08:19 [INFO]: [0mGET /images/logo/plantora.png [36m304[0m 1.043 ms - -[0m
2026-08-03 13:08:19 [INFO]: [0mGET /css/admin/users.css [32m200[0m 2.238 ms - -[0m
2026-08-03 13:08:19 [INFO]: [0mGET /js/admin/layout.js [36m304[0m 0.387 ms - -[0m
2026-08-03 13:08:19 [INFO]: [0mGET /js/admin/users.js [36m304[0m 0.595 ms - -[0m
2026-08-03 13:08:19 [INFO]: [0mGET /js/header.js [36m304[0m 0.231 ms - -[0m
2026-08-03 13:08:19 [INFO]: [0mGET /js/notification.js [36m304[0m 0.342 ms - -[0m
2026-08-03 13:08:19 [INFO]: [0mGET /css/variables.css [36m304[0m 0.220 ms - -[0m
2026-08-03 13:08:19 [INFO]: [0mGET /css/utilities.css [36m304[0m 0.222 ms - -[0m
2026-08-03 13:08:19 [INFO]: [0mGET /css/animations.css [36m304[0m 0.995 ms - -[0m
2026-08-03 13:08:19 [INFO]: [0mGET /css/announcement.css [36m304[0m 0.773 ms - -[0m
2026-08-03 13:08:19 [INFO]: [0mGET /css/hero.css [36m304[0m 0.924 ms - -[0m
2026-08-03 13:08:19 [INFO]: [0mGET /css/featured.css [36m304[0m 4.009 ms - -[0m
2026-08-03 13:08:19 [INFO]: [0mGET /css/why-choose.css [36m304[0m 2.839 ms - -[0m
2026-08-03 13:08:19 [INFO]: [0mGET /css/footer.css [36m304[0m 0.821 ms - -[0m
2026-08-03 13:08:19 [INFO]: [0mGET /css/auth.css [36m304[0m 1.254 ms - -[0m
2026-08-03 13:08:19 [INFO]: [0mGET /css/verify.css [36m304[0m 1.710 ms - -[0m
2026-08-03 13:08:19 [INFO]: [0mGET /.well-known/appspecific/com.chrome.devtools.json [33m404[0m 174.257 ms - 112[0m
2026-08-03 13:09:28 [INFO]: [0mGET /admin/users [36m304[0m 391.897 ms - -[0m
2026-08-03 13:09:28 [INFO]: [0mGET /css/style.css [36m304[0m 0.464 ms - -[0m
2026-08-03 13:09:28 [INFO]: [0mGET /css/admin/layout.css [32m200[0m 1.307 ms - -[0m
2026-08-03 13:09:28 [INFO]: [0mGET /css/admin/users.css [36m304[0m 0.797 ms - -[0m
2026-08-03 13:09:28 [INFO]: [0mGET /css/header.css [36m304[0m 0.940 ms - -[0m
2026-08-03 13:09:28 [INFO]: [0mGET /images/logo/plantora.png [36m304[0m 1.063 ms - -[0m
2026-08-03 13:09:28 [INFO]: [0mGET /js/admin/layout.js [36m304[0m 0.730 ms - -[0m
2026-08-03 13:09:28 [INFO]: [0mGET /js/admin/users.js [36m304[0m 1.123 ms - -[0m
2026-08-03 13:09:28 [INFO]: [0mGET /js/header.js [36m304[0m 1.239 ms - -[0m
2026-08-03 13:09:28 [INFO]: [0mGET /js/notification.js [36m304[0m 1.405 ms - -[0m
2026-08-03 13:09:28 [INFO]: [0mGET /css/variables.css [36m304[0m 0.205 ms - -[0m
2026-08-03 13:09:28 [INFO]: [0mGET /css/utilities.css [36m304[0m 1.172 ms - -[0m
2026-08-03 13:09:28 [INFO]: [0mGET /css/animations.css [36m304[0m 1.343 ms - -[0m
2026-08-03 13:09:28 [INFO]: [0mGET /css/announcement.css [36m304[0m 1.168 ms - -[0m
2026-08-03 13:09:28 [INFO]: [0mGET /css/hero.css [36m304[0m 1.545 ms - -[0m
2026-08-03 13:09:28 [INFO]: [0mGET /css/featured.css [36m304[0m 1.817 ms - -[0m
2026-08-03 13:09:28 [INFO]: [0mGET /css/why-choose.css [36m304[0m 0.259 ms - -[0m
2026-08-03 13:09:28 [INFO]: [0mGET /css/footer.css [36m304[0m 0.544 ms - -[0m
2026-08-03 13:09:28 [INFO]: [0mGET /css/auth.css [36m304[0m 0.159 ms - -[0m
2026-08-03 13:09:28 [INFO]: [0mGET /css/verify.css [36m304[0m 0.392 ms - -[0m
2026-08-03 13:09:28 [INFO]: [0mGET /.well-known/appspecific/com.chrome.devtools.json [33m404[0m 164.620 ms - 112[0m
2026-08-03 13:10:51 [INFO]: [0mGET /admin/users [36m304[0m 272.344 ms - -[0m
2026-08-03 13:10:51 [INFO]: [0mGET /css/style.css [36m304[0m 0.621 ms - -[0m
2026-08-03 13:10:51 [INFO]: [0mGET /css/admin/layout.css [36m304[0m 1.223 ms - -[0m
2026-08-03 13:10:51 [INFO]: [0mGET /css/admin/users.css [36m304[0m 1.139 ms - -[0m
2026-08-03 13:10:51 [INFO]: [0mGET /css/header.css [36m304[0m 1.022 ms - -[0m
2026-08-03 13:10:51 [INFO]: [0mGET /images/logo/plantora.png [36m304[0m 0.386 ms - -[0m
2026-08-03 13:10:51 [INFO]: [0mGET /js/admin/layout.js [36m304[0m 0.581 ms - -[0m
2026-08-03 13:10:51 [INFO]: [0mGET /js/admin/users.js [36m304[0m 1.068 ms - -[0m
2026-08-03 13:10:51 [INFO]: [0mGET /js/header.js [36m304[0m 1.169 ms - -[0m
2026-08-03 13:10:51 [INFO]: [0mGET /css/variables.css [36m304[0m 0.194 ms - -[0m
2026-08-03 13:10:51 [INFO]: [0mGET /js/notification.js [36m304[0m 0.336 ms - -[0m
2026-08-03 13:10:51 [INFO]: [0mGET /css/utilities.css [36m304[0m 1.049 ms - -[0m
2026-08-03 13:10:51 [INFO]: [0mGET /css/animations.css [36m304[0m 1.538 ms - -[0m
2026-08-03 13:10:51 [INFO]: [0mGET /css/announcement.css [36m304[0m 1.930 ms - -[0m
2026-08-03 13:10:51 [INFO]: [0mGET /css/hero.css [36m304[0m 0.570 ms - -[0m
2026-08-03 13:10:51 [INFO]: [0mGET /css/featured.css [36m304[0m 1.195 ms - -[0m
2026-08-03 13:10:51 [INFO]: [0mGET /css/why-choose.css [36m304[0m 0.326 ms - -[0m
2026-08-03 13:10:51 [INFO]: [0mGET /css/footer.css [36m304[0m 0.538 ms - -[0m
2026-08-03 13:10:51 [INFO]: [0mGET /css/auth.css [36m304[0m 0.812 ms - -[0m
2026-08-03 13:10:51 [INFO]: [0mGET /css/verify.css [36m304[0m 1.136 ms - -[0m
2026-08-03 13:10:56 [INFO]: [0mGET /auth/profile [36m304[0m 124.323 ms - -[0m
2026-08-03 13:10:56 [INFO]: [0mGET /css/style.css [36m304[0m 0.413 ms - -[0m
2026-08-03 13:10:56 [INFO]: [0mGET /css/profile.css [36m304[0m 1.656 ms - -[0m
2026-08-03 13:10:56 [INFO]: [0mGET /images/logo/plantora.png [36m304[0m 1.971 ms - -[0m
2026-08-03 13:10:56 [INFO]: [0mGET /js/profile.js [36m304[0m 2.208 ms - -[0m
2026-08-03 13:10:56 [INFO]: [0mGET /images/logo/plantora-orgn-white.png [36m304[0m 0.827 ms - -[0m
2026-08-03 13:10:56 [INFO]: [0mGET /js/header.js [36m304[0m 0.862 ms - -[0m
2026-08-03 13:10:56 [INFO]: [0mGET /js/featured.js [36m304[0m 1.055 ms - -[0m
2026-08-03 13:10:56 [INFO]: [0mGET /js/why-choose.js [36m304[0m 1.172 ms - -[0m
2026-08-03 13:10:56 [INFO]: [0mGET /js/notification.js [36m304[0m 1.453 ms - -[0m
2026-08-03 13:10:56 [INFO]: [0mGET /css/variables.css [36m304[0m 0.958 ms - -[0m
2026-08-03 13:10:56 [INFO]: [0mGET /css/utilities.css [36m304[0m 1.340 ms - -[0m
2026-08-03 13:10:56 [INFO]: [0mGET /css/animations.css [36m304[0m 1.434 ms - -[0m
2026-08-03 13:10:56 [INFO]: [0mGET /css/announcement.css [36m304[0m 1.868 ms - -[0m
2026-08-03 13:10:56 [INFO]: [0mGET /css/header.css [36m304[0m 0.514 ms - -[0m
2026-08-03 13:10:56 [INFO]: [0mGET /css/hero.css [36m304[0m 1.543 ms - -[0m
2026-08-03 13:10:56 [INFO]: [0mGET /css/featured.css [36m304[0m 1.045 ms - -[0m
2026-08-03 13:10:56 [INFO]: [0mGET /css/why-choose.css [36m304[0m 1.051 ms - -[0m
2026-08-03 13:10:56 [INFO]: [0mGET /css/footer.css [36m304[0m 0.609 ms - -[0m
2026-08-03 13:10:56 [INFO]: [0mGET /css/auth.css [36m304[0m 0.746 ms - -[0m
2026-08-03 13:10:56 [INFO]: [0mGET /css/verify.css [36m304[0m 0.184 ms - -[0m
2026-08-03 13:10:56 [INFO]: [0mGET /js/footer.js [36m304[0m 0.220 ms - -[0m
2026-08-03 13:10:56 [INFO]: [0mGET /js/auth.js [36m304[0m 0.408 ms - -[0m
2026-08-03 13:11:09 [INFO]: [0mGET /auth/profile [36m304[0m 357.686 ms - -[0m
2026-08-03 13:11:10 [INFO]: [0mGET /css/style.css [36m304[0m 0.602 ms - -[0m
2026-08-03 13:11:10 [INFO]: [0mGET /css/profile.css [36m304[0m 0.848 ms - -[0m
2026-08-03 13:11:10 [INFO]: [0mGET /images/logo/plantora.png [36m304[0m 0.538 ms - -[0m
2026-08-03 13:11:10 [INFO]: [0mGET /js/profile.js [36m304[0m 0.822 ms - -[0m
2026-08-03 13:11:10 [INFO]: [0mGET /images/logo/plantora-orgn-white.png [36m304[0m 0.214 ms - -[0m
2026-08-03 13:11:10 [INFO]: [0mGET /js/header.js [36m304[0m 0.147 ms - -[0m
2026-08-03 13:11:10 [INFO]: [0mGET /js/featured.js [36m304[0m 0.294 ms - -[0m
2026-08-03 13:11:10 [INFO]: [0mGET /js/why-choose.js [36m304[0m 0.514 ms - -[0m
2026-08-03 13:11:10 [INFO]: [0mGET /js/notification.js [36m304[0m 0.647 ms - -[0m
2026-08-03 13:11:10 [INFO]: [0mGET /js/footer.js [36m304[0m 0.208 ms - -[0m
2026-08-03 13:11:10 [INFO]: [0mGET /js/auth.js [36m304[0m 0.338 ms - -[0m
2026-08-03 13:11:10 [INFO]: [0mGET /css/variables.css [36m304[0m 0.401 ms - -[0m
2026-08-03 13:11:10 [INFO]: [0mGET /css/utilities.css [36m304[0m 0.530 ms - -[0m
2026-08-03 13:11:10 [INFO]: [0mGET /css/animations.css [36m304[0m 0.715 ms - -[0m
2026-08-03 13:11:10 [INFO]: [0mGET /css/announcement.css [36m304[0m 0.897 ms - -[0m
2026-08-03 13:11:10 [INFO]: [0mGET /css/header.css [36m304[0m 2.115 ms - -[0m
2026-08-03 13:11:10 [INFO]: [0mGET /css/hero.css [36m304[0m 2.047 ms - -[0m
2026-08-03 13:11:10 [INFO]: [0mGET /css/featured.css [36m304[0m 1.536 ms - -[0m
2026-08-03 13:11:10 [INFO]: [0mGET /css/why-choose.css [36m304[0m 1.448 ms - -[0m
2026-08-03 13:11:10 [INFO]: [0mGET /css/footer.css [36m304[0m 1.313 ms - -[0m
2026-08-03 13:11:10 [INFO]: [0mGET /css/auth.css [36m304[0m 1.606 ms - -[0m
2026-08-03 13:11:10 [INFO]: [0mGET /css/verify.css [36m304[0m 0.409 ms - -[0m
2026-08-03 13:11:11 [INFO]: [0mGET / [36m304[0m 91.573 ms - -[0m
2026-08-03 13:11:11 [INFO]: [0mGET /css/style.css [36m304[0m 0.580 ms - -[0m
2026-08-03 13:11:11 [INFO]: [0mGET /images/logo/plantora.png [36m304[0m 1.028 ms - -[0m
2026-08-03 13:11:11 [INFO]: [0mGET /images/hero/hero-placeholder.png [36m304[0m 1.217 ms - -[0m
2026-08-03 13:11:11 [INFO]: [0mGET /images/hero/monstera-plant.jpg [36m304[0m 0.223 ms - -[0m
2026-08-03 13:11:11 [INFO]: [0mGET /js/header.js [36m304[0m 0.565 ms - -[0m
2026-08-03 13:11:11 [INFO]: [0mGET /js/featured.js [36m304[0m 0.714 ms - -[0m
2026-08-03 13:11:11 [INFO]: [0mGET /js/why-choose.js [36m304[0m 1.011 ms - -[0m
2026-08-03 13:11:11 [INFO]: [0mGET /js/notification.js [36m304[0m 0.322 ms - -[0m
2026-08-03 13:11:11 [INFO]: [0mGET /css/variables.css [36m304[0m 0.279 ms - -[0m
2026-08-03 13:11:11 [INFO]: [0mGET /css/utilities.css [36m304[0m 0.473 ms - -[0m
2026-08-03 13:11:11 [INFO]: [0mGET /css/animations.css [36m304[0m 0.640 ms - -[0m
2026-08-03 13:11:11 [INFO]: [0mGET /css/announcement.css [36m304[0m 0.449 ms - -[0m
2026-08-03 13:11:11 [INFO]: [0mGET /css/header.css [36m304[0m 0.728 ms - -[0m
2026-08-03 13:11:11 [INFO]: [0mGET /css/hero.css [36m304[0m 0.925 ms - -[0m
2026-08-03 13:11:11 [INFO]: [0mGET /css/featured.css [36m304[0m 0.416 ms - -[0m
2026-08-03 13:11:11 [INFO]: [0mGET /css/why-choose.css [36m304[0m 0.902 ms - -[0m
2026-08-03 13:11:11 [INFO]: [0mGET /css/footer.css [36m304[0m 1.049 ms - -[0m
2026-08-03 13:11:11 [INFO]: [0mGET /css/auth.css [36m304[0m 0.821 ms - -[0m
2026-08-03 13:11:11 [INFO]: [0mGET /css/verify.css [36m304[0m 0.922 ms - -[0m
2026-08-03 13:11:11 [INFO]: [0mGET /js/footer.js [36m304[0m 0.397 ms - -[0m
2026-08-03 13:11:11 [INFO]: [0mGET /js/auth.js [36m304[0m 0.353 ms - -[0m
2026-08-03 13:11:11 [INFO]: [0mGET /images/hero/snake-plant.jpg [36m304[0m 0.322 ms - -[0m
2026-08-03 13:11:11 [INFO]: [0mGET /images/hero/peace-lily.jpg [36m304[0m 0.261 ms - -[0m
2026-08-03 13:11:11 [INFO]: [0mGET /images/hero/tulip-plant.jpg [36m304[0m 0.607 ms - -[0m
2026-08-03 13:11:11 [INFO]: [0mGET /images/hero/rubber-plant.jpg [36m304[0m 0.317 ms - -[0m
2026-08-03 13:11:11 [INFO]: [0mGET /images/hero/aloe-vera.jpg [36m304[0m 0.500 ms - -[0m
2026-08-03 13:11:11 [INFO]: [0mGET /images/hero/areca-palm.jpg [36m304[0m 0.468 ms - -[0m
2026-08-03 13:11:11 [INFO]: [0mGET /images/hero/jade-plant.jpg [36m304[0m 0.445 ms - -[0m
2026-08-03 13:11:11 [INFO]: [0mGET /images/hero/golden-pothos.jpg [36m304[0m 0.521 ms - -[0m
2026-08-03 13:11:11 [INFO]: [0mGET /images/hero/fiddle-leaf-fig.jpg [36m304[0m 0.361 ms - -[0m
2026-08-03 13:11:11 [INFO]: [0mGET /images/hero/why-choose.jpg [36m304[0m 0.690 ms - -[0m
2026-08-03 13:11:11 [INFO]: [0mGET /images/logo/plantora-orgn-white.png [36m304[0m 0.789 ms - -[0m
2026-08-03 13:11:15 [INFO]: [0mGET /auth/profile [36m304[0m 307.942 ms - -[0m
2026-08-03 13:11:15 [INFO]: [0mGET /css/style.css [36m304[0m 0.853 ms - -[0m
2026-08-03 13:11:15 [INFO]: [0mGET /css/profile.css [36m304[0m 1.178 ms - -[0m
2026-08-03 13:11:15 [INFO]: [0mGET /images/logo/plantora.png [36m304[0m 1.416 ms - -[0m
2026-08-03 13:11:15 [INFO]: [0mGET /js/profile.js [36m304[0m 1.736 ms - -[0m
2026-08-03 13:11:15 [INFO]: [0mGET /images/logo/plantora-orgn-white.png [36m304[0m 1.595 ms - -[0m
2026-08-03 13:11:15 [INFO]: [0mGET /js/header.js [36m304[0m 1.695 ms - -[0m
2026-08-03 13:11:15 [INFO]: [0mGET /js/featured.js [36m304[0m 2.010 ms - -[0m
2026-08-03 13:11:15 [INFO]: [0mGET /js/why-choose.js [36m304[0m 2.624 ms - -[0m
2026-08-03 13:11:15 [INFO]: [0mGET /js/notification.js [36m304[0m 3.453 ms - -[0m
2026-08-03 13:11:15 [INFO]: [0mGET /css/variables.css [36m304[0m 0.359 ms - -[0m
2026-08-03 13:11:15 [INFO]: [0mGET /css/utilities.css [36m304[0m 1.249 ms - -[0m
2026-08-03 13:11:15 [INFO]: [0mGET /css/animations.css [36m304[0m 1.638 ms - -[0m
2026-08-03 13:11:15 [INFO]: [0mGET /css/announcement.css [36m304[0m 1.102 ms - -[0m
2026-08-03 13:11:15 [INFO]: [0mGET /css/header.css [36m304[0m 1.997 ms - -[0m
2026-08-03 13:11:15 [INFO]: [0mGET /css/hero.css [36m304[0m 1.022 ms - -[0m
2026-08-03 13:11:15 [INFO]: [0mGET /css/featured.css [36m304[0m 1.353 ms - -[0m
2026-08-03 13:11:15 [INFO]: [0mGET /css/why-choose.css [36m304[0m 1.747 ms - -[0m
2026-08-03 13:11:15 [INFO]: [0mGET /css/footer.css [36m304[0m 0.415 ms - -[0m
2026-08-03 13:11:15 [INFO]: [0mGET /css/auth.css [36m304[0m 1.177 ms - -[0m
2026-08-03 13:11:15 [INFO]: [0mGET /css/verify.css [36m304[0m 0.828 ms - -[0m
2026-08-03 13:11:15 [INFO]: [0mGET /js/footer.js [36m304[0m 0.283 ms - -[0m
2026-08-03 13:11:15 [INFO]: [0mGET /js/auth.js [36m304[0m 0.699 ms - -[0m
2026-08-03 13:11:16 [INFO]: [0mGET / [36m304[0m 286.019 ms - -[0m
2026-08-03 13:11:16 [INFO]: [0mGET /css/style.css [36m304[0m 0.352 ms - -[0m
2026-08-03 13:11:16 [INFO]: [0mGET /images/logo/plantora.png [36m304[0m 0.707 ms - -[0m
2026-08-03 13:11:16 [INFO]: [0mGET /images/hero/hero-placeholder.png [36m304[0m 1.052 ms - -[0m
2026-08-03 13:11:16 [INFO]: [0mGET /images/hero/monstera-plant.jpg [36m304[0m 0.513 ms - -[0m
2026-08-03 13:11:16 [INFO]: [0mGET /js/header.js [36m304[0m 0.688 ms - -[0m
2026-08-03 13:11:16 [INFO]: [0mGET /js/featured.js [36m304[0m 1.007 ms - -[0m
2026-08-03 13:11:16 [INFO]: [0mGET /js/why-choose.js [36m304[0m 1.289 ms - -[0m
2026-08-03 13:11:16 [INFO]: [0mGET /js/notification.js [36m304[0m 1.644 ms - -[0m
2026-08-03 13:11:16 [INFO]: [0mGET /css/variables.css [36m304[0m 0.366 ms - -[0m
2026-08-03 13:11:16 [INFO]: [0mGET /css/animations.css [36m304[0m 0.459 ms - -[0m
2026-08-03 13:11:16 [INFO]: [0mGET /css/announcement.css [36m304[0m 0.733 ms - -[0m
2026-08-03 13:11:16 [INFO]: [0mGET /css/utilities.css [36m304[0m 1.513 ms - -[0m
2026-08-03 13:11:16 [INFO]: [0mGET /css/header.css [36m304[0m 0.273 ms - -[0m
2026-08-03 13:11:16 [INFO]: [0mGET /css/hero.css [36m304[0m 0.405 ms - -[0m
2026-08-03 13:11:16 [INFO]: [0mGET /css/featured.css [36m304[0m 1.328 ms - -[0m
2026-08-03 13:11:16 [INFO]: [0mGET /css/why-choose.css [36m304[0m 2.086 ms - -[0m
2026-08-03 13:11:16 [INFO]: [0mGET /css/footer.css [36m304[0m 2.085 ms - -[0m
2026-08-03 13:11:16 [INFO]: [0mGET /css/auth.css [36m304[0m 2.263 ms - -[0m
2026-08-03 13:11:16 [INFO]: [0mGET /css/verify.css [36m304[0m 0.575 ms - -[0m
2026-08-03 13:11:16 [INFO]: [0mGET /js/footer.js [36m304[0m 0.214 ms - -[0m
2026-08-03 13:11:16 [INFO]: [0mGET /js/auth.js [36m304[0m 0.226 ms - -[0m
2026-08-03 13:11:16 [INFO]: [0mGET /images/hero/snake-plant.jpg [36m304[0m 0.433 ms - -[0m
2026-08-03 13:11:16 [INFO]: [0mGET /images/hero/peace-lily.jpg [36m304[0m 1.188 ms - -[0m
2026-08-03 13:11:16 [INFO]: [0mGET /images/hero/tulip-plant.jpg [36m304[0m 1.461 ms - -[0m
2026-08-03 13:11:16 [INFO]: [0mGET /images/hero/rubber-plant.jpg [36m304[0m 1.687 ms - -[0m
2026-08-03 13:11:16 [INFO]: [0mGET /images/hero/aloe-vera.jpg [36m304[0m 1.887 ms - -[0m
2026-08-03 13:11:16 [INFO]: [0mGET /images/hero/areca-palm.jpg [36m304[0m 2.254 ms - -[0m
2026-08-03 13:11:16 [INFO]: [0mGET /images/hero/jade-plant.jpg [36m304[0m 2.836 ms - -[0m
2026-08-03 13:11:16 [INFO]: [0mGET /images/hero/golden-pothos.jpg [36m304[0m 0.249 ms - -[0m
2026-08-03 13:11:16 [INFO]: [0mGET /images/hero/fiddle-leaf-fig.jpg [36m304[0m 0.505 ms - -[0m
2026-08-03 13:11:16 [INFO]: [0mGET /images/hero/why-choose.jpg [36m304[0m 0.603 ms - -[0m
2026-08-03 13:11:16 [INFO]: [0mGET /images/logo/plantora-orgn-white.png [36m304[0m 1.198 ms - -[0m
2026-08-03 13:11:20 [INFO]: [0mGET /admin/dashboard [36m304[0m 321.541 ms - -[0m
2026-08-03 13:11:20 [INFO]: [0mGET /css/style.css [36m304[0m 0.481 ms - -[0m
2026-08-03 13:11:20 [INFO]: [0mGET /css/admin/layout.css [36m304[0m 0.506 ms - -[0m
2026-08-03 13:11:20 [INFO]: [0mGET /css/admin/users.css [36m304[0m 0.796 ms - -[0m
2026-08-03 13:11:20 [INFO]: [0mGET /css/header.css [36m304[0m 1.028 ms - -[0m
2026-08-03 13:11:20 [INFO]: [0mGET /images/logo/plantora.png [36m304[0m 1.240 ms - -[0m
2026-08-03 13:11:20 [INFO]: [0mGET /js/admin/layout.js [36m304[0m 1.197 ms - -[0m
2026-08-03 13:11:20 [INFO]: [0mGET /js/admin/users.js [36m304[0m 1.581 ms - -[0m
2026-08-03 13:11:20 [INFO]: [0mGET /css/variables.css [36m304[0m 1.933 ms - -[0m
2026-08-03 13:11:20 [INFO]: [0mGET /css/utilities.css [36m304[0m 2.199 ms - -[0m
2026-08-03 13:11:20 [INFO]: [0mGET /js/header.js [36m304[0m 2.367 ms - -[0m
2026-08-03 13:11:20 [INFO]: [0mGET /js/notification.js [36m304[0m 2.504 ms - -[0m
2026-08-03 13:11:20 [INFO]: [0mGET /css/animations.css [36m304[0m 0.519 ms - -[0m
2026-08-03 13:11:20 [INFO]: [0mGET /css/announcement.css [36m304[0m 2.612 ms - -[0m
2026-08-03 13:11:20 [INFO]: [0mGET /css/hero.css [36m304[0m 2.300 ms - -[0m
2026-08-03 13:11:20 [INFO]: [0mGET /css/featured.css [36m304[0m 0.907 ms - -[0m
2026-08-03 13:11:20 [INFO]: [0mGET /css/why-choose.css [36m304[0m 1.132 ms - -[0m
2026-08-03 13:11:20 [INFO]: [0mGET /css/footer.css [36m304[0m 1.446 ms - -[0m
2026-08-03 13:11:20 [INFO]: [0mGET /css/auth.css [36m304[0m 2.112 ms - -[0m
2026-08-03 13:11:20 [INFO]: [0mGET /css/verify.css [36m304[0m 0.848 ms - -[0m
2026-08-03 13:11:25 [INFO]: [0mGET /admin/users [36m304[0m 351.914 ms - -[0m
2026-08-03 13:11:25 [INFO]: [0mGET /css/style.css [36m304[0m 1.006 ms - -[0m
2026-08-03 13:11:25 [INFO]: [0mGET /css/admin/layout.css [36m304[0m 1.288 ms - -[0m
2026-08-03 13:11:25 [INFO]: [0mGET /css/admin/users.css [36m304[0m 1.629 ms - -[0m
2026-08-03 13:11:25 [INFO]: [0mGET /css/header.css [36m304[0m 1.871 ms - -[0m
2026-08-03 13:11:25 [INFO]: [0mGET /images/logo/plantora.png [36m304[0m 2.536 ms - -[0m
2026-08-03 13:11:25 [INFO]: [0mGET /js/admin/layout.js [36m304[0m 0.293 ms - -[0m
2026-08-03 13:11:25 [INFO]: [0mGET /js/admin/users.js [36m304[0m 0.255 ms - -[0m
2026-08-03 13:11:25 [INFO]: [0mGET /js/header.js [36m304[0m 0.496 ms - -[0m
2026-08-03 13:11:25 [INFO]: [0mGET /js/notification.js [36m304[0m 0.718 ms - -[0m
2026-08-03 13:11:25 [INFO]: [0mGET /css/variables.css [36m304[0m 0.263 ms - -[0m
2026-08-03 13:11:25 [INFO]: [0mGET /css/utilities.css [36m304[0m 1.123 ms - -[0m
2026-08-03 13:11:25 [INFO]: [0mGET /css/animations.css [36m304[0m 1.127 ms - -[0m
2026-08-03 13:11:25 [INFO]: [0mGET /css/announcement.css [36m304[0m 0.845 ms - -[0m
2026-08-03 13:11:25 [INFO]: [0mGET /css/hero.css [36m304[0m 1.000 ms - -[0m
2026-08-03 13:11:25 [INFO]: [0mGET /css/featured.css [36m304[0m 0.609 ms - -[0m
2026-08-03 13:11:25 [INFO]: [0mGET /css/why-choose.css [36m304[0m 0.362 ms - -[0m
2026-08-03 13:11:25 [INFO]: [0mGET /css/footer.css [36m304[0m 0.795 ms - -[0m
2026-08-03 13:11:25 [INFO]: [0mGET /css/auth.css [36m304[0m 1.119 ms - -[0m
2026-08-03 13:11:25 [INFO]: [0mGET /css/verify.css [36m304[0m 0.989 ms - -[0m
2026-08-03 13:12:03 [INFO]: [0mPOST /admin/users [33m404[0m 300.809 ms - 76[0m
2026-08-03 13:12:10 [ERROR]: Error: Failed to lookup view "admin/users/trash" in views directory "E:\Webskitters_Academy\NODE JS\final_project_node\plantora_final_project_node_ejs\views"
    at app.render (E:\Webskitters_Academy\NODE JS\final_project_node\plantora_final_project_node_ejs\node_modules\express\lib\application.js:562:17)
    at ServerResponse.render (E:\Webskitters_Academy\NODE JS\final_project_node\plantora_final_project_node_ejs\node_modules\express\lib\response.js:923:7)
    at showDeletedUsersPage (E:\Webskitters_Academy\NODE JS\final_project_node\plantora_final_project_node_ejs\app\controllers\UserController.js:400:18)
    at process.processTicksAndRejections (node:internal/process/task_queues:103:5)
2026-08-03 13:12:10 [INFO]: [0mGET /admin/users/trash [31m500[0m 597.803 ms - 218[0m
2026-08-03 13:26:47 [INFO]: MongoDB connected successfully.
2026-08-03 13:26:50 [INFO]: Email server connected successfully.
2026-08-03 13:26:50 [INFO]: Server is running on port 5132.
2026-08-03 13:26:50 [INFO]: Logout successful : admin-plantora@yopmail.com
2026-08-03 13:26:50 [INFO]: [0mPOST /auth/logout [36m302[0m 280.277 ms - 30[0m
2026-08-03 13:26:50 [INFO]: [0mGET / [32m200[0m 12.156 ms - -[0m
2026-08-03 13:26:51 [INFO]: [0mGET /css/style.css [36m304[0m 1.532 ms - -[0m
2026-08-03 13:26:51 [INFO]: [0mGET /images/logo/plantora.png [36m304[0m 2.054 ms - -[0m
2026-08-03 13:26:51 [INFO]: [0mGET /images/hero/hero-placeholder.png [36m304[0m 2.539 ms - -[0m
2026-08-03 13:26:51 [INFO]: [0mGET /images/hero/monstera-plant.jpg [36m304[0m 2.539 ms - -[0m
2026-08-03 13:26:51 [INFO]: [0mGET /js/header.js [36m304[0m 2.966 ms - -[0m
2026-08-03 13:26:51 [INFO]: [0mGET /images/hero/snake-plant.jpg [36m304[0m 3.142 ms - -[0m
2026-08-03 13:26:51 [INFO]: [0mGET /images/hero/peace-lily.jpg [36m304[0m 3.391 ms - -[0m
2026-08-03 13:26:51 [INFO]: [0mGET /css/variables.css [36m304[0m 0.603 ms - -[0m
2026-08-03 13:26:51 [INFO]: [0mGET /css/utilities.css [36m304[0m 1.189 ms - -[0m
2026-08-03 13:26:51 [INFO]: [0mGET /css/animations.css [36m304[0m 1.594 ms - -[0m
2026-08-03 13:26:51 [INFO]: [0mGET /css/announcement.css [36m304[0m 1.873 ms - -[0m
2026-08-03 13:26:51 [INFO]: [0mGET /css/header.css [36m304[0m 2.892 ms - -[0m
2026-08-03 13:26:51 [INFO]: [0mGET /css/hero.css [36m304[0m 0.825 ms - -[0m
2026-08-03 13:26:51 [INFO]: [0mGET /css/featured.css [36m304[0m 2.068 ms - -[0m
2026-08-03 13:26:51 [INFO]: [0mGET /css/why-choose.css [36m304[0m 1.229 ms - -[0m
2026-08-03 13:26:51 [INFO]: [0mGET /css/footer.css [36m304[0m 1.591 ms - -[0m
2026-08-03 13:26:51 [INFO]: [0mGET /css/auth.css [36m304[0m 2.212 ms - -[0m
2026-08-03 13:26:51 [INFO]: [0mGET /css/verify.css [36m304[0m 0.744 ms - -[0m
2026-08-03 13:26:51 [INFO]: [0mGET /js/featured.js [36m304[0m 0.187 ms - -[0m
2026-08-03 13:26:51 [INFO]: [0mGET /js/why-choose.js [36m304[0m 0.543 ms - -[0m
2026-08-03 13:26:51 [INFO]: [0mGET /js/notification.js [36m304[0m 0.921 ms - -[0m
2026-08-03 13:26:51 [INFO]: [0mGET /js/footer.js [36m304[0m 1.312 ms - -[0m
2026-08-03 13:26:51 [INFO]: [0mGET /js/auth.js [36m304[0m 1.638 ms - -[0m
2026-08-03 13:26:51 [INFO]: [0mGET /images/hero/tulip-plant.jpg [36m304[0m 0.339 ms - -[0m
2026-08-03 13:26:51 [INFO]: [0mGET /images/hero/rubber-plant.jpg [36m304[0m 0.604 ms - -[0m
2026-08-03 13:26:51 [INFO]: [0mGET /images/hero/aloe-vera.jpg [36m304[0m 0.293 ms - -[0m
2026-08-03 13:26:51 [INFO]: [0mGET /images/hero/areca-palm.jpg [36m304[0m 0.502 ms - -[0m
2026-08-03 13:26:51 [INFO]: [0mGET /images/hero/jade-plant.jpg [36m304[0m 0.149 ms - -[0m
2026-08-03 13:26:51 [INFO]: [0mGET /images/hero/golden-pothos.jpg [36m304[0m 0.414 ms - -[0m
2026-08-03 13:26:51 [INFO]: [0mGET /images/hero/fiddle-leaf-fig.jpg [36m304[0m 0.547 ms - -[0m
2026-08-03 13:26:51 [INFO]: [0mGET /images/hero/why-choose.jpg [36m304[0m 0.530 ms - -[0m
2026-08-03 13:26:51 [INFO]: [0mGET /images/logo/plantora-orgn-white.png [36m304[0m 0.388 ms - -[0m
2026-08-03 13:45:09 [INFO]: SIGINT received. Shutting down server...
