2026-08-08 00:46:38 [INFO]: MongoDB connected successfully.
2026-08-08 00:46:41 [INFO]: Email server connected successfully.
2026-08-08 00:46:41 [INFO]: Server is running on port 5132.
2026-08-08 01:04:21 [INFO]: [0mGET / [32m200[0m 112.476 ms - -[0m
2026-08-08 01:04:21 [INFO]: [0mGET /css/style.css [36m304[0m 0.754 ms - -[0m
2026-08-08 01:04:21 [INFO]: [0mGET /images/logo/plantora.png [36m304[0m 0.486 ms - -[0m
2026-08-08 01:04:21 [INFO]: [0mGET /images/hero/hero-placeholder.png [36m304[0m 0.744 ms - -[0m
2026-08-08 01:04:21 [INFO]: [0mGET /images/hero/monstera-plant.jpg [36m304[0m 0.263 ms - -[0m
2026-08-08 01:04:21 [INFO]: [0mGET /css/variables.css [36m304[0m 0.180 ms - -[0m
2026-08-08 01:04:21 [INFO]: [0mGET /css/utilities.css [36m304[0m 0.517 ms - -[0m
2026-08-08 01:04:21 [INFO]: [0mGET /css/animations.css [36m304[0m 0.165 ms - -[0m
2026-08-08 01:04:21 [INFO]: [0mGET /css/announcement.css [36m304[0m 0.164 ms - -[0m
2026-08-08 01:04:21 [INFO]: [0mGET /css/header.css [36m304[0m 0.191 ms - -[0m
2026-08-08 01:04:21 [INFO]: [0mGET /css/hero.css [36m304[0m 0.151 ms - -[0m
2026-08-08 01:04:21 [INFO]: [0mGET /css/featured.css [36m304[0m 0.176 ms - -[0m
2026-08-08 01:04:21 [INFO]: [0mGET /css/why-choose.css [36m304[0m 0.132 ms - -[0m
2026-08-08 01:04:21 [INFO]: [0mGET /css/footer.css [36m304[0m 0.214 ms - -[0m
2026-08-08 01:04:21 [INFO]: [0mGET /css/auth.css [36m304[0m 0.229 ms - -[0m
2026-08-08 01:04:21 [INFO]: [0mGET /css/verify.css [36m304[0m 0.123 ms - -[0m
2026-08-08 01:04:21 [INFO]: [0mGET /images/hero/snake-plant.jpg [36m304[0m 0.266 ms - -[0m
2026-08-08 01:04:21 [INFO]: [0mGET /images/hero/peace-lily.jpg [36m304[0m 0.155 ms - -[0m
2026-08-08 01:04:21 [INFO]: [0mGET /js/header.js [36m304[0m 0.280 ms - -[0m
2026-08-08 01:04:21 [INFO]: [0mGET /js/featured.js [36m304[0m 0.150 ms - -[0m
2026-08-08 01:04:21 [INFO]: [0mGET /js/why-choose.js [36m304[0m 0.404 ms - -[0m
2026-08-08 01:04:21 [INFO]: [0mGET /js/notification.js [36m304[0m 0.541 ms - -[0m
2026-08-08 01:04:21 [INFO]: [0mGET /js/footer.js [36m304[0m 0.208 ms - -[0m
2026-08-08 01:04:21 [INFO]: [0mGET /js/auth.js [36m304[0m 0.258 ms - -[0m
2026-08-08 01:04:21 [INFO]: [0mGET /images/hero/tulip-plant.jpg [36m304[0m 0.136 ms - -[0m
2026-08-08 01:04:21 [INFO]: [0mGET /images/hero/rubber-plant.jpg [36m304[0m 0.175 ms - -[0m
2026-08-08 01:04:21 [INFO]: [0mGET /images/hero/aloe-vera.jpg [36m304[0m 0.805 ms - -[0m
2026-08-08 01:04:21 [INFO]: [0mGET /images/hero/areca-palm.jpg [36m304[0m 0.297 ms - -[0m
2026-08-08 01:04:21 [INFO]: [0mGET /images/hero/jade-plant.jpg [36m304[0m 0.217 ms - -[0m
2026-08-08 01:04:21 [INFO]: [0mGET /images/hero/golden-pothos.jpg [36m304[0m 0.177 ms - -[0m
2026-08-08 01:04:21 [INFO]: [0mGET /images/hero/fiddle-leaf-fig.jpg [36m304[0m 0.328 ms - -[0m
2026-08-08 01:04:21 [INFO]: [0mGET /images/hero/why-choose.jpg [36m304[0m 0.207 ms - -[0m
2026-08-08 01:04:21 [INFO]: [0mGET /images/logo/plantora-orgn-white.png [36m304[0m 0.267 ms - -[0m
2026-08-08 01:04:22 [INFO]: [0mGET /favicon.ico [33m404[0m 2.434 ms - 75[0m
2026-08-08 01:04:26 [INFO]: Login successful : admin-plantora@yopmail.com
2026-08-08 01:04:26 [INFO]: [0mPOST /auth/login [32m200[0m 1042.523 ms - 46[0m
2026-08-08 01:04:27 [INFO]: [0mGET / [32m200[0m 90.085 ms - -[0m
2026-08-08 01:04:27 [INFO]: [0mGET /css/style.css [36m304[0m 0.660 ms - -[0m
2026-08-08 01:04:27 [INFO]: [0mGET /images/logo/plantora.png [36m304[0m 0.874 ms - -[0m
2026-08-08 01:04:27 [INFO]: [0mGET /images/hero/hero-placeholder.png [36m304[0m 0.291 ms - -[0m
2026-08-08 01:04:27 [INFO]: [0mGET /images/hero/monstera-plant.jpg [36m304[0m 0.308 ms - -[0m
2026-08-08 01:04:27 [INFO]: [0mGET /js/header.js [36m304[0m 0.129 ms - -[0m
2026-08-08 01:04:27 [INFO]: [0mGET /js/featured.js [36m304[0m 0.183 ms - -[0m
2026-08-08 01:04:27 [INFO]: [0mGET /js/why-choose.js [36m304[0m 0.303 ms - -[0m
2026-08-08 01:04:27 [INFO]: [0mGET /css/variables.css [36m304[0m 0.250 ms - -[0m
2026-08-08 01:04:27 [INFO]: [0mGET /css/utilities.css [36m304[0m 0.380 ms - -[0m
2026-08-08 01:04:27 [INFO]: [0mGET /css/animations.css [36m304[0m 0.539 ms - -[0m
2026-08-08 01:04:27 [INFO]: [0mGET /css/announcement.css [36m304[0m 0.613 ms - -[0m
2026-08-08 01:04:27 [INFO]: [0mGET /css/header.css [36m304[0m 0.657 ms - -[0m
2026-08-08 01:04:27 [INFO]: [0mGET /css/hero.css [36m304[0m 0.322 ms - -[0m
2026-08-08 01:04:27 [INFO]: [0mGET /css/featured.css [36m304[0m 0.428 ms - -[0m
2026-08-08 01:04:27 [INFO]: [0mGET /css/why-choose.css [36m304[0m 0.596 ms - -[0m
2026-08-08 01:04:27 [INFO]: [0mGET /css/footer.css [36m304[0m 0.922 ms - -[0m
2026-08-08 01:04:27 [INFO]: [0mGET /css/auth.css [36m304[0m 0.383 ms - -[0m
2026-08-08 01:04:27 [INFO]: [0mGET /css/verify.css [36m304[0m 0.555 ms - -[0m
2026-08-08 01:04:27 [INFO]: [0mGET /js/notification.js [36m304[0m 0.250 ms - -[0m
2026-08-08 01:04:27 [INFO]: [0mGET /js/footer.js [36m304[0m 0.509 ms - -[0m
2026-08-08 01:04:27 [INFO]: [0mGET /js/auth.js [36m304[0m 0.489 ms - -[0m
2026-08-08 01:04:27 [INFO]: [0mGET /images/hero/snake-plant.jpg [36m304[0m 0.314 ms - -[0m
2026-08-08 01:04:27 [INFO]: [0mGET /images/hero/peace-lily.jpg [36m304[0m 0.284 ms - -[0m
2026-08-08 01:04:27 [INFO]: [0mGET /images/hero/tulip-plant.jpg [36m304[0m 0.731 ms - -[0m
2026-08-08 01:04:27 [INFO]: [0mGET /images/hero/rubber-plant.jpg [36m304[0m 0.403 ms - -[0m
2026-08-08 01:04:27 [INFO]: [0mGET /images/hero/aloe-vera.jpg [36m304[0m 0.268 ms - -[0m
2026-08-08 01:04:27 [INFO]: [0mGET /images/hero/areca-palm.jpg [36m304[0m 0.508 ms - -[0m
2026-08-08 01:04:27 [INFO]: [0mGET /images/hero/jade-plant.jpg [36m304[0m 0.980 ms - -[0m
2026-08-08 01:04:27 [INFO]: [0mGET /images/hero/golden-pothos.jpg [36m304[0m 0.673 ms - -[0m
2026-08-08 01:04:27 [INFO]: [0mGET /images/hero/fiddle-leaf-fig.jpg [36m304[0m 0.612 ms - -[0m
2026-08-08 01:04:27 [INFO]: [0mGET /images/hero/why-choose.jpg [36m304[0m 0.436 ms - -[0m
2026-08-08 01:04:27 [INFO]: [0mGET /images/logo/plantora-orgn-white.png [36m304[0m 0.491 ms - -[0m
2026-08-08 01:04:30 [INFO]: [0mGET /admin/dashboard [36m304[0m 125.530 ms - -[0m
2026-08-08 01:04:30 [INFO]: [0mGET /css/style.css [36m304[0m 0.825 ms - -[0m
2026-08-08 01:04:30 [INFO]: [0mGET /css/admin/layout.css [36m304[0m 0.950 ms - -[0m
2026-08-08 01:04:30 [INFO]: [0mGET /css/admin/users.css [36m304[0m 1.151 ms - -[0m
2026-08-08 01:04:30 [INFO]: [0mGET /css/admin/products.css [36m304[0m 1.621 ms - -[0m
2026-08-08 01:04:30 [INFO]: [0mGET /css/header.css [36m304[0m 1.813 ms - -[0m
2026-08-08 01:04:30 [INFO]: [0mGET /images/logo/plantora.png [36m304[0m 1.971 ms - -[0m
2026-08-08 01:04:30 [INFO]: [0mGET /js/admin/layout.js [36m304[0m 0.370 ms - -[0m
2026-08-08 01:04:30 [INFO]: [0mGET /js/admin/users.js [36m304[0m 0.208 ms - -[0m
2026-08-08 01:04:30 [INFO]: [0mGET /js/admin/products.js [36m304[0m 0.472 ms - -[0m
2026-08-08 01:04:30 [INFO]: [0mGET /css/variables.css [36m304[0m 0.822 ms - -[0m
2026-08-08 01:04:30 [INFO]: [0mGET /css/utilities.css [36m304[0m 0.973 ms - -[0m
2026-08-08 01:04:30 [INFO]: [0mGET /js/header.js [36m304[0m 1.111 ms - -[0m
2026-08-08 01:04:30 [INFO]: [0mGET /js/notification.js [36m304[0m 1.259 ms - -[0m
2026-08-08 01:04:30 [INFO]: [0mGET /css/animations.css [36m304[0m 1.558 ms - -[0m
2026-08-08 01:04:30 [INFO]: [0mGET /css/announcement.css [36m304[0m 1.779 ms - -[0m
2026-08-08 01:04:30 [INFO]: [0mGET /css/hero.css [36m304[0m 0.485 ms - -[0m
2026-08-08 01:04:30 [INFO]: [0mGET /css/featured.css [36m304[0m 0.623 ms - -[0m
2026-08-08 01:04:30 [INFO]: [0mGET /css/why-choose.css [36m304[0m 0.764 ms - -[0m
2026-08-08 01:04:30 [INFO]: [0mGET /css/footer.css [36m304[0m 0.946 ms - -[0m
2026-08-08 01:04:30 [INFO]: [0mGET /css/auth.css [36m304[0m 0.304 ms - -[0m
2026-08-08 01:04:30 [INFO]: [0mGET /css/verify.css [36m304[0m 0.430 ms - -[0m
2026-08-08 01:04:32 [INFO]: [0mGET /admin/users [32m200[0m 220.007 ms - -[0m
2026-08-08 01:04:32 [INFO]: [0mGET /css/style.css [36m304[0m 0.802 ms - -[0m
2026-08-08 01:04:32 [INFO]: [0mGET /css/admin/layout.css [36m304[0m 2.172 ms - -[0m
2026-08-08 01:04:32 [INFO]: [0mGET /css/admin/users.css [36m304[0m 1.512 ms - -[0m
2026-08-08 01:04:32 [INFO]: [0mGET /css/admin/products.css [36m304[0m 1.461 ms - -[0m
2026-08-08 01:04:32 [INFO]: [0mGET /css/header.css [36m304[0m 2.026 ms - -[0m
2026-08-08 01:04:32 [INFO]: [0mGET /images/logo/plantora.png [36m304[0m 0.339 ms - -[0m
2026-08-08 01:04:32 [INFO]: [0mGET /js/admin/layout.js [36m304[0m 0.845 ms - -[0m
2026-08-08 01:04:32 [INFO]: [0mGET /js/admin/users.js [36m304[0m 1.113 ms - -[0m
2026-08-08 01:04:32 [INFO]: [0mGET /js/admin/products.js [36m304[0m 1.315 ms - -[0m
2026-08-08 01:04:32 [INFO]: [0mGET /js/header.js [36m304[0m 1.416 ms - -[0m
2026-08-08 01:04:32 [INFO]: [0mGET /js/notification.js [36m304[0m 1.576 ms - -[0m
2026-08-08 01:04:32 [INFO]: [0mGET /css/variables.css [36m304[0m 0.194 ms - -[0m
2026-08-08 01:04:32 [INFO]: [0mGET /css/utilities.css [36m304[0m 0.369 ms - -[0m
2026-08-08 01:04:32 [INFO]: [0mGET /css/animations.css [36m304[0m 0.694 ms - -[0m
2026-08-08 01:04:32 [INFO]: [0mGET /css/announcement.css [36m304[0m 0.912 ms - -[0m
2026-08-08 01:04:32 [INFO]: [0mGET /css/hero.css [36m304[0m 1.097 ms - -[0m
2026-08-08 01:04:32 [INFO]: [0mGET /css/featured.css [36m304[0m 0.190 ms - -[0m
2026-08-08 01:04:32 [INFO]: [0mGET /css/why-choose.css [36m304[0m 0.411 ms - -[0m
2026-08-08 01:04:32 [INFO]: [0mGET /css/footer.css [36m304[0m 0.574 ms - -[0m
2026-08-08 01:04:32 [INFO]: [0mGET /css/auth.css [36m304[0m 0.690 ms - -[0m
2026-08-08 01:04:32 [INFO]: [0mGET /css/verify.css [36m304[0m 0.312 ms - -[0m
2026-08-08 01:04:34 [INFO]: [0mGET /admin/users/trash [32m200[0m 208.720 ms - -[0m
2026-08-08 01:04:34 [INFO]: [0mGET /css/style.css [36m304[0m 0.508 ms - -[0m
2026-08-08 01:04:34 [INFO]: [0mGET /css/admin/layout.css [36m304[0m 1.263 ms - -[0m
2026-08-08 01:04:34 [INFO]: [0mGET /css/admin/users.css [36m304[0m 1.657 ms - -[0m
2026-08-08 01:04:34 [INFO]: [0mGET /css/admin/products.css [36m304[0m 2.165 ms - -[0m
2026-08-08 01:04:34 [INFO]: [0mGET /css/header.css [36m304[0m 0.450 ms - -[0m
2026-08-08 01:04:34 [INFO]: [0mGET /images/logo/plantora.png [36m304[0m 0.543 ms - -[0m
2026-08-08 01:04:34 [INFO]: [0mGET /js/admin/layout.js [36m304[0m 0.193 ms - -[0m
2026-08-08 01:04:34 [INFO]: [0mGET /js/admin/products.js [36m304[0m 0.226 ms - -[0m
2026-08-08 01:04:34 [INFO]: [0mGET /js/admin/users.js [36m304[0m 0.670 ms - -[0m
2026-08-08 01:04:34 [INFO]: [0mGET /css/variables.css [36m304[0m 0.724 ms - -[0m
2026-08-08 01:04:34 [INFO]: [0mGET /js/notification.js [36m304[0m 1.020 ms - -[0m
2026-08-08 01:04:34 [INFO]: [0mGET /js/header.js [36m304[0m 1.498 ms - -[0m
2026-08-08 01:04:34 [INFO]: [0mGET /css/utilities.css [36m304[0m 0.328 ms - -[0m
2026-08-08 01:04:34 [INFO]: [0mGET /css/animations.css [36m304[0m 0.456 ms - -[0m
2026-08-08 01:04:34 [INFO]: [0mGET /css/announcement.css [36m304[0m 0.840 ms - -[0m
2026-08-08 01:04:34 [INFO]: [0mGET /css/hero.css [36m304[0m 0.990 ms - -[0m
2026-08-08 01:04:34 [INFO]: [0mGET /css/featured.css [36m304[0m 0.680 ms - -[0m
2026-08-08 01:04:34 [INFO]: [0mGET /css/why-choose.css [36m304[0m 0.732 ms - -[0m
2026-08-08 01:04:34 [INFO]: [0mGET /css/footer.css [36m304[0m 0.222 ms - -[0m
2026-08-08 01:04:34 [INFO]: [0mGET /css/auth.css [36m304[0m 0.347 ms - -[0m
2026-08-08 01:04:34 [INFO]: [0mGET /css/verify.css [36m304[0m 0.510 ms - -[0m
2026-08-08 01:04:35 [INFO]: [0mGET /admin/users [36m304[0m 182.671 ms - -[0m
2026-08-08 01:04:35 [INFO]: [0mGET /css/style.css [36m304[0m 1.024 ms - -[0m
2026-08-08 01:04:35 [INFO]: [0mGET /css/admin/layout.css [36m304[0m 1.036 ms - -[0m
2026-08-08 01:04:35 [INFO]: [0mGET /css/admin/users.css [36m304[0m 1.415 ms - -[0m
2026-08-08 01:04:35 [INFO]: [0mGET /css/admin/products.css [36m304[0m 1.609 ms - -[0m
2026-08-08 01:04:35 [INFO]: [0mGET /css/header.css [36m304[0m 2.585 ms - -[0m
2026-08-08 01:04:35 [INFO]: [0mGET /images/logo/plantora.png [36m304[0m 1.138 ms - -[0m
2026-08-08 01:04:35 [INFO]: [0mGET /js/admin/layout.js [36m304[0m 0.263 ms - -[0m
2026-08-08 01:04:35 [INFO]: [0mGET /js/admin/users.js [36m304[0m 0.275 ms - -[0m
2026-08-08 01:04:35 [INFO]: [0mGET /js/admin/products.js [36m304[0m 0.448 ms - -[0m
2026-08-08 01:04:35 [INFO]: [0mGET /js/header.js [36m304[0m 0.611 ms - -[0m
2026-08-08 01:04:35 [INFO]: [0mGET /js/notification.js [36m304[0m 0.798 ms - -[0m
2026-08-08 01:04:35 [INFO]: [0mGET /css/variables.css [36m304[0m 0.220 ms - -[0m
2026-08-08 01:04:35 [INFO]: [0mGET /css/utilities.css [36m304[0m 0.324 ms - -[0m
2026-08-08 01:04:35 [INFO]: [0mGET /css/animations.css [36m304[0m 0.687 ms - -[0m
2026-08-08 01:04:35 [INFO]: [0mGET /css/announcement.css [36m304[0m 0.447 ms - -[0m
2026-08-08 01:04:35 [INFO]: [0mGET /css/hero.css [36m304[0m 0.181 ms - -[0m
2026-08-08 01:04:35 [INFO]: [0mGET /css/featured.css [36m304[0m 0.335 ms - -[0m
2026-08-08 01:04:35 [INFO]: [0mGET /css/why-choose.css [36m304[0m 0.182 ms - -[0m
2026-08-08 01:04:35 [INFO]: [0mGET /css/footer.css [36m304[0m 0.471 ms - -[0m
2026-08-08 01:04:35 [INFO]: [0mGET /css/auth.css [36m304[0m 0.401 ms - -[0m
2026-08-08 01:04:35 [INFO]: [0mGET /css/verify.css [36m304[0m 0.672 ms - -[0m
2026-08-08 01:04:51 [INFO]: [0mGET /admin/users/trash [36m304[0m 203.872 ms - -[0m
2026-08-08 01:04:51 [INFO]: [0mGET /css/style.css [36m304[0m 0.281 ms - -[0m
2026-08-08 01:04:51 [INFO]: [0mGET /css/admin/layout.css [36m304[0m 0.500 ms - -[0m
2026-08-08 01:04:51 [INFO]: [0mGET /css/admin/users.css [36m304[0m 0.481 ms - -[0m
2026-08-08 01:04:51 [INFO]: [0mGET /css/admin/products.css [36m304[0m 0.650 ms - -[0m
2026-08-08 01:04:51 [INFO]: [0mGET /css/header.css [36m304[0m 0.904 ms - -[0m
2026-08-08 01:04:51 [INFO]: [0mGET /images/logo/plantora.png [36m304[0m 1.188 ms - -[0m
2026-08-08 01:04:51 [INFO]: [0mGET /js/admin/layout.js [36m304[0m 0.195 ms - -[0m
2026-08-08 01:04:51 [INFO]: [0mGET /js/admin/users.js [36m304[0m 0.324 ms - -[0m
2026-08-08 01:04:51 [INFO]: [0mGET /js/admin/products.js [36m304[0m 0.604 ms - -[0m
2026-08-08 01:04:51 [INFO]: [0mGET /js/header.js [36m304[0m 1.049 ms - -[0m
2026-08-08 01:04:51 [INFO]: [0mGET /js/notification.js [36m304[0m 1.360 ms - -[0m
2026-08-08 01:04:51 [INFO]: [0mGET /css/variables.css [36m304[0m 0.279 ms - -[0m
2026-08-08 01:04:51 [INFO]: [0mGET /css/animations.css [36m304[0m 0.419 ms - -[0m
2026-08-08 01:04:51 [INFO]: [0mGET /css/utilities.css [36m304[0m 0.696 ms - -[0m
2026-08-08 01:04:51 [INFO]: [0mGET /css/announcement.css [36m304[0m 1.237 ms - -[0m
2026-08-08 01:04:51 [INFO]: [0mGET /css/hero.css [36m304[0m 0.694 ms - -[0m
2026-08-08 01:04:51 [INFO]: [0mGET /css/featured.css [36m304[0m 0.867 ms - -[0m
2026-08-08 01:04:51 [INFO]: [0mGET /css/why-choose.css [36m304[0m 0.229 ms - -[0m
2026-08-08 01:04:51 [INFO]: [0mGET /css/footer.css [36m304[0m 0.340 ms - -[0m
2026-08-08 01:04:51 [INFO]: [0mGET /css/auth.css [36m304[0m 0.573 ms - -[0m
2026-08-08 01:04:51 [INFO]: [0mGET /css/verify.css [36m304[0m 0.305 ms - -[0m
2026-08-08 01:04:54 [INFO]: [0mGET /admin/brands [33m404[0m 78.905 ms - 76[0m
2026-08-08 01:04:57 [INFO]: [0mGET /admin/products [36m304[0m 165.075 ms - -[0m
2026-08-08 01:04:57 [INFO]: [0mGET /css/style.css [36m304[0m 0.774 ms - -[0m
2026-08-08 01:04:57 [INFO]: [0mGET /css/admin/layout.css [36m304[0m 0.985 ms - -[0m
2026-08-08 01:04:57 [INFO]: [0mGET /css/admin/users.css [36m304[0m 0.830 ms - -[0m
2026-08-08 01:04:57 [INFO]: [0mGET /css/admin/products.css [36m304[0m 0.457 ms - -[0m
2026-08-08 01:04:57 [INFO]: [0mGET /css/header.css [36m304[0m 0.647 ms - -[0m
2026-08-08 01:04:57 [INFO]: [0mGET /images/logo/plantora.png [36m304[0m 1.115 ms - -[0m
2026-08-08 01:04:57 [INFO]: [0mGET /js/admin/layout.js [36m304[0m 0.369 ms - -[0m
2026-08-08 01:04:57 [INFO]: [0mGET /js/admin/users.js [36m304[0m 0.614 ms - -[0m
2026-08-08 01:04:57 [INFO]: [0mGET /js/admin/products.js [36m304[0m 0.805 ms - -[0m
2026-08-08 01:04:57 [INFO]: [0mGET /js/header.js [36m304[0m 0.954 ms - -[0m
2026-08-08 01:04:57 [INFO]: [0mGET /js/notification.js [36m304[0m 1.289 ms - -[0m
2026-08-08 01:04:57 [INFO]: [0mGET /css/variables.css [36m304[0m 0.580 ms - -[0m
2026-08-08 01:04:57 [INFO]: [0mGET /css/utilities.css [36m304[0m 0.581 ms - -[0m
2026-08-08 01:04:57 [INFO]: [0mGET /css/animations.css [36m304[0m 0.398 ms - -[0m
2026-08-08 01:04:57 [INFO]: [0mGET /css/announcement.css [36m304[0m 0.307 ms - -[0m
2026-08-08 01:04:57 [INFO]: [0mGET /css/hero.css [36m304[0m 0.449 ms - -[0m
2026-08-08 01:04:57 [INFO]: [0mGET /css/featured.css [36m304[0m 0.856 ms - -[0m
2026-08-08 01:04:57 [INFO]: [0mGET /css/why-choose.css [36m304[0m 0.515 ms - -[0m
2026-08-08 01:04:57 [INFO]: [0mGET /css/footer.css [36m304[0m 0.906 ms - -[0m
2026-08-08 01:04:57 [INFO]: [0mGET /css/auth.css [36m304[0m 0.553 ms - -[0m
2026-08-08 01:04:57 [INFO]: [0mGET /css/verify.css [36m304[0m 0.803 ms - -[0m
2026-08-08 01:05:04 [INFO]: [0mGET /admin/products/trash [36m304[0m 164.658 ms - -[0m
2026-08-08 01:05:04 [INFO]: [0mGET /css/style.css [36m304[0m 0.493 ms - -[0m
2026-08-08 01:05:04 [INFO]: [0mGET /css/admin/layout.css [36m304[0m 0.808 ms - -[0m
2026-08-08 01:05:04 [INFO]: [0mGET /css/admin/users.css [36m304[0m 0.744 ms - -[0m
2026-08-08 01:05:04 [INFO]: [0mGET /css/admin/products.css [36m304[0m 0.946 ms - -[0m
2026-08-08 01:05:04 [INFO]: [0mGET /css/header.css [36m304[0m 1.014 ms - -[0m
2026-08-08 01:05:04 [INFO]: [0mGET /images/logo/plantora.png [36m304[0m 1.208 ms - -[0m
2026-08-08 01:05:04 [INFO]: [0mGET /js/admin/layout.js [36m304[0m 0.377 ms - -[0m
2026-08-08 01:05:04 [INFO]: [0mGET /js/admin/users.js [36m304[0m 0.302 ms - -[0m
2026-08-08 01:05:04 [INFO]: [0mGET /js/admin/products.js [36m304[0m 0.532 ms - -[0m
2026-08-08 01:05:04 [INFO]: [0mGET /js/header.js [36m304[0m 0.779 ms - -[0m
2026-08-08 01:05:04 [INFO]: [0mGET /js/notification.js [36m304[0m 0.926 ms - -[0m
2026-08-08 01:05:04 [INFO]: [0mGET /css/variables.css [36m304[0m 1.409 ms - -[0m
2026-08-08 01:05:04 [INFO]: [0mGET /css/utilities.css [36m304[0m 0.607 ms - -[0m
2026-08-08 01:05:04 [INFO]: [0mGET /css/animations.css [36m304[0m 0.736 ms - -[0m
2026-08-08 01:05:04 [INFO]: [0mGET /css/announcement.css [36m304[0m 0.823 ms - -[0m
2026-08-08 01:05:04 [INFO]: [0mGET /css/hero.css [36m304[0m 1.111 ms - -[0m
2026-08-08 01:05:04 [INFO]: [0mGET /css/featured.css [36m304[0m 1.274 ms - -[0m
2026-08-08 01:05:04 [INFO]: [0mGET /css/why-choose.css [36m304[0m 0.611 ms - -[0m
2026-08-08 01:05:04 [INFO]: [0mGET /css/footer.css [36m304[0m 0.701 ms - -[0m
2026-08-08 01:05:04 [INFO]: [0mGET /css/auth.css [36m304[0m 0.889 ms - -[0m
2026-08-08 01:05:04 [INFO]: [0mGET /css/verify.css [36m304[0m 0.185 ms - -[0m
2026-08-08 01:05:08 [INFO]: [0mGET /admin/categories [36m304[0m 203.085 ms - -[0m
2026-08-08 01:05:08 [INFO]: [0mGET /css/style.css [36m304[0m 0.457 ms - -[0m
2026-08-08 01:05:08 [INFO]: [0mGET /css/admin/layout.css [36m304[0m 0.786 ms - -[0m
2026-08-08 01:05:08 [INFO]: [0mGET /css/admin/users.css [36m304[0m 0.270 ms - -[0m
2026-08-08 01:05:08 [INFO]: [0mGET /css/admin/products.css [36m304[0m 0.588 ms - -[0m
2026-08-08 01:05:08 [INFO]: [0mGET /css/header.css [36m304[0m 0.969 ms - -[0m
2026-08-08 01:05:08 [INFO]: [0mGET /images/logo/plantora.png [36m304[0m 0.344 ms - -[0m
2026-08-08 01:05:08 [INFO]: [0mGET /js/admin/layout.js [36m304[0m 0.199 ms - -[0m
2026-08-08 01:05:08 [INFO]: [0mGET /js/admin/users.js [36m304[0m 0.382 ms - -[0m
2026-08-08 01:05:08 [INFO]: [0mGET /js/admin/products.js [36m304[0m 0.209 ms - -[0m
2026-08-08 01:05:08 [INFO]: [0mGET /js/header.js [36m304[0m 0.325 ms - -[0m
2026-08-08 01:05:08 [INFO]: [0mGET /js/notification.js [36m304[0m 0.461 ms - -[0m
2026-08-08 01:05:08 [INFO]: [0mGET /css/variables.css [36m304[0m 0.172 ms - -[0m
2026-08-08 01:05:08 [INFO]: [0mGET /css/utilities.css [36m304[0m 0.203 ms - -[0m
2026-08-08 01:05:08 [INFO]: [0mGET /css/animations.css [36m304[0m 0.394 ms - -[0m
2026-08-08 01:05:08 [INFO]: [0mGET /css/announcement.css [36m304[0m 0.636 ms - -[0m
2026-08-08 01:05:08 [INFO]: [0mGET /css/hero.css [36m304[0m 0.199 ms - -[0m
2026-08-08 01:05:08 [INFO]: [0mGET /css/featured.css [36m304[0m 0.144 ms - -[0m
2026-08-08 01:05:08 [INFO]: [0mGET /css/why-choose.css [36m304[0m 0.236 ms - -[0m
2026-08-08 01:05:08 [INFO]: [0mGET /css/footer.css [36m304[0m 0.399 ms - -[0m
2026-08-08 01:05:08 [INFO]: [0mGET /css/auth.css [36m304[0m 0.653 ms - -[0m
2026-08-08 01:05:08 [INFO]: [0mGET /css/verify.css [36m304[0m 0.321 ms - -[0m
2026-08-08 01:05:11 [INFO]: [0mGET /admin/categories/create [36m304[0m 123.081 ms - -[0m
2026-08-08 01:05:11 [INFO]: [0mGET /css/admin/layout.css [36m304[0m 0.244 ms - -[0m
2026-08-08 01:05:11 [INFO]: [0mGET /css/admin/users.css [36m304[0m 0.617 ms - -[0m
2026-08-08 01:05:11 [INFO]: [0mGET /css/style.css [36m304[0m 1.260 ms - -[0m
2026-08-08 01:05:11 [INFO]: [0mGET /css/admin/products.css [36m304[0m 0.456 ms - -[0m
2026-08-08 01:05:11 [INFO]: [0mGET /css/header.css [36m304[0m 0.811 ms - -[0m
2026-08-08 01:05:11 [INFO]: [0mGET /images/logo/plantora.png [36m304[0m 1.283 ms - -[0m
2026-08-08 01:05:11 [INFO]: [0mGET /js/admin/layout.js [36m304[0m 0.272 ms - -[0m
2026-08-08 01:05:11 [INFO]: [0mGET /js/admin/users.js [36m304[0m 0.210 ms - -[0m
2026-08-08 01:05:11 [INFO]: [0mGET /js/admin/products.js [36m304[0m 0.391 ms - -[0m
2026-08-08 01:05:11 [INFO]: [0mGET /css/variables.css [36m304[0m 0.551 ms - -[0m
2026-08-08 01:05:11 [INFO]: [0mGET /css/utilities.css [36m304[0m 0.795 ms - -[0m
2026-08-08 01:05:11 [INFO]: [0mGET /js/header.js [36m304[0m 1.233 ms - -[0m
2026-08-08 01:05:11 [INFO]: [0mGET /js/notification.js [36m304[0m 0.412 ms - -[0m
2026-08-08 01:05:11 [INFO]: [0mGET /css/animations.css [36m304[0m 0.256 ms - -[0m
2026-08-08 01:05:11 [INFO]: [0mGET /css/announcement.css [36m304[0m 0.432 ms - -[0m
2026-08-08 01:05:11 [INFO]: [0mGET /css/hero.css [36m304[0m 0.723 ms - -[0m
2026-08-08 01:05:11 [INFO]: [0mGET /css/featured.css [36m304[0m 0.170 ms - -[0m
2026-08-08 01:05:11 [INFO]: [0mGET /css/why-choose.css [36m304[0m 0.204 ms - -[0m
2026-08-08 01:05:11 [INFO]: [0mGET /css/footer.css [36m304[0m 0.453 ms - -[0m
2026-08-08 01:05:11 [INFO]: [0mGET /css/auth.css [36m304[0m 0.625 ms - -[0m
2026-08-08 01:05:11 [INFO]: [0mGET /css/verify.css [36m304[0m 0.991 ms - -[0m
2026-08-08 02:22:47 [INFO]: MongoDB connected successfully.
2026-08-08 02:22:50 [INFO]: Email server connected successfully.
2026-08-08 02:22:50 [INFO]: Server is running on port 5132.
2026-08-08 02:45:27 [INFO]: MongoDB connected successfully.
2026-08-08 02:45:30 [INFO]: Email server connected successfully.
2026-08-08 02:45:30 [INFO]: Server is running on port 5132.
2026-08-08 02:45:30 [INFO]: [0mGET / [32m200[0m 199.294 ms - -[0m
2026-08-08 02:45:30 [INFO]: [0mGET /css/style.css [36m304[0m 1.090 ms - -[0m
2026-08-08 02:45:30 [INFO]: [0mGET /images/hero/hero-placeholder.png [36m304[0m 0.876 ms - -[0m
2026-08-08 02:45:30 [INFO]: [0mGET /images/logo/plantora.png [36m304[0m 1.464 ms - -[0m
2026-08-08 02:45:30 [INFO]: [0mGET /images/hero/monstera-plant.jpg [36m304[0m 1.298 ms - -[0m
2026-08-08 02:45:30 [INFO]: [0mGET /images/hero/snake-plant.jpg [36m304[0m 1.489 ms - -[0m
2026-08-08 02:45:30 [INFO]: [0mGET /images/hero/peace-lily.jpg [36m304[0m 2.000 ms - -[0m
2026-08-08 02:45:30 [INFO]: [0mGET /js/header.js [36m304[0m 3.690 ms - -[0m
2026-08-08 02:45:30 [INFO]: [0mGET /css/variables.css [36m304[0m 1.480 ms - -[0m
2026-08-08 02:45:30 [INFO]: [0mGET /css/utilities.css [36m304[0m 1.726 ms - -[0m
2026-08-08 02:45:30 [INFO]: [0mGET /css/animations.css [36m304[0m 2.068 ms - -[0m
2026-08-08 02:45:30 [INFO]: [0mGET /css/announcement.css [36m304[0m 2.115 ms - -[0m
2026-08-08 02:45:30 [INFO]: [0mGET /css/header.css [36m304[0m 2.744 ms - -[0m
2026-08-08 02:45:30 [INFO]: [0mGET /css/hero.css [36m304[0m 1.329 ms - -[0m
2026-08-08 02:45:30 [INFO]: [0mGET /css/featured.css [36m304[0m 1.149 ms - -[0m
2026-08-08 02:45:30 [INFO]: [0mGET /css/why-choose.css [36m304[0m 1.725 ms - -[0m
2026-08-08 02:45:30 [INFO]: [0mGET /css/footer.css [36m304[0m 2.504 ms - -[0m
2026-08-08 02:45:30 [INFO]: [0mGET /css/auth.css [36m304[0m 2.967 ms - -[0m
2026-08-08 02:45:30 [INFO]: [0mGET /css/verify.css [36m304[0m 1.228 ms - -[0m
2026-08-08 02:45:30 [INFO]: [0mGET /js/featured.js [36m304[0m 0.317 ms - -[0m
2026-08-08 02:45:30 [INFO]: [0mGET /js/why-choose.js [36m304[0m 0.524 ms - -[0m
2026-08-08 02:45:30 [INFO]: [0mGET /js/notification.js [36m304[0m 0.381 ms - -[0m
2026-08-08 02:45:30 [INFO]: [0mGET /js/footer.js [36m304[0m 0.611 ms - -[0m
2026-08-08 02:45:30 [INFO]: [0mGET /js/auth.js [36m304[0m 0.195 ms - -[0m
2026-08-08 02:45:30 [INFO]: [0mGET /images/hero/tulip-plant.jpg [36m304[0m 0.184 ms - -[0m
2026-08-08 02:45:30 [INFO]: [0mGET /images/hero/rubber-plant.jpg [36m304[0m 0.208 ms - -[0m
2026-08-08 02:45:30 [INFO]: [0mGET /images/hero/aloe-vera.jpg [36m304[0m 0.260 ms - -[0m
2026-08-08 02:45:30 [INFO]: [0mGET /images/hero/areca-palm.jpg [36m304[0m 0.509 ms - -[0m
2026-08-08 02:45:30 [INFO]: [0mGET /images/hero/jade-plant.jpg [36m304[0m 0.272 ms - -[0m
2026-08-08 02:45:30 [INFO]: [0mGET /images/hero/golden-pothos.jpg [36m304[0m 0.318 ms - -[0m
2026-08-08 02:45:30 [INFO]: [0mGET /images/hero/fiddle-leaf-fig.jpg [36m304[0m 0.600 ms - -[0m
2026-08-08 02:45:30 [INFO]: [0mGET /images/hero/why-choose.jpg [36m304[0m 0.250 ms - -[0m
2026-08-08 02:45:30 [INFO]: [0mGET /images/logo/plantora-orgn-white.png [36m304[0m 0.339 ms - -[0m
2026-08-08 02:45:35 [INFO]: Login successful : admin-plantora@yopmail.com
2026-08-08 02:45:35 [INFO]: [0mPOST /auth/login [32m200[0m 1339.188 ms - 46[0m
2026-08-08 02:45:36 [INFO]: [0mGET / [32m200[0m 222.899 ms - -[0m
2026-08-08 02:45:36 [INFO]: [0mGET /css/style.css [36m304[0m 0.455 ms - -[0m
2026-08-08 02:45:36 [INFO]: [0mGET /images/logo/plantora.png [36m304[0m 0.737 ms - -[0m
2026-08-08 02:45:36 [INFO]: [0mGET /images/hero/hero-placeholder.png [36m304[0m 0.782 ms - -[0m
2026-08-08 02:45:36 [INFO]: [0mGET /images/hero/monstera-plant.jpg [36m304[0m 1.114 ms - -[0m
2026-08-08 02:45:36 [INFO]: [0mGET /js/header.js [36m304[0m 0.958 ms - -[0m
2026-08-08 02:45:36 [INFO]: [0mGET /js/featured.js [36m304[0m 1.045 ms - -[0m
2026-08-08 02:45:36 [INFO]: [0mGET /js/why-choose.js [36m304[0m 1.621 ms - -[0m
2026-08-08 02:45:36 [INFO]: [0mGET /css/variables.css [36m304[0m 1.256 ms - -[0m
2026-08-08 02:45:36 [INFO]: [0mGET /css/utilities.css [36m304[0m 1.631 ms - -[0m
2026-08-08 02:45:36 [INFO]: [0mGET /css/animations.css [36m304[0m 1.728 ms - -[0m
2026-08-08 02:45:36 [INFO]: [0mGET /css/announcement.css [36m304[0m 1.644 ms - -[0m
2026-08-08 02:45:36 [INFO]: [0mGET /css/header.css [36m304[0m 1.802 ms - -[0m
2026-08-08 02:45:36 [INFO]: [0mGET /css/hero.css [36m304[0m 1.924 ms - -[0m
2026-08-08 02:45:36 [INFO]: [0mGET /css/featured.css [36m304[0m 0.890 ms - -[0m
2026-08-08 02:45:36 [INFO]: [0mGET /css/why-choose.css [36m304[0m 1.562 ms - -[0m
2026-08-08 02:45:36 [INFO]: [0mGET /css/footer.css [36m304[0m 0.972 ms - -[0m
2026-08-08 02:45:36 [INFO]: [0mGET /css/auth.css [36m304[0m 0.938 ms - -[0m
2026-08-08 02:45:36 [INFO]: [0mGET /css/verify.css [36m304[0m 1.157 ms - -[0m
2026-08-08 02:45:36 [INFO]: [0mGET /js/notification.js [36m304[0m 0.399 ms - -[0m
2026-08-08 02:45:36 [INFO]: [0mGET /js/footer.js [36m304[0m 0.693 ms - -[0m
2026-08-08 02:45:36 [INFO]: [0mGET /js/auth.js [36m304[0m 1.086 ms - -[0m
2026-08-08 02:45:36 [INFO]: [0mGET /images/hero/snake-plant.jpg [36m304[0m 0.392 ms - -[0m
2026-08-08 02:45:36 [INFO]: [0mGET /images/hero/peace-lily.jpg [36m304[0m 0.470 ms - -[0m
2026-08-08 02:45:36 [INFO]: [0mGET /images/hero/tulip-plant.jpg [36m304[0m 0.500 ms - -[0m
2026-08-08 02:45:36 [INFO]: [0mGET /images/hero/rubber-plant.jpg [36m304[0m 1.783 ms - -[0m
2026-08-08 02:45:36 [INFO]: [0mGET /images/hero/aloe-vera.jpg [36m304[0m 2.080 ms - -[0m
2026-08-08 02:45:36 [INFO]: [0mGET /images/hero/areca-palm.jpg [36m304[0m 0.452 ms - -[0m
2026-08-08 02:45:36 [INFO]: [0mGET /images/hero/jade-plant.jpg [36m304[0m 1.051 ms - -[0m
2026-08-08 02:45:36 [INFO]: [0mGET /images/hero/golden-pothos.jpg [36m304[0m 0.944 ms - -[0m
2026-08-08 02:45:36 [INFO]: [0mGET /images/hero/fiddle-leaf-fig.jpg [36m304[0m 1.021 ms - -[0m
2026-08-08 02:45:36 [INFO]: [0mGET /images/hero/why-choose.jpg [36m304[0m 0.319 ms - -[0m
2026-08-08 02:45:36 [INFO]: [0mGET /images/logo/plantora-orgn-white.png [36m304[0m 0.583 ms - -[0m
2026-08-08 02:45:39 [INFO]: [0mGET /admin/dashboard [36m304[0m 115.806 ms - -[0m
2026-08-08 02:45:39 [INFO]: [0mGET /css/style.css [36m304[0m 0.598 ms - -[0m
2026-08-08 02:45:39 [INFO]: [0mGET /css/admin/layout.css [36m304[0m 1.236 ms - -[0m
2026-08-08 02:45:39 [INFO]: [0mGET /css/admin/users.css [36m304[0m 1.808 ms - -[0m
2026-08-08 02:45:39 [INFO]: [0mGET /css/admin/products.css [36m304[0m 2.625 ms - -[0m
2026-08-08 02:45:39 [INFO]: [0mGET /css/header.css [36m304[0m 0.715 ms - -[0m
2026-08-08 02:45:39 [INFO]: [0mGET /images/logo/plantora.png [36m304[0m 1.603 ms - -[0m
2026-08-08 02:45:39 [INFO]: [0mGET /js/admin/layout.js [36m304[0m 0.355 ms - -[0m
2026-08-08 02:45:39 [INFO]: [0mGET /js/admin/users.js [36m304[0m 0.745 ms - -[0m
2026-08-08 02:45:39 [INFO]: [0mGET /js/admin/products.js [36m304[0m 0.748 ms - -[0m
2026-08-08 02:45:39 [INFO]: [0mGET /js/header.js [36m304[0m 0.934 ms - -[0m
2026-08-08 02:45:39 [INFO]: [0mGET /js/notification.js [36m304[0m 1.196 ms - -[0m
2026-08-08 02:45:39 [INFO]: [0mGET /css/variables.css [36m304[0m 1.749 ms - -[0m
2026-08-08 02:45:39 [INFO]: [0mGET /css/utilities.css [36m304[0m 1.933 ms - -[0m
2026-08-08 02:45:39 [INFO]: [0mGET /css/animations.css [36m304[0m 0.542 ms - -[0m
2026-08-08 02:45:39 [INFO]: [0mGET /css/announcement.css [36m304[0m 1.169 ms - -[0m
2026-08-08 02:45:39 [INFO]: [0mGET /css/hero.css [36m304[0m 1.556 ms - -[0m
2026-08-08 02:45:39 [INFO]: [0mGET /css/featured.css [36m304[0m 2.014 ms - -[0m
2026-08-08 02:45:39 [INFO]: [0mGET /css/why-choose.css [36m304[0m 2.622 ms - -[0m
2026-08-08 02:45:39 [INFO]: [0mGET /css/footer.css [36m304[0m 1.631 ms - -[0m
2026-08-08 02:45:39 [INFO]: [0mGET /css/auth.css [36m304[0m 3.259 ms - -[0m
2026-08-08 02:45:39 [INFO]: [0mGET /css/verify.css [36m304[0m 1.544 ms - -[0m
2026-08-08 02:45:40 [INFO]: [0mGET /admin/categories [32m200[0m 488.834 ms - -[0m
2026-08-08 02:45:40 [INFO]: [0mGET /css/style.css [36m304[0m 1.051 ms - -[0m
2026-08-08 02:45:40 [INFO]: [0mGET /css/admin/layout.css [36m304[0m 1.123 ms - -[0m
2026-08-08 02:45:40 [INFO]: [0mGET /css/admin/products.css [36m304[0m 1.352 ms - -[0m
2026-08-08 02:45:40 [INFO]: [0mGET /css/header.css [36m304[0m 1.547 ms - -[0m
2026-08-08 02:45:40 [INFO]: [0mGET /css/admin/users.css [36m304[0m 2.083 ms - -[0m
2026-08-08 02:45:40 [INFO]: [0mGET /images/logo/plantora.png [36m304[0m 2.272 ms - -[0m
2026-08-08 02:45:40 [INFO]: [0mGET /js/admin/layout.js [36m304[0m 0.872 ms - -[0m
2026-08-08 02:45:40 [INFO]: [0mGET /js/admin/users.js [36m304[0m 0.963 ms - -[0m
2026-08-08 02:45:40 [INFO]: [0mGET /js/admin/products.js [36m304[0m 1.751 ms - -[0m
2026-08-08 02:45:40 [INFO]: [0mGET /js/header.js [36m304[0m 2.340 ms - -[0m
2026-08-08 02:45:40 [INFO]: [0mGET /js/notification.js [36m304[0m 2.623 ms - -[0m
2026-08-08 02:45:40 [INFO]: [0mGET /css/variables.css [36m304[0m 3.162 ms - -[0m
2026-08-08 02:45:40 [INFO]: [0mGET /css/utilities.css [36m304[0m 2.365 ms - -[0m
2026-08-08 02:45:40 [INFO]: [0mGET /css/animations.css [36m304[0m 2.987 ms - -[0m
2026-08-08 02:45:40 [INFO]: [0mGET /css/announcement.css [36m304[0m 1.882 ms - -[0m
2026-08-08 02:45:40 [INFO]: [0mGET /css/hero.css [36m304[0m 1.459 ms - -[0m
2026-08-08 02:45:40 [INFO]: [0mGET /css/featured.css [36m304[0m 3.271 ms - -[0m
2026-08-08 02:45:40 [INFO]: [0mGET /css/why-choose.css [36m304[0m 4.086 ms - -[0m
2026-08-08 02:45:40 [INFO]: [0mGET /css/footer.css [36m304[0m 1.610 ms - -[0m
2026-08-08 02:45:40 [INFO]: [0mGET /css/auth.css [36m304[0m 1.165 ms - -[0m
2026-08-08 02:45:40 [INFO]: [0mGET /css/verify.css [36m304[0m 1.585 ms - -[0m
2026-08-08 02:45:46 [INFO]: [0mGET /admin/brands [33m404[0m 76.475 ms - 76[0m
2026-08-08 02:45:53 [INFO]: [0mGET /admin/categories/create [32m200[0m 224.984 ms - -[0m
2026-08-08 02:45:53 [INFO]: [0mGET /css/style.css [36m304[0m 0.647 ms - -[0m
2026-08-08 02:45:53 [INFO]: [0mGET /css/admin/layout.css [36m304[0m 0.809 ms - -[0m
2026-08-08 02:45:53 [INFO]: [0mGET /css/admin/products.css [36m304[0m 0.511 ms - -[0m
2026-08-08 02:45:53 [INFO]: [0mGET /css/header.css [36m304[0m 0.846 ms - -[0m
2026-08-08 02:45:53 [INFO]: [0mGET /css/admin/users.css [36m304[0m 1.165 ms - -[0m
2026-08-08 02:45:53 [INFO]: [0mGET /images/logo/plantora.png [36m304[0m 1.264 ms - -[0m
2026-08-08 02:45:53 [INFO]: [0mGET /js/admin/layout.js [36m304[0m 0.272 ms - -[0m
2026-08-08 02:45:53 [INFO]: [0mGET /js/admin/users.js [36m304[0m 0.618 ms - -[0m
2026-08-08 02:45:53 [INFO]: [0mGET /js/admin/products.js [36m304[0m 0.778 ms - -[0m
2026-08-08 02:45:53 [INFO]: [0mGET /js/header.js [36m304[0m 0.856 ms - -[0m
2026-08-08 02:45:53 [INFO]: [0mGET /js/notification.js [36m304[0m 1.244 ms - -[0m
2026-08-08 02:45:53 [INFO]: [0mGET /css/variables.css [36m304[0m 0.470 ms - -[0m
2026-08-08 02:45:53 [INFO]: [0mGET /css/utilities.css [36m304[0m 0.595 ms - -[0m
2026-08-08 02:45:53 [INFO]: [0mGET /css/animations.css [36m304[0m 1.376 ms - -[0m
2026-08-08 02:45:53 [INFO]: [0mGET /css/announcement.css [36m304[0m 1.575 ms - -[0m
2026-08-08 02:45:53 [INFO]: [0mGET /css/hero.css [36m304[0m 1.613 ms - -[0m
2026-08-08 02:45:53 [INFO]: [0mGET /css/featured.css [36m304[0m 1.963 ms - -[0m
2026-08-08 02:45:53 [INFO]: [0mGET /css/why-choose.css [36m304[0m 1.138 ms - -[0m
2026-08-08 02:45:53 [INFO]: [0mGET /css/footer.css [36m304[0m 0.765 ms - -[0m
2026-08-08 02:45:53 [INFO]: [0mGET /css/auth.css [36m304[0m 0.863 ms - -[0m
2026-08-08 02:45:53 [INFO]: [0mGET /css/verify.css [36m304[0m 0.955 ms - -[0m
2026-08-08 02:46:21 [ERROR]: Create category failed : next is not a function
2026-08-08 02:46:21 [ERROR]: TypeError: next is not a function
    at model.<anonymous> (E:\Webskitters_Academy\NODE JS\final_project_node\plantora_final_project_node_ejs\app\models\Category.js:126:3)
    at Kareem.execPre (E:\Webskitters_Academy\NODE JS\final_project_node\plantora_final_project_node_ejs\node_modules\kareem\index.js:59:39)
    at model._execDocumentPreHooks (E:\Webskitters_Academy\NODE JS\final_project_node\plantora_final_project_node_ejs\node_modules\mongoose\lib\document.js:3226:29)
    at model.$__save (E:\Webskitters_Academy\NODE JS\final_project_node\plantora_final_project_node_ejs\node_modules\mongoose\lib\model.js:403:16)
    at process.processTicksAndRejections (node:internal/process/task_queues:103:5)
    at async maybeTracedSave (E:\Webskitters_Academy\NODE JS\final_project_node\plantora_final_project_node_ejs\node_modules\mongoose\lib\model.js:675:7)
    at async model.create (E:\Webskitters_Academy\NODE JS\final_project_node\plantora_final_project_node_ejs\node_modules\mongoose\lib\model.js:2763:5)
    at async createCategory (E:\Webskitters_Academy\NODE JS\final_project_node\plantora_final_project_node_ejs\app\controllers\CategoryController.js:315:24)
2026-08-08 02:46:21 [INFO]: [0mPOST /admin/categories/create [31m500[0m 185.230 ms - 74[0m
2026-08-08 02:47:00 [INFO]: [0mGET /admin/categories/create [36m304[0m 274.851 ms - -[0m
2026-08-08 02:47:00 [INFO]: [0mGET /css/style.css [36m304[0m 0.285 ms - -[0m
2026-08-08 02:47:00 [INFO]: [0mGET /css/admin/layout.css [36m304[0m 0.283 ms - -[0m
2026-08-08 02:47:00 [INFO]: [0mGET /css/admin/users.css [36m304[0m 0.755 ms - -[0m
2026-08-08 02:47:00 [INFO]: [0mGET /css/admin/products.css [36m304[0m 1.037 ms - -[0m
2026-08-08 02:47:00 [INFO]: [0mGET /css/header.css [36m304[0m 0.695 ms - -[0m
2026-08-08 02:47:00 [INFO]: [0mGET /images/logo/plantora.png [36m304[0m 0.993 ms - -[0m
2026-08-08 02:47:00 [INFO]: [0mGET /js/admin/layout.js [36m304[0m 0.275 ms - -[0m
2026-08-08 02:47:00 [INFO]: [0mGET /css/variables.css [36m304[0m 0.434 ms - -[0m
2026-08-08 02:47:00 [INFO]: [0mGET /css/utilities.css [36m304[0m 0.878 ms - -[0m
2026-08-08 02:47:00 [INFO]: [0mGET /css/animations.css [36m304[0m 1.377 ms - -[0m
2026-08-08 02:47:00 [INFO]: [0mGET /js/admin/users.js [36m304[0m 2.056 ms - -[0m
2026-08-08 02:47:00 [INFO]: [0mGET /css/announcement.css [36m304[0m 2.158 ms - -[0m
2026-08-08 02:47:00 [INFO]: [0mGET /css/hero.css [36m304[0m 1.418 ms - -[0m
2026-08-08 02:47:00 [INFO]: [0mGET /css/featured.css [36m304[0m 0.947 ms - -[0m
2026-08-08 02:47:00 [INFO]: [0mGET /css/why-choose.css [36m304[0m 1.096 ms - -[0m
2026-08-08 02:47:00 [INFO]: [0mGET /css/footer.css [36m304[0m 1.212 ms - -[0m
2026-08-08 02:47:00 [INFO]: [0mGET /css/auth.css [36m304[0m 0.264 ms - -[0m
2026-08-08 02:47:00 [INFO]: [0mGET /css/verify.css [36m304[0m 1.185 ms - -[0m
2026-08-08 02:47:00 [INFO]: [0mGET /js/admin/products.js [36m304[0m 0.281 ms - -[0m
2026-08-08 02:47:00 [INFO]: [0mGET /js/header.js [36m304[0m 0.267 ms - -[0m
2026-08-08 02:47:00 [INFO]: [0mGET /js/notification.js [36m304[0m 0.613 ms - -[0m
2026-08-08 02:47:03 [INFO]: [0mGET /admin/categories [36m304[0m 557.035 ms - -[0m
2026-08-08 02:47:03 [INFO]: [0mGET /css/style.css [36m304[0m 0.454 ms - -[0m
2026-08-08 02:47:03 [INFO]: [0mGET /css/admin/layout.css [36m304[0m 0.821 ms - -[0m
2026-08-08 02:47:03 [INFO]: [0mGET /css/admin/users.css [36m304[0m 2.313 ms - -[0m
2026-08-08 02:47:03 [INFO]: [0mGET /css/admin/products.css [36m304[0m 1.221 ms - -[0m
2026-08-08 02:47:03 [INFO]: [0mGET /css/header.css [36m304[0m 1.396 ms - -[0m
2026-08-08 02:47:03 [INFO]: [0mGET /images/logo/plantora.png [36m304[0m 1.390 ms - -[0m
2026-08-08 02:47:03 [INFO]: [0mGET /js/admin/layout.js [36m304[0m 0.582 ms - -[0m
2026-08-08 02:47:03 [INFO]: [0mGET /js/admin/users.js [36m304[0m 0.774 ms - -[0m
2026-08-08 02:47:03 [INFO]: [0mGET /js/admin/products.js [36m304[0m 0.995 ms - -[0m
2026-08-08 02:47:03 [INFO]: [0mGET /js/header.js [36m304[0m 1.753 ms - -[0m
2026-08-08 02:47:03 [INFO]: [0mGET /css/variables.css [36m304[0m 0.681 ms - -[0m
2026-08-08 02:47:03 [INFO]: [0mGET /js/notification.js [36m304[0m 1.085 ms - -[0m
2026-08-08 02:47:03 [INFO]: [0mGET /css/utilities.css [36m304[0m 1.331 ms - -[0m
2026-08-08 02:47:03 [INFO]: [0mGET /css/animations.css [36m304[0m 1.539 ms - -[0m
2026-08-08 02:47:03 [INFO]: [0mGET /css/announcement.css [36m304[0m 1.168 ms - -[0m
2026-08-08 02:47:03 [INFO]: [0mGET /css/hero.css [36m304[0m 1.236 ms - -[0m
2026-08-08 02:47:03 [INFO]: [0mGET /css/featured.css [36m304[0m 0.899 ms - -[0m
2026-08-08 02:47:03 [INFO]: [0mGET /css/why-choose.css [36m304[0m 0.652 ms - -[0m
2026-08-08 02:47:03 [INFO]: [0mGET /css/footer.css [36m304[0m 1.108 ms - -[0m
2026-08-08 02:47:03 [INFO]: [0mGET /css/auth.css [36m304[0m 0.572 ms - -[0m
2026-08-08 02:47:03 [INFO]: [0mGET /css/verify.css [36m304[0m 0.876 ms - -[0m
2026-08-08 02:47:05 [INFO]: [0mGET /admin/brands [33m404[0m 188.481 ms - 76[0m
2026-08-08 02:54:59 [INFO]: MongoDB connected successfully.
2026-08-08 02:55:02 [INFO]: Email server connected successfully.
2026-08-08 02:55:02 [INFO]: Server is running on port 5132.
2026-08-08 03:04:42 [INFO]: MongoDB connected successfully.
2026-08-08 03:04:45 [INFO]: Email server connected successfully.
2026-08-08 03:04:45 [INFO]: Server is running on port 5132.
2026-08-08 03:10:30 [INFO]: MongoDB connected successfully.
2026-08-08 03:10:33 [INFO]: Email server connected successfully.
2026-08-08 03:10:33 [INFO]: Server is running on port 5132.
2026-08-08 03:24:48 [INFO]: MongoDB connected successfully.
2026-08-08 03:24:51 [INFO]: Email server connected successfully.
2026-08-08 03:24:51 [INFO]: Server is running on port 5132.
2026-08-08 03:24:54 [INFO]: MongoDB connected successfully.
2026-08-08 03:24:57 [INFO]: Email server connected successfully.
2026-08-08 03:24:57 [INFO]: Server is running on port 5132.
2026-08-08 03:26:57 [INFO]: MongoDB connected successfully.
2026-08-08 03:27:00 [INFO]: Email server connected successfully.
2026-08-08 03:27:00 [INFO]: Server is running on port 5132.
2026-08-08 03:31:29 [INFO]: MongoDB connected successfully.
2026-08-08 03:31:32 [INFO]: Email server connected successfully.
2026-08-08 03:31:32 [INFO]: Server is running on port 5132.
2026-08-08 03:32:09 [INFO]: MongoDB connected successfully.
2026-08-08 03:32:12 [INFO]: Email server connected successfully.
2026-08-08 03:32:12 [INFO]: Server is running on port 5132.
2026-08-08 03:40:18 [INFO]: MongoDB connected successfully.
2026-08-08 03:40:20 [INFO]: Email server connected successfully.
2026-08-08 03:40:20 [INFO]: Server is running on port 5132.
2026-08-08 03:41:32 [INFO]: MongoDB connected successfully.
2026-08-08 03:41:35 [INFO]: Email server connected successfully.
2026-08-08 03:41:35 [INFO]: Server is running on port 5132.
2026-08-08 03:41:56 [INFO]: MongoDB connected successfully.
2026-08-08 03:41:59 [INFO]: Email server connected successfully.
2026-08-08 03:41:59 [INFO]: Server is running on port 5132.
2026-08-08 03:42:46 [INFO]: MongoDB connected successfully.
2026-08-08 03:42:48 [INFO]: Email server connected successfully.
2026-08-08 03:42:49 [INFO]: Server is running on port 5132.
2026-08-08 03:42:58 [INFO]: MongoDB connected successfully.
2026-08-08 03:43:01 [INFO]: MongoDB connected successfully.
2026-08-08 03:43:04 [INFO]: Email server connected successfully.
2026-08-08 03:43:04 [INFO]: Server is running on port 5132.
2026-08-08 03:44:03 [INFO]: MongoDB connected successfully.
2026-08-08 03:44:06 [INFO]: Email server connected successfully.
2026-08-08 03:44:06 [INFO]: Server is running on port 5132.
2026-08-08 03:44:20 [INFO]: MongoDB connected successfully.
2026-08-08 03:44:23 [INFO]: Email server connected successfully.
2026-08-08 03:44:23 [INFO]: Server is running on port 5132.
2026-08-08 03:44:53 [INFO]: MongoDB connected successfully.
2026-08-08 03:44:56 [INFO]: Email server connected successfully.
2026-08-08 03:44:56 [INFO]: Server is running on port 5132.
2026-08-08 03:45:05 [INFO]: MongoDB connected successfully.
2026-08-08 03:45:08 [INFO]: Email server connected successfully.
2026-08-08 03:45:08 [INFO]: Server is running on port 5132.
2026-08-08 03:46:59 [INFO]: MongoDB connected successfully.
2026-08-08 03:47:02 [INFO]: Email server connected successfully.
2026-08-08 03:47:02 [INFO]: Server is running on port 5132.
2026-08-08 03:47:12 [INFO]: MongoDB connected successfully.
2026-08-08 03:47:15 [INFO]: Email server connected successfully.
2026-08-08 03:47:15 [INFO]: Server is running on port 5132.
2026-08-08 04:05:08 [INFO]: MongoDB connected successfully.
2026-08-08 04:05:11 [INFO]: Email server connected successfully.
2026-08-08 04:05:11 [INFO]: Server is running on port 5132.
2026-08-08 04:16:23 [INFO]: MongoDB connected successfully.
2026-08-08 04:16:24 [INFO]: MongoDB connected successfully.
2026-08-08 04:16:27 [INFO]: Email server connected successfully.
2026-08-08 04:16:27 [INFO]: Server is running on port 5132.
2026-08-08 04:17:50 [INFO]: MongoDB connected successfully.
2026-08-08 04:17:53 [INFO]: Email server connected successfully.
2026-08-08 04:17:53 [INFO]: Server is running on port 5132.
2026-08-08 04:20:28 [INFO]: MongoDB connected successfully.
2026-08-08 04:20:31 [INFO]: Email server connected successfully.
2026-08-08 04:20:31 [INFO]: Server is running on port 5132.
2026-08-08 04:20:32 [INFO]: [0mGET /admin/categories [36m304[0m 248.188 ms - -[0m
2026-08-08 04:20:32 [INFO]: [0mGET /css/style.css [36m304[0m 4.412 ms - -[0m
2026-08-08 04:20:32 [INFO]: [0mGET /css/admin/layout.css [36m304[0m 4.473 ms - -[0m
2026-08-08 04:20:32 [INFO]: [0mGET /css/admin/users.css [36m304[0m 4.296 ms - -[0m
2026-08-08 04:20:32 [INFO]: [0mGET /css/admin/products.css [36m304[0m 4.300 ms - -[0m
2026-08-08 04:20:32 [INFO]: [0mGET /css/header.css [36m304[0m 1.088 ms - -[0m
2026-08-08 04:20:32 [INFO]: [0mGET /images/logo/plantora.png [36m304[0m 1.969 ms - -[0m
2026-08-08 04:20:32 [INFO]: [0mGET /js/admin/layout.js [36m304[0m 1.407 ms - -[0m
2026-08-08 04:20:32 [INFO]: [0mGET /js/admin/users.js [36m304[0m 1.623 ms - -[0m
2026-08-08 04:20:32 [INFO]: [0mGET /js/admin/products.js [36m304[0m 1.886 ms - -[0m
2026-08-08 04:20:32 [INFO]: [0mGET /js/header.js [36m304[0m 3.038 ms - -[0m
2026-08-08 04:20:32 [INFO]: [0mGET /css/variables.css [36m304[0m 1.368 ms - -[0m
2026-08-08 04:20:32 [INFO]: [0mGET /css/utilities.css [36m304[0m 1.667 ms - -[0m
2026-08-08 04:20:32 [INFO]: [0mGET /css/animations.css [36m304[0m 0.576 ms - -[0m
2026-08-08 04:20:32 [INFO]: [0mGET /css/announcement.css [36m304[0m 0.788 ms - -[0m
2026-08-08 04:20:32 [INFO]: [0mGET /css/hero.css [36m304[0m 1.524 ms - -[0m
2026-08-08 04:20:32 [INFO]: [0mGET /css/featured.css [36m304[0m 0.951 ms - -[0m
2026-08-08 04:20:32 [INFO]: [0mGET /css/why-choose.css [36m304[0m 1.181 ms - -[0m
2026-08-08 04:20:32 [INFO]: [0mGET /css/footer.css [36m304[0m 1.765 ms - -[0m
2026-08-08 04:20:32 [INFO]: [0mGET /css/auth.css [36m304[0m 0.833 ms - -[0m
2026-08-08 04:20:32 [INFO]: [0mGET /css/verify.css [36m304[0m 1.144 ms - -[0m
2026-08-08 04:20:32 [INFO]: [0mGET /js/notification.js [36m304[0m 0.327 ms - -[0m
2026-08-08 04:20:34 [INFO]: [0mGET /admin/categories/create [33m401[0m 1.619 ms - 75[0m
2026-08-08 04:20:37 [INFO]: [0mGET / [32m200[0m 18.345 ms - -[0m
2026-08-08 04:20:37 [INFO]: [0mGET /css/style.css [36m304[0m 0.909 ms - -[0m
2026-08-08 04:20:37 [INFO]: [0mGET /images/logo/plantora.png [36m304[0m 1.537 ms - -[0m
2026-08-08 04:20:37 [INFO]: [0mGET /images/hero/hero-placeholder.png [36m304[0m 2.274 ms - -[0m
2026-08-08 04:20:37 [INFO]: [0mGET /images/hero/monstera-plant.jpg [36m304[0m 2.560 ms - -[0m
2026-08-08 04:20:37 [INFO]: [0mGET /images/hero/snake-plant.jpg [36m304[0m 3.021 ms - -[0m
2026-08-08 04:20:37 [INFO]: [0mGET /images/hero/peace-lily.jpg [36m304[0m 3.395 ms - -[0m
2026-08-08 04:20:37 [INFO]: [0mGET /js/header.js [36m304[0m 3.166 ms - -[0m
2026-08-08 04:20:37 [INFO]: [0mGET /css/variables.css [36m304[0m 1.113 ms - -[0m
2026-08-08 04:20:37 [INFO]: [0mGET /css/utilities.css [36m304[0m 2.579 ms - -[0m
2026-08-08 04:20:37 [INFO]: [0mGET /css/animations.css [36m304[0m 1.899 ms - -[0m
2026-08-08 04:20:37 [INFO]: [0mGET /css/announcement.css [36m304[0m 2.400 ms - -[0m
2026-08-08 04:20:37 [INFO]: [0mGET /css/header.css [36m304[0m 3.026 ms - -[0m
2026-08-08 04:20:37 [INFO]: [0mGET /css/hero.css [36m304[0m 0.833 ms - -[0m
2026-08-08 04:20:37 [INFO]: [0mGET /css/featured.css [36m304[0m 1.745 ms - -[0m
2026-08-08 04:20:37 [INFO]: [0mGET /css/why-choose.css [36m304[0m 1.069 ms - -[0m
2026-08-08 04:20:37 [INFO]: [0mGET /css/footer.css [36m304[0m 1.185 ms - -[0m
2026-08-08 04:20:37 [INFO]: [0mGET /css/auth.css [36m304[0m 2.538 ms - -[0m
2026-08-08 04:20:37 [INFO]: [0mGET /css/verify.css [36m304[0m 1.590 ms - -[0m
2026-08-08 04:20:37 [INFO]: [0mGET /js/featured.js [36m304[0m 0.478 ms - -[0m
2026-08-08 04:20:37 [INFO]: [0mGET /js/why-choose.js [36m304[0m 1.191 ms - -[0m
2026-08-08 04:20:37 [INFO]: [0mGET /js/notification.js [36m304[0m 1.146 ms - -[0m
2026-08-08 04:20:37 [INFO]: [0mGET /js/footer.js [36m304[0m 0.871 ms - -[0m
2026-08-08 04:20:37 [INFO]: [0mGET /js/auth.js [36m304[0m 1.085 ms - -[0m
2026-08-08 04:20:37 [INFO]: [0mGET /images/hero/tulip-plant.jpg [36m304[0m 0.356 ms - -[0m
2026-08-08 04:20:37 [INFO]: [0mGET /images/hero/rubber-plant.jpg [36m304[0m 0.521 ms - -[0m
2026-08-08 04:20:37 [INFO]: [0mGET /images/hero/aloe-vera.jpg [36m304[0m 0.756 ms - -[0m
2026-08-08 04:20:37 [INFO]: [0mGET /images/hero/areca-palm.jpg [36m304[0m 0.456 ms - -[0m
2026-08-08 04:20:37 [INFO]: [0mGET /images/hero/jade-plant.jpg [36m304[0m 0.695 ms - -[0m
2026-08-08 04:20:37 [INFO]: [0mGET /images/hero/golden-pothos.jpg [36m304[0m 0.307 ms - -[0m
2026-08-08 04:20:37 [INFO]: [0mGET /images/hero/fiddle-leaf-fig.jpg [36m304[0m 0.279 ms - -[0m
2026-08-08 04:20:37 [INFO]: [0mGET /images/hero/why-choose.jpg [36m304[0m 0.260 ms - -[0m
2026-08-08 04:20:37 [INFO]: [0mGET /images/logo/plantora-orgn-white.png [36m304[0m 0.252 ms - -[0m
2026-08-08 04:20:40 [INFO]: Login successful : admin-plantora@yopmail.com
2026-08-08 04:20:40 [INFO]: [0mPOST /auth/login [32m200[0m 529.452 ms - 46[0m
2026-08-08 04:20:41 [INFO]: [0mGET / [32m200[0m 89.381 ms - -[0m
2026-08-08 04:20:41 [INFO]: [0mGET /css/style.css [36m304[0m 0.421 ms - -[0m
2026-08-08 04:20:41 [INFO]: [0mGET /images/logo/plantora.png [36m304[0m 0.764 ms - -[0m
2026-08-08 04:20:41 [INFO]: [0mGET /images/hero/hero-placeholder.png [36m304[0m 0.394 ms - -[0m
2026-08-08 04:20:41 [INFO]: [0mGET /images/hero/monstera-plant.jpg [36m304[0m 0.230 ms - -[0m
2026-08-08 04:20:41 [INFO]: [0mGET /js/header.js [36m304[0m 0.272 ms - -[0m
2026-08-08 04:20:41 [INFO]: [0mGET /js/featured.js [36m304[0m 0.337 ms - -[0m
2026-08-08 04:20:41 [INFO]: [0mGET /js/why-choose.js [36m304[0m 0.407 ms - -[0m
2026-08-08 04:20:41 [INFO]: [0mGET /js/notification.js [36m304[0m 0.586 ms - -[0m
2026-08-08 04:20:41 [INFO]: [0mGET /js/footer.js [36m304[0m 0.278 ms - -[0m
2026-08-08 04:20:41 [INFO]: [0mGET /js/auth.js [36m304[0m 1.165 ms - -[0m
2026-08-08 04:20:41 [INFO]: [0mGET /images/hero/snake-plant.jpg [36m304[0m 0.539 ms - -[0m
2026-08-08 04:20:41 [INFO]: [0mGET /images/hero/peace-lily.jpg [36m304[0m 0.945 ms - -[0m
2026-08-08 04:20:41 [INFO]: [0mGET /images/hero/tulip-plant.jpg [36m304[0m 1.323 ms - -[0m
2026-08-08 04:20:41 [INFO]: [0mGET /images/hero/rubber-plant.jpg [36m304[0m 2.195 ms - -[0m
2026-08-08 04:20:41 [INFO]: [0mGET /css/variables.css [36m304[0m 2.487 ms - -[0m
2026-08-08 04:20:41 [INFO]: [0mGET /css/utilities.css [36m304[0m 1.180 ms - -[0m
2026-08-08 04:20:41 [INFO]: [0mGET /css/animations.css [36m304[0m 0.301 ms - -[0m
2026-08-08 04:20:41 [INFO]: [0mGET /css/announcement.css [36m304[0m 1.030 ms - -[0m
2026-08-08 04:20:41 [INFO]: [0mGET /css/header.css [36m304[0m 2.367 ms - -[0m
2026-08-08 04:20:41 [INFO]: [0mGET /css/hero.css [36m304[0m 1.331 ms - -[0m
2026-08-08 04:20:41 [INFO]: [0mGET /css/featured.css [36m304[0m 1.883 ms - -[0m
2026-08-08 04:20:41 [INFO]: [0mGET /css/why-choose.css [36m304[0m 1.328 ms - -[0m
2026-08-08 04:20:41 [INFO]: [0mGET /css/footer.css [36m304[0m 1.518 ms - -[0m
2026-08-08 04:20:41 [INFO]: [0mGET /css/auth.css [36m304[0m 2.031 ms - -[0m
2026-08-08 04:20:41 [INFO]: [0mGET /css/verify.css [36m304[0m 1.278 ms - -[0m
2026-08-08 04:20:41 [INFO]: [0mGET /images/hero/aloe-vera.jpg [36m304[0m 1.011 ms - -[0m
2026-08-08 04:20:41 [INFO]: [0mGET /images/hero/areca-palm.jpg [36m304[0m 2.278 ms - -[0m
2026-08-08 04:20:41 [INFO]: [0mGET /images/hero/jade-plant.jpg [36m304[0m 1.424 ms - -[0m
2026-08-08 04:20:41 [INFO]: [0mGET /images/hero/golden-pothos.jpg [36m304[0m 1.523 ms - -[0m
2026-08-08 04:20:41 [INFO]: [0mGET /images/hero/fiddle-leaf-fig.jpg [36m304[0m 1.781 ms - -[0m
2026-08-08 04:20:41 [INFO]: [0mGET /images/hero/why-choose.jpg [36m304[0m 0.476 ms - -[0m
2026-08-08 04:20:41 [INFO]: [0mGET /images/logo/plantora-orgn-white.png [36m304[0m 0.565 ms - -[0m
2026-08-08 04:20:43 [INFO]: [0mGET /admin/dashboard [36m304[0m 131.827 ms - -[0m
2026-08-08 04:20:43 [INFO]: [0mGET /css/style.css [36m304[0m 0.797 ms - -[0m
2026-08-08 04:20:43 [INFO]: [0mGET /css/admin/layout.css [36m304[0m 1.031 ms - -[0m
2026-08-08 04:20:43 [INFO]: [0mGET /css/admin/users.css [36m304[0m 1.329 ms - -[0m
2026-08-08 04:20:43 [INFO]: [0mGET /css/admin/products.css [36m304[0m 1.507 ms - -[0m
2026-08-08 04:20:43 [INFO]: [0mGET /css/header.css [36m304[0m 0.290 ms - -[0m
2026-08-08 04:20:43 [INFO]: [0mGET /images/logo/plantora.png [36m304[0m 0.636 ms - -[0m
2026-08-08 04:20:43 [INFO]: [0mGET /js/admin/layout.js [36m304[0m 0.345 ms - -[0m
2026-08-08 04:20:43 [INFO]: [0mGET /js/admin/users.js [36m304[0m 0.152 ms - -[0m
2026-08-08 04:20:43 [INFO]: [0mGET /js/admin/products.js [36m304[0m 0.144 ms - -[0m
2026-08-08 04:20:43 [INFO]: [0mGET /js/header.js [36m304[0m 0.276 ms - -[0m
2026-08-08 04:20:43 [INFO]: [0mGET /js/notification.js [36m304[0m 0.451 ms - -[0m
2026-08-08 04:20:43 [INFO]: [0mGET /css/variables.css [36m304[0m 0.282 ms - -[0m
2026-08-08 04:20:43 [INFO]: [0mGET /css/utilities.css [36m304[0m 0.346 ms - -[0m
2026-08-08 04:20:43 [INFO]: [0mGET /css/animations.css [36m304[0m 0.424 ms - -[0m
2026-08-08 04:20:43 [INFO]: [0mGET /css/announcement.css [36m304[0m 0.623 ms - -[0m
2026-08-08 04:20:43 [INFO]: [0mGET /css/hero.css [36m304[0m 0.772 ms - -[0m
2026-08-08 04:20:43 [INFO]: [0mGET /css/featured.css [36m304[0m 2.179 ms - -[0m
2026-08-08 04:20:43 [INFO]: [0mGET /css/why-choose.css [36m304[0m 0.626 ms - -[0m
2026-08-08 04:20:43 [INFO]: [0mGET /css/footer.css [36m304[0m 1.334 ms - -[0m
2026-08-08 04:20:43 [INFO]: [0mGET /css/auth.css [36m304[0m 0.796 ms - -[0m
2026-08-08 04:20:43 [INFO]: [0mGET /css/verify.css [36m304[0m 0.969 ms - -[0m
2026-08-08 04:20:45 [INFO]: [0mGET /admin/users [36m304[0m 216.305 ms - -[0m
2026-08-08 04:20:45 [INFO]: [0mGET /css/style.css [36m304[0m 0.834 ms - -[0m
2026-08-08 04:20:45 [INFO]: [0mGET /css/admin/layout.css [36m304[0m 0.801 ms - -[0m
2026-08-08 04:20:45 [INFO]: [0mGET /css/admin/users.css [36m304[0m 1.194 ms - -[0m
2026-08-08 04:20:45 [INFO]: [0mGET /css/admin/products.css [36m304[0m 0.594 ms - -[0m
2026-08-08 04:20:45 [INFO]: [0mGET /css/header.css [36m304[0m 1.362 ms - -[0m
2026-08-08 04:20:45 [INFO]: [0mGET /images/logo/plantora.png [36m304[0m 0.792 ms - -[0m
2026-08-08 04:20:45 [INFO]: [0mGET /js/admin/layout.js [36m304[0m 0.636 ms - -[0m
2026-08-08 04:20:45 [INFO]: [0mGET /js/admin/users.js [36m304[0m 0.738 ms - -[0m
2026-08-08 04:20:45 [INFO]: [0mGET /js/admin/products.js [36m304[0m 0.945 ms - -[0m
2026-08-08 04:20:45 [INFO]: [0mGET /js/header.js [36m304[0m 0.280 ms - -[0m
2026-08-08 04:20:45 [INFO]: [0mGET /js/notification.js [36m304[0m 0.591 ms - -[0m
2026-08-08 04:20:45 [INFO]: [0mGET /css/variables.css [36m304[0m 0.258 ms - -[0m
2026-08-08 04:20:45 [INFO]: [0mGET /css/utilities.css [36m304[0m 0.463 ms - -[0m
2026-08-08 04:20:45 [INFO]: [0mGET /css/animations.css [36m304[0m 0.587 ms - -[0m
2026-08-08 04:20:45 [INFO]: [0mGET /css/hero.css [36m304[0m 1.177 ms - -[0m
2026-08-08 04:20:45 [INFO]: [0mGET /css/announcement.css [36m304[0m 1.584 ms - -[0m
2026-08-08 04:20:45 [INFO]: [0mGET /css/featured.css [36m304[0m 0.872 ms - -[0m
2026-08-08 04:20:45 [INFO]: [0mGET /css/why-choose.css [36m304[0m 1.071 ms - -[0m
2026-08-08 04:20:45 [INFO]: [0mGET /css/footer.css [36m304[0m 0.431 ms - -[0m
2026-08-08 04:20:45 [INFO]: [0mGET /css/auth.css [36m304[0m 0.707 ms - -[0m
2026-08-08 04:20:45 [INFO]: [0mGET /css/verify.css [36m304[0m 0.394 ms - -[0m
2026-08-08 04:20:45 [INFO]: [0mGET /admin/users/trash [36m304[0m 221.937 ms - -[0m
2026-08-08 04:20:45 [INFO]: [0mGET /css/style.css [36m304[0m 0.803 ms - -[0m
2026-08-08 04:20:45 [INFO]: [0mGET /css/admin/layout.css [36m304[0m 0.598 ms - -[0m
2026-08-08 04:20:45 [INFO]: [0mGET /css/admin/users.css [36m304[0m 1.025 ms - -[0m
2026-08-08 04:20:45 [INFO]: [0mGET /css/admin/products.css [36m304[0m 0.728 ms - -[0m
2026-08-08 04:20:45 [INFO]: [0mGET /css/header.css [36m304[0m 0.810 ms - -[0m
2026-08-08 04:20:45 [INFO]: [0mGET /images/logo/plantora.png [36m304[0m 0.908 ms - -[0m
2026-08-08 04:20:45 [INFO]: [0mGET /js/admin/layout.js [36m304[0m 0.429 ms - -[0m
2026-08-08 04:20:45 [INFO]: [0mGET /js/admin/users.js [36m304[0m 0.685 ms - -[0m
2026-08-08 04:20:45 [INFO]: [0mGET /js/admin/products.js [36m304[0m 0.427 ms - -[0m
2026-08-08 04:20:45 [INFO]: [0mGET /js/header.js [36m304[0m 0.542 ms - -[0m
2026-08-08 04:20:45 [INFO]: [0mGET /css/variables.css [36m304[0m 1.569 ms - -[0m
2026-08-08 04:20:45 [INFO]: [0mGET /js/notification.js [36m304[0m 2.091 ms - -[0m
2026-08-08 04:20:45 [INFO]: [0mGET /css/utilities.css [36m304[0m 2.180 ms - -[0m
2026-08-08 04:20:45 [INFO]: [0mGET /css/animations.css [36m304[0m 0.729 ms - -[0m
2026-08-08 04:20:45 [INFO]: [0mGET /css/announcement.css [36m304[0m 0.955 ms - -[0m
2026-08-08 04:20:45 [INFO]: [0mGET /css/hero.css [36m304[0m 1.430 ms - -[0m
2026-08-08 04:20:45 [INFO]: [0mGET /css/featured.css [36m304[0m 2.764 ms - -[0m
2026-08-08 04:20:45 [INFO]: [0mGET /css/why-choose.css [36m304[0m 1.858 ms - -[0m
2026-08-08 04:20:45 [INFO]: [0mGET /css/footer.css [36m304[0m 1.875 ms - -[0m
2026-08-08 04:20:45 [INFO]: [0mGET /css/auth.css [36m304[0m 0.221 ms - -[0m
2026-08-08 04:20:45 [INFO]: [0mGET /css/verify.css [36m304[0m 0.307 ms - -[0m
2026-08-08 04:20:49 [INFO]: [0mGET /admin/categories [36m304[0m 219.971 ms - -[0m
2026-08-08 04:20:49 [INFO]: [0mGET /css/style.css [36m304[0m 0.631 ms - -[0m
2026-08-08 04:20:49 [INFO]: [0mGET /css/admin/layout.css [36m304[0m 0.880 ms - -[0m
2026-08-08 04:20:49 [INFO]: [0mGET /css/admin/users.css [36m304[0m 1.046 ms - -[0m
2026-08-08 04:20:49 [INFO]: [0mGET /css/admin/products.css [36m304[0m 0.242 ms - -[0m
2026-08-08 04:20:49 [INFO]: [0mGET /css/header.css [36m304[0m 0.741 ms - -[0m
2026-08-08 04:20:49 [INFO]: [0mGET /images/logo/plantora.png [36m304[0m 0.480 ms - -[0m
2026-08-08 04:20:49 [INFO]: [0mGET /js/admin/layout.js [36m304[0m 0.163 ms - -[0m
2026-08-08 04:20:49 [INFO]: [0mGET /js/admin/users.js [36m304[0m 0.204 ms - -[0m
2026-08-08 04:20:49 [INFO]: [0mGET /js/admin/products.js [36m304[0m 0.523 ms - -[0m
2026-08-08 04:20:49 [INFO]: [0mGET /js/header.js [36m304[0m 0.408 ms - -[0m
2026-08-08 04:20:49 [INFO]: [0mGET /js/notification.js [36m304[0m 0.529 ms - -[0m
2026-08-08 04:20:49 [INFO]: [0mGET /css/variables.css [36m304[0m 0.201 ms - -[0m
2026-08-08 04:20:49 [INFO]: [0mGET /css/utilities.css [36m304[0m 0.339 ms - -[0m
2026-08-08 04:20:49 [INFO]: [0mGET /css/animations.css [36m304[0m 0.270 ms - -[0m
2026-08-08 04:20:49 [INFO]: [0mGET /css/announcement.css [36m304[0m 0.357 ms - -[0m
2026-08-08 04:20:49 [INFO]: [0mGET /css/hero.css [36m304[0m 0.638 ms - -[0m
2026-08-08 04:20:49 [INFO]: [0mGET /css/featured.css [36m304[0m 0.758 ms - -[0m
2026-08-08 04:20:49 [INFO]: [0mGET /css/why-choose.css [36m304[0m 0.575 ms - -[0m
2026-08-08 04:20:49 [INFO]: [0mGET /css/footer.css [36m304[0m 0.705 ms - -[0m
2026-08-08 04:20:49 [INFO]: [0mGET /css/auth.css [36m304[0m 1.004 ms - -[0m
2026-08-08 04:20:49 [INFO]: [0mGET /css/verify.css [36m304[0m 0.460 ms - -[0m
2026-08-08 04:20:52 [INFO]: [0mGET /admin/categories/create [36m304[0m 134.228 ms - -[0m
2026-08-08 04:20:52 [INFO]: [0mGET /css/style.css [36m304[0m 0.430 ms - -[0m
2026-08-08 04:20:52 [INFO]: [0mGET /css/admin/layout.css [36m304[0m 0.570 ms - -[0m
2026-08-08 04:20:52 [INFO]: [0mGET /css/admin/users.css [36m304[0m 0.232 ms - -[0m
2026-08-08 04:20:52 [INFO]: [0mGET /css/admin/products.css [36m304[0m 0.324 ms - -[0m
2026-08-08 04:20:52 [INFO]: [0mGET /css/header.css [36m304[0m 0.540 ms - -[0m
2026-08-08 04:20:52 [INFO]: [0mGET /images/logo/plantora.png [36m304[0m 0.379 ms - -[0m
2026-08-08 04:20:52 [INFO]: [0mGET /js/admin/layout.js [36m304[0m 0.206 ms - -[0m
2026-08-08 04:20:52 [INFO]: [0mGET /js/admin/users.js [36m304[0m 0.200 ms - -[0m
2026-08-08 04:20:52 [INFO]: [0mGET /js/admin/products.js [36m304[0m 0.451 ms - -[0m
2026-08-08 04:20:52 [INFO]: [0mGET /js/header.js [36m304[0m 0.536 ms - -[0m
2026-08-08 04:20:52 [INFO]: [0mGET /js/notification.js [36m304[0m 0.885 ms - -[0m
2026-08-08 04:20:52 [INFO]: [0mGET /css/variables.css [36m304[0m 0.532 ms - -[0m
2026-08-08 04:20:52 [INFO]: [0mGET /css/utilities.css [36m304[0m 0.305 ms - -[0m
2026-08-08 04:20:52 [INFO]: [0mGET /css/animations.css [36m304[0m 0.512 ms - -[0m
2026-08-08 04:20:52 [INFO]: [0mGET /css/announcement.css [36m304[0m 0.915 ms - -[0m
2026-08-08 04:20:52 [INFO]: [0mGET /css/hero.css [36m304[0m 0.609 ms - -[0m
2026-08-08 04:20:52 [INFO]: [0mGET /css/featured.css [36m304[0m 0.572 ms - -[0m
2026-08-08 04:20:52 [INFO]: [0mGET /css/why-choose.css [36m304[0m 0.664 ms - -[0m
2026-08-08 04:20:52 [INFO]: [0mGET /css/footer.css [36m304[0m 1.046 ms - -[0m
2026-08-08 04:20:52 [INFO]: [0mGET /css/auth.css [36m304[0m 0.429 ms - -[0m
2026-08-08 04:20:52 [INFO]: [0mGET /css/verify.css [36m304[0m 0.562 ms - -[0m
2026-08-08 04:21:07 [ERROR]: Create category failed : next is not a function
2026-08-08 04:21:07 [ERROR]: TypeError: next is not a function
    at model.<anonymous> (E:\Webskitters_Academy\NODE JS\final_project_node\plantora_final_project_node_ejs\app\models\Category.js:126:3)
    at Kareem.execPre (E:\Webskitters_Academy\NODE JS\final_project_node\plantora_final_project_node_ejs\node_modules\kareem\index.js:59:39)
    at model._execDocumentPreHooks (E:\Webskitters_Academy\NODE JS\final_project_node\plantora_final_project_node_ejs\node_modules\mongoose\lib\document.js:3226:29)
    at model.$__save (E:\Webskitters_Academy\NODE JS\final_project_node\plantora_final_project_node_ejs\node_modules\mongoose\lib\model.js:403:16)
    at process.processTicksAndRejections (node:internal/process/task_queues:103:5)
    at async maybeTracedSave (E:\Webskitters_Academy\NODE JS\final_project_node\plantora_final_project_node_ejs\node_modules\mongoose\lib\model.js:675:7)
    at async model.create (E:\Webskitters_Academy\NODE JS\final_project_node\plantora_final_project_node_ejs\node_modules\mongoose\lib\model.js:2763:5)
    at async createCategory (E:\Webskitters_Academy\NODE JS\final_project_node\plantora_final_project_node_ejs\app\controllers\CategoryController.js:219:24)
2026-08-08 04:21:07 [INFO]: [0mPOST /admin/categories/create [31m500[0m 178.850 ms - 74[0m
2026-08-08 04:27:23 [INFO]: MongoDB connected successfully.
2026-08-08 04:27:26 [INFO]: Email server connected successfully.
2026-08-08 04:27:26 [INFO]: Server is running on port 5132.
2026-08-08 04:27:26 [INFO]: [0mGET /admin/categories/create [36m304[0m 126.173 ms - -[0m
2026-08-08 04:27:26 [INFO]: [0mGET /css/style.css [36m304[0m 1.360 ms - -[0m
2026-08-08 04:27:26 [INFO]: [0mGET /css/admin/layout.css [36m304[0m 1.367 ms - -[0m
2026-08-08 04:27:26 [INFO]: [0mGET /css/admin/users.css [36m304[0m 0.543 ms - -[0m
2026-08-08 04:27:26 [INFO]: [0mGET /css/admin/products.css [36m304[0m 0.702 ms - -[0m
2026-08-08 04:27:26 [INFO]: [0mGET /css/header.css [36m304[0m 0.497 ms - -[0m
2026-08-08 04:27:26 [INFO]: [0mGET /images/logo/plantora.png [36m304[0m 0.782 ms - -[0m
2026-08-08 04:27:26 [INFO]: [0mGET /js/admin/layout.js [36m304[0m 0.344 ms - -[0m
2026-08-08 04:27:26 [INFO]: [0mGET /js/admin/users.js [36m304[0m 0.475 ms - -[0m
2026-08-08 04:27:26 [INFO]: [0mGET /css/variables.css [36m304[0m 0.377 ms - -[0m
2026-08-08 04:27:26 [INFO]: [0mGET /css/utilities.css [36m304[0m 0.481 ms - -[0m
2026-08-08 04:27:26 [INFO]: [0mGET /css/animations.css [36m304[0m 0.982 ms - -[0m
2026-08-08 04:27:26 [INFO]: [0mGET /css/announcement.css [36m304[0m 0.577 ms - -[0m
2026-08-08 04:27:26 [INFO]: [0mGET /css/hero.css [36m304[0m 0.767 ms - -[0m
2026-08-08 04:27:26 [INFO]: [0mGET /css/featured.css [36m304[0m 1.141 ms - -[0m
2026-08-08 04:27:26 [INFO]: [0mGET /css/why-choose.css [36m304[0m 0.937 ms - -[0m
2026-08-08 04:27:26 [INFO]: [0mGET /css/footer.css [36m304[0m 0.777 ms - -[0m
2026-08-08 04:27:26 [INFO]: [0mGET /css/auth.css [36m304[0m 1.098 ms - -[0m
2026-08-08 04:27:26 [INFO]: [0mGET /css/verify.css [36m304[0m 1.502 ms - -[0m
2026-08-08 04:27:26 [INFO]: [0mGET /js/admin/products.js [36m304[0m 0.659 ms - -[0m
2026-08-08 04:27:26 [INFO]: [0mGET /js/header.js [36m304[0m 0.661 ms - -[0m
2026-08-08 04:27:26 [INFO]: [0mGET /js/notification.js [36m304[0m 0.427 ms - -[0m
2026-08-08 04:27:31 [ERROR]: Failed to create audit log: AuditLog validation failed: module: `Category` is not a valid enum value for path `module`.
2026-08-08 04:27:31 [INFO]: Category created : Shrubs
2026-08-08 04:27:31 [ERROR]: Create category failed : req.flash is not a function
2026-08-08 04:27:31 [ERROR]: TypeError: req.flash is not a function
    at createCategory (E:\Webskitters_Academy\NODE JS\final_project_node\plantora_final_project_node_ejs\app\controllers\CategoryController.js:248:11)
    at process.processTicksAndRejections (node:internal/process/task_queues:103:5)
2026-08-08 04:27:31 [INFO]: [0mPOST /admin/categories/create [31m500[0m 223.495 ms - 79[0m
2026-08-08 04:28:13 [INFO]: [0mGET /admin/categories/create [36m304[0m 123.224 ms - -[0m
2026-08-08 04:28:13 [INFO]: [0mGET /css/style.css [36m304[0m 0.966 ms - -[0m
2026-08-08 04:28:13 [INFO]: [0mGET /css/admin/layout.css [36m304[0m 0.774 ms - -[0m
2026-08-08 04:28:13 [INFO]: [0mGET /css/admin/users.css [36m304[0m 0.435 ms - -[0m
2026-08-08 04:28:13 [INFO]: [0mGET /css/admin/products.css [36m304[0m 0.609 ms - -[0m
2026-08-08 04:28:13 [INFO]: [0mGET /css/header.css [36m304[0m 1.170 ms - -[0m
2026-08-08 04:28:13 [INFO]: [0mGET /images/logo/plantora.png [36m304[0m 1.384 ms - -[0m
2026-08-08 04:28:13 [INFO]: [0mGET /js/admin/layout.js [36m304[0m 0.852 ms - -[0m
2026-08-08 04:28:13 [INFO]: [0mGET /css/variables.css [36m304[0m 1.101 ms - -[0m
2026-08-08 04:28:13 [INFO]: [0mGET /css/utilities.css [36m304[0m 0.791 ms - -[0m
2026-08-08 04:28:13 [INFO]: [0mGET /css/animations.css [36m304[0m 0.324 ms - -[0m
2026-08-08 04:28:13 [INFO]: [0mGET /css/announcement.css [36m304[0m 0.527 ms - -[0m
2026-08-08 04:28:13 [INFO]: [0mGET /css/hero.css [36m304[0m 0.798 ms - -[0m
2026-08-08 04:28:13 [INFO]: [0mGET /css/featured.css [36m304[0m 0.455 ms - -[0m
2026-08-08 04:28:13 [INFO]: [0mGET /css/why-choose.css [36m304[0m 0.668 ms - -[0m
2026-08-08 04:28:13 [INFO]: [0mGET /css/footer.css [36m304[0m 0.895 ms - -[0m
2026-08-08 04:28:13 [INFO]: [0mGET /css/auth.css [36m304[0m 0.315 ms - -[0m
2026-08-08 04:28:13 [INFO]: [0mGET /css/verify.css [36m304[0m 0.837 ms - -[0m
2026-08-08 04:28:13 [INFO]: [0mGET /js/admin/users.js [36m304[0m 0.584 ms - -[0m
2026-08-08 04:28:13 [INFO]: [0mGET /js/admin/products.js [36m304[0m 0.938 ms - -[0m
2026-08-08 04:28:13 [INFO]: [0mGET /js/header.js [36m304[0m 0.892 ms - -[0m
2026-08-08 04:28:13 [INFO]: [0mGET /js/notification.js [36m304[0m 1.220 ms - -[0m
2026-08-08 04:28:15 [ERROR]: ReferenceError: E:\Webskitters_Academy\NODE JS\final_project_node\plantora_final_project_node_ejs\views\admin\brands\index.ejs:85
    83|                                     name="search"
    84|                                     placeholder="Search brand..."
 >> 85|                                     value="<%= filters?.search || '' %>"
    86|                                 >
    87| 
    88|                             </div>

filters is not defined
    at eval (eval at compile (E:\Webskitters_Academy\NODE JS\final_project_node\plantora_final_project_node_ejs\node_modules\ejs\lib\cjs\ejs.js:607:18), <anonymous>:23:26)
    at index (E:\Webskitters_Academy\NODE JS\final_project_node\plantora_final_project_node_ejs\node_modules\ejs\lib\cjs\ejs.js:643:23)
    at tryHandleCache (E:\Webskitters_Academy\NODE JS\final_project_node\plantora_final_project_node_ejs\node_modules\ejs\lib\cjs\ejs.js:253:42)
    at ejs.renderFile [as engine] (E:\Webskitters_Academy\NODE JS\final_project_node\plantora_final_project_node_ejs\node_modules\ejs\lib\cjs\ejs.js:444:12)
    at View.render (E:\Webskitters_Academy\NODE JS\final_project_node\plantora_final_project_node_ejs\node_modules\express\lib\view.js:139:8)
    at tryRender (E:\Webskitters_Academy\NODE JS\final_project_node\plantora_final_project_node_ejs\node_modules\express\lib\application.js:627:10)
    at app.render (E:\Webskitters_Academy\NODE JS\final_project_node\plantora_final_project_node_ejs\node_modules\express\lib\application.js:574:3)
    at ServerResponse.render (E:\Webskitters_Academy\NODE JS\final_project_node\plantora_final_project_node_ejs\node_modules\express\lib\response.js:923:7)
    at showBrandsPage (E:\Webskitters_Academy\NODE JS\final_project_node\plantora_final_project_node_ejs\app\controllers\BrandController.js:151:18)
    at process.processTicksAndRejections (node:internal/process/task_queues:103:5)
2026-08-08 04:28:15 [INFO]: [0mGET /admin/brands [31m500[0m 187.127 ms - 555[0m
2026-08-08 04:31:39 [INFO]: MongoDB connected successfully.
2026-08-08 04:31:42 [INFO]: Email server connected successfully.
2026-08-08 04:31:42 [INFO]: Server is running on port 5132.
2026-08-08 04:31:57 [INFO]: MongoDB connected successfully.
2026-08-08 04:32:00 [INFO]: Email server connected successfully.
2026-08-08 04:32:00 [INFO]: Server is running on port 5132.
2026-08-08 04:32:09 [INFO]: MongoDB connected successfully.
2026-08-08 04:32:12 [INFO]: Email server connected successfully.
2026-08-08 04:32:12 [INFO]: Server is running on port 5132.
2026-08-08 04:32:27 [INFO]: MongoDB connected successfully.
2026-08-08 04:32:30 [INFO]: Email server connected successfully.
2026-08-08 04:32:30 [INFO]: Server is running on port 5132.
2026-08-08 04:40:01 [INFO]: MongoDB connected successfully.
2026-08-08 04:40:04 [INFO]: Email server connected successfully.
2026-08-08 04:40:04 [INFO]: Server is running on port 5132.
2026-08-08 04:40:27 [INFO]: MongoDB connected successfully.
2026-08-08 04:40:30 [INFO]: Email server connected successfully.
2026-08-08 04:40:30 [INFO]: Server is running on port 5132.
2026-08-08 04:40:46 [INFO]: MongoDB connected successfully.
2026-08-08 04:40:49 [INFO]: Email server connected successfully.
2026-08-08 04:40:49 [INFO]: Server is running on port 5132.
2026-08-08 04:41:00 [INFO]: MongoDB connected successfully.
2026-08-08 04:41:02 [INFO]: Email server connected successfully.
2026-08-08 04:41:02 [INFO]: Server is running on port 5132.
2026-08-08 04:42:42 [INFO]: MongoDB connected successfully.
2026-08-08 04:42:45 [INFO]: Email server connected successfully.
2026-08-08 04:42:45 [INFO]: Server is running on port 5132.
2026-08-08 04:47:10 [INFO]: MongoDB connected successfully.
2026-08-08 04:47:13 [INFO]: Email server connected successfully.
2026-08-08 04:47:13 [INFO]: Server is running on port 5132.
2026-08-08 04:47:23 [INFO]: MongoDB connected successfully.
2026-08-08 04:47:26 [INFO]: Email server connected successfully.
2026-08-08 04:47:26 [INFO]: Server is running on port 5132.
2026-08-08 04:47:35 [INFO]: [0mGET /admin/categories/create [36m304[0m 148.626 ms - -[0m
2026-08-08 04:47:35 [INFO]: [0mGET /css/style.css [36m304[0m 0.864 ms - -[0m
2026-08-08 04:47:35 [INFO]: [0mGET /css/admin/layout.css [36m304[0m 1.117 ms - -[0m
2026-08-08 04:47:35 [INFO]: [0mGET /css/admin/users.css [36m304[0m 0.778 ms - -[0m
2026-08-08 04:47:35 [INFO]: [0mGET /css/admin/products.css [36m304[0m 0.739 ms - -[0m
2026-08-08 04:47:35 [INFO]: [0mGET /css/header.css [36m304[0m 1.020 ms - -[0m
2026-08-08 04:47:35 [INFO]: [0mGET /images/logo/plantora.png [36m304[0m 1.193 ms - -[0m
2026-08-08 04:47:35 [INFO]: [0mGET /js/admin/layout.js [36m304[0m 0.734 ms - -[0m
2026-08-08 04:47:35 [INFO]: [0mGET /js/admin/users.js [36m304[0m 0.989 ms - -[0m
2026-08-08 04:47:35 [INFO]: [0mGET /js/admin/products.js [36m304[0m 1.412 ms - -[0m
2026-08-08 04:47:35 [INFO]: [0mGET /js/header.js [36m304[0m 2.109 ms - -[0m
2026-08-08 04:47:35 [INFO]: [0mGET /js/notification.js [36m304[0m 2.559 ms - -[0m
2026-08-08 04:47:35 [INFO]: [0mGET /css/variables.css [36m304[0m 0.411 ms - -[0m
2026-08-08 04:47:35 [INFO]: [0mGET /css/utilities.css [36m304[0m 0.519 ms - -[0m
2026-08-08 04:47:35 [INFO]: [0mGET /css/animations.css [36m304[0m 0.711 ms - -[0m
2026-08-08 04:47:35 [INFO]: [0mGET /css/announcement.css [36m304[0m 1.099 ms - -[0m
2026-08-08 04:47:35 [INFO]: [0mGET /css/hero.css [36m304[0m 0.464 ms - -[0m
2026-08-08 04:47:35 [INFO]: [0mGET /css/featured.css [36m304[0m 0.952 ms - -[0m
2026-08-08 04:47:35 [INFO]: [0mGET /css/why-choose.css [36m304[0m 0.603 ms - -[0m
2026-08-08 04:47:35 [INFO]: [0mGET /css/footer.css [36m304[0m 0.710 ms - -[0m
2026-08-08 04:47:35 [INFO]: [0mGET /css/auth.css [36m304[0m 0.912 ms - -[0m
2026-08-08 04:47:35 [INFO]: [0mGET /css/verify.css [36m304[0m 0.337 ms - -[0m
2026-08-08 04:47:39 [INFO]: [0mPOST /admin/categories/create [36m302[0m 185.206 ms - 53[0m
2026-08-08 04:47:39 [INFO]: [0mGET /admin/categories/create [32m200[0m 117.335 ms - -[0m
2026-08-08 04:47:39 [INFO]: [0mGET /css/style.css [36m304[0m 0.956 ms - -[0m
2026-08-08 04:47:39 [INFO]: [0mGET /css/admin/layout.css [36m304[0m 1.030 ms - -[0m
2026-08-08 04:47:39 [INFO]: [0mGET /css/admin/users.css [36m304[0m 1.142 ms - -[0m
2026-08-08 04:47:39 [INFO]: [0mGET /css/admin/products.css [36m304[0m 1.331 ms - -[0m
2026-08-08 04:47:39 [INFO]: [0mGET /css/header.css [36m304[0m 1.495 ms - -[0m
2026-08-08 04:47:39 [INFO]: [0mGET /images/logo/plantora.png [36m304[0m 1.634 ms - -[0m
2026-08-08 04:47:40 [INFO]: [0mGET /js/admin/layout.js [36m304[0m 0.171 ms - -[0m
2026-08-08 04:47:40 [INFO]: [0mGET /js/admin/users.js [36m304[0m 0.352 ms - -[0m
2026-08-08 04:47:40 [INFO]: [0mGET /js/admin/products.js [36m304[0m 0.543 ms - -[0m
2026-08-08 04:47:40 [INFO]: [0mGET /js/header.js [36m304[0m 0.758 ms - -[0m
2026-08-08 04:47:40 [INFO]: [0mGET /js/notification.js [36m304[0m 0.905 ms - -[0m
2026-08-08 04:47:40 [INFO]: [0mGET /css/variables.css [36m304[0m 0.335 ms - -[0m
2026-08-08 04:47:40 [INFO]: [0mGET /css/utilities.css [36m304[0m 0.616 ms - -[0m
2026-08-08 04:47:40 [INFO]: [0mGET /css/animations.css [36m304[0m 1.018 ms - -[0m
2026-08-08 04:47:40 [INFO]: [0mGET /css/announcement.css [36m304[0m 1.778 ms - -[0m
2026-08-08 04:47:40 [INFO]: [0mGET /css/hero.css [36m304[0m 0.872 ms - -[0m
2026-08-08 04:47:40 [INFO]: [0mGET /css/featured.css [36m304[0m 1.202 ms - -[0m
2026-08-08 04:47:40 [INFO]: [0mGET /css/why-choose.css [36m304[0m 0.662 ms - -[0m
2026-08-08 04:47:40 [INFO]: [0mGET /css/footer.css [36m304[0m 0.685 ms - -[0m
2026-08-08 04:47:40 [INFO]: [0mGET /css/auth.css [36m304[0m 0.668 ms - -[0m
2026-08-08 04:47:40 [INFO]: [0mGET /css/verify.css [36m304[0m 0.255 ms - -[0m
2026-08-08 04:47:45 [INFO]: [0mGET /admin/categories [32m200[0m 217.298 ms - -[0m
2026-08-08 04:47:45 [INFO]: [0mGET /css/style.css [36m304[0m 0.396 ms - -[0m
2026-08-08 04:47:45 [INFO]: [0mGET /css/admin/layout.css [36m304[0m 1.322 ms - -[0m
2026-08-08 04:47:45 [INFO]: [0mGET /css/admin/users.css [36m304[0m 1.712 ms - -[0m
2026-08-08 04:47:45 [INFO]: [0mGET /css/admin/products.css [36m304[0m 1.687 ms - -[0m
2026-08-08 04:47:45 [INFO]: [0mGET /css/header.css [36m304[0m 1.566 ms - -[0m
2026-08-08 04:47:45 [INFO]: [0mGET /images/logo/plantora.png [36m304[0m 0.386 ms - -[0m
2026-08-08 04:47:45 [INFO]: [0mGET /js/admin/layout.js [36m304[0m 0.453 ms - -[0m
2026-08-08 04:47:45 [INFO]: [0mGET /js/admin/users.js [36m304[0m 0.899 ms - -[0m
2026-08-08 04:47:45 [INFO]: [0mGET /js/admin/products.js [36m304[0m 0.569 ms - -[0m
2026-08-08 04:47:45 [INFO]: [0mGET /js/header.js [36m304[0m 0.634 ms - -[0m
2026-08-08 04:47:45 [INFO]: [0mGET /js/notification.js [36m304[0m 0.580 ms - -[0m
2026-08-08 04:47:45 [INFO]: [0mGET /css/variables.css [36m304[0m 0.259 ms - -[0m
2026-08-08 04:47:45 [INFO]: [0mGET /css/utilities.css [36m304[0m 0.415 ms - -[0m
2026-08-08 04:47:45 [INFO]: [0mGET /css/animations.css [36m304[0m 0.843 ms - -[0m
2026-08-08 04:47:45 [INFO]: [0mGET /css/announcement.css [36m304[0m 0.493 ms - -[0m
2026-08-08 04:47:45 [INFO]: [0mGET /css/hero.css [36m304[0m 0.309 ms - -[0m
2026-08-08 04:47:45 [INFO]: [0mGET /css/featured.css [36m304[0m 0.533 ms - -[0m
2026-08-08 04:47:45 [INFO]: [0mGET /css/why-choose.css [36m304[0m 0.690 ms - -[0m
2026-08-08 04:47:45 [INFO]: [0mGET /css/footer.css [36m304[0m 1.297 ms - -[0m
2026-08-08 04:47:45 [INFO]: [0mGET /css/auth.css [36m304[0m 0.665 ms - -[0m
2026-08-08 04:47:45 [INFO]: [0mGET /css/verify.css [36m304[0m 0.938 ms - -[0m
2026-08-08 04:47:52 [ERROR]: ReferenceError: E:\Webskitters_Academy\NODE JS\final_project_node\plantora_final_project_node_ejs\views\admin\brands\index.ejs:85
    83|                                     name="search"
    84|                                     placeholder="Search brand..."
 >> 85|                                     value="<%= filters?.search || '' %>"
    86|                                 >
    87| 
    88|                             </div>

filters is not defined
    at eval (eval at compile (E:\Webskitters_Academy\NODE JS\final_project_node\plantora_final_project_node_ejs\node_modules\ejs\lib\cjs\ejs.js:607:18), <anonymous>:23:26)
    at index (E:\Webskitters_Academy\NODE JS\final_project_node\plantora_final_project_node_ejs\node_modules\ejs\lib\cjs\ejs.js:643:23)
    at tryHandleCache (E:\Webskitters_Academy\NODE JS\final_project_node\plantora_final_project_node_ejs\node_modules\ejs\lib\cjs\ejs.js:253:42)
    at ejs.renderFile [as engine] (E:\Webskitters_Academy\NODE JS\final_project_node\plantora_final_project_node_ejs\node_modules\ejs\lib\cjs\ejs.js:444:12)
    at View.render (E:\Webskitters_Academy\NODE JS\final_project_node\plantora_final_project_node_ejs\node_modules\express\lib\view.js:139:8)
    at tryRender (E:\Webskitters_Academy\NODE JS\final_project_node\plantora_final_project_node_ejs\node_modules\express\lib\application.js:627:10)
    at app.render (E:\Webskitters_Academy\NODE JS\final_project_node\plantora_final_project_node_ejs\node_modules\express\lib\application.js:574:3)
    at ServerResponse.render (E:\Webskitters_Academy\NODE JS\final_project_node\plantora_final_project_node_ejs\node_modules\express\lib\response.js:923:7)
    at showBrandsPage (E:\Webskitters_Academy\NODE JS\final_project_node\plantora_final_project_node_ejs\app\controllers\BrandController.js:151:18)
    at process.processTicksAndRejections (node:internal/process/task_queues:103:5)
2026-08-08 04:47:52 [INFO]: [0mGET /admin/brands [31m500[0m 199.605 ms - 555[0m
2026-08-08 04:57:28 [INFO]: [0mGET /admin/categories [36m304[0m 203.096 ms - -[0m
2026-08-08 04:57:28 [INFO]: [0mGET /css/style.css [36m304[0m 0.642 ms - -[0m
2026-08-08 04:57:28 [INFO]: [0mGET /css/admin/layout.css [36m304[0m 1.029 ms - -[0m
2026-08-08 04:57:28 [INFO]: [0mGET /css/admin/users.css [36m304[0m 0.493 ms - -[0m
2026-08-08 04:57:28 [INFO]: [0mGET /css/admin/products.css [36m304[0m 0.564 ms - -[0m
2026-08-08 04:57:28 [INFO]: [0mGET /css/header.css [36m304[0m 0.484 ms - -[0m
2026-08-08 04:57:28 [INFO]: [0mGET /images/logo/plantora.png [36m304[0m 0.909 ms - -[0m
2026-08-08 04:57:28 [INFO]: [0mGET /js/admin/layout.js [36m304[0m 0.136 ms - -[0m
2026-08-08 04:57:28 [INFO]: [0mGET /js/admin/users.js [36m304[0m 0.098 ms - -[0m
2026-08-08 04:57:28 [INFO]: [0mGET /js/admin/products.js [36m304[0m 0.188 ms - -[0m
2026-08-08 04:57:28 [INFO]: [0mGET /css/variables.css [36m304[0m 0.731 ms - -[0m
2026-08-08 04:57:28 [INFO]: [0mGET /css/utilities.css [36m304[0m 0.800 ms - -[0m
2026-08-08 04:57:28 [INFO]: [0mGET /css/animations.css [36m304[0m 0.934 ms - -[0m
2026-08-08 04:57:28 [INFO]: [0mGET /css/announcement.css [36m304[0m 1.063 ms - -[0m
2026-08-08 04:57:28 [INFO]: [0mGET /js/header.js [36m304[0m 1.440 ms - -[0m
2026-08-08 04:57:28 [INFO]: [0mGET /css/hero.css [36m304[0m 1.164 ms - -[0m
2026-08-08 04:57:28 [INFO]: [0mGET /css/featured.css [36m304[0m 0.638 ms - -[0m
2026-08-08 04:57:28 [INFO]: [0mGET /css/why-choose.css [36m304[0m 0.690 ms - -[0m
2026-08-08 04:57:28 [INFO]: [0mGET /css/footer.css [36m304[0m 1.034 ms - -[0m
2026-08-08 04:57:28 [INFO]: [0mGET /css/auth.css [36m304[0m 0.549 ms - -[0m
2026-08-08 04:57:28 [INFO]: [0mGET /css/verify.css [36m304[0m 0.622 ms - -[0m
2026-08-08 04:57:28 [INFO]: [0mGET /js/notification.js [36m304[0m 0.220 ms - -[0m
2026-08-08 04:57:35 [ERROR]: ReferenceError: E:\Webskitters_Academy\NODE JS\final_project_node\plantora_final_project_node_ejs\views\admin\brands\index.ejs:105
    103|                         </div>
    104| 
 >> 105|                         <% if(filters?.search){ %>
    106| 
    107|                             <div class="col-lg-2">
    108| 

filters is not defined
    at eval (eval at compile (E:\Webskitters_Academy\NODE JS\final_project_node\plantora_final_project_node_ejs\node_modules\ejs\lib\cjs\ejs.js:607:18), <anonymous>:26:8)
    at index (E:\Webskitters_Academy\NODE JS\final_project_node\plantora_final_project_node_ejs\node_modules\ejs\lib\cjs\ejs.js:643:23)
    at tryHandleCache (E:\Webskitters_Academy\NODE JS\final_project_node\plantora_final_project_node_ejs\node_modules\ejs\lib\cjs\ejs.js:253:42)
    at ejs.renderFile [as engine] (E:\Webskitters_Academy\NODE JS\final_project_node\plantora_final_project_node_ejs\node_modules\ejs\lib\cjs\ejs.js:444:12)
    at View.render (E:\Webskitters_Academy\NODE JS\final_project_node\plantora_final_project_node_ejs\node_modules\express\lib\view.js:139:8)
    at tryRender (E:\Webskitters_Academy\NODE JS\final_project_node\plantora_final_project_node_ejs\node_modules\express\lib\application.js:627:10)
    at app.render (E:\Webskitters_Academy\NODE JS\final_project_node\plantora_final_project_node_ejs\node_modules\express\lib\application.js:574:3)
    at ServerResponse.render (E:\Webskitters_Academy\NODE JS\final_project_node\plantora_final_project_node_ejs\node_modules\express\lib\response.js:923:7)
    at showBrandsPage (E:\Webskitters_Academy\NODE JS\final_project_node\plantora_final_project_node_ejs\app\controllers\BrandController.js:151:18)
    at process.processTicksAndRejections (node:internal/process/task_queues:103:5)
2026-08-08 04:57:35 [INFO]: [0mGET /admin/brands [31m500[0m 199.310 ms - 418[0m
2026-08-08 04:58:08 [INFO]: [0mGET /admin/categories [36m304[0m 208.500 ms - -[0m
2026-08-08 04:58:08 [INFO]: [0mGET /css/style.css [36m304[0m 0.925 ms - -[0m
2026-08-08 04:58:08 [INFO]: [0mGET /css/admin/layout.css [36m304[0m 0.970 ms - -[0m
2026-08-08 04:58:08 [INFO]: [0mGET /css/admin/users.css [36m304[0m 0.254 ms - -[0m
2026-08-08 04:58:08 [INFO]: [0mGET /css/admin/products.css [36m304[0m 0.296 ms - -[0m
2026-08-08 04:58:08 [INFO]: [0mGET /css/header.css [36m304[0m 0.401 ms - -[0m
2026-08-08 04:58:08 [INFO]: [0mGET /images/logo/plantora.png [36m304[0m 0.512 ms - -[0m
2026-08-08 04:58:08 [INFO]: [0mGET /js/admin/layout.js [36m304[0m 0.138 ms - -[0m
2026-08-08 04:58:08 [INFO]: [0mGET /js/admin/users.js [36m304[0m 0.397 ms - -[0m
2026-08-08 04:58:08 [INFO]: [0mGET /js/admin/products.js [36m304[0m 0.481 ms - -[0m
2026-08-08 04:58:08 [INFO]: [0mGET /js/header.js [36m304[0m 0.586 ms - -[0m
2026-08-08 04:58:08 [INFO]: [0mGET /js/notification.js [36m304[0m 0.996 ms - -[0m
2026-08-08 04:58:08 [INFO]: [0mGET /css/variables.css [36m304[0m 0.271 ms - -[0m
2026-08-08 04:58:08 [INFO]: [0mGET /css/utilities.css [36m304[0m 0.413 ms - -[0m
2026-08-08 04:58:08 [INFO]: [0mGET /css/animations.css [36m304[0m 0.913 ms - -[0m
2026-08-08 04:58:08 [INFO]: [0mGET /css/announcement.css [36m304[0m 0.569 ms - -[0m
2026-08-08 04:58:08 [INFO]: [0mGET /css/hero.css [36m304[0m 0.641 ms - -[0m
2026-08-08 04:58:08 [INFO]: [0mGET /css/featured.css [36m304[0m 0.881 ms - -[0m
2026-08-08 04:58:08 [INFO]: [0mGET /css/why-choose.css [36m304[0m 0.315 ms - -[0m
2026-08-08 04:58:08 [INFO]: [0mGET /css/footer.css [36m304[0m 0.254 ms - -[0m
2026-08-08 04:58:08 [INFO]: [0mGET /css/auth.css [36m304[0m 0.352 ms - -[0m
2026-08-08 04:58:08 [INFO]: [0mGET /css/verify.css [36m304[0m 0.457 ms - -[0m
2026-08-08 04:58:09 [INFO]: [0mGET /admin/categories [36m304[0m 198.410 ms - -[0m
2026-08-08 04:58:09 [INFO]: [0mGET /css/style.css [36m304[0m 0.447 ms - -[0m
2026-08-08 04:58:09 [INFO]: [0mGET /css/admin/layout.css [36m304[0m 0.572 ms - -[0m
2026-08-08 04:58:09 [INFO]: [0mGET /css/admin/users.css [36m304[0m 1.152 ms - -[0m
2026-08-08 04:58:09 [INFO]: [0mGET /css/admin/products.css [36m304[0m 0.658 ms - -[0m
2026-08-08 04:58:09 [INFO]: [0mGET /css/header.css [36m304[0m 0.746 ms - -[0m
2026-08-08 04:58:09 [INFO]: [0mGET /images/logo/plantora.png [36m304[0m 0.946 ms - -[0m
2026-08-08 04:58:09 [INFO]: [0mGET /js/admin/layout.js [36m304[0m 0.387 ms - -[0m
2026-08-08 04:58:09 [INFO]: [0mGET /js/admin/users.js [36m304[0m 0.359 ms - -[0m
2026-08-08 04:58:09 [INFO]: [0mGET /js/admin/products.js [36m304[0m 0.439 ms - -[0m
2026-08-08 04:58:09 [INFO]: [0mGET /js/header.js [36m304[0m 0.534 ms - -[0m
2026-08-08 04:58:09 [INFO]: [0mGET /css/variables.css [36m304[0m 0.682 ms - -[0m
2026-08-08 04:58:09 [INFO]: [0mGET /js/notification.js [36m304[0m 0.999 ms - -[0m
2026-08-08 04:58:09 [INFO]: [0mGET /css/utilities.css [36m304[0m 0.392 ms - -[0m
2026-08-08 04:58:09 [INFO]: [0mGET /css/animations.css [36m304[0m 0.386 ms - -[0m
2026-08-08 04:58:09 [INFO]: [0mGET /css/announcement.css [36m304[0m 0.483 ms - -[0m
2026-08-08 04:58:09 [INFO]: [0mGET /css/featured.css [36m304[0m 0.727 ms - -[0m
2026-08-08 04:58:09 [INFO]: [0mGET /css/hero.css [36m304[0m 1.078 ms - -[0m
2026-08-08 04:58:09 [INFO]: [0mGET /css/why-choose.css [36m304[0m 0.669 ms - -[0m
2026-08-08 04:58:09 [INFO]: [0mGET /css/footer.css [36m304[0m 0.969 ms - -[0m
2026-08-08 04:58:09 [INFO]: [0mGET /css/auth.css [36m304[0m 0.837 ms - -[0m
2026-08-08 04:58:09 [INFO]: [0mGET /css/verify.css [36m304[0m 0.447 ms - -[0m
2026-08-08 04:58:10 [ERROR]: ReferenceError: E:\Webskitters_Academy\NODE JS\final_project_node\plantora_final_project_node_ejs\views\admin\brands\index.ejs:105
    103|                         </div>
    104| 
 >> 105|                         <% if(filters?.search){ %>
    106| 
    107|                             <div class="col-lg-2">
    108| 

filters is not defined
    at eval (eval at compile (E:\Webskitters_Academy\NODE JS\final_project_node\plantora_final_project_node_ejs\node_modules\ejs\lib\cjs\ejs.js:607:18), <anonymous>:26:8)
    at index (E:\Webskitters_Academy\NODE JS\final_project_node\plantora_final_project_node_ejs\node_modules\ejs\lib\cjs\ejs.js:643:23)
    at tryHandleCache (E:\Webskitters_Academy\NODE JS\final_project_node\plantora_final_project_node_ejs\node_modules\ejs\lib\cjs\ejs.js:253:42)
    at ejs.renderFile [as engine] (E:\Webskitters_Academy\NODE JS\final_project_node\plantora_final_project_node_ejs\node_modules\ejs\lib\cjs\ejs.js:444:12)
    at View.render (E:\Webskitters_Academy\NODE JS\final_project_node\plantora_final_project_node_ejs\node_modules\express\lib\view.js:139:8)
    at tryRender (E:\Webskitters_Academy\NODE JS\final_project_node\plantora_final_project_node_ejs\node_modules\express\lib\application.js:627:10)
    at app.render (E:\Webskitters_Academy\NODE JS\final_project_node\plantora_final_project_node_ejs\node_modules\express\lib\application.js:574:3)
    at ServerResponse.render (E:\Webskitters_Academy\NODE JS\final_project_node\plantora_final_project_node_ejs\node_modules\express\lib\response.js:923:7)
    at showBrandsPage (E:\Webskitters_Academy\NODE JS\final_project_node\plantora_final_project_node_ejs\app\controllers\BrandController.js:151:18)
    at process.processTicksAndRejections (node:internal/process/task_queues:103:5)
2026-08-08 04:58:10 [INFO]: [0mGET /admin/brands [31m500[0m 200.264 ms - 418[0m
2026-08-08 04:59:22 [INFO]: SIGINT received. Shutting down server...
2026-08-08 04:59:24 [INFO]: MongoDB connected successfully.
2026-08-08 04:59:26 [INFO]: Email server connected successfully.
2026-08-08 04:59:26 [INFO]: Server is running on port 5132.
2026-08-08 04:59:27 [ERROR]: ReferenceError: E:\Webskitters_Academy\NODE JS\final_project_node\plantora_final_project_node_ejs\views\admin\brands\index.ejs:142
    140|             =========================================================== -->
    141| 
 >> 142|             <%- include("./partials/pagination") %>
    143| 
    144|         </main>
    145| 

E:\Webskitters_Academy\NODE JS\final_project_node\plantora_final_project_node_ejs\views\admin\brands\partials\pagination.ejs:1
 >> 1| <% if(pagination.totalPages > 1){ %>
    2| 
    3|     <div class="brand-pagination">
    4| 

pagination is not defined
    at eval (eval at compile (E:\Webskitters_Academy\NODE JS\final_project_node\plantora_final_project_node_ejs\node_modules\ejs\lib\cjs\ejs.js:607:18), <anonymous>:10:8)
    at pagination (E:\Webskitters_Academy\NODE JS\final_project_node\plantora_final_project_node_ejs\node_modules\ejs\lib\cjs\ejs.js:643:23)
    at include (E:\Webskitters_Academy\NODE JS\final_project_node\plantora_final_project_node_ejs\node_modules\ejs\lib\cjs\ejs.js:634:47)
    at eval (eval at compile (E:\Webskitters_Academy\NODE JS\final_project_node\plantora_final_project_node_ejs\node_modules\ejs\lib\cjs\ejs.js:607:18), <anonymous>:35:17)
    at index (E:\Webskitters_Academy\NODE JS\final_project_node\plantora_final_project_node_ejs\node_modules\ejs\lib\cjs\ejs.js:643:23)
    at tryHandleCache (E:\Webskitters_Academy\NODE JS\final_project_node\plantora_final_project_node_ejs\node_modules\ejs\lib\cjs\ejs.js:253:42)
    at ejs.renderFile [as engine] (E:\Webskitters_Academy\NODE JS\final_project_node\plantora_final_project_node_ejs\node_modules\ejs\lib\cjs\ejs.js:444:12)
    at View.render (E:\Webskitters_Academy\NODE JS\final_project_node\plantora_final_project_node_ejs\node_modules\express\lib\view.js:139:8)
    at tryRender (E:\Webskitters_Academy\NODE JS\final_project_node\plantora_final_project_node_ejs\node_modules\express\lib\application.js:627:10)
    at app.render (E:\Webskitters_Academy\NODE JS\final_project_node\plantora_final_project_node_ejs\node_modules\express\lib\application.js:574:3)
2026-08-08 04:59:27 [INFO]: [0mGET /admin/brands [31m500[0m 192.751 ms - 692[0m
2026-08-08 04:59:35 [INFO]: [0mGET /admin/categories [36m304[0m 202.873 ms - -[0m
2026-08-08 04:59:35 [INFO]: [0mGET /css/style.css [36m304[0m 0.837 ms - -[0m
2026-08-08 04:59:35 [INFO]: [0mGET /css/admin/layout.css [36m304[0m 1.061 ms - -[0m
2026-08-08 04:59:35 [INFO]: [0mGET /css/admin/users.css [36m304[0m 0.521 ms - -[0m
2026-08-08 04:59:35 [INFO]: [0mGET /css/admin/products.css [36m304[0m 0.650 ms - -[0m
2026-08-08 04:59:35 [INFO]: [0mGET /css/header.css [36m304[0m 0.475 ms - -[0m
2026-08-08 04:59:35 [INFO]: [0mGET /images/logo/plantora.png [36m304[0m 0.597 ms - -[0m
2026-08-08 04:59:35 [INFO]: [0mGET /js/admin/layout.js [36m304[0m 0.423 ms - -[0m
2026-08-08 04:59:35 [INFO]: [0mGET /js/admin/users.js [36m304[0m 0.288 ms - -[0m
2026-08-08 04:59:35 [INFO]: [0mGET /js/admin/products.js [36m304[0m 0.442 ms - -[0m
2026-08-08 04:59:35 [INFO]: [0mGET /js/header.js [36m304[0m 0.320 ms - -[0m
2026-08-08 04:59:35 [INFO]: [0mGET /css/variables.css [36m304[0m 0.433 ms - -[0m
2026-08-08 04:59:35 [INFO]: [0mGET /css/utilities.css [36m304[0m 0.658 ms - -[0m
2026-08-08 04:59:35 [INFO]: [0mGET /css/animations.css [36m304[0m 0.553 ms - -[0m
2026-08-08 04:59:35 [INFO]: [0mGET /css/announcement.css [36m304[0m 0.679 ms - -[0m
2026-08-08 04:59:35 [INFO]: [0mGET /css/hero.css [36m304[0m 1.037 ms - -[0m
2026-08-08 04:59:35 [INFO]: [0mGET /css/featured.css [36m304[0m 0.445 ms - -[0m
2026-08-08 04:59:35 [INFO]: [0mGET /css/why-choose.css [36m304[0m 0.577 ms - -[0m
2026-08-08 04:59:35 [INFO]: [0mGET /css/footer.css [36m304[0m 0.375 ms - -[0m
2026-08-08 04:59:35 [INFO]: [0mGET /css/auth.css [36m304[0m 0.528 ms - -[0m
2026-08-08 04:59:35 [INFO]: [0mGET /css/verify.css [36m304[0m 0.649 ms - -[0m
2026-08-08 04:59:35 [INFO]: [0mGET /js/notification.js [36m304[0m 0.124 ms - -[0m
2026-08-08 04:59:37 [ERROR]: ReferenceError: E:\Webskitters_Academy\NODE JS\final_project_node\plantora_final_project_node_ejs\views\admin\brands\index.ejs:142
    140|             =========================================================== -->
    141| 
 >> 142|             <%- include("./partials/pagination") %>
    143| 
    144|         </main>
    145| 

E:\Webskitters_Academy\NODE JS\final_project_node\plantora_final_project_node_ejs\views\admin\brands\partials\pagination.ejs:1
 >> 1| <% if(pagination.totalPages > 1){ %>
    2| 
    3|     <div class="brand-pagination">
    4| 

pagination is not defined
    at eval (eval at compile (E:\Webskitters_Academy\NODE JS\final_project_node\plantora_final_project_node_ejs\node_modules\ejs\lib\cjs\ejs.js:607:18), <anonymous>:10:8)
    at pagination (E:\Webskitters_Academy\NODE JS\final_project_node\plantora_final_project_node_ejs\node_modules\ejs\lib\cjs\ejs.js:643:23)
    at include (E:\Webskitters_Academy\NODE JS\final_project_node\plantora_final_project_node_ejs\node_modules\ejs\lib\cjs\ejs.js:634:47)
    at eval (eval at compile (E:\Webskitters_Academy\NODE JS\final_project_node\plantora_final_project_node_ejs\node_modules\ejs\lib\cjs\ejs.js:607:18), <anonymous>:35:17)
    at index (E:\Webskitters_Academy\NODE JS\final_project_node\plantora_final_project_node_ejs\node_modules\ejs\lib\cjs\ejs.js:643:23)
    at tryHandleCache (E:\Webskitters_Academy\NODE JS\final_project_node\plantora_final_project_node_ejs\node_modules\ejs\lib\cjs\ejs.js:253:42)
    at ejs.renderFile [as engine] (E:\Webskitters_Academy\NODE JS\final_project_node\plantora_final_project_node_ejs\node_modules\ejs\lib\cjs\ejs.js:444:12)
    at View.render (E:\Webskitters_Academy\NODE JS\final_project_node\plantora_final_project_node_ejs\node_modules\express\lib\view.js:139:8)
    at tryRender (E:\Webskitters_Academy\NODE JS\final_project_node\plantora_final_project_node_ejs\node_modules\express\lib\application.js:627:10)
    at app.render (E:\Webskitters_Academy\NODE JS\final_project_node\plantora_final_project_node_ejs\node_modules\express\lib\application.js:574:3)
2026-08-08 04:59:37 [INFO]: [0mGET /admin/brands [31m500[0m 185.712 ms - 692[0m
2026-08-08 05:28:09 [INFO]: SIGINT received. Shutting down server...
2026-08-08 05:28:13 [INFO]: MongoDB connected successfully.
2026-08-08 05:28:16 [INFO]: Email server connected successfully.
2026-08-08 05:28:16 [INFO]: Server is running on port 5132.
2026-08-08 05:38:42 [INFO]: MongoDB connected successfully.
2026-08-08 05:38:45 [INFO]: Email server connected successfully.
2026-08-08 05:38:45 [INFO]: Server is running on port 5132.
2026-08-08 05:57:15 [INFO]: MongoDB connected successfully.
2026-08-08 05:57:18 [INFO]: Email server connected successfully.
2026-08-08 05:57:18 [INFO]: Server is running on port 5132.
2026-08-08 06:03:46 [INFO]: MongoDB connected successfully.
2026-08-08 06:03:49 [INFO]: Email server connected successfully.
2026-08-08 06:03:49 [INFO]: Server is running on port 5132.
2026-08-08 06:03:50 [INFO]: [0mGET / [32m200[0m 11.117 ms - -[0m
2026-08-08 06:03:50 [INFO]: [0mGET /css/style.css [36m304[0m 2.565 ms - -[0m
2026-08-08 06:03:50 [INFO]: [0mGET /images/logo/plantora.png [36m304[0m 2.596 ms - -[0m
2026-08-08 06:03:50 [INFO]: [0mGET /images/hero/hero-placeholder.png [36m304[0m 3.011 ms - -[0m
2026-08-08 06:03:50 [INFO]: [0mGET /images/hero/monstera-plant.jpg [36m304[0m 1.282 ms - -[0m
2026-08-08 06:03:50 [INFO]: [0mGET /images/hero/snake-plant.jpg [36m304[0m 1.227 ms - -[0m
2026-08-08 06:03:50 [INFO]: [0mGET /images/hero/peace-lily.jpg [36m304[0m 0.355 ms - -[0m
2026-08-08 06:03:50 [INFO]: [0mGET /js/header.js [36m304[0m 0.213 ms - -[0m
2026-08-08 06:03:50 [INFO]: [0mGET /css/variables.css [36m304[0m 1.711 ms - -[0m
2026-08-08 06:03:50 [INFO]: [0mGET /css/utilities.css [36m304[0m 1.850 ms - -[0m
2026-08-08 06:03:50 [INFO]: [0mGET /css/animations.css [36m304[0m 1.698 ms - -[0m
2026-08-08 06:03:50 [INFO]: [0mGET /css/announcement.css [36m304[0m 2.035 ms - -[0m
2026-08-08 06:03:50 [INFO]: [0mGET /css/header.css [36m304[0m 0.471 ms - -[0m
2026-08-08 06:03:50 [INFO]: [0mGET /css/featured.css [36m304[0m 0.785 ms - -[0m
2026-08-08 06:03:50 [INFO]: [0mGET /css/why-choose.css [36m304[0m 1.030 ms - -[0m
2026-08-08 06:03:50 [INFO]: [0mGET /css/footer.css [36m304[0m 1.563 ms - -[0m
2026-08-08 06:03:50 [INFO]: [0mGET /css/hero.css [36m304[0m 1.902 ms - -[0m
2026-08-08 06:03:50 [INFO]: [0mGET /css/auth.css [36m304[0m 2.607 ms - -[0m
2026-08-08 06:03:50 [INFO]: [0mGET /css/verify.css [36m304[0m 0.663 ms - -[0m
2026-08-08 06:03:50 [INFO]: [0mGET /js/featured.js [36m304[0m 0.365 ms - -[0m
2026-08-08 06:03:50 [INFO]: [0mGET /js/why-choose.js [36m304[0m 0.619 ms - -[0m
2026-08-08 06:03:50 [INFO]: [0mGET /js/notification.js [36m304[0m 0.918 ms - -[0m
2026-08-08 06:03:50 [INFO]: [0mGET /js/footer.js [36m304[0m 0.284 ms - -[0m
2026-08-08 06:03:50 [INFO]: [0mGET /js/auth.js [36m304[0m 0.731 ms - -[0m
2026-08-08 06:03:50 [INFO]: [0mGET /images/hero/tulip-plant.jpg [36m304[0m 0.659 ms - -[0m
2026-08-08 06:03:50 [INFO]: [0mGET /images/hero/rubber-plant.jpg [36m304[0m 0.555 ms - -[0m
2026-08-08 06:03:50 [INFO]: [0mGET /images/hero/aloe-vera.jpg [36m304[0m 0.233 ms - -[0m
2026-08-08 06:03:50 [INFO]: [0mGET /images/hero/areca-palm.jpg [36m304[0m 0.253 ms - -[0m
2026-08-08 06:03:50 [INFO]: [0mGET /images/hero/jade-plant.jpg [36m304[0m 0.227 ms - -[0m
2026-08-08 06:03:50 [INFO]: [0mGET /images/hero/golden-pothos.jpg [36m304[0m 0.211 ms - -[0m
2026-08-08 06:03:50 [INFO]: [0mGET /images/hero/fiddle-leaf-fig.jpg [36m304[0m 0.321 ms - -[0m
2026-08-08 06:03:50 [INFO]: [0mGET /images/hero/why-choose.jpg [36m304[0m 0.302 ms - -[0m
2026-08-08 06:03:50 [INFO]: [0mGET /images/logo/plantora-orgn-white.png [36m304[0m 0.324 ms - -[0m
2026-08-08 06:03:54 [INFO]: Login successful : admin-plantora@yopmail.com
2026-08-08 06:03:54 [INFO]: [0mPOST /auth/login [32m200[0m 525.502 ms - 46[0m
2026-08-08 06:03:55 [INFO]: [0mGET / [32m200[0m 88.756 ms - -[0m
2026-08-08 06:03:55 [INFO]: [0mGET /css/style.css [36m304[0m 0.352 ms - -[0m
2026-08-08 06:03:55 [INFO]: [0mGET /images/logo/plantora.png [36m304[0m 0.315 ms - -[0m
2026-08-08 06:03:55 [INFO]: [0mGET /images/hero/hero-placeholder.png [36m304[0m 0.299 ms - -[0m
2026-08-08 06:03:55 [INFO]: [0mGET /images/hero/monstera-plant.jpg [36m304[0m 0.598 ms - -[0m
2026-08-08 06:03:55 [INFO]: [0mGET /js/header.js [36m304[0m 0.569 ms - -[0m
2026-08-08 06:03:55 [INFO]: [0mGET /js/featured.js [36m304[0m 0.611 ms - -[0m
2026-08-08 06:03:55 [INFO]: [0mGET /js/why-choose.js [36m304[0m 0.765 ms - -[0m
2026-08-08 06:03:55 [INFO]: [0mGET /js/notification.js [36m304[0m 0.229 ms - -[0m
2026-08-08 06:03:55 [INFO]: [0mGET /js/footer.js [36m304[0m 0.612 ms - -[0m
2026-08-08 06:03:55 [INFO]: [0mGET /js/auth.js [36m304[0m 0.822 ms - -[0m
2026-08-08 06:03:55 [INFO]: [0mGET /images/hero/snake-plant.jpg [36m304[0m 0.198 ms - -[0m
2026-08-08 06:03:55 [INFO]: [0mGET /images/hero/peace-lily.jpg [36m304[0m 0.375 ms - -[0m
2026-08-08 06:03:55 [INFO]: [0mGET /images/hero/tulip-plant.jpg [36m304[0m 0.593 ms - -[0m
2026-08-08 06:03:55 [INFO]: [0mGET /css/variables.css [36m304[0m 0.575 ms - -[0m
2026-08-08 06:03:55 [INFO]: [0mGET /css/utilities.css [36m304[0m 0.706 ms - -[0m
2026-08-08 06:03:55 [INFO]: [0mGET /css/animations.css [36m304[0m 2.403 ms - -[0m
2026-08-08 06:03:55 [INFO]: [0mGET /css/announcement.css [36m304[0m 1.720 ms - -[0m
2026-08-08 06:03:55 [INFO]: [0mGET /css/header.css [36m304[0m 1.153 ms - -[0m
2026-08-08 06:03:55 [INFO]: [0mGET /css/hero.css [36m304[0m 1.533 ms - -[0m
2026-08-08 06:03:55 [INFO]: [0mGET /css/featured.css [36m304[0m 0.629 ms - -[0m
2026-08-08 06:03:55 [INFO]: [0mGET /css/why-choose.css [36m304[0m 1.260 ms - -[0m
2026-08-08 06:03:55 [INFO]: [0mGET /css/footer.css [36m304[0m 0.798 ms - -[0m
2026-08-08 06:03:55 [INFO]: [0mGET /css/auth.css [36m304[0m 1.304 ms - -[0m
2026-08-08 06:03:55 [INFO]: [0mGET /css/verify.css [36m304[0m 0.757 ms - -[0m
2026-08-08 06:03:55 [INFO]: [0mGET /images/hero/rubber-plant.jpg [36m304[0m 0.976 ms - -[0m
2026-08-08 06:03:55 [INFO]: [0mGET /images/hero/aloe-vera.jpg [36m304[0m 0.928 ms - -[0m
2026-08-08 06:03:55 [INFO]: [0mGET /images/hero/areca-palm.jpg [36m304[0m 0.705 ms - -[0m
2026-08-08 06:03:55 [INFO]: [0mGET /images/hero/jade-plant.jpg [36m304[0m 1.001 ms - -[0m
2026-08-08 06:03:55 [INFO]: [0mGET /images/hero/golden-pothos.jpg [36m304[0m 0.492 ms - -[0m
2026-08-08 06:03:55 [INFO]: [0mGET /images/hero/fiddle-leaf-fig.jpg [36m304[0m 0.349 ms - -[0m
2026-08-08 06:03:55 [INFO]: [0mGET /images/hero/why-choose.jpg [36m304[0m 0.630 ms - -[0m
2026-08-08 06:03:55 [INFO]: [0mGET /images/logo/plantora-orgn-white.png [36m304[0m 0.925 ms - -[0m
2026-08-08 06:03:58 [INFO]: [0mGET /admin/dashboard [36m304[0m 130.204 ms - -[0m
2026-08-08 06:03:58 [INFO]: [0mGET /css/style.css [36m304[0m 1.501 ms - -[0m
2026-08-08 06:03:58 [INFO]: [0mGET /css/admin/layout.css [36m304[0m 1.815 ms - -[0m
2026-08-08 06:03:58 [INFO]: [0mGET /css/admin/users.css [36m304[0m 3.884 ms - -[0m
2026-08-08 06:03:58 [INFO]: [0mGET /css/admin/products.css [36m304[0m 4.229 ms - -[0m
2026-08-08 06:03:58 [INFO]: [0mGET /css/header.css [36m304[0m 4.500 ms - -[0m
2026-08-08 06:03:58 [INFO]: [0mGET /images/logo/plantora.png [36m304[0m 4.816 ms - -[0m
2026-08-08 06:03:58 [INFO]: [0mGET /js/admin/layout.js [36m304[0m 2.493 ms - -[0m
2026-08-08 06:03:58 [INFO]: [0mGET /js/admin/users.js [36m304[0m 2.886 ms - -[0m
2026-08-08 06:03:58 [INFO]: [0mGET /js/admin/products.js [36m304[0m 2.284 ms - -[0m
2026-08-08 06:03:58 [INFO]: [0mGET /js/header.js [36m304[0m 2.217 ms - -[0m
2026-08-08 06:03:58 [INFO]: [0mGET /js/notification.js [36m304[0m 2.606 ms - -[0m
2026-08-08 06:03:58 [INFO]: [0mGET /css/variables.css [36m304[0m 0.501 ms - -[0m
2026-08-08 06:03:58 [INFO]: [0mGET /css/utilities.css [36m304[0m 1.044 ms - -[0m
2026-08-08 06:03:58 [INFO]: [0mGET /css/animations.css [36m304[0m 0.770 ms - -[0m
2026-08-08 06:03:58 [INFO]: [0mGET /css/announcement.css [36m304[0m 0.952 ms - -[0m
2026-08-08 06:03:58 [INFO]: [0mGET /css/hero.css [36m304[0m 1.214 ms - -[0m
2026-08-08 06:03:58 [INFO]: [0mGET /css/featured.css [36m304[0m 1.516 ms - -[0m
2026-08-08 06:03:58 [INFO]: [0mGET /css/why-choose.css [36m304[0m 2.403 ms - -[0m
2026-08-08 06:03:58 [INFO]: [0mGET /css/footer.css [36m304[0m 1.200 ms - -[0m
2026-08-08 06:03:58 [INFO]: [0mGET /css/auth.css [36m304[0m 1.509 ms - -[0m
2026-08-08 06:03:58 [INFO]: [0mGET /css/verify.css [36m304[0m 0.959 ms - -[0m
2026-08-08 06:04:01 [INFO]: [0mGET /admin/categories [32m200[0m 218.702 ms - -[0m
2026-08-08 06:04:01 [INFO]: [0mGET /css/style.css [36m304[0m 1.401 ms - -[0m
2026-08-08 06:04:01 [INFO]: [0mGET /css/admin/layout.css [36m304[0m 1.792 ms - -[0m
2026-08-08 06:04:01 [INFO]: [0mGET /css/admin/users.css [36m304[0m 1.792 ms - -[0m
2026-08-08 06:04:01 [INFO]: [0mGET /css/admin/products.css [36m304[0m 1.781 ms - -[0m
2026-08-08 06:04:01 [INFO]: [0mGET /css/header.css [36m304[0m 1.879 ms - -[0m
2026-08-08 06:04:01 [INFO]: [0mGET /images/logo/plantora.png [36m304[0m 2.028 ms - -[0m
2026-08-08 06:04:01 [INFO]: [0mGET /js/admin/layout.js [36m304[0m 0.343 ms - -[0m
2026-08-08 06:04:01 [INFO]: [0mGET /js/admin/users.js [36m304[0m 0.667 ms - -[0m
2026-08-08 06:04:01 [INFO]: [0mGET /js/admin/products.js [36m304[0m 0.371 ms - -[0m
2026-08-08 06:04:01 [INFO]: [0mGET /js/header.js [36m304[0m 0.687 ms - -[0m
2026-08-08 06:04:01 [INFO]: [0mGET /js/notification.js [36m304[0m 0.928 ms - -[0m
2026-08-08 06:04:01 [INFO]: [0mGET /css/variables.css [36m304[0m 1.000 ms - -[0m
2026-08-08 06:04:01 [INFO]: [0mGET /css/utilities.css [36m304[0m 1.177 ms - -[0m
2026-08-08 06:04:01 [INFO]: [0mGET /css/animations.css [36m304[0m 1.394 ms - -[0m
2026-08-08 06:04:01 [INFO]: [0mGET /css/announcement.css [36m304[0m 1.561 ms - -[0m
2026-08-08 06:04:01 [INFO]: [0mGET /css/hero.css [36m304[0m 1.750 ms - -[0m
2026-08-08 06:04:01 [INFO]: [0mGET /css/featured.css [36m304[0m 1.982 ms - -[0m
2026-08-08 06:04:01 [INFO]: [0mGET /css/why-choose.css [36m304[0m 0.382 ms - -[0m
2026-08-08 06:04:01 [INFO]: [0mGET /css/footer.css [36m304[0m 0.523 ms - -[0m
2026-08-08 06:04:01 [INFO]: [0mGET /css/auth.css [36m304[0m 0.893 ms - -[0m
2026-08-08 06:04:01 [INFO]: [0mGET /css/verify.css [36m304[0m 1.562 ms - -[0m
2026-08-08 06:04:09 [INFO]: [0mGET /admin/brands [32m200[0m 206.032 ms - -[0m
2026-08-08 06:04:09 [INFO]: [0mGET /css/style.css [36m304[0m 0.925 ms - -[0m
2026-08-08 06:04:09 [INFO]: [0mGET /css/admin/layout.css [36m304[0m 1.462 ms - -[0m
2026-08-08 06:04:09 [INFO]: [0mGET /css/admin/users.css [36m304[0m 0.249 ms - -[0m
2026-08-08 06:04:09 [INFO]: [0mGET /css/admin/products.css [36m304[0m 0.642 ms - -[0m
2026-08-08 06:04:09 [INFO]: [0mGET /css/header.css [36m304[0m 0.870 ms - -[0m
2026-08-08 06:04:09 [INFO]: [0mGET /images/logo/plantora.png [36m304[0m 0.372 ms - -[0m
2026-08-08 06:04:09 [INFO]: [0mGET /js/admin/layout.js [36m304[0m 0.537 ms - -[0m
2026-08-08 06:04:09 [INFO]: [0mGET /js/admin/users.js [36m304[0m 0.878 ms - -[0m
2026-08-08 06:04:09 [INFO]: [0mGET /js/admin/products.js [36m304[0m 1.214 ms - -[0m
2026-08-08 06:04:09 [INFO]: [0mGET /js/notification.js [36m304[0m 0.332 ms - -[0m
2026-08-08 06:04:09 [INFO]: [0mGET /js/header.js [36m304[0m 0.532 ms - -[0m
2026-08-08 06:04:09 [INFO]: [0mGET /css/variables.css [36m304[0m 0.784 ms - -[0m
2026-08-08 06:04:09 [INFO]: [0mGET /css/utilities.css [36m304[0m 0.852 ms - -[0m
2026-08-08 06:04:09 [INFO]: [0mGET /css/animations.css [36m304[0m 1.582 ms - -[0m
2026-08-08 06:04:09 [INFO]: [0mGET /css/announcement.css [36m304[0m 1.460 ms - -[0m
2026-08-08 06:04:09 [INFO]: [0mGET /css/hero.css [36m304[0m 1.293 ms - -[0m
2026-08-08 06:04:09 [INFO]: [0mGET /css/featured.css [36m304[0m 2.149 ms - -[0m
2026-08-08 06:04:09 [INFO]: [0mGET /css/why-choose.css [36m304[0m 1.317 ms - -[0m
2026-08-08 06:04:09 [INFO]: [0mGET /css/footer.css [36m304[0m 1.377 ms - -[0m
2026-08-08 06:04:09 [INFO]: [0mGET /css/auth.css [36m304[0m 1.484 ms - -[0m
2026-08-08 06:04:09 [INFO]: [0mGET /css/verify.css [36m304[0m 0.303 ms - -[0m
2026-08-08 06:04:15 [INFO]: [0mGET /admin/categories [36m304[0m 209.257 ms - -[0m
2026-08-08 06:04:15 [INFO]: [0mGET /css/style.css [36m304[0m 0.513 ms - -[0m
2026-08-08 06:04:15 [INFO]: [0mGET /css/admin/layout.css [36m304[0m 0.545 ms - -[0m
2026-08-08 06:04:15 [INFO]: [0mGET /css/admin/users.css [36m304[0m 0.806 ms - -[0m
2026-08-08 06:04:15 [INFO]: [0mGET /css/admin/products.css [36m304[0m 1.057 ms - -[0m
2026-08-08 06:04:15 [INFO]: [0mGET /css/header.css [36m304[0m 1.302 ms - -[0m
2026-08-08 06:04:15 [INFO]: [0mGET /images/logo/plantora.png [36m304[0m 1.672 ms - -[0m
2026-08-08 06:04:15 [INFO]: [0mGET /js/admin/layout.js [36m304[0m 0.852 ms - -[0m
2026-08-08 06:04:15 [INFO]: [0mGET /js/admin/users.js [36m304[0m 0.640 ms - -[0m
2026-08-08 06:04:15 [INFO]: [0mGET /js/admin/products.js [36m304[0m 1.126 ms - -[0m
2026-08-08 06:04:15 [INFO]: [0mGET /js/header.js [36m304[0m 1.438 ms - -[0m
2026-08-08 06:04:15 [INFO]: [0mGET /js/notification.js [36m304[0m 1.190 ms - -[0m
2026-08-08 06:04:15 [INFO]: [0mGET /css/variables.css [36m304[0m 0.847 ms - -[0m
2026-08-08 06:04:15 [INFO]: [0mGET /css/utilities.css [36m304[0m 1.116 ms - -[0m
2026-08-08 06:04:15 [INFO]: [0mGET /css/animations.css [36m304[0m 0.913 ms - -[0m
2026-08-08 06:04:15 [INFO]: [0mGET /css/announcement.css [36m304[0m 1.068 ms - -[0m
2026-08-08 06:04:15 [INFO]: [0mGET /css/hero.css [36m304[0m 1.599 ms - -[0m
2026-08-08 06:04:15 [INFO]: [0mGET /css/featured.css [36m304[0m 0.558 ms - -[0m
2026-08-08 06:04:15 [INFO]: [0mGET /css/why-choose.css [36m304[0m 0.510 ms - -[0m
2026-08-08 06:04:15 [INFO]: [0mGET /css/footer.css [36m304[0m 0.724 ms - -[0m
2026-08-08 06:04:15 [INFO]: [0mGET /css/auth.css [36m304[0m 0.946 ms - -[0m
2026-08-08 06:04:15 [INFO]: [0mGET /css/verify.css [36m304[0m 1.211 ms - -[0m
2026-08-08 06:04:19 [INFO]: [0mGET /admin/categories/create [32m200[0m 121.894 ms - -[0m
2026-08-08 06:04:19 [INFO]: [0mGET /css/style.css [36m304[0m 1.081 ms - -[0m
2026-08-08 06:04:19 [INFO]: [0mGET /css/admin/layout.css [36m304[0m 1.262 ms - -[0m
2026-08-08 06:04:19 [INFO]: [0mGET /css/admin/users.css [36m304[0m 1.421 ms - -[0m
2026-08-08 06:04:19 [INFO]: [0mGET /css/admin/products.css [36m304[0m 1.252 ms - -[0m
2026-08-08 06:04:19 [INFO]: [0mGET /css/header.css [36m304[0m 1.784 ms - -[0m
2026-08-08 06:04:19 [INFO]: [0mGET /images/logo/plantora.png [36m304[0m 0.652 ms - -[0m
2026-08-08 06:04:19 [INFO]: [0mGET /js/admin/layout.js [36m304[0m 0.264 ms - -[0m
2026-08-08 06:04:19 [INFO]: [0mGET /js/admin/users.js [36m304[0m 0.489 ms - -[0m
2026-08-08 06:04:19 [INFO]: [0mGET /js/admin/products.js [36m304[0m 0.742 ms - -[0m
2026-08-08 06:04:19 [INFO]: [0mGET /js/header.js [36m304[0m 0.857 ms - -[0m
2026-08-08 06:04:19 [INFO]: [0mGET /js/notification.js [36m304[0m 1.204 ms - -[0m
2026-08-08 06:04:19 [INFO]: [0mGET /css/variables.css [36m304[0m 1.433 ms - -[0m
2026-08-08 06:04:19 [INFO]: [0mGET /css/utilities.css [36m304[0m 0.446 ms - -[0m
2026-08-08 06:04:19 [INFO]: [0mGET /css/animations.css [36m304[0m 0.712 ms - -[0m
2026-08-08 06:04:19 [INFO]: [0mGET /css/announcement.css [36m304[0m 0.668 ms - -[0m
2026-08-08 06:04:19 [INFO]: [0mGET /css/hero.css [36m304[0m 0.930 ms - -[0m
2026-08-08 06:04:19 [INFO]: [0mGET /css/featured.css [36m304[0m 1.401 ms - -[0m
2026-08-08 06:04:19 [INFO]: [0mGET /css/why-choose.css [36m304[0m 0.543 ms - -[0m
2026-08-08 06:04:19 [INFO]: [0mGET /css/footer.css [36m304[0m 1.153 ms - -[0m
2026-08-08 06:04:19 [INFO]: [0mGET /css/auth.css [36m304[0m 0.719 ms - -[0m
2026-08-08 06:04:19 [INFO]: [0mGET /css/verify.css [36m304[0m 0.824 ms - -[0m
2026-08-08 06:04:22 [INFO]: [0mGET /admin/categories [36m304[0m 201.601 ms - -[0m
2026-08-08 06:04:22 [INFO]: [0mGET /css/style.css [36m304[0m 0.479 ms - -[0m
2026-08-08 06:04:22 [INFO]: [0mGET /css/admin/layout.css [36m304[0m 0.653 ms - -[0m
2026-08-08 06:04:22 [INFO]: [0mGET /css/admin/users.css [36m304[0m 0.830 ms - -[0m
2026-08-08 06:04:22 [INFO]: [0mGET /css/admin/products.css [36m304[0m 0.978 ms - -[0m
2026-08-08 06:04:22 [INFO]: [0mGET /css/header.css [36m304[0m 1.340 ms - -[0m
2026-08-08 06:04:22 [INFO]: [0mGET /images/logo/plantora.png [36m304[0m 0.352 ms - -[0m
2026-08-08 06:04:22 [INFO]: [0mGET /js/admin/layout.js [36m304[0m 0.217 ms - -[0m
2026-08-08 06:04:22 [INFO]: [0mGET /js/admin/users.js [36m304[0m 0.186 ms - -[0m
2026-08-08 06:04:22 [INFO]: [0mGET /js/admin/products.js [36m304[0m 0.270 ms - -[0m
2026-08-08 06:04:22 [INFO]: [0mGET /js/header.js [36m304[0m 0.483 ms - -[0m
2026-08-08 06:04:22 [INFO]: [0mGET /js/notification.js [36m304[0m 0.635 ms - -[0m
2026-08-08 06:04:22 [INFO]: [0mGET /css/variables.css [36m304[0m 0.370 ms - -[0m
2026-08-08 06:04:22 [INFO]: [0mGET /css/utilities.css [36m304[0m 0.494 ms - -[0m
2026-08-08 06:04:22 [INFO]: [0mGET /css/animations.css [36m304[0m 0.891 ms - -[0m
2026-08-08 06:04:22 [INFO]: [0mGET /css/announcement.css [36m304[0m 1.142 ms - -[0m
2026-08-08 06:04:22 [INFO]: [0mGET /css/hero.css [36m304[0m 1.662 ms - -[0m
2026-08-08 06:04:22 [INFO]: [0mGET /css/featured.css [36m304[0m 0.175 ms - -[0m
2026-08-08 06:04:22 [INFO]: [0mGET /css/why-choose.css [36m304[0m 0.190 ms - -[0m
2026-08-08 06:04:22 [INFO]: [0mGET /css/footer.css [36m304[0m 0.362 ms - -[0m
2026-08-08 06:04:22 [INFO]: [0mGET /css/auth.css [36m304[0m 0.351 ms - -[0m
2026-08-08 06:04:22 [INFO]: [0mGET /css/verify.css [36m304[0m 0.610 ms - -[0m
2026-08-08 06:04:26 [INFO]: [0mGET /admin/users [36m304[0m 170.681 ms - -[0m
2026-08-08 06:04:26 [INFO]: [0mGET /css/style.css [36m304[0m 1.363 ms - -[0m
2026-08-08 06:04:26 [INFO]: [0mGET /css/admin/layout.css [36m304[0m 1.305 ms - -[0m
2026-08-08 06:04:26 [INFO]: [0mGET /css/admin/users.css [36m304[0m 1.256 ms - -[0m
2026-08-08 06:04:26 [INFO]: [0mGET /css/admin/products.css [36m304[0m 1.740 ms - -[0m
2026-08-08 06:04:26 [INFO]: [0mGET /css/header.css [36m304[0m 0.620 ms - -[0m
2026-08-08 06:04:26 [INFO]: [0mGET /images/logo/plantora.png [36m304[0m 0.682 ms - -[0m
2026-08-08 06:04:26 [INFO]: [0mGET /js/admin/layout.js [36m304[0m 0.600 ms - -[0m
2026-08-08 06:04:26 [INFO]: [0mGET /js/admin/users.js [36m304[0m 0.739 ms - -[0m
2026-08-08 06:04:26 [INFO]: [0mGET /js/admin/products.js [36m304[0m 0.962 ms - -[0m
2026-08-08 06:04:26 [INFO]: [0mGET /js/header.js [36m304[0m 1.169 ms - -[0m
2026-08-08 06:04:26 [INFO]: [0mGET /js/notification.js [36m304[0m 1.369 ms - -[0m
2026-08-08 06:04:26 [INFO]: [0mGET /css/variables.css [36m304[0m 0.149 ms - -[0m
2026-08-08 06:04:26 [INFO]: [0mGET /css/utilities.css [36m304[0m 0.412 ms - -[0m
2026-08-08 06:04:26 [INFO]: [0mGET /css/animations.css [36m304[0m 0.724 ms - -[0m
2026-08-08 06:04:26 [INFO]: [0mGET /css/announcement.css [36m304[0m 1.356 ms - -[0m
2026-08-08 06:04:26 [INFO]: [0mGET /css/hero.css [36m304[0m 0.682 ms - -[0m
2026-08-08 06:04:26 [INFO]: [0mGET /css/featured.css [36m304[0m 0.800 ms - -[0m
2026-08-08 06:04:26 [INFO]: [0mGET /css/why-choose.css [36m304[0m 0.261 ms - -[0m
2026-08-08 06:04:26 [INFO]: [0mGET /css/footer.css [36m304[0m 0.528 ms - -[0m
2026-08-08 06:04:26 [INFO]: [0mGET /css/auth.css [36m304[0m 1.272 ms - -[0m
2026-08-08 06:04:26 [INFO]: [0mGET /css/verify.css [36m304[0m 0.790 ms - -[0m
2026-08-08 06:04:48 [INFO]: [0mGET /admin/categories [36m304[0m 961.806 ms - -[0m
2026-08-08 06:04:49 [INFO]: [0mGET /admin/categories [0m-[0m - ms - -[0m
2026-08-08 06:04:50 [INFO]: [0mGET /admin/categories [32m200[0m 1396.538 ms - -[0m
2026-08-08 06:04:50 [INFO]: [0mGET /css/style.css [36m304[0m 0.611 ms - -[0m
2026-08-08 06:04:50 [INFO]: [0mGET /css/admin/layout.css [36m304[0m 0.564 ms - -[0m
2026-08-08 06:04:50 [INFO]: [0mGET /css/admin/users.css [36m304[0m 0.361 ms - -[0m
2026-08-08 06:04:50 [INFO]: [0mGET /css/admin/products.css [36m304[0m 0.549 ms - -[0m
2026-08-08 06:04:50 [INFO]: [0mGET /css/header.css [36m304[0m 0.206 ms - -[0m
2026-08-08 06:04:50 [INFO]: [0mGET /images/logo/plantora.png [36m304[0m 0.404 ms - -[0m
2026-08-08 06:04:50 [INFO]: [0mGET /js/admin/layout.js [36m304[0m 0.280 ms - -[0m
2026-08-08 06:04:50 [INFO]: [0mGET /js/admin/users.js [36m304[0m 0.402 ms - -[0m
2026-08-08 06:04:50 [INFO]: [0mGET /js/admin/products.js [36m304[0m 0.712 ms - -[0m
2026-08-08 06:04:50 [INFO]: [0mGET /js/header.js [36m304[0m 0.473 ms - -[0m
2026-08-08 06:04:50 [INFO]: [0mGET /css/variables.css [36m304[0m 0.683 ms - -[0m
2026-08-08 06:04:50 [INFO]: [0mGET /js/notification.js [36m304[0m 1.215 ms - -[0m
2026-08-08 06:04:50 [INFO]: [0mGET /css/animations.css [36m304[0m 0.464 ms - -[0m
2026-08-08 06:04:50 [INFO]: [0mGET /css/utilities.css [36m304[0m 1.542 ms - -[0m
2026-08-08 06:04:50 [INFO]: [0mGET /css/announcement.css [36m304[0m 1.331 ms - -[0m
2026-08-08 06:04:50 [INFO]: [0mGET /css/hero.css [36m304[0m 1.524 ms - -[0m
2026-08-08 06:04:50 [INFO]: [0mGET /css/featured.css [36m304[0m 0.314 ms - -[0m
2026-08-08 06:04:50 [INFO]: [0mGET /css/why-choose.css [36m304[0m 0.627 ms - -[0m
2026-08-08 06:04:50 [INFO]: [0mGET /css/footer.css [36m304[0m 1.062 ms - -[0m
2026-08-08 06:04:50 [INFO]: [0mGET /css/auth.css [36m304[0m 0.604 ms - -[0m
2026-08-08 06:04:50 [INFO]: [0mGET /css/verify.css [36m304[0m 0.763 ms - -[0m
2026-08-08 06:05:09 [INFO]: [0mGET /admin/brands [36m304[0m 1364.464 ms - -[0m
2026-08-08 06:05:09 [INFO]: [0mGET /css/style.css [36m304[0m 0.590 ms - -[0m
2026-08-08 06:05:09 [INFO]: [0mGET /css/admin/layout.css [36m304[0m 2.221 ms - -[0m
2026-08-08 06:05:09 [INFO]: [0mGET /css/admin/products.css [36m304[0m 1.713 ms - -[0m
2026-08-08 06:05:09 [INFO]: [0mGET /css/admin/users.css [36m304[0m 1.631 ms - -[0m
2026-08-08 06:05:09 [INFO]: [0mGET /images/logo/plantora.png [36m304[0m 0.234 ms - -[0m
2026-08-08 06:05:09 [INFO]: [0mGET /css/header.css [36m304[0m 0.520 ms - -[0m
2026-08-08 06:05:09 [INFO]: [0mGET /js/admin/layout.js [36m304[0m 0.460 ms - -[0m
2026-08-08 06:05:09 [INFO]: [0mGET /js/admin/users.js [36m304[0m 0.660 ms - -[0m
2026-08-08 06:05:09 [INFO]: [0mGET /js/admin/products.js [36m304[0m 0.502 ms - -[0m
2026-08-08 06:05:09 [INFO]: [0mGET /js/header.js [36m304[0m 0.737 ms - -[0m
2026-08-08 06:05:09 [INFO]: [0mGET /js/notification.js [36m304[0m 1.081 ms - -[0m
2026-08-08 06:05:09 [INFO]: [0mGET /css/variables.css [36m304[0m 0.528 ms - -[0m
2026-08-08 06:05:09 [INFO]: [0mGET /css/utilities.css [36m304[0m 0.619 ms - -[0m
2026-08-08 06:05:09 [INFO]: [0mGET /css/animations.css [36m304[0m 0.837 ms - -[0m
2026-08-08 06:05:09 [INFO]: [0mGET /css/announcement.css [36m304[0m 0.997 ms - -[0m
2026-08-08 06:05:09 [INFO]: [0mGET /css/hero.css [36m304[0m 1.464 ms - -[0m
2026-08-08 06:05:09 [INFO]: [0mGET /css/featured.css [36m304[0m 0.725 ms - -[0m
2026-08-08 06:05:09 [INFO]: [0mGET /css/why-choose.css [36m304[0m 1.145 ms - -[0m
2026-08-08 06:05:09 [INFO]: [0mGET /css/footer.css [36m304[0m 0.693 ms - -[0m
2026-08-08 06:05:09 [INFO]: [0mGET /css/auth.css [36m304[0m 0.944 ms - -[0m
2026-08-08 06:05:09 [INFO]: [0mGET /css/verify.css [36m304[0m 1.601 ms - -[0m
2026-08-08 06:05:16 [INFO]: [0mGET /admin/brands/create [32m200[0m 126.732 ms - -[0m
2026-08-08 06:05:16 [INFO]: [0mGET /css/style.css [36m304[0m 0.766 ms - -[0m
2026-08-08 06:05:16 [INFO]: [0mGET /css/admin/layout.css [36m304[0m 0.983 ms - -[0m
2026-08-08 06:05:16 [INFO]: [0mGET /css/admin/users.css [36m304[0m 1.681 ms - -[0m
2026-08-08 06:05:16 [INFO]: [0mGET /css/admin/products.css [36m304[0m 0.919 ms - -[0m
2026-08-08 06:05:16 [INFO]: [0mGET /css/header.css [36m304[0m 1.044 ms - -[0m
2026-08-08 06:05:16 [INFO]: [0mGET /images/logo/plantora.png [36m304[0m 1.015 ms - -[0m
2026-08-08 06:05:16 [INFO]: [0mGET /js/admin/layout.js [36m304[0m 0.336 ms - -[0m
2026-08-08 06:05:16 [INFO]: [0mGET /js/admin/users.js [36m304[0m 0.437 ms - -[0m
2026-08-08 06:05:16 [INFO]: [0mGET /js/header.js [36m304[0m 0.412 ms - -[0m
2026-08-08 06:05:16 [INFO]: [0mGET /js/admin/products.js [36m304[0m 1.316 ms - -[0m
2026-08-08 06:05:16 [INFO]: [0mGET /js/notification.js [36m304[0m 1.452 ms - -[0m
2026-08-08 06:05:16 [INFO]: [0mGET /css/variables.css [36m304[0m 0.726 ms - -[0m
2026-08-08 06:05:16 [INFO]: [0mGET /css/utilities.css [36m304[0m 1.140 ms - -[0m
2026-08-08 06:05:16 [INFO]: [0mGET /css/animations.css [36m304[0m 1.930 ms - -[0m
2026-08-08 06:05:16 [INFO]: [0mGET /css/announcement.css [36m304[0m 0.676 ms - -[0m
2026-08-08 06:05:16 [INFO]: [0mGET /css/hero.css [36m304[0m 0.768 ms - -[0m
2026-08-08 06:05:16 [INFO]: [0mGET /css/featured.css [36m304[0m 0.982 ms - -[0m
2026-08-08 06:05:16 [INFO]: [0mGET /css/why-choose.css [36m304[0m 1.250 ms - -[0m
2026-08-08 06:05:16 [INFO]: [0mGET /css/footer.css [36m304[0m 1.979 ms - -[0m
2026-08-08 06:05:16 [INFO]: [0mGET /css/auth.css [36m304[0m 0.908 ms - -[0m
2026-08-08 06:05:16 [INFO]: [0mGET /css/verify.css [36m304[0m 0.994 ms - -[0m
2026-08-08 06:05:23 [ERROR]: Create brand failed : next is not a function
2026-08-08 06:05:23 [ERROR]: TypeError: next is not a function
    at model.<anonymous> (E:\Webskitters_Academy\NODE JS\final_project_node\plantora_final_project_node_ejs\app\models\Brand.js:134:3)
    at Kareem.execPre (E:\Webskitters_Academy\NODE JS\final_project_node\plantora_final_project_node_ejs\node_modules\kareem\index.js:59:39)
    at model._execDocumentPreHooks (E:\Webskitters_Academy\NODE JS\final_project_node\plantora_final_project_node_ejs\node_modules\mongoose\lib\document.js:3226:29)
    at model.$__save (E:\Webskitters_Academy\NODE JS\final_project_node\plantora_final_project_node_ejs\node_modules\mongoose\lib\model.js:403:16)
    at process.processTicksAndRejections (node:internal/process/task_queues:103:5)
    at async maybeTracedSave (E:\Webskitters_Academy\NODE JS\final_project_node\plantora_final_project_node_ejs\node_modules\mongoose\lib\model.js:675:7)
    at async model.create (E:\Webskitters_Academy\NODE JS\final_project_node\plantora_final_project_node_ejs\node_modules\mongoose\lib\model.js:2763:5)
    at async createBrand (E:\Webskitters_Academy\NODE JS\final_project_node\plantora_final_project_node_ejs\app\controllers\BrandController.js:219:21)
2026-08-08 06:05:23 [INFO]: [0mPOST /admin/brands/create [31m500[0m 159.334 ms - 74[0m
2026-08-08 06:05:54 [INFO]: [0mGET /admin/brands [36m304[0m 207.278 ms - -[0m
2026-08-08 06:05:54 [INFO]: [0mGET /css/style.css [36m304[0m 0.310 ms - -[0m
2026-08-08 06:05:54 [INFO]: [0mGET /css/admin/layout.css [36m304[0m 0.523 ms - -[0m
2026-08-08 06:05:54 [INFO]: [0mGET /css/admin/users.css [36m304[0m 0.763 ms - -[0m
2026-08-08 06:05:54 [INFO]: [0mGET /css/admin/products.css [36m304[0m 0.439 ms - -[0m
2026-08-08 06:05:54 [INFO]: [0mGET /css/header.css [36m304[0m 0.769 ms - -[0m
2026-08-08 06:05:54 [INFO]: [0mGET /images/logo/plantora.png [36m304[0m 0.959 ms - -[0m
2026-08-08 06:05:54 [INFO]: [0mGET /js/admin/layout.js [36m304[0m 0.204 ms - -[0m
2026-08-08 06:05:54 [INFO]: [0mGET /js/admin/users.js [36m304[0m 0.264 ms - -[0m
2026-08-08 06:05:54 [INFO]: [0mGET /js/admin/products.js [36m304[0m 0.290 ms - -[0m
2026-08-08 06:05:54 [INFO]: [0mGET /js/header.js [36m304[0m 0.442 ms - -[0m
2026-08-08 06:05:54 [INFO]: [0mGET /js/notification.js [36m304[0m 0.946 ms - -[0m
2026-08-08 06:05:54 [INFO]: [0mGET /css/variables.css [36m304[0m 0.412 ms - -[0m
2026-08-08 06:05:54 [INFO]: [0mGET /css/utilities.css [36m304[0m 0.628 ms - -[0m
2026-08-08 06:05:54 [INFO]: [0mGET /css/animations.css [36m304[0m 1.004 ms - -[0m
2026-08-08 06:05:54 [INFO]: [0mGET /css/hero.css [36m304[0m 0.842 ms - -[0m
2026-08-08 06:05:54 [INFO]: [0mGET /css/featured.css [36m304[0m 0.976 ms - -[0m
2026-08-08 06:05:54 [INFO]: [0mGET /css/announcement.css [36m304[0m 1.129 ms - -[0m
2026-08-08 06:05:54 [INFO]: [0mGET /css/why-choose.css [36m304[0m 1.504 ms - -[0m
2026-08-08 06:05:54 [INFO]: [0mGET /css/footer.css [36m304[0m 0.590 ms - -[0m
2026-08-08 06:05:54 [INFO]: [0mGET /css/auth.css [36m304[0m 0.831 ms - -[0m
2026-08-08 06:05:54 [INFO]: [0mGET /css/verify.css [36m304[0m 0.356 ms - -[0m
2026-08-08 06:06:12 [INFO]: [0mGET /admin/categories [36m304[0m 1297.097 ms - -[0m
2026-08-08 06:06:12 [INFO]: [0mGET /css/style.css [36m304[0m 0.729 ms - -[0m
2026-08-08 06:06:12 [INFO]: [0mGET /css/admin/layout.css [36m304[0m 0.944 ms - -[0m
2026-08-08 06:06:12 [INFO]: [0mGET /css/admin/products.css [36m304[0m 0.292 ms - -[0m
2026-08-08 06:06:12 [INFO]: [0mGET /css/admin/users.css [36m304[0m 0.446 ms - -[0m
2026-08-08 06:06:12 [INFO]: [0mGET /css/header.css [36m304[0m 0.872 ms - -[0m
2026-08-08 06:06:12 [INFO]: [0mGET /images/logo/plantora.png [36m304[0m 1.091 ms - -[0m
2026-08-08 06:06:12 [INFO]: [0mGET /js/admin/layout.js [36m304[0m 0.439 ms - -[0m
2026-08-08 06:06:12 [INFO]: [0mGET /js/admin/users.js [36m304[0m 0.774 ms - -[0m
2026-08-08 06:06:12 [INFO]: [0mGET /js/admin/products.js [36m304[0m 1.092 ms - -[0m
2026-08-08 06:06:12 [INFO]: [0mGET /js/header.js [36m304[0m 1.428 ms - -[0m
2026-08-08 06:06:12 [INFO]: [0mGET /js/notification.js [36m304[0m 1.956 ms - -[0m
2026-08-08 06:06:12 [INFO]: [0mGET /css/variables.css [36m304[0m 0.184 ms - -[0m
2026-08-08 06:06:12 [INFO]: [0mGET /css/utilities.css [36m304[0m 0.197 ms - -[0m
2026-08-08 06:06:12 [INFO]: [0mGET /css/animations.css [36m304[0m 0.456 ms - -[0m
2026-08-08 06:06:12 [INFO]: [0mGET /css/announcement.css [36m304[0m 0.661 ms - -[0m
2026-08-08 06:06:12 [INFO]: [0mGET /css/hero.css [36m304[0m 0.992 ms - -[0m
2026-08-08 06:06:12 [INFO]: [0mGET /css/featured.css [36m304[0m 1.354 ms - -[0m
2026-08-08 06:06:12 [INFO]: [0mGET /css/why-choose.css [36m304[0m 0.223 ms - -[0m
2026-08-08 06:06:12 [INFO]: [0mGET /css/footer.css [36m304[0m 0.372 ms - -[0m
2026-08-08 06:06:12 [INFO]: [0mGET /css/auth.css [36m304[0m 0.433 ms - -[0m
2026-08-08 06:06:12 [INFO]: [0mGET /css/verify.css [36m304[0m 0.450 ms - -[0m
2026-08-08 06:06:14 [INFO]: [0mGET /admin/categories [36m304[0m 999.757 ms - -[0m
2026-08-08 06:06:14 [INFO]: [0mGET /css/style.css [36m304[0m 0.211 ms - -[0m
2026-08-08 06:06:14 [INFO]: [0mGET /css/admin/layout.css [36m304[0m 0.586 ms - -[0m
2026-08-08 06:06:14 [INFO]: [0mGET /css/admin/users.css [36m304[0m 2.397 ms - -[0m
2026-08-08 06:06:14 [INFO]: [0mGET /css/admin/products.css [36m304[0m 3.401 ms - -[0m
2026-08-08 06:06:14 [INFO]: [0mGET /css/header.css [36m304[0m 0.842 ms - -[0m
2026-08-08 06:06:14 [INFO]: [0mGET /images/logo/plantora.png [36m304[0m 0.332 ms - -[0m
2026-08-08 06:06:14 [INFO]: [0mGET /js/admin/layout.js [36m304[0m 0.373 ms - -[0m
2026-08-08 06:06:14 [INFO]: [0mGET /js/admin/users.js [36m304[0m 0.662 ms - -[0m
2026-08-08 06:06:14 [INFO]: [0mGET /js/admin/products.js [36m304[0m 0.895 ms - -[0m
2026-08-08 06:06:14 [INFO]: [0mGET /js/header.js [36m304[0m 1.144 ms - -[0m
2026-08-08 06:06:14 [INFO]: [0mGET /js/notification.js [36m304[0m 0.319 ms - -[0m
2026-08-08 06:06:14 [INFO]: [0mGET /css/variables.css [36m304[0m 0.269 ms - -[0m
2026-08-08 06:06:14 [INFO]: [0mGET /css/utilities.css [36m304[0m 0.399 ms - -[0m
2026-08-08 06:06:14 [INFO]: [0mGET /css/animations.css [36m304[0m 0.866 ms - -[0m
2026-08-08 06:06:14 [INFO]: [0mGET /css/announcement.css [36m304[0m 0.627 ms - -[0m
2026-08-08 06:06:14 [INFO]: [0mGET /css/hero.css [36m304[0m 1.545 ms - -[0m
2026-08-08 06:06:14 [INFO]: [0mGET /css/featured.css [36m304[0m 1.178 ms - -[0m
2026-08-08 06:06:14 [INFO]: [0mGET /css/why-choose.css [36m304[0m 1.412 ms - -[0m
2026-08-08 06:06:14 [INFO]: [0mGET /css/footer.css [36m304[0m 2.297 ms - -[0m
2026-08-08 06:06:14 [INFO]: [0mGET /css/auth.css [36m304[0m 1.286 ms - -[0m
2026-08-08 06:06:14 [INFO]: [0mGET /css/verify.css [36m304[0m 1.358 ms - -[0m
2026-08-08 06:06:19 [INFO]: [0mGET /admin/categories/6a7662db79a53578cd4e20af/edit [32m200[0m 334.770 ms - -[0m
2026-08-08 06:06:19 [INFO]: [0mGET /css/style.css [36m304[0m 1.217 ms - -[0m
2026-08-08 06:06:19 [INFO]: [0mGET /css/admin/layout.css [36m304[0m 1.486 ms - -[0m
2026-08-08 06:06:19 [INFO]: [0mGET /css/admin/users.css [36m304[0m 1.812 ms - -[0m
2026-08-08 06:06:19 [INFO]: [0mGET /css/admin/products.css [36m304[0m 2.536 ms - -[0m
2026-08-08 06:06:19 [INFO]: [0mGET /css/header.css [36m304[0m 0.890 ms - -[0m
2026-08-08 06:06:19 [INFO]: [0mGET /images/logo/plantora.png [36m304[0m 0.973 ms - -[0m
2026-08-08 06:06:19 [INFO]: [0mGET /js/admin/layout.js [36m304[0m 0.495 ms - -[0m
2026-08-08 06:06:19 [INFO]: [0mGET /js/admin/users.js [36m304[0m 0.376 ms - -[0m
2026-08-08 06:06:19 [INFO]: [0mGET /css/variables.css [36m304[0m 0.952 ms - -[0m
2026-08-08 06:06:19 [INFO]: [0mGET /css/utilities.css [36m304[0m 1.329 ms - -[0m
2026-08-08 06:06:19 [INFO]: [0mGET /css/animations.css [36m304[0m 1.859 ms - -[0m
2026-08-08 06:06:19 [INFO]: [0mGET /js/admin/products.js [36m304[0m 2.407 ms - -[0m
2026-08-08 06:06:19 [INFO]: [0mGET /js/header.js [36m304[0m 2.777 ms - -[0m
2026-08-08 06:06:19 [INFO]: [0mGET /js/notification.js [36m304[0m 3.773 ms - -[0m
2026-08-08 06:06:19 [INFO]: [0mGET /css/announcement.css [36m304[0m 0.885 ms - -[0m
2026-08-08 06:06:19 [INFO]: [0mGET /css/hero.css [36m304[0m 1.091 ms - -[0m
2026-08-08 06:06:19 [INFO]: [0mGET /css/featured.css [36m304[0m 1.375 ms - -[0m
2026-08-08 06:06:19 [INFO]: [0mGET /css/why-choose.css [36m304[0m 1.725 ms - -[0m
2026-08-08 06:06:19 [INFO]: [0mGET /css/footer.css [36m304[0m 2.337 ms - -[0m
2026-08-08 06:06:19 [INFO]: [0mGET /css/auth.css [36m304[0m 0.925 ms - -[0m
2026-08-08 06:06:19 [INFO]: [0mGET /css/verify.css [36m304[0m 0.339 ms - -[0m
2026-08-08 06:06:25 [ERROR]: Failed to create audit log: AuditLog validation failed: module: `Category` is not a valid enum value for path `module`.
2026-08-08 06:06:25 [INFO]: Category deleted : Shrubs
2026-08-08 06:06:25 [INFO]: [0mDELETE /admin/categories/6a7662db79a53578cd4e20af?_method=DELETE [36m302[0m 246.012 ms - 46[0m
2026-08-08 06:06:25 [INFO]: [0mGET /admin/categories [32m200[0m 196.851 ms - -[0m
2026-08-08 06:06:25 [INFO]: [0mGET /css/style.css [36m304[0m 0.520 ms - -[0m
2026-08-08 06:06:25 [INFO]: [0mGET /css/admin/layout.css [36m304[0m 0.461 ms - -[0m
2026-08-08 06:06:25 [INFO]: [0mGET /css/admin/users.css [36m304[0m 0.831 ms - -[0m
2026-08-08 06:06:25 [INFO]: [0mGET /css/admin/products.css [36m304[0m 0.411 ms - -[0m
2026-08-08 06:06:25 [INFO]: [0mGET /css/header.css [36m304[0m 0.541 ms - -[0m
2026-08-08 06:06:25 [INFO]: [0mGET /images/logo/plantora.png [36m304[0m 0.790 ms - -[0m
2026-08-08 06:06:25 [INFO]: [0mGET /js/admin/layout.js [36m304[0m 0.674 ms - -[0m
2026-08-08 06:06:25 [INFO]: [0mGET /js/admin/users.js [36m304[0m 0.900 ms - -[0m
2026-08-08 06:06:25 [INFO]: [0mGET /js/admin/products.js [36m304[0m 1.027 ms - -[0m
2026-08-08 06:06:25 [INFO]: [0mGET /js/header.js [36m304[0m 1.422 ms - -[0m
2026-08-08 06:06:25 [INFO]: [0mGET /js/notification.js [36m304[0m 0.225 ms - -[0m
2026-08-08 06:06:25 [INFO]: [0mGET /css/variables.css [36m304[0m 0.345 ms - -[0m
2026-08-08 06:06:25 [INFO]: [0mGET /css/utilities.css [36m304[0m 0.204 ms - -[0m
2026-08-08 06:06:25 [INFO]: [0mGET /css/animations.css [36m304[0m 0.567 ms - -[0m
2026-08-08 06:06:25 [INFO]: [0mGET /css/announcement.css [36m304[0m 0.779 ms - -[0m
2026-08-08 06:06:25 [INFO]: [0mGET /css/hero.css [36m304[0m 0.933 ms - -[0m
2026-08-08 06:06:25 [INFO]: [0mGET /css/featured.css [36m304[0m 1.501 ms - -[0m
2026-08-08 06:06:25 [INFO]: [0mGET /css/why-choose.css [36m304[0m 0.505 ms - -[0m
2026-08-08 06:06:25 [INFO]: [0mGET /css/footer.css [36m304[0m 0.848 ms - -[0m
2026-08-08 06:06:25 [INFO]: [0mGET /css/auth.css [36m304[0m 0.436 ms - -[0m
2026-08-08 06:06:25 [INFO]: [0mGET /css/verify.css [36m304[0m 0.500 ms - -[0m
2026-08-08 06:06:28 [INFO]: [0mGET /admin/categories/create [36m304[0m 117.019 ms - -[0m
2026-08-08 06:06:28 [INFO]: [0mGET /css/style.css [36m304[0m 0.546 ms - -[0m
2026-08-08 06:06:28 [INFO]: [0mGET /css/admin/layout.css [36m304[0m 1.224 ms - -[0m
2026-08-08 06:06:28 [INFO]: [0mGET /css/admin/users.css [36m304[0m 0.821 ms - -[0m
2026-08-08 06:06:28 [INFO]: [0mGET /css/admin/products.css [36m304[0m 1.498 ms - -[0m
2026-08-08 06:06:28 [INFO]: [0mGET /css/header.css [36m304[0m 0.830 ms - -[0m
2026-08-08 06:06:28 [INFO]: [0mGET /images/logo/plantora.png [36m304[0m 1.010 ms - -[0m
2026-08-08 06:06:28 [INFO]: [0mGET /js/admin/layout.js [36m304[0m 0.505 ms - -[0m
2026-08-08 06:06:28 [INFO]: [0mGET /js/admin/users.js [36m304[0m 0.958 ms - -[0m
2026-08-08 06:06:28 [INFO]: [0mGET /js/admin/products.js [36m304[0m 1.210 ms - -[0m
2026-08-08 06:06:28 [INFO]: [0mGET /js/header.js [36m304[0m 1.263 ms - -[0m
2026-08-08 06:06:28 [INFO]: [0mGET /js/notification.js [36m304[0m 1.461 ms - -[0m
2026-08-08 06:06:28 [INFO]: [0mGET /css/variables.css [36m304[0m 0.546 ms - -[0m
2026-08-08 06:06:28 [INFO]: [0mGET /css/utilities.css [36m304[0m 0.647 ms - -[0m
2026-08-08 06:06:28 [INFO]: [0mGET /css/animations.css [36m304[0m 1.174 ms - -[0m
2026-08-08 06:06:28 [INFO]: [0mGET /css/announcement.css [36m304[0m 0.670 ms - -[0m
2026-08-08 06:06:28 [INFO]: [0mGET /css/hero.css [36m304[0m 0.821 ms - -[0m
2026-08-08 06:06:28 [INFO]: [0mGET /css/featured.css [36m304[0m 0.478 ms - -[0m
2026-08-08 06:06:28 [INFO]: [0mGET /css/why-choose.css [36m304[0m 0.686 ms - -[0m
2026-08-08 06:06:28 [INFO]: [0mGET /css/footer.css [36m304[0m 1.132 ms - -[0m
2026-08-08 06:06:28 [INFO]: [0mGET /css/auth.css [36m304[0m 0.624 ms - -[0m
2026-08-08 06:06:28 [INFO]: [0mGET /css/verify.css [36m304[0m 1.211 ms - -[0m
2026-08-08 06:06:33 [ERROR]: Failed to create audit log: AuditLog validation failed: module: `Category` is not a valid enum value for path `module`.
2026-08-08 06:06:33 [INFO]: Category created : Shrubs
2026-08-08 06:06:33 [INFO]: [0mPOST /admin/categories/create [36m302[0m 239.942 ms - 46[0m
2026-08-08 06:06:33 [INFO]: [0mGET /admin/categories [32m200[0m 193.941 ms - -[0m
2026-08-08 06:06:33 [INFO]: [0mGET /css/style.css [36m304[0m 0.307 ms - -[0m
2026-08-08 06:06:33 [INFO]: [0mGET /css/admin/layout.css [36m304[0m 0.605 ms - -[0m
2026-08-08 06:06:33 [INFO]: [0mGET /css/admin/users.css [36m304[0m 5.807 ms - -[0m
2026-08-08 06:06:33 [INFO]: [0mGET /css/admin/products.css [36m304[0m 5.554 ms - -[0m
2026-08-08 06:06:33 [INFO]: [0mGET /css/header.css [36m304[0m 5.964 ms - -[0m
2026-08-08 06:06:33 [INFO]: [0mGET /images/logo/plantora.png [36m304[0m 6.599 ms - -[0m
2026-08-08 06:06:33 [INFO]: [0mGET /js/admin/layout.js [36m304[0m 0.680 ms - -[0m
2026-08-08 06:06:33 [INFO]: [0mGET /js/admin/users.js [36m304[0m 0.444 ms - -[0m
2026-08-08 06:06:33 [INFO]: [0mGET /js/admin/products.js [36m304[0m 0.837 ms - -[0m
2026-08-08 06:06:33 [INFO]: [0mGET /js/header.js [36m304[0m 1.192 ms - -[0m
2026-08-08 06:06:33 [INFO]: [0mGET /js/notification.js [36m304[0m 1.729 ms - -[0m
2026-08-08 06:06:33 [INFO]: [0mGET /css/variables.css [36m304[0m 0.933 ms - -[0m
2026-08-08 06:06:33 [INFO]: [0mGET /css/utilities.css [36m304[0m 1.208 ms - -[0m
2026-08-08 06:06:33 [INFO]: [0mGET /css/animations.css [36m304[0m 1.468 ms - -[0m
2026-08-08 06:06:33 [INFO]: [0mGET /css/announcement.css [36m304[0m 2.431 ms - -[0m
2026-08-08 06:06:33 [INFO]: [0mGET /css/hero.css [36m304[0m 1.291 ms - -[0m
2026-08-08 06:06:33 [INFO]: [0mGET /css/featured.css [36m304[0m 1.721 ms - -[0m
2026-08-08 06:06:33 [INFO]: [0mGET /css/why-choose.css [36m304[0m 0.688 ms - -[0m
2026-08-08 06:06:33 [INFO]: [0mGET /css/footer.css [36m304[0m 0.982 ms - -[0m
2026-08-08 06:06:33 [INFO]: [0mGET /css/auth.css [36m304[0m 1.364 ms - -[0m
2026-08-08 06:06:33 [INFO]: [0mGET /css/verify.css [36m304[0m 0.334 ms - -[0m
2026-08-08 06:12:04 [INFO]: MongoDB connected successfully.
2026-08-08 06:12:07 [INFO]: Email server connected successfully.
2026-08-08 06:12:07 [INFO]: Server is running on port 5132.
2026-08-08 06:47:50 [INFO]: [0mGET /admin/categories [36m304[0m 574.512 ms - -[0m
2026-08-08 06:47:50 [INFO]: [0mGET /css/style.css [36m304[0m 1.079 ms - -[0m
2026-08-08 06:47:50 [INFO]: [0mGET /css/admin/layout.css [36m304[0m 1.163 ms - -[0m
2026-08-08 06:47:50 [INFO]: [0mGET /css/admin/products.css [36m304[0m 0.325 ms - -[0m
2026-08-08 06:47:50 [INFO]: [0mGET /css/admin/users.css [36m304[0m 0.843 ms - -[0m
2026-08-08 06:47:50 [INFO]: [0mGET /css/header.css [36m304[0m 0.984 ms - -[0m
2026-08-08 06:47:50 [INFO]: [0mGET /images/logo/plantora.png [36m304[0m 1.164 ms - -[0m
2026-08-08 06:47:50 [INFO]: [0mGET /js/admin/layout.js [36m304[0m 3.155 ms - -[0m
2026-08-08 06:47:50 [INFO]: [0mGET /js/admin/users.js [36m304[0m 3.799 ms - -[0m
2026-08-08 06:47:50 [INFO]: [0mGET /js/admin/products.js [36m304[0m 4.116 ms - -[0m
2026-08-08 06:47:50 [INFO]: [0mGET /js/header.js [36m304[0m 4.037 ms - -[0m
2026-08-08 06:47:50 [INFO]: [0mGET /js/notification.js [36m304[0m 4.030 ms - -[0m
2026-08-08 06:47:50 [INFO]: [0mGET /css/variables.css [36m304[0m 0.577 ms - -[0m
2026-08-08 06:47:50 [INFO]: [0mGET /css/utilities.css [36m304[0m 1.840 ms - -[0m
2026-08-08 06:47:50 [INFO]: [0mGET /css/animations.css [36m304[0m 1.519 ms - -[0m
2026-08-08 06:47:50 [INFO]: [0mGET /css/announcement.css [36m304[0m 1.626 ms - -[0m
2026-08-08 06:47:50 [INFO]: [0mGET /css/hero.css [36m304[0m 1.739 ms - -[0m
2026-08-08 06:47:50 [INFO]: [0mGET /css/featured.css [36m304[0m 2.038 ms - -[0m
2026-08-08 06:47:50 [INFO]: [0mGET /css/why-choose.css [36m304[0m 1.136 ms - -[0m
2026-08-08 06:47:50 [INFO]: [0mGET /css/footer.css [36m304[0m 1.143 ms - -[0m
2026-08-08 06:47:50 [INFO]: [0mGET /css/auth.css [36m304[0m 0.908 ms - -[0m
2026-08-08 06:47:50 [INFO]: [0mGET /css/verify.css [36m304[0m 1.097 ms - -[0m
2026-08-08 06:47:51 [INFO]: [0mGET / [36m304[0m 168.362 ms - -[0m
2026-08-08 06:47:51 [INFO]: [0mGET /css/style.css [36m304[0m 0.513 ms - -[0m
2026-08-08 06:47:51 [INFO]: [0mGET /images/logo/plantora.png [36m304[0m 0.786 ms - -[0m
2026-08-08 06:47:51 [INFO]: [0mGET /images/hero/hero-placeholder.png [36m304[0m 1.446 ms - -[0m
2026-08-08 06:47:51 [INFO]: [0mGET /images/hero/monstera-plant.jpg [36m304[0m 0.415 ms - -[0m
2026-08-08 06:47:51 [INFO]: [0mGET /js/header.js [36m304[0m 0.400 ms - -[0m
2026-08-08 06:47:51 [INFO]: [0mGET /js/featured.js [36m304[0m 0.822 ms - -[0m
2026-08-08 06:47:51 [INFO]: [0mGET /js/why-choose.js [36m304[0m 1.254 ms - -[0m
2026-08-08 06:47:51 [INFO]: [0mGET /css/variables.css [36m304[0m 0.292 ms - -[0m
2026-08-08 06:47:51 [INFO]: [0mGET /css/utilities.css [36m304[0m 0.490 ms - -[0m
2026-08-08 06:47:51 [INFO]: [0mGET /css/animations.css [36m304[0m 0.726 ms - -[0m
2026-08-08 06:47:51 [INFO]: [0mGET /css/announcement.css [36m304[0m 0.978 ms - -[0m
2026-08-08 06:47:51 [INFO]: [0mGET /css/header.css [36m304[0m 1.310 ms - -[0m
2026-08-08 06:47:51 [INFO]: [0mGET /css/hero.css [36m304[0m 0.616 ms - -[0m
2026-08-08 06:47:51 [INFO]: [0mGET /css/featured.css [36m304[0m 0.954 ms - -[0m
2026-08-08 06:47:51 [INFO]: [0mGET /css/why-choose.css [36m304[0m 1.389 ms - -[0m
2026-08-08 06:47:51 [INFO]: [0mGET /css/footer.css [36m304[0m 2.030 ms - -[0m
2026-08-08 06:47:51 [INFO]: [0mGET /css/auth.css [36m304[0m 1.171 ms - -[0m
2026-08-08 06:47:51 [INFO]: [0mGET /css/verify.css [36m304[0m 0.806 ms - -[0m
2026-08-08 06:47:51 [INFO]: [0mGET /js/notification.js [36m304[0m 0.538 ms - -[0m
2026-08-08 06:47:51 [INFO]: [0mGET /js/footer.js [36m304[0m 0.705 ms - -[0m
2026-08-08 06:47:51 [INFO]: [0mGET /js/auth.js [36m304[0m 1.004 ms - -[0m
2026-08-08 06:47:51 [INFO]: [0mGET /images/hero/snake-plant.jpg [36m304[0m 1.399 ms - -[0m
2026-08-08 06:47:51 [INFO]: [0mGET /images/hero/peace-lily.jpg [36m304[0m 1.619 ms - -[0m
2026-08-08 06:47:51 [INFO]: [0mGET /images/hero/tulip-plant.jpg [36m304[0m 0.279 ms - -[0m
2026-08-08 06:47:51 [INFO]: [0mGET /images/hero/rubber-plant.jpg [36m304[0m 0.466 ms - -[0m
2026-08-08 06:47:51 [INFO]: [0mGET /images/hero/aloe-vera.jpg [36m304[0m 0.670 ms - -[0m
2026-08-08 06:47:51 [INFO]: [0mGET /images/hero/areca-palm.jpg [36m304[0m 0.255 ms - -[0m
2026-08-08 06:47:51 [INFO]: [0mGET /images/hero/jade-plant.jpg [36m304[0m 0.404 ms - -[0m
2026-08-08 06:47:51 [INFO]: [0mGET /images/hero/golden-pothos.jpg [36m304[0m 0.513 ms - -[0m
2026-08-08 06:47:51 [INFO]: [0mGET /images/hero/fiddle-leaf-fig.jpg [36m304[0m 0.403 ms - -[0m
2026-08-08 06:47:51 [INFO]: [0mGET /images/hero/why-choose.jpg [36m304[0m 0.156 ms - -[0m
2026-08-08 06:47:51 [INFO]: [0mGET /images/logo/plantora-orgn-white.png [36m304[0m 0.326 ms - -[0m
2026-08-08 06:47:55 [INFO]: [0mGET /admin/dashboard [36m304[0m 174.137 ms - -[0m
2026-08-08 06:47:55 [INFO]: [0mGET /css/style.css [36m304[0m 0.842 ms - -[0m
2026-08-08 06:47:55 [INFO]: [0mGET /css/admin/layout.css [36m304[0m 1.169 ms - -[0m
2026-08-08 06:47:55 [INFO]: [0mGET /css/admin/users.css [36m304[0m 1.660 ms - -[0m
2026-08-08 06:47:55 [INFO]: [0mGET /css/admin/products.css [36m304[0m 2.015 ms - -[0m
2026-08-08 06:47:55 [INFO]: [0mGET /css/header.css [36m304[0m 2.978 ms - -[0m
2026-08-08 06:47:55 [INFO]: [0mGET /images/logo/plantora.png [36m304[0m 1.393 ms - -[0m
2026-08-08 06:47:55 [INFO]: [0mGET /js/admin/layout.js [36m304[0m 0.373 ms - -[0m
2026-08-08 06:47:55 [INFO]: [0mGET /js/admin/users.js [36m304[0m 0.345 ms - -[0m
2026-08-08 06:47:55 [INFO]: [0mGET /js/admin/products.js [36m304[0m 1.138 ms - -[0m
2026-08-08 06:47:55 [INFO]: [0mGET /js/header.js [36m304[0m 0.851 ms - -[0m
2026-08-08 06:47:55 [INFO]: [0mGET /js/notification.js [36m304[0m 1.148 ms - -[0m
2026-08-08 06:47:55 [INFO]: [0mGET /css/variables.css [36m304[0m 1.177 ms - -[0m
2026-08-08 06:47:55 [INFO]: [0mGET /css/utilities.css [36m304[0m 1.353 ms - -[0m
2026-08-08 06:47:55 [INFO]: [0mGET /css/animations.css [36m304[0m 1.599 ms - -[0m
2026-08-08 06:47:55 [INFO]: [0mGET /css/announcement.css [36m304[0m 1.720 ms - -[0m
2026-08-08 06:47:55 [INFO]: [0mGET /css/hero.css [36m304[0m 0.691 ms - -[0m
2026-08-08 06:47:55 [INFO]: [0mGET /css/featured.css [36m304[0m 1.348 ms - -[0m
2026-08-08 06:47:55 [INFO]: [0mGET /css/why-choose.css [36m304[0m 0.797 ms - -[0m
2026-08-08 06:47:55 [INFO]: [0mGET /css/footer.css [36m304[0m 0.975 ms - -[0m
2026-08-08 06:47:55 [INFO]: [0mGET /css/auth.css [36m304[0m 1.388 ms - -[0m
2026-08-08 06:47:55 [INFO]: [0mGET /css/verify.css [36m304[0m 0.574 ms - -[0m
2026-08-08 06:47:57 [INFO]: [0mGET /admin/categories [36m304[0m 292.702 ms - -[0m
2026-08-08 06:47:57 [INFO]: [0mGET /css/style.css [36m304[0m 0.640 ms - -[0m
2026-08-08 06:47:57 [INFO]: [0mGET /css/admin/layout.css [36m304[0m 1.173 ms - -[0m
2026-08-08 06:47:57 [INFO]: [0mGET /css/admin/users.css [36m304[0m 1.529 ms - -[0m
2026-08-08 06:47:57 [INFO]: [0mGET /css/admin/products.css [36m304[0m 1.931 ms - -[0m
2026-08-08 06:47:57 [INFO]: [0mGET /css/header.css [36m304[0m 2.218 ms - -[0m
2026-08-08 06:47:57 [INFO]: [0mGET /images/logo/plantora.png [36m304[0m 2.515 ms - -[0m
2026-08-08 06:47:57 [INFO]: [0mGET /js/admin/layout.js [36m304[0m 0.248 ms - -[0m
2026-08-08 06:47:57 [INFO]: [0mGET /js/admin/users.js [36m304[0m 0.283 ms - -[0m
2026-08-08 06:47:57 [INFO]: [0mGET /js/header.js [36m304[0m 0.565 ms - -[0m
2026-08-08 06:47:57 [INFO]: [0mGET /js/admin/products.js [36m304[0m 0.880 ms - -[0m
2026-08-08 06:47:57 [INFO]: [0mGET /js/notification.js [36m304[0m 0.676 ms - -[0m
2026-08-08 06:47:57 [INFO]: [0mGET /css/variables.css [36m304[0m 0.576 ms - -[0m
2026-08-08 06:47:57 [INFO]: [0mGET /css/utilities.css [36m304[0m 0.436 ms - -[0m
2026-08-08 06:47:57 [INFO]: [0mGET /css/animations.css [36m304[0m 0.815 ms - -[0m
2026-08-08 06:47:57 [INFO]: [0mGET /css/announcement.css [36m304[0m 0.478 ms - -[0m
2026-08-08 06:47:57 [INFO]: [0mGET /css/hero.css [36m304[0m 0.329 ms - -[0m
2026-08-08 06:47:57 [INFO]: [0mGET /css/featured.css [36m304[0m 0.483 ms - -[0m
2026-08-08 06:47:57 [INFO]: [0mGET /css/why-choose.css [36m304[0m 0.719 ms - -[0m
2026-08-08 06:47:57 [INFO]: [0mGET /css/footer.css [36m304[0m 1.391 ms - -[0m
2026-08-08 06:47:57 [INFO]: [0mGET /css/auth.css [36m304[0m 0.583 ms - -[0m
2026-08-08 06:47:57 [INFO]: [0mGET /css/verify.css [36m304[0m 0.721 ms - -[0m
2026-08-08 06:48:06 [INFO]: [0mGET /admin/categories/create [32m200[0m 174.771 ms - -[0m
2026-08-08 06:48:06 [INFO]: [0mGET /css/style.css [36m304[0m 0.520 ms - -[0m
2026-08-08 06:48:06 [INFO]: [0mGET /css/admin/layout.css [36m304[0m 0.638 ms - -[0m
2026-08-08 06:48:06 [INFO]: [0mGET /css/admin/users.css [36m304[0m 0.341 ms - -[0m
2026-08-08 06:48:06 [INFO]: [0mGET /css/admin/products.css [36m304[0m 0.437 ms - -[0m
2026-08-08 06:48:06 [INFO]: [0mGET /css/header.css [36m304[0m 0.678 ms - -[0m
2026-08-08 06:48:06 [INFO]: [0mGET /images/logo/plantora.png [36m304[0m 1.079 ms - -[0m
2026-08-08 06:48:06 [INFO]: [0mGET /js/admin/layout.js [36m304[0m 0.589 ms - -[0m
2026-08-08 06:48:06 [INFO]: [0mGET /js/admin/users.js [36m304[0m 0.544 ms - -[0m
2026-08-08 06:48:06 [INFO]: [0mGET /js/admin/products.js [36m304[0m 0.955 ms - -[0m
2026-08-08 06:48:06 [INFO]: [0mGET /js/header.js [36m304[0m 0.565 ms - -[0m
2026-08-08 06:48:06 [INFO]: [0mGET /js/notification.js [36m304[0m 0.669 ms - -[0m
2026-08-08 06:48:06 [INFO]: [0mGET /css/variables.css [36m304[0m 0.569 ms - -[0m
2026-08-08 06:48:06 [INFO]: [0mGET /css/utilities.css [36m304[0m 0.589 ms - -[0m
2026-08-08 06:48:06 [INFO]: [0mGET /css/animations.css [36m304[0m 0.730 ms - -[0m
2026-08-08 06:48:06 [INFO]: [0mGET /css/announcement.css [36m304[0m 0.184 ms - -[0m
2026-08-08 06:48:06 [INFO]: [0mGET /css/hero.css [36m304[0m 0.734 ms - -[0m
2026-08-08 06:48:06 [INFO]: [0mGET /css/featured.css [36m304[0m 0.635 ms - -[0m
2026-08-08 06:48:06 [INFO]: [0mGET /css/why-choose.css [36m304[0m 1.067 ms - -[0m
2026-08-08 06:48:06 [INFO]: [0mGET /css/footer.css [36m304[0m 0.618 ms - -[0m
2026-08-08 06:48:06 [INFO]: [0mGET /css/auth.css [36m304[0m 0.604 ms - -[0m
2026-08-08 06:48:06 [INFO]: [0mGET /css/verify.css [36m304[0m 0.116 ms - -[0m
2026-08-08 06:48:09 [INFO]: [0mGET /admin/categories [36m304[0m 289.413 ms - -[0m
2026-08-08 06:48:09 [INFO]: [0mGET /css/style.css [36m304[0m 0.635 ms - -[0m
2026-08-08 06:48:09 [INFO]: [0mGET /css/admin/layout.css [36m304[0m 0.971 ms - -[0m
2026-08-08 06:48:09 [INFO]: [0mGET /css/admin/users.css [36m304[0m 1.221 ms - -[0m
2026-08-08 06:48:09 [INFO]: [0mGET /css/admin/products.css [36m304[0m 1.346 ms - -[0m
2026-08-08 06:48:09 [INFO]: [0mGET /css/header.css [36m304[0m 1.538 ms - -[0m
2026-08-08 06:48:09 [INFO]: [0mGET /images/logo/plantora.png [36m304[0m 0.115 ms - -[0m
2026-08-08 06:48:09 [INFO]: [0mGET /js/admin/layout.js [36m304[0m 0.400 ms - -[0m
2026-08-08 06:48:09 [INFO]: [0mGET /js/admin/users.js [36m304[0m 0.618 ms - -[0m
2026-08-08 06:48:09 [INFO]: [0mGET /js/admin/products.js [36m304[0m 0.869 ms - -[0m
2026-08-08 06:48:09 [INFO]: [0mGET /js/header.js [36m304[0m 1.115 ms - -[0m
2026-08-08 06:48:09 [INFO]: [0mGET /js/notification.js [36m304[0m 0.155 ms - -[0m
2026-08-08 06:48:09 [INFO]: [0mGET /css/variables.css [36m304[0m 0.197 ms - -[0m
2026-08-08 06:48:09 [INFO]: [0mGET /css/utilities.css [36m304[0m 0.892 ms - -[0m
2026-08-08 06:48:09 [INFO]: [0mGET /css/animations.css [36m304[0m 1.161 ms - -[0m
2026-08-08 06:48:09 [INFO]: [0mGET /css/announcement.css [36m304[0m 1.324 ms - -[0m
2026-08-08 06:48:09 [INFO]: [0mGET /css/hero.css [36m304[0m 1.517 ms - -[0m
2026-08-08 06:48:09 [INFO]: [0mGET /css/featured.css [36m304[0m 1.723 ms - -[0m
2026-08-08 06:48:09 [INFO]: [0mGET /css/why-choose.css [36m304[0m 0.385 ms - -[0m
2026-08-08 06:48:09 [INFO]: [0mGET /css/footer.css [36m304[0m 0.527 ms - -[0m
2026-08-08 06:48:09 [INFO]: [0mGET /css/auth.css [36m304[0m 0.685 ms - -[0m
2026-08-08 06:48:09 [INFO]: [0mGET /css/verify.css [36m304[0m 1.057 ms - -[0m
2026-08-08 06:48:14 [INFO]: [0mGET /admin/brands [36m304[0m 290.973 ms - -[0m
2026-08-08 06:48:14 [INFO]: [0mGET /css/style.css [36m304[0m 1.015 ms - -[0m
2026-08-08 06:48:14 [INFO]: [0mGET /css/admin/layout.css [36m304[0m 0.973 ms - -[0m
2026-08-08 06:48:14 [INFO]: [0mGET /css/admin/products.css [36m304[0m 0.955 ms - -[0m
2026-08-08 06:48:14 [INFO]: [0mGET /css/admin/users.css [36m304[0m 1.287 ms - -[0m
2026-08-08 06:48:14 [INFO]: [0mGET /css/header.css [36m304[0m 1.354 ms - -[0m
2026-08-08 06:48:14 [INFO]: [0mGET /images/logo/plantora.png [36m304[0m 1.447 ms - -[0m
2026-08-08 06:48:14 [INFO]: [0mGET /js/admin/layout.js [36m304[0m 0.641 ms - -[0m
2026-08-08 06:48:14 [INFO]: [0mGET /js/admin/users.js [36m304[0m 0.817 ms - -[0m
2026-08-08 06:48:14 [INFO]: [0mGET /js/admin/products.js [36m304[0m 0.980 ms - -[0m
2026-08-08 06:48:14 [INFO]: [0mGET /js/header.js [36m304[0m 1.172 ms - -[0m
2026-08-08 06:48:14 [INFO]: [0mGET /js/notification.js [36m304[0m 1.290 ms - -[0m
2026-08-08 06:48:14 [INFO]: [0mGET /css/variables.css [36m304[0m 0.601 ms - -[0m
2026-08-08 06:48:14 [INFO]: [0mGET /css/utilities.css [36m304[0m 0.426 ms - -[0m
2026-08-08 06:48:14 [INFO]: [0mGET /css/animations.css [36m304[0m 0.566 ms - -[0m
2026-08-08 06:48:14 [INFO]: [0mGET /css/announcement.css [36m304[0m 0.927 ms - -[0m
2026-08-08 06:48:14 [INFO]: [0mGET /css/hero.css [36m304[0m 0.363 ms - -[0m
2026-08-08 06:48:14 [INFO]: [0mGET /css/featured.css [36m304[0m 0.708 ms - -[0m
2026-08-08 06:48:14 [INFO]: [0mGET /css/why-choose.css [36m304[0m 0.581 ms - -[0m
2026-08-08 06:48:14 [INFO]: [0mGET /css/footer.css [36m304[0m 0.811 ms - -[0m
2026-08-08 06:48:14 [INFO]: [0mGET /css/auth.css [36m304[0m 0.819 ms - -[0m
2026-08-08 06:48:14 [INFO]: [0mGET /css/verify.css [36m304[0m 0.336 ms - -[0m
2026-08-08 06:48:17 [INFO]: [0mGET /admin/brands/create [36m304[0m 176.555 ms - -[0m
2026-08-08 06:48:17 [INFO]: [0mGET /css/style.css [36m304[0m 0.803 ms - -[0m
2026-08-08 06:48:17 [INFO]: [0mGET /css/admin/layout.css [36m304[0m 1.138 ms - -[0m
2026-08-08 06:48:17 [INFO]: [0mGET /css/admin/products.css [36m304[0m 1.535 ms - -[0m
2026-08-08 06:48:17 [INFO]: [0mGET /css/admin/users.css [36m304[0m 1.855 ms - -[0m
2026-08-08 06:48:17 [INFO]: [0mGET /css/header.css [36m304[0m 1.940 ms - -[0m
2026-08-08 06:48:17 [INFO]: [0mGET /images/logo/plantora.png [36m304[0m 0.974 ms - -[0m
2026-08-08 06:48:17 [INFO]: [0mGET /js/admin/layout.js [36m304[0m 0.190 ms - -[0m
2026-08-08 06:48:17 [INFO]: [0mGET /js/admin/users.js [36m304[0m 0.328 ms - -[0m
2026-08-08 06:48:17 [INFO]: [0mGET /js/admin/products.js [36m304[0m 0.220 ms - -[0m
2026-08-08 06:48:17 [INFO]: [0mGET /js/header.js [36m304[0m 0.577 ms - -[0m
2026-08-08 06:48:17 [INFO]: [0mGET /js/notification.js [36m304[0m 0.842 ms - -[0m
2026-08-08 06:48:17 [INFO]: [0mGET /css/variables.css [36m304[0m 0.219 ms - -[0m
2026-08-08 06:48:17 [INFO]: [0mGET /css/utilities.css [36m304[0m 0.462 ms - -[0m
2026-08-08 06:48:17 [INFO]: [0mGET /css/animations.css [36m304[0m 0.606 ms - -[0m
2026-08-08 06:48:17 [INFO]: [0mGET /css/announcement.css [36m304[0m 0.753 ms - -[0m
2026-08-08 06:48:17 [INFO]: [0mGET /css/hero.css [36m304[0m 0.840 ms - -[0m
2026-08-08 06:48:17 [INFO]: [0mGET /css/featured.css [36m304[0m 0.671 ms - -[0m
2026-08-08 06:48:17 [INFO]: [0mGET /css/why-choose.css [36m304[0m 0.891 ms - -[0m
2026-08-08 06:48:17 [INFO]: [0mGET /css/footer.css [36m304[0m 0.380 ms - -[0m
2026-08-08 06:48:17 [INFO]: [0mGET /css/auth.css [36m304[0m 0.671 ms - -[0m
2026-08-08 06:48:17 [INFO]: [0mGET /css/verify.css [36m304[0m 0.841 ms - -[0m
2026-08-08 06:48:23 [ERROR]: Failed to create audit log: AuditLog validation failed: module: `Brand` is not a valid enum value for path `module`.
2026-08-08 06:48:23 [INFO]: Brand created : Something
2026-08-08 06:48:23 [INFO]: Brand created successfully.
2026-08-08 06:48:23 [INFO]: [0mPOST /admin/brands/create [36m302[0m 373.011 ms - 42[0m
2026-08-08 06:48:23 [INFO]: [0mGET /admin/brands [32m200[0m 292.147 ms - -[0m
2026-08-08 06:48:23 [INFO]: [0mGET /css/style.css [36m304[0m 0.187 ms - -[0m
2026-08-08 06:48:23 [INFO]: [0mGET /css/admin/layout.css [36m304[0m 0.418 ms - -[0m
2026-08-08 06:48:23 [INFO]: [0mGET /css/admin/users.css [36m304[0m 0.677 ms - -[0m
2026-08-08 06:48:23 [INFO]: [0mGET /css/admin/products.css [36m304[0m 0.806 ms - -[0m
2026-08-08 06:48:23 [INFO]: [0mGET /css/header.css [36m304[0m 0.987 ms - -[0m
2026-08-08 06:48:23 [INFO]: [0mGET /images/logo/plantora.png [36m304[0m 1.145 ms - -[0m
2026-08-08 06:48:23 [INFO]: [0mGET /js/admin/layout.js [36m304[0m 0.695 ms - -[0m
2026-08-08 06:48:23 [INFO]: [0mGET /js/admin/users.js [36m304[0m 0.860 ms - -[0m
2026-08-08 06:48:23 [INFO]: [0mGET /js/admin/products.js [36m304[0m 0.245 ms - -[0m
2026-08-08 06:48:23 [INFO]: [0mGET /js/header.js [36m304[0m 0.514 ms - -[0m
2026-08-08 06:48:23 [INFO]: [0mGET /js/notification.js [36m304[0m 0.658 ms - -[0m
2026-08-08 06:48:23 [INFO]: [0mGET /css/variables.css [36m304[0m 0.354 ms - -[0m
2026-08-08 06:48:23 [INFO]: [0mGET /css/utilities.css [36m304[0m 0.502 ms - -[0m
2026-08-08 06:48:23 [INFO]: [0mGET /css/animations.css [36m304[0m 1.062 ms - -[0m
2026-08-08 06:48:23 [INFO]: [0mGET /css/announcement.css [36m304[0m 0.336 ms - -[0m
2026-08-08 06:48:23 [INFO]: [0mGET /css/hero.css [36m304[0m 0.449 ms - -[0m
2026-08-08 06:48:23 [INFO]: [0mGET /css/featured.css [36m304[0m 0.613 ms - -[0m
2026-08-08 06:48:23 [INFO]: [0mGET /css/why-choose.css [36m304[0m 1.043 ms - -[0m
2026-08-08 06:48:23 [INFO]: [0mGET /css/footer.css [36m304[0m 0.509 ms - -[0m
2026-08-08 06:48:23 [INFO]: [0mGET /css/auth.css [36m304[0m 0.731 ms - -[0m
2026-08-08 06:48:23 [INFO]: [0mGET /css/verify.css [36m304[0m 1.015 ms - -[0m
2026-08-08 06:48:39 [INFO]: [0mGET /admin/brands/create [32m200[0m 175.981 ms - -[0m
2026-08-08 06:48:39 [INFO]: [0mGET /css/style.css [36m304[0m 0.503 ms - -[0m
2026-08-08 06:48:39 [INFO]: [0mGET /css/admin/layout.css [36m304[0m 0.808 ms - -[0m
2026-08-08 06:48:39 [INFO]: [0mGET /css/admin/users.css [36m304[0m 0.360 ms - -[0m
2026-08-08 06:48:39 [INFO]: [0mGET /css/admin/products.css [36m304[0m 0.453 ms - -[0m
2026-08-08 06:48:39 [INFO]: [0mGET /css/header.css [36m304[0m 0.660 ms - -[0m
2026-08-08 06:48:39 [INFO]: [0mGET /images/logo/plantora.png [36m304[0m 0.962 ms - -[0m
2026-08-08 06:48:39 [INFO]: [0mGET /js/admin/layout.js [36m304[0m 0.287 ms - -[0m
2026-08-08 06:48:39 [INFO]: [0mGET /js/admin/users.js [36m304[0m 0.435 ms - -[0m
2026-08-08 06:48:39 [INFO]: [0mGET /js/header.js [36m304[0m 0.624 ms - -[0m
2026-08-08 06:48:39 [INFO]: [0mGET /js/notification.js [36m304[0m 0.793 ms - -[0m
2026-08-08 06:48:39 [INFO]: [0mGET /js/admin/products.js [36m304[0m 1.270 ms - -[0m
2026-08-08 06:48:39 [INFO]: [0mGET /css/variables.css [36m304[0m 1.388 ms - -[0m
2026-08-08 06:48:39 [INFO]: [0mGET /css/utilities.css [36m304[0m 1.636 ms - -[0m
2026-08-08 06:48:39 [INFO]: [0mGET /css/animations.css [36m304[0m 0.685 ms - -[0m
2026-08-08 06:48:39 [INFO]: [0mGET /css/announcement.css [36m304[0m 0.808 ms - -[0m
2026-08-08 06:48:39 [INFO]: [0mGET /css/hero.css [36m304[0m 0.918 ms - -[0m
2026-08-08 06:48:39 [INFO]: [0mGET /css/featured.css [36m304[0m 0.102 ms - -[0m
2026-08-08 06:48:39 [INFO]: [0mGET /css/why-choose.css [36m304[0m 0.161 ms - -[0m
2026-08-08 06:48:39 [INFO]: [0mGET /css/footer.css [36m304[0m 0.383 ms - -[0m
2026-08-08 06:48:39 [INFO]: [0mGET /css/auth.css [36m304[0m 0.347 ms - -[0m
2026-08-08 06:48:39 [INFO]: [0mGET /css/verify.css [36m304[0m 0.333 ms - -[0m
2026-08-08 06:48:42 [ERROR]: Failed to create audit log: AuditLog validation failed: module: `Brand` is not a valid enum value for path `module`.
2026-08-08 06:48:42 [INFO]: Brand created : klenglsen
2026-08-08 06:48:42 [INFO]: Brand created successfully.
2026-08-08 06:48:42 [INFO]: [0mPOST /admin/brands/create [36m302[0m 295.026 ms - 42[0m
2026-08-08 06:48:42 [INFO]: [0mGET /admin/brands [32m200[0m 289.060 ms - -[0m
2026-08-08 06:48:42 [INFO]: [0mGET /css/style.css [36m304[0m 0.449 ms - -[0m
2026-08-08 06:48:42 [INFO]: [0mGET /css/admin/layout.css [36m304[0m 0.830 ms - -[0m
2026-08-08 06:48:42 [INFO]: [0mGET /css/admin/users.css [36m304[0m 1.529 ms - -[0m
2026-08-08 06:48:42 [INFO]: [0mGET /css/admin/products.css [36m304[0m 1.691 ms - -[0m
2026-08-08 06:48:42 [INFO]: [0mGET /css/header.css [36m304[0m 0.931 ms - -[0m
2026-08-08 06:48:42 [INFO]: [0mGET /images/logo/plantora.png [36m304[0m 1.064 ms - -[0m
2026-08-08 06:48:42 [INFO]: [0mGET /js/admin/layout.js [36m304[0m 0.325 ms - -[0m
2026-08-08 06:48:42 [INFO]: [0mGET /js/admin/users.js [36m304[0m 0.540 ms - -[0m
2026-08-08 06:48:42 [INFO]: [0mGET /js/admin/products.js [36m304[0m 0.824 ms - -[0m
2026-08-08 06:48:42 [INFO]: [0mGET /js/header.js [36m304[0m 0.998 ms - -[0m
2026-08-08 06:48:42 [INFO]: [0mGET /js/notification.js [36m304[0m 1.159 ms - -[0m
2026-08-08 06:48:42 [INFO]: [0mGET /css/variables.css [36m304[0m 0.158 ms - -[0m
2026-08-08 06:48:42 [INFO]: [0mGET /css/utilities.css [36m304[0m 0.330 ms - -[0m
2026-08-08 06:48:42 [INFO]: [0mGET /css/animations.css [36m304[0m 0.535 ms - -[0m
2026-08-08 06:48:42 [INFO]: [0mGET /css/announcement.css [36m304[0m 0.832 ms - -[0m
2026-08-08 06:48:42 [INFO]: [0mGET /css/hero.css [36m304[0m 1.141 ms - -[0m
2026-08-08 06:48:42 [INFO]: [0mGET /css/featured.css [36m304[0m 1.639 ms - -[0m
2026-08-08 06:48:42 [INFO]: [0mGET /css/why-choose.css [36m304[0m 0.485 ms - -[0m
2026-08-08 06:48:42 [INFO]: [0mGET /css/footer.css [36m304[0m 0.288 ms - -[0m
2026-08-08 06:48:42 [INFO]: [0mGET /css/auth.css [36m304[0m 0.455 ms - -[0m
2026-08-08 06:48:42 [INFO]: [0mGET /css/verify.css [36m304[0m 0.621 ms - -[0m
2026-08-08 07:10:39 [INFO]: MongoDB connected successfully.
2026-08-08 07:10:43 [INFO]: Email server connected successfully.
2026-08-08 07:10:43 [INFO]: Server is running on port 5132.
2026-08-08 07:10:48 [INFO]: MongoDB connected successfully.
2026-08-08 07:10:52 [INFO]: Email server connected successfully.
2026-08-08 07:10:52 [INFO]: Server is running on port 5132.
2026-08-08 07:10:52 [INFO]: [0mGET /admin/brands [32m200[0m 377.312 ms - -[0m
2026-08-08 07:10:52 [INFO]: [0mGET /css/style.css [36m304[0m 2.032 ms - -[0m
2026-08-08 07:10:52 [INFO]: [0mGET /css/admin/layout.css [36m304[0m 2.157 ms - -[0m
2026-08-08 07:10:52 [INFO]: [0mGET /css/admin/users.css [36m304[0m 2.444 ms - -[0m
2026-08-08 07:10:52 [INFO]: [0mGET /css/admin/products.css [36m304[0m 0.420 ms - -[0m
2026-08-08 07:10:52 [INFO]: [0mGET /css/header.css [36m304[0m 0.683 ms - -[0m
2026-08-08 07:10:52 [INFO]: [0mGET /images/logo/plantora.png [36m304[0m 0.893 ms - -[0m
2026-08-08 07:10:52 [INFO]: [0mGET /js/admin/layout.js [36m304[0m 1.858 ms - -[0m
2026-08-08 07:10:52 [INFO]: [0mGET /js/admin/users.js [36m304[0m 1.567 ms - -[0m
2026-08-08 07:10:52 [INFO]: [0mGET /js/admin/products.js [36m304[0m 1.689 ms - -[0m
2026-08-08 07:10:52 [INFO]: [0mGET /js/header.js [36m304[0m 1.784 ms - -[0m
2026-08-08 07:10:52 [INFO]: [0mGET /js/notification.js [36m304[0m 2.001 ms - -[0m
2026-08-08 07:10:52 [INFO]: [0mGET /css/variables.css [36m304[0m 0.218 ms - -[0m
2026-08-08 07:10:52 [INFO]: [0mGET /css/utilities.css [36m304[0m 0.511 ms - -[0m
2026-08-08 07:10:52 [INFO]: [0mGET /css/animations.css [36m304[0m 0.659 ms - -[0m
2026-08-08 07:10:52 [INFO]: [0mGET /css/hero.css [36m304[0m 0.767 ms - -[0m
2026-08-08 07:10:52 [INFO]: [0mGET /css/announcement.css [36m304[0m 1.121 ms - -[0m
2026-08-08 07:10:52 [INFO]: [0mGET /css/featured.css [36m304[0m 1.396 ms - -[0m
2026-08-08 07:10:52 [INFO]: [0mGET /css/why-choose.css [36m304[0m 0.546 ms - -[0m
2026-08-08 07:10:52 [INFO]: [0mGET /css/footer.css [36m304[0m 0.553 ms - -[0m
2026-08-08 07:10:52 [INFO]: [0mGET /css/auth.css [36m304[0m 0.714 ms - -[0m
2026-08-08 07:10:52 [INFO]: [0mGET /css/verify.css [36m304[0m 0.949 ms - -[0m
2026-08-08 07:12:59 [INFO]: [0mGET /admin/brands [32m200[0m 214.884 ms - -[0m
2026-08-08 07:12:59 [INFO]: [0mGET /css/style.css [36m304[0m 0.870 ms - -[0m
2026-08-08 07:12:59 [INFO]: [0mGET /css/admin/layout.css [36m304[0m 1.196 ms - -[0m
2026-08-08 07:12:59 [INFO]: [0mGET /css/admin/users.css [36m304[0m 1.614 ms - -[0m
2026-08-08 07:12:59 [INFO]: [0mGET /css/admin/products.css [36m304[0m 1.863 ms - -[0m
2026-08-08 07:12:59 [INFO]: [0mGET /css/admin/categories.css [32m200[0m 2.193 ms - -[0m
2026-08-08 07:12:59 [INFO]: [0mGET /css/header.css [36m304[0m 0.591 ms - -[0m
2026-08-08 07:12:59 [INFO]: [0mGET /css/admin/brands.css [32m200[0m 2.240 ms - -[0m
2026-08-08 07:12:59 [INFO]: [0mGET /images/logo/plantora.png [36m304[0m 0.478 ms - -[0m
2026-08-08 07:12:59 [INFO]: [0mGET /js/admin/layout.js [36m304[0m 0.280 ms - -[0m
2026-08-08 07:12:59 [INFO]: [0mGET /js/admin/users.js [36m304[0m 0.402 ms - -[0m
2026-08-08 07:12:59 [INFO]: [0mGET /css/variables.css [36m304[0m 0.862 ms - -[0m
2026-08-08 07:12:59 [INFO]: [0mGET /css/utilities.css [36m304[0m 1.047 ms - -[0m
2026-08-08 07:12:59 [INFO]: [0mGET /css/animations.css [36m304[0m 1.219 ms - -[0m
2026-08-08 07:12:59 [INFO]: [0mGET /css/announcement.css [36m304[0m 0.268 ms - -[0m
2026-08-08 07:12:59 [INFO]: [0mGET /css/hero.css [36m304[0m 0.366 ms - -[0m
2026-08-08 07:12:59 [INFO]: [0mGET /css/featured.css [36m304[0m 0.564 ms - -[0m
2026-08-08 07:12:59 [INFO]: [0mGET /css/why-choose.css [36m304[0m 0.420 ms - -[0m
2026-08-08 07:12:59 [INFO]: [0mGET /css/footer.css [36m304[0m 0.648 ms - -[0m
2026-08-08 07:12:59 [INFO]: [0mGET /css/auth.css [36m304[0m 1.262 ms - -[0m
2026-08-08 07:12:59 [INFO]: [0mGET /css/verify.css [36m304[0m 0.465 ms - -[0m
2026-08-08 07:12:59 [INFO]: [0mGET /js/admin/products.js [36m304[0m 0.351 ms - -[0m
2026-08-08 07:12:59 [INFO]: [0mGET /js/header.js [36m304[0m 0.792 ms - -[0m
2026-08-08 07:12:59 [INFO]: [0mGET /js/notification.js [36m304[0m 0.738 ms - -[0m
2026-08-08 07:12:59 [INFO]: [0mGET /js/admin/brands.js [32m200[0m 1.040 ms - -[0m
2026-08-08 07:12:59 [INFO]: [0mGET /js/admin/categories.js [32m200[0m 1.462 ms - -[0m
2026-08-08 07:13:01 [INFO]: [0mGET /admin/brands [36m304[0m 207.708 ms - -[0m
2026-08-08 07:13:01 [INFO]: [0mGET /css/style.css [36m304[0m 1.415 ms - -[0m
2026-08-08 07:13:01 [INFO]: [0mGET /css/admin/layout.css [36m304[0m 1.367 ms - -[0m
2026-08-08 07:13:01 [INFO]: [0mGET /css/admin/users.css [36m304[0m 1.553 ms - -[0m
2026-08-08 07:13:01 [INFO]: [0mGET /css/admin/categories.css [36m304[0m 1.740 ms - -[0m
2026-08-08 07:13:01 [INFO]: [0mGET /css/admin/brands.css [36m304[0m 1.958 ms - -[0m
2026-08-08 07:13:01 [INFO]: [0mGET /css/admin/products.css [36m304[0m 2.085 ms - -[0m
2026-08-08 07:13:01 [INFO]: [0mGET /css/header.css [36m304[0m 0.553 ms - -[0m
2026-08-08 07:13:01 [INFO]: [0mGET /images/logo/plantora.png [36m304[0m 0.619 ms - -[0m
2026-08-08 07:13:01 [INFO]: [0mGET /js/admin/layout.js [36m304[0m 0.314 ms - -[0m
2026-08-08 07:13:01 [INFO]: [0mGET /js/admin/users.js [36m304[0m 0.618 ms - -[0m
2026-08-08 07:13:01 [INFO]: [0mGET /js/admin/categories.js [36m304[0m 0.170 ms - -[0m
2026-08-08 07:13:01 [INFO]: [0mGET /js/admin/brands.js [36m304[0m 0.402 ms - -[0m
2026-08-08 07:13:01 [INFO]: [0mGET /js/admin/products.js [36m304[0m 0.497 ms - -[0m
2026-08-08 07:13:01 [INFO]: [0mGET /js/header.js [36m304[0m 0.708 ms - -[0m
2026-08-08 07:13:01 [INFO]: [0mGET /css/variables.css [36m304[0m 0.772 ms - -[0m
2026-08-08 07:13:01 [INFO]: [0mGET /css/utilities.css [36m304[0m 0.646 ms - -[0m
2026-08-08 07:13:01 [INFO]: [0mGET /css/animations.css [36m304[0m 0.711 ms - -[0m
2026-08-08 07:13:01 [INFO]: [0mGET /css/announcement.css [36m304[0m 1.091 ms - -[0m
2026-08-08 07:13:01 [INFO]: [0mGET /css/hero.css [36m304[0m 1.093 ms - -[0m
2026-08-08 07:13:01 [INFO]: [0mGET /css/featured.css [36m304[0m 1.292 ms - -[0m
2026-08-08 07:13:01 [INFO]: [0mGET /css/why-choose.css [36m304[0m 1.061 ms - -[0m
2026-08-08 07:13:01 [INFO]: [0mGET /css/footer.css [36m304[0m 1.297 ms - -[0m
2026-08-08 07:13:01 [INFO]: [0mGET /css/auth.css [36m304[0m 1.482 ms - -[0m
2026-08-08 07:13:01 [INFO]: [0mGET /css/verify.css [36m304[0m 0.245 ms - -[0m
2026-08-08 07:13:01 [INFO]: [0mGET /js/notification.js [36m304[0m 0.354 ms - -[0m
2026-08-08 07:13:34 [INFO]: [0mGET /admin/products [32m200[0m 178.085 ms - -[0m
2026-08-08 07:13:34 [INFO]: [0mGET /css/style.css [36m304[0m 0.746 ms - -[0m
2026-08-08 07:13:34 [INFO]: [0mGET /css/admin/layout.css [36m304[0m 0.912 ms - -[0m
2026-08-08 07:13:34 [INFO]: [0mGET /css/admin/categories.css [36m304[0m 0.418 ms - -[0m
2026-08-08 07:13:34 [INFO]: [0mGET /css/admin/brands.css [36m304[0m 0.702 ms - -[0m
2026-08-08 07:13:34 [INFO]: [0mGET /css/admin/products.css [36m304[0m 1.138 ms - -[0m
2026-08-08 07:13:34 [INFO]: [0mGET /css/admin/users.css [36m304[0m 1.423 ms - -[0m
2026-08-08 07:13:34 [INFO]: [0mGET /css/header.css [36m304[0m 1.685 ms - -[0m
2026-08-08 07:13:34 [INFO]: [0mGET /images/logo/plantora.png [36m304[0m 0.485 ms - -[0m
2026-08-08 07:13:34 [INFO]: [0mGET /js/admin/layout.js [36m304[0m 0.880 ms - -[0m
2026-08-08 07:13:34 [INFO]: [0mGET /js/admin/users.js [36m304[0m 0.843 ms - -[0m
2026-08-08 07:13:34 [INFO]: [0mGET /js/admin/categories.js [36m304[0m 1.175 ms - -[0m
2026-08-08 07:13:34 [INFO]: [0mGET /js/admin/brands.js [36m304[0m 1.415 ms - -[0m
2026-08-08 07:13:34 [INFO]: [0mGET /js/admin/products.js [36m304[0m 0.408 ms - -[0m
2026-08-08 07:13:34 [INFO]: [0mGET /css/variables.css [36m304[0m 0.778 ms - -[0m
2026-08-08 07:13:34 [INFO]: [0mGET /js/header.js [36m304[0m 1.546 ms - -[0m
2026-08-08 07:13:34 [INFO]: [0mGET /css/utilities.css [36m304[0m 1.224 ms - -[0m
2026-08-08 07:13:34 [INFO]: [0mGET /css/animations.css [36m304[0m 1.237 ms - -[0m
2026-08-08 07:13:34 [INFO]: [0mGET /css/announcement.css [36m304[0m 1.290 ms - -[0m
2026-08-08 07:13:34 [INFO]: [0mGET /css/hero.css [36m304[0m 0.271 ms - -[0m
2026-08-08 07:13:34 [INFO]: [0mGET /css/featured.css [36m304[0m 0.876 ms - -[0m
2026-08-08 07:13:34 [INFO]: [0mGET /css/why-choose.css [36m304[0m 0.778 ms - -[0m
2026-08-08 07:13:34 [INFO]: [0mGET /css/footer.css [36m304[0m 1.146 ms - -[0m
2026-08-08 07:13:34 [INFO]: [0mGET /css/auth.css [36m304[0m 0.593 ms - -[0m
2026-08-08 07:13:34 [INFO]: [0mGET /css/verify.css [36m304[0m 0.876 ms - -[0m
2026-08-08 07:13:34 [INFO]: [0mGET /js/notification.js [36m304[0m 0.507 ms - -[0m
2026-08-08 07:13:38 [INFO]: [0mGET /admin/brands [36m304[0m 213.033 ms - -[0m
2026-08-08 07:13:38 [INFO]: [0mGET /css/style.css [36m304[0m 0.289 ms - -[0m
2026-08-08 07:13:38 [INFO]: [0mGET /css/admin/layout.css [36m304[0m 0.248 ms - -[0m
2026-08-08 07:13:38 [INFO]: [0mGET /css/admin/users.css [36m304[0m 0.589 ms - -[0m
2026-08-08 07:13:38 [INFO]: [0mGET /css/admin/categories.css [36m304[0m 0.630 ms - -[0m
2026-08-08 07:13:38 [INFO]: [0mGET /css/admin/brands.css [36m304[0m 0.278 ms - -[0m
2026-08-08 07:13:38 [INFO]: [0mGET /css/admin/products.css [36m304[0m 0.414 ms - -[0m
2026-08-08 07:13:38 [INFO]: [0mGET /css/header.css [36m304[0m 0.560 ms - -[0m
2026-08-08 07:13:38 [INFO]: [0mGET /images/logo/plantora.png [36m304[0m 0.415 ms - -[0m
2026-08-08 07:13:38 [INFO]: [0mGET /js/admin/layout.js [36m304[0m 0.489 ms - -[0m
2026-08-08 07:13:38 [INFO]: [0mGET /js/admin/users.js [36m304[0m 0.429 ms - -[0m
2026-08-08 07:13:38 [INFO]: [0mGET /js/admin/categories.js [36m304[0m 0.638 ms - -[0m
2026-08-08 07:13:38 [INFO]: [0mGET /js/admin/brands.js [36m304[0m 0.786 ms - -[0m
2026-08-08 07:13:38 [INFO]: [0mGET /css/variables.css [36m304[0m 0.201 ms - -[0m
2026-08-08 07:13:38 [INFO]: [0mGET /css/utilities.css [36m304[0m 0.988 ms - -[0m
2026-08-08 07:13:38 [INFO]: [0mGET /css/animations.css [36m304[0m 0.465 ms - -[0m
2026-08-08 07:13:38 [INFO]: [0mGET /css/announcement.css [36m304[0m 1.026 ms - -[0m
2026-08-08 07:13:38 [INFO]: [0mGET /css/hero.css [36m304[0m 0.705 ms - -[0m
2026-08-08 07:13:38 [INFO]: [0mGET /css/featured.css [36m304[0m 0.879 ms - -[0m
2026-08-08 07:13:38 [INFO]: [0mGET /css/why-choose.css [36m304[0m 1.255 ms - -[0m
2026-08-08 07:13:38 [INFO]: [0mGET /css/footer.css [36m304[0m 0.767 ms - -[0m
2026-08-08 07:13:38 [INFO]: [0mGET /css/auth.css [36m304[0m 0.632 ms - -[0m
2026-08-08 07:13:38 [INFO]: [0mGET /css/verify.css [36m304[0m 0.686 ms - -[0m
2026-08-08 07:13:38 [INFO]: [0mGET /js/admin/products.js [36m304[0m 0.174 ms - -[0m
2026-08-08 07:13:38 [INFO]: [0mGET /js/header.js [36m304[0m 0.311 ms - -[0m
2026-08-08 07:13:38 [INFO]: [0mGET /js/notification.js [36m304[0m 0.610 ms - -[0m
2026-08-08 07:13:38 [INFO]: [0mGET /admin/categories [32m200[0m 208.078 ms - -[0m
2026-08-08 07:13:38 [INFO]: [0mGET /css/style.css [36m304[0m 1.202 ms - -[0m
2026-08-08 07:13:38 [INFO]: [0mGET /css/admin/layout.css [36m304[0m 1.199 ms - -[0m
2026-08-08 07:13:38 [INFO]: [0mGET /css/admin/users.css [36m304[0m 1.267 ms - -[0m
2026-08-08 07:13:38 [INFO]: [0mGET /css/admin/categories.css [36m304[0m 1.198 ms - -[0m
2026-08-08 07:13:38 [INFO]: [0mGET /css/admin/brands.css [36m304[0m 1.256 ms - -[0m
2026-08-08 07:13:38 [INFO]: [0mGET /css/admin/products.css [36m304[0m 1.364 ms - -[0m
2026-08-08 07:13:38 [INFO]: [0mGET /css/header.css [36m304[0m 0.246 ms - -[0m
2026-08-08 07:13:38 [INFO]: [0mGET /images/logo/plantora.png [36m304[0m 0.325 ms - -[0m
2026-08-08 07:13:38 [INFO]: [0mGET /js/admin/layout.js [36m304[0m 0.387 ms - -[0m
2026-08-08 07:13:38 [INFO]: [0mGET /js/admin/users.js [36m304[0m 0.680 ms - -[0m
2026-08-08 07:13:38 [INFO]: [0mGET /js/admin/categories.js [36m304[0m 0.931 ms - -[0m
2026-08-08 07:13:38 [INFO]: [0mGET /js/admin/brands.js [36m304[0m 1.129 ms - -[0m
2026-08-08 07:13:38 [INFO]: [0mGET /js/admin/products.js [36m304[0m 0.435 ms - -[0m
2026-08-08 07:13:38 [INFO]: [0mGET /css/variables.css [36m304[0m 0.641 ms - -[0m
2026-08-08 07:13:38 [INFO]: [0mGET /css/utilities.css [36m304[0m 0.425 ms - -[0m
2026-08-08 07:13:38 [INFO]: [0mGET /css/animations.css [36m304[0m 0.556 ms - -[0m
2026-08-08 07:13:38 [INFO]: [0mGET /css/announcement.css [36m304[0m 1.020 ms - -[0m
2026-08-08 07:13:38 [INFO]: [0mGET /css/hero.css [36m304[0m 1.010 ms - -[0m
2026-08-08 07:13:38 [INFO]: [0mGET /css/featured.css [36m304[0m 0.946 ms - -[0m
2026-08-08 07:13:38 [INFO]: [0mGET /css/why-choose.css [36m304[0m 0.971 ms - -[0m
2026-08-08 07:13:38 [INFO]: [0mGET /css/footer.css [36m304[0m 1.878 ms - -[0m
2026-08-08 07:13:38 [INFO]: [0mGET /css/auth.css [36m304[0m 1.044 ms - -[0m
2026-08-08 07:13:38 [INFO]: [0mGET /css/verify.css [36m304[0m 0.792 ms - -[0m
2026-08-08 07:13:38 [INFO]: [0mGET /js/header.js [36m304[0m 0.382 ms - -[0m
2026-08-08 07:13:38 [INFO]: [0mGET /js/notification.js [36m304[0m 0.523 ms - -[0m
2026-08-08 07:13:40 [INFO]: [0mGET /admin/categories [36m304[0m 207.947 ms - -[0m
2026-08-08 07:13:40 [INFO]: [0mGET /css/style.css [36m304[0m 0.892 ms - -[0m
2026-08-08 07:13:40 [INFO]: [0mGET /css/admin/layout.css [36m304[0m 1.052 ms - -[0m
2026-08-08 07:13:40 [INFO]: [0mGET /css/admin/users.css [36m304[0m 1.350 ms - -[0m
2026-08-08 07:13:40 [INFO]: [0mGET /css/admin/categories.css [36m304[0m 1.394 ms - -[0m
2026-08-08 07:13:40 [INFO]: [0mGET /css/admin/brands.css [36m304[0m 1.499 ms - -[0m
2026-08-08 07:13:40 [INFO]: [0mGET /css/admin/products.css [36m304[0m 1.665 ms - -[0m
2026-08-08 07:13:40 [INFO]: [0mGET /css/header.css [36m304[0m 0.129 ms - -[0m
2026-08-08 07:13:40 [INFO]: [0mGET /images/logo/plantora.png [36m304[0m 0.451 ms - -[0m
2026-08-08 07:13:40 [INFO]: [0mGET /js/admin/layout.js [36m304[0m 0.895 ms - -[0m
2026-08-08 07:13:40 [INFO]: [0mGET /js/admin/users.js [36m304[0m 0.438 ms - -[0m
2026-08-08 07:13:40 [INFO]: [0mGET /js/admin/categories.js [36m304[0m 0.767 ms - -[0m
2026-08-08 07:13:40 [INFO]: [0mGET /js/admin/brands.js [36m304[0m 1.558 ms - -[0m
2026-08-08 07:13:40 [INFO]: [0mGET /css/variables.css [36m304[0m 0.853 ms - -[0m
2026-08-08 07:13:40 [INFO]: [0mGET /css/utilities.css [36m304[0m 1.276 ms - -[0m
2026-08-08 07:13:40 [INFO]: [0mGET /css/animations.css [36m304[0m 0.802 ms - -[0m
2026-08-08 07:13:40 [INFO]: [0mGET /css/announcement.css [36m304[0m 0.844 ms - -[0m
2026-08-08 07:13:40 [INFO]: [0mGET /css/hero.css [36m304[0m 1.125 ms - -[0m
2026-08-08 07:13:40 [INFO]: [0mGET /css/featured.css [36m304[0m 0.452 ms - -[0m
2026-08-08 07:13:40 [INFO]: [0mGET /css/why-choose.css [36m304[0m 0.758 ms - -[0m
2026-08-08 07:13:40 [INFO]: [0mGET /css/footer.css [36m304[0m 0.370 ms - -[0m
2026-08-08 07:13:40 [INFO]: [0mGET /css/auth.css [36m304[0m 0.595 ms - -[0m
2026-08-08 07:13:40 [INFO]: [0mGET /css/verify.css [36m304[0m 0.340 ms - -[0m
2026-08-08 07:13:40 [INFO]: [0mGET /js/admin/products.js [36m304[0m 0.316 ms - -[0m
2026-08-08 07:13:40 [INFO]: [0mGET /js/header.js [36m304[0m 0.583 ms - -[0m
2026-08-08 07:13:40 [INFO]: [0mGET /js/notification.js [36m304[0m 0.773 ms - -[0m
2026-08-08 07:21:26 [INFO]: [0mGET /admin/categories [32m200[0m 352.761 ms - -[0m
2026-08-08 07:21:26 [INFO]: [0mGET /css/style.css [36m304[0m 0.387 ms - -[0m
2026-08-08 07:21:26 [INFO]: [0mGET /css/admin/layout.css [36m304[0m 0.504 ms - -[0m
2026-08-08 07:21:26 [INFO]: [0mGET /css/admin/users.css [36m304[0m 0.616 ms - -[0m
2026-08-08 07:21:26 [INFO]: [0mGET /css/admin/products.css [36m304[0m 0.813 ms - -[0m
2026-08-08 07:21:26 [INFO]: [0mGET /css/header.css [36m304[0m 0.117 ms - -[0m
2026-08-08 07:21:26 [INFO]: [0mGET /images/logo/plantora.png [36m304[0m 0.196 ms - -[0m
2026-08-08 07:21:26 [INFO]: [0mGET /js/admin/layout.js [36m304[0m 0.273 ms - -[0m
2026-08-08 07:21:26 [INFO]: [0mGET /js/admin/users.js [36m304[0m 0.741 ms - -[0m
2026-08-08 07:21:26 [INFO]: [0mGET /js/admin/categories.js [36m304[0m 0.913 ms - -[0m
2026-08-08 07:21:26 [INFO]: [0mGET /js/admin/brands.js [36m304[0m 0.203 ms - -[0m
2026-08-08 07:21:26 [INFO]: [0mGET /js/admin/products.js [36m304[0m 0.461 ms - -[0m
2026-08-08 07:21:26 [INFO]: [0mGET /js/header.js [36m304[0m 0.607 ms - -[0m
2026-08-08 07:21:26 [INFO]: [0mGET /js/notification.js [36m304[0m 0.166 ms - -[0m
2026-08-08 07:21:26 [INFO]: [0mGET /css/variables.css [36m304[0m 0.376 ms - -[0m
2026-08-08 07:21:26 [INFO]: [0mGET /css/utilities.css [36m304[0m 0.409 ms - -[0m
2026-08-08 07:21:26 [INFO]: [0mGET /css/animations.css [36m304[0m 0.810 ms - -[0m
2026-08-08 07:21:26 [INFO]: [0mGET /css/announcement.css [36m304[0m 0.237 ms - -[0m
2026-08-08 07:21:26 [INFO]: [0mGET /css/hero.css [36m304[0m 0.267 ms - -[0m
2026-08-08 07:21:26 [INFO]: [0mGET /css/featured.css [36m304[0m 0.445 ms - -[0m
2026-08-08 07:21:26 [INFO]: [0mGET /css/why-choose.css [36m304[0m 0.812 ms - -[0m
2026-08-08 07:21:26 [INFO]: [0mGET /css/footer.css [36m304[0m 0.898 ms - -[0m
2026-08-08 07:21:26 [INFO]: [0mGET /css/auth.css [36m304[0m 0.749 ms - -[0m
2026-08-08 07:21:26 [INFO]: [0mGET /css/verify.css [36m304[0m 0.834 ms - -[0m
2026-08-08 07:21:27 [INFO]: [0mGET /public/css/admin/categories.css [33m404[0m 122.385 ms - 95[0m
2026-08-08 07:21:27 [INFO]: [0mGET /public/css/admin/brands.css [33m404[0m 128.428 ms - 91[0m
2026-08-08 07:23:51 [INFO]: [0mGET / [36m304[0m 81.555 ms - -[0m
2026-08-08 07:23:51 [INFO]: [0mGET /css/style.css [36m304[0m 1.251 ms - -[0m
2026-08-08 07:23:51 [INFO]: [0mGET /images/logo/plantora.png [36m304[0m 0.927 ms - -[0m
2026-08-08 07:23:51 [INFO]: [0mGET /images/hero/hero-placeholder.png [36m304[0m 0.303 ms - -[0m
2026-08-08 07:23:51 [INFO]: [0mGET /images/hero/monstera-plant.jpg [36m304[0m 0.473 ms - -[0m
2026-08-08 07:23:51 [INFO]: [0mGET /css/variables.css [36m304[0m 0.117 ms - -[0m
2026-08-08 07:23:51 [INFO]: [0mGET /css/utilities.css [36m304[0m 0.122 ms - -[0m
2026-08-08 07:23:51 [INFO]: [0mGET /css/animations.css [36m304[0m 0.328 ms - -[0m
2026-08-08 07:23:51 [INFO]: [0mGET /css/announcement.css [36m304[0m 0.166 ms - -[0m
2026-08-08 07:23:51 [INFO]: [0mGET /css/header.css [36m304[0m 0.115 ms - -[0m
2026-08-08 07:23:51 [INFO]: [0mGET /css/hero.css [36m304[0m 0.188 ms - -[0m
2026-08-08 07:23:51 [INFO]: [0mGET /css/featured.css [36m304[0m 0.105 ms - -[0m
2026-08-08 07:23:51 [INFO]: [0mGET /css/why-choose.css [36m304[0m 0.332 ms - -[0m
2026-08-08 07:23:51 [INFO]: [0mGET /css/footer.css [36m304[0m 0.132 ms - -[0m
2026-08-08 07:23:51 [INFO]: [0mGET /css/auth.css [36m304[0m 0.105 ms - -[0m
2026-08-08 07:23:51 [INFO]: [0mGET /css/verify.css [36m304[0m 0.235 ms - -[0m
2026-08-08 07:23:51 [INFO]: [0mGET /js/header.js [36m304[0m 0.122 ms - -[0m
2026-08-08 07:23:51 [INFO]: [0mGET /js/featured.js [36m304[0m 0.184 ms - -[0m
2026-08-08 07:23:51 [INFO]: [0mGET /js/why-choose.js [36m304[0m 0.310 ms - -[0m
2026-08-08 07:23:51 [INFO]: [0mGET /js/notification.js [36m304[0m 0.529 ms - -[0m
2026-08-08 07:23:51 [INFO]: [0mGET /js/footer.js [36m304[0m 0.181 ms - -[0m
2026-08-08 07:23:51 [INFO]: [0mGET /js/auth.js [36m304[0m 0.169 ms - -[0m
2026-08-08 07:23:51 [INFO]: [0mGET /images/hero/snake-plant.jpg [36m304[0m 0.297 ms - -[0m
2026-08-08 07:23:51 [INFO]: [0mGET /images/hero/peace-lily.jpg [36m304[0m 0.284 ms - -[0m
2026-08-08 07:23:51 [INFO]: [0mGET /images/hero/tulip-plant.jpg [36m304[0m 0.160 ms - -[0m
2026-08-08 07:23:51 [INFO]: [0mGET /images/hero/rubber-plant.jpg [36m304[0m 0.381 ms - -[0m
2026-08-08 07:23:51 [INFO]: [0mGET /images/hero/aloe-vera.jpg [36m304[0m 0.429 ms - -[0m
2026-08-08 07:23:51 [INFO]: [0mGET /images/hero/areca-palm.jpg [36m304[0m 0.232 ms - -[0m
2026-08-08 07:23:51 [INFO]: [0mGET /images/hero/jade-plant.jpg [36m304[0m 0.165 ms - -[0m
2026-08-08 07:23:51 [INFO]: [0mGET /images/hero/golden-pothos.jpg [36m304[0m 0.147 ms - -[0m
2026-08-08 07:23:51 [INFO]: [0mGET /images/hero/fiddle-leaf-fig.jpg [36m304[0m 0.141 ms - -[0m
2026-08-08 07:23:51 [INFO]: [0mGET /images/hero/why-choose.jpg [36m304[0m 0.229 ms - -[0m
2026-08-08 07:23:51 [INFO]: [0mGET /images/logo/plantora-orgn-white.png [36m304[0m 0.189 ms - -[0m
2026-08-08 07:23:54 [INFO]: [0mGET /js/admin/categories.js [36m304[0m 0.407 ms - -[0m
2026-08-08 07:24:07 [INFO]: [0mGET /css/admin/categories.css [36m304[0m 0.834 ms - -[0m
2026-08-08 07:27:55 [INFO]: MongoDB connected successfully.
2026-08-08 07:27:58 [INFO]: Email server connected successfully.
2026-08-08 07:27:58 [INFO]: Server is running on port 5132.
2026-08-08 07:27:59 [INFO]: MongoDB connected successfully.
2026-08-08 07:28:02 [INFO]: Email server connected successfully.
2026-08-08 07:28:02 [INFO]: Server is running on port 5132.
2026-08-08 07:28:24 [INFO]: [0mGET /admin/categories [32m200[0m 214.407 ms - -[0m
2026-08-08 07:28:24 [INFO]: [0mGET /css/style.css [36m304[0m 1.396 ms - -[0m
2026-08-08 07:28:24 [INFO]: [0mGET /css/admin/layout.css [36m304[0m 2.196 ms - -[0m
2026-08-08 07:28:24 [INFO]: [0mGET /css/admin/users.css [36m304[0m 0.717 ms - -[0m
2026-08-08 07:28:24 [INFO]: [0mGET /css/header.css [36m304[0m 2.046 ms - -[0m
2026-08-08 07:28:24 [INFO]: [0mGET /css/admin/products.css [36m304[0m 2.252 ms - -[0m
2026-08-08 07:28:24 [INFO]: [0mGET /images/logo/plantora.png [36m304[0m 2.158 ms - -[0m
2026-08-08 07:28:24 [INFO]: [0mGET /css/admin/categories.css [32m200[0m 4.374 ms - -[0m
2026-08-08 07:28:24 [INFO]: [0mGET /css/admin/brands.css [32m200[0m 4.393 ms - -[0m
2026-08-08 07:28:24 [INFO]: [0mGET /js/admin/layout.js [36m304[0m 0.678 ms - -[0m
2026-08-08 07:28:24 [INFO]: [0mGET /js/admin/users.js [36m304[0m 0.952 ms - -[0m
2026-08-08 07:28:24 [INFO]: [0mGET /js/admin/products.js [36m304[0m 1.740 ms - -[0m
2026-08-08 07:28:24 [INFO]: [0mGET /js/admin/brands.js [32m200[0m 2.579 ms - -[0m
2026-08-08 07:28:24 [INFO]: [0mGET /js/admin/categories.js [32m200[0m 2.806 ms - -[0m
2026-08-08 07:28:24 [INFO]: [0mGET /css/variables.css [36m304[0m 0.310 ms - -[0m
2026-08-08 07:28:24 [INFO]: [0mGET /css/utilities.css [36m304[0m 0.968 ms - -[0m
2026-08-08 07:28:24 [INFO]: [0mGET /css/animations.css [36m304[0m 1.235 ms - -[0m
2026-08-08 07:28:24 [INFO]: [0mGET /css/announcement.css [36m304[0m 1.998 ms - -[0m
2026-08-08 07:28:24 [INFO]: [0mGET /css/hero.css [36m304[0m 2.281 ms - -[0m
2026-08-08 07:28:24 [INFO]: [0mGET /css/featured.css [36m304[0m 2.430 ms - -[0m
2026-08-08 07:28:24 [INFO]: [0mGET /css/why-choose.css [36m304[0m 1.120 ms - -[0m
2026-08-08 07:28:24 [INFO]: [0mGET /css/footer.css [36m304[0m 0.946 ms - -[0m
2026-08-08 07:28:24 [INFO]: [0mGET /css/auth.css [36m304[0m 0.974 ms - -[0m
2026-08-08 07:28:24 [INFO]: [0mGET /css/verify.css [36m304[0m 1.142 ms - -[0m
2026-08-08 07:28:24 [INFO]: [0mGET /js/header.js [36m304[0m 0.370 ms - -[0m
2026-08-08 07:28:24 [INFO]: [0mGET /js/notification.js [36m304[0m 0.484 ms - -[0m
2026-08-08 07:28:30 [INFO]: [0mGET /admin/brands [32m200[0m 179.845 ms - -[0m
2026-08-08 07:28:30 [INFO]: [0mGET /css/style.css [36m304[0m 0.969 ms - -[0m
2026-08-08 07:28:30 [INFO]: [0mGET /css/admin/layout.css [36m304[0m 1.063 ms - -[0m
2026-08-08 07:28:30 [INFO]: [0mGET /css/admin/users.css [36m304[0m 0.399 ms - -[0m
2026-08-08 07:28:30 [INFO]: [0mGET /css/admin/categories.css [36m304[0m 0.514 ms - -[0m
2026-08-08 07:28:30 [INFO]: [0mGET /css/admin/brands.css [36m304[0m 0.715 ms - -[0m
2026-08-08 07:28:30 [INFO]: [0mGET /css/admin/products.css [36m304[0m 0.862 ms - -[0m
2026-08-08 07:28:30 [INFO]: [0mGET /css/header.css [36m304[0m 0.139 ms - -[0m
2026-08-08 07:28:30 [INFO]: [0mGET /images/logo/plantora.png [36m304[0m 0.243 ms - -[0m
2026-08-08 07:28:30 [INFO]: [0mGET /js/admin/layout.js [36m304[0m 0.585 ms - -[0m
2026-08-08 07:28:30 [INFO]: [0mGET /js/admin/users.js [36m304[0m 0.762 ms - -[0m
2026-08-08 07:28:30 [INFO]: [0mGET /js/admin/categories.js [36m304[0m 0.989 ms - -[0m
2026-08-08 07:28:30 [INFO]: [0mGET /js/admin/brands.js [36m304[0m 0.776 ms - -[0m
2026-08-08 07:28:30 [INFO]: [0mGET /js/admin/products.js [36m304[0m 0.650 ms - -[0m
2026-08-08 07:28:30 [INFO]: [0mGET /js/header.js [36m304[0m 0.443 ms - -[0m
2026-08-08 07:28:30 [INFO]: [0mGET /css/variables.css [36m304[0m 0.583 ms - -[0m
2026-08-08 07:28:30 [INFO]: [0mGET /css/utilities.css [36m304[0m 0.846 ms - -[0m
2026-08-08 07:28:30 [INFO]: [0mGET /css/animations.css [36m304[0m 1.497 ms - -[0m
2026-08-08 07:28:30 [INFO]: [0mGET /css/announcement.css [36m304[0m 0.709 ms - -[0m
2026-08-08 07:28:30 [INFO]: [0mGET /css/hero.css [36m304[0m 0.663 ms - -[0m
2026-08-08 07:28:30 [INFO]: [0mGET /css/featured.css [36m304[0m 0.870 ms - -[0m
2026-08-08 07:28:30 [INFO]: [0mGET /css/why-choose.css [36m304[0m 1.439 ms - -[0m
2026-08-08 07:28:30 [INFO]: [0mGET /css/footer.css [36m304[0m 0.829 ms - -[0m
2026-08-08 07:28:30 [INFO]: [0mGET /css/auth.css [36m304[0m 1.079 ms - -[0m
2026-08-08 07:28:30 [INFO]: [0mGET /css/verify.css [36m304[0m 1.419 ms - -[0m
2026-08-08 07:28:30 [INFO]: [0mGET /js/notification.js [36m304[0m 0.284 ms - -[0m
2026-08-08 07:28:57 [INFO]: [0mGET /admin/brands/create [32m200[0m 104.808 ms - -[0m
2026-08-08 07:28:57 [INFO]: [0mGET /css/style.css [36m304[0m 0.869 ms - -[0m
2026-08-08 07:28:57 [INFO]: [0mGET /css/admin/layout.css [36m304[0m 1.624 ms - -[0m
2026-08-08 07:28:57 [INFO]: [0mGET /css/admin/users.css [36m304[0m 0.711 ms - -[0m
2026-08-08 07:28:57 [INFO]: [0mGET /css/admin/categories.css [36m304[0m 0.868 ms - -[0m
2026-08-08 07:28:57 [INFO]: [0mGET /css/admin/brands.css [36m304[0m 1.195 ms - -[0m
2026-08-08 07:28:57 [INFO]: [0mGET /css/admin/products.css [36m304[0m 1.423 ms - -[0m
2026-08-08 07:28:57 [INFO]: [0mGET /css/header.css [36m304[0m 1.565 ms - -[0m
2026-08-08 07:28:57 [INFO]: [0mGET /images/logo/plantora.png [36m304[0m 0.385 ms - -[0m
2026-08-08 07:28:57 [INFO]: [0mGET /js/admin/layout.js [36m304[0m 0.479 ms - -[0m
2026-08-08 07:28:57 [INFO]: [0mGET /js/admin/users.js [36m304[0m 0.646 ms - -[0m
2026-08-08 07:28:57 [INFO]: [0mGET /js/admin/categories.js [36m304[0m 0.934 ms - -[0m
2026-08-08 07:28:57 [INFO]: [0mGET /js/admin/brands.js [36m304[0m 0.410 ms - -[0m
2026-08-08 07:28:57 [INFO]: [0mGET /js/admin/products.js [36m304[0m 0.725 ms - -[0m
2026-08-08 07:28:57 [INFO]: [0mGET /js/header.js [36m304[0m 1.364 ms - -[0m
2026-08-08 07:28:57 [INFO]: [0mGET /js/notification.js [36m304[0m 0.696 ms - -[0m
2026-08-08 07:28:57 [INFO]: [0mGET /css/variables.css [36m304[0m 0.292 ms - -[0m
2026-08-08 07:28:57 [INFO]: [0mGET /css/utilities.css [36m304[0m 0.406 ms - -[0m
2026-08-08 07:28:57 [INFO]: [0mGET /css/animations.css [36m304[0m 0.980 ms - -[0m
2026-08-08 07:28:57 [INFO]: [0mGET /css/announcement.css [36m304[0m 1.340 ms - -[0m
2026-08-08 07:28:57 [INFO]: [0mGET /css/hero.css [36m304[0m 1.628 ms - -[0m
2026-08-08 07:28:57 [INFO]: [0mGET /css/featured.css [36m304[0m 1.968 ms - -[0m
2026-08-08 07:28:57 [INFO]: [0mGET /css/why-choose.css [36m304[0m 2.258 ms - -[0m
2026-08-08 07:28:57 [INFO]: [0mGET /css/footer.css [36m304[0m 0.302 ms - -[0m
2026-08-08 07:28:57 [INFO]: [0mGET /css/auth.css [36m304[0m 0.287 ms - -[0m
2026-08-08 07:28:57 [INFO]: [0mGET /css/verify.css [36m304[0m 0.263 ms - -[0m
2026-08-08 07:29:00 [INFO]: [0mGET /admin/brands [36m304[0m 174.285 ms - -[0m
2026-08-08 07:29:00 [INFO]: [0mGET /css/style.css [36m304[0m 0.667 ms - -[0m
2026-08-08 07:29:00 [INFO]: [0mGET /css/admin/users.css [36m304[0m 0.919 ms - -[0m
2026-08-08 07:29:00 [INFO]: [0mGET /css/admin/categories.css [36m304[0m 1.142 ms - -[0m
2026-08-08 07:29:00 [INFO]: [0mGET /css/admin/brands.css [36m304[0m 1.328 ms - -[0m
2026-08-08 07:29:00 [INFO]: [0mGET /css/admin/layout.css [36m304[0m 1.928 ms - -[0m
2026-08-08 07:29:00 [INFO]: [0mGET /css/admin/products.css [36m304[0m 1.333 ms - -[0m
2026-08-08 07:29:00 [INFO]: [0mGET /css/header.css [36m304[0m 0.149 ms - -[0m
2026-08-08 07:29:00 [INFO]: [0mGET /images/logo/plantora.png [36m304[0m 0.384 ms - -[0m
2026-08-08 07:29:00 [INFO]: [0mGET /js/admin/layout.js [36m304[0m 0.533 ms - -[0m
2026-08-08 07:29:00 [INFO]: [0mGET /js/admin/users.js [36m304[0m 0.514 ms - -[0m
2026-08-08 07:29:00 [INFO]: [0mGET /js/admin/categories.js [36m304[0m 1.373 ms - -[0m
2026-08-08 07:29:00 [INFO]: [0mGET /js/admin/brands.js [36m304[0m 1.587 ms - -[0m
2026-08-08 07:29:00 [INFO]: [0mGET /js/admin/products.js [36m304[0m 0.905 ms - -[0m
2026-08-08 07:29:00 [INFO]: [0mGET /js/header.js [36m304[0m 0.688 ms - -[0m
2026-08-08 07:29:00 [INFO]: [0mGET /css/variables.css [36m304[0m 0.819 ms - -[0m
2026-08-08 07:29:00 [INFO]: [0mGET /css/utilities.css [36m304[0m 1.085 ms - -[0m
2026-08-08 07:29:00 [INFO]: [0mGET /css/animations.css [36m304[0m 0.419 ms - -[0m
2026-08-08 07:29:00 [INFO]: [0mGET /css/announcement.css [36m304[0m 0.671 ms - -[0m
2026-08-08 07:29:00 [INFO]: [0mGET /css/hero.css [36m304[0m 0.598 ms - -[0m
2026-08-08 07:29:00 [INFO]: [0mGET /css/featured.css [36m304[0m 0.458 ms - -[0m
2026-08-08 07:29:00 [INFO]: [0mGET /css/why-choose.css [36m304[0m 0.589 ms - -[0m
2026-08-08 07:29:00 [INFO]: [0mGET /css/footer.css [36m304[0m 0.189 ms - -[0m
2026-08-08 07:29:00 [INFO]: [0mGET /css/auth.css [36m304[0m 0.515 ms - -[0m
2026-08-08 07:29:00 [INFO]: [0mGET /css/verify.css [36m304[0m 0.414 ms - -[0m
2026-08-08 07:29:00 [INFO]: [0mGET /js/notification.js [36m304[0m 0.356 ms - -[0m
2026-08-08 07:29:01 [INFO]: [0mGET /admin/categories [36m304[0m 177.326 ms - -[0m
2026-08-08 07:29:01 [INFO]: [0mGET /css/style.css [36m304[0m 0.589 ms - -[0m
2026-08-08 07:29:01 [INFO]: [0mGET /css/admin/layout.css [36m304[0m 1.035 ms - -[0m
2026-08-08 07:29:01 [INFO]: [0mGET /css/admin/users.css [36m304[0m 1.756 ms - -[0m
2026-08-08 07:29:01 [INFO]: [0mGET /css/admin/categories.css [36m304[0m 2.246 ms - -[0m
2026-08-08 07:29:01 [INFO]: [0mGET /css/admin/brands.css [36m304[0m 2.648 ms - -[0m
2026-08-08 07:29:01 [INFO]: [0mGET /css/admin/products.css [36m304[0m 3.006 ms - -[0m
2026-08-08 07:29:01 [INFO]: [0mGET /css/header.css [36m304[0m 3.571 ms - -[0m
2026-08-08 07:29:01 [INFO]: [0mGET /images/logo/plantora.png [36m304[0m 0.495 ms - -[0m
2026-08-08 07:29:01 [INFO]: [0mGET /js/admin/layout.js [36m304[0m 0.321 ms - -[0m
2026-08-08 07:29:01 [INFO]: [0mGET /js/admin/users.js [36m304[0m 0.831 ms - -[0m
2026-08-08 07:29:01 [INFO]: [0mGET /js/admin/categories.js [36m304[0m 0.552 ms - -[0m
2026-08-08 07:29:01 [INFO]: [0mGET /js/admin/brands.js [36m304[0m 0.286 ms - -[0m
2026-08-08 07:29:01 [INFO]: [0mGET /css/variables.css [36m304[0m 0.931 ms - -[0m
2026-08-08 07:29:01 [INFO]: [0mGET /css/utilities.css [36m304[0m 0.775 ms - -[0m
2026-08-08 07:29:01 [INFO]: [0mGET /css/animations.css [36m304[0m 0.825 ms - -[0m
2026-08-08 07:29:01 [INFO]: [0mGET /css/announcement.css [36m304[0m 0.290 ms - -[0m
2026-08-08 07:29:01 [INFO]: [0mGET /css/hero.css [36m304[0m 1.012 ms - -[0m
2026-08-08 07:29:01 [INFO]: [0mGET /css/featured.css [36m304[0m 0.799 ms - -[0m
2026-08-08 07:29:01 [INFO]: [0mGET /css/why-choose.css [36m304[0m 1.020 ms - -[0m
2026-08-08 07:29:01 [INFO]: [0mGET /css/footer.css [36m304[0m 1.401 ms - -[0m
2026-08-08 07:29:01 [INFO]: [0mGET /css/auth.css [36m304[0m 0.398 ms - -[0m
2026-08-08 07:29:01 [INFO]: [0mGET /css/verify.css [36m304[0m 0.687 ms - -[0m
2026-08-08 07:29:01 [INFO]: [0mGET /js/admin/products.js [36m304[0m 0.343 ms - -[0m
2026-08-08 07:29:01 [INFO]: [0mGET /js/header.js [36m304[0m 0.504 ms - -[0m
2026-08-08 07:29:01 [INFO]: [0mGET /js/notification.js [36m304[0m 0.773 ms - -[0m
2026-08-08 07:29:04 [INFO]: [0mGET /admin/categories/create [32m200[0m 105.202 ms - -[0m
2026-08-08 07:29:04 [INFO]: [0mGET /css/style.css [36m304[0m 0.678 ms - -[0m
2026-08-08 07:29:04 [INFO]: [0mGET /css/admin/layout.css [36m304[0m 0.810 ms - -[0m
2026-08-08 07:29:04 [INFO]: [0mGET /css/admin/users.css [36m304[0m 0.961 ms - -[0m
2026-08-08 07:29:04 [INFO]: [0mGET /css/admin/categories.css [36m304[0m 1.113 ms - -[0m
2026-08-08 07:29:04 [INFO]: [0mGET /css/admin/brands.css [36m304[0m 1.231 ms - -[0m
2026-08-08 07:29:04 [INFO]: [0mGET /css/admin/products.css [36m304[0m 1.734 ms - -[0m
2026-08-08 07:29:04 [INFO]: [0mGET /css/header.css [36m304[0m 0.158 ms - -[0m
2026-08-08 07:29:04 [INFO]: [0mGET /images/logo/plantora.png [36m304[0m 0.489 ms - -[0m
2026-08-08 07:29:04 [INFO]: [0mGET /js/admin/layout.js [36m304[0m 0.146 ms - -[0m
2026-08-08 07:29:04 [INFO]: [0mGET /js/admin/users.js [36m304[0m 0.395 ms - -[0m
2026-08-08 07:29:04 [INFO]: [0mGET /css/variables.css [36m304[0m 0.678 ms - -[0m
2026-08-08 07:29:04 [INFO]: [0mGET /js/admin/categories.js [36m304[0m 0.859 ms - -[0m
2026-08-08 07:29:04 [INFO]: [0mGET /js/admin/brands.js [36m304[0m 1.118 ms - -[0m
2026-08-08 07:29:04 [INFO]: [0mGET /js/admin/products.js [36m304[0m 0.153 ms - -[0m
2026-08-08 07:29:04 [INFO]: [0mGET /css/utilities.css [36m304[0m 0.315 ms - -[0m
2026-08-08 07:29:04 [INFO]: [0mGET /css/animations.css [36m304[0m 0.471 ms - -[0m
2026-08-08 07:29:04 [INFO]: [0mGET /css/announcement.css [36m304[0m 0.762 ms - -[0m
2026-08-08 07:29:04 [INFO]: [0mGET /css/hero.css [36m304[0m 0.276 ms - -[0m
2026-08-08 07:29:04 [INFO]: [0mGET /css/featured.css [36m304[0m 0.994 ms - -[0m
2026-08-08 07:29:04 [INFO]: [0mGET /css/why-choose.css [36m304[0m 0.892 ms - -[0m
2026-08-08 07:29:04 [INFO]: [0mGET /css/footer.css [36m304[0m 0.729 ms - -[0m
2026-08-08 07:29:04 [INFO]: [0mGET /css/auth.css [36m304[0m 0.958 ms - -[0m
2026-08-08 07:29:04 [INFO]: [0mGET /css/verify.css [36m304[0m 0.378 ms - -[0m
2026-08-08 07:29:04 [INFO]: [0mGET /js/header.js [36m304[0m 0.220 ms - -[0m
2026-08-08 07:29:04 [INFO]: [0mGET /js/notification.js [36m304[0m 0.334 ms - -[0m
2026-08-08 07:29:06 [INFO]: [0mGET /admin/categories [36m304[0m 176.176 ms - -[0m
2026-08-08 07:29:06 [INFO]: [0mGET /css/style.css [36m304[0m 0.345 ms - -[0m
2026-08-08 07:29:06 [INFO]: [0mGET /css/admin/layout.css [36m304[0m 1.733 ms - -[0m
2026-08-08 07:29:06 [INFO]: [0mGET /css/admin/users.css [36m304[0m 1.888 ms - -[0m
2026-08-08 07:29:06 [INFO]: [0mGET /css/admin/categories.css [36m304[0m 1.654 ms - -[0m
2026-08-08 07:29:06 [INFO]: [0mGET /css/admin/brands.css [36m304[0m 1.533 ms - -[0m
2026-08-08 07:29:06 [INFO]: [0mGET /css/admin/products.css [36m304[0m 2.003 ms - -[0m
2026-08-08 07:29:06 [INFO]: [0mGET /css/header.css [36m304[0m 0.556 ms - -[0m
2026-08-08 07:29:06 [INFO]: [0mGET /images/logo/plantora.png [36m304[0m 0.556 ms - -[0m
2026-08-08 07:29:06 [INFO]: [0mGET /js/admin/layout.js [36m304[0m 0.527 ms - -[0m
2026-08-08 07:29:06 [INFO]: [0mGET /js/admin/users.js [36m304[0m 0.238 ms - -[0m
2026-08-08 07:29:06 [INFO]: [0mGET /js/admin/categories.js [36m304[0m 0.373 ms - -[0m
2026-08-08 07:29:06 [INFO]: [0mGET /js/admin/brands.js [36m304[0m 0.743 ms - -[0m
2026-08-08 07:29:06 [INFO]: [0mGET /css/variables.css [36m304[0m 0.332 ms - -[0m
2026-08-08 07:29:06 [INFO]: [0mGET /css/utilities.css [36m304[0m 0.453 ms - -[0m
2026-08-08 07:29:06 [INFO]: [0mGET /css/animations.css [36m304[0m 0.553 ms - -[0m
2026-08-08 07:29:06 [INFO]: [0mGET /css/announcement.css [36m304[0m 0.265 ms - -[0m
2026-08-08 07:29:06 [INFO]: [0mGET /css/hero.css [36m304[0m 0.489 ms - -[0m
2026-08-08 07:29:06 [INFO]: [0mGET /css/featured.css [36m304[0m 0.952 ms - -[0m
2026-08-08 07:29:06 [INFO]: [0mGET /css/why-choose.css [36m304[0m 0.441 ms - -[0m
2026-08-08 07:29:06 [INFO]: [0mGET /css/footer.css [36m304[0m 0.767 ms - -[0m
2026-08-08 07:29:06 [INFO]: [0mGET /css/auth.css [36m304[0m 0.440 ms - -[0m
2026-08-08 07:29:06 [INFO]: [0mGET /css/verify.css [36m304[0m 0.577 ms - -[0m
2026-08-08 07:29:06 [INFO]: [0mGET /js/admin/products.js [36m304[0m 0.130 ms - -[0m
2026-08-08 07:29:06 [INFO]: [0mGET /js/header.js [36m304[0m 0.417 ms - -[0m
2026-08-08 07:29:06 [INFO]: [0mGET /js/notification.js [36m304[0m 0.549 ms - -[0m
2026-08-08 07:29:08 [ERROR]: Failed to create audit log: AuditLog validation failed: module: `Category` is not a valid enum value for path `module`.
2026-08-08 07:29:08 [INFO]: Category deleted : Shrubs
2026-08-08 07:29:08 [INFO]: [0mDELETE /admin/categories/6a767a1114813c90732cad12?_method=DELETE [36m302[0m 239.175 ms - 46[0m
2026-08-08 07:29:08 [INFO]: [0mGET /admin/categories [32m200[0m 173.920 ms - -[0m
2026-08-08 07:29:08 [INFO]: [0mGET /css/style.css [36m304[0m 1.057 ms - -[0m
2026-08-08 07:29:08 [INFO]: [0mGET /css/admin/layout.css [36m304[0m 1.048 ms - -[0m
2026-08-08 07:29:08 [INFO]: [0mGET /css/admin/users.css [36m304[0m 1.184 ms - -[0m
2026-08-08 07:29:08 [INFO]: [0mGET /css/admin/categories.css [36m304[0m 1.296 ms - -[0m
2026-08-08 07:29:08 [INFO]: [0mGET /css/admin/brands.css [36m304[0m 1.442 ms - -[0m
2026-08-08 07:29:08 [INFO]: [0mGET /css/admin/products.css [36m304[0m 1.649 ms - -[0m
2026-08-08 07:29:08 [INFO]: [0mGET /css/header.css [36m304[0m 0.171 ms - -[0m
2026-08-08 07:29:08 [INFO]: [0mGET /images/logo/plantora.png [36m304[0m 0.368 ms - -[0m
2026-08-08 07:29:08 [INFO]: [0mGET /js/admin/layout.js [36m304[0m 0.279 ms - -[0m
2026-08-08 07:29:08 [INFO]: [0mGET /js/admin/users.js [36m304[0m 0.431 ms - -[0m
2026-08-08 07:29:08 [INFO]: [0mGET /css/variables.css [36m304[0m 0.152 ms - -[0m
2026-08-08 07:29:08 [INFO]: [0mGET /css/utilities.css [36m304[0m 0.619 ms - -[0m
2026-08-08 07:29:08 [INFO]: [0mGET /css/animations.css [36m304[0m 0.831 ms - -[0m
2026-08-08 07:29:08 [INFO]: [0mGET /css/announcement.css [36m304[0m 0.952 ms - -[0m
2026-08-08 07:29:08 [INFO]: [0mGET /css/hero.css [36m304[0m 1.162 ms - -[0m
2026-08-08 07:29:08 [INFO]: [0mGET /css/featured.css [36m304[0m 1.574 ms - -[0m
2026-08-08 07:29:08 [INFO]: [0mGET /css/why-choose.css [36m304[0m 0.467 ms - -[0m
2026-08-08 07:29:08 [INFO]: [0mGET /css/footer.css [36m304[0m 0.408 ms - -[0m
2026-08-08 07:29:08 [INFO]: [0mGET /css/auth.css [36m304[0m 0.510 ms - -[0m
2026-08-08 07:29:08 [INFO]: [0mGET /css/verify.css [36m304[0m 0.622 ms - -[0m
2026-08-08 07:29:08 [INFO]: [0mGET /js/admin/categories.js [36m304[0m 0.483 ms - -[0m
2026-08-08 07:29:08 [INFO]: [0mGET /js/admin/brands.js [36m304[0m 0.648 ms - -[0m
2026-08-08 07:29:08 [INFO]: [0mGET /js/admin/products.js [36m304[0m 0.781 ms - -[0m
2026-08-08 07:29:08 [INFO]: [0mGET /js/header.js [36m304[0m 0.178 ms - -[0m
2026-08-08 07:29:08 [INFO]: [0mGET /js/notification.js [36m304[0m 0.376 ms - -[0m
2026-08-08 07:29:12 [INFO]: [0mGET /admin/brands [36m304[0m 179.476 ms - -[0m
2026-08-08 07:29:12 [INFO]: [0mGET /css/style.css [36m304[0m 0.808 ms - -[0m
2026-08-08 07:29:12 [INFO]: [0mGET /css/admin/layout.css [36m304[0m 1.889 ms - -[0m
2026-08-08 07:29:12 [INFO]: [0mGET /css/admin/users.css [36m304[0m 1.940 ms - -[0m
2026-08-08 07:29:12 [INFO]: [0mGET /css/admin/categories.css [36m304[0m 2.517 ms - -[0m
2026-08-08 07:29:12 [INFO]: [0mGET /css/admin/brands.css [36m304[0m 0.703 ms - -[0m
2026-08-08 07:29:12 [INFO]: [0mGET /css/admin/products.css [36m304[0m 0.837 ms - -[0m
2026-08-08 07:29:12 [INFO]: [0mGET /css/header.css [36m304[0m 1.035 ms - -[0m
2026-08-08 07:29:12 [INFO]: [0mGET /images/logo/plantora.png [36m304[0m 0.168 ms - -[0m
2026-08-08 07:29:12 [INFO]: [0mGET /js/admin/layout.js [36m304[0m 0.371 ms - -[0m
2026-08-08 07:29:12 [INFO]: [0mGET /js/admin/categories.js [36m304[0m 0.505 ms - -[0m
2026-08-08 07:29:12 [INFO]: [0mGET /js/admin/users.js [36m304[0m 1.048 ms - -[0m
2026-08-08 07:29:12 [INFO]: [0mGET /js/admin/brands.js [36m304[0m 1.157 ms - -[0m
2026-08-08 07:29:12 [INFO]: [0mGET /js/admin/products.js [36m304[0m 0.143 ms - -[0m
2026-08-08 07:29:12 [INFO]: [0mGET /css/variables.css [36m304[0m 0.141 ms - -[0m
2026-08-08 07:29:12 [INFO]: [0mGET /js/header.js [36m304[0m 0.202 ms - -[0m
2026-08-08 07:29:12 [INFO]: [0mGET /css/animations.css [36m304[0m 0.224 ms - -[0m
2026-08-08 07:29:12 [INFO]: [0mGET /css/utilities.css [36m304[0m 0.658 ms - -[0m
2026-08-08 07:29:12 [INFO]: [0mGET /css/announcement.css [36m304[0m 0.716 ms - -[0m
2026-08-08 07:29:12 [INFO]: [0mGET /css/hero.css [36m304[0m 1.071 ms - -[0m
2026-08-08 07:29:12 [INFO]: [0mGET /css/featured.css [36m304[0m 0.421 ms - -[0m
2026-08-08 07:29:12 [INFO]: [0mGET /css/why-choose.css [36m304[0m 0.334 ms - -[0m
2026-08-08 07:29:12 [INFO]: [0mGET /css/footer.css [36m304[0m 0.449 ms - -[0m
2026-08-08 07:29:12 [INFO]: [0mGET /css/auth.css [36m304[0m 0.808 ms - -[0m
2026-08-08 07:29:12 [INFO]: [0mGET /css/verify.css [36m304[0m 0.352 ms - -[0m
2026-08-08 07:29:12 [INFO]: [0mGET /js/notification.js [36m304[0m 0.217 ms - -[0m
2026-08-08 07:29:26 [INFO]: MongoDB connected successfully.
2026-08-08 07:29:29 [INFO]: Email server connected successfully.
2026-08-08 07:29:29 [INFO]: Server is running on port 5132.
2026-08-08 07:29:29 [INFO]: [0mGET /admin/brands [36m304[0m 195.096 ms - -[0m
2026-08-08 07:29:29 [INFO]: [0mGET /css/style.css [36m304[0m 1.408 ms - -[0m
2026-08-08 07:29:29 [INFO]: [0mGET /css/admin/layout.css [36m304[0m 1.180 ms - -[0m
2026-08-08 07:29:29 [INFO]: [0mGET /css/admin/users.css [36m304[0m 1.261 ms - -[0m
2026-08-08 07:29:29 [INFO]: [0mGET /css/admin/brands.css [36m304[0m 1.673 ms - -[0m
2026-08-08 07:29:29 [INFO]: [0mGET /css/admin/categories.css [36m304[0m 0.890 ms - -[0m
2026-08-08 07:29:29 [INFO]: [0mGET /css/admin/products.css [36m304[0m 0.411 ms - -[0m
2026-08-08 07:29:29 [INFO]: [0mGET /css/header.css [36m304[0m 0.915 ms - -[0m
2026-08-08 07:29:29 [INFO]: [0mGET /css/variables.css [36m304[0m 0.533 ms - -[0m
2026-08-08 07:29:29 [INFO]: [0mGET /css/utilities.css [36m304[0m 0.488 ms - -[0m
2026-08-08 07:29:29 [INFO]: [0mGET /css/animations.css [36m304[0m 0.862 ms - -[0m
2026-08-08 07:29:29 [INFO]: [0mGET /css/announcement.css [36m304[0m 0.623 ms - -[0m
2026-08-08 07:29:29 [INFO]: [0mGET /css/hero.css [36m304[0m 0.828 ms - -[0m
2026-08-08 07:29:29 [INFO]: [0mGET /css/featured.css [36m304[0m 0.331 ms - -[0m
2026-08-08 07:29:29 [INFO]: [0mGET /css/why-choose.css [36m304[0m 0.485 ms - -[0m
2026-08-08 07:29:29 [INFO]: [0mGET /css/footer.css [36m304[0m 0.780 ms - -[0m
2026-08-08 07:29:29 [INFO]: [0mGET /css/auth.css [36m304[0m 0.644 ms - -[0m
2026-08-08 07:29:29 [INFO]: [0mGET /css/verify.css [36m304[0m 0.529 ms - -[0m
2026-08-08 07:29:29 [INFO]: [0mGET /images/logo/plantora.png [36m304[0m 0.960 ms - -[0m
2026-08-08 07:29:29 [INFO]: [0mGET /js/admin/layout.js [36m304[0m 0.226 ms - -[0m
2026-08-08 07:29:29 [INFO]: [0mGET /js/admin/users.js [36m304[0m 0.651 ms - -[0m
2026-08-08 07:29:29 [INFO]: [0mGET /js/admin/categories.js [36m304[0m 0.553 ms - -[0m
2026-08-08 07:29:29 [INFO]: [0mGET /js/admin/products.js [36m304[0m 0.402 ms - -[0m
2026-08-08 07:29:29 [INFO]: [0mGET /js/header.js [36m304[0m 1.135 ms - -[0m
2026-08-08 07:29:29 [INFO]: [0mGET /js/notification.js [36m304[0m 1.331 ms - -[0m
2026-08-08 07:29:29 [INFO]: [0mGET /js/admin/brands.js [32m200[0m 3.057 ms - -[0m
2026-08-08 07:29:36 [INFO]: MongoDB connected successfully.
2026-08-08 07:29:39 [INFO]: Email server connected successfully.
2026-08-08 07:29:39 [INFO]: Server is running on port 5132.
2026-08-08 07:29:39 [INFO]: [0mGET /admin/brands [36m304[0m 228.197 ms - -[0m
2026-08-08 07:29:39 [INFO]: [0mGET /css/style.css [36m304[0m 2.223 ms - -[0m
2026-08-08 07:29:39 [INFO]: [0mGET /css/admin/layout.css [36m304[0m 2.160 ms - -[0m
2026-08-08 07:29:39 [INFO]: [0mGET /css/admin/users.css [36m304[0m 2.407 ms - -[0m
2026-08-08 07:29:39 [INFO]: [0mGET /css/admin/categories.css [36m304[0m 2.765 ms - -[0m
2026-08-08 07:29:39 [INFO]: [0mGET /css/admin/brands.css [36m304[0m 3.220 ms - -[0m
2026-08-08 07:29:39 [INFO]: [0mGET /css/admin/products.css [36m304[0m 3.448 ms - -[0m
2026-08-08 07:29:39 [INFO]: [0mGET /css/header.css [36m304[0m 1.667 ms - -[0m
2026-08-08 07:29:39 [INFO]: [0mGET /css/variables.css [36m304[0m 1.618 ms - -[0m
2026-08-08 07:29:39 [INFO]: [0mGET /images/logo/plantora.png [36m304[0m 1.565 ms - -[0m
2026-08-08 07:29:39 [INFO]: [0mGET /css/utilities.css [36m304[0m 1.633 ms - -[0m
2026-08-08 07:29:39 [INFO]: [0mGET /css/animations.css [36m304[0m 1.784 ms - -[0m
2026-08-08 07:29:39 [INFO]: [0mGET /css/announcement.css [36m304[0m 0.345 ms - -[0m
2026-08-08 07:29:39 [INFO]: [0mGET /css/hero.css [36m304[0m 1.125 ms - -[0m
2026-08-08 07:29:39 [INFO]: [0mGET /css/featured.css [36m304[0m 0.905 ms - -[0m
2026-08-08 07:29:39 [INFO]: [0mGET /css/why-choose.css [36m304[0m 0.934 ms - -[0m
2026-08-08 07:29:39 [INFO]: [0mGET /css/footer.css [36m304[0m 0.985 ms - -[0m
2026-08-08 07:29:39 [INFO]: [0mGET /css/auth.css [36m304[0m 0.247 ms - -[0m
2026-08-08 07:29:39 [INFO]: [0mGET /css/verify.css [36m304[0m 0.888 ms - -[0m
2026-08-08 07:29:39 [INFO]: [0mGET /js/admin/layout.js [36m304[0m 0.273 ms - -[0m
2026-08-08 07:29:39 [INFO]: [0mGET /js/admin/users.js [36m304[0m 0.446 ms - -[0m
2026-08-08 07:29:39 [INFO]: [0mGET /js/admin/categories.js [36m304[0m 0.584 ms - -[0m
2026-08-08 07:29:39 [INFO]: [0mGET /js/admin/products.js [36m304[0m 0.617 ms - -[0m
2026-08-08 07:29:39 [INFO]: [0mGET /js/header.js [36m304[0m 0.800 ms - -[0m
2026-08-08 07:29:39 [INFO]: [0mGET /js/notification.js [36m304[0m 0.955 ms - -[0m
2026-08-08 07:29:39 [INFO]: [0mGET /js/admin/brands.js [32m200[0m 2.454 ms - -[0m
2026-08-08 07:29:43 [INFO]: [0mGET /admin/brands?search=&sort=newest [32m200[0m 201.646 ms - -[0m
2026-08-08 07:29:43 [INFO]: [0mGET /css/style.css [36m304[0m 1.470 ms - -[0m
2026-08-08 07:29:43 [INFO]: [0mGET /css/admin/layout.css [36m304[0m 1.785 ms - -[0m
2026-08-08 07:29:43 [INFO]: [0mGET /css/admin/users.css [36m304[0m 2.026 ms - -[0m
2026-08-08 07:29:43 [INFO]: [0mGET /css/admin/categories.css [36m304[0m 2.155 ms - -[0m
2026-08-08 07:29:43 [INFO]: [0mGET /css/admin/brands.css [36m304[0m 0.658 ms - -[0m
2026-08-08 07:29:43 [INFO]: [0mGET /css/admin/products.css [36m304[0m 0.328 ms - -[0m
2026-08-08 07:29:43 [INFO]: [0mGET /css/header.css [36m304[0m 0.496 ms - -[0m
2026-08-08 07:29:43 [INFO]: [0mGET /images/logo/plantora.png [36m304[0m 0.232 ms - -[0m
2026-08-08 07:29:43 [INFO]: [0mGET /js/admin/layout.js [36m304[0m 0.406 ms - -[0m
2026-08-08 07:29:43 [INFO]: [0mGET /js/admin/users.js [36m304[0m 1.093 ms - -[0m
2026-08-08 07:29:43 [INFO]: [0mGET /js/admin/categories.js [36m304[0m 1.441 ms - -[0m
2026-08-08 07:29:43 [INFO]: [0mGET /js/admin/brands.js [36m304[0m 1.317 ms - -[0m
2026-08-08 07:29:43 [INFO]: [0mGET /js/admin/products.js [36m304[0m 0.735 ms - -[0m
2026-08-08 07:29:43 [INFO]: [0mGET /css/variables.css [36m304[0m 0.728 ms - -[0m
2026-08-08 07:29:43 [INFO]: [0mGET /css/utilities.css [36m304[0m 0.701 ms - -[0m
2026-08-08 07:29:43 [INFO]: [0mGET /css/animations.css [36m304[0m 0.909 ms - -[0m
2026-08-08 07:29:43 [INFO]: [0mGET /css/announcement.css [36m304[0m 1.054 ms - -[0m
2026-08-08 07:29:43 [INFO]: [0mGET /css/hero.css [36m304[0m 0.371 ms - -[0m
2026-08-08 07:29:43 [INFO]: [0mGET /css/featured.css [36m304[0m 0.616 ms - -[0m
2026-08-08 07:29:43 [INFO]: [0mGET /css/why-choose.css [36m304[0m 1.581 ms - -[0m
2026-08-08 07:29:43 [INFO]: [0mGET /css/footer.css [36m304[0m 0.994 ms - -[0m
2026-08-08 07:29:43 [INFO]: [0mGET /css/auth.css [36m304[0m 1.190 ms - -[0m
2026-08-08 07:29:43 [INFO]: [0mGET /css/verify.css [36m304[0m 1.373 ms - -[0m
2026-08-08 07:29:43 [INFO]: [0mGET /js/header.js [36m304[0m 0.178 ms - -[0m
2026-08-08 07:29:43 [INFO]: [0mGET /js/notification.js [36m304[0m 0.362 ms - -[0m
2026-08-08 07:29:48 [INFO]: [0mGET /admin/categories [36m304[0m 230.142 ms - -[0m
2026-08-08 07:29:48 [INFO]: [0mGET /css/style.css [36m304[0m 1.036 ms - -[0m
2026-08-08 07:29:48 [INFO]: [0mGET /css/admin/layout.css [36m304[0m 1.073 ms - -[0m
2026-08-08 07:29:48 [INFO]: [0mGET /css/admin/users.css [36m304[0m 2.099 ms - -[0m
2026-08-08 07:29:48 [INFO]: [0mGET /css/admin/categories.css [36m304[0m 2.389 ms - -[0m
2026-08-08 07:29:48 [INFO]: [0mGET /css/admin/brands.css [36m304[0m 2.425 ms - -[0m
2026-08-08 07:29:48 [INFO]: [0mGET /css/admin/products.css [36m304[0m 2.434 ms - -[0m
2026-08-08 07:29:48 [INFO]: [0mGET /css/header.css [36m304[0m 2.513 ms - -[0m
2026-08-08 07:29:48 [INFO]: [0mGET /images/logo/plantora.png [36m304[0m 1.004 ms - -[0m
2026-08-08 07:29:48 [INFO]: [0mGET /js/admin/layout.js [36m304[0m 1.615 ms - -[0m
2026-08-08 07:29:48 [INFO]: [0mGET /js/admin/users.js [36m304[0m 1.413 ms - -[0m
2026-08-08 07:29:48 [INFO]: [0mGET /js/admin/categories.js [36m304[0m 1.092 ms - -[0m
2026-08-08 07:29:48 [INFO]: [0mGET /js/admin/brands.js [36m304[0m 1.454 ms - -[0m
2026-08-08 07:29:48 [INFO]: [0mGET /css/variables.css [36m304[0m 1.142 ms - -[0m
2026-08-08 07:29:48 [INFO]: [0mGET /css/utilities.css [36m304[0m 1.167 ms - -[0m
2026-08-08 07:29:48 [INFO]: [0mGET /css/animations.css [36m304[0m 1.444 ms - -[0m
2026-08-08 07:29:48 [INFO]: [0mGET /css/announcement.css [36m304[0m 2.222 ms - -[0m
2026-08-08 07:29:48 [INFO]: [0mGET /css/hero.css [36m304[0m 0.846 ms - -[0m
2026-08-08 07:29:48 [INFO]: [0mGET /css/featured.css [36m304[0m 1.736 ms - -[0m
2026-08-08 07:29:48 [INFO]: [0mGET /css/why-choose.css [36m304[0m 1.218 ms - -[0m
2026-08-08 07:29:48 [INFO]: [0mGET /css/footer.css [36m304[0m 1.315 ms - -[0m
2026-08-08 07:29:48 [INFO]: [0mGET /css/auth.css [36m304[0m 0.739 ms - -[0m
2026-08-08 07:29:48 [INFO]: [0mGET /css/verify.css [36m304[0m 1.765 ms - -[0m
2026-08-08 07:29:48 [INFO]: [0mGET /js/admin/products.js [36m304[0m 1.431 ms - -[0m
2026-08-08 07:29:48 [INFO]: [0mGET /js/header.js [36m304[0m 0.274 ms - -[0m
2026-08-08 07:29:48 [INFO]: [0mGET /js/notification.js [36m304[0m 0.365 ms - -[0m
2026-08-08 07:29:51 [INFO]: [0mGET /admin/categories/create [36m304[0m 121.547 ms - -[0m
2026-08-08 07:29:51 [INFO]: [0mGET /css/style.css [36m304[0m 1.666 ms - -[0m
2026-08-08 07:29:51 [INFO]: [0mGET /css/admin/layout.css [36m304[0m 2.010 ms - -[0m
2026-08-08 07:29:51 [INFO]: [0mGET /css/admin/users.css [36m304[0m 1.943 ms - -[0m
2026-08-08 07:29:51 [INFO]: [0mGET /css/admin/categories.css [36m304[0m 2.145 ms - -[0m
2026-08-08 07:29:51 [INFO]: [0mGET /css/admin/brands.css [36m304[0m 0.689 ms - -[0m
2026-08-08 07:29:51 [INFO]: [0mGET /css/admin/products.css [36m304[0m 0.898 ms - -[0m
2026-08-08 07:29:51 [INFO]: [0mGET /css/header.css [36m304[0m 0.524 ms - -[0m
2026-08-08 07:29:51 [INFO]: [0mGET /images/logo/plantora.png [36m304[0m 0.579 ms - -[0m
2026-08-08 07:29:51 [INFO]: [0mGET /js/admin/layout.js [36m304[0m 0.504 ms - -[0m
2026-08-08 07:29:51 [INFO]: [0mGET /js/admin/users.js [36m304[0m 0.121 ms - -[0m
2026-08-08 07:29:51 [INFO]: [0mGET /js/admin/categories.js [36m304[0m 0.215 ms - -[0m
2026-08-08 07:29:51 [INFO]: [0mGET /js/admin/brands.js [36m304[0m 0.311 ms - -[0m
2026-08-08 07:29:51 [INFO]: [0mGET /css/variables.css [36m304[0m 0.243 ms - -[0m
2026-08-08 07:29:51 [INFO]: [0mGET /css/utilities.css [36m304[0m 0.204 ms - -[0m
2026-08-08 07:29:51 [INFO]: [0mGET /css/animations.css [36m304[0m 0.555 ms - -[0m
2026-08-08 07:29:51 [INFO]: [0mGET /css/announcement.css [36m304[0m 0.523 ms - -[0m
2026-08-08 07:29:51 [INFO]: [0mGET /css/hero.css [36m304[0m 1.044 ms - -[0m
2026-08-08 07:29:51 [INFO]: [0mGET /css/featured.css [36m304[0m 0.714 ms - -[0m
2026-08-08 07:29:51 [INFO]: [0mGET /css/why-choose.css [36m304[0m 0.849 ms - -[0m
2026-08-08 07:29:51 [INFO]: [0mGET /css/footer.css [36m304[0m 0.722 ms - -[0m
2026-08-08 07:29:51 [INFO]: [0mGET /css/auth.css [36m304[0m 0.950 ms - -[0m
2026-08-08 07:29:51 [INFO]: [0mGET /css/verify.css [36m304[0m 1.546 ms - -[0m
2026-08-08 07:29:51 [INFO]: [0mGET /js/admin/products.js [36m304[0m 0.557 ms - -[0m
2026-08-08 07:29:51 [INFO]: [0mGET /js/header.js [36m304[0m 0.702 ms - -[0m
2026-08-08 07:29:51 [INFO]: [0mGET /js/notification.js [36m304[0m 0.796 ms - -[0m
2026-08-08 07:29:58 [ERROR]: Failed to create audit log: AuditLog validation failed: module: `Category` is not a valid enum value for path `module`.
2026-08-08 07:29:58 [INFO]: Category created : Plants
2026-08-08 07:29:58 [INFO]: [0mPOST /admin/categories/create [36m302[0m 229.032 ms - 46[0m
2026-08-08 07:29:59 [INFO]: [0mGET /admin/categories [32m200[0m 199.850 ms - -[0m
2026-08-08 07:29:59 [INFO]: [0mGET /css/style.css [36m304[0m 0.541 ms - -[0m
2026-08-08 07:29:59 [INFO]: [0mGET /css/admin/layout.css [36m304[0m 0.744 ms - -[0m
2026-08-08 07:29:59 [INFO]: [0mGET /css/admin/users.css [36m304[0m 0.700 ms - -[0m
2026-08-08 07:29:59 [INFO]: [0mGET /css/admin/products.css [36m304[0m 0.784 ms - -[0m
2026-08-08 07:29:59 [INFO]: [0mGET /css/admin/categories.css [36m304[0m 0.851 ms - -[0m
2026-08-08 07:29:59 [INFO]: [0mGET /css/admin/brands.css [36m304[0m 0.933 ms - -[0m
2026-08-08 07:29:59 [INFO]: [0mGET /css/header.css [36m304[0m 1.077 ms - -[0m
2026-08-08 07:29:59 [INFO]: [0mGET /images/logo/plantora.png [36m304[0m 0.229 ms - -[0m
2026-08-08 07:29:59 [INFO]: [0mGET /js/admin/layout.js [36m304[0m 0.188 ms - -[0m
2026-08-08 07:29:59 [INFO]: [0mGET /js/admin/users.js [36m304[0m 0.137 ms - -[0m
2026-08-08 07:29:59 [INFO]: [0mGET /js/admin/categories.js [36m304[0m 0.288 ms - -[0m
2026-08-08 07:29:59 [INFO]: [0mGET /js/admin/brands.js [36m304[0m 0.405 ms - -[0m
2026-08-08 07:29:59 [INFO]: [0mGET /css/variables.css [36m304[0m 0.559 ms - -[0m
2026-08-08 07:29:59 [INFO]: [0mGET /js/admin/products.js [36m304[0m 0.736 ms - -[0m
2026-08-08 07:29:59 [INFO]: [0mGET /js/header.js [36m304[0m 0.199 ms - -[0m
2026-08-08 07:29:59 [INFO]: [0mGET /css/utilities.css [36m304[0m 0.575 ms - -[0m
2026-08-08 07:29:59 [INFO]: [0mGET /css/animations.css [36m304[0m 0.568 ms - -[0m
2026-08-08 07:29:59 [INFO]: [0mGET /css/announcement.css [36m304[0m 0.779 ms - -[0m
2026-08-08 07:29:59 [INFO]: [0mGET /css/hero.css [36m304[0m 0.399 ms - -[0m
2026-08-08 07:29:59 [INFO]: [0mGET /css/featured.css [36m304[0m 0.444 ms - -[0m
2026-08-08 07:29:59 [INFO]: [0mGET /css/why-choose.css [36m304[0m 0.602 ms - -[0m
2026-08-08 07:29:59 [INFO]: [0mGET /css/footer.css [36m304[0m 0.228 ms - -[0m
2026-08-08 07:29:59 [INFO]: [0mGET /css/auth.css [36m304[0m 0.314 ms - -[0m
2026-08-08 07:29:59 [INFO]: [0mGET /css/verify.css [36m304[0m 0.103 ms - -[0m
2026-08-08 07:29:59 [INFO]: [0mGET /js/notification.js [36m304[0m 0.233 ms - -[0m
2026-08-08 07:30:04 [INFO]: [0mGET /admin/categories/6a768d9e35b07b48989f7de8/edit [32m200[0m 178.827 ms - -[0m
2026-08-08 07:30:04 [INFO]: [0mGET /css/style.css [36m304[0m 1.486 ms - -[0m
2026-08-08 07:30:04 [INFO]: [0mGET /css/admin/layout.css [36m304[0m 1.740 ms - -[0m
2026-08-08 07:30:04 [INFO]: [0mGET /css/admin/users.css [36m304[0m 1.659 ms - -[0m
2026-08-08 07:30:04 [INFO]: [0mGET /css/admin/categories.css [36m304[0m 1.571 ms - -[0m
2026-08-08 07:30:04 [INFO]: [0mGET /css/admin/brands.css [36m304[0m 1.592 ms - -[0m
2026-08-08 07:30:04 [INFO]: [0mGET /css/admin/products.css [36m304[0m 1.708 ms - -[0m
2026-08-08 07:30:04 [INFO]: [0mGET /css/header.css [36m304[0m 0.692 ms - -[0m
2026-08-08 07:30:04 [INFO]: [0mGET /images/logo/plantora.png [36m304[0m 0.240 ms - -[0m
2026-08-08 07:30:04 [INFO]: [0mGET /js/admin/layout.js [36m304[0m 0.529 ms - -[0m
2026-08-08 07:30:04 [INFO]: [0mGET /js/admin/users.js [36m304[0m 0.920 ms - -[0m
2026-08-08 07:30:04 [INFO]: [0mGET /js/admin/categories.js [36m304[0m 1.510 ms - -[0m
2026-08-08 07:30:04 [INFO]: [0mGET /js/admin/brands.js [36m304[0m 0.675 ms - -[0m
2026-08-08 07:30:04 [INFO]: [0mGET /js/admin/products.js [36m304[0m 0.381 ms - -[0m
2026-08-08 07:30:04 [INFO]: [0mGET /js/header.js [36m304[0m 0.855 ms - -[0m
2026-08-08 07:30:04 [INFO]: [0mGET /css/variables.css [36m304[0m 1.028 ms - -[0m
2026-08-08 07:30:04 [INFO]: [0mGET /css/utilities.css [36m304[0m 1.897 ms - -[0m
2026-08-08 07:30:04 [INFO]: [0mGET /css/animations.css [36m304[0m 1.141 ms - -[0m
2026-08-08 07:30:04 [INFO]: [0mGET /css/announcement.css [36m304[0m 1.354 ms - -[0m
2026-08-08 07:30:04 [INFO]: [0mGET /css/hero.css [36m304[0m 1.644 ms - -[0m
2026-08-08 07:30:04 [INFO]: [0mGET /css/featured.css [36m304[0m 0.978 ms - -[0m
2026-08-08 07:30:04 [INFO]: [0mGET /css/why-choose.css [36m304[0m 1.334 ms - -[0m
2026-08-08 07:30:04 [INFO]: [0mGET /css/footer.css [36m304[0m 0.987 ms - -[0m
2026-08-08 07:30:04 [INFO]: [0mGET /css/auth.css [36m304[0m 1.299 ms - -[0m
2026-08-08 07:30:04 [INFO]: [0mGET /css/verify.css [36m304[0m 1.572 ms - -[0m
2026-08-08 07:30:04 [INFO]: [0mGET /js/notification.js [36m304[0m 0.305 ms - -[0m
2026-08-08 07:30:05 [INFO]: [0mGET /admin/categories [36m304[0m 201.674 ms - -[0m
2026-08-08 07:30:05 [INFO]: [0mGET /css/style.css [36m304[0m 0.350 ms - -[0m
2026-08-08 07:30:05 [INFO]: [0mGET /css/admin/layout.css [36m304[0m 0.750 ms - -[0m
2026-08-08 07:30:05 [INFO]: [0mGET /css/admin/users.css [36m304[0m 0.751 ms - -[0m
2026-08-08 07:30:05 [INFO]: [0mGET /css/admin/categories.css [36m304[0m 1.251 ms - -[0m
2026-08-08 07:30:05 [INFO]: [0mGET /css/admin/products.css [36m304[0m 1.339 ms - -[0m
2026-08-08 07:30:05 [INFO]: [0mGET /css/admin/brands.css [36m304[0m 1.725 ms - -[0m
2026-08-08 07:30:05 [INFO]: [0mGET /css/header.css [36m304[0m 1.791 ms - -[0m
2026-08-08 07:30:05 [INFO]: [0mGET /images/logo/plantora.png [36m304[0m 0.401 ms - -[0m
2026-08-08 07:30:05 [INFO]: [0mGET /js/admin/layout.js [36m304[0m 0.164 ms - -[0m
2026-08-08 07:30:05 [INFO]: [0mGET /js/admin/users.js [36m304[0m 0.291 ms - -[0m
2026-08-08 07:30:05 [INFO]: [0mGET /js/admin/categories.js [36m304[0m 0.386 ms - -[0m
2026-08-08 07:30:05 [INFO]: [0mGET /js/admin/brands.js [36m304[0m 0.514 ms - -[0m
2026-08-08 07:30:05 [INFO]: [0mGET /js/admin/products.js [36m304[0m 0.225 ms - -[0m
2026-08-08 07:30:05 [INFO]: [0mGET /css/variables.css [36m304[0m 0.402 ms - -[0m
2026-08-08 07:30:05 [INFO]: [0mGET /css/utilities.css [36m304[0m 0.579 ms - -[0m
2026-08-08 07:30:05 [INFO]: [0mGET /css/animations.css [36m304[0m 0.550 ms - -[0m
2026-08-08 07:30:05 [INFO]: [0mGET /css/announcement.css [36m304[0m 0.700 ms - -[0m
2026-08-08 07:30:05 [INFO]: [0mGET /css/hero.css [36m304[0m 0.872 ms - -[0m
2026-08-08 07:30:05 [INFO]: [0mGET /css/featured.css [36m304[0m 0.985 ms - -[0m
2026-08-08 07:30:05 [INFO]: [0mGET /css/why-choose.css [36m304[0m 0.219 ms - -[0m
2026-08-08 07:30:05 [INFO]: [0mGET /css/footer.css [36m304[0m 0.261 ms - -[0m
2026-08-08 07:30:05 [INFO]: [0mGET /css/auth.css [36m304[0m 0.418 ms - -[0m
2026-08-08 07:30:05 [INFO]: [0mGET /css/verify.css [36m304[0m 0.590 ms - -[0m
2026-08-08 07:30:05 [INFO]: [0mGET /js/header.js [36m304[0m 0.290 ms - -[0m
2026-08-08 07:30:05 [INFO]: [0mGET /js/notification.js [36m304[0m 0.473 ms - -[0m
2026-08-08 07:30:08 [INFO]: [0mGET /admin/categories [36m304[0m 201.296 ms - -[0m
2026-08-08 07:30:08 [INFO]: [0mGET /css/style.css [36m304[0m 0.972 ms - -[0m
2026-08-08 07:30:08 [INFO]: [0mGET /css/admin/layout.css [36m304[0m 1.111 ms - -[0m
2026-08-08 07:30:08 [INFO]: [0mGET /css/admin/users.css [36m304[0m 1.615 ms - -[0m
2026-08-08 07:30:08 [INFO]: [0mGET /css/admin/categories.css [36m304[0m 2.036 ms - -[0m
2026-08-08 07:30:08 [INFO]: [0mGET /css/admin/brands.css [36m304[0m 2.512 ms - -[0m
2026-08-08 07:30:08 [INFO]: [0mGET /css/admin/products.css [36m304[0m 2.758 ms - -[0m
2026-08-08 07:30:08 [INFO]: [0mGET /css/header.css [36m304[0m 0.185 ms - -[0m
2026-08-08 07:30:08 [INFO]: [0mGET /images/logo/plantora.png [36m304[0m 0.198 ms - -[0m
2026-08-08 07:30:08 [INFO]: [0mGET /js/admin/layout.js [36m304[0m 0.498 ms - -[0m
2026-08-08 07:30:08 [INFO]: [0mGET /js/admin/users.js [36m304[0m 0.802 ms - -[0m
2026-08-08 07:30:08 [INFO]: [0mGET /css/variables.css [36m304[0m 1.009 ms - -[0m
2026-08-08 07:30:08 [INFO]: [0mGET /js/admin/categories.js [36m304[0m 1.197 ms - -[0m
2026-08-08 07:30:08 [INFO]: [0mGET /css/utilities.css [36m304[0m 0.231 ms - -[0m
2026-08-08 07:30:08 [INFO]: [0mGET /css/animations.css [36m304[0m 0.945 ms - -[0m
2026-08-08 07:30:08 [INFO]: [0mGET /css/announcement.css [36m304[0m 0.959 ms - -[0m
2026-08-08 07:30:08 [INFO]: [0mGET /css/hero.css [36m304[0m 1.116 ms - -[0m
2026-08-08 07:30:08 [INFO]: [0mGET /css/featured.css [36m304[0m 1.309 ms - -[0m
2026-08-08 07:30:08 [INFO]: [0mGET /css/why-choose.css [36m304[0m 0.211 ms - -[0m
2026-08-08 07:30:08 [INFO]: [0mGET /css/footer.css [36m304[0m 0.314 ms - -[0m
2026-08-08 07:30:08 [INFO]: [0mGET /css/auth.css [36m304[0m 0.204 ms - -[0m
2026-08-08 07:30:08 [INFO]: [0mGET /css/verify.css [36m304[0m 0.547 ms - -[0m
2026-08-08 07:30:08 [INFO]: [0mGET /js/admin/brands.js [36m304[0m 0.396 ms - -[0m
2026-08-08 07:30:08 [INFO]: [0mGET /js/admin/products.js [36m304[0m 0.135 ms - -[0m
2026-08-08 07:30:08 [INFO]: [0mGET /js/header.js [36m304[0m 0.201 ms - -[0m
2026-08-08 07:30:08 [INFO]: [0mGET /js/notification.js [36m304[0m 0.458 ms - -[0m
2026-08-08 07:30:14 [INFO]: [0mGET /admin/categories?search=&sort=newest [32m200[0m 204.507 ms - -[0m
2026-08-08 07:30:14 [INFO]: [0mGET /css/style.css [36m304[0m 0.298 ms - -[0m
2026-08-08 07:30:14 [INFO]: [0mGET /css/admin/layout.css [36m304[0m 0.546 ms - -[0m
2026-08-08 07:30:14 [INFO]: [0mGET /css/admin/users.css [36m304[0m 0.968 ms - -[0m
2026-08-08 07:30:14 [INFO]: [0mGET /css/admin/categories.css [36m304[0m 1.114 ms - -[0m
2026-08-08 07:30:14 [INFO]: [0mGET /css/admin/brands.css [36m304[0m 1.278 ms - -[0m
2026-08-08 07:30:14 [INFO]: [0mGET /css/admin/products.css [36m304[0m 1.525 ms - -[0m
2026-08-08 07:30:14 [INFO]: [0mGET /css/header.css [36m304[0m 2.026 ms - -[0m
2026-08-08 07:30:14 [INFO]: [0mGET /images/logo/plantora.png [36m304[0m 0.380 ms - -[0m
2026-08-08 07:30:14 [INFO]: [0mGET /js/admin/layout.js [36m304[0m 0.340 ms - -[0m
2026-08-08 07:30:14 [INFO]: [0mGET /js/admin/users.js [36m304[0m 0.660 ms - -[0m
2026-08-08 07:30:14 [INFO]: [0mGET /js/admin/categories.js [36m304[0m 0.402 ms - -[0m
2026-08-08 07:30:14 [INFO]: [0mGET /js/admin/brands.js [36m304[0m 0.701 ms - -[0m
2026-08-08 07:30:14 [INFO]: [0mGET /js/admin/products.js [36m304[0m 0.251 ms - -[0m
2026-08-08 07:30:14 [INFO]: [0mGET /js/header.js [36m304[0m 0.369 ms - -[0m
2026-08-08 07:30:14 [INFO]: [0mGET /js/notification.js [36m304[0m 0.325 ms - -[0m
2026-08-08 07:30:14 [INFO]: [0mGET /css/variables.css [36m304[0m 0.215 ms - -[0m
2026-08-08 07:30:14 [INFO]: [0mGET /css/utilities.css [36m304[0m 1.065 ms - -[0m
2026-08-08 07:30:14 [INFO]: [0mGET /css/animations.css [36m304[0m 1.010 ms - -[0m
2026-08-08 07:30:14 [INFO]: [0mGET /css/announcement.css [36m304[0m 1.257 ms - -[0m
2026-08-08 07:30:14 [INFO]: [0mGET /css/hero.css [36m304[0m 1.234 ms - -[0m
2026-08-08 07:30:14 [INFO]: [0mGET /css/featured.css [36m304[0m 1.449 ms - -[0m
2026-08-08 07:30:14 [INFO]: [0mGET /css/why-choose.css [36m304[0m 1.780 ms - -[0m
2026-08-08 07:30:14 [INFO]: [0mGET /css/footer.css [36m304[0m 0.524 ms - -[0m
2026-08-08 07:30:14 [INFO]: [0mGET /css/auth.css [36m304[0m 0.663 ms - -[0m
2026-08-08 07:30:14 [INFO]: [0mGET /css/verify.css [36m304[0m 1.182 ms - -[0m
2026-08-08 07:30:15 [INFO]: [0mGET /admin/categories/create [32m200[0m 129.715 ms - -[0m
2026-08-08 07:30:15 [INFO]: [0mGET /css/style.css [36m304[0m 0.587 ms - -[0m
2026-08-08 07:30:15 [INFO]: [0mGET /css/admin/layout.css [36m304[0m 0.884 ms - -[0m
2026-08-08 07:30:15 [INFO]: [0mGET /css/admin/users.css [36m304[0m 1.207 ms - -[0m
2026-08-08 07:30:15 [INFO]: [0mGET /css/admin/categories.css [36m304[0m 1.415 ms - -[0m
2026-08-08 07:30:15 [INFO]: [0mGET /css/admin/brands.css [36m304[0m 1.618 ms - -[0m
2026-08-08 07:30:15 [INFO]: [0mGET /css/admin/products.css [36m304[0m 1.964 ms - -[0m
2026-08-08 07:30:15 [INFO]: [0mGET /css/header.css [36m304[0m 0.133 ms - -[0m
2026-08-08 07:30:15 [INFO]: [0mGET /images/logo/plantora.png [36m304[0m 0.344 ms - -[0m
2026-08-08 07:30:15 [INFO]: [0mGET /js/admin/layout.js [36m304[0m 0.394 ms - -[0m
2026-08-08 07:30:15 [INFO]: [0mGET /js/admin/users.js [36m304[0m 0.525 ms - -[0m
2026-08-08 07:30:15 [INFO]: [0mGET /js/admin/categories.js [36m304[0m 0.483 ms - -[0m
2026-08-08 07:30:15 [INFO]: [0mGET /js/admin/brands.js [36m304[0m 0.649 ms - -[0m
2026-08-08 07:30:15 [INFO]: [0mGET /js/admin/products.js [36m304[0m 0.480 ms - -[0m
2026-08-08 07:30:15 [INFO]: [0mGET /css/variables.css [36m304[0m 0.699 ms - -[0m
2026-08-08 07:30:15 [INFO]: [0mGET /css/utilities.css [36m304[0m 0.852 ms - -[0m
2026-08-08 07:30:15 [INFO]: [0mGET /css/animations.css [36m304[0m 0.277 ms - -[0m
2026-08-08 07:30:15 [INFO]: [0mGET /css/announcement.css [36m304[0m 0.325 ms - -[0m
2026-08-08 07:30:15 [INFO]: [0mGET /css/hero.css [36m304[0m 0.126 ms - -[0m
2026-08-08 07:30:15 [INFO]: [0mGET /css/featured.css [36m304[0m 0.700 ms - -[0m
2026-08-08 07:30:15 [INFO]: [0mGET /css/why-choose.css [36m304[0m 0.791 ms - -[0m
2026-08-08 07:30:15 [INFO]: [0mGET /css/footer.css [36m304[0m 0.754 ms - -[0m
2026-08-08 07:30:15 [INFO]: [0mGET /css/auth.css [36m304[0m 0.213 ms - -[0m
2026-08-08 07:30:15 [INFO]: [0mGET /css/verify.css [36m304[0m 0.390 ms - -[0m
2026-08-08 07:30:15 [INFO]: [0mGET /js/header.js [36m304[0m 0.252 ms - -[0m
2026-08-08 07:30:15 [INFO]: [0mGET /js/notification.js [36m304[0m 0.263 ms - -[0m
2026-08-08 07:30:21 [ERROR]: Failed to create audit log: AuditLog validation failed: module: `Category` is not a valid enum value for path `module`.
2026-08-08 07:30:21 [INFO]: Category created : Pots
2026-08-08 07:30:21 [INFO]: [0mPOST /admin/categories/create [36m302[0m 207.446 ms - 46[0m
2026-08-08 07:30:22 [INFO]: [0mGET /admin/categories [32m200[0m 197.852 ms - -[0m
2026-08-08 07:30:22 [INFO]: [0mGET /css/style.css [36m304[0m 0.188 ms - -[0m
2026-08-08 07:30:22 [INFO]: [0mGET /css/admin/layout.css [36m304[0m 0.608 ms - -[0m
2026-08-08 07:30:22 [INFO]: [0mGET /css/admin/users.css [36m304[0m 0.340 ms - -[0m
2026-08-08 07:30:22 [INFO]: [0mGET /css/admin/categories.css [36m304[0m 0.439 ms - -[0m
2026-08-08 07:30:22 [INFO]: [0mGET /css/admin/brands.css [36m304[0m 0.627 ms - -[0m
2026-08-08 07:30:22 [INFO]: [0mGET /css/admin/products.css [36m304[0m 0.809 ms - -[0m
2026-08-08 07:30:22 [INFO]: [0mGET /css/header.css [36m304[0m 1.039 ms - -[0m
2026-08-08 07:30:22 [INFO]: [0mGET /images/logo/plantora.png [36m304[0m 0.300 ms - -[0m
2026-08-08 07:30:22 [INFO]: [0mGET /js/admin/layout.js [36m304[0m 0.375 ms - -[0m
2026-08-08 07:30:22 [INFO]: [0mGET /css/variables.css [36m304[0m 0.643 ms - -[0m
2026-08-08 07:30:22 [INFO]: [0mGET /css/utilities.css [36m304[0m 0.920 ms - -[0m
2026-08-08 07:30:22 [INFO]: [0mGET /js/admin/users.js [36m304[0m 1.459 ms - -[0m
2026-08-08 07:30:22 [INFO]: [0mGET /js/admin/categories.js [36m304[0m 0.869 ms - -[0m
2026-08-08 07:30:22 [INFO]: [0mGET /js/admin/brands.js [36m304[0m 1.579 ms - -[0m
2026-08-08 07:30:22 [INFO]: [0mGET /css/animations.css [36m304[0m 0.638 ms - -[0m
2026-08-08 07:30:22 [INFO]: [0mGET /css/announcement.css [36m304[0m 1.220 ms - -[0m
2026-08-08 07:30:22 [INFO]: [0mGET /css/hero.css [36m304[0m 1.579 ms - -[0m
2026-08-08 07:30:22 [INFO]: [0mGET /css/featured.css [36m304[0m 2.067 ms - -[0m
2026-08-08 07:30:22 [INFO]: [0mGET /css/why-choose.css [36m304[0m 2.086 ms - -[0m
2026-08-08 07:30:22 [INFO]: [0mGET /css/footer.css [36m304[0m 0.475 ms - -[0m
2026-08-08 07:30:22 [INFO]: [0mGET /css/auth.css [36m304[0m 1.869 ms - -[0m
2026-08-08 07:30:22 [INFO]: [0mGET /css/verify.css [36m304[0m 2.032 ms - -[0m
2026-08-08 07:30:22 [INFO]: [0mGET /js/admin/products.js [36m304[0m 1.408 ms - -[0m
2026-08-08 07:30:22 [INFO]: [0mGET /js/header.js [36m304[0m 0.242 ms - -[0m
2026-08-08 07:30:22 [INFO]: [0mGET /js/notification.js [36m304[0m 0.370 ms - -[0m
2026-08-08 07:30:34 [INFO]: [0mGET /admin/brands [36m304[0m 200.625 ms - -[0m
2026-08-08 07:30:34 [INFO]: [0mGET /css/style.css [36m304[0m 0.335 ms - -[0m
2026-08-08 07:30:34 [INFO]: [0mGET /css/admin/layout.css [36m304[0m 0.430 ms - -[0m
2026-08-08 07:30:34 [INFO]: [0mGET /css/admin/users.css [36m304[0m 0.468 ms - -[0m
2026-08-08 07:30:34 [INFO]: [0mGET /css/admin/categories.css [36m304[0m 0.640 ms - -[0m
2026-08-08 07:30:34 [INFO]: [0mGET /css/header.css [36m304[0m 0.773 ms - -[0m
2026-08-08 07:30:34 [INFO]: [0mGET /css/admin/brands.css [36m304[0m 0.396 ms - -[0m
2026-08-08 07:30:34 [INFO]: [0mGET /css/admin/products.css [36m304[0m 0.539 ms - -[0m
2026-08-08 07:30:34 [INFO]: [0mGET /images/logo/plantora.png [36m304[0m 0.352 ms - -[0m
2026-08-08 07:30:34 [INFO]: [0mGET /js/admin/layout.js [36m304[0m 0.354 ms - -[0m
2026-08-08 07:30:34 [INFO]: [0mGET /js/admin/users.js [36m304[0m 0.569 ms - -[0m
2026-08-08 07:30:34 [INFO]: [0mGET /js/admin/categories.js [36m304[0m 0.688 ms - -[0m
2026-08-08 07:30:34 [INFO]: [0mGET /js/admin/brands.js [36m304[0m 1.395 ms - -[0m
2026-08-08 07:30:34 [INFO]: [0mGET /css/variables.css [36m304[0m 0.935 ms - -[0m
2026-08-08 07:30:34 [INFO]: [0mGET /js/admin/products.js [36m304[0m 1.111 ms - -[0m
2026-08-08 07:30:34 [INFO]: [0mGET /css/utilities.css [36m304[0m 0.297 ms - -[0m
2026-08-08 07:30:34 [INFO]: [0mGET /css/animations.css [36m304[0m 0.519 ms - -[0m
2026-08-08 07:30:34 [INFO]: [0mGET /css/announcement.css [36m304[0m 0.938 ms - -[0m
2026-08-08 07:30:34 [INFO]: [0mGET /css/hero.css [36m304[0m 0.522 ms - -[0m
2026-08-08 07:30:34 [INFO]: [0mGET /css/featured.css [36m304[0m 0.672 ms - -[0m
2026-08-08 07:30:34 [INFO]: [0mGET /css/why-choose.css [36m304[0m 1.096 ms - -[0m
2026-08-08 07:30:34 [INFO]: [0mGET /css/footer.css [36m304[0m 0.559 ms - -[0m
2026-08-08 07:30:34 [INFO]: [0mGET /css/auth.css [36m304[0m 0.807 ms - -[0m
2026-08-08 07:30:34 [INFO]: [0mGET /css/verify.css [36m304[0m 0.615 ms - -[0m
2026-08-08 07:30:34 [INFO]: [0mGET /js/header.js [36m304[0m 0.471 ms - -[0m
2026-08-08 07:30:34 [INFO]: [0mGET /js/notification.js [36m304[0m 0.430 ms - -[0m
2026-08-08 07:30:55 [INFO]: SIGINT received. Shutting down server...
2026-08-08 08:28:51 [INFO]: MongoDB connected successfully.
2026-08-08 08:28:54 [INFO]: Email server connected successfully.
2026-08-08 08:28:54 [INFO]: Server is running on port 5132.
2026-08-08 08:28:54 [INFO]: [0mGET / [32m200[0m 11.275 ms - -[0m
2026-08-08 08:28:54 [INFO]: [0mGET /css/style.css [36m304[0m 1.387 ms - -[0m
2026-08-08 08:28:54 [INFO]: [0mGET /images/logo/plantora.png [36m304[0m 0.624 ms - -[0m
2026-08-08 08:28:54 [INFO]: [0mGET /images/hero/hero-placeholder.png [36m304[0m 1.012 ms - -[0m
2026-08-08 08:28:54 [INFO]: [0mGET /images/hero/monstera-plant.jpg [36m304[0m 1.035 ms - -[0m
2026-08-08 08:28:54 [INFO]: [0mGET /images/hero/snake-plant.jpg [36m304[0m 1.321 ms - -[0m
2026-08-08 08:28:54 [INFO]: [0mGET /images/hero/peace-lily.jpg [36m304[0m 3.009 ms - -[0m
2026-08-08 08:28:54 [INFO]: [0mGET /js/header.js [36m304[0m 1.510 ms - -[0m
2026-08-08 08:28:54 [INFO]: [0mGET /css/variables.css [36m304[0m 1.008 ms - -[0m
2026-08-08 08:28:54 [INFO]: [0mGET /css/utilities.css [36m304[0m 1.452 ms - -[0m
2026-08-08 08:28:54 [INFO]: [0mGET /css/animations.css [36m304[0m 2.165 ms - -[0m
2026-08-08 08:28:54 [INFO]: [0mGET /css/announcement.css [36m304[0m 1.033 ms - -[0m
2026-08-08 08:28:54 [INFO]: [0mGET /css/header.css [36m304[0m 2.366 ms - -[0m
2026-08-08 08:28:54 [INFO]: [0mGET /css/featured.css [36m304[0m 1.480 ms - -[0m
2026-08-08 08:28:54 [INFO]: [0mGET /css/why-choose.css [36m304[0m 1.665 ms - -[0m
2026-08-08 08:28:54 [INFO]: [0mGET /css/hero.css [36m304[0m 2.392 ms - -[0m
2026-08-08 08:28:54 [INFO]: [0mGET /css/footer.css [36m304[0m 1.279 ms - -[0m
2026-08-08 08:28:54 [INFO]: [0mGET /css/auth.css [36m304[0m 1.763 ms - -[0m
2026-08-08 08:28:54 [INFO]: [0mGET /css/verify.css [36m304[0m 1.031 ms - -[0m
2026-08-08 08:28:54 [INFO]: [0mGET /js/featured.js [36m304[0m 0.743 ms - -[0m
2026-08-08 08:28:54 [INFO]: [0mGET /js/why-choose.js [36m304[0m 0.488 ms - -[0m
2026-08-08 08:28:54 [INFO]: [0mGET /js/notification.js [36m304[0m 0.611 ms - -[0m
2026-08-08 08:28:54 [INFO]: [0mGET /js/footer.js [36m304[0m 0.652 ms - -[0m
2026-08-08 08:28:54 [INFO]: [0mGET /js/auth.js [36m304[0m 0.785 ms - -[0m
2026-08-08 08:28:54 [INFO]: [0mGET /images/hero/tulip-plant.jpg [36m304[0m 1.323 ms - -[0m
2026-08-08 08:28:54 [INFO]: [0mGET /images/hero/rubber-plant.jpg [36m304[0m 0.721 ms - -[0m
2026-08-08 08:28:54 [INFO]: [0mGET /images/hero/aloe-vera.jpg [36m304[0m 0.881 ms - -[0m
2026-08-08 08:28:54 [INFO]: [0mGET /images/hero/areca-palm.jpg [36m304[0m 0.411 ms - -[0m
2026-08-08 08:28:54 [INFO]: [0mGET /images/hero/jade-plant.jpg [36m304[0m 0.658 ms - -[0m
2026-08-08 08:28:54 [INFO]: [0mGET /images/hero/golden-pothos.jpg [36m304[0m 0.439 ms - -[0m
2026-08-08 08:28:54 [INFO]: [0mGET /images/hero/fiddle-leaf-fig.jpg [36m304[0m 0.254 ms - -[0m
2026-08-08 08:28:54 [INFO]: [0mGET /images/hero/why-choose.jpg [36m304[0m 0.208 ms - -[0m
2026-08-08 08:28:54 [INFO]: [0mGET /images/logo/plantora-orgn-white.png [36m304[0m 0.255 ms - -[0m
2026-08-08 08:28:57 [INFO]: Login successful : admin-plantora@yopmail.com
2026-08-08 08:28:57 [INFO]: [0mPOST /auth/login [32m200[0m 500.940 ms - 46[0m
2026-08-08 08:28:59 [INFO]: [0mGET / [32m200[0m 87.054 ms - -[0m
2026-08-08 08:28:59 [INFO]: [0mGET /css/style.css [36m304[0m 0.339 ms - -[0m
2026-08-08 08:28:59 [INFO]: [0mGET /images/logo/plantora.png [36m304[0m 0.744 ms - -[0m
2026-08-08 08:28:59 [INFO]: [0mGET /images/hero/hero-placeholder.png [36m304[0m 0.190 ms - -[0m
2026-08-08 08:28:59 [INFO]: [0mGET /images/hero/monstera-plant.jpg [36m304[0m 0.175 ms - -[0m
2026-08-08 08:28:59 [INFO]: [0mGET /js/header.js [36m304[0m 0.296 ms - -[0m
2026-08-08 08:28:59 [INFO]: [0mGET /js/featured.js [36m304[0m 0.425 ms - -[0m
2026-08-08 08:28:59 [INFO]: [0mGET /js/why-choose.js [36m304[0m 0.814 ms - -[0m
2026-08-08 08:28:59 [INFO]: [0mGET /css/variables.css [36m304[0m 0.881 ms - -[0m
2026-08-08 08:28:59 [INFO]: [0mGET /css/utilities.css [36m304[0m 1.193 ms - -[0m
2026-08-08 08:28:59 [INFO]: [0mGET /css/animations.css [36m304[0m 1.144 ms - -[0m
2026-08-08 08:28:59 [INFO]: [0mGET /css/announcement.css [36m304[0m 1.619 ms - -[0m
2026-08-08 08:28:59 [INFO]: [0mGET /css/header.css [36m304[0m 0.599 ms - -[0m
2026-08-08 08:28:59 [INFO]: [0mGET /css/hero.css [36m304[0m 0.742 ms - -[0m
2026-08-08 08:28:59 [INFO]: [0mGET /css/featured.css [36m304[0m 0.475 ms - -[0m
2026-08-08 08:28:59 [INFO]: [0mGET /css/why-choose.css [36m304[0m 0.508 ms - -[0m
2026-08-08 08:28:59 [INFO]: [0mGET /css/footer.css [36m304[0m 0.712 ms - -[0m
2026-08-08 08:28:59 [INFO]: [0mGET /css/auth.css [36m304[0m 0.703 ms - -[0m
2026-08-08 08:28:59 [INFO]: [0mGET /css/verify.css [36m304[0m 1.357 ms - -[0m
2026-08-08 08:28:59 [INFO]: [0mGET /js/notification.js [36m304[0m 0.672 ms - -[0m
2026-08-08 08:28:59 [INFO]: [0mGET /js/footer.js [36m304[0m 1.173 ms - -[0m
2026-08-08 08:28:59 [INFO]: [0mGET /js/auth.js [36m304[0m 0.733 ms - -[0m
2026-08-08 08:28:59 [INFO]: [0mGET /images/hero/snake-plant.jpg [36m304[0m 0.828 ms - -[0m
2026-08-08 08:28:59 [INFO]: [0mGET /images/hero/peace-lily.jpg [36m304[0m 0.293 ms - -[0m
2026-08-08 08:28:59 [INFO]: [0mGET /images/hero/tulip-plant.jpg [36m304[0m 0.447 ms - -[0m
2026-08-08 08:28:59 [INFO]: [0mGET /images/hero/rubber-plant.jpg [36m304[0m 0.436 ms - -[0m
2026-08-08 08:28:59 [INFO]: [0mGET /images/hero/aloe-vera.jpg [36m304[0m 0.569 ms - -[0m
2026-08-08 08:28:59 [INFO]: [0mGET /images/hero/areca-palm.jpg [36m304[0m 0.271 ms - -[0m
2026-08-08 08:28:59 [INFO]: [0mGET /images/hero/jade-plant.jpg [36m304[0m 0.433 ms - -[0m
2026-08-08 08:28:59 [INFO]: [0mGET /images/hero/golden-pothos.jpg [36m304[0m 0.954 ms - -[0m
2026-08-08 08:28:59 [INFO]: [0mGET /images/hero/fiddle-leaf-fig.jpg [36m304[0m 0.744 ms - -[0m
2026-08-08 08:28:59 [INFO]: [0mGET /images/hero/why-choose.jpg [36m304[0m 0.652 ms - -[0m
2026-08-08 08:28:59 [INFO]: [0mGET /images/logo/plantora-orgn-white.png [36m304[0m 0.900 ms - -[0m
2026-08-08 08:29:01 [INFO]: [0mGET /admin/dashboard [32m200[0m 148.242 ms - -[0m
2026-08-08 08:29:01 [INFO]: [0mGET /css/style.css [36m304[0m 0.997 ms - -[0m
2026-08-08 08:29:01 [INFO]: [0mGET /css/admin/layout.css [36m304[0m 1.079 ms - -[0m
2026-08-08 08:29:01 [INFO]: [0mGET /css/admin/users.css [36m304[0m 1.251 ms - -[0m
2026-08-08 08:29:01 [INFO]: [0mGET /css/admin/categories.css [36m304[0m 1.504 ms - -[0m
2026-08-08 08:29:01 [INFO]: [0mGET /css/admin/brands.css [36m304[0m 1.697 ms - -[0m
2026-08-08 08:29:01 [INFO]: [0mGET /css/admin/products.css [36m304[0m 2.059 ms - -[0m
2026-08-08 08:29:01 [INFO]: [0mGET /css/header.css [36m304[0m 0.337 ms - -[0m
2026-08-08 08:29:01 [INFO]: [0mGET /images/logo/plantora.png [36m304[0m 0.621 ms - -[0m
2026-08-08 08:29:01 [INFO]: [0mGET /js/admin/users.js [36m304[0m 0.441 ms - -[0m
2026-08-08 08:29:01 [INFO]: [0mGET /js/admin/layout.js [36m304[0m 0.969 ms - -[0m
2026-08-08 08:29:01 [INFO]: [0mGET /css/variables.css [36m304[0m 1.235 ms - -[0m
2026-08-08 08:29:01 [INFO]: [0mGET /css/utilities.css [36m304[0m 1.351 ms - -[0m
2026-08-08 08:29:01 [INFO]: [0mGET /css/animations.css [36m304[0m 1.621 ms - -[0m
2026-08-08 08:29:01 [INFO]: [0mGET /css/announcement.css [36m304[0m 1.817 ms - -[0m
2026-08-08 08:29:01 [INFO]: [0mGET /js/admin/categories.js [32m200[0m 2.868 ms - -[0m
2026-08-08 08:29:01 [INFO]: [0mGET /css/hero.css [36m304[0m 1.093 ms - -[0m
2026-08-08 08:29:01 [INFO]: [0mGET /css/featured.css [36m304[0m 1.237 ms - -[0m
2026-08-08 08:29:01 [INFO]: [0mGET /css/why-choose.css [36m304[0m 1.348 ms - -[0m
2026-08-08 08:29:01 [INFO]: [0mGET /css/footer.css [36m304[0m 1.628 ms - -[0m
2026-08-08 08:29:01 [INFO]: [0mGET /js/admin/brands.js [32m200[0m 4.579 ms - -[0m
2026-08-08 08:29:01 [INFO]: [0mGET /css/auth.css [36m304[0m 0.393 ms - -[0m
2026-08-08 08:29:01 [INFO]: [0mGET /css/verify.css [36m304[0m 0.462 ms - -[0m
2026-08-08 08:29:01 [INFO]: [0mGET /js/admin/products.js [36m304[0m 0.597 ms - -[0m
2026-08-08 08:29:01 [INFO]: [0mGET /js/header.js [36m304[0m 0.786 ms - -[0m
2026-08-08 08:29:01 [INFO]: [0mGET /js/notification.js [36m304[0m 1.067 ms - -[0m
2026-08-08 08:29:02 [INFO]: [0mGET /admin/users [32m200[0m 193.159 ms - -[0m
2026-08-08 08:29:02 [INFO]: [0mGET /css/style.css [36m304[0m 1.498 ms - -[0m
2026-08-08 08:29:02 [INFO]: [0mGET /css/admin/layout.css [36m304[0m 1.702 ms - -[0m
2026-08-08 08:29:02 [INFO]: [0mGET /css/admin/users.css [36m304[0m 2.040 ms - -[0m
2026-08-08 08:29:02 [INFO]: [0mGET /css/admin/categories.css [36m304[0m 2.026 ms - -[0m
2026-08-08 08:29:02 [INFO]: [0mGET /css/admin/brands.css [36m304[0m 2.297 ms - -[0m
2026-08-08 08:29:02 [INFO]: [0mGET /css/admin/products.css [36m304[0m 2.698 ms - -[0m
2026-08-08 08:29:02 [INFO]: [0mGET /css/header.css [36m304[0m 0.492 ms - -[0m
2026-08-08 08:29:02 [INFO]: [0mGET /images/logo/plantora.png [36m304[0m 0.476 ms - -[0m
2026-08-08 08:29:02 [INFO]: [0mGET /js/admin/layout.js [36m304[0m 0.448 ms - -[0m
2026-08-08 08:29:02 [INFO]: [0mGET /js/admin/users.js [36m304[0m 0.812 ms - -[0m
2026-08-08 08:29:02 [INFO]: [0mGET /js/admin/categories.js [36m304[0m 1.066 ms - -[0m
2026-08-08 08:29:02 [INFO]: [0mGET /js/admin/brands.js [36m304[0m 1.436 ms - -[0m
2026-08-08 08:29:02 [INFO]: [0mGET /css/variables.css [36m304[0m 1.194 ms - -[0m
2026-08-08 08:29:02 [INFO]: [0mGET /css/utilities.css [36m304[0m 1.562 ms - -[0m
2026-08-08 08:29:02 [INFO]: [0mGET /css/animations.css [36m304[0m 1.801 ms - -[0m
2026-08-08 08:29:02 [INFO]: [0mGET /css/announcement.css [36m304[0m 2.046 ms - -[0m
2026-08-08 08:29:02 [INFO]: [0mGET /css/hero.css [36m304[0m 2.769 ms - -[0m
2026-08-08 08:29:02 [INFO]: [0mGET /css/featured.css [36m304[0m 0.995 ms - -[0m
2026-08-08 08:29:02 [INFO]: [0mGET /css/why-choose.css [36m304[0m 0.858 ms - -[0m
2026-08-08 08:29:02 [INFO]: [0mGET /css/footer.css [36m304[0m 1.088 ms - -[0m
2026-08-08 08:29:02 [INFO]: [0mGET /css/auth.css [36m304[0m 1.356 ms - -[0m
2026-08-08 08:29:02 [INFO]: [0mGET /css/verify.css [36m304[0m 1.870 ms - -[0m
2026-08-08 08:29:02 [INFO]: [0mGET /js/admin/products.js [36m304[0m 0.949 ms - -[0m
2026-08-08 08:29:02 [INFO]: [0mGET /js/header.js [36m304[0m 0.349 ms - -[0m
2026-08-08 08:29:02 [INFO]: [0mGET /js/notification.js [36m304[0m 0.395 ms - -[0m
2026-08-08 08:29:06 [INFO]: [0mGET /admin/users/trash [32m200[0m 205.183 ms - -[0m
2026-08-08 08:29:06 [INFO]: [0mGET /css/style.css [36m304[0m 0.203 ms - -[0m
2026-08-08 08:29:06 [INFO]: [0mGET /css/admin/layout.css [36m304[0m 0.516 ms - -[0m
2026-08-08 08:29:06 [INFO]: [0mGET /css/admin/users.css [36m304[0m 0.672 ms - -[0m
2026-08-08 08:29:06 [INFO]: [0mGET /css/admin/categories.css [36m304[0m 0.812 ms - -[0m
2026-08-08 08:29:06 [INFO]: [0mGET /css/admin/brands.css [36m304[0m 0.962 ms - -[0m
2026-08-08 08:29:06 [INFO]: [0mGET /css/admin/products.css [36m304[0m 1.228 ms - -[0m
2026-08-08 08:29:06 [INFO]: [0mGET /css/header.css [36m304[0m 0.386 ms - -[0m
2026-08-08 08:29:06 [INFO]: [0mGET /images/logo/plantora.png [36m304[0m 0.313 ms - -[0m
2026-08-08 08:29:06 [INFO]: [0mGET /js/admin/layout.js [36m304[0m 0.390 ms - -[0m
2026-08-08 08:29:06 [INFO]: [0mGET /js/admin/users.js [36m304[0m 0.537 ms - -[0m
2026-08-08 08:29:06 [INFO]: [0mGET /js/admin/categories.js [36m304[0m 0.709 ms - -[0m
2026-08-08 08:29:06 [INFO]: [0mGET /js/admin/brands.js [36m304[0m 0.871 ms - -[0m
2026-08-08 08:29:06 [INFO]: [0mGET /css/variables.css [36m304[0m 0.275 ms - -[0m
2026-08-08 08:29:06 [INFO]: [0mGET /css/utilities.css [36m304[0m 0.405 ms - -[0m
2026-08-08 08:29:06 [INFO]: [0mGET /css/animations.css [36m304[0m 0.275 ms - -[0m
2026-08-08 08:29:06 [INFO]: [0mGET /css/announcement.css [36m304[0m 0.339 ms - -[0m
2026-08-08 08:29:06 [INFO]: [0mGET /css/hero.css [36m304[0m 0.525 ms - -[0m
2026-08-08 08:29:06 [INFO]: [0mGET /css/featured.css [36m304[0m 0.633 ms - -[0m
2026-08-08 08:29:06 [INFO]: [0mGET /css/why-choose.css [36m304[0m 0.759 ms - -[0m
2026-08-08 08:29:06 [INFO]: [0mGET /css/footer.css [36m304[0m 0.176 ms - -[0m
2026-08-08 08:29:06 [INFO]: [0mGET /css/auth.css [36m304[0m 0.425 ms - -[0m
2026-08-08 08:29:06 [INFO]: [0mGET /css/verify.css [36m304[0m 0.666 ms - -[0m
2026-08-08 08:29:06 [INFO]: [0mGET /js/admin/products.js [36m304[0m 0.468 ms - -[0m
2026-08-08 08:29:06 [INFO]: [0mGET /js/header.js [36m304[0m 0.538 ms - -[0m
2026-08-08 08:29:06 [INFO]: [0mGET /js/notification.js [36m304[0m 0.130 ms - -[0m
2026-08-08 08:29:09 [INFO]: [0mGET /admin/categories [32m200[0m 200.384 ms - -[0m
2026-08-08 08:29:09 [INFO]: [0mGET /css/style.css [36m304[0m 0.741 ms - -[0m
2026-08-08 08:29:09 [INFO]: [0mGET /css/admin/layout.css [36m304[0m 0.887 ms - -[0m
2026-08-08 08:29:09 [INFO]: [0mGET /css/admin/users.css [36m304[0m 1.264 ms - -[0m
2026-08-08 08:29:09 [INFO]: [0mGET /css/admin/categories.css [36m304[0m 0.469 ms - -[0m
2026-08-08 08:29:09 [INFO]: [0mGET /css/admin/brands.css [36m304[0m 0.590 ms - -[0m
2026-08-08 08:29:09 [INFO]: [0mGET /css/admin/products.css [36m304[0m 0.963 ms - -[0m
2026-08-08 08:29:09 [INFO]: [0mGET /css/header.css [36m304[0m 0.319 ms - -[0m
2026-08-08 08:29:09 [INFO]: [0mGET /images/logo/plantora.png [36m304[0m 0.386 ms - -[0m
2026-08-08 08:29:09 [INFO]: [0mGET /js/admin/layout.js [36m304[0m 0.213 ms - -[0m
2026-08-08 08:29:09 [INFO]: [0mGET /js/admin/users.js [36m304[0m 0.284 ms - -[0m
2026-08-08 08:29:09 [INFO]: [0mGET /js/admin/categories.js [36m304[0m 0.452 ms - -[0m
2026-08-08 08:29:09 [INFO]: [0mGET /css/variables.css [36m304[0m 0.816 ms - -[0m
2026-08-08 08:29:09 [INFO]: [0mGET /js/admin/brands.js [36m304[0m 0.981 ms - -[0m
2026-08-08 08:29:09 [INFO]: [0mGET /css/utilities.css [36m304[0m 0.497 ms - -[0m
2026-08-08 08:29:09 [INFO]: [0mGET /css/animations.css [36m304[0m 0.631 ms - -[0m
2026-08-08 08:29:09 [INFO]: [0mGET /css/announcement.css [36m304[0m 0.751 ms - -[0m
2026-08-08 08:29:09 [INFO]: [0mGET /css/hero.css [36m304[0m 0.282 ms - -[0m
2026-08-08 08:29:09 [INFO]: [0mGET /css/featured.css [36m304[0m 0.629 ms - -[0m
2026-08-08 08:29:09 [INFO]: [0mGET /css/why-choose.css [36m304[0m 0.364 ms - -[0m
2026-08-08 08:29:09 [INFO]: [0mGET /css/footer.css [36m304[0m 0.367 ms - -[0m
2026-08-08 08:29:09 [INFO]: [0mGET /css/auth.css [36m304[0m 0.462 ms - -[0m
2026-08-08 08:29:09 [INFO]: [0mGET /css/verify.css [36m304[0m 0.274 ms - -[0m
2026-08-08 08:29:09 [INFO]: [0mGET /js/admin/products.js [36m304[0m 0.436 ms - -[0m
2026-08-08 08:29:09 [INFO]: [0mGET /js/header.js [36m304[0m 0.669 ms - -[0m
2026-08-08 08:29:09 [INFO]: [0mGET /js/notification.js [36m304[0m 0.107 ms - -[0m
2026-08-08 08:29:20 [INFO]: [0mGET /admin/categories?search=&sort=oldest [32m200[0m 194.007 ms - -[0m
2026-08-08 08:29:20 [INFO]: [0mGET /css/style.css [36m304[0m 0.523 ms - -[0m
2026-08-08 08:29:20 [INFO]: [0mGET /css/admin/layout.css [36m304[0m 1.311 ms - -[0m
2026-08-08 08:29:20 [INFO]: [0mGET /css/admin/users.css [36m304[0m 0.623 ms - -[0m
2026-08-08 08:29:20 [INFO]: [0mGET /css/admin/categories.css [36m304[0m 0.293 ms - -[0m
2026-08-08 08:29:20 [INFO]: [0mGET /css/admin/brands.css [36m304[0m 0.377 ms - -[0m
2026-08-08 08:29:20 [INFO]: [0mGET /css/admin/products.css [36m304[0m 0.545 ms - -[0m
2026-08-08 08:29:20 [INFO]: [0mGET /css/header.css [36m304[0m 0.142 ms - -[0m
2026-08-08 08:29:20 [INFO]: [0mGET /images/logo/plantora.png [36m304[0m 0.544 ms - -[0m
2026-08-08 08:29:20 [INFO]: [0mGET /js/admin/layout.js [36m304[0m 0.127 ms - -[0m
2026-08-08 08:29:20 [INFO]: [0mGET /js/admin/users.js [36m304[0m 0.340 ms - -[0m
2026-08-08 08:29:20 [INFO]: [0mGET /js/admin/categories.js [36m304[0m 0.625 ms - -[0m
2026-08-08 08:29:20 [INFO]: [0mGET /js/admin/brands.js [36m304[0m 0.796 ms - -[0m
2026-08-08 08:29:20 [INFO]: [0mGET /css/variables.css [36m304[0m 0.976 ms - -[0m
2026-08-08 08:29:20 [INFO]: [0mGET /css/utilities.css [36m304[0m 1.197 ms - -[0m
2026-08-08 08:29:20 [INFO]: [0mGET /css/animations.css [36m304[0m 0.409 ms - -[0m
2026-08-08 08:29:20 [INFO]: [0mGET /css/announcement.css [36m304[0m 0.519 ms - -[0m
2026-08-08 08:29:20 [INFO]: [0mGET /css/hero.css [36m304[0m 0.431 ms - -[0m
2026-08-08 08:29:20 [INFO]: [0mGET /css/featured.css [36m304[0m 0.156 ms - -[0m
2026-08-08 08:29:20 [INFO]: [0mGET /css/why-choose.css [36m304[0m 0.293 ms - -[0m
2026-08-08 08:29:20 [INFO]: [0mGET /css/footer.css [36m304[0m 0.621 ms - -[0m
2026-08-08 08:29:20 [INFO]: [0mGET /css/auth.css [36m304[0m 1.053 ms - -[0m
2026-08-08 08:29:20 [INFO]: [0mGET /css/verify.css [36m304[0m 0.562 ms - -[0m
2026-08-08 08:29:20 [INFO]: [0mGET /js/admin/products.js [36m304[0m 0.319 ms - -[0m
2026-08-08 08:29:20 [INFO]: [0mGET /js/header.js [36m304[0m 0.600 ms - -[0m
2026-08-08 08:29:20 [INFO]: [0mGET /js/notification.js [36m304[0m 0.987 ms - -[0m
2026-08-08 08:29:22 [INFO]: [0mGET /admin/categories?search=&sort=newest [32m200[0m 193.781 ms - -[0m
2026-08-08 08:29:22 [INFO]: [0mGET /css/style.css [36m304[0m 1.023 ms - -[0m
2026-08-08 08:29:22 [INFO]: [0mGET /css/admin/layout.css [36m304[0m 1.034 ms - -[0m
2026-08-08 08:29:22 [INFO]: [0mGET /css/admin/users.css [36m304[0m 1.085 ms - -[0m
2026-08-08 08:29:22 [INFO]: [0mGET /css/admin/categories.css [36m304[0m 1.175 ms - -[0m
2026-08-08 08:29:22 [INFO]: [0mGET /css/admin/brands.css [36m304[0m 1.363 ms - -[0m
2026-08-08 08:29:22 [INFO]: [0mGET /css/admin/products.css [36m304[0m 0.326 ms - -[0m
2026-08-08 08:29:22 [INFO]: [0mGET /css/header.css [36m304[0m 0.149 ms - -[0m
2026-08-08 08:29:22 [INFO]: [0mGET /images/logo/plantora.png [36m304[0m 0.306 ms - -[0m
2026-08-08 08:29:22 [INFO]: [0mGET /js/admin/layout.js [36m304[0m 0.296 ms - -[0m
2026-08-08 08:29:22 [INFO]: [0mGET /js/admin/users.js [36m304[0m 0.761 ms - -[0m
2026-08-08 08:29:22 [INFO]: [0mGET /css/variables.css [36m304[0m 0.830 ms - -[0m
2026-08-08 08:29:22 [INFO]: [0mGET /js/admin/categories.js [36m304[0m 0.936 ms - -[0m
2026-08-08 08:29:22 [INFO]: [0mGET /js/admin/brands.js [36m304[0m 1.091 ms - -[0m
2026-08-08 08:29:22 [INFO]: [0mGET /css/animations.css [36m304[0m 0.233 ms - -[0m
2026-08-08 08:29:22 [INFO]: [0mGET /css/utilities.css [36m304[0m 0.519 ms - -[0m
2026-08-08 08:29:22 [INFO]: [0mGET /css/announcement.css [36m304[0m 0.622 ms - -[0m
2026-08-08 08:29:22 [INFO]: [0mGET /css/hero.css [36m304[0m 0.975 ms - -[0m
2026-08-08 08:29:22 [INFO]: [0mGET /css/featured.css [36m304[0m 0.806 ms - -[0m
2026-08-08 08:29:22 [INFO]: [0mGET /css/why-choose.css [36m304[0m 0.747 ms - -[0m
2026-08-08 08:29:22 [INFO]: [0mGET /css/footer.css [36m304[0m 1.071 ms - -[0m
2026-08-08 08:29:22 [INFO]: [0mGET /css/auth.css [36m304[0m 0.401 ms - -[0m
2026-08-08 08:29:22 [INFO]: [0mGET /css/verify.css [36m304[0m 0.862 ms - -[0m
2026-08-08 08:29:22 [INFO]: [0mGET /js/admin/products.js [36m304[0m 0.291 ms - -[0m
2026-08-08 08:29:22 [INFO]: [0mGET /js/header.js [36m304[0m 0.359 ms - -[0m
2026-08-08 08:29:22 [INFO]: [0mGET /js/notification.js [36m304[0m 0.181 ms - -[0m
2026-08-08 08:29:25 [INFO]: [0mGET /admin/categories?search=&sort=a-z [32m200[0m 195.166 ms - -[0m
2026-08-08 08:29:25 [INFO]: [0mGET /css/style.css [36m304[0m 0.389 ms - -[0m
2026-08-08 08:29:25 [INFO]: [0mGET /css/admin/layout.css [36m304[0m 0.286 ms - -[0m
2026-08-08 08:29:25 [INFO]: [0mGET /css/admin/categories.css [36m304[0m 0.114 ms - -[0m
2026-08-08 08:29:25 [INFO]: [0mGET /css/admin/brands.css [36m304[0m 0.500 ms - -[0m
2026-08-08 08:29:25 [INFO]: [0mGET /css/admin/users.css [36m304[0m 1.132 ms - -[0m
2026-08-08 08:29:25 [INFO]: [0mGET /css/admin/products.css [36m304[0m 0.927 ms - -[0m
2026-08-08 08:29:25 [INFO]: [0mGET /css/header.css [36m304[0m 1.404 ms - -[0m
2026-08-08 08:29:25 [INFO]: [0mGET /images/logo/plantora.png [36m304[0m 0.366 ms - -[0m
2026-08-08 08:29:25 [INFO]: [0mGET /js/admin/layout.js [36m304[0m 0.405 ms - -[0m
2026-08-08 08:29:25 [INFO]: [0mGET /js/admin/users.js [36m304[0m 0.272 ms - -[0m
2026-08-08 08:29:25 [INFO]: [0mGET /js/admin/categories.js [36m304[0m 0.475 ms - -[0m
2026-08-08 08:29:25 [INFO]: [0mGET /css/variables.css [36m304[0m 1.247 ms - -[0m
2026-08-08 08:29:25 [INFO]: [0mGET /css/utilities.css [36m304[0m 1.357 ms - -[0m
2026-08-08 08:29:25 [INFO]: [0mGET /js/admin/brands.js [36m304[0m 1.688 ms - -[0m
2026-08-08 08:29:25 [INFO]: [0mGET /css/animations.css [36m304[0m 2.800 ms - -[0m
2026-08-08 08:29:25 [INFO]: [0mGET /css/announcement.css [36m304[0m 1.189 ms - -[0m
2026-08-08 08:29:25 [INFO]: [0mGET /css/hero.css [36m304[0m 0.577 ms - -[0m
2026-08-08 08:29:25 [INFO]: [0mGET /css/featured.css [36m304[0m 0.608 ms - -[0m
2026-08-08 08:29:25 [INFO]: [0mGET /css/why-choose.css [36m304[0m 0.971 ms - -[0m
2026-08-08 08:29:25 [INFO]: [0mGET /css/footer.css [36m304[0m 1.389 ms - -[0m
2026-08-08 08:29:25 [INFO]: [0mGET /css/auth.css [36m304[0m 0.342 ms - -[0m
2026-08-08 08:29:25 [INFO]: [0mGET /css/verify.css [36m304[0m 0.184 ms - -[0m
2026-08-08 08:29:25 [INFO]: [0mGET /js/admin/products.js [36m304[0m 0.773 ms - -[0m
2026-08-08 08:29:25 [INFO]: [0mGET /js/header.js [36m304[0m 1.148 ms - -[0m
2026-08-08 08:29:25 [INFO]: [0mGET /js/notification.js [36m304[0m 1.289 ms - -[0m
2026-08-08 08:29:26 [INFO]: [0mGET /admin/categories?search=&sort=newest [36m304[0m 193.597 ms - -[0m
2026-08-08 08:29:26 [INFO]: [0mGET /css/style.css [36m304[0m 0.415 ms - -[0m
2026-08-08 08:29:26 [INFO]: [0mGET /css/admin/layout.css [36m304[0m 0.895 ms - -[0m
2026-08-08 08:29:26 [INFO]: [0mGET /css/admin/users.css [36m304[0m 1.139 ms - -[0m
2026-08-08 08:29:26 [INFO]: [0mGET /css/admin/categories.css [36m304[0m 1.425 ms - -[0m
2026-08-08 08:29:26 [INFO]: [0mGET /css/admin/brands.css [36m304[0m 1.994 ms - -[0m
2026-08-08 08:29:26 [INFO]: [0mGET /css/admin/products.css [36m304[0m 2.072 ms - -[0m
2026-08-08 08:29:26 [INFO]: [0mGET /css/header.css [36m304[0m 2.129 ms - -[0m
2026-08-08 08:29:26 [INFO]: [0mGET /images/logo/plantora.png [36m304[0m 0.365 ms - -[0m
2026-08-08 08:29:26 [INFO]: [0mGET /js/admin/layout.js [36m304[0m 0.215 ms - -[0m
2026-08-08 08:29:26 [INFO]: [0mGET /js/admin/users.js [36m304[0m 0.631 ms - -[0m
2026-08-08 08:29:26 [INFO]: [0mGET /js/admin/categories.js [36m304[0m 0.695 ms - -[0m
2026-08-08 08:29:26 [INFO]: [0mGET /js/admin/brands.js [36m304[0m 0.842 ms - -[0m
2026-08-08 08:29:26 [INFO]: [0mGET /css/variables.css [36m304[0m 1.060 ms - -[0m
2026-08-08 08:29:26 [INFO]: [0mGET /css/utilities.css [36m304[0m 1.362 ms - -[0m
2026-08-08 08:29:26 [INFO]: [0mGET /css/animations.css [36m304[0m 0.390 ms - -[0m
2026-08-08 08:29:26 [INFO]: [0mGET /css/announcement.css [36m304[0m 0.732 ms - -[0m
2026-08-08 08:29:26 [INFO]: [0mGET /css/hero.css [36m304[0m 0.996 ms - -[0m
2026-08-08 08:29:26 [INFO]: [0mGET /css/featured.css [36m304[0m 1.270 ms - -[0m
2026-08-08 08:29:26 [INFO]: [0mGET /css/why-choose.css [36m304[0m 0.467 ms - -[0m
2026-08-08 08:29:26 [INFO]: [0mGET /css/footer.css [36m304[0m 0.363 ms - -[0m
2026-08-08 08:29:26 [INFO]: [0mGET /css/auth.css [36m304[0m 0.419 ms - -[0m
2026-08-08 08:29:26 [INFO]: [0mGET /css/verify.css [36m304[0m 0.938 ms - -[0m
2026-08-08 08:29:26 [INFO]: [0mGET /js/admin/products.js [36m304[0m 0.616 ms - -[0m
2026-08-08 08:29:26 [INFO]: [0mGET /js/header.js [36m304[0m 0.186 ms - -[0m
2026-08-08 08:29:26 [INFO]: [0mGET /js/notification.js [36m304[0m 0.182 ms - -[0m
2026-08-08 08:29:40 [INFO]: [0mGET /admin/brands [32m200[0m 195.544 ms - -[0m
2026-08-08 08:29:40 [INFO]: [0mGET /css/style.css [36m304[0m 0.617 ms - -[0m
2026-08-08 08:29:40 [INFO]: [0mGET /css/admin/layout.css [36m304[0m 0.565 ms - -[0m
2026-08-08 08:29:40 [INFO]: [0mGET /css/admin/users.css [36m304[0m 0.766 ms - -[0m
2026-08-08 08:29:40 [INFO]: [0mGET /css/admin/categories.css [36m304[0m 0.614 ms - -[0m
2026-08-08 08:29:40 [INFO]: [0mGET /css/admin/brands.css [36m304[0m 0.721 ms - -[0m
2026-08-08 08:29:40 [INFO]: [0mGET /css/admin/products.css [36m304[0m 1.024 ms - -[0m
2026-08-08 08:29:40 [INFO]: [0mGET /css/header.css [36m304[0m 0.137 ms - -[0m
2026-08-08 08:29:40 [INFO]: [0mGET /images/logo/plantora.png [36m304[0m 0.314 ms - -[0m
2026-08-08 08:29:40 [INFO]: [0mGET /js/admin/layout.js [36m304[0m 0.180 ms - -[0m
2026-08-08 08:29:40 [INFO]: [0mGET /js/admin/users.js [36m304[0m 0.372 ms - -[0m
2026-08-08 08:29:40 [INFO]: [0mGET /js/admin/categories.js [36m304[0m 0.620 ms - -[0m
2026-08-08 08:29:40 [INFO]: [0mGET /js/admin/brands.js [36m304[0m 0.763 ms - -[0m
2026-08-08 08:29:40 [INFO]: [0mGET /js/admin/products.js [36m304[0m 0.921 ms - -[0m
2026-08-08 08:29:40 [INFO]: [0mGET /css/variables.css [36m304[0m 0.244 ms - -[0m
2026-08-08 08:29:40 [INFO]: [0mGET /css/utilities.css [36m304[0m 0.390 ms - -[0m
2026-08-08 08:29:40 [INFO]: [0mGET /css/animations.css [36m304[0m 0.962 ms - -[0m
2026-08-08 08:29:40 [INFO]: [0mGET /css/announcement.css [36m304[0m 0.462 ms - -[0m
2026-08-08 08:29:40 [INFO]: [0mGET /css/hero.css [36m304[0m 1.079 ms - -[0m
2026-08-08 08:29:40 [INFO]: [0mGET /css/featured.css [36m304[0m 0.530 ms - -[0m
2026-08-08 08:29:40 [INFO]: [0mGET /css/why-choose.css [36m304[0m 0.640 ms - -[0m
2026-08-08 08:29:40 [INFO]: [0mGET /css/footer.css [36m304[0m 0.225 ms - -[0m
2026-08-08 08:29:40 [INFO]: [0mGET /css/auth.css [36m304[0m 0.314 ms - -[0m
2026-08-08 08:29:40 [INFO]: [0mGET /css/verify.css [36m304[0m 0.550 ms - -[0m
2026-08-08 08:29:40 [INFO]: [0mGET /js/header.js [36m304[0m 0.290 ms - -[0m
2026-08-08 08:29:40 [INFO]: [0mGET /js/notification.js [36m304[0m 0.252 ms - -[0m
2026-08-08 08:29:45 [INFO]: [0mGET /admin/products [32m200[0m 163.132 ms - -[0m
2026-08-08 08:29:45 [INFO]: [0mGET /css/style.css [36m304[0m 0.194 ms - -[0m
2026-08-08 08:29:45 [INFO]: [0mGET /css/admin/layout.css [36m304[0m 0.182 ms - -[0m
2026-08-08 08:29:45 [INFO]: [0mGET /css/admin/users.css [36m304[0m 0.723 ms - -[0m
2026-08-08 08:29:45 [INFO]: [0mGET /css/admin/categories.css [36m304[0m 0.413 ms - -[0m
2026-08-08 08:29:45 [INFO]: [0mGET /css/admin/brands.css [36m304[0m 0.515 ms - -[0m
2026-08-08 08:29:45 [INFO]: [0mGET /css/admin/products.css [36m304[0m 0.850 ms - -[0m
2026-08-08 08:29:45 [INFO]: [0mGET /css/header.css [36m304[0m 0.490 ms - -[0m
2026-08-08 08:29:45 [INFO]: [0mGET /images/logo/plantora.png [36m304[0m 0.130 ms - -[0m
2026-08-08 08:29:45 [INFO]: [0mGET /js/admin/layout.js [36m304[0m 0.795 ms - -[0m
2026-08-08 08:29:45 [INFO]: [0mGET /js/admin/users.js [36m304[0m 0.977 ms - -[0m
2026-08-08 08:29:45 [INFO]: [0mGET /js/admin/categories.js [36m304[0m 1.118 ms - -[0m
2026-08-08 08:29:45 [INFO]: [0mGET /css/variables.css [36m304[0m 1.300 ms - -[0m
2026-08-08 08:29:45 [INFO]: [0mGET /js/admin/brands.js [36m304[0m 1.402 ms - -[0m
2026-08-08 08:29:45 [INFO]: [0mGET /js/admin/products.js [36m304[0m 1.585 ms - -[0m
2026-08-08 08:29:45 [INFO]: [0mGET /css/utilities.css [36m304[0m 0.388 ms - -[0m
2026-08-08 08:29:45 [INFO]: [0mGET /css/animations.css [36m304[0m 1.648 ms - -[0m
2026-08-08 08:29:45 [INFO]: [0mGET /css/announcement.css [36m304[0m 1.924 ms - -[0m
2026-08-08 08:29:45 [INFO]: [0mGET /css/hero.css [36m304[0m 2.294 ms - -[0m
2026-08-08 08:29:45 [INFO]: [0mGET /css/featured.css [36m304[0m 3.048 ms - -[0m
2026-08-08 08:29:45 [INFO]: [0mGET /css/why-choose.css [36m304[0m 0.275 ms - -[0m
2026-08-08 08:29:45 [INFO]: [0mGET /css/footer.css [36m304[0m 0.437 ms - -[0m
2026-08-08 08:29:45 [INFO]: [0mGET /css/auth.css [36m304[0m 0.181 ms - -[0m
2026-08-08 08:29:45 [INFO]: [0mGET /css/verify.css [36m304[0m 0.636 ms - -[0m
2026-08-08 08:29:45 [INFO]: [0mGET /js/header.js [36m304[0m 0.718 ms - -[0m
2026-08-08 08:29:45 [INFO]: [0mGET /js/notification.js [36m304[0m 0.305 ms - -[0m
2026-08-08 08:29:48 [INFO]: [0mGET /admin/products/trash [32m200[0m 176.242 ms - -[0m
2026-08-08 08:29:48 [INFO]: [0mGET /css/style.css [36m304[0m 1.221 ms - -[0m
2026-08-08 08:29:48 [INFO]: [0mGET /css/admin/layout.css [36m304[0m 1.059 ms - -[0m
2026-08-08 08:29:48 [INFO]: [0mGET /css/admin/users.css [36m304[0m 1.131 ms - -[0m
2026-08-08 08:29:48 [INFO]: [0mGET /css/admin/categories.css [36m304[0m 1.582 ms - -[0m
2026-08-08 08:29:48 [INFO]: [0mGET /css/admin/brands.css [36m304[0m 0.813 ms - -[0m
2026-08-08 08:29:48 [INFO]: [0mGET /css/admin/products.css [36m304[0m 0.886 ms - -[0m
2026-08-08 08:29:48 [INFO]: [0mGET /css/header.css [36m304[0m 0.150 ms - -[0m
2026-08-08 08:29:48 [INFO]: [0mGET /images/logo/plantora.png [36m304[0m 0.326 ms - -[0m
2026-08-08 08:29:48 [INFO]: [0mGET /js/admin/layout.js [36m304[0m 0.230 ms - -[0m
2026-08-08 08:29:48 [INFO]: [0mGET /js/admin/users.js [36m304[0m 0.384 ms - -[0m
2026-08-08 08:29:48 [INFO]: [0mGET /js/admin/categories.js [36m304[0m 0.217 ms - -[0m
2026-08-08 08:29:48 [INFO]: [0mGET /js/admin/brands.js [36m304[0m 0.930 ms - -[0m
2026-08-08 08:29:48 [INFO]: [0mGET /js/admin/products.js [36m304[0m 0.642 ms - -[0m
2026-08-08 08:29:48 [INFO]: [0mGET /js/header.js [36m304[0m 0.841 ms - -[0m
2026-08-08 08:29:48 [INFO]: [0mGET /js/notification.js [36m304[0m 0.380 ms - -[0m
2026-08-08 08:29:48 [INFO]: [0mGET /css/variables.css [36m304[0m 0.486 ms - -[0m
2026-08-08 08:29:48 [INFO]: [0mGET /css/utilities.css [36m304[0m 0.861 ms - -[0m
2026-08-08 08:29:48 [INFO]: [0mGET /css/animations.css [36m304[0m 0.484 ms - -[0m
2026-08-08 08:29:48 [INFO]: [0mGET /css/announcement.css [36m304[0m 0.634 ms - -[0m
2026-08-08 08:29:48 [INFO]: [0mGET /css/hero.css [36m304[0m 0.970 ms - -[0m
2026-08-08 08:29:48 [INFO]: [0mGET /css/featured.css [36m304[0m 0.346 ms - -[0m
2026-08-08 08:29:48 [INFO]: [0mGET /css/why-choose.css [36m304[0m 0.577 ms - -[0m
2026-08-08 08:29:48 [INFO]: [0mGET /css/footer.css [36m304[0m 0.350 ms - -[0m
2026-08-08 08:29:48 [INFO]: [0mGET /css/auth.css [36m304[0m 0.767 ms - -[0m
2026-08-08 08:29:48 [INFO]: [0mGET /css/verify.css [36m304[0m 0.401 ms - -[0m
2026-08-08 08:29:50 [INFO]: [0mGET /admin/products [36m304[0m 182.993 ms - -[0m
2026-08-08 08:29:50 [INFO]: [0mGET /css/style.css [36m304[0m 0.797 ms - -[0m
2026-08-08 08:29:50 [INFO]: [0mGET /css/admin/layout.css [36m304[0m 0.802 ms - -[0m
2026-08-08 08:29:50 [INFO]: [0mGET /css/admin/users.css [36m304[0m 1.750 ms - -[0m
2026-08-08 08:29:50 [INFO]: [0mGET /css/admin/categories.css [36m304[0m 1.008 ms - -[0m
2026-08-08 08:29:50 [INFO]: [0mGET /css/admin/brands.css [36m304[0m 0.935 ms - -[0m
2026-08-08 08:29:50 [INFO]: [0mGET /css/admin/products.css [36m304[0m 0.905 ms - -[0m
2026-08-08 08:29:50 [INFO]: [0mGET /css/header.css [36m304[0m 0.275 ms - -[0m
2026-08-08 08:29:50 [INFO]: [0mGET /images/logo/plantora.png [36m304[0m 0.277 ms - -[0m
2026-08-08 08:29:50 [INFO]: [0mGET /js/admin/layout.js [36m304[0m 0.243 ms - -[0m
2026-08-08 08:29:50 [INFO]: [0mGET /js/admin/users.js [36m304[0m 0.166 ms - -[0m
2026-08-08 08:29:50 [INFO]: [0mGET /js/admin/categories.js [36m304[0m 0.270 ms - -[0m
2026-08-08 08:29:50 [INFO]: [0mGET /css/variables.css [36m304[0m 0.498 ms - -[0m
2026-08-08 08:29:50 [INFO]: [0mGET /js/admin/brands.js [36m304[0m 0.696 ms - -[0m
2026-08-08 08:29:50 [INFO]: [0mGET /js/admin/products.js [36m304[0m 0.943 ms - -[0m
2026-08-08 08:29:50 [INFO]: [0mGET /css/utilities.css [36m304[0m 0.225 ms - -[0m
2026-08-08 08:29:50 [INFO]: [0mGET /css/animations.css [36m304[0m 0.401 ms - -[0m
2026-08-08 08:29:50 [INFO]: [0mGET /css/announcement.css [36m304[0m 0.590 ms - -[0m
2026-08-08 08:29:50 [INFO]: [0mGET /css/hero.css [36m304[0m 0.292 ms - -[0m
2026-08-08 08:29:50 [INFO]: [0mGET /css/featured.css [36m304[0m 0.632 ms - -[0m
2026-08-08 08:29:50 [INFO]: [0mGET /css/why-choose.css [36m304[0m 0.764 ms - -[0m
2026-08-08 08:29:50 [INFO]: [0mGET /css/footer.css [36m304[0m 0.899 ms - -[0m
2026-08-08 08:29:50 [INFO]: [0mGET /css/auth.css [36m304[0m 0.977 ms - -[0m
2026-08-08 08:29:50 [INFO]: [0mGET /css/verify.css [36m304[0m 1.032 ms - -[0m
2026-08-08 08:29:50 [INFO]: [0mGET /js/header.js [36m304[0m 0.384 ms - -[0m
2026-08-08 08:29:50 [INFO]: [0mGET /js/notification.js [36m304[0m 0.583 ms - -[0m
2026-08-08 08:29:52 [INFO]: [0mGET /admin/products/create [32m200[0m 174.097 ms - -[0m
2026-08-08 08:29:52 [INFO]: [0mGET /css/style.css [36m304[0m 1.076 ms - -[0m
2026-08-08 08:29:52 [INFO]: [0mGET /css/admin/layout.css [36m304[0m 1.189 ms - -[0m
2026-08-08 08:29:52 [INFO]: [0mGET /css/admin/users.css [36m304[0m 1.331 ms - -[0m
2026-08-08 08:29:52 [INFO]: [0mGET /css/admin/categories.css [36m304[0m 1.440 ms - -[0m
2026-08-08 08:29:52 [INFO]: [0mGET /css/admin/brands.css [36m304[0m 0.378 ms - -[0m
2026-08-08 08:29:52 [INFO]: [0mGET /css/admin/products.css [36m304[0m 0.609 ms - -[0m
2026-08-08 08:29:52 [INFO]: [0mGET /css/header.css [36m304[0m 0.564 ms - -[0m
2026-08-08 08:29:52 [INFO]: [0mGET /images/logo/plantora.png [36m304[0m 0.507 ms - -[0m
2026-08-08 08:29:52 [INFO]: [0mGET /js/admin/layout.js [36m304[0m 0.229 ms - -[0m
2026-08-08 08:29:52 [INFO]: [0mGET /css/variables.css [36m304[0m 0.652 ms - -[0m
2026-08-08 08:29:52 [INFO]: [0mGET /css/utilities.css [36m304[0m 0.843 ms - -[0m
2026-08-08 08:29:52 [INFO]: [0mGET /js/admin/users.js [36m304[0m 1.672 ms - -[0m
2026-08-08 08:29:52 [INFO]: [0mGET /js/admin/categories.js [36m304[0m 0.946 ms - -[0m
2026-08-08 08:29:52 [INFO]: [0mGET /js/admin/brands.js [36m304[0m 1.072 ms - -[0m
2026-08-08 08:29:52 [INFO]: [0mGET /css/animations.css [36m304[0m 1.341 ms - -[0m
2026-08-08 08:29:52 [INFO]: [0mGET /css/announcement.css [36m304[0m 1.559 ms - -[0m
2026-08-08 08:29:52 [INFO]: [0mGET /css/hero.css [36m304[0m 1.147 ms - -[0m
2026-08-08 08:29:52 [INFO]: [0mGET /css/featured.css [36m304[0m 1.908 ms - -[0m
2026-08-08 08:29:52 [INFO]: [0mGET /css/why-choose.css [36m304[0m 0.800 ms - -[0m
2026-08-08 08:29:52 [INFO]: [0mGET /css/footer.css [36m304[0m 1.023 ms - -[0m
2026-08-08 08:29:52 [INFO]: [0mGET /css/auth.css [36m304[0m 1.313 ms - -[0m
2026-08-08 08:29:52 [INFO]: [0mGET /css/verify.css [36m304[0m 0.415 ms - -[0m
2026-08-08 08:29:52 [INFO]: [0mGET /js/admin/products.js [36m304[0m 1.446 ms - -[0m
2026-08-08 08:29:52 [INFO]: [0mGET /js/header.js [36m304[0m 1.278 ms - -[0m
2026-08-08 08:29:52 [INFO]: [0mGET /js/notification.js [36m304[0m 0.491 ms - -[0m
2026-08-08 08:29:57 [INFO]: [0mGET /admin/brands [36m304[0m 219.200 ms - -[0m
2026-08-08 08:29:57 [INFO]: [0mGET /css/style.css [36m304[0m 0.409 ms - -[0m
2026-08-08 08:29:57 [INFO]: [0mGET /css/admin/layout.css [36m304[0m 0.456 ms - -[0m
2026-08-08 08:29:57 [INFO]: [0mGET /css/admin/users.css [36m304[0m 0.329 ms - -[0m
2026-08-08 08:29:57 [INFO]: [0mGET /css/admin/categories.css [36m304[0m 0.435 ms - -[0m
2026-08-08 08:29:57 [INFO]: [0mGET /css/admin/brands.css [36m304[0m 0.548 ms - -[0m
2026-08-08 08:29:57 [INFO]: [0mGET /css/admin/products.css [36m304[0m 0.651 ms - -[0m
2026-08-08 08:29:57 [INFO]: [0mGET /css/header.css [36m304[0m 0.163 ms - -[0m
2026-08-08 08:29:57 [INFO]: [0mGET /images/logo/plantora.png [36m304[0m 0.344 ms - -[0m
2026-08-08 08:29:57 [INFO]: [0mGET /js/admin/layout.js [36m304[0m 0.251 ms - -[0m
2026-08-08 08:29:57 [INFO]: [0mGET /js/admin/users.js [36m304[0m 0.395 ms - -[0m
2026-08-08 08:29:57 [INFO]: [0mGET /js/admin/categories.js [36m304[0m 0.399 ms - -[0m
2026-08-08 08:29:57 [INFO]: [0mGET /js/admin/brands.js [36m304[0m 0.749 ms - -[0m
2026-08-08 08:29:57 [INFO]: [0mGET /js/admin/products.js [36m304[0m 0.226 ms - -[0m
2026-08-08 08:29:57 [INFO]: [0mGET /js/header.js [36m304[0m 0.446 ms - -[0m
2026-08-08 08:29:57 [INFO]: [0mGET /css/variables.css [36m304[0m 0.465 ms - -[0m
2026-08-08 08:29:57 [INFO]: [0mGET /css/utilities.css [36m304[0m 0.406 ms - -[0m
2026-08-08 08:29:57 [INFO]: [0mGET /css/animations.css [36m304[0m 0.591 ms - -[0m
2026-08-08 08:29:57 [INFO]: [0mGET /css/announcement.css [36m304[0m 0.571 ms - -[0m
2026-08-08 08:29:57 [INFO]: [0mGET /css/hero.css [36m304[0m 0.827 ms - -[0m
2026-08-08 08:29:57 [INFO]: [0mGET /css/featured.css [36m304[0m 1.422 ms - -[0m
2026-08-08 08:29:57 [INFO]: [0mGET /css/why-choose.css [36m304[0m 0.993 ms - -[0m
2026-08-08 08:29:57 [INFO]: [0mGET /css/footer.css [36m304[0m 1.162 ms - -[0m
2026-08-08 08:29:57 [INFO]: [0mGET /css/auth.css [36m304[0m 0.376 ms - -[0m
2026-08-08 08:29:57 [INFO]: [0mGET /css/verify.css [36m304[0m 0.543 ms - -[0m
2026-08-08 08:29:57 [INFO]: [0mGET /js/notification.js [36m304[0m 0.612 ms - -[0m
2026-08-08 08:30:01 [INFO]: [0mGET /admin/brands?search=&sort=oldest [32m200[0m 222.612 ms - -[0m
2026-08-08 08:30:01 [INFO]: [0mGET /css/style.css [36m304[0m 0.272 ms - -[0m
2026-08-08 08:30:01 [INFO]: [0mGET /css/admin/layout.css [36m304[0m 0.691 ms - -[0m
2026-08-08 08:30:01 [INFO]: [0mGET /css/admin/users.css [36m304[0m 0.884 ms - -[0m
2026-08-08 08:30:01 [INFO]: [0mGET /css/admin/categories.css [36m304[0m 1.120 ms - -[0m
2026-08-08 08:30:01 [INFO]: [0mGET /css/admin/brands.css [36m304[0m 1.129 ms - -[0m
2026-08-08 08:30:01 [INFO]: [0mGET /css/admin/products.css [36m304[0m 0.340 ms - -[0m
2026-08-08 08:30:01 [INFO]: [0mGET /css/header.css [36m304[0m 0.349 ms - -[0m
2026-08-08 08:30:01 [INFO]: [0mGET /images/logo/plantora.png [36m304[0m 0.286 ms - -[0m
2026-08-08 08:30:01 [INFO]: [0mGET /js/admin/layout.js [36m304[0m 0.306 ms - -[0m
2026-08-08 08:30:01 [INFO]: [0mGET /css/variables.css [36m304[0m 0.681 ms - -[0m
2026-08-08 08:30:01 [INFO]: [0mGET /js/admin/users.js [36m304[0m 0.973 ms - -[0m
2026-08-08 08:30:01 [INFO]: [0mGET /js/admin/categories.js [36m304[0m 1.206 ms - -[0m
2026-08-08 08:30:01 [INFO]: [0mGET /js/admin/brands.js [36m304[0m 1.760 ms - -[0m
2026-08-08 08:30:01 [INFO]: [0mGET /js/admin/products.js [36m304[0m 1.706 ms - -[0m
2026-08-08 08:30:01 [INFO]: [0mGET /css/utilities.css [36m304[0m 2.221 ms - -[0m
2026-08-08 08:30:01 [INFO]: [0mGET /css/animations.css [36m304[0m 3.409 ms - -[0m
2026-08-08 08:30:01 [INFO]: [0mGET /css/announcement.css [36m304[0m 0.926 ms - -[0m
2026-08-08 08:30:01 [INFO]: [0mGET /css/hero.css [36m304[0m 1.377 ms - -[0m
2026-08-08 08:30:01 [INFO]: [0mGET /css/featured.css [36m304[0m 1.497 ms - -[0m
2026-08-08 08:30:01 [INFO]: [0mGET /css/why-choose.css [36m304[0m 0.485 ms - -[0m
2026-08-08 08:30:01 [INFO]: [0mGET /css/footer.css [36m304[0m 0.317 ms - -[0m
2026-08-08 08:30:01 [INFO]: [0mGET /css/auth.css [36m304[0m 0.309 ms - -[0m
2026-08-08 08:30:01 [INFO]: [0mGET /css/verify.css [36m304[0m 0.645 ms - -[0m
2026-08-08 08:30:01 [INFO]: [0mGET /js/header.js [36m304[0m 0.358 ms - -[0m
2026-08-08 08:30:01 [INFO]: [0mGET /js/notification.js [36m304[0m 0.377 ms - -[0m
2026-08-08 08:30:03 [INFO]: [0mGET /admin/brands?search=&sort=newest [32m200[0m 216.719 ms - -[0m
2026-08-08 08:30:03 [INFO]: [0mGET /css/style.css [36m304[0m 0.343 ms - -[0m
2026-08-08 08:30:03 [INFO]: [0mGET /css/admin/layout.css [36m304[0m 0.626 ms - -[0m
2026-08-08 08:30:03 [INFO]: [0mGET /css/admin/users.css [36m304[0m 0.950 ms - -[0m
2026-08-08 08:30:03 [INFO]: [0mGET /css/admin/categories.css [36m304[0m 0.909 ms - -[0m
2026-08-08 08:30:03 [INFO]: [0mGET /css/admin/brands.css [36m304[0m 0.948 ms - -[0m
2026-08-08 08:30:03 [INFO]: [0mGET /css/admin/products.css [36m304[0m 0.961 ms - -[0m
2026-08-08 08:30:03 [INFO]: [0mGET /css/header.css [36m304[0m 0.729 ms - -[0m
2026-08-08 08:30:03 [INFO]: [0mGET /images/logo/plantora.png [36m304[0m 0.193 ms - -[0m
2026-08-08 08:30:03 [INFO]: [0mGET /js/admin/layout.js [36m304[0m 0.306 ms - -[0m
2026-08-08 08:30:03 [INFO]: [0mGET /js/admin/users.js [36m304[0m 0.260 ms - -[0m
2026-08-08 08:30:03 [INFO]: [0mGET /css/variables.css [36m304[0m 0.273 ms - -[0m
2026-08-08 08:30:03 [INFO]: [0mGET /css/utilities.css [36m304[0m 0.517 ms - -[0m
2026-08-08 08:30:03 [INFO]: [0mGET /css/animations.css [36m304[0m 0.781 ms - -[0m
2026-08-08 08:30:03 [INFO]: [0mGET /js/admin/categories.js [36m304[0m 0.978 ms - -[0m
2026-08-08 08:30:03 [INFO]: [0mGET /js/admin/brands.js [36m304[0m 1.138 ms - -[0m
2026-08-08 08:30:03 [INFO]: [0mGET /css/announcement.css [36m304[0m 0.217 ms - -[0m
2026-08-08 08:30:03 [INFO]: [0mGET /css/hero.css [36m304[0m 0.327 ms - -[0m
2026-08-08 08:30:03 [INFO]: [0mGET /css/featured.css [36m304[0m 0.731 ms - -[0m
2026-08-08 08:30:03 [INFO]: [0mGET /css/why-choose.css [36m304[0m 0.598 ms - -[0m
2026-08-08 08:30:03 [INFO]: [0mGET /css/footer.css [36m304[0m 0.887 ms - -[0m
2026-08-08 08:30:03 [INFO]: [0mGET /css/auth.css [36m304[0m 0.461 ms - -[0m
2026-08-08 08:30:03 [INFO]: [0mGET /css/verify.css [36m304[0m 0.569 ms - -[0m
2026-08-08 08:30:03 [INFO]: [0mGET /js/admin/products.js [36m304[0m 0.157 ms - -[0m
2026-08-08 08:30:03 [INFO]: [0mGET /js/header.js [36m304[0m 0.570 ms - -[0m
2026-08-08 08:30:03 [INFO]: [0mGET /js/notification.js [36m304[0m 0.657 ms - -[0m
2026-08-08 08:30:29 [INFO]: [0mGET /admin/categories [36m304[0m 222.198 ms - -[0m
2026-08-08 08:30:29 [INFO]: [0mGET /css/style.css [36m304[0m 0.408 ms - -[0m
2026-08-08 08:30:29 [INFO]: [0mGET /css/admin/layout.css [36m304[0m 0.389 ms - -[0m
2026-08-08 08:30:29 [INFO]: [0mGET /css/admin/users.css [36m304[0m 0.934 ms - -[0m
2026-08-08 08:30:29 [INFO]: [0mGET /css/admin/categories.css [36m304[0m 1.140 ms - -[0m
2026-08-08 08:30:29 [INFO]: [0mGET /css/admin/brands.css [36m304[0m 1.392 ms - -[0m
2026-08-08 08:30:29 [INFO]: [0mGET /css/admin/products.css [36m304[0m 1.568 ms - -[0m
2026-08-08 08:30:29 [INFO]: [0mGET /css/header.css [36m304[0m 0.219 ms - -[0m
2026-08-08 08:30:29 [INFO]: [0mGET /images/logo/plantora.png [36m304[0m 0.291 ms - -[0m
2026-08-08 08:30:29 [INFO]: [0mGET /js/admin/layout.js [36m304[0m 0.263 ms - -[0m
2026-08-08 08:30:29 [INFO]: [0mGET /js/admin/users.js [36m304[0m 0.271 ms - -[0m
2026-08-08 08:30:29 [INFO]: [0mGET /js/admin/categories.js [36m304[0m 0.478 ms - -[0m
2026-08-08 08:30:29 [INFO]: [0mGET /js/admin/brands.js [36m304[0m 0.835 ms - -[0m
2026-08-08 08:30:29 [INFO]: [0mGET /js/admin/products.js [36m304[0m 0.376 ms - -[0m
2026-08-08 08:30:29 [INFO]: [0mGET /js/header.js [36m304[0m 0.492 ms - -[0m
2026-08-08 08:30:29 [INFO]: [0mGET /css/variables.css [36m304[0m 0.170 ms - -[0m
2026-08-08 08:30:29 [INFO]: [0mGET /css/utilities.css [36m304[0m 0.696 ms - -[0m
2026-08-08 08:30:29 [INFO]: [0mGET /css/animations.css [36m304[0m 0.818 ms - -[0m
2026-08-08 08:30:29 [INFO]: [0mGET /css/announcement.css [36m304[0m 0.945 ms - -[0m
2026-08-08 08:30:29 [INFO]: [0mGET /css/hero.css [36m304[0m 1.042 ms - -[0m
2026-08-08 08:30:29 [INFO]: [0mGET /css/featured.css [36m304[0m 1.685 ms - -[0m
2026-08-08 08:30:29 [INFO]: [0mGET /css/why-choose.css [36m304[0m 0.549 ms - -[0m
2026-08-08 08:30:29 [INFO]: [0mGET /css/footer.css [36m304[0m 0.388 ms - -[0m
2026-08-08 08:30:29 [INFO]: [0mGET /css/auth.css [36m304[0m 0.489 ms - -[0m
2026-08-08 08:30:29 [INFO]: [0mGET /css/verify.css [36m304[0m 1.275 ms - -[0m
2026-08-08 08:30:29 [INFO]: [0mGET /js/notification.js [36m304[0m 0.418 ms - -[0m
2026-08-08 08:30:31 [INFO]: [0mGET /admin/categories/6a768db535b07b48989f7dea/edit [32m200[0m 172.403 ms - -[0m
2026-08-08 08:30:31 [INFO]: [0mGET /css/style.css [36m304[0m 0.691 ms - -[0m
2026-08-08 08:30:31 [INFO]: [0mGET /css/admin/layout.css [36m304[0m 0.931 ms - -[0m
2026-08-08 08:30:31 [INFO]: [0mGET /css/admin/users.css [36m304[0m 1.256 ms - -[0m
2026-08-08 08:30:31 [INFO]: [0mGET /css/admin/categories.css [36m304[0m 0.790 ms - -[0m
2026-08-08 08:30:31 [INFO]: [0mGET /css/admin/brands.css [36m304[0m 1.534 ms - -[0m
2026-08-08 08:30:31 [INFO]: [0mGET /css/admin/products.css [36m304[0m 0.791 ms - -[0m
2026-08-08 08:30:31 [INFO]: [0mGET /css/header.css [36m304[0m 0.574 ms - -[0m
2026-08-08 08:30:31 [INFO]: [0mGET /images/logo/plantora.png [36m304[0m 0.227 ms - -[0m
2026-08-08 08:30:31 [INFO]: [0mGET /js/admin/layout.js [36m304[0m 0.326 ms - -[0m
2026-08-08 08:30:31 [INFO]: [0mGET /js/admin/users.js [36m304[0m 0.158 ms - -[0m
2026-08-08 08:30:31 [INFO]: [0mGET /js/admin/categories.js [36m304[0m 0.350 ms - -[0m
2026-08-08 08:30:31 [INFO]: [0mGET /css/variables.css [36m304[0m 0.408 ms - -[0m
2026-08-08 08:30:31 [INFO]: [0mGET /css/utilities.css [36m304[0m 0.518 ms - -[0m
2026-08-08 08:30:31 [INFO]: [0mGET /js/admin/brands.js [36m304[0m 0.744 ms - -[0m
2026-08-08 08:30:31 [INFO]: [0mGET /css/animations.css [36m304[0m 0.421 ms - -[0m
2026-08-08 08:30:31 [INFO]: [0mGET /css/announcement.css [36m304[0m 0.586 ms - -[0m
2026-08-08 08:30:31 [INFO]: [0mGET /css/hero.css [36m304[0m 0.615 ms - -[0m
2026-08-08 08:30:31 [INFO]: [0mGET /css/featured.css [36m304[0m 0.456 ms - -[0m
2026-08-08 08:30:31 [INFO]: [0mGET /css/why-choose.css [36m304[0m 0.563 ms - -[0m
2026-08-08 08:30:31 [INFO]: [0mGET /css/footer.css [36m304[0m 0.306 ms - -[0m
2026-08-08 08:30:31 [INFO]: [0mGET /css/auth.css [36m304[0m 0.222 ms - -[0m
2026-08-08 08:30:31 [INFO]: [0mGET /css/verify.css [36m304[0m 0.448 ms - -[0m
2026-08-08 08:30:31 [INFO]: [0mGET /js/admin/products.js [36m304[0m 0.560 ms - -[0m
2026-08-08 08:30:31 [INFO]: [0mGET /js/header.js [36m304[0m 0.879 ms - -[0m
2026-08-08 08:30:31 [INFO]: [0mGET /js/notification.js [36m304[0m 1.226 ms - -[0m
2026-08-08 08:30:33 [ERROR]: Failed to create audit log: AuditLog validation failed: module: `Category` is not a valid enum value for path `module`.
2026-08-08 08:30:33 [INFO]: Category updated : Pots
2026-08-08 08:30:33 [INFO]: [0mPOST /admin/categories/6a768db535b07b48989f7dea/edit [36m302[0m 263.796 ms - 46[0m
2026-08-08 08:30:33 [INFO]: [0mGET /admin/categories [36m304[0m 212.701 ms - -[0m
2026-08-08 08:30:33 [INFO]: [0mGET /css/style.css [36m304[0m 0.696 ms - -[0m
2026-08-08 08:30:33 [INFO]: [0mGET /css/admin/layout.css [36m304[0m 0.959 ms - -[0m
2026-08-08 08:30:33 [INFO]: [0mGET /css/admin/users.css [36m304[0m 1.118 ms - -[0m
2026-08-08 08:30:33 [INFO]: [0mGET /css/admin/categories.css [36m304[0m 0.383 ms - -[0m
2026-08-08 08:30:33 [INFO]: [0mGET /css/admin/brands.css [36m304[0m 0.550 ms - -[0m
2026-08-08 08:30:33 [INFO]: [0mGET /css/admin/products.css [36m304[0m 0.956 ms - -[0m
2026-08-08 08:30:33 [INFO]: [0mGET /css/header.css [36m304[0m 0.504 ms - -[0m
2026-08-08 08:30:33 [INFO]: [0mGET /images/logo/plantora.png [36m304[0m 0.282 ms - -[0m
2026-08-08 08:30:33 [INFO]: [0mGET /js/admin/layout.js [36m304[0m 0.372 ms - -[0m
2026-08-08 08:30:33 [INFO]: [0mGET /js/admin/users.js [36m304[0m 0.491 ms - -[0m
2026-08-08 08:30:33 [INFO]: [0mGET /js/admin/categories.js [36m304[0m 0.837 ms - -[0m
2026-08-08 08:30:33 [INFO]: [0mGET /js/admin/brands.js [36m304[0m 0.692 ms - -[0m
2026-08-08 08:30:33 [INFO]: [0mGET /js/admin/products.js [36m304[0m 0.534 ms - -[0m
2026-08-08 08:30:33 [INFO]: [0mGET /css/variables.css [36m304[0m 0.778 ms - -[0m
2026-08-08 08:30:33 [INFO]: [0mGET /css/utilities.css [36m304[0m 1.266 ms - -[0m
2026-08-08 08:30:33 [INFO]: [0mGET /css/animations.css [36m304[0m 0.553 ms - -[0m
2026-08-08 08:30:33 [INFO]: [0mGET /css/announcement.css [36m304[0m 0.270 ms - -[0m
2026-08-08 08:30:33 [INFO]: [0mGET /css/hero.css [36m304[0m 0.443 ms - -[0m
2026-08-08 08:30:33 [INFO]: [0mGET /css/featured.css [36m304[0m 0.568 ms - -[0m
2026-08-08 08:30:33 [INFO]: [0mGET /css/why-choose.css [36m304[0m 0.711 ms - -[0m
2026-08-08 08:30:33 [INFO]: [0mGET /css/footer.css [36m304[0m 0.236 ms - -[0m
2026-08-08 08:30:33 [INFO]: [0mGET /css/auth.css [36m304[0m 0.330 ms - -[0m
2026-08-08 08:30:33 [INFO]: [0mGET /css/verify.css [36m304[0m 0.425 ms - -[0m
2026-08-08 08:30:33 [INFO]: [0mGET /js/header.js [36m304[0m 0.331 ms - -[0m
2026-08-08 08:30:33 [INFO]: [0mGET /js/notification.js [36m304[0m 0.507 ms - -[0m
2026-08-08 08:30:35 [INFO]: [0mGET /admin/categories/6a768db535b07b48989f7dea/edit [32m200[0m 173.480 ms - -[0m
2026-08-08 08:30:35 [INFO]: [0mGET /css/style.css [36m304[0m 0.921 ms - -[0m
2026-08-08 08:30:35 [INFO]: [0mGET /css/admin/layout.css [36m304[0m 1.131 ms - -[0m
2026-08-08 08:30:35 [INFO]: [0mGET /css/admin/users.css [36m304[0m 1.297 ms - -[0m
2026-08-08 08:30:35 [INFO]: [0mGET /css/admin/categories.css [36m304[0m 1.472 ms - -[0m
2026-08-08 08:30:35 [INFO]: [0mGET /css/admin/brands.css [36m304[0m 1.931 ms - -[0m
2026-08-08 08:30:35 [INFO]: [0mGET /css/admin/products.css [36m304[0m 2.597 ms - -[0m
2026-08-08 08:30:35 [INFO]: [0mGET /css/header.css [36m304[0m 0.175 ms - -[0m
2026-08-08 08:30:35 [INFO]: [0mGET /images/logo/plantora.png [36m304[0m 0.229 ms - -[0m
2026-08-08 08:30:35 [INFO]: [0mGET /js/admin/layout.js [36m304[0m 0.243 ms - -[0m
2026-08-08 08:30:35 [INFO]: [0mGET /js/admin/users.js [36m304[0m 0.328 ms - -[0m
2026-08-08 08:30:35 [INFO]: [0mGET /js/admin/categories.js [36m304[0m 0.442 ms - -[0m
2026-08-08 08:30:35 [INFO]: [0mGET /js/admin/brands.js [36m304[0m 0.232 ms - -[0m
2026-08-08 08:30:35 [INFO]: [0mGET /js/admin/products.js [36m304[0m 0.328 ms - -[0m
2026-08-08 08:30:35 [INFO]: [0mGET /js/header.js [36m304[0m 0.122 ms - -[0m
2026-08-08 08:30:35 [INFO]: [0mGET /css/variables.css [36m304[0m 0.154 ms - -[0m
2026-08-08 08:30:35 [INFO]: [0mGET /css/utilities.css [36m304[0m 0.382 ms - -[0m
2026-08-08 08:30:35 [INFO]: [0mGET /css/animations.css [36m304[0m 0.506 ms - -[0m
2026-08-08 08:30:35 [INFO]: [0mGET /css/announcement.css [36m304[0m 0.723 ms - -[0m
2026-08-08 08:30:35 [INFO]: [0mGET /css/hero.css [36m304[0m 1.101 ms - -[0m
2026-08-08 08:30:35 [INFO]: [0mGET /css/featured.css [36m304[0m 0.907 ms - -[0m
2026-08-08 08:30:35 [INFO]: [0mGET /css/why-choose.css [36m304[0m 0.898 ms - -[0m
2026-08-08 08:30:35 [INFO]: [0mGET /css/footer.css [36m304[0m 0.980 ms - -[0m
2026-08-08 08:30:35 [INFO]: [0mGET /css/auth.css [36m304[0m 1.320 ms - -[0m
2026-08-08 08:30:35 [INFO]: [0mGET /css/verify.css [36m304[0m 0.390 ms - -[0m
2026-08-08 08:30:35 [INFO]: [0mGET /js/notification.js [36m304[0m 0.541 ms - -[0m
2026-08-08 08:30:38 [ERROR]: Failed to create audit log: AuditLog validation failed: module: `Category` is not a valid enum value for path `module`.
2026-08-08 08:30:38 [INFO]: Category updated : Potss
2026-08-08 08:30:38 [INFO]: [0mPOST /admin/categories/6a768db535b07b48989f7dea/edit [36m302[0m 261.356 ms - 46[0m
2026-08-08 08:30:38 [INFO]: [0mGET /admin/categories [32m200[0m 218.265 ms - -[0m
2026-08-08 08:30:38 [INFO]: [0mGET /css/style.css [36m304[0m 0.180 ms - -[0m
2026-08-08 08:30:38 [INFO]: [0mGET /css/admin/layout.css [36m304[0m 0.267 ms - -[0m
2026-08-08 08:30:38 [INFO]: [0mGET /css/admin/users.css [36m304[0m 0.808 ms - -[0m
2026-08-08 08:30:38 [INFO]: [0mGET /css/admin/categories.css [36m304[0m 0.464 ms - -[0m
2026-08-08 08:30:38 [INFO]: [0mGET /css/admin/brands.css [36m304[0m 0.526 ms - -[0m
2026-08-08 08:30:38 [INFO]: [0mGET /css/admin/products.css [36m304[0m 0.876 ms - -[0m
2026-08-08 08:30:38 [INFO]: [0mGET /css/header.css [36m304[0m 0.306 ms - -[0m
2026-08-08 08:30:38 [INFO]: [0mGET /images/logo/plantora.png [36m304[0m 0.141 ms - -[0m
2026-08-08 08:30:38 [INFO]: [0mGET /js/admin/layout.js [36m304[0m 0.229 ms - -[0m
2026-08-08 08:30:38 [INFO]: [0mGET /js/admin/users.js [36m304[0m 0.172 ms - -[0m
2026-08-08 08:30:38 [INFO]: [0mGET /js/admin/categories.js [36m304[0m 0.359 ms - -[0m
2026-08-08 08:30:38 [INFO]: [0mGET /js/admin/brands.js [36m304[0m 0.508 ms - -[0m
2026-08-08 08:30:38 [INFO]: [0mGET /css/variables.css [36m304[0m 0.573 ms - -[0m
2026-08-08 08:30:38 [INFO]: [0mGET /css/utilities.css [36m304[0m 0.741 ms - -[0m
2026-08-08 08:30:38 [INFO]: [0mGET /css/animations.css [36m304[0m 0.125 ms - -[0m
2026-08-08 08:30:38 [INFO]: [0mGET /css/announcement.css [36m304[0m 0.150 ms - -[0m
2026-08-08 08:30:38 [INFO]: [0mGET /css/hero.css [36m304[0m 0.622 ms - -[0m
2026-08-08 08:30:38 [INFO]: [0mGET /css/featured.css [36m304[0m 0.574 ms - -[0m
2026-08-08 08:30:38 [INFO]: [0mGET /css/why-choose.css [36m304[0m 0.821 ms - -[0m
2026-08-08 08:30:38 [INFO]: [0mGET /css/footer.css [36m304[0m 0.365 ms - -[0m
2026-08-08 08:30:38 [INFO]: [0mGET /css/auth.css [36m304[0m 0.241 ms - -[0m
2026-08-08 08:30:38 [INFO]: [0mGET /css/verify.css [36m304[0m 0.440 ms - -[0m
2026-08-08 08:30:38 [INFO]: [0mGET /js/admin/products.js [36m304[0m 0.206 ms - -[0m
2026-08-08 08:30:38 [INFO]: [0mGET /js/header.js [36m304[0m 0.205 ms - -[0m
2026-08-08 08:30:38 [INFO]: [0mGET /js/notification.js [36m304[0m 0.200 ms - -[0m
2026-08-08 08:34:32 [INFO]: MongoDB connected successfully.
2026-08-08 08:34:35 [INFO]: Email server connected successfully.
2026-08-08 08:34:35 [INFO]: Server is running on port 5132.
2026-08-08 08:35:59 [INFO]: MongoDB connected successfully.
2026-08-08 08:36:02 [INFO]: Email server connected successfully.
2026-08-08 08:36:02 [INFO]: Server is running on port 5132.
2026-08-08 08:36:15 [INFO]: [0mGET /admin/categories [32m200[0m 283.012 ms - -[0m
2026-08-08 08:36:15 [INFO]: [0mGET /css/style.css [36m304[0m 1.184 ms - -[0m
2026-08-08 08:36:15 [INFO]: [0mGET /css/admin/layout.css [36m304[0m 1.739 ms - -[0m
2026-08-08 08:36:15 [INFO]: [0mGET /css/admin/users.css [36m304[0m 0.952 ms - -[0m
2026-08-08 08:36:15 [INFO]: [0mGET /css/header.css [36m304[0m 1.076 ms - -[0m
2026-08-08 08:36:15 [INFO]: [0mGET /css/admin/categories.css [36m304[0m 1.316 ms - -[0m
2026-08-08 08:36:15 [INFO]: [0mGET /css/admin/brands.css [36m304[0m 1.874 ms - -[0m
2026-08-08 08:36:15 [INFO]: [0mGET /css/admin/products.css [36m304[0m 2.153 ms - -[0m
2026-08-08 08:36:15 [INFO]: [0mGET /images/logo/plantora.png [36m304[0m 0.499 ms - -[0m
2026-08-08 08:36:15 [INFO]: [0mGET /js/admin/layout.js [36m304[0m 1.810 ms - -[0m
2026-08-08 08:36:15 [INFO]: [0mGET /js/admin/users.js [36m304[0m 1.612 ms - -[0m
2026-08-08 08:36:15 [INFO]: [0mGET /js/admin/products.js [36m304[0m 1.960 ms - -[0m
2026-08-08 08:36:15 [INFO]: [0mGET /js/header.js [36m304[0m 2.241 ms - -[0m
2026-08-08 08:36:15 [INFO]: [0mGET /css/variables.css [36m304[0m 0.917 ms - -[0m
2026-08-08 08:36:15 [INFO]: [0mGET /css/utilities.css [36m304[0m 1.007 ms - -[0m
2026-08-08 08:36:15 [INFO]: [0mGET /css/animations.css [36m304[0m 1.476 ms - -[0m
2026-08-08 08:36:15 [INFO]: [0mGET /css/announcement.css [36m304[0m 0.689 ms - -[0m
2026-08-08 08:36:15 [INFO]: [0mGET /js/admin/categories.js [32m200[0m 4.450 ms - -[0m
2026-08-08 08:36:15 [INFO]: [0mGET /js/admin/brands.js [32m200[0m 4.342 ms - -[0m
2026-08-08 08:36:15 [INFO]: [0mGET /css/hero.css [36m304[0m 1.660 ms - -[0m
2026-08-08 08:36:15 [INFO]: [0mGET /css/featured.css [36m304[0m 1.859 ms - -[0m
2026-08-08 08:36:15 [INFO]: [0mGET /css/why-choose.css [36m304[0m 0.318 ms - -[0m
2026-08-08 08:36:15 [INFO]: [0mGET /css/footer.css [36m304[0m 0.466 ms - -[0m
2026-08-08 08:36:15 [INFO]: [0mGET /css/auth.css [36m304[0m 0.229 ms - -[0m
2026-08-08 08:36:15 [INFO]: [0mGET /css/verify.css [36m304[0m 0.358 ms - -[0m
2026-08-08 08:36:15 [INFO]: [0mGET /js/notification.js [36m304[0m 0.534 ms - -[0m
2026-08-08 08:36:31 [INFO]: [0mGET /admin/categories?search=6a768db535b07b48989f7dea&sort=newest [32m200[0m 206.254 ms - -[0m
2026-08-08 08:36:31 [INFO]: [0mGET /css/style.css [36m304[0m 0.451 ms - -[0m
2026-08-08 08:36:31 [INFO]: [0mGET /css/admin/layout.css [36m304[0m 0.775 ms - -[0m
2026-08-08 08:36:31 [INFO]: [0mGET /css/admin/users.css [36m304[0m 0.452 ms - -[0m
2026-08-08 08:36:31 [INFO]: [0mGET /css/admin/categories.css [36m304[0m 0.733 ms - -[0m
2026-08-08 08:36:31 [INFO]: [0mGET /css/admin/brands.css [36m304[0m 0.516 ms - -[0m
2026-08-08 08:36:31 [INFO]: [0mGET /css/admin/products.css [36m304[0m 0.669 ms - -[0m
2026-08-08 08:36:31 [INFO]: [0mGET /css/header.css [36m304[0m 0.240 ms - -[0m
2026-08-08 08:36:31 [INFO]: [0mGET /images/logo/plantora.png [36m304[0m 0.538 ms - -[0m
2026-08-08 08:36:31 [INFO]: [0mGET /js/admin/layout.js [36m304[0m 0.775 ms - -[0m
2026-08-08 08:36:31 [INFO]: [0mGET /js/admin/users.js [36m304[0m 0.592 ms - -[0m
2026-08-08 08:36:31 [INFO]: [0mGET /js/admin/categories.js [36m304[0m 0.766 ms - -[0m
2026-08-08 08:36:31 [INFO]: [0mGET /js/admin/brands.js [36m304[0m 0.949 ms - -[0m
2026-08-08 08:36:31 [INFO]: [0mGET /css/variables.css [36m304[0m 0.422 ms - -[0m
2026-08-08 08:36:31 [INFO]: [0mGET /js/admin/products.js [36m304[0m 0.590 ms - -[0m
2026-08-08 08:36:31 [INFO]: [0mGET /css/utilities.css [36m304[0m 0.707 ms - -[0m
2026-08-08 08:36:31 [INFO]: [0mGET /css/animations.css [36m304[0m 0.194 ms - -[0m
2026-08-08 08:36:31 [INFO]: [0mGET /css/announcement.css [36m304[0m 0.367 ms - -[0m
2026-08-08 08:36:31 [INFO]: [0mGET /css/hero.css [36m304[0m 0.508 ms - -[0m
2026-08-08 08:36:31 [INFO]: [0mGET /css/featured.css [36m304[0m 0.719 ms - -[0m
2026-08-08 08:36:31 [INFO]: [0mGET /css/why-choose.css [36m304[0m 0.874 ms - -[0m
2026-08-08 08:36:31 [INFO]: [0mGET /css/footer.css [36m304[0m 0.139 ms - -[0m
2026-08-08 08:36:31 [INFO]: [0mGET /css/auth.css [36m304[0m 0.266 ms - -[0m
2026-08-08 08:36:31 [INFO]: [0mGET /css/verify.css [36m304[0m 0.708 ms - -[0m
2026-08-08 08:36:31 [INFO]: [0mGET /js/header.js [36m304[0m 0.511 ms - -[0m
2026-08-08 08:36:31 [INFO]: [0mGET /js/notification.js [36m304[0m 0.685 ms - -[0m
2026-08-08 08:36:38 [INFO]: [0mGET /admin/categories [36m304[0m 210.310 ms - -[0m
2026-08-08 08:36:38 [INFO]: [0mGET /css/style.css [36m304[0m 1.066 ms - -[0m
2026-08-08 08:36:38 [INFO]: [0mGET /css/admin/layout.css [36m304[0m 0.935 ms - -[0m
2026-08-08 08:36:38 [INFO]: [0mGET /css/admin/users.css [36m304[0m 1.108 ms - -[0m
2026-08-08 08:36:38 [INFO]: [0mGET /css/admin/categories.css [36m304[0m 1.674 ms - -[0m
2026-08-08 08:36:38 [INFO]: [0mGET /css/admin/brands.css [36m304[0m 2.092 ms - -[0m
2026-08-08 08:36:38 [INFO]: [0mGET /css/admin/products.css [36m304[0m 2.263 ms - -[0m
2026-08-08 08:36:38 [INFO]: [0mGET /css/header.css [36m304[0m 2.471 ms - -[0m
2026-08-08 08:36:38 [INFO]: [0mGET /images/logo/plantora.png [36m304[0m 0.613 ms - -[0m
2026-08-08 08:36:38 [INFO]: [0mGET /js/admin/layout.js [36m304[0m 1.021 ms - -[0m
2026-08-08 08:36:38 [INFO]: [0mGET /js/admin/users.js [36m304[0m 1.264 ms - -[0m
2026-08-08 08:36:38 [INFO]: [0mGET /js/admin/categories.js [36m304[0m 1.391 ms - -[0m
2026-08-08 08:36:38 [INFO]: [0mGET /js/admin/brands.js [36m304[0m 0.343 ms - -[0m
2026-08-08 08:36:38 [INFO]: [0mGET /js/admin/products.js [36m304[0m 0.633 ms - -[0m
2026-08-08 08:36:38 [INFO]: [0mGET /js/header.js [36m304[0m 1.183 ms - -[0m
2026-08-08 08:36:38 [INFO]: [0mGET /js/notification.js [36m304[0m 0.175 ms - -[0m
2026-08-08 08:36:38 [INFO]: [0mGET /css/variables.css [36m304[0m 0.429 ms - -[0m
2026-08-08 08:36:38 [INFO]: [0mGET /css/utilities.css [36m304[0m 0.916 ms - -[0m
2026-08-08 08:36:38 [INFO]: [0mGET /css/animations.css [36m304[0m 0.431 ms - -[0m
2026-08-08 08:36:38 [INFO]: [0mGET /css/announcement.css [36m304[0m 0.656 ms - -[0m
2026-08-08 08:36:38 [INFO]: [0mGET /css/hero.css [36m304[0m 1.144 ms - -[0m
2026-08-08 08:36:38 [INFO]: [0mGET /css/featured.css [36m304[0m 1.779 ms - -[0m
2026-08-08 08:36:38 [INFO]: [0mGET /css/why-choose.css [36m304[0m 1.714 ms - -[0m
2026-08-08 08:36:38 [INFO]: [0mGET /css/footer.css [36m304[0m 1.562 ms - -[0m
2026-08-08 08:36:38 [INFO]: [0mGET /css/auth.css [36m304[0m 1.709 ms - -[0m
2026-08-08 08:36:38 [INFO]: [0mGET /css/verify.css [36m304[0m 1.823 ms - -[0m
2026-08-08 08:36:51 [INFO]: [0mGET /admin/brands [32m200[0m 225.031 ms - -[0m
2026-08-08 08:36:51 [INFO]: [0mGET /css/style.css [36m304[0m 0.882 ms - -[0m
2026-08-08 08:36:51 [INFO]: [0mGET /css/admin/layout.css [36m304[0m 0.952 ms - -[0m
2026-08-08 08:36:51 [INFO]: [0mGET /css/admin/categories.css [36m304[0m 0.234 ms - -[0m
2026-08-08 08:36:51 [INFO]: [0mGET /css/admin/users.css [36m304[0m 0.468 ms - -[0m
2026-08-08 08:36:51 [INFO]: [0mGET /css/header.css [36m304[0m 0.753 ms - -[0m
2026-08-08 08:36:51 [INFO]: [0mGET /css/admin/brands.css [36m304[0m 1.156 ms - -[0m
2026-08-08 08:36:51 [INFO]: [0mGET /css/admin/products.css [36m304[0m 1.454 ms - -[0m
2026-08-08 08:36:51 [INFO]: [0mGET /images/logo/plantora.png [36m304[0m 0.347 ms - -[0m
2026-08-08 08:36:51 [INFO]: [0mGET /js/admin/layout.js [36m304[0m 0.165 ms - -[0m
2026-08-08 08:36:51 [INFO]: [0mGET /js/admin/users.js [36m304[0m 0.297 ms - -[0m
2026-08-08 08:36:51 [INFO]: [0mGET /js/admin/categories.js [36m304[0m 1.007 ms - -[0m
2026-08-08 08:36:51 [INFO]: [0mGET /js/admin/brands.js [36m304[0m 1.281 ms - -[0m
2026-08-08 08:36:51 [INFO]: [0mGET /js/admin/products.js [36m304[0m 0.769 ms - -[0m
2026-08-08 08:36:51 [INFO]: [0mGET /js/header.js [36m304[0m 0.964 ms - -[0m
2026-08-08 08:36:51 [INFO]: [0mGET /css/variables.css [36m304[0m 0.689 ms - -[0m
2026-08-08 08:36:51 [INFO]: [0mGET /css/utilities.css [36m304[0m 0.619 ms - -[0m
2026-08-08 08:36:51 [INFO]: [0mGET /css/animations.css [36m304[0m 1.521 ms - -[0m
2026-08-08 08:36:51 [INFO]: [0mGET /css/announcement.css [36m304[0m 1.055 ms - -[0m
2026-08-08 08:36:51 [INFO]: [0mGET /css/hero.css [36m304[0m 1.223 ms - -[0m
2026-08-08 08:36:51 [INFO]: [0mGET /css/featured.css [36m304[0m 1.273 ms - -[0m
2026-08-08 08:36:51 [INFO]: [0mGET /css/why-choose.css [36m304[0m 0.298 ms - -[0m
2026-08-08 08:36:51 [INFO]: [0mGET /css/footer.css [36m304[0m 0.550 ms - -[0m
2026-08-08 08:36:51 [INFO]: [0mGET /css/auth.css [36m304[0m 0.340 ms - -[0m
2026-08-08 08:36:51 [INFO]: [0mGET /css/verify.css [36m304[0m 0.416 ms - -[0m
2026-08-08 08:36:51 [INFO]: [0mGET /js/notification.js [36m304[0m 0.322 ms - -[0m
2026-08-08 08:36:53 [INFO]: [0mGET /admin/products [32m200[0m 169.350 ms - -[0m
2026-08-08 08:36:53 [INFO]: [0mGET /css/style.css [36m304[0m 0.409 ms - -[0m
2026-08-08 08:36:53 [INFO]: [0mGET /css/admin/layout.css [36m304[0m 0.697 ms - -[0m
2026-08-08 08:36:53 [INFO]: [0mGET /css/admin/users.css [36m304[0m 0.360 ms - -[0m
2026-08-08 08:36:53 [INFO]: [0mGET /css/admin/categories.css [36m304[0m 0.512 ms - -[0m
2026-08-08 08:36:53 [INFO]: [0mGET /css/admin/brands.css [36m304[0m 0.740 ms - -[0m
2026-08-08 08:36:53 [INFO]: [0mGET /css/admin/products.css [36m304[0m 0.876 ms - -[0m
2026-08-08 08:36:53 [INFO]: [0mGET /css/header.css [36m304[0m 0.527 ms - -[0m
2026-08-08 08:36:53 [INFO]: [0mGET /images/logo/plantora.png [36m304[0m 0.500 ms - -[0m
2026-08-08 08:36:53 [INFO]: [0mGET /js/admin/layout.js [36m304[0m 0.133 ms - -[0m
2026-08-08 08:36:53 [INFO]: [0mGET /js/admin/users.js [36m304[0m 0.143 ms - -[0m
2026-08-08 08:36:53 [INFO]: [0mGET /js/admin/categories.js [36m304[0m 0.163 ms - -[0m
2026-08-08 08:36:53 [INFO]: [0mGET /js/admin/brands.js [36m304[0m 0.604 ms - -[0m
2026-08-08 08:36:53 [INFO]: [0mGET /js/admin/products.js [36m304[0m 0.194 ms - -[0m
2026-08-08 08:36:53 [INFO]: [0mGET /js/header.js [36m304[0m 0.304 ms - -[0m
2026-08-08 08:36:53 [INFO]: [0mGET /css/variables.css [36m304[0m 0.282 ms - -[0m
2026-08-08 08:36:53 [INFO]: [0mGET /js/notification.js [36m304[0m 0.126 ms - -[0m
2026-08-08 08:36:53 [INFO]: [0mGET /css/utilities.css [36m304[0m 0.293 ms - -[0m
2026-08-08 08:36:53 [INFO]: [0mGET /css/animations.css [36m304[0m 0.413 ms - -[0m
2026-08-08 08:36:53 [INFO]: [0mGET /css/announcement.css [36m304[0m 0.747 ms - -[0m
2026-08-08 08:36:53 [INFO]: [0mGET /css/hero.css [36m304[0m 0.398 ms - -[0m
2026-08-08 08:36:53 [INFO]: [0mGET /css/featured.css [36m304[0m 0.631 ms - -[0m
2026-08-08 08:36:53 [INFO]: [0mGET /css/why-choose.css [36m304[0m 0.349 ms - -[0m
2026-08-08 08:36:53 [INFO]: [0mGET /css/footer.css [36m304[0m 0.410 ms - -[0m
2026-08-08 08:36:53 [INFO]: [0mGET /css/auth.css [36m304[0m 0.732 ms - -[0m
2026-08-08 08:36:53 [INFO]: [0mGET /css/verify.css [36m304[0m 0.910 ms - -[0m
2026-08-08 08:36:54 [INFO]: [0mGET /admin/categories [36m304[0m 209.577 ms - -[0m
2026-08-08 08:36:54 [INFO]: [0mGET /css/style.css [36m304[0m 0.189 ms - -[0m
2026-08-08 08:36:54 [INFO]: [0mGET /css/admin/layout.css [36m304[0m 0.854 ms - -[0m
2026-08-08 08:36:54 [INFO]: [0mGET /css/admin/users.css [36m304[0m 1.145 ms - -[0m
2026-08-08 08:36:54 [INFO]: [0mGET /css/admin/categories.css [36m304[0m 1.650 ms - -[0m
2026-08-08 08:36:54 [INFO]: [0mGET /css/admin/brands.css [36m304[0m 1.819 ms - -[0m
2026-08-08 08:36:54 [INFO]: [0mGET /css/admin/products.css [36m304[0m 2.330 ms - -[0m
2026-08-08 08:36:54 [INFO]: [0mGET /css/header.css [36m304[0m 2.686 ms - -[0m
2026-08-08 08:36:54 [INFO]: [0mGET /images/logo/plantora.png [36m304[0m 0.342 ms - -[0m
2026-08-08 08:36:54 [INFO]: [0mGET /js/admin/layout.js [36m304[0m 0.448 ms - -[0m
2026-08-08 08:36:54 [INFO]: [0mGET /css/variables.css [36m304[0m 0.727 ms - -[0m
2026-08-08 08:36:54 [INFO]: [0mGET /css/utilities.css [36m304[0m 1.032 ms - -[0m
2026-08-08 08:36:54 [INFO]: [0mGET /js/admin/users.js [36m304[0m 1.490 ms - -[0m
2026-08-08 08:36:54 [INFO]: [0mGET /js/admin/categories.js [36m304[0m 1.801 ms - -[0m
2026-08-08 08:36:54 [INFO]: [0mGET /js/admin/brands.js [36m304[0m 2.115 ms - -[0m
2026-08-08 08:36:54 [INFO]: [0mGET /css/animations.css [36m304[0m 0.792 ms - -[0m
2026-08-08 08:36:54 [INFO]: [0mGET /css/announcement.css [36m304[0m 1.122 ms - -[0m
2026-08-08 08:36:54 [INFO]: [0mGET /css/hero.css [36m304[0m 1.460 ms - -[0m
2026-08-08 08:36:54 [INFO]: [0mGET /css/featured.css [36m304[0m 2.311 ms - -[0m
2026-08-08 08:36:54 [INFO]: [0mGET /css/why-choose.css [36m304[0m 0.909 ms - -[0m
2026-08-08 08:36:54 [INFO]: [0mGET /css/footer.css [36m304[0m 1.333 ms - -[0m
2026-08-08 08:36:54 [INFO]: [0mGET /css/auth.css [36m304[0m 0.732 ms - -[0m
2026-08-08 08:36:54 [INFO]: [0mGET /css/verify.css [36m304[0m 1.621 ms - -[0m
2026-08-08 08:36:54 [INFO]: [0mGET /js/admin/products.js [36m304[0m 0.724 ms - -[0m
2026-08-08 08:36:54 [INFO]: [0mGET /js/header.js [36m304[0m 0.583 ms - -[0m
2026-08-08 08:36:54 [INFO]: [0mGET /js/notification.js [36m304[0m 0.385 ms - -[0m
2026-08-08 08:36:56 [INFO]: [0mGET /admin/users/trash [36m304[0m 205.349 ms - -[0m
2026-08-08 08:36:56 [INFO]: [0mGET /css/style.css [36m304[0m 0.549 ms - -[0m
2026-08-08 08:36:56 [INFO]: [0mGET /css/admin/layout.css [36m304[0m 0.824 ms - -[0m
2026-08-08 08:36:56 [INFO]: [0mGET /css/admin/users.css [36m304[0m 0.372 ms - -[0m
2026-08-08 08:36:56 [INFO]: [0mGET /css/admin/categories.css [36m304[0m 0.587 ms - -[0m
2026-08-08 08:36:56 [INFO]: [0mGET /css/admin/brands.css [36m304[0m 0.884 ms - -[0m
2026-08-08 08:36:56 [INFO]: [0mGET /css/admin/products.css [36m304[0m 1.340 ms - -[0m
2026-08-08 08:36:56 [INFO]: [0mGET /css/header.css [36m304[0m 0.416 ms - -[0m
2026-08-08 08:36:56 [INFO]: [0mGET /images/logo/plantora.png [36m304[0m 0.222 ms - -[0m
2026-08-08 08:36:56 [INFO]: [0mGET /js/admin/layout.js [36m304[0m 0.841 ms - -[0m
2026-08-08 08:36:56 [INFO]: [0mGET /js/admin/users.js [36m304[0m 1.008 ms - -[0m
2026-08-08 08:36:56 [INFO]: [0mGET /js/admin/categories.js [36m304[0m 1.180 ms - -[0m
2026-08-08 08:36:56 [INFO]: [0mGET /js/admin/brands.js [36m304[0m 1.269 ms - -[0m
2026-08-08 08:36:56 [INFO]: [0mGET /js/admin/products.js [36m304[0m 0.239 ms - -[0m
2026-08-08 08:36:56 [INFO]: [0mGET /css/variables.css [36m304[0m 0.233 ms - -[0m
2026-08-08 08:36:56 [INFO]: [0mGET /css/utilities.css [36m304[0m 1.178 ms - -[0m
2026-08-08 08:36:56 [INFO]: [0mGET /css/animations.css [36m304[0m 1.420 ms - -[0m
2026-08-08 08:36:56 [INFO]: [0mGET /css/announcement.css [36m304[0m 1.606 ms - -[0m
2026-08-08 08:36:56 [INFO]: [0mGET /css/hero.css [36m304[0m 1.616 ms - -[0m
2026-08-08 08:36:56 [INFO]: [0mGET /css/featured.css [36m304[0m 1.953 ms - -[0m
2026-08-08 08:36:56 [INFO]: [0mGET /css/why-choose.css [36m304[0m 0.604 ms - -[0m
2026-08-08 08:36:56 [INFO]: [0mGET /css/footer.css [36m304[0m 0.525 ms - -[0m
2026-08-08 08:36:56 [INFO]: [0mGET /css/auth.css [36m304[0m 0.650 ms - -[0m
2026-08-08 08:36:56 [INFO]: [0mGET /css/verify.css [36m304[0m 0.836 ms - -[0m
2026-08-08 08:36:56 [INFO]: [0mGET /js/header.js [36m304[0m 0.388 ms - -[0m
2026-08-08 08:36:56 [INFO]: [0mGET /js/notification.js [36m304[0m 0.610 ms - -[0m
2026-08-08 08:37:01 [INFO]: [0mGET /admin/users [36m304[0m 168.634 ms - -[0m
2026-08-08 08:37:01 [INFO]: [0mGET /css/style.css [36m304[0m 0.329 ms - -[0m
2026-08-08 08:37:01 [INFO]: [0mGET /css/admin/layout.css [36m304[0m 0.491 ms - -[0m
2026-08-08 08:37:01 [INFO]: [0mGET /css/admin/users.css [36m304[0m 0.745 ms - -[0m
2026-08-08 08:37:01 [INFO]: [0mGET /css/admin/categories.css [36m304[0m 0.609 ms - -[0m
2026-08-08 08:37:01 [INFO]: [0mGET /css/admin/brands.css [36m304[0m 0.752 ms - -[0m
2026-08-08 08:37:01 [INFO]: [0mGET /css/admin/products.css [36m304[0m 0.854 ms - -[0m
2026-08-08 08:37:01 [INFO]: [0mGET /css/header.css [36m304[0m 0.863 ms - -[0m
2026-08-08 08:37:01 [INFO]: [0mGET /images/logo/plantora.png [36m304[0m 0.316 ms - -[0m
2026-08-08 08:37:01 [INFO]: [0mGET /js/admin/layout.js [36m304[0m 0.681 ms - -[0m
2026-08-08 08:37:01 [INFO]: [0mGET /js/admin/users.js [36m304[0m 0.932 ms - -[0m
2026-08-08 08:37:01 [INFO]: [0mGET /js/admin/categories.js [36m304[0m 1.104 ms - -[0m
2026-08-08 08:37:01 [INFO]: [0mGET /js/admin/brands.js [36m304[0m 1.233 ms - -[0m
2026-08-08 08:37:01 [INFO]: [0mGET /js/admin/products.js [36m304[0m 1.423 ms - -[0m
2026-08-08 08:37:01 [INFO]: [0mGET /css/variables.css [36m304[0m 0.378 ms - -[0m
2026-08-08 08:37:01 [INFO]: [0mGET /css/utilities.css [36m304[0m 0.565 ms - -[0m
2026-08-08 08:37:01 [INFO]: [0mGET /css/animations.css [36m304[0m 0.349 ms - -[0m
2026-08-08 08:37:01 [INFO]: [0mGET /css/announcement.css [36m304[0m 0.843 ms - -[0m
2026-08-08 08:37:01 [INFO]: [0mGET /css/hero.css [36m304[0m 0.772 ms - -[0m
2026-08-08 08:37:01 [INFO]: [0mGET /css/featured.css [36m304[0m 0.952 ms - -[0m
2026-08-08 08:37:01 [INFO]: [0mGET /css/why-choose.css [36m304[0m 0.357 ms - -[0m
2026-08-08 08:37:01 [INFO]: [0mGET /css/footer.css [36m304[0m 0.450 ms - -[0m
2026-08-08 08:37:01 [INFO]: [0mGET /css/auth.css [36m304[0m 0.197 ms - -[0m
2026-08-08 08:37:01 [INFO]: [0mGET /css/verify.css [36m304[0m 0.148 ms - -[0m
2026-08-08 08:37:01 [INFO]: [0mGET /js/header.js [36m304[0m 0.477 ms - -[0m
2026-08-08 08:37:01 [INFO]: [0mGET /js/notification.js [36m304[0m 0.579 ms - -[0m
2026-08-08 08:37:09 [INFO]: [0mGET /css/style.css [36m304[0m 0.267 ms - -[0m
2026-08-08 08:37:09 [INFO]: [0mGET /css/variables.css [36m304[0m 0.308 ms - -[0m
2026-08-08 08:37:09 [INFO]: [0mGET /css/utilities.css [36m304[0m 0.533 ms - -[0m
2026-08-08 08:37:09 [INFO]: [0mGET /css/animations.css [36m304[0m 0.868 ms - -[0m
2026-08-08 08:37:09 [INFO]: [0mGET /css/announcement.css [36m304[0m 1.268 ms - -[0m
2026-08-08 08:37:09 [INFO]: [0mGET /css/header.css [36m304[0m 1.475 ms - -[0m
2026-08-08 08:37:09 [INFO]: [0mGET /css/hero.css [36m304[0m 1.637 ms - -[0m
2026-08-08 08:37:09 [INFO]: [0mGET /css/featured.css [36m304[0m 0.846 ms - -[0m
2026-08-08 08:37:09 [INFO]: [0mGET /css/why-choose.css [36m304[0m 0.955 ms - -[0m
2026-08-08 08:37:09 [INFO]: [0mGET /css/footer.css [36m304[0m 0.919 ms - -[0m
2026-08-08 08:37:09 [INFO]: [0mGET /css/auth.css [36m304[0m 1.220 ms - -[0m
2026-08-08 08:37:09 [INFO]: [0mGET /css/verify.css [36m304[0m 1.239 ms - -[0m
2026-08-08 08:37:09 [INFO]: [0mGET /css/admin/layout.css [36m304[0m 1.604 ms - -[0m
2026-08-08 08:37:09 [INFO]: [0mGET /css/admin/users.css [36m304[0m 0.855 ms - -[0m
2026-08-08 08:37:09 [INFO]: [0mGET /css/admin/categories.css [36m304[0m 1.630 ms - -[0m
2026-08-08 08:37:09 [INFO]: [0mGET /css/admin/brands.css [36m304[0m 0.912 ms - -[0m
2026-08-08 08:37:09 [INFO]: [0mGET /css/admin/products.css [36m304[0m 1.112 ms - -[0m
2026-08-08 08:37:09 [INFO]: [0mGET /.well-known/appspecific/com.chrome.devtools.json [33m404[0m 82.997 ms - 112[0m
2026-08-08 08:38:31 [INFO]: [0mGET /admin/users [36m304[0m 169.709 ms - -[0m
2026-08-08 08:38:31 [INFO]: [0mGET /css/style.css [36m304[0m 0.636 ms - -[0m
2026-08-08 08:38:31 [INFO]: [0mGET /css/admin/layout.css [36m304[0m 0.795 ms - -[0m
2026-08-08 08:38:31 [INFO]: [0mGET /css/admin/categories.css [36m304[0m 0.391 ms - -[0m
2026-08-08 08:38:31 [INFO]: [0mGET /css/admin/users.css [36m304[0m 0.682 ms - -[0m
2026-08-08 08:38:31 [INFO]: [0mGET /css/header.css [36m304[0m 0.535 ms - -[0m
2026-08-08 08:38:31 [INFO]: [0mGET /css/admin/brands.css [36m304[0m 0.718 ms - -[0m
2026-08-08 08:38:31 [INFO]: [0mGET /css/admin/products.css [36m304[0m 0.948 ms - -[0m
2026-08-08 08:38:31 [INFO]: [0mGET /images/logo/plantora.png [36m304[0m 0.208 ms - -[0m
2026-08-08 08:38:31 [INFO]: [0mGET /js/admin/layout.js [36m304[0m 0.835 ms - -[0m
2026-08-08 08:38:31 [INFO]: [0mGET /js/admin/users.js [36m304[0m 1.130 ms - -[0m
2026-08-08 08:38:31 [INFO]: [0mGET /js/admin/categories.js [36m304[0m 1.295 ms - -[0m
2026-08-08 08:38:31 [INFO]: [0mGET /js/admin/brands.js [36m304[0m 1.535 ms - -[0m
2026-08-08 08:38:31 [INFO]: [0mGET /js/admin/products.js [36m304[0m 2.149 ms - -[0m
2026-08-08 08:38:31 [INFO]: [0mGET /css/variables.css [36m304[0m 0.816 ms - -[0m
2026-08-08 08:38:31 [INFO]: [0mGET /css/utilities.css [36m304[0m 1.000 ms - -[0m
2026-08-08 08:38:31 [INFO]: [0mGET /css/animations.css [36m304[0m 1.174 ms - -[0m
2026-08-08 08:38:31 [INFO]: [0mGET /css/announcement.css [36m304[0m 1.349 ms - -[0m
2026-08-08 08:38:31 [INFO]: [0mGET /css/hero.css [36m304[0m 1.580 ms - -[0m
2026-08-08 08:38:31 [INFO]: [0mGET /css/featured.css [36m304[0m 1.815 ms - -[0m
2026-08-08 08:38:31 [INFO]: [0mGET /css/why-choose.css [36m304[0m 0.552 ms - -[0m
2026-08-08 08:38:31 [INFO]: [0mGET /css/footer.css [36m304[0m 0.753 ms - -[0m
2026-08-08 08:38:31 [INFO]: [0mGET /css/auth.css [36m304[0m 1.079 ms - -[0m
2026-08-08 08:38:31 [INFO]: [0mGET /css/verify.css [36m304[0m 1.323 ms - -[0m
2026-08-08 08:38:31 [INFO]: [0mGET /js/header.js [36m304[0m 0.752 ms - -[0m
2026-08-08 08:38:31 [INFO]: [0mGET /js/notification.js [36m304[0m 0.618 ms - -[0m
2026-08-08 08:38:32 [INFO]: [0mGET /admin/brands [32m200[0m 211.668 ms - -[0m
2026-08-08 08:38:32 [INFO]: [0mGET /css/style.css [36m304[0m 0.783 ms - -[0m
2026-08-08 08:38:32 [INFO]: [0mGET /css/admin/layout.css [36m304[0m 0.913 ms - -[0m
2026-08-08 08:38:32 [INFO]: [0mGET /css/admin/users.css [36m304[0m 1.174 ms - -[0m
2026-08-08 08:38:32 [INFO]: [0mGET /css/admin/categories.css [36m304[0m 0.528 ms - -[0m
2026-08-08 08:38:32 [INFO]: [0mGET /css/admin/brands.css [36m304[0m 0.602 ms - -[0m
2026-08-08 08:38:32 [INFO]: [0mGET /css/admin/products.css [36m304[0m 0.729 ms - -[0m
2026-08-08 08:38:32 [INFO]: [0mGET /css/header.css [36m304[0m 0.875 ms - -[0m
2026-08-08 08:38:32 [INFO]: [0mGET /images/logo/plantora.png [36m304[0m 0.245 ms - -[0m
2026-08-08 08:38:32 [INFO]: [0mGET /js/admin/layout.js [36m304[0m 0.617 ms - -[0m
2026-08-08 08:38:32 [INFO]: [0mGET /js/admin/users.js [36m304[0m 0.876 ms - -[0m
2026-08-08 08:38:32 [INFO]: [0mGET /js/admin/categories.js [36m304[0m 1.179 ms - -[0m
2026-08-08 08:38:32 [INFO]: [0mGET /js/admin/brands.js [36m304[0m 1.273 ms - -[0m
2026-08-08 08:38:32 [INFO]: [0mGET /css/variables.css [36m304[0m 0.242 ms - -[0m
2026-08-08 08:38:32 [INFO]: [0mGET /js/admin/products.js [36m304[0m 0.440 ms - -[0m
2026-08-08 08:38:32 [INFO]: [0mGET /css/utilities.css [36m304[0m 0.172 ms - -[0m
2026-08-08 08:38:32 [INFO]: [0mGET /css/animations.css [36m304[0m 0.189 ms - -[0m
2026-08-08 08:38:32 [INFO]: [0mGET /css/announcement.css [36m304[0m 0.405 ms - -[0m
2026-08-08 08:38:32 [INFO]: [0mGET /css/hero.css [36m304[0m 0.334 ms - -[0m
2026-08-08 08:38:32 [INFO]: [0mGET /css/featured.css [36m304[0m 0.605 ms - -[0m
2026-08-08 08:38:32 [INFO]: [0mGET /css/why-choose.css [36m304[0m 0.857 ms - -[0m
2026-08-08 08:38:32 [INFO]: [0mGET /css/footer.css [36m304[0m 0.169 ms - -[0m
2026-08-08 08:38:32 [INFO]: [0mGET /css/auth.css [36m304[0m 0.198 ms - -[0m
2026-08-08 08:38:32 [INFO]: [0mGET /css/verify.css [36m304[0m 0.374 ms - -[0m
2026-08-08 08:38:32 [INFO]: [0mGET /js/header.js [36m304[0m 0.305 ms - -[0m
2026-08-08 08:38:32 [INFO]: [0mGET /js/notification.js [36m304[0m 0.160 ms - -[0m
2026-08-08 08:42:27 [INFO]: MongoDB connected successfully.
2026-08-08 08:42:30 [INFO]: Email server connected successfully.
2026-08-08 08:42:30 [INFO]: Server is running on port 5132.
2026-08-08 08:42:41 [INFO]: MongoDB connected successfully.
2026-08-08 08:42:44 [INFO]: Email server connected successfully.
2026-08-08 08:42:44 [INFO]: Server is running on port 5132.
2026-08-08 08:42:45 [INFO]: MongoDB connected successfully.
2026-08-08 08:42:48 [INFO]: MongoDB connected successfully.
2026-08-08 08:42:51 [INFO]: MongoDB connected successfully.
2026-08-08 08:42:54 [INFO]: Email server connected successfully.
2026-08-08 08:42:54 [INFO]: Server is running on port 5132.
2026-08-08 08:42:57 [INFO]: MongoDB connected successfully.
2026-08-08 08:43:00 [INFO]: Email server connected successfully.
2026-08-08 08:43:00 [INFO]: Server is running on port 5132.
2026-08-08 08:43:16 [INFO]: MongoDB connected successfully.
2026-08-08 08:43:19 [INFO]: Email server connected successfully.
2026-08-08 08:43:19 [INFO]: Server is running on port 5132.
2026-08-08 08:43:27 [INFO]: MongoDB connected successfully.
2026-08-08 08:43:30 [INFO]: Email server connected successfully.
2026-08-08 08:43:30 [INFO]: Server is running on port 5132.
2026-08-08 08:43:34 [INFO]: MongoDB connected successfully.
2026-08-08 08:43:37 [INFO]: Email server connected successfully.
2026-08-08 08:43:37 [INFO]: Server is running on port 5132.
2026-08-08 08:43:40 [INFO]: MongoDB connected successfully.
2026-08-08 08:43:43 [INFO]: Email server connected successfully.
2026-08-08 08:43:43 [INFO]: Server is running on port 5132.
2026-08-08 08:43:59 [INFO]: MongoDB connected successfully.
2026-08-08 08:44:02 [INFO]: MongoDB connected successfully.
2026-08-08 08:44:05 [INFO]: Email server connected successfully.
2026-08-08 08:44:05 [INFO]: Server is running on port 5132.
2026-08-08 09:01:41 [INFO]: MongoDB connected successfully.
2026-08-08 09:01:44 [INFO]: Email server connected successfully.
2026-08-08 09:01:44 [INFO]: Server is running on port 5132.
2026-08-08 09:02:56 [INFO]: MongoDB connected successfully.
2026-08-08 09:02:59 [INFO]: Email server connected successfully.
2026-08-08 09:02:59 [INFO]: Server is running on port 5132.
2026-08-08 09:04:08 [INFO]: MongoDB connected successfully.
2026-08-08 09:04:11 [INFO]: Email server connected successfully.
2026-08-08 09:04:11 [INFO]: Server is running on port 5132.
2026-08-08 09:05:40 [INFO]: MongoDB connected successfully.
2026-08-08 09:05:43 [INFO]: Email server connected successfully.
2026-08-08 09:05:43 [INFO]: Server is running on port 5132.
2026-08-08 09:06:00 [INFO]: MongoDB connected successfully.
2026-08-08 09:06:02 [INFO]: MongoDB connected successfully.
2026-08-08 09:06:05 [INFO]: Email server connected successfully.
2026-08-08 09:06:05 [INFO]: Server is running on port 5132.
2026-08-08 09:06:10 [INFO]: [0mGET /admin/brands [32m200[0m 264.588 ms - -[0m
2026-08-08 09:06:10 [INFO]: [0mGET /css/style.css [36m304[0m 1.464 ms - -[0m
2026-08-08 09:06:10 [INFO]: [0mGET /css/admin/layout.css [36m304[0m 1.551 ms - -[0m
2026-08-08 09:06:10 [INFO]: [0mGET /css/admin/users.css [36m304[0m 0.858 ms - -[0m
2026-08-08 09:06:10 [INFO]: [0mGET /css/admin/categories.css [36m304[0m 1.061 ms - -[0m
2026-08-08 09:06:10 [INFO]: [0mGET /css/admin/brands.css [36m304[0m 1.121 ms - -[0m
2026-08-08 09:06:10 [INFO]: [0mGET /css/admin/products.css [36m304[0m 1.388 ms - -[0m
2026-08-08 09:06:10 [INFO]: [0mGET /css/header.css [36m304[0m 0.673 ms - -[0m
2026-08-08 09:06:10 [INFO]: [0mGET /images/logo/plantora.png [36m304[0m 0.355 ms - -[0m
2026-08-08 09:06:10 [INFO]: [0mGET /js/admin/layout.js [36m304[0m 0.855 ms - -[0m
2026-08-08 09:06:10 [INFO]: [0mGET /js/admin/users.js [36m304[0m 1.032 ms - -[0m
2026-08-08 09:06:10 [INFO]: [0mGET /js/admin/products.js [36m304[0m 2.005 ms - -[0m
2026-08-08 09:06:10 [INFO]: [0mGET /js/header.js [36m304[0m 0.230 ms - -[0m
2026-08-08 09:06:10 [INFO]: [0mGET /js/admin/brands.js [32m200[0m 3.357 ms - -[0m
2026-08-08 09:06:10 [INFO]: [0mGET /js/admin/categories.js [32m200[0m 3.179 ms - -[0m
2026-08-08 09:06:10 [INFO]: [0mGET /css/variables.css [36m304[0m 1.335 ms - -[0m
2026-08-08 09:06:10 [INFO]: [0mGET /css/utilities.css [36m304[0m 1.451 ms - -[0m
2026-08-08 09:06:10 [INFO]: [0mGET /js/notification.js [36m304[0m 1.912 ms - -[0m
2026-08-08 09:06:10 [INFO]: [0mGET /css/animations.css [36m304[0m 1.094 ms - -[0m
2026-08-08 09:06:10 [INFO]: [0mGET /css/announcement.css [36m304[0m 0.710 ms - -[0m
2026-08-08 09:06:10 [INFO]: [0mGET /css/hero.css [36m304[0m 0.916 ms - -[0m
2026-08-08 09:06:10 [INFO]: [0mGET /css/featured.css [36m304[0m 1.065 ms - -[0m
2026-08-08 09:06:10 [INFO]: [0mGET /css/why-choose.css [36m304[0m 1.217 ms - -[0m
2026-08-08 09:06:10 [INFO]: [0mGET /css/footer.css [36m304[0m 0.387 ms - -[0m
2026-08-08 09:06:10 [INFO]: [0mGET /css/auth.css [36m304[0m 0.528 ms - -[0m
2026-08-08 09:06:10 [INFO]: [0mGET /css/verify.css [36m304[0m 0.231 ms - -[0m
2026-08-08 09:06:17 [INFO]: [0mGET /admin/brands [36m304[0m 453.541 ms - -[0m
2026-08-08 09:06:17 [INFO]: [0mGET /css/style.css [36m304[0m 0.821 ms - -[0m
2026-08-08 09:06:17 [INFO]: [0mGET /css/admin/layout.css [36m304[0m 0.953 ms - -[0m
2026-08-08 09:06:17 [INFO]: [0mGET /css/admin/categories.css [36m304[0m 0.293 ms - -[0m
2026-08-08 09:06:17 [INFO]: [0mGET /css/admin/brands.css [36m304[0m 0.600 ms - -[0m
2026-08-08 09:06:17 [INFO]: [0mGET /css/admin/products.css [36m304[0m 1.036 ms - -[0m
2026-08-08 09:06:17 [INFO]: [0mGET /css/admin/users.css [36m304[0m 0.253 ms - -[0m
2026-08-08 09:06:17 [INFO]: [0mGET /css/header.css [36m304[0m 0.889 ms - -[0m
2026-08-08 09:06:17 [INFO]: [0mGET /images/logo/plantora.png [36m304[0m 0.427 ms - -[0m
2026-08-08 09:06:17 [INFO]: [0mGET /js/admin/layout.js [36m304[0m 0.158 ms - -[0m
2026-08-08 09:06:17 [INFO]: [0mGET /js/admin/users.js [36m304[0m 0.566 ms - -[0m
2026-08-08 09:06:17 [INFO]: [0mGET /js/admin/categories.js [36m304[0m 0.433 ms - -[0m
2026-08-08 09:06:17 [INFO]: [0mGET /css/variables.css [36m304[0m 0.550 ms - -[0m
2026-08-08 09:06:17 [INFO]: [0mGET /css/utilities.css [36m304[0m 0.946 ms - -[0m
2026-08-08 09:06:17 [INFO]: [0mGET /css/animations.css [36m304[0m 0.283 ms - -[0m
2026-08-08 09:06:17 [INFO]: [0mGET /css/announcement.css [36m304[0m 0.946 ms - -[0m
2026-08-08 09:06:17 [INFO]: [0mGET /css/hero.css [36m304[0m 0.778 ms - -[0m
2026-08-08 09:06:17 [INFO]: [0mGET /css/featured.css [36m304[0m 0.906 ms - -[0m
2026-08-08 09:06:17 [INFO]: [0mGET /css/why-choose.css [36m304[0m 1.473 ms - -[0m
2026-08-08 09:06:17 [INFO]: [0mGET /css/footer.css [36m304[0m 0.738 ms - -[0m
2026-08-08 09:06:17 [INFO]: [0mGET /css/auth.css [36m304[0m 0.808 ms - -[0m
2026-08-08 09:06:17 [INFO]: [0mGET /css/verify.css [36m304[0m 0.426 ms - -[0m
2026-08-08 09:06:17 [INFO]: [0mGET /js/admin/brands.js [36m304[0m 0.264 ms - -[0m
2026-08-08 09:06:17 [INFO]: [0mGET /js/admin/products.js [36m304[0m 0.559 ms - -[0m
2026-08-08 09:06:17 [INFO]: [0mGET /js/header.js [36m304[0m 0.525 ms - -[0m
2026-08-08 09:06:17 [INFO]: [0mGET /js/notification.js [36m304[0m 0.596 ms - -[0m
2026-08-08 09:06:22 [INFO]: [0mGET / [36m304[0m 90.436 ms - -[0m
2026-08-08 09:06:22 [INFO]: [0mGET /css/style.css [36m304[0m 0.520 ms - -[0m
2026-08-08 09:06:22 [INFO]: [0mGET /images/logo/plantora.png [36m304[0m 0.783 ms - -[0m
2026-08-08 09:06:22 [INFO]: [0mGET /images/hero/hero-placeholder.png [36m304[0m 0.619 ms - -[0m
2026-08-08 09:06:22 [INFO]: [0mGET /images/hero/monstera-plant.jpg [36m304[0m 0.855 ms - -[0m
2026-08-08 09:06:22 [INFO]: [0mGET /css/variables.css [36m304[0m 1.202 ms - -[0m
2026-08-08 09:06:22 [INFO]: [0mGET /css/utilities.css [36m304[0m 0.314 ms - -[0m
2026-08-08 09:06:22 [INFO]: [0mGET /css/animations.css [36m304[0m 0.293 ms - -[0m
2026-08-08 09:06:22 [INFO]: [0mGET /css/announcement.css [36m304[0m 0.278 ms - -[0m
2026-08-08 09:06:22 [INFO]: [0mGET /css/header.css [36m304[0m 0.404 ms - -[0m
2026-08-08 09:06:22 [INFO]: [0mGET /css/hero.css [36m304[0m 0.607 ms - -[0m
2026-08-08 09:06:22 [INFO]: [0mGET /css/featured.css [36m304[0m 0.341 ms - -[0m
2026-08-08 09:06:22 [INFO]: [0mGET /css/why-choose.css [36m304[0m 0.692 ms - -[0m
2026-08-08 09:06:22 [INFO]: [0mGET /css/footer.css [36m304[0m 0.788 ms - -[0m
2026-08-08 09:06:22 [INFO]: [0mGET /css/auth.css [36m304[0m 1.071 ms - -[0m
2026-08-08 09:06:22 [INFO]: [0mGET /css/verify.css [36m304[0m 0.250 ms - -[0m
2026-08-08 09:06:22 [INFO]: [0mGET /js/header.js [36m304[0m 0.797 ms - -[0m
2026-08-08 09:06:22 [INFO]: [0mGET /js/featured.js [36m304[0m 0.478 ms - -[0m
2026-08-08 09:06:22 [INFO]: [0mGET /js/why-choose.js [36m304[0m 0.653 ms - -[0m
2026-08-08 09:06:22 [INFO]: [0mGET /js/notification.js [36m304[0m 0.232 ms - -[0m
2026-08-08 09:06:22 [INFO]: [0mGET /js/footer.js [36m304[0m 0.293 ms - -[0m
2026-08-08 09:06:22 [INFO]: [0mGET /js/auth.js [36m304[0m 0.514 ms - -[0m
2026-08-08 09:06:22 [INFO]: [0mGET /images/hero/snake-plant.jpg [36m304[0m 0.194 ms - -[0m
2026-08-08 09:06:22 [INFO]: [0mGET /images/hero/peace-lily.jpg [36m304[0m 0.167 ms - -[0m
2026-08-08 09:06:22 [INFO]: [0mGET /images/hero/tulip-plant.jpg [36m304[0m 0.163 ms - -[0m
2026-08-08 09:06:22 [INFO]: [0mGET /images/hero/rubber-plant.jpg [36m304[0m 1.120 ms - -[0m
2026-08-08 09:06:22 [INFO]: [0mGET /images/hero/aloe-vera.jpg [36m304[0m 1.320 ms - -[0m
2026-08-08 09:06:22 [INFO]: [0mGET /images/hero/areca-palm.jpg [36m304[0m 1.491 ms - -[0m
2026-08-08 09:06:22 [INFO]: [0mGET /images/hero/jade-plant.jpg [36m304[0m 1.719 ms - -[0m
2026-08-08 09:06:22 [INFO]: [0mGET /images/hero/golden-pothos.jpg [36m304[0m 2.046 ms - -[0m
2026-08-08 09:06:22 [INFO]: [0mGET /images/hero/fiddle-leaf-fig.jpg [36m304[0m 2.351 ms - -[0m
2026-08-08 09:06:22 [INFO]: [0mGET /images/hero/why-choose.jpg [36m304[0m 0.384 ms - -[0m
2026-08-08 09:06:22 [INFO]: [0mGET /images/logo/plantora-orgn-white.png [36m304[0m 0.272 ms - -[0m
2026-08-08 09:06:25 [INFO]: [0mGET /admin/dashboard [36m304[0m 120.631 ms - -[0m
2026-08-08 09:06:25 [INFO]: [0mGET /css/style.css [36m304[0m 3.859 ms - -[0m
2026-08-08 09:06:25 [INFO]: [0mGET /css/admin/layout.css [36m304[0m 4.383 ms - -[0m
2026-08-08 09:06:25 [INFO]: [0mGET /css/admin/users.css [36m304[0m 4.127 ms - -[0m
2026-08-08 09:06:25 [INFO]: [0mGET /css/admin/categories.css [36m304[0m 3.532 ms - -[0m
2026-08-08 09:06:25 [INFO]: [0mGET /css/admin/brands.css [36m304[0m 1.267 ms - -[0m
2026-08-08 09:06:25 [INFO]: [0mGET /css/admin/products.css [36m304[0m 1.685 ms - -[0m
2026-08-08 09:06:25 [INFO]: [0mGET /css/header.css [36m304[0m 0.610 ms - -[0m
2026-08-08 09:06:25 [INFO]: [0mGET /images/logo/plantora.png [36m304[0m 0.773 ms - -[0m
2026-08-08 09:06:25 [INFO]: [0mGET /js/admin/layout.js [36m304[0m 0.382 ms - -[0m
2026-08-08 09:06:25 [INFO]: [0mGET /js/admin/users.js [36m304[0m 0.712 ms - -[0m
2026-08-08 09:06:25 [INFO]: [0mGET /js/admin/categories.js [36m304[0m 1.175 ms - -[0m
2026-08-08 09:06:25 [INFO]: [0mGET /js/admin/brands.js [36m304[0m 1.628 ms - -[0m
2026-08-08 09:06:25 [INFO]: [0mGET /js/admin/products.js [36m304[0m 2.053 ms - -[0m
2026-08-08 09:06:25 [INFO]: [0mGET /css/variables.css [36m304[0m 0.978 ms - -[0m
2026-08-08 09:06:25 [INFO]: [0mGET /css/utilities.css [36m304[0m 1.136 ms - -[0m
2026-08-08 09:06:25 [INFO]: [0mGET /css/animations.css [36m304[0m 1.219 ms - -[0m
2026-08-08 09:06:25 [INFO]: [0mGET /css/announcement.css [36m304[0m 1.419 ms - -[0m
2026-08-08 09:06:25 [INFO]: [0mGET /css/hero.css [36m304[0m 1.663 ms - -[0m
2026-08-08 09:06:25 [INFO]: [0mGET /css/featured.css [36m304[0m 2.039 ms - -[0m
2026-08-08 09:06:25 [INFO]: [0mGET /css/why-choose.css [36m304[0m 1.007 ms - -[0m
2026-08-08 09:06:25 [INFO]: [0mGET /css/footer.css [36m304[0m 1.587 ms - -[0m
2026-08-08 09:06:25 [INFO]: [0mGET /css/auth.css [36m304[0m 0.922 ms - -[0m
2026-08-08 09:06:25 [INFO]: [0mGET /css/verify.css [36m304[0m 1.022 ms - -[0m
2026-08-08 09:06:25 [INFO]: [0mGET /js/header.js [36m304[0m 0.264 ms - -[0m
2026-08-08 09:06:25 [INFO]: [0mGET /js/notification.js [36m304[0m 0.859 ms - -[0m
2026-08-08 09:06:27 [INFO]: [0mGET /admin/brands [36m304[0m 198.169 ms - -[0m
2026-08-08 09:06:27 [INFO]: [0mGET /css/style.css [36m304[0m 0.623 ms - -[0m
2026-08-08 09:06:27 [INFO]: [0mGET /css/admin/layout.css [36m304[0m 0.819 ms - -[0m
2026-08-08 09:06:27 [INFO]: [0mGET /css/admin/users.css [36m304[0m 1.056 ms - -[0m
2026-08-08 09:06:27 [INFO]: [0mGET /css/admin/categories.css [36m304[0m 1.280 ms - -[0m
2026-08-08 09:06:27 [INFO]: [0mGET /css/admin/brands.css [36m304[0m 1.660 ms - -[0m
2026-08-08 09:06:27 [INFO]: [0mGET /css/admin/products.css [36m304[0m 2.008 ms - -[0m
2026-08-08 09:06:27 [INFO]: [0mGET /css/header.css [36m304[0m 0.225 ms - -[0m
2026-08-08 09:06:27 [INFO]: [0mGET /images/logo/plantora.png [36m304[0m 0.650 ms - -[0m
2026-08-08 09:06:27 [INFO]: [0mGET /js/admin/layout.js [36m304[0m 0.678 ms - -[0m
2026-08-08 09:06:27 [INFO]: [0mGET /js/admin/users.js [36m304[0m 0.142 ms - -[0m
2026-08-08 09:06:27 [INFO]: [0mGET /css/variables.css [36m304[0m 0.798 ms - -[0m
2026-08-08 09:06:27 [INFO]: [0mGET /js/admin/categories.js [36m304[0m 0.955 ms - -[0m
2026-08-08 09:06:27 [INFO]: [0mGET /css/utilities.css [36m304[0m 1.184 ms - -[0m
2026-08-08 09:06:27 [INFO]: [0mGET /js/admin/brands.js [36m304[0m 1.389 ms - -[0m
2026-08-08 09:06:27 [INFO]: [0mGET /css/animations.css [36m304[0m 0.778 ms - -[0m
2026-08-08 09:06:27 [INFO]: [0mGET /js/admin/products.js [36m304[0m 1.061 ms - -[0m
2026-08-08 09:06:27 [INFO]: [0mGET /css/announcement.css [36m304[0m 1.111 ms - -[0m
2026-08-08 09:06:27 [INFO]: [0mGET /css/hero.css [36m304[0m 1.726 ms - -[0m
2026-08-08 09:06:27 [INFO]: [0mGET /css/featured.css [36m304[0m 0.758 ms - -[0m
2026-08-08 09:06:27 [INFO]: [0mGET /css/why-choose.css [36m304[0m 0.857 ms - -[0m
2026-08-08 09:06:27 [INFO]: [0mGET /css/footer.css [36m304[0m 0.602 ms - -[0m
2026-08-08 09:06:27 [INFO]: [0mGET /css/auth.css [36m304[0m 0.651 ms - -[0m
2026-08-08 09:06:27 [INFO]: [0mGET /css/verify.css [36m304[0m 0.772 ms - -[0m
2026-08-08 09:06:27 [INFO]: [0mGET /js/header.js [36m304[0m 0.325 ms - -[0m
2026-08-08 09:06:27 [INFO]: [0mGET /js/notification.js [36m304[0m 0.475 ms - -[0m
2026-08-08 09:06:30 [INFO]: [0mGET /admin/categories [32m200[0m 200.359 ms - -[0m
2026-08-08 09:06:30 [INFO]: [0mGET /css/style.css [36m304[0m 0.341 ms - -[0m
2026-08-08 09:06:30 [INFO]: [0mGET /css/admin/layout.css [36m304[0m 0.992 ms - -[0m
2026-08-08 09:06:30 [INFO]: [0mGET /css/admin/users.css [36m304[0m 0.882 ms - -[0m
2026-08-08 09:06:30 [INFO]: [0mGET /css/admin/categories.css [36m304[0m 0.707 ms - -[0m
2026-08-08 09:06:30 [INFO]: [0mGET /css/admin/brands.css [36m304[0m 0.941 ms - -[0m
2026-08-08 09:06:30 [INFO]: [0mGET /css/admin/products.css [36m304[0m 1.226 ms - -[0m
2026-08-08 09:06:30 [INFO]: [0mGET /css/header.css [36m304[0m 0.144 ms - -[0m
2026-08-08 09:06:30 [INFO]: [0mGET /images/logo/plantora.png [36m304[0m 0.353 ms - -[0m
2026-08-08 09:06:30 [INFO]: [0mGET /js/admin/layout.js [36m304[0m 0.311 ms - -[0m
2026-08-08 09:06:30 [INFO]: [0mGET /js/admin/users.js [36m304[0m 1.064 ms - -[0m
2026-08-08 09:06:30 [INFO]: [0mGET /js/admin/categories.js [36m304[0m 1.271 ms - -[0m
2026-08-08 09:06:30 [INFO]: [0mGET /js/admin/brands.js [36m304[0m 1.321 ms - -[0m
2026-08-08 09:06:30 [INFO]: [0mGET /css/variables.css [36m304[0m 1.595 ms - -[0m
2026-08-08 09:06:30 [INFO]: [0mGET /css/utilities.css [36m304[0m 2.184 ms - -[0m
2026-08-08 09:06:30 [INFO]: [0mGET /css/animations.css [36m304[0m 0.777 ms - -[0m
2026-08-08 09:06:30 [INFO]: [0mGET /css/announcement.css [36m304[0m 0.368 ms - -[0m
2026-08-08 09:06:30 [INFO]: [0mGET /css/hero.css [36m304[0m 0.444 ms - -[0m
2026-08-08 09:06:30 [INFO]: [0mGET /css/featured.css [36m304[0m 0.614 ms - -[0m
2026-08-08 09:06:30 [INFO]: [0mGET /css/why-choose.css [36m304[0m 1.030 ms - -[0m
2026-08-08 09:06:30 [INFO]: [0mGET /css/footer.css [36m304[0m 0.758 ms - -[0m
2026-08-08 09:06:30 [INFO]: [0mGET /css/auth.css [36m304[0m 0.998 ms - -[0m
2026-08-08 09:06:30 [INFO]: [0mGET /css/verify.css [36m304[0m 0.178 ms - -[0m
2026-08-08 09:06:30 [INFO]: [0mGET /js/admin/products.js [36m304[0m 0.257 ms - -[0m
2026-08-08 09:06:30 [INFO]: [0mGET /js/header.js [36m304[0m 0.392 ms - -[0m
2026-08-08 09:06:30 [INFO]: [0mGET /js/notification.js [36m304[0m 0.551 ms - -[0m
2026-08-08 09:06:34 [INFO]: [0mGET /admin/categories/6a768db535b07b48989f7dea/edit [32m200[0m 165.197 ms - -[0m
2026-08-08 09:06:34 [INFO]: [0mGET /css/style.css [36m304[0m 0.458 ms - -[0m
2026-08-08 09:06:34 [INFO]: [0mGET /css/admin/layout.css [36m304[0m 1.219 ms - -[0m
2026-08-08 09:06:34 [INFO]: [0mGET /css/admin/users.css [36m304[0m 0.756 ms - -[0m
2026-08-08 09:06:34 [INFO]: [0mGET /css/admin/categories.css [36m304[0m 0.883 ms - -[0m
2026-08-08 09:06:34 [INFO]: [0mGET /css/admin/brands.css [36m304[0m 2.416 ms - -[0m
2026-08-08 09:06:34 [INFO]: [0mGET /css/admin/products.css [36m304[0m 1.547 ms - -[0m
2026-08-08 09:06:34 [INFO]: [0mGET /css/header.css [36m304[0m 1.676 ms - -[0m
2026-08-08 09:06:34 [INFO]: [0mGET /images/logo/plantora.png [36m304[0m 0.408 ms - -[0m
2026-08-08 09:06:34 [INFO]: [0mGET /js/admin/layout.js [36m304[0m 0.407 ms - -[0m
2026-08-08 09:06:34 [INFO]: [0mGET /js/admin/users.js [36m304[0m 0.341 ms - -[0m
2026-08-08 09:06:34 [INFO]: [0mGET /js/admin/categories.js [36m304[0m 0.567 ms - -[0m
2026-08-08 09:06:34 [INFO]: [0mGET /js/admin/brands.js [36m304[0m 0.716 ms - -[0m
2026-08-08 09:06:34 [INFO]: [0mGET /css/variables.css [36m304[0m 1.122 ms - -[0m
2026-08-08 09:06:34 [INFO]: [0mGET /css/utilities.css [36m304[0m 0.466 ms - -[0m
2026-08-08 09:06:34 [INFO]: [0mGET /css/animations.css [36m304[0m 0.302 ms - -[0m
2026-08-08 09:06:34 [INFO]: [0mGET /css/announcement.css [36m304[0m 0.561 ms - -[0m
2026-08-08 09:06:34 [INFO]: [0mGET /css/hero.css [36m304[0m 1.039 ms - -[0m
2026-08-08 09:06:34 [INFO]: [0mGET /css/featured.css [36m304[0m 1.622 ms - -[0m
2026-08-08 09:06:34 [INFO]: [0mGET /css/why-choose.css [36m304[0m 1.539 ms - -[0m
2026-08-08 09:06:34 [INFO]: [0mGET /css/footer.css [36m304[0m 1.020 ms - -[0m
2026-08-08 09:06:34 [INFO]: [0mGET /css/auth.css [36m304[0m 0.231 ms - -[0m
2026-08-08 09:06:34 [INFO]: [0mGET /css/verify.css [36m304[0m 0.446 ms - -[0m
2026-08-08 09:06:34 [INFO]: [0mGET /js/admin/products.js [36m304[0m 0.181 ms - -[0m
2026-08-08 09:06:34 [INFO]: [0mGET /js/header.js [36m304[0m 0.296 ms - -[0m
2026-08-08 09:06:34 [INFO]: [0mGET /js/notification.js [36m304[0m 0.413 ms - -[0m
2026-08-08 09:06:35 [INFO]: [0mGET /admin/categories [36m304[0m 198.840 ms - -[0m
2026-08-08 09:06:35 [INFO]: [0mGET /css/style.css [36m304[0m 0.554 ms - -[0m
2026-08-08 09:06:35 [INFO]: [0mGET /css/admin/layout.css [36m304[0m 1.049 ms - -[0m
2026-08-08 09:06:35 [INFO]: [0mGET /css/admin/users.css [36m304[0m 1.323 ms - -[0m
2026-08-08 09:06:35 [INFO]: [0mGET /css/admin/categories.css [36m304[0m 1.509 ms - -[0m
2026-08-08 09:06:35 [INFO]: [0mGET /css/admin/brands.css [36m304[0m 1.824 ms - -[0m
2026-08-08 09:06:35 [INFO]: [0mGET /css/admin/products.css [36m304[0m 2.030 ms - -[0m
2026-08-08 09:06:35 [INFO]: [0mGET /css/header.css [36m304[0m 0.160 ms - -[0m
2026-08-08 09:06:35 [INFO]: [0mGET /images/logo/plantora.png [36m304[0m 0.156 ms - -[0m
2026-08-08 09:06:35 [INFO]: [0mGET /js/admin/layout.js [36m304[0m 0.211 ms - -[0m
2026-08-08 09:06:35 [INFO]: [0mGET /js/admin/users.js [36m304[0m 0.533 ms - -[0m
2026-08-08 09:06:35 [INFO]: [0mGET /js/admin/categories.js [36m304[0m 0.693 ms - -[0m
2026-08-08 09:06:35 [INFO]: [0mGET /css/variables.css [36m304[0m 0.339 ms - -[0m
2026-08-08 09:06:35 [INFO]: [0mGET /css/utilities.css [36m304[0m 0.577 ms - -[0m
2026-08-08 09:06:35 [INFO]: [0mGET /js/admin/brands.js [36m304[0m 1.095 ms - -[0m
2026-08-08 09:06:35 [INFO]: [0mGET /css/animations.css [36m304[0m 0.483 ms - -[0m
2026-08-08 09:06:35 [INFO]: [0mGET /css/announcement.css [36m304[0m 1.010 ms - -[0m
2026-08-08 09:06:35 [INFO]: [0mGET /css/hero.css [36m304[0m 0.701 ms - -[0m
2026-08-08 09:06:35 [INFO]: [0mGET /css/featured.css [36m304[0m 0.919 ms - -[0m
2026-08-08 09:06:35 [INFO]: [0mGET /css/why-choose.css [36m304[0m 0.409 ms - -[0m
2026-08-08 09:06:35 [INFO]: [0mGET /css/footer.css [36m304[0m 0.517 ms - -[0m
2026-08-08 09:06:35 [INFO]: [0mGET /css/auth.css [36m304[0m 0.157 ms - -[0m
2026-08-08 09:06:35 [INFO]: [0mGET /css/verify.css [36m304[0m 0.252 ms - -[0m
2026-08-08 09:06:35 [INFO]: [0mGET /js/admin/products.js [36m304[0m 0.592 ms - -[0m
2026-08-08 09:06:35 [INFO]: [0mGET /js/header.js [36m304[0m 0.859 ms - -[0m
2026-08-08 09:06:35 [INFO]: [0mGET /js/notification.js [36m304[0m 1.011 ms - -[0m
2026-08-08 09:06:40 [INFO]: [0mGET /admin/brands [36m304[0m 201.712 ms - -[0m
2026-08-08 09:06:40 [INFO]: [0mGET /css/style.css [36m304[0m 2.318 ms - -[0m
2026-08-08 09:06:40 [INFO]: [0mGET /css/admin/layout.css [36m304[0m 0.843 ms - -[0m
2026-08-08 09:06:40 [INFO]: [0mGET /css/admin/users.css [36m304[0m 1.165 ms - -[0m
2026-08-08 09:06:40 [INFO]: [0mGET /css/admin/categories.css [36m304[0m 0.848 ms - -[0m
2026-08-08 09:06:40 [INFO]: [0mGET /css/admin/brands.css [36m304[0m 1.005 ms - -[0m
2026-08-08 09:06:40 [INFO]: [0mGET /css/admin/products.css [36m304[0m 1.515 ms - -[0m
2026-08-08 09:06:40 [INFO]: [0mGET /css/header.css [36m304[0m 0.747 ms - -[0m
2026-08-08 09:06:40 [INFO]: [0mGET /images/logo/plantora.png [36m304[0m 1.042 ms - -[0m
2026-08-08 09:06:40 [INFO]: [0mGET /js/admin/layout.js [36m304[0m 0.605 ms - -[0m
2026-08-08 09:06:40 [INFO]: [0mGET /js/admin/users.js [36m304[0m 0.894 ms - -[0m
2026-08-08 09:06:40 [INFO]: [0mGET /js/admin/categories.js [36m304[0m 1.283 ms - -[0m
2026-08-08 09:06:40 [INFO]: [0mGET /js/admin/brands.js [36m304[0m 1.720 ms - -[0m
2026-08-08 09:06:40 [INFO]: [0mGET /css/variables.css [36m304[0m 0.420 ms - -[0m
2026-08-08 09:06:40 [INFO]: [0mGET /css/utilities.css [36m304[0m 0.685 ms - -[0m
2026-08-08 09:06:40 [INFO]: [0mGET /css/animations.css [36m304[0m 0.994 ms - -[0m
2026-08-08 09:06:40 [INFO]: [0mGET /css/announcement.css [36m304[0m 1.855 ms - -[0m
2026-08-08 09:06:40 [INFO]: [0mGET /css/hero.css [36m304[0m 1.234 ms - -[0m
2026-08-08 09:06:40 [INFO]: [0mGET /css/featured.css [36m304[0m 0.970 ms - -[0m
2026-08-08 09:06:40 [INFO]: [0mGET /css/why-choose.css [36m304[0m 1.301 ms - -[0m
2026-08-08 09:06:40 [INFO]: [0mGET /css/footer.css [36m304[0m 2.338 ms - -[0m
2026-08-08 09:06:40 [INFO]: [0mGET /css/auth.css [36m304[0m 1.080 ms - -[0m
2026-08-08 09:06:40 [INFO]: [0mGET /css/verify.css [36m304[0m 1.235 ms - -[0m
2026-08-08 09:06:40 [INFO]: [0mGET /js/admin/products.js [36m304[0m 0.315 ms - -[0m
2026-08-08 09:06:40 [INFO]: [0mGET /js/header.js [36m304[0m 0.862 ms - -[0m
2026-08-08 09:06:40 [INFO]: [0mGET /js/notification.js [36m304[0m 0.780 ms - -[0m
2026-08-08 09:13:41 [INFO]: [0mGET /admin/brands [36m304[0m 198.733 ms - -[0m
2026-08-08 09:13:41 [INFO]: [0mGET /css/style.css [36m304[0m 0.540 ms - -[0m
2026-08-08 09:13:41 [INFO]: [0mGET /css/admin/layout.css [36m304[0m 0.636 ms - -[0m
2026-08-08 09:13:41 [INFO]: [0mGET /css/admin/users.css [36m304[0m 0.483 ms - -[0m
2026-08-08 09:13:41 [INFO]: [0mGET /css/header.css [36m304[0m 0.527 ms - -[0m
2026-08-08 09:13:41 [INFO]: [0mGET /css/admin/categories.css [36m304[0m 0.606 ms - -[0m
2026-08-08 09:13:41 [INFO]: [0mGET /css/admin/products.css [36m304[0m 0.840 ms - -[0m
2026-08-08 09:13:41 [INFO]: [0mGET /css/admin/brands.css [32m200[0m 1.860 ms - -[0m
2026-08-08 09:13:41 [INFO]: [0mGET /images/logo/plantora.png [36m304[0m 0.168 ms - -[0m
2026-08-08 09:13:41 [INFO]: [0mGET /js/admin/layout.js [36m304[0m 0.332 ms - -[0m
2026-08-08 09:13:41 [INFO]: [0mGET /js/admin/users.js [36m304[0m 0.276 ms - -[0m
2026-08-08 09:13:41 [INFO]: [0mGET /js/admin/categories.js [36m304[0m 0.753 ms - -[0m
2026-08-08 09:13:41 [INFO]: [0mGET /js/admin/brands.js [36m304[0m 0.348 ms - -[0m
2026-08-08 09:13:41 [INFO]: [0mGET /js/admin/products.js [36m304[0m 0.542 ms - -[0m
2026-08-08 09:13:41 [INFO]: [0mGET /js/header.js [36m304[0m 0.314 ms - -[0m
2026-08-08 09:13:41 [INFO]: [0mGET /js/notification.js [36m304[0m 0.170 ms - -[0m
2026-08-08 09:13:41 [INFO]: [0mGET /css/variables.css [36m304[0m 0.906 ms - -[0m
2026-08-08 09:13:41 [INFO]: [0mGET /css/utilities.css [36m304[0m 1.000 ms - -[0m
2026-08-08 09:13:41 [INFO]: [0mGET /css/animations.css [36m304[0m 1.229 ms - -[0m
2026-08-08 09:13:41 [INFO]: [0mGET /css/announcement.css [36m304[0m 1.303 ms - -[0m
2026-08-08 09:13:41 [INFO]: [0mGET /css/hero.css [36m304[0m 1.790 ms - -[0m
2026-08-08 09:13:41 [INFO]: [0mGET /css/featured.css [36m304[0m 1.424 ms - -[0m
2026-08-08 09:13:41 [INFO]: [0mGET /css/why-choose.css [36m304[0m 1.018 ms - -[0m
2026-08-08 09:13:41 [INFO]: [0mGET /css/footer.css [36m304[0m 1.063 ms - -[0m
2026-08-08 09:13:41 [INFO]: [0mGET /css/auth.css [36m304[0m 0.865 ms - -[0m
2026-08-08 09:13:41 [INFO]: [0mGET /css/verify.css [36m304[0m 1.013 ms - -[0m
2026-08-08 09:13:45 [INFO]: [0mGET /admin/brands/6a7683f26e3cc486c25ef778/edit [32m200[0m 161.211 ms - -[0m
2026-08-08 09:13:45 [INFO]: [0mGET /css/style.css [36m304[0m 0.645 ms - -[0m
2026-08-08 09:13:45 [INFO]: [0mGET /css/admin/layout.css [36m304[0m 0.783 ms - -[0m
2026-08-08 09:13:45 [INFO]: [0mGET /css/admin/users.css [36m304[0m 0.957 ms - -[0m
2026-08-08 09:13:45 [INFO]: [0mGET /css/admin/categories.css [36m304[0m 1.078 ms - -[0m
2026-08-08 09:13:45 [INFO]: [0mGET /css/admin/brands.css [36m304[0m 1.162 ms - -[0m
2026-08-08 09:13:45 [INFO]: [0mGET /css/admin/products.css [36m304[0m 1.276 ms - -[0m
2026-08-08 09:13:45 [INFO]: [0mGET /css/header.css [36m304[0m 0.295 ms - -[0m
2026-08-08 09:13:45 [INFO]: [0mGET /images/logo/plantora.png [36m304[0m 0.246 ms - -[0m
2026-08-08 09:13:45 [INFO]: [0mGET /js/admin/layout.js [36m304[0m 0.251 ms - -[0m
2026-08-08 09:13:45 [INFO]: [0mGET /js/admin/users.js [36m304[0m 0.446 ms - -[0m
2026-08-08 09:13:45 [INFO]: [0mGET /js/admin/categories.js [36m304[0m 0.656 ms - -[0m
2026-08-08 09:13:45 [INFO]: [0mGET /js/admin/brands.js [36m304[0m 0.399 ms - -[0m
2026-08-08 09:13:45 [INFO]: [0mGET /css/variables.css [36m304[0m 0.196 ms - -[0m
2026-08-08 09:13:45 [INFO]: [0mGET /css/utilities.css [36m304[0m 0.730 ms - -[0m
2026-08-08 09:13:45 [INFO]: [0mGET /css/animations.css [36m304[0m 1.053 ms - -[0m
2026-08-08 09:13:45 [INFO]: [0mGET /css/announcement.css [36m304[0m 0.852 ms - -[0m
2026-08-08 09:13:45 [INFO]: [0mGET /css/hero.css [36m304[0m 0.939 ms - -[0m
2026-08-08 09:13:45 [INFO]: [0mGET /css/featured.css [36m304[0m 0.686 ms - -[0m
2026-08-08 09:13:45 [INFO]: [0mGET /css/why-choose.css [36m304[0m 0.581 ms - -[0m
2026-08-08 09:13:45 [INFO]: [0mGET /css/footer.css [36m304[0m 0.621 ms - -[0m
2026-08-08 09:13:45 [INFO]: [0mGET /css/auth.css [36m304[0m 0.189 ms - -[0m
2026-08-08 09:13:45 [INFO]: [0mGET /css/verify.css [36m304[0m 0.524 ms - -[0m
2026-08-08 09:13:45 [INFO]: [0mGET /js/admin/products.js [36m304[0m 0.419 ms - -[0m
2026-08-08 09:13:45 [INFO]: [0mGET /js/header.js [36m304[0m 0.105 ms - -[0m
2026-08-08 09:13:45 [INFO]: [0mGET /js/notification.js [36m304[0m 0.113 ms - -[0m
2026-08-08 09:13:47 [INFO]: [0mGET /admin/brands [36m304[0m 201.480 ms - -[0m
2026-08-08 09:13:47 [INFO]: [0mGET /css/style.css [36m304[0m 1.092 ms - -[0m
2026-08-08 09:13:47 [INFO]: [0mGET /css/admin/layout.css [36m304[0m 1.480 ms - -[0m
2026-08-08 09:13:47 [INFO]: [0mGET /css/admin/users.css [36m304[0m 1.993 ms - -[0m
2026-08-08 09:13:47 [INFO]: [0mGET /css/admin/categories.css [36m304[0m 2.248 ms - -[0m
2026-08-08 09:13:47 [INFO]: [0mGET /css/admin/brands.css [36m304[0m 2.498 ms - -[0m
2026-08-08 09:13:47 [INFO]: [0mGET /css/admin/products.css [36m304[0m 2.810 ms - -[0m
2026-08-08 09:13:47 [INFO]: [0mGET /css/header.css [36m304[0m 0.225 ms - -[0m
2026-08-08 09:13:47 [INFO]: [0mGET /images/logo/plantora.png [36m304[0m 0.355 ms - -[0m
2026-08-08 09:13:47 [INFO]: [0mGET /js/admin/layout.js [36m304[0m 0.315 ms - -[0m
2026-08-08 09:13:47 [INFO]: [0mGET /js/admin/users.js [36m304[0m 0.527 ms - -[0m
2026-08-08 09:13:47 [INFO]: [0mGET /js/admin/categories.js [36m304[0m 0.643 ms - -[0m
2026-08-08 09:13:47 [INFO]: [0mGET /js/admin/brands.js [36m304[0m 0.895 ms - -[0m
2026-08-08 09:13:47 [INFO]: [0mGET /css/utilities.css [36m304[0m 0.108 ms - -[0m
2026-08-08 09:13:47 [INFO]: [0mGET /css/variables.css [36m304[0m 0.569 ms - -[0m
2026-08-08 09:13:47 [INFO]: [0mGET /css/animations.css [36m304[0m 0.804 ms - -[0m
2026-08-08 09:13:47 [INFO]: [0mGET /css/announcement.css [36m304[0m 0.260 ms - -[0m
2026-08-08 09:13:47 [INFO]: [0mGET /css/hero.css [36m304[0m 0.515 ms - -[0m
2026-08-08 09:13:47 [INFO]: [0mGET /css/featured.css [36m304[0m 0.658 ms - -[0m
2026-08-08 09:13:47 [INFO]: [0mGET /css/why-choose.css [36m304[0m 0.781 ms - -[0m
2026-08-08 09:13:47 [INFO]: [0mGET /css/footer.css [36m304[0m 0.665 ms - -[0m
2026-08-08 09:13:47 [INFO]: [0mGET /css/auth.css [36m304[0m 0.762 ms - -[0m
2026-08-08 09:13:47 [INFO]: [0mGET /css/verify.css [36m304[0m 0.923 ms - -[0m
2026-08-08 09:13:47 [INFO]: [0mGET /js/admin/products.js [36m304[0m 0.621 ms - -[0m
2026-08-08 09:13:47 [INFO]: [0mGET /js/header.js [36m304[0m 0.788 ms - -[0m
2026-08-08 09:13:47 [INFO]: [0mGET /js/notification.js [36m304[0m 0.770 ms - -[0m
2026-08-08 09:14:02 [INFO]: [0mGET /admin/brands/6a7683df6e3cc486c25ef776/edit [32m200[0m 159.755 ms - -[0m
2026-08-08 09:14:02 [INFO]: [0mGET /css/style.css [36m304[0m 0.716 ms - -[0m
2026-08-08 09:14:02 [INFO]: [0mGET /css/admin/layout.css [36m304[0m 0.743 ms - -[0m
2026-08-08 09:14:02 [INFO]: [0mGET /css/admin/users.css [36m304[0m 0.324 ms - -[0m
2026-08-08 09:14:02 [INFO]: [0mGET /css/header.css [36m304[0m 0.649 ms - -[0m
2026-08-08 09:14:02 [INFO]: [0mGET /css/admin/categories.css [36m304[0m 0.772 ms - -[0m
2026-08-08 09:14:02 [INFO]: [0mGET /css/admin/brands.css [36m304[0m 0.962 ms - -[0m
2026-08-08 09:14:02 [INFO]: [0mGET /css/admin/products.css [36m304[0m 0.999 ms - -[0m
2026-08-08 09:14:02 [INFO]: [0mGET /images/logo/plantora.png [36m304[0m 0.357 ms - -[0m
2026-08-08 09:14:02 [INFO]: [0mGET /js/admin/layout.js [36m304[0m 0.356 ms - -[0m
2026-08-08 09:14:02 [INFO]: [0mGET /js/admin/users.js [36m304[0m 0.119 ms - -[0m
2026-08-08 09:14:02 [INFO]: [0mGET /js/admin/categories.js [36m304[0m 0.218 ms - -[0m
2026-08-08 09:14:02 [INFO]: [0mGET /js/admin/brands.js [36m304[0m 0.724 ms - -[0m
2026-08-08 09:14:02 [INFO]: [0mGET /js/admin/products.js [36m304[0m 0.418 ms - -[0m
2026-08-08 09:14:02 [INFO]: [0mGET /js/header.js [36m304[0m 0.641 ms - -[0m
2026-08-08 09:14:02 [INFO]: [0mGET /css/variables.css [36m304[0m 0.736 ms - -[0m
2026-08-08 09:14:02 [INFO]: [0mGET /js/notification.js [36m304[0m 0.190 ms - -[0m
2026-08-08 09:14:02 [INFO]: [0mGET /css/utilities.css [36m304[0m 0.605 ms - -[0m
2026-08-08 09:14:02 [INFO]: [0mGET /css/animations.css [36m304[0m 0.538 ms - -[0m
2026-08-08 09:14:02 [INFO]: [0mGET /css/announcement.css [36m304[0m 0.622 ms - -[0m
2026-08-08 09:14:02 [INFO]: [0mGET /css/hero.css [36m304[0m 0.758 ms - -[0m
2026-08-08 09:14:02 [INFO]: [0mGET /css/featured.css [36m304[0m 0.204 ms - -[0m
2026-08-08 09:14:02 [INFO]: [0mGET /css/why-choose.css [36m304[0m 0.559 ms - -[0m
2026-08-08 09:14:02 [INFO]: [0mGET /css/footer.css [36m304[0m 0.693 ms - -[0m
2026-08-08 09:14:02 [INFO]: [0mGET /css/auth.css [36m304[0m 0.670 ms - -[0m
2026-08-08 09:14:02 [INFO]: [0mGET /css/verify.css [36m304[0m 0.931 ms - -[0m
2026-08-08 09:15:02 [INFO]: [0mGET /admin/brands [36m304[0m 200.917 ms - -[0m
2026-08-08 09:15:02 [INFO]: [0mGET /css/style.css [36m304[0m 1.277 ms - -[0m
2026-08-08 09:15:02 [INFO]: [0mGET /css/admin/layout.css [36m304[0m 1.590 ms - -[0m
2026-08-08 09:15:02 [INFO]: [0mGET /css/admin/categories.css [36m304[0m 0.413 ms - -[0m
2026-08-08 09:15:02 [INFO]: [0mGET /css/admin/users.css [36m304[0m 0.814 ms - -[0m
2026-08-08 09:15:02 [INFO]: [0mGET /css/admin/products.css [36m304[0m 0.639 ms - -[0m
2026-08-08 09:15:02 [INFO]: [0mGET /css/header.css [36m304[0m 0.854 ms - -[0m
2026-08-08 09:15:02 [INFO]: [0mGET /css/admin/brands.css [32m200[0m 1.718 ms - -[0m
2026-08-08 09:15:02 [INFO]: [0mGET /images/logo/plantora.png [36m304[0m 0.327 ms - -[0m
2026-08-08 09:15:02 [INFO]: [0mGET /js/admin/layout.js [36m304[0m 0.402 ms - -[0m
2026-08-08 09:15:02 [INFO]: [0mGET /js/admin/users.js [36m304[0m 0.596 ms - -[0m
2026-08-08 09:15:02 [INFO]: [0mGET /js/admin/categories.js [36m304[0m 0.718 ms - -[0m
2026-08-08 09:15:02 [INFO]: [0mGET /js/admin/brands.js [36m304[0m 0.130 ms - -[0m
2026-08-08 09:15:02 [INFO]: [0mGET /js/admin/products.js [36m304[0m 0.098 ms - -[0m
2026-08-08 09:15:02 [INFO]: [0mGET /js/header.js [36m304[0m 0.209 ms - -[0m
2026-08-08 09:15:02 [INFO]: [0mGET /css/variables.css [36m304[0m 0.353 ms - -[0m
2026-08-08 09:15:02 [INFO]: [0mGET /css/utilities.css [36m304[0m 0.862 ms - -[0m
2026-08-08 09:15:02 [INFO]: [0mGET /css/animations.css [36m304[0m 0.687 ms - -[0m
2026-08-08 09:15:02 [INFO]: [0mGET /css/announcement.css [36m304[0m 0.423 ms - -[0m
2026-08-08 09:15:02 [INFO]: [0mGET /css/hero.css [36m304[0m 0.518 ms - -[0m
2026-08-08 09:15:02 [INFO]: [0mGET /css/featured.css [36m304[0m 0.644 ms - -[0m
2026-08-08 09:15:02 [INFO]: [0mGET /css/why-choose.css [36m304[0m 0.184 ms - -[0m
2026-08-08 09:15:02 [INFO]: [0mGET /css/footer.css [36m304[0m 0.553 ms - -[0m
2026-08-08 09:15:02 [INFO]: [0mGET /css/auth.css [36m304[0m 0.491 ms - -[0m
2026-08-08 09:15:02 [INFO]: [0mGET /css/verify.css [36m304[0m 0.552 ms - -[0m
2026-08-08 09:15:02 [INFO]: [0mGET /js/notification.js [36m304[0m 0.125 ms - -[0m
2026-08-08 09:15:25 [INFO]: [0mGET /admin/categories [36m304[0m 198.265 ms - -[0m
2026-08-08 09:15:25 [INFO]: [0mGET /css/style.css [36m304[0m 0.370 ms - -[0m
2026-08-08 09:15:25 [INFO]: [0mGET /css/admin/layout.css [36m304[0m 0.261 ms - -[0m
2026-08-08 09:15:25 [INFO]: [0mGET /css/admin/users.css [36m304[0m 0.291 ms - -[0m
2026-08-08 09:15:25 [INFO]: [0mGET /css/admin/categories.css [36m304[0m 0.569 ms - -[0m
2026-08-08 09:15:25 [INFO]: [0mGET /css/admin/products.css [36m304[0m 0.203 ms - -[0m
2026-08-08 09:15:25 [INFO]: [0mGET /css/header.css [36m304[0m 0.344 ms - -[0m
2026-08-08 09:15:25 [INFO]: [0mGET /css/admin/brands.css [32m200[0m 0.821 ms - -[0m
2026-08-08 09:15:25 [INFO]: [0mGET /images/logo/plantora.png [36m304[0m 0.796 ms - -[0m
2026-08-08 09:15:25 [INFO]: [0mGET /js/admin/layout.js [36m304[0m 0.848 ms - -[0m
2026-08-08 09:15:25 [INFO]: [0mGET /js/admin/users.js [36m304[0m 0.909 ms - -[0m
2026-08-08 09:15:25 [INFO]: [0mGET /js/admin/categories.js [36m304[0m 0.927 ms - -[0m
2026-08-08 09:15:25 [INFO]: [0mGET /js/admin/brands.js [36m304[0m 0.924 ms - -[0m
2026-08-08 09:15:25 [INFO]: [0mGET /js/admin/products.js [36m304[0m 0.201 ms - -[0m
2026-08-08 09:15:25 [INFO]: [0mGET /js/header.js [36m304[0m 0.566 ms - -[0m
2026-08-08 09:15:25 [INFO]: [0mGET /css/utilities.css [36m304[0m 0.459 ms - -[0m
2026-08-08 09:15:25 [INFO]: [0mGET /css/variables.css [36m304[0m 0.786 ms - -[0m
2026-08-08 09:15:25 [INFO]: [0mGET /css/animations.css [36m304[0m 0.958 ms - -[0m
2026-08-08 09:15:25 [INFO]: [0mGET /css/announcement.css [36m304[0m 0.642 ms - -[0m
2026-08-08 09:15:25 [INFO]: [0mGET /css/hero.css [36m304[0m 0.745 ms - -[0m
2026-08-08 09:15:25 [INFO]: [0mGET /css/featured.css [36m304[0m 0.706 ms - -[0m
2026-08-08 09:15:25 [INFO]: [0mGET /css/why-choose.css [36m304[0m 0.835 ms - -[0m
2026-08-08 09:15:25 [INFO]: [0mGET /css/footer.css [36m304[0m 0.258 ms - -[0m
2026-08-08 09:15:25 [INFO]: [0mGET /css/auth.css [36m304[0m 1.051 ms - -[0m
2026-08-08 09:15:25 [INFO]: [0mGET /css/verify.css [36m304[0m 0.384 ms - -[0m
2026-08-08 09:15:25 [INFO]: [0mGET /js/notification.js [36m304[0m 0.290 ms - -[0m
2026-08-08 09:21:54 [INFO]: MongoDB connected successfully.
2026-08-08 09:21:57 [INFO]: MongoDB connected successfully.
2026-08-08 09:22:00 [INFO]: Email server connected successfully.
2026-08-08 09:22:00 [INFO]: Server is running on port 5132.
2026-08-08 09:22:12 [INFO]: MongoDB connected successfully.
2026-08-08 09:22:15 [INFO]: Email server connected successfully.
2026-08-08 09:22:15 [INFO]: Server is running on port 5132.
2026-08-08 09:22:47 [INFO]: MongoDB connected successfully.
2026-08-08 09:22:50 [INFO]: MongoDB connected successfully.
2026-08-08 09:22:52 [INFO]: MongoDB connected successfully.
2026-08-08 09:22:55 [INFO]: Email server connected successfully.
2026-08-08 09:22:55 [INFO]: Server is running on port 5132.
2026-08-08 09:23:03 [INFO]: MongoDB connected successfully.
2026-08-08 09:23:06 [INFO]: Email server connected successfully.
2026-08-08 09:23:06 [INFO]: Server is running on port 5132.
2026-08-08 09:23:07 [INFO]: [0mGET /admin/categories [36m304[0m 248.729 ms - -[0m
2026-08-08 09:23:07 [INFO]: [0mGET /css/style.css [36m304[0m 1.258 ms - -[0m
2026-08-08 09:23:07 [INFO]: [0mGET /css/admin/layout.css [36m304[0m 1.542 ms - -[0m
2026-08-08 09:23:07 [INFO]: [0mGET /css/admin/users.css [36m304[0m 1.883 ms - -[0m
2026-08-08 09:23:07 [INFO]: [0mGET /css/admin/brands.css [36m304[0m 0.614 ms - -[0m
2026-08-08 09:23:07 [INFO]: [0mGET /css/admin/products.css [36m304[0m 0.734 ms - -[0m
2026-08-08 09:23:07 [INFO]: [0mGET /css/admin/categories.css [36m304[0m 1.593 ms - -[0m
2026-08-08 09:23:07 [INFO]: [0mGET /css/header.css [36m304[0m 0.808 ms - -[0m
2026-08-08 09:23:07 [INFO]: [0mGET /images/logo/plantora.png [36m304[0m 0.936 ms - -[0m
2026-08-08 09:23:07 [INFO]: [0mGET /js/admin/layout.js [36m304[0m 1.419 ms - -[0m
2026-08-08 09:23:07 [INFO]: [0mGET /js/admin/users.js [36m304[0m 1.599 ms - -[0m
2026-08-08 09:23:07 [INFO]: [0mGET /js/admin/products.js [36m304[0m 1.960 ms - -[0m
2026-08-08 09:23:07 [INFO]: [0mGET /js/header.js [36m304[0m 2.229 ms - -[0m
2026-08-08 09:23:07 [INFO]: [0mGET /js/notification.js [36m304[0m 1.417 ms - -[0m
2026-08-08 09:23:07 [INFO]: [0mGET /css/variables.css [36m304[0m 1.583 ms - -[0m
2026-08-08 09:23:07 [INFO]: [0mGET /css/utilities.css [36m304[0m 0.589 ms - -[0m
2026-08-08 09:23:07 [INFO]: [0mGET /css/animations.css [36m304[0m 0.756 ms - -[0m
2026-08-08 09:23:07 [INFO]: [0mGET /js/admin/categories.js [32m200[0m 4.314 ms - -[0m
2026-08-08 09:23:07 [INFO]: [0mGET /js/admin/brands.js [32m200[0m 4.457 ms - -[0m
2026-08-08 09:23:07 [INFO]: [0mGET /css/announcement.css [36m304[0m 1.994 ms - -[0m
2026-08-08 09:23:07 [INFO]: [0mGET /css/hero.css [36m304[0m 2.017 ms - -[0m
2026-08-08 09:23:07 [INFO]: [0mGET /css/featured.css [36m304[0m 0.339 ms - -[0m
2026-08-08 09:23:07 [INFO]: [0mGET /css/why-choose.css [36m304[0m 0.502 ms - -[0m
2026-08-08 09:23:07 [INFO]: [0mGET /css/footer.css [36m304[0m 0.346 ms - -[0m
2026-08-08 09:23:07 [INFO]: [0mGET /css/auth.css [36m304[0m 0.503 ms - -[0m
2026-08-08 09:23:07 [INFO]: [0mGET /css/verify.css [36m304[0m 0.667 ms - -[0m
2026-08-08 09:23:09 [INFO]: [0mGET /admin/brands [36m304[0m 220.883 ms - -[0m
2026-08-08 09:23:09 [INFO]: [0mGET /css/style.css [36m304[0m 0.218 ms - -[0m
2026-08-08 09:23:09 [INFO]: [0mGET /css/admin/layout.css [36m304[0m 0.988 ms - -[0m
2026-08-08 09:23:09 [INFO]: [0mGET /css/admin/users.css [36m304[0m 1.137 ms - -[0m
2026-08-08 09:23:09 [INFO]: [0mGET /css/admin/categories.css [36m304[0m 1.298 ms - -[0m
2026-08-08 09:23:09 [INFO]: [0mGET /css/admin/brands.css [36m304[0m 1.401 ms - -[0m
2026-08-08 09:23:09 [INFO]: [0mGET /css/admin/products.css [36m304[0m 1.543 ms - -[0m
2026-08-08 09:23:09 [INFO]: [0mGET /css/header.css [36m304[0m 1.572 ms - -[0m
2026-08-08 09:23:09 [INFO]: [0mGET /images/logo/plantora.png [36m304[0m 0.288 ms - -[0m
2026-08-08 09:23:09 [INFO]: [0mGET /js/admin/layout.js [36m304[0m 0.156 ms - -[0m
2026-08-08 09:23:09 [INFO]: [0mGET /js/admin/users.js [36m304[0m 0.256 ms - -[0m
2026-08-08 09:23:09 [INFO]: [0mGET /js/admin/categories.js [36m304[0m 0.384 ms - -[0m
2026-08-08 09:23:09 [INFO]: [0mGET /js/admin/brands.js [36m304[0m 0.597 ms - -[0m
2026-08-08 09:23:09 [INFO]: [0mGET /js/admin/products.js [36m304[0m 0.170 ms - -[0m
2026-08-08 09:23:09 [INFO]: [0mGET /css/variables.css [36m304[0m 0.644 ms - -[0m
2026-08-08 09:23:09 [INFO]: [0mGET /css/utilities.css [36m304[0m 0.699 ms - -[0m
2026-08-08 09:23:09 [INFO]: [0mGET /css/animations.css [36m304[0m 0.752 ms - -[0m
2026-08-08 09:23:09 [INFO]: [0mGET /css/announcement.css [36m304[0m 0.823 ms - -[0m
2026-08-08 09:23:09 [INFO]: [0mGET /css/hero.css [36m304[0m 1.087 ms - -[0m
2026-08-08 09:23:09 [INFO]: [0mGET /css/featured.css [36m304[0m 0.336 ms - -[0m
2026-08-08 09:23:09 [INFO]: [0mGET /css/why-choose.css [36m304[0m 0.290 ms - -[0m
2026-08-08 09:23:09 [INFO]: [0mGET /css/footer.css [36m304[0m 0.452 ms - -[0m
2026-08-08 09:23:09 [INFO]: [0mGET /css/auth.css [36m304[0m 0.676 ms - -[0m
2026-08-08 09:23:09 [INFO]: [0mGET /css/verify.css [36m304[0m 0.199 ms - -[0m
2026-08-08 09:23:09 [INFO]: [0mGET /js/header.js [36m304[0m 0.264 ms - -[0m
2026-08-08 09:23:09 [INFO]: [0mGET /js/notification.js [36m304[0m 0.418 ms - -[0m
2026-08-08 09:23:11 [ERROR]: Failed to create audit log: AuditLog validation failed: module: `Brand` is not a valid enum value for path `module`.
2026-08-08 09:23:11 [INFO]: Brand deleted : klenglsen
2026-08-08 09:23:11 [INFO]: Brand deleted successfully.
2026-08-08 09:23:11 [INFO]: [0mDELETE /admin/brands/6a7683f26e3cc486c25ef778?_method=DELETE [36m302[0m 297.447 ms - 42[0m
2026-08-08 09:23:11 [INFO]: [0mGET /admin/brands [32m200[0m 216.457 ms - -[0m
2026-08-08 09:23:11 [INFO]: [0mGET /css/style.css [36m304[0m 0.644 ms - -[0m
2026-08-08 09:23:11 [INFO]: [0mGET /css/admin/layout.css [36m304[0m 0.940 ms - -[0m
2026-08-08 09:23:11 [INFO]: [0mGET /css/admin/users.css [36m304[0m 1.353 ms - -[0m
2026-08-08 09:23:11 [INFO]: [0mGET /css/admin/categories.css [36m304[0m 0.920 ms - -[0m
2026-08-08 09:23:11 [INFO]: [0mGET /css/admin/brands.css [36m304[0m 1.308 ms - -[0m
2026-08-08 09:23:11 [INFO]: [0mGET /css/admin/products.css [36m304[0m 1.732 ms - -[0m
2026-08-08 09:23:11 [INFO]: [0mGET /css/header.css [36m304[0m 0.419 ms - -[0m
2026-08-08 09:23:11 [INFO]: [0mGET /images/logo/plantora.png [36m304[0m 0.148 ms - -[0m
2026-08-08 09:23:11 [INFO]: [0mGET /css/variables.css [36m304[0m 0.184 ms - -[0m
2026-08-08 09:23:11 [INFO]: [0mGET /css/utilities.css [36m304[0m 0.312 ms - -[0m
2026-08-08 09:23:11 [INFO]: [0mGET /css/animations.css [36m304[0m 0.474 ms - -[0m
2026-08-08 09:23:11 [INFO]: [0mGET /css/announcement.css [36m304[0m 0.648 ms - -[0m
2026-08-08 09:23:11 [INFO]: [0mGET /js/admin/layout.js [36m304[0m 0.276 ms - -[0m
2026-08-08 09:23:11 [INFO]: [0mGET /css/hero.css [36m304[0m 0.211 ms - -[0m
2026-08-08 09:23:11 [INFO]: [0mGET /css/featured.css [36m304[0m 0.304 ms - -[0m
2026-08-08 09:23:11 [INFO]: [0mGET /css/why-choose.css [36m304[0m 0.423 ms - -[0m
2026-08-08 09:23:11 [INFO]: [0mGET /css/footer.css [36m304[0m 0.770 ms - -[0m
2026-08-08 09:23:11 [INFO]: [0mGET /css/auth.css [36m304[0m 0.485 ms - -[0m
2026-08-08 09:23:11 [INFO]: [0mGET /css/verify.css [36m304[0m 0.748 ms - -[0m
2026-08-08 09:23:11 [INFO]: [0mGET /js/admin/users.js [36m304[0m 0.339 ms - -[0m
2026-08-08 09:23:11 [INFO]: [0mGET /js/admin/categories.js [36m304[0m 0.249 ms - -[0m
2026-08-08 09:23:11 [INFO]: [0mGET /js/admin/brands.js [36m304[0m 0.521 ms - -[0m
2026-08-08 09:23:11 [INFO]: [0mGET /js/admin/products.js [36m304[0m 0.390 ms - -[0m
2026-08-08 09:23:11 [INFO]: [0mGET /js/header.js [36m304[0m 0.163 ms - -[0m
2026-08-08 09:23:11 [INFO]: [0mGET /js/notification.js [36m304[0m 0.203 ms - -[0m
2026-08-08 09:23:13 [ERROR]: Failed to create audit log: AuditLog validation failed: module: `Brand` is not a valid enum value for path `module`.
2026-08-08 09:23:13 [INFO]: Brand deleted : Something
2026-08-08 09:23:13 [INFO]: Brand deleted successfully.
2026-08-08 09:23:13 [INFO]: [0mDELETE /admin/brands/6a7683df6e3cc486c25ef776?_method=DELETE [36m302[0m 267.511 ms - 42[0m
2026-08-08 09:23:13 [INFO]: [0mGET /admin/brands [32m200[0m 212.615 ms - -[0m
2026-08-08 09:23:13 [INFO]: [0mGET /css/style.css [36m304[0m 1.044 ms - -[0m
2026-08-08 09:23:13 [INFO]: [0mGET /css/admin/layout.css [36m304[0m 1.043 ms - -[0m
2026-08-08 09:23:13 [INFO]: [0mGET /css/admin/users.css [36m304[0m 1.223 ms - -[0m
2026-08-08 09:23:13 [INFO]: [0mGET /css/admin/categories.css [36m304[0m 1.480 ms - -[0m
2026-08-08 09:23:13 [INFO]: [0mGET /css/admin/brands.css [36m304[0m 1.793 ms - -[0m
2026-08-08 09:23:13 [INFO]: [0mGET /css/admin/products.css [36m304[0m 2.292 ms - -[0m
2026-08-08 09:23:13 [INFO]: [0mGET /css/header.css [36m304[0m 0.292 ms - -[0m
2026-08-08 09:23:13 [INFO]: [0mGET /images/logo/plantora.png [36m304[0m 0.174 ms - -[0m
2026-08-08 09:23:13 [INFO]: [0mGET /js/admin/layout.js [36m304[0m 0.393 ms - -[0m
2026-08-08 09:23:13 [INFO]: [0mGET /js/admin/users.js [36m304[0m 0.623 ms - -[0m
2026-08-08 09:23:13 [INFO]: [0mGET /css/variables.css [36m304[0m 0.795 ms - -[0m
2026-08-08 09:23:13 [INFO]: [0mGET /css/utilities.css [36m304[0m 0.932 ms - -[0m
2026-08-08 09:23:13 [INFO]: [0mGET /css/animations.css [36m304[0m 1.037 ms - -[0m
2026-08-08 09:23:13 [INFO]: [0mGET /css/announcement.css [36m304[0m 0.224 ms - -[0m
2026-08-08 09:23:13 [INFO]: [0mGET /css/hero.css [36m304[0m 0.308 ms - -[0m
2026-08-08 09:23:13 [INFO]: [0mGET /css/featured.css [36m304[0m 0.211 ms - -[0m
2026-08-08 09:23:13 [INFO]: [0mGET /css/why-choose.css [36m304[0m 0.350 ms - -[0m
2026-08-08 09:23:13 [INFO]: [0mGET /css/footer.css [36m304[0m 0.288 ms - -[0m
2026-08-08 09:23:13 [INFO]: [0mGET /css/auth.css [36m304[0m 0.443 ms - -[0m
2026-08-08 09:23:13 [INFO]: [0mGET /css/verify.css [36m304[0m 0.696 ms - -[0m
2026-08-08 09:23:13 [INFO]: [0mGET /js/admin/categories.js [36m304[0m 0.102 ms - -[0m
2026-08-08 09:23:13 [INFO]: [0mGET /js/admin/brands.js [36m304[0m 0.330 ms - -[0m
2026-08-08 09:23:13 [INFO]: [0mGET /js/admin/products.js [36m304[0m 0.455 ms - -[0m
2026-08-08 09:23:13 [INFO]: [0mGET /js/header.js [36m304[0m 0.318 ms - -[0m
2026-08-08 09:23:13 [INFO]: [0mGET /js/notification.js [36m304[0m 0.460 ms - -[0m
2026-08-08 09:23:15 [INFO]: [0mGET /admin/categories [36m304[0m 220.368 ms - -[0m
2026-08-08 09:23:15 [INFO]: [0mGET /css/style.css [36m304[0m 0.591 ms - -[0m
2026-08-08 09:23:15 [INFO]: [0mGET /css/admin/layout.css [36m304[0m 0.916 ms - -[0m
2026-08-08 09:23:15 [INFO]: [0mGET /css/admin/users.css [36m304[0m 1.204 ms - -[0m
2026-08-08 09:23:15 [INFO]: [0mGET /css/admin/categories.css [36m304[0m 1.385 ms - -[0m
2026-08-08 09:23:15 [INFO]: [0mGET /css/admin/brands.css [36m304[0m 1.560 ms - -[0m
2026-08-08 09:23:15 [INFO]: [0mGET /css/admin/products.css [36m304[0m 1.723 ms - -[0m
2026-08-08 09:23:15 [INFO]: [0mGET /css/header.css [36m304[0m 0.165 ms - -[0m
2026-08-08 09:23:15 [INFO]: [0mGET /images/logo/plantora.png [36m304[0m 0.144 ms - -[0m
2026-08-08 09:23:15 [INFO]: [0mGET /js/admin/layout.js [36m304[0m 0.309 ms - -[0m
2026-08-08 09:23:15 [INFO]: [0mGET /js/admin/users.js [36m304[0m 0.500 ms - -[0m
2026-08-08 09:23:15 [INFO]: [0mGET /js/admin/categories.js [36m304[0m 0.705 ms - -[0m
2026-08-08 09:23:15 [INFO]: [0mGET /js/admin/brands.js [36m304[0m 0.860 ms - -[0m
2026-08-08 09:23:15 [INFO]: [0mGET /css/variables.css [36m304[0m 0.120 ms - -[0m
2026-08-08 09:23:15 [INFO]: [0mGET /css/utilities.css [36m304[0m 0.177 ms - -[0m
2026-08-08 09:23:15 [INFO]: [0mGET /css/animations.css [36m304[0m 0.518 ms - -[0m
2026-08-08 09:23:15 [INFO]: [0mGET /css/announcement.css [36m304[0m 0.387 ms - -[0m
2026-08-08 09:23:15 [INFO]: [0mGET /css/hero.css [36m304[0m 0.603 ms - -[0m
2026-08-08 09:23:15 [INFO]: [0mGET /css/featured.css [36m304[0m 0.195 ms - -[0m
2026-08-08 09:23:15 [INFO]: [0mGET /css/why-choose.css [36m304[0m 0.269 ms - -[0m
2026-08-08 09:23:15 [INFO]: [0mGET /css/footer.css [36m304[0m 0.308 ms - -[0m
2026-08-08 09:23:15 [INFO]: [0mGET /css/auth.css [36m304[0m 0.435 ms - -[0m
2026-08-08 09:23:15 [INFO]: [0mGET /css/verify.css [36m304[0m 0.843 ms - -[0m
2026-08-08 09:23:15 [INFO]: [0mGET /js/admin/products.js [36m304[0m 0.658 ms - -[0m
2026-08-08 09:23:15 [INFO]: [0mGET /js/header.js [36m304[0m 0.446 ms - -[0m
2026-08-08 09:23:15 [INFO]: [0mGET /js/notification.js [36m304[0m 0.210 ms - -[0m
2026-08-08 09:23:16 [ERROR]: Failed to create audit log: AuditLog validation failed: module: `Category` is not a valid enum value for path `module`.
2026-08-08 09:23:16 [INFO]: Category deleted : Potss
2026-08-08 09:23:16 [INFO]: [0mDELETE /admin/categories/6a768db535b07b48989f7dea?_method=DELETE [36m302[0m 267.853 ms - 46[0m
2026-08-08 09:23:17 [INFO]: [0mGET /admin/categories [32m200[0m 215.633 ms - -[0m
2026-08-08 09:23:17 [INFO]: [0mGET /css/style.css [36m304[0m 0.833 ms - -[0m
2026-08-08 09:23:17 [INFO]: [0mGET /css/admin/layout.css [36m304[0m 0.811 ms - -[0m
2026-08-08 09:23:17 [INFO]: [0mGET /css/admin/users.css [36m304[0m 0.768 ms - -[0m
2026-08-08 09:23:17 [INFO]: [0mGET /css/admin/categories.css [36m304[0m 0.883 ms - -[0m
2026-08-08 09:23:17 [INFO]: [0mGET /css/admin/brands.css [36m304[0m 1.155 ms - -[0m
2026-08-08 09:23:17 [INFO]: [0mGET /css/admin/products.css [36m304[0m 0.537 ms - -[0m
2026-08-08 09:23:17 [INFO]: [0mGET /css/header.css [36m304[0m 0.261 ms - -[0m
2026-08-08 09:23:17 [INFO]: [0mGET /images/logo/plantora.png [36m304[0m 0.310 ms - -[0m
2026-08-08 09:23:17 [INFO]: [0mGET /js/admin/layout.js [36m304[0m 0.146 ms - -[0m
2026-08-08 09:23:17 [INFO]: [0mGET /js/admin/users.js [36m304[0m 0.119 ms - -[0m
2026-08-08 09:23:17 [INFO]: [0mGET /js/admin/categories.js [36m304[0m 0.088 ms - -[0m
2026-08-08 09:23:17 [INFO]: [0mGET /css/variables.css [36m304[0m 0.165 ms - -[0m
2026-08-08 09:23:17 [INFO]: [0mGET /css/utilities.css [36m304[0m 0.500 ms - -[0m
2026-08-08 09:23:17 [INFO]: [0mGET /css/animations.css [36m304[0m 0.651 ms - -[0m
2026-08-08 09:23:17 [INFO]: [0mGET /css/announcement.css [36m304[0m 0.826 ms - -[0m
2026-08-08 09:23:17 [INFO]: [0mGET /css/hero.css [36m304[0m 1.179 ms - -[0m
2026-08-08 09:23:17 [INFO]: [0mGET /css/featured.css [36m304[0m 1.504 ms - -[0m
2026-08-08 09:23:17 [INFO]: [0mGET /css/why-choose.css [36m304[0m 1.061 ms - -[0m
2026-08-08 09:23:17 [INFO]: [0mGET /css/footer.css [36m304[0m 0.600 ms - -[0m
2026-08-08 09:23:17 [INFO]: [0mGET /css/auth.css [36m304[0m 0.656 ms - -[0m
2026-08-08 09:23:17 [INFO]: [0mGET /css/verify.css [36m304[0m 1.095 ms - -[0m
2026-08-08 09:23:17 [INFO]: [0mGET /js/admin/brands.js [36m304[0m 0.412 ms - -[0m
2026-08-08 09:23:17 [INFO]: [0mGET /js/admin/products.js [36m304[0m 0.255 ms - -[0m
2026-08-08 09:23:17 [INFO]: [0mGET /js/header.js [36m304[0m 0.363 ms - -[0m
2026-08-08 09:23:17 [INFO]: [0mGET /js/notification.js [36m304[0m 0.543 ms - -[0m
2026-08-08 09:23:18 [ERROR]: Failed to create audit log: AuditLog validation failed: module: `Category` is not a valid enum value for path `module`.
2026-08-08 09:23:18 [INFO]: Category deleted : Plants
2026-08-08 09:23:18 [INFO]: [0mDELETE /admin/categories/6a768d9e35b07b48989f7de8?_method=DELETE [36m302[0m 259.558 ms - 46[0m
2026-08-08 09:23:18 [INFO]: [0mGET /admin/categories [32m200[0m 217.675 ms - -[0m
2026-08-08 09:23:18 [INFO]: [0mGET /css/style.css [36m304[0m 0.343 ms - -[0m
2026-08-08 09:23:18 [INFO]: [0mGET /css/admin/layout.css [36m304[0m 1.464 ms - -[0m
2026-08-08 09:23:18 [INFO]: [0mGET /css/admin/users.css [36m304[0m 1.375 ms - -[0m
2026-08-08 09:23:18 [INFO]: [0mGET /css/admin/categories.css [36m304[0m 1.505 ms - -[0m
2026-08-08 09:23:18 [INFO]: [0mGET /css/admin/brands.css [36m304[0m 1.987 ms - -[0m
2026-08-08 09:23:18 [INFO]: [0mGET /css/admin/products.css [36m304[0m 0.654 ms - -[0m
2026-08-08 09:23:18 [INFO]: [0mGET /css/header.css [36m304[0m 1.026 ms - -[0m
2026-08-08 09:23:18 [INFO]: [0mGET /images/logo/plantora.png [36m304[0m 0.617 ms - -[0m
2026-08-08 09:23:18 [INFO]: [0mGET /js/admin/layout.js [36m304[0m 0.148 ms - -[0m
2026-08-08 09:23:18 [INFO]: [0mGET /js/admin/users.js [36m304[0m 0.228 ms - -[0m
2026-08-08 09:23:18 [INFO]: [0mGET /css/variables.css [36m304[0m 0.226 ms - -[0m
2026-08-08 09:23:18 [INFO]: [0mGET /css/utilities.css [36m304[0m 0.203 ms - -[0m
2026-08-08 09:23:18 [INFO]: [0mGET /css/animations.css [36m304[0m 0.718 ms - -[0m
2026-08-08 09:23:18 [INFO]: [0mGET /css/announcement.css [36m304[0m 0.545 ms - -[0m
2026-08-08 09:23:18 [INFO]: [0mGET /css/hero.css [36m304[0m 0.656 ms - -[0m
2026-08-08 09:23:18 [INFO]: [0mGET /css/featured.css [36m304[0m 1.133 ms - -[0m
2026-08-08 09:23:18 [INFO]: [0mGET /css/why-choose.css [36m304[0m 0.576 ms - -[0m
2026-08-08 09:23:18 [INFO]: [0mGET /css/footer.css [36m304[0m 0.816 ms - -[0m
2026-08-08 09:23:18 [INFO]: [0mGET /css/auth.css [36m304[0m 0.880 ms - -[0m
2026-08-08 09:23:18 [INFO]: [0mGET /css/verify.css [36m304[0m 0.642 ms - -[0m
2026-08-08 09:23:18 [INFO]: [0mGET /js/admin/categories.js [36m304[0m 0.153 ms - -[0m
2026-08-08 09:23:18 [INFO]: [0mGET /js/admin/brands.js [36m304[0m 0.579 ms - -[0m
2026-08-08 09:23:18 [INFO]: [0mGET /js/admin/products.js [36m304[0m 0.427 ms - -[0m
2026-08-08 09:23:18 [INFO]: [0mGET /js/header.js [36m304[0m 0.569 ms - -[0m
2026-08-08 09:23:18 [INFO]: [0mGET /js/notification.js [36m304[0m 0.674 ms - -[0m
2026-08-08 09:23:22 [INFO]: [0mGET /admin/products [32m200[0m 176.677 ms - -[0m
2026-08-08 09:23:22 [INFO]: [0mGET /css/style.css [36m304[0m 1.709 ms - -[0m
2026-08-08 09:23:22 [INFO]: [0mGET /css/admin/layout.css [36m304[0m 2.022 ms - -[0m
2026-08-08 09:23:22 [INFO]: [0mGET /css/admin/users.css [36m304[0m 2.176 ms - -[0m
2026-08-08 09:23:22 [INFO]: [0mGET /css/admin/categories.css [36m304[0m 2.294 ms - -[0m
2026-08-08 09:23:22 [INFO]: [0mGET /css/admin/brands.css [36m304[0m 2.441 ms - -[0m
2026-08-08 09:23:22 [INFO]: [0mGET /css/admin/products.css [36m304[0m 2.671 ms - -[0m
2026-08-08 09:23:22 [INFO]: [0mGET /css/header.css [36m304[0m 0.171 ms - -[0m
2026-08-08 09:23:22 [INFO]: [0mGET /images/logo/plantora.png [36m304[0m 0.422 ms - -[0m
2026-08-08 09:23:22 [INFO]: [0mGET /js/admin/layout.js [36m304[0m 0.152 ms - -[0m
2026-08-08 09:23:22 [INFO]: [0mGET /js/admin/users.js [36m304[0m 0.317 ms - -[0m
2026-08-08 09:23:22 [INFO]: [0mGET /js/admin/categories.js [36m304[0m 0.505 ms - -[0m
2026-08-08 09:23:22 [INFO]: [0mGET /js/admin/brands.js [36m304[0m 0.661 ms - -[0m
2026-08-08 09:23:22 [INFO]: [0mGET /css/variables.css [36m304[0m 0.145 ms - -[0m
2026-08-08 09:23:22 [INFO]: [0mGET /css/utilities.css [36m304[0m 0.177 ms - -[0m
2026-08-08 09:23:22 [INFO]: [0mGET /js/admin/products.js [36m304[0m 0.425 ms - -[0m
2026-08-08 09:23:22 [INFO]: [0mGET /css/animations.css [36m304[0m 0.588 ms - -[0m
2026-08-08 09:23:22 [INFO]: [0mGET /css/announcement.css [36m304[0m 0.460 ms - -[0m
2026-08-08 09:23:22 [INFO]: [0mGET /css/hero.css [36m304[0m 0.666 ms - -[0m
2026-08-08 09:23:22 [INFO]: [0mGET /css/featured.css [36m304[0m 0.389 ms - -[0m
2026-08-08 09:23:22 [INFO]: [0mGET /css/why-choose.css [36m304[0m 0.400 ms - -[0m
2026-08-08 09:23:22 [INFO]: [0mGET /css/footer.css [36m304[0m 0.783 ms - -[0m
2026-08-08 09:23:22 [INFO]: [0mGET /css/auth.css [36m304[0m 0.586 ms - -[0m
2026-08-08 09:23:22 [INFO]: [0mGET /css/verify.css [36m304[0m 0.856 ms - -[0m
2026-08-08 09:23:22 [INFO]: [0mGET /js/header.js [36m304[0m 0.408 ms - -[0m
2026-08-08 09:23:22 [INFO]: [0mGET /js/notification.js [36m304[0m 0.632 ms - -[0m
2026-08-08 09:23:27 [INFO]: [0mGET /admin/users [36m304[0m 176.702 ms - -[0m
2026-08-08 09:23:27 [INFO]: [0mGET /css/style.css [36m304[0m 0.372 ms - -[0m
2026-08-08 09:23:27 [INFO]: [0mGET /css/admin/layout.css [36m304[0m 0.716 ms - -[0m
2026-08-08 09:23:27 [INFO]: [0mGET /css/admin/users.css [36m304[0m 0.370 ms - -[0m
2026-08-08 09:23:27 [INFO]: [0mGET /css/admin/categories.css [36m304[0m 0.596 ms - -[0m
2026-08-08 09:23:27 [INFO]: [0mGET /css/admin/brands.css [36m304[0m 0.812 ms - -[0m
2026-08-08 09:23:27 [INFO]: [0mGET /css/admin/products.css [36m304[0m 0.969 ms - -[0m
2026-08-08 09:23:27 [INFO]: [0mGET /css/header.css [36m304[0m 1.367 ms - -[0m
2026-08-08 09:23:27 [INFO]: [0mGET /images/logo/plantora.png [36m304[0m 0.173 ms - -[0m
2026-08-08 09:23:27 [INFO]: [0mGET /js/admin/layout.js [36m304[0m 0.696 ms - -[0m
2026-08-08 09:23:27 [INFO]: [0mGET /js/admin/users.js [36m304[0m 0.875 ms - -[0m
2026-08-08 09:23:27 [INFO]: [0mGET /js/admin/categories.js [36m304[0m 1.209 ms - -[0m
2026-08-08 09:23:27 [INFO]: [0mGET /js/admin/brands.js [36m304[0m 1.649 ms - -[0m
2026-08-08 09:23:27 [INFO]: [0mGET /js/admin/products.js [36m304[0m 2.167 ms - -[0m
2026-08-08 09:23:27 [INFO]: [0mGET /css/variables.css [36m304[0m 2.095 ms - -[0m
2026-08-08 09:23:27 [INFO]: [0mGET /css/utilities.css [36m304[0m 2.116 ms - -[0m
2026-08-08 09:23:27 [INFO]: [0mGET /css/animations.css [36m304[0m 2.169 ms - -[0m
2026-08-08 09:23:27 [INFO]: [0mGET /css/announcement.css [36m304[0m 2.014 ms - -[0m
2026-08-08 09:23:27 [INFO]: [0mGET /css/hero.css [36m304[0m 2.096 ms - -[0m
2026-08-08 09:23:27 [INFO]: [0mGET /css/featured.css [36m304[0m 3.266 ms - -[0m
2026-08-08 09:23:27 [INFO]: [0mGET /css/why-choose.css [36m304[0m 2.033 ms - -[0m
2026-08-08 09:23:27 [INFO]: [0mGET /css/footer.css [36m304[0m 2.255 ms - -[0m
2026-08-08 09:23:27 [INFO]: [0mGET /css/auth.css [36m304[0m 2.716 ms - -[0m
2026-08-08 09:23:27 [INFO]: [0mGET /css/verify.css [36m304[0m 0.427 ms - -[0m
2026-08-08 09:23:27 [INFO]: [0mGET /js/header.js [36m304[0m 0.542 ms - -[0m
2026-08-08 09:23:27 [INFO]: [0mGET /js/notification.js [36m304[0m 0.898 ms - -[0m
2026-08-08 09:23:31 [INFO]: [0mGET /admin/users/trash [36m304[0m 218.320 ms - -[0m
2026-08-08 09:23:31 [INFO]: [0mGET /css/style.css [36m304[0m 0.907 ms - -[0m
2026-08-08 09:23:31 [INFO]: [0mGET /css/admin/layout.css [36m304[0m 0.892 ms - -[0m
2026-08-08 09:23:31 [INFO]: [0mGET /css/admin/users.css [36m304[0m 0.916 ms - -[0m
2026-08-08 09:23:31 [INFO]: [0mGET /css/admin/categories.css [36m304[0m 1.068 ms - -[0m
2026-08-08 09:23:31 [INFO]: [0mGET /css/admin/brands.css [36m304[0m 1.391 ms - -[0m
2026-08-08 09:23:31 [INFO]: [0mGET /css/admin/products.css [36m304[0m 1.519 ms - -[0m
2026-08-08 09:23:31 [INFO]: [0mGET /css/header.css [36m304[0m 0.168 ms - -[0m
2026-08-08 09:23:31 [INFO]: [0mGET /images/logo/plantora.png [36m304[0m 0.316 ms - -[0m
2026-08-08 09:23:31 [INFO]: [0mGET /js/admin/layout.js [36m304[0m 0.405 ms - -[0m
2026-08-08 09:23:31 [INFO]: [0mGET /js/admin/categories.js [36m304[0m 0.802 ms - -[0m
2026-08-08 09:23:31 [INFO]: [0mGET /js/admin/users.js [36m304[0m 1.153 ms - -[0m
2026-08-08 09:23:31 [INFO]: [0mGET /js/admin/brands.js [36m304[0m 1.227 ms - -[0m
2026-08-08 09:23:31 [INFO]: [0mGET /js/admin/products.js [36m304[0m 0.290 ms - -[0m
2026-08-08 09:23:31 [INFO]: [0mGET /css/variables.css [36m304[0m 0.857 ms - -[0m
2026-08-08 09:23:31 [INFO]: [0mGET /css/utilities.css [36m304[0m 0.616 ms - -[0m
2026-08-08 09:23:31 [INFO]: [0mGET /css/animations.css [36m304[0m 1.286 ms - -[0m
2026-08-08 09:23:31 [INFO]: [0mGET /css/announcement.css [36m304[0m 0.691 ms - -[0m
2026-08-08 09:23:31 [INFO]: [0mGET /css/hero.css [36m304[0m 0.646 ms - -[0m
2026-08-08 09:23:31 [INFO]: [0mGET /css/featured.css [36m304[0m 1.026 ms - -[0m
2026-08-08 09:23:31 [INFO]: [0mGET /css/why-choose.css [36m304[0m 0.583 ms - -[0m
2026-08-08 09:23:31 [INFO]: [0mGET /css/footer.css [36m304[0m 0.825 ms - -[0m
2026-08-08 09:23:31 [INFO]: [0mGET /css/auth.css [36m304[0m 0.155 ms - -[0m
2026-08-08 09:23:31 [INFO]: [0mGET /css/verify.css [36m304[0m 0.138 ms - -[0m
2026-08-08 09:23:31 [INFO]: [0mGET /js/header.js [36m304[0m 0.488 ms - -[0m
2026-08-08 09:23:31 [INFO]: [0mGET /js/notification.js [36m304[0m 0.627 ms - -[0m
2026-08-08 09:23:33 [INFO]: [0mGET /admin/categories [36m304[0m 216.622 ms - -[0m
2026-08-08 09:23:33 [INFO]: [0mGET /css/style.css [36m304[0m 0.470 ms - -[0m
2026-08-08 09:23:33 [INFO]: [0mGET /css/admin/layout.css [36m304[0m 1.205 ms - -[0m
2026-08-08 09:23:33 [INFO]: [0mGET /css/admin/users.css [36m304[0m 1.601 ms - -[0m
2026-08-08 09:23:33 [INFO]: [0mGET /css/admin/categories.css [36m304[0m 2.709 ms - -[0m
2026-08-08 09:23:33 [INFO]: [0mGET /css/admin/brands.css [36m304[0m 1.250 ms - -[0m
2026-08-08 09:23:33 [INFO]: [0mGET /css/admin/products.css [36m304[0m 1.102 ms - -[0m
2026-08-08 09:23:33 [INFO]: [0mGET /css/header.css [36m304[0m 1.095 ms - -[0m
2026-08-08 09:23:34 [INFO]: [0mGET /images/logo/plantora.png [36m304[0m 0.494 ms - -[0m
2026-08-08 09:23:34 [INFO]: [0mGET /js/admin/layout.js [36m304[0m 0.464 ms - -[0m
2026-08-08 09:23:34 [INFO]: [0mGET /js/admin/users.js [36m304[0m 0.367 ms - -[0m
2026-08-08 09:23:34 [INFO]: [0mGET /js/admin/categories.js [36m304[0m 0.206 ms - -[0m
2026-08-08 09:23:34 [INFO]: [0mGET /js/admin/brands.js [36m304[0m 0.322 ms - -[0m
2026-08-08 09:23:34 [INFO]: [0mGET /js/admin/products.js [36m304[0m 0.113 ms - -[0m
2026-08-08 09:23:34 [INFO]: [0mGET /css/variables.css [36m304[0m 0.782 ms - -[0m
2026-08-08 09:23:34 [INFO]: [0mGET /js/header.js [36m304[0m 0.882 ms - -[0m
2026-08-08 09:23:34 [INFO]: [0mGET /css/utilities.css [36m304[0m 0.960 ms - -[0m
2026-08-08 09:23:34 [INFO]: [0mGET /css/animations.css [36m304[0m 1.508 ms - -[0m
2026-08-08 09:23:34 [INFO]: [0mGET /css/announcement.css [36m304[0m 0.739 ms - -[0m
2026-08-08 09:23:34 [INFO]: [0mGET /css/hero.css [36m304[0m 1.285 ms - -[0m
2026-08-08 09:23:34 [INFO]: [0mGET /css/featured.css [36m304[0m 0.507 ms - -[0m
2026-08-08 09:23:34 [INFO]: [0mGET /css/why-choose.css [36m304[0m 1.177 ms - -[0m
2026-08-08 09:23:34 [INFO]: [0mGET /css/footer.css [36m304[0m 1.057 ms - -[0m
2026-08-08 09:23:34 [INFO]: [0mGET /css/auth.css [36m304[0m 0.297 ms - -[0m
2026-08-08 09:23:34 [INFO]: [0mGET /css/verify.css [36m304[0m 0.478 ms - -[0m
2026-08-08 09:23:34 [INFO]: [0mGET /js/notification.js [36m304[0m 0.216 ms - -[0m
2026-08-08 09:23:37 [INFO]: [0mGET /admin/categories/create [32m200[0m 134.505 ms - -[0m
2026-08-08 09:23:37 [INFO]: [0mGET /css/style.css [36m304[0m 0.632 ms - -[0m
2026-08-08 09:23:37 [INFO]: [0mGET /css/admin/layout.css [36m304[0m 0.834 ms - -[0m
2026-08-08 09:23:37 [INFO]: [0mGET /css/admin/users.css [36m304[0m 0.334 ms - -[0m
2026-08-08 09:23:37 [INFO]: [0mGET /css/admin/categories.css [36m304[0m 0.740 ms - -[0m
2026-08-08 09:23:37 [INFO]: [0mGET /css/admin/brands.css [36m304[0m 1.034 ms - -[0m
2026-08-08 09:23:37 [INFO]: [0mGET /css/admin/products.css [36m304[0m 1.365 ms - -[0m
2026-08-08 09:23:37 [INFO]: [0mGET /css/header.css [36m304[0m 0.376 ms - -[0m
2026-08-08 09:23:37 [INFO]: [0mGET /images/logo/plantora.png [36m304[0m 0.188 ms - -[0m
2026-08-08 09:23:37 [INFO]: [0mGET /js/admin/layout.js [36m304[0m 0.492 ms - -[0m
2026-08-08 09:23:37 [INFO]: [0mGET /js/admin/users.js [36m304[0m 0.613 ms - -[0m
2026-08-08 09:23:37 [INFO]: [0mGET /js/admin/categories.js [36m304[0m 0.704 ms - -[0m
2026-08-08 09:23:37 [INFO]: [0mGET /js/admin/brands.js [36m304[0m 0.892 ms - -[0m
2026-08-08 09:23:37 [INFO]: [0mGET /js/admin/products.js [36m304[0m 0.247 ms - -[0m
2026-08-08 09:23:37 [INFO]: [0mGET /js/header.js [36m304[0m 0.430 ms - -[0m
2026-08-08 09:23:37 [INFO]: [0mGET /js/notification.js [36m304[0m 0.204 ms - -[0m
2026-08-08 09:23:37 [INFO]: [0mGET /css/variables.css [36m304[0m 0.343 ms - -[0m
2026-08-08 09:23:37 [INFO]: [0mGET /css/utilities.css [36m304[0m 0.518 ms - -[0m
2026-08-08 09:23:37 [INFO]: [0mGET /css/animations.css [36m304[0m 0.346 ms - -[0m
2026-08-08 09:23:37 [INFO]: [0mGET /css/announcement.css [36m304[0m 0.518 ms - -[0m
2026-08-08 09:23:37 [INFO]: [0mGET /css/hero.css [36m304[0m 0.704 ms - -[0m
2026-08-08 09:23:37 [INFO]: [0mGET /css/featured.css [36m304[0m 0.926 ms - -[0m
2026-08-08 09:23:37 [INFO]: [0mGET /css/why-choose.css [36m304[0m 0.274 ms - -[0m
2026-08-08 09:23:37 [INFO]: [0mGET /css/footer.css [36m304[0m 0.462 ms - -[0m
2026-08-08 09:23:37 [INFO]: [0mGET /css/auth.css [36m304[0m 0.830 ms - -[0m
2026-08-08 09:23:37 [INFO]: [0mGET /css/verify.css [36m304[0m 0.615 ms - -[0m
2026-08-08 09:23:43 [ERROR]: Failed to create audit log: AuditLog validation failed: module: `Category` is not a valid enum value for path `module`.
2026-08-08 09:23:43 [INFO]: Category created : Shrubs
2026-08-08 09:23:43 [INFO]: [0mPOST /admin/categories/create [36m302[0m 222.214 ms - 46[0m
2026-08-08 09:23:43 [INFO]: [0mGET /admin/categories [32m200[0m 214.798 ms - -[0m
2026-08-08 09:23:43 [INFO]: [0mGET /css/style.css [36m304[0m 0.456 ms - -[0m
2026-08-08 09:23:43 [INFO]: [0mGET /css/admin/layout.css [36m304[0m 1.020 ms - -[0m
2026-08-08 09:23:43 [INFO]: [0mGET /css/admin/users.css [36m304[0m 0.744 ms - -[0m
2026-08-08 09:23:43 [INFO]: [0mGET /css/admin/categories.css [36m304[0m 3.337 ms - -[0m
2026-08-08 09:23:43 [INFO]: [0mGET /css/admin/brands.css [36m304[0m 2.886 ms - -[0m
2026-08-08 09:23:43 [INFO]: [0mGET /css/admin/products.css [36m304[0m 3.145 ms - -[0m
2026-08-08 09:23:43 [INFO]: [0mGET /css/header.css [36m304[0m 3.484 ms - -[0m
2026-08-08 09:23:43 [INFO]: [0mGET /images/logo/plantora.png [36m304[0m 0.240 ms - -[0m
2026-08-08 09:23:43 [INFO]: [0mGET /js/admin/layout.js [36m304[0m 0.466 ms - -[0m
2026-08-08 09:23:43 [INFO]: [0mGET /js/admin/users.js [36m304[0m 0.576 ms - -[0m
2026-08-08 09:23:43 [INFO]: [0mGET /js/admin/categories.js [36m304[0m 0.813 ms - -[0m
2026-08-08 09:23:43 [INFO]: [0mGET /js/admin/brands.js [36m304[0m 0.239 ms - -[0m
2026-08-08 09:23:43 [INFO]: [0mGET /js/admin/products.js [36m304[0m 0.653 ms - -[0m
2026-08-08 09:23:43 [INFO]: [0mGET /css/variables.css [36m304[0m 0.563 ms - -[0m
2026-08-08 09:23:43 [INFO]: [0mGET /css/utilities.css [36m304[0m 0.641 ms - -[0m
2026-08-08 09:23:43 [INFO]: [0mGET /css/animations.css [36m304[0m 0.814 ms - -[0m
2026-08-08 09:23:43 [INFO]: [0mGET /css/announcement.css [36m304[0m 1.059 ms - -[0m
2026-08-08 09:23:43 [INFO]: [0mGET /css/hero.css [36m304[0m 1.267 ms - -[0m
2026-08-08 09:23:43 [INFO]: [0mGET /css/featured.css [36m304[0m 1.487 ms - -[0m
2026-08-08 09:23:43 [INFO]: [0mGET /css/why-choose.css [36m304[0m 0.569 ms - -[0m
2026-08-08 09:23:43 [INFO]: [0mGET /css/footer.css [36m304[0m 0.774 ms - -[0m
2026-08-08 09:23:43 [INFO]: [0mGET /css/auth.css [36m304[0m 1.104 ms - -[0m
2026-08-08 09:23:43 [INFO]: [0mGET /css/verify.css [36m304[0m 0.469 ms - -[0m
2026-08-08 09:23:43 [INFO]: [0mGET /js/header.js [36m304[0m 0.335 ms - -[0m
2026-08-08 09:23:43 [INFO]: [0mGET /js/notification.js [36m304[0m 0.531 ms - -[0m
2026-08-08 09:23:46 [INFO]: [0mGET /admin/brands [36m304[0m 215.002 ms - -[0m
2026-08-08 09:23:46 [INFO]: [0mGET /css/style.css [36m304[0m 0.870 ms - -[0m
2026-08-08 09:23:46 [INFO]: [0mGET /css/admin/layout.css [36m304[0m 0.648 ms - -[0m
2026-08-08 09:23:46 [INFO]: [0mGET /css/admin/brands.css [36m304[0m 0.745 ms - -[0m
2026-08-08 09:23:46 [INFO]: [0mGET /css/admin/users.css [36m304[0m 1.541 ms - -[0m
2026-08-08 09:23:46 [INFO]: [0mGET /css/admin/categories.css [36m304[0m 1.985 ms - -[0m
2026-08-08 09:23:46 [INFO]: [0mGET /css/admin/products.css [36m304[0m 2.152 ms - -[0m
2026-08-08 09:23:46 [INFO]: [0mGET /css/header.css [36m304[0m 0.276 ms - -[0m
2026-08-08 09:23:46 [INFO]: [0mGET /images/logo/plantora.png [36m304[0m 0.671 ms - -[0m
2026-08-08 09:23:46 [INFO]: [0mGET /js/admin/layout.js [36m304[0m 0.860 ms - -[0m
2026-08-08 09:23:46 [INFO]: [0mGET /js/admin/users.js [36m304[0m 1.097 ms - -[0m
2026-08-08 09:23:46 [INFO]: [0mGET /js/admin/categories.js [36m304[0m 1.500 ms - -[0m
2026-08-08 09:23:46 [INFO]: [0mGET /js/admin/brands.js [36m304[0m 0.725 ms - -[0m
2026-08-08 09:23:46 [INFO]: [0mGET /css/variables.css [36m304[0m 0.545 ms - -[0m
2026-08-08 09:23:46 [INFO]: [0mGET /js/admin/products.js [36m304[0m 0.716 ms - -[0m
2026-08-08 09:23:46 [INFO]: [0mGET /css/utilities.css [36m304[0m 0.392 ms - -[0m
2026-08-08 09:23:46 [INFO]: [0mGET /css/animations.css [36m304[0m 0.526 ms - -[0m
2026-08-08 09:23:46 [INFO]: [0mGET /css/announcement.css [36m304[0m 0.965 ms - -[0m
2026-08-08 09:23:46 [INFO]: [0mGET /css/hero.css [36m304[0m 0.464 ms - -[0m
2026-08-08 09:23:46 [INFO]: [0mGET /css/featured.css [36m304[0m 0.487 ms - -[0m
2026-08-08 09:23:46 [INFO]: [0mGET /css/why-choose.css [36m304[0m 0.800 ms - -[0m
2026-08-08 09:23:46 [INFO]: [0mGET /css/footer.css [36m304[0m 0.949 ms - -[0m
2026-08-08 09:23:46 [INFO]: [0mGET /css/auth.css [36m304[0m 1.279 ms - -[0m
2026-08-08 09:23:46 [INFO]: [0mGET /css/verify.css [36m304[0m 0.437 ms - -[0m
2026-08-08 09:23:46 [INFO]: [0mGET /js/header.js [36m304[0m 0.272 ms - -[0m
2026-08-08 09:23:46 [INFO]: [0mGET /js/notification.js [36m304[0m 0.717 ms - -[0m
2026-08-08 09:23:49 [INFO]: [0mGET /admin/brands/create [32m200[0m 131.108 ms - -[0m
2026-08-08 09:23:49 [INFO]: [0mGET /css/style.css [36m304[0m 1.082 ms - -[0m
2026-08-08 09:23:49 [INFO]: [0mGET /css/admin/layout.css [36m304[0m 1.286 ms - -[0m
2026-08-08 09:23:49 [INFO]: [0mGET /css/admin/users.css [36m304[0m 0.873 ms - -[0m
2026-08-08 09:23:49 [INFO]: [0mGET /css/admin/categories.css [36m304[0m 1.026 ms - -[0m
2026-08-08 09:23:49 [INFO]: [0mGET /css/admin/brands.css [36m304[0m 1.293 ms - -[0m
2026-08-08 09:23:49 [INFO]: [0mGET /css/admin/products.css [36m304[0m 1.556 ms - -[0m
2026-08-08 09:23:49 [INFO]: [0mGET /css/header.css [36m304[0m 1.917 ms - -[0m
2026-08-08 09:23:49 [INFO]: [0mGET /images/logo/plantora.png [36m304[0m 0.369 ms - -[0m
2026-08-08 09:23:49 [INFO]: [0mGET /js/admin/layout.js [36m304[0m 0.578 ms - -[0m
2026-08-08 09:23:49 [INFO]: [0mGET /js/admin/users.js [36m304[0m 0.909 ms - -[0m
2026-08-08 09:23:49 [INFO]: [0mGET /js/admin/categories.js [36m304[0m 1.232 ms - -[0m
2026-08-08 09:23:49 [INFO]: [0mGET /js/admin/brands.js [36m304[0m 1.455 ms - -[0m
2026-08-08 09:23:49 [INFO]: [0mGET /js/admin/products.js [36m304[0m 1.286 ms - -[0m
2026-08-08 09:23:49 [INFO]: [0mGET /css/variables.css [36m304[0m 1.393 ms - -[0m
2026-08-08 09:23:49 [INFO]: [0mGET /css/utilities.css [36m304[0m 1.500 ms - -[0m
2026-08-08 09:23:49 [INFO]: [0mGET /css/animations.css [36m304[0m 1.565 ms - -[0m
2026-08-08 09:23:49 [INFO]: [0mGET /css/announcement.css [36m304[0m 0.841 ms - -[0m
2026-08-08 09:23:49 [INFO]: [0mGET /css/hero.css [36m304[0m 1.101 ms - -[0m
2026-08-08 09:23:49 [INFO]: [0mGET /css/featured.css [36m304[0m 0.453 ms - -[0m
2026-08-08 09:23:49 [INFO]: [0mGET /css/why-choose.css [36m304[0m 0.578 ms - -[0m
2026-08-08 09:23:49 [INFO]: [0mGET /css/footer.css [36m304[0m 0.716 ms - -[0m
2026-08-08 09:23:49 [INFO]: [0mGET /css/auth.css [36m304[0m 0.856 ms - -[0m
2026-08-08 09:23:49 [INFO]: [0mGET /css/verify.css [36m304[0m 0.405 ms - -[0m
2026-08-08 09:23:49 [INFO]: [0mGET /js/header.js [36m304[0m 0.590 ms - -[0m
2026-08-08 09:23:49 [INFO]: [0mGET /js/notification.js [36m304[0m 0.775 ms - -[0m
2026-08-08 09:23:56 [ERROR]: Failed to create audit log: AuditLog validation failed: module: `Brand` is not a valid enum value for path `module`.
2026-08-08 09:23:56 [INFO]: Brand created : Bugs
2026-08-08 09:23:56 [INFO]: Brand created successfully.
2026-08-08 09:23:56 [INFO]: [0mPOST /admin/brands/create [36m302[0m 217.544 ms - 42[0m
2026-08-08 09:23:56 [INFO]: [0mGET /admin/brands [32m200[0m 215.528 ms - -[0m
2026-08-08 09:23:56 [INFO]: [0mGET /css/style.css [36m304[0m 0.406 ms - -[0m
2026-08-08 09:23:56 [INFO]: [0mGET /css/admin/layout.css [36m304[0m 0.533 ms - -[0m
2026-08-08 09:23:56 [INFO]: [0mGET /css/admin/users.css [36m304[0m 0.778 ms - -[0m
2026-08-08 09:23:56 [INFO]: [0mGET /css/admin/categories.css [36m304[0m 0.893 ms - -[0m
2026-08-08 09:23:56 [INFO]: [0mGET /css/admin/brands.css [36m304[0m 1.160 ms - -[0m
2026-08-08 09:23:56 [INFO]: [0mGET /css/admin/products.css [36m304[0m 1.281 ms - -[0m
2026-08-08 09:23:56 [INFO]: [0mGET /css/header.css [36m304[0m 1.580 ms - -[0m
2026-08-08 09:23:56 [INFO]: [0mGET /images/logo/plantora.png [36m304[0m 0.247 ms - -[0m
2026-08-08 09:23:56 [INFO]: [0mGET /js/admin/layout.js [36m304[0m 0.546 ms - -[0m
2026-08-08 09:23:56 [INFO]: [0mGET /js/admin/users.js [36m304[0m 0.804 ms - -[0m
2026-08-08 09:23:56 [INFO]: [0mGET /js/admin/categories.js [36m304[0m 0.996 ms - -[0m
2026-08-08 09:23:56 [INFO]: [0mGET /js/admin/brands.js [36m304[0m 1.204 ms - -[0m
2026-08-08 09:23:56 [INFO]: [0mGET /js/admin/products.js [36m304[0m 0.233 ms - -[0m
2026-08-08 09:23:56 [INFO]: [0mGET /js/header.js [36m304[0m 0.585 ms - -[0m
2026-08-08 09:23:56 [INFO]: [0mGET /js/notification.js [36m304[0m 0.276 ms - -[0m
2026-08-08 09:23:56 [INFO]: [0mGET /css/variables.css [36m304[0m 0.517 ms - -[0m
2026-08-08 09:23:56 [INFO]: [0mGET /css/utilities.css [36m304[0m 0.967 ms - -[0m
2026-08-08 09:23:56 [INFO]: [0mGET /css/animations.css [36m304[0m 0.598 ms - -[0m
2026-08-08 09:23:56 [INFO]: [0mGET /css/announcement.css [36m304[0m 1.086 ms - -[0m
2026-08-08 09:23:56 [INFO]: [0mGET /css/hero.css [36m304[0m 0.502 ms - -[0m
2026-08-08 09:23:56 [INFO]: [0mGET /css/featured.css [36m304[0m 0.962 ms - -[0m
2026-08-08 09:23:56 [INFO]: [0mGET /css/why-choose.css [36m304[0m 0.699 ms - -[0m
2026-08-08 09:23:56 [INFO]: [0mGET /css/footer.css [36m304[0m 0.780 ms - -[0m
2026-08-08 09:23:56 [INFO]: [0mGET /css/auth.css [36m304[0m 0.372 ms - -[0m
2026-08-08 09:23:56 [INFO]: [0mGET /css/verify.css [36m304[0m 0.621 ms - -[0m
2026-08-08 09:24:17 [INFO]: [0mGET /admin/products [32m200[0m 176.591 ms - -[0m
2026-08-08 09:24:17 [INFO]: [0mGET /css/style.css [36m304[0m 0.261 ms - -[0m
2026-08-08 09:24:17 [INFO]: [0mGET /css/admin/layout.css [36m304[0m 0.231 ms - -[0m
2026-08-08 09:24:17 [INFO]: [0mGET /css/admin/users.css [36m304[0m 0.201 ms - -[0m
2026-08-08 09:24:17 [INFO]: [0mGET /css/admin/categories.css [36m304[0m 0.258 ms - -[0m
2026-08-08 09:24:17 [INFO]: [0mGET /css/admin/brands.css [36m304[0m 0.395 ms - -[0m
2026-08-08 09:24:17 [INFO]: [0mGET /css/admin/products.css [36m304[0m 0.587 ms - -[0m
2026-08-08 09:24:17 [INFO]: [0mGET /css/header.css [36m304[0m 0.745 ms - -[0m
2026-08-08 09:24:17 [INFO]: [0mGET /images/logo/plantora.png [36m304[0m 0.362 ms - -[0m
2026-08-08 09:24:17 [INFO]: [0mGET /js/admin/layout.js [36m304[0m 0.131 ms - -[0m
2026-08-08 09:24:17 [INFO]: [0mGET /js/admin/users.js [36m304[0m 0.160 ms - -[0m
2026-08-08 09:24:17 [INFO]: [0mGET /js/admin/categories.js [36m304[0m 0.543 ms - -[0m
2026-08-08 09:24:17 [INFO]: [0mGET /css/variables.css [36m304[0m 0.436 ms - -[0m
2026-08-08 09:24:17 [INFO]: [0mGET /js/admin/brands.js [36m304[0m 0.774 ms - -[0m
2026-08-08 09:24:17 [INFO]: [0mGET /css/utilities.css [36m304[0m 0.576 ms - -[0m
2026-08-08 09:24:17 [INFO]: [0mGET /css/animations.css [36m304[0m 0.796 ms - -[0m
2026-08-08 09:24:17 [INFO]: [0mGET /css/announcement.css [36m304[0m 0.229 ms - -[0m
2026-08-08 09:24:17 [INFO]: [0mGET /css/hero.css [36m304[0m 0.321 ms - -[0m
2026-08-08 09:24:17 [INFO]: [0mGET /css/featured.css [36m304[0m 0.887 ms - -[0m
2026-08-08 09:24:17 [INFO]: [0mGET /css/why-choose.css [36m304[0m 0.627 ms - -[0m
2026-08-08 09:24:17 [INFO]: [0mGET /css/footer.css [36m304[0m 0.734 ms - -[0m
2026-08-08 09:24:17 [INFO]: [0mGET /css/auth.css [36m304[0m 0.263 ms - -[0m
2026-08-08 09:24:17 [INFO]: [0mGET /css/verify.css [36m304[0m 0.504 ms - -[0m
2026-08-08 09:24:17 [INFO]: [0mGET /js/admin/products.js [36m304[0m 0.284 ms - -[0m
2026-08-08 09:24:17 [INFO]: [0mGET /js/header.js [36m304[0m 0.164 ms - -[0m
2026-08-08 09:24:17 [INFO]: [0mGET /js/notification.js [36m304[0m 0.258 ms - -[0m
2026-08-08 09:24:19 [INFO]: [0mGET /admin/products/trash [36m304[0m 175.958 ms - -[0m
2026-08-08 09:24:19 [INFO]: [0mGET /css/style.css [36m304[0m 0.945 ms - -[0m
2026-08-08 09:24:19 [INFO]: [0mGET /css/admin/users.css [36m304[0m 0.972 ms - -[0m
2026-08-08 09:24:19 [INFO]: [0mGET /css/admin/layout.css [36m304[0m 1.515 ms - -[0m
2026-08-08 09:24:19 [INFO]: [0mGET /css/admin/categories.css [36m304[0m 1.588 ms - -[0m
2026-08-08 09:24:19 [INFO]: [0mGET /css/admin/brands.css [36m304[0m 1.839 ms - -[0m
2026-08-08 09:24:19 [INFO]: [0mGET /css/admin/products.css [36m304[0m 1.952 ms - -[0m
2026-08-08 09:24:19 [INFO]: [0mGET /css/header.css [36m304[0m 0.163 ms - -[0m
2026-08-08 09:24:19 [INFO]: [0mGET /images/logo/plantora.png [36m304[0m 0.469 ms - -[0m
2026-08-08 09:24:19 [INFO]: [0mGET /js/admin/layout.js [36m304[0m 0.144 ms - -[0m
2026-08-08 09:24:19 [INFO]: [0mGET /js/admin/users.js [36m304[0m 0.115 ms - -[0m
2026-08-08 09:24:19 [INFO]: [0mGET /js/admin/categories.js [36m304[0m 0.222 ms - -[0m
2026-08-08 09:24:19 [INFO]: [0mGET /js/admin/brands.js [36m304[0m 0.308 ms - -[0m
2026-08-08 09:24:19 [INFO]: [0mGET /js/admin/products.js [36m304[0m 0.428 ms - -[0m
2026-08-08 09:24:19 [INFO]: [0mGET /css/variables.css [36m304[0m 0.245 ms - -[0m
2026-08-08 09:24:19 [INFO]: [0mGET /css/utilities.css [36m304[0m 0.351 ms - -[0m
2026-08-08 09:24:19 [INFO]: [0mGET /css/animations.css [36m304[0m 0.550 ms - -[0m
2026-08-08 09:24:19 [INFO]: [0mGET /css/announcement.css [36m304[0m 0.848 ms - -[0m
2026-08-08 09:24:19 [INFO]: [0mGET /css/hero.css [36m304[0m 0.199 ms - -[0m
2026-08-08 09:24:19 [INFO]: [0mGET /css/featured.css [36m304[0m 0.326 ms - -[0m
2026-08-08 09:24:19 [INFO]: [0mGET /css/why-choose.css [36m304[0m 0.448 ms - -[0m
2026-08-08 09:24:19 [INFO]: [0mGET /css/footer.css [36m304[0m 0.202 ms - -[0m
2026-08-08 09:24:19 [INFO]: [0mGET /css/auth.css [36m304[0m 0.317 ms - -[0m
2026-08-08 09:24:19 [INFO]: [0mGET /css/verify.css [36m304[0m 0.471 ms - -[0m
2026-08-08 09:24:19 [INFO]: [0mGET /js/header.js [36m304[0m 0.094 ms - -[0m
2026-08-08 09:24:19 [INFO]: [0mGET /js/notification.js [36m304[0m 0.112 ms - -[0m
2026-08-08 09:24:20 [INFO]: [0mGET /admin/users [36m304[0m 179.347 ms - -[0m
2026-08-08 09:24:20 [INFO]: [0mGET /css/style.css [36m304[0m 0.458 ms - -[0m
2026-08-08 09:24:20 [INFO]: [0mGET /css/admin/layout.css [36m304[0m 0.679 ms - -[0m
2026-08-08 09:24:20 [INFO]: [0mGET /css/admin/users.css [36m304[0m 0.248 ms - -[0m
2026-08-08 09:24:20 [INFO]: [0mGET /css/admin/categories.css [36m304[0m 0.374 ms - -[0m
2026-08-08 09:24:20 [INFO]: [0mGET /css/admin/brands.css [36m304[0m 0.515 ms - -[0m
2026-08-08 09:24:20 [INFO]: [0mGET /css/admin/products.css [36m304[0m 0.694 ms - -[0m
2026-08-08 09:24:20 [INFO]: [0mGET /css/header.css [36m304[0m 0.094 ms - -[0m
2026-08-08 09:24:20 [INFO]: [0mGET /images/logo/plantora.png [36m304[0m 0.132 ms - -[0m
2026-08-08 09:24:20 [INFO]: [0mGET /js/admin/layout.js [36m304[0m 0.338 ms - -[0m
2026-08-08 09:24:20 [INFO]: [0mGET /js/admin/users.js [36m304[0m 0.595 ms - -[0m
2026-08-08 09:24:20 [INFO]: [0mGET /js/admin/categories.js [36m304[0m 0.827 ms - -[0m
2026-08-08 09:24:20 [INFO]: [0mGET /js/admin/brands.js [36m304[0m 0.995 ms - -[0m
2026-08-08 09:24:20 [INFO]: [0mGET /js/admin/products.js [36m304[0m 1.219 ms - -[0m
2026-08-08 09:24:20 [INFO]: [0mGET /css/variables.css [36m304[0m 0.261 ms - -[0m
2026-08-08 09:24:20 [INFO]: [0mGET /css/utilities.css [36m304[0m 0.582 ms - -[0m
2026-08-08 09:24:20 [INFO]: [0mGET /css/animations.css [36m304[0m 0.696 ms - -[0m
2026-08-08 09:24:20 [INFO]: [0mGET /css/announcement.css [36m304[0m 0.273 ms - -[0m
2026-08-08 09:24:20 [INFO]: [0mGET /css/hero.css [36m304[0m 0.359 ms - -[0m
2026-08-08 09:24:20 [INFO]: [0mGET /css/featured.css [36m304[0m 0.815 ms - -[0m
2026-08-08 09:24:20 [INFO]: [0mGET /css/why-choose.css [36m304[0m 1.180 ms - -[0m
2026-08-08 09:24:20 [INFO]: [0mGET /css/footer.css [36m304[0m 0.332 ms - -[0m
2026-08-08 09:24:20 [INFO]: [0mGET /css/auth.css [36m304[0m 0.156 ms - -[0m
2026-08-08 09:24:20 [INFO]: [0mGET /css/verify.css [36m304[0m 0.281 ms - -[0m
2026-08-08 09:24:20 [INFO]: [0mGET /js/header.js [36m304[0m 0.133 ms - -[0m
2026-08-08 09:24:20 [INFO]: [0mGET /js/notification.js [36m304[0m 0.299 ms - -[0m
2026-08-08 09:24:24 [INFO]: [0mGET /admin/users/trash [36m304[0m 216.354 ms - -[0m
2026-08-08 09:24:24 [INFO]: [0mGET /css/style.css [36m304[0m 0.522 ms - -[0m
2026-08-08 09:24:24 [INFO]: [0mGET /css/admin/layout.css [36m304[0m 0.798 ms - -[0m
2026-08-08 09:24:24 [INFO]: [0mGET /css/admin/users.css [36m304[0m 1.187 ms - -[0m
2026-08-08 09:24:24 [INFO]: [0mGET /css/admin/categories.css [36m304[0m 0.720 ms - -[0m
2026-08-08 09:24:24 [INFO]: [0mGET /css/admin/brands.css [36m304[0m 0.489 ms - -[0m
2026-08-08 09:24:24 [INFO]: [0mGET /css/admin/products.css [36m304[0m 0.680 ms - -[0m
2026-08-08 09:24:24 [INFO]: [0mGET /css/header.css [36m304[0m 0.917 ms - -[0m
2026-08-08 09:24:24 [INFO]: [0mGET /images/logo/plantora.png [36m304[0m 0.383 ms - -[0m
2026-08-08 09:24:24 [INFO]: [0mGET /js/admin/layout.js [36m304[0m 0.633 ms - -[0m
2026-08-08 09:24:24 [INFO]: [0mGET /js/admin/users.js [36m304[0m 0.757 ms - -[0m
2026-08-08 09:24:24 [INFO]: [0mGET /js/admin/categories.js [36m304[0m 0.973 ms - -[0m
2026-08-08 09:24:24 [INFO]: [0mGET /js/admin/brands.js [36m304[0m 1.230 ms - -[0m
2026-08-08 09:24:24 [INFO]: [0mGET /css/variables.css [36m304[0m 0.788 ms - -[0m
2026-08-08 09:24:24 [INFO]: [0mGET /css/animations.css [36m304[0m 0.485 ms - -[0m
2026-08-08 09:24:24 [INFO]: [0mGET /css/utilities.css [36m304[0m 1.062 ms - -[0m
2026-08-08 09:24:24 [INFO]: [0mGET /css/announcement.css [36m304[0m 1.077 ms - -[0m
2026-08-08 09:24:24 [INFO]: [0mGET /css/hero.css [36m304[0m 1.210 ms - -[0m
2026-08-08 09:24:24 [INFO]: [0mGET /css/featured.css [36m304[0m 1.812 ms - -[0m
2026-08-08 09:24:24 [INFO]: [0mGET /css/why-choose.css [36m304[0m 0.738 ms - -[0m
2026-08-08 09:24:24 [INFO]: [0mGET /css/footer.css [36m304[0m 0.446 ms - -[0m
2026-08-08 09:24:24 [INFO]: [0mGET /css/auth.css [36m304[0m 0.714 ms - -[0m
2026-08-08 09:24:24 [INFO]: [0mGET /css/verify.css [36m304[0m 0.550 ms - -[0m
2026-08-08 09:24:24 [INFO]: [0mGET /js/admin/products.js [36m304[0m 0.813 ms - -[0m
2026-08-08 09:24:24 [INFO]: [0mGET /js/header.js [36m304[0m 0.492 ms - -[0m
2026-08-08 09:24:24 [INFO]: [0mGET /js/notification.js [36m304[0m 0.732 ms - -[0m
2026-08-08 09:24:26 [INFO]: [0mGET /admin/categories [36m304[0m 223.973 ms - -[0m
2026-08-08 09:24:26 [INFO]: [0mGET /css/style.css [36m304[0m 0.384 ms - -[0m
2026-08-08 09:24:26 [INFO]: [0mGET /css/admin/layout.css [36m304[0m 0.815 ms - -[0m
2026-08-08 09:24:26 [INFO]: [0mGET /css/admin/users.css [36m304[0m 0.186 ms - -[0m
2026-08-08 09:24:26 [INFO]: [0mGET /css/admin/categories.css [36m304[0m 0.470 ms - -[0m
2026-08-08 09:24:26 [INFO]: [0mGET /css/admin/brands.css [36m304[0m 0.406 ms - -[0m
2026-08-08 09:24:26 [INFO]: [0mGET /css/admin/products.css [36m304[0m 0.498 ms - -[0m
2026-08-08 09:24:26 [INFO]: [0mGET /css/header.css [36m304[0m 0.854 ms - -[0m
2026-08-08 09:24:26 [INFO]: [0mGET /images/logo/plantora.png [36m304[0m 0.297 ms - -[0m
2026-08-08 09:24:26 [INFO]: [0mGET /js/admin/layout.js [36m304[0m 0.195 ms - -[0m
2026-08-08 09:24:26 [INFO]: [0mGET /js/admin/users.js [36m304[0m 0.244 ms - -[0m
2026-08-08 09:24:26 [INFO]: [0mGET /js/admin/categories.js [36m304[0m 0.444 ms - -[0m
2026-08-08 09:24:26 [INFO]: [0mGET /js/admin/brands.js [36m304[0m 0.593 ms - -[0m
2026-08-08 09:24:26 [INFO]: [0mGET /js/admin/products.js [36m304[0m 0.485 ms - -[0m
2026-08-08 09:24:26 [INFO]: [0mGET /css/variables.css [36m304[0m 0.149 ms - -[0m
2026-08-08 09:24:26 [INFO]: [0mGET /css/utilities.css [36m304[0m 0.522 ms - -[0m
2026-08-08 09:24:26 [INFO]: [0mGET /css/animations.css [36m304[0m 0.663 ms - -[0m
2026-08-08 09:24:26 [INFO]: [0mGET /css/announcement.css [36m304[0m 0.808 ms - -[0m
2026-08-08 09:24:26 [INFO]: [0mGET /css/hero.css [36m304[0m 0.961 ms - -[0m
2026-08-08 09:24:26 [INFO]: [0mGET /css/featured.css [36m304[0m 1.250 ms - -[0m
2026-08-08 09:24:26 [INFO]: [0mGET /css/why-choose.css [36m304[0m 0.379 ms - -[0m
2026-08-08 09:24:26 [INFO]: [0mGET /css/footer.css [36m304[0m 0.206 ms - -[0m
2026-08-08 09:24:26 [INFO]: [0mGET /css/auth.css [36m304[0m 0.291 ms - -[0m
2026-08-08 09:24:26 [INFO]: [0mGET /css/verify.css [36m304[0m 0.917 ms - -[0m
2026-08-08 09:24:26 [INFO]: [0mGET /js/header.js [36m304[0m 0.416 ms - -[0m
2026-08-08 09:24:26 [INFO]: [0mGET /js/notification.js [36m304[0m 0.165 ms - -[0m
2026-08-08 09:24:27 [INFO]: [0mGET /admin/brands [36m304[0m 215.193 ms - -[0m
2026-08-08 09:24:27 [INFO]: [0mGET /css/style.css [36m304[0m 0.945 ms - -[0m
2026-08-08 09:24:27 [INFO]: [0mGET /css/admin/layout.css [36m304[0m 1.194 ms - -[0m
2026-08-08 09:24:27 [INFO]: [0mGET /css/admin/users.css [36m304[0m 1.173 ms - -[0m
2026-08-08 09:24:27 [INFO]: [0mGET /css/admin/categories.css [36m304[0m 1.598 ms - -[0m
2026-08-08 09:24:27 [INFO]: [0mGET /css/admin/brands.css [36m304[0m 0.365 ms - -[0m
2026-08-08 09:24:27 [INFO]: [0mGET /css/admin/products.css [36m304[0m 0.424 ms - -[0m
2026-08-08 09:24:27 [INFO]: [0mGET /css/header.css [36m304[0m 0.151 ms - -[0m
2026-08-08 09:24:27 [INFO]: [0mGET /images/logo/plantora.png [36m304[0m 0.283 ms - -[0m
2026-08-08 09:24:27 [INFO]: [0mGET /js/admin/layout.js [36m304[0m 0.368 ms - -[0m
2026-08-08 09:24:27 [INFO]: [0mGET /js/admin/users.js [36m304[0m 0.529 ms - -[0m
2026-08-08 09:24:27 [INFO]: [0mGET /js/admin/categories.js [36m304[0m 0.743 ms - -[0m
2026-08-08 09:24:27 [INFO]: [0mGET /js/admin/brands.js [36m304[0m 1.001 ms - -[0m
2026-08-08 09:24:27 [INFO]: [0mGET /js/admin/products.js [36m304[0m 1.544 ms - -[0m
2026-08-08 09:24:27 [INFO]: [0mGET /js/header.js [36m304[0m 0.537 ms - -[0m
2026-08-08 09:24:27 [INFO]: [0mGET /css/variables.css [36m304[0m 0.289 ms - -[0m
2026-08-08 09:24:27 [INFO]: [0mGET /css/utilities.css [36m304[0m 0.246 ms - -[0m
2026-08-08 09:24:27 [INFO]: [0mGET /css/animations.css [36m304[0m 0.465 ms - -[0m
2026-08-08 09:24:27 [INFO]: [0mGET /css/announcement.css [36m304[0m 0.647 ms - -[0m
2026-08-08 09:24:27 [INFO]: [0mGET /css/hero.css [36m304[0m 0.319 ms - -[0m
2026-08-08 09:24:27 [INFO]: [0mGET /css/featured.css [36m304[0m 0.548 ms - -[0m
2026-08-08 09:24:27 [INFO]: [0mGET /css/why-choose.css [36m304[0m 0.305 ms - -[0m
2026-08-08 09:24:27 [INFO]: [0mGET /css/footer.css [36m304[0m 0.578 ms - -[0m
2026-08-08 09:24:27 [INFO]: [0mGET /css/auth.css [36m304[0m 0.877 ms - -[0m
2026-08-08 09:24:27 [INFO]: [0mGET /css/verify.css [36m304[0m 1.160 ms - -[0m
2026-08-08 09:24:27 [INFO]: [0mGET /js/notification.js [36m304[0m 0.277 ms - -[0m
2026-08-08 09:24:28 [INFO]: [0mGET /admin/products [36m304[0m 175.803 ms - -[0m
2026-08-08 09:24:28 [INFO]: [0mGET /css/style.css [36m304[0m 1.115 ms - -[0m
2026-08-08 09:24:28 [INFO]: [0mGET /css/admin/layout.css [36m304[0m 0.971 ms - -[0m
2026-08-08 09:24:28 [INFO]: [0mGET /css/admin/users.css [36m304[0m 1.521 ms - -[0m
2026-08-08 09:24:28 [INFO]: [0mGET /css/admin/categories.css [36m304[0m 0.748 ms - -[0m
2026-08-08 09:24:28 [INFO]: [0mGET /css/admin/brands.css [36m304[0m 1.017 ms - -[0m
2026-08-08 09:24:28 [INFO]: [0mGET /css/admin/products.css [36m304[0m 1.261 ms - -[0m
2026-08-08 09:24:28 [INFO]: [0mGET /css/header.css [36m304[0m 0.307 ms - -[0m
2026-08-08 09:24:28 [INFO]: [0mGET /images/logo/plantora.png [36m304[0m 0.255 ms - -[0m
2026-08-08 09:24:28 [INFO]: [0mGET /js/admin/layout.js [36m304[0m 0.181 ms - -[0m
2026-08-08 09:24:28 [INFO]: [0mGET /js/admin/users.js [36m304[0m 0.146 ms - -[0m
2026-08-08 09:24:28 [INFO]: [0mGET /js/admin/categories.js [36m304[0m 0.105 ms - -[0m
2026-08-08 09:24:28 [INFO]: [0mGET /js/admin/brands.js [36m304[0m 0.166 ms - -[0m
2026-08-08 09:24:28 [INFO]: [0mGET /js/admin/products.js [36m304[0m 0.389 ms - -[0m
2026-08-08 09:24:28 [INFO]: [0mGET /js/header.js [36m304[0m 0.129 ms - -[0m
2026-08-08 09:24:28 [INFO]: [0mGET /css/variables.css [36m304[0m 0.202 ms - -[0m
2026-08-08 09:24:28 [INFO]: [0mGET /js/notification.js [36m304[0m 0.167 ms - -[0m
2026-08-08 09:24:28 [INFO]: [0mGET /css/utilities.css [36m304[0m 0.382 ms - -[0m
2026-08-08 09:24:28 [INFO]: [0mGET /css/animations.css [36m304[0m 0.483 ms - -[0m
2026-08-08 09:24:28 [INFO]: [0mGET /css/announcement.css [36m304[0m 0.458 ms - -[0m
2026-08-08 09:24:28 [INFO]: [0mGET /css/hero.css [36m304[0m 0.203 ms - -[0m
2026-08-08 09:24:28 [INFO]: [0mGET /css/featured.css [36m304[0m 0.290 ms - -[0m
2026-08-08 09:24:28 [INFO]: [0mGET /css/why-choose.css [36m304[0m 0.604 ms - -[0m
2026-08-08 09:24:28 [INFO]: [0mGET /css/footer.css [36m304[0m 0.202 ms - -[0m
2026-08-08 09:24:28 [INFO]: [0mGET /css/auth.css [36m304[0m 0.315 ms - -[0m
2026-08-08 09:24:28 [INFO]: [0mGET /css/verify.css [36m304[0m 0.609 ms - -[0m
2026-08-08 09:24:34 [INFO]: [0mGET /admin/products/trash [36m304[0m 174.254 ms - -[0m
2026-08-08 09:24:34 [INFO]: [0mGET /css/style.css [36m304[0m 0.266 ms - -[0m
2026-08-08 09:24:34 [INFO]: [0mGET /css/admin/layout.css [36m304[0m 0.329 ms - -[0m
2026-08-08 09:24:34 [INFO]: [0mGET /css/admin/users.css [36m304[0m 0.307 ms - -[0m
2026-08-08 09:24:34 [INFO]: [0mGET /css/admin/categories.css [36m304[0m 0.512 ms - -[0m
2026-08-08 09:24:34 [INFO]: [0mGET /css/admin/brands.css [36m304[0m 0.922 ms - -[0m
2026-08-08 09:24:34 [INFO]: [0mGET /css/admin/products.css [36m304[0m 0.411 ms - -[0m
2026-08-08 09:24:34 [INFO]: [0mGET /css/header.css [36m304[0m 0.656 ms - -[0m
2026-08-08 09:24:34 [INFO]: [0mGET /images/logo/plantora.png [36m304[0m 0.228 ms - -[0m
2026-08-08 09:24:34 [INFO]: [0mGET /js/admin/layout.js [36m304[0m 0.266 ms - -[0m
2026-08-08 09:24:34 [INFO]: [0mGET /js/admin/categories.js [36m304[0m 0.157 ms - -[0m
2026-08-08 09:24:34 [INFO]: [0mGET /js/admin/users.js [36m304[0m 0.555 ms - -[0m
2026-08-08 09:24:34 [INFO]: [0mGET /js/admin/brands.js [36m304[0m 0.762 ms - -[0m
2026-08-08 09:24:34 [INFO]: [0mGET /js/admin/products.js [36m304[0m 1.182 ms - -[0m
2026-08-08 09:24:34 [INFO]: [0mGET /css/variables.css [36m304[0m 0.191 ms - -[0m
2026-08-08 09:24:34 [INFO]: [0mGET /css/utilities.css [36m304[0m 0.226 ms - -[0m
2026-08-08 09:24:34 [INFO]: [0mGET /css/animations.css [36m304[0m 0.685 ms - -[0m
2026-08-08 09:24:34 [INFO]: [0mGET /css/announcement.css [36m304[0m 0.749 ms - -[0m
2026-08-08 09:24:34 [INFO]: [0mGET /css/hero.css [36m304[0m 0.942 ms - -[0m
2026-08-08 09:24:34 [INFO]: [0mGET /css/featured.css [36m304[0m 1.264 ms - -[0m
2026-08-08 09:24:34 [INFO]: [0mGET /css/why-choose.css [36m304[0m 1.130 ms - -[0m
2026-08-08 09:24:34 [INFO]: [0mGET /css/footer.css [36m304[0m 1.417 ms - -[0m
2026-08-08 09:24:34 [INFO]: [0mGET /css/auth.css [36m304[0m 1.553 ms - -[0m
2026-08-08 09:24:34 [INFO]: [0mGET /css/verify.css [36m304[0m 0.632 ms - -[0m
2026-08-08 09:24:34 [INFO]: [0mGET /js/header.js [36m304[0m 0.400 ms - -[0m
2026-08-08 09:24:34 [INFO]: [0mGET /js/notification.js [36m304[0m 0.201 ms - -[0m
2026-08-08 09:24:37 [INFO]: [0mGET /admin/products [36m304[0m 174.530 ms - -[0m
2026-08-08 09:24:37 [INFO]: [0mGET /css/style.css [36m304[0m 0.374 ms - -[0m
2026-08-08 09:24:37 [INFO]: [0mGET /css/admin/layout.css [36m304[0m 0.770 ms - -[0m
2026-08-08 09:24:37 [INFO]: [0mGET /css/admin/users.css [36m304[0m 1.134 ms - -[0m
2026-08-08 09:24:37 [INFO]: [0mGET /css/admin/categories.css [36m304[0m 1.512 ms - -[0m
2026-08-08 09:24:37 [INFO]: [0mGET /css/admin/brands.css [36m304[0m 0.193 ms - -[0m
2026-08-08 09:24:37 [INFO]: [0mGET /css/admin/products.css [36m304[0m 0.273 ms - -[0m
2026-08-08 09:24:37 [INFO]: [0mGET /css/header.css [36m304[0m 0.431 ms - -[0m
2026-08-08 09:24:37 [INFO]: [0mGET /images/logo/plantora.png [36m304[0m 0.315 ms - -[0m
2026-08-08 09:24:37 [INFO]: [0mGET /js/admin/layout.js [36m304[0m 0.294 ms - -[0m
2026-08-08 09:24:37 [INFO]: [0mGET /js/admin/users.js [36m304[0m 0.114 ms - -[0m
2026-08-08 09:24:37 [INFO]: [0mGET /js/admin/categories.js [36m304[0m 0.177 ms - -[0m
2026-08-08 09:24:37 [INFO]: [0mGET /css/variables.css [36m304[0m 0.532 ms - -[0m
2026-08-08 09:24:37 [INFO]: [0mGET /js/admin/brands.js [36m304[0m 0.586 ms - -[0m
2026-08-08 09:24:37 [INFO]: [0mGET /css/utilities.css [36m304[0m 0.363 ms - -[0m
2026-08-08 09:24:37 [INFO]: [0mGET /css/animations.css [36m304[0m 0.517 ms - -[0m
2026-08-08 09:24:37 [INFO]: [0mGET /css/announcement.css [36m304[0m 0.710 ms - -[0m
2026-08-08 09:24:37 [INFO]: [0mGET /css/hero.css [36m304[0m 0.722 ms - -[0m
2026-08-08 09:24:37 [INFO]: [0mGET /css/featured.css [36m304[0m 0.596 ms - -[0m
2026-08-08 09:24:37 [INFO]: [0mGET /css/why-choose.css [36m304[0m 0.736 ms - -[0m
2026-08-08 09:24:37 [INFO]: [0mGET /css/footer.css [36m304[0m 0.419 ms - -[0m
2026-08-08 09:24:37 [INFO]: [0mGET /css/auth.css [36m304[0m 0.576 ms - -[0m
2026-08-08 09:24:37 [INFO]: [0mGET /css/verify.css [36m304[0m 0.729 ms - -[0m
2026-08-08 09:24:37 [INFO]: [0mGET /js/admin/products.js [36m304[0m 0.135 ms - -[0m
2026-08-08 09:24:37 [INFO]: [0mGET /js/header.js [36m304[0m 0.108 ms - -[0m
2026-08-08 09:24:37 [INFO]: [0mGET /js/notification.js [36m304[0m 0.189 ms - -[0m
2026-08-08 09:36:45 [INFO]: [0mGET /admin/products [36m304[0m 175.652 ms - -[0m
2026-08-08 09:36:45 [INFO]: [0mGET /css/style.css [36m304[0m 0.440 ms - -[0m
2026-08-08 09:36:45 [INFO]: [0mGET /css/admin/layout.css [36m304[0m 0.664 ms - -[0m
2026-08-08 09:36:45 [INFO]: [0mGET /css/admin/users.css [36m304[0m 0.559 ms - -[0m
2026-08-08 09:36:45 [INFO]: [0mGET /css/header.css [36m304[0m 0.497 ms - -[0m
2026-08-08 09:36:45 [INFO]: [0mGET /css/admin/categories.css [36m304[0m 0.622 ms - -[0m
2026-08-08 09:36:45 [INFO]: [0mGET /css/admin/brands.css [36m304[0m 0.741 ms - -[0m
2026-08-08 09:36:45 [INFO]: [0mGET /images/logo/plantora.png [36m304[0m 0.323 ms - -[0m
2026-08-08 09:36:45 [INFO]: [0mGET /css/admin/products.css [32m200[0m 1.617 ms - -[0m
2026-08-08 09:36:45 [INFO]: [0mGET /js/admin/layout.js [36m304[0m 1.658 ms - -[0m
2026-08-08 09:36:45 [INFO]: [0mGET /js/admin/users.js [36m304[0m 2.009 ms - -[0m
2026-08-08 09:36:45 [INFO]: [0mGET /js/admin/categories.js [36m304[0m 1.979 ms - -[0m
2026-08-08 09:36:45 [INFO]: [0mGET /js/admin/brands.js [36m304[0m 2.078 ms - -[0m
2026-08-08 09:36:45 [INFO]: [0mGET /js/admin/products.js [36m304[0m 2.248 ms - -[0m
2026-08-08 09:36:45 [INFO]: [0mGET /js/header.js [36m304[0m 2.284 ms - -[0m
2026-08-08 09:36:45 [INFO]: [0mGET /css/variables.css [36m304[0m 0.366 ms - -[0m
2026-08-08 09:36:45 [INFO]: [0mGET /css/utilities.css [36m304[0m 0.798 ms - -[0m
2026-08-08 09:36:45 [INFO]: [0mGET /css/animations.css [36m304[0m 0.568 ms - -[0m
2026-08-08 09:36:45 [INFO]: [0mGET /css/announcement.css [36m304[0m 0.638 ms - -[0m
2026-08-08 09:36:45 [INFO]: [0mGET /css/hero.css [36m304[0m 0.752 ms - -[0m
2026-08-08 09:36:45 [INFO]: [0mGET /css/featured.css [36m304[0m 1.079 ms - -[0m
2026-08-08 09:36:45 [INFO]: [0mGET /css/why-choose.css [36m304[0m 0.350 ms - -[0m
2026-08-08 09:36:45 [INFO]: [0mGET /css/footer.css [36m304[0m 0.607 ms - -[0m
2026-08-08 09:36:45 [INFO]: [0mGET /css/auth.css [36m304[0m 0.499 ms - -[0m
2026-08-08 09:36:45 [INFO]: [0mGET /css/verify.css [36m304[0m 0.810 ms - -[0m
2026-08-08 09:36:45 [INFO]: [0mGET /js/notification.js [36m304[0m 0.147 ms - -[0m
2026-08-08 09:36:55 [INFO]: [0mGET /admin/brands [36m304[0m 222.156 ms - -[0m
2026-08-08 09:36:55 [INFO]: [0mGET /css/style.css [36m304[0m 0.336 ms - -[0m
2026-08-08 09:36:55 [INFO]: [0mGET /css/admin/layout.css [36m304[0m 0.831 ms - -[0m
2026-08-08 09:36:55 [INFO]: [0mGET /css/admin/users.css [36m304[0m 0.882 ms - -[0m
2026-08-08 09:36:55 [INFO]: [0mGET /css/admin/brands.css [36m304[0m 1.017 ms - -[0m
2026-08-08 09:36:55 [INFO]: [0mGET /css/admin/categories.css [36m304[0m 1.272 ms - -[0m
2026-08-08 09:36:55 [INFO]: [0mGET /css/admin/products.css [36m304[0m 1.599 ms - -[0m
2026-08-08 09:36:55 [INFO]: [0mGET /css/header.css [36m304[0m 0.932 ms - -[0m
2026-08-08 09:36:55 [INFO]: [0mGET /images/logo/plantora.png [36m304[0m 0.391 ms - -[0m
2026-08-08 09:36:55 [INFO]: [0mGET /js/admin/layout.js [36m304[0m 0.266 ms - -[0m
2026-08-08 09:36:55 [INFO]: [0mGET /js/admin/users.js [36m304[0m 0.376 ms - -[0m
2026-08-08 09:36:55 [INFO]: [0mGET /js/admin/categories.js [36m304[0m 0.525 ms - -[0m
2026-08-08 09:36:55 [INFO]: [0mGET /js/admin/brands.js [36m304[0m 0.751 ms - -[0m
2026-08-08 09:36:55 [INFO]: [0mGET /css/variables.css [36m304[0m 0.352 ms - -[0m
2026-08-08 09:36:55 [INFO]: [0mGET /css/utilities.css [36m304[0m 0.526 ms - -[0m
2026-08-08 09:36:55 [INFO]: [0mGET /js/admin/products.js [36m304[0m 0.652 ms - -[0m
2026-08-08 09:36:55 [INFO]: [0mGET /css/animations.css [36m304[0m 0.356 ms - -[0m
2026-08-08 09:36:55 [INFO]: [0mGET /css/announcement.css [36m304[0m 0.575 ms - -[0m
2026-08-08 09:36:55 [INFO]: [0mGET /css/hero.css [36m304[0m 0.725 ms - -[0m
2026-08-08 09:36:55 [INFO]: [0mGET /css/featured.css [36m304[0m 0.415 ms - -[0m
2026-08-08 09:36:55 [INFO]: [0mGET /css/why-choose.css [36m304[0m 0.578 ms - -[0m
2026-08-08 09:36:55 [INFO]: [0mGET /css/footer.css [36m304[0m 1.004 ms - -[0m
2026-08-08 09:36:55 [INFO]: [0mGET /css/auth.css [36m304[0m 0.505 ms - -[0m
2026-08-08 09:36:55 [INFO]: [0mGET /css/verify.css [36m304[0m 1.077 ms - -[0m
2026-08-08 09:36:55 [INFO]: [0mGET /js/header.js [36m304[0m 0.742 ms - -[0m
2026-08-08 09:36:55 [INFO]: [0mGET /js/notification.js [36m304[0m 0.193 ms - -[0m
2026-08-08 09:36:57 [INFO]: [0mGET /admin/categories [36m304[0m 219.988 ms - -[0m
2026-08-08 09:36:57 [INFO]: [0mGET /css/style.css [36m304[0m 0.836 ms - -[0m
2026-08-08 09:36:57 [INFO]: [0mGET /css/admin/layout.css [36m304[0m 0.914 ms - -[0m
2026-08-08 09:36:57 [INFO]: [0mGET /css/admin/users.css [36m304[0m 0.859 ms - -[0m
2026-08-08 09:36:57 [INFO]: [0mGET /css/admin/categories.css [36m304[0m 0.959 ms - -[0m
2026-08-08 09:36:57 [INFO]: [0mGET /css/admin/brands.css [36m304[0m 1.184 ms - -[0m
2026-08-08 09:36:57 [INFO]: [0mGET /css/admin/products.css [36m304[0m 0.421 ms - -[0m
2026-08-08 09:36:57 [INFO]: [0mGET /css/header.css [36m304[0m 0.312 ms - -[0m
2026-08-08 09:36:57 [INFO]: [0mGET /images/logo/plantora.png [36m304[0m 0.240 ms - -[0m
2026-08-08 09:36:57 [INFO]: [0mGET /js/admin/layout.js [36m304[0m 0.176 ms - -[0m
2026-08-08 09:36:57 [INFO]: [0mGET /js/admin/users.js [36m304[0m 0.191 ms - -[0m
2026-08-08 09:36:57 [INFO]: [0mGET /css/variables.css [36m304[0m 0.182 ms - -[0m
2026-08-08 09:36:57 [INFO]: [0mGET /js/admin/categories.js [36m304[0m 0.536 ms - -[0m
2026-08-08 09:36:57 [INFO]: [0mGET /js/admin/brands.js [36m304[0m 0.827 ms - -[0m
2026-08-08 09:36:57 [INFO]: [0mGET /css/utilities.css [36m304[0m 0.181 ms - -[0m
2026-08-08 09:36:57 [INFO]: [0mGET /js/admin/products.js [36m304[0m 0.315 ms - -[0m
2026-08-08 09:36:57 [INFO]: [0mGET /css/animations.css [36m304[0m 0.473 ms - -[0m
2026-08-08 09:36:57 [INFO]: [0mGET /css/announcement.css [36m304[0m 0.131 ms - -[0m
2026-08-08 09:36:57 [INFO]: [0mGET /css/hero.css [36m304[0m 0.369 ms - -[0m
2026-08-08 09:36:57 [INFO]: [0mGET /css/featured.css [36m304[0m 0.504 ms - -[0m
2026-08-08 09:36:57 [INFO]: [0mGET /css/why-choose.css [36m304[0m 1.011 ms - -[0m
2026-08-08 09:36:57 [INFO]: [0mGET /css/footer.css [36m304[0m 0.716 ms - -[0m
2026-08-08 09:36:57 [INFO]: [0mGET /css/auth.css [36m304[0m 0.833 ms - -[0m
2026-08-08 09:36:57 [INFO]: [0mGET /css/verify.css [36m304[0m 0.289 ms - -[0m
2026-08-08 09:36:57 [INFO]: [0mGET /js/header.js [36m304[0m 0.180 ms - -[0m
2026-08-08 09:36:57 [INFO]: [0mGET /js/notification.js [36m304[0m 0.373 ms - -[0m
2026-08-08 09:36:58 [INFO]: [0mGET /admin/users/trash [36m304[0m 252.252 ms - -[0m
2026-08-08 09:36:58 [INFO]: [0mGET /css/style.css [36m304[0m 1.729 ms - -[0m
2026-08-08 09:36:58 [INFO]: [0mGET /css/admin/layout.css [36m304[0m 1.964 ms - -[0m
2026-08-08 09:36:58 [INFO]: [0mGET /css/admin/users.css [36m304[0m 2.553 ms - -[0m
2026-08-08 09:36:58 [INFO]: [0mGET /css/admin/categories.css [36m304[0m 2.762 ms - -[0m
2026-08-08 09:36:58 [INFO]: [0mGET /css/admin/brands.css [36m304[0m 3.008 ms - -[0m
2026-08-08 09:36:58 [INFO]: [0mGET /css/admin/products.css [36m304[0m 3.165 ms - -[0m
2026-08-08 09:36:58 [INFO]: [0mGET /css/header.css [36m304[0m 0.352 ms - -[0m
2026-08-08 09:36:58 [INFO]: [0mGET /images/logo/plantora.png [36m304[0m 0.350 ms - -[0m
2026-08-08 09:36:58 [INFO]: [0mGET /js/admin/layout.js [36m304[0m 0.280 ms - -[0m
2026-08-08 09:36:58 [INFO]: [0mGET /js/admin/users.js [36m304[0m 0.294 ms - -[0m
2026-08-08 09:36:58 [INFO]: [0mGET /js/admin/categories.js [36m304[0m 0.530 ms - -[0m
2026-08-08 09:36:58 [INFO]: [0mGET /js/admin/brands.js [36m304[0m 0.843 ms - -[0m
2026-08-08 09:36:58 [INFO]: [0mGET /css/variables.css [36m304[0m 0.242 ms - -[0m
2026-08-08 09:36:58 [INFO]: [0mGET /css/utilities.css [36m304[0m 0.230 ms - -[0m
2026-08-08 09:36:58 [INFO]: [0mGET /css/animations.css [36m304[0m 0.126 ms - -[0m
2026-08-08 09:36:58 [INFO]: [0mGET /css/announcement.css [36m304[0m 0.146 ms - -[0m
2026-08-08 09:36:58 [INFO]: [0mGET /css/hero.css [36m304[0m 0.384 ms - -[0m
2026-08-08 09:36:58 [INFO]: [0mGET /css/featured.css [36m304[0m 0.185 ms - -[0m
2026-08-08 09:36:58 [INFO]: [0mGET /css/why-choose.css [36m304[0m 0.289 ms - -[0m
2026-08-08 09:36:58 [INFO]: [0mGET /css/footer.css [36m304[0m 0.644 ms - -[0m
2026-08-08 09:36:58 [INFO]: [0mGET /css/auth.css [36m304[0m 0.847 ms - -[0m
2026-08-08 09:36:58 [INFO]: [0mGET /css/verify.css [36m304[0m 1.108 ms - -[0m
2026-08-08 09:36:58 [INFO]: [0mGET /js/admin/products.js [36m304[0m 0.275 ms - -[0m
2026-08-08 09:36:58 [INFO]: [0mGET /js/header.js [36m304[0m 0.220 ms - -[0m
2026-08-08 09:36:58 [INFO]: [0mGET /js/notification.js [36m304[0m 0.231 ms - -[0m
2026-08-08 09:36:59 [INFO]: [0mGET /admin/users [36m304[0m 223.619 ms - -[0m
2026-08-08 09:36:59 [INFO]: [0mGET /css/style.css [36m304[0m 0.767 ms - -[0m
2026-08-08 09:36:59 [INFO]: [0mGET /css/admin/users.css [36m304[0m 0.952 ms - -[0m
2026-08-08 09:36:59 [INFO]: [0mGET /css/admin/layout.css [36m304[0m 1.542 ms - -[0m
2026-08-08 09:36:59 [INFO]: [0mGET /css/admin/categories.css [36m304[0m 0.806 ms - -[0m
2026-08-08 09:36:59 [INFO]: [0mGET /css/admin/brands.css [36m304[0m 0.802 ms - -[0m
2026-08-08 09:36:59 [INFO]: [0mGET /css/admin/products.css [36m304[0m 0.850 ms - -[0m
2026-08-08 09:36:59 [INFO]: [0mGET /css/header.css [36m304[0m 0.967 ms - -[0m
2026-08-08 09:36:59 [INFO]: [0mGET /images/logo/plantora.png [36m304[0m 0.221 ms - -[0m
2026-08-08 09:36:59 [INFO]: [0mGET /js/admin/users.js [36m304[0m 0.158 ms - -[0m
2026-08-08 09:36:59 [INFO]: [0mGET /js/admin/categories.js [36m304[0m 0.466 ms - -[0m
2026-08-08 09:36:59 [INFO]: [0mGET /js/admin/layout.js [36m304[0m 0.884 ms - -[0m
2026-08-08 09:36:59 [INFO]: [0mGET /js/admin/brands.js [36m304[0m 0.889 ms - -[0m
2026-08-08 09:36:59 [INFO]: [0mGET /js/admin/products.js [36m304[0m 0.105 ms - -[0m
2026-08-08 09:36:59 [INFO]: [0mGET /css/variables.css [36m304[0m 0.287 ms - -[0m
2026-08-08 09:36:59 [INFO]: [0mGET /css/utilities.css [36m304[0m 0.381 ms - -[0m
2026-08-08 09:36:59 [INFO]: [0mGET /css/animations.css [36m304[0m 0.160 ms - -[0m
2026-08-08 09:36:59 [INFO]: [0mGET /css/announcement.css [36m304[0m 0.305 ms - -[0m
2026-08-08 09:36:59 [INFO]: [0mGET /css/hero.css [36m304[0m 0.379 ms - -[0m
2026-08-08 09:36:59 [INFO]: [0mGET /css/featured.css [36m304[0m 0.582 ms - -[0m
2026-08-08 09:36:59 [INFO]: [0mGET /css/why-choose.css [36m304[0m 0.497 ms - -[0m
2026-08-08 09:36:59 [INFO]: [0mGET /css/footer.css [36m304[0m 0.480 ms - -[0m
2026-08-08 09:36:59 [INFO]: [0mGET /css/auth.css [36m304[0m 0.777 ms - -[0m
2026-08-08 09:36:59 [INFO]: [0mGET /css/verify.css [36m304[0m 0.845 ms - -[0m
2026-08-08 09:36:59 [INFO]: [0mGET /js/header.js [36m304[0m 0.158 ms - -[0m
2026-08-08 09:36:59 [INFO]: [0mGET /js/notification.js [36m304[0m 0.103 ms - -[0m
2026-08-08 09:37:11 [INFO]: [0mGET /admin/users/trash [36m304[0m 215.177 ms - -[0m
2026-08-08 09:37:11 [INFO]: [0mGET /css/style.css [36m304[0m 0.409 ms - -[0m
2026-08-08 09:37:11 [INFO]: [0mGET /css/admin/layout.css [36m304[0m 0.775 ms - -[0m
2026-08-08 09:37:11 [INFO]: [0mGET /css/admin/brands.css [36m304[0m 0.255 ms - -[0m
2026-08-08 09:37:11 [INFO]: [0mGET /css/admin/users.css [36m304[0m 0.414 ms - -[0m
2026-08-08 09:37:11 [INFO]: [0mGET /css/admin/categories.css [36m304[0m 0.369 ms - -[0m
2026-08-08 09:37:11 [INFO]: [0mGET /css/admin/products.css [36m304[0m 0.416 ms - -[0m
2026-08-08 09:37:11 [INFO]: [0mGET /css/header.css [36m304[0m 0.573 ms - -[0m
2026-08-08 09:37:11 [INFO]: [0mGET /images/logo/plantora.png [36m304[0m 0.413 ms - -[0m
2026-08-08 09:37:11 [INFO]: [0mGET /js/admin/layout.js [36m304[0m 0.799 ms - -[0m
2026-08-08 09:37:11 [INFO]: [0mGET /js/admin/users.js [36m304[0m 0.216 ms - -[0m
2026-08-08 09:37:11 [INFO]: [0mGET /js/admin/categories.js [36m304[0m 0.537 ms - -[0m
2026-08-08 09:37:11 [INFO]: [0mGET /js/admin/brands.js [36m304[0m 0.768 ms - -[0m
2026-08-08 09:37:11 [INFO]: [0mGET /css/variables.css [36m304[0m 0.274 ms - -[0m
2026-08-08 09:37:11 [INFO]: [0mGET /css/utilities.css [36m304[0m 0.410 ms - -[0m
2026-08-08 09:37:11 [INFO]: [0mGET /css/animations.css [36m304[0m 0.322 ms - -[0m
2026-08-08 09:37:11 [INFO]: [0mGET /css/announcement.css [36m304[0m 0.448 ms - -[0m
2026-08-08 09:37:11 [INFO]: [0mGET /css/hero.css [36m304[0m 0.700 ms - -[0m
2026-08-08 09:37:11 [INFO]: [0mGET /css/featured.css [36m304[0m 1.023 ms - -[0m
2026-08-08 09:37:11 [INFO]: [0mGET /css/why-choose.css [36m304[0m 0.918 ms - -[0m
2026-08-08 09:37:11 [INFO]: [0mGET /css/footer.css [36m304[0m 0.921 ms - -[0m
2026-08-08 09:37:11 [INFO]: [0mGET /css/auth.css [36m304[0m 0.944 ms - -[0m
2026-08-08 09:37:11 [INFO]: [0mGET /css/verify.css [36m304[0m 0.995 ms - -[0m
2026-08-08 09:37:11 [INFO]: [0mGET /js/admin/products.js [36m304[0m 0.190 ms - -[0m
2026-08-08 09:37:11 [INFO]: [0mGET /js/header.js [36m304[0m 0.315 ms - -[0m
2026-08-08 09:37:11 [INFO]: [0mGET /js/notification.js [36m304[0m 0.113 ms - -[0m
2026-08-08 09:37:13 [INFO]: [0mGET /admin/categories [36m304[0m 246.759 ms - -[0m
2026-08-08 09:37:13 [INFO]: [0mGET /css/style.css [36m304[0m 1.113 ms - -[0m
2026-08-08 09:37:13 [INFO]: [0mGET /css/admin/layout.css [36m304[0m 1.428 ms - -[0m
2026-08-08 09:37:13 [INFO]: [0mGET /css/admin/users.css [36m304[0m 1.685 ms - -[0m
2026-08-08 09:37:13 [INFO]: [0mGET /css/admin/categories.css [36m304[0m 0.232 ms - -[0m
2026-08-08 09:37:13 [INFO]: [0mGET /css/admin/brands.css [36m304[0m 0.306 ms - -[0m
2026-08-08 09:37:13 [INFO]: [0mGET /css/admin/products.css [36m304[0m 0.455 ms - -[0m
2026-08-08 09:37:13 [INFO]: [0mGET /css/header.css [36m304[0m 0.126 ms - -[0m
2026-08-08 09:37:13 [INFO]: [0mGET /images/logo/plantora.png [36m304[0m 0.325 ms - -[0m
2026-08-08 09:37:13 [INFO]: [0mGET /js/admin/layout.js [36m304[0m 0.439 ms - -[0m
2026-08-08 09:37:13 [INFO]: [0mGET /js/admin/users.js [36m304[0m 0.406 ms - -[0m
2026-08-08 09:37:13 [INFO]: [0mGET /js/admin/categories.js [36m304[0m 0.318 ms - -[0m
2026-08-08 09:37:13 [INFO]: [0mGET /js/admin/brands.js [36m304[0m 0.244 ms - -[0m
2026-08-08 09:37:13 [INFO]: [0mGET /css/variables.css [36m304[0m 0.084 ms - -[0m
2026-08-08 09:37:13 [INFO]: [0mGET /css/utilities.css [36m304[0m 0.182 ms - -[0m
2026-08-08 09:37:13 [INFO]: [0mGET /css/animations.css [36m304[0m 0.322 ms - -[0m
2026-08-08 09:37:13 [INFO]: [0mGET /css/announcement.css [36m304[0m 0.424 ms - -[0m
2026-08-08 09:37:13 [INFO]: [0mGET /css/hero.css [36m304[0m 0.117 ms - -[0m
2026-08-08 09:37:13 [INFO]: [0mGET /css/featured.css [36m304[0m 0.254 ms - -[0m
2026-08-08 09:37:13 [INFO]: [0mGET /css/why-choose.css [36m304[0m 0.312 ms - -[0m
2026-08-08 09:37:13 [INFO]: [0mGET /css/footer.css [36m304[0m 0.418 ms - -[0m
2026-08-08 09:37:13 [INFO]: [0mGET /css/auth.css [36m304[0m 0.308 ms - -[0m
2026-08-08 09:37:13 [INFO]: [0mGET /css/verify.css [36m304[0m 0.474 ms - -[0m
2026-08-08 09:37:13 [INFO]: [0mGET /js/admin/products.js [36m304[0m 0.169 ms - -[0m
2026-08-08 09:37:13 [INFO]: [0mGET /js/header.js [36m304[0m 0.259 ms - -[0m
2026-08-08 09:37:13 [INFO]: [0mGET /js/notification.js [36m304[0m 0.554 ms - -[0m
2026-08-08 09:37:14 [INFO]: [0mGET /admin/brands [36m304[0m 216.720 ms - -[0m
2026-08-08 09:37:14 [INFO]: [0mGET /css/style.css [36m304[0m 0.650 ms - -[0m
2026-08-08 09:37:14 [INFO]: [0mGET /css/admin/layout.css [36m304[0m 1.116 ms - -[0m
2026-08-08 09:37:14 [INFO]: [0mGET /css/admin/users.css [36m304[0m 0.578 ms - -[0m
2026-08-08 09:37:14 [INFO]: [0mGET /css/admin/categories.css [36m304[0m 0.986 ms - -[0m
2026-08-08 09:37:14 [INFO]: [0mGET /css/admin/brands.css [36m304[0m 0.491 ms - -[0m
2026-08-08 09:37:14 [INFO]: [0mGET /css/admin/products.css [36m304[0m 0.781 ms - -[0m
2026-08-08 09:37:14 [INFO]: [0mGET /css/header.css [36m304[0m 0.546 ms - -[0m
2026-08-08 09:37:14 [INFO]: [0mGET /images/logo/plantora.png [36m304[0m 0.704 ms - -[0m
2026-08-08 09:37:14 [INFO]: [0mGET /js/admin/layout.js [36m304[0m 0.175 ms - -[0m
2026-08-08 09:37:14 [INFO]: [0mGET /js/admin/users.js [36m304[0m 0.200 ms - -[0m
2026-08-08 09:37:14 [INFO]: [0mGET /js/admin/categories.js [36m304[0m 0.350 ms - -[0m
2026-08-08 09:37:14 [INFO]: [0mGET /js/admin/brands.js [36m304[0m 0.582 ms - -[0m
2026-08-08 09:37:14 [INFO]: [0mGET /css/variables.css [36m304[0m 0.189 ms - -[0m
2026-08-08 09:37:14 [INFO]: [0mGET /css/utilities.css [36m304[0m 0.374 ms - -[0m
2026-08-08 09:37:14 [INFO]: [0mGET /css/animations.css [36m304[0m 0.565 ms - -[0m
2026-08-08 09:37:14 [INFO]: [0mGET /css/announcement.css [36m304[0m 0.146 ms - -[0m
2026-08-08 09:37:14 [INFO]: [0mGET /css/hero.css [36m304[0m 0.342 ms - -[0m
2026-08-08 09:37:14 [INFO]: [0mGET /css/featured.css [36m304[0m 0.604 ms - -[0m
2026-08-08 09:37:14 [INFO]: [0mGET /css/why-choose.css [36m304[0m 0.753 ms - -[0m
2026-08-08 09:37:14 [INFO]: [0mGET /css/footer.css [36m304[0m 0.596 ms - -[0m
2026-08-08 09:37:14 [INFO]: [0mGET /css/auth.css [36m304[0m 0.687 ms - -[0m
2026-08-08 09:37:14 [INFO]: [0mGET /css/verify.css [36m304[0m 0.800 ms - -[0m
2026-08-08 09:37:14 [INFO]: [0mGET /js/admin/products.js [36m304[0m 0.223 ms - -[0m
2026-08-08 09:37:14 [INFO]: [0mGET /js/header.js [36m304[0m 0.228 ms - -[0m
2026-08-08 09:37:14 [INFO]: [0mGET /js/notification.js [36m304[0m 0.368 ms - -[0m
2026-08-08 09:37:17 [INFO]: [0mGET /admin/products [36m304[0m 172.852 ms - -[0m
2026-08-08 09:37:17 [INFO]: [0mGET /css/style.css [36m304[0m 0.544 ms - -[0m
2026-08-08 09:37:17 [INFO]: [0mGET /css/admin/layout.css [36m304[0m 0.697 ms - -[0m
2026-08-08 09:37:17 [INFO]: [0mGET /css/admin/users.css [36m304[0m 0.867 ms - -[0m
2026-08-08 09:37:17 [INFO]: [0mGET /css/admin/categories.css [36m304[0m 1.228 ms - -[0m
2026-08-08 09:37:17 [INFO]: [0mGET /css/admin/brands.css [36m304[0m 0.536 ms - -[0m
2026-08-08 09:37:17 [INFO]: [0mGET /css/admin/products.css [36m304[0m 0.659 ms - -[0m
2026-08-08 09:37:17 [INFO]: [0mGET /css/header.css [36m304[0m 0.321 ms - -[0m
2026-08-08 09:37:17 [INFO]: [0mGET /images/logo/plantora.png [36m304[0m 0.596 ms - -[0m
2026-08-08 09:37:17 [INFO]: [0mGET /js/admin/layout.js [36m304[0m 0.634 ms - -[0m
2026-08-08 09:37:17 [INFO]: [0mGET /js/admin/users.js [36m304[0m 0.814 ms - -[0m
2026-08-08 09:37:17 [INFO]: [0mGET /js/admin/categories.js [36m304[0m 1.090 ms - -[0m
2026-08-08 09:37:17 [INFO]: [0mGET /js/admin/brands.js [36m304[0m 1.768 ms - -[0m
2026-08-08 09:37:17 [INFO]: [0mGET /css/variables.css [36m304[0m 0.823 ms - -[0m
2026-08-08 09:37:17 [INFO]: [0mGET /css/utilities.css [36m304[0m 1.093 ms - -[0m
2026-08-08 09:37:17 [INFO]: [0mGET /css/animations.css [36m304[0m 0.496 ms - -[0m
2026-08-08 09:37:17 [INFO]: [0mGET /css/hero.css [36m304[0m 1.371 ms - -[0m
2026-08-08 09:37:17 [INFO]: [0mGET /css/announcement.css [36m304[0m 2.314 ms - -[0m
2026-08-08 09:37:17 [INFO]: [0mGET /css/featured.css [36m304[0m 3.192 ms - -[0m
2026-08-08 09:37:17 [INFO]: [0mGET /css/why-choose.css [36m304[0m 0.978 ms - -[0m
2026-08-08 09:37:17 [INFO]: [0mGET /css/footer.css [36m304[0m 2.244 ms - -[0m
2026-08-08 09:37:17 [INFO]: [0mGET /css/auth.css [36m304[0m 2.724 ms - -[0m
2026-08-08 09:37:17 [INFO]: [0mGET /css/verify.css [36m304[0m 2.734 ms - -[0m
2026-08-08 09:37:17 [INFO]: [0mGET /js/admin/products.js [36m304[0m 0.437 ms - -[0m
2026-08-08 09:37:17 [INFO]: [0mGET /js/header.js [36m304[0m 0.488 ms - -[0m
2026-08-08 09:37:17 [INFO]: [0mGET /js/notification.js [36m304[0m 0.830 ms - -[0m
2026-08-08 09:37:22 [INFO]: [0mGET /admin/products/trash [36m304[0m 175.474 ms - -[0m
2026-08-08 09:37:22 [INFO]: [0mGET /css/style.css [36m304[0m 0.180 ms - -[0m
2026-08-08 09:37:22 [INFO]: [0mGET /css/admin/layout.css [36m304[0m 0.198 ms - -[0m
2026-08-08 09:37:22 [INFO]: [0mGET /css/admin/users.css [36m304[0m 0.486 ms - -[0m
2026-08-08 09:37:22 [INFO]: [0mGET /css/admin/categories.css [36m304[0m 0.611 ms - -[0m
2026-08-08 09:37:22 [INFO]: [0mGET /css/admin/brands.css [36m304[0m 0.612 ms - -[0m
2026-08-08 09:37:22 [INFO]: [0mGET /css/admin/products.css [36m304[0m 0.222 ms - -[0m
2026-08-08 09:37:22 [INFO]: [0mGET /css/header.css [36m304[0m 0.144 ms - -[0m
2026-08-08 09:37:22 [INFO]: [0mGET /images/logo/plantora.png [36m304[0m 0.252 ms - -[0m
2026-08-08 09:37:22 [INFO]: [0mGET /js/admin/layout.js [36m304[0m 0.180 ms - -[0m
2026-08-08 09:37:22 [INFO]: [0mGET /js/admin/users.js [36m304[0m 0.366 ms - -[0m
2026-08-08 09:37:22 [INFO]: [0mGET /js/admin/categories.js [36m304[0m 0.259 ms - -[0m
2026-08-08 09:37:22 [INFO]: [0mGET /js/admin/brands.js [36m304[0m 0.178 ms - -[0m
2026-08-08 09:37:22 [INFO]: [0mGET /js/admin/products.js [36m304[0m 0.463 ms - -[0m
2026-08-08 09:37:22 [INFO]: [0mGET /js/header.js [36m304[0m 0.599 ms - -[0m
2026-08-08 09:37:22 [INFO]: [0mGET /css/variables.css [36m304[0m 0.254 ms - -[0m
2026-08-08 09:37:22 [INFO]: [0mGET /css/utilities.css [36m304[0m 0.450 ms - -[0m
2026-08-08 09:37:22 [INFO]: [0mGET /css/animations.css [36m304[0m 0.192 ms - -[0m
2026-08-08 09:37:22 [INFO]: [0mGET /css/announcement.css [36m304[0m 0.344 ms - -[0m
2026-08-08 09:37:22 [INFO]: [0mGET /css/hero.css [36m304[0m 0.496 ms - -[0m
2026-08-08 09:37:22 [INFO]: [0mGET /css/featured.css [36m304[0m 0.675 ms - -[0m
2026-08-08 09:37:22 [INFO]: [0mGET /css/why-choose.css [36m304[0m 0.507 ms - -[0m
2026-08-08 09:37:22 [INFO]: [0mGET /css/footer.css [36m304[0m 0.316 ms - -[0m
2026-08-08 09:37:22 [INFO]: [0mGET /css/auth.css [36m304[0m 0.469 ms - -[0m
2026-08-08 09:37:22 [INFO]: [0mGET /css/verify.css [36m304[0m 0.303 ms - -[0m
2026-08-08 09:37:22 [INFO]: [0mGET /js/notification.js [36m304[0m 0.161 ms - -[0m
2026-08-08 09:37:25 [INFO]: [0mGET /admin/products [36m304[0m 171.172 ms - -[0m
2026-08-08 09:37:25 [INFO]: [0mGET /css/style.css [36m304[0m 0.608 ms - -[0m
2026-08-08 09:37:25 [INFO]: [0mGET /css/admin/layout.css [36m304[0m 0.673 ms - -[0m
2026-08-08 09:37:25 [INFO]: [0mGET /css/admin/users.css [36m304[0m 1.088 ms - -[0m
2026-08-08 09:37:25 [INFO]: [0mGET /css/admin/categories.css [36m304[0m 0.295 ms - -[0m
2026-08-08 09:37:25 [INFO]: [0mGET /css/admin/brands.css [36m304[0m 0.398 ms - -[0m
2026-08-08 09:37:25 [INFO]: [0mGET /css/admin/products.css [36m304[0m 0.581 ms - -[0m
2026-08-08 09:37:25 [INFO]: [0mGET /css/header.css [36m304[0m 0.922 ms - -[0m
2026-08-08 09:37:25 [INFO]: [0mGET /images/logo/plantora.png [36m304[0m 0.388 ms - -[0m
2026-08-08 09:37:25 [INFO]: [0mGET /js/admin/layout.js [36m304[0m 0.363 ms - -[0m
2026-08-08 09:37:25 [INFO]: [0mGET /js/admin/users.js [36m304[0m 0.117 ms - -[0m
2026-08-08 09:37:25 [INFO]: [0mGET /js/admin/categories.js [36m304[0m 0.591 ms - -[0m
2026-08-08 09:37:25 [INFO]: [0mGET /js/admin/brands.js [36m304[0m 0.689 ms - -[0m
2026-08-08 09:37:25 [INFO]: [0mGET /js/admin/products.js [36m304[0m 0.294 ms - -[0m
2026-08-08 09:37:25 [INFO]: [0mGET /css/variables.css [36m304[0m 0.443 ms - -[0m
2026-08-08 09:37:25 [INFO]: [0mGET /css/utilities.css [36m304[0m 0.317 ms - -[0m
2026-08-08 09:37:25 [INFO]: [0mGET /css/animations.css [36m304[0m 0.566 ms - -[0m
2026-08-08 09:37:25 [INFO]: [0mGET /css/announcement.css [36m304[0m 0.434 ms - -[0m
2026-08-08 09:37:25 [INFO]: [0mGET /css/hero.css [36m304[0m 0.350 ms - -[0m
2026-08-08 09:37:25 [INFO]: [0mGET /css/featured.css [36m304[0m 0.560 ms - -[0m
2026-08-08 09:37:25 [INFO]: [0mGET /css/why-choose.css [36m304[0m 0.571 ms - -[0m
2026-08-08 09:37:25 [INFO]: [0mGET /css/footer.css [36m304[0m 0.397 ms - -[0m
2026-08-08 09:37:25 [INFO]: [0mGET /css/auth.css [36m304[0m 0.385 ms - -[0m
2026-08-08 09:37:25 [INFO]: [0mGET /css/verify.css [36m304[0m 0.149 ms - -[0m
2026-08-08 09:37:25 [INFO]: [0mGET /js/header.js [36m304[0m 0.251 ms - -[0m
2026-08-08 09:37:25 [INFO]: [0mGET /js/notification.js [36m304[0m 0.153 ms - -[0m
2026-08-08 09:37:26 [INFO]: [0mGET /admin/brands [36m304[0m 214.981 ms - -[0m
2026-08-08 09:37:26 [INFO]: [0mGET /css/style.css [36m304[0m 0.311 ms - -[0m
2026-08-08 09:37:26 [INFO]: [0mGET /css/admin/layout.css [36m304[0m 0.705 ms - -[0m
2026-08-08 09:37:26 [INFO]: [0mGET /css/admin/categories.css [36m304[0m 0.216 ms - -[0m
2026-08-08 09:37:26 [INFO]: [0mGET /css/admin/users.css [36m304[0m 0.632 ms - -[0m
2026-08-08 09:37:26 [INFO]: [0mGET /css/admin/brands.css [36m304[0m 0.782 ms - -[0m
2026-08-08 09:37:26 [INFO]: [0mGET /css/admin/products.css [36m304[0m 0.943 ms - -[0m
2026-08-08 09:37:26 [INFO]: [0mGET /css/header.css [36m304[0m 1.136 ms - -[0m
2026-08-08 09:37:26 [INFO]: [0mGET /images/logo/plantora.png [36m304[0m 0.378 ms - -[0m
2026-08-08 09:37:26 [INFO]: [0mGET /js/admin/layout.js [36m304[0m 0.160 ms - -[0m
2026-08-08 09:37:26 [INFO]: [0mGET /js/admin/users.js [36m304[0m 0.249 ms - -[0m
2026-08-08 09:37:26 [INFO]: [0mGET /js/admin/categories.js [36m304[0m 0.355 ms - -[0m
2026-08-08 09:37:26 [INFO]: [0mGET /js/admin/brands.js [36m304[0m 0.522 ms - -[0m
2026-08-08 09:37:26 [INFO]: [0mGET /js/admin/products.js [36m304[0m 0.114 ms - -[0m
2026-08-08 09:37:26 [INFO]: [0mGET /js/header.js [36m304[0m 0.127 ms - -[0m
2026-08-08 09:37:26 [INFO]: [0mGET /css/variables.css [36m304[0m 0.482 ms - -[0m
2026-08-08 09:37:26 [INFO]: [0mGET /css/utilities.css [36m304[0m 0.597 ms - -[0m
2026-08-08 09:37:26 [INFO]: [0mGET /js/notification.js [36m304[0m 0.686 ms - -[0m
2026-08-08 09:37:26 [INFO]: [0mGET /css/announcement.css [36m304[0m 0.683 ms - -[0m
2026-08-08 09:37:26 [INFO]: [0mGET /css/animations.css [36m304[0m 1.000 ms - -[0m
2026-08-08 09:37:26 [INFO]: [0mGET /css/hero.css [36m304[0m 0.177 ms - -[0m
2026-08-08 09:37:26 [INFO]: [0mGET /css/featured.css [36m304[0m 0.289 ms - -[0m
2026-08-08 09:37:26 [INFO]: [0mGET /css/why-choose.css [36m304[0m 0.603 ms - -[0m
2026-08-08 09:37:26 [INFO]: [0mGET /css/footer.css [36m304[0m 0.328 ms - -[0m
2026-08-08 09:37:26 [INFO]: [0mGET /css/auth.css [36m304[0m 0.588 ms - -[0m
2026-08-08 09:37:26 [INFO]: [0mGET /css/verify.css [36m304[0m 0.704 ms - -[0m
2026-08-08 09:37:28 [INFO]: [0mGET /admin/categories [36m304[0m 213.819 ms - -[0m
2026-08-08 09:37:28 [INFO]: [0mGET /css/style.css [36m304[0m 0.478 ms - -[0m
2026-08-08 09:37:28 [INFO]: [0mGET /css/admin/layout.css [36m304[0m 0.578 ms - -[0m
2026-08-08 09:37:28 [INFO]: [0mGET /css/admin/users.css [36m304[0m 1.030 ms - -[0m
2026-08-08 09:37:28 [INFO]: [0mGET /css/admin/categories.css [36m304[0m 1.380 ms - -[0m
2026-08-08 09:37:28 [INFO]: [0mGET /css/admin/brands.css [36m304[0m 1.770 ms - -[0m
2026-08-08 09:37:28 [INFO]: [0mGET /css/admin/products.css [36m304[0m 0.633 ms - -[0m
2026-08-08 09:37:28 [INFO]: [0mGET /css/header.css [36m304[0m 0.435 ms - -[0m
2026-08-08 09:37:28 [INFO]: [0mGET /images/logo/plantora.png [36m304[0m 0.425 ms - -[0m
2026-08-08 09:37:28 [INFO]: [0mGET /js/admin/layout.js [36m304[0m 0.600 ms - -[0m
2026-08-08 09:37:28 [INFO]: [0mGET /css/variables.css [36m304[0m 0.732 ms - -[0m
2026-08-08 09:37:28 [INFO]: [0mGET /js/admin/users.js [36m304[0m 0.896 ms - -[0m
2026-08-08 09:37:28 [INFO]: [0mGET /css/utilities.css [36m304[0m 1.186 ms - -[0m
2026-08-08 09:37:28 [INFO]: [0mGET /js/admin/categories.js [36m304[0m 1.384 ms - -[0m
2026-08-08 09:37:28 [INFO]: [0mGET /js/admin/brands.js [36m304[0m 1.512 ms - -[0m
2026-08-08 09:37:28 [INFO]: [0mGET /css/animations.css [36m304[0m 0.232 ms - -[0m
2026-08-08 09:37:28 [INFO]: [0mGET /css/announcement.css [36m304[0m 0.424 ms - -[0m
2026-08-08 09:37:28 [INFO]: [0mGET /css/hero.css [36m304[0m 0.445 ms - -[0m
2026-08-08 09:37:28 [INFO]: [0mGET /css/featured.css [36m304[0m 0.689 ms - -[0m
2026-08-08 09:37:28 [INFO]: [0mGET /css/why-choose.css [36m304[0m 0.663 ms - -[0m
2026-08-08 09:37:28 [INFO]: [0mGET /css/footer.css [36m304[0m 0.468 ms - -[0m
2026-08-08 09:37:28 [INFO]: [0mGET /css/auth.css [36m304[0m 0.584 ms - -[0m
2026-08-08 09:37:28 [INFO]: [0mGET /css/verify.css [36m304[0m 0.747 ms - -[0m
2026-08-08 09:37:28 [INFO]: [0mGET /js/admin/products.js [36m304[0m 0.238 ms - -[0m
2026-08-08 09:37:28 [INFO]: [0mGET /js/header.js [36m304[0m 0.294 ms - -[0m
2026-08-08 09:37:28 [INFO]: [0mGET /js/notification.js [36m304[0m 0.189 ms - -[0m
2026-08-08 09:37:29 [INFO]: [0mGET /admin/users/trash [36m304[0m 220.434 ms - -[0m
2026-08-08 09:37:29 [INFO]: [0mGET /css/style.css [36m304[0m 0.438 ms - -[0m
2026-08-08 09:37:29 [INFO]: [0mGET /css/admin/layout.css [36m304[0m 0.755 ms - -[0m
2026-08-08 09:37:29 [INFO]: [0mGET /css/admin/users.css [36m304[0m 0.682 ms - -[0m
2026-08-08 09:37:29 [INFO]: [0mGET /css/admin/categories.css [36m304[0m 0.603 ms - -[0m
2026-08-08 09:37:29 [INFO]: [0mGET /css/admin/brands.css [36m304[0m 0.761 ms - -[0m
2026-08-08 09:37:29 [INFO]: [0mGET /css/admin/products.css [36m304[0m 0.301 ms - -[0m
2026-08-08 09:37:29 [INFO]: [0mGET /css/header.css [36m304[0m 0.447 ms - -[0m
2026-08-08 09:37:29 [INFO]: [0mGET /images/logo/plantora.png [36m304[0m 0.433 ms - -[0m
2026-08-08 09:37:29 [INFO]: [0mGET /js/admin/layout.js [36m304[0m 0.177 ms - -[0m
2026-08-08 09:37:29 [INFO]: [0mGET /js/admin/users.js [36m304[0m 0.370 ms - -[0m
2026-08-08 09:37:29 [INFO]: [0mGET /js/admin/categories.js [36m304[0m 0.658 ms - -[0m
2026-08-08 09:37:29 [INFO]: [0mGET /js/admin/brands.js [36m304[0m 0.878 ms - -[0m
2026-08-08 09:37:29 [INFO]: [0mGET /js/admin/products.js [36m304[0m 0.120 ms - -[0m
2026-08-08 09:37:29 [INFO]: [0mGET /js/header.js [36m304[0m 0.133 ms - -[0m
2026-08-08 09:37:29 [INFO]: [0mGET /css/variables.css [36m304[0m 0.271 ms - -[0m
2026-08-08 09:37:29 [INFO]: [0mGET /css/utilities.css [36m304[0m 0.150 ms - -[0m
2026-08-08 09:37:29 [INFO]: [0mGET /css/animations.css [36m304[0m 0.234 ms - -[0m
2026-08-08 09:37:29 [INFO]: [0mGET /css/announcement.css [36m304[0m 0.524 ms - -[0m
2026-08-08 09:37:29 [INFO]: [0mGET /css/hero.css [36m304[0m 0.455 ms - -[0m
2026-08-08 09:37:29 [INFO]: [0mGET /css/featured.css [36m304[0m 0.686 ms - -[0m
2026-08-08 09:37:29 [INFO]: [0mGET /css/why-choose.css [36m304[0m 0.554 ms - -[0m
2026-08-08 09:37:29 [INFO]: [0mGET /css/footer.css [36m304[0m 0.495 ms - -[0m
2026-08-08 09:37:29 [INFO]: [0mGET /css/auth.css [36m304[0m 0.181 ms - -[0m
2026-08-08 09:37:29 [INFO]: [0mGET /css/verify.css [36m304[0m 0.300 ms - -[0m
2026-08-08 09:37:29 [INFO]: [0mGET /js/notification.js [36m304[0m 0.175 ms - -[0m
2026-08-08 09:37:30 [INFO]: [0mGET /admin/users [36m304[0m 174.608 ms - -[0m
2026-08-08 09:37:30 [INFO]: [0mGET /css/style.css [36m304[0m 0.301 ms - -[0m
2026-08-08 09:37:30 [INFO]: [0mGET /css/admin/layout.css [36m304[0m 0.362 ms - -[0m
2026-08-08 09:37:30 [INFO]: [0mGET /css/admin/users.css [36m304[0m 1.259 ms - -[0m
2026-08-08 09:37:30 [INFO]: [0mGET /css/admin/categories.css [36m304[0m 1.815 ms - -[0m
2026-08-08 09:37:30 [INFO]: [0mGET /css/admin/brands.css [36m304[0m 2.253 ms - -[0m
2026-08-08 09:37:30 [INFO]: [0mGET /css/admin/products.css [36m304[0m 3.098 ms - -[0m
2026-08-08 09:37:30 [INFO]: [0mGET /css/header.css [36m304[0m 3.287 ms - -[0m
2026-08-08 09:37:30 [INFO]: [0mGET /images/logo/plantora.png [36m304[0m 0.344 ms - -[0m
2026-08-08 09:37:30 [INFO]: [0mGET /js/admin/layout.js [36m304[0m 0.272 ms - -[0m
2026-08-08 09:37:30 [INFO]: [0mGET /js/admin/users.js [36m304[0m 0.315 ms - -[0m
2026-08-08 09:37:30 [INFO]: [0mGET /js/admin/categories.js [36m304[0m 0.479 ms - -[0m
2026-08-08 09:37:30 [INFO]: [0mGET /js/admin/brands.js [36m304[0m 0.638 ms - -[0m
2026-08-08 09:37:30 [INFO]: [0mGET /js/admin/products.js [36m304[0m 1.016 ms - -[0m
2026-08-08 09:37:30 [INFO]: [0mGET /css/variables.css [36m304[0m 0.213 ms - -[0m
2026-08-08 09:37:30 [INFO]: [0mGET /css/utilities.css [36m304[0m 0.374 ms - -[0m
2026-08-08 09:37:30 [INFO]: [0mGET /css/animations.css [36m304[0m 0.714 ms - -[0m
2026-08-08 09:37:30 [INFO]: [0mGET /css/announcement.css [36m304[0m 0.699 ms - -[0m
2026-08-08 09:37:30 [INFO]: [0mGET /css/hero.css [36m304[0m 0.605 ms - -[0m
2026-08-08 09:37:30 [INFO]: [0mGET /css/featured.css [36m304[0m 0.524 ms - -[0m
2026-08-08 09:37:30 [INFO]: [0mGET /css/why-choose.css [36m304[0m 0.903 ms - -[0m
2026-08-08 09:37:30 [INFO]: [0mGET /css/footer.css [36m304[0m 0.583 ms - -[0m
2026-08-08 09:37:30 [INFO]: [0mGET /css/auth.css [36m304[0m 0.669 ms - -[0m
2026-08-08 09:37:30 [INFO]: [0mGET /css/verify.css [36m304[0m 0.130 ms - -[0m
2026-08-08 09:37:30 [INFO]: [0mGET /js/header.js [36m304[0m 0.429 ms - -[0m
2026-08-08 09:37:30 [INFO]: [0mGET /js/notification.js [36m304[0m 0.575 ms - -[0m
2026-08-08 09:37:57 [INFO]: [0mGET /admin/users [36m304[0m 176.034 ms - -[0m
2026-08-08 09:37:57 [INFO]: [0mGET /css/style.css [36m304[0m 0.354 ms - -[0m
2026-08-08 09:37:57 [INFO]: [0mGET /css/admin/layout.css [36m304[0m 0.555 ms - -[0m
2026-08-08 09:37:57 [INFO]: [0mGET /css/admin/users.css [36m304[0m 0.174 ms - -[0m
2026-08-08 09:37:57 [INFO]: [0mGET /css/admin/categories.css [36m304[0m 0.572 ms - -[0m
2026-08-08 09:37:57 [INFO]: [0mGET /css/admin/brands.css [36m304[0m 0.979 ms - -[0m
2026-08-08 09:37:57 [INFO]: [0mGET /css/header.css [36m304[0m 0.403 ms - -[0m
2026-08-08 09:37:57 [INFO]: [0mGET /images/logo/plantora.png [36m304[0m 0.220 ms - -[0m
2026-08-08 09:37:57 [INFO]: [0mGET /css/admin/products.css [32m200[0m 1.188 ms - -[0m
2026-08-08 09:37:57 [INFO]: [0mGET /js/admin/layout.js [36m304[0m 0.681 ms - -[0m
2026-08-08 09:37:57 [INFO]: [0mGET /js/admin/users.js [36m304[0m 0.246 ms - -[0m
2026-08-08 09:37:57 [INFO]: [0mGET /js/admin/categories.js [36m304[0m 0.521 ms - -[0m
2026-08-08 09:37:57 [INFO]: [0mGET /js/admin/brands.js [36m304[0m 0.765 ms - -[0m
2026-08-08 09:37:57 [INFO]: [0mGET /css/variables.css [36m304[0m 0.292 ms - -[0m
2026-08-08 09:37:57 [INFO]: [0mGET /css/utilities.css [36m304[0m 0.173 ms - -[0m
2026-08-08 09:37:57 [INFO]: [0mGET /css/animations.css [36m304[0m 0.265 ms - -[0m
2026-08-08 09:37:57 [INFO]: [0mGET /css/announcement.css [36m304[0m 0.356 ms - -[0m
2026-08-08 09:37:57 [INFO]: [0mGET /css/hero.css [36m304[0m 0.134 ms - -[0m
2026-08-08 09:37:57 [INFO]: [0mGET /css/featured.css [36m304[0m 0.231 ms - -[0m
2026-08-08 09:37:57 [INFO]: [0mGET /css/why-choose.css [36m304[0m 0.170 ms - -[0m
2026-08-08 09:37:57 [INFO]: [0mGET /css/footer.css [36m304[0m 0.277 ms - -[0m
2026-08-08 09:37:57 [INFO]: [0mGET /css/auth.css [36m304[0m 0.434 ms - -[0m
2026-08-08 09:37:57 [INFO]: [0mGET /css/verify.css [36m304[0m 0.091 ms - -[0m
2026-08-08 09:37:57 [INFO]: [0mGET /js/admin/products.js [36m304[0m 0.165 ms - -[0m
2026-08-08 09:37:57 [INFO]: [0mGET /js/header.js [36m304[0m 0.443 ms - -[0m
2026-08-08 09:37:57 [INFO]: [0mGET /js/notification.js [36m304[0m 0.616 ms - -[0m
2026-08-08 09:38:05 [INFO]: [0mGET /admin/users/trash [36m304[0m 232.521 ms - -[0m
2026-08-08 09:38:05 [INFO]: [0mGET /css/style.css [36m304[0m 0.251 ms - -[0m
2026-08-08 09:38:05 [INFO]: [0mGET /css/admin/layout.css [36m304[0m 0.214 ms - -[0m
2026-08-08 09:38:05 [INFO]: [0mGET /css/admin/users.css [36m304[0m 0.372 ms - -[0m
2026-08-08 09:38:05 [INFO]: [0mGET /css/admin/categories.css [36m304[0m 0.435 ms - -[0m
2026-08-08 09:38:05 [INFO]: [0mGET /css/admin/brands.css [36m304[0m 0.597 ms - -[0m
2026-08-08 09:38:05 [INFO]: [0mGET /css/admin/products.css [36m304[0m 0.859 ms - -[0m
2026-08-08 09:38:05 [INFO]: [0mGET /css/header.css [36m304[0m 1.103 ms - -[0m
2026-08-08 09:38:05 [INFO]: [0mGET /images/logo/plantora.png [36m304[0m 0.428 ms - -[0m
2026-08-08 09:38:05 [INFO]: [0mGET /js/admin/layout.js [36m304[0m 0.928 ms - -[0m
2026-08-08 09:38:05 [INFO]: [0mGET /js/admin/users.js [36m304[0m 0.869 ms - -[0m
2026-08-08 09:38:05 [INFO]: [0mGET /js/admin/categories.js [36m304[0m 1.485 ms - -[0m
2026-08-08 09:38:05 [INFO]: [0mGET /js/admin/brands.js [36m304[0m 1.910 ms - -[0m
2026-08-08 09:38:05 [INFO]: [0mGET /css/variables.css [36m304[0m 0.768 ms - -[0m
2026-08-08 09:38:05 [INFO]: [0mGET /js/admin/products.js [36m304[0m 1.116 ms - -[0m
2026-08-08 09:38:05 [INFO]: [0mGET /css/utilities.css [36m304[0m 1.461 ms - -[0m
2026-08-08 09:38:05 [INFO]: [0mGET /css/animations.css [36m304[0m 1.939 ms - -[0m
2026-08-08 09:38:05 [INFO]: [0mGET /css/announcement.css [36m304[0m 0.263 ms - -[0m
2026-08-08 09:38:05 [INFO]: [0mGET /css/hero.css [36m304[0m 0.479 ms - -[0m
2026-08-08 09:38:05 [INFO]: [0mGET /css/featured.css [36m304[0m 0.890 ms - -[0m
2026-08-08 09:38:05 [INFO]: [0mGET /css/why-choose.css [36m304[0m 0.661 ms - -[0m
2026-08-08 09:38:05 [INFO]: [0mGET /css/footer.css [36m304[0m 0.935 ms - -[0m
2026-08-08 09:38:05 [INFO]: [0mGET /css/auth.css [36m304[0m 1.438 ms - -[0m
2026-08-08 09:38:05 [INFO]: [0mGET /css/verify.css [36m304[0m 1.384 ms - -[0m
2026-08-08 09:38:05 [INFO]: [0mGET /js/header.js [36m304[0m 0.373 ms - -[0m
2026-08-08 09:38:05 [INFO]: [0mGET /js/notification.js [36m304[0m 0.578 ms - -[0m
2026-08-08 09:38:07 [INFO]: [0mGET /admin/categories [36m304[0m 222.522 ms - -[0m
2026-08-08 09:38:07 [INFO]: [0mGET /css/style.css [36m304[0m 0.229 ms - -[0m
2026-08-08 09:38:07 [INFO]: [0mGET /css/admin/layout.css [36m304[0m 0.491 ms - -[0m
2026-08-08 09:38:07 [INFO]: [0mGET /css/admin/users.css [36m304[0m 0.463 ms - -[0m
2026-08-08 09:38:07 [INFO]: [0mGET /css/admin/categories.css [36m304[0m 0.402 ms - -[0m
2026-08-08 09:38:07 [INFO]: [0mGET /css/admin/brands.css [36m304[0m 0.468 ms - -[0m
2026-08-08 09:38:07 [INFO]: [0mGET /css/admin/products.css [36m304[0m 0.530 ms - -[0m
2026-08-08 09:38:07 [INFO]: [0mGET /css/header.css [36m304[0m 0.896 ms - -[0m
2026-08-08 09:38:07 [INFO]: [0mGET /images/logo/plantora.png [36m304[0m 0.626 ms - -[0m
2026-08-08 09:38:07 [INFO]: [0mGET /js/admin/layout.js [36m304[0m 0.518 ms - -[0m
2026-08-08 09:38:07 [INFO]: [0mGET /js/admin/users.js [36m304[0m 0.170 ms - -[0m
2026-08-08 09:38:07 [INFO]: [0mGET /js/admin/categories.js [36m304[0m 0.175 ms - -[0m
2026-08-08 09:38:07 [INFO]: [0mGET /js/admin/brands.js [36m304[0m 0.228 ms - -[0m
2026-08-08 09:38:07 [INFO]: [0mGET /css/variables.css [36m304[0m 0.146 ms - -[0m
2026-08-08 09:38:07 [INFO]: [0mGET /js/admin/products.js [36m304[0m 0.112 ms - -[0m
2026-08-08 09:38:07 [INFO]: [0mGET /css/utilities.css [36m304[0m 0.268 ms - -[0m
2026-08-08 09:38:07 [INFO]: [0mGET /css/animations.css [36m304[0m 0.394 ms - -[0m
2026-08-08 09:38:07 [INFO]: [0mGET /css/announcement.css [36m304[0m 0.574 ms - -[0m
2026-08-08 09:38:07 [INFO]: [0mGET /css/hero.css [36m304[0m 1.124 ms - -[0m
2026-08-08 09:38:07 [INFO]: [0mGET /css/featured.css [36m304[0m 0.360 ms - -[0m
2026-08-08 09:38:07 [INFO]: [0mGET /css/why-choose.css [36m304[0m 0.177 ms - -[0m
2026-08-08 09:38:07 [INFO]: [0mGET /css/footer.css [36m304[0m 0.169 ms - -[0m
2026-08-08 09:38:07 [INFO]: [0mGET /css/auth.css [36m304[0m 0.295 ms - -[0m
2026-08-08 09:38:07 [INFO]: [0mGET /css/verify.css [36m304[0m 0.425 ms - -[0m
2026-08-08 09:38:07 [INFO]: [0mGET /js/header.js [36m304[0m 0.382 ms - -[0m
2026-08-08 09:38:07 [INFO]: [0mGET /js/notification.js [36m304[0m 0.688 ms - -[0m
2026-08-08 09:38:09 [INFO]: [0mGET /admin/brands [36m304[0m 214.484 ms - -[0m
2026-08-08 09:38:09 [INFO]: [0mGET /css/style.css [36m304[0m 0.826 ms - -[0m
2026-08-08 09:38:09 [INFO]: [0mGET /css/admin/layout.css [36m304[0m 1.329 ms - -[0m
2026-08-08 09:38:09 [INFO]: [0mGET /css/admin/users.css [36m304[0m 1.432 ms - -[0m
2026-08-08 09:38:09 [INFO]: [0mGET /css/admin/categories.css [36m304[0m 1.300 ms - -[0m
2026-08-08 09:38:09 [INFO]: [0mGET /css/admin/brands.css [36m304[0m 1.536 ms - -[0m
2026-08-08 09:38:09 [INFO]: [0mGET /css/admin/products.css [36m304[0m 0.185 ms - -[0m
2026-08-08 09:38:09 [INFO]: [0mGET /css/header.css [36m304[0m 0.309 ms - -[0m
2026-08-08 09:38:09 [INFO]: [0mGET /images/logo/plantora.png [36m304[0m 0.674 ms - -[0m
2026-08-08 09:38:09 [INFO]: [0mGET /js/admin/layout.js [36m304[0m 0.274 ms - -[0m
2026-08-08 09:38:09 [INFO]: [0mGET /js/admin/users.js [36m304[0m 0.168 ms - -[0m
2026-08-08 09:38:09 [INFO]: [0mGET /js/admin/categories.js [36m304[0m 0.182 ms - -[0m
2026-08-08 09:38:09 [INFO]: [0mGET /js/admin/brands.js [36m304[0m 0.280 ms - -[0m
2026-08-08 09:38:09 [INFO]: [0mGET /js/admin/products.js [36m304[0m 0.569 ms - -[0m
2026-08-08 09:38:09 [INFO]: [0mGET /css/variables.css [36m304[0m 0.299 ms - -[0m
2026-08-08 09:38:09 [INFO]: [0mGET /css/utilities.css [36m304[0m 0.885 ms - -[0m
2026-08-08 09:38:09 [INFO]: [0mGET /css/animations.css [36m304[0m 0.498 ms - -[0m
2026-08-08 09:38:09 [INFO]: [0mGET /css/announcement.css [36m304[0m 0.295 ms - -[0m
2026-08-08 09:38:09 [INFO]: [0mGET /css/hero.css [36m304[0m 0.608 ms - -[0m
2026-08-08 09:38:09 [INFO]: [0mGET /css/featured.css [36m304[0m 0.286 ms - -[0m
2026-08-08 09:38:09 [INFO]: [0mGET /css/why-choose.css [36m304[0m 0.458 ms - -[0m
2026-08-08 09:38:09 [INFO]: [0mGET /css/footer.css [36m304[0m 0.292 ms - -[0m
2026-08-08 09:38:09 [INFO]: [0mGET /css/auth.css [36m304[0m 0.310 ms - -[0m
2026-08-08 09:38:09 [INFO]: [0mGET /css/verify.css [36m304[0m 0.166 ms - -[0m
2026-08-08 09:38:09 [INFO]: [0mGET /js/header.js [36m304[0m 0.537 ms - -[0m
2026-08-08 09:38:09 [INFO]: [0mGET /js/notification.js [36m304[0m 0.711 ms - -[0m
2026-08-08 09:38:11 [INFO]: [0mGET /admin/products [36m304[0m 180.884 ms - -[0m
2026-08-08 09:38:11 [INFO]: [0mGET /css/style.css [36m304[0m 0.382 ms - -[0m
2026-08-08 09:38:11 [INFO]: [0mGET /css/admin/layout.css [36m304[0m 0.484 ms - -[0m
2026-08-08 09:38:11 [INFO]: [0mGET /css/admin/users.css [36m304[0m 0.246 ms - -[0m
2026-08-08 09:38:11 [INFO]: [0mGET /css/admin/categories.css [36m304[0m 0.236 ms - -[0m
2026-08-08 09:38:11 [INFO]: [0mGET /css/admin/brands.css [36m304[0m 0.363 ms - -[0m
2026-08-08 09:38:11 [INFO]: [0mGET /css/admin/products.css [36m304[0m 0.496 ms - -[0m
2026-08-08 09:38:11 [INFO]: [0mGET /css/header.css [36m304[0m 0.624 ms - -[0m
2026-08-08 09:38:11 [INFO]: [0mGET /images/logo/plantora.png [36m304[0m 0.229 ms - -[0m
2026-08-08 09:38:11 [INFO]: [0mGET /js/admin/layout.js [36m304[0m 0.150 ms - -[0m
2026-08-08 09:38:11 [INFO]: [0mGET /js/admin/users.js [36m304[0m 0.181 ms - -[0m
2026-08-08 09:38:11 [INFO]: [0mGET /js/admin/categories.js [36m304[0m 0.327 ms - -[0m
2026-08-08 09:38:11 [INFO]: [0mGET /js/admin/brands.js [36m304[0m 0.502 ms - -[0m
2026-08-08 09:38:11 [INFO]: [0mGET /js/admin/products.js [36m304[0m 0.120 ms - -[0m
2026-08-08 09:38:11 [INFO]: [0mGET /css/variables.css [36m304[0m 0.216 ms - -[0m
2026-08-08 09:38:11 [INFO]: [0mGET /css/utilities.css [36m304[0m 0.143 ms - -[0m
2026-08-08 09:38:11 [INFO]: [0mGET /css/animations.css [36m304[0m 0.166 ms - -[0m
2026-08-08 09:38:11 [INFO]: [0mGET /css/hero.css [36m304[0m 0.210 ms - -[0m
2026-08-08 09:38:11 [INFO]: [0mGET /css/announcement.css [36m304[0m 0.461 ms - -[0m
2026-08-08 09:38:11 [INFO]: [0mGET /css/featured.css [36m304[0m 0.121 ms - -[0m
2026-08-08 09:38:11 [INFO]: [0mGET /css/why-choose.css [36m304[0m 0.150 ms - -[0m
2026-08-08 09:38:11 [INFO]: [0mGET /css/footer.css [36m304[0m 0.164 ms - -[0m
2026-08-08 09:38:11 [INFO]: [0mGET /css/auth.css [36m304[0m 0.295 ms - -[0m
2026-08-08 09:38:11 [INFO]: [0mGET /css/verify.css [36m304[0m 0.464 ms - -[0m
2026-08-08 09:38:11 [INFO]: [0mGET /js/header.js [36m304[0m 0.131 ms - -[0m
2026-08-08 09:38:11 [INFO]: [0mGET /js/notification.js [36m304[0m 0.109 ms - -[0m
2026-08-08 09:38:14 [INFO]: [0mGET /css/style.css [36m304[0m 0.447 ms - -[0m
2026-08-08 09:38:14 [INFO]: [0mGET /css/variables.css [36m304[0m 0.663 ms - -[0m
2026-08-08 09:38:14 [INFO]: [0mGET /css/utilities.css [36m304[0m 1.047 ms - -[0m
2026-08-08 09:38:14 [INFO]: [0mGET /css/animations.css [36m304[0m 0.368 ms - -[0m
2026-08-08 09:38:14 [INFO]: [0mGET /css/announcement.css [36m304[0m 0.625 ms - -[0m
2026-08-08 09:38:14 [INFO]: [0mGET /css/header.css [36m304[0m 0.384 ms - -[0m
2026-08-08 09:38:14 [INFO]: [0mGET /css/hero.css [36m304[0m 0.227 ms - -[0m
2026-08-08 09:38:14 [INFO]: [0mGET /css/featured.css [36m304[0m 0.200 ms - -[0m
2026-08-08 09:38:14 [INFO]: [0mGET /css/why-choose.css [36m304[0m 0.472 ms - -[0m
2026-08-08 09:38:14 [INFO]: [0mGET /css/footer.css [36m304[0m 0.505 ms - -[0m
2026-08-08 09:38:14 [INFO]: [0mGET /css/auth.css [36m304[0m 0.638 ms - -[0m
2026-08-08 09:38:14 [INFO]: [0mGET /css/verify.css [36m304[0m 0.811 ms - -[0m
2026-08-08 09:38:14 [INFO]: [0mGET /css/admin/layout.css [36m304[0m 0.794 ms - -[0m
2026-08-08 09:38:14 [INFO]: [0mGET /css/admin/users.css [36m304[0m 0.379 ms - -[0m
2026-08-08 09:38:14 [INFO]: [0mGET /css/admin/categories.css [36m304[0m 0.546 ms - -[0m
2026-08-08 09:38:14 [INFO]: [0mGET /css/admin/brands.css [36m304[0m 0.836 ms - -[0m
2026-08-08 09:38:14 [INFO]: [0mGET /css/admin/products.css [36m304[0m 0.475 ms - -[0m
2026-08-08 09:38:15 [INFO]: [0mGET /.well-known/appspecific/com.chrome.devtools.json [33m404[0m 85.323 ms - 112[0m
2026-08-08 09:39:22 [INFO]: [0mGET /admin/products [36m304[0m 175.408 ms - -[0m
2026-08-08 09:39:22 [INFO]: [0mGET /css/style.css [36m304[0m 0.235 ms - -[0m
2026-08-08 09:39:22 [INFO]: [0mGET /css/admin/layout.css [36m304[0m 0.477 ms - -[0m
2026-08-08 09:39:22 [INFO]: [0mGET /css/admin/categories.css [36m304[0m 0.233 ms - -[0m
2026-08-08 09:39:22 [INFO]: [0mGET /css/admin/brands.css [36m304[0m 0.299 ms - -[0m
2026-08-08 09:39:22 [INFO]: [0mGET /css/admin/users.css [36m304[0m 0.456 ms - -[0m
2026-08-08 09:39:22 [INFO]: [0mGET /css/header.css [36m304[0m 0.147 ms - -[0m
2026-08-08 09:39:22 [INFO]: [0mGET /css/admin/products.css [32m200[0m 0.674 ms - -[0m
2026-08-08 09:39:22 [INFO]: [0mGET /images/logo/plantora.png [36m304[0m 0.197 ms - -[0m
2026-08-08 09:39:22 [INFO]: [0mGET /js/admin/layout.js [36m304[0m 1.065 ms - -[0m
2026-08-08 09:39:22 [INFO]: [0mGET /js/admin/users.js [36m304[0m 1.000 ms - -[0m
2026-08-08 09:39:22 [INFO]: [0mGET /js/admin/categories.js [36m304[0m 0.932 ms - -[0m
2026-08-08 09:39:22 [INFO]: [0mGET /js/admin/brands.js [36m304[0m 0.901 ms - -[0m
2026-08-08 09:39:22 [INFO]: [0mGET /js/admin/products.js [36m304[0m 1.083 ms - -[0m
2026-08-08 09:39:22 [INFO]: [0mGET /css/variables.css [36m304[0m 0.280 ms - -[0m
2026-08-08 09:39:22 [INFO]: [0mGET /css/utilities.css [36m304[0m 0.616 ms - -[0m
2026-08-08 09:39:22 [INFO]: [0mGET /css/animations.css [36m304[0m 0.526 ms - -[0m
2026-08-08 09:39:22 [INFO]: [0mGET /css/announcement.css [36m304[0m 1.021 ms - -[0m
2026-08-08 09:39:22 [INFO]: [0mGET /css/hero.css [36m304[0m 0.322 ms - -[0m
2026-08-08 09:39:22 [INFO]: [0mGET /css/featured.css [36m304[0m 0.544 ms - -[0m
2026-08-08 09:39:22 [INFO]: [0mGET /css/why-choose.css [36m304[0m 0.365 ms - -[0m
2026-08-08 09:39:22 [INFO]: [0mGET /css/footer.css [36m304[0m 0.737 ms - -[0m
2026-08-08 09:39:22 [INFO]: [0mGET /css/auth.css [36m304[0m 0.416 ms - -[0m
2026-08-08 09:39:22 [INFO]: [0mGET /css/verify.css [36m304[0m 1.215 ms - -[0m
2026-08-08 09:39:22 [INFO]: [0mGET /js/header.js [36m304[0m 0.271 ms - -[0m
2026-08-08 09:39:22 [INFO]: [0mGET /js/notification.js [36m304[0m 0.473 ms - -[0m
2026-08-08 09:39:22 [INFO]: [0mGET /.well-known/appspecific/com.chrome.devtools.json [33m404[0m 91.819 ms - 112[0m
2026-08-08 09:39:44 [INFO]: [0mGET /admin/products [36m304[0m 173.965 ms - -[0m
2026-08-08 09:39:44 [INFO]: [0mGET /css/style.css [36m304[0m 0.277 ms - -[0m
2026-08-08 09:39:44 [INFO]: [0mGET /css/admin/categories.css [36m304[0m 0.913 ms - -[0m
2026-08-08 09:39:44 [INFO]: [0mGET /css/admin/users.css [36m304[0m 1.061 ms - -[0m
2026-08-08 09:39:44 [INFO]: [0mGET /css/header.css [36m304[0m 0.762 ms - -[0m
2026-08-08 09:39:44 [INFO]: [0mGET /css/admin/brands.css [36m304[0m 0.966 ms - -[0m
2026-08-08 09:39:44 [INFO]: [0mGET /images/logo/plantora.png [36m304[0m 0.251 ms - -[0m
2026-08-08 09:39:44 [INFO]: [0mGET /css/admin/layout.css [32m200[0m 3.166 ms - -[0m
2026-08-08 09:39:44 [INFO]: [0mGET /css/admin/products.css [32m200[0m 3.116 ms - -[0m
2026-08-08 09:39:44 [INFO]: [0mGET /js/admin/layout.js [36m304[0m 0.668 ms - -[0m
2026-08-08 09:39:44 [INFO]: [0mGET /js/admin/users.js [36m304[0m 0.864 ms - -[0m
2026-08-08 09:39:44 [INFO]: [0mGET /js/admin/categories.js [36m304[0m 1.012 ms - -[0m
2026-08-08 09:39:44 [INFO]: [0mGET /js/admin/brands.js [36m304[0m 1.388 ms - -[0m
2026-08-08 09:39:44 [INFO]: [0mGET /js/admin/products.js [36m304[0m 1.706 ms - -[0m
2026-08-08 09:39:44 [INFO]: [0mGET /js/header.js [36m304[0m 0.343 ms - -[0m
2026-08-08 09:39:44 [INFO]: [0mGET /js/notification.js [36m304[0m 1.078 ms - -[0m
2026-08-08 09:39:44 [INFO]: [0mGET /css/variables.css [36m304[0m 0.531 ms - -[0m
2026-08-08 09:39:44 [INFO]: [0mGET /css/utilities.css [36m304[0m 0.768 ms - -[0m
2026-08-08 09:39:44 [INFO]: [0mGET /css/animations.css [36m304[0m 1.036 ms - -[0m
2026-08-08 09:39:44 [INFO]: [0mGET /css/announcement.css [36m304[0m 0.423 ms - -[0m
2026-08-08 09:39:44 [INFO]: [0mGET /css/hero.css [36m304[0m 0.566 ms - -[0m
2026-08-08 09:39:44 [INFO]: [0mGET /css/featured.css [36m304[0m 0.866 ms - -[0m
2026-08-08 09:39:44 [INFO]: [0mGET /css/why-choose.css [36m304[0m 0.590 ms - -[0m
2026-08-08 09:39:44 [INFO]: [0mGET /css/footer.css [36m304[0m 0.843 ms - -[0m
2026-08-08 09:39:44 [INFO]: [0mGET /css/auth.css [36m304[0m 0.706 ms - -[0m
2026-08-08 09:39:44 [INFO]: [0mGET /css/verify.css [36m304[0m 0.956 ms - -[0m
2026-08-08 09:39:44 [INFO]: [0mGET /.well-known/appspecific/com.chrome.devtools.json [33m404[0m 85.858 ms - 112[0m
2026-08-08 09:39:59 [INFO]: [0mGET /admin/products [36m304[0m 173.683 ms - -[0m
2026-08-08 09:39:59 [INFO]: [0mGET /css/style.css [36m304[0m 0.236 ms - -[0m
2026-08-08 09:39:59 [INFO]: [0mGET /css/admin/users.css [36m304[0m 0.169 ms - -[0m
2026-08-08 09:39:59 [INFO]: [0mGET /css/admin/categories.css [36m304[0m 0.171 ms - -[0m
2026-08-08 09:39:59 [INFO]: [0mGET /css/admin/brands.css [36m304[0m 0.402 ms - -[0m
2026-08-08 09:39:59 [INFO]: [0mGET /css/admin/products.css [36m304[0m 0.666 ms - -[0m
2026-08-08 09:39:59 [INFO]: [0mGET /css/admin/layout.css [32m200[0m 1.165 ms - -[0m
2026-08-08 09:39:59 [INFO]: [0mGET /css/header.css [36m304[0m 0.938 ms - -[0m
2026-08-08 09:39:59 [INFO]: [0mGET /images/logo/plantora.png [36m304[0m 0.193 ms - -[0m
2026-08-08 09:39:59 [INFO]: [0mGET /js/admin/layout.js [36m304[0m 1.069 ms - -[0m
2026-08-08 09:39:59 [INFO]: [0mGET /js/admin/users.js [36m304[0m 1.082 ms - -[0m
2026-08-08 09:39:59 [INFO]: [0mGET /js/admin/categories.js [36m304[0m 1.132 ms - -[0m
2026-08-08 09:39:59 [INFO]: [0mGET /js/admin/brands.js [36m304[0m 1.268 ms - -[0m
2026-08-08 09:39:59 [INFO]: [0mGET /js/admin/products.js [36m304[0m 1.646 ms - -[0m
2026-08-08 09:39:59 [INFO]: [0mGET /js/header.js [36m304[0m 0.256 ms - -[0m
2026-08-08 09:39:59 [INFO]: [0mGET /js/notification.js [36m304[0m 0.341 ms - -[0m
2026-08-08 09:39:59 [INFO]: [0mGET /css/variables.css [36m304[0m 0.244 ms - -[0m
2026-08-08 09:39:59 [INFO]: [0mGET /css/utilities.css [36m304[0m 0.343 ms - -[0m
2026-08-08 09:39:59 [INFO]: [0mGET /css/animations.css [36m304[0m 0.491 ms - -[0m
2026-08-08 09:39:59 [INFO]: [0mGET /css/announcement.css [36m304[0m 0.656 ms - -[0m
2026-08-08 09:39:59 [INFO]: [0mGET /css/hero.css [36m304[0m 0.142 ms - -[0m
2026-08-08 09:39:59 [INFO]: [0mGET /css/featured.css [36m304[0m 0.353 ms - -[0m
2026-08-08 09:39:59 [INFO]: [0mGET /css/why-choose.css [36m304[0m 0.476 ms - -[0m
2026-08-08 09:39:59 [INFO]: [0mGET /css/footer.css [36m304[0m 0.597 ms - -[0m
2026-08-08 09:39:59 [INFO]: [0mGET /css/auth.css [36m304[0m 0.181 ms - -[0m
2026-08-08 09:39:59 [INFO]: [0mGET /css/verify.css [36m304[0m 0.305 ms - -[0m
2026-08-08 09:39:59 [INFO]: [0mGET /.well-known/appspecific/com.chrome.devtools.json [33m404[0m 84.921 ms - 112[0m
2026-08-08 09:40:01 [INFO]: [0mGET /admin/dashboard [36m304[0m 130.645 ms - -[0m
2026-08-08 09:40:01 [INFO]: [0mGET /css/style.css [36m304[0m 0.485 ms - -[0m
2026-08-08 09:40:01 [INFO]: [0mGET /css/admin/layout.css [36m304[0m 0.530 ms - -[0m
2026-08-08 09:40:01 [INFO]: [0mGET /css/admin/users.css [36m304[0m 1.003 ms - -[0m
2026-08-08 09:40:01 [INFO]: [0mGET /css/admin/categories.css [36m304[0m 0.571 ms - -[0m
2026-08-08 09:40:01 [INFO]: [0mGET /css/admin/brands.css [36m304[0m 0.655 ms - -[0m
2026-08-08 09:40:01 [INFO]: [0mGET /css/admin/products.css [36m304[0m 0.890 ms - -[0m
2026-08-08 09:40:01 [INFO]: [0mGET /css/header.css [36m304[0m 0.942 ms - -[0m
2026-08-08 09:40:01 [INFO]: [0mGET /images/logo/plantora.png [36m304[0m 1.053 ms - -[0m
2026-08-08 09:40:01 [INFO]: [0mGET /js/admin/layout.js [36m304[0m 0.282 ms - -[0m
2026-08-08 09:40:01 [INFO]: [0mGET /js/admin/users.js [36m304[0m 0.289 ms - -[0m
2026-08-08 09:40:01 [INFO]: [0mGET /js/admin/categories.js [36m304[0m 0.969 ms - -[0m
2026-08-08 09:40:01 [INFO]: [0mGET /js/admin/brands.js [36m304[0m 0.675 ms - -[0m
2026-08-08 09:40:01 [INFO]: [0mGET /js/admin/products.js [36m304[0m 0.848 ms - -[0m
2026-08-08 09:40:01 [INFO]: [0mGET /js/header.js [36m304[0m 0.981 ms - -[0m
2026-08-08 09:40:01 [INFO]: [0mGET /js/notification.js [36m304[0m 0.499 ms - -[0m
2026-08-08 09:40:01 [INFO]: [0mGET /css/variables.css [36m304[0m 0.341 ms - -[0m
2026-08-08 09:40:01 [INFO]: [0mGET /css/utilities.css [36m304[0m 0.231 ms - -[0m
2026-08-08 09:40:01 [INFO]: [0mGET /css/animations.css [36m304[0m 0.622 ms - -[0m
2026-08-08 09:40:01 [INFO]: [0mGET /css/announcement.css [36m304[0m 0.631 ms - -[0m
2026-08-08 09:40:01 [INFO]: [0mGET /css/hero.css [36m304[0m 0.800 ms - -[0m
2026-08-08 09:40:01 [INFO]: [0mGET /css/featured.css [36m304[0m 0.982 ms - -[0m
2026-08-08 09:40:01 [INFO]: [0mGET /css/why-choose.css [36m304[0m 0.244 ms - -[0m
2026-08-08 09:40:01 [INFO]: [0mGET /css/footer.css [36m304[0m 0.192 ms - -[0m
2026-08-08 09:40:01 [INFO]: [0mGET /css/auth.css [36m304[0m 0.186 ms - -[0m
2026-08-08 09:40:01 [INFO]: [0mGET /css/verify.css [36m304[0m 0.192 ms - -[0m
2026-08-08 09:40:01 [INFO]: [0mGET /.well-known/appspecific/com.chrome.devtools.json [33m404[0m 86.217 ms - 112[0m
2026-08-08 09:40:02 [INFO]: [0mGET /admin/users [36m304[0m 216.334 ms - -[0m
2026-08-08 09:40:02 [INFO]: [0mGET /css/style.css [36m304[0m 0.194 ms - -[0m
2026-08-08 09:40:02 [INFO]: [0mGET /css/admin/layout.css [36m304[0m 0.680 ms - -[0m
2026-08-08 09:40:02 [INFO]: [0mGET /css/admin/users.css [36m304[0m 0.886 ms - -[0m
2026-08-08 09:40:02 [INFO]: [0mGET /css/admin/categories.css [36m304[0m 1.132 ms - -[0m
2026-08-08 09:40:02 [INFO]: [0mGET /css/admin/brands.css [36m304[0m 1.295 ms - -[0m
2026-08-08 09:40:02 [INFO]: [0mGET /css/admin/products.css [36m304[0m 0.170 ms - -[0m
2026-08-08 09:40:02 [INFO]: [0mGET /css/header.css [36m304[0m 0.162 ms - -[0m
2026-08-08 09:40:02 [INFO]: [0mGET /images/logo/plantora.png [36m304[0m 0.248 ms - -[0m
2026-08-08 09:40:02 [INFO]: [0mGET /js/admin/layout.js [36m304[0m 0.519 ms - -[0m
2026-08-08 09:40:02 [INFO]: [0mGET /js/admin/users.js [36m304[0m 0.747 ms - -[0m
2026-08-08 09:40:02 [INFO]: [0mGET /js/admin/categories.js [36m304[0m 0.939 ms - -[0m
2026-08-08 09:40:02 [INFO]: [0mGET /js/admin/brands.js [36m304[0m 1.082 ms - -[0m
2026-08-08 09:40:02 [INFO]: [0mGET /js/admin/products.js [36m304[0m 0.216 ms - -[0m
2026-08-08 09:40:02 [INFO]: [0mGET /js/header.js [36m304[0m 0.234 ms - -[0m
2026-08-08 09:40:02 [INFO]: [0mGET /js/notification.js [36m304[0m 0.195 ms - -[0m
2026-08-08 09:40:02 [INFO]: [0mGET /css/variables.css [36m304[0m 0.333 ms - -[0m
2026-08-08 09:40:02 [INFO]: [0mGET /css/utilities.css [36m304[0m 0.204 ms - -[0m
2026-08-08 09:40:02 [INFO]: [0mGET /css/animations.css [36m304[0m 0.410 ms - -[0m
2026-08-08 09:40:02 [INFO]: [0mGET /css/announcement.css [36m304[0m 0.662 ms - -[0m
2026-08-08 09:40:02 [INFO]: [0mGET /css/hero.css [36m304[0m 0.734 ms - -[0m
2026-08-08 09:40:02 [INFO]: [0mGET /css/featured.css [36m304[0m 0.622 ms - -[0m
2026-08-08 09:40:02 [INFO]: [0mGET /css/why-choose.css [36m304[0m 0.860 ms - -[0m
2026-08-08 09:40:02 [INFO]: [0mGET /css/footer.css [36m304[0m 0.207 ms - -[0m
2026-08-08 09:40:02 [INFO]: [0mGET /css/auth.css [36m304[0m 0.271 ms - -[0m
2026-08-08 09:40:02 [INFO]: [0mGET /css/verify.css [36m304[0m 0.465 ms - -[0m
2026-08-08 09:40:02 [INFO]: [0mGET /.well-known/appspecific/com.chrome.devtools.json [33m404[0m 88.236 ms - 112[0m
2026-08-08 09:40:03 [INFO]: [0mGET /admin/users/trash [36m304[0m 217.292 ms - -[0m
2026-08-08 09:40:03 [INFO]: [0mGET /css/style.css [36m304[0m 0.241 ms - -[0m
2026-08-08 09:40:03 [INFO]: [0mGET /css/admin/layout.css [36m304[0m 0.567 ms - -[0m
2026-08-08 09:40:03 [INFO]: [0mGET /css/admin/users.css [36m304[0m 0.445 ms - -[0m
2026-08-08 09:40:03 [INFO]: [0mGET /css/admin/categories.css [36m304[0m 0.574 ms - -[0m
2026-08-08 09:40:03 [INFO]: [0mGET /css/admin/brands.css [36m304[0m 1.089 ms - -[0m
2026-08-08 09:40:03 [INFO]: [0mGET /css/admin/products.css [36m304[0m 0.194 ms - -[0m
2026-08-08 09:40:03 [INFO]: [0mGET /css/header.css [36m304[0m 0.458 ms - -[0m
2026-08-08 09:40:03 [INFO]: [0mGET /images/logo/plantora.png [36m304[0m 0.240 ms - -[0m
2026-08-08 09:40:03 [INFO]: [0mGET /js/admin/layout.js [36m304[0m 0.640 ms - -[0m
2026-08-08 09:40:03 [INFO]: [0mGET /js/admin/users.js [36m304[0m 0.870 ms - -[0m
2026-08-08 09:40:03 [INFO]: [0mGET /js/admin/categories.js [36m304[0m 0.403 ms - -[0m
2026-08-08 09:40:03 [INFO]: [0mGET /js/admin/brands.js [36m304[0m 0.484 ms - -[0m
2026-08-08 09:40:03 [INFO]: [0mGET /js/admin/products.js [36m304[0m 0.626 ms - -[0m
2026-08-08 09:40:03 [INFO]: [0mGET /css/variables.css [36m304[0m 0.233 ms - -[0m
2026-08-08 09:40:03 [INFO]: [0mGET /css/utilities.css [36m304[0m 0.360 ms - -[0m
2026-08-08 09:40:03 [INFO]: [0mGET /css/animations.css [36m304[0m 0.240 ms - -[0m
2026-08-08 09:40:03 [INFO]: [0mGET /css/announcement.css [36m304[0m 0.375 ms - -[0m
2026-08-08 09:40:03 [INFO]: [0mGET /css/hero.css [36m304[0m 2.147 ms - -[0m
2026-08-08 09:40:03 [INFO]: [0mGET /css/featured.css [36m304[0m 2.111 ms - -[0m
2026-08-08 09:40:03 [INFO]: [0mGET /css/why-choose.css [36m304[0m 0.436 ms - -[0m
2026-08-08 09:40:03 [INFO]: [0mGET /css/footer.css [36m304[0m 0.505 ms - -[0m
2026-08-08 09:40:03 [INFO]: [0mGET /css/auth.css [36m304[0m 0.658 ms - -[0m
2026-08-08 09:40:03 [INFO]: [0mGET /css/verify.css [36m304[0m 0.250 ms - -[0m
2026-08-08 09:40:03 [INFO]: [0mGET /js/header.js [36m304[0m 0.148 ms - -[0m
2026-08-08 09:40:03 [INFO]: [0mGET /js/notification.js [36m304[0m 0.298 ms - -[0m
2026-08-08 09:40:03 [INFO]: [0mGET /.well-known/appspecific/com.chrome.devtools.json [33m404[0m 87.966 ms - 112[0m
2026-08-08 09:40:04 [INFO]: [0mGET /admin/categories [36m304[0m 227.312 ms - -[0m
2026-08-08 09:40:04 [INFO]: [0mGET /css/style.css [36m304[0m 0.652 ms - -[0m
2026-08-08 09:40:04 [INFO]: [0mGET /css/admin/layout.css [36m304[0m 0.932 ms - -[0m
2026-08-08 09:40:04 [INFO]: [0mGET /css/admin/users.css [36m304[0m 0.897 ms - -[0m
2026-08-08 09:40:04 [INFO]: [0mGET /css/admin/categories.css [36m304[0m 0.629 ms - -[0m
2026-08-08 09:40:04 [INFO]: [0mGET /css/admin/brands.css [36m304[0m 1.020 ms - -[0m
2026-08-08 09:40:04 [INFO]: [0mGET /css/admin/products.css [36m304[0m 0.442 ms - -[0m
2026-08-08 09:40:04 [INFO]: [0mGET /css/header.css [36m304[0m 0.164 ms - -[0m
2026-08-08 09:40:04 [INFO]: [0mGET /images/logo/plantora.png [36m304[0m 0.214 ms - -[0m
2026-08-08 09:40:04 [INFO]: [0mGET /js/admin/layout.js [36m304[0m 0.298 ms - -[0m
2026-08-08 09:40:04 [INFO]: [0mGET /js/admin/users.js [36m304[0m 0.365 ms - -[0m
2026-08-08 09:40:04 [INFO]: [0mGET /js/admin/categories.js [36m304[0m 1.014 ms - -[0m
2026-08-08 09:40:04 [INFO]: [0mGET /js/admin/brands.js [36m304[0m 0.673 ms - -[0m
2026-08-08 09:40:04 [INFO]: [0mGET /js/admin/products.js [36m304[0m 0.904 ms - -[0m
2026-08-08 09:40:04 [INFO]: [0mGET /css/variables.css [36m304[0m 0.523 ms - -[0m
2026-08-08 09:40:04 [INFO]: [0mGET /css/utilities.css [36m304[0m 0.614 ms - -[0m
2026-08-08 09:40:04 [INFO]: [0mGET /css/animations.css [36m304[0m 0.426 ms - -[0m
2026-08-08 09:40:04 [INFO]: [0mGET /css/announcement.css [36m304[0m 1.154 ms - -[0m
2026-08-08 09:40:04 [INFO]: [0mGET /css/hero.css [36m304[0m 0.684 ms - -[0m
2026-08-08 09:40:04 [INFO]: [0mGET /css/featured.css [36m304[0m 0.883 ms - -[0m
2026-08-08 09:40:04 [INFO]: [0mGET /css/why-choose.css [36m304[0m 1.060 ms - -[0m
2026-08-08 09:40:04 [INFO]: [0mGET /css/footer.css [36m304[0m 1.053 ms - -[0m
2026-08-08 09:40:04 [INFO]: [0mGET /css/auth.css [36m304[0m 0.168 ms - -[0m
2026-08-08 09:40:04 [INFO]: [0mGET /css/verify.css [36m304[0m 0.208 ms - -[0m
2026-08-08 09:40:04 [INFO]: [0mGET /js/header.js [36m304[0m 0.219 ms - -[0m
2026-08-08 09:40:04 [INFO]: [0mGET /js/notification.js [36m304[0m 0.292 ms - -[0m
2026-08-08 09:40:05 [INFO]: [0mGET /.well-known/appspecific/com.chrome.devtools.json [33m404[0m 86.265 ms - 112[0m
2026-08-08 09:40:05 [INFO]: [0mGET /admin/brands [36m304[0m 232.625 ms - -[0m
2026-08-08 09:40:05 [INFO]: [0mGET /css/style.css [36m304[0m 0.247 ms - -[0m
2026-08-08 09:40:05 [INFO]: [0mGET /css/admin/layout.css [36m304[0m 0.244 ms - -[0m
2026-08-08 09:40:05 [INFO]: [0mGET /css/admin/users.css [36m304[0m 0.598 ms - -[0m
2026-08-08 09:40:05 [INFO]: [0mGET /css/admin/categories.css [36m304[0m 0.903 ms - -[0m
2026-08-08 09:40:05 [INFO]: [0mGET /css/admin/products.css [36m304[0m 0.823 ms - -[0m
2026-08-08 09:40:05 [INFO]: [0mGET /css/admin/brands.css [36m304[0m 1.067 ms - -[0m
2026-08-08 09:40:05 [INFO]: [0mGET /css/header.css [36m304[0m 0.850 ms - -[0m
2026-08-08 09:40:05 [INFO]: [0mGET /images/logo/plantora.png [36m304[0m 0.278 ms - -[0m
2026-08-08 09:40:06 [INFO]: [0mGET /js/admin/layout.js [36m304[0m 0.371 ms - -[0m
2026-08-08 09:40:06 [INFO]: [0mGET /js/admin/users.js [36m304[0m 0.479 ms - -[0m
2026-08-08 09:40:06 [INFO]: [0mGET /js/admin/categories.js [36m304[0m 0.659 ms - -[0m
2026-08-08 09:40:06 [INFO]: [0mGET /js/admin/brands.js [36m304[0m 0.888 ms - -[0m
2026-08-08 09:40:06 [INFO]: [0mGET /js/admin/products.js [36m304[0m 1.137 ms - -[0m
2026-08-08 09:40:06 [INFO]: [0mGET /css/variables.css [36m304[0m 0.161 ms - -[0m
2026-08-08 09:40:06 [INFO]: [0mGET /css/utilities.css [36m304[0m 0.234 ms - -[0m
2026-08-08 09:40:06 [INFO]: [0mGET /css/animations.css [36m304[0m 0.455 ms - -[0m
2026-08-08 09:40:06 [INFO]: [0mGET /css/announcement.css [36m304[0m 0.609 ms - -[0m
2026-08-08 09:40:06 [INFO]: [0mGET /css/hero.css [36m304[0m 0.807 ms - -[0m
2026-08-08 09:40:06 [INFO]: [0mGET /css/featured.css [36m304[0m 1.077 ms - -[0m
2026-08-08 09:40:06 [INFO]: [0mGET /css/why-choose.css [36m304[0m 0.231 ms - -[0m
2026-08-08 09:40:06 [INFO]: [0mGET /css/footer.css [36m304[0m 0.328 ms - -[0m
2026-08-08 09:40:06 [INFO]: [0mGET /css/auth.css [36m304[0m 0.538 ms - -[0m
2026-08-08 09:40:06 [INFO]: [0mGET /css/verify.css [36m304[0m 0.942 ms - -[0m
2026-08-08 09:40:06 [INFO]: [0mGET /js/header.js [36m304[0m 0.620 ms - -[0m
2026-08-08 09:40:06 [INFO]: [0mGET /js/notification.js [36m304[0m 0.246 ms - -[0m
2026-08-08 09:40:06 [INFO]: [0mGET /.well-known/appspecific/com.chrome.devtools.json [33m404[0m 89.418 ms - 112[0m
2026-08-08 09:40:07 [INFO]: [0mGET /admin/products [36m304[0m 174.788 ms - -[0m
2026-08-08 09:40:07 [INFO]: [0mGET /css/style.css [36m304[0m 0.346 ms - -[0m
2026-08-08 09:40:07 [INFO]: [0mGET /css/admin/layout.css [36m304[0m 0.455 ms - -[0m
2026-08-08 09:40:07 [INFO]: [0mGET /css/admin/users.css [36m304[0m 0.337 ms - -[0m
2026-08-08 09:40:07 [INFO]: [0mGET /css/admin/categories.css [36m304[0m 0.407 ms - -[0m
2026-08-08 09:40:07 [INFO]: [0mGET /css/admin/brands.css [36m304[0m 0.580 ms - -[0m
2026-08-08 09:40:07 [INFO]: [0mGET /css/admin/products.css [36m304[0m 0.450 ms - -[0m
2026-08-08 09:40:07 [INFO]: [0mGET /css/header.css [36m304[0m 0.658 ms - -[0m
2026-08-08 09:40:07 [INFO]: [0mGET /images/logo/plantora.png [36m304[0m 0.162 ms - -[0m
2026-08-08 09:40:07 [INFO]: [0mGET /js/admin/layout.js [36m304[0m 0.412 ms - -[0m
2026-08-08 09:40:07 [INFO]: [0mGET /js/admin/users.js [36m304[0m 0.622 ms - -[0m
2026-08-08 09:40:07 [INFO]: [0mGET /js/admin/categories.js [36m304[0m 0.857 ms - -[0m
2026-08-08 09:40:07 [INFO]: [0mGET /js/admin/brands.js [36m304[0m 0.377 ms - -[0m
2026-08-08 09:40:07 [INFO]: [0mGET /js/admin/products.js [36m304[0m 0.900 ms - -[0m
2026-08-08 09:40:07 [INFO]: [0mGET /css/variables.css [36m304[0m 0.615 ms - -[0m
2026-08-08 09:40:07 [INFO]: [0mGET /css/utilities.css [36m304[0m 0.178 ms - -[0m
2026-08-08 09:40:07 [INFO]: [0mGET /css/animations.css [36m304[0m 0.636 ms - -[0m
2026-08-08 09:40:07 [INFO]: [0mGET /css/announcement.css [36m304[0m 0.526 ms - -[0m
2026-08-08 09:40:07 [INFO]: [0mGET /css/hero.css [36m304[0m 0.619 ms - -[0m
2026-08-08 09:40:07 [INFO]: [0mGET /css/featured.css [36m304[0m 0.254 ms - -[0m
2026-08-08 09:40:07 [INFO]: [0mGET /css/why-choose.css [36m304[0m 0.457 ms - -[0m
2026-08-08 09:40:07 [INFO]: [0mGET /css/footer.css [36m304[0m 0.148 ms - -[0m
2026-08-08 09:40:07 [INFO]: [0mGET /css/auth.css [36m304[0m 0.446 ms - -[0m
2026-08-08 09:40:07 [INFO]: [0mGET /css/verify.css [36m304[0m 0.561 ms - -[0m
2026-08-08 09:40:07 [INFO]: [0mGET /js/header.js [36m304[0m 0.119 ms - -[0m
2026-08-08 09:40:07 [INFO]: [0mGET /js/notification.js [36m304[0m 0.263 ms - -[0m
2026-08-08 09:40:07 [INFO]: [0mGET /.well-known/appspecific/com.chrome.devtools.json [33m404[0m 85.474 ms - 112[0m
2026-08-08 09:40:08 [INFO]: [0mGET /admin/products/trash [36m304[0m 172.365 ms - -[0m
2026-08-08 09:40:08 [INFO]: [0mGET /css/style.css [36m304[0m 0.270 ms - -[0m
2026-08-08 09:40:08 [INFO]: [0mGET /css/admin/layout.css [36m304[0m 0.872 ms - -[0m
2026-08-08 09:40:08 [INFO]: [0mGET /css/admin/users.css [36m304[0m 0.643 ms - -[0m
2026-08-08 09:40:08 [INFO]: [0mGET /css/admin/categories.css [36m304[0m 0.733 ms - -[0m
2026-08-08 09:40:08 [INFO]: [0mGET /css/admin/brands.css [36m304[0m 0.834 ms - -[0m
2026-08-08 09:40:08 [INFO]: [0mGET /css/admin/products.css [36m304[0m 1.074 ms - -[0m
2026-08-08 09:40:08 [INFO]: [0mGET /css/header.css [36m304[0m 0.288 ms - -[0m
2026-08-08 09:40:08 [INFO]: [0mGET /images/logo/plantora.png [36m304[0m 0.390 ms - -[0m
2026-08-08 09:40:08 [INFO]: [0mGET /js/admin/layout.js [36m304[0m 0.294 ms - -[0m
2026-08-08 09:40:08 [INFO]: [0mGET /js/admin/users.js [36m304[0m 0.440 ms - -[0m
2026-08-08 09:40:08 [INFO]: [0mGET /js/admin/categories.js [36m304[0m 0.726 ms - -[0m
2026-08-08 09:40:08 [INFO]: [0mGET /js/admin/brands.js [36m304[0m 0.598 ms - -[0m
2026-08-08 09:40:08 [INFO]: [0mGET /js/admin/products.js [36m304[0m 0.733 ms - -[0m
2026-08-08 09:40:08 [INFO]: [0mGET /js/header.js [36m304[0m 1.005 ms - -[0m
2026-08-08 09:40:08 [INFO]: [0mGET /css/variables.css [36m304[0m 0.590 ms - -[0m
2026-08-08 09:40:08 [INFO]: [0mGET /css/utilities.css [36m304[0m 1.031 ms - -[0m
2026-08-08 09:40:08 [INFO]: [0mGET /css/animations.css [36m304[0m 0.496 ms - -[0m
2026-08-08 09:40:08 [INFO]: [0mGET /css/announcement.css [36m304[0m 0.797 ms - -[0m
2026-08-08 09:40:08 [INFO]: [0mGET /css/hero.css [36m304[0m 0.553 ms - -[0m
2026-08-08 09:40:08 [INFO]: [0mGET /css/featured.css [36m304[0m 0.167 ms - -[0m
2026-08-08 09:40:08 [INFO]: [0mGET /css/why-choose.css [36m304[0m 0.192 ms - -[0m
2026-08-08 09:40:08 [INFO]: [0mGET /css/footer.css [36m304[0m 0.242 ms - -[0m
2026-08-08 09:40:08 [INFO]: [0mGET /css/auth.css [36m304[0m 0.488 ms - -[0m
2026-08-08 09:40:08 [INFO]: [0mGET /css/verify.css [36m304[0m 0.417 ms - -[0m
2026-08-08 09:40:08 [INFO]: [0mGET /js/notification.js [36m304[0m 0.186 ms - -[0m
2026-08-08 09:40:08 [INFO]: [0mGET /.well-known/appspecific/com.chrome.devtools.json [33m404[0m 90.224 ms - 112[0m
2026-08-08 09:40:10 [INFO]: [0mGET /admin/products [36m304[0m 174.557 ms - -[0m
2026-08-08 09:40:10 [INFO]: [0mGET /css/style.css [36m304[0m 0.502 ms - -[0m
2026-08-08 09:40:10 [INFO]: [0mGET /css/admin/layout.css [36m304[0m 0.330 ms - -[0m
2026-08-08 09:40:10 [INFO]: [0mGET /css/admin/users.css [36m304[0m 0.583 ms - -[0m
2026-08-08 09:40:10 [INFO]: [0mGET /css/admin/categories.css [36m304[0m 0.370 ms - -[0m
2026-08-08 09:40:10 [INFO]: [0mGET /css/admin/brands.css [36m304[0m 0.605 ms - -[0m
2026-08-08 09:40:10 [INFO]: [0mGET /css/admin/products.css [36m304[0m 0.391 ms - -[0m
2026-08-08 09:40:10 [INFO]: [0mGET /css/header.css [36m304[0m 0.247 ms - -[0m
2026-08-08 09:40:10 [INFO]: [0mGET /images/logo/plantora.png [36m304[0m 0.398 ms - -[0m
2026-08-08 09:40:10 [INFO]: [0mGET /js/admin/layout.js [36m304[0m 0.368 ms - -[0m
2026-08-08 09:40:10 [INFO]: [0mGET /js/admin/users.js [36m304[0m 0.558 ms - -[0m
2026-08-08 09:40:10 [INFO]: [0mGET /js/admin/categories.js [36m304[0m 0.497 ms - -[0m
2026-08-08 09:40:10 [INFO]: [0mGET /js/admin/brands.js [36m304[0m 0.750 ms - -[0m
2026-08-08 09:40:10 [INFO]: [0mGET /js/admin/products.js [36m304[0m 0.975 ms - -[0m
2026-08-08 09:40:10 [INFO]: [0mGET /css/variables.css [36m304[0m 1.169 ms - -[0m
2026-08-08 09:40:10 [INFO]: [0mGET /js/header.js [36m304[0m 0.193 ms - -[0m
2026-08-08 09:40:10 [INFO]: [0mGET /css/utilities.css [36m304[0m 0.254 ms - -[0m
2026-08-08 09:40:10 [INFO]: [0mGET /css/animations.css [36m304[0m 0.652 ms - -[0m
2026-08-08 09:40:10 [INFO]: [0mGET /css/announcement.css [36m304[0m 0.438 ms - -[0m
2026-08-08 09:40:10 [INFO]: [0mGET /css/hero.css [36m304[0m 0.678 ms - -[0m
2026-08-08 09:40:10 [INFO]: [0mGET /css/featured.css [36m304[0m 0.820 ms - -[0m
2026-08-08 09:40:10 [INFO]: [0mGET /css/why-choose.css [36m304[0m 0.876 ms - -[0m
2026-08-08 09:40:10 [INFO]: [0mGET /css/footer.css [36m304[0m 0.161 ms - -[0m
2026-08-08 09:40:10 [INFO]: [0mGET /css/auth.css [36m304[0m 0.263 ms - -[0m
2026-08-08 09:40:10 [INFO]: [0mGET /css/verify.css [36m304[0m 0.265 ms - -[0m
2026-08-08 09:40:10 [INFO]: [0mGET /js/notification.js [36m304[0m 0.203 ms - -[0m
2026-08-08 09:40:10 [INFO]: [0mGET /.well-known/appspecific/com.chrome.devtools.json [33m404[0m 84.630 ms - 112[0m
2026-08-08 09:41:03 [INFO]: [0mGET /admin/products [36m304[0m 185.859 ms - -[0m
2026-08-08 09:41:03 [INFO]: [0mGET /css/style.css [36m304[0m 0.262 ms - -[0m
2026-08-08 09:41:03 [INFO]: [0mGET /css/admin/users.css [36m304[0m 0.394 ms - -[0m
2026-08-08 09:41:03 [INFO]: [0mGET /css/admin/categories.css [36m304[0m 0.535 ms - -[0m
2026-08-08 09:41:03 [INFO]: [0mGET /css/admin/brands.css [36m304[0m 0.492 ms - -[0m
2026-08-08 09:41:03 [INFO]: [0mGET /css/header.css [36m304[0m 0.233 ms - -[0m
2026-08-08 09:41:03 [INFO]: [0mGET /css/admin/layout.css [32m200[0m 1.905 ms - -[0m
2026-08-08 09:41:03 [INFO]: [0mGET /images/logo/plantora.png [36m304[0m 0.402 ms - -[0m
2026-08-08 09:41:03 [INFO]: [0mGET /css/admin/products.css [32m200[0m 1.600 ms - -[0m
2026-08-08 09:41:03 [INFO]: [0mGET /js/admin/layout.js [36m304[0m 1.137 ms - -[0m
2026-08-08 09:41:03 [INFO]: [0mGET /js/admin/users.js [36m304[0m 1.064 ms - -[0m
2026-08-08 09:41:03 [INFO]: [0mGET /js/admin/categories.js [36m304[0m 1.351 ms - -[0m
2026-08-08 09:41:03 [INFO]: [0mGET /js/admin/brands.js [36m304[0m 1.624 ms - -[0m
2026-08-08 09:41:03 [INFO]: [0mGET /js/admin/products.js [36m304[0m 1.674 ms - -[0m
2026-08-08 09:41:03 [INFO]: [0mGET /css/variables.css [36m304[0m 0.193 ms - -[0m
2026-08-08 09:41:03 [INFO]: [0mGET /css/utilities.css [36m304[0m 0.381 ms - -[0m
2026-08-08 09:41:03 [INFO]: [0mGET /css/animations.css [36m304[0m 0.147 ms - -[0m
2026-08-08 09:41:03 [INFO]: [0mGET /css/announcement.css [36m304[0m 0.243 ms - -[0m
2026-08-08 09:41:03 [INFO]: [0mGET /css/hero.css [36m304[0m 0.148 ms - -[0m
2026-08-08 09:41:03 [INFO]: [0mGET /css/featured.css [36m304[0m 0.904 ms - -[0m
2026-08-08 09:41:03 [INFO]: [0mGET /css/why-choose.css [36m304[0m 1.064 ms - -[0m
2026-08-08 09:41:03 [INFO]: [0mGET /css/footer.css [36m304[0m 0.191 ms - -[0m
2026-08-08 09:41:03 [INFO]: [0mGET /css/auth.css [36m304[0m 0.286 ms - -[0m
2026-08-08 09:41:03 [INFO]: [0mGET /css/verify.css [36m304[0m 0.406 ms - -[0m
2026-08-08 09:41:03 [INFO]: [0mGET /js/header.js [36m304[0m 0.187 ms - -[0m
2026-08-08 09:41:03 [INFO]: [0mGET /js/notification.js [36m304[0m 0.530 ms - -[0m
2026-08-08 09:41:03 [INFO]: [0mGET /.well-known/appspecific/com.chrome.devtools.json [33m404[0m 84.704 ms - 112[0m
2026-08-08 09:42:03 [INFO]: [0mGET /admin/products [32m200[0m 173.997 ms - -[0m
2026-08-08 09:42:03 [INFO]: [0mGET /css/style.css [36m304[0m 0.223 ms - -[0m
2026-08-08 09:42:03 [INFO]: [0mGET /css/admin/layout.css [36m304[0m 0.364 ms - -[0m
2026-08-08 09:42:03 [INFO]: [0mGET /css/admin/users.css [36m304[0m 0.089 ms - -[0m
2026-08-08 09:42:03 [INFO]: [0mGET /css/admin/categories.css [36m304[0m 0.071 ms - -[0m
2026-08-08 09:42:03 [INFO]: [0mGET /css/admin/brands.css [36m304[0m 0.117 ms - -[0m
2026-08-08 09:42:03 [INFO]: [0mGET /css/header.css [36m304[0m 0.346 ms - -[0m
2026-08-08 09:42:03 [INFO]: [0mGET /images/logo/plantora.png [36m304[0m 0.121 ms - -[0m
2026-08-08 09:42:03 [INFO]: [0mGET /css/admin/products.css [32m200[0m 1.923 ms - -[0m
2026-08-08 09:42:03 [INFO]: [0mGET /js/admin/layout.js [36m304[0m 0.282 ms - -[0m
2026-08-08 09:42:03 [INFO]: [0mGET /js/admin/users.js [36m304[0m 0.465 ms - -[0m
2026-08-08 09:42:03 [INFO]: [0mGET /js/admin/categories.js [36m304[0m 0.611 ms - -[0m
2026-08-08 09:42:03 [INFO]: [0mGET /js/admin/brands.js [36m304[0m 0.765 ms - -[0m
2026-08-08 09:42:03 [INFO]: [0mGET /js/admin/products.js [36m304[0m 0.227 ms - -[0m
2026-08-08 09:42:03 [INFO]: [0mGET /css/variables.css [36m304[0m 0.300 ms - -[0m
2026-08-08 09:42:03 [INFO]: [0mGET /css/animations.css [36m304[0m 0.414 ms - -[0m
2026-08-08 09:42:03 [INFO]: [0mGET /css/utilities.css [36m304[0m 0.678 ms - -[0m
2026-08-08 09:42:03 [INFO]: [0mGET /css/announcement.css [36m304[0m 0.820 ms - -[0m
2026-08-08 09:42:03 [INFO]: [0mGET /css/hero.css [36m304[0m 1.069 ms - -[0m
2026-08-08 09:42:03 [INFO]: [0mGET /css/footer.css [36m304[0m 0.179 ms - -[0m
2026-08-08 09:42:03 [INFO]: [0mGET /css/why-choose.css [36m304[0m 0.435 ms - -[0m
2026-08-08 09:42:03 [INFO]: [0mGET /css/featured.css [36m304[0m 0.478 ms - -[0m
2026-08-08 09:42:03 [INFO]: [0mGET /css/auth.css [36m304[0m 0.585 ms - -[0m
2026-08-08 09:42:03 [INFO]: [0mGET /css/verify.css [36m304[0m 0.847 ms - -[0m
2026-08-08 09:42:03 [INFO]: [0mGET /js/header.js [36m304[0m 0.121 ms - -[0m
2026-08-08 09:42:03 [INFO]: [0mGET /js/notification.js [36m304[0m 0.167 ms - -[0m
2026-08-08 09:42:07 [INFO]: [0mGET /css/style.css [36m304[0m 0.469 ms - -[0m
2026-08-08 09:42:07 [INFO]: [0mGET /css/variables.css [36m304[0m 0.705 ms - -[0m
2026-08-08 09:42:07 [INFO]: [0mGET /css/utilities.css [36m304[0m 0.853 ms - -[0m
2026-08-08 09:42:07 [INFO]: [0mGET /css/animations.css [36m304[0m 1.007 ms - -[0m
2026-08-08 09:42:07 [INFO]: [0mGET /css/announcement.css [36m304[0m 1.159 ms - -[0m
2026-08-08 09:42:07 [INFO]: [0mGET /css/header.css [36m304[0m 1.306 ms - -[0m
2026-08-08 09:42:07 [INFO]: [0mGET /css/hero.css [36m304[0m 0.100 ms - -[0m
2026-08-08 09:42:07 [INFO]: [0mGET /css/featured.css [36m304[0m 0.146 ms - -[0m
2026-08-08 09:42:07 [INFO]: [0mGET /css/why-choose.css [36m304[0m 0.178 ms - -[0m
2026-08-08 09:42:07 [INFO]: [0mGET /css/footer.css [36m304[0m 0.285 ms - -[0m
2026-08-08 09:42:07 [INFO]: [0mGET /css/auth.css [36m304[0m 0.509 ms - -[0m
2026-08-08 09:42:07 [INFO]: [0mGET /css/verify.css [36m304[0m 0.365 ms - -[0m
2026-08-08 09:42:07 [INFO]: [0mGET /css/admin/layout.css [36m304[0m 0.286 ms - -[0m
2026-08-08 09:42:07 [INFO]: [0mGET /css/admin/users.css [36m304[0m 0.211 ms - -[0m
2026-08-08 09:42:07 [INFO]: [0mGET /css/admin/categories.css [36m304[0m 0.484 ms - -[0m
2026-08-08 09:42:07 [INFO]: [0mGET /css/admin/brands.css [36m304[0m 0.679 ms - -[0m
2026-08-08 09:42:07 [INFO]: [0mGET /css/admin/products.css [36m304[0m 0.846 ms - -[0m
2026-08-08 09:42:07 [INFO]: [0mGET /.well-known/appspecific/com.chrome.devtools.json [33m404[0m 85.907 ms - 112[0m
2026-08-08 09:42:32 [INFO]: [0mGET /admin/products [32m200[0m 179.443 ms - -[0m
2026-08-08 09:42:32 [INFO]: [0mGET /css/admin/layout.css [36m304[0m 0.256 ms - -[0m
2026-08-08 09:42:32 [INFO]: [0mGET /css/style.css [36m304[0m 0.727 ms - -[0m
2026-08-08 09:42:32 [INFO]: [0mGET /css/admin/users.css [36m304[0m 0.273 ms - -[0m
2026-08-08 09:42:32 [INFO]: [0mGET /css/admin/categories.css [36m304[0m 0.382 ms - -[0m
2026-08-08 09:42:32 [INFO]: [0mGET /css/admin/brands.css [36m304[0m 0.547 ms - -[0m
2026-08-08 09:42:32 [INFO]: [0mGET /css/admin/products.css [36m304[0m 0.936 ms - -[0m
2026-08-08 09:42:32 [INFO]: [0mGET /css/header.css [36m304[0m 1.123 ms - -[0m
2026-08-08 09:42:32 [INFO]: [0mGET /images/logo/plantora.png [36m304[0m 0.135 ms - -[0m
2026-08-08 09:42:32 [INFO]: [0mGET /js/admin/layout.js [36m304[0m 0.169 ms - -[0m
2026-08-08 09:42:32 [INFO]: [0mGET /js/admin/users.js [36m304[0m 0.274 ms - -[0m
2026-08-08 09:42:32 [INFO]: [0mGET /js/admin/categories.js [36m304[0m 0.406 ms - -[0m
2026-08-08 09:42:32 [INFO]: [0mGET /js/admin/brands.js [36m304[0m 0.548 ms - -[0m
2026-08-08 09:42:32 [INFO]: [0mGET /js/admin/products.js [36m304[0m 0.756 ms - -[0m
2026-08-08 09:42:32 [INFO]: [0mGET /js/header.js [36m304[0m 0.153 ms - -[0m
2026-08-08 09:42:32 [INFO]: [0mGET /css/variables.css [36m304[0m 0.640 ms - -[0m
2026-08-08 09:42:32 [INFO]: [0mGET /css/utilities.css [36m304[0m 1.079 ms - -[0m
2026-08-08 09:42:32 [INFO]: [0mGET /js/notification.js [36m304[0m 1.188 ms - -[0m
2026-08-08 09:42:32 [INFO]: [0mGET /css/animations.css [36m304[0m 1.286 ms - -[0m
2026-08-08 09:42:32 [INFO]: [0mGET /css/announcement.css [36m304[0m 1.516 ms - -[0m
2026-08-08 09:42:32 [INFO]: [0mGET /css/hero.css [36m304[0m 0.620 ms - -[0m
2026-08-08 09:42:32 [INFO]: [0mGET /css/featured.css [36m304[0m 0.444 ms - -[0m
2026-08-08 09:42:32 [INFO]: [0mGET /css/why-choose.css [36m304[0m 0.722 ms - -[0m
2026-08-08 09:42:32 [INFO]: [0mGET /css/footer.css [36m304[0m 1.052 ms - -[0m
2026-08-08 09:42:32 [INFO]: [0mGET /css/auth.css [36m304[0m 0.458 ms - -[0m
2026-08-08 09:42:32 [INFO]: [0mGET /css/verify.css [36m304[0m 0.346 ms - -[0m
2026-08-08 09:42:32 [INFO]: [0mGET /.well-known/appspecific/com.chrome.devtools.json [33m404[0m 84.688 ms - 112[0m
2026-08-08 09:42:51 [INFO]: [0mGET /admin/products [32m200[0m 175.312 ms - -[0m
2026-08-08 09:42:51 [INFO]: [0mGET /css/style.css [36m304[0m 1.101 ms - -[0m
2026-08-08 09:42:51 [INFO]: [0mGET /css/admin/layout.css [36m304[0m 1.171 ms - -[0m
2026-08-08 09:42:51 [INFO]: [0mGET /css/admin/users.css [36m304[0m 0.291 ms - -[0m
2026-08-08 09:42:51 [INFO]: [0mGET /css/admin/categories.css [36m304[0m 0.401 ms - -[0m
2026-08-08 09:42:51 [INFO]: [0mGET /css/header.css [36m304[0m 0.417 ms - -[0m
2026-08-08 09:42:51 [INFO]: [0mGET /css/admin/brands.css [36m304[0m 0.277 ms - -[0m
2026-08-08 09:42:51 [INFO]: [0mGET /css/admin/products.css [36m304[0m 0.367 ms - -[0m
2026-08-08 09:42:51 [INFO]: [0mGET /images/logo/plantora.png [36m304[0m 0.115 ms - -[0m
2026-08-08 09:42:51 [INFO]: [0mGET /js/admin/layout.js [36m304[0m 1.034 ms - -[0m
2026-08-08 09:42:51 [INFO]: [0mGET /js/admin/users.js [36m304[0m 1.042 ms - -[0m
2026-08-08 09:42:51 [INFO]: [0mGET /js/admin/categories.js [36m304[0m 1.187 ms - -[0m
2026-08-08 09:42:51 [INFO]: [0mGET /js/admin/brands.js [36m304[0m 1.196 ms - -[0m
2026-08-08 09:42:51 [INFO]: [0mGET /js/admin/products.js [36m304[0m 1.253 ms - -[0m
2026-08-08 09:42:51 [INFO]: [0mGET /js/header.js [36m304[0m 0.223 ms - -[0m
2026-08-08 09:42:51 [INFO]: [0mGET /js/notification.js [36m304[0m 0.134 ms - -[0m
2026-08-08 09:42:51 [INFO]: [0mGET /css/variables.css [36m304[0m 0.178 ms - -[0m
2026-08-08 09:42:51 [INFO]: [0mGET /css/utilities.css [36m304[0m 0.610 ms - -[0m
2026-08-08 09:42:51 [INFO]: [0mGET /css/animations.css [36m304[0m 0.741 ms - -[0m
2026-08-08 09:42:51 [INFO]: [0mGET /css/announcement.css [36m304[0m 0.410 ms - -[0m
2026-08-08 09:42:51 [INFO]: [0mGET /css/hero.css [36m304[0m 0.762 ms - -[0m
2026-08-08 09:42:51 [INFO]: [0mGET /css/featured.css [36m304[0m 0.314 ms - -[0m
2026-08-08 09:42:51 [INFO]: [0mGET /css/why-choose.css [36m304[0m 0.183 ms - -[0m
2026-08-08 09:42:51 [INFO]: [0mGET /css/footer.css [36m304[0m 0.558 ms - -[0m
2026-08-08 09:42:51 [INFO]: [0mGET /css/auth.css [36m304[0m 0.354 ms - -[0m
2026-08-08 09:42:51 [INFO]: [0mGET /css/verify.css [36m304[0m 0.244 ms - -[0m
2026-08-08 09:42:51 [INFO]: [0mGET /.well-known/appspecific/com.chrome.devtools.json [33m404[0m 90.512 ms - 112[0m
2026-08-08 09:42:54 [INFO]: [0mGET /admin/categories [36m304[0m 216.287 ms - -[0m
2026-08-08 09:42:55 [INFO]: [0mGET /css/style.css [36m304[0m 0.235 ms - -[0m
2026-08-08 09:42:55 [INFO]: [0mGET /css/admin/layout.css [36m304[0m 0.227 ms - -[0m
2026-08-08 09:42:55 [INFO]: [0mGET /css/admin/users.css [36m304[0m 0.432 ms - -[0m
2026-08-08 09:42:55 [INFO]: [0mGET /css/admin/categories.css [36m304[0m 0.540 ms - -[0m
2026-08-08 09:42:55 [INFO]: [0mGET /css/admin/brands.css [36m304[0m 0.194 ms - -[0m
2026-08-08 09:42:55 [INFO]: [0mGET /css/admin/products.css [36m304[0m 0.628 ms - -[0m
2026-08-08 09:42:55 [INFO]: [0mGET /css/header.css [36m304[0m 0.825 ms - -[0m
2026-08-08 09:42:55 [INFO]: [0mGET /images/logo/plantora.png [36m304[0m 1.061 ms - -[0m
2026-08-08 09:42:55 [INFO]: [0mGET /js/admin/layout.js [36m304[0m 0.430 ms - -[0m
2026-08-08 09:42:55 [INFO]: [0mGET /js/admin/users.js [36m304[0m 0.591 ms - -[0m
2026-08-08 09:42:55 [INFO]: [0mGET /js/admin/categories.js [36m304[0m 0.833 ms - -[0m
2026-08-08 09:42:55 [INFO]: [0mGET /js/admin/brands.js [36m304[0m 0.982 ms - -[0m
2026-08-08 09:42:55 [INFO]: [0mGET /js/admin/products.js [36m304[0m 1.233 ms - -[0m
2026-08-08 09:42:55 [INFO]: [0mGET /js/header.js [36m304[0m 0.162 ms - -[0m
2026-08-08 09:42:55 [INFO]: [0mGET /css/variables.css [36m304[0m 0.379 ms - -[0m
2026-08-08 09:42:55 [INFO]: [0mGET /css/utilities.css [36m304[0m 0.578 ms - -[0m
2026-08-08 09:42:55 [INFO]: [0mGET /css/animations.css [36m304[0m 0.167 ms - -[0m
2026-08-08 09:42:55 [INFO]: [0mGET /css/announcement.css [36m304[0m 0.393 ms - -[0m
2026-08-08 09:42:55 [INFO]: [0mGET /css/hero.css [36m304[0m 0.510 ms - -[0m
2026-08-08 09:42:55 [INFO]: [0mGET /css/featured.css [36m304[0m 0.608 ms - -[0m
2026-08-08 09:42:55 [INFO]: [0mGET /css/why-choose.css [36m304[0m 0.724 ms - -[0m
2026-08-08 09:42:55 [INFO]: [0mGET /css/footer.css [36m304[0m 0.675 ms - -[0m
2026-08-08 09:42:55 [INFO]: [0mGET /css/auth.css [36m304[0m 0.417 ms - -[0m
2026-08-08 09:42:55 [INFO]: [0mGET /css/verify.css [36m304[0m 0.130 ms - -[0m
2026-08-08 09:42:55 [INFO]: [0mGET /js/notification.js [36m304[0m 0.211 ms - -[0m
2026-08-08 09:42:55 [INFO]: [0mGET /.well-known/appspecific/com.chrome.devtools.json [33m404[0m 88.184 ms - 112[0m
2026-08-08 09:42:56 [INFO]: [0mGET /admin/users/trash [36m304[0m 213.794 ms - -[0m
2026-08-08 09:42:56 [INFO]: [0mGET /css/style.css [36m304[0m 0.326 ms - -[0m
2026-08-08 09:42:56 [INFO]: [0mGET /css/admin/layout.css [36m304[0m 0.483 ms - -[0m
2026-08-08 09:42:56 [INFO]: [0mGET /css/admin/users.css [36m304[0m 0.770 ms - -[0m
2026-08-08 09:42:56 [INFO]: [0mGET /css/admin/categories.css [36m304[0m 0.178 ms - -[0m
2026-08-08 09:42:56 [INFO]: [0mGET /css/admin/brands.css [36m304[0m 0.330 ms - -[0m
2026-08-08 09:42:56 [INFO]: [0mGET /css/admin/products.css [36m304[0m 0.390 ms - -[0m
2026-08-08 09:42:56 [INFO]: [0mGET /css/header.css [36m304[0m 0.318 ms - -[0m
2026-08-08 09:42:56 [INFO]: [0mGET /images/logo/plantora.png [36m304[0m 0.629 ms - -[0m
2026-08-08 09:42:56 [INFO]: [0mGET /js/admin/layout.js [36m304[0m 0.258 ms - -[0m
2026-08-08 09:42:56 [INFO]: [0mGET /js/admin/users.js [36m304[0m 0.335 ms - -[0m
2026-08-08 09:42:56 [INFO]: [0mGET /js/admin/categories.js [36m304[0m 0.213 ms - -[0m
2026-08-08 09:42:56 [INFO]: [0mGET /js/admin/brands.js [36m304[0m 0.395 ms - -[0m
2026-08-08 09:42:56 [INFO]: [0mGET /js/admin/products.js [36m304[0m 0.589 ms - -[0m
2026-08-08 09:42:56 [INFO]: [0mGET /js/header.js [36m304[0m 0.670 ms - -[0m
2026-08-08 09:42:56 [INFO]: [0mGET /js/notification.js [36m304[0m 0.193 ms - -[0m
2026-08-08 09:42:56 [INFO]: [0mGET /css/variables.css [36m304[0m 0.225 ms - -[0m
2026-08-08 09:42:56 [INFO]: [0mGET /css/utilities.css [36m304[0m 0.451 ms - -[0m
2026-08-08 09:42:56 [INFO]: [0mGET /css/animations.css [36m304[0m 0.619 ms - -[0m
2026-08-08 09:42:56 [INFO]: [0mGET /css/announcement.css [36m304[0m 0.797 ms - -[0m
2026-08-08 09:42:56 [INFO]: [0mGET /css/hero.css [36m304[0m 0.154 ms - -[0m
2026-08-08 09:42:56 [INFO]: [0mGET /css/featured.css [36m304[0m 0.425 ms - -[0m
2026-08-08 09:42:56 [INFO]: [0mGET /css/why-choose.css [36m304[0m 0.232 ms - -[0m
2026-08-08 09:42:56 [INFO]: [0mGET /css/footer.css [36m304[0m 0.463 ms - -[0m
2026-08-08 09:42:56 [INFO]: [0mGET /css/auth.css [36m304[0m 0.377 ms - -[0m
2026-08-08 09:42:56 [INFO]: [0mGET /css/verify.css [36m304[0m 0.279 ms - -[0m
2026-08-08 09:42:56 [INFO]: [0mGET /.well-known/appspecific/com.chrome.devtools.json [33m404[0m 98.192 ms - 112[0m
2026-08-08 09:42:57 [INFO]: [0mGET /admin/users [36m304[0m 179.161 ms - -[0m
2026-08-08 09:42:57 [INFO]: [0mGET /css/style.css [36m304[0m 0.418 ms - -[0m
2026-08-08 09:42:57 [INFO]: [0mGET /css/admin/layout.css [36m304[0m 0.494 ms - -[0m
2026-08-08 09:42:57 [INFO]: [0mGET /css/admin/users.css [36m304[0m 0.910 ms - -[0m
2026-08-08 09:42:57 [INFO]: [0mGET /css/admin/categories.css [36m304[0m 0.511 ms - -[0m
2026-08-08 09:42:57 [INFO]: [0mGET /css/admin/brands.css [36m304[0m 0.651 ms - -[0m
2026-08-08 09:42:57 [INFO]: [0mGET /css/admin/products.css [36m304[0m 0.318 ms - -[0m
2026-08-08 09:42:57 [INFO]: [0mGET /css/header.css [36m304[0m 0.152 ms - -[0m
2026-08-08 09:42:57 [INFO]: [0mGET /images/logo/plantora.png [36m304[0m 0.343 ms - -[0m
2026-08-08 09:42:57 [INFO]: [0mGET /js/admin/layout.js [36m304[0m 0.676 ms - -[0m
2026-08-08 09:42:57 [INFO]: [0mGET /js/admin/users.js [36m304[0m 0.973 ms - -[0m
2026-08-08 09:42:57 [INFO]: [0mGET /js/admin/categories.js [36m304[0m 1.200 ms - -[0m
2026-08-08 09:42:57 [INFO]: [0mGET /js/admin/brands.js [36m304[0m 1.365 ms - -[0m
2026-08-08 09:42:57 [INFO]: [0mGET /js/admin/products.js [36m304[0m 1.556 ms - -[0m
2026-08-08 09:42:57 [INFO]: [0mGET /css/variables.css [36m304[0m 0.272 ms - -[0m
2026-08-08 09:42:57 [INFO]: [0mGET /css/utilities.css [36m304[0m 0.684 ms - -[0m
2026-08-08 09:42:57 [INFO]: [0mGET /css/animations.css [36m304[0m 0.519 ms - -[0m
2026-08-08 09:42:57 [INFO]: [0mGET /css/announcement.css [36m304[0m 0.638 ms - -[0m
2026-08-08 09:42:57 [INFO]: [0mGET /css/hero.css [36m304[0m 0.297 ms - -[0m
2026-08-08 09:42:57 [INFO]: [0mGET /css/featured.css [36m304[0m 1.089 ms - -[0m
2026-08-08 09:42:57 [INFO]: [0mGET /css/why-choose.css [36m304[0m 0.834 ms - -[0m
2026-08-08 09:42:57 [INFO]: [0mGET /css/footer.css [36m304[0m 0.601 ms - -[0m
2026-08-08 09:42:57 [INFO]: [0mGET /css/auth.css [36m304[0m 0.694 ms - -[0m
2026-08-08 09:42:57 [INFO]: [0mGET /css/verify.css [36m304[0m 0.299 ms - -[0m
2026-08-08 09:42:57 [INFO]: [0mGET /js/header.js [36m304[0m 0.450 ms - -[0m
2026-08-08 09:42:57 [INFO]: [0mGET /js/notification.js [36m304[0m 0.236 ms - -[0m
2026-08-08 09:42:57 [INFO]: [0mGET /.well-known/appspecific/com.chrome.devtools.json [33m404[0m 88.831 ms - 112[0m
2026-08-08 09:42:58 [INFO]: [0mGET /admin/brands [36m304[0m 214.829 ms - -[0m
2026-08-08 09:42:58 [INFO]: [0mGET /css/style.css [36m304[0m 0.323 ms - -[0m
2026-08-08 09:42:58 [INFO]: [0mGET /css/admin/layout.css [36m304[0m 0.840 ms - -[0m
2026-08-08 09:42:58 [INFO]: [0mGET /css/admin/users.css [36m304[0m 0.557 ms - -[0m
2026-08-08 09:42:58 [INFO]: [0mGET /css/admin/categories.css [36m304[0m 0.203 ms - -[0m
2026-08-08 09:42:58 [INFO]: [0mGET /css/admin/brands.css [36m304[0m 0.290 ms - -[0m
2026-08-08 09:42:58 [INFO]: [0mGET /css/admin/products.css [36m304[0m 0.649 ms - -[0m
2026-08-08 09:42:58 [INFO]: [0mGET /css/header.css [36m304[0m 0.153 ms - -[0m
2026-08-08 09:42:58 [INFO]: [0mGET /images/logo/plantora.png [36m304[0m 0.185 ms - -[0m
2026-08-08 09:42:58 [INFO]: [0mGET /js/admin/layout.js [36m304[0m 0.267 ms - -[0m
2026-08-08 09:42:58 [INFO]: [0mGET /js/admin/users.js [36m304[0m 0.262 ms - -[0m
2026-08-08 09:42:58 [INFO]: [0mGET /js/admin/categories.js [36m304[0m 0.629 ms - -[0m
2026-08-08 09:42:58 [INFO]: [0mGET /js/admin/brands.js [36m304[0m 0.897 ms - -[0m
2026-08-08 09:42:58 [INFO]: [0mGET /js/admin/products.js [36m304[0m 1.146 ms - -[0m
2026-08-08 09:42:58 [INFO]: [0mGET /js/header.js [36m304[0m 0.225 ms - -[0m
2026-08-08 09:42:58 [INFO]: [0mGET /css/variables.css [36m304[0m 0.307 ms - -[0m
2026-08-08 09:42:58 [INFO]: [0mGET /css/utilities.css [36m304[0m 0.174 ms - -[0m
2026-08-08 09:42:58 [INFO]: [0mGET /css/animations.css [36m304[0m 0.296 ms - -[0m
2026-08-08 09:42:58 [INFO]: [0mGET /css/announcement.css [36m304[0m 0.434 ms - -[0m
2026-08-08 09:42:58 [INFO]: [0mGET /css/hero.css [36m304[0m 0.136 ms - -[0m
2026-08-08 09:42:58 [INFO]: [0mGET /css/featured.css [36m304[0m 0.221 ms - -[0m
2026-08-08 09:42:58 [INFO]: [0mGET /css/why-choose.css [36m304[0m 0.321 ms - -[0m
2026-08-08 09:42:58 [INFO]: [0mGET /css/footer.css [36m304[0m 0.181 ms - -[0m
2026-08-08 09:42:58 [INFO]: [0mGET /css/auth.css [36m304[0m 0.136 ms - -[0m
2026-08-08 09:42:58 [INFO]: [0mGET /css/verify.css [36m304[0m 0.251 ms - -[0m
2026-08-08 09:42:58 [INFO]: [0mGET /js/notification.js [36m304[0m 0.201 ms - -[0m
2026-08-08 09:42:58 [INFO]: [0mGET /.well-known/appspecific/com.chrome.devtools.json [33m404[0m 94.976 ms - 112[0m
2026-08-08 09:42:59 [INFO]: [0mGET /admin/products [36m304[0m 185.181 ms - -[0m
2026-08-08 09:42:59 [INFO]: [0mGET /css/style.css [36m304[0m 0.437 ms - -[0m
2026-08-08 09:42:59 [INFO]: [0mGET /css/admin/layout.css [36m304[0m 0.498 ms - -[0m
2026-08-08 09:42:59 [INFO]: [0mGET /css/admin/users.css [36m304[0m 0.559 ms - -[0m
2026-08-08 09:42:59 [INFO]: [0mGET /css/admin/categories.css [36m304[0m 0.522 ms - -[0m
2026-08-08 09:42:59 [INFO]: [0mGET /css/admin/brands.css [36m304[0m 0.636 ms - -[0m
2026-08-08 09:42:59 [INFO]: [0mGET /css/admin/products.css [36m304[0m 0.894 ms - -[0m
2026-08-08 09:42:59 [INFO]: [0mGET /css/header.css [36m304[0m 0.091 ms - -[0m
2026-08-08 09:42:59 [INFO]: [0mGET /images/logo/plantora.png [36m304[0m 0.236 ms - -[0m
2026-08-08 09:42:59 [INFO]: [0mGET /js/admin/layout.js [36m304[0m 0.306 ms - -[0m
2026-08-08 09:42:59 [INFO]: [0mGET /js/admin/users.js [36m304[0m 0.220 ms - -[0m
2026-08-08 09:42:59 [INFO]: [0mGET /js/admin/categories.js [36m304[0m 0.165 ms - -[0m
2026-08-08 09:42:59 [INFO]: [0mGET /js/admin/brands.js [36m304[0m 0.340 ms - -[0m
2026-08-08 09:42:59 [INFO]: [0mGET /js/admin/products.js [36m304[0m 0.180 ms - -[0m
2026-08-08 09:42:59 [INFO]: [0mGET /css/variables.css [36m304[0m 0.248 ms - -[0m
2026-08-08 09:42:59 [INFO]: [0mGET /js/header.js [36m304[0m 0.540 ms - -[0m
2026-08-08 09:42:59 [INFO]: [0mGET /css/utilities.css [36m304[0m 0.151 ms - -[0m
2026-08-08 09:42:59 [INFO]: [0mGET /css/animations.css [36m304[0m 0.333 ms - -[0m
2026-08-08 09:42:59 [INFO]: [0mGET /css/announcement.css [36m304[0m 0.136 ms - -[0m
2026-08-08 09:42:59 [INFO]: [0mGET /css/hero.css [36m304[0m 0.609 ms - -[0m
2026-08-08 09:42:59 [INFO]: [0mGET /css/featured.css [36m304[0m 0.837 ms - -[0m
2026-08-08 09:42:59 [INFO]: [0mGET /css/why-choose.css [36m304[0m 0.974 ms - -[0m
2026-08-08 09:42:59 [INFO]: [0mGET /css/footer.css [36m304[0m 1.254 ms - -[0m
2026-08-08 09:42:59 [INFO]: [0mGET /css/auth.css [36m304[0m 0.545 ms - -[0m
2026-08-08 09:42:59 [INFO]: [0mGET /css/verify.css [36m304[0m 0.180 ms - -[0m
2026-08-08 09:42:59 [INFO]: [0mGET /js/notification.js [36m304[0m 0.398 ms - -[0m
2026-08-08 09:42:59 [INFO]: [0mGET /.well-known/appspecific/com.chrome.devtools.json [33m404[0m 93.754 ms - 112[0m
2026-08-08 09:43:16 [INFO]: [0mGET /admin/products [32m200[0m 184.009 ms - -[0m
2026-08-08 09:43:16 [INFO]: [0mGET /css/style.css [36m304[0m 0.461 ms - -[0m
2026-08-08 09:43:16 [INFO]: [0mGET /css/admin/layout.css [36m304[0m 0.719 ms - -[0m
2026-08-08 09:43:16 [INFO]: [0mGET /css/admin/users.css [36m304[0m 0.281 ms - -[0m
2026-08-08 09:43:16 [INFO]: [0mGET /css/admin/categories.css [36m304[0m 0.475 ms - -[0m
2026-08-08 09:43:16 [INFO]: [0mGET /css/admin/brands.css [36m304[0m 0.734 ms - -[0m
2026-08-08 09:43:16 [INFO]: [0mGET /css/header.css [36m304[0m 0.303 ms - -[0m
2026-08-08 09:43:16 [INFO]: [0mGET /css/admin/products.css [36m304[0m 0.590 ms - -[0m
2026-08-08 09:43:16 [INFO]: [0mGET /images/logo/plantora.png [36m304[0m 0.095 ms - -[0m
2026-08-08 09:43:16 [INFO]: [0mGET /js/admin/layout.js [36m304[0m 1.201 ms - -[0m
2026-08-08 09:43:16 [INFO]: [0mGET /js/admin/users.js [36m304[0m 1.427 ms - -[0m
2026-08-08 09:43:16 [INFO]: [0mGET /js/admin/categories.js [36m304[0m 1.443 ms - -[0m
2026-08-08 09:43:16 [INFO]: [0mGET /js/admin/brands.js [36m304[0m 1.408 ms - -[0m
2026-08-08 09:43:16 [INFO]: [0mGET /js/admin/products.js [36m304[0m 1.481 ms - -[0m
2026-08-08 09:43:16 [INFO]: [0mGET /css/variables.css [36m304[0m 0.318 ms - -[0m
2026-08-08 09:43:16 [INFO]: [0mGET /css/utilities.css [36m304[0m 0.192 ms - -[0m
2026-08-08 09:43:16 [INFO]: [0mGET /css/animations.css [36m304[0m 0.344 ms - -[0m
2026-08-08 09:43:16 [INFO]: [0mGET /css/announcement.css [36m304[0m 0.677 ms - -[0m
2026-08-08 09:43:16 [INFO]: [0mGET /css/hero.css [36m304[0m 0.389 ms - -[0m
2026-08-08 09:43:16 [INFO]: [0mGET /css/featured.css [36m304[0m 0.153 ms - -[0m
2026-08-08 09:43:16 [INFO]: [0mGET /css/why-choose.css [36m304[0m 0.275 ms - -[0m
2026-08-08 09:43:16 [INFO]: [0mGET /css/footer.css [36m304[0m 0.893 ms - -[0m
2026-08-08 09:43:16 [INFO]: [0mGET /css/auth.css [36m304[0m 1.225 ms - -[0m
2026-08-08 09:43:16 [INFO]: [0mGET /css/verify.css [36m304[0m 0.342 ms - -[0m
2026-08-08 09:43:16 [INFO]: [0mGET /js/header.js [36m304[0m 0.578 ms - -[0m
2026-08-08 09:43:16 [INFO]: [0mGET /js/notification.js [36m304[0m 0.297 ms - -[0m
2026-08-08 09:43:16 [INFO]: [0mGET /.well-known/appspecific/com.chrome.devtools.json [33m404[0m 89.839 ms - 112[0m
2026-08-08 09:44:01 [INFO]: [0mGET /admin/products [36m304[0m 173.650 ms - -[0m
2026-08-08 09:44:01 [INFO]: [0mGET /css/style.css [36m304[0m 0.568 ms - -[0m
2026-08-08 09:44:01 [INFO]: [0mGET /css/admin/layout.css [36m304[0m 0.564 ms - -[0m
2026-08-08 09:44:01 [INFO]: [0mGET /css/admin/categories.css [36m304[0m 0.164 ms - -[0m
2026-08-08 09:44:01 [INFO]: [0mGET /css/admin/users.css [36m304[0m 0.465 ms - -[0m
2026-08-08 09:44:01 [INFO]: [0mGET /css/admin/brands.css [36m304[0m 0.493 ms - -[0m
2026-08-08 09:44:01 [INFO]: [0mGET /css/header.css [36m304[0m 0.118 ms - -[0m
2026-08-08 09:44:01 [INFO]: [0mGET /images/logo/plantora.png [36m304[0m 0.167 ms - -[0m
2026-08-08 09:44:01 [INFO]: [0mGET /css/admin/products.css [32m200[0m 1.292 ms - -[0m
2026-08-08 09:44:01 [INFO]: [0mGET /js/admin/layout.js [36m304[0m 0.298 ms - -[0m
2026-08-08 09:44:01 [INFO]: [0mGET /js/admin/users.js [36m304[0m 0.934 ms - -[0m
2026-08-08 09:44:01 [INFO]: [0mGET /js/admin/categories.js [36m304[0m 0.888 ms - -[0m
2026-08-08 09:44:01 [INFO]: [0mGET /js/admin/brands.js [36m304[0m 0.831 ms - -[0m
2026-08-08 09:44:01 [INFO]: [0mGET /js/admin/products.js [36m304[0m 1.637 ms - -[0m
2026-08-08 09:44:01 [INFO]: [0mGET /js/header.js [36m304[0m 1.093 ms - -[0m
2026-08-08 09:44:01 [INFO]: [0mGET /css/variables.css [36m304[0m 0.125 ms - -[0m
2026-08-08 09:44:01 [INFO]: [0mGET /js/notification.js [36m304[0m 0.143 ms - -[0m
2026-08-08 09:44:01 [INFO]: [0mGET /css/utilities.css [36m304[0m 0.139 ms - -[0m
2026-08-08 09:44:01 [INFO]: [0mGET /css/animations.css [36m304[0m 0.124 ms - -[0m
2026-08-08 09:44:01 [INFO]: [0mGET /css/announcement.css [36m304[0m 0.193 ms - -[0m
2026-08-08 09:44:01 [INFO]: [0mGET /css/hero.css [36m304[0m 0.136 ms - -[0m
2026-08-08 09:44:01 [INFO]: [0mGET /css/featured.css [36m304[0m 0.371 ms - -[0m
2026-08-08 09:44:01 [INFO]: [0mGET /css/why-choose.css [36m304[0m 0.130 ms - -[0m
2026-08-08 09:44:01 [INFO]: [0mGET /css/footer.css [36m304[0m 0.170 ms - -[0m
2026-08-08 09:44:01 [INFO]: [0mGET /css/auth.css [36m304[0m 0.156 ms - -[0m
2026-08-08 09:44:01 [INFO]: [0mGET /css/verify.css [36m304[0m 0.288 ms - -[0m
2026-08-08 09:44:01 [INFO]: [0mGET /css/header.css [36m304[0m 0.122 ms - -[0m
2026-08-08 09:44:01 [INFO]: [0mGET /.well-known/appspecific/com.chrome.devtools.json [33m404[0m 89.819 ms - 112[0m
2026-08-08 09:44:08 [INFO]: [0mGET /admin/dashboard [36m304[0m 131.010 ms - -[0m
2026-08-08 09:44:08 [INFO]: [0mGET /css/style.css [36m304[0m 0.436 ms - -[0m
2026-08-08 09:44:08 [INFO]: [0mGET /css/admin/layout.css [36m304[0m 0.752 ms - -[0m
2026-08-08 09:44:08 [INFO]: [0mGET /css/admin/categories.css [36m304[0m 0.204 ms - -[0m
2026-08-08 09:44:08 [INFO]: [0mGET /css/admin/users.css [36m304[0m 0.285 ms - -[0m
2026-08-08 09:44:08 [INFO]: [0mGET /css/admin/products.css [36m304[0m 0.128 ms - -[0m
2026-08-08 09:44:08 [INFO]: [0mGET /css/admin/brands.css [36m304[0m 0.133 ms - -[0m
2026-08-08 09:44:08 [INFO]: [0mGET /css/header.css [36m304[0m 0.209 ms - -[0m
2026-08-08 09:44:08 [INFO]: [0mGET /images/logo/plantora.png [36m304[0m 0.173 ms - -[0m
2026-08-08 09:44:08 [INFO]: [0mGET /js/admin/layout.js [36m304[0m 0.194 ms - -[0m
2026-08-08 09:44:08 [INFO]: [0mGET /js/admin/users.js [36m304[0m 0.561 ms - -[0m
2026-08-08 09:44:08 [INFO]: [0mGET /js/admin/categories.js [36m304[0m 0.412 ms - -[0m
2026-08-08 09:44:08 [INFO]: [0mGET /js/admin/brands.js [36m304[0m 0.571 ms - -[0m
2026-08-08 09:44:08 [INFO]: [0mGET /js/admin/products.js [36m304[0m 0.202 ms - -[0m
2026-08-08 09:44:08 [INFO]: [0mGET /css/variables.css [36m304[0m 0.304 ms - -[0m
2026-08-08 09:44:08 [INFO]: [0mGET /css/utilities.css [36m304[0m 0.760 ms - -[0m
2026-08-08 09:44:08 [INFO]: [0mGET /css/animations.css [36m304[0m 0.976 ms - -[0m
2026-08-08 09:44:08 [INFO]: [0mGET /css/announcement.css [36m304[0m 1.207 ms - -[0m
2026-08-08 09:44:08 [INFO]: [0mGET /css/hero.css [36m304[0m 1.464 ms - -[0m
2026-08-08 09:44:08 [INFO]: [0mGET /css/featured.css [36m304[0m 1.690 ms - -[0m
2026-08-08 09:44:08 [INFO]: [0mGET /css/why-choose.css [36m304[0m 2.084 ms - -[0m
2026-08-08 09:44:08 [INFO]: [0mGET /css/footer.css [36m304[0m 0.980 ms - -[0m
2026-08-08 09:44:08 [INFO]: [0mGET /css/auth.css [36m304[0m 1.065 ms - -[0m
2026-08-08 09:44:08 [INFO]: [0mGET /css/verify.css [36m304[0m 1.190 ms - -[0m
2026-08-08 09:44:08 [INFO]: [0mGET /js/header.js [36m304[0m 0.313 ms - -[0m
2026-08-08 09:44:08 [INFO]: [0mGET /js/notification.js [36m304[0m 0.375 ms - -[0m
2026-08-08 09:44:09 [INFO]: [0mGET /admin/users [36m304[0m 173.097 ms - -[0m
2026-08-08 09:44:09 [INFO]: [0mGET /css/style.css [36m304[0m 0.275 ms - -[0m
2026-08-08 09:44:09 [INFO]: [0mGET /css/admin/layout.css [36m304[0m 0.467 ms - -[0m
2026-08-08 09:44:09 [INFO]: [0mGET /css/admin/users.css [36m304[0m 0.820 ms - -[0m
2026-08-08 09:44:09 [INFO]: [0mGET /css/admin/categories.css [36m304[0m 0.464 ms - -[0m
2026-08-08 09:44:09 [INFO]: [0mGET /css/admin/brands.css [36m304[0m 0.188 ms - -[0m
2026-08-08 09:44:09 [INFO]: [0mGET /css/admin/products.css [36m304[0m 0.240 ms - -[0m
2026-08-08 09:44:09 [INFO]: [0mGET /css/header.css [36m304[0m 0.138 ms - -[0m
2026-08-08 09:44:09 [INFO]: [0mGET /images/logo/plantora.png [36m304[0m 0.163 ms - -[0m
2026-08-08 09:44:09 [INFO]: [0mGET /js/admin/layout.js [36m304[0m 0.631 ms - -[0m
2026-08-08 09:44:09 [INFO]: [0mGET /js/admin/users.js [36m304[0m 1.018 ms - -[0m
2026-08-08 09:44:09 [INFO]: [0mGET /js/admin/categories.js [36m304[0m 1.212 ms - -[0m
2026-08-08 09:44:09 [INFO]: [0mGET /js/admin/brands.js [36m304[0m 1.841 ms - -[0m
2026-08-08 09:44:09 [INFO]: [0mGET /js/admin/products.js [36m304[0m 2.068 ms - -[0m
2026-08-08 09:44:09 [INFO]: [0mGET /css/variables.css [36m304[0m 0.311 ms - -[0m
2026-08-08 09:44:09 [INFO]: [0mGET /css/utilities.css [36m304[0m 0.426 ms - -[0m
2026-08-08 09:44:09 [INFO]: [0mGET /css/animations.css [36m304[0m 0.267 ms - -[0m
2026-08-08 09:44:09 [INFO]: [0mGET /css/announcement.css [36m304[0m 0.543 ms - -[0m
2026-08-08 09:44:09 [INFO]: [0mGET /css/hero.css [36m304[0m 0.167 ms - -[0m
2026-08-08 09:44:09 [INFO]: [0mGET /css/featured.css [36m304[0m 1.206 ms - -[0m
2026-08-08 09:44:09 [INFO]: [0mGET /css/why-choose.css [36m304[0m 1.526 ms - -[0m
2026-08-08 09:44:09 [INFO]: [0mGET /css/footer.css [36m304[0m 0.261 ms - -[0m
2026-08-08 09:44:09 [INFO]: [0mGET /css/auth.css [36m304[0m 0.272 ms - -[0m
2026-08-08 09:44:09 [INFO]: [0mGET /css/verify.css [36m304[0m 0.249 ms - -[0m
2026-08-08 09:44:09 [INFO]: [0mGET /js/header.js [36m304[0m 0.392 ms - -[0m
2026-08-08 09:44:09 [INFO]: [0mGET /js/notification.js [36m304[0m 0.681 ms - -[0m
2026-08-08 09:44:16 [INFO]: User "Randome" moved to Trash by admin-plantora@yopmail.com.
2026-08-08 09:44:16 [INFO]: [0mPOST /admin/users/6a757236696f3548efb3296a/delete [36m302[0m 315.640 ms - 41[0m
2026-08-08 09:44:16 [INFO]: [0mGET /admin/users [32m200[0m 174.322 ms - -[0m
2026-08-08 09:44:16 [INFO]: [0mGET /css/style.css [36m304[0m 0.244 ms - -[0m
2026-08-08 09:44:16 [INFO]: [0mGET /css/admin/layout.css [36m304[0m 0.465 ms - -[0m
2026-08-08 09:44:16 [INFO]: [0mGET /css/admin/users.css [36m304[0m 0.694 ms - -[0m
2026-08-08 09:44:16 [INFO]: [0mGET /css/admin/categories.css [36m304[0m 0.717 ms - -[0m
2026-08-08 09:44:16 [INFO]: [0mGET /css/admin/brands.css [36m304[0m 0.764 ms - -[0m
2026-08-08 09:44:16 [INFO]: [0mGET /css/admin/products.css [36m304[0m 0.900 ms - -[0m
2026-08-08 09:44:16 [INFO]: [0mGET /css/header.css [36m304[0m 0.924 ms - -[0m
2026-08-08 09:44:16 [INFO]: [0mGET /images/logo/plantora.png [36m304[0m 0.126 ms - -[0m
2026-08-08 09:44:16 [INFO]: [0mGET /js/admin/layout.js [36m304[0m 0.298 ms - -[0m
2026-08-08 09:44:16 [INFO]: [0mGET /js/admin/users.js [36m304[0m 0.230 ms - -[0m
2026-08-08 09:44:16 [INFO]: [0mGET /js/admin/brands.js [36m304[0m 0.494 ms - -[0m
2026-08-08 09:44:16 [INFO]: [0mGET /js/admin/categories.js [36m304[0m 0.734 ms - -[0m
2026-08-08 09:44:16 [INFO]: [0mGET /js/admin/products.js [36m304[0m 0.148 ms - -[0m
2026-08-08 09:44:16 [INFO]: [0mGET /css/variables.css [36m304[0m 0.312 ms - -[0m
2026-08-08 09:44:16 [INFO]: [0mGET /css/utilities.css [36m304[0m 0.530 ms - -[0m
2026-08-08 09:44:16 [INFO]: [0mGET /css/animations.css [36m304[0m 0.927 ms - -[0m
2026-08-08 09:44:16 [INFO]: [0mGET /css/announcement.css [36m304[0m 0.739 ms - -[0m
2026-08-08 09:44:16 [INFO]: [0mGET /css/hero.css [36m304[0m 0.473 ms - -[0m
2026-08-08 09:44:16 [INFO]: [0mGET /css/featured.css [36m304[0m 0.618 ms - -[0m
2026-08-08 09:44:16 [INFO]: [0mGET /css/why-choose.css [36m304[0m 0.379 ms - -[0m
2026-08-08 09:44:16 [INFO]: [0mGET /css/footer.css [36m304[0m 0.498 ms - -[0m
2026-08-08 09:44:16 [INFO]: [0mGET /css/auth.css [36m304[0m 0.633 ms - -[0m
2026-08-08 09:44:16 [INFO]: [0mGET /css/verify.css [36m304[0m 0.243 ms - -[0m
2026-08-08 09:44:16 [INFO]: [0mGET /js/header.js [36m304[0m 0.119 ms - -[0m
2026-08-08 09:44:16 [INFO]: [0mGET /js/notification.js [36m304[0m 0.129 ms - -[0m
2026-08-08 09:44:25 [INFO]: User "Customer112233" moved to Trash by admin-plantora@yopmail.com.
2026-08-08 09:44:25 [INFO]: [0mPOST /admin/users/6a7570c7696f3548efb3295b/delete [36m302[0m 257.338 ms - 41[0m
2026-08-08 09:44:25 [INFO]: [0mGET /admin/users [32m200[0m 181.157 ms - -[0m
2026-08-08 09:44:25 [INFO]: [0mGET /css/style.css [36m304[0m 0.531 ms - -[0m
2026-08-08 09:44:25 [INFO]: [0mGET /css/admin/layout.css [36m304[0m 0.714 ms - -[0m
2026-08-08 09:44:25 [INFO]: [0mGET /css/admin/categories.css [36m304[0m 0.296 ms - -[0m
2026-08-08 09:44:25 [INFO]: [0mGET /css/admin/users.css [36m304[0m 0.462 ms - -[0m
2026-08-08 09:44:25 [INFO]: [0mGET /css/header.css [36m304[0m 0.345 ms - -[0m
2026-08-08 09:44:25 [INFO]: [0mGET /css/admin/brands.css [36m304[0m 0.437 ms - -[0m
2026-08-08 09:44:25 [INFO]: [0mGET /css/admin/products.css [36m304[0m 0.533 ms - -[0m
2026-08-08 09:44:25 [INFO]: [0mGET /images/logo/plantora.png [36m304[0m 0.259 ms - -[0m
2026-08-08 09:44:25 [INFO]: [0mGET /js/admin/layout.js [36m304[0m 0.356 ms - -[0m
2026-08-08 09:44:25 [INFO]: [0mGET /js/admin/users.js [36m304[0m 0.241 ms - -[0m
2026-08-08 09:44:25 [INFO]: [0mGET /js/admin/categories.js [36m304[0m 0.126 ms - -[0m
2026-08-08 09:44:25 [INFO]: [0mGET /js/admin/brands.js [36m304[0m 0.203 ms - -[0m
2026-08-08 09:44:25 [INFO]: [0mGET /js/admin/products.js [36m304[0m 0.557 ms - -[0m
2026-08-08 09:44:25 [INFO]: [0mGET /css/variables.css [36m304[0m 0.657 ms - -[0m
2026-08-08 09:44:25 [INFO]: [0mGET /js/header.js [36m304[0m 0.740 ms - -[0m
2026-08-08 09:44:25 [INFO]: [0mGET /js/notification.js [36m304[0m 0.849 ms - -[0m
2026-08-08 09:44:25 [INFO]: [0mGET /css/utilities.css [36m304[0m 0.251 ms - -[0m
2026-08-08 09:44:25 [INFO]: [0mGET /css/animations.css [36m304[0m 0.337 ms - -[0m
2026-08-08 09:44:25 [INFO]: [0mGET /css/announcement.css [36m304[0m 0.104 ms - -[0m
2026-08-08 09:44:25 [INFO]: [0mGET /css/hero.css [36m304[0m 0.093 ms - -[0m
2026-08-08 09:44:25 [INFO]: [0mGET /css/featured.css [36m304[0m 0.202 ms - -[0m
2026-08-08 09:44:25 [INFO]: [0mGET /css/why-choose.css [36m304[0m 0.267 ms - -[0m
2026-08-08 09:44:25 [INFO]: [0mGET /css/footer.css [36m304[0m 0.103 ms - -[0m
2026-08-08 09:44:25 [INFO]: [0mGET /css/auth.css [36m304[0m 0.515 ms - -[0m
2026-08-08 09:44:25 [INFO]: [0mGET /css/verify.css [36m304[0m 0.640 ms - -[0m
2026-08-08 09:44:38 [INFO]: [0mGET /admin/users/trash [32m200[0m 213.083 ms - -[0m
2026-08-08 09:44:38 [INFO]: [0mGET /css/style.css [36m304[0m 0.588 ms - -[0m
2026-08-08 09:44:38 [INFO]: [0mGET /css/admin/layout.css [36m304[0m 0.596 ms - -[0m
2026-08-08 09:44:38 [INFO]: [0mGET /css/admin/users.css [36m304[0m 0.151 ms - -[0m
2026-08-08 09:44:38 [INFO]: [0mGET /css/admin/categories.css [36m304[0m 0.370 ms - -[0m
2026-08-08 09:44:38 [INFO]: [0mGET /css/admin/brands.css [36m304[0m 0.535 ms - -[0m
2026-08-08 09:44:38 [INFO]: [0mGET /css/admin/products.css [36m304[0m 0.605 ms - -[0m
2026-08-08 09:44:38 [INFO]: [0mGET /css/header.css [36m304[0m 0.626 ms - -[0m
2026-08-08 09:44:38 [INFO]: [0mGET /images/logo/plantora.png [36m304[0m 0.486 ms - -[0m
2026-08-08 09:44:38 [INFO]: [0mGET /js/admin/layout.js [36m304[0m 0.711 ms - -[0m
2026-08-08 09:44:38 [INFO]: [0mGET /js/admin/users.js [36m304[0m 0.999 ms - -[0m
2026-08-08 09:44:38 [INFO]: [0mGET /js/admin/categories.js [36m304[0m 1.145 ms - -[0m
2026-08-08 09:44:38 [INFO]: [0mGET /js/admin/brands.js [36m304[0m 0.274 ms - -[0m
2026-08-08 09:44:38 [INFO]: [0mGET /js/admin/products.js [36m304[0m 0.605 ms - -[0m
2026-08-08 09:44:38 [INFO]: [0mGET /js/header.js [36m304[0m 0.852 ms - -[0m
2026-08-08 09:44:38 [INFO]: [0mGET /css/variables.css [36m304[0m 0.291 ms - -[0m
2026-08-08 09:44:38 [INFO]: [0mGET /css/utilities.css [36m304[0m 0.509 ms - -[0m
2026-08-08 09:44:38 [INFO]: [0mGET /css/animations.css [36m304[0m 0.704 ms - -[0m
2026-08-08 09:44:38 [INFO]: [0mGET /css/announcement.css [36m304[0m 0.896 ms - -[0m
2026-08-08 09:44:38 [INFO]: [0mGET /css/hero.css [36m304[0m 0.237 ms - -[0m
2026-08-08 09:44:38 [INFO]: [0mGET /css/why-choose.css [36m304[0m 0.598 ms - -[0m
2026-08-08 09:44:38 [INFO]: [0mGET /css/featured.css [36m304[0m 0.983 ms - -[0m
2026-08-08 09:44:38 [INFO]: [0mGET /css/footer.css [36m304[0m 1.484 ms - -[0m
2026-08-08 09:44:38 [INFO]: [0mGET /css/auth.css [36m304[0m 0.945 ms - -[0m
2026-08-08 09:44:38 [INFO]: [0mGET /css/verify.css [36m304[0m 0.424 ms - -[0m
2026-08-08 09:44:38 [INFO]: [0mGET /js/notification.js [36m304[0m 0.440 ms - -[0m
2026-08-08 09:44:43 [INFO]: [0mGET /admin/users [36m304[0m 187.972 ms - -[0m
2026-08-08 09:44:43 [INFO]: [0mGET /css/style.css [36m304[0m 0.734 ms - -[0m
2026-08-08 09:44:43 [INFO]: [0mGET /css/admin/layout.css [36m304[0m 0.736 ms - -[0m
2026-08-08 09:44:43 [INFO]: [0mGET /css/admin/users.css [36m304[0m 0.926 ms - -[0m
2026-08-08 09:44:43 [INFO]: [0mGET /css/admin/categories.css [36m304[0m 0.524 ms - -[0m
2026-08-08 09:44:43 [INFO]: [0mGET /css/admin/brands.css [36m304[0m 0.818 ms - -[0m
2026-08-08 09:44:43 [INFO]: [0mGET /css/admin/products.css [36m304[0m 1.199 ms - -[0m
2026-08-08 09:44:43 [INFO]: [0mGET /css/header.css [36m304[0m 0.675 ms - -[0m
2026-08-08 09:44:43 [INFO]: [0mGET /images/logo/plantora.png [36m304[0m 0.583 ms - -[0m
2026-08-08 09:44:43 [INFO]: [0mGET /js/admin/layout.js [36m304[0m 0.521 ms - -[0m
2026-08-08 09:44:43 [INFO]: [0mGET /js/admin/users.js [36m304[0m 0.220 ms - -[0m
2026-08-08 09:44:43 [INFO]: [0mGET /js/admin/categories.js [36m304[0m 0.142 ms - -[0m
2026-08-08 09:44:43 [INFO]: [0mGET /js/admin/brands.js [36m304[0m 0.684 ms - -[0m
2026-08-08 09:44:43 [INFO]: [0mGET /css/variables.css [36m304[0m 0.421 ms - -[0m
2026-08-08 09:44:43 [INFO]: [0mGET /css/utilities.css [36m304[0m 0.523 ms - -[0m
2026-08-08 09:44:43 [INFO]: [0mGET /css/animations.css [36m304[0m 0.596 ms - -[0m
2026-08-08 09:44:43 [INFO]: [0mGET /css/announcement.css [36m304[0m 0.372 ms - -[0m
2026-08-08 09:44:43 [INFO]: [0mGET /css/hero.css [36m304[0m 0.674 ms - -[0m
2026-08-08 09:44:43 [INFO]: [0mGET /css/featured.css [36m304[0m 0.902 ms - -[0m
2026-08-08 09:44:43 [INFO]: [0mGET /css/why-choose.css [36m304[0m 0.403 ms - -[0m
2026-08-08 09:44:43 [INFO]: [0mGET /css/footer.css [36m304[0m 0.578 ms - -[0m
2026-08-08 09:44:43 [INFO]: [0mGET /css/auth.css [36m304[0m 0.785 ms - -[0m
2026-08-08 09:44:43 [INFO]: [0mGET /css/verify.css [36m304[0m 0.138 ms - -[0m
2026-08-08 09:44:43 [INFO]: [0mGET /js/admin/products.js [36m304[0m 0.164 ms - -[0m
2026-08-08 09:44:43 [INFO]: [0mGET /js/header.js [36m304[0m 0.371 ms - -[0m
2026-08-08 09:44:43 [INFO]: [0mGET /js/notification.js [36m304[0m 0.118 ms - -[0m
2026-08-08 09:44:48 [INFO]: [0mGET /admin/users/trash [36m304[0m 224.107 ms - -[0m
2026-08-08 09:44:48 [INFO]: [0mGET /css/style.css [36m304[0m 0.396 ms - -[0m
2026-08-08 09:44:48 [INFO]: [0mGET /css/admin/layout.css [36m304[0m 0.605 ms - -[0m
2026-08-08 09:44:48 [INFO]: [0mGET /css/admin/users.css [36m304[0m 0.734 ms - -[0m
2026-08-08 09:44:48 [INFO]: [0mGET /css/admin/categories.css [36m304[0m 0.927 ms - -[0m
2026-08-08 09:44:48 [INFO]: [0mGET /css/admin/brands.css [36m304[0m 1.243 ms - -[0m
2026-08-08 09:44:48 [INFO]: [0mGET /css/admin/products.css [36m304[0m 1.437 ms - -[0m
2026-08-08 09:44:48 [INFO]: [0mGET /css/header.css [36m304[0m 0.173 ms - -[0m
2026-08-08 09:44:48 [INFO]: [0mGET /images/logo/plantora.png [36m304[0m 0.240 ms - -[0m
2026-08-08 09:44:48 [INFO]: [0mGET /js/admin/layout.js [36m304[0m 0.158 ms - -[0m
2026-08-08 09:44:48 [INFO]: [0mGET /js/admin/users.js [36m304[0m 0.146 ms - -[0m
2026-08-08 09:44:48 [INFO]: [0mGET /js/admin/categories.js [36m304[0m 0.232 ms - -[0m
2026-08-08 09:44:48 [INFO]: [0mGET /js/admin/brands.js [36m304[0m 0.124 ms - -[0m
2026-08-08 09:44:48 [INFO]: [0mGET /js/admin/products.js [36m304[0m 0.228 ms - -[0m
2026-08-08 09:44:48 [INFO]: [0mGET /js/header.js [36m304[0m 0.083 ms - -[0m
2026-08-08 09:44:48 [INFO]: [0mGET /css/variables.css [36m304[0m 0.369 ms - -[0m
2026-08-08 09:44:48 [INFO]: [0mGET /css/utilities.css [36m304[0m 0.713 ms - -[0m
2026-08-08 09:44:48 [INFO]: [0mGET /css/animations.css [36m304[0m 0.442 ms - -[0m
2026-08-08 09:44:48 [INFO]: [0mGET /css/announcement.css [36m304[0m 0.542 ms - -[0m
2026-08-08 09:44:48 [INFO]: [0mGET /css/hero.css [36m304[0m 0.203 ms - -[0m
2026-08-08 09:44:48 [INFO]: [0mGET /css/featured.css [36m304[0m 0.281 ms - -[0m
2026-08-08 09:44:48 [INFO]: [0mGET /css/why-choose.css [36m304[0m 0.499 ms - -[0m
2026-08-08 09:44:48 [INFO]: [0mGET /css/footer.css [36m304[0m 0.404 ms - -[0m
2026-08-08 09:44:48 [INFO]: [0mGET /css/auth.css [36m304[0m 0.588 ms - -[0m
2026-08-08 09:44:48 [INFO]: [0mGET /css/verify.css [36m304[0m 0.281 ms - -[0m
2026-08-08 09:44:48 [INFO]: [0mGET /js/notification.js [36m304[0m 0.078 ms - -[0m
2026-08-08 09:44:58 [ERROR]: Failed to create audit log: AuditLog validation failed: severity: `warning` is not a valid enum value for path `severity`.
2026-08-08 09:44:58 [INFO]: User "Customer112233" restored successfully by admin-plantora@yopmail.com.
2026-08-08 09:44:58 [INFO]: [0mPOST /admin/users/6a7570c7696f3548efb3295b/restore [36m302[0m 214.224 ms - 47[0m
2026-08-08 09:44:58 [INFO]: [0mGET /admin/users/trash [32m200[0m 232.985 ms - -[0m
2026-08-08 09:44:58 [INFO]: [0mGET /css/style.css [36m304[0m 0.264 ms - -[0m
2026-08-08 09:44:58 [INFO]: [0mGET /css/admin/layout.css [36m304[0m 0.473 ms - -[0m
2026-08-08 09:44:58 [INFO]: [0mGET /css/admin/users.css [36m304[0m 0.274 ms - -[0m
2026-08-08 09:44:58 [INFO]: [0mGET /css/admin/categories.css [36m304[0m 0.457 ms - -[0m
2026-08-08 09:44:58 [INFO]: [0mGET /css/admin/brands.css [36m304[0m 0.604 ms - -[0m
2026-08-08 09:44:58 [INFO]: [0mGET /css/admin/products.css [36m304[0m 0.738 ms - -[0m
2026-08-08 09:44:58 [INFO]: [0mGET /css/header.css [36m304[0m 0.906 ms - -[0m
2026-08-08 09:44:58 [INFO]: [0mGET /images/logo/plantora.png [36m304[0m 0.246 ms - -[0m
2026-08-08 09:44:58 [INFO]: [0mGET /js/admin/layout.js [36m304[0m 0.522 ms - -[0m
2026-08-08 09:44:58 [INFO]: [0mGET /js/admin/users.js [36m304[0m 0.497 ms - -[0m
2026-08-08 09:44:58 [INFO]: [0mGET /js/admin/categories.js [36m304[0m 0.145 ms - -[0m
2026-08-08 09:44:58 [INFO]: [0mGET /js/admin/brands.js [36m304[0m 0.247 ms - -[0m
2026-08-08 09:44:58 [INFO]: [0mGET /css/variables.css [36m304[0m 0.143 ms - -[0m
2026-08-08 09:44:58 [INFO]: [0mGET /js/admin/products.js [36m304[0m 0.318 ms - -[0m
2026-08-08 09:44:58 [INFO]: [0mGET /js/header.js [36m304[0m 0.268 ms - -[0m
2026-08-08 09:44:58 [INFO]: [0mGET /css/utilities.css [36m304[0m 0.304 ms - -[0m
2026-08-08 09:44:58 [INFO]: [0mGET /js/notification.js [36m304[0m 0.696 ms - -[0m
2026-08-08 09:44:58 [INFO]: [0mGET /css/animations.css [36m304[0m 0.472 ms - -[0m
2026-08-08 09:44:58 [INFO]: [0mGET /css/announcement.css [36m304[0m 0.740 ms - -[0m
2026-08-08 09:44:58 [INFO]: [0mGET /css/hero.css [36m304[0m 0.138 ms - -[0m
2026-08-08 09:44:58 [INFO]: [0mGET /css/featured.css [36m304[0m 0.292 ms - -[0m
2026-08-08 09:44:58 [INFO]: [0mGET /css/why-choose.css [36m304[0m 0.526 ms - -[0m
2026-08-08 09:44:58 [INFO]: [0mGET /css/footer.css [36m304[0m 0.438 ms - -[0m
2026-08-08 09:44:58 [INFO]: [0mGET /css/auth.css [36m304[0m 0.294 ms - -[0m
2026-08-08 09:44:58 [INFO]: [0mGET /css/verify.css [36m304[0m 0.386 ms - -[0m
2026-08-08 09:44:59 [INFO]: [0mGET /admin/users [32m200[0m 176.492 ms - -[0m
2026-08-08 09:44:59 [INFO]: [0mGET /css/style.css [36m304[0m 0.454 ms - -[0m
2026-08-08 09:44:59 [INFO]: [0mGET /css/admin/layout.css [36m304[0m 0.608 ms - -[0m
2026-08-08 09:44:59 [INFO]: [0mGET /css/admin/users.css [36m304[0m 0.846 ms - -[0m
2026-08-08 09:44:59 [INFO]: [0mGET /css/admin/categories.css [36m304[0m 0.207 ms - -[0m
2026-08-08 09:44:59 [INFO]: [0mGET /css/admin/brands.css [36m304[0m 0.301 ms - -[0m
2026-08-08 09:44:59 [INFO]: [0mGET /css/admin/products.css [36m304[0m 0.440 ms - -[0m
2026-08-08 09:44:59 [INFO]: [0mGET /css/header.css [36m304[0m 0.771 ms - -[0m
2026-08-08 09:44:59 [INFO]: [0mGET /images/logo/plantora.png [36m304[0m 0.301 ms - -[0m
2026-08-08 09:44:59 [INFO]: [0mGET /js/admin/layout.js [36m304[0m 0.351 ms - -[0m
2026-08-08 09:44:59 [INFO]: [0mGET /js/admin/users.js [36m304[0m 0.187 ms - -[0m
2026-08-08 09:44:59 [INFO]: [0mGET /css/variables.css [36m304[0m 0.157 ms - -[0m
2026-08-08 09:44:59 [INFO]: [0mGET /js/admin/categories.js [36m304[0m 0.479 ms - -[0m
2026-08-08 09:44:59 [INFO]: [0mGET /js/admin/brands.js [36m304[0m 0.474 ms - -[0m
2026-08-08 09:44:59 [INFO]: [0mGET /js/admin/products.js [36m304[0m 0.760 ms - -[0m
2026-08-08 09:44:59 [INFO]: [0mGET /css/utilities.css [36m304[0m 1.121 ms - -[0m
2026-08-08 09:44:59 [INFO]: [0mGET /css/animations.css [36m304[0m 0.520 ms - -[0m
2026-08-08 09:44:59 [INFO]: [0mGET /css/announcement.css [36m304[0m 0.488 ms - -[0m
2026-08-08 09:44:59 [INFO]: [0mGET /css/hero.css [36m304[0m 0.613 ms - -[0m
2026-08-08 09:44:59 [INFO]: [0mGET /css/featured.css [36m304[0m 1.032 ms - -[0m
2026-08-08 09:44:59 [INFO]: [0mGET /css/why-choose.css [36m304[0m 0.255 ms - -[0m
2026-08-08 09:44:59 [INFO]: [0mGET /css/footer.css [36m304[0m 0.403 ms - -[0m
2026-08-08 09:44:59 [INFO]: [0mGET /css/auth.css [36m304[0m 0.543 ms - -[0m
2026-08-08 09:44:59 [INFO]: [0mGET /css/verify.css [36m304[0m 0.684 ms - -[0m
2026-08-08 09:44:59 [INFO]: [0mGET /js/header.js [36m304[0m 0.142 ms - -[0m
2026-08-08 09:44:59 [INFO]: [0mGET /js/notification.js [36m304[0m 0.164 ms - -[0m
2026-08-08 09:45:03 [INFO]: [0mGET /admin/users/trash [36m304[0m 217.158 ms - -[0m
2026-08-08 09:45:03 [INFO]: [0mGET /css/style.css [36m304[0m 0.998 ms - -[0m
2026-08-08 09:45:03 [INFO]: [0mGET /css/admin/layout.css [36m304[0m 1.420 ms - -[0m
2026-08-08 09:45:03 [INFO]: [0mGET /css/admin/users.css [36m304[0m 1.608 ms - -[0m
2026-08-08 09:45:03 [INFO]: [0mGET /css/admin/categories.css [36m304[0m 1.512 ms - -[0m
2026-08-08 09:45:03 [INFO]: [0mGET /css/admin/brands.css [36m304[0m 0.173 ms - -[0m
2026-08-08 09:45:03 [INFO]: [0mGET /css/admin/products.css [36m304[0m 0.339 ms - -[0m
2026-08-08 09:45:03 [INFO]: [0mGET /css/header.css [36m304[0m 0.238 ms - -[0m
2026-08-08 09:45:03 [INFO]: [0mGET /images/logo/plantora.png [36m304[0m 0.499 ms - -[0m
2026-08-08 09:45:03 [INFO]: [0mGET /js/admin/layout.js [36m304[0m 0.776 ms - -[0m
2026-08-08 09:45:03 [INFO]: [0mGET /js/admin/users.js [36m304[0m 0.979 ms - -[0m
2026-08-08 09:45:03 [INFO]: [0mGET /js/admin/categories.js [36m304[0m 1.214 ms - -[0m
2026-08-08 09:45:03 [INFO]: [0mGET /js/admin/brands.js [36m304[0m 1.727 ms - -[0m
2026-08-08 09:45:03 [INFO]: [0mGET /css/variables.css [36m304[0m 1.435 ms - -[0m
2026-08-08 09:45:03 [INFO]: [0mGET /css/utilities.css [36m304[0m 1.196 ms - -[0m
2026-08-08 09:45:03 [INFO]: [0mGET /css/animations.css [36m304[0m 1.281 ms - -[0m
2026-08-08 09:45:03 [INFO]: [0mGET /css/announcement.css [36m304[0m 0.786 ms - -[0m
2026-08-08 09:45:03 [INFO]: [0mGET /css/hero.css [36m304[0m 1.331 ms - -[0m
2026-08-08 09:45:03 [INFO]: [0mGET /css/featured.css [36m304[0m 0.671 ms - -[0m
2026-08-08 09:45:03 [INFO]: [0mGET /css/why-choose.css [36m304[0m 1.048 ms - -[0m
2026-08-08 09:45:03 [INFO]: [0mGET /css/footer.css [36m304[0m 0.792 ms - -[0m
2026-08-08 09:45:03 [INFO]: [0mGET /css/auth.css [36m304[0m 0.580 ms - -[0m
2026-08-08 09:45:03 [INFO]: [0mGET /css/verify.css [36m304[0m 0.703 ms - -[0m
2026-08-08 09:45:03 [INFO]: [0mGET /js/admin/products.js [36m304[0m 0.575 ms - -[0m
2026-08-08 09:45:03 [INFO]: [0mGET /js/header.js [36m304[0m 0.756 ms - -[0m
2026-08-08 09:45:03 [INFO]: [0mGET /js/notification.js [36m304[0m 0.985 ms - -[0m
2026-08-08 09:45:06 [ERROR]: Failed to create audit log: AuditLog validation failed: severity: `warning` is not a valid enum value for path `severity`.
2026-08-08 09:45:06 [INFO]: User "Randome" restored successfully by admin-plantora@yopmail.com.
2026-08-08 09:45:06 [INFO]: [0mPOST /admin/users/6a757236696f3548efb3296a/restore [36m302[0m 214.438 ms - 47[0m
2026-08-08 09:45:06 [INFO]: [0mGET /admin/users/trash [32m200[0m 213.378 ms - -[0m
2026-08-08 09:45:06 [INFO]: [0mGET /css/style.css [36m304[0m 0.520 ms - -[0m
2026-08-08 09:45:06 [INFO]: [0mGET /css/admin/layout.css [36m304[0m 0.549 ms - -[0m
2026-08-08 09:45:06 [INFO]: [0mGET /css/admin/users.css [36m304[0m 0.589 ms - -[0m
2026-08-08 09:45:06 [INFO]: [0mGET /css/admin/categories.css [36m304[0m 0.916 ms - -[0m
2026-08-08 09:45:06 [INFO]: [0mGET /css/admin/brands.css [36m304[0m 1.152 ms - -[0m
2026-08-08 09:45:06 [INFO]: [0mGET /css/admin/products.css [36m304[0m 1.805 ms - -[0m
2026-08-08 09:45:06 [INFO]: [0mGET /css/header.css [36m304[0m 0.187 ms - -[0m
2026-08-08 09:45:06 [INFO]: [0mGET /images/logo/plantora.png [36m304[0m 0.502 ms - -[0m
2026-08-08 09:45:06 [INFO]: [0mGET /css/variables.css [36m304[0m 0.473 ms - -[0m
2026-08-08 09:45:06 [INFO]: [0mGET /css/utilities.css [36m304[0m 0.623 ms - -[0m
2026-08-08 09:45:06 [INFO]: [0mGET /css/animations.css [36m304[0m 0.767 ms - -[0m
2026-08-08 09:45:06 [INFO]: [0mGET /css/announcement.css [36m304[0m 0.883 ms - -[0m
2026-08-08 09:45:06 [INFO]: [0mGET /css/hero.css [36m304[0m 1.104 ms - -[0m
2026-08-08 09:45:06 [INFO]: [0mGET /css/featured.css [36m304[0m 0.379 ms - -[0m
2026-08-08 09:45:06 [INFO]: [0mGET /css/why-choose.css [36m304[0m 0.152 ms - -[0m
2026-08-08 09:45:06 [INFO]: [0mGET /css/footer.css [36m304[0m 0.189 ms - -[0m
2026-08-08 09:45:06 [INFO]: [0mGET /css/auth.css [36m304[0m 0.426 ms - -[0m
2026-08-08 09:45:06 [INFO]: [0mGET /css/verify.css [36m304[0m 0.336 ms - -[0m
2026-08-08 09:45:06 [INFO]: [0mGET /js/admin/layout.js [36m304[0m 0.181 ms - -[0m
2026-08-08 09:45:06 [INFO]: [0mGET /js/admin/users.js [36m304[0m 0.293 ms - -[0m
2026-08-08 09:45:06 [INFO]: [0mGET /js/admin/categories.js [36m304[0m 0.138 ms - -[0m
2026-08-08 09:45:06 [INFO]: [0mGET /js/admin/brands.js [36m304[0m 0.328 ms - -[0m
2026-08-08 09:45:06 [INFO]: [0mGET /js/admin/products.js [36m304[0m 0.175 ms - -[0m
2026-08-08 09:45:06 [INFO]: [0mGET /js/header.js [36m304[0m 0.532 ms - -[0m
2026-08-08 09:45:06 [INFO]: [0mGET /js/notification.js [36m304[0m 0.143 ms - -[0m
2026-08-08 09:45:07 [INFO]: [0mGET /admin/users [32m200[0m 176.085 ms - -[0m
2026-08-08 09:45:07 [INFO]: [0mGET /css/style.css [36m304[0m 0.547 ms - -[0m
2026-08-08 09:45:07 [INFO]: [0mGET /css/admin/layout.css [36m304[0m 0.758 ms - -[0m
2026-08-08 09:45:07 [INFO]: [0mGET /css/admin/users.css [36m304[0m 0.211 ms - -[0m
2026-08-08 09:45:07 [INFO]: [0mGET /css/admin/categories.css [36m304[0m 0.349 ms - -[0m
2026-08-08 09:45:07 [INFO]: [0mGET /css/admin/brands.css [36m304[0m 0.554 ms - -[0m
2026-08-08 09:45:07 [INFO]: [0mGET /css/admin/products.css [36m304[0m 0.681 ms - -[0m
2026-08-08 09:45:07 [INFO]: [0mGET /css/header.css [36m304[0m 0.081 ms - -[0m
2026-08-08 09:45:07 [INFO]: [0mGET /images/logo/plantora.png [36m304[0m 0.157 ms - -[0m
2026-08-08 09:45:07 [INFO]: [0mGET /js/admin/layout.js [36m304[0m 0.206 ms - -[0m
2026-08-08 09:45:07 [INFO]: [0mGET /js/admin/users.js [36m304[0m 0.194 ms - -[0m
2026-08-08 09:45:07 [INFO]: [0mGET /js/admin/categories.js [36m304[0m 0.778 ms - -[0m
2026-08-08 09:45:07 [INFO]: [0mGET /js/admin/brands.js [36m304[0m 0.905 ms - -[0m
2026-08-08 09:45:07 [INFO]: [0mGET /js/admin/products.js [36m304[0m 1.304 ms - -[0m
2026-08-08 09:45:07 [INFO]: [0mGET /js/header.js [36m304[0m 1.751 ms - -[0m
2026-08-08 09:45:07 [INFO]: [0mGET /css/variables.css [36m304[0m 0.870 ms - -[0m
2026-08-08 09:45:07 [INFO]: [0mGET /css/utilities.css [36m304[0m 1.108 ms - -[0m
2026-08-08 09:45:07 [INFO]: [0mGET /css/animations.css [36m304[0m 0.394 ms - -[0m
2026-08-08 09:45:07 [INFO]: [0mGET /css/hero.css [36m304[0m 0.175 ms - -[0m
2026-08-08 09:45:07 [INFO]: [0mGET /css/announcement.css [36m304[0m 0.614 ms - -[0m
2026-08-08 09:45:07 [INFO]: [0mGET /css/featured.css [36m304[0m 0.211 ms - -[0m
2026-08-08 09:45:07 [INFO]: [0mGET /css/why-choose.css [36m304[0m 0.659 ms - -[0m
2026-08-08 09:45:07 [INFO]: [0mGET /css/footer.css [36m304[0m 0.458 ms - -[0m
2026-08-08 09:45:07 [INFO]: [0mGET /css/auth.css [36m304[0m 0.707 ms - -[0m
2026-08-08 09:45:07 [INFO]: [0mGET /css/verify.css [36m304[0m 0.912 ms - -[0m
2026-08-08 09:45:07 [INFO]: [0mGET /js/notification.js [36m304[0m 0.303 ms - -[0m
2026-08-08 09:45:10 [INFO]: [0mGET /admin/users [36m304[0m 174.064 ms - -[0m
2026-08-08 09:45:10 [INFO]: [0mGET /css/style.css [36m304[0m 0.502 ms - -[0m
2026-08-08 09:45:10 [INFO]: [0mGET /css/admin/layout.css [36m304[0m 0.176 ms - -[0m
2026-08-08 09:45:10 [INFO]: [0mGET /css/admin/users.css [36m304[0m 0.586 ms - -[0m
2026-08-08 09:45:10 [INFO]: [0mGET /css/admin/categories.css [36m304[0m 0.619 ms - -[0m
2026-08-08 09:45:10 [INFO]: [0mGET /css/admin/brands.css [36m304[0m 0.725 ms - -[0m
2026-08-08 09:45:10 [INFO]: [0mGET /css/admin/products.css [36m304[0m 1.062 ms - -[0m
2026-08-08 09:45:10 [INFO]: [0mGET /css/header.css [36m304[0m 0.286 ms - -[0m
2026-08-08 09:45:10 [INFO]: [0mGET /images/logo/plantora.png [36m304[0m 0.297 ms - -[0m
2026-08-08 09:45:10 [INFO]: [0mGET /js/admin/layout.js [36m304[0m 0.128 ms - -[0m
2026-08-08 09:45:10 [INFO]: [0mGET /css/variables.css [36m304[0m 0.343 ms - -[0m
2026-08-08 09:45:10 [INFO]: [0mGET /js/admin/users.js [36m304[0m 0.406 ms - -[0m
2026-08-08 09:45:10 [INFO]: [0mGET /css/utilities.css [36m304[0m 0.807 ms - -[0m
2026-08-08 09:45:10 [INFO]: [0mGET /js/admin/categories.js [36m304[0m 1.139 ms - -[0m
2026-08-08 09:45:10 [INFO]: [0mGET /css/animations.css [36m304[0m 0.788 ms - -[0m
2026-08-08 09:45:10 [INFO]: [0mGET /css/announcement.css [36m304[0m 0.490 ms - -[0m
2026-08-08 09:45:10 [INFO]: [0mGET /css/hero.css [36m304[0m 0.581 ms - -[0m
2026-08-08 09:45:10 [INFO]: [0mGET /css/featured.css [36m304[0m 0.821 ms - -[0m
2026-08-08 09:45:10 [INFO]: [0mGET /css/why-choose.css [36m304[0m 0.491 ms - -[0m
2026-08-08 09:45:10 [INFO]: [0mGET /css/footer.css [36m304[0m 1.253 ms - -[0m
2026-08-08 09:45:10 [INFO]: [0mGET /css/auth.css [36m304[0m 0.481 ms - -[0m
2026-08-08 09:45:10 [INFO]: [0mGET /css/verify.css [36m304[0m 0.644 ms - -[0m
2026-08-08 09:45:10 [INFO]: [0mGET /js/admin/brands.js [36m304[0m 0.430 ms - -[0m
2026-08-08 09:45:10 [INFO]: [0mGET /js/admin/products.js [36m304[0m 0.280 ms - -[0m
2026-08-08 09:45:10 [INFO]: [0mGET /js/header.js [36m304[0m 0.384 ms - -[0m
2026-08-08 09:45:10 [INFO]: [0mGET /js/notification.js [36m304[0m 0.121 ms - -[0m
2026-08-08 09:45:54 [INFO]: [0mGET /admin/users [32m200[0m 174.359 ms - -[0m
2026-08-08 09:45:54 [INFO]: [0mGET /css/style.css [36m304[0m 0.655 ms - -[0m
2026-08-08 09:45:54 [INFO]: [0mGET /css/admin/layout.css [36m304[0m 0.930 ms - -[0m
2026-08-08 09:45:54 [INFO]: [0mGET /css/admin/users.css [36m304[0m 0.423 ms - -[0m
2026-08-08 09:45:54 [INFO]: [0mGET /css/admin/categories.css [36m304[0m 0.455 ms - -[0m
2026-08-08 09:45:54 [INFO]: [0mGET /css/admin/brands.css [36m304[0m 0.689 ms - -[0m
2026-08-08 09:45:54 [INFO]: [0mGET /css/admin/products.css [36m304[0m 0.842 ms - -[0m
2026-08-08 09:45:54 [INFO]: [0mGET /css/header.css [36m304[0m 1.072 ms - -[0m
2026-08-08 09:45:54 [INFO]: [0mGET /images/logo/plantora.png [36m304[0m 0.183 ms - -[0m
2026-08-08 09:45:54 [INFO]: [0mGET /js/admin/layout.js [36m304[0m 0.186 ms - -[0m
2026-08-08 09:45:54 [INFO]: [0mGET /js/admin/users.js [36m304[0m 0.355 ms - -[0m
2026-08-08 09:45:54 [INFO]: [0mGET /js/admin/categories.js [36m304[0m 0.461 ms - -[0m
2026-08-08 09:45:54 [INFO]: [0mGET /js/admin/brands.js [36m304[0m 0.588 ms - -[0m
2026-08-08 09:45:54 [INFO]: [0mGET /css/variables.css [36m304[0m 0.731 ms - -[0m
2026-08-08 09:45:54 [INFO]: [0mGET /css/utilities.css [36m304[0m 0.244 ms - -[0m
2026-08-08 09:45:54 [INFO]: [0mGET /css/animations.css [36m304[0m 0.111 ms - -[0m
2026-08-08 09:45:54 [INFO]: [0mGET /css/announcement.css [36m304[0m 0.413 ms - -[0m
2026-08-08 09:45:54 [INFO]: [0mGET /css/hero.css [36m304[0m 0.457 ms - -[0m
2026-08-08 09:45:54 [INFO]: [0mGET /css/featured.css [36m304[0m 0.597 ms - -[0m
2026-08-08 09:45:54 [INFO]: [0mGET /css/why-choose.css [36m304[0m 0.750 ms - -[0m
2026-08-08 09:45:54 [INFO]: [0mGET /css/footer.css [36m304[0m 0.949 ms - -[0m
2026-08-08 09:45:54 [INFO]: [0mGET /css/auth.css [36m304[0m 0.289 ms - -[0m
2026-08-08 09:45:54 [INFO]: [0mGET /css/verify.css [36m304[0m 0.466 ms - -[0m
2026-08-08 09:45:54 [INFO]: [0mGET /js/admin/products.js [36m304[0m 0.234 ms - -[0m
2026-08-08 09:45:54 [INFO]: [0mGET /js/header.js [36m304[0m 0.266 ms - -[0m
2026-08-08 09:45:54 [INFO]: [0mGET /js/notification.js [36m304[0m 0.154 ms - -[0m
2026-08-08 09:46:01 [INFO]: User "Randome" moved to Trash by admin-plantora@yopmail.com.
2026-08-08 09:46:01 [INFO]: [0mPOST /admin/users/6a757236696f3548efb3296a/delete [36m302[0m 262.233 ms - 41[0m
2026-08-08 09:46:01 [INFO]: [0mGET /admin/users [32m200[0m 200.933 ms - -[0m
2026-08-08 09:46:01 [INFO]: [0mGET /css/style.css [36m304[0m 0.371 ms - -[0m
2026-08-08 09:46:01 [INFO]: [0mGET /css/admin/layout.css [36m304[0m 0.501 ms - -[0m
2026-08-08 09:46:01 [INFO]: [0mGET /css/admin/users.css [36m304[0m 0.310 ms - -[0m
2026-08-08 09:46:01 [INFO]: [0mGET /css/admin/categories.css [36m304[0m 0.391 ms - -[0m
2026-08-08 09:46:01 [INFO]: [0mGET /css/admin/brands.css [36m304[0m 0.524 ms - -[0m
2026-08-08 09:46:01 [INFO]: [0mGET /css/admin/products.css [36m304[0m 0.621 ms - -[0m
2026-08-08 09:46:01 [INFO]: [0mGET /css/header.css [36m304[0m 0.734 ms - -[0m
2026-08-08 09:46:01 [INFO]: [0mGET /images/logo/plantora.png [36m304[0m 0.267 ms - -[0m
2026-08-08 09:46:01 [INFO]: [0mGET /js/admin/layout.js [36m304[0m 0.324 ms - -[0m
2026-08-08 09:46:01 [INFO]: [0mGET /js/admin/users.js [36m304[0m 0.631 ms - -[0m
2026-08-08 09:46:01 [INFO]: [0mGET /js/admin/categories.js [36m304[0m 0.813 ms - -[0m
2026-08-08 09:46:01 [INFO]: [0mGET /js/admin/brands.js [36m304[0m 1.091 ms - -[0m
2026-08-08 09:46:01 [INFO]: [0mGET /css/variables.css [36m304[0m 0.675 ms - -[0m
2026-08-08 09:46:01 [INFO]: [0mGET /css/utilities.css [36m304[0m 0.767 ms - -[0m
2026-08-08 09:46:01 [INFO]: [0mGET /css/animations.css [36m304[0m 0.918 ms - -[0m
2026-08-08 09:46:01 [INFO]: [0mGET /css/announcement.css [36m304[0m 1.071 ms - -[0m
2026-08-08 09:46:01 [INFO]: [0mGET /css/hero.css [36m304[0m 1.137 ms - -[0m
2026-08-08 09:46:01 [INFO]: [0mGET /css/featured.css [36m304[0m 1.549 ms - -[0m
2026-08-08 09:46:01 [INFO]: [0mGET /css/why-choose.css [36m304[0m 0.403 ms - -[0m
2026-08-08 09:46:01 [INFO]: [0mGET /css/footer.css [36m304[0m 0.505 ms - -[0m
2026-08-08 09:46:01 [INFO]: [0mGET /css/auth.css [36m304[0m 0.653 ms - -[0m
2026-08-08 09:46:01 [INFO]: [0mGET /css/verify.css [36m304[0m 0.749 ms - -[0m
2026-08-08 09:46:01 [INFO]: [0mGET /js/admin/products.js [36m304[0m 0.185 ms - -[0m
2026-08-08 09:46:01 [INFO]: [0mGET /js/header.js [36m304[0m 0.369 ms - -[0m
2026-08-08 09:46:01 [INFO]: [0mGET /js/notification.js [36m304[0m 0.173 ms - -[0m
2026-08-08 09:46:10 [INFO]: [0mGET /admin/users/trash [32m200[0m 222.361 ms - -[0m
2026-08-08 09:46:10 [INFO]: [0mGET /css/style.css [36m304[0m 0.231 ms - -[0m
2026-08-08 09:46:10 [INFO]: [0mGET /css/admin/layout.css [36m304[0m 0.306 ms - -[0m
2026-08-08 09:46:10 [INFO]: [0mGET /css/admin/users.css [36m304[0m 0.450 ms - -[0m
2026-08-08 09:46:10 [INFO]: [0mGET /css/header.css [36m304[0m 0.371 ms - -[0m
2026-08-08 09:46:10 [INFO]: [0mGET /css/admin/categories.css [36m304[0m 0.420 ms - -[0m
2026-08-08 09:46:10 [INFO]: [0mGET /css/admin/brands.css [36m304[0m 0.506 ms - -[0m
2026-08-08 09:46:10 [INFO]: [0mGET /css/admin/products.css [36m304[0m 0.790 ms - -[0m
2026-08-08 09:46:10 [INFO]: [0mGET /images/logo/plantora.png [36m304[0m 0.312 ms - -[0m
2026-08-08 09:46:10 [INFO]: [0mGET /js/admin/layout.js [36m304[0m 0.285 ms - -[0m
2026-08-08 09:46:10 [INFO]: [0mGET /js/admin/users.js [36m304[0m 0.411 ms - -[0m
2026-08-08 09:46:10 [INFO]: [0mGET /js/admin/categories.js [36m304[0m 0.655 ms - -[0m
2026-08-08 09:46:10 [INFO]: [0mGET /js/admin/brands.js [36m304[0m 0.302 ms - -[0m
2026-08-08 09:46:10 [INFO]: [0mGET /css/variables.css [36m304[0m 0.118 ms - -[0m
2026-08-08 09:46:10 [INFO]: [0mGET /css/utilities.css [36m304[0m 0.105 ms - -[0m
2026-08-08 09:46:10 [INFO]: [0mGET /css/animations.css [36m304[0m 0.163 ms - -[0m
2026-08-08 09:46:10 [INFO]: [0mGET /css/announcement.css [36m304[0m 0.402 ms - -[0m
2026-08-08 09:46:10 [INFO]: [0mGET /css/hero.css [36m304[0m 0.396 ms - -[0m
2026-08-08 09:46:10 [INFO]: [0mGET /css/featured.css [36m304[0m 0.359 ms - -[0m
2026-08-08 09:46:10 [INFO]: [0mGET /css/why-choose.css [36m304[0m 0.263 ms - -[0m
2026-08-08 09:46:10 [INFO]: [0mGET /css/footer.css [36m304[0m 0.381 ms - -[0m
2026-08-08 09:46:10 [INFO]: [0mGET /css/auth.css [36m304[0m 0.143 ms - -[0m
2026-08-08 09:46:10 [INFO]: [0mGET /css/verify.css [36m304[0m 0.326 ms - -[0m
2026-08-08 09:46:10 [INFO]: [0mGET /js/admin/products.js [36m304[0m 0.109 ms - -[0m
2026-08-08 09:46:10 [INFO]: [0mGET /js/header.js [36m304[0m 0.123 ms - -[0m
2026-08-08 09:46:10 [INFO]: [0mGET /js/notification.js [36m304[0m 0.112 ms - -[0m
2026-08-08 09:46:12 [ERROR]: Failed to create audit log: AuditLog validation failed: severity: `warning` is not a valid enum value for path `severity`.
2026-08-08 09:46:12 [INFO]: User "Randome" restored successfully by admin-plantora@yopmail.com.
2026-08-08 09:46:12 [INFO]: [0mPOST /admin/users/6a757236696f3548efb3296a/restore [36m302[0m 216.368 ms - 47[0m
2026-08-08 09:46:13 [INFO]: [0mGET /admin/users/trash [32m200[0m 212.061 ms - -[0m
2026-08-08 09:46:13 [INFO]: [0mGET /css/style.css [36m304[0m 0.327 ms - -[0m
2026-08-08 09:46:13 [INFO]: [0mGET /css/admin/layout.css [36m304[0m 0.784 ms - -[0m
2026-08-08 09:46:13 [INFO]: [0mGET /css/admin/users.css [36m304[0m 1.080 ms - -[0m
2026-08-08 09:46:13 [INFO]: [0mGET /css/admin/categories.css [36m304[0m 1.535 ms - -[0m
2026-08-08 09:46:13 [INFO]: [0mGET /css/admin/brands.css [36m304[0m 0.414 ms - -[0m
2026-08-08 09:46:13 [INFO]: [0mGET /css/admin/products.css [36m304[0m 0.144 ms - -[0m
2026-08-08 09:46:13 [INFO]: [0mGET /css/header.css [36m304[0m 0.228 ms - -[0m
2026-08-08 09:46:13 [INFO]: [0mGET /images/logo/plantora.png [36m304[0m 0.157 ms - -[0m
2026-08-08 09:46:13 [INFO]: [0mGET /js/admin/layout.js [36m304[0m 0.603 ms - -[0m
2026-08-08 09:46:13 [INFO]: [0mGET /js/admin/categories.js [36m304[0m 0.676 ms - -[0m
2026-08-08 09:46:13 [INFO]: [0mGET /js/admin/users.js [36m304[0m 1.122 ms - -[0m
2026-08-08 09:46:13 [INFO]: [0mGET /js/admin/brands.js [36m304[0m 1.196 ms - -[0m
2026-08-08 09:46:13 [INFO]: [0mGET /js/admin/products.js [36m304[0m 0.246 ms - -[0m
2026-08-08 09:46:13 [INFO]: [0mGET /js/header.js [36m304[0m 0.414 ms - -[0m
2026-08-08 09:46:13 [INFO]: [0mGET /js/notification.js [36m304[0m 0.207 ms - -[0m
2026-08-08 09:46:13 [INFO]: [0mGET /css/variables.css [36m304[0m 0.600 ms - -[0m
2026-08-08 09:46:13 [INFO]: [0mGET /css/utilities.css [36m304[0m 0.806 ms - -[0m
2026-08-08 09:46:13 [INFO]: [0mGET /css/animations.css [36m304[0m 1.086 ms - -[0m
2026-08-08 09:46:13 [INFO]: [0mGET /css/announcement.css [36m304[0m 1.741 ms - -[0m
2026-08-08 09:46:13 [INFO]: [0mGET /css/hero.css [36m304[0m 0.851 ms - -[0m
2026-08-08 09:46:13 [INFO]: [0mGET /css/featured.css [36m304[0m 1.116 ms - -[0m
2026-08-08 09:46:13 [INFO]: [0mGET /css/why-choose.css [36m304[0m 0.270 ms - -[0m
2026-08-08 09:46:13 [INFO]: [0mGET /css/footer.css [36m304[0m 0.431 ms - -[0m
2026-08-08 09:46:13 [INFO]: [0mGET /css/auth.css [36m304[0m 0.658 ms - -[0m
2026-08-08 09:46:13 [INFO]: [0mGET /css/verify.css [36m304[0m 0.208 ms - -[0m
2026-08-08 09:46:13 [INFO]: [0mGET /admin/users [32m200[0m 177.758 ms - -[0m
2026-08-08 09:46:13 [INFO]: [0mGET /css/style.css [36m304[0m 0.577 ms - -[0m
2026-08-08 09:46:13 [INFO]: [0mGET /css/admin/layout.css [36m304[0m 0.613 ms - -[0m
2026-08-08 09:46:13 [INFO]: [0mGET /css/admin/users.css [36m304[0m 0.727 ms - -[0m
2026-08-08 09:46:13 [INFO]: [0mGET /css/admin/categories.css [36m304[0m 1.125 ms - -[0m
2026-08-08 09:46:13 [INFO]: [0mGET /css/admin/brands.css [36m304[0m 1.638 ms - -[0m
2026-08-08 09:46:13 [INFO]: [0mGET /css/admin/products.css [36m304[0m 2.070 ms - -[0m
2026-08-08 09:46:13 [INFO]: [0mGET /css/header.css [36m304[0m 2.290 ms - -[0m
2026-08-08 09:46:13 [INFO]: [0mGET /images/logo/plantora.png [36m304[0m 0.160 ms - -[0m
2026-08-08 09:46:13 [INFO]: [0mGET /js/admin/layout.js [36m304[0m 1.012 ms - -[0m
2026-08-08 09:46:13 [INFO]: [0mGET /js/admin/users.js [36m304[0m 2.082 ms - -[0m
2026-08-08 09:46:13 [INFO]: [0mGET /js/admin/categories.js [36m304[0m 2.122 ms - -[0m
2026-08-08 09:46:13 [INFO]: [0mGET /js/admin/brands.js [36m304[0m 2.366 ms - -[0m
2026-08-08 09:46:13 [INFO]: [0mGET /js/admin/products.js [36m304[0m 2.600 ms - -[0m
2026-08-08 09:46:13 [INFO]: [0mGET /js/header.js [36m304[0m 2.748 ms - -[0m
2026-08-08 09:46:13 [INFO]: [0mGET /css/variables.css [36m304[0m 0.165 ms - -[0m
2026-08-08 09:46:13 [INFO]: [0mGET /css/utilities.css [36m304[0m 0.314 ms - -[0m
2026-08-08 09:46:13 [INFO]: [0mGET /css/animations.css [36m304[0m 0.396 ms - -[0m
2026-08-08 09:46:13 [INFO]: [0mGET /css/announcement.css [36m304[0m 0.607 ms - -[0m
2026-08-08 09:46:13 [INFO]: [0mGET /css/hero.css [36m304[0m 0.737 ms - -[0m
2026-08-08 09:46:13 [INFO]: [0mGET /css/featured.css [36m304[0m 0.866 ms - -[0m
2026-08-08 09:46:13 [INFO]: [0mGET /css/why-choose.css [36m304[0m 1.044 ms - -[0m
2026-08-08 09:46:13 [INFO]: [0mGET /css/footer.css [36m304[0m 1.310 ms - -[0m
2026-08-08 09:46:13 [INFO]: [0mGET /css/auth.css [36m304[0m 0.270 ms - -[0m
2026-08-08 09:46:13 [INFO]: [0mGET /css/verify.css [36m304[0m 0.197 ms - -[0m
2026-08-08 09:46:13 [INFO]: [0mGET /js/notification.js [36m304[0m 0.223 ms - -[0m
2026-08-08 09:46:27 [INFO]: User "Randome" moved to Trash by admin-plantora@yopmail.com.
2026-08-08 09:46:27 [INFO]: [0mPOST /admin/users/6a757236696f3548efb3296a/delete [36m302[0m 315.034 ms - 41[0m
2026-08-08 09:46:28 [INFO]: [0mGET /admin/users [32m200[0m 217.483 ms - -[0m
2026-08-08 09:46:28 [INFO]: [0mGET /css/style.css [36m304[0m 0.528 ms - -[0m
2026-08-08 09:46:28 [INFO]: [0mGET /css/admin/layout.css [36m304[0m 0.612 ms - -[0m
2026-08-08 09:46:28 [INFO]: [0mGET /css/admin/categories.css [36m304[0m 0.322 ms - -[0m
2026-08-08 09:46:28 [INFO]: [0mGET /css/admin/brands.css [36m304[0m 0.487 ms - -[0m
2026-08-08 09:46:28 [INFO]: [0mGET /css/admin/products.css [36m304[0m 0.612 ms - -[0m
2026-08-08 09:46:28 [INFO]: [0mGET /css/admin/users.css [36m304[0m 0.712 ms - -[0m
2026-08-08 09:46:28 [INFO]: [0mGET /css/header.css [36m304[0m 0.815 ms - -[0m
2026-08-08 09:46:28 [INFO]: [0mGET /images/logo/plantora.png [36m304[0m 0.288 ms - -[0m
2026-08-08 09:46:28 [INFO]: [0mGET /js/admin/layout.js [36m304[0m 0.265 ms - -[0m
2026-08-08 09:46:28 [INFO]: [0mGET /js/admin/users.js [36m304[0m 0.169 ms - -[0m
2026-08-08 09:46:28 [INFO]: [0mGET /js/admin/categories.js [36m304[0m 0.288 ms - -[0m
2026-08-08 09:46:28 [INFO]: [0mGET /js/admin/brands.js [36m304[0m 0.170 ms - -[0m
2026-08-08 09:46:28 [INFO]: [0mGET /js/admin/products.js [36m304[0m 0.393 ms - -[0m
2026-08-08 09:46:28 [INFO]: [0mGET /css/variables.css [36m304[0m 0.497 ms - -[0m
2026-08-08 09:46:28 [INFO]: [0mGET /js/header.js [36m304[0m 0.517 ms - -[0m
2026-08-08 09:46:28 [INFO]: [0mGET /css/utilities.css [36m304[0m 0.384 ms - -[0m
2026-08-08 09:46:28 [INFO]: [0mGET /css/animations.css [36m304[0m 0.292 ms - -[0m
2026-08-08 09:46:28 [INFO]: [0mGET /css/announcement.css [36m304[0m 0.092 ms - -[0m
2026-08-08 09:46:28 [INFO]: [0mGET /css/hero.css [36m304[0m 0.105 ms - -[0m
2026-08-08 09:46:28 [INFO]: [0mGET /css/featured.css [36m304[0m 0.246 ms - -[0m
2026-08-08 09:46:28 [INFO]: [0mGET /css/why-choose.css [36m304[0m 0.372 ms - -[0m
2026-08-08 09:46:28 [INFO]: [0mGET /css/footer.css [36m304[0m 0.748 ms - -[0m
2026-08-08 09:46:28 [INFO]: [0mGET /css/auth.css [36m304[0m 0.369 ms - -[0m
2026-08-08 09:46:28 [INFO]: [0mGET /css/verify.css [36m304[0m 0.422 ms - -[0m
2026-08-08 09:46:28 [INFO]: [0mGET /js/notification.js [36m304[0m 0.201 ms - -[0m
2026-08-08 09:46:32 [INFO]: User "Customer112233" moved to Trash by admin-plantora@yopmail.com.
2026-08-08 09:46:32 [INFO]: [0mPOST /admin/users/6a7570c7696f3548efb3295b/delete [36m302[0m 260.365 ms - 41[0m
2026-08-08 09:46:32 [INFO]: [0mGET /admin/users [32m200[0m 178.684 ms - -[0m
2026-08-08 09:46:32 [INFO]: [0mGET /css/style.css [36m304[0m 0.658 ms - -[0m
2026-08-08 09:46:32 [INFO]: [0mGET /css/admin/layout.css [36m304[0m 0.886 ms - -[0m
2026-08-08 09:46:32 [INFO]: [0mGET /css/admin/users.css [36m304[0m 0.170 ms - -[0m
2026-08-08 09:46:32 [INFO]: [0mGET /css/admin/categories.css [36m304[0m 0.827 ms - -[0m
2026-08-08 09:46:32 [INFO]: [0mGET /css/admin/brands.css [36m304[0m 0.629 ms - -[0m
2026-08-08 09:46:32 [INFO]: [0mGET /css/admin/products.css [36m304[0m 0.704 ms - -[0m
2026-08-08 09:46:32 [INFO]: [0mGET /css/header.css [36m304[0m 0.770 ms - -[0m
2026-08-08 09:46:32 [INFO]: [0mGET /images/logo/plantora.png [36m304[0m 0.127 ms - -[0m
2026-08-08 09:46:32 [INFO]: [0mGET /js/admin/layout.js [36m304[0m 0.134 ms - -[0m
2026-08-08 09:46:32 [INFO]: [0mGET /js/admin/users.js [36m304[0m 0.334 ms - -[0m
2026-08-08 09:46:32 [INFO]: [0mGET /js/admin/categories.js [36m304[0m 0.284 ms - -[0m
2026-08-08 09:46:32 [INFO]: [0mGET /js/admin/brands.js [36m304[0m 0.125 ms - -[0m
2026-08-08 09:46:32 [INFO]: [0mGET /css/variables.css [36m304[0m 0.376 ms - -[0m
2026-08-08 09:46:32 [INFO]: [0mGET /css/utilities.css [36m304[0m 0.347 ms - -[0m
2026-08-08 09:46:32 [INFO]: [0mGET /css/animations.css [36m304[0m 0.437 ms - -[0m
2026-08-08 09:46:32 [INFO]: [0mGET /css/announcement.css [36m304[0m 0.743 ms - -[0m
2026-08-08 09:46:32 [INFO]: [0mGET /css/hero.css [36m304[0m 0.498 ms - -[0m
2026-08-08 09:46:32 [INFO]: [0mGET /css/featured.css [36m304[0m 0.441 ms - -[0m
2026-08-08 09:46:32 [INFO]: [0mGET /css/why-choose.css [36m304[0m 0.418 ms - -[0m
2026-08-08 09:46:32 [INFO]: [0mGET /css/footer.css [36m304[0m 0.267 ms - -[0m
2026-08-08 09:46:32 [INFO]: [0mGET /css/auth.css [36m304[0m 0.493 ms - -[0m
2026-08-08 09:46:32 [INFO]: [0mGET /css/verify.css [36m304[0m 0.500 ms - -[0m
2026-08-08 09:46:32 [INFO]: [0mGET /js/admin/products.js [36m304[0m 0.095 ms - -[0m
2026-08-08 09:46:32 [INFO]: [0mGET /js/header.js [36m304[0m 0.240 ms - -[0m
2026-08-08 09:46:32 [INFO]: [0mGET /js/notification.js [36m304[0m 0.409 ms - -[0m
2026-08-08 09:46:33 [INFO]: [0mGET /admin/users/trash [32m200[0m 215.713 ms - -[0m
2026-08-08 09:46:33 [INFO]: [0mGET /css/style.css [36m304[0m 0.925 ms - -[0m
2026-08-08 09:46:33 [INFO]: [0mGET /css/admin/layout.css [36m304[0m 0.899 ms - -[0m
2026-08-08 09:46:33 [INFO]: [0mGET /css/admin/users.css [36m304[0m 0.981 ms - -[0m
2026-08-08 09:46:33 [INFO]: [0mGET /css/admin/categories.css [36m304[0m 0.965 ms - -[0m
2026-08-08 09:46:33 [INFO]: [0mGET /css/admin/brands.css [36m304[0m 1.106 ms - -[0m
2026-08-08 09:46:33 [INFO]: [0mGET /css/admin/products.css [36m304[0m 1.277 ms - -[0m
2026-08-08 09:46:33 [INFO]: [0mGET /css/header.css [36m304[0m 0.433 ms - -[0m
2026-08-08 09:46:33 [INFO]: [0mGET /images/logo/plantora.png [36m304[0m 0.716 ms - -[0m
2026-08-08 09:46:33 [INFO]: [0mGET /js/admin/layout.js [36m304[0m 0.411 ms - -[0m
2026-08-08 09:46:33 [INFO]: [0mGET /js/admin/users.js [36m304[0m 0.251 ms - -[0m
2026-08-08 09:46:33 [INFO]: [0mGET /js/admin/categories.js [36m304[0m 0.317 ms - -[0m
2026-08-08 09:46:33 [INFO]: [0mGET /js/admin/brands.js [36m304[0m 0.669 ms - -[0m
2026-08-08 09:46:33 [INFO]: [0mGET /js/admin/products.js [36m304[0m 0.460 ms - -[0m
2026-08-08 09:46:33 [INFO]: [0mGET /css/variables.css [36m304[0m 0.609 ms - -[0m
2026-08-08 09:46:33 [INFO]: [0mGET /js/header.js [36m304[0m 0.794 ms - -[0m
2026-08-08 09:46:33 [INFO]: [0mGET /css/utilities.css [36m304[0m 0.205 ms - -[0m
2026-08-08 09:46:33 [INFO]: [0mGET /css/animations.css [36m304[0m 0.253 ms - -[0m
2026-08-08 09:46:33 [INFO]: [0mGET /css/announcement.css [36m304[0m 0.355 ms - -[0m
2026-08-08 09:46:33 [INFO]: [0mGET /css/hero.css [36m304[0m 0.540 ms - -[0m
2026-08-08 09:46:33 [INFO]: [0mGET /css/featured.css [36m304[0m 0.333 ms - -[0m
2026-08-08 09:46:33 [INFO]: [0mGET /css/why-choose.css [36m304[0m 0.306 ms - -[0m
2026-08-08 09:46:33 [INFO]: [0mGET /css/footer.css [36m304[0m 0.632 ms - -[0m
2026-08-08 09:46:33 [INFO]: [0mGET /css/auth.css [36m304[0m 0.423 ms - -[0m
2026-08-08 09:46:33 [INFO]: [0mGET /css/verify.css [36m304[0m 0.287 ms - -[0m
2026-08-08 09:46:33 [INFO]: [0mGET /js/notification.js [36m304[0m 0.326 ms - -[0m
2026-08-08 09:46:38 [INFO]: Image '/public/default/profile.png' deleted successfully.
2026-08-08 09:46:38 [INFO]: User "Randome" permanently deleted by admin-plantora@yopmail.com.
2026-08-08 09:46:38 [INFO]: [0mPOST /admin/users/6a757236696f3548efb3296a/permanent-delete [36m302[0m 1142.957 ms - 47[0m
2026-08-08 09:46:39 [INFO]: [0mGET /admin/users/trash [32m200[0m 214.879 ms - -[0m
2026-08-08 09:46:39 [INFO]: [0mGET /css/style.css [36m304[0m 0.588 ms - -[0m
2026-08-08 09:46:39 [INFO]: [0mGET /css/admin/layout.css [36m304[0m 1.145 ms - -[0m
2026-08-08 09:46:39 [INFO]: [0mGET /css/admin/users.css [36m304[0m 1.862 ms - -[0m
2026-08-08 09:46:39 [INFO]: [0mGET /css/admin/categories.css [36m304[0m 2.349 ms - -[0m
2026-08-08 09:46:39 [INFO]: [0mGET /css/admin/brands.css [36m304[0m 3.036 ms - -[0m
2026-08-08 09:46:39 [INFO]: [0mGET /css/admin/products.css [36m304[0m 3.498 ms - -[0m
2026-08-08 09:46:39 [INFO]: [0mGET /css/header.css [36m304[0m 0.431 ms - -[0m
2026-08-08 09:46:39 [INFO]: [0mGET /images/logo/plantora.png [36m304[0m 0.152 ms - -[0m
2026-08-08 09:46:39 [INFO]: [0mGET /js/admin/layout.js [36m304[0m 0.131 ms - -[0m
2026-08-08 09:46:39 [INFO]: [0mGET /js/admin/users.js [36m304[0m 0.148 ms - -[0m
2026-08-08 09:46:39 [INFO]: [0mGET /css/variables.css [36m304[0m 0.305 ms - -[0m
2026-08-08 09:46:39 [INFO]: [0mGET /css/utilities.css [36m304[0m 0.412 ms - -[0m
2026-08-08 09:46:39 [INFO]: [0mGET /js/admin/categories.js [36m304[0m 0.662 ms - -[0m
2026-08-08 09:46:39 [INFO]: [0mGET /js/admin/brands.js [36m304[0m 0.918 ms - -[0m
2026-08-08 09:46:39 [INFO]: [0mGET /css/animations.css [36m304[0m 1.431 ms - -[0m
2026-08-08 09:46:39 [INFO]: [0mGET /css/announcement.css [36m304[0m 1.672 ms - -[0m
2026-08-08 09:46:39 [INFO]: [0mGET /css/hero.css [36m304[0m 1.712 ms - -[0m
2026-08-08 09:46:39 [INFO]: [0mGET /css/featured.css [36m304[0m 1.917 ms - -[0m
2026-08-08 09:46:39 [INFO]: [0mGET /css/why-choose.css [36m304[0m 2.251 ms - -[0m
2026-08-08 09:46:39 [INFO]: [0mGET /css/footer.css [36m304[0m 2.544 ms - -[0m
2026-08-08 09:46:39 [INFO]: [0mGET /css/auth.css [36m304[0m 0.536 ms - -[0m
2026-08-08 09:46:39 [INFO]: [0mGET /css/verify.css [36m304[0m 0.442 ms - -[0m
2026-08-08 09:46:39 [INFO]: [0mGET /js/admin/products.js [36m304[0m 0.666 ms - -[0m
2026-08-08 09:46:39 [INFO]: [0mGET /js/header.js [36m304[0m 0.813 ms - -[0m
2026-08-08 09:46:39 [INFO]: [0mGET /js/notification.js [36m304[0m 0.197 ms - -[0m
2026-08-08 09:46:43 [INFO]: Image '/public/default/profile.png' deleted successfully.
2026-08-08 09:46:44 [INFO]: User "Customer112233" permanently deleted by admin-plantora@yopmail.com.
2026-08-08 09:46:44 [INFO]: [0mPOST /admin/users/6a7570c7696f3548efb3295b/permanent-delete [36m302[0m 615.101 ms - 47[0m
2026-08-08 09:46:44 [INFO]: [0mGET /admin/users/trash [32m200[0m 221.342 ms - -[0m
2026-08-08 09:46:44 [INFO]: [0mGET /css/style.css [36m304[0m 0.245 ms - -[0m
2026-08-08 09:46:44 [INFO]: [0mGET /css/admin/layout.css [36m304[0m 0.513 ms - -[0m
2026-08-08 09:46:44 [INFO]: [0mGET /css/admin/users.css [36m304[0m 0.231 ms - -[0m
2026-08-08 09:46:44 [INFO]: [0mGET /css/admin/categories.css [36m304[0m 0.361 ms - -[0m
2026-08-08 09:46:44 [INFO]: [0mGET /css/admin/brands.css [36m304[0m 0.714 ms - -[0m
2026-08-08 09:46:44 [INFO]: [0mGET /css/admin/products.css [36m304[0m 1.009 ms - -[0m
2026-08-08 09:46:44 [INFO]: [0mGET /css/header.css [36m304[0m 0.103 ms - -[0m
2026-08-08 09:46:44 [INFO]: [0mGET /images/logo/plantora.png [36m304[0m 0.129 ms - -[0m
2026-08-08 09:46:44 [INFO]: [0mGET /js/admin/layout.js [36m304[0m 0.281 ms - -[0m
2026-08-08 09:46:44 [INFO]: [0mGET /js/admin/users.js [36m304[0m 0.232 ms - -[0m
2026-08-08 09:46:44 [INFO]: [0mGET /js/admin/categories.js [36m304[0m 0.382 ms - -[0m
2026-08-08 09:46:44 [INFO]: [0mGET /js/admin/brands.js [36m304[0m 1.318 ms - -[0m
2026-08-08 09:46:44 [INFO]: [0mGET /css/variables.css [36m304[0m 0.167 ms - -[0m
2026-08-08 09:46:44 [INFO]: [0mGET /css/utilities.css [36m304[0m 0.371 ms - -[0m
2026-08-08 09:46:44 [INFO]: [0mGET /css/animations.css [36m304[0m 0.261 ms - -[0m
2026-08-08 09:46:44 [INFO]: [0mGET /css/announcement.css [36m304[0m 0.142 ms - -[0m
2026-08-08 09:46:44 [INFO]: [0mGET /css/hero.css [36m304[0m 0.256 ms - -[0m
2026-08-08 09:46:44 [INFO]: [0mGET /css/featured.css [36m304[0m 0.220 ms - -[0m
2026-08-08 09:46:44 [INFO]: [0mGET /css/why-choose.css [36m304[0m 0.151 ms - -[0m
2026-08-08 09:46:44 [INFO]: [0mGET /css/footer.css [36m304[0m 0.342 ms - -[0m
2026-08-08 09:46:44 [INFO]: [0mGET /css/auth.css [36m304[0m 0.137 ms - -[0m
2026-08-08 09:46:44 [INFO]: [0mGET /css/verify.css [36m304[0m 0.227 ms - -[0m
2026-08-08 09:46:44 [INFO]: [0mGET /js/admin/products.js [36m304[0m 0.138 ms - -[0m
2026-08-08 09:46:44 [INFO]: [0mGET /js/header.js [36m304[0m 0.106 ms - -[0m
2026-08-08 09:46:44 [INFO]: [0mGET /js/notification.js [36m304[0m 0.119 ms - -[0m
2026-08-08 09:46:47 [INFO]: [0mGET /admin/categories [36m304[0m 213.696 ms - -[0m
2026-08-08 09:46:47 [INFO]: [0mGET /css/style.css [36m304[0m 0.253 ms - -[0m
2026-08-08 09:46:47 [INFO]: [0mGET /css/admin/layout.css [36m304[0m 0.383 ms - -[0m
2026-08-08 09:46:47 [INFO]: [0mGET /css/admin/users.css [36m304[0m 0.427 ms - -[0m
2026-08-08 09:46:47 [INFO]: [0mGET /css/admin/categories.css [36m304[0m 0.534 ms - -[0m
2026-08-08 09:46:47 [INFO]: [0mGET /css/admin/brands.css [36m304[0m 1.184 ms - -[0m
2026-08-08 09:46:47 [INFO]: [0mGET /css/admin/products.css [36m304[0m 0.731 ms - -[0m
2026-08-08 09:46:47 [INFO]: [0mGET /css/header.css [36m304[0m 0.711 ms - -[0m
2026-08-08 09:46:47 [INFO]: [0mGET /images/logo/plantora.png [36m304[0m 0.300 ms - -[0m
2026-08-08 09:46:47 [INFO]: [0mGET /js/admin/layout.js [36m304[0m 0.133 ms - -[0m
2026-08-08 09:46:47 [INFO]: [0mGET /js/admin/users.js [36m304[0m 0.242 ms - -[0m
2026-08-08 09:46:47 [INFO]: [0mGET /js/admin/categories.js [36m304[0m 0.343 ms - -[0m
2026-08-08 09:46:47 [INFO]: [0mGET /js/admin/brands.js [36m304[0m 0.463 ms - -[0m
2026-08-08 09:46:47 [INFO]: [0mGET /css/variables.css [36m304[0m 0.103 ms - -[0m
2026-08-08 09:46:47 [INFO]: [0mGET /css/utilities.css [36m304[0m 0.118 ms - -[0m
2026-08-08 09:46:47 [INFO]: [0mGET /css/animations.css [36m304[0m 0.235 ms - -[0m
2026-08-08 09:46:47 [INFO]: [0mGET /css/announcement.css [36m304[0m 0.104 ms - -[0m
2026-08-08 09:46:47 [INFO]: [0mGET /css/hero.css [36m304[0m 0.127 ms - -[0m
2026-08-08 09:46:47 [INFO]: [0mGET /css/featured.css [36m304[0m 0.357 ms - -[0m
2026-08-08 09:46:47 [INFO]: [0mGET /css/why-choose.css [36m304[0m 0.366 ms - -[0m
2026-08-08 09:46:47 [INFO]: [0mGET /css/footer.css [36m304[0m 0.596 ms - -[0m
2026-08-08 09:46:47 [INFO]: [0mGET /css/auth.css [36m304[0m 0.131 ms - -[0m
2026-08-08 09:46:47 [INFO]: [0mGET /css/verify.css [36m304[0m 0.226 ms - -[0m
2026-08-08 09:46:47 [INFO]: [0mGET /js/admin/products.js [36m304[0m 0.149 ms - -[0m
2026-08-08 09:46:47 [INFO]: [0mGET /js/header.js [36m304[0m 0.287 ms - -[0m
2026-08-08 09:46:47 [INFO]: [0mGET /js/notification.js [36m304[0m 0.151 ms - -[0m
2026-08-08 09:46:59 [INFO]: [0mGET /admin/brands [36m304[0m 213.759 ms - -[0m
2026-08-08 09:46:59 [INFO]: [0mGET /css/style.css [36m304[0m 0.267 ms - -[0m
2026-08-08 09:46:59 [INFO]: [0mGET /css/admin/layout.css [36m304[0m 0.688 ms - -[0m
2026-08-08 09:46:59 [INFO]: [0mGET /css/admin/users.css [36m304[0m 0.316 ms - -[0m
2026-08-08 09:46:59 [INFO]: [0mGET /css/admin/categories.css [36m304[0m 0.437 ms - -[0m
2026-08-08 09:46:59 [INFO]: [0mGET /css/admin/brands.css [36m304[0m 0.144 ms - -[0m
2026-08-08 09:46:59 [INFO]: [0mGET /css/admin/products.css [36m304[0m 0.663 ms - -[0m
2026-08-08 09:46:59 [INFO]: [0mGET /css/header.css [36m304[0m 0.661 ms - -[0m
2026-08-08 09:46:59 [INFO]: [0mGET /images/logo/plantora.png [36m304[0m 0.449 ms - -[0m
2026-08-08 09:46:59 [INFO]: [0mGET /js/admin/layout.js [36m304[0m 0.356 ms - -[0m
2026-08-08 09:46:59 [INFO]: [0mGET /js/admin/users.js [36m304[0m 0.471 ms - -[0m
2026-08-08 09:46:59 [INFO]: [0mGET /js/admin/categories.js [36m304[0m 0.786 ms - -[0m
2026-08-08 09:46:59 [INFO]: [0mGET /js/admin/brands.js [36m304[0m 1.005 ms - -[0m
2026-08-08 09:46:59 [INFO]: [0mGET /js/admin/products.js [36m304[0m 1.331 ms - -[0m
2026-08-08 09:46:59 [INFO]: [0mGET /js/header.js [36m304[0m 1.126 ms - -[0m
2026-08-08 09:46:59 [INFO]: [0mGET /css/variables.css [36m304[0m 0.348 ms - -[0m
2026-08-08 09:46:59 [INFO]: [0mGET /css/utilities.css [36m304[0m 0.619 ms - -[0m
2026-08-08 09:46:59 [INFO]: [0mGET /css/animations.css [36m304[0m 0.345 ms - -[0m
2026-08-08 09:46:59 [INFO]: [0mGET /css/announcement.css [36m304[0m 0.419 ms - -[0m
2026-08-08 09:46:59 [INFO]: [0mGET /css/hero.css [36m304[0m 0.758 ms - -[0m
2026-08-08 09:46:59 [INFO]: [0mGET /css/featured.css [36m304[0m 0.574 ms - -[0m
2026-08-08 09:46:59 [INFO]: [0mGET /css/why-choose.css [36m304[0m 1.001 ms - -[0m
2026-08-08 09:46:59 [INFO]: [0mGET /css/footer.css [36m304[0m 1.364 ms - -[0m
2026-08-08 09:46:59 [INFO]: [0mGET /css/auth.css [36m304[0m 0.456 ms - -[0m
2026-08-08 09:46:59 [INFO]: [0mGET /css/verify.css [36m304[0m 0.582 ms - -[0m
2026-08-08 09:46:59 [INFO]: [0mGET /js/notification.js [36m304[0m 0.433 ms - -[0m
2026-08-08 09:47:07 [INFO]: [0mGET /admin/products [36m304[0m 176.371 ms - -[0m
2026-08-08 09:47:07 [INFO]: [0mGET /css/admin/layout.css [36m304[0m 0.388 ms - -[0m
2026-08-08 09:47:07 [INFO]: [0mGET /css/style.css [36m304[0m 1.272 ms - -[0m
2026-08-08 09:47:07 [INFO]: [0mGET /css/admin/users.css [36m304[0m 0.537 ms - -[0m
2026-08-08 09:47:07 [INFO]: [0mGET /css/admin/categories.css [36m304[0m 0.713 ms - -[0m
2026-08-08 09:47:07 [INFO]: [0mGET /css/admin/brands.css [36m304[0m 0.998 ms - -[0m
2026-08-08 09:47:07 [INFO]: [0mGET /css/admin/products.css [36m304[0m 1.185 ms - -[0m
2026-08-08 09:47:07 [INFO]: [0mGET /css/header.css [36m304[0m 0.596 ms - -[0m
2026-08-08 09:47:07 [INFO]: [0mGET /images/logo/plantora.png [36m304[0m 0.366 ms - -[0m
2026-08-08 09:47:07 [INFO]: [0mGET /js/admin/layout.js [36m304[0m 0.276 ms - -[0m
2026-08-08 09:47:07 [INFO]: [0mGET /js/admin/users.js [36m304[0m 0.508 ms - -[0m
2026-08-08 09:47:07 [INFO]: [0mGET /js/admin/categories.js [36m304[0m 0.380 ms - -[0m
2026-08-08 09:47:07 [INFO]: [0mGET /js/admin/brands.js [36m304[0m 0.547 ms - -[0m
2026-08-08 09:47:07 [INFO]: [0mGET /css/variables.css [36m304[0m 0.315 ms - -[0m
2026-08-08 09:47:07 [INFO]: [0mGET /css/utilities.css [36m304[0m 0.157 ms - -[0m
2026-08-08 09:47:07 [INFO]: [0mGET /css/animations.css [36m304[0m 0.261 ms - -[0m
2026-08-08 09:47:07 [INFO]: [0mGET /css/hero.css [36m304[0m 0.466 ms - -[0m
2026-08-08 09:47:07 [INFO]: [0mGET /css/featured.css [36m304[0m 0.658 ms - -[0m
2026-08-08 09:47:07 [INFO]: [0mGET /css/announcement.css [36m304[0m 0.678 ms - -[0m
2026-08-08 09:47:07 [INFO]: [0mGET /css/why-choose.css [36m304[0m 0.247 ms - -[0m
2026-08-08 09:47:07 [INFO]: [0mGET /css/footer.css [36m304[0m 0.426 ms - -[0m
2026-08-08 09:47:07 [INFO]: [0mGET /css/auth.css [36m304[0m 0.945 ms - -[0m
2026-08-08 09:47:07 [INFO]: [0mGET /css/verify.css [36m304[0m 0.373 ms - -[0m
2026-08-08 09:47:07 [INFO]: [0mGET /js/admin/products.js [36m304[0m 0.632 ms - -[0m
2026-08-08 09:47:07 [INFO]: [0mGET /js/header.js [36m304[0m 0.802 ms - -[0m
2026-08-08 09:47:07 [INFO]: [0mGET /js/notification.js [36m304[0m 0.730 ms - -[0m
2026-08-08 09:47:12 [INFO]: [0mGET /css/style.css [36m304[0m 0.705 ms - -[0m
2026-08-08 09:47:12 [INFO]: [0mGET /css/variables.css [36m304[0m 0.939 ms - -[0m
2026-08-08 09:47:12 [INFO]: [0mGET /css/utilities.css [36m304[0m 1.109 ms - -[0m
2026-08-08 09:47:12 [INFO]: [0mGET /css/animations.css [36m304[0m 1.279 ms - -[0m
2026-08-08 09:47:12 [INFO]: [0mGET /css/announcement.css [36m304[0m 1.410 ms - -[0m
2026-08-08 09:47:12 [INFO]: [0mGET /css/header.css [36m304[0m 1.560 ms - -[0m
2026-08-08 09:47:12 [INFO]: [0mGET /css/hero.css [36m304[0m 0.611 ms - -[0m
2026-08-08 09:47:12 [INFO]: [0mGET /css/featured.css [36m304[0m 0.366 ms - -[0m
2026-08-08 09:47:12 [INFO]: [0mGET /css/why-choose.css [36m304[0m 0.418 ms - -[0m
2026-08-08 09:47:12 [INFO]: [0mGET /css/footer.css [36m304[0m 0.578 ms - -[0m
2026-08-08 09:47:12 [INFO]: [0mGET /css/auth.css [36m304[0m 0.176 ms - -[0m
2026-08-08 09:47:12 [INFO]: [0mGET /css/verify.css [36m304[0m 0.313 ms - -[0m
2026-08-08 09:47:12 [INFO]: [0mGET /css/admin/layout.css [36m304[0m 0.157 ms - -[0m
2026-08-08 09:47:12 [INFO]: [0mGET /css/admin/users.css [36m304[0m 0.296 ms - -[0m
2026-08-08 09:47:12 [INFO]: [0mGET /css/admin/categories.css [36m304[0m 0.419 ms - -[0m
2026-08-08 09:47:12 [INFO]: [0mGET /css/admin/brands.css [36m304[0m 0.542 ms - -[0m
2026-08-08 09:47:12 [INFO]: [0mGET /css/admin/products.css [36m304[0m 0.617 ms - -[0m
2026-08-08 09:47:12 [INFO]: [0mGET /.well-known/appspecific/com.chrome.devtools.json [33m404[0m 85.049 ms - 112[0m
2026-08-08 09:50:56 [INFO]: [0mGET /admin/products [32m200[0m 173.366 ms - -[0m
2026-08-08 09:50:56 [INFO]: [0mGET /css/style.css [36m304[0m 0.412 ms - -[0m
2026-08-08 09:50:56 [INFO]: [0mGET /css/admin/layout.css [36m304[0m 0.726 ms - -[0m
2026-08-08 09:50:56 [INFO]: [0mGET /css/admin/users.css [36m304[0m 0.223 ms - -[0m
2026-08-08 09:50:56 [INFO]: [0mGET /css/admin/categories.css [36m304[0m 0.371 ms - -[0m
2026-08-08 09:50:56 [INFO]: [0mGET /css/admin/brands.css [36m304[0m 0.565 ms - -[0m
2026-08-08 09:50:56 [INFO]: [0mGET /css/header.css [36m304[0m 0.254 ms - -[0m
2026-08-08 09:50:56 [INFO]: [0mGET /css/admin/products.css [32m200[0m 1.418 ms - -[0m
2026-08-08 09:50:56 [INFO]: [0mGET /images/logo/plantora.png [36m304[0m 0.180 ms - -[0m
2026-08-08 09:50:56 [INFO]: [0mGET /js/admin/layout.js [36m304[0m 0.647 ms - -[0m
2026-08-08 09:50:56 [INFO]: [0mGET /js/admin/users.js [36m304[0m 0.828 ms - -[0m
2026-08-08 09:50:56 [INFO]: [0mGET /js/admin/categories.js [36m304[0m 1.002 ms - -[0m
2026-08-08 09:50:56 [INFO]: [0mGET /js/admin/brands.js [36m304[0m 1.220 ms - -[0m
2026-08-08 09:50:56 [INFO]: [0mGET /js/admin/products.js [36m304[0m 1.535 ms - -[0m
2026-08-08 09:50:56 [INFO]: [0mGET /css/variables.css [36m304[0m 0.476 ms - -[0m
2026-08-08 09:50:56 [INFO]: [0mGET /css/utilities.css [36m304[0m 0.653 ms - -[0m
2026-08-08 09:50:56 [INFO]: [0mGET /css/animations.css [36m304[0m 0.918 ms - -[0m
2026-08-08 09:50:56 [INFO]: [0mGET /css/announcement.css [36m304[0m 1.290 ms - -[0m
2026-08-08 09:50:56 [INFO]: [0mGET /css/hero.css [36m304[0m 0.499 ms - -[0m
2026-08-08 09:50:56 [INFO]: [0mGET /css/featured.css [36m304[0m 0.340 ms - -[0m
2026-08-08 09:50:56 [INFO]: [0mGET /css/why-choose.css [36m304[0m 0.666 ms - -[0m
2026-08-08 09:50:56 [INFO]: [0mGET /css/footer.css [36m304[0m 0.473 ms - -[0m
2026-08-08 09:50:56 [INFO]: [0mGET /css/auth.css [36m304[0m 0.463 ms - -[0m
2026-08-08 09:50:56 [INFO]: [0mGET /css/verify.css [36m304[0m 0.574 ms - -[0m
2026-08-08 09:50:56 [INFO]: [0mGET /css/header.css [36m304[0m 0.861 ms - -[0m
2026-08-08 09:50:56 [INFO]: [0mGET /js/header.js [36m304[0m 0.313 ms - -[0m
2026-08-08 09:50:56 [INFO]: [0mGET /js/notification.js [36m304[0m 0.480 ms - -[0m
2026-08-08 09:50:56 [INFO]: [0mGET /.well-known/appspecific/com.chrome.devtools.json [33m404[0m 84.891 ms - 112[0m
2026-08-08 09:52:31 [INFO]: [0mGET /admin/products [32m200[0m 172.034 ms - -[0m
2026-08-08 09:52:31 [INFO]: [0mGET /css/style.css [36m304[0m 0.242 ms - -[0m
2026-08-08 09:52:31 [INFO]: [0mGET /css/admin/layout.css [36m304[0m 0.522 ms - -[0m
2026-08-08 09:52:31 [INFO]: [0mGET /css/admin/users.css [36m304[0m 0.237 ms - -[0m
2026-08-08 09:52:31 [INFO]: [0mGET /css/admin/categories.css [36m304[0m 0.408 ms - -[0m
2026-08-08 09:52:31 [INFO]: [0mGET /css/admin/brands.css [36m304[0m 0.611 ms - -[0m
2026-08-08 09:52:31 [INFO]: [0mGET /css/header.css [36m304[0m 0.884 ms - -[0m
2026-08-08 09:52:31 [INFO]: [0mGET /images/logo/plantora.png [36m304[0m 0.135 ms - -[0m
2026-08-08 09:52:31 [INFO]: [0mGET /css/admin/products.css [32m200[0m 1.679 ms - -[0m
2026-08-08 09:52:31 [INFO]: [0mGET /js/admin/layout.js [36m304[0m 0.324 ms - -[0m
2026-08-08 09:52:31 [INFO]: [0mGET /js/admin/users.js [36m304[0m 0.629 ms - -[0m
2026-08-08 09:52:31 [INFO]: [0mGET /js/admin/categories.js [36m304[0m 1.057 ms - -[0m
2026-08-08 09:52:31 [INFO]: [0mGET /js/admin/brands.js [36m304[0m 0.513 ms - -[0m
2026-08-08 09:52:31 [INFO]: [0mGET /js/admin/products.js [36m304[0m 0.752 ms - -[0m
2026-08-08 09:52:31 [INFO]: [0mGET /js/header.js [36m304[0m 0.245 ms - -[0m
2026-08-08 09:52:31 [INFO]: [0mGET /css/variables.css [36m304[0m 0.179 ms - -[0m
2026-08-08 09:52:31 [INFO]: [0mGET /css/utilities.css [36m304[0m 0.399 ms - -[0m
2026-08-08 09:52:31 [INFO]: [0mGET /css/animations.css [36m304[0m 0.481 ms - -[0m
2026-08-08 09:52:31 [INFO]: [0mGET /css/announcement.css [36m304[0m 0.371 ms - -[0m
2026-08-08 09:52:31 [INFO]: [0mGET /css/hero.css [36m304[0m 0.609 ms - -[0m
2026-08-08 09:52:31 [INFO]: [0mGET /css/featured.css [36m304[0m 0.876 ms - -[0m
2026-08-08 09:52:31 [INFO]: [0mGET /css/why-choose.css [36m304[0m 2.433 ms - -[0m
2026-08-08 09:52:31 [INFO]: [0mGET /css/footer.css [36m304[0m 1.515 ms - -[0m
2026-08-08 09:52:31 [INFO]: [0mGET /css/auth.css [36m304[0m 1.117 ms - -[0m
2026-08-08 09:52:31 [INFO]: [0mGET /css/verify.css [36m304[0m 1.261 ms - -[0m
2026-08-08 09:52:31 [INFO]: [0mGET /js/notification.js [36m304[0m 0.453 ms - -[0m
2026-08-08 09:52:31 [INFO]: [0mGET /.well-known/appspecific/com.chrome.devtools.json [33m404[0m 87.040 ms - 112[0m
2026-08-08 09:53:01 [INFO]: [0mGET /admin/products [36m304[0m 175.805 ms - -[0m
2026-08-08 09:53:01 [INFO]: [0mGET /css/style.css [36m304[0m 0.248 ms - -[0m
2026-08-08 09:53:01 [INFO]: [0mGET /css/admin/layout.css [36m304[0m 0.389 ms - -[0m
2026-08-08 09:53:01 [INFO]: [0mGET /css/admin/users.css [36m304[0m 0.268 ms - -[0m
2026-08-08 09:53:01 [INFO]: [0mGET /css/admin/categories.css [36m304[0m 0.820 ms - -[0m
2026-08-08 09:53:01 [INFO]: [0mGET /css/admin/brands.css [36m304[0m 0.667 ms - -[0m
2026-08-08 09:53:01 [INFO]: [0mGET /css/header.css [36m304[0m 0.627 ms - -[0m
2026-08-08 09:53:01 [INFO]: [0mGET /css/admin/products.css [32m200[0m 2.039 ms - -[0m
2026-08-08 09:53:01 [INFO]: [0mGET /images/logo/plantora.png [36m304[0m 0.865 ms - -[0m
2026-08-08 09:53:01 [INFO]: [0mGET /js/admin/layout.js [36m304[0m 0.643 ms - -[0m
2026-08-08 09:53:01 [INFO]: [0mGET /js/admin/users.js [36m304[0m 0.938 ms - -[0m
2026-08-08 09:53:01 [INFO]: [0mGET /js/admin/categories.js [36m304[0m 1.155 ms - -[0m
2026-08-08 09:53:01 [INFO]: [0mGET /js/admin/brands.js [36m304[0m 1.437 ms - -[0m
2026-08-08 09:53:01 [INFO]: [0mGET /js/admin/products.js [36m304[0m 0.124 ms - -[0m
2026-08-08 09:53:01 [INFO]: [0mGET /js/header.js [36m304[0m 0.302 ms - -[0m
2026-08-08 09:53:01 [INFO]: [0mGET /css/variables.css [36m304[0m 0.467 ms - -[0m
2026-08-08 09:53:01 [INFO]: [0mGET /css/utilities.css [36m304[0m 0.186 ms - -[0m
2026-08-08 09:53:01 [INFO]: [0mGET /css/animations.css [36m304[0m 0.444 ms - -[0m
2026-08-08 09:53:01 [INFO]: [0mGET /css/announcement.css [36m304[0m 0.616 ms - -[0m
2026-08-08 09:53:01 [INFO]: [0mGET /css/hero.css [36m304[0m 0.574 ms - -[0m
2026-08-08 09:53:01 [INFO]: [0mGET /css/featured.css [36m304[0m 0.817 ms - -[0m
2026-08-08 09:53:01 [INFO]: [0mGET /css/why-choose.css [36m304[0m 0.458 ms - -[0m
2026-08-08 09:53:01 [INFO]: [0mGET /css/footer.css [36m304[0m 0.575 ms - -[0m
2026-08-08 09:53:01 [INFO]: [0mGET /css/auth.css [36m304[0m 0.158 ms - -[0m
2026-08-08 09:53:01 [INFO]: [0mGET /css/verify.css [36m304[0m 0.343 ms - -[0m
2026-08-08 09:53:01 [INFO]: [0mGET /js/notification.js [36m304[0m 0.523 ms - -[0m
2026-08-08 09:53:01 [INFO]: [0mGET /.well-known/appspecific/com.chrome.devtools.json [33m404[0m 85.574 ms - 112[0m
2026-08-08 09:53:50 [INFO]: [0mGET /admin/products [32m200[0m 176.862 ms - -[0m
2026-08-08 09:53:50 [INFO]: [0mGET /css/style.css [36m304[0m 0.271 ms - -[0m
2026-08-08 09:53:50 [INFO]: [0mGET /css/admin/layout.css [36m304[0m 0.810 ms - -[0m
2026-08-08 09:53:50 [INFO]: [0mGET /css/admin/categories.css [36m304[0m 0.577 ms - -[0m
2026-08-08 09:53:50 [INFO]: [0mGET /css/admin/users.css [36m304[0m 0.616 ms - -[0m
2026-08-08 09:53:50 [INFO]: [0mGET /css/admin/brands.css [36m304[0m 0.682 ms - -[0m
2026-08-08 09:53:50 [INFO]: [0mGET /css/header.css [36m304[0m 0.197 ms - -[0m
2026-08-08 09:53:50 [INFO]: [0mGET /css/admin/products.css [32m200[0m 1.071 ms - -[0m
2026-08-08 09:53:50 [INFO]: [0mGET /images/logo/plantora.png [36m304[0m 0.851 ms - -[0m
2026-08-08 09:53:50 [INFO]: [0mGET /js/admin/layout.js [36m304[0m 0.271 ms - -[0m
2026-08-08 09:53:50 [INFO]: [0mGET /js/admin/users.js [36m304[0m 0.435 ms - -[0m
2026-08-08 09:53:50 [INFO]: [0mGET /js/admin/categories.js [36m304[0m 0.223 ms - -[0m
2026-08-08 09:53:50 [INFO]: [0mGET /js/admin/brands.js [36m304[0m 0.329 ms - -[0m
2026-08-08 09:53:50 [INFO]: [0mGET /js/admin/products.js [36m304[0m 0.493 ms - -[0m
2026-08-08 09:53:50 [INFO]: [0mGET /js/header.js [36m304[0m 0.221 ms - -[0m
2026-08-08 09:53:50 [INFO]: [0mGET /js/notification.js [36m304[0m 0.143 ms - -[0m
2026-08-08 09:53:50 [INFO]: [0mGET /css/variables.css [36m304[0m 0.288 ms - -[0m
2026-08-08 09:53:50 [INFO]: [0mGET /css/utilities.css [36m304[0m 0.276 ms - -[0m
2026-08-08 09:53:50 [INFO]: [0mGET /css/animations.css [36m304[0m 0.421 ms - -[0m
2026-08-08 09:53:50 [INFO]: [0mGET /css/announcement.css [36m304[0m 0.233 ms - -[0m
2026-08-08 09:53:50 [INFO]: [0mGET /css/hero.css [36m304[0m 0.494 ms - -[0m
2026-08-08 09:53:50 [INFO]: [0mGET /css/featured.css [36m304[0m 0.532 ms - -[0m
2026-08-08 09:53:50 [INFO]: [0mGET /css/why-choose.css [36m304[0m 0.364 ms - -[0m
2026-08-08 09:53:50 [INFO]: [0mGET /css/footer.css [36m304[0m 0.418 ms - -[0m
2026-08-08 09:53:50 [INFO]: [0mGET /css/auth.css [36m304[0m 0.170 ms - -[0m
2026-08-08 09:53:50 [INFO]: [0mGET /css/verify.css [36m304[0m 0.474 ms - -[0m
2026-08-08 09:53:50 [INFO]: [0mGET /css/header.css [36m304[0m 0.481 ms - -[0m
2026-08-08 09:53:50 [INFO]: [0mGET /.well-known/appspecific/com.chrome.devtools.json [33m404[0m 87.270 ms - 112[0m
2026-08-08 09:55:08 [INFO]: [0mGET /admin/products [36m304[0m 174.256 ms - -[0m
2026-08-08 09:55:08 [INFO]: [0mGET /css/style.css [36m304[0m 0.381 ms - -[0m
2026-08-08 09:55:08 [INFO]: [0mGET /css/admin/layout.css [36m304[0m 0.570 ms - -[0m
2026-08-08 09:55:08 [INFO]: [0mGET /css/admin/users.css [36m304[0m 0.109 ms - -[0m
2026-08-08 09:55:08 [INFO]: [0mGET /css/admin/categories.css [36m304[0m 0.407 ms - -[0m
2026-08-08 09:55:08 [INFO]: [0mGET /css/admin/brands.css [36m304[0m 0.431 ms - -[0m
2026-08-08 09:55:08 [INFO]: [0mGET /css/header.css [36m304[0m 0.146 ms - -[0m
2026-08-08 09:55:08 [INFO]: [0mGET /css/admin/products.css [32m200[0m 1.173 ms - -[0m
2026-08-08 09:55:08 [INFO]: [0mGET /images/logo/plantora.png [36m304[0m 0.245 ms - -[0m
2026-08-08 09:55:08 [INFO]: [0mGET /js/admin/layout.js [36m304[0m 0.624 ms - -[0m
2026-08-08 09:55:08 [INFO]: [0mGET /js/admin/categories.js [36m304[0m 0.793 ms - -[0m
2026-08-08 09:55:08 [INFO]: [0mGET /js/admin/users.js [36m304[0m 1.244 ms - -[0m
2026-08-08 09:55:08 [INFO]: [0mGET /js/admin/brands.js [36m304[0m 1.379 ms - -[0m
2026-08-08 09:55:08 [INFO]: [0mGET /js/admin/products.js [36m304[0m 1.867 ms - -[0m
2026-08-08 09:55:08 [INFO]: [0mGET /css/variables.css [36m304[0m 0.177 ms - -[0m
2026-08-08 09:55:08 [INFO]: [0mGET /css/utilities.css [36m304[0m 0.176 ms - -[0m
2026-08-08 09:55:08 [INFO]: [0mGET /css/animations.css [36m304[0m 0.238 ms - -[0m
2026-08-08 09:55:08 [INFO]: [0mGET /css/announcement.css [36m304[0m 0.670 ms - -[0m
2026-08-08 09:55:08 [INFO]: [0mGET /css/hero.css [36m304[0m 0.577 ms - -[0m
2026-08-08 09:55:08 [INFO]: [0mGET /css/featured.css [36m304[0m 1.076 ms - -[0m
2026-08-08 09:55:08 [INFO]: [0mGET /css/why-choose.css [36m304[0m 0.542 ms - -[0m
2026-08-08 09:55:08 [INFO]: [0mGET /css/footer.css [36m304[0m 0.886 ms - -[0m
2026-08-08 09:55:08 [INFO]: [0mGET /css/verify.css [36m304[0m 0.397 ms - -[0m
2026-08-08 09:55:08 [INFO]: [0mGET /css/auth.css [36m304[0m 0.789 ms - -[0m
2026-08-08 09:55:08 [INFO]: [0mGET /js/header.js [36m304[0m 0.200 ms - -[0m
2026-08-08 09:55:08 [INFO]: [0mGET /js/notification.js [36m304[0m 0.198 ms - -[0m
2026-08-08 09:55:08 [INFO]: [0mGET /.well-known/appspecific/com.chrome.devtools.json [33m404[0m 84.558 ms - 112[0m
2026-08-08 09:55:12 [INFO]: [0mGET /admin/products [36m304[0m 173.472 ms - -[0m
2026-08-08 09:55:13 [INFO]: [0mGET /admin/products [0m-[0m - ms - -[0m
2026-08-08 09:55:13 [INFO]: [0mGET /admin/products [32m200[0m 162.654 ms - -[0m
2026-08-08 09:55:13 [INFO]: [0mGET /admin/products [32m200[0m 173.597 ms - -[0m
2026-08-08 09:55:13 [INFO]: [0mGET /css/admin/layout.css [36m304[0m 0.250 ms - -[0m
2026-08-08 09:55:13 [INFO]: [0mGET /css/style.css [36m304[0m 0.790 ms - -[0m
2026-08-08 09:55:13 [INFO]: [0mGET /css/admin/users.css [36m304[0m 0.193 ms - -[0m
2026-08-08 09:55:13 [INFO]: [0mGET /css/admin/categories.css [36m304[0m 0.274 ms - -[0m
2026-08-08 09:55:13 [INFO]: [0mGET /css/admin/brands.css [36m304[0m 0.370 ms - -[0m
2026-08-08 09:55:13 [INFO]: [0mGET /css/admin/products.css [36m304[0m 0.130 ms - -[0m
2026-08-08 09:55:13 [INFO]: [0mGET /css/header.css [36m304[0m 0.222 ms - -[0m
2026-08-08 09:55:13 [INFO]: [0mGET /images/logo/plantora.png [36m304[0m 0.147 ms - -[0m
2026-08-08 09:55:13 [INFO]: [0mGET /js/admin/layout.js [36m304[0m 1.086 ms - -[0m
2026-08-08 09:55:13 [INFO]: [0mGET /js/admin/users.js [36m304[0m 0.883 ms - -[0m
2026-08-08 09:55:13 [INFO]: [0mGET /js/admin/categories.js [36m304[0m 1.158 ms - -[0m
2026-08-08 09:55:13 [INFO]: [0mGET /js/admin/brands.js [36m304[0m 2.361 ms - -[0m
2026-08-08 09:55:13 [INFO]: [0mGET /js/admin/products.js [36m304[0m 1.446 ms - -[0m
2026-08-08 09:55:13 [INFO]: [0mGET /css/variables.css [36m304[0m 0.339 ms - -[0m
2026-08-08 09:55:13 [INFO]: [0mGET /css/utilities.css [36m304[0m 0.328 ms - -[0m
2026-08-08 09:55:13 [INFO]: [0mGET /css/animations.css [36m304[0m 0.853 ms - -[0m
2026-08-08 09:55:13 [INFO]: [0mGET /css/announcement.css [36m304[0m 0.590 ms - -[0m
2026-08-08 09:55:13 [INFO]: [0mGET /css/hero.css [36m304[0m 1.232 ms - -[0m
2026-08-08 09:55:13 [INFO]: [0mGET /css/featured.css [36m304[0m 0.848 ms - -[0m
2026-08-08 09:55:13 [INFO]: [0mGET /css/why-choose.css [36m304[0m 0.796 ms - -[0m
2026-08-08 09:55:13 [INFO]: [0mGET /css/footer.css [36m304[0m 0.231 ms - -[0m
2026-08-08 09:55:13 [INFO]: [0mGET /css/auth.css [36m304[0m 0.395 ms - -[0m
2026-08-08 09:55:13 [INFO]: [0mGET /css/verify.css [36m304[0m 0.579 ms - -[0m
2026-08-08 09:55:13 [INFO]: [0mGET /js/header.js [36m304[0m 0.203 ms - -[0m
2026-08-08 09:55:13 [INFO]: [0mGET /js/notification.js [36m304[0m 0.158 ms - -[0m
2026-08-08 09:55:13 [INFO]: [0mGET /.well-known/appspecific/com.chrome.devtools.json [33m404[0m 86.230 ms - 112[0m
2026-08-08 09:55:16 [INFO]: [0mGET /admin/products [36m304[0m 175.522 ms - -[0m
2026-08-08 09:55:16 [INFO]: [0mGET /css/style.css [36m304[0m 0.597 ms - -[0m
2026-08-08 09:55:16 [INFO]: [0mGET /css/admin/layout.css [36m304[0m 0.792 ms - -[0m
2026-08-08 09:55:16 [INFO]: [0mGET /css/admin/users.css [36m304[0m 0.982 ms - -[0m
2026-08-08 09:55:16 [INFO]: [0mGET /css/admin/categories.css [36m304[0m 0.295 ms - -[0m
2026-08-08 09:55:16 [INFO]: [0mGET /css/admin/brands.css [36m304[0m 0.377 ms - -[0m
2026-08-08 09:55:16 [INFO]: [0mGET /css/admin/products.css [36m304[0m 0.488 ms - -[0m
2026-08-08 09:55:16 [INFO]: [0mGET /css/header.css [36m304[0m 0.633 ms - -[0m
2026-08-08 09:55:16 [INFO]: [0mGET /images/logo/plantora.png [36m304[0m 0.248 ms - -[0m
2026-08-08 09:55:16 [INFO]: [0mGET /js/admin/layout.js [36m304[0m 0.614 ms - -[0m
2026-08-08 09:55:16 [INFO]: [0mGET /js/admin/users.js [36m304[0m 0.881 ms - -[0m
2026-08-08 09:55:16 [INFO]: [0mGET /js/admin/categories.js [36m304[0m 1.071 ms - -[0m
2026-08-08 09:55:16 [INFO]: [0mGET /js/admin/brands.js [36m304[0m 1.245 ms - -[0m
2026-08-08 09:55:16 [INFO]: [0mGET /js/admin/products.js [36m304[0m 1.442 ms - -[0m
2026-08-08 09:55:16 [INFO]: [0mGET /js/header.js [36m304[0m 0.210 ms - -[0m
2026-08-08 09:55:16 [INFO]: [0mGET /js/notification.js [36m304[0m 0.156 ms - -[0m
2026-08-08 09:55:16 [INFO]: [0mGET /css/variables.css [36m304[0m 0.266 ms - -[0m
2026-08-08 09:55:16 [INFO]: [0mGET /css/utilities.css [36m304[0m 0.806 ms - -[0m
2026-08-08 09:55:16 [INFO]: [0mGET /css/animations.css [36m304[0m 0.741 ms - -[0m
2026-08-08 09:55:16 [INFO]: [0mGET /css/announcement.css [36m304[0m 0.756 ms - -[0m
2026-08-08 09:55:16 [INFO]: [0mGET /css/hero.css [36m304[0m 1.018 ms - -[0m
2026-08-08 09:55:16 [INFO]: [0mGET /css/featured.css [36m304[0m 0.841 ms - -[0m
2026-08-08 09:55:16 [INFO]: [0mGET /css/why-choose.css [36m304[0m 0.726 ms - -[0m
2026-08-08 09:55:16 [INFO]: [0mGET /css/footer.css [36m304[0m 0.341 ms - -[0m
2026-08-08 09:55:16 [INFO]: [0mGET /css/auth.css [36m304[0m 0.432 ms - -[0m
2026-08-08 09:55:16 [INFO]: [0mGET /css/verify.css [36m304[0m 0.520 ms - -[0m
2026-08-08 09:55:16 [INFO]: [0mGET /.well-known/appspecific/com.chrome.devtools.json [33m404[0m 84.260 ms - 112[0m
2026-08-08 09:56:24 [INFO]: [0mGET /admin/products [36m304[0m 177.334 ms - -[0m
2026-08-08 09:56:24 [INFO]: [0mGET /css/style.css [36m304[0m 0.272 ms - -[0m
2026-08-08 09:56:24 [INFO]: [0mGET /css/admin/layout.css [36m304[0m 0.653 ms - -[0m
2026-08-08 09:56:24 [INFO]: [0mGET /css/admin/categories.css [36m304[0m 0.267 ms - -[0m
2026-08-08 09:56:24 [INFO]: [0mGET /css/admin/brands.css [36m304[0m 0.536 ms - -[0m
2026-08-08 09:56:24 [INFO]: [0mGET /css/admin/products.css [36m304[0m 0.668 ms - -[0m
2026-08-08 09:56:24 [INFO]: [0mGET /css/admin/users.css [36m304[0m 0.885 ms - -[0m
2026-08-08 09:56:24 [INFO]: [0mGET /css/header.css [36m304[0m 1.067 ms - -[0m
2026-08-08 09:56:24 [INFO]: [0mGET /images/logo/plantora.png [36m304[0m 0.267 ms - -[0m
2026-08-08 09:56:24 [INFO]: [0mGET /js/admin/layout.js [36m304[0m 0.309 ms - -[0m
2026-08-08 09:56:24 [INFO]: [0mGET /js/admin/users.js [36m304[0m 0.245 ms - -[0m
2026-08-08 09:56:24 [INFO]: [0mGET /js/admin/categories.js [36m304[0m 0.413 ms - -[0m
2026-08-08 09:56:24 [INFO]: [0mGET /js/admin/brands.js [36m304[0m 0.683 ms - -[0m
2026-08-08 09:56:24 [INFO]: [0mGET /js/admin/products.js [36m304[0m 0.289 ms - -[0m
2026-08-08 09:56:24 [INFO]: [0mGET /js/header.js [36m304[0m 0.136 ms - -[0m
2026-08-08 09:56:24 [INFO]: [0mGET /css/variables.css [36m304[0m 0.153 ms - -[0m
2026-08-08 09:56:24 [INFO]: [0mGET /css/utilities.css [36m304[0m 0.370 ms - -[0m
2026-08-08 09:56:24 [INFO]: [0mGET /css/animations.css [36m304[0m 0.497 ms - -[0m
2026-08-08 09:56:24 [INFO]: [0mGET /css/announcement.css [36m304[0m 0.650 ms - -[0m
2026-08-08 09:56:24 [INFO]: [0mGET /css/hero.css [36m304[0m 0.178 ms - -[0m
2026-08-08 09:56:24 [INFO]: [0mGET /css/featured.css [36m304[0m 0.195 ms - -[0m
2026-08-08 09:56:24 [INFO]: [0mGET /css/why-choose.css [36m304[0m 0.305 ms - -[0m
2026-08-08 09:56:24 [INFO]: [0mGET /css/footer.css [36m304[0m 0.490 ms - -[0m
2026-08-08 09:56:24 [INFO]: [0mGET /css/auth.css [36m304[0m 0.446 ms - -[0m
2026-08-08 09:56:24 [INFO]: [0mGET /css/verify.css [36m304[0m 0.683 ms - -[0m
2026-08-08 09:56:24 [INFO]: [0mGET /js/notification.js [36m304[0m 0.155 ms - -[0m
2026-08-08 09:56:25 [INFO]: [0mGET /admin/products/trash [36m304[0m 175.024 ms - -[0m
2026-08-08 09:56:25 [INFO]: [0mGET /css/style.css [36m304[0m 0.356 ms - -[0m
2026-08-08 09:56:25 [INFO]: [0mGET /css/admin/layout.css [36m304[0m 0.523 ms - -[0m
2026-08-08 09:56:25 [INFO]: [0mGET /css/admin/users.css [36m304[0m 0.684 ms - -[0m
2026-08-08 09:56:25 [INFO]: [0mGET /css/admin/categories.css [36m304[0m 0.816 ms - -[0m
2026-08-08 09:56:25 [INFO]: [0mGET /css/admin/brands.css [36m304[0m 0.941 ms - -[0m
2026-08-08 09:56:25 [INFO]: [0mGET /css/admin/products.css [36m304[0m 1.079 ms - -[0m
2026-08-08 09:56:25 [INFO]: [0mGET /css/header.css [36m304[0m 0.093 ms - -[0m
2026-08-08 09:56:25 [INFO]: [0mGET /images/logo/plantora.png [36m304[0m 0.455 ms - -[0m
2026-08-08 09:56:25 [INFO]: [0mGET /js/admin/layout.js [36m304[0m 0.449 ms - -[0m
2026-08-08 09:56:25 [INFO]: [0mGET /js/admin/users.js [36m304[0m 0.603 ms - -[0m
2026-08-08 09:56:25 [INFO]: [0mGET /js/admin/categories.js [36m304[0m 0.711 ms - -[0m
2026-08-08 09:56:25 [INFO]: [0mGET /js/admin/brands.js [36m304[0m 0.813 ms - -[0m
2026-08-08 09:56:25 [INFO]: [0mGET /css/variables.css [36m304[0m 0.352 ms - -[0m
2026-08-08 09:56:25 [INFO]: [0mGET /css/utilities.css [36m304[0m 0.369 ms - -[0m
2026-08-08 09:56:25 [INFO]: [0mGET /css/animations.css [36m304[0m 0.509 ms - -[0m
2026-08-08 09:56:25 [INFO]: [0mGET /css/announcement.css [36m304[0m 0.651 ms - -[0m
2026-08-08 09:56:25 [INFO]: [0mGET /css/hero.css [36m304[0m 0.129 ms - -[0m
2026-08-08 09:56:25 [INFO]: [0mGET /css/featured.css [36m304[0m 0.230 ms - -[0m
2026-08-08 09:56:25 [INFO]: [0mGET /css/why-choose.css [36m304[0m 0.195 ms - -[0m
2026-08-08 09:56:25 [INFO]: [0mGET /css/footer.css [36m304[0m 0.336 ms - -[0m
2026-08-08 09:56:25 [INFO]: [0mGET /css/auth.css [36m304[0m 0.510 ms - -[0m
2026-08-08 09:56:25 [INFO]: [0mGET /css/verify.css [36m304[0m 0.683 ms - -[0m
2026-08-08 09:56:25 [INFO]: [0mGET /js/admin/products.js [36m304[0m 0.252 ms - -[0m
2026-08-08 09:56:25 [INFO]: [0mGET /js/header.js [36m304[0m 0.310 ms - -[0m
2026-08-08 09:56:25 [INFO]: [0mGET /js/notification.js [36m304[0m 0.436 ms - -[0m
2026-08-08 09:56:29 [INFO]: [0mGET /admin/brands [36m304[0m 223.978 ms - -[0m
2026-08-08 09:56:29 [INFO]: [0mGET /css/style.css [36m304[0m 0.634 ms - -[0m
2026-08-08 09:56:29 [INFO]: [0mGET /css/admin/layout.css [36m304[0m 0.709 ms - -[0m
2026-08-08 09:56:29 [INFO]: [0mGET /css/admin/users.css [36m304[0m 1.085 ms - -[0m
2026-08-08 09:56:29 [INFO]: [0mGET /css/admin/categories.css [36m304[0m 0.754 ms - -[0m
2026-08-08 09:56:29 [INFO]: [0mGET /css/admin/brands.css [36m304[0m 0.957 ms - -[0m
2026-08-08 09:56:29 [INFO]: [0mGET /css/admin/products.css [36m304[0m 1.581 ms - -[0m
2026-08-08 09:56:29 [INFO]: [0mGET /css/header.css [36m304[0m 0.298 ms - -[0m
2026-08-08 09:56:29 [INFO]: [0mGET /images/logo/plantora.png [36m304[0m 0.245 ms - -[0m
2026-08-08 09:56:29 [INFO]: [0mGET /js/admin/layout.js [36m304[0m 0.283 ms - -[0m
2026-08-08 09:56:29 [INFO]: [0mGET /css/variables.css [36m304[0m 0.335 ms - -[0m
2026-08-08 09:56:29 [INFO]: [0mGET /css/utilities.css [36m304[0m 0.895 ms - -[0m
2026-08-08 09:56:29 [INFO]: [0mGET /js/admin/users.js [36m304[0m 1.203 ms - -[0m
2026-08-08 09:56:29 [INFO]: [0mGET /js/admin/categories.js [36m304[0m 0.837 ms - -[0m
2026-08-08 09:56:29 [INFO]: [0mGET /js/admin/brands.js [36m304[0m 0.881 ms - -[0m
2026-08-08 09:56:29 [INFO]: [0mGET /js/admin/products.js [36m304[0m 1.026 ms - -[0m
2026-08-08 09:56:29 [INFO]: [0mGET /css/animations.css [36m304[0m 0.132 ms - -[0m
2026-08-08 09:56:29 [INFO]: [0mGET /css/announcement.css [36m304[0m 0.349 ms - -[0m
2026-08-08 09:56:29 [INFO]: [0mGET /css/hero.css [36m304[0m 0.247 ms - -[0m
2026-08-08 09:56:29 [INFO]: [0mGET /css/featured.css [36m304[0m 1.086 ms - -[0m
2026-08-08 09:56:29 [INFO]: [0mGET /css/why-choose.css [36m304[0m 0.679 ms - -[0m
2026-08-08 09:56:29 [INFO]: [0mGET /css/footer.css [36m304[0m 0.851 ms - -[0m
2026-08-08 09:56:29 [INFO]: [0mGET /css/auth.css [36m304[0m 0.248 ms - -[0m
2026-08-08 09:56:29 [INFO]: [0mGET /css/verify.css [36m304[0m 0.405 ms - -[0m
2026-08-08 09:56:29 [INFO]: [0mGET /js/header.js [36m304[0m 0.161 ms - -[0m
2026-08-08 09:56:29 [INFO]: [0mGET /js/notification.js [36m304[0m 0.254 ms - -[0m
2026-08-08 09:56:30 [INFO]: [0mGET /admin/categories [36m304[0m 215.282 ms - -[0m
2026-08-08 09:56:30 [INFO]: [0mGET /css/style.css [36m304[0m 0.304 ms - -[0m
2026-08-08 09:56:30 [INFO]: [0mGET /css/admin/layout.css [36m304[0m 0.633 ms - -[0m
2026-08-08 09:56:30 [INFO]: [0mGET /css/admin/users.css [36m304[0m 0.845 ms - -[0m
2026-08-08 09:56:30 [INFO]: [0mGET /css/admin/categories.css [36m304[0m 0.203 ms - -[0m
2026-08-08 09:56:30 [INFO]: [0mGET /css/admin/brands.css [36m304[0m 0.535 ms - -[0m
2026-08-08 09:56:30 [INFO]: [0mGET /css/admin/products.css [36m304[0m 0.755 ms - -[0m
2026-08-08 09:56:30 [INFO]: [0mGET /css/header.css [36m304[0m 0.968 ms - -[0m
2026-08-08 09:56:30 [INFO]: [0mGET /images/logo/plantora.png [36m304[0m 0.301 ms - -[0m
2026-08-08 09:56:30 [INFO]: [0mGET /js/admin/layout.js [36m304[0m 0.220 ms - -[0m
2026-08-08 09:56:30 [INFO]: [0mGET /js/admin/users.js [36m304[0m 0.690 ms - -[0m
2026-08-08 09:56:30 [INFO]: [0mGET /js/admin/categories.js [36m304[0m 0.482 ms - -[0m
2026-08-08 09:56:30 [INFO]: [0mGET /js/admin/products.js [36m304[0m 0.128 ms - -[0m
2026-08-08 09:56:30 [INFO]: [0mGET /js/admin/brands.js [36m304[0m 0.478 ms - -[0m
2026-08-08 09:56:30 [INFO]: [0mGET /js/header.js [36m304[0m 0.842 ms - -[0m
2026-08-08 09:56:30 [INFO]: [0mGET /js/notification.js [36m304[0m 0.886 ms - -[0m
2026-08-08 09:56:30 [INFO]: [0mGET /css/variables.css [36m304[0m 0.591 ms - -[0m
2026-08-08 09:56:30 [INFO]: [0mGET /css/utilities.css [36m304[0m 1.044 ms - -[0m
2026-08-08 09:56:30 [INFO]: [0mGET /css/animations.css [36m304[0m 0.861 ms - -[0m
2026-08-08 09:56:30 [INFO]: [0mGET /css/announcement.css [36m304[0m 0.724 ms - -[0m
2026-08-08 09:56:30 [INFO]: [0mGET /css/hero.css [36m304[0m 0.905 ms - -[0m
2026-08-08 09:56:30 [INFO]: [0mGET /css/featured.css [36m304[0m 0.418 ms - -[0m
2026-08-08 09:56:30 [INFO]: [0mGET /css/why-choose.css [36m304[0m 0.654 ms - -[0m
2026-08-08 09:56:30 [INFO]: [0mGET /css/footer.css [36m304[0m 0.892 ms - -[0m
2026-08-08 09:56:30 [INFO]: [0mGET /css/auth.css [36m304[0m 0.276 ms - -[0m
2026-08-08 09:56:30 [INFO]: [0mGET /css/verify.css [36m304[0m 0.222 ms - -[0m
2026-08-08 09:56:32 [INFO]: [0mGET /admin/users/trash [36m304[0m 216.667 ms - -[0m
2026-08-08 09:56:32 [INFO]: [0mGET /css/style.css [36m304[0m 0.729 ms - -[0m
2026-08-08 09:56:32 [INFO]: [0mGET /css/admin/layout.css [36m304[0m 1.145 ms - -[0m
2026-08-08 09:56:32 [INFO]: [0mGET /css/admin/users.css [36m304[0m 0.342 ms - -[0m
2026-08-08 09:56:32 [INFO]: [0mGET /css/admin/categories.css [36m304[0m 0.680 ms - -[0m
2026-08-08 09:56:32 [INFO]: [0mGET /css/admin/brands.css [36m304[0m 0.895 ms - -[0m
2026-08-08 09:56:32 [INFO]: [0mGET /css/admin/products.css [36m304[0m 1.603 ms - -[0m
2026-08-08 09:56:32 [INFO]: [0mGET /css/header.css [36m304[0m 0.704 ms - -[0m
2026-08-08 09:56:32 [INFO]: [0mGET /images/logo/plantora.png [36m304[0m 0.328 ms - -[0m
2026-08-08 09:56:32 [INFO]: [0mGET /js/admin/layout.js [36m304[0m 0.473 ms - -[0m
2026-08-08 09:56:32 [INFO]: [0mGET /js/admin/users.js [36m304[0m 0.120 ms - -[0m
2026-08-08 09:56:32 [INFO]: [0mGET /css/variables.css [36m304[0m 0.176 ms - -[0m
2026-08-08 09:56:32 [INFO]: [0mGET /js/admin/categories.js [36m304[0m 0.284 ms - -[0m
2026-08-08 09:56:32 [INFO]: [0mGET /js/admin/brands.js [36m304[0m 0.405 ms - -[0m
2026-08-08 09:56:32 [INFO]: [0mGET /css/utilities.css [36m304[0m 0.162 ms - -[0m
2026-08-08 09:56:32 [INFO]: [0mGET /css/animations.css [36m304[0m 0.291 ms - -[0m
2026-08-08 09:56:32 [INFO]: [0mGET /css/announcement.css [36m304[0m 0.141 ms - -[0m
2026-08-08 09:56:32 [INFO]: [0mGET /css/hero.css [36m304[0m 0.136 ms - -[0m
2026-08-08 09:56:32 [INFO]: [0mGET /css/featured.css [36m304[0m 0.234 ms - -[0m
2026-08-08 09:56:32 [INFO]: [0mGET /css/why-choose.css [36m304[0m 0.125 ms - -[0m
2026-08-08 09:56:32 [INFO]: [0mGET /css/footer.css [36m304[0m 0.260 ms - -[0m
2026-08-08 09:56:32 [INFO]: [0mGET /css/auth.css [36m304[0m 0.359 ms - -[0m
2026-08-08 09:56:32 [INFO]: [0mGET /css/verify.css [36m304[0m 0.495 ms - -[0m
2026-08-08 09:56:32 [INFO]: [0mGET /js/admin/products.js [36m304[0m 0.363 ms - -[0m
2026-08-08 09:56:32 [INFO]: [0mGET /js/header.js [36m304[0m 0.222 ms - -[0m
2026-08-08 09:56:32 [INFO]: [0mGET /js/notification.js [36m304[0m 0.357 ms - -[0m
2026-08-08 09:56:33 [INFO]: [0mGET /admin/users [36m304[0m 177.382 ms - -[0m
2026-08-08 09:56:33 [INFO]: [0mGET /css/style.css [36m304[0m 0.529 ms - -[0m
2026-08-08 09:56:33 [INFO]: [0mGET /css/admin/layout.css [36m304[0m 0.671 ms - -[0m
2026-08-08 09:56:33 [INFO]: [0mGET /css/admin/users.css [36m304[0m 0.776 ms - -[0m
2026-08-08 09:56:33 [INFO]: [0mGET /css/admin/categories.css [36m304[0m 0.884 ms - -[0m
2026-08-08 09:56:33 [INFO]: [0mGET /css/admin/brands.css [36m304[0m 0.384 ms - -[0m
2026-08-08 09:56:33 [INFO]: [0mGET /css/admin/products.css [36m304[0m 0.350 ms - -[0m
2026-08-08 09:56:33 [INFO]: [0mGET /css/header.css [36m304[0m 0.104 ms - -[0m
2026-08-08 09:56:33 [INFO]: [0mGET /images/logo/plantora.png [36m304[0m 0.121 ms - -[0m
2026-08-08 09:56:33 [INFO]: [0mGET /js/admin/layout.js [36m304[0m 0.250 ms - -[0m
2026-08-08 09:56:33 [INFO]: [0mGET /js/admin/users.js [36m304[0m 0.372 ms - -[0m
2026-08-08 09:56:33 [INFO]: [0mGET /js/admin/categories.js [36m304[0m 0.481 ms - -[0m
2026-08-08 09:56:33 [INFO]: [0mGET /js/admin/brands.js [36m304[0m 0.576 ms - -[0m
2026-08-08 09:56:33 [INFO]: [0mGET /js/admin/products.js [36m304[0m 0.894 ms - -[0m
2026-08-08 09:56:33 [INFO]: [0mGET /css/variables.css [36m304[0m 0.131 ms - -[0m
2026-08-08 09:56:33 [INFO]: [0mGET /css/utilities.css [36m304[0m 0.380 ms - -[0m
2026-08-08 09:56:33 [INFO]: [0mGET /css/animations.css [36m304[0m 0.092 ms - -[0m
2026-08-08 09:56:33 [INFO]: [0mGET /css/announcement.css [36m304[0m 0.182 ms - -[0m
2026-08-08 09:56:33 [INFO]: [0mGET /css/hero.css [36m304[0m 0.627 ms - -[0m
2026-08-08 09:56:33 [INFO]: [0mGET /css/featured.css [36m304[0m 0.443 ms - -[0m
2026-08-08 09:56:33 [INFO]: [0mGET /css/why-choose.css [36m304[0m 0.247 ms - -[0m
2026-08-08 09:56:33 [INFO]: [0mGET /css/footer.css [36m304[0m 0.337 ms - -[0m
2026-08-08 09:56:33 [INFO]: [0mGET /css/auth.css [36m304[0m 0.880 ms - -[0m
2026-08-08 09:56:33 [INFO]: [0mGET /css/verify.css [36m304[0m 0.500 ms - -[0m
2026-08-08 09:56:33 [INFO]: [0mGET /js/header.js [36m304[0m 0.269 ms - -[0m
2026-08-08 09:56:33 [INFO]: [0mGET /js/notification.js [36m304[0m 0.397 ms - -[0m
2026-08-08 09:56:34 [INFO]: [0mGET /admin/dashboard [36m304[0m 127.305 ms - -[0m
2026-08-08 09:56:34 [INFO]: [0mGET /css/style.css [36m304[0m 0.267 ms - -[0m
2026-08-08 09:56:34 [INFO]: [0mGET /css/admin/layout.css [36m304[0m 0.463 ms - -[0m
2026-08-08 09:56:34 [INFO]: [0mGET /css/admin/users.css [36m304[0m 0.900 ms - -[0m
2026-08-08 09:56:34 [INFO]: [0mGET /css/admin/categories.css [36m304[0m 0.416 ms - -[0m
2026-08-08 09:56:34 [INFO]: [0mGET /css/admin/brands.css [36m304[0m 0.186 ms - -[0m
2026-08-08 09:56:34 [INFO]: [0mGET /css/admin/products.css [36m304[0m 0.258 ms - -[0m
2026-08-08 09:56:34 [INFO]: [0mGET /css/header.css [36m304[0m 0.444 ms - -[0m
2026-08-08 09:56:34 [INFO]: [0mGET /images/logo/plantora.png [36m304[0m 0.214 ms - -[0m
2026-08-08 09:56:34 [INFO]: [0mGET /js/admin/layout.js [36m304[0m 0.129 ms - -[0m
2026-08-08 09:56:34 [INFO]: [0mGET /js/admin/users.js [36m304[0m 0.325 ms - -[0m
2026-08-08 09:56:34 [INFO]: [0mGET /js/admin/categories.js [36m304[0m 0.426 ms - -[0m
2026-08-08 09:56:34 [INFO]: [0mGET /css/variables.css [36m304[0m 0.575 ms - -[0m
2026-08-08 09:56:34 [INFO]: [0mGET /css/utilities.css [36m304[0m 0.752 ms - -[0m
2026-08-08 09:56:34 [INFO]: [0mGET /js/admin/brands.js [36m304[0m 0.953 ms - -[0m
2026-08-08 09:56:34 [INFO]: [0mGET /css/animations.css [36m304[0m 0.094 ms - -[0m
2026-08-08 09:56:34 [INFO]: [0mGET /css/announcement.css [36m304[0m 0.151 ms - -[0m
2026-08-08 09:56:34 [INFO]: [0mGET /css/hero.css [36m304[0m 0.596 ms - -[0m
2026-08-08 09:56:34 [INFO]: [0mGET /css/featured.css [36m304[0m 0.747 ms - -[0m
2026-08-08 09:56:34 [INFO]: [0mGET /css/why-choose.css [36m304[0m 0.202 ms - -[0m
2026-08-08 09:56:34 [INFO]: [0mGET /css/footer.css [36m304[0m 0.313 ms - -[0m
2026-08-08 09:56:34 [INFO]: [0mGET /css/auth.css [36m304[0m 0.568 ms - -[0m
2026-08-08 09:56:34 [INFO]: [0mGET /css/verify.css [36m304[0m 0.290 ms - -[0m
2026-08-08 09:56:34 [INFO]: [0mGET /js/admin/products.js [36m304[0m 0.213 ms - -[0m
2026-08-08 09:56:34 [INFO]: [0mGET /js/header.js [36m304[0m 0.166 ms - -[0m
2026-08-08 09:56:34 [INFO]: [0mGET /js/notification.js [36m304[0m 0.101 ms - -[0m
2026-08-08 09:56:36 [INFO]: [0mGET /admin/brands [36m304[0m 216.426 ms - -[0m
2026-08-08 09:56:36 [INFO]: [0mGET /css/style.css [36m304[0m 0.352 ms - -[0m
2026-08-08 09:56:36 [INFO]: [0mGET /css/admin/layout.css [36m304[0m 0.718 ms - -[0m
2026-08-08 09:56:36 [INFO]: [0mGET /css/admin/users.css [36m304[0m 0.219 ms - -[0m
2026-08-08 09:56:36 [INFO]: [0mGET /css/admin/brands.css [36m304[0m 0.505 ms - -[0m
2026-08-08 09:56:36 [INFO]: [0mGET /css/admin/products.css [36m304[0m 0.722 ms - -[0m
2026-08-08 09:56:36 [INFO]: [0mGET /css/admin/categories.css [36m304[0m 1.056 ms - -[0m
2026-08-08 09:56:36 [INFO]: [0mGET /css/header.css [36m304[0m 0.853 ms - -[0m
2026-08-08 09:56:36 [INFO]: [0mGET /images/logo/plantora.png [36m304[0m 0.508 ms - -[0m
2026-08-08 09:56:36 [INFO]: [0mGET /js/admin/layout.js [36m304[0m 0.282 ms - -[0m
2026-08-08 09:56:36 [INFO]: [0mGET /js/admin/users.js [36m304[0m 0.492 ms - -[0m
2026-08-08 09:56:36 [INFO]: [0mGET /js/admin/categories.js [36m304[0m 0.532 ms - -[0m
2026-08-08 09:56:36 [INFO]: [0mGET /js/admin/brands.js [36m304[0m 0.680 ms - -[0m
2026-08-08 09:56:36 [INFO]: [0mGET /css/variables.css [36m304[0m 0.197 ms - -[0m
2026-08-08 09:56:36 [INFO]: [0mGET /css/utilities.css [36m304[0m 0.327 ms - -[0m
2026-08-08 09:56:36 [INFO]: [0mGET /css/animations.css [36m304[0m 0.806 ms - -[0m
2026-08-08 09:56:36 [INFO]: [0mGET /css/announcement.css [36m304[0m 0.676 ms - -[0m
2026-08-08 09:56:36 [INFO]: [0mGET /css/hero.css [36m304[0m 0.290 ms - -[0m
2026-08-08 09:56:36 [INFO]: [0mGET /css/featured.css [36m304[0m 0.399 ms - -[0m
2026-08-08 09:56:36 [INFO]: [0mGET /css/why-choose.css [36m304[0m 0.745 ms - -[0m
2026-08-08 09:56:36 [INFO]: [0mGET /css/footer.css [36m304[0m 1.082 ms - -[0m
2026-08-08 09:56:36 [INFO]: [0mGET /css/auth.css [36m304[0m 0.348 ms - -[0m
2026-08-08 09:56:36 [INFO]: [0mGET /css/verify.css [36m304[0m 0.133 ms - -[0m
2026-08-08 09:56:36 [INFO]: [0mGET /js/admin/products.js [36m304[0m 0.270 ms - -[0m
2026-08-08 09:56:36 [INFO]: [0mGET /js/header.js [36m304[0m 0.378 ms - -[0m
2026-08-08 09:56:36 [INFO]: [0mGET /js/notification.js [36m304[0m 0.316 ms - -[0m
2026-08-08 09:59:45 [INFO]: [0mGET /admin/brands [36m304[0m 214.559 ms - -[0m
2026-08-08 09:59:45 [INFO]: [0mGET /css/style.css [36m304[0m 0.665 ms - -[0m
2026-08-08 09:59:45 [INFO]: [0mGET /css/admin/layout.css [36m304[0m 0.585 ms - -[0m
2026-08-08 09:59:45 [INFO]: [0mGET /css/admin/categories.css [36m304[0m 0.160 ms - -[0m
2026-08-08 09:59:45 [INFO]: [0mGET /css/admin/users.css [36m304[0m 0.308 ms - -[0m
2026-08-08 09:59:45 [INFO]: [0mGET /css/admin/brands.css [36m304[0m 0.324 ms - -[0m
2026-08-08 09:59:45 [INFO]: [0mGET /css/header.css [36m304[0m 0.710 ms - -[0m
2026-08-08 09:59:45 [INFO]: [0mGET /css/admin/products.css [32m200[0m 1.273 ms - -[0m
2026-08-08 09:59:45 [INFO]: [0mGET /images/logo/plantora.png [36m304[0m 0.503 ms - -[0m
2026-08-08 09:59:45 [INFO]: [0mGET /js/admin/layout.js [36m304[0m 0.424 ms - -[0m
2026-08-08 09:59:45 [INFO]: [0mGET /js/admin/users.js [36m304[0m 0.898 ms - -[0m
2026-08-08 09:59:45 [INFO]: [0mGET /js/admin/categories.js [36m304[0m 1.286 ms - -[0m
2026-08-08 09:59:45 [INFO]: [0mGET /js/admin/brands.js [36m304[0m 1.696 ms - -[0m
2026-08-08 09:59:45 [INFO]: [0mGET /js/admin/products.js [36m304[0m 1.865 ms - -[0m
2026-08-08 09:59:45 [INFO]: [0mGET /js/header.js [36m304[0m 2.113 ms - -[0m
2026-08-08 09:59:45 [INFO]: [0mGET /js/notification.js [36m304[0m 0.160 ms - -[0m
2026-08-08 09:59:45 [INFO]: [0mGET /css/variables.css [36m304[0m 0.263 ms - -[0m
2026-08-08 09:59:45 [INFO]: [0mGET /css/utilities.css [36m304[0m 0.115 ms - -[0m
2026-08-08 09:59:45 [INFO]: [0mGET /css/animations.css [36m304[0m 0.307 ms - -[0m
2026-08-08 09:59:45 [INFO]: [0mGET /css/announcement.css [36m304[0m 0.470 ms - -[0m
2026-08-08 09:59:45 [INFO]: [0mGET /css/hero.css [36m304[0m 0.531 ms - -[0m
2026-08-08 09:59:45 [INFO]: [0mGET /css/featured.css [36m304[0m 0.452 ms - -[0m
2026-08-08 09:59:45 [INFO]: [0mGET /css/why-choose.css [36m304[0m 0.612 ms - -[0m
2026-08-08 09:59:45 [INFO]: [0mGET /css/footer.css [36m304[0m 0.790 ms - -[0m
2026-08-08 09:59:45 [INFO]: [0mGET /css/auth.css [36m304[0m 0.167 ms - -[0m
2026-08-08 09:59:45 [INFO]: [0mGET /css/verify.css [36m304[0m 0.281 ms - -[0m
2026-08-08 09:59:47 [INFO]: [0mGET /admin/products [32m200[0m 176.822 ms - -[0m
2026-08-08 09:59:47 [INFO]: [0mGET /css/admin/layout.css [36m304[0m 0.194 ms - -[0m
2026-08-08 09:59:47 [INFO]: [0mGET /css/admin/users.css [36m304[0m 0.383 ms - -[0m
2026-08-08 09:59:47 [INFO]: [0mGET /css/style.css [36m304[0m 1.263 ms - -[0m
2026-08-08 09:59:47 [INFO]: [0mGET /css/admin/categories.css [36m304[0m 0.512 ms - -[0m
2026-08-08 09:59:47 [INFO]: [0mGET /css/admin/brands.css [36m304[0m 0.681 ms - -[0m
2026-08-08 09:59:47 [INFO]: [0mGET /css/admin/products.css [36m304[0m 0.445 ms - -[0m
2026-08-08 09:59:47 [INFO]: [0mGET /css/header.css [36m304[0m 0.356 ms - -[0m
2026-08-08 09:59:47 [INFO]: [0mGET /images/logo/plantora.png [36m304[0m 0.512 ms - -[0m
2026-08-08 09:59:47 [INFO]: [0mGET /js/admin/layout.js [36m304[0m 0.124 ms - -[0m
2026-08-08 09:59:47 [INFO]: [0mGET /js/admin/users.js [36m304[0m 0.163 ms - -[0m
2026-08-08 09:59:47 [INFO]: [0mGET /js/admin/categories.js [36m304[0m 0.364 ms - -[0m
2026-08-08 09:59:47 [INFO]: [0mGET /js/admin/brands.js [36m304[0m 0.652 ms - -[0m
2026-08-08 09:59:47 [INFO]: [0mGET /js/admin/products.js [36m304[0m 0.101 ms - -[0m
2026-08-08 09:59:47 [INFO]: [0mGET /js/header.js [36m304[0m 0.091 ms - -[0m
2026-08-08 09:59:47 [INFO]: [0mGET /css/variables.css [36m304[0m 0.102 ms - -[0m
2026-08-08 09:59:47 [INFO]: [0mGET /css/utilities.css [36m304[0m 0.382 ms - -[0m
2026-08-08 09:59:47 [INFO]: [0mGET /css/animations.css [36m304[0m 0.376 ms - -[0m
2026-08-08 09:59:47 [INFO]: [0mGET /css/announcement.css [36m304[0m 0.671 ms - -[0m
2026-08-08 09:59:47 [INFO]: [0mGET /css/hero.css [36m304[0m 0.529 ms - -[0m
2026-08-08 09:59:47 [INFO]: [0mGET /css/featured.css [36m304[0m 0.457 ms - -[0m
2026-08-08 09:59:47 [INFO]: [0mGET /css/why-choose.css [36m304[0m 0.566 ms - -[0m
2026-08-08 09:59:47 [INFO]: [0mGET /css/footer.css [36m304[0m 0.343 ms - -[0m
2026-08-08 09:59:47 [INFO]: [0mGET /css/auth.css [36m304[0m 0.544 ms - -[0m
2026-08-08 09:59:47 [INFO]: [0mGET /css/verify.css [36m304[0m 0.604 ms - -[0m
2026-08-08 09:59:47 [INFO]: [0mGET /js/notification.js [36m304[0m 0.128 ms - -[0m
2026-08-08 09:59:49 [INFO]: [0mGET /admin/products [36m304[0m 175.615 ms - -[0m
2026-08-08 09:59:49 [INFO]: [0mGET /css/style.css [36m304[0m 0.528 ms - -[0m
2026-08-08 09:59:49 [INFO]: [0mGET /css/admin/layout.css [36m304[0m 0.655 ms - -[0m
2026-08-08 09:59:49 [INFO]: [0mGET /css/admin/users.css [36m304[0m 1.064 ms - -[0m
2026-08-08 09:59:49 [INFO]: [0mGET /css/admin/categories.css [36m304[0m 1.791 ms - -[0m
2026-08-08 09:59:49 [INFO]: [0mGET /css/admin/brands.css [36m304[0m 2.153 ms - -[0m
2026-08-08 09:59:49 [INFO]: [0mGET /css/admin/products.css [36m304[0m 2.619 ms - -[0m
2026-08-08 09:59:49 [INFO]: [0mGET /css/header.css [36m304[0m 0.183 ms - -[0m
2026-08-08 09:59:49 [INFO]: [0mGET /images/logo/plantora.png [36m304[0m 0.305 ms - -[0m
2026-08-08 09:59:49 [INFO]: [0mGET /css/variables.css [36m304[0m 0.203 ms - -[0m
2026-08-08 09:59:49 [INFO]: [0mGET /css/utilities.css [36m304[0m 0.328 ms - -[0m
2026-08-08 09:59:49 [INFO]: [0mGET /css/animations.css [36m304[0m 0.165 ms - -[0m
2026-08-08 09:59:49 [INFO]: [0mGET /css/announcement.css [36m304[0m 0.132 ms - -[0m
2026-08-08 09:59:49 [INFO]: [0mGET /css/hero.css [36m304[0m 0.314 ms - -[0m
2026-08-08 09:59:49 [INFO]: [0mGET /css/featured.css [36m304[0m 0.128 ms - -[0m
2026-08-08 09:59:49 [INFO]: [0mGET /css/why-choose.css [36m304[0m 0.594 ms - -[0m
2026-08-08 09:59:49 [INFO]: [0mGET /css/footer.css [36m304[0m 0.716 ms - -[0m
2026-08-08 09:59:49 [INFO]: [0mGET /css/auth.css [36m304[0m 0.127 ms - -[0m
2026-08-08 09:59:49 [INFO]: [0mGET /css/verify.css [36m304[0m 0.223 ms - -[0m
2026-08-08 09:59:49 [INFO]: [0mGET /js/admin/layout.js [36m304[0m 0.092 ms - -[0m
2026-08-08 09:59:49 [INFO]: [0mGET /js/admin/users.js [36m304[0m 0.104 ms - -[0m
2026-08-08 09:59:49 [INFO]: [0mGET /js/admin/categories.js [36m304[0m 0.103 ms - -[0m
2026-08-08 09:59:49 [INFO]: [0mGET /js/admin/brands.js [36m304[0m 0.392 ms - -[0m
2026-08-08 09:59:49 [INFO]: [0mGET /js/admin/products.js [36m304[0m 0.402 ms - -[0m
2026-08-08 09:59:49 [INFO]: [0mGET /js/header.js [36m304[0m 0.117 ms - -[0m
2026-08-08 09:59:49 [INFO]: [0mGET /js/notification.js [36m304[0m 0.229 ms - -[0m
2026-08-08 09:59:53 [INFO]: [0mGET /css/style.css [36m304[0m 0.656 ms - -[0m
2026-08-08 09:59:53 [INFO]: [0mGET /css/variables.css [36m304[0m 0.801 ms - -[0m
2026-08-08 09:59:53 [INFO]: [0mGET /css/utilities.css [36m304[0m 0.916 ms - -[0m
2026-08-08 09:59:53 [INFO]: [0mGET /css/animations.css [36m304[0m 1.033 ms - -[0m
2026-08-08 09:59:53 [INFO]: [0mGET /css/announcement.css [36m304[0m 1.222 ms - -[0m
2026-08-08 09:59:53 [INFO]: [0mGET /css/header.css [36m304[0m 0.212 ms - -[0m
2026-08-08 09:59:53 [INFO]: [0mGET /css/hero.css [36m304[0m 0.538 ms - -[0m
2026-08-08 09:59:53 [INFO]: [0mGET /css/featured.css [36m304[0m 0.242 ms - -[0m
2026-08-08 09:59:53 [INFO]: [0mGET /css/why-choose.css [36m304[0m 0.319 ms - -[0m
2026-08-08 09:59:53 [INFO]: [0mGET /css/footer.css [36m304[0m 0.602 ms - -[0m
2026-08-08 09:59:53 [INFO]: [0mGET /css/auth.css [36m304[0m 0.212 ms - -[0m
2026-08-08 09:59:53 [INFO]: [0mGET /css/verify.css [36m304[0m 0.386 ms - -[0m
2026-08-08 09:59:53 [INFO]: [0mGET /css/admin/layout.css [36m304[0m 0.144 ms - -[0m
2026-08-08 09:59:53 [INFO]: [0mGET /css/admin/users.css [36m304[0m 0.358 ms - -[0m
2026-08-08 09:59:53 [INFO]: [0mGET /css/admin/categories.css [36m304[0m 0.733 ms - -[0m
2026-08-08 09:59:53 [INFO]: [0mGET /css/admin/brands.css [36m304[0m 0.958 ms - -[0m
2026-08-08 09:59:53 [INFO]: [0mGET /css/admin/products.css [36m304[0m 0.406 ms - -[0m
2026-08-08 09:59:53 [INFO]: [0mGET /.well-known/appspecific/com.chrome.devtools.json [33m404[0m 88.167 ms - 112[0m
2026-08-08 10:00:29 [INFO]: [0mGET /admin/products [36m304[0m 182.200 ms - -[0m
2026-08-08 10:00:29 [INFO]: [0mGET /css/style.css [36m304[0m 0.379 ms - -[0m
2026-08-08 10:00:29 [INFO]: [0mGET /css/admin/layout.css [36m304[0m 0.725 ms - -[0m
2026-08-08 10:00:29 [INFO]: [0mGET /css/admin/categories.css [36m304[0m 0.107 ms - -[0m
2026-08-08 10:00:29 [INFO]: [0mGET /css/admin/users.css [36m304[0m 0.395 ms - -[0m
2026-08-08 10:00:29 [INFO]: [0mGET /css/admin/brands.css [36m304[0m 0.524 ms - -[0m
2026-08-08 10:00:29 [INFO]: [0mGET /css/admin/products.css [32m200[0m 0.692 ms - -[0m
2026-08-08 10:00:29 [INFO]: [0mGET /css/header.css [36m304[0m 0.579 ms - -[0m
2026-08-08 10:00:29 [INFO]: [0mGET /images/logo/plantora.png [36m304[0m 0.198 ms - -[0m
2026-08-08 10:00:30 [INFO]: [0mGET /js/admin/layout.js [36m304[0m 0.486 ms - -[0m
2026-08-08 10:00:30 [INFO]: [0mGET /js/admin/users.js [36m304[0m 0.536 ms - -[0m
2026-08-08 10:00:30 [INFO]: [0mGET /js/admin/categories.js [36m304[0m 0.258 ms - -[0m
2026-08-08 10:00:30 [INFO]: [0mGET /js/admin/brands.js [36m304[0m 0.488 ms - -[0m
2026-08-08 10:00:30 [INFO]: [0mGET /js/admin/products.js [36m304[0m 0.914 ms - -[0m
2026-08-08 10:00:30 [INFO]: [0mGET /js/header.js [36m304[0m 0.377 ms - -[0m
2026-08-08 10:00:30 [INFO]: [0mGET /js/notification.js [36m304[0m 0.675 ms - -[0m
2026-08-08 10:00:30 [INFO]: [0mGET /css/variables.css [36m304[0m 0.187 ms - -[0m
2026-08-08 10:00:30 [INFO]: [0mGET /css/utilities.css [36m304[0m 0.428 ms - -[0m
2026-08-08 10:00:30 [INFO]: [0mGET /css/animations.css [36m304[0m 0.965 ms - -[0m
2026-08-08 10:00:30 [INFO]: [0mGET /css/announcement.css [36m304[0m 0.579 ms - -[0m
2026-08-08 10:00:30 [INFO]: [0mGET /css/hero.css [36m304[0m 1.016 ms - -[0m
2026-08-08 10:00:30 [INFO]: [0mGET /css/featured.css [36m304[0m 0.553 ms - -[0m
2026-08-08 10:00:30 [INFO]: [0mGET /css/why-choose.css [36m304[0m 0.770 ms - -[0m
2026-08-08 10:00:30 [INFO]: [0mGET /css/footer.css [36m304[0m 0.406 ms - -[0m
2026-08-08 10:00:30 [INFO]: [0mGET /css/auth.css [36m304[0m 1.123 ms - -[0m
2026-08-08 10:00:30 [INFO]: [0mGET /css/verify.css [36m304[0m 0.356 ms - -[0m
2026-08-08 10:00:30 [INFO]: [0mGET /.well-known/appspecific/com.chrome.devtools.json [33m404[0m 85.673 ms - 112[0m
2026-08-08 10:00:55 [INFO]: [0mGET /admin/products [36m304[0m 176.542 ms - -[0m
2026-08-08 10:00:55 [INFO]: [0mGET /css/style.css [36m304[0m 0.418 ms - -[0m
2026-08-08 10:00:55 [INFO]: [0mGET /css/admin/layout.css [36m304[0m 0.913 ms - -[0m
2026-08-08 10:00:55 [INFO]: [0mGET /css/admin/users.css [36m304[0m 1.014 ms - -[0m
2026-08-08 10:00:55 [INFO]: [0mGET /css/admin/categories.css [36m304[0m 1.140 ms - -[0m
2026-08-08 10:00:55 [INFO]: [0mGET /css/admin/brands.css [36m304[0m 1.381 ms - -[0m
2026-08-08 10:00:55 [INFO]: [0mGET /css/header.css [36m304[0m 0.230 ms - -[0m
2026-08-08 10:00:55 [INFO]: [0mGET /css/admin/products.css [32m200[0m 2.428 ms - -[0m
2026-08-08 10:00:55 [INFO]: [0mGET /images/logo/plantora.png [36m304[0m 0.303 ms - -[0m
2026-08-08 10:00:55 [INFO]: [0mGET /js/admin/layout.js [36m304[0m 0.429 ms - -[0m
2026-08-08 10:00:55 [INFO]: [0mGET /js/admin/users.js [36m304[0m 0.612 ms - -[0m
2026-08-08 10:00:55 [INFO]: [0mGET /js/admin/categories.js [36m304[0m 0.986 ms - -[0m
2026-08-08 10:00:55 [INFO]: [0mGET /js/admin/brands.js [36m304[0m 0.615 ms - -[0m
2026-08-08 10:00:55 [INFO]: [0mGET /js/admin/products.js [36m304[0m 0.835 ms - -[0m
2026-08-08 10:00:55 [INFO]: [0mGET /js/header.js [36m304[0m 0.931 ms - -[0m
2026-08-08 10:00:55 [INFO]: [0mGET /js/notification.js [36m304[0m 0.888 ms - -[0m
2026-08-08 10:00:55 [INFO]: [0mGET /css/variables.css [36m304[0m 0.216 ms - -[0m
2026-08-08 10:00:55 [INFO]: [0mGET /css/utilities.css [36m304[0m 0.416 ms - -[0m
2026-08-08 10:00:55 [INFO]: [0mGET /css/animations.css [36m304[0m 0.541 ms - -[0m
2026-08-08 10:00:55 [INFO]: [0mGET /css/announcement.css [36m304[0m 0.689 ms - -[0m
2026-08-08 10:00:55 [INFO]: [0mGET /css/hero.css [36m304[0m 0.966 ms - -[0m
2026-08-08 10:00:55 [INFO]: [0mGET /css/featured.css [36m304[0m 0.278 ms - -[0m
2026-08-08 10:00:55 [INFO]: [0mGET /css/why-choose.css [36m304[0m 0.539 ms - -[0m
2026-08-08 10:00:55 [INFO]: [0mGET /css/footer.css [36m304[0m 0.612 ms - -[0m
2026-08-08 10:00:55 [INFO]: [0mGET /css/auth.css [36m304[0m 0.794 ms - -[0m
2026-08-08 10:00:55 [INFO]: [0mGET /css/verify.css [36m304[0m 0.906 ms - -[0m
2026-08-08 10:00:55 [INFO]: [0mGET /.well-known/appspecific/com.chrome.devtools.json [33m404[0m 90.591 ms - 112[0m
2026-08-08 10:01:16 [INFO]: [0mGET /admin/products [36m304[0m 187.577 ms - -[0m
2026-08-08 10:01:16 [INFO]: [0mGET /css/style.css [36m304[0m 0.264 ms - -[0m
2026-08-08 10:01:16 [INFO]: [0mGET /css/admin/layout.css [36m304[0m 0.352 ms - -[0m
2026-08-08 10:01:16 [INFO]: [0mGET /css/admin/users.css [36m304[0m 0.284 ms - -[0m
2026-08-08 10:01:16 [INFO]: [0mGET /css/admin/categories.css [36m304[0m 0.277 ms - -[0m
2026-08-08 10:01:16 [INFO]: [0mGET /css/admin/brands.css [36m304[0m 0.626 ms - -[0m
2026-08-08 10:01:16 [INFO]: [0mGET /css/header.css [36m304[0m 0.593 ms - -[0m
2026-08-08 10:01:16 [INFO]: [0mGET /css/admin/products.css [32m200[0m 1.039 ms - -[0m
2026-08-08 10:01:16 [INFO]: [0mGET /images/logo/plantora.png [36m304[0m 0.294 ms - -[0m
2026-08-08 10:01:16 [INFO]: [0mGET /js/admin/layout.js [36m304[0m 0.870 ms - -[0m
2026-08-08 10:01:16 [INFO]: [0mGET /js/admin/users.js [36m304[0m 0.932 ms - -[0m
2026-08-08 10:01:16 [INFO]: [0mGET /js/admin/categories.js [36m304[0m 1.127 ms - -[0m
2026-08-08 10:01:16 [INFO]: [0mGET /js/admin/brands.js [36m304[0m 1.227 ms - -[0m
2026-08-08 10:01:16 [INFO]: [0mGET /js/admin/products.js [36m304[0m 1.901 ms - -[0m
2026-08-08 10:01:16 [INFO]: [0mGET /css/utilities.css [36m304[0m 0.135 ms - -[0m
2026-08-08 10:01:16 [INFO]: [0mGET /css/variables.css [36m304[0m 0.599 ms - -[0m
2026-08-08 10:01:16 [INFO]: [0mGET /css/animations.css [36m304[0m 0.680 ms - -[0m
2026-08-08 10:01:16 [INFO]: [0mGET /css/announcement.css [36m304[0m 0.975 ms - -[0m
2026-08-08 10:01:16 [INFO]: [0mGET /css/hero.css [36m304[0m 0.257 ms - -[0m
2026-08-08 10:01:16 [INFO]: [0mGET /css/featured.css [36m304[0m 0.702 ms - -[0m
2026-08-08 10:01:16 [INFO]: [0mGET /css/why-choose.css [36m304[0m 0.607 ms - -[0m
2026-08-08 10:01:16 [INFO]: [0mGET /css/footer.css [36m304[0m 0.297 ms - -[0m
2026-08-08 10:01:16 [INFO]: [0mGET /css/auth.css [36m304[0m 0.284 ms - -[0m
2026-08-08 10:01:16 [INFO]: [0mGET /css/verify.css [36m304[0m 0.435 ms - -[0m
2026-08-08 10:01:16 [INFO]: [0mGET /js/header.js [36m304[0m 0.162 ms - -[0m
2026-08-08 10:01:16 [INFO]: [0mGET /js/notification.js [36m304[0m 0.196 ms - -[0m
2026-08-08 10:01:16 [INFO]: [0mGET /.well-known/appspecific/com.chrome.devtools.json [33m404[0m 87.561 ms - 112[0m
2026-08-08 10:01:25 [INFO]: [0mGET /admin/categories [36m304[0m 214.912 ms - -[0m
2026-08-08 10:01:25 [INFO]: [0mGET /css/style.css [36m304[0m 0.422 ms - -[0m
2026-08-08 10:01:25 [INFO]: [0mGET /css/admin/layout.css [36m304[0m 0.580 ms - -[0m
2026-08-08 10:01:25 [INFO]: [0mGET /css/admin/users.css [36m304[0m 0.270 ms - -[0m
2026-08-08 10:01:25 [INFO]: [0mGET /css/admin/categories.css [36m304[0m 0.568 ms - -[0m
2026-08-08 10:01:25 [INFO]: [0mGET /css/admin/brands.css [36m304[0m 0.669 ms - -[0m
2026-08-08 10:01:25 [INFO]: [0mGET /css/admin/products.css [36m304[0m 0.722 ms - -[0m
2026-08-08 10:01:25 [INFO]: [0mGET /css/header.css [36m304[0m 0.834 ms - -[0m
2026-08-08 10:01:25 [INFO]: [0mGET /images/logo/plantora.png [36m304[0m 0.237 ms - -[0m
2026-08-08 10:01:25 [INFO]: [0mGET /js/admin/layout.js [36m304[0m 1.044 ms - -[0m
2026-08-08 10:01:25 [INFO]: [0mGET /js/admin/users.js [36m304[0m 1.265 ms - -[0m
2026-08-08 10:01:25 [INFO]: [0mGET /js/admin/categories.js [36m304[0m 1.274 ms - -[0m
2026-08-08 10:01:25 [INFO]: [0mGET /js/admin/brands.js [36m304[0m 1.529 ms - -[0m
2026-08-08 10:01:25 [INFO]: [0mGET /js/admin/products.js [36m304[0m 0.439 ms - -[0m
2026-08-08 10:01:25 [INFO]: [0mGET /css/variables.css [36m304[0m 0.456 ms - -[0m
2026-08-08 10:01:25 [INFO]: [0mGET /css/utilities.css [36m304[0m 0.266 ms - -[0m
2026-08-08 10:01:25 [INFO]: [0mGET /css/animations.css [36m304[0m 0.382 ms - -[0m
2026-08-08 10:01:25 [INFO]: [0mGET /css/announcement.css [36m304[0m 0.893 ms - -[0m
2026-08-08 10:01:25 [INFO]: [0mGET /css/hero.css [36m304[0m 0.673 ms - -[0m
2026-08-08 10:01:25 [INFO]: [0mGET /css/featured.css [36m304[0m 0.771 ms - -[0m
2026-08-08 10:01:25 [INFO]: [0mGET /css/why-choose.css [36m304[0m 0.252 ms - -[0m
2026-08-08 10:01:25 [INFO]: [0mGET /css/footer.css [36m304[0m 0.361 ms - -[0m
2026-08-08 10:01:25 [INFO]: [0mGET /css/auth.css [36m304[0m 0.527 ms - -[0m
2026-08-08 10:01:25 [INFO]: [0mGET /css/verify.css [36m304[0m 0.744 ms - -[0m
2026-08-08 10:01:25 [INFO]: [0mGET /js/header.js [36m304[0m 0.192 ms - -[0m
2026-08-08 10:01:25 [INFO]: [0mGET /js/notification.js [36m304[0m 0.167 ms - -[0m
2026-08-08 10:01:29 [INFO]: [0mGET /css/style.css [36m304[0m 0.364 ms - -[0m
2026-08-08 10:01:29 [INFO]: [0mGET /css/variables.css [36m304[0m 0.544 ms - -[0m
2026-08-08 10:01:29 [INFO]: [0mGET /css/animations.css [36m304[0m 0.715 ms - -[0m
2026-08-08 10:01:29 [INFO]: [0mGET /css/utilities.css [36m304[0m 1.052 ms - -[0m
2026-08-08 10:01:29 [INFO]: [0mGET /css/announcement.css [36m304[0m 0.537 ms - -[0m
2026-08-08 10:01:29 [INFO]: [0mGET /css/header.css [36m304[0m 0.622 ms - -[0m
2026-08-08 10:01:29 [INFO]: [0mGET /css/hero.css [36m304[0m 0.823 ms - -[0m
2026-08-08 10:01:29 [INFO]: [0mGET /css/featured.css [36m304[0m 0.211 ms - -[0m
2026-08-08 10:01:29 [INFO]: [0mGET /css/why-choose.css [36m304[0m 0.655 ms - -[0m
2026-08-08 10:01:29 [INFO]: [0mGET /css/footer.css [36m304[0m 1.019 ms - -[0m
2026-08-08 10:01:29 [INFO]: [0mGET /css/auth.css [36m304[0m 0.228 ms - -[0m
2026-08-08 10:01:29 [INFO]: [0mGET /css/verify.css [36m304[0m 0.765 ms - -[0m
2026-08-08 10:01:29 [INFO]: [0mGET /css/admin/layout.css [36m304[0m 0.857 ms - -[0m
2026-08-08 10:01:29 [INFO]: [0mGET /css/admin/users.css [36m304[0m 0.654 ms - -[0m
2026-08-08 10:01:29 [INFO]: [0mGET /css/admin/categories.css [36m304[0m 1.120 ms - -[0m
2026-08-08 10:01:29 [INFO]: [0mGET /css/admin/brands.css [36m304[0m 0.657 ms - -[0m
2026-08-08 10:01:29 [INFO]: [0mGET /css/admin/products.css [36m304[0m 0.613 ms - -[0m
2026-08-08 10:01:29 [INFO]: [0mGET /.well-known/appspecific/com.chrome.devtools.json [33m404[0m 88.627 ms - 112[0m
2026-08-08 10:03:01 [INFO]: [0mGET /admin/categories [32m200[0m 214.999 ms - -[0m
2026-08-08 10:03:01 [INFO]: [0mGET /css/style.css [36m304[0m 0.453 ms - -[0m
2026-08-08 10:03:01 [INFO]: [0mGET /css/admin/layout.css [36m304[0m 0.249 ms - -[0m
2026-08-08 10:03:01 [INFO]: [0mGET /css/admin/users.css [36m304[0m 0.546 ms - -[0m
2026-08-08 10:03:01 [INFO]: [0mGET /css/admin/brands.css [36m304[0m 0.719 ms - -[0m
2026-08-08 10:03:01 [INFO]: [0mGET /css/admin/products.css [36m304[0m 0.820 ms - -[0m
2026-08-08 10:03:01 [INFO]: [0mGET /css/header.css [36m304[0m 1.021 ms - -[0m
2026-08-08 10:03:01 [INFO]: [0mGET /css/admin/categories.css [32m200[0m 1.782 ms - -[0m
2026-08-08 10:03:01 [INFO]: [0mGET /images/logo/plantora.png [36m304[0m 0.141 ms - -[0m
2026-08-08 10:03:01 [INFO]: [0mGET /js/admin/layout.js [36m304[0m 0.295 ms - -[0m
2026-08-08 10:03:01 [INFO]: [0mGET /js/admin/users.js [36m304[0m 0.471 ms - -[0m
2026-08-08 10:03:01 [INFO]: [0mGET /js/admin/categories.js [36m304[0m 0.625 ms - -[0m
2026-08-08 10:03:01 [INFO]: [0mGET /js/admin/brands.js [36m304[0m 0.819 ms - -[0m
2026-08-08 10:03:01 [INFO]: [0mGET /js/admin/products.js [36m304[0m 0.138 ms - -[0m
2026-08-08 10:03:01 [INFO]: [0mGET /css/variables.css [36m304[0m 0.302 ms - -[0m
2026-08-08 10:03:01 [INFO]: [0mGET /js/header.js [36m304[0m 0.168 ms - -[0m
2026-08-08 10:03:01 [INFO]: [0mGET /js/notification.js [36m304[0m 0.245 ms - -[0m
2026-08-08 10:03:01 [INFO]: [0mGET /css/utilities.css [36m304[0m 0.164 ms - -[0m
2026-08-08 10:03:01 [INFO]: [0mGET /css/animations.css [36m304[0m 0.592 ms - -[0m
2026-08-08 10:03:01 [INFO]: [0mGET /css/announcement.css [36m304[0m 0.785 ms - -[0m
2026-08-08 10:03:01 [INFO]: [0mGET /css/hero.css [36m304[0m 1.009 ms - -[0m
2026-08-08 10:03:01 [INFO]: [0mGET /css/featured.css [36m304[0m 1.322 ms - -[0m
2026-08-08 10:03:01 [INFO]: [0mGET /css/why-choose.css [36m304[0m 1.536 ms - -[0m
2026-08-08 10:03:01 [INFO]: [0mGET /css/footer.css [36m304[0m 0.473 ms - -[0m
2026-08-08 10:03:01 [INFO]: [0mGET /css/auth.css [36m304[0m 0.538 ms - -[0m
2026-08-08 10:03:01 [INFO]: [0mGET /css/verify.css [36m304[0m 0.886 ms - -[0m
2026-08-08 10:03:01 [INFO]: [0mGET /.well-known/appspecific/com.chrome.devtools.json [33m404[0m 98.135 ms - 112[0m
2026-08-08 10:03:11 [INFO]: [0mGET /admin/brands [36m304[0m 220.032 ms - -[0m
2026-08-08 10:03:11 [INFO]: [0mGET /css/style.css [36m304[0m 0.701 ms - -[0m
2026-08-08 10:03:11 [INFO]: [0mGET /css/admin/layout.css [36m304[0m 0.898 ms - -[0m
2026-08-08 10:03:11 [INFO]: [0mGET /css/admin/users.css [36m304[0m 1.300 ms - -[0m
2026-08-08 10:03:11 [INFO]: [0mGET /css/admin/categories.css [36m304[0m 0.441 ms - -[0m
2026-08-08 10:03:11 [INFO]: [0mGET /css/admin/brands.css [36m304[0m 0.579 ms - -[0m
2026-08-08 10:03:11 [INFO]: [0mGET /css/header.css [36m304[0m 0.249 ms - -[0m
2026-08-08 10:03:11 [INFO]: [0mGET /css/admin/products.css [36m304[0m 0.368 ms - -[0m
2026-08-08 10:03:11 [INFO]: [0mGET /images/logo/plantora.png [36m304[0m 0.313 ms - -[0m
2026-08-08 10:03:11 [INFO]: [0mGET /js/admin/layout.js [36m304[0m 0.315 ms - -[0m
2026-08-08 10:03:11 [INFO]: [0mGET /js/admin/users.js [36m304[0m 0.450 ms - -[0m
2026-08-08 10:03:11 [INFO]: [0mGET /js/admin/categories.js [36m304[0m 0.622 ms - -[0m
2026-08-08 10:03:11 [INFO]: [0mGET /js/admin/brands.js [36m304[0m 0.784 ms - -[0m
2026-08-08 10:03:11 [INFO]: [0mGET /js/admin/products.js [36m304[0m 0.925 ms - -[0m
2026-08-08 10:03:11 [INFO]: [0mGET /css/variables.css [36m304[0m 0.259 ms - -[0m
2026-08-08 10:03:11 [INFO]: [0mGET /css/utilities.css [36m304[0m 0.799 ms - -[0m
2026-08-08 10:03:11 [INFO]: [0mGET /css/animations.css [36m304[0m 1.047 ms - -[0m
2026-08-08 10:03:11 [INFO]: [0mGET /css/announcement.css [36m304[0m 0.774 ms - -[0m
2026-08-08 10:03:11 [INFO]: [0mGET /css/hero.css [36m304[0m 0.405 ms - -[0m
2026-08-08 10:03:11 [INFO]: [0mGET /css/featured.css [36m304[0m 0.584 ms - -[0m
2026-08-08 10:03:11 [INFO]: [0mGET /css/why-choose.css [36m304[0m 0.754 ms - -[0m
2026-08-08 10:03:11 [INFO]: [0mGET /css/footer.css [36m304[0m 0.938 ms - -[0m
2026-08-08 10:03:11 [INFO]: [0mGET /css/auth.css [36m304[0m 0.994 ms - -[0m
2026-08-08 10:03:11 [INFO]: [0mGET /css/verify.css [36m304[0m 0.101 ms - -[0m
2026-08-08 10:03:11 [INFO]: [0mGET /js/header.js [36m304[0m 0.316 ms - -[0m
2026-08-08 10:03:11 [INFO]: [0mGET /js/notification.js [36m304[0m 0.489 ms - -[0m
2026-08-08 10:03:14 [INFO]: [0mGET /admin/products [36m304[0m 176.843 ms - -[0m
2026-08-08 10:03:14 [INFO]: [0mGET /css/style.css [36m304[0m 1.463 ms - -[0m
2026-08-08 10:03:14 [INFO]: [0mGET /css/admin/layout.css [36m304[0m 1.791 ms - -[0m
2026-08-08 10:03:14 [INFO]: [0mGET /css/admin/users.css [36m304[0m 1.984 ms - -[0m
2026-08-08 10:03:14 [INFO]: [0mGET /css/admin/categories.css [36m304[0m 1.520 ms - -[0m
2026-08-08 10:03:14 [INFO]: [0mGET /css/admin/brands.css [36m304[0m 1.402 ms - -[0m
2026-08-08 10:03:14 [INFO]: [0mGET /css/admin/products.css [36m304[0m 1.512 ms - -[0m
2026-08-08 10:03:14 [INFO]: [0mGET /css/header.css [36m304[0m 0.140 ms - -[0m
2026-08-08 10:03:14 [INFO]: [0mGET /images/logo/plantora.png [36m304[0m 0.322 ms - -[0m
2026-08-08 10:03:14 [INFO]: [0mGET /js/admin/layout.js [36m304[0m 0.476 ms - -[0m
2026-08-08 10:03:14 [INFO]: [0mGET /js/admin/users.js [36m304[0m 0.839 ms - -[0m
2026-08-08 10:03:14 [INFO]: [0mGET /js/admin/categories.js [36m304[0m 1.126 ms - -[0m
2026-08-08 10:03:14 [INFO]: [0mGET /js/admin/brands.js [36m304[0m 1.589 ms - -[0m
2026-08-08 10:03:14 [INFO]: [0mGET /css/variables.css [36m304[0m 0.957 ms - -[0m
2026-08-08 10:03:14 [INFO]: [0mGET /css/utilities.css [36m304[0m 1.226 ms - -[0m
2026-08-08 10:03:14 [INFO]: [0mGET /js/admin/products.js [36m304[0m 1.448 ms - -[0m
2026-08-08 10:03:14 [INFO]: [0mGET /css/animations.css [36m304[0m 1.673 ms - -[0m
2026-08-08 10:03:14 [INFO]: [0mGET /css/announcement.css [36m304[0m 0.346 ms - -[0m
2026-08-08 10:03:14 [INFO]: [0mGET /css/hero.css [36m304[0m 0.630 ms - -[0m
2026-08-08 10:03:14 [INFO]: [0mGET /css/featured.css [36m304[0m 0.431 ms - -[0m
2026-08-08 10:03:14 [INFO]: [0mGET /css/why-choose.css [36m304[0m 0.248 ms - -[0m
2026-08-08 10:03:14 [INFO]: [0mGET /css/footer.css [36m304[0m 0.356 ms - -[0m
2026-08-08 10:03:14 [INFO]: [0mGET /css/auth.css [36m304[0m 0.678 ms - -[0m
2026-08-08 10:03:14 [INFO]: [0mGET /css/verify.css [36m304[0m 1.006 ms - -[0m
2026-08-08 10:03:14 [INFO]: [0mGET /js/header.js [36m304[0m 0.238 ms - -[0m
2026-08-08 10:03:14 [INFO]: [0mGET /js/notification.js [36m304[0m 0.412 ms - -[0m
2026-08-08 10:03:26 [INFO]: [0mGET /admin/products/trash [36m304[0m 172.629 ms - -[0m
2026-08-08 10:03:26 [INFO]: [0mGET /css/style.css [36m304[0m 0.508 ms - -[0m
2026-08-08 10:03:26 [INFO]: [0mGET /css/admin/layout.css [36m304[0m 0.804 ms - -[0m
2026-08-08 10:03:26 [INFO]: [0mGET /css/admin/users.css [36m304[0m 0.641 ms - -[0m
2026-08-08 10:03:26 [INFO]: [0mGET /css/admin/categories.css [36m304[0m 0.873 ms - -[0m
2026-08-08 10:03:26 [INFO]: [0mGET /css/admin/brands.css [36m304[0m 1.148 ms - -[0m
2026-08-08 10:03:26 [INFO]: [0mGET /css/admin/products.css [36m304[0m 1.162 ms - -[0m
2026-08-08 10:03:26 [INFO]: [0mGET /css/header.css [36m304[0m 1.313 ms - -[0m
2026-08-08 10:03:26 [INFO]: [0mGET /images/logo/plantora.png [36m304[0m 0.289 ms - -[0m
2026-08-08 10:03:26 [INFO]: [0mGET /js/admin/layout.js [36m304[0m 0.371 ms - -[0m
2026-08-08 10:03:26 [INFO]: [0mGET /js/admin/users.js [36m304[0m 0.773 ms - -[0m
2026-08-08 10:03:26 [INFO]: [0mGET /js/admin/categories.js [36m304[0m 0.251 ms - -[0m
2026-08-08 10:03:26 [INFO]: [0mGET /js/admin/brands.js [36m304[0m 0.833 ms - -[0m
2026-08-08 10:03:26 [INFO]: [0mGET /css/variables.css [36m304[0m 0.658 ms - -[0m
2026-08-08 10:03:26 [INFO]: [0mGET /css/utilities.css [36m304[0m 0.731 ms - -[0m
2026-08-08 10:03:26 [INFO]: [0mGET /css/animations.css [36m304[0m 0.193 ms - -[0m
2026-08-08 10:03:26 [INFO]: [0mGET /css/announcement.css [36m304[0m 0.306 ms - -[0m
2026-08-08 10:03:26 [INFO]: [0mGET /css/featured.css [36m304[0m 0.514 ms - -[0m
2026-08-08 10:03:26 [INFO]: [0mGET /css/hero.css [36m304[0m 0.794 ms - -[0m
2026-08-08 10:03:26 [INFO]: [0mGET /css/why-choose.css [36m304[0m 0.751 ms - -[0m
2026-08-08 10:03:26 [INFO]: [0mGET /css/footer.css [36m304[0m 0.432 ms - -[0m
2026-08-08 10:03:26 [INFO]: [0mGET /css/auth.css [36m304[0m 0.726 ms - -[0m
2026-08-08 10:03:26 [INFO]: [0mGET /css/verify.css [36m304[0m 0.407 ms - -[0m
2026-08-08 10:03:26 [INFO]: [0mGET /js/admin/products.js [36m304[0m 0.181 ms - -[0m
2026-08-08 10:03:26 [INFO]: [0mGET /js/header.js [36m304[0m 0.223 ms - -[0m
2026-08-08 10:03:26 [INFO]: [0mGET /js/notification.js [36m304[0m 0.175 ms - -[0m
2026-08-08 10:03:32 [INFO]: [0mGET /admin/categories [36m304[0m 213.429 ms - -[0m
2026-08-08 10:03:32 [INFO]: [0mGET /css/style.css [36m304[0m 0.442 ms - -[0m
2026-08-08 10:03:32 [INFO]: [0mGET /css/admin/layout.css [36m304[0m 0.606 ms - -[0m
2026-08-08 10:03:32 [INFO]: [0mGET /css/admin/products.css [36m304[0m 0.900 ms - -[0m
2026-08-08 10:03:32 [INFO]: [0mGET /css/admin/users.css [36m304[0m 0.933 ms - -[0m
2026-08-08 10:03:32 [INFO]: [0mGET /css/admin/categories.css [36m304[0m 0.865 ms - -[0m
2026-08-08 10:03:32 [INFO]: [0mGET /css/admin/brands.css [36m304[0m 0.909 ms - -[0m
2026-08-08 10:03:32 [INFO]: [0mGET /css/header.css [36m304[0m 0.915 ms - -[0m
2026-08-08 10:03:32 [INFO]: [0mGET /images/logo/plantora.png [36m304[0m 0.330 ms - -[0m
2026-08-08 10:03:32 [INFO]: [0mGET /js/admin/layout.js [36m304[0m 0.747 ms - -[0m
2026-08-08 10:03:32 [INFO]: [0mGET /js/admin/users.js [36m304[0m 0.887 ms - -[0m
2026-08-08 10:03:32 [INFO]: [0mGET /js/admin/categories.js [36m304[0m 1.234 ms - -[0m
2026-08-08 10:03:32 [INFO]: [0mGET /js/admin/brands.js [36m304[0m 1.287 ms - -[0m
2026-08-08 10:03:32 [INFO]: [0mGET /js/admin/products.js [36m304[0m 0.162 ms - -[0m
2026-08-08 10:03:32 [INFO]: [0mGET /js/header.js [36m304[0m 0.312 ms - -[0m
2026-08-08 10:03:32 [INFO]: [0mGET /css/variables.css [36m304[0m 0.277 ms - -[0m
2026-08-08 10:03:32 [INFO]: [0mGET /js/notification.js [36m304[0m 0.474 ms - -[0m
2026-08-08 10:03:32 [INFO]: [0mGET /css/utilities.css [36m304[0m 0.260 ms - -[0m
2026-08-08 10:03:32 [INFO]: [0mGET /css/animations.css [36m304[0m 0.529 ms - -[0m
2026-08-08 10:03:32 [INFO]: [0mGET /css/announcement.css [36m304[0m 0.752 ms - -[0m
2026-08-08 10:03:32 [INFO]: [0mGET /css/hero.css [36m304[0m 0.166 ms - -[0m
2026-08-08 10:03:32 [INFO]: [0mGET /css/featured.css [36m304[0m 0.394 ms - -[0m
2026-08-08 10:03:32 [INFO]: [0mGET /css/why-choose.css [36m304[0m 0.579 ms - -[0m
2026-08-08 10:03:32 [INFO]: [0mGET /css/footer.css [36m304[0m 0.534 ms - -[0m
2026-08-08 10:03:32 [INFO]: [0mGET /css/auth.css [36m304[0m 0.399 ms - -[0m
2026-08-08 10:03:32 [INFO]: [0mGET /css/verify.css [36m304[0m 0.560 ms - -[0m
2026-08-08 10:03:41 [INFO]: [0mGET /css/style.css [36m304[0m 0.349 ms - -[0m
2026-08-08 10:03:41 [INFO]: [0mGET /css/announcement.css [36m304[0m 0.226 ms - -[0m
2026-08-08 10:03:41 [INFO]: [0mGET /css/variables.css [36m304[0m 0.287 ms - -[0m
2026-08-08 10:03:41 [INFO]: [0mGET /css/utilities.css [36m304[0m 0.421 ms - -[0m
2026-08-08 10:03:41 [INFO]: [0mGET /css/animations.css [36m304[0m 0.597 ms - -[0m
2026-08-08 10:03:41 [INFO]: [0mGET /css/hero.css [36m304[0m 0.997 ms - -[0m
2026-08-08 10:03:41 [INFO]: [0mGET /css/header.css [36m304[0m 1.489 ms - -[0m
2026-08-08 10:03:41 [INFO]: [0mGET /css/featured.css [36m304[0m 0.845 ms - -[0m
2026-08-08 10:03:41 [INFO]: [0mGET /css/why-choose.css [36m304[0m 0.613 ms - -[0m
2026-08-08 10:03:41 [INFO]: [0mGET /css/footer.css [36m304[0m 0.741 ms - -[0m
2026-08-08 10:03:41 [INFO]: [0mGET /css/auth.css [36m304[0m 0.929 ms - -[0m
2026-08-08 10:03:41 [INFO]: [0mGET /css/verify.css [36m304[0m 0.427 ms - -[0m
2026-08-08 10:03:41 [INFO]: [0mGET /css/admin/layout.css [36m304[0m 0.986 ms - -[0m
2026-08-08 10:03:41 [INFO]: [0mGET /css/admin/users.css [36m304[0m 0.744 ms - -[0m
2026-08-08 10:03:41 [INFO]: [0mGET /css/admin/categories.css [36m304[0m 0.430 ms - -[0m
2026-08-08 10:03:41 [INFO]: [0mGET /css/admin/brands.css [36m304[0m 0.389 ms - -[0m
2026-08-08 10:03:41 [INFO]: [0mGET /css/admin/products.css [36m304[0m 0.618 ms - -[0m
2026-08-08 10:03:41 [INFO]: [0mGET /.well-known/appspecific/com.chrome.devtools.json [33m404[0m 87.396 ms - 112[0m
2026-08-08 10:05:44 [INFO]: [0mGET /admin/categories [33m401[0m 0.657 ms - 55[0m
2026-08-08 10:05:44 [INFO]: [0mGET /.well-known/appspecific/com.chrome.devtools.json [33m404[0m 0.839 ms - 112[0m
2026-08-08 10:05:50 [INFO]: [0mGET / [32m200[0m 8.079 ms - -[0m
2026-08-08 10:05:50 [INFO]: [0mGET /css/style.css [36m304[0m 1.754 ms - -[0m
2026-08-08 10:05:50 [INFO]: [0mGET /images/logo/plantora.png [36m304[0m 1.144 ms - -[0m
2026-08-08 10:05:50 [INFO]: [0mGET /images/hero/hero-placeholder.png [36m304[0m 0.341 ms - -[0m
2026-08-08 10:05:50 [INFO]: [0mGET /images/hero/monstera-plant.jpg [36m304[0m 1.188 ms - -[0m
2026-08-08 10:05:50 [INFO]: [0mGET /images/hero/snake-plant.jpg [36m304[0m 0.975 ms - -[0m
2026-08-08 10:05:50 [INFO]: [0mGET /images/hero/peace-lily.jpg [36m304[0m 2.102 ms - -[0m
2026-08-08 10:05:50 [INFO]: [0mGET /js/header.js [36m304[0m 0.919 ms - -[0m
2026-08-08 10:05:50 [INFO]: [0mGET /css/variables.css [36m304[0m 0.741 ms - -[0m
2026-08-08 10:05:50 [INFO]: [0mGET /css/utilities.css [36m304[0m 1.716 ms - -[0m
2026-08-08 10:05:50 [INFO]: [0mGET /css/announcement.css [36m304[0m 1.499 ms - -[0m
2026-08-08 10:05:50 [INFO]: [0mGET /css/animations.css [36m304[0m 1.691 ms - -[0m
2026-08-08 10:05:50 [INFO]: [0mGET /css/header.css [36m304[0m 2.367 ms - -[0m
2026-08-08 10:05:50 [INFO]: [0mGET /css/hero.css [36m304[0m 0.841 ms - -[0m
2026-08-08 10:05:50 [INFO]: [0mGET /css/featured.css [36m304[0m 1.440 ms - -[0m
2026-08-08 10:05:50 [INFO]: [0mGET /css/why-choose.css [36m304[0m 0.793 ms - -[0m
2026-08-08 10:05:50 [INFO]: [0mGET /css/footer.css [36m304[0m 0.881 ms - -[0m
2026-08-08 10:05:50 [INFO]: [0mGET /css/auth.css [36m304[0m 1.069 ms - -[0m
2026-08-08 10:05:50 [INFO]: [0mGET /css/verify.css [36m304[0m 0.275 ms - -[0m
2026-08-08 10:05:50 [INFO]: [0mGET /js/featured.js [36m304[0m 0.319 ms - -[0m
2026-08-08 10:05:50 [INFO]: [0mGET /js/why-choose.js [36m304[0m 0.548 ms - -[0m
2026-08-08 10:05:50 [INFO]: [0mGET /js/notification.js [36m304[0m 0.222 ms - -[0m
2026-08-08 10:05:50 [INFO]: [0mGET /js/footer.js [36m304[0m 0.445 ms - -[0m
2026-08-08 10:05:50 [INFO]: [0mGET /js/auth.js [36m304[0m 0.241 ms - -[0m
2026-08-08 10:05:50 [INFO]: [0mGET /images/hero/tulip-plant.jpg [36m304[0m 0.670 ms - -[0m
2026-08-08 10:05:50 [INFO]: [0mGET /images/hero/rubber-plant.jpg [36m304[0m 0.891 ms - -[0m
2026-08-08 10:05:50 [INFO]: [0mGET /images/hero/aloe-vera.jpg [36m304[0m 1.132 ms - -[0m
2026-08-08 10:05:50 [INFO]: [0mGET /images/hero/areca-palm.jpg [36m304[0m 1.519 ms - -[0m
2026-08-08 10:05:50 [INFO]: [0mGET /images/hero/jade-plant.jpg [36m304[0m 0.424 ms - -[0m
2026-08-08 10:05:50 [INFO]: [0mGET /images/hero/golden-pothos.jpg [36m304[0m 0.274 ms - -[0m
2026-08-08 10:05:50 [INFO]: [0mGET /images/hero/fiddle-leaf-fig.jpg [36m304[0m 0.321 ms - -[0m
2026-08-08 10:05:50 [INFO]: [0mGET /images/hero/why-choose.jpg [36m304[0m 0.427 ms - -[0m
2026-08-08 10:05:50 [INFO]: [0mGET /images/logo/plantora-orgn-white.png [36m304[0m 0.288 ms - -[0m
2026-08-08 10:05:53 [INFO]: Login successful : admin-plantora@yopmail.com
2026-08-08 10:05:53 [INFO]: [0mPOST /auth/login [32m200[0m 590.960 ms - 46[0m
2026-08-08 10:05:54 [INFO]: [0mGET / [32m200[0m 89.209 ms - -[0m
2026-08-08 10:05:54 [INFO]: [0mGET /css/style.css [36m304[0m 0.407 ms - -[0m
2026-08-08 10:05:54 [INFO]: [0mGET /images/logo/plantora.png [36m304[0m 0.805 ms - -[0m
2026-08-08 10:05:54 [INFO]: [0mGET /images/hero/hero-placeholder.png [36m304[0m 1.149 ms - -[0m
2026-08-08 10:05:54 [INFO]: [0mGET /images/hero/monstera-plant.jpg [36m304[0m 1.659 ms - -[0m
2026-08-08 10:05:54 [INFO]: [0mGET /js/header.js [36m304[0m 1.711 ms - -[0m
2026-08-08 10:05:54 [INFO]: [0mGET /js/featured.js [36m304[0m 0.188 ms - -[0m
2026-08-08 10:05:54 [INFO]: [0mGET /js/why-choose.js [36m304[0m 0.269 ms - -[0m
2026-08-08 10:05:54 [INFO]: [0mGET /js/notification.js [36m304[0m 0.448 ms - -[0m
2026-08-08 10:05:54 [INFO]: [0mGET /js/footer.js [36m304[0m 0.485 ms - -[0m
2026-08-08 10:05:54 [INFO]: [0mGET /js/auth.js [36m304[0m 0.596 ms - -[0m
2026-08-08 10:05:54 [INFO]: [0mGET /images/hero/snake-plant.jpg [36m304[0m 1.251 ms - -[0m
2026-08-08 10:05:54 [INFO]: [0mGET /images/hero/peace-lily.jpg [36m304[0m 0.934 ms - -[0m
2026-08-08 10:05:54 [INFO]: [0mGET /images/hero/tulip-plant.jpg [36m304[0m 0.815 ms - -[0m
2026-08-08 10:05:54 [INFO]: [0mGET /css/variables.css [36m304[0m 1.008 ms - -[0m
2026-08-08 10:05:54 [INFO]: [0mGET /css/utilities.css [36m304[0m 1.201 ms - -[0m
2026-08-08 10:05:54 [INFO]: [0mGET /css/animations.css [36m304[0m 0.417 ms - -[0m
2026-08-08 10:05:54 [INFO]: [0mGET /css/announcement.css [36m304[0m 0.715 ms - -[0m
2026-08-08 10:05:54 [INFO]: [0mGET /css/header.css [36m304[0m 1.468 ms - -[0m
2026-08-08 10:05:54 [INFO]: [0mGET /css/featured.css [36m304[0m 0.768 ms - -[0m
2026-08-08 10:05:54 [INFO]: [0mGET /css/hero.css [36m304[0m 1.708 ms - -[0m
2026-08-08 10:05:54 [INFO]: [0mGET /css/why-choose.css [36m304[0m 0.720 ms - -[0m
2026-08-08 10:05:54 [INFO]: [0mGET /css/footer.css [36m304[0m 1.427 ms - -[0m
2026-08-08 10:05:54 [INFO]: [0mGET /css/auth.css [36m304[0m 0.893 ms - -[0m
2026-08-08 10:05:54 [INFO]: [0mGET /css/verify.css [36m304[0m 0.879 ms - -[0m
2026-08-08 10:05:54 [INFO]: [0mGET /images/hero/rubber-plant.jpg [36m304[0m 0.531 ms - -[0m
2026-08-08 10:05:54 [INFO]: [0mGET /images/hero/aloe-vera.jpg [36m304[0m 1.094 ms - -[0m
2026-08-08 10:05:54 [INFO]: [0mGET /images/hero/areca-palm.jpg [36m304[0m 0.872 ms - -[0m
2026-08-08 10:05:54 [INFO]: [0mGET /images/hero/jade-plant.jpg [36m304[0m 1.107 ms - -[0m
2026-08-08 10:05:54 [INFO]: [0mGET /images/hero/golden-pothos.jpg [36m304[0m 0.899 ms - -[0m
2026-08-08 10:05:54 [INFO]: [0mGET /images/hero/fiddle-leaf-fig.jpg [36m304[0m 1.274 ms - -[0m
2026-08-08 10:05:54 [INFO]: [0mGET /images/hero/why-choose.jpg [36m304[0m 0.982 ms - -[0m
2026-08-08 10:05:54 [INFO]: [0mGET /images/logo/plantora-orgn-white.png [36m304[0m 0.657 ms - -[0m
2026-08-08 10:05:56 [INFO]: [0mGET /admin/dashboard [36m304[0m 129.194 ms - -[0m
2026-08-08 10:05:56 [INFO]: [0mGET /css/style.css [36m304[0m 0.276 ms - -[0m
2026-08-08 10:05:56 [INFO]: [0mGET /css/admin/layout.css [36m304[0m 0.854 ms - -[0m
2026-08-08 10:05:56 [INFO]: [0mGET /css/admin/users.css [36m304[0m 1.103 ms - -[0m
2026-08-08 10:05:56 [INFO]: [0mGET /css/admin/brands.css [36m304[0m 1.505 ms - -[0m
2026-08-08 10:05:56 [INFO]: [0mGET /css/admin/products.css [36m304[0m 1.705 ms - -[0m
2026-08-08 10:05:56 [INFO]: [0mGET /css/header.css [36m304[0m 2.428 ms - -[0m
2026-08-08 10:05:56 [INFO]: [0mGET /css/admin/categories.css [32m200[0m 3.350 ms - -[0m
2026-08-08 10:05:56 [INFO]: [0mGET /images/logo/plantora.png [36m304[0m 0.624 ms - -[0m
2026-08-08 10:05:56 [INFO]: [0mGET /js/admin/layout.js [36m304[0m 0.209 ms - -[0m
2026-08-08 10:05:56 [INFO]: [0mGET /js/admin/users.js [36m304[0m 0.561 ms - -[0m
2026-08-08 10:05:56 [INFO]: [0mGET /js/admin/categories.js [36m304[0m 0.449 ms - -[0m
2026-08-08 10:05:56 [INFO]: [0mGET /js/admin/brands.js [36m304[0m 0.753 ms - -[0m
2026-08-08 10:05:56 [INFO]: [0mGET /css/variables.css [36m304[0m 0.446 ms - -[0m
2026-08-08 10:05:56 [INFO]: [0mGET /css/utilities.css [36m304[0m 0.634 ms - -[0m
2026-08-08 10:05:56 [INFO]: [0mGET /css/animations.css [36m304[0m 0.955 ms - -[0m
2026-08-08 10:05:56 [INFO]: [0mGET /css/announcement.css [36m304[0m 0.837 ms - -[0m
2026-08-08 10:05:56 [INFO]: [0mGET /css/hero.css [36m304[0m 0.717 ms - -[0m
2026-08-08 10:05:56 [INFO]: [0mGET /css/featured.css [36m304[0m 1.215 ms - -[0m
2026-08-08 10:05:56 [INFO]: [0mGET /css/why-choose.css [36m304[0m 0.575 ms - -[0m
2026-08-08 10:05:56 [INFO]: [0mGET /css/footer.css [36m304[0m 0.701 ms - -[0m
2026-08-08 10:05:56 [INFO]: [0mGET /css/auth.css [36m304[0m 0.336 ms - -[0m
2026-08-08 10:05:56 [INFO]: [0mGET /css/verify.css [36m304[0m 0.581 ms - -[0m
2026-08-08 10:05:56 [INFO]: [0mGET /js/admin/products.js [36m304[0m 0.221 ms - -[0m
2026-08-08 10:05:56 [INFO]: [0mGET /js/header.js [36m304[0m 0.193 ms - -[0m
2026-08-08 10:05:56 [INFO]: [0mGET /js/notification.js [36m304[0m 0.283 ms - -[0m
2026-08-08 10:05:58 [INFO]: [0mGET /admin/categories [32m200[0m 217.712 ms - -[0m
2026-08-08 10:05:58 [INFO]: [0mGET /css/style.css [36m304[0m 0.534 ms - -[0m
2026-08-08 10:05:58 [INFO]: [0mGET /css/admin/layout.css [36m304[0m 0.948 ms - -[0m
2026-08-08 10:05:58 [INFO]: [0mGET /css/admin/users.css [36m304[0m 1.149 ms - -[0m
2026-08-08 10:05:58 [INFO]: [0mGET /css/admin/categories.css [36m304[0m 1.248 ms - -[0m
2026-08-08 10:05:58 [INFO]: [0mGET /css/admin/brands.css [36m304[0m 1.472 ms - -[0m
2026-08-08 10:05:58 [INFO]: [0mGET /css/admin/products.css [36m304[0m 1.507 ms - -[0m
2026-08-08 10:05:58 [INFO]: [0mGET /css/header.css [36m304[0m 1.643 ms - -[0m
2026-08-08 10:05:58 [INFO]: [0mGET /images/logo/plantora.png [36m304[0m 0.336 ms - -[0m
2026-08-08 10:05:58 [INFO]: [0mGET /js/admin/layout.js [36m304[0m 0.348 ms - -[0m
2026-08-08 10:05:58 [INFO]: [0mGET /js/admin/users.js [36m304[0m 0.446 ms - -[0m
2026-08-08 10:05:58 [INFO]: [0mGET /js/admin/categories.js [36m304[0m 0.882 ms - -[0m
2026-08-08 10:05:58 [INFO]: [0mGET /js/admin/brands.js [36m304[0m 1.182 ms - -[0m
2026-08-08 10:05:58 [INFO]: [0mGET /css/variables.css [36m304[0m 0.174 ms - -[0m
2026-08-08 10:05:58 [INFO]: [0mGET /js/admin/products.js [36m304[0m 0.158 ms - -[0m
2026-08-08 10:05:58 [INFO]: [0mGET /css/utilities.css [36m304[0m 0.299 ms - -[0m
2026-08-08 10:05:58 [INFO]: [0mGET /css/animations.css [36m304[0m 0.392 ms - -[0m
2026-08-08 10:05:58 [INFO]: [0mGET /css/announcement.css [36m304[0m 0.506 ms - -[0m
2026-08-08 10:05:58 [INFO]: [0mGET /css/hero.css [36m304[0m 0.793 ms - -[0m
2026-08-08 10:05:58 [INFO]: [0mGET /css/featured.css [36m304[0m 1.131 ms - -[0m
2026-08-08 10:05:58 [INFO]: [0mGET /css/why-choose.css [36m304[0m 0.284 ms - -[0m
2026-08-08 10:05:58 [INFO]: [0mGET /css/footer.css [36m304[0m 0.490 ms - -[0m
2026-08-08 10:05:58 [INFO]: [0mGET /css/auth.css [36m304[0m 0.636 ms - -[0m
2026-08-08 10:05:58 [INFO]: [0mGET /css/verify.css [36m304[0m 0.146 ms - -[0m
2026-08-08 10:05:58 [INFO]: [0mGET /js/header.js [36m304[0m 0.404 ms - -[0m
2026-08-08 10:05:58 [INFO]: [0mGET /js/notification.js [36m304[0m 0.352 ms - -[0m
2026-08-08 10:06:03 [INFO]: [0mGET /admin/categories [36m304[0m 216.753 ms - -[0m
2026-08-08 10:06:03 [INFO]: [0mGET /css/style.css [36m304[0m 1.170 ms - -[0m
2026-08-08 10:06:03 [INFO]: [0mGET /css/admin/layout.css [36m304[0m 1.327 ms - -[0m
2026-08-08 10:06:03 [INFO]: [0mGET /css/admin/users.css [36m304[0m 1.486 ms - -[0m
2026-08-08 10:06:03 [INFO]: [0mGET /css/admin/categories.css [36m304[0m 1.541 ms - -[0m
2026-08-08 10:06:03 [INFO]: [0mGET /css/admin/brands.css [36m304[0m 1.786 ms - -[0m
2026-08-08 10:06:03 [INFO]: [0mGET /css/admin/products.css [36m304[0m 1.802 ms - -[0m
2026-08-08 10:06:03 [INFO]: [0mGET /css/header.css [36m304[0m 0.269 ms - -[0m
2026-08-08 10:06:03 [INFO]: [0mGET /images/logo/plantora.png [36m304[0m 0.248 ms - -[0m
2026-08-08 10:06:03 [INFO]: [0mGET /js/admin/layout.js [36m304[0m 0.556 ms - -[0m
2026-08-08 10:06:03 [INFO]: [0mGET /js/admin/users.js [36m304[0m 0.670 ms - -[0m
2026-08-08 10:06:03 [INFO]: [0mGET /js/admin/categories.js [36m304[0m 0.870 ms - -[0m
2026-08-08 10:06:03 [INFO]: [0mGET /js/admin/brands.js [36m304[0m 1.339 ms - -[0m
2026-08-08 10:06:03 [INFO]: [0mGET /css/variables.css [36m304[0m 0.508 ms - -[0m
2026-08-08 10:06:03 [INFO]: [0mGET /css/utilities.css [36m304[0m 0.551 ms - -[0m
2026-08-08 10:06:03 [INFO]: [0mGET /css/animations.css [36m304[0m 0.178 ms - -[0m
2026-08-08 10:06:03 [INFO]: [0mGET /css/announcement.css [36m304[0m 0.675 ms - -[0m
2026-08-08 10:06:03 [INFO]: [0mGET /css/hero.css [36m304[0m 0.583 ms - -[0m
2026-08-08 10:06:03 [INFO]: [0mGET /css/featured.css [36m304[0m 0.842 ms - -[0m
2026-08-08 10:06:03 [INFO]: [0mGET /css/why-choose.css [36m304[0m 0.492 ms - -[0m
2026-08-08 10:06:03 [INFO]: [0mGET /css/footer.css [36m304[0m 0.837 ms - -[0m
2026-08-08 10:06:03 [INFO]: [0mGET /css/auth.css [36m304[0m 0.412 ms - -[0m
2026-08-08 10:06:03 [INFO]: [0mGET /css/verify.css [36m304[0m 0.290 ms - -[0m
2026-08-08 10:06:03 [INFO]: [0mGET /js/admin/products.js [36m304[0m 0.375 ms - -[0m
2026-08-08 10:06:03 [INFO]: [0mGET /js/header.js [36m304[0m 0.301 ms - -[0m
2026-08-08 10:06:03 [INFO]: [0mGET /js/notification.js [36m304[0m 0.463 ms - -[0m
2026-08-08 10:06:15 [INFO]: [0mGET /admin/categories [36m304[0m 224.913 ms - -[0m
2026-08-08 10:06:15 [INFO]: [0mGET /css/style.css [36m304[0m 0.280 ms - -[0m
2026-08-08 10:06:15 [INFO]: [0mGET /css/admin/layout.css [36m304[0m 0.469 ms - -[0m
2026-08-08 10:06:15 [INFO]: [0mGET /css/admin/users.css [36m304[0m 0.320 ms - -[0m
2026-08-08 10:06:15 [INFO]: [0mGET /css/admin/brands.css [36m304[0m 0.429 ms - -[0m
2026-08-08 10:06:15 [INFO]: [0mGET /css/admin/products.css [36m304[0m 0.506 ms - -[0m
2026-08-08 10:06:15 [INFO]: [0mGET /css/header.css [36m304[0m 0.615 ms - -[0m
2026-08-08 10:06:15 [INFO]: [0mGET /css/admin/categories.css [32m200[0m 1.102 ms - -[0m
2026-08-08 10:06:15 [INFO]: [0mGET /images/logo/plantora.png [36m304[0m 0.358 ms - -[0m
2026-08-08 10:06:15 [INFO]: [0mGET /js/admin/layout.js [36m304[0m 0.251 ms - -[0m
2026-08-08 10:06:15 [INFO]: [0mGET /js/admin/users.js [36m304[0m 0.442 ms - -[0m
2026-08-08 10:06:15 [INFO]: [0mGET /js/admin/categories.js [36m304[0m 0.692 ms - -[0m
2026-08-08 10:06:15 [INFO]: [0mGET /js/admin/brands.js [36m304[0m 0.200 ms - -[0m
2026-08-08 10:06:15 [INFO]: [0mGET /js/admin/products.js [36m304[0m 0.138 ms - -[0m
2026-08-08 10:06:15 [INFO]: [0mGET /css/variables.css [36m304[0m 0.580 ms - -[0m
2026-08-08 10:06:15 [INFO]: [0mGET /js/header.js [36m304[0m 0.838 ms - -[0m
2026-08-08 10:06:15 [INFO]: [0mGET /css/utilities.css [36m304[0m 0.967 ms - -[0m
2026-08-08 10:06:15 [INFO]: [0mGET /css/animations.css [36m304[0m 1.059 ms - -[0m
2026-08-08 10:06:15 [INFO]: [0mGET /css/announcement.css [36m304[0m 0.136 ms - -[0m
2026-08-08 10:06:15 [INFO]: [0mGET /css/hero.css [36m304[0m 0.193 ms - -[0m
2026-08-08 10:06:15 [INFO]: [0mGET /css/featured.css [36m304[0m 0.376 ms - -[0m
2026-08-08 10:06:15 [INFO]: [0mGET /css/why-choose.css [36m304[0m 0.322 ms - -[0m
2026-08-08 10:06:15 [INFO]: [0mGET /css/footer.css [36m304[0m 0.217 ms - -[0m
2026-08-08 10:06:15 [INFO]: [0mGET /css/auth.css [36m304[0m 0.443 ms - -[0m
2026-08-08 10:06:15 [INFO]: [0mGET /css/verify.css [36m304[0m 0.602 ms - -[0m
2026-08-08 10:06:15 [INFO]: [0mGET /js/notification.js [36m304[0m 0.168 ms - -[0m
2026-08-08 10:06:17 [INFO]: [0mGET /admin/categories [36m304[0m 219.907 ms - -[0m
2026-08-08 10:06:17 [INFO]: [0mGET /css/style.css [36m304[0m 0.362 ms - -[0m
2026-08-08 10:06:17 [INFO]: [0mGET /css/admin/layout.css [36m304[0m 0.512 ms - -[0m
2026-08-08 10:06:17 [INFO]: [0mGET /css/admin/users.css [36m304[0m 0.578 ms - -[0m
2026-08-08 10:06:17 [INFO]: [0mGET /css/admin/categories.css [36m304[0m 0.754 ms - -[0m
2026-08-08 10:06:17 [INFO]: [0mGET /css/admin/brands.css [36m304[0m 0.868 ms - -[0m
2026-08-08 10:06:17 [INFO]: [0mGET /css/admin/products.css [36m304[0m 0.965 ms - -[0m
2026-08-08 10:06:17 [INFO]: [0mGET /css/header.css [36m304[0m 1.381 ms - -[0m
2026-08-08 10:06:17 [INFO]: [0mGET /images/logo/plantora.png [36m304[0m 0.215 ms - -[0m
2026-08-08 10:06:17 [INFO]: [0mGET /js/admin/layout.js [36m304[0m 0.190 ms - -[0m
2026-08-08 10:06:17 [INFO]: [0mGET /js/admin/users.js [36m304[0m 0.213 ms - -[0m
2026-08-08 10:06:17 [INFO]: [0mGET /js/admin/categories.js [36m304[0m 0.316 ms - -[0m
2026-08-08 10:06:17 [INFO]: [0mGET /js/admin/brands.js [36m304[0m 0.121 ms - -[0m
2026-08-08 10:06:17 [INFO]: [0mGET /css/variables.css [36m304[0m 0.422 ms - -[0m
2026-08-08 10:06:17 [INFO]: [0mGET /css/utilities.css [36m304[0m 0.542 ms - -[0m
2026-08-08 10:06:17 [INFO]: [0mGET /css/animations.css [36m304[0m 0.605 ms - -[0m
2026-08-08 10:06:17 [INFO]: [0mGET /css/announcement.css [36m304[0m 0.194 ms - -[0m
2026-08-08 10:06:17 [INFO]: [0mGET /css/hero.css [36m304[0m 0.261 ms - -[0m
2026-08-08 10:06:17 [INFO]: [0mGET /css/featured.css [36m304[0m 0.403 ms - -[0m
2026-08-08 10:06:17 [INFO]: [0mGET /css/why-choose.css [36m304[0m 0.166 ms - -[0m
2026-08-08 10:06:17 [INFO]: [0mGET /css/footer.css [36m304[0m 0.339 ms - -[0m
2026-08-08 10:06:17 [INFO]: [0mGET /css/auth.css [36m304[0m 0.383 ms - -[0m
2026-08-08 10:06:17 [INFO]: [0mGET /css/verify.css [36m304[0m 0.385 ms - -[0m
2026-08-08 10:06:17 [INFO]: [0mGET /js/admin/products.js [36m304[0m 0.232 ms - -[0m
2026-08-08 10:06:17 [INFO]: [0mGET /js/header.js [36m304[0m 0.336 ms - -[0m
2026-08-08 10:06:17 [INFO]: [0mGET /js/notification.js [36m304[0m 0.659 ms - -[0m
2026-08-08 10:06:35 [INFO]: [0mGET /admin/categories [36m304[0m 219.821 ms - -[0m
2026-08-08 10:06:35 [INFO]: [0mGET /css/style.css [36m304[0m 0.563 ms - -[0m
2026-08-08 10:06:35 [INFO]: [0mGET /css/admin/layout.css [36m304[0m 0.660 ms - -[0m
2026-08-08 10:06:35 [INFO]: [0mGET /css/admin/users.css [36m304[0m 0.212 ms - -[0m
2026-08-08 10:06:35 [INFO]: [0mGET /css/admin/brands.css [36m304[0m 0.598 ms - -[0m
2026-08-08 10:06:35 [INFO]: [0mGET /css/admin/products.css [36m304[0m 0.698 ms - -[0m
2026-08-08 10:06:35 [INFO]: [0mGET /css/header.css [36m304[0m 0.329 ms - -[0m
2026-08-08 10:06:35 [INFO]: [0mGET /images/logo/plantora.png [36m304[0m 0.334 ms - -[0m
2026-08-08 10:06:35 [INFO]: [0mGET /css/admin/categories.css [32m200[0m 2.521 ms - -[0m
2026-08-08 10:06:35 [INFO]: [0mGET /js/admin/users.js [36m304[0m 0.090 ms - -[0m
2026-08-08 10:06:35 [INFO]: [0mGET /js/admin/layout.js [36m304[0m 0.346 ms - -[0m
2026-08-08 10:06:35 [INFO]: [0mGET /css/variables.css [36m304[0m 0.128 ms - -[0m
2026-08-08 10:06:35 [INFO]: [0mGET /css/utilities.css [36m304[0m 0.298 ms - -[0m
2026-08-08 10:06:35 [INFO]: [0mGET /css/animations.css [36m304[0m 0.271 ms - -[0m
2026-08-08 10:06:35 [INFO]: [0mGET /css/announcement.css [36m304[0m 0.590 ms - -[0m
2026-08-08 10:06:35 [INFO]: [0mGET /css/hero.css [36m304[0m 0.566 ms - -[0m
2026-08-08 10:06:35 [INFO]: [0mGET /css/featured.css [36m304[0m 0.625 ms - -[0m
2026-08-08 10:06:35 [INFO]: [0mGET /css/why-choose.css [36m304[0m 0.817 ms - -[0m
2026-08-08 10:06:35 [INFO]: [0mGET /css/footer.css [36m304[0m 1.025 ms - -[0m
2026-08-08 10:06:35 [INFO]: [0mGET /css/auth.css [36m304[0m 1.515 ms - -[0m
2026-08-08 10:06:35 [INFO]: [0mGET /css/verify.css [36m304[0m 0.585 ms - -[0m
2026-08-08 10:06:35 [INFO]: [0mGET /js/admin/categories.js [36m304[0m 2.829 ms - -[0m
2026-08-08 10:06:35 [INFO]: [0mGET /js/admin/brands.js [36m304[0m 0.279 ms - -[0m
2026-08-08 10:06:35 [INFO]: [0mGET /js/admin/products.js [36m304[0m 0.571 ms - -[0m
2026-08-08 10:06:35 [INFO]: [0mGET /js/header.js [36m304[0m 0.883 ms - -[0m
2026-08-08 10:06:35 [INFO]: [0mGET /js/notification.js [36m304[0m 1.249 ms - -[0m
2026-08-08 10:07:00 [INFO]: [0mGET /admin/categories [36m304[0m 215.496 ms - -[0m
2026-08-08 10:07:00 [INFO]: [0mGET /css/style.css [36m304[0m 1.784 ms - -[0m
2026-08-08 10:07:00 [INFO]: [0mGET /css/admin/layout.css [36m304[0m 1.463 ms - -[0m
2026-08-08 10:07:00 [INFO]: [0mGET /css/admin/users.css [36m304[0m 1.776 ms - -[0m
2026-08-08 10:07:00 [INFO]: [0mGET /css/admin/brands.css [36m304[0m 0.844 ms - -[0m
2026-08-08 10:07:00 [INFO]: [0mGET /css/header.css [36m304[0m 0.578 ms - -[0m
2026-08-08 10:07:00 [INFO]: [0mGET /css/admin/products.css [36m304[0m 0.996 ms - -[0m
2026-08-08 10:07:00 [INFO]: [0mGET /images/logo/plantora.png [36m304[0m 0.747 ms - -[0m
2026-08-08 10:07:00 [INFO]: [0mGET /js/admin/layout.js [36m304[0m 0.158 ms - -[0m
2026-08-08 10:07:00 [INFO]: [0mGET /js/admin/users.js [36m304[0m 0.474 ms - -[0m
2026-08-08 10:07:00 [INFO]: [0mGET /css/admin/categories.css [32m200[0m 2.320 ms - -[0m
2026-08-08 10:07:00 [INFO]: [0mGET /js/admin/categories.js [36m304[0m 0.306 ms - -[0m
2026-08-08 10:07:00 [INFO]: [0mGET /css/utilities.css [36m304[0m 0.296 ms - -[0m
2026-08-08 10:07:00 [INFO]: [0mGET /css/variables.css [36m304[0m 0.749 ms - -[0m
2026-08-08 10:07:00 [INFO]: [0mGET /css/animations.css [36m304[0m 0.871 ms - -[0m
2026-08-08 10:07:00 [INFO]: [0mGET /css/announcement.css [36m304[0m 1.014 ms - -[0m
2026-08-08 10:07:00 [INFO]: [0mGET /css/hero.css [36m304[0m 0.245 ms - -[0m
2026-08-08 10:07:00 [INFO]: [0mGET /css/featured.css [36m304[0m 0.300 ms - -[0m
2026-08-08 10:07:00 [INFO]: [0mGET /css/why-choose.css [36m304[0m 0.431 ms - -[0m
2026-08-08 10:07:00 [INFO]: [0mGET /css/footer.css [36m304[0m 0.463 ms - -[0m
2026-08-08 10:07:00 [INFO]: [0mGET /css/auth.css [36m304[0m 0.482 ms - -[0m
2026-08-08 10:07:00 [INFO]: [0mGET /css/verify.css [36m304[0m 0.743 ms - -[0m
2026-08-08 10:07:00 [INFO]: [0mGET /js/admin/brands.js [36m304[0m 0.406 ms - -[0m
2026-08-08 10:07:00 [INFO]: [0mGET /js/admin/products.js [36m304[0m 0.669 ms - -[0m
2026-08-08 10:07:00 [INFO]: [0mGET /js/header.js [36m304[0m 0.172 ms - -[0m
2026-08-08 10:07:00 [INFO]: [0mGET /js/notification.js [36m304[0m 0.258 ms - -[0m
2026-08-08 10:07:06 [INFO]: [0mGET /css/style.css [36m304[0m 0.280 ms - -[0m
2026-08-08 10:07:06 [INFO]: [0mGET /css/variables.css [36m304[0m 0.313 ms - -[0m
2026-08-08 10:07:06 [INFO]: [0mGET /css/utilities.css [36m304[0m 0.523 ms - -[0m
2026-08-08 10:07:06 [INFO]: [0mGET /css/animations.css [36m304[0m 0.426 ms - -[0m
2026-08-08 10:07:06 [INFO]: [0mGET /css/announcement.css [36m304[0m 0.507 ms - -[0m
2026-08-08 10:07:06 [INFO]: [0mGET /css/header.css [36m304[0m 0.662 ms - -[0m
2026-08-08 10:07:06 [INFO]: [0mGET /css/hero.css [36m304[0m 0.310 ms - -[0m
2026-08-08 10:07:06 [INFO]: [0mGET /css/featured.css [36m304[0m 0.170 ms - -[0m
2026-08-08 10:07:06 [INFO]: [0mGET /css/why-choose.css [36m304[0m 0.304 ms - -[0m
2026-08-08 10:07:06 [INFO]: [0mGET /css/footer.css [36m304[0m 0.375 ms - -[0m
2026-08-08 10:07:06 [INFO]: [0mGET /css/auth.css [36m304[0m 0.621 ms - -[0m
2026-08-08 10:07:06 [INFO]: [0mGET /css/verify.css [36m304[0m 0.835 ms - -[0m
2026-08-08 10:07:06 [INFO]: [0mGET /css/admin/layout.css [36m304[0m 0.230 ms - -[0m
2026-08-08 10:07:06 [INFO]: [0mGET /css/admin/users.css [36m304[0m 0.302 ms - -[0m
2026-08-08 10:07:06 [INFO]: [0mGET /css/admin/categories.css [36m304[0m 0.491 ms - -[0m
2026-08-08 10:07:06 [INFO]: [0mGET /css/admin/brands.css [36m304[0m 0.238 ms - -[0m
2026-08-08 10:07:06 [INFO]: [0mGET /css/admin/products.css [36m304[0m 0.381 ms - -[0m
2026-08-08 10:07:06 [INFO]: [0mGET /.well-known/appspecific/com.chrome.devtools.json [33m404[0m 84.972 ms - 112[0m
2026-08-08 10:08:16 [INFO]: [0mGET /admin/categories [36m304[0m 223.942 ms - -[0m
2026-08-08 10:08:16 [INFO]: [0mGET /css/style.css [36m304[0m 1.452 ms - -[0m
2026-08-08 10:08:16 [INFO]: [0mGET /css/admin/layout.css [36m304[0m 1.286 ms - -[0m
2026-08-08 10:08:16 [INFO]: [0mGET /css/admin/users.css [36m304[0m 1.286 ms - -[0m
2026-08-08 10:08:16 [INFO]: [0mGET /css/header.css [36m304[0m 1.523 ms - -[0m
2026-08-08 10:08:16 [INFO]: [0mGET /css/admin/categories.css [36m304[0m 1.658 ms - -[0m
2026-08-08 10:08:16 [INFO]: [0mGET /css/admin/brands.css [36m304[0m 1.842 ms - -[0m
2026-08-08 10:08:16 [INFO]: [0mGET /css/admin/products.css [32m200[0m 2.322 ms - -[0m
2026-08-08 10:08:16 [INFO]: [0mGET /images/logo/plantora.png [36m304[0m 0.227 ms - -[0m
2026-08-08 10:08:16 [INFO]: [0mGET /js/admin/layout.js [36m304[0m 0.711 ms - -[0m
2026-08-08 10:08:16 [INFO]: [0mGET /js/admin/users.js [36m304[0m 0.925 ms - -[0m
2026-08-08 10:08:16 [INFO]: [0mGET /js/admin/categories.js [36m304[0m 1.067 ms - -[0m
2026-08-08 10:08:16 [INFO]: [0mGET /js/admin/brands.js [36m304[0m 1.357 ms - -[0m
2026-08-08 10:08:16 [INFO]: [0mGET /js/admin/products.js [36m304[0m 0.445 ms - -[0m
2026-08-08 10:08:16 [INFO]: [0mGET /css/variables.css [36m304[0m 0.604 ms - -[0m
2026-08-08 10:08:16 [INFO]: [0mGET /js/header.js [36m304[0m 0.734 ms - -[0m
2026-08-08 10:08:16 [INFO]: [0mGET /js/notification.js [36m304[0m 0.860 ms - -[0m
2026-08-08 10:08:16 [INFO]: [0mGET /css/utilities.css [36m304[0m 0.928 ms - -[0m
2026-08-08 10:08:16 [INFO]: [0mGET /css/animations.css [36m304[0m 1.040 ms - -[0m
2026-08-08 10:08:16 [INFO]: [0mGET /css/announcement.css [36m304[0m 1.209 ms - -[0m
2026-08-08 10:08:16 [INFO]: [0mGET /css/hero.css [36m304[0m 1.397 ms - -[0m
2026-08-08 10:08:16 [INFO]: [0mGET /css/featured.css [36m304[0m 1.466 ms - -[0m
2026-08-08 10:08:16 [INFO]: [0mGET /css/why-choose.css [36m304[0m 1.520 ms - -[0m
2026-08-08 10:08:16 [INFO]: [0mGET /css/footer.css [36m304[0m 0.743 ms - -[0m
2026-08-08 10:08:16 [INFO]: [0mGET /css/auth.css [36m304[0m 0.535 ms - -[0m
2026-08-08 10:08:16 [INFO]: [0mGET /css/verify.css [36m304[0m 0.616 ms - -[0m
2026-08-08 10:08:21 [INFO]: [0mGET /css/style.css [36m304[0m 0.870 ms - -[0m
2026-08-08 10:08:21 [INFO]: [0mGET /css/variables.css [36m304[0m 1.093 ms - -[0m
2026-08-08 10:08:21 [INFO]: [0mGET /css/utilities.css [36m304[0m 1.500 ms - -[0m
2026-08-08 10:08:21 [INFO]: [0mGET /css/animations.css [36m304[0m 1.668 ms - -[0m
2026-08-08 10:08:21 [INFO]: [0mGET /css/announcement.css [36m304[0m 1.894 ms - -[0m
2026-08-08 10:08:21 [INFO]: [0mGET /css/header.css [36m304[0m 2.105 ms - -[0m
2026-08-08 10:08:21 [INFO]: [0mGET /css/hero.css [36m304[0m 0.667 ms - -[0m
2026-08-08 10:08:21 [INFO]: [0mGET /css/featured.css [36m304[0m 0.642 ms - -[0m
2026-08-08 10:08:21 [INFO]: [0mGET /css/why-choose.css [36m304[0m 0.868 ms - -[0m
2026-08-08 10:08:21 [INFO]: [0mGET /css/footer.css [36m304[0m 0.170 ms - -[0m
2026-08-08 10:08:21 [INFO]: [0mGET /css/auth.css [36m304[0m 0.609 ms - -[0m
2026-08-08 10:08:21 [INFO]: [0mGET /css/verify.css [36m304[0m 0.724 ms - -[0m
2026-08-08 10:08:21 [INFO]: [0mGET /css/admin/layout.css [36m304[0m 1.177 ms - -[0m
2026-08-08 10:08:21 [INFO]: [0mGET /css/admin/users.css [36m304[0m 0.827 ms - -[0m
2026-08-08 10:08:21 [INFO]: [0mGET /css/admin/categories.css [36m304[0m 0.297 ms - -[0m
2026-08-08 10:08:21 [INFO]: [0mGET /css/admin/brands.css [36m304[0m 0.909 ms - -[0m
2026-08-08 10:08:21 [INFO]: [0mGET /css/admin/products.css [36m304[0m 0.572 ms - -[0m
2026-08-08 10:08:21 [INFO]: [0mGET /.well-known/appspecific/com.chrome.devtools.json [33m404[0m 86.148 ms - 112[0m
2026-08-08 10:09:30 [INFO]: [0mGET /admin/categories [36m304[0m 215.177 ms - -[0m
2026-08-08 10:09:30 [INFO]: [0mGET /css/style.css [36m304[0m 0.805 ms - -[0m
2026-08-08 10:09:30 [INFO]: [0mGET /css/admin/layout.css [36m304[0m 0.788 ms - -[0m
2026-08-08 10:09:30 [INFO]: [0mGET /css/admin/users.css [36m304[0m 0.805 ms - -[0m
2026-08-08 10:09:30 [INFO]: [0mGET /css/admin/brands.css [36m304[0m 0.367 ms - -[0m
2026-08-08 10:09:30 [INFO]: [0mGET /css/header.css [36m304[0m 1.397 ms - -[0m
2026-08-08 10:09:30 [INFO]: [0mGET /css/admin/categories.css [32m200[0m 1.388 ms - -[0m
2026-08-08 10:09:30 [INFO]: [0mGET /css/admin/products.css [32m200[0m 2.198 ms - -[0m
2026-08-08 10:09:30 [INFO]: [0mGET /images/logo/plantora.png [36m304[0m 0.192 ms - -[0m
2026-08-08 10:09:30 [INFO]: [0mGET /js/admin/layout.js [36m304[0m 1.083 ms - -[0m
2026-08-08 10:09:30 [INFO]: [0mGET /js/admin/users.js [36m304[0m 1.089 ms - -[0m
2026-08-08 10:09:30 [INFO]: [0mGET /js/admin/categories.js [36m304[0m 1.093 ms - -[0m
2026-08-08 10:09:30 [INFO]: [0mGET /js/admin/brands.js [36m304[0m 1.242 ms - -[0m
2026-08-08 10:09:30 [INFO]: [0mGET /js/admin/products.js [36m304[0m 1.285 ms - -[0m
2026-08-08 10:09:30 [INFO]: [0mGET /css/variables.css [36m304[0m 0.679 ms - -[0m
2026-08-08 10:09:30 [INFO]: [0mGET /css/utilities.css [36m304[0m 0.853 ms - -[0m
2026-08-08 10:09:30 [INFO]: [0mGET /css/animations.css [36m304[0m 0.998 ms - -[0m
2026-08-08 10:09:30 [INFO]: [0mGET /css/announcement.css [36m304[0m 1.162 ms - -[0m
2026-08-08 10:09:30 [INFO]: [0mGET /css/hero.css [36m304[0m 1.476 ms - -[0m
2026-08-08 10:09:30 [INFO]: [0mGET /css/featured.css [36m304[0m 1.344 ms - -[0m
2026-08-08 10:09:30 [INFO]: [0mGET /css/why-choose.css [36m304[0m 1.474 ms - -[0m
2026-08-08 10:09:30 [INFO]: [0mGET /css/footer.css [36m304[0m 1.742 ms - -[0m
2026-08-08 10:09:30 [INFO]: [0mGET /css/auth.css [36m304[0m 1.165 ms - -[0m
2026-08-08 10:09:30 [INFO]: [0mGET /css/verify.css [36m304[0m 0.421 ms - -[0m
2026-08-08 10:09:30 [INFO]: [0mGET /js/header.js [36m304[0m 0.259 ms - -[0m
2026-08-08 10:09:30 [INFO]: [0mGET /js/notification.js [36m304[0m 0.173 ms - -[0m
2026-08-08 10:09:31 [INFO]: [0mGET /.well-known/appspecific/com.chrome.devtools.json [33m404[0m 87.975 ms - 112[0m
2026-08-08 10:09:59 [INFO]: [0mGET /admin/categories [36m304[0m 217.634 ms - -[0m
2026-08-08 10:09:59 [INFO]: [0mGET /css/style.css [36m304[0m 0.298 ms - -[0m
2026-08-08 10:09:59 [INFO]: [0mGET /css/admin/layout.css [36m304[0m 0.743 ms - -[0m
2026-08-08 10:09:59 [INFO]: [0mGET /css/admin/users.css [36m304[0m 0.189 ms - -[0m
2026-08-08 10:09:59 [INFO]: [0mGET /css/admin/brands.css [36m304[0m 0.313 ms - -[0m
2026-08-08 10:09:59 [INFO]: [0mGET /css/admin/products.css [36m304[0m 0.803 ms - -[0m
2026-08-08 10:09:59 [INFO]: [0mGET /css/header.css [36m304[0m 0.600 ms - -[0m
2026-08-08 10:09:59 [INFO]: [0mGET /css/admin/categories.css [32m200[0m 1.242 ms - -[0m
2026-08-08 10:09:59 [INFO]: [0mGET /images/logo/plantora.png [36m304[0m 0.387 ms - -[0m
2026-08-08 10:09:59 [INFO]: [0mGET /js/admin/layout.js [36m304[0m 1.039 ms - -[0m
2026-08-08 10:09:59 [INFO]: [0mGET /js/admin/products.js [36m304[0m 0.917 ms - -[0m
2026-08-08 10:09:59 [INFO]: [0mGET /js/admin/users.js [36m304[0m 1.197 ms - -[0m
2026-08-08 10:09:59 [INFO]: [0mGET /js/admin/categories.js [36m304[0m 1.418 ms - -[0m
2026-08-08 10:09:59 [INFO]: [0mGET /js/admin/brands.js [36m304[0m 1.618 ms - -[0m
2026-08-08 10:09:59 [INFO]: [0mGET /js/header.js [36m304[0m 0.557 ms - -[0m
2026-08-08 10:09:59 [INFO]: [0mGET /js/notification.js [36m304[0m 0.221 ms - -[0m
2026-08-08 10:09:59 [INFO]: [0mGET /css/variables.css [36m304[0m 0.498 ms - -[0m
2026-08-08 10:09:59 [INFO]: [0mGET /css/utilities.css [36m304[0m 0.891 ms - -[0m
2026-08-08 10:09:59 [INFO]: [0mGET /css/animations.css [36m304[0m 0.666 ms - -[0m
2026-08-08 10:09:59 [INFO]: [0mGET /css/announcement.css [36m304[0m 0.711 ms - -[0m
2026-08-08 10:09:59 [INFO]: [0mGET /css/hero.css [36m304[0m 0.174 ms - -[0m
2026-08-08 10:09:59 [INFO]: [0mGET /css/featured.css [36m304[0m 0.292 ms - -[0m
2026-08-08 10:09:59 [INFO]: [0mGET /css/why-choose.css [36m304[0m 0.281 ms - -[0m
2026-08-08 10:09:59 [INFO]: [0mGET /css/footer.css [36m304[0m 0.465 ms - -[0m
2026-08-08 10:09:59 [INFO]: [0mGET /css/auth.css [36m304[0m 0.176 ms - -[0m
2026-08-08 10:09:59 [INFO]: [0mGET /css/verify.css [36m304[0m 0.146 ms - -[0m
2026-08-08 10:09:59 [INFO]: [0mGET /.well-known/appspecific/com.chrome.devtools.json [33m404[0m 88.157 ms - 112[0m
2026-08-08 10:10:05 [INFO]: [0mGET /admin/categories [36m304[0m 217.205 ms - -[0m
2026-08-08 10:10:05 [INFO]: [0mGET /css/style.css [36m304[0m 1.001 ms - -[0m
2026-08-08 10:10:05 [INFO]: [0mGET /css/admin/layout.css [36m304[0m 0.920 ms - -[0m
2026-08-08 10:10:05 [INFO]: [0mGET /css/admin/users.css [36m304[0m 1.102 ms - -[0m
2026-08-08 10:10:05 [INFO]: [0mGET /css/admin/categories.css [36m304[0m 1.208 ms - -[0m
2026-08-08 10:10:05 [INFO]: [0mGET /css/admin/brands.css [36m304[0m 1.340 ms - -[0m
2026-08-08 10:10:05 [INFO]: [0mGET /css/admin/products.css [36m304[0m 1.583 ms - -[0m
2026-08-08 10:10:05 [INFO]: [0mGET /css/header.css [36m304[0m 0.253 ms - -[0m
2026-08-08 10:10:05 [INFO]: [0mGET /images/logo/plantora.png [36m304[0m 0.154 ms - -[0m
2026-08-08 10:10:05 [INFO]: [0mGET /js/admin/layout.js [36m304[0m 0.588 ms - -[0m
2026-08-08 10:10:05 [INFO]: [0mGET /js/admin/users.js [36m304[0m 0.735 ms - -[0m
2026-08-08 10:10:05 [INFO]: [0mGET /js/admin/categories.js [36m304[0m 0.798 ms - -[0m
2026-08-08 10:10:05 [INFO]: [0mGET /js/admin/brands.js [36m304[0m 1.404 ms - -[0m
2026-08-08 10:10:05 [INFO]: [0mGET /js/admin/products.js [36m304[0m 0.766 ms - -[0m
2026-08-08 10:10:05 [INFO]: [0mGET /css/variables.css [36m304[0m 0.770 ms - -[0m
2026-08-08 10:10:05 [INFO]: [0mGET /css/utilities.css [36m304[0m 1.057 ms - -[0m
2026-08-08 10:10:05 [INFO]: [0mGET /css/animations.css [36m304[0m 1.254 ms - -[0m
2026-08-08 10:10:05 [INFO]: [0mGET /css/announcement.css [36m304[0m 1.375 ms - -[0m
2026-08-08 10:10:05 [INFO]: [0mGET /css/hero.css [36m304[0m 1.465 ms - -[0m
2026-08-08 10:10:05 [INFO]: [0mGET /css/featured.css [36m304[0m 1.557 ms - -[0m
2026-08-08 10:10:05 [INFO]: [0mGET /css/why-choose.css [36m304[0m 0.924 ms - -[0m
2026-08-08 10:10:05 [INFO]: [0mGET /css/footer.css [36m304[0m 1.002 ms - -[0m
2026-08-08 10:10:05 [INFO]: [0mGET /css/auth.css [36m304[0m 1.172 ms - -[0m
2026-08-08 10:10:05 [INFO]: [0mGET /css/verify.css [36m304[0m 1.418 ms - -[0m
2026-08-08 10:10:05 [INFO]: [0mGET /js/header.js [36m304[0m 0.435 ms - -[0m
2026-08-08 10:10:05 [INFO]: [0mGET /js/notification.js [36m304[0m 0.446 ms - -[0m
2026-08-08 10:10:07 [INFO]: [0mGET /admin/brands [36m304[0m 216.907 ms - -[0m
2026-08-08 10:10:07 [INFO]: [0mGET /css/style.css [36m304[0m 0.769 ms - -[0m
2026-08-08 10:10:07 [INFO]: [0mGET /css/admin/layout.css [36m304[0m 1.095 ms - -[0m
2026-08-08 10:10:07 [INFO]: [0mGET /css/admin/users.css [36m304[0m 1.239 ms - -[0m
2026-08-08 10:10:07 [INFO]: [0mGET /css/admin/categories.css [36m304[0m 3.332 ms - -[0m
2026-08-08 10:10:07 [INFO]: [0mGET /css/admin/brands.css [36m304[0m 4.413 ms - -[0m
2026-08-08 10:10:07 [INFO]: [0mGET /css/admin/products.css [36m304[0m 2.975 ms - -[0m
2026-08-08 10:10:07 [INFO]: [0mGET /css/header.css [36m304[0m 0.396 ms - -[0m
2026-08-08 10:10:07 [INFO]: [0mGET /images/logo/plantora.png [36m304[0m 0.698 ms - -[0m
2026-08-08 10:10:07 [INFO]: [0mGET /js/admin/layout.js [36m304[0m 0.502 ms - -[0m
2026-08-08 10:10:07 [INFO]: [0mGET /js/admin/users.js [36m304[0m 1.242 ms - -[0m
2026-08-08 10:10:07 [INFO]: [0mGET /js/admin/categories.js [36m304[0m 1.027 ms - -[0m
2026-08-08 10:10:07 [INFO]: [0mGET /js/admin/brands.js [36m304[0m 1.549 ms - -[0m
2026-08-08 10:10:07 [INFO]: [0mGET /js/admin/products.js [36m304[0m 0.252 ms - -[0m
2026-08-08 10:10:07 [INFO]: [0mGET /js/header.js [36m304[0m 0.716 ms - -[0m
2026-08-08 10:10:07 [INFO]: [0mGET /js/notification.js [36m304[0m 0.457 ms - -[0m
2026-08-08 10:10:07 [INFO]: [0mGET /css/variables.css [36m304[0m 0.508 ms - -[0m
2026-08-08 10:10:07 [INFO]: [0mGET /css/utilities.css [36m304[0m 0.792 ms - -[0m
2026-08-08 10:10:07 [INFO]: [0mGET /css/animations.css [36m304[0m 1.123 ms - -[0m
2026-08-08 10:10:07 [INFO]: [0mGET /css/announcement.css [36m304[0m 1.675 ms - -[0m
2026-08-08 10:10:07 [INFO]: [0mGET /css/hero.css [36m304[0m 0.591 ms - -[0m
2026-08-08 10:10:07 [INFO]: [0mGET /css/featured.css [36m304[0m 0.572 ms - -[0m
2026-08-08 10:10:07 [INFO]: [0mGET /css/why-choose.css [36m304[0m 0.779 ms - -[0m
2026-08-08 10:10:07 [INFO]: [0mGET /css/footer.css [36m304[0m 0.319 ms - -[0m
2026-08-08 10:10:07 [INFO]: [0mGET /css/auth.css [36m304[0m 0.338 ms - -[0m
2026-08-08 10:10:07 [INFO]: [0mGET /css/verify.css [36m304[0m 0.514 ms - -[0m
2026-08-08 10:10:09 [INFO]: [0mGET /admin/products [36m304[0m 172.862 ms - -[0m
2026-08-08 10:10:09 [INFO]: [0mGET /css/style.css [36m304[0m 0.536 ms - -[0m
2026-08-08 10:10:09 [INFO]: [0mGET /css/admin/layout.css [36m304[0m 0.651 ms - -[0m
2026-08-08 10:10:09 [INFO]: [0mGET /css/admin/users.css [36m304[0m 1.082 ms - -[0m
2026-08-08 10:10:09 [INFO]: [0mGET /css/admin/categories.css [36m304[0m 1.441 ms - -[0m
2026-08-08 10:10:09 [INFO]: [0mGET /css/admin/brands.css [36m304[0m 2.440 ms - -[0m
2026-08-08 10:10:09 [INFO]: [0mGET /css/admin/products.css [36m304[0m 0.849 ms - -[0m
2026-08-08 10:10:09 [INFO]: [0mGET /css/header.css [36m304[0m 0.506 ms - -[0m
2026-08-08 10:10:09 [INFO]: [0mGET /images/logo/plantora.png [36m304[0m 0.771 ms - -[0m
2026-08-08 10:10:09 [INFO]: [0mGET /js/admin/layout.js [36m304[0m 0.777 ms - -[0m
2026-08-08 10:10:09 [INFO]: [0mGET /js/admin/users.js [36m304[0m 0.720 ms - -[0m
2026-08-08 10:10:09 [INFO]: [0mGET /js/admin/categories.js [36m304[0m 0.605 ms - -[0m
2026-08-08 10:10:09 [INFO]: [0mGET /js/admin/brands.js [36m304[0m 0.734 ms - -[0m
2026-08-08 10:10:09 [INFO]: [0mGET /js/admin/products.js [36m304[0m 0.213 ms - -[0m
2026-08-08 10:10:09 [INFO]: [0mGET /js/header.js [36m304[0m 0.343 ms - -[0m
2026-08-08 10:10:09 [INFO]: [0mGET /js/notification.js [36m304[0m 0.529 ms - -[0m
2026-08-08 10:10:09 [INFO]: [0mGET /css/variables.css [36m304[0m 0.205 ms - -[0m
2026-08-08 10:10:09 [INFO]: [0mGET /css/animations.css [36m304[0m 0.299 ms - -[0m
2026-08-08 10:10:09 [INFO]: [0mGET /css/utilities.css [36m304[0m 0.705 ms - -[0m
2026-08-08 10:10:09 [INFO]: [0mGET /css/announcement.css [36m304[0m 0.856 ms - -[0m
2026-08-08 10:10:09 [INFO]: [0mGET /css/hero.css [36m304[0m 1.049 ms - -[0m
2026-08-08 10:10:09 [INFO]: [0mGET /css/featured.css [36m304[0m 1.265 ms - -[0m
2026-08-08 10:10:09 [INFO]: [0mGET /css/why-choose.css [36m304[0m 1.638 ms - -[0m
2026-08-08 10:10:09 [INFO]: [0mGET /css/footer.css [36m304[0m 0.266 ms - -[0m
2026-08-08 10:10:09 [INFO]: [0mGET /css/auth.css [36m304[0m 0.347 ms - -[0m
2026-08-08 10:10:09 [INFO]: [0mGET /css/verify.css [36m304[0m 0.249 ms - -[0m
2026-08-08 10:10:12 [INFO]: [0mGET /admin/products/trash [36m304[0m 202.366 ms - -[0m
2026-08-08 10:10:12 [INFO]: [0mGET /css/style.css [36m304[0m 0.426 ms - -[0m
2026-08-08 10:10:12 [INFO]: [0mGET /css/admin/layout.css [36m304[0m 0.592 ms - -[0m
2026-08-08 10:10:12 [INFO]: [0mGET /css/admin/users.css [36m304[0m 0.321 ms - -[0m
2026-08-08 10:10:12 [INFO]: [0mGET /css/admin/categories.css [36m304[0m 0.415 ms - -[0m
2026-08-08 10:10:12 [INFO]: [0mGET /css/admin/brands.css [36m304[0m 0.486 ms - -[0m
2026-08-08 10:10:12 [INFO]: [0mGET /css/admin/products.css [36m304[0m 0.636 ms - -[0m
2026-08-08 10:10:12 [INFO]: [0mGET /css/header.css [36m304[0m 0.148 ms - -[0m
2026-08-08 10:10:12 [INFO]: [0mGET /images/logo/plantora.png [36m304[0m 0.385 ms - -[0m
2026-08-08 10:10:12 [INFO]: [0mGET /js/admin/layout.js [36m304[0m 0.644 ms - -[0m
2026-08-08 10:10:12 [INFO]: [0mGET /js/admin/users.js [36m304[0m 0.188 ms - -[0m
2026-08-08 10:10:12 [INFO]: [0mGET /js/admin/categories.js [36m304[0m 0.309 ms - -[0m
2026-08-08 10:10:12 [INFO]: [0mGET /js/admin/brands.js [36m304[0m 0.471 ms - -[0m
2026-08-08 10:10:12 [INFO]: [0mGET /js/admin/products.js [36m304[0m 0.153 ms - -[0m
2026-08-08 10:10:12 [INFO]: [0mGET /js/header.js [36m304[0m 0.145 ms - -[0m
2026-08-08 10:10:12 [INFO]: [0mGET /js/notification.js [36m304[0m 0.115 ms - -[0m
2026-08-08 10:10:12 [INFO]: [0mGET /css/variables.css [36m304[0m 0.343 ms - -[0m
2026-08-08 10:10:12 [INFO]: [0mGET /css/utilities.css [36m304[0m 0.318 ms - -[0m
2026-08-08 10:10:12 [INFO]: [0mGET /css/animations.css [36m304[0m 0.470 ms - -[0m
2026-08-08 10:10:12 [INFO]: [0mGET /css/announcement.css [36m304[0m 0.205 ms - -[0m
2026-08-08 10:10:12 [INFO]: [0mGET /css/hero.css [36m304[0m 0.295 ms - -[0m
2026-08-08 10:10:12 [INFO]: [0mGET /css/featured.css [36m304[0m 0.480 ms - -[0m
2026-08-08 10:10:12 [INFO]: [0mGET /css/why-choose.css [36m304[0m 0.276 ms - -[0m
2026-08-08 10:10:12 [INFO]: [0mGET /css/footer.css [36m304[0m 0.448 ms - -[0m
2026-08-08 10:10:12 [INFO]: [0mGET /css/auth.css [36m304[0m 0.186 ms - -[0m
2026-08-08 10:10:12 [INFO]: [0mGET /css/verify.css [36m304[0m 0.620 ms - -[0m
2026-08-08 10:10:15 [INFO]: [0mGET /admin/products [36m304[0m 159.345 ms - -[0m
2026-08-08 10:10:15 [INFO]: [0mGET /css/style.css [36m304[0m 0.454 ms - -[0m
2026-08-08 10:10:15 [INFO]: [0mGET /css/admin/layout.css [36m304[0m 0.422 ms - -[0m
2026-08-08 10:10:15 [INFO]: [0mGET /css/admin/users.css [36m304[0m 0.581 ms - -[0m
2026-08-08 10:10:15 [INFO]: [0mGET /css/admin/categories.css [36m304[0m 0.754 ms - -[0m
2026-08-08 10:10:15 [INFO]: [0mGET /css/admin/brands.css [36m304[0m 0.859 ms - -[0m
2026-08-08 10:10:15 [INFO]: [0mGET /css/admin/products.css [36m304[0m 1.000 ms - -[0m
2026-08-08 10:10:15 [INFO]: [0mGET /css/header.css [36m304[0m 0.593 ms - -[0m
2026-08-08 10:10:15 [INFO]: [0mGET /images/logo/plantora.png [36m304[0m 0.595 ms - -[0m
2026-08-08 10:10:15 [INFO]: [0mGET /js/admin/layout.js [36m304[0m 0.313 ms - -[0m
2026-08-08 10:10:15 [INFO]: [0mGET /js/admin/users.js [36m304[0m 0.382 ms - -[0m
2026-08-08 10:10:15 [INFO]: [0mGET /js/admin/categories.js [36m304[0m 0.785 ms - -[0m
2026-08-08 10:10:15 [INFO]: [0mGET /js/admin/brands.js [36m304[0m 1.055 ms - -[0m
2026-08-08 10:10:15 [INFO]: [0mGET /js/admin/products.js [36m304[0m 1.422 ms - -[0m
2026-08-08 10:10:15 [INFO]: [0mGET /js/header.js [36m304[0m 1.780 ms - -[0m
2026-08-08 10:10:15 [INFO]: [0mGET /css/variables.css [36m304[0m 0.601 ms - -[0m
2026-08-08 10:10:15 [INFO]: [0mGET /css/utilities.css [36m304[0m 2.075 ms - -[0m
2026-08-08 10:10:15 [INFO]: [0mGET /css/animations.css [36m304[0m 1.269 ms - -[0m
2026-08-08 10:10:15 [INFO]: [0mGET /css/announcement.css [36m304[0m 1.374 ms - -[0m
2026-08-08 10:10:15 [INFO]: [0mGET /css/hero.css [36m304[0m 2.173 ms - -[0m
2026-08-08 10:10:15 [INFO]: [0mGET /css/featured.css [36m304[0m 0.831 ms - -[0m
2026-08-08 10:10:15 [INFO]: [0mGET /css/why-choose.css [36m304[0m 1.301 ms - -[0m
2026-08-08 10:10:15 [INFO]: [0mGET /css/footer.css [36m304[0m 0.835 ms - -[0m
2026-08-08 10:10:15 [INFO]: [0mGET /css/auth.css [36m304[0m 0.687 ms - -[0m
2026-08-08 10:10:15 [INFO]: [0mGET /css/verify.css [36m304[0m 1.009 ms - -[0m
2026-08-08 10:10:15 [INFO]: [0mGET /js/notification.js [36m304[0m 0.314 ms - -[0m
2026-08-08 10:10:16 [INFO]: [0mGET /admin/brands [36m304[0m 216.102 ms - -[0m
2026-08-08 10:10:16 [INFO]: [0mGET /css/style.css [36m304[0m 0.380 ms - -[0m
2026-08-08 10:10:16 [INFO]: [0mGET /css/admin/users.css [36m304[0m 0.835 ms - -[0m
2026-08-08 10:10:16 [INFO]: [0mGET /css/admin/layout.css [36m304[0m 1.329 ms - -[0m
2026-08-08 10:10:16 [INFO]: [0mGET /css/admin/categories.css [36m304[0m 0.418 ms - -[0m
2026-08-08 10:10:16 [INFO]: [0mGET /css/admin/brands.css [36m304[0m 0.571 ms - -[0m
2026-08-08 10:10:16 [INFO]: [0mGET /css/admin/products.css [36m304[0m 0.714 ms - -[0m
2026-08-08 10:10:16 [INFO]: [0mGET /css/header.css [36m304[0m 1.103 ms - -[0m
2026-08-08 10:10:16 [INFO]: [0mGET /images/logo/plantora.png [36m304[0m 0.220 ms - -[0m
2026-08-08 10:10:16 [INFO]: [0mGET /js/admin/layout.js [36m304[0m 1.113 ms - -[0m
2026-08-08 10:10:16 [INFO]: [0mGET /js/admin/users.js [36m304[0m 0.840 ms - -[0m
2026-08-08 10:10:16 [INFO]: [0mGET /js/admin/categories.js [36m304[0m 0.821 ms - -[0m
2026-08-08 10:10:16 [INFO]: [0mGET /js/admin/brands.js [36m304[0m 1.065 ms - -[0m
2026-08-08 10:10:16 [INFO]: [0mGET /js/admin/products.js [36m304[0m 1.244 ms - -[0m
2026-08-08 10:10:16 [INFO]: [0mGET /js/header.js [36m304[0m 2.054 ms - -[0m
2026-08-08 10:10:16 [INFO]: [0mGET /css/variables.css [36m304[0m 0.534 ms - -[0m
2026-08-08 10:10:16 [INFO]: [0mGET /css/utilities.css [36m304[0m 0.679 ms - -[0m
2026-08-08 10:10:16 [INFO]: [0mGET /css/animations.css [36m304[0m 0.989 ms - -[0m
2026-08-08 10:10:16 [INFO]: [0mGET /css/announcement.css [36m304[0m 0.819 ms - -[0m
2026-08-08 10:10:16 [INFO]: [0mGET /css/hero.css [36m304[0m 1.564 ms - -[0m
2026-08-08 10:10:16 [INFO]: [0mGET /css/featured.css [36m304[0m 2.008 ms - -[0m
2026-08-08 10:10:16 [INFO]: [0mGET /css/why-choose.css [36m304[0m 0.941 ms - -[0m
2026-08-08 10:10:16 [INFO]: [0mGET /css/footer.css [36m304[0m 0.335 ms - -[0m
2026-08-08 10:10:16 [INFO]: [0mGET /css/auth.css [36m304[0m 0.662 ms - -[0m
2026-08-08 10:10:16 [INFO]: [0mGET /css/verify.css [36m304[0m 0.329 ms - -[0m
2026-08-08 10:10:16 [INFO]: [0mGET /js/notification.js [36m304[0m 0.412 ms - -[0m
2026-08-08 10:10:18 [INFO]: [0mGET /admin/categories [36m304[0m 217.389 ms - -[0m
2026-08-08 10:10:18 [INFO]: [0mGET /css/style.css [36m304[0m 0.427 ms - -[0m
2026-08-08 10:10:18 [INFO]: [0mGET /css/admin/layout.css [36m304[0m 0.950 ms - -[0m
2026-08-08 10:10:18 [INFO]: [0mGET /css/admin/users.css [36m304[0m 1.258 ms - -[0m
2026-08-08 10:10:18 [INFO]: [0mGET /css/admin/categories.css [36m304[0m 1.551 ms - -[0m
2026-08-08 10:10:18 [INFO]: [0mGET /css/admin/brands.css [36m304[0m 1.937 ms - -[0m
2026-08-08 10:10:18 [INFO]: [0mGET /css/admin/products.css [36m304[0m 2.145 ms - -[0m
2026-08-08 10:10:18 [INFO]: [0mGET /css/header.css [36m304[0m 2.820 ms - -[0m
2026-08-08 10:10:18 [INFO]: [0mGET /images/logo/plantora.png [36m304[0m 0.562 ms - -[0m
2026-08-08 10:10:18 [INFO]: [0mGET /js/admin/layout.js [36m304[0m 0.579 ms - -[0m
2026-08-08 10:10:18 [INFO]: [0mGET /js/admin/categories.js [36m304[0m 0.091 ms - -[0m
2026-08-08 10:10:18 [INFO]: [0mGET /js/admin/users.js [36m304[0m 0.580 ms - -[0m
2026-08-08 10:10:18 [INFO]: [0mGET /js/admin/brands.js [36m304[0m 0.320 ms - -[0m
2026-08-08 10:10:18 [INFO]: [0mGET /css/variables.css [36m304[0m 0.471 ms - -[0m
2026-08-08 10:10:18 [INFO]: [0mGET /css/utilities.css [36m304[0m 0.604 ms - -[0m
2026-08-08 10:10:18 [INFO]: [0mGET /css/animations.css [36m304[0m 0.416 ms - -[0m
2026-08-08 10:10:18 [INFO]: [0mGET /css/announcement.css [36m304[0m 0.476 ms - -[0m
2026-08-08 10:10:18 [INFO]: [0mGET /css/hero.css [36m304[0m 0.153 ms - -[0m
2026-08-08 10:10:18 [INFO]: [0mGET /css/featured.css [36m304[0m 0.489 ms - -[0m
2026-08-08 10:10:18 [INFO]: [0mGET /css/why-choose.css [36m304[0m 0.517 ms - -[0m
2026-08-08 10:10:18 [INFO]: [0mGET /css/footer.css [36m304[0m 0.619 ms - -[0m
2026-08-08 10:10:18 [INFO]: [0mGET /css/auth.css [36m304[0m 0.488 ms - -[0m
2026-08-08 10:10:18 [INFO]: [0mGET /css/verify.css [36m304[0m 0.634 ms - -[0m
2026-08-08 10:10:18 [INFO]: [0mGET /js/admin/products.js [36m304[0m 0.181 ms - -[0m
2026-08-08 10:10:18 [INFO]: [0mGET /js/header.js [36m304[0m 0.306 ms - -[0m
2026-08-08 10:10:18 [INFO]: [0mGET /js/notification.js [36m304[0m 0.430 ms - -[0m
2026-08-08 10:10:20 [INFO]: [0mGET /admin/users/trash [36m304[0m 212.938 ms - -[0m
2026-08-08 10:10:20 [INFO]: [0mGET /css/style.css [36m304[0m 0.512 ms - -[0m
2026-08-08 10:10:20 [INFO]: [0mGET /css/admin/layout.css [36m304[0m 1.068 ms - -[0m
2026-08-08 10:10:20 [INFO]: [0mGET /css/admin/users.css [36m304[0m 0.272 ms - -[0m
2026-08-08 10:10:20 [INFO]: [0mGET /css/admin/brands.css [36m304[0m 0.389 ms - -[0m
2026-08-08 10:10:20 [INFO]: [0mGET /css/admin/products.css [36m304[0m 0.576 ms - -[0m
2026-08-08 10:10:20 [INFO]: [0mGET /css/admin/categories.css [36m304[0m 0.873 ms - -[0m
2026-08-08 10:10:20 [INFO]: [0mGET /css/header.css [36m304[0m 1.008 ms - -[0m
2026-08-08 10:10:20 [INFO]: [0mGET /images/logo/plantora.png [36m304[0m 0.200 ms - -[0m
2026-08-08 10:10:20 [INFO]: [0mGET /js/admin/layout.js [36m304[0m 0.347 ms - -[0m
2026-08-08 10:10:20 [INFO]: [0mGET /js/admin/users.js [36m304[0m 0.281 ms - -[0m
2026-08-08 10:10:20 [INFO]: [0mGET /js/admin/categories.js [36m304[0m 0.310 ms - -[0m
2026-08-08 10:10:20 [INFO]: [0mGET /js/admin/brands.js [36m304[0m 0.561 ms - -[0m
2026-08-08 10:10:20 [INFO]: [0mGET /js/admin/products.js [36m304[0m 0.714 ms - -[0m
2026-08-08 10:10:20 [INFO]: [0mGET /js/header.js [36m304[0m 1.463 ms - -[0m
2026-08-08 10:10:20 [INFO]: [0mGET /css/variables.css [36m304[0m 1.665 ms - -[0m
2026-08-08 10:10:20 [INFO]: [0mGET /css/utilities.css [36m304[0m 0.273 ms - -[0m
2026-08-08 10:10:20 [INFO]: [0mGET /css/animations.css [36m304[0m 0.370 ms - -[0m
2026-08-08 10:10:20 [INFO]: [0mGET /css/announcement.css [36m304[0m 0.566 ms - -[0m
2026-08-08 10:10:20 [INFO]: [0mGET /css/hero.css [36m304[0m 0.822 ms - -[0m
2026-08-08 10:10:20 [INFO]: [0mGET /css/featured.css [36m304[0m 0.158 ms - -[0m
2026-08-08 10:10:20 [INFO]: [0mGET /css/why-choose.css [36m304[0m 0.352 ms - -[0m
2026-08-08 10:10:20 [INFO]: [0mGET /css/footer.css [36m304[0m 0.237 ms - -[0m
2026-08-08 10:10:20 [INFO]: [0mGET /css/auth.css [36m304[0m 0.288 ms - -[0m
2026-08-08 10:10:20 [INFO]: [0mGET /css/verify.css [36m304[0m 0.529 ms - -[0m
2026-08-08 10:10:20 [INFO]: [0mGET /js/notification.js [36m304[0m 0.201 ms - -[0m
2026-08-08 10:10:22 [INFO]: [0mGET /admin/users [36m304[0m 185.338 ms - -[0m
2026-08-08 10:10:22 [INFO]: [0mGET /css/style.css [36m304[0m 0.420 ms - -[0m
2026-08-08 10:10:22 [INFO]: [0mGET /css/admin/layout.css [36m304[0m 0.947 ms - -[0m
2026-08-08 10:10:22 [INFO]: [0mGET /css/admin/users.css [36m304[0m 0.947 ms - -[0m
2026-08-08 10:10:22 [INFO]: [0mGET /css/admin/categories.css [36m304[0m 0.974 ms - -[0m
2026-08-08 10:10:22 [INFO]: [0mGET /css/admin/brands.css [36m304[0m 0.213 ms - -[0m
2026-08-08 10:10:22 [INFO]: [0mGET /css/admin/products.css [36m304[0m 0.665 ms - -[0m
2026-08-08 10:10:22 [INFO]: [0mGET /css/header.css [36m304[0m 1.099 ms - -[0m
2026-08-08 10:10:22 [INFO]: [0mGET /images/logo/plantora.png [36m304[0m 0.356 ms - -[0m
2026-08-08 10:10:22 [INFO]: [0mGET /js/admin/layout.js [36m304[0m 0.530 ms - -[0m
2026-08-08 10:10:22 [INFO]: [0mGET /js/admin/users.js [36m304[0m 0.743 ms - -[0m
2026-08-08 10:10:22 [INFO]: [0mGET /js/admin/categories.js [36m304[0m 1.043 ms - -[0m
2026-08-08 10:10:22 [INFO]: [0mGET /js/admin/brands.js [36m304[0m 1.262 ms - -[0m
2026-08-08 10:10:22 [INFO]: [0mGET /css/variables.css [36m304[0m 0.251 ms - -[0m
2026-08-08 10:10:22 [INFO]: [0mGET /css/utilities.css [36m304[0m 0.375 ms - -[0m
2026-08-08 10:10:22 [INFO]: [0mGET /css/animations.css [36m304[0m 0.671 ms - -[0m
2026-08-08 10:10:22 [INFO]: [0mGET /css/announcement.css [36m304[0m 0.460 ms - -[0m
2026-08-08 10:10:22 [INFO]: [0mGET /css/hero.css [36m304[0m 0.701 ms - -[0m
2026-08-08 10:10:22 [INFO]: [0mGET /css/featured.css [36m304[0m 0.939 ms - -[0m
2026-08-08 10:10:22 [INFO]: [0mGET /css/why-choose.css [36m304[0m 1.347 ms - -[0m
2026-08-08 10:10:22 [INFO]: [0mGET /css/footer.css [36m304[0m 0.976 ms - -[0m
2026-08-08 10:10:22 [INFO]: [0mGET /css/auth.css [36m304[0m 1.053 ms - -[0m
2026-08-08 10:10:22 [INFO]: [0mGET /css/verify.css [36m304[0m 1.335 ms - -[0m
2026-08-08 10:10:22 [INFO]: [0mGET /js/admin/products.js [36m304[0m 0.262 ms - -[0m
2026-08-08 10:10:22 [INFO]: [0mGET /js/header.js [36m304[0m 0.206 ms - -[0m
2026-08-08 10:10:22 [INFO]: [0mGET /js/notification.js [36m304[0m 0.282 ms - -[0m
2026-08-08 10:10:24 [INFO]: [0mGET /admin/users/trash [36m304[0m 216.855 ms - -[0m
2026-08-08 10:10:24 [INFO]: [0mGET /css/style.css [36m304[0m 0.550 ms - -[0m
2026-08-08 10:10:24 [INFO]: [0mGET /css/admin/layout.css [36m304[0m 0.938 ms - -[0m
2026-08-08 10:10:24 [INFO]: [0mGET /css/admin/users.css [36m304[0m 0.579 ms - -[0m
2026-08-08 10:10:24 [INFO]: [0mGET /css/admin/categories.css [36m304[0m 1.769 ms - -[0m
2026-08-08 10:10:24 [INFO]: [0mGET /css/admin/brands.css [36m304[0m 0.886 ms - -[0m
2026-08-08 10:10:24 [INFO]: [0mGET /css/admin/products.css [36m304[0m 1.008 ms - -[0m
2026-08-08 10:10:24 [INFO]: [0mGET /css/header.css [36m304[0m 1.227 ms - -[0m
2026-08-08 10:10:24 [INFO]: [0mGET /images/logo/plantora.png [36m304[0m 0.470 ms - -[0m
2026-08-08 10:10:24 [INFO]: [0mGET /js/admin/layout.js [36m304[0m 0.892 ms - -[0m
2026-08-08 10:10:24 [INFO]: [0mGET /js/admin/users.js [36m304[0m 1.424 ms - -[0m
2026-08-08 10:10:24 [INFO]: [0mGET /css/variables.css [36m304[0m 1.806 ms - -[0m
2026-08-08 10:10:24 [INFO]: [0mGET /css/utilities.css [36m304[0m 2.089 ms - -[0m
2026-08-08 10:10:24 [INFO]: [0mGET /js/admin/categories.js [36m304[0m 2.292 ms - -[0m
2026-08-08 10:10:24 [INFO]: [0mGET /js/admin/brands.js [36m304[0m 2.531 ms - -[0m
2026-08-08 10:10:24 [INFO]: [0mGET /css/animations.css [36m304[0m 0.305 ms - -[0m
2026-08-08 10:10:24 [INFO]: [0mGET /css/announcement.css [36m304[0m 0.239 ms - -[0m
2026-08-08 10:10:24 [INFO]: [0mGET /css/hero.css [36m304[0m 0.431 ms - -[0m
2026-08-08 10:10:24 [INFO]: [0mGET /css/featured.css [36m304[0m 0.845 ms - -[0m
2026-08-08 10:10:24 [INFO]: [0mGET /css/why-choose.css [36m304[0m 1.216 ms - -[0m
2026-08-08 10:10:24 [INFO]: [0mGET /css/footer.css [36m304[0m 1.415 ms - -[0m
2026-08-08 10:10:24 [INFO]: [0mGET /css/auth.css [36m304[0m 0.313 ms - -[0m
2026-08-08 10:10:24 [INFO]: [0mGET /css/verify.css [36m304[0m 0.620 ms - -[0m
2026-08-08 10:10:24 [INFO]: [0mGET /js/admin/products.js [36m304[0m 0.388 ms - -[0m
2026-08-08 10:10:24 [INFO]: [0mGET /js/header.js [36m304[0m 0.526 ms - -[0m
2026-08-08 10:10:24 [INFO]: [0mGET /js/notification.js [36m304[0m 0.803 ms - -[0m
2026-08-08 10:10:41 [INFO]: [0mGET /admin/users [36m304[0m 188.806 ms - -[0m
2026-08-08 10:10:41 [INFO]: [0mGET /css/style.css [36m304[0m 0.285 ms - -[0m
2026-08-08 10:10:41 [INFO]: [0mGET /css/admin/layout.css [36m304[0m 0.457 ms - -[0m
2026-08-08 10:10:41 [INFO]: [0mGET /css/admin/users.css [36m304[0m 0.260 ms - -[0m
2026-08-08 10:10:41 [INFO]: [0mGET /css/admin/categories.css [36m304[0m 0.405 ms - -[0m
2026-08-08 10:10:41 [INFO]: [0mGET /css/header.css [36m304[0m 0.191 ms - -[0m
2026-08-08 10:10:41 [INFO]: [0mGET /css/admin/brands.css [36m304[0m 0.404 ms - -[0m
2026-08-08 10:10:41 [INFO]: [0mGET /css/admin/products.css [36m304[0m 0.535 ms - -[0m
2026-08-08 10:10:41 [INFO]: [0mGET /images/logo/plantora.png [36m304[0m 0.442 ms - -[0m
2026-08-08 10:10:41 [INFO]: [0mGET /js/admin/layout.js [36m304[0m 0.266 ms - -[0m
2026-08-08 10:10:41 [INFO]: [0mGET /js/admin/users.js [36m304[0m 0.172 ms - -[0m
2026-08-08 10:10:41 [INFO]: [0mGET /js/admin/categories.js [36m304[0m 0.322 ms - -[0m
2026-08-08 10:10:41 [INFO]: [0mGET /js/admin/brands.js [36m304[0m 0.477 ms - -[0m
2026-08-08 10:10:41 [INFO]: [0mGET /js/admin/products.js [36m304[0m 0.656 ms - -[0m
2026-08-08 10:10:41 [INFO]: [0mGET /js/header.js [36m304[0m 0.911 ms - -[0m
2026-08-08 10:10:41 [INFO]: [0mGET /css/variables.css [36m304[0m 0.507 ms - -[0m
2026-08-08 10:10:41 [INFO]: [0mGET /css/utilities.css [36m304[0m 0.859 ms - -[0m
2026-08-08 10:10:41 [INFO]: [0mGET /css/animations.css [36m304[0m 0.716 ms - -[0m
2026-08-08 10:10:41 [INFO]: [0mGET /css/announcement.css [36m304[0m 1.198 ms - -[0m
2026-08-08 10:10:41 [INFO]: [0mGET /css/hero.css [36m304[0m 0.742 ms - -[0m
2026-08-08 10:10:41 [INFO]: [0mGET /css/featured.css [36m304[0m 1.003 ms - -[0m
2026-08-08 10:10:41 [INFO]: [0mGET /css/why-choose.css [36m304[0m 0.437 ms - -[0m
2026-08-08 10:10:41 [INFO]: [0mGET /css/footer.css [36m304[0m 0.637 ms - -[0m
2026-08-08 10:10:41 [INFO]: [0mGET /css/auth.css [36m304[0m 0.912 ms - -[0m
2026-08-08 10:10:41 [INFO]: [0mGET /css/verify.css [36m304[0m 0.260 ms - -[0m
2026-08-08 10:10:41 [INFO]: [0mGET /js/notification.js [36m304[0m 0.324 ms - -[0m
2026-08-08 10:10:42 [INFO]: [0mGET /admin/products [36m304[0m 174.059 ms - -[0m
2026-08-08 10:10:42 [INFO]: [0mGET /css/style.css [36m304[0m 0.223 ms - -[0m
2026-08-08 10:10:42 [INFO]: [0mGET /css/admin/layout.css [36m304[0m 0.665 ms - -[0m
2026-08-08 10:10:42 [INFO]: [0mGET /css/admin/users.css [36m304[0m 0.882 ms - -[0m
2026-08-08 10:10:42 [INFO]: [0mGET /css/admin/categories.css [36m304[0m 0.964 ms - -[0m
2026-08-08 10:10:42 [INFO]: [0mGET /css/admin/brands.css [36m304[0m 0.498 ms - -[0m
2026-08-08 10:10:42 [INFO]: [0mGET /css/admin/products.css [36m304[0m 0.436 ms - -[0m
2026-08-08 10:10:42 [INFO]: [0mGET /css/header.css [36m304[0m 0.548 ms - -[0m
2026-08-08 10:10:42 [INFO]: [0mGET /images/logo/plantora.png [36m304[0m 0.145 ms - -[0m
2026-08-08 10:10:42 [INFO]: [0mGET /js/admin/layout.js [36m304[0m 0.919 ms - -[0m
2026-08-08 10:10:42 [INFO]: [0mGET /js/admin/users.js [36m304[0m 1.318 ms - -[0m
2026-08-08 10:10:42 [INFO]: [0mGET /js/admin/categories.js [36m304[0m 2.408 ms - -[0m
2026-08-08 10:10:42 [INFO]: [0mGET /js/admin/brands.js [36m304[0m 1.558 ms - -[0m
2026-08-08 10:10:42 [INFO]: [0mGET /js/admin/products.js [36m304[0m 1.710 ms - -[0m
2026-08-08 10:10:42 [INFO]: [0mGET /js/header.js [36m304[0m 1.696 ms - -[0m
2026-08-08 10:10:42 [INFO]: [0mGET /css/variables.css [36m304[0m 1.793 ms - -[0m
2026-08-08 10:10:42 [INFO]: [0mGET /css/utilities.css [36m304[0m 0.701 ms - -[0m
2026-08-08 10:10:42 [INFO]: [0mGET /css/animations.css [36m304[0m 0.712 ms - -[0m
2026-08-08 10:10:42 [INFO]: [0mGET /css/announcement.css [36m304[0m 1.179 ms - -[0m
2026-08-08 10:10:42 [INFO]: [0mGET /css/hero.css [36m304[0m 0.295 ms - -[0m
2026-08-08 10:10:42 [INFO]: [0mGET /css/featured.css [36m304[0m 0.909 ms - -[0m
2026-08-08 10:10:42 [INFO]: [0mGET /css/why-choose.css [36m304[0m 1.087 ms - -[0m
2026-08-08 10:10:42 [INFO]: [0mGET /css/footer.css [36m304[0m 1.348 ms - -[0m
2026-08-08 10:10:42 [INFO]: [0mGET /css/auth.css [36m304[0m 0.758 ms - -[0m
2026-08-08 10:10:42 [INFO]: [0mGET /css/verify.css [36m304[0m 0.309 ms - -[0m
2026-08-08 10:10:42 [INFO]: [0mGET /js/notification.js [36m304[0m 0.363 ms - -[0m
2026-08-08 10:10:43 [INFO]: [0mGET /admin/products/trash [36m304[0m 174.539 ms - -[0m
2026-08-08 10:10:43 [INFO]: [0mGET /css/style.css [36m304[0m 1.114 ms - -[0m
2026-08-08 10:10:43 [INFO]: [0mGET /css/admin/users.css [36m304[0m 0.816 ms - -[0m
2026-08-08 10:10:43 [INFO]: [0mGET /css/admin/layout.css [36m304[0m 1.313 ms - -[0m
2026-08-08 10:10:43 [INFO]: [0mGET /css/admin/categories.css [36m304[0m 1.287 ms - -[0m
2026-08-08 10:10:43 [INFO]: [0mGET /css/admin/products.css [36m304[0m 1.351 ms - -[0m
2026-08-08 10:10:43 [INFO]: [0mGET /css/admin/brands.css [36m304[0m 1.666 ms - -[0m
2026-08-08 10:10:43 [INFO]: [0mGET /css/header.css [36m304[0m 0.161 ms - -[0m
2026-08-08 10:10:43 [INFO]: [0mGET /images/logo/plantora.png [36m304[0m 0.164 ms - -[0m
2026-08-08 10:10:43 [INFO]: [0mGET /js/admin/layout.js [36m304[0m 0.260 ms - -[0m
2026-08-08 10:10:43 [INFO]: [0mGET /js/admin/users.js [36m304[0m 0.196 ms - -[0m
2026-08-08 10:10:43 [INFO]: [0mGET /js/admin/categories.js [36m304[0m 0.363 ms - -[0m
2026-08-08 10:10:43 [INFO]: [0mGET /js/admin/brands.js [36m304[0m 0.245 ms - -[0m
2026-08-08 10:10:43 [INFO]: [0mGET /js/admin/products.js [36m304[0m 0.366 ms - -[0m
2026-08-08 10:10:43 [INFO]: [0mGET /css/variables.css [36m304[0m 0.140 ms - -[0m
2026-08-08 10:10:43 [INFO]: [0mGET /js/header.js [36m304[0m 0.258 ms - -[0m
2026-08-08 10:10:43 [INFO]: [0mGET /css/utilities.css [36m304[0m 0.456 ms - -[0m
2026-08-08 10:10:43 [INFO]: [0mGET /css/animations.css [36m304[0m 0.686 ms - -[0m
2026-08-08 10:10:43 [INFO]: [0mGET /css/announcement.css [36m304[0m 0.782 ms - -[0m
2026-08-08 10:10:43 [INFO]: [0mGET /css/hero.css [36m304[0m 0.839 ms - -[0m
2026-08-08 10:10:43 [INFO]: [0mGET /css/featured.css [36m304[0m 0.664 ms - -[0m
2026-08-08 10:10:43 [INFO]: [0mGET /css/why-choose.css [36m304[0m 0.243 ms - -[0m
2026-08-08 10:10:43 [INFO]: [0mGET /css/footer.css [36m304[0m 0.130 ms - -[0m
2026-08-08 10:10:43 [INFO]: [0mGET /css/auth.css [36m304[0m 0.318 ms - -[0m
2026-08-08 10:10:43 [INFO]: [0mGET /css/verify.css [36m304[0m 0.289 ms - -[0m
2026-08-08 10:10:43 [INFO]: [0mGET /js/notification.js [36m304[0m 0.172 ms - -[0m
2026-08-08 10:10:44 [INFO]: [0mGET /admin/products [36m304[0m 175.540 ms - -[0m
2026-08-08 10:10:44 [INFO]: [0mGET /css/style.css [36m304[0m 0.749 ms - -[0m
2026-08-08 10:10:44 [INFO]: [0mGET /css/admin/layout.css [36m304[0m 0.496 ms - -[0m
2026-08-08 10:10:44 [INFO]: [0mGET /css/admin/users.css [36m304[0m 0.628 ms - -[0m
2026-08-08 10:10:44 [INFO]: [0mGET /css/admin/categories.css [36m304[0m 1.391 ms - -[0m
2026-08-08 10:10:44 [INFO]: [0mGET /css/admin/brands.css [36m304[0m 1.176 ms - -[0m
2026-08-08 10:10:44 [INFO]: [0mGET /css/admin/products.css [36m304[0m 1.501 ms - -[0m
2026-08-08 10:10:44 [INFO]: [0mGET /css/header.css [36m304[0m 1.803 ms - -[0m
2026-08-08 10:10:44 [INFO]: [0mGET /images/logo/plantora.png [36m304[0m 0.560 ms - -[0m
2026-08-08 10:10:44 [INFO]: [0mGET /js/admin/layout.js [36m304[0m 0.432 ms - -[0m
2026-08-08 10:10:44 [INFO]: [0mGET /js/admin/users.js [36m304[0m 0.378 ms - -[0m
2026-08-08 10:10:44 [INFO]: [0mGET /js/admin/categories.js [36m304[0m 0.792 ms - -[0m
2026-08-08 10:10:44 [INFO]: [0mGET /js/admin/brands.js [36m304[0m 0.624 ms - -[0m
2026-08-08 10:10:44 [INFO]: [0mGET /css/variables.css [36m304[0m 0.386 ms - -[0m
2026-08-08 10:10:44 [INFO]: [0mGET /css/utilities.css [36m304[0m 0.760 ms - -[0m
2026-08-08 10:10:44 [INFO]: [0mGET /css/animations.css [36m304[0m 0.538 ms - -[0m
2026-08-08 10:10:44 [INFO]: [0mGET /css/announcement.css [36m304[0m 0.548 ms - -[0m
2026-08-08 10:10:44 [INFO]: [0mGET /css/hero.css [36m304[0m 0.724 ms - -[0m
2026-08-08 10:10:44 [INFO]: [0mGET /css/featured.css [36m304[0m 0.973 ms - -[0m
2026-08-08 10:10:44 [INFO]: [0mGET /css/why-choose.css [36m304[0m 0.501 ms - -[0m
2026-08-08 10:10:44 [INFO]: [0mGET /css/footer.css [36m304[0m 0.654 ms - -[0m
2026-08-08 10:10:44 [INFO]: [0mGET /css/auth.css [36m304[0m 1.140 ms - -[0m
2026-08-08 10:10:44 [INFO]: [0mGET /css/verify.css [36m304[0m 0.661 ms - -[0m
2026-08-08 10:10:44 [INFO]: [0mGET /js/admin/products.js [36m304[0m 0.462 ms - -[0m
2026-08-08 10:10:44 [INFO]: [0mGET /js/header.js [36m304[0m 0.636 ms - -[0m
2026-08-08 10:10:44 [INFO]: [0mGET /js/notification.js [36m304[0m 1.325 ms - -[0m
2026-08-08 10:10:45 [INFO]: [0mGET /admin/brands [36m304[0m 218.860 ms - -[0m
2026-08-08 10:10:45 [INFO]: [0mGET /css/style.css [36m304[0m 0.407 ms - -[0m
2026-08-08 10:10:45 [INFO]: [0mGET /css/admin/layout.css [36m304[0m 0.741 ms - -[0m
2026-08-08 10:10:45 [INFO]: [0mGET /css/admin/users.css [36m304[0m 0.959 ms - -[0m
2026-08-08 10:10:45 [INFO]: [0mGET /css/admin/categories.css [36m304[0m 1.504 ms - -[0m
2026-08-08 10:10:45 [INFO]: [0mGET /css/admin/brands.css [36m304[0m 0.482 ms - -[0m
2026-08-08 10:10:45 [INFO]: [0mGET /css/admin/products.css [36m304[0m 0.667 ms - -[0m
2026-08-08 10:10:45 [INFO]: [0mGET /css/header.css [36m304[0m 0.189 ms - -[0m
2026-08-08 10:10:45 [INFO]: [0mGET /images/logo/plantora.png [36m304[0m 0.203 ms - -[0m
2026-08-08 10:10:45 [INFO]: [0mGET /js/admin/layout.js [36m304[0m 0.201 ms - -[0m
2026-08-08 10:10:45 [INFO]: [0mGET /js/admin/users.js [36m304[0m 0.237 ms - -[0m
2026-08-08 10:10:45 [INFO]: [0mGET /js/admin/categories.js [36m304[0m 0.466 ms - -[0m
2026-08-08 10:10:45 [INFO]: [0mGET /js/admin/brands.js [36m304[0m 0.842 ms - -[0m
2026-08-08 10:10:45 [INFO]: [0mGET /css/variables.css [36m304[0m 0.615 ms - -[0m
2026-08-08 10:10:45 [INFO]: [0mGET /css/utilities.css [36m304[0m 0.616 ms - -[0m
2026-08-08 10:10:45 [INFO]: [0mGET /css/animations.css [36m304[0m 0.853 ms - -[0m
2026-08-08 10:10:45 [INFO]: [0mGET /css/announcement.css [36m304[0m 0.796 ms - -[0m
2026-08-08 10:10:45 [INFO]: [0mGET /css/hero.css [36m304[0m 0.477 ms - -[0m
2026-08-08 10:10:45 [INFO]: [0mGET /css/featured.css [36m304[0m 0.427 ms - -[0m
2026-08-08 10:10:45 [INFO]: [0mGET /css/why-choose.css [36m304[0m 0.966 ms - -[0m
2026-08-08 10:10:45 [INFO]: [0mGET /css/footer.css [36m304[0m 0.611 ms - -[0m
2026-08-08 10:10:45 [INFO]: [0mGET /css/auth.css [36m304[0m 0.764 ms - -[0m
2026-08-08 10:10:45 [INFO]: [0mGET /css/verify.css [36m304[0m 0.683 ms - -[0m
2026-08-08 10:10:45 [INFO]: [0mGET /js/admin/products.js [36m304[0m 0.441 ms - -[0m
2026-08-08 10:10:45 [INFO]: [0mGET /js/header.js [36m304[0m 0.098 ms - -[0m
2026-08-08 10:10:45 [INFO]: [0mGET /js/notification.js [36m304[0m 0.187 ms - -[0m
2026-08-08 10:10:47 [INFO]: [0mGET /admin/users/trash [36m304[0m 224.186 ms - -[0m
2026-08-08 10:10:47 [INFO]: [0mGET /css/style.css [36m304[0m 0.223 ms - -[0m
2026-08-08 10:10:47 [INFO]: [0mGET /css/admin/layout.css [36m304[0m 0.603 ms - -[0m
2026-08-08 10:10:47 [INFO]: [0mGET /css/admin/users.css [36m304[0m 0.556 ms - -[0m
2026-08-08 10:10:47 [INFO]: [0mGET /css/admin/categories.css [36m304[0m 0.397 ms - -[0m
2026-08-08 10:10:47 [INFO]: [0mGET /css/admin/brands.css [36m304[0m 0.178 ms - -[0m
2026-08-08 10:10:47 [INFO]: [0mGET /css/admin/products.css [36m304[0m 0.315 ms - -[0m
2026-08-08 10:10:47 [INFO]: [0mGET /css/header.css [36m304[0m 0.750 ms - -[0m
2026-08-08 10:10:47 [INFO]: [0mGET /images/logo/plantora.png [36m304[0m 0.149 ms - -[0m
2026-08-08 10:10:47 [INFO]: [0mGET /js/admin/layout.js [36m304[0m 0.323 ms - -[0m
2026-08-08 10:10:47 [INFO]: [0mGET /js/admin/users.js [36m304[0m 0.612 ms - -[0m
2026-08-08 10:10:47 [INFO]: [0mGET /css/variables.css [36m304[0m 0.824 ms - -[0m
2026-08-08 10:10:47 [INFO]: [0mGET /js/admin/categories.js [36m304[0m 1.041 ms - -[0m
2026-08-08 10:10:47 [INFO]: [0mGET /js/admin/brands.js [36m304[0m 2.035 ms - -[0m
2026-08-08 10:10:47 [INFO]: [0mGET /css/utilities.css [36m304[0m 1.221 ms - -[0m
2026-08-08 10:10:47 [INFO]: [0mGET /css/animations.css [36m304[0m 1.441 ms - -[0m
2026-08-08 10:10:47 [INFO]: [0mGET /css/announcement.css [36m304[0m 0.444 ms - -[0m
2026-08-08 10:10:47 [INFO]: [0mGET /css/hero.css [36m304[0m 0.603 ms - -[0m
2026-08-08 10:10:47 [INFO]: [0mGET /css/featured.css [36m304[0m 1.259 ms - -[0m
2026-08-08 10:10:47 [INFO]: [0mGET /css/why-choose.css [36m304[0m 0.738 ms - -[0m
2026-08-08 10:10:47 [INFO]: [0mGET /css/footer.css [36m304[0m 1.351 ms - -[0m
2026-08-08 10:10:47 [INFO]: [0mGET /css/auth.css [36m304[0m 0.979 ms - -[0m
2026-08-08 10:10:47 [INFO]: [0mGET /css/verify.css [36m304[0m 1.248 ms - -[0m
2026-08-08 10:10:47 [INFO]: [0mGET /js/admin/products.js [36m304[0m 0.377 ms - -[0m
2026-08-08 10:10:47 [INFO]: [0mGET /js/header.js [36m304[0m 0.407 ms - -[0m
2026-08-08 10:10:47 [INFO]: [0mGET /js/notification.js [36m304[0m 0.746 ms - -[0m
2026-08-08 10:10:48 [INFO]: [0mGET /admin/users [36m304[0m 188.547 ms - -[0m
2026-08-08 10:10:48 [INFO]: [0mGET /css/style.css [36m304[0m 0.430 ms - -[0m
2026-08-08 10:10:48 [INFO]: [0mGET /css/admin/layout.css [36m304[0m 0.930 ms - -[0m
2026-08-08 10:10:48 [INFO]: [0mGET /css/admin/users.css [36m304[0m 0.287 ms - -[0m
2026-08-08 10:10:48 [INFO]: [0mGET /css/admin/categories.css [36m304[0m 0.530 ms - -[0m
2026-08-08 10:10:48 [INFO]: [0mGET /css/admin/brands.css [36m304[0m 0.831 ms - -[0m
2026-08-08 10:10:48 [INFO]: [0mGET /css/admin/products.css [36m304[0m 0.206 ms - -[0m
2026-08-08 10:10:48 [INFO]: [0mGET /css/header.css [36m304[0m 0.283 ms - -[0m
2026-08-08 10:10:48 [INFO]: [0mGET /images/logo/plantora.png [36m304[0m 0.498 ms - -[0m
2026-08-08 10:10:48 [INFO]: [0mGET /js/admin/layout.js [36m304[0m 0.625 ms - -[0m
2026-08-08 10:10:48 [INFO]: [0mGET /js/admin/users.js [36m304[0m 0.368 ms - -[0m
2026-08-08 10:10:48 [INFO]: [0mGET /js/admin/categories.js [36m304[0m 0.288 ms - -[0m
2026-08-08 10:10:48 [INFO]: [0mGET /js/admin/brands.js [36m304[0m 0.474 ms - -[0m
2026-08-08 10:10:48 [INFO]: [0mGET /css/variables.css [36m304[0m 0.146 ms - -[0m
2026-08-08 10:10:48 [INFO]: [0mGET /css/utilities.css [36m304[0m 0.266 ms - -[0m
2026-08-08 10:10:48 [INFO]: [0mGET /css/animations.css [36m304[0m 0.407 ms - -[0m
2026-08-08 10:10:48 [INFO]: [0mGET /css/announcement.css [36m304[0m 0.607 ms - -[0m
2026-08-08 10:10:48 [INFO]: [0mGET /css/hero.css [36m304[0m 0.813 ms - -[0m
2026-08-08 10:10:48 [INFO]: [0mGET /css/featured.css [36m304[0m 0.839 ms - -[0m
2026-08-08 10:10:48 [INFO]: [0mGET /css/why-choose.css [36m304[0m 0.811 ms - -[0m
2026-08-08 10:10:48 [INFO]: [0mGET /css/footer.css [36m304[0m 0.615 ms - -[0m
2026-08-08 10:10:48 [INFO]: [0mGET /css/auth.css [36m304[0m 0.724 ms - -[0m
2026-08-08 10:10:48 [INFO]: [0mGET /css/verify.css [36m304[0m 0.803 ms - -[0m
2026-08-08 10:10:48 [INFO]: [0mGET /js/admin/products.js [36m304[0m 0.142 ms - -[0m
2026-08-08 10:10:48 [INFO]: [0mGET /js/header.js [36m304[0m 0.362 ms - -[0m
2026-08-08 10:10:48 [INFO]: [0mGET /js/notification.js [36m304[0m 0.082 ms - -[0m
2026-08-08 10:10:55 [INFO]: User "Berry Allen" moved to Trash by admin-plantora@yopmail.com.
2026-08-08 10:10:55 [INFO]: [0mPOST /admin/users/6a6e638d68eaf947f1f6ba8a/delete [36m302[0m 300.097 ms - 41[0m
2026-08-08 10:10:55 [INFO]: [0mGET /admin/users [32m200[0m 183.206 ms - -[0m
2026-08-08 10:10:55 [INFO]: [0mGET /css/style.css [36m304[0m 0.918 ms - -[0m
2026-08-08 10:10:55 [INFO]: [0mGET /css/admin/layout.css [36m304[0m 1.416 ms - -[0m
2026-08-08 10:10:55 [INFO]: [0mGET /css/admin/users.css [36m304[0m 0.364 ms - -[0m
2026-08-08 10:10:55 [INFO]: [0mGET /css/admin/categories.css [36m304[0m 0.243 ms - -[0m
2026-08-08 10:10:55 [INFO]: [0mGET /css/admin/brands.css [36m304[0m 0.460 ms - -[0m
2026-08-08 10:10:55 [INFO]: [0mGET /css/admin/products.css [36m304[0m 0.737 ms - -[0m
2026-08-08 10:10:55 [INFO]: [0mGET /css/header.css [36m304[0m 0.251 ms - -[0m
2026-08-08 10:10:55 [INFO]: [0mGET /images/logo/plantora.png [36m304[0m 0.294 ms - -[0m
2026-08-08 10:10:55 [INFO]: [0mGET /css/variables.css [36m304[0m 0.190 ms - -[0m
2026-08-08 10:10:55 [INFO]: [0mGET /css/utilities.css [36m304[0m 0.333 ms - -[0m
2026-08-08 10:10:55 [INFO]: [0mGET /css/animations.css [36m304[0m 0.212 ms - -[0m
2026-08-08 10:10:55 [INFO]: [0mGET /css/announcement.css [36m304[0m 0.160 ms - -[0m
2026-08-08 10:10:55 [INFO]: [0mGET /css/hero.css [36m304[0m 0.460 ms - -[0m
2026-08-08 10:10:55 [INFO]: [0mGET /css/featured.css [36m304[0m 0.428 ms - -[0m
2026-08-08 10:10:55 [INFO]: [0mGET /css/why-choose.css [36m304[0m 0.366 ms - -[0m
2026-08-08 10:10:55 [INFO]: [0mGET /css/footer.css [36m304[0m 0.635 ms - -[0m
2026-08-08 10:10:55 [INFO]: [0mGET /css/auth.css [36m304[0m 0.344 ms - -[0m
2026-08-08 10:10:55 [INFO]: [0mGET /css/verify.css [36m304[0m 0.111 ms - -[0m
2026-08-08 10:10:55 [INFO]: [0mGET /js/admin/layout.js [36m304[0m 0.207 ms - -[0m
2026-08-08 10:10:55 [INFO]: [0mGET /js/admin/users.js [36m304[0m 0.372 ms - -[0m
2026-08-08 10:10:55 [INFO]: [0mGET /js/admin/categories.js [36m304[0m 0.536 ms - -[0m
2026-08-08 10:10:55 [INFO]: [0mGET /js/admin/brands.js [36m304[0m 0.198 ms - -[0m
2026-08-08 10:10:55 [INFO]: [0mGET /js/admin/products.js [36m304[0m 0.311 ms - -[0m
2026-08-08 10:10:55 [INFO]: [0mGET /js/header.js [36m304[0m 0.519 ms - -[0m
2026-08-08 10:10:55 [INFO]: [0mGET /js/notification.js [36m304[0m 0.276 ms - -[0m
2026-08-08 10:10:56 [INFO]: [0mGET /admin/users/trash [32m200[0m 213.963 ms - -[0m
2026-08-08 10:10:56 [INFO]: [0mGET /css/style.css [36m304[0m 0.731 ms - -[0m
2026-08-08 10:10:56 [INFO]: [0mGET /css/admin/layout.css [36m304[0m 0.784 ms - -[0m
2026-08-08 10:10:56 [INFO]: [0mGET /css/admin/users.css [36m304[0m 0.528 ms - -[0m
2026-08-08 10:10:56 [INFO]: [0mGET /css/admin/categories.css [36m304[0m 0.683 ms - -[0m
2026-08-08 10:10:56 [INFO]: [0mGET /css/admin/brands.css [36m304[0m 0.735 ms - -[0m
2026-08-08 10:10:56 [INFO]: [0mGET /css/admin/products.css [36m304[0m 0.817 ms - -[0m
2026-08-08 10:10:56 [INFO]: [0mGET /css/header.css [36m304[0m 0.142 ms - -[0m
2026-08-08 10:10:56 [INFO]: [0mGET /images/logo/plantora.png [36m304[0m 0.173 ms - -[0m
2026-08-08 10:10:56 [INFO]: [0mGET /js/admin/layout.js [36m304[0m 0.640 ms - -[0m
2026-08-08 10:10:56 [INFO]: [0mGET /js/admin/users.js [36m304[0m 0.717 ms - -[0m
2026-08-08 10:10:56 [INFO]: [0mGET /css/variables.css [36m304[0m 0.801 ms - -[0m
2026-08-08 10:10:56 [INFO]: [0mGET /js/admin/categories.js [36m304[0m 1.079 ms - -[0m
2026-08-08 10:10:56 [INFO]: [0mGET /js/admin/brands.js [36m304[0m 1.404 ms - -[0m
2026-08-08 10:10:56 [INFO]: [0mGET /js/admin/products.js [36m304[0m 1.658 ms - -[0m
2026-08-08 10:10:56 [INFO]: [0mGET /js/header.js [36m304[0m 1.868 ms - -[0m
2026-08-08 10:10:56 [INFO]: [0mGET /css/utilities.css [36m304[0m 0.270 ms - -[0m
2026-08-08 10:10:56 [INFO]: [0mGET /css/animations.css [36m304[0m 0.298 ms - -[0m
2026-08-08 10:10:56 [INFO]: [0mGET /css/announcement.css [36m304[0m 0.449 ms - -[0m
2026-08-08 10:10:56 [INFO]: [0mGET /css/hero.css [36m304[0m 0.738 ms - -[0m
2026-08-08 10:10:56 [INFO]: [0mGET /css/featured.css [36m304[0m 1.228 ms - -[0m
2026-08-08 10:10:56 [INFO]: [0mGET /css/why-choose.css [36m304[0m 0.609 ms - -[0m
2026-08-08 10:10:56 [INFO]: [0mGET /css/footer.css [36m304[0m 0.327 ms - -[0m
2026-08-08 10:10:56 [INFO]: [0mGET /css/auth.css [36m304[0m 0.257 ms - -[0m
2026-08-08 10:10:56 [INFO]: [0mGET /css/verify.css [36m304[0m 0.232 ms - -[0m
2026-08-08 10:10:56 [INFO]: [0mGET /js/notification.js [36m304[0m 0.263 ms - -[0m
2026-08-08 10:11:09 [ERROR]: Failed to create audit log: AuditLog validation failed: severity: `warning` is not a valid enum value for path `severity`.
2026-08-08 10:11:09 [INFO]: User "Berry Allen" restored successfully by admin-plantora@yopmail.com.
2026-08-08 10:11:09 [INFO]: [0mPOST /admin/users/6a6e638d68eaf947f1f6ba8a/restore [36m302[0m 214.044 ms - 47[0m
2026-08-08 10:11:09 [INFO]: [0mGET /admin/users/trash [32m200[0m 218.597 ms - -[0m
2026-08-08 10:11:09 [INFO]: [0mGET /css/style.css [36m304[0m 0.271 ms - -[0m
2026-08-08 10:11:09 [INFO]: [0mGET /css/admin/layout.css [36m304[0m 0.426 ms - -[0m
2026-08-08 10:11:09 [INFO]: [0mGET /css/admin/users.css [36m304[0m 0.250 ms - -[0m
2026-08-08 10:11:09 [INFO]: [0mGET /css/admin/categories.css [36m304[0m 0.363 ms - -[0m
2026-08-08 10:11:09 [INFO]: [0mGET /css/admin/brands.css [36m304[0m 0.493 ms - -[0m
2026-08-08 10:11:09 [INFO]: [0mGET /css/admin/products.css [36m304[0m 0.645 ms - -[0m
2026-08-08 10:11:09 [INFO]: [0mGET /css/header.css [36m304[0m 0.724 ms - -[0m
2026-08-08 10:11:09 [INFO]: [0mGET /images/logo/plantora.png [36m304[0m 0.602 ms - -[0m
2026-08-08 10:11:09 [INFO]: [0mGET /js/admin/layout.js [36m304[0m 0.426 ms - -[0m
2026-08-08 10:11:09 [INFO]: [0mGET /js/admin/users.js [36m304[0m 0.603 ms - -[0m
2026-08-08 10:11:09 [INFO]: [0mGET /js/admin/categories.js [36m304[0m 0.911 ms - -[0m
2026-08-08 10:11:09 [INFO]: [0mGET /js/admin/brands.js [36m304[0m 0.129 ms - -[0m
2026-08-08 10:11:09 [INFO]: [0mGET /js/admin/products.js [36m304[0m 0.914 ms - -[0m
2026-08-08 10:11:09 [INFO]: [0mGET /js/header.js [36m304[0m 1.140 ms - -[0m
2026-08-08 10:11:09 [INFO]: [0mGET /js/notification.js [36m304[0m 1.246 ms - -[0m
2026-08-08 10:11:09 [INFO]: [0mGET /css/variables.css [36m304[0m 1.345 ms - -[0m
2026-08-08 10:11:09 [INFO]: [0mGET /css/utilities.css [36m304[0m 0.150 ms - -[0m
2026-08-08 10:11:09 [INFO]: [0mGET /css/animations.css [36m304[0m 1.228 ms - -[0m
2026-08-08 10:11:09 [INFO]: [0mGET /css/announcement.css [36m304[0m 1.246 ms - -[0m
2026-08-08 10:11:09 [INFO]: [0mGET /css/hero.css [36m304[0m 1.299 ms - -[0m
2026-08-08 10:11:09 [INFO]: [0mGET /css/featured.css [36m304[0m 1.419 ms - -[0m
2026-08-08 10:11:09 [INFO]: [0mGET /css/why-choose.css [36m304[0m 0.341 ms - -[0m
2026-08-08 10:11:09 [INFO]: [0mGET /css/footer.css [36m304[0m 0.683 ms - -[0m
2026-08-08 10:11:09 [INFO]: [0mGET /css/auth.css [36m304[0m 0.384 ms - -[0m
2026-08-08 10:11:09 [INFO]: [0mGET /css/verify.css [36m304[0m 0.459 ms - -[0m
2026-08-08 10:11:12 [INFO]: [0mGET /admin/users/trash [36m304[0m 228.527 ms - -[0m
2026-08-08 10:11:13 [INFO]: [0mGET /css/admin/layout.css [36m304[0m 0.299 ms - -[0m
2026-08-08 10:11:13 [INFO]: [0mGET /css/style.css [36m304[0m 0.889 ms - -[0m
2026-08-08 10:11:13 [INFO]: [0mGET /css/admin/users.css [36m304[0m 1.347 ms - -[0m
2026-08-08 10:11:13 [INFO]: [0mGET /css/admin/categories.css [36m304[0m 0.646 ms - -[0m
2026-08-08 10:11:13 [INFO]: [0mGET /css/admin/brands.css [36m304[0m 0.288 ms - -[0m
2026-08-08 10:11:13 [INFO]: [0mGET /css/admin/products.css [36m304[0m 0.695 ms - -[0m
2026-08-08 10:11:13 [INFO]: [0mGET /css/header.css [36m304[0m 0.880 ms - -[0m
2026-08-08 10:11:13 [INFO]: [0mGET /images/logo/plantora.png [36m304[0m 0.250 ms - -[0m
2026-08-08 10:11:13 [INFO]: [0mGET /js/admin/layout.js [36m304[0m 0.284 ms - -[0m
2026-08-08 10:11:13 [INFO]: [0mGET /js/admin/users.js [36m304[0m 0.702 ms - -[0m
2026-08-08 10:11:13 [INFO]: [0mGET /css/variables.css [36m304[0m 0.937 ms - -[0m
2026-08-08 10:11:13 [INFO]: [0mGET /css/utilities.css [36m304[0m 1.322 ms - -[0m
2026-08-08 10:11:13 [INFO]: [0mGET /css/animations.css [36m304[0m 1.418 ms - -[0m
2026-08-08 10:11:13 [INFO]: [0mGET /css/announcement.css [36m304[0m 1.563 ms - -[0m
2026-08-08 10:11:13 [INFO]: [0mGET /css/hero.css [36m304[0m 0.554 ms - -[0m
2026-08-08 10:11:13 [INFO]: [0mGET /css/featured.css [36m304[0m 0.428 ms - -[0m
2026-08-08 10:11:13 [INFO]: [0mGET /css/why-choose.css [36m304[0m 0.179 ms - -[0m
2026-08-08 10:11:13 [INFO]: [0mGET /css/footer.css [36m304[0m 0.212 ms - -[0m
2026-08-08 10:11:13 [INFO]: [0mGET /css/auth.css [36m304[0m 0.313 ms - -[0m
2026-08-08 10:11:13 [INFO]: [0mGET /css/verify.css [36m304[0m 0.550 ms - -[0m
2026-08-08 10:11:13 [INFO]: [0mGET /js/admin/categories.js [36m304[0m 0.332 ms - -[0m
2026-08-08 10:11:13 [INFO]: [0mGET /js/admin/brands.js [36m304[0m 0.447 ms - -[0m
2026-08-08 10:11:13 [INFO]: [0mGET /js/admin/products.js [36m304[0m 0.908 ms - -[0m
2026-08-08 10:11:13 [INFO]: [0mGET /js/header.js [36m304[0m 0.255 ms - -[0m
2026-08-08 10:11:13 [INFO]: [0mGET /js/notification.js [36m304[0m 0.413 ms - -[0m
2026-08-08 10:11:18 [INFO]: [0mGET /admin/brands [36m304[0m 219.547 ms - -[0m
2026-08-08 10:11:18 [INFO]: [0mGET /css/style.css [36m304[0m 0.371 ms - -[0m
2026-08-08 10:11:18 [INFO]: [0mGET /css/admin/layout.css [36m304[0m 1.252 ms - -[0m
2026-08-08 10:11:18 [INFO]: [0mGET /css/admin/users.css [36m304[0m 1.316 ms - -[0m
2026-08-08 10:11:18 [INFO]: [0mGET /css/admin/categories.css [36m304[0m 0.894 ms - -[0m
2026-08-08 10:11:18 [INFO]: [0mGET /css/admin/brands.css [36m304[0m 0.977 ms - -[0m
2026-08-08 10:11:18 [INFO]: [0mGET /css/admin/products.css [36m304[0m 1.319 ms - -[0m
2026-08-08 10:11:18 [INFO]: [0mGET /css/header.css [36m304[0m 1.481 ms - -[0m
2026-08-08 10:11:18 [INFO]: [0mGET /images/logo/plantora.png [36m304[0m 0.206 ms - -[0m
2026-08-08 10:11:18 [INFO]: [0mGET /js/admin/layout.js [36m304[0m 0.195 ms - -[0m
2026-08-08 10:11:18 [INFO]: [0mGET /js/admin/users.js [36m304[0m 0.413 ms - -[0m
2026-08-08 10:11:18 [INFO]: [0mGET /js/admin/categories.js [36m304[0m 0.784 ms - -[0m
2026-08-08 10:11:18 [INFO]: [0mGET /js/admin/brands.js [36m304[0m 0.936 ms - -[0m
2026-08-08 10:11:18 [INFO]: [0mGET /js/admin/products.js [36m304[0m 0.484 ms - -[0m
2026-08-08 10:11:18 [INFO]: [0mGET /js/header.js [36m304[0m 0.173 ms - -[0m
2026-08-08 10:11:18 [INFO]: [0mGET /css/variables.css [36m304[0m 0.264 ms - -[0m
2026-08-08 10:11:18 [INFO]: [0mGET /css/utilities.css [36m304[0m 0.235 ms - -[0m
2026-08-08 10:11:18 [INFO]: [0mGET /css/animations.css [36m304[0m 0.452 ms - -[0m
2026-08-08 10:11:18 [INFO]: [0mGET /css/announcement.css [36m304[0m 0.561 ms - -[0m
2026-08-08 10:11:18 [INFO]: [0mGET /css/hero.css [36m304[0m 0.504 ms - -[0m
2026-08-08 10:11:18 [INFO]: [0mGET /js/notification.js [36m304[0m 0.708 ms - -[0m
2026-08-08 10:11:18 [INFO]: [0mGET /css/featured.css [36m304[0m 0.349 ms - -[0m
2026-08-08 10:11:18 [INFO]: [0mGET /css/why-choose.css [36m304[0m 0.197 ms - -[0m
2026-08-08 10:11:18 [INFO]: [0mGET /css/footer.css [36m304[0m 0.351 ms - -[0m
2026-08-08 10:11:18 [INFO]: [0mGET /css/auth.css [36m304[0m 0.337 ms - -[0m
2026-08-08 10:11:18 [INFO]: [0mGET /css/verify.css [36m304[0m 0.512 ms - -[0m
2026-08-08 10:11:47 [INFO]: [0mGET /admin/brands [36m304[0m 212.422 ms - -[0m
2026-08-08 10:11:47 [INFO]: [0mGET /css/style.css [36m304[0m 0.839 ms - -[0m
2026-08-08 10:11:47 [INFO]: [0mGET /css/admin/layout.css [36m304[0m 0.919 ms - -[0m
2026-08-08 10:11:47 [INFO]: [0mGET /css/admin/users.css [36m304[0m 0.488 ms - -[0m
2026-08-08 10:11:47 [INFO]: [0mGET /css/header.css [36m304[0m 0.824 ms - -[0m
2026-08-08 10:11:47 [INFO]: [0mGET /css/admin/brands.css [36m304[0m 1.050 ms - -[0m
2026-08-08 10:11:47 [INFO]: [0mGET /css/admin/products.css [36m304[0m 1.682 ms - -[0m
2026-08-08 10:11:47 [INFO]: [0mGET /css/admin/categories.css [32m200[0m 3.557 ms - -[0m
2026-08-08 10:11:47 [INFO]: [0mGET /images/logo/plantora.png [36m304[0m 0.220 ms - -[0m
2026-08-08 10:11:47 [INFO]: [0mGET /js/admin/layout.js [36m304[0m 0.430 ms - -[0m
2026-08-08 10:11:47 [INFO]: [0mGET /js/admin/users.js [36m304[0m 0.643 ms - -[0m
2026-08-08 10:11:47 [INFO]: [0mGET /js/admin/categories.js [36m304[0m 0.337 ms - -[0m
2026-08-08 10:11:47 [INFO]: [0mGET /js/admin/brands.js [36m304[0m 0.198 ms - -[0m
2026-08-08 10:11:47 [INFO]: [0mGET /css/variables.css [36m304[0m 0.470 ms - -[0m
2026-08-08 10:11:47 [INFO]: [0mGET /css/utilities.css [36m304[0m 0.809 ms - -[0m
2026-08-08 10:11:47 [INFO]: [0mGET /css/animations.css [36m304[0m 1.102 ms - -[0m
2026-08-08 10:11:47 [INFO]: [0mGET /css/announcement.css [36m304[0m 0.233 ms - -[0m
2026-08-08 10:11:47 [INFO]: [0mGET /css/hero.css [36m304[0m 0.648 ms - -[0m
2026-08-08 10:11:47 [INFO]: [0mGET /css/featured.css [36m304[0m 0.561 ms - -[0m
2026-08-08 10:11:47 [INFO]: [0mGET /css/why-choose.css [36m304[0m 1.214 ms - -[0m
2026-08-08 10:11:47 [INFO]: [0mGET /css/footer.css [36m304[0m 0.830 ms - -[0m
2026-08-08 10:11:47 [INFO]: [0mGET /css/auth.css [36m304[0m 1.342 ms - -[0m
2026-08-08 10:11:47 [INFO]: [0mGET /css/verify.css [36m304[0m 0.923 ms - -[0m
2026-08-08 10:11:47 [INFO]: [0mGET /js/admin/products.js [36m304[0m 0.627 ms - -[0m
2026-08-08 10:11:47 [INFO]: [0mGET /js/header.js [36m304[0m 0.210 ms - -[0m
2026-08-08 10:11:47 [INFO]: [0mGET /js/notification.js [36m304[0m 0.363 ms - -[0m
2026-08-08 10:11:48 [INFO]: [0mGET /admin/categories [36m304[0m 216.360 ms - -[0m
2026-08-08 10:11:48 [INFO]: [0mGET /css/style.css [36m304[0m 0.349 ms - -[0m
2026-08-08 10:11:48 [INFO]: [0mGET /css/admin/layout.css [36m304[0m 0.932 ms - -[0m
2026-08-08 10:11:48 [INFO]: [0mGET /css/admin/users.css [36m304[0m 0.403 ms - -[0m
2026-08-08 10:11:48 [INFO]: [0mGET /css/admin/categories.css [36m304[0m 0.714 ms - -[0m
2026-08-08 10:11:48 [INFO]: [0mGET /css/admin/brands.css [36m304[0m 0.372 ms - -[0m
2026-08-08 10:11:48 [INFO]: [0mGET /css/admin/products.css [36m304[0m 0.441 ms - -[0m
2026-08-08 10:11:48 [INFO]: [0mGET /css/header.css [36m304[0m 0.641 ms - -[0m
2026-08-08 10:11:48 [INFO]: [0mGET /images/logo/plantora.png [36m304[0m 1.193 ms - -[0m
2026-08-08 10:11:48 [INFO]: [0mGET /js/admin/layout.js [36m304[0m 0.336 ms - -[0m
2026-08-08 10:11:48 [INFO]: [0mGET /js/admin/users.js [36m304[0m 0.241 ms - -[0m
2026-08-08 10:11:48 [INFO]: [0mGET /js/admin/categories.js [36m304[0m 0.422 ms - -[0m
2026-08-08 10:11:48 [INFO]: [0mGET /js/admin/brands.js [36m304[0m 0.701 ms - -[0m
2026-08-08 10:11:48 [INFO]: [0mGET /js/admin/products.js [36m304[0m 0.402 ms - -[0m
2026-08-08 10:11:48 [INFO]: [0mGET /js/header.js [36m304[0m 0.644 ms - -[0m
2026-08-08 10:11:48 [INFO]: [0mGET /css/variables.css [36m304[0m 0.364 ms - -[0m
2026-08-08 10:11:48 [INFO]: [0mGET /css/utilities.css [36m304[0m 0.338 ms - -[0m
2026-08-08 10:11:48 [INFO]: [0mGET /css/announcement.css [36m304[0m 0.846 ms - -[0m
2026-08-08 10:11:48 [INFO]: [0mGET /css/animations.css [36m304[0m 1.530 ms - -[0m
2026-08-08 10:11:48 [INFO]: [0mGET /css/hero.css [36m304[0m 0.281 ms - -[0m
2026-08-08 10:11:48 [INFO]: [0mGET /css/featured.css [36m304[0m 1.103 ms - -[0m
2026-08-08 10:11:48 [INFO]: [0mGET /css/why-choose.css [36m304[0m 1.035 ms - -[0m
2026-08-08 10:11:48 [INFO]: [0mGET /css/footer.css [36m304[0m 1.341 ms - -[0m
2026-08-08 10:11:48 [INFO]: [0mGET /css/auth.css [36m304[0m 0.227 ms - -[0m
2026-08-08 10:11:48 [INFO]: [0mGET /css/verify.css [36m304[0m 0.841 ms - -[0m
2026-08-08 10:11:48 [INFO]: [0mGET /js/notification.js [36m304[0m 0.249 ms - -[0m
2026-08-08 10:16:14 [INFO]: [0mGET /admin/categories [36m304[0m 217.141 ms - -[0m
2026-08-08 10:16:15 [INFO]: [0mGET /css/style.css [36m304[0m 0.552 ms - -[0m
2026-08-08 10:16:15 [INFO]: [0mGET /css/admin/layout.css [36m304[0m 0.856 ms - -[0m
2026-08-08 10:16:15 [INFO]: [0mGET /css/admin/users.css [36m304[0m 0.408 ms - -[0m
2026-08-08 10:16:15 [INFO]: [0mGET /css/admin/brands.css [36m304[0m 0.559 ms - -[0m
2026-08-08 10:16:15 [INFO]: [0mGET /css/admin/products.css [36m304[0m 0.491 ms - -[0m
2026-08-08 10:16:15 [INFO]: [0mGET /css/header.css [36m304[0m 0.631 ms - -[0m
2026-08-08 10:16:15 [INFO]: [0mGET /css/admin/categories.css [32m200[0m 2.425 ms - -[0m
2026-08-08 10:16:15 [INFO]: [0mGET /images/logo/plantora.png [36m304[0m 0.172 ms - -[0m
2026-08-08 10:16:15 [INFO]: [0mGET /js/admin/layout.js [36m304[0m 0.599 ms - -[0m
2026-08-08 10:16:15 [INFO]: [0mGET /js/admin/users.js [36m304[0m 0.755 ms - -[0m
2026-08-08 10:16:15 [INFO]: [0mGET /js/admin/categories.js [36m304[0m 0.921 ms - -[0m
2026-08-08 10:16:15 [INFO]: [0mGET /js/admin/brands.js [36m304[0m 1.076 ms - -[0m
2026-08-08 10:16:15 [INFO]: [0mGET /js/admin/products.js [36m304[0m 1.269 ms - -[0m
2026-08-08 10:16:15 [INFO]: [0mGET /js/header.js [36m304[0m 0.178 ms - -[0m
2026-08-08 10:16:15 [INFO]: [0mGET /css/variables.css [36m304[0m 0.391 ms - -[0m
2026-08-08 10:16:15 [INFO]: [0mGET /js/notification.js [36m304[0m 0.232 ms - -[0m
2026-08-08 10:16:15 [INFO]: [0mGET /css/utilities.css [36m304[0m 0.419 ms - -[0m
2026-08-08 10:16:15 [INFO]: [0mGET /css/animations.css [36m304[0m 0.791 ms - -[0m
2026-08-08 10:16:15 [INFO]: [0mGET /css/announcement.css [36m304[0m 0.496 ms - -[0m
2026-08-08 10:16:15 [INFO]: [0mGET /css/hero.css [36m304[0m 0.648 ms - -[0m
2026-08-08 10:16:15 [INFO]: [0mGET /css/featured.css [36m304[0m 1.041 ms - -[0m
2026-08-08 10:16:15 [INFO]: [0mGET /css/why-choose.css [36m304[0m 0.494 ms - -[0m
2026-08-08 10:16:15 [INFO]: [0mGET /css/footer.css [36m304[0m 0.680 ms - -[0m
2026-08-08 10:16:15 [INFO]: [0mGET /css/auth.css [36m304[0m 0.689 ms - -[0m
2026-08-08 10:16:15 [INFO]: [0mGET /css/verify.css [36m304[0m 0.801 ms - -[0m
2026-08-08 10:16:22 [INFO]: [0mGET /admin/brands [36m304[0m 217.165 ms - -[0m
2026-08-08 10:16:22 [INFO]: [0mGET /css/style.css [36m304[0m 0.509 ms - -[0m
2026-08-08 10:16:22 [INFO]: [0mGET /css/admin/layout.css [36m304[0m 0.725 ms - -[0m
2026-08-08 10:16:22 [INFO]: [0mGET /css/admin/categories.css [36m304[0m 0.274 ms - -[0m
2026-08-08 10:16:22 [INFO]: [0mGET /css/admin/brands.css [36m304[0m 0.522 ms - -[0m
2026-08-08 10:16:22 [INFO]: [0mGET /css/admin/products.css [36m304[0m 0.679 ms - -[0m
2026-08-08 10:16:22 [INFO]: [0mGET /css/admin/users.css [36m304[0m 1.242 ms - -[0m
2026-08-08 10:16:22 [INFO]: [0mGET /css/header.css [36m304[0m 1.460 ms - -[0m
2026-08-08 10:16:22 [INFO]: [0mGET /images/logo/plantora.png [36m304[0m 0.188 ms - -[0m
2026-08-08 10:16:22 [INFO]: [0mGET /js/admin/layout.js [36m304[0m 0.254 ms - -[0m
2026-08-08 10:16:22 [INFO]: [0mGET /js/admin/users.js [36m304[0m 0.489 ms - -[0m
2026-08-08 10:16:22 [INFO]: [0mGET /js/admin/categories.js [36m304[0m 0.862 ms - -[0m
2026-08-08 10:16:22 [INFO]: [0mGET /js/admin/brands.js [36m304[0m 1.732 ms - -[0m
2026-08-08 10:16:22 [INFO]: [0mGET /js/admin/products.js [36m304[0m 0.268 ms - -[0m
2026-08-08 10:16:22 [INFO]: [0mGET /js/header.js [36m304[0m 0.397 ms - -[0m
2026-08-08 10:16:22 [INFO]: [0mGET /css/variables.css [36m304[0m 0.200 ms - -[0m
2026-08-08 10:16:22 [INFO]: [0mGET /js/notification.js [36m304[0m 0.655 ms - -[0m
2026-08-08 10:16:22 [INFO]: [0mGET /css/utilities.css [36m304[0m 0.658 ms - -[0m
2026-08-08 10:16:22 [INFO]: [0mGET /css/animations.css [36m304[0m 0.367 ms - -[0m
2026-08-08 10:16:22 [INFO]: [0mGET /css/announcement.css [36m304[0m 0.569 ms - -[0m
2026-08-08 10:16:22 [INFO]: [0mGET /css/hero.css [36m304[0m 0.340 ms - -[0m
2026-08-08 10:16:22 [INFO]: [0mGET /css/featured.css [36m304[0m 0.670 ms - -[0m
2026-08-08 10:16:22 [INFO]: [0mGET /css/why-choose.css [36m304[0m 0.475 ms - -[0m
2026-08-08 10:16:22 [INFO]: [0mGET /css/footer.css [36m304[0m 0.412 ms - -[0m
2026-08-08 10:16:22 [INFO]: [0mGET /css/auth.css [36m304[0m 0.447 ms - -[0m
2026-08-08 10:16:22 [INFO]: [0mGET /css/verify.css [36m304[0m 0.511 ms - -[0m
2026-08-08 10:16:25 [INFO]: [0mGET /admin/products [36m304[0m 175.208 ms - -[0m
2026-08-08 10:16:25 [INFO]: [0mGET /css/style.css [36m304[0m 0.411 ms - -[0m
2026-08-08 10:16:25 [INFO]: [0mGET /css/admin/users.css [36m304[0m 0.225 ms - -[0m
2026-08-08 10:16:25 [INFO]: [0mGET /css/admin/layout.css [36m304[0m 0.904 ms - -[0m
2026-08-08 10:16:25 [INFO]: [0mGET /css/admin/categories.css [36m304[0m 1.259 ms - -[0m
2026-08-08 10:16:25 [INFO]: [0mGET /css/admin/brands.css [36m304[0m 1.554 ms - -[0m
2026-08-08 10:16:25 [INFO]: [0mGET /css/admin/products.css [36m304[0m 1.778 ms - -[0m
2026-08-08 10:16:25 [INFO]: [0mGET /css/header.css [36m304[0m 1.989 ms - -[0m
2026-08-08 10:16:25 [INFO]: [0mGET /images/logo/plantora.png [36m304[0m 0.273 ms - -[0m
2026-08-08 10:16:25 [INFO]: [0mGET /js/admin/layout.js [36m304[0m 0.255 ms - -[0m
2026-08-08 10:16:25 [INFO]: [0mGET /js/admin/users.js [36m304[0m 0.251 ms - -[0m
2026-08-08 10:16:25 [INFO]: [0mGET /js/admin/categories.js [36m304[0m 0.478 ms - -[0m
2026-08-08 10:16:25 [INFO]: [0mGET /js/admin/brands.js [36m304[0m 0.639 ms - -[0m
2026-08-08 10:16:25 [INFO]: [0mGET /js/admin/products.js [36m304[0m 0.853 ms - -[0m
2026-08-08 10:16:25 [INFO]: [0mGET /css/variables.css [36m304[0m 0.236 ms - -[0m
2026-08-08 10:16:25 [INFO]: [0mGET /css/utilities.css [36m304[0m 0.510 ms - -[0m
2026-08-08 10:16:25 [INFO]: [0mGET /css/animations.css [36m304[0m 0.136 ms - -[0m
2026-08-08 10:16:25 [INFO]: [0mGET /css/announcement.css [36m304[0m 0.252 ms - -[0m
2026-08-08 10:16:25 [INFO]: [0mGET /css/hero.css [36m304[0m 0.445 ms - -[0m
2026-08-08 10:16:25 [INFO]: [0mGET /css/featured.css [36m304[0m 0.929 ms - -[0m
2026-08-08 10:16:25 [INFO]: [0mGET /css/why-choose.css [36m304[0m 0.722 ms - -[0m
2026-08-08 10:16:25 [INFO]: [0mGET /css/footer.css [36m304[0m 0.927 ms - -[0m
2026-08-08 10:16:25 [INFO]: [0mGET /css/auth.css [36m304[0m 0.456 ms - -[0m
2026-08-08 10:16:25 [INFO]: [0mGET /css/verify.css [36m304[0m 0.353 ms - -[0m
2026-08-08 10:16:25 [INFO]: [0mGET /js/header.js [36m304[0m 0.131 ms - -[0m
2026-08-08 10:16:25 [INFO]: [0mGET /js/notification.js [36m304[0m 0.127 ms - -[0m
2026-08-08 10:16:27 [INFO]: [0mGET /admin/brands [36m304[0m 213.632 ms - -[0m
2026-08-08 10:16:27 [INFO]: [0mGET /css/style.css [36m304[0m 0.395 ms - -[0m
2026-08-08 10:16:27 [INFO]: [0mGET /css/admin/layout.css [36m304[0m 0.643 ms - -[0m
2026-08-08 10:16:27 [INFO]: [0mGET /css/admin/users.css [36m304[0m 0.826 ms - -[0m
2026-08-08 10:16:27 [INFO]: [0mGET /css/admin/categories.css [36m304[0m 1.151 ms - -[0m
2026-08-08 10:16:27 [INFO]: [0mGET /css/admin/brands.css [36m304[0m 1.437 ms - -[0m
2026-08-08 10:16:27 [INFO]: [0mGET /css/admin/products.css [36m304[0m 1.614 ms - -[0m
2026-08-08 10:16:27 [INFO]: [0mGET /css/header.css [36m304[0m 0.210 ms - -[0m
2026-08-08 10:16:27 [INFO]: [0mGET /images/logo/plantora.png [36m304[0m 0.443 ms - -[0m
2026-08-08 10:16:27 [INFO]: [0mGET /js/admin/layout.js [36m304[0m 0.556 ms - -[0m
2026-08-08 10:16:27 [INFO]: [0mGET /js/admin/users.js [36m304[0m 0.563 ms - -[0m
2026-08-08 10:16:27 [INFO]: [0mGET /js/admin/categories.js [36m304[0m 0.781 ms - -[0m
2026-08-08 10:16:27 [INFO]: [0mGET /js/admin/brands.js [36m304[0m 1.100 ms - -[0m
2026-08-08 10:16:27 [INFO]: [0mGET /js/admin/products.js [36m304[0m 0.141 ms - -[0m
2026-08-08 10:16:27 [INFO]: [0mGET /css/variables.css [36m304[0m 0.446 ms - -[0m
2026-08-08 10:16:27 [INFO]: [0mGET /css/utilities.css [36m304[0m 0.529 ms - -[0m
2026-08-08 10:16:27 [INFO]: [0mGET /css/animations.css [36m304[0m 0.669 ms - -[0m
2026-08-08 10:16:27 [INFO]: [0mGET /css/announcement.css [36m304[0m 1.006 ms - -[0m
2026-08-08 10:16:27 [INFO]: [0mGET /css/hero.css [36m304[0m 0.257 ms - -[0m
2026-08-08 10:16:27 [INFO]: [0mGET /css/featured.css [36m304[0m 0.569 ms - -[0m
2026-08-08 10:16:27 [INFO]: [0mGET /css/why-choose.css [36m304[0m 0.744 ms - -[0m
2026-08-08 10:16:27 [INFO]: [0mGET /css/footer.css [36m304[0m 0.815 ms - -[0m
2026-08-08 10:16:27 [INFO]: [0mGET /css/auth.css [36m304[0m 0.156 ms - -[0m
2026-08-08 10:16:27 [INFO]: [0mGET /css/verify.css [36m304[0m 0.345 ms - -[0m
2026-08-08 10:16:27 [INFO]: [0mGET /js/header.js [36m304[0m 0.253 ms - -[0m
2026-08-08 10:16:27 [INFO]: [0mGET /js/notification.js [36m304[0m 0.222 ms - -[0m
2026-08-08 10:16:28 [INFO]: [0mGET /admin/categories [36m304[0m 216.736 ms - -[0m
2026-08-08 10:16:28 [INFO]: [0mGET /css/style.css [36m304[0m 0.456 ms - -[0m
2026-08-08 10:16:28 [INFO]: [0mGET /css/admin/layout.css [36m304[0m 0.506 ms - -[0m
2026-08-08 10:16:28 [INFO]: [0mGET /css/admin/users.css [36m304[0m 0.655 ms - -[0m
2026-08-08 10:16:28 [INFO]: [0mGET /css/admin/categories.css [36m304[0m 0.164 ms - -[0m
2026-08-08 10:16:28 [INFO]: [0mGET /css/admin/brands.css [36m304[0m 0.259 ms - -[0m
2026-08-08 10:16:28 [INFO]: [0mGET /css/admin/products.css [36m304[0m 0.546 ms - -[0m
2026-08-08 10:16:28 [INFO]: [0mGET /css/header.css [36m304[0m 0.480 ms - -[0m
2026-08-08 10:16:28 [INFO]: [0mGET /images/logo/plantora.png [36m304[0m 0.192 ms - -[0m
2026-08-08 10:16:28 [INFO]: [0mGET /js/admin/layout.js [36m304[0m 0.423 ms - -[0m
2026-08-08 10:16:28 [INFO]: [0mGET /js/admin/users.js [36m304[0m 0.815 ms - -[0m
2026-08-08 10:16:28 [INFO]: [0mGET /js/admin/categories.js [36m304[0m 0.713 ms - -[0m
2026-08-08 10:16:28 [INFO]: [0mGET /js/admin/brands.js [36m304[0m 1.034 ms - -[0m
2026-08-08 10:16:28 [INFO]: [0mGET /js/admin/products.js [36m304[0m 1.283 ms - -[0m
2026-08-08 10:16:28 [INFO]: [0mGET /js/header.js [36m304[0m 2.471 ms - -[0m
2026-08-08 10:16:28 [INFO]: [0mGET /css/variables.css [36m304[0m 1.131 ms - -[0m
2026-08-08 10:16:28 [INFO]: [0mGET /css/utilities.css [36m304[0m 1.552 ms - -[0m
2026-08-08 10:16:28 [INFO]: [0mGET /css/animations.css [36m304[0m 0.890 ms - -[0m
2026-08-08 10:16:28 [INFO]: [0mGET /css/announcement.css [36m304[0m 0.201 ms - -[0m
2026-08-08 10:16:28 [INFO]: [0mGET /css/hero.css [36m304[0m 0.187 ms - -[0m
2026-08-08 10:16:28 [INFO]: [0mGET /css/featured.css [36m304[0m 0.292 ms - -[0m
2026-08-08 10:16:28 [INFO]: [0mGET /css/why-choose.css [36m304[0m 0.148 ms - -[0m
2026-08-08 10:16:28 [INFO]: [0mGET /css/footer.css [36m304[0m 0.318 ms - -[0m
2026-08-08 10:16:28 [INFO]: [0mGET /css/auth.css [36m304[0m 0.286 ms - -[0m
2026-08-08 10:16:28 [INFO]: [0mGET /css/verify.css [36m304[0m 0.479 ms - -[0m
2026-08-08 10:16:28 [INFO]: [0mGET /js/notification.js [36m304[0m 0.252 ms - -[0m
2026-08-08 10:16:45 [INFO]: [0mGET /admin/categories [36m304[0m 215.521 ms - -[0m
2026-08-08 10:16:45 [INFO]: [0mGET /css/style.css [36m304[0m 0.716 ms - -[0m
2026-08-08 10:16:45 [INFO]: [0mGET /css/admin/layout.css [36m304[0m 0.942 ms - -[0m
2026-08-08 10:16:45 [INFO]: [0mGET /css/admin/users.css [36m304[0m 1.529 ms - -[0m
2026-08-08 10:16:45 [INFO]: [0mGET /css/admin/brands.css [36m304[0m 0.607 ms - -[0m
2026-08-08 10:16:45 [INFO]: [0mGET /css/header.css [36m304[0m 0.328 ms - -[0m
2026-08-08 10:16:45 [INFO]: [0mGET /css/admin/products.css [36m304[0m 0.931 ms - -[0m
2026-08-08 10:16:45 [INFO]: [0mGET /images/logo/plantora.png [36m304[0m 0.824 ms - -[0m
2026-08-08 10:16:45 [INFO]: [0mGET /js/admin/layout.js [36m304[0m 0.394 ms - -[0m
2026-08-08 10:16:45 [INFO]: [0mGET /js/admin/users.js [36m304[0m 0.692 ms - -[0m
2026-08-08 10:16:45 [INFO]: [0mGET /css/admin/categories.css [32m200[0m 2.617 ms - -[0m
2026-08-08 10:16:45 [INFO]: [0mGET /js/admin/categories.js [36m304[0m 0.729 ms - -[0m
2026-08-08 10:16:45 [INFO]: [0mGET /css/variables.css [36m304[0m 0.350 ms - -[0m
2026-08-08 10:16:45 [INFO]: [0mGET /js/admin/brands.js [36m304[0m 0.408 ms - -[0m
2026-08-08 10:16:45 [INFO]: [0mGET /css/utilities.css [36m304[0m 0.599 ms - -[0m
2026-08-08 10:16:45 [INFO]: [0mGET /css/animations.css [36m304[0m 0.266 ms - -[0m
2026-08-08 10:16:45 [INFO]: [0mGET /css/announcement.css [36m304[0m 0.421 ms - -[0m
2026-08-08 10:16:45 [INFO]: [0mGET /css/hero.css [36m304[0m 0.509 ms - -[0m
2026-08-08 10:16:45 [INFO]: [0mGET /css/featured.css [36m304[0m 0.462 ms - -[0m
2026-08-08 10:16:45 [INFO]: [0mGET /css/why-choose.css [36m304[0m 0.542 ms - -[0m
2026-08-08 10:16:45 [INFO]: [0mGET /css/footer.css [36m304[0m 0.223 ms - -[0m
2026-08-08 10:16:45 [INFO]: [0mGET /css/auth.css [36m304[0m 0.416 ms - -[0m
2026-08-08 10:16:45 [INFO]: [0mGET /css/verify.css [36m304[0m 0.723 ms - -[0m
2026-08-08 10:16:45 [INFO]: [0mGET /js/admin/products.js [36m304[0m 0.152 ms - -[0m
2026-08-08 10:16:45 [INFO]: [0mGET /js/header.js [36m304[0m 0.291 ms - -[0m
2026-08-08 10:16:45 [INFO]: [0mGET /js/notification.js [36m304[0m 0.422 ms - -[0m
2026-08-08 10:17:06 [INFO]: [0mGET /admin/categories [36m304[0m 215.181 ms - -[0m
2026-08-08 10:17:06 [INFO]: [0mGET /css/style.css [36m304[0m 0.237 ms - -[0m
2026-08-08 10:17:06 [INFO]: [0mGET /css/admin/layout.css [36m304[0m 0.342 ms - -[0m
2026-08-08 10:17:06 [INFO]: [0mGET /css/admin/users.css [36m304[0m 0.294 ms - -[0m
2026-08-08 10:17:06 [INFO]: [0mGET /css/admin/brands.css [36m304[0m 0.344 ms - -[0m
2026-08-08 10:17:06 [INFO]: [0mGET /css/admin/products.css [36m304[0m 0.468 ms - -[0m
2026-08-08 10:17:06 [INFO]: [0mGET /css/header.css [36m304[0m 0.563 ms - -[0m
2026-08-08 10:17:06 [INFO]: [0mGET /css/admin/categories.css [32m200[0m 1.005 ms - -[0m
2026-08-08 10:17:06 [INFO]: [0mGET /images/logo/plantora.png [36m304[0m 0.117 ms - -[0m
2026-08-08 10:17:06 [INFO]: [0mGET /js/admin/layout.js [36m304[0m 0.291 ms - -[0m
2026-08-08 10:17:06 [INFO]: [0mGET /js/admin/users.js [36m304[0m 0.350 ms - -[0m
2026-08-08 10:17:06 [INFO]: [0mGET /js/admin/categories.js [36m304[0m 0.485 ms - -[0m
2026-08-08 10:17:06 [INFO]: [0mGET /js/admin/brands.js [36m304[0m 0.506 ms - -[0m
2026-08-08 10:17:06 [INFO]: [0mGET /js/admin/products.js [36m304[0m 0.546 ms - -[0m
2026-08-08 10:17:06 [INFO]: [0mGET /js/header.js [36m304[0m 0.086 ms - -[0m
2026-08-08 10:17:06 [INFO]: [0mGET /css/variables.css [36m304[0m 0.099 ms - -[0m
2026-08-08 10:17:06 [INFO]: [0mGET /css/utilities.css [36m304[0m 0.291 ms - -[0m
2026-08-08 10:17:06 [INFO]: [0mGET /css/animations.css [36m304[0m 0.236 ms - -[0m
2026-08-08 10:17:06 [INFO]: [0mGET /css/announcement.css [36m304[0m 0.147 ms - -[0m
2026-08-08 10:17:06 [INFO]: [0mGET /css/hero.css [36m304[0m 0.245 ms - -[0m
2026-08-08 10:17:06 [INFO]: [0mGET /css/featured.css [36m304[0m 0.371 ms - -[0m
2026-08-08 10:17:06 [INFO]: [0mGET /css/why-choose.css [36m304[0m 0.157 ms - -[0m
2026-08-08 10:17:06 [INFO]: [0mGET /css/footer.css [36m304[0m 0.246 ms - -[0m
2026-08-08 10:17:06 [INFO]: [0mGET /css/auth.css [36m304[0m 0.345 ms - -[0m
2026-08-08 10:17:06 [INFO]: [0mGET /css/verify.css [36m304[0m 0.090 ms - -[0m
2026-08-08 10:17:06 [INFO]: [0mGET /js/notification.js [36m304[0m 0.135 ms - -[0m
2026-08-08 10:17:17 [INFO]: [0mGET /admin/categories [36m304[0m 215.793 ms - -[0m
2026-08-08 10:17:17 [INFO]: [0mGET /css/style.css [36m304[0m 0.725 ms - -[0m
2026-08-08 10:17:17 [INFO]: [0mGET /css/admin/layout.css [36m304[0m 1.089 ms - -[0m
2026-08-08 10:17:17 [INFO]: [0mGET /css/admin/brands.css [36m304[0m 0.955 ms - -[0m
2026-08-08 10:17:17 [INFO]: [0mGET /css/admin/users.css [36m304[0m 1.229 ms - -[0m
2026-08-08 10:17:17 [INFO]: [0mGET /css/header.css [36m304[0m 0.710 ms - -[0m
2026-08-08 10:17:17 [INFO]: [0mGET /images/logo/plantora.png [36m304[0m 0.917 ms - -[0m
2026-08-08 10:17:17 [INFO]: [0mGET /css/admin/products.css [36m304[0m 1.251 ms - -[0m
2026-08-08 10:17:17 [INFO]: [0mGET /css/variables.css [36m304[0m 0.572 ms - -[0m
2026-08-08 10:17:17 [INFO]: [0mGET /css/utilities.css [36m304[0m 1.311 ms - -[0m
2026-08-08 10:17:17 [INFO]: [0mGET /css/admin/categories.css [32m200[0m 3.583 ms - -[0m
2026-08-08 10:17:17 [INFO]: [0mGET /css/animations.css [36m304[0m 1.041 ms - -[0m
2026-08-08 10:17:17 [INFO]: [0mGET /css/announcement.css [36m304[0m 0.992 ms - -[0m
2026-08-08 10:17:17 [INFO]: [0mGET /css/hero.css [36m304[0m 1.103 ms - -[0m
2026-08-08 10:17:17 [INFO]: [0mGET /css/featured.css [36m304[0m 0.369 ms - -[0m
2026-08-08 10:17:17 [INFO]: [0mGET /css/why-choose.css [36m304[0m 0.480 ms - -[0m
2026-08-08 10:17:17 [INFO]: [0mGET /css/footer.css [36m304[0m 0.588 ms - -[0m
2026-08-08 10:17:17 [INFO]: [0mGET /css/auth.css [36m304[0m 1.220 ms - -[0m
2026-08-08 10:17:17 [INFO]: [0mGET /css/verify.css [36m304[0m 0.520 ms - -[0m
2026-08-08 10:17:17 [INFO]: [0mGET /js/admin/layout.js [36m304[0m 0.232 ms - -[0m
2026-08-08 10:17:17 [INFO]: [0mGET /js/admin/users.js [36m304[0m 0.358 ms - -[0m
2026-08-08 10:17:17 [INFO]: [0mGET /js/admin/categories.js [36m304[0m 0.240 ms - -[0m
2026-08-08 10:17:17 [INFO]: [0mGET /js/admin/brands.js [36m304[0m 0.310 ms - -[0m
2026-08-08 10:17:17 [INFO]: [0mGET /js/admin/products.js [36m304[0m 0.489 ms - -[0m
2026-08-08 10:17:17 [INFO]: [0mGET /js/header.js [36m304[0m 1.231 ms - -[0m
2026-08-08 10:17:17 [INFO]: [0mGET /js/notification.js [36m304[0m 0.748 ms - -[0m
2026-08-08 10:17:25 [INFO]: [0mGET /admin/categories [36m304[0m 214.278 ms - -[0m
2026-08-08 10:17:25 [INFO]: [0mGET /css/style.css [36m304[0m 0.456 ms - -[0m
2026-08-08 10:17:25 [INFO]: [0mGET /css/admin/layout.css [36m304[0m 0.655 ms - -[0m
2026-08-08 10:17:25 [INFO]: [0mGET /css/admin/brands.css [36m304[0m 0.235 ms - -[0m
2026-08-08 10:17:25 [INFO]: [0mGET /css/admin/users.css [36m304[0m 0.330 ms - -[0m
2026-08-08 10:17:25 [INFO]: [0mGET /css/admin/products.css [36m304[0m 0.160 ms - -[0m
2026-08-08 10:17:25 [INFO]: [0mGET /css/header.css [36m304[0m 0.265 ms - -[0m
2026-08-08 10:17:25 [INFO]: [0mGET /css/admin/categories.css [32m200[0m 1.116 ms - -[0m
2026-08-08 10:17:25 [INFO]: [0mGET /images/logo/plantora.png [36m304[0m 0.140 ms - -[0m
2026-08-08 10:17:25 [INFO]: [0mGET /js/admin/layout.js [36m304[0m 0.179 ms - -[0m
2026-08-08 10:17:25 [INFO]: [0mGET /js/admin/users.js [36m304[0m 0.301 ms - -[0m
2026-08-08 10:17:25 [INFO]: [0mGET /js/admin/categories.js [36m304[0m 0.105 ms - -[0m
2026-08-08 10:17:25 [INFO]: [0mGET /css/variables.css [36m304[0m 0.099 ms - -[0m
2026-08-08 10:17:25 [INFO]: [0mGET /css/utilities.css [36m304[0m 0.097 ms - -[0m
2026-08-08 10:17:25 [INFO]: [0mGET /css/animations.css [36m304[0m 0.177 ms - -[0m
2026-08-08 10:17:25 [INFO]: [0mGET /css/announcement.css [36m304[0m 0.084 ms - -[0m
2026-08-08 10:17:25 [INFO]: [0mGET /css/hero.css [36m304[0m 0.297 ms - -[0m
2026-08-08 10:17:25 [INFO]: [0mGET /css/featured.css [36m304[0m 0.088 ms - -[0m
2026-08-08 10:17:25 [INFO]: [0mGET /css/why-choose.css [36m304[0m 0.154 ms - -[0m
2026-08-08 10:17:25 [INFO]: [0mGET /css/footer.css [36m304[0m 0.235 ms - -[0m
2026-08-08 10:17:25 [INFO]: [0mGET /css/auth.css [36m304[0m 0.424 ms - -[0m
2026-08-08 10:17:25 [INFO]: [0mGET /css/verify.css [36m304[0m 0.329 ms - -[0m
2026-08-08 10:17:25 [INFO]: [0mGET /js/admin/brands.js [36m304[0m 0.100 ms - -[0m
2026-08-08 10:17:25 [INFO]: [0mGET /js/admin/products.js [36m304[0m 0.158 ms - -[0m
2026-08-08 10:17:25 [INFO]: [0mGET /js/header.js [36m304[0m 0.220 ms - -[0m
2026-08-08 10:17:25 [INFO]: [0mGET /js/notification.js [36m304[0m 0.347 ms - -[0m
2026-08-08 10:17:43 [INFO]: [0mGET /admin/categories [36m304[0m 212.977 ms - -[0m
2026-08-08 10:17:43 [INFO]: [0mGET /css/style.css [36m304[0m 0.258 ms - -[0m
2026-08-08 10:17:43 [INFO]: [0mGET /css/admin/layout.css [36m304[0m 0.381 ms - -[0m
2026-08-08 10:17:43 [INFO]: [0mGET /css/admin/users.css [36m304[0m 0.314 ms - -[0m
2026-08-08 10:17:43 [INFO]: [0mGET /css/admin/brands.css [36m304[0m 0.456 ms - -[0m
2026-08-08 10:17:43 [INFO]: [0mGET /css/admin/products.css [36m304[0m 0.850 ms - -[0m
2026-08-08 10:17:43 [INFO]: [0mGET /css/header.css [36m304[0m 0.360 ms - -[0m
2026-08-08 10:17:43 [INFO]: [0mGET /css/admin/categories.css [32m200[0m 1.295 ms - -[0m
2026-08-08 10:17:43 [INFO]: [0mGET /images/logo/plantora.png [36m304[0m 0.254 ms - -[0m
2026-08-08 10:17:43 [INFO]: [0mGET /js/admin/layout.js [36m304[0m 0.490 ms - -[0m
2026-08-08 10:17:43 [INFO]: [0mGET /js/admin/users.js [36m304[0m 0.622 ms - -[0m
2026-08-08 10:17:43 [INFO]: [0mGET /js/admin/categories.js [36m304[0m 0.793 ms - -[0m
2026-08-08 10:17:43 [INFO]: [0mGET /css/variables.css [36m304[0m 0.115 ms - -[0m
2026-08-08 10:17:43 [INFO]: [0mGET /css/utilities.css [36m304[0m 0.094 ms - -[0m
2026-08-08 10:17:43 [INFO]: [0mGET /css/animations.css [36m304[0m 0.134 ms - -[0m
2026-08-08 10:17:43 [INFO]: [0mGET /css/announcement.css [36m304[0m 0.232 ms - -[0m
2026-08-08 10:17:43 [INFO]: [0mGET /css/hero.css [36m304[0m 0.374 ms - -[0m
2026-08-08 10:17:43 [INFO]: [0mGET /css/featured.css [36m304[0m 0.103 ms - -[0m
2026-08-08 10:17:43 [INFO]: [0mGET /css/why-choose.css [36m304[0m 0.274 ms - -[0m
2026-08-08 10:17:43 [INFO]: [0mGET /css/footer.css [36m304[0m 0.506 ms - -[0m
2026-08-08 10:17:43 [INFO]: [0mGET /css/auth.css [36m304[0m 0.425 ms - -[0m
2026-08-08 10:17:43 [INFO]: [0mGET /css/verify.css [36m304[0m 0.153 ms - -[0m
2026-08-08 10:17:43 [INFO]: [0mGET /js/admin/brands.js [36m304[0m 0.203 ms - -[0m
2026-08-08 10:17:43 [INFO]: [0mGET /js/admin/products.js [36m304[0m 0.172 ms - -[0m
2026-08-08 10:17:43 [INFO]: [0mGET /js/header.js [36m304[0m 0.385 ms - -[0m
2026-08-08 10:17:43 [INFO]: [0mGET /js/notification.js [36m304[0m 0.143 ms - -[0m
2026-08-08 10:18:03 [INFO]: [0mGET /admin/users/trash [36m304[0m 215.275 ms - -[0m
2026-08-08 10:18:03 [INFO]: [0mGET /css/style.css [36m304[0m 0.975 ms - -[0m
2026-08-08 10:18:03 [INFO]: [0mGET /css/admin/layout.css [36m304[0m 1.045 ms - -[0m
2026-08-08 10:18:03 [INFO]: [0mGET /css/admin/users.css [36m304[0m 0.552 ms - -[0m
2026-08-08 10:18:03 [INFO]: [0mGET /css/admin/brands.css [36m304[0m 0.639 ms - -[0m
2026-08-08 10:18:03 [INFO]: [0mGET /css/admin/products.css [36m304[0m 0.665 ms - -[0m
2026-08-08 10:18:03 [INFO]: [0mGET /css/header.css [36m304[0m 1.241 ms - -[0m
2026-08-08 10:18:03 [INFO]: [0mGET /css/admin/categories.css [32m200[0m 1.963 ms - -[0m
2026-08-08 10:18:03 [INFO]: [0mGET /images/logo/plantora.png [36m304[0m 0.315 ms - -[0m
2026-08-08 10:18:03 [INFO]: [0mGET /js/admin/layout.js [36m304[0m 0.317 ms - -[0m
2026-08-08 10:18:03 [INFO]: [0mGET /js/admin/users.js [36m304[0m 0.381 ms - -[0m
2026-08-08 10:18:03 [INFO]: [0mGET /js/admin/categories.js [36m304[0m 0.390 ms - -[0m
2026-08-08 10:18:03 [INFO]: [0mGET /js/admin/brands.js [36m304[0m 0.552 ms - -[0m
2026-08-08 10:18:03 [INFO]: [0mGET /css/variables.css [36m304[0m 0.386 ms - -[0m
2026-08-08 10:18:03 [INFO]: [0mGET /js/admin/products.js [36m304[0m 0.592 ms - -[0m
2026-08-08 10:18:03 [INFO]: [0mGET /css/utilities.css [36m304[0m 0.836 ms - -[0m
2026-08-08 10:18:03 [INFO]: [0mGET /css/animations.css [36m304[0m 0.490 ms - -[0m
2026-08-08 10:18:03 [INFO]: [0mGET /css/announcement.css [36m304[0m 0.383 ms - -[0m
2026-08-08 10:18:03 [INFO]: [0mGET /css/hero.css [36m304[0m 0.208 ms - -[0m
2026-08-08 10:18:03 [INFO]: [0mGET /css/featured.css [36m304[0m 0.402 ms - -[0m
2026-08-08 10:18:03 [INFO]: [0mGET /css/why-choose.css [36m304[0m 0.838 ms - -[0m
2026-08-08 10:18:03 [INFO]: [0mGET /css/footer.css [36m304[0m 0.536 ms - -[0m
2026-08-08 10:18:03 [INFO]: [0mGET /css/auth.css [36m304[0m 0.332 ms - -[0m
2026-08-08 10:18:03 [INFO]: [0mGET /css/verify.css [36m304[0m 0.514 ms - -[0m
2026-08-08 10:18:03 [INFO]: [0mGET /js/header.js [36m304[0m 0.151 ms - -[0m
2026-08-08 10:18:03 [INFO]: [0mGET /js/notification.js [36m304[0m 0.285 ms - -[0m
2026-08-08 10:18:05 [INFO]: [0mGET /admin/users [32m200[0m 177.713 ms - -[0m
2026-08-08 10:18:05 [INFO]: [0mGET /css/style.css [36m304[0m 0.889 ms - -[0m
2026-08-08 10:18:05 [INFO]: [0mGET /css/admin/layout.css [36m304[0m 1.247 ms - -[0m
2026-08-08 10:18:05 [INFO]: [0mGET /css/admin/users.css [36m304[0m 1.374 ms - -[0m
2026-08-08 10:18:05 [INFO]: [0mGET /css/admin/categories.css [36m304[0m 1.605 ms - -[0m
2026-08-08 10:18:05 [INFO]: [0mGET /css/admin/brands.css [36m304[0m 1.937 ms - -[0m
2026-08-08 10:18:05 [INFO]: [0mGET /css/admin/products.css [36m304[0m 0.801 ms - -[0m
2026-08-08 10:18:05 [INFO]: [0mGET /css/header.css [36m304[0m 0.743 ms - -[0m
2026-08-08 10:18:05 [INFO]: [0mGET /images/logo/plantora.png [36m304[0m 0.195 ms - -[0m
2026-08-08 10:18:05 [INFO]: [0mGET /js/admin/layout.js [36m304[0m 0.595 ms - -[0m
2026-08-08 10:18:05 [INFO]: [0mGET /js/admin/users.js [36m304[0m 0.880 ms - -[0m
2026-08-08 10:18:05 [INFO]: [0mGET /css/variables.css [36m304[0m 1.197 ms - -[0m
2026-08-08 10:18:05 [INFO]: [0mGET /js/admin/categories.js [36m304[0m 1.507 ms - -[0m
2026-08-08 10:18:05 [INFO]: [0mGET /js/admin/brands.js [36m304[0m 1.756 ms - -[0m
2026-08-08 10:18:05 [INFO]: [0mGET /css/animations.css [36m304[0m 0.224 ms - -[0m
2026-08-08 10:18:05 [INFO]: [0mGET /css/utilities.css [36m304[0m 0.603 ms - -[0m
2026-08-08 10:18:05 [INFO]: [0mGET /css/announcement.css [36m304[0m 0.742 ms - -[0m
2026-08-08 10:18:05 [INFO]: [0mGET /css/hero.css [36m304[0m 0.577 ms - -[0m
2026-08-08 10:18:05 [INFO]: [0mGET /css/featured.css [36m304[0m 0.682 ms - -[0m
2026-08-08 10:18:05 [INFO]: [0mGET /css/why-choose.css [36m304[0m 0.460 ms - -[0m
2026-08-08 10:18:05 [INFO]: [0mGET /css/footer.css [36m304[0m 0.678 ms - -[0m
2026-08-08 10:18:05 [INFO]: [0mGET /css/auth.css [36m304[0m 0.131 ms - -[0m
2026-08-08 10:18:05 [INFO]: [0mGET /css/verify.css [36m304[0m 0.329 ms - -[0m
2026-08-08 10:18:05 [INFO]: [0mGET /js/admin/products.js [36m304[0m 0.127 ms - -[0m
2026-08-08 10:18:05 [INFO]: [0mGET /js/header.js [36m304[0m 0.208 ms - -[0m
2026-08-08 10:18:05 [INFO]: [0mGET /js/notification.js [36m304[0m 0.320 ms - -[0m
2026-08-08 10:18:18 [INFO]: [0mGET /admin/products [36m304[0m 184.371 ms - -[0m
2026-08-08 10:18:18 [INFO]: [0mGET /css/style.css [36m304[0m 0.598 ms - -[0m
2026-08-08 10:18:18 [INFO]: [0mGET /css/admin/layout.css [36m304[0m 0.862 ms - -[0m
2026-08-08 10:18:18 [INFO]: [0mGET /css/admin/categories.css [36m304[0m 0.392 ms - -[0m
2026-08-08 10:18:18 [INFO]: [0mGET /css/admin/brands.css [36m304[0m 0.449 ms - -[0m
2026-08-08 10:18:18 [INFO]: [0mGET /css/admin/users.css [36m304[0m 0.484 ms - -[0m
2026-08-08 10:18:18 [INFO]: [0mGET /css/header.css [36m304[0m 0.967 ms - -[0m
2026-08-08 10:18:18 [INFO]: [0mGET /css/admin/products.css [36m304[0m 0.596 ms - -[0m
2026-08-08 10:18:18 [INFO]: [0mGET /images/logo/plantora.png [36m304[0m 0.301 ms - -[0m
2026-08-08 10:18:18 [INFO]: [0mGET /js/admin/layout.js [36m304[0m 0.330 ms - -[0m
2026-08-08 10:18:18 [INFO]: [0mGET /js/admin/users.js [36m304[0m 1.053 ms - -[0m
2026-08-08 10:18:18 [INFO]: [0mGET /js/admin/categories.js [36m304[0m 1.245 ms - -[0m
2026-08-08 10:18:18 [INFO]: [0mGET /js/admin/brands.js [36m304[0m 0.960 ms - -[0m
2026-08-08 10:18:18 [INFO]: [0mGET /js/admin/products.js [36m304[0m 0.981 ms - -[0m
2026-08-08 10:18:18 [INFO]: [0mGET /js/header.js [36m304[0m 1.019 ms - -[0m
2026-08-08 10:18:18 [INFO]: [0mGET /css/variables.css [36m304[0m 0.187 ms - -[0m
2026-08-08 10:18:18 [INFO]: [0mGET /css/utilities.css [36m304[0m 0.865 ms - -[0m
2026-08-08 10:18:18 [INFO]: [0mGET /css/animations.css [36m304[0m 0.955 ms - -[0m
2026-08-08 10:18:18 [INFO]: [0mGET /css/announcement.css [36m304[0m 1.252 ms - -[0m
2026-08-08 10:18:18 [INFO]: [0mGET /css/hero.css [36m304[0m 1.496 ms - -[0m
2026-08-08 10:18:18 [INFO]: [0mGET /css/featured.css [36m304[0m 0.407 ms - -[0m
2026-08-08 10:18:18 [INFO]: [0mGET /css/why-choose.css [36m304[0m 1.020 ms - -[0m
2026-08-08 10:18:18 [INFO]: [0mGET /css/footer.css [36m304[0m 1.731 ms - -[0m
2026-08-08 10:18:18 [INFO]: [0mGET /css/auth.css [36m304[0m 2.018 ms - -[0m
2026-08-08 10:18:18 [INFO]: [0mGET /css/verify.css [36m304[0m 0.400 ms - -[0m
2026-08-08 10:18:18 [INFO]: [0mGET /js/notification.js [36m304[0m 0.365 ms - -[0m
2026-08-08 10:18:21 [INFO]: [0mGET /admin/products/create [32m200[0m 175.414 ms - -[0m
2026-08-08 10:18:21 [INFO]: [0mGET /css/style.css [36m304[0m 0.964 ms - -[0m
2026-08-08 10:18:21 [INFO]: [0mGET /css/admin/layout.css [36m304[0m 1.163 ms - -[0m
2026-08-08 10:18:21 [INFO]: [0mGET /css/admin/users.css [36m304[0m 1.315 ms - -[0m
2026-08-08 10:18:21 [INFO]: [0mGET /css/admin/categories.css [36m304[0m 1.367 ms - -[0m
2026-08-08 10:18:21 [INFO]: [0mGET /css/admin/brands.css [36m304[0m 1.452 ms - -[0m
2026-08-08 10:18:21 [INFO]: [0mGET /css/admin/products.css [36m304[0m 1.572 ms - -[0m
2026-08-08 10:18:21 [INFO]: [0mGET /css/header.css [36m304[0m 0.109 ms - -[0m
2026-08-08 10:18:21 [INFO]: [0mGET /images/logo/plantora.png [36m304[0m 0.277 ms - -[0m
2026-08-08 10:18:21 [INFO]: [0mGET /js/admin/layout.js [36m304[0m 0.237 ms - -[0m
2026-08-08 10:18:21 [INFO]: [0mGET /js/admin/users.js [36m304[0m 0.462 ms - -[0m
2026-08-08 10:18:21 [INFO]: [0mGET /js/admin/categories.js [36m304[0m 0.507 ms - -[0m
2026-08-08 10:18:21 [INFO]: [0mGET /js/admin/brands.js [36m304[0m 0.685 ms - -[0m
2026-08-08 10:18:21 [INFO]: [0mGET /js/admin/products.js [36m304[0m 0.409 ms - -[0m
2026-08-08 10:18:21 [INFO]: [0mGET /css/variables.css [36m304[0m 0.123 ms - -[0m
2026-08-08 10:18:21 [INFO]: [0mGET /js/header.js [36m304[0m 0.318 ms - -[0m
2026-08-08 10:18:21 [INFO]: [0mGET /css/utilities.css [36m304[0m 0.907 ms - -[0m
2026-08-08 10:18:21 [INFO]: [0mGET /css/animations.css [36m304[0m 0.849 ms - -[0m
2026-08-08 10:18:21 [INFO]: [0mGET /css/announcement.css [36m304[0m 0.943 ms - -[0m
2026-08-08 10:18:21 [INFO]: [0mGET /css/hero.css [36m304[0m 1.080 ms - -[0m
2026-08-08 10:18:21 [INFO]: [0mGET /css/featured.css [36m304[0m 1.343 ms - -[0m
2026-08-08 10:18:21 [INFO]: [0mGET /css/why-choose.css [36m304[0m 0.556 ms - -[0m
2026-08-08 10:18:21 [INFO]: [0mGET /css/footer.css [36m304[0m 0.143 ms - -[0m
2026-08-08 10:18:21 [INFO]: [0mGET /css/auth.css [36m304[0m 0.175 ms - -[0m
2026-08-08 10:18:21 [INFO]: [0mGET /css/verify.css [36m304[0m 0.291 ms - -[0m
2026-08-08 10:18:21 [INFO]: [0mGET /js/notification.js [36m304[0m 0.367 ms - -[0m
2026-08-08 10:19:37 [INFO]: [0mGET /admin/categories [36m304[0m 216.334 ms - -[0m
2026-08-08 10:19:37 [INFO]: [0mGET /css/style.css [36m304[0m 1.077 ms - -[0m
2026-08-08 10:19:37 [INFO]: [0mGET /css/admin/layout.css [36m304[0m 1.467 ms - -[0m
2026-08-08 10:19:37 [INFO]: [0mGET /css/admin/categories.css [36m304[0m 0.548 ms - -[0m
2026-08-08 10:19:37 [INFO]: [0mGET /css/admin/users.css [36m304[0m 0.474 ms - -[0m
2026-08-08 10:19:37 [INFO]: [0mGET /css/admin/brands.css [36m304[0m 0.183 ms - -[0m
2026-08-08 10:19:37 [INFO]: [0mGET /css/admin/products.css [36m304[0m 0.459 ms - -[0m
2026-08-08 10:19:37 [INFO]: [0mGET /css/header.css [36m304[0m 0.484 ms - -[0m
2026-08-08 10:19:37 [INFO]: [0mGET /images/logo/plantora.png [36m304[0m 0.206 ms - -[0m
2026-08-08 10:19:37 [INFO]: [0mGET /js/admin/layout.js [36m304[0m 0.536 ms - -[0m
2026-08-08 10:19:37 [INFO]: [0mGET /js/admin/users.js [36m304[0m 0.751 ms - -[0m
2026-08-08 10:19:37 [INFO]: [0mGET /js/admin/categories.js [36m304[0m 1.092 ms - -[0m
2026-08-08 10:19:37 [INFO]: [0mGET /js/admin/brands.js [36m304[0m 1.432 ms - -[0m
2026-08-08 10:19:37 [INFO]: [0mGET /js/admin/products.js [36m304[0m 0.254 ms - -[0m
2026-08-08 10:19:37 [INFO]: [0mGET /js/header.js [36m304[0m 0.198 ms - -[0m
2026-08-08 10:19:37 [INFO]: [0mGET /js/notification.js [36m304[0m 0.279 ms - -[0m
2026-08-08 10:19:37 [INFO]: [0mGET /css/variables.css [36m304[0m 0.748 ms - -[0m
2026-08-08 10:19:37 [INFO]: [0mGET /css/utilities.css [36m304[0m 1.063 ms - -[0m
2026-08-08 10:19:37 [INFO]: [0mGET /css/animations.css [36m304[0m 1.308 ms - -[0m
2026-08-08 10:19:37 [INFO]: [0mGET /css/announcement.css [36m304[0m 1.476 ms - -[0m
2026-08-08 10:19:37 [INFO]: [0mGET /css/hero.css [36m304[0m 1.571 ms - -[0m
2026-08-08 10:19:37 [INFO]: [0mGET /css/featured.css [36m304[0m 2.099 ms - -[0m
2026-08-08 10:19:37 [INFO]: [0mGET /css/why-choose.css [36m304[0m 0.760 ms - -[0m
2026-08-08 10:19:37 [INFO]: [0mGET /css/footer.css [36m304[0m 0.559 ms - -[0m
2026-08-08 10:19:37 [INFO]: [0mGET /css/auth.css [36m304[0m 0.858 ms - -[0m
2026-08-08 10:19:37 [INFO]: [0mGET /css/verify.css [36m304[0m 1.102 ms - -[0m
2026-08-08 10:19:37 [INFO]: [0mGET /css/header.css [36m304[0m 0.283 ms - -[0m
2026-08-08 10:19:45 [ERROR]: Failed to create audit log: AuditLog validation failed: module: `Category` is not a valid enum value for path `module`.
2026-08-08 10:19:45 [INFO]: Category deleted : Shrubs
2026-08-08 10:19:45 [INFO]: [0mDELETE /admin/categories/6a76a847b470f24cdab6839d?_method=DELETE [36m302[0m 262.159 ms - 46[0m
2026-08-08 10:19:45 [INFO]: [0mGET /admin/categories [32m200[0m 212.148 ms - -[0m
2026-08-08 10:19:45 [INFO]: [0mGET /css/style.css [36m304[0m 0.737 ms - -[0m
2026-08-08 10:19:45 [INFO]: [0mGET /css/admin/layout.css [36m304[0m 0.912 ms - -[0m
2026-08-08 10:19:45 [INFO]: [0mGET /css/admin/categories.css [36m304[0m 0.545 ms - -[0m
2026-08-08 10:19:45 [INFO]: [0mGET /css/admin/brands.css [36m304[0m 0.844 ms - -[0m
2026-08-08 10:19:45 [INFO]: [0mGET /css/admin/users.css [36m304[0m 1.206 ms - -[0m
2026-08-08 10:19:45 [INFO]: [0mGET /css/header.css [36m304[0m 1.809 ms - -[0m
2026-08-08 10:19:45 [INFO]: [0mGET /css/admin/products.css [36m304[0m 0.470 ms - -[0m
2026-08-08 10:19:45 [INFO]: [0mGET /images/logo/plantora.png [36m304[0m 0.238 ms - -[0m
2026-08-08 10:19:45 [INFO]: [0mGET /js/admin/layout.js [36m304[0m 0.192 ms - -[0m
2026-08-08 10:19:45 [INFO]: [0mGET /js/admin/users.js [36m304[0m 0.245 ms - -[0m
2026-08-08 10:19:45 [INFO]: [0mGET /css/variables.css [36m304[0m 0.405 ms - -[0m
2026-08-08 10:19:45 [INFO]: [0mGET /css/utilities.css [36m304[0m 0.165 ms - -[0m
2026-08-08 10:19:45 [INFO]: [0mGET /css/animations.css [36m304[0m 0.389 ms - -[0m
2026-08-08 10:19:45 [INFO]: [0mGET /css/announcement.css [36m304[0m 0.956 ms - -[0m
2026-08-08 10:19:45 [INFO]: [0mGET /css/hero.css [36m304[0m 0.683 ms - -[0m
2026-08-08 10:19:45 [INFO]: [0mGET /css/featured.css [36m304[0m 0.782 ms - -[0m
2026-08-08 10:19:45 [INFO]: [0mGET /css/why-choose.css [36m304[0m 1.188 ms - -[0m
2026-08-08 10:19:45 [INFO]: [0mGET /css/footer.css [36m304[0m 0.533 ms - -[0m
2026-08-08 10:19:45 [INFO]: [0mGET /css/auth.css [36m304[0m 0.745 ms - -[0m
2026-08-08 10:19:45 [INFO]: [0mGET /css/verify.css [36m304[0m 0.216 ms - -[0m
2026-08-08 10:19:45 [INFO]: [0mGET /js/admin/categories.js [36m304[0m 0.339 ms - -[0m
2026-08-08 10:19:45 [INFO]: [0mGET /js/admin/brands.js [36m304[0m 0.696 ms - -[0m
2026-08-08 10:19:45 [INFO]: [0mGET /js/admin/products.js [36m304[0m 0.592 ms - -[0m
2026-08-08 10:19:45 [INFO]: [0mGET /js/header.js [36m304[0m 0.928 ms - -[0m
2026-08-08 10:19:45 [INFO]: [0mGET /js/notification.js [36m304[0m 0.414 ms - -[0m
2026-08-08 10:19:47 [INFO]: [0mGET /admin/brands [36m304[0m 227.380 ms - -[0m
2026-08-08 10:19:47 [INFO]: [0mGET /css/style.css [36m304[0m 0.863 ms - -[0m
2026-08-08 10:19:47 [INFO]: [0mGET /css/admin/layout.css [36m304[0m 1.182 ms - -[0m
2026-08-08 10:19:47 [INFO]: [0mGET /css/admin/users.css [36m304[0m 0.535 ms - -[0m
2026-08-08 10:19:47 [INFO]: [0mGET /css/admin/categories.css [36m304[0m 0.649 ms - -[0m
2026-08-08 10:19:47 [INFO]: [0mGET /css/admin/brands.css [36m304[0m 0.783 ms - -[0m
2026-08-08 10:19:47 [INFO]: [0mGET /css/admin/products.css [36m304[0m 0.953 ms - -[0m
2026-08-08 10:19:47 [INFO]: [0mGET /css/header.css [36m304[0m 0.158 ms - -[0m
2026-08-08 10:19:47 [INFO]: [0mGET /images/logo/plantora.png [36m304[0m 0.496 ms - -[0m
2026-08-08 10:19:47 [INFO]: [0mGET /js/admin/layout.js [36m304[0m 0.750 ms - -[0m
2026-08-08 10:19:47 [INFO]: [0mGET /js/admin/users.js [36m304[0m 0.938 ms - -[0m
2026-08-08 10:19:47 [INFO]: [0mGET /js/admin/categories.js [36m304[0m 1.196 ms - -[0m
2026-08-08 10:19:47 [INFO]: [0mGET /js/admin/brands.js [36m304[0m 1.234 ms - -[0m
2026-08-08 10:19:47 [INFO]: [0mGET /css/variables.css [36m304[0m 0.891 ms - -[0m
2026-08-08 10:19:47 [INFO]: [0mGET /css/utilities.css [36m304[0m 0.993 ms - -[0m
2026-08-08 10:19:47 [INFO]: [0mGET /css/animations.css [36m304[0m 1.065 ms - -[0m
2026-08-08 10:19:47 [INFO]: [0mGET /css/announcement.css [36m304[0m 0.791 ms - -[0m
2026-08-08 10:19:47 [INFO]: [0mGET /css/hero.css [36m304[0m 0.290 ms - -[0m
2026-08-08 10:19:47 [INFO]: [0mGET /css/featured.css [36m304[0m 0.394 ms - -[0m
2026-08-08 10:19:47 [INFO]: [0mGET /css/why-choose.css [36m304[0m 0.690 ms - -[0m
2026-08-08 10:19:47 [INFO]: [0mGET /css/footer.css [36m304[0m 0.675 ms - -[0m
2026-08-08 10:19:47 [INFO]: [0mGET /css/auth.css [36m304[0m 0.805 ms - -[0m
2026-08-08 10:19:47 [INFO]: [0mGET /css/verify.css [36m304[0m 0.248 ms - -[0m
2026-08-08 10:19:47 [INFO]: [0mGET /js/header.js [36m304[0m 0.429 ms - -[0m
2026-08-08 10:19:47 [INFO]: [0mGET /js/admin/products.js [36m304[0m 0.909 ms - -[0m
2026-08-08 10:19:47 [INFO]: [0mGET /js/notification.js [36m304[0m 0.153 ms - -[0m
2026-08-08 10:19:49 [ERROR]: Failed to create audit log: AuditLog validation failed: module: `Brand` is not a valid enum value for path `module`.
2026-08-08 10:19:49 [INFO]: Brand deleted : Bugs
2026-08-08 10:19:49 [INFO]: Brand deleted successfully.
2026-08-08 10:19:49 [INFO]: [0mDELETE /admin/brands/6a76a854b470f24cdab6839f?_method=DELETE [36m302[0m 262.815 ms - 42[0m
2026-08-08 10:19:49 [INFO]: [0mGET /admin/brands [32m200[0m 214.528 ms - -[0m
2026-08-08 10:19:49 [INFO]: [0mGET /css/style.css [36m304[0m 1.125 ms - -[0m
2026-08-08 10:19:49 [INFO]: [0mGET /css/admin/layout.css [36m304[0m 1.747 ms - -[0m
2026-08-08 10:19:49 [INFO]: [0mGET /css/admin/users.css [36m304[0m 0.952 ms - -[0m
2026-08-08 10:19:49 [INFO]: [0mGET /css/admin/categories.css [36m304[0m 1.033 ms - -[0m
2026-08-08 10:19:49 [INFO]: [0mGET /css/admin/brands.css [36m304[0m 1.631 ms - -[0m
2026-08-08 10:19:49 [INFO]: [0mGET /css/admin/products.css [36m304[0m 0.748 ms - -[0m
2026-08-08 10:19:49 [INFO]: [0mGET /css/header.css [36m304[0m 0.862 ms - -[0m
2026-08-08 10:19:49 [INFO]: [0mGET /images/logo/plantora.png [36m304[0m 0.183 ms - -[0m
2026-08-08 10:19:49 [INFO]: [0mGET /js/admin/layout.js [36m304[0m 0.610 ms - -[0m
2026-08-08 10:19:49 [INFO]: [0mGET /js/admin/users.js [36m304[0m 0.704 ms - -[0m
2026-08-08 10:19:49 [INFO]: [0mGET /js/admin/categories.js [36m304[0m 0.231 ms - -[0m
2026-08-08 10:19:49 [INFO]: [0mGET /js/admin/brands.js [36m304[0m 0.179 ms - -[0m
2026-08-08 10:19:49 [INFO]: [0mGET /js/admin/products.js [36m304[0m 0.273 ms - -[0m
2026-08-08 10:19:49 [INFO]: [0mGET /js/header.js [36m304[0m 0.405 ms - -[0m
2026-08-08 10:19:49 [INFO]: [0mGET /js/notification.js [36m304[0m 0.593 ms - -[0m
2026-08-08 10:19:49 [INFO]: [0mGET /css/variables.css [36m304[0m 1.061 ms - -[0m
2026-08-08 10:19:49 [INFO]: [0mGET /css/utilities.css [36m304[0m 0.756 ms - -[0m
2026-08-08 10:19:49 [INFO]: [0mGET /css/animations.css [36m304[0m 0.656 ms - -[0m
2026-08-08 10:19:49 [INFO]: [0mGET /css/announcement.css [36m304[0m 0.714 ms - -[0m
2026-08-08 10:19:49 [INFO]: [0mGET /css/hero.css [36m304[0m 0.873 ms - -[0m
2026-08-08 10:19:49 [INFO]: [0mGET /css/featured.css [36m304[0m 0.542 ms - -[0m
2026-08-08 10:19:49 [INFO]: [0mGET /css/why-choose.css [36m304[0m 0.634 ms - -[0m
2026-08-08 10:19:49 [INFO]: [0mGET /css/footer.css [36m304[0m 0.783 ms - -[0m
2026-08-08 10:19:49 [INFO]: [0mGET /css/auth.css [36m304[0m 0.276 ms - -[0m
2026-08-08 10:19:49 [INFO]: [0mGET /css/verify.css [36m304[0m 0.918 ms - -[0m
2026-08-08 10:19:55 [INFO]: [0mGET /admin/products [32m200[0m 177.029 ms - -[0m
2026-08-08 10:19:55 [INFO]: [0mGET /css/style.css [36m304[0m 0.322 ms - -[0m
2026-08-08 10:19:55 [INFO]: [0mGET /css/admin/layout.css [36m304[0m 0.301 ms - -[0m
2026-08-08 10:19:55 [INFO]: [0mGET /css/admin/users.css [36m304[0m 0.883 ms - -[0m
2026-08-08 10:19:56 [INFO]: [0mGET /css/admin/brands.css [36m304[0m 0.567 ms - -[0m
2026-08-08 10:19:56 [INFO]: [0mGET /css/admin/products.css [36m304[0m 0.743 ms - -[0m
2026-08-08 10:19:56 [INFO]: [0mGET /css/admin/categories.css [36m304[0m 0.820 ms - -[0m
2026-08-08 10:19:56 [INFO]: [0mGET /css/header.css [36m304[0m 0.326 ms - -[0m
2026-08-08 10:19:56 [INFO]: [0mGET /images/logo/plantora.png [36m304[0m 0.243 ms - -[0m
2026-08-08 10:19:56 [INFO]: [0mGET /js/admin/layout.js [36m304[0m 0.205 ms - -[0m
2026-08-08 10:19:56 [INFO]: [0mGET /js/admin/users.js [36m304[0m 0.383 ms - -[0m
2026-08-08 10:19:56 [INFO]: [0mGET /js/admin/categories.js [36m304[0m 0.879 ms - -[0m
2026-08-08 10:19:56 [INFO]: [0mGET /js/admin/brands.js [36m304[0m 0.392 ms - -[0m
2026-08-08 10:19:56 [INFO]: [0mGET /js/admin/products.js [36m304[0m 0.722 ms - -[0m
2026-08-08 10:19:56 [INFO]: [0mGET /js/header.js [36m304[0m 0.458 ms - -[0m
2026-08-08 10:19:56 [INFO]: [0mGET /js/notification.js [36m304[0m 0.489 ms - -[0m
2026-08-08 10:19:56 [INFO]: [0mGET /css/variables.css [36m304[0m 0.600 ms - -[0m
2026-08-08 10:19:56 [INFO]: [0mGET /css/utilities.css [36m304[0m 0.822 ms - -[0m
2026-08-08 10:19:56 [INFO]: [0mGET /css/animations.css [36m304[0m 1.132 ms - -[0m
2026-08-08 10:19:56 [INFO]: [0mGET /css/announcement.css [36m304[0m 0.450 ms - -[0m
2026-08-08 10:19:56 [INFO]: [0mGET /css/hero.css [36m304[0m 0.549 ms - -[0m
2026-08-08 10:19:56 [INFO]: [0mGET /css/featured.css [36m304[0m 0.650 ms - -[0m
2026-08-08 10:19:56 [INFO]: [0mGET /css/why-choose.css [36m304[0m 0.912 ms - -[0m
2026-08-08 10:19:56 [INFO]: [0mGET /css/footer.css [36m304[0m 1.218 ms - -[0m
2026-08-08 10:19:56 [INFO]: [0mGET /css/auth.css [36m304[0m 0.433 ms - -[0m
2026-08-08 10:19:56 [INFO]: [0mGET /css/verify.css [36m304[0m 0.584 ms - -[0m
2026-08-08 10:19:58 [INFO]: [0mGET /admin/products/create [32m200[0m 177.558 ms - -[0m
2026-08-08 10:19:58 [INFO]: [0mGET /css/style.css [36m304[0m 0.464 ms - -[0m
2026-08-08 10:19:58 [INFO]: [0mGET /css/admin/users.css [36m304[0m 0.294 ms - -[0m
2026-08-08 10:19:58 [INFO]: [0mGET /css/admin/layout.css [36m304[0m 0.936 ms - -[0m
2026-08-08 10:19:58 [INFO]: [0mGET /css/admin/categories.css [36m304[0m 1.282 ms - -[0m
2026-08-08 10:19:58 [INFO]: [0mGET /css/admin/brands.css [36m304[0m 1.487 ms - -[0m
2026-08-08 10:19:58 [INFO]: [0mGET /css/admin/products.css [36m304[0m 1.728 ms - -[0m
2026-08-08 10:19:58 [INFO]: [0mGET /css/header.css [36m304[0m 0.159 ms - -[0m
2026-08-08 10:19:58 [INFO]: [0mGET /images/logo/plantora.png [36m304[0m 0.268 ms - -[0m
2026-08-08 10:19:58 [INFO]: [0mGET /js/admin/layout.js [36m304[0m 0.356 ms - -[0m
2026-08-08 10:19:58 [INFO]: [0mGET /js/admin/users.js [36m304[0m 0.508 ms - -[0m
2026-08-08 10:19:58 [INFO]: [0mGET /js/admin/categories.js [36m304[0m 0.753 ms - -[0m
2026-08-08 10:19:58 [INFO]: [0mGET /js/admin/brands.js [36m304[0m 1.092 ms - -[0m
2026-08-08 10:19:58 [INFO]: [0mGET /js/admin/products.js [36m304[0m 0.698 ms - -[0m
2026-08-08 10:19:58 [INFO]: [0mGET /css/variables.css [36m304[0m 1.079 ms - -[0m
2026-08-08 10:19:58 [INFO]: [0mGET /css/utilities.css [36m304[0m 0.937 ms - -[0m
2026-08-08 10:19:58 [INFO]: [0mGET /css/animations.css [36m304[0m 1.137 ms - -[0m
2026-08-08 10:19:58 [INFO]: [0mGET /css/announcement.css [36m304[0m 1.429 ms - -[0m
2026-08-08 10:19:58 [INFO]: [0mGET /css/hero.css [36m304[0m 1.730 ms - -[0m
2026-08-08 10:19:58 [INFO]: [0mGET /css/featured.css [36m304[0m 0.995 ms - -[0m
2026-08-08 10:19:58 [INFO]: [0mGET /css/why-choose.css [36m304[0m 0.741 ms - -[0m
2026-08-08 10:19:58 [INFO]: [0mGET /css/footer.css [36m304[0m 0.980 ms - -[0m
2026-08-08 10:19:58 [INFO]: [0mGET /css/auth.css [36m304[0m 1.185 ms - -[0m
2026-08-08 10:19:58 [INFO]: [0mGET /css/verify.css [36m304[0m 0.211 ms - -[0m
2026-08-08 10:19:58 [INFO]: [0mGET /js/header.js [36m304[0m 0.204 ms - -[0m
2026-08-08 10:19:58 [INFO]: [0mGET /js/notification.js [36m304[0m 0.364 ms - -[0m
2026-08-08 10:24:03 [INFO]: [0mGET /admin/categories [36m304[0m 215.492 ms - -[0m
2026-08-08 10:24:03 [INFO]: [0mGET /css/style.css [36m304[0m 0.433 ms - -[0m
2026-08-08 10:24:03 [INFO]: [0mGET /css/admin/layout.css [36m304[0m 0.513 ms - -[0m
2026-08-08 10:24:03 [INFO]: [0mGET /css/admin/users.css [36m304[0m 0.329 ms - -[0m
2026-08-08 10:24:03 [INFO]: [0mGET /css/admin/categories.css [36m304[0m 0.520 ms - -[0m
2026-08-08 10:24:03 [INFO]: [0mGET /css/admin/brands.css [36m304[0m 0.726 ms - -[0m
2026-08-08 10:24:03 [INFO]: [0mGET /css/admin/products.css [36m304[0m 0.854 ms - -[0m
2026-08-08 10:24:03 [INFO]: [0mGET /css/header.css [36m304[0m 0.968 ms - -[0m
2026-08-08 10:24:03 [INFO]: [0mGET /images/logo/plantora.png [36m304[0m 0.290 ms - -[0m
2026-08-08 10:24:03 [INFO]: [0mGET /js/admin/layout.js [36m304[0m 0.179 ms - -[0m
2026-08-08 10:24:03 [INFO]: [0mGET /js/admin/users.js [36m304[0m 0.598 ms - -[0m
2026-08-08 10:24:03 [INFO]: [0mGET /js/admin/categories.js [36m304[0m 0.802 ms - -[0m
2026-08-08 10:24:03 [INFO]: [0mGET /js/admin/brands.js [36m304[0m 0.942 ms - -[0m
2026-08-08 10:24:03 [INFO]: [0mGET /js/admin/products.js [36m304[0m 1.050 ms - -[0m
2026-08-08 10:24:03 [INFO]: [0mGET /js/header.js [36m304[0m 0.134 ms - -[0m
2026-08-08 10:24:03 [INFO]: [0mGET /css/variables.css [36m304[0m 0.458 ms - -[0m
2026-08-08 10:24:03 [INFO]: [0mGET /css/utilities.css [36m304[0m 0.813 ms - -[0m
2026-08-08 10:24:03 [INFO]: [0mGET /css/animations.css [36m304[0m 1.541 ms - -[0m
2026-08-08 10:24:03 [INFO]: [0mGET /css/announcement.css [36m304[0m 1.961 ms - -[0m
2026-08-08 10:24:03 [INFO]: [0mGET /css/hero.css [36m304[0m 2.321 ms - -[0m
2026-08-08 10:24:03 [INFO]: [0mGET /css/featured.css [36m304[0m 2.760 ms - -[0m
2026-08-08 10:24:03 [INFO]: [0mGET /css/why-choose.css [36m304[0m 0.339 ms - -[0m
2026-08-08 10:24:03 [INFO]: [0mGET /css/footer.css [36m304[0m 0.583 ms - -[0m
2026-08-08 10:24:03 [INFO]: [0mGET /css/auth.css [36m304[0m 0.305 ms - -[0m
2026-08-08 10:24:03 [INFO]: [0mGET /css/verify.css [36m304[0m 0.236 ms - -[0m
2026-08-08 10:24:03 [INFO]: [0mGET /js/notification.js [36m304[0m 0.270 ms - -[0m
2026-08-08 10:24:06 [INFO]: [0mGET /admin/categories/create [32m200[0m 130.466 ms - -[0m
2026-08-08 10:24:06 [INFO]: [0mGET /css/style.css [36m304[0m 0.729 ms - -[0m
2026-08-08 10:24:06 [INFO]: [0mGET /css/admin/layout.css [36m304[0m 0.962 ms - -[0m
2026-08-08 10:24:06 [INFO]: [0mGET /css/admin/users.css [36m304[0m 1.139 ms - -[0m
2026-08-08 10:24:06 [INFO]: [0mGET /css/admin/categories.css [36m304[0m 1.739 ms - -[0m
2026-08-08 10:24:06 [INFO]: [0mGET /css/admin/brands.css [36m304[0m 0.554 ms - -[0m
2026-08-08 10:24:06 [INFO]: [0mGET /css/admin/products.css [36m304[0m 0.751 ms - -[0m
2026-08-08 10:24:06 [INFO]: [0mGET /css/header.css [36m304[0m 0.148 ms - -[0m
2026-08-08 10:24:06 [INFO]: [0mGET /images/logo/plantora.png [36m304[0m 0.176 ms - -[0m
2026-08-08 10:24:06 [INFO]: [0mGET /js/admin/layout.js [36m304[0m 0.194 ms - -[0m
2026-08-08 10:24:06 [INFO]: [0mGET /js/admin/users.js [36m304[0m 0.324 ms - -[0m
2026-08-08 10:24:06 [INFO]: [0mGET /js/admin/categories.js [36m304[0m 0.508 ms - -[0m
2026-08-08 10:24:06 [INFO]: [0mGET /js/admin/brands.js [36m304[0m 0.705 ms - -[0m
2026-08-08 10:24:06 [INFO]: [0mGET /js/admin/products.js [36m304[0m 0.994 ms - -[0m
2026-08-08 10:24:06 [INFO]: [0mGET /css/variables.css [36m304[0m 0.665 ms - -[0m
2026-08-08 10:24:06 [INFO]: [0mGET /css/utilities.css [36m304[0m 1.081 ms - -[0m
2026-08-08 10:24:06 [INFO]: [0mGET /css/animations.css [36m304[0m 1.010 ms - -[0m
2026-08-08 10:24:06 [INFO]: [0mGET /css/announcement.css [36m304[0m 1.051 ms - -[0m
2026-08-08 10:24:06 [INFO]: [0mGET /css/hero.css [36m304[0m 0.820 ms - -[0m
2026-08-08 10:24:06 [INFO]: [0mGET /css/featured.css [36m304[0m 1.301 ms - -[0m
2026-08-08 10:24:06 [INFO]: [0mGET /css/why-choose.css [36m304[0m 0.697 ms - -[0m
2026-08-08 10:24:06 [INFO]: [0mGET /css/footer.css [36m304[0m 0.781 ms - -[0m
2026-08-08 10:24:06 [INFO]: [0mGET /css/auth.css [36m304[0m 0.373 ms - -[0m
2026-08-08 10:24:06 [INFO]: [0mGET /css/verify.css [36m304[0m 0.699 ms - -[0m
2026-08-08 10:24:06 [INFO]: [0mGET /js/header.js [36m304[0m 0.289 ms - -[0m
2026-08-08 10:24:06 [INFO]: [0mGET /js/notification.js [36m304[0m 0.146 ms - -[0m
2026-08-08 10:24:19 [ERROR]: Failed to create audit log: AuditLog validation failed: module: `Category` is not a valid enum value for path `module`.
2026-08-08 10:24:19 [INFO]: Category created : Indoor Plants
2026-08-08 10:24:19 [INFO]: [0mPOST /admin/categories/create [36m302[0m 274.139 ms - 46[0m
2026-08-08 10:24:19 [INFO]: [0mGET /admin/categories [32m200[0m 222.293 ms - -[0m
2026-08-08 10:24:19 [INFO]: [0mGET /css/style.css [36m304[0m 0.646 ms - -[0m
2026-08-08 10:24:19 [INFO]: [0mGET /css/admin/layout.css [36m304[0m 0.707 ms - -[0m
2026-08-08 10:24:19 [INFO]: [0mGET /css/admin/users.css [36m304[0m 0.675 ms - -[0m
2026-08-08 10:24:19 [INFO]: [0mGET /css/header.css [36m304[0m 0.712 ms - -[0m
2026-08-08 10:24:19 [INFO]: [0mGET /css/admin/categories.css [36m304[0m 0.782 ms - -[0m
2026-08-08 10:24:19 [INFO]: [0mGET /css/admin/brands.css [36m304[0m 1.018 ms - -[0m
2026-08-08 10:24:19 [INFO]: [0mGET /css/admin/products.css [36m304[0m 1.350 ms - -[0m
2026-08-08 10:24:19 [INFO]: [0mGET /images/logo/plantora.png [36m304[0m 0.351 ms - -[0m
2026-08-08 10:24:19 [INFO]: [0mGET /js/admin/layout.js [36m304[0m 0.462 ms - -[0m
2026-08-08 10:24:19 [INFO]: [0mGET /js/admin/users.js [36m304[0m 0.620 ms - -[0m
2026-08-08 10:24:19 [INFO]: [0mGET /js/admin/categories.js [36m304[0m 0.783 ms - -[0m
2026-08-08 10:24:19 [INFO]: [0mGET /js/admin/brands.js [36m304[0m 0.885 ms - -[0m
2026-08-08 10:24:19 [INFO]: [0mGET /js/admin/products.js [36m304[0m 1.096 ms - -[0m
2026-08-08 10:24:19 [INFO]: [0mGET /js/header.js [36m304[0m 1.713 ms - -[0m
2026-08-08 10:24:19 [INFO]: [0mGET /js/notification.js [36m304[0m 0.271 ms - -[0m
2026-08-08 10:24:19 [INFO]: [0mGET /css/variables.css [36m304[0m 0.450 ms - -[0m
2026-08-08 10:24:19 [INFO]: [0mGET /css/utilities.css [36m304[0m 0.827 ms - -[0m
2026-08-08 10:24:19 [INFO]: [0mGET /css/animations.css [36m304[0m 0.924 ms - -[0m
2026-08-08 10:24:19 [INFO]: [0mGET /css/announcement.css [36m304[0m 1.569 ms - -[0m
2026-08-08 10:24:19 [INFO]: [0mGET /css/hero.css [36m304[0m 0.933 ms - -[0m
2026-08-08 10:24:19 [INFO]: [0mGET /css/featured.css [36m304[0m 1.047 ms - -[0m
2026-08-08 10:24:19 [INFO]: [0mGET /css/why-choose.css [36m304[0m 1.255 ms - -[0m
2026-08-08 10:24:19 [INFO]: [0mGET /css/footer.css [36m304[0m 0.556 ms - -[0m
2026-08-08 10:24:19 [INFO]: [0mGET /css/auth.css [36m304[0m 0.784 ms - -[0m
2026-08-08 10:24:19 [INFO]: [0mGET /css/verify.css [36m304[0m 1.071 ms - -[0m
2026-08-08 10:24:20 [INFO]: [0mGET /admin/brands [36m304[0m 222.234 ms - -[0m
2026-08-08 10:24:20 [INFO]: [0mGET /css/style.css [36m304[0m 0.177 ms - -[0m
2026-08-08 10:24:20 [INFO]: [0mGET /css/admin/layout.css [36m304[0m 0.172 ms - -[0m
2026-08-08 10:24:20 [INFO]: [0mGET /css/admin/users.css [36m304[0m 0.683 ms - -[0m
2026-08-08 10:24:20 [INFO]: [0mGET /css/admin/categories.css [36m304[0m 0.877 ms - -[0m
2026-08-08 10:24:20 [INFO]: [0mGET /css/admin/brands.css [36m304[0m 1.038 ms - -[0m
2026-08-08 10:24:20 [INFO]: [0mGET /css/admin/products.css [36m304[0m 1.639 ms - -[0m
2026-08-08 10:24:20 [INFO]: [0mGET /css/header.css [36m304[0m 0.756 ms - -[0m
2026-08-08 10:24:20 [INFO]: [0mGET /images/logo/plantora.png [36m304[0m 0.150 ms - -[0m
2026-08-08 10:24:20 [INFO]: [0mGET /js/admin/layout.js [36m304[0m 0.460 ms - -[0m
2026-08-08 10:24:20 [INFO]: [0mGET /js/admin/categories.js [36m304[0m 0.672 ms - -[0m
2026-08-08 10:24:20 [INFO]: [0mGET /js/admin/users.js [36m304[0m 1.272 ms - -[0m
2026-08-08 10:24:20 [INFO]: [0mGET /js/admin/brands.js [36m304[0m 0.990 ms - -[0m
2026-08-08 10:24:20 [INFO]: [0mGET /js/admin/products.js [36m304[0m 1.353 ms - -[0m
2026-08-08 10:24:20 [INFO]: [0mGET /css/variables.css [36m304[0m 0.204 ms - -[0m
2026-08-08 10:24:20 [INFO]: [0mGET /css/utilities.css [36m304[0m 0.369 ms - -[0m
2026-08-08 10:24:20 [INFO]: [0mGET /css/animations.css [36m304[0m 0.760 ms - -[0m
2026-08-08 10:24:20 [INFO]: [0mGET /css/announcement.css [36m304[0m 0.600 ms - -[0m
2026-08-08 10:24:20 [INFO]: [0mGET /css/hero.css [36m304[0m 1.139 ms - -[0m
2026-08-08 10:24:20 [INFO]: [0mGET /css/featured.css [36m304[0m 0.520 ms - -[0m
2026-08-08 10:24:20 [INFO]: [0mGET /css/why-choose.css [36m304[0m 0.532 ms - -[0m
2026-08-08 10:24:20 [INFO]: [0mGET /css/footer.css [36m304[0m 0.497 ms - -[0m
2026-08-08 10:24:20 [INFO]: [0mGET /css/auth.css [36m304[0m 0.734 ms - -[0m
2026-08-08 10:24:20 [INFO]: [0mGET /css/verify.css [36m304[0m 0.589 ms - -[0m
2026-08-08 10:24:20 [INFO]: [0mGET /js/header.js [36m304[0m 0.204 ms - -[0m
2026-08-08 10:24:20 [INFO]: [0mGET /js/notification.js [36m304[0m 0.153 ms - -[0m
2026-08-08 10:24:36 [INFO]: [0mGET /admin/brands/create [32m200[0m 139.324 ms - -[0m
2026-08-08 10:24:36 [INFO]: [0mGET /css/style.css [36m304[0m 0.328 ms - -[0m
2026-08-08 10:24:36 [INFO]: [0mGET /css/admin/layout.css [36m304[0m 0.553 ms - -[0m
2026-08-08 10:24:36 [INFO]: [0mGET /css/admin/users.css [36m304[0m 0.693 ms - -[0m
2026-08-08 10:24:36 [INFO]: [0mGET /css/admin/brands.css [36m304[0m 0.384 ms - -[0m
2026-08-08 10:24:36 [INFO]: [0mGET /css/admin/products.css [36m304[0m 0.501 ms - -[0m
2026-08-08 10:24:36 [INFO]: [0mGET /css/admin/categories.css [36m304[0m 0.594 ms - -[0m
2026-08-08 10:24:36 [INFO]: [0mGET /css/header.css [36m304[0m 0.169 ms - -[0m
2026-08-08 10:24:36 [INFO]: [0mGET /images/logo/plantora.png [36m304[0m 0.183 ms - -[0m
2026-08-08 10:24:36 [INFO]: [0mGET /js/admin/layout.js [36m304[0m 0.542 ms - -[0m
2026-08-08 10:24:36 [INFO]: [0mGET /js/admin/users.js [36m304[0m 0.747 ms - -[0m
2026-08-08 10:24:36 [INFO]: [0mGET /js/admin/categories.js [36m304[0m 0.919 ms - -[0m
2026-08-08 10:24:36 [INFO]: [0mGET /js/admin/brands.js [36m304[0m 1.583 ms - -[0m
2026-08-08 10:24:36 [INFO]: [0mGET /js/admin/products.js [36m304[0m 0.634 ms - -[0m
2026-08-08 10:24:36 [INFO]: [0mGET /js/notification.js [36m304[0m 0.250 ms - -[0m
2026-08-08 10:24:36 [INFO]: [0mGET /js/header.js [36m304[0m 0.389 ms - -[0m
2026-08-08 10:24:36 [INFO]: [0mGET /css/variables.css [36m304[0m 0.912 ms - -[0m
2026-08-08 10:24:36 [INFO]: [0mGET /css/utilities.css [36m304[0m 0.792 ms - -[0m
2026-08-08 10:24:36 [INFO]: [0mGET /css/animations.css [36m304[0m 0.491 ms - -[0m
2026-08-08 10:24:36 [INFO]: [0mGET /css/announcement.css [36m304[0m 0.787 ms - -[0m
2026-08-08 10:24:36 [INFO]: [0mGET /css/hero.css [36m304[0m 2.331 ms - -[0m
2026-08-08 10:24:36 [INFO]: [0mGET /css/featured.css [36m304[0m 1.529 ms - -[0m
2026-08-08 10:24:36 [INFO]: [0mGET /css/why-choose.css [36m304[0m 0.762 ms - -[0m
2026-08-08 10:24:36 [INFO]: [0mGET /css/footer.css [36m304[0m 1.061 ms - -[0m
2026-08-08 10:24:36 [INFO]: [0mGET /css/auth.css [36m304[0m 1.360 ms - -[0m
2026-08-08 10:24:36 [INFO]: [0mGET /css/verify.css [36m304[0m 0.574 ms - -[0m
2026-08-08 10:24:38 [ERROR]: Failed to create audit log: AuditLog validation failed: module: `Brand` is not a valid enum value for path `module`.
2026-08-08 10:24:38 [INFO]: Brand created : Generic
2026-08-08 10:24:38 [INFO]: Brand created successfully.
2026-08-08 10:24:38 [INFO]: [0mPOST /admin/brands/create [36m302[0m 216.113 ms - 42[0m
2026-08-08 10:24:38 [INFO]: [0mGET /admin/brands [32m200[0m 215.363 ms - -[0m
2026-08-08 10:24:38 [INFO]: [0mGET /css/style.css [36m304[0m 0.541 ms - -[0m
2026-08-08 10:24:38 [INFO]: [0mGET /css/admin/users.css [36m304[0m 0.666 ms - -[0m
2026-08-08 10:24:38 [INFO]: [0mGET /css/admin/categories.css [36m304[0m 0.806 ms - -[0m
2026-08-08 10:24:38 [INFO]: [0mGET /css/admin/layout.css [36m304[0m 1.149 ms - -[0m
2026-08-08 10:24:38 [INFO]: [0mGET /css/admin/brands.css [36m304[0m 1.304 ms - -[0m
2026-08-08 10:24:38 [INFO]: [0mGET /css/admin/products.css [36m304[0m 1.621 ms - -[0m
2026-08-08 10:24:38 [INFO]: [0mGET /css/header.css [36m304[0m 0.381 ms - -[0m
2026-08-08 10:24:38 [INFO]: [0mGET /images/logo/plantora.png [36m304[0m 0.173 ms - -[0m
2026-08-08 10:24:38 [INFO]: [0mGET /js/admin/layout.js [36m304[0m 0.280 ms - -[0m
2026-08-08 10:24:38 [INFO]: [0mGET /js/admin/users.js [36m304[0m 0.455 ms - -[0m
2026-08-08 10:24:38 [INFO]: [0mGET /js/admin/categories.js [36m304[0m 0.643 ms - -[0m
2026-08-08 10:24:38 [INFO]: [0mGET /js/admin/brands.js [36m304[0m 0.935 ms - -[0m
2026-08-08 10:24:38 [INFO]: [0mGET /js/admin/products.js [36m304[0m 1.276 ms - -[0m
2026-08-08 10:24:38 [INFO]: [0mGET /css/variables.css [36m304[0m 0.479 ms - -[0m
2026-08-08 10:24:38 [INFO]: [0mGET /css/utilities.css [36m304[0m 0.607 ms - -[0m
2026-08-08 10:24:38 [INFO]: [0mGET /css/animations.css [36m304[0m 0.934 ms - -[0m
2026-08-08 10:24:38 [INFO]: [0mGET /css/announcement.css [36m304[0m 0.447 ms - -[0m
2026-08-08 10:24:38 [INFO]: [0mGET /css/hero.css [36m304[0m 0.756 ms - -[0m
2026-08-08 10:24:38 [INFO]: [0mGET /css/featured.css [36m304[0m 0.845 ms - -[0m
2026-08-08 10:24:38 [INFO]: [0mGET /css/why-choose.css [36m304[0m 0.764 ms - -[0m
2026-08-08 10:24:38 [INFO]: [0mGET /css/footer.css [36m304[0m 0.985 ms - -[0m
2026-08-08 10:24:38 [INFO]: [0mGET /css/auth.css [36m304[0m 0.554 ms - -[0m
2026-08-08 10:24:38 [INFO]: [0mGET /css/verify.css [36m304[0m 0.767 ms - -[0m
2026-08-08 10:24:38 [INFO]: [0mGET /js/header.js [36m304[0m 0.289 ms - -[0m
2026-08-08 10:24:38 [INFO]: [0mGET /js/notification.js [36m304[0m 0.261 ms - -[0m
2026-08-08 10:24:39 [INFO]: [0mGET /admin/products [32m200[0m 174.375 ms - -[0m
2026-08-08 10:24:39 [INFO]: [0mGET /css/style.css [36m304[0m 0.790 ms - -[0m
2026-08-08 10:24:39 [INFO]: [0mGET /css/admin/users.css [36m304[0m 0.814 ms - -[0m
2026-08-08 10:24:39 [INFO]: [0mGET /css/admin/layout.css [36m304[0m 1.237 ms - -[0m
2026-08-08 10:24:39 [INFO]: [0mGET /css/admin/categories.css [36m304[0m 1.117 ms - -[0m
2026-08-08 10:24:39 [INFO]: [0mGET /css/admin/brands.css [36m304[0m 1.196 ms - -[0m
2026-08-08 10:24:39 [INFO]: [0mGET /css/admin/products.css [36m304[0m 1.331 ms - -[0m
2026-08-08 10:24:39 [INFO]: [0mGET /css/header.css [36m304[0m 0.208 ms - -[0m
2026-08-08 10:24:39 [INFO]: [0mGET /images/logo/plantora.png [36m304[0m 0.295 ms - -[0m
2026-08-08 10:24:40 [INFO]: [0mGET /js/admin/layout.js [36m304[0m 0.201 ms - -[0m
2026-08-08 10:24:40 [INFO]: [0mGET /js/admin/users.js [36m304[0m 0.312 ms - -[0m
2026-08-08 10:24:40 [INFO]: [0mGET /js/admin/categories.js [36m304[0m 0.461 ms - -[0m
2026-08-08 10:24:40 [INFO]: [0mGET /js/admin/brands.js [36m304[0m 0.728 ms - -[0m
2026-08-08 10:24:40 [INFO]: [0mGET /css/variables.css [36m304[0m 0.449 ms - -[0m
2026-08-08 10:24:40 [INFO]: [0mGET /css/utilities.css [36m304[0m 0.691 ms - -[0m
2026-08-08 10:24:40 [INFO]: [0mGET /css/animations.css [36m304[0m 1.127 ms - -[0m
2026-08-08 10:24:40 [INFO]: [0mGET /css/announcement.css [36m304[0m 0.597 ms - -[0m
2026-08-08 10:24:40 [INFO]: [0mGET /css/hero.css [36m304[0m 0.865 ms - -[0m
2026-08-08 10:24:40 [INFO]: [0mGET /css/featured.css [36m304[0m 1.144 ms - -[0m
2026-08-08 10:24:40 [INFO]: [0mGET /css/why-choose.css [36m304[0m 0.343 ms - -[0m
2026-08-08 10:24:40 [INFO]: [0mGET /css/footer.css [36m304[0m 0.284 ms - -[0m
2026-08-08 10:24:40 [INFO]: [0mGET /css/auth.css [36m304[0m 0.510 ms - -[0m
2026-08-08 10:24:40 [INFO]: [0mGET /css/verify.css [36m304[0m 0.712 ms - -[0m
2026-08-08 10:24:40 [INFO]: [0mGET /js/admin/products.js [36m304[0m 0.177 ms - -[0m
2026-08-08 10:24:40 [INFO]: [0mGET /js/header.js [36m304[0m 0.178 ms - -[0m
2026-08-08 10:24:40 [INFO]: [0mGET /js/notification.js [36m304[0m 0.142 ms - -[0m
2026-08-08 10:24:41 [INFO]: [0mGET /admin/products/create [32m200[0m 178.281 ms - -[0m
2026-08-08 10:24:41 [INFO]: [0mGET /css/style.css [36m304[0m 0.428 ms - -[0m
2026-08-08 10:24:41 [INFO]: [0mGET /css/admin/layout.css [36m304[0m 0.687 ms - -[0m
2026-08-08 10:24:41 [INFO]: [0mGET /css/admin/users.css [36m304[0m 0.986 ms - -[0m
2026-08-08 10:24:41 [INFO]: [0mGET /css/admin/categories.css [36m304[0m 1.589 ms - -[0m
2026-08-08 10:24:41 [INFO]: [0mGET /css/admin/brands.css [36m304[0m 0.631 ms - -[0m
2026-08-08 10:24:41 [INFO]: [0mGET /css/admin/products.css [36m304[0m 0.687 ms - -[0m
2026-08-08 10:24:41 [INFO]: [0mGET /css/header.css [36m304[0m 0.165 ms - -[0m
2026-08-08 10:24:41 [INFO]: [0mGET /images/logo/plantora.png [36m304[0m 0.361 ms - -[0m
2026-08-08 10:24:41 [INFO]: [0mGET /js/admin/layout.js [36m304[0m 0.428 ms - -[0m
2026-08-08 10:24:41 [INFO]: [0mGET /js/admin/users.js [36m304[0m 1.104 ms - -[0m
2026-08-08 10:24:41 [INFO]: [0mGET /js/admin/categories.js [36m304[0m 0.820 ms - -[0m
2026-08-08 10:24:41 [INFO]: [0mGET /css/variables.css [36m304[0m 1.396 ms - -[0m
2026-08-08 10:24:41 [INFO]: [0mGET /css/utilities.css [36m304[0m 0.830 ms - -[0m
2026-08-08 10:24:41 [INFO]: [0mGET /js/admin/brands.js [36m304[0m 1.487 ms - -[0m
2026-08-08 10:24:41 [INFO]: [0mGET /css/animations.css [36m304[0m 0.794 ms - -[0m
2026-08-08 10:24:41 [INFO]: [0mGET /css/announcement.css [36m304[0m 1.165 ms - -[0m
2026-08-08 10:24:41 [INFO]: [0mGET /css/hero.css [36m304[0m 0.721 ms - -[0m
2026-08-08 10:24:41 [INFO]: [0mGET /css/featured.css [36m304[0m 0.323 ms - -[0m
2026-08-08 10:24:41 [INFO]: [0mGET /css/why-choose.css [36m304[0m 0.543 ms - -[0m
2026-08-08 10:24:41 [INFO]: [0mGET /css/footer.css [36m304[0m 0.574 ms - -[0m
2026-08-08 10:24:41 [INFO]: [0mGET /css/auth.css [36m304[0m 0.922 ms - -[0m
2026-08-08 10:24:41 [INFO]: [0mGET /css/verify.css [36m304[0m 1.225 ms - -[0m
2026-08-08 10:24:41 [INFO]: [0mGET /js/admin/products.js [36m304[0m 0.362 ms - -[0m
2026-08-08 10:24:41 [INFO]: [0mGET /js/header.js [36m304[0m 0.593 ms - -[0m
2026-08-08 10:24:41 [INFO]: [0mGET /js/notification.js [36m304[0m 0.904 ms - -[0m
2026-08-08 10:26:01 [INFO]: [0mPOST /admin/products/create [33m404[0m 566.301 ms - 86[0m
2026-08-08 11:38:04 [INFO]: [0mPOST /admin/products/create [33m404[0m 1664.682 ms - 86[0m
2026-08-08 11:38:12 [INFO]: [0mGET /.well-known/appspecific/com.chrome.devtools.json [33m404[0m 122.806 ms - 112[0m
2026-08-08 11:39:11 [INFO]: [0mPOST /admin/products/create [33m404[0m 123.484 ms - 86[0m
2026-08-08 11:39:18 [INFO]: [0mGET /admin/products/create [32m200[0m 850.015 ms - -[0m
2026-08-08 11:39:18 [INFO]: [0mGET /css/style.css [36m304[0m 1.000 ms - -[0m
2026-08-08 11:39:18 [INFO]: [0mGET /css/admin/layout.css [36m304[0m 1.101 ms - -[0m
2026-08-08 11:39:18 [INFO]: [0mGET /css/admin/users.css [36m304[0m 1.214 ms - -[0m
2026-08-08 11:39:18 [INFO]: [0mGET /css/admin/categories.css [36m304[0m 0.476 ms - -[0m
2026-08-08 11:39:18 [INFO]: [0mGET /css/admin/brands.css [36m304[0m 0.848 ms - -[0m
2026-08-08 11:39:18 [INFO]: [0mGET /css/admin/products.css [36m304[0m 1.406 ms - -[0m
2026-08-08 11:39:18 [INFO]: [0mGET /css/header.css [36m304[0m 0.159 ms - -[0m
2026-08-08 11:39:18 [INFO]: [0mGET /images/logo/plantora.png [36m304[0m 1.014 ms - -[0m
2026-08-08 11:39:18 [INFO]: [0mGET /css/variables.css [36m304[0m 0.233 ms - -[0m
2026-08-08 11:39:18 [INFO]: [0mGET /css/utilities.css [36m304[0m 0.734 ms - -[0m
2026-08-08 11:39:18 [INFO]: [0mGET /js/admin/users.js [36m304[0m 0.324 ms - -[0m
2026-08-08 11:39:18 [INFO]: [0mGET /js/admin/layout.js [36m304[0m 0.898 ms - -[0m
2026-08-08 11:39:18 [INFO]: [0mGET /css/animations.css [36m304[0m 0.249 ms - -[0m
2026-08-08 11:39:18 [INFO]: [0mGET /css/announcement.css [36m304[0m 0.596 ms - -[0m
2026-08-08 11:39:18 [INFO]: [0mGET /css/hero.css [36m304[0m 1.017 ms - -[0m
2026-08-08 11:39:18 [INFO]: [0mGET /css/featured.css [36m304[0m 0.614 ms - -[0m
2026-08-08 11:39:18 [INFO]: [0mGET /css/why-choose.css [36m304[0m 0.546 ms - -[0m
2026-08-08 11:39:18 [INFO]: [0mGET /css/footer.css [36m304[0m 0.720 ms - -[0m
2026-08-08 11:39:18 [INFO]: [0mGET /css/auth.css [36m304[0m 1.057 ms - -[0m
2026-08-08 11:39:18 [INFO]: [0mGET /css/verify.css [36m304[0m 0.804 ms - -[0m
2026-08-08 11:39:18 [INFO]: [0mGET /js/admin/categories.js [36m304[0m 0.136 ms - -[0m
2026-08-08 11:39:18 [INFO]: [0mGET /js/admin/brands.js [36m304[0m 0.775 ms - -[0m
2026-08-08 11:39:18 [INFO]: [0mGET /js/admin/products.js [36m304[0m 0.635 ms - -[0m
2026-08-08 11:39:18 [INFO]: [0mGET /js/header.js [36m304[0m 0.720 ms - -[0m
2026-08-08 11:39:18 [INFO]: [0mGET /js/notification.js [36m304[0m 1.122 ms - -[0m
2026-08-08 11:39:57 [INFO]: Local file deleted successfully: E:\Webskitters_Academy\NODE JS\final_project_node\plantora_final_project_node_ejs\uploads\temp\49103223-5ac3-453e-99df-17e90cbd5d10.jpg
2026-08-08 11:39:57 [ERROR]: Create product failed: req.flash is not a function
2026-08-08 11:39:57 [ERROR]: TypeError: req.flash is not a function
    at createProduct (E:\Webskitters_Academy\NODE JS\final_project_node\plantora_final_project_node_ejs\app\controllers\ProductController.js:447:11)
2026-08-08 11:39:57 [INFO]: [0mPOST /admin/products [31m500[0m 184.080 ms - 79[0m
2026-08-08 11:44:12 [INFO]: MongoDB connected successfully.
2026-08-08 11:44:15 [INFO]: Email server connected successfully.
2026-08-08 11:44:15 [INFO]: Server is running on port 5132.
2026-08-08 11:44:27 [INFO]: MongoDB connected successfully.
2026-08-08 11:44:30 [INFO]: Email server connected successfully.
2026-08-08 11:44:30 [INFO]: Server is running on port 5132.
2026-08-08 11:44:32 [INFO]: MongoDB connected successfully.
2026-08-08 11:44:35 [INFO]: Email server connected successfully.
2026-08-08 11:44:35 [INFO]: Server is running on port 5132.
2026-08-08 11:44:46 [INFO]: MongoDB connected successfully.
2026-08-08 11:44:49 [INFO]: Email server connected successfully.
2026-08-08 11:44:49 [INFO]: Server is running on port 5132.
2026-08-08 11:45:08 [INFO]: MongoDB connected successfully.
2026-08-08 11:45:11 [INFO]: Email server connected successfully.
2026-08-08 11:45:11 [INFO]: Server is running on port 5132.
2026-08-08 11:45:18 [INFO]: MongoDB connected successfully.
2026-08-08 11:45:21 [INFO]: Email server connected successfully.
2026-08-08 11:45:21 [INFO]: Server is running on port 5132.
2026-08-08 11:45:42 [INFO]: MongoDB connected successfully.
2026-08-08 11:45:45 [INFO]: Email server connected successfully.
2026-08-08 11:45:45 [INFO]: Server is running on port 5132.
2026-08-08 11:46:05 [INFO]: MongoDB connected successfully.
2026-08-08 11:46:08 [INFO]: Email server connected successfully.
2026-08-08 11:46:08 [INFO]: Server is running on port 5132.
2026-08-08 11:59:04 [INFO]: MongoDB connected successfully.
2026-08-08 11:59:06 [INFO]: MongoDB connected successfully.
2026-08-08 11:59:08 [INFO]: MongoDB connected successfully.
2026-08-08 11:59:11 [INFO]: MongoDB connected successfully.
2026-08-08 11:59:13 [INFO]: Email server connected successfully.
2026-08-08 11:59:13 [INFO]: Server is running on port 5132.
2026-08-08 11:59:22 [INFO]: MongoDB connected successfully.
2026-08-08 11:59:25 [INFO]: Email server connected successfully.
2026-08-08 11:59:25 [INFO]: Server is running on port 5132.
2026-08-08 11:59:42 [INFO]: MongoDB connected successfully.
2026-08-08 11:59:45 [INFO]: Email server connected successfully.
2026-08-08 11:59:45 [INFO]: Server is running on port 5132.
2026-08-08 11:59:58 [INFO]: MongoDB connected successfully.
2026-08-08 12:00:03 [INFO]: Email server connected successfully.
2026-08-08 12:00:03 [INFO]: Server is running on port 5132.
2026-08-08 12:00:21 [INFO]: MongoDB connected successfully.
2026-08-08 12:00:24 [INFO]: Email server connected successfully.
2026-08-08 12:00:24 [INFO]: Server is running on port 5132.
2026-08-08 12:01:02 [INFO]: MongoDB connected successfully.
2026-08-08 12:01:05 [INFO]: Email server connected successfully.
2026-08-08 12:01:05 [INFO]: Server is running on port 5132.
2026-08-08 12:01:26 [INFO]: MongoDB connected successfully.
2026-08-08 12:01:29 [INFO]: Email server connected successfully.
2026-08-08 12:01:29 [INFO]: Server is running on port 5132.
2026-08-08 12:02:01 [INFO]: MongoDB connected successfully.
2026-08-08 12:02:03 [INFO]: Email server connected successfully.
2026-08-08 12:02:03 [INFO]: Server is running on port 5132.
2026-08-08 12:02:12 [INFO]: MongoDB connected successfully.
2026-08-08 12:02:15 [INFO]: Email server connected successfully.
2026-08-08 12:02:15 [INFO]: Server is running on port 5132.
2026-08-08 12:02:21 [INFO]: MongoDB connected successfully.
2026-08-08 12:02:24 [INFO]: Email server connected successfully.
2026-08-08 12:02:24 [INFO]: Server is running on port 5132.
2026-08-08 12:02:33 [INFO]: MongoDB connected successfully.
2026-08-08 12:02:36 [INFO]: Email server connected successfully.
2026-08-08 12:02:36 [INFO]: Server is running on port 5132.
2026-08-08 12:02:44 [INFO]: MongoDB connected successfully.
2026-08-08 12:02:47 [INFO]: Email server connected successfully.
2026-08-08 12:02:47 [INFO]: Server is running on port 5132.
2026-08-08 12:02:53 [INFO]: MongoDB connected successfully.
2026-08-08 12:02:56 [INFO]: Email server connected successfully.
2026-08-08 12:02:56 [INFO]: Server is running on port 5132.
2026-08-08 12:03:14 [INFO]: MongoDB connected successfully.
2026-08-08 12:03:17 [INFO]: Email server connected successfully.
2026-08-08 12:03:17 [INFO]: Server is running on port 5132.
2026-08-08 12:03:21 [INFO]: MongoDB connected successfully.
2026-08-08 12:03:24 [INFO]: Email server connected successfully.
2026-08-08 12:03:24 [INFO]: Server is running on port 5132.
2026-08-08 12:03:37 [INFO]: MongoDB connected successfully.
2026-08-08 12:03:38 [INFO]: MongoDB connected successfully.
2026-08-08 12:03:41 [INFO]: Email server connected successfully.
2026-08-08 12:03:41 [INFO]: Server is running on port 5132.
2026-08-08 12:03:55 [INFO]: MongoDB connected successfully.
2026-08-08 12:03:58 [INFO]: Email server connected successfully.
2026-08-08 12:03:58 [INFO]: Server is running on port 5132.
2026-08-08 12:04:08 [INFO]: MongoDB connected successfully.
2026-08-08 12:04:11 [INFO]: Email server connected successfully.
2026-08-08 12:04:11 [INFO]: Server is running on port 5132.
2026-08-08 12:04:19 [INFO]: MongoDB connected successfully.
2026-08-08 12:04:22 [INFO]: Email server connected successfully.
2026-08-08 12:04:22 [INFO]: Server is running on port 5132.
2026-08-08 12:04:27 [INFO]: MongoDB connected successfully.
2026-08-08 12:04:29 [INFO]: Email server connected successfully.
2026-08-08 12:04:29 [INFO]: Server is running on port 5132.
2026-08-08 12:04:35 [INFO]: MongoDB connected successfully.
2026-08-08 12:04:38 [INFO]: Email server connected successfully.
2026-08-08 12:04:38 [INFO]: Server is running on port 5132.
2026-08-08 12:04:47 [INFO]: MongoDB connected successfully.
2026-08-08 12:04:49 [INFO]: Email server connected successfully.
2026-08-08 12:04:49 [INFO]: Server is running on port 5132.
2026-08-08 12:04:53 [INFO]: MongoDB connected successfully.
2026-08-08 12:04:55 [INFO]: Email server connected successfully.
2026-08-08 12:04:55 [INFO]: Server is running on port 5132.
2026-08-08 12:05:03 [INFO]: MongoDB connected successfully.
2026-08-08 12:05:06 [INFO]: Email server connected successfully.
2026-08-08 12:05:06 [INFO]: Server is running on port 5132.
2026-08-08 12:05:10 [INFO]: MongoDB connected successfully.
2026-08-08 12:05:13 [INFO]: Email server connected successfully.
2026-08-08 12:05:13 [INFO]: Server is running on port 5132.
2026-08-08 12:05:26 [INFO]: MongoDB connected successfully.
2026-08-08 12:05:27 [INFO]: MongoDB connected successfully.
2026-08-08 12:05:30 [INFO]: Email server connected successfully.
2026-08-08 12:05:30 [INFO]: Server is running on port 5132.
2026-08-08 12:05:35 [INFO]: MongoDB connected successfully.
2026-08-08 12:05:38 [INFO]: Email server connected successfully.
2026-08-08 12:05:38 [INFO]: Server is running on port 5132.
2026-08-08 12:05:46 [INFO]: MongoDB connected successfully.
2026-08-08 12:05:49 [INFO]: Email server connected successfully.
2026-08-08 12:05:49 [INFO]: Server is running on port 5132.
2026-08-08 12:05:50 [INFO]: MongoDB connected successfully.
2026-08-08 12:05:53 [INFO]: Email server connected successfully.
2026-08-08 12:05:53 [INFO]: Server is running on port 5132.
2026-08-08 12:06:05 [INFO]: MongoDB connected successfully.
2026-08-08 12:06:08 [INFO]: Email server connected successfully.
2026-08-08 12:06:08 [INFO]: Server is running on port 5132.
2026-08-08 12:06:21 [INFO]: MongoDB connected successfully.
2026-08-08 12:06:24 [INFO]: Email server connected successfully.
2026-08-08 12:06:24 [INFO]: Server is running on port 5132.
2026-08-08 12:06:29 [INFO]: MongoDB connected successfully.
2026-08-08 12:06:32 [INFO]: Email server connected successfully.
2026-08-08 12:06:32 [INFO]: Server is running on port 5132.
2026-08-08 12:06:39 [INFO]: MongoDB connected successfully.
2026-08-08 12:06:42 [INFO]: Email server connected successfully.
2026-08-08 12:06:42 [INFO]: Server is running on port 5132.
2026-08-08 12:06:50 [INFO]: MongoDB connected successfully.
2026-08-08 12:06:53 [INFO]: Email server connected successfully.
2026-08-08 12:06:53 [INFO]: Server is running on port 5132.
2026-08-08 12:06:57 [INFO]: MongoDB connected successfully.
2026-08-08 12:07:00 [INFO]: Email server connected successfully.
2026-08-08 12:07:00 [INFO]: Server is running on port 5132.
2026-08-08 12:07:08 [INFO]: MongoDB connected successfully.
2026-08-08 12:07:11 [INFO]: MongoDB connected successfully.
2026-08-08 12:07:13 [INFO]: Email server connected successfully.
2026-08-08 12:07:13 [INFO]: Server is running on port 5132.
2026-08-08 12:07:40 [INFO]: MongoDB connected successfully.
2026-08-08 12:07:43 [INFO]: Email server connected successfully.
2026-08-08 12:07:43 [INFO]: Server is running on port 5132.
2026-08-08 12:07:49 [INFO]: MongoDB connected successfully.
2026-08-08 12:07:52 [INFO]: Email server connected successfully.
2026-08-08 12:07:52 [INFO]: Server is running on port 5132.
2026-08-08 12:07:58 [INFO]: MongoDB connected successfully.
2026-08-08 12:08:01 [INFO]: Email server connected successfully.
2026-08-08 12:08:01 [INFO]: Server is running on port 5132.
2026-08-08 12:08:19 [INFO]: MongoDB connected successfully.
2026-08-08 12:08:22 [INFO]: Email server connected successfully.
2026-08-08 12:08:22 [INFO]: Server is running on port 5132.
2026-08-08 12:08:47 [INFO]: MongoDB connected successfully.
2026-08-08 12:08:48 [INFO]: MongoDB connected successfully.
2026-08-08 12:08:50 [INFO]: Email server connected successfully.
2026-08-08 12:08:50 [INFO]: Server is running on port 5132.
2026-08-08 12:08:54 [INFO]: MongoDB connected successfully.
2026-08-08 12:08:57 [INFO]: Email server connected successfully.
2026-08-08 12:08:57 [INFO]: Server is running on port 5132.
2026-08-08 12:09:15 [INFO]: MongoDB connected successfully.
2026-08-08 12:09:18 [INFO]: Email server connected successfully.
2026-08-08 12:09:18 [INFO]: Server is running on port 5132.
2026-08-08 12:09:23 [INFO]: MongoDB connected successfully.
2026-08-08 12:09:26 [INFO]: Email server connected successfully.
2026-08-08 12:09:26 [INFO]: Server is running on port 5132.
2026-08-08 12:09:34 [INFO]: MongoDB connected successfully.
2026-08-08 12:09:37 [INFO]: MongoDB connected successfully.
2026-08-08 12:09:40 [INFO]: Email server connected successfully.
2026-08-08 12:09:40 [INFO]: Server is running on port 5132.
2026-08-08 12:09:50 [INFO]: MongoDB connected successfully.
2026-08-08 12:09:53 [INFO]: Email server connected successfully.
2026-08-08 12:09:53 [INFO]: Server is running on port 5132.
2026-08-08 12:10:11 [INFO]: MongoDB connected successfully.
2026-08-08 12:10:14 [INFO]: Email server connected successfully.
2026-08-08 12:10:14 [INFO]: Server is running on port 5132.
2026-08-08 12:10:19 [INFO]: MongoDB connected successfully.
2026-08-08 12:10:22 [INFO]: Email server connected successfully.
2026-08-08 12:10:22 [INFO]: Server is running on port 5132.
2026-08-08 12:10:24 [INFO]: MongoDB connected successfully.
2026-08-08 12:10:27 [INFO]: Email server connected successfully.
2026-08-08 12:10:27 [INFO]: Server is running on port 5132.
2026-08-08 12:10:36 [INFO]: MongoDB connected successfully.
2026-08-08 12:10:39 [INFO]: Email server connected successfully.
2026-08-08 12:10:39 [INFO]: Server is running on port 5132.
2026-08-08 12:11:01 [INFO]: MongoDB connected successfully.
2026-08-08 12:11:04 [INFO]: Email server connected successfully.
2026-08-08 12:11:04 [INFO]: Server is running on port 5132.
2026-08-08 12:11:08 [INFO]: MongoDB connected successfully.
2026-08-08 12:11:11 [INFO]: MongoDB connected successfully.
2026-08-08 12:11:13 [INFO]: MongoDB connected successfully.
2026-08-08 12:11:16 [INFO]: Email server connected successfully.
2026-08-08 12:11:16 [INFO]: Server is running on port 5132.
2026-08-08 12:11:25 [INFO]: MongoDB connected successfully.
2026-08-08 12:11:28 [INFO]: MongoDB connected successfully.
2026-08-08 12:11:30 [INFO]: Email server connected successfully.
2026-08-08 12:11:30 [INFO]: Server is running on port 5132.
2026-08-08 12:11:44 [INFO]: MongoDB connected successfully.
2026-08-08 12:11:48 [INFO]: MongoDB connected successfully.
2026-08-08 12:11:50 [INFO]: Email server connected successfully.
2026-08-08 12:11:51 [INFO]: Server is running on port 5132.
2026-08-08 12:11:57 [INFO]: MongoDB connected successfully.
2026-08-08 12:12:00 [INFO]: Email server connected successfully.
2026-08-08 12:12:00 [INFO]: Server is running on port 5132.
2026-08-08 12:12:05 [INFO]: MongoDB connected successfully.
2026-08-08 12:12:08 [INFO]: Email server connected successfully.
2026-08-08 12:12:08 [INFO]: Server is running on port 5132.
2026-08-08 12:12:21 [INFO]: MongoDB connected successfully.
2026-08-08 12:12:24 [INFO]: Email server connected successfully.
2026-08-08 12:12:24 [INFO]: Server is running on port 5132.
2026-08-08 12:12:32 [INFO]: MongoDB connected successfully.
2026-08-08 12:12:35 [INFO]: Email server connected successfully.
2026-08-08 12:12:35 [INFO]: Server is running on port 5132.
2026-08-08 12:12:44 [INFO]: MongoDB connected successfully.
2026-08-08 12:12:47 [INFO]: Email server connected successfully.
2026-08-08 12:12:47 [INFO]: Server is running on port 5132.
2026-08-08 12:12:51 [INFO]: [0mGET /admin/products/create [33m401[0m 4.101 ms - 55[0m
2026-08-08 12:12:58 [INFO]: [0mGET / [32m200[0m 219.144 ms - -[0m
2026-08-08 12:12:58 [INFO]: [0mGET /css/style.css [36m304[0m 1.131 ms - -[0m
2026-08-08 12:12:58 [INFO]: [0mGET /images/logo/plantora.png [36m304[0m 1.762 ms - -[0m
2026-08-08 12:12:58 [INFO]: [0mGET /images/hero/hero-placeholder.png [36m304[0m 0.846 ms - -[0m
2026-08-08 12:12:58 [INFO]: [0mGET /images/hero/monstera-plant.jpg [36m304[0m 1.413 ms - -[0m
2026-08-08 12:12:58 [INFO]: [0mGET /images/hero/snake-plant.jpg [36m304[0m 1.810 ms - -[0m
2026-08-08 12:12:58 [INFO]: [0mGET /images/hero/peace-lily.jpg [36m304[0m 2.401 ms - -[0m
2026-08-08 12:12:58 [INFO]: [0mGET /js/header.js [36m304[0m 0.493 ms - -[0m
2026-08-08 12:12:58 [INFO]: [0mGET /css/variables.css [36m304[0m 0.471 ms - -[0m
2026-08-08 12:12:58 [INFO]: [0mGET /css/utilities.css [36m304[0m 0.418 ms - -[0m
2026-08-08 12:12:58 [INFO]: [0mGET /css/animations.css [36m304[0m 2.457 ms - -[0m
2026-08-08 12:12:58 [INFO]: [0mGET /css/announcement.css [36m304[0m 2.341 ms - -[0m
2026-08-08 12:12:58 [INFO]: [0mGET /css/header.css [36m304[0m 2.509 ms - -[0m
2026-08-08 12:12:58 [INFO]: [0mGET /css/hero.css [36m304[0m 3.024 ms - -[0m
2026-08-08 12:12:58 [INFO]: [0mGET /css/featured.css [36m304[0m 1.219 ms - -[0m
2026-08-08 12:12:58 [INFO]: [0mGET /css/why-choose.css [36m304[0m 1.037 ms - -[0m
2026-08-08 12:12:58 [INFO]: [0mGET /css/footer.css [36m304[0m 0.616 ms - -[0m
2026-08-08 12:12:58 [INFO]: [0mGET /css/auth.css [36m304[0m 1.418 ms - -[0m
2026-08-08 12:12:58 [INFO]: [0mGET /css/verify.css [36m304[0m 2.041 ms - -[0m
2026-08-08 12:12:58 [INFO]: [0mGET /js/featured.js [36m304[0m 0.630 ms - -[0m
2026-08-08 12:12:58 [INFO]: [0mGET /js/why-choose.js [36m304[0m 1.208 ms - -[0m
2026-08-08 12:12:58 [INFO]: [0mGET /js/notification.js [36m304[0m 1.872 ms - -[0m
2026-08-08 12:12:58 [INFO]: [0mGET /js/footer.js [36m304[0m 2.720 ms - -[0m
2026-08-08 12:12:58 [INFO]: [0mGET /js/auth.js [36m304[0m 1.619 ms - -[0m
2026-08-08 12:12:58 [INFO]: [0mGET /images/hero/tulip-plant.jpg [36m304[0m 1.344 ms - -[0m
2026-08-08 12:12:58 [INFO]: [0mGET /images/hero/rubber-plant.jpg [36m304[0m 0.657 ms - -[0m
2026-08-08 12:12:58 [INFO]: [0mGET /images/hero/aloe-vera.jpg [36m304[0m 1.511 ms - -[0m
2026-08-08 12:12:58 [INFO]: [0mGET /images/hero/areca-palm.jpg [36m304[0m 1.059 ms - -[0m
2026-08-08 12:12:58 [INFO]: [0mGET /images/hero/jade-plant.jpg [36m304[0m 0.503 ms - -[0m
2026-08-08 12:12:58 [INFO]: [0mGET /images/hero/golden-pothos.jpg [36m304[0m 0.558 ms - -[0m
2026-08-08 12:12:58 [INFO]: [0mGET /images/hero/fiddle-leaf-fig.jpg [36m304[0m 0.516 ms - -[0m
2026-08-08 12:12:58 [INFO]: [0mGET /images/hero/why-choose.jpg [36m304[0m 0.735 ms - -[0m
2026-08-08 12:12:58 [INFO]: [0mGET /images/logo/plantora-orgn-white.png [36m304[0m 0.262 ms - -[0m
2026-08-08 12:13:02 [INFO]: Login successful : admin-plantora@yopmail.com
2026-08-08 12:13:02 [INFO]: [0mPOST /auth/login [32m200[0m 1658.505 ms - 46[0m
2026-08-08 12:13:03 [INFO]: [0mGET / [32m200[0m 216.697 ms - -[0m
2026-08-08 12:13:03 [INFO]: [0mGET /css/style.css [36m304[0m 0.661 ms - -[0m
2026-08-08 12:13:03 [INFO]: [0mGET /images/logo/plantora.png [36m304[0m 0.864 ms - -[0m
2026-08-08 12:13:03 [INFO]: [0mGET /images/hero/hero-placeholder.png [36m304[0m 1.136 ms - -[0m
2026-08-08 12:13:03 [INFO]: [0mGET /images/hero/monstera-plant.jpg [36m304[0m 0.407 ms - -[0m
2026-08-08 12:13:03 [INFO]: [0mGET /js/header.js [36m304[0m 0.360 ms - -[0m
2026-08-08 12:13:03 [INFO]: [0mGET /js/featured.js [36m304[0m 0.546 ms - -[0m
2026-08-08 12:13:03 [INFO]: [0mGET /js/why-choose.js [36m304[0m 0.576 ms - -[0m
2026-08-08 12:13:03 [INFO]: [0mGET /js/notification.js [36m304[0m 1.959 ms - -[0m
2026-08-08 12:13:03 [INFO]: [0mGET /js/footer.js [36m304[0m 1.823 ms - -[0m
2026-08-08 12:13:03 [INFO]: [0mGET /js/auth.js [36m304[0m 0.316 ms - -[0m
2026-08-08 12:13:03 [INFO]: [0mGET /images/hero/snake-plant.jpg [36m304[0m 0.633 ms - -[0m
2026-08-08 12:13:03 [INFO]: [0mGET /images/hero/peace-lily.jpg [36m304[0m 0.222 ms - -[0m
2026-08-08 12:13:03 [INFO]: [0mGET /css/variables.css [36m304[0m 0.899 ms - -[0m
2026-08-08 12:13:03 [INFO]: [0mGET /images/hero/tulip-plant.jpg [36m304[0m 1.120 ms - -[0m
2026-08-08 12:13:03 [INFO]: [0mGET /css/utilities.css [36m304[0m 1.210 ms - -[0m
2026-08-08 12:13:03 [INFO]: [0mGET /css/animations.css [36m304[0m 1.879 ms - -[0m
2026-08-08 12:13:03 [INFO]: [0mGET /css/announcement.css [36m304[0m 0.783 ms - -[0m
2026-08-08 12:13:03 [INFO]: [0mGET /css/header.css [36m304[0m 1.372 ms - -[0m
2026-08-08 12:13:03 [INFO]: [0mGET /css/hero.css [36m304[0m 0.924 ms - -[0m
2026-08-08 12:13:03 [INFO]: [0mGET /css/featured.css [36m304[0m 1.857 ms - -[0m
2026-08-08 12:13:03 [INFO]: [0mGET /css/why-choose.css [36m304[0m 1.027 ms - -[0m
2026-08-08 12:13:03 [INFO]: [0mGET /css/footer.css [36m304[0m 1.234 ms - -[0m
2026-08-08 12:13:03 [INFO]: [0mGET /css/auth.css [36m304[0m 1.823 ms - -[0m
2026-08-08 12:13:03 [INFO]: [0mGET /css/verify.css [36m304[0m 0.907 ms - -[0m
2026-08-08 12:13:03 [INFO]: [0mGET /images/hero/rubber-plant.jpg [36m304[0m 1.506 ms - -[0m
2026-08-08 12:13:03 [INFO]: [0mGET /images/hero/aloe-vera.jpg [36m304[0m 1.304 ms - -[0m
2026-08-08 12:13:03 [INFO]: [0mGET /images/hero/areca-palm.jpg [36m304[0m 1.139 ms - -[0m
2026-08-08 12:13:03 [INFO]: [0mGET /images/hero/jade-plant.jpg [36m304[0m 2.480 ms - -[0m
2026-08-08 12:13:03 [INFO]: [0mGET /images/hero/golden-pothos.jpg [36m304[0m 3.828 ms - -[0m
2026-08-08 12:13:03 [INFO]: [0mGET /images/hero/fiddle-leaf-fig.jpg [36m304[0m 1.513 ms - -[0m
2026-08-08 12:13:03 [INFO]: [0mGET /images/hero/why-choose.jpg [36m304[0m 1.917 ms - -[0m
2026-08-08 12:13:03 [INFO]: [0mGET /images/logo/plantora-orgn-white.png [36m304[0m 0.954 ms - -[0m
2026-08-08 12:13:10 [INFO]: [0mGET /admin/dashboard [36m304[0m 565.600 ms - -[0m
2026-08-08 12:13:10 [INFO]: [0mGET /css/style.css [36m304[0m 1.685 ms - -[0m
2026-08-08 12:13:10 [INFO]: [0mGET /css/admin/layout.css [36m304[0m 1.310 ms - -[0m
2026-08-08 12:13:10 [INFO]: [0mGET /css/admin/users.css [36m304[0m 0.447 ms - -[0m
2026-08-08 12:13:10 [INFO]: [0mGET /css/admin/categories.css [36m304[0m 0.829 ms - -[0m
2026-08-08 12:13:10 [INFO]: [0mGET /css/admin/brands.css [36m304[0m 1.260 ms - -[0m
2026-08-08 12:13:10 [INFO]: [0mGET /css/admin/products.css [36m304[0m 1.761 ms - -[0m
2026-08-08 12:13:10 [INFO]: [0mGET /css/header.css [36m304[0m 0.652 ms - -[0m
2026-08-08 12:13:10 [INFO]: [0mGET /images/logo/plantora.png [36m304[0m 0.357 ms - -[0m
2026-08-08 12:13:10 [INFO]: [0mGET /js/admin/layout.js [36m304[0m 0.532 ms - -[0m
2026-08-08 12:13:10 [INFO]: [0mGET /js/admin/users.js [36m304[0m 0.734 ms - -[0m
2026-08-08 12:13:10 [INFO]: [0mGET /js/admin/categories.js [36m304[0m 1.018 ms - -[0m
2026-08-08 12:13:10 [INFO]: [0mGET /js/admin/brands.js [36m304[0m 1.691 ms - -[0m
2026-08-08 12:13:10 [INFO]: [0mGET /js/admin/products.js [36m304[0m 0.231 ms - -[0m
2026-08-08 12:13:10 [INFO]: [0mGET /js/header.js [36m304[0m 1.418 ms - -[0m
2026-08-08 12:13:10 [INFO]: [0mGET /css/variables.css [36m304[0m 1.739 ms - -[0m
2026-08-08 12:13:10 [INFO]: [0mGET /css/utilities.css [36m304[0m 2.320 ms - -[0m
2026-08-08 12:13:10 [INFO]: [0mGET /css/animations.css [36m304[0m 2.533 ms - -[0m
2026-08-08 12:13:10 [INFO]: [0mGET /css/announcement.css [36m304[0m 2.888 ms - -[0m
2026-08-08 12:13:10 [INFO]: [0mGET /css/hero.css [36m304[0m 0.563 ms - -[0m
2026-08-08 12:13:10 [INFO]: [0mGET /css/featured.css [36m304[0m 1.092 ms - -[0m
2026-08-08 12:13:10 [INFO]: [0mGET /css/why-choose.css [36m304[0m 1.412 ms - -[0m
2026-08-08 12:13:10 [INFO]: [0mGET /css/footer.css [36m304[0m 0.427 ms - -[0m
2026-08-08 12:13:10 [INFO]: [0mGET /css/auth.css [36m304[0m 0.596 ms - -[0m
2026-08-08 12:13:10 [INFO]: [0mGET /css/verify.css [36m304[0m 0.871 ms - -[0m
2026-08-08 12:13:10 [INFO]: [0mGET /js/notification.js [36m304[0m 0.571 ms - -[0m
2026-08-08 12:13:14 [INFO]: [0mGET /admin/products [36m304[0m 448.645 ms - -[0m
2026-08-08 12:13:14 [INFO]: [0mGET /css/style.css [36m304[0m 3.112 ms - -[0m
2026-08-08 12:13:14 [INFO]: [0mGET /css/admin/layout.css [36m304[0m 1.290 ms - -[0m
2026-08-08 12:13:14 [INFO]: [0mGET /css/admin/users.css [36m304[0m 1.664 ms - -[0m
2026-08-08 12:13:14 [INFO]: [0mGET /css/admin/categories.css [36m304[0m 1.990 ms - -[0m
2026-08-08 12:13:14 [INFO]: [0mGET /css/admin/brands.css [36m304[0m 2.431 ms - -[0m
2026-08-08 12:13:14 [INFO]: [0mGET /css/admin/products.css [36m304[0m 2.723 ms - -[0m
2026-08-08 12:13:14 [INFO]: [0mGET /css/header.css [36m304[0m 0.655 ms - -[0m
2026-08-08 12:13:14 [INFO]: [0mGET /images/logo/plantora.png [36m304[0m 0.592 ms - -[0m
2026-08-08 12:13:14 [INFO]: [0mGET /js/admin/layout.js [36m304[0m 0.631 ms - -[0m
2026-08-08 12:13:14 [INFO]: [0mGET /js/admin/users.js [36m304[0m 0.903 ms - -[0m
2026-08-08 12:13:14 [INFO]: [0mGET /js/admin/brands.js [36m304[0m 1.127 ms - -[0m
2026-08-08 12:13:14 [INFO]: [0mGET /js/admin/products.js [36m304[0m 1.548 ms - -[0m
2026-08-08 12:13:14 [INFO]: [0mGET /js/admin/categories.js [36m304[0m 2.157 ms - -[0m
2026-08-08 12:13:14 [INFO]: [0mGET /css/variables.css [36m304[0m 0.302 ms - -[0m
2026-08-08 12:13:14 [INFO]: [0mGET /css/utilities.css [36m304[0m 0.362 ms - -[0m
2026-08-08 12:13:14 [INFO]: [0mGET /css/animations.css [36m304[0m 0.504 ms - -[0m
2026-08-08 12:13:14 [INFO]: [0mGET /css/announcement.css [36m304[0m 0.321 ms - -[0m
2026-08-08 12:13:14 [INFO]: [0mGET /css/hero.css [36m304[0m 0.449 ms - -[0m
2026-08-08 12:13:14 [INFO]: [0mGET /css/featured.css [36m304[0m 0.827 ms - -[0m
2026-08-08 12:13:14 [INFO]: [0mGET /css/why-choose.css [36m304[0m 1.809 ms - -[0m
2026-08-08 12:13:14 [INFO]: [0mGET /css/footer.css [36m304[0m 0.498 ms - -[0m
2026-08-08 12:13:14 [INFO]: [0mGET /css/auth.css [36m304[0m 0.875 ms - -[0m
2026-08-08 12:13:14 [INFO]: [0mGET /css/verify.css [36m304[0m 1.417 ms - -[0m
2026-08-08 12:13:14 [INFO]: [0mGET /js/header.js [36m304[0m 0.519 ms - -[0m
2026-08-08 12:13:14 [INFO]: [0mGET /js/notification.js [36m304[0m 0.802 ms - -[0m
2026-08-08 12:13:16 [INFO]: [0mGET /admin/products/create [36m304[0m 416.303 ms - -[0m
2026-08-08 12:13:16 [INFO]: [0mGET /css/style.css [36m304[0m 0.978 ms - -[0m
2026-08-08 12:13:16 [INFO]: [0mGET /css/admin/layout.css [36m304[0m 0.800 ms - -[0m
2026-08-08 12:13:16 [INFO]: [0mGET /css/admin/users.css [36m304[0m 1.115 ms - -[0m
2026-08-08 12:13:16 [INFO]: [0mGET /css/admin/categories.css [36m304[0m 1.422 ms - -[0m
2026-08-08 12:13:16 [INFO]: [0mGET /css/admin/brands.css [36m304[0m 1.773 ms - -[0m
2026-08-08 12:13:16 [INFO]: [0mGET /css/admin/products.css [36m304[0m 2.046 ms - -[0m
2026-08-08 12:13:16 [INFO]: [0mGET /css/header.css [36m304[0m 2.313 ms - -[0m
2026-08-08 12:13:16 [INFO]: [0mGET /images/logo/plantora.png [36m304[0m 0.698 ms - -[0m
2026-08-08 12:13:16 [INFO]: [0mGET /js/admin/layout.js [36m304[0m 1.955 ms - -[0m
2026-08-08 12:13:16 [INFO]: [0mGET /js/admin/users.js [36m304[0m 1.111 ms - -[0m
2026-08-08 12:13:16 [INFO]: [0mGET /js/admin/categories.js [36m304[0m 1.146 ms - -[0m
2026-08-08 12:13:16 [INFO]: [0mGET /js/admin/brands.js [36m304[0m 1.442 ms - -[0m
2026-08-08 12:13:16 [INFO]: [0mGET /css/variables.css [36m304[0m 0.469 ms - -[0m
2026-08-08 12:13:16 [INFO]: [0mGET /css/utilities.css [36m304[0m 0.756 ms - -[0m
2026-08-08 12:13:16 [INFO]: [0mGET /css/animations.css [36m304[0m 1.047 ms - -[0m
2026-08-08 12:13:16 [INFO]: [0mGET /css/announcement.css [36m304[0m 0.281 ms - -[0m
2026-08-08 12:13:16 [INFO]: [0mGET /css/hero.css [36m304[0m 0.919 ms - -[0m
2026-08-08 12:13:16 [INFO]: [0mGET /css/featured.css [36m304[0m 0.729 ms - -[0m
2026-08-08 12:13:16 [INFO]: [0mGET /css/why-choose.css [36m304[0m 1.378 ms - -[0m
2026-08-08 12:13:16 [INFO]: [0mGET /css/footer.css [36m304[0m 1.735 ms - -[0m
2026-08-08 12:13:16 [INFO]: [0mGET /css/auth.css [36m304[0m 0.398 ms - -[0m
2026-08-08 12:13:16 [INFO]: [0mGET /css/verify.css [36m304[0m 0.960 ms - -[0m
2026-08-08 12:13:16 [INFO]: [0mGET /js/admin/products.js [36m304[0m 0.503 ms - -[0m
2026-08-08 12:13:16 [INFO]: [0mGET /js/header.js [36m304[0m 0.757 ms - -[0m
2026-08-08 12:13:16 [INFO]: [0mGET /js/notification.js [36m304[0m 0.319 ms - -[0m
2026-08-08 12:13:48 [INFO]: Local file deleted successfully: E:\Webskitters_Academy\NODE JS\final_project_node\plantora_final_project_node_ejs\uploads\temp\b1ee0c55-9803-4ae2-a32a-1542bcedfc85.jpg
2026-08-08 12:13:48 [ERROR]: Price must be a valid number. "discountPrice" must be a number "stock" must be a number "lowStockThreshold" must be a number "isFeatured" must be a boolean
2026-08-08 12:13:48 [INFO]: [0mPOST /admin/products [36m302[0m 615.606 ms - 51[0m
2026-08-08 12:13:48 [INFO]: [0mGET /admin/products/create [36m304[0m 150.826 ms - -[0m
2026-08-08 12:13:48 [INFO]: [0mGET /css/style.css [36m304[0m 0.613 ms - -[0m
2026-08-08 12:13:48 [INFO]: [0mGET /css/admin/layout.css [36m304[0m 0.783 ms - -[0m
2026-08-08 12:13:48 [INFO]: [0mGET /css/admin/users.css [36m304[0m 0.574 ms - -[0m
2026-08-08 12:13:48 [INFO]: [0mGET /css/admin/categories.css [36m304[0m 0.725 ms - -[0m
2026-08-08 12:13:48 [INFO]: [0mGET /css/admin/brands.css [36m304[0m 1.031 ms - -[0m
2026-08-08 12:13:48 [INFO]: [0mGET /css/admin/products.css [36m304[0m 1.324 ms - -[0m
2026-08-08 12:13:48 [INFO]: [0mGET /css/header.css [36m304[0m 1.635 ms - -[0m
2026-08-08 12:13:48 [INFO]: [0mGET /images/logo/plantora.png [36m304[0m 0.335 ms - -[0m
2026-08-08 12:13:48 [INFO]: [0mGET /js/admin/layout.js [36m304[0m 0.479 ms - -[0m
2026-08-08 12:13:48 [INFO]: [0mGET /js/admin/users.js [36m304[0m 0.674 ms - -[0m
2026-08-08 12:13:48 [INFO]: [0mGET /js/admin/categories.js [36m304[0m 1.029 ms - -[0m
2026-08-08 12:13:48 [INFO]: [0mGET /js/admin/brands.js [36m304[0m 1.092 ms - -[0m
2026-08-08 12:13:48 [INFO]: [0mGET /js/admin/products.js [36m304[0m 0.901 ms - -[0m
2026-08-08 12:13:48 [INFO]: [0mGET /js/header.js [36m304[0m 1.233 ms - -[0m
2026-08-08 12:13:48 [INFO]: [0mGET /js/notification.js [36m304[0m 0.565 ms - -[0m
2026-08-08 12:13:48 [INFO]: [0mGET /css/variables.css [36m304[0m 2.146 ms - -[0m
2026-08-08 12:13:48 [INFO]: [0mGET /css/utilities.css [36m304[0m 2.406 ms - -[0m
2026-08-08 12:13:48 [INFO]: [0mGET /css/animations.css [36m304[0m 2.830 ms - -[0m
2026-08-08 12:13:48 [INFO]: [0mGET /css/announcement.css [36m304[0m 3.264 ms - -[0m
2026-08-08 12:13:48 [INFO]: [0mGET /css/hero.css [36m304[0m 3.483 ms - -[0m
2026-08-08 12:13:48 [INFO]: [0mGET /css/featured.css [36m304[0m 1.294 ms - -[0m
2026-08-08 12:13:48 [INFO]: [0mGET /css/why-choose.css [36m304[0m 1.406 ms - -[0m
2026-08-08 12:13:48 [INFO]: [0mGET /css/footer.css [36m304[0m 1.856 ms - -[0m
2026-08-08 12:13:48 [INFO]: [0mGET /css/auth.css [36m304[0m 3.463 ms - -[0m
2026-08-08 12:13:48 [INFO]: [0mGET /css/verify.css [36m304[0m 1.940 ms - -[0m
2026-08-08 12:13:53 [INFO]: [0mGET /admin/products [32m200[0m 456.344 ms - -[0m
2026-08-08 12:13:53 [INFO]: [0mGET /css/style.css [36m304[0m 1.314 ms - -[0m
2026-08-08 12:13:53 [INFO]: [0mGET /css/admin/layout.css [36m304[0m 1.588 ms - -[0m
2026-08-08 12:13:53 [INFO]: [0mGET /css/admin/users.css [36m304[0m 1.847 ms - -[0m
2026-08-08 12:13:53 [INFO]: [0mGET /css/admin/categories.css [36m304[0m 2.094 ms - -[0m
2026-08-08 12:13:53 [INFO]: [0mGET /css/admin/brands.css [36m304[0m 2.229 ms - -[0m
2026-08-08 12:13:53 [INFO]: [0mGET /css/admin/products.css [36m304[0m 2.650 ms - -[0m
2026-08-08 12:13:53 [INFO]: [0mGET /css/header.css [36m304[0m 0.363 ms - -[0m
2026-08-08 12:13:53 [INFO]: [0mGET /images/logo/plantora.png [36m304[0m 0.572 ms - -[0m
2026-08-08 12:13:53 [INFO]: [0mGET /js/admin/layout.js [36m304[0m 0.280 ms - -[0m
2026-08-08 12:13:53 [INFO]: [0mGET /js/admin/users.js [36m304[0m 0.549 ms - -[0m
2026-08-08 12:13:53 [INFO]: [0mGET /js/admin/categories.js [36m304[0m 0.776 ms - -[0m
2026-08-08 12:13:53 [INFO]: [0mGET /js/admin/brands.js [36m304[0m 1.233 ms - -[0m
2026-08-08 12:13:53 [INFO]: [0mGET /js/admin/products.js [36m304[0m 1.701 ms - -[0m
2026-08-08 12:13:53 [INFO]: [0mGET /css/variables.css [36m304[0m 1.585 ms - -[0m
2026-08-08 12:13:53 [INFO]: [0mGET /js/header.js [36m304[0m 1.465 ms - -[0m
2026-08-08 12:13:53 [INFO]: [0mGET /js/notification.js [36m304[0m 2.054 ms - -[0m
2026-08-08 12:13:53 [INFO]: [0mGET /css/utilities.css [36m304[0m 2.393 ms - -[0m
2026-08-08 12:13:53 [INFO]: [0mGET /css/animations.css [36m304[0m 2.704 ms - -[0m
2026-08-08 12:13:53 [INFO]: [0mGET /css/announcement.css [36m304[0m 3.003 ms - -[0m
2026-08-08 12:13:53 [INFO]: [0mGET /css/hero.css [36m304[0m 0.917 ms - -[0m
2026-08-08 12:13:53 [INFO]: [0mGET /css/featured.css [36m304[0m 1.193 ms - -[0m
2026-08-08 12:13:53 [INFO]: [0mGET /css/why-choose.css [36m304[0m 1.503 ms - -[0m
2026-08-08 12:13:53 [INFO]: [0mGET /css/footer.css [36m304[0m 2.954 ms - -[0m
2026-08-08 12:13:53 [INFO]: [0mGET /css/auth.css [36m304[0m 1.467 ms - -[0m
2026-08-08 12:13:53 [INFO]: [0mGET /css/verify.css [36m304[0m 1.284 ms - -[0m
2026-08-08 12:38:46 [INFO]: MongoDB connected successfully.
2026-08-08 12:38:50 [INFO]: Email server connected successfully.
2026-08-08 12:38:50 [INFO]: Server is running on port 5132.
2026-08-08 12:39:18 [INFO]: MongoDB connected successfully.
2026-08-08 12:39:21 [INFO]: Email server connected successfully.
2026-08-08 12:39:21 [INFO]: Server is running on port 5132.
2026-08-08 13:04:26 [INFO]: [0mGET /admin/products [36m304[0m 188.070 ms - -[0m
2026-08-08 13:04:26 [INFO]: [0mGET /css/style.css [36m304[0m 0.784 ms - -[0m
2026-08-08 13:04:26 [INFO]: [0mGET /css/admin/layout.css [36m304[0m 1.003 ms - -[0m
2026-08-08 13:04:26 [INFO]: [0mGET /css/admin/users.css [36m304[0m 0.645 ms - -[0m
2026-08-08 13:04:26 [INFO]: [0mGET /css/admin/categories.css [36m304[0m 0.913 ms - -[0m
2026-08-08 13:04:26 [INFO]: [0mGET /css/header.css [36m304[0m 1.443 ms - -[0m
2026-08-08 13:04:26 [INFO]: [0mGET /css/admin/brands.css [36m304[0m 0.893 ms - -[0m
2026-08-08 13:04:26 [INFO]: [0mGET /css/admin/products.css [36m304[0m 1.397 ms - -[0m
2026-08-08 13:04:26 [INFO]: [0mGET /images/logo/plantora.png [36m304[0m 0.612 ms - -[0m
2026-08-08 13:04:26 [INFO]: [0mGET /js/admin/layout.js [36m304[0m 1.112 ms - -[0m
2026-08-08 13:04:26 [INFO]: [0mGET /js/admin/users.js [36m304[0m 1.335 ms - -[0m
2026-08-08 13:04:26 [INFO]: [0mGET /js/admin/categories.js [36m304[0m 1.708 ms - -[0m
2026-08-08 13:04:26 [INFO]: [0mGET /js/admin/brands.js [36m304[0m 1.837 ms - -[0m
2026-08-08 13:04:26 [INFO]: [0mGET /js/admin/products.js [36m304[0m 1.934 ms - -[0m
2026-08-08 13:04:26 [INFO]: [0mGET /js/header.js [36m304[0m 0.629 ms - -[0m
2026-08-08 13:04:26 [INFO]: [0mGET /css/variables.css [36m304[0m 0.852 ms - -[0m
2026-08-08 13:04:26 [INFO]: [0mGET /css/utilities.css [36m304[0m 1.043 ms - -[0m
2026-08-08 13:04:26 [INFO]: [0mGET /css/animations.css [36m304[0m 1.354 ms - -[0m
2026-08-08 13:04:26 [INFO]: [0mGET /css/announcement.css [36m304[0m 1.648 ms - -[0m
2026-08-08 13:04:26 [INFO]: [0mGET /css/hero.css [36m304[0m 1.227 ms - -[0m
2026-08-08 13:04:26 [INFO]: [0mGET /css/featured.css [36m304[0m 1.027 ms - -[0m
2026-08-08 13:04:26 [INFO]: [0mGET /css/why-choose.css [36m304[0m 1.312 ms - -[0m
2026-08-08 13:04:26 [INFO]: [0mGET /css/footer.css [36m304[0m 1.530 ms - -[0m
2026-08-08 13:04:26 [INFO]: [0mGET /css/auth.css [36m304[0m 0.384 ms - -[0m
2026-08-08 13:04:26 [INFO]: [0mGET /css/verify.css [36m304[0m 0.524 ms - -[0m
2026-08-08 13:04:26 [INFO]: [0mGET /js/notification.js [36m304[0m 0.146 ms - -[0m
2026-08-08 13:04:27 [ERROR]: ReferenceError: E:\Webskitters_Academy\NODE JS\final_project_node\plantora_final_project_node_ejs\views\admin\products\create.ejs:6
    4| }) %>
    5| 
 >> 6| <%
    7| const data = formData || {};
    8| const errors = errors || {};
    9| %>

formData is not defined
    at eval (eval at compile (E:\Webskitters_Academy\NODE JS\final_project_node\plantora_final_project_node_ejs\node_modules\ejs\lib\cjs\ejs.js:607:18), <anonymous>:18:14)
    at create (E:\Webskitters_Academy\NODE JS\final_project_node\plantora_final_project_node_ejs\node_modules\ejs\lib\cjs\ejs.js:643:23)
    at tryHandleCache (E:\Webskitters_Academy\NODE JS\final_project_node\plantora_final_project_node_ejs\node_modules\ejs\lib\cjs\ejs.js:253:42)
    at ejs.renderFile [as engine] (E:\Webskitters_Academy\NODE JS\final_project_node\plantora_final_project_node_ejs\node_modules\ejs\lib\cjs\ejs.js:444:12)
    at View.render (E:\Webskitters_Academy\NODE JS\final_project_node\plantora_final_project_node_ejs\node_modules\express\lib\view.js:139:8)
    at tryRender (E:\Webskitters_Academy\NODE JS\final_project_node\plantora_final_project_node_ejs\node_modules\express\lib\application.js:627:10)
    at app.render (E:\Webskitters_Academy\NODE JS\final_project_node\plantora_final_project_node_ejs\node_modules\express\lib\application.js:574:3)
    at ServerResponse.render (E:\Webskitters_Academy\NODE JS\final_project_node\plantora_final_project_node_ejs\node_modules\express\lib\response.js:923:7)
    at showCreateProductPage (E:\Webskitters_Academy\NODE JS\final_project_node\plantora_final_project_node_ejs\app\controllers\ProductController.js:246:18)
    at process.processTicksAndRejections (node:internal/process/task_queues:103:5)
2026-08-08 13:04:27 [INFO]: [0mGET /admin/products/create [31m500[0m 159.571 ms - 326[0m
2026-08-08 13:14:06 [INFO]: MongoDB connected successfully.
2026-08-08 13:14:07 [INFO]: MongoDB connected successfully.
2026-08-08 13:14:09 [INFO]: Email server connected successfully.
2026-08-08 13:14:09 [INFO]: Server is running on port 5132.
2026-08-08 13:18:57 [INFO]: [0mGET /admin/products [36m304[0m 204.350 ms - -[0m
2026-08-08 13:18:57 [INFO]: [0mGET /css/style.css [36m304[0m 2.325 ms - -[0m
2026-08-08 13:18:57 [INFO]: [0mGET /css/admin/layout.css [36m304[0m 2.661 ms - -[0m
2026-08-08 13:18:57 [INFO]: [0mGET /css/admin/users.css [36m304[0m 1.397 ms - -[0m
2026-08-08 13:18:57 [INFO]: [0mGET /css/admin/categories.css [36m304[0m 1.602 ms - -[0m
2026-08-08 13:18:57 [INFO]: [0mGET /css/header.css [36m304[0m 1.758 ms - -[0m
2026-08-08 13:18:57 [INFO]: [0mGET /images/logo/plantora.png [36m304[0m 2.267 ms - -[0m
2026-08-08 13:18:57 [INFO]: [0mGET /css/admin/brands.css [36m304[0m 2.611 ms - -[0m
2026-08-08 13:18:57 [INFO]: [0mGET /css/admin/products.css [36m304[0m 3.592 ms - -[0m
2026-08-08 13:18:57 [INFO]: [0mGET /js/admin/layout.js [36m304[0m 1.884 ms - -[0m
2026-08-08 13:18:57 [INFO]: [0mGET /css/variables.css [36m304[0m 1.604 ms - -[0m
2026-08-08 13:18:57 [INFO]: [0mGET /css/utilities.css [36m304[0m 1.963 ms - -[0m
2026-08-08 13:18:57 [INFO]: [0mGET /css/animations.css [36m304[0m 2.862 ms - -[0m
2026-08-08 13:18:57 [INFO]: [0mGET /css/announcement.css [36m304[0m 1.007 ms - -[0m
2026-08-08 13:18:57 [INFO]: [0mGET /css/hero.css [36m304[0m 1.222 ms - -[0m
2026-08-08 13:18:57 [INFO]: [0mGET /css/featured.css [36m304[0m 1.300 ms - -[0m
2026-08-08 13:18:57 [INFO]: [0mGET /css/why-choose.css [36m304[0m 1.594 ms - -[0m
2026-08-08 13:18:57 [INFO]: [0mGET /css/footer.css [36m304[0m 1.846 ms - -[0m
2026-08-08 13:18:57 [INFO]: [0mGET /css/auth.css [36m304[0m 0.792 ms - -[0m
2026-08-08 13:18:57 [INFO]: [0mGET /css/verify.css [36m304[0m 1.053 ms - -[0m
2026-08-08 13:18:57 [INFO]: [0mGET /js/admin/users.js [36m304[0m 1.277 ms - -[0m
2026-08-08 13:18:57 [INFO]: [0mGET /js/admin/categories.js [36m304[0m 0.804 ms - -[0m
2026-08-08 13:18:57 [INFO]: [0mGET /js/admin/brands.js [36m304[0m 1.068 ms - -[0m
2026-08-08 13:18:57 [INFO]: [0mGET /js/admin/products.js [36m304[0m 2.054 ms - -[0m
2026-08-08 13:18:57 [INFO]: [0mGET /js/header.js [36m304[0m 1.255 ms - -[0m
2026-08-08 13:18:57 [INFO]: [0mGET /js/notification.js [36m304[0m 1.426 ms - -[0m
2026-08-08 13:18:58 [ERROR]: ReferenceError: E:\Webskitters_Academy\NODE JS\final_project_node\plantora_final_project_node_ejs\views\admin\products\create.ejs:6
    4| }) %>
    5| 
 >> 6| <%
    7| const data = formData || {};
    8| const errors = errors || {};
    9| %>

formData is not defined
    at eval (eval at compile (E:\Webskitters_Academy\NODE JS\final_project_node\plantora_final_project_node_ejs\node_modules\ejs\lib\cjs\ejs.js:607:18), <anonymous>:18:14)
    at create (E:\Webskitters_Academy\NODE JS\final_project_node\plantora_final_project_node_ejs\node_modules\ejs\lib\cjs\ejs.js:643:23)
    at tryHandleCache (E:\Webskitters_Academy\NODE JS\final_project_node\plantora_final_project_node_ejs\node_modules\ejs\lib\cjs\ejs.js:253:42)
    at ejs.renderFile [as engine] (E:\Webskitters_Academy\NODE JS\final_project_node\plantora_final_project_node_ejs\node_modules\ejs\lib\cjs\ejs.js:444:12)
    at View.render (E:\Webskitters_Academy\NODE JS\final_project_node\plantora_final_project_node_ejs\node_modules\express\lib\view.js:139:8)
    at tryRender (E:\Webskitters_Academy\NODE JS\final_project_node\plantora_final_project_node_ejs\node_modules\express\lib\application.js:627:10)
    at app.render (E:\Webskitters_Academy\NODE JS\final_project_node\plantora_final_project_node_ejs\node_modules\express\lib\application.js:574:3)
    at ServerResponse.render (E:\Webskitters_Academy\NODE JS\final_project_node\plantora_final_project_node_ejs\node_modules\express\lib\response.js:923:7)
    at showCreateProductPage (E:\Webskitters_Academy\NODE JS\final_project_node\plantora_final_project_node_ejs\app\controllers\ProductController.js:246:18)
    at process.processTicksAndRejections (node:internal/process/task_queues:103:5)
2026-08-08 13:18:58 [INFO]: [0mGET /admin/products/create [31m500[0m 162.294 ms - 326[0m
2026-08-08 13:20:38 [INFO]: SIGINT received. Shutting down server...
2026-08-08 13:20:49 [INFO]: MongoDB connected successfully.
2026-08-08 13:20:52 [INFO]: Email server connected successfully.
2026-08-08 13:20:52 [INFO]: Server is running on port 5132.
2026-08-08 13:20:52 [INFO]: [0mGET /admin/products [36m304[0m 179.081 ms - -[0m
2026-08-08 13:20:52 [INFO]: [0mGET /css/style.css [36m304[0m 2.055 ms - -[0m
2026-08-08 13:20:52 [INFO]: [0mGET /css/admin/layout.css [36m304[0m 3.389 ms - -[0m
2026-08-08 13:20:52 [INFO]: [0mGET /css/admin/users.css [36m304[0m 5.306 ms - -[0m
2026-08-08 13:20:52 [INFO]: [0mGET /css/admin/categories.css [36m304[0m 1.581 ms - -[0m
2026-08-08 13:20:52 [INFO]: [0mGET /css/admin/brands.css [36m304[0m 2.744 ms - -[0m
2026-08-08 13:20:52 [INFO]: [0mGET /css/header.css [36m304[0m 1.442 ms - -[0m
2026-08-08 13:20:52 [INFO]: [0mGET /css/admin/products.css [36m304[0m 1.777 ms - -[0m
2026-08-08 13:20:52 [INFO]: [0mGET /images/logo/plantora.png [36m304[0m 2.183 ms - -[0m
2026-08-08 13:20:52 [INFO]: [0mGET /js/admin/layout.js [36m304[0m 1.703 ms - -[0m
2026-08-08 13:20:52 [INFO]: [0mGET /js/admin/users.js [36m304[0m 2.127 ms - -[0m
2026-08-08 13:20:52 [INFO]: [0mGET /js/admin/categories.js [36m304[0m 2.317 ms - -[0m
2026-08-08 13:20:52 [INFO]: [0mGET /js/admin/brands.js [36m304[0m 2.628 ms - -[0m
2026-08-08 13:20:52 [INFO]: [0mGET /js/admin/products.js [36m304[0m 2.791 ms - -[0m
2026-08-08 13:20:52 [INFO]: [0mGET /js/header.js [36m304[0m 3.125 ms - -[0m
2026-08-08 13:20:52 [INFO]: [0mGET /js/notification.js [36m304[0m 0.260 ms - -[0m
2026-08-08 13:20:52 [INFO]: [0mGET /css/variables.css [36m304[0m 0.257 ms - -[0m
2026-08-08 13:20:52 [INFO]: [0mGET /css/utilities.css [36m304[0m 1.083 ms - -[0m
2026-08-08 13:20:52 [INFO]: [0mGET /css/animations.css [36m304[0m 1.448 ms - -[0m
2026-08-08 13:20:52 [INFO]: [0mGET /css/announcement.css [36m304[0m 1.971 ms - -[0m
2026-08-08 13:20:52 [INFO]: [0mGET /css/hero.css [36m304[0m 1.437 ms - -[0m
2026-08-08 13:20:52 [INFO]: [0mGET /css/featured.css [36m304[0m 1.251 ms - -[0m
2026-08-08 13:20:52 [INFO]: [0mGET /css/why-choose.css [36m304[0m 1.761 ms - -[0m
2026-08-08 13:20:52 [INFO]: [0mGET /css/footer.css [36m304[0m 2.682 ms - -[0m
2026-08-08 13:20:52 [INFO]: [0mGET /css/auth.css [36m304[0m 0.742 ms - -[0m
2026-08-08 13:20:52 [INFO]: [0mGET /css/verify.css [36m304[0m 0.857 ms - -[0m
2026-08-08 13:20:54 [ERROR]: ReferenceError: E:\Webskitters_Academy\NODE JS\final_project_node\plantora_final_project_node_ejs\views\admin\products\create.ejs:6
    4| }) %>
    5| 
 >> 6| <%
    7| const data = formData || {};
    8| const errors = errors || {};
    9| %>

formData is not defined
    at eval (eval at compile (E:\Webskitters_Academy\NODE JS\final_project_node\plantora_final_project_node_ejs\node_modules\ejs\lib\cjs\ejs.js:607:18), <anonymous>:18:14)
    at create (E:\Webskitters_Academy\NODE JS\final_project_node\plantora_final_project_node_ejs\node_modules\ejs\lib\cjs\ejs.js:643:23)
    at tryHandleCache (E:\Webskitters_Academy\NODE JS\final_project_node\plantora_final_project_node_ejs\node_modules\ejs\lib\cjs\ejs.js:253:42)
    at ejs.renderFile [as engine] (E:\Webskitters_Academy\NODE JS\final_project_node\plantora_final_project_node_ejs\node_modules\ejs\lib\cjs\ejs.js:444:12)
    at View.render (E:\Webskitters_Academy\NODE JS\final_project_node\plantora_final_project_node_ejs\node_modules\express\lib\view.js:139:8)
    at tryRender (E:\Webskitters_Academy\NODE JS\final_project_node\plantora_final_project_node_ejs\node_modules\express\lib\application.js:627:10)
    at app.render (E:\Webskitters_Academy\NODE JS\final_project_node\plantora_final_project_node_ejs\node_modules\express\lib\application.js:574:3)
    at ServerResponse.render (E:\Webskitters_Academy\NODE JS\final_project_node\plantora_final_project_node_ejs\node_modules\express\lib\response.js:923:7)
    at showCreateProductPage (E:\Webskitters_Academy\NODE JS\final_project_node\plantora_final_project_node_ejs\app\controllers\ProductController.js:246:18)
    at process.processTicksAndRejections (node:internal/process/task_queues:103:5)
2026-08-08 13:20:54 [INFO]: [0mGET /admin/products/create [31m500[0m 180.051 ms - 326[0m
2026-08-08 13:21:39 [INFO]: SIGINT received. Shutting down server...
2026-08-08 13:21:41 [INFO]: MongoDB connected successfully.
2026-08-08 13:21:43 [INFO]: Email server connected successfully.
2026-08-08 13:21:43 [INFO]: Server is running on port 5132.
2026-08-08 13:21:44 [INFO]: [0mGET /admin/products/create [32m200[0m 170.153 ms - -[0m
2026-08-08 13:21:44 [INFO]: [0mGET /css/style.css [36m304[0m 2.208 ms - -[0m
2026-08-08 13:21:44 [INFO]: [0mGET /css/admin/layout.css [36m304[0m 2.899 ms - -[0m
2026-08-08 13:21:44 [INFO]: [0mGET /css/admin/users.css [36m304[0m 3.178 ms - -[0m
2026-08-08 13:21:44 [INFO]: [0mGET /css/admin/categories.css [36m304[0m 1.499 ms - -[0m
2026-08-08 13:21:44 [INFO]: [0mGET /css/admin/brands.css [36m304[0m 1.657 ms - -[0m
2026-08-08 13:21:44 [INFO]: [0mGET /css/admin/products.css [36m304[0m 1.586 ms - -[0m
2026-08-08 13:21:44 [INFO]: [0mGET /css/header.css [36m304[0m 1.960 ms - -[0m
2026-08-08 13:21:44 [INFO]: [0mGET /images/logo/plantora.png [36m304[0m 1.069 ms - -[0m
2026-08-08 13:21:44 [INFO]: [0mGET /js/admin/layout.js [36m304[0m 0.732 ms - -[0m
2026-08-08 13:21:44 [INFO]: [0mGET /js/admin/users.js [36m304[0m 0.844 ms - -[0m
2026-08-08 13:21:44 [INFO]: [0mGET /css/variables.css [36m304[0m 1.113 ms - -[0m
2026-08-08 13:21:44 [INFO]: [0mGET /js/admin/categories.js [36m304[0m 1.289 ms - -[0m
2026-08-08 13:21:44 [INFO]: [0mGET /css/utilities.css [36m304[0m 1.515 ms - -[0m
2026-08-08 13:21:44 [INFO]: [0mGET /css/animations.css [36m304[0m 1.988 ms - -[0m
2026-08-08 13:21:44 [INFO]: [0mGET /css/announcement.css [36m304[0m 0.969 ms - -[0m
2026-08-08 13:21:44 [INFO]: [0mGET /css/hero.css [36m304[0m 1.154 ms - -[0m
2026-08-08 13:21:44 [INFO]: [0mGET /css/featured.css [36m304[0m 1.268 ms - -[0m
2026-08-08 13:21:44 [INFO]: [0mGET /css/why-choose.css [36m304[0m 1.321 ms - -[0m
2026-08-08 13:21:44 [INFO]: [0mGET /css/footer.css [36m304[0m 1.553 ms - -[0m
2026-08-08 13:21:44 [INFO]: [0mGET /css/auth.css [36m304[0m 1.761 ms - -[0m
2026-08-08 13:21:44 [INFO]: [0mGET /css/verify.css [36m304[0m 0.248 ms - -[0m
2026-08-08 13:21:44 [INFO]: [0mGET /js/admin/brands.js [36m304[0m 0.653 ms - -[0m
2026-08-08 13:21:44 [INFO]: [0mGET /js/admin/products.js [36m304[0m 0.590 ms - -[0m
2026-08-08 13:21:44 [INFO]: [0mGET /js/header.js [36m304[0m 0.462 ms - -[0m
2026-08-08 13:21:44 [INFO]: [0mGET /js/notification.js [36m304[0m 0.524 ms - -[0m
2026-08-08 13:53:17 [INFO]: MongoDB connected successfully.
2026-08-08 13:53:20 [INFO]: Email server connected successfully.
2026-08-08 13:53:20 [INFO]: Server is running on port 5132.
2026-08-08 14:36:43 [INFO]: SIGINT received. Shutting down server...
2026-08-08 21:42:18 [INFO]: MongoDB connected successfully.
2026-08-08 21:42:21 [INFO]: Email server connected successfully.
2026-08-08 21:42:21 [INFO]: Server is running on port 5132.
2026-08-08 21:50:05 [INFO]: [0mGET / [32m200[0m 203.995 ms - -[0m
2026-08-08 21:50:05 [INFO]: [0mGET /css/style.css [36m304[0m 1.579 ms - -[0m
2026-08-08 21:50:05 [INFO]: [0mGET /images/hero/hero-placeholder.png [36m304[0m 0.560 ms - -[0m
2026-08-08 21:50:05 [INFO]: [0mGET /images/logo/plantora.png [36m304[0m 0.760 ms - -[0m
2026-08-08 21:50:05 [INFO]: [0mGET /images/hero/monstera-plant.jpg [36m304[0m 0.649 ms - -[0m
2026-08-08 21:50:05 [INFO]: [0mGET /css/variables.css [36m304[0m 0.380 ms - -[0m
2026-08-08 21:50:05 [INFO]: [0mGET /css/utilities.css [36m304[0m 0.328 ms - -[0m
2026-08-08 21:50:05 [INFO]: [0mGET /css/animations.css [36m304[0m 0.736 ms - -[0m
2026-08-08 21:50:05 [INFO]: [0mGET /css/announcement.css [36m304[0m 0.579 ms - -[0m
2026-08-08 21:50:05 [INFO]: [0mGET /css/header.css [36m304[0m 0.734 ms - -[0m
2026-08-08 21:50:05 [INFO]: [0mGET /css/hero.css [36m304[0m 1.320 ms - -[0m
2026-08-08 21:50:05 [INFO]: [0mGET /css/featured.css [36m304[0m 1.367 ms - -[0m
2026-08-08 21:50:05 [INFO]: [0mGET /css/why-choose.css [36m304[0m 2.556 ms - -[0m
2026-08-08 21:50:05 [INFO]: [0mGET /css/footer.css [36m304[0m 2.074 ms - -[0m
2026-08-08 21:50:05 [INFO]: [0mGET /css/auth.css [36m304[0m 1.487 ms - -[0m
2026-08-08 21:50:05 [INFO]: [0mGET /css/verify.css [36m304[0m 1.812 ms - -[0m
2026-08-08 21:50:05 [INFO]: [0mGET /images/hero/snake-plant.jpg [36m304[0m 2.060 ms - -[0m
2026-08-08 21:50:05 [INFO]: [0mGET /images/hero/peace-lily.jpg [36m304[0m 2.515 ms - -[0m
2026-08-08 21:50:05 [INFO]: [0mGET /js/header.js [36m304[0m 2.100 ms - -[0m
2026-08-08 21:50:05 [INFO]: [0mGET /js/featured.js [36m304[0m 2.190 ms - -[0m
2026-08-08 21:50:05 [INFO]: [0mGET /js/why-choose.js [36m304[0m 0.415 ms - -[0m
2026-08-08 21:50:05 [INFO]: [0mGET /js/notification.js [36m304[0m 0.411 ms - -[0m
2026-08-08 21:50:05 [INFO]: [0mGET /js/footer.js [36m304[0m 0.418 ms - -[0m
2026-08-08 21:50:05 [INFO]: [0mGET /js/auth.js [36m304[0m 0.301 ms - -[0m
2026-08-08 21:50:05 [INFO]: [0mGET /images/hero/tulip-plant.jpg [36m304[0m 0.369 ms - -[0m
2026-08-08 21:50:05 [INFO]: [0mGET /images/hero/rubber-plant.jpg [36m304[0m 0.531 ms - -[0m
2026-08-08 21:50:05 [INFO]: [0mGET /images/hero/aloe-vera.jpg [36m304[0m 0.312 ms - -[0m
2026-08-08 21:50:05 [INFO]: [0mGET /images/hero/areca-palm.jpg [36m304[0m 1.062 ms - -[0m
2026-08-08 21:50:05 [INFO]: [0mGET /images/hero/jade-plant.jpg [36m304[0m 1.357 ms - -[0m
2026-08-08 21:50:05 [INFO]: [0mGET /images/hero/golden-pothos.jpg [36m304[0m 0.419 ms - -[0m
2026-08-08 21:50:05 [INFO]: [0mGET /images/hero/fiddle-leaf-fig.jpg [36m304[0m 0.562 ms - -[0m
2026-08-08 21:50:05 [INFO]: [0mGET /images/hero/why-choose.jpg [36m304[0m 0.359 ms - -[0m
2026-08-08 21:50:05 [INFO]: [0mGET /images/logo/plantora-orgn-white.png [36m304[0m 1.319 ms - -[0m
2026-08-08 21:50:06 [INFO]: [0mGET /favicon.ico [33m404[0m 1.493 ms - 75[0m
2026-08-08 21:50:09 [INFO]: Login successful : admin-plantora@yopmail.com
2026-08-08 21:50:09 [INFO]: [0mPOST /auth/login [32m200[0m 1286.320 ms - 46[0m
2026-08-08 21:50:10 [INFO]: [0mGET / [32m200[0m 253.794 ms - -[0m
2026-08-08 21:50:10 [INFO]: [0mGET /css/style.css [36m304[0m 0.657 ms - -[0m
2026-08-08 21:50:10 [INFO]: [0mGET /images/logo/plantora.png [36m304[0m 0.968 ms - -[0m
2026-08-08 21:50:10 [INFO]: [0mGET /images/hero/hero-placeholder.png [36m304[0m 0.688 ms - -[0m
2026-08-08 21:50:10 [INFO]: [0mGET /images/hero/monstera-plant.jpg [36m304[0m 0.885 ms - -[0m
2026-08-08 21:50:10 [INFO]: [0mGET /js/header.js [36m304[0m 0.400 ms - -[0m
2026-08-08 21:50:10 [INFO]: [0mGET /js/featured.js [36m304[0m 0.684 ms - -[0m
2026-08-08 21:50:10 [INFO]: [0mGET /js/why-choose.js [36m304[0m 0.888 ms - -[0m
2026-08-08 21:50:10 [INFO]: [0mGET /css/variables.css [36m304[0m 0.491 ms - -[0m
2026-08-08 21:50:10 [INFO]: [0mGET /css/utilities.css [36m304[0m 0.799 ms - -[0m
2026-08-08 21:50:10 [INFO]: [0mGET /css/animations.css [36m304[0m 0.993 ms - -[0m
2026-08-08 21:50:10 [INFO]: [0mGET /css/announcement.css [36m304[0m 1.289 ms - -[0m
2026-08-08 21:50:10 [INFO]: [0mGET /css/header.css [36m304[0m 1.571 ms - -[0m
2026-08-08 21:50:10 [INFO]: [0mGET /css/hero.css [36m304[0m 0.733 ms - -[0m
2026-08-08 21:50:10 [INFO]: [0mGET /css/featured.css [36m304[0m 0.939 ms - -[0m
2026-08-08 21:50:10 [INFO]: [0mGET /css/why-choose.css [36m304[0m 2.002 ms - -[0m
2026-08-08 21:50:10 [INFO]: [0mGET /css/footer.css [36m304[0m 1.133 ms - -[0m
2026-08-08 21:50:10 [INFO]: [0mGET /css/auth.css [36m304[0m 1.204 ms - -[0m
2026-08-08 21:50:10 [INFO]: [0mGET /css/verify.css [36m304[0m 1.503 ms - -[0m
2026-08-08 21:50:10 [INFO]: [0mGET /js/notification.js [36m304[0m 1.349 ms - -[0m
2026-08-08 21:50:10 [INFO]: [0mGET /js/footer.js [36m304[0m 1.243 ms - -[0m
2026-08-08 21:50:10 [INFO]: [0mGET /js/auth.js [36m304[0m 1.418 ms - -[0m
2026-08-08 21:50:10 [INFO]: [0mGET /images/hero/snake-plant.jpg [36m304[0m 0.318 ms - -[0m
2026-08-08 21:50:10 [INFO]: [0mGET /images/hero/peace-lily.jpg [36m304[0m 1.234 ms - -[0m
2026-08-08 21:50:10 [INFO]: [0mGET /images/hero/tulip-plant.jpg [36m304[0m 0.911 ms - -[0m
2026-08-08 21:50:10 [INFO]: [0mGET /images/hero/rubber-plant.jpg [36m304[0m 0.457 ms - -[0m
2026-08-08 21:50:10 [INFO]: [0mGET /images/hero/aloe-vera.jpg [36m304[0m 0.344 ms - -[0m
2026-08-08 21:50:10 [INFO]: [0mGET /images/hero/areca-palm.jpg [36m304[0m 0.606 ms - -[0m
2026-08-08 21:50:10 [INFO]: [0mGET /images/hero/jade-plant.jpg [36m304[0m 0.995 ms - -[0m
2026-08-08 21:50:10 [INFO]: [0mGET /images/hero/golden-pothos.jpg [36m304[0m 0.595 ms - -[0m
2026-08-08 21:50:10 [INFO]: [0mGET /images/hero/fiddle-leaf-fig.jpg [36m304[0m 0.241 ms - -[0m
2026-08-08 21:50:10 [INFO]: [0mGET /images/hero/why-choose.jpg [36m304[0m 0.422 ms - -[0m
2026-08-08 21:50:10 [INFO]: [0mGET /images/logo/plantora-orgn-white.png [36m304[0m 0.337 ms - -[0m
2026-08-08 21:50:13 [INFO]: [0mGET /admin/dashboard [36m304[0m 136.767 ms - -[0m
2026-08-08 21:50:13 [INFO]: [0mGET /css/style.css [36m304[0m 1.931 ms - -[0m
2026-08-08 21:50:13 [INFO]: [0mGET /css/admin/layout.css [36m304[0m 1.644 ms - -[0m
2026-08-08 21:50:13 [INFO]: [0mGET /css/admin/users.css [36m304[0m 2.175 ms - -[0m
2026-08-08 21:50:13 [INFO]: [0mGET /css/admin/categories.css [36m304[0m 2.442 ms - -[0m
2026-08-08 21:50:13 [INFO]: [0mGET /css/admin/brands.css [36m304[0m 2.519 ms - -[0m
2026-08-08 21:50:13 [INFO]: [0mGET /css/admin/products.css [36m304[0m 2.716 ms - -[0m
2026-08-08 21:50:13 [INFO]: [0mGET /css/header.css [36m304[0m 0.189 ms - -[0m
2026-08-08 21:50:13 [INFO]: [0mGET /images/logo/plantora.png [36m304[0m 0.369 ms - -[0m
2026-08-08 21:50:13 [INFO]: [0mGET /js/admin/layout.js [36m304[0m 0.441 ms - -[0m
2026-08-08 21:50:13 [INFO]: [0mGET /js/admin/users.js [36m304[0m 0.625 ms - -[0m
2026-08-08 21:50:13 [INFO]: [0mGET /js/admin/categories.js [36m304[0m 0.309 ms - -[0m
2026-08-08 21:50:13 [INFO]: [0mGET /js/admin/brands.js [36m304[0m 0.551 ms - -[0m
2026-08-08 21:50:13 [INFO]: [0mGET /css/variables.css [36m304[0m 0.631 ms - -[0m
2026-08-08 21:50:13 [INFO]: [0mGET /css/utilities.css [36m304[0m 1.075 ms - -[0m
2026-08-08 21:50:13 [INFO]: [0mGET /css/animations.css [36m304[0m 1.320 ms - -[0m
2026-08-08 21:50:13 [INFO]: [0mGET /css/announcement.css [36m304[0m 1.884 ms - -[0m
2026-08-08 21:50:13 [INFO]: [0mGET /css/hero.css [36m304[0m 0.442 ms - -[0m
2026-08-08 21:50:13 [INFO]: [0mGET /css/featured.css [36m304[0m 0.977 ms - -[0m
2026-08-08 21:50:13 [INFO]: [0mGET /css/why-choose.css [36m304[0m 0.724 ms - -[0m
2026-08-08 21:50:13 [INFO]: [0mGET /css/footer.css [36m304[0m 1.097 ms - -[0m
2026-08-08 21:50:13 [INFO]: [0mGET /css/auth.css [36m304[0m 1.250 ms - -[0m
2026-08-08 21:50:13 [INFO]: [0mGET /css/verify.css [36m304[0m 0.795 ms - -[0m
2026-08-08 21:50:13 [INFO]: [0mGET /js/header.js [36m304[0m 0.602 ms - -[0m
2026-08-08 21:50:13 [INFO]: [0mGET /js/notification.js [36m304[0m 1.021 ms - -[0m
2026-08-08 21:50:13 [INFO]: [0mGET /js/admin/products.js [32m200[0m 2.410 ms - -[0m
2026-08-08 21:50:15 [INFO]: [0mGET /admin/products [36m304[0m 450.221 ms - -[0m
2026-08-08 21:50:15 [INFO]: [0mGET /css/style.css [36m304[0m 1.751 ms - -[0m
2026-08-08 21:50:15 [INFO]: [0mGET /css/admin/layout.css [36m304[0m 2.331 ms - -[0m
2026-08-08 21:50:15 [INFO]: [0mGET /css/admin/users.css [36m304[0m 2.513 ms - -[0m
2026-08-08 21:50:15 [INFO]: [0mGET /css/admin/categories.css [36m304[0m 2.764 ms - -[0m
2026-08-08 21:50:15 [INFO]: [0mGET /css/admin/brands.css [36m304[0m 2.926 ms - -[0m
2026-08-08 21:50:15 [INFO]: [0mGET /css/admin/products.css [36m304[0m 2.800 ms - -[0m
2026-08-08 21:50:15 [INFO]: [0mGET /css/header.css [36m304[0m 0.171 ms - -[0m
2026-08-08 21:50:15 [INFO]: [0mGET /images/logo/plantora.png [36m304[0m 1.487 ms - -[0m
2026-08-08 21:50:15 [INFO]: [0mGET /js/admin/layout.js [36m304[0m 0.960 ms - -[0m
2026-08-08 21:50:15 [INFO]: [0mGET /js/admin/users.js [36m304[0m 0.937 ms - -[0m
2026-08-08 21:50:15 [INFO]: [0mGET /js/admin/brands.js [36m304[0m 1.102 ms - -[0m
2026-08-08 21:50:15 [INFO]: [0mGET /js/admin/categories.js [36m304[0m 1.973 ms - -[0m
2026-08-08 21:50:15 [INFO]: [0mGET /js/admin/products.js [36m304[0m 2.155 ms - -[0m
2026-08-08 21:50:15 [INFO]: [0mGET /js/header.js [36m304[0m 2.455 ms - -[0m
2026-08-08 21:50:15 [INFO]: [0mGET /css/variables.css [36m304[0m 0.419 ms - -[0m
2026-08-08 21:50:15 [INFO]: [0mGET /css/utilities.css [36m304[0m 0.678 ms - -[0m
2026-08-08 21:50:15 [INFO]: [0mGET /css/animations.css [36m304[0m 1.169 ms - -[0m
2026-08-08 21:50:15 [INFO]: [0mGET /css/announcement.css [36m304[0m 0.258 ms - -[0m
2026-08-08 21:50:15 [INFO]: [0mGET /css/hero.css [36m304[0m 0.670 ms - -[0m
2026-08-08 21:50:15 [INFO]: [0mGET /css/featured.css [36m304[0m 0.841 ms - -[0m
2026-08-08 21:50:15 [INFO]: [0mGET /css/why-choose.css [36m304[0m 1.440 ms - -[0m
2026-08-08 21:50:15 [INFO]: [0mGET /css/footer.css [36m304[0m 0.372 ms - -[0m
2026-08-08 21:50:15 [INFO]: [0mGET /css/auth.css [36m304[0m 0.785 ms - -[0m
2026-08-08 21:50:15 [INFO]: [0mGET /css/verify.css [36m304[0m 1.090 ms - -[0m
2026-08-08 21:50:15 [INFO]: [0mGET /js/notification.js [36m304[0m 0.339 ms - -[0m
2026-08-08 21:50:18 [INFO]: [0mGET /admin/products/create [36m304[0m 451.797 ms - -[0m
2026-08-08 21:50:18 [INFO]: [0mGET /css/style.css [36m304[0m 0.614 ms - -[0m
2026-08-08 21:50:18 [INFO]: [0mGET /css/admin/layout.css [36m304[0m 0.689 ms - -[0m
2026-08-08 21:50:18 [INFO]: [0mGET /css/admin/users.css [36m304[0m 2.356 ms - -[0m
2026-08-08 21:50:18 [INFO]: [0mGET /css/admin/categories.css [36m304[0m 1.480 ms - -[0m
2026-08-08 21:50:18 [INFO]: [0mGET /css/admin/brands.css [36m304[0m 1.667 ms - -[0m
2026-08-08 21:50:18 [INFO]: [0mGET /css/admin/products.css [36m304[0m 2.034 ms - -[0m
2026-08-08 21:50:18 [INFO]: [0mGET /css/header.css [36m304[0m 0.276 ms - -[0m
2026-08-08 21:50:18 [INFO]: [0mGET /images/logo/plantora.png [36m304[0m 0.332 ms - -[0m
2026-08-08 21:50:18 [INFO]: [0mGET /js/admin/layout.js [36m304[0m 0.778 ms - -[0m
2026-08-08 21:50:18 [INFO]: [0mGET /js/admin/users.js [36m304[0m 0.990 ms - -[0m
2026-08-08 21:50:18 [INFO]: [0mGET /js/admin/categories.js [36m304[0m 1.141 ms - -[0m
2026-08-08 21:50:18 [INFO]: [0mGET /js/admin/brands.js [36m304[0m 1.708 ms - -[0m
2026-08-08 21:50:18 [INFO]: [0mGET /js/admin/products.js [36m304[0m 2.057 ms - -[0m
2026-08-08 21:50:18 [INFO]: [0mGET /js/header.js [36m304[0m 2.500 ms - -[0m
2026-08-08 21:50:18 [INFO]: [0mGET /css/variables.css [36m304[0m 0.874 ms - -[0m
2026-08-08 21:50:18 [INFO]: [0mGET /css/utilities.css [36m304[0m 1.026 ms - -[0m
2026-08-08 21:50:18 [INFO]: [0mGET /css/animations.css [36m304[0m 1.421 ms - -[0m
2026-08-08 21:50:18 [INFO]: [0mGET /css/announcement.css [36m304[0m 1.636 ms - -[0m
2026-08-08 21:50:18 [INFO]: [0mGET /css/hero.css [36m304[0m 1.123 ms - -[0m
2026-08-08 21:50:18 [INFO]: [0mGET /css/featured.css [36m304[0m 1.282 ms - -[0m
2026-08-08 21:50:18 [INFO]: [0mGET /css/why-choose.css [36m304[0m 1.420 ms - -[0m
2026-08-08 21:50:18 [INFO]: [0mGET /css/footer.css [36m304[0m 2.032 ms - -[0m
2026-08-08 21:50:18 [INFO]: [0mGET /css/auth.css [36m304[0m 0.876 ms - -[0m
2026-08-08 21:50:18 [INFO]: [0mGET /css/verify.css [36m304[0m 1.303 ms - -[0m
2026-08-08 21:50:18 [INFO]: [0mGET /js/notification.js [36m304[0m 0.631 ms - -[0m
2026-08-08 21:51:24 [INFO]: Image uploaded successfully to 'plantora'.
2026-08-08 21:51:24 [INFO]: Local file deleted successfully: E:\Webskitters_Academy\NODE JS\final_project_node\plantora_final_project_node_ejs\uploads\temp\4b36ea19-e494-40f6-bd82-fb16cb92ae9e.jpg
2026-08-08 21:51:27 [INFO]: Image uploaded successfully to 'plantora'.
2026-08-08 21:51:27 [INFO]: Local file deleted successfully: E:\Webskitters_Academy\NODE JS\final_project_node\plantora_final_project_node_ejs\uploads\temp\7a3c387a-bd0f-4e57-8099-555db0b9fe80.jpg
2026-08-08 21:51:30 [INFO]: Image uploaded successfully to 'plantora'.
2026-08-08 21:51:30 [INFO]: Local file deleted successfully: E:\Webskitters_Academy\NODE JS\final_project_node\plantora_final_project_node_ejs\uploads\temp\b2a43864-cdfd-41ce-b7b3-d6280edabcb2.jpg
2026-08-08 21:51:33 [INFO]: Image uploaded successfully to 'plantora'.
2026-08-08 21:51:33 [INFO]: Local file deleted successfully: E:\Webskitters_Academy\NODE JS\final_project_node\plantora_final_project_node_ejs\uploads\temp\98277a38-1db8-4629-a8e7-0ecb09d853ca.jpg
2026-08-08 21:51:33 [INFO]: Image 'plantora/4b36ea19-e494-40f6-bd82-fb16cb92ae9e_qkigpp' deleted successfully.
2026-08-08 21:51:34 [INFO]: Image 'plantora/7a3c387a-bd0f-4e57-8099-555db0b9fe80_fra3bo' deleted successfully.
2026-08-08 21:51:35 [INFO]: Image 'plantora/b2a43864-cdfd-41ce-b7b3-d6280edabcb2_lvvdvm' deleted successfully.
2026-08-08 21:51:35 [INFO]: Image 'plantora/98277a38-1db8-4629-a8e7-0ecb09d853ca_qholak' deleted successfully.
2026-08-08 21:51:35 [ERROR]: Create product failed: next is not a function
2026-08-08 21:51:35 [INFO]: [0mPOST /admin/products [36m302[0m 31105.704 ms - 51[0m
2026-08-08 21:51:35 [INFO]: [0mGET /admin/products/create [36m304[0m 180.083 ms - -[0m
2026-08-08 21:51:35 [INFO]: [0mGET /css/style.css [36m304[0m 0.990 ms - -[0m
2026-08-08 21:51:35 [INFO]: [0mGET /css/admin/layout.css [36m304[0m 1.271 ms - -[0m
2026-08-08 21:51:35 [INFO]: [0mGET /css/admin/users.css [36m304[0m 0.555 ms - -[0m
2026-08-08 21:51:35 [INFO]: [0mGET /css/admin/categories.css [36m304[0m 0.574 ms - -[0m
2026-08-08 21:51:35 [INFO]: [0mGET /css/admin/brands.css [36m304[0m 0.791 ms - -[0m
2026-08-08 21:51:35 [INFO]: [0mGET /css/admin/products.css [36m304[0m 1.064 ms - -[0m
2026-08-08 21:51:35 [INFO]: [0mGET /css/header.css [36m304[0m 1.883 ms - -[0m
2026-08-08 21:51:35 [INFO]: [0mGET /images/logo/plantora.png [36m304[0m 0.935 ms - -[0m
2026-08-08 21:51:35 [INFO]: [0mGET /js/admin/layout.js [36m304[0m 0.727 ms - -[0m
2026-08-08 21:51:35 [INFO]: [0mGET /js/admin/users.js [36m304[0m 1.192 ms - -[0m
2026-08-08 21:51:35 [INFO]: [0mGET /js/admin/categories.js [36m304[0m 0.693 ms - -[0m
2026-08-08 21:51:35 [INFO]: [0mGET /js/admin/brands.js [36m304[0m 0.882 ms - -[0m
2026-08-08 21:51:35 [INFO]: [0mGET /js/admin/products.js [36m304[0m 1.211 ms - -[0m
2026-08-08 21:51:35 [INFO]: [0mGET /js/header.js [36m304[0m 1.655 ms - -[0m
2026-08-08 21:51:35 [INFO]: [0mGET /css/variables.css [36m304[0m 0.733 ms - -[0m
2026-08-08 21:51:35 [INFO]: [0mGET /css/utilities.css [36m304[0m 0.934 ms - -[0m
2026-08-08 21:51:35 [INFO]: [0mGET /css/animations.css [36m304[0m 1.250 ms - -[0m
2026-08-08 21:51:35 [INFO]: [0mGET /css/announcement.css [36m304[0m 1.255 ms - -[0m
2026-08-08 21:51:35 [INFO]: [0mGET /css/hero.css [36m304[0m 0.411 ms - -[0m
2026-08-08 21:51:35 [INFO]: [0mGET /css/featured.css [36m304[0m 1.392 ms - -[0m
2026-08-08 21:51:35 [INFO]: [0mGET /css/why-choose.css [36m304[0m 1.421 ms - -[0m
2026-08-08 21:51:35 [INFO]: [0mGET /css/footer.css [36m304[0m 1.810 ms - -[0m
2026-08-08 21:51:35 [INFO]: [0mGET /css/auth.css [36m304[0m 0.767 ms - -[0m
2026-08-08 21:51:35 [INFO]: [0mGET /css/verify.css [36m304[0m 0.785 ms - -[0m
2026-08-08 21:51:35 [INFO]: [0mGET /js/notification.js [36m304[0m 0.404 ms - -[0m
2026-08-08 21:51:35 [INFO]: [0mGET /css/header.css [36m304[0m 0.370 ms - -[0m
2026-08-08 21:51:38 [INFO]: [0mGET /admin/products [32m200[0m 280.863 ms - -[0m
2026-08-08 21:51:38 [INFO]: [0mGET /css/style.css [36m304[0m 1.200 ms - -[0m
2026-08-08 21:51:38 [INFO]: [0mGET /css/admin/layout.css [36m304[0m 1.569 ms - -[0m
2026-08-08 21:51:38 [INFO]: [0mGET /css/admin/users.css [36m304[0m 2.395 ms - -[0m
2026-08-08 21:51:38 [INFO]: [0mGET /css/admin/categories.css [36m304[0m 2.792 ms - -[0m
2026-08-08 21:51:38 [INFO]: [0mGET /css/admin/brands.css [36m304[0m 3.022 ms - -[0m
2026-08-08 21:51:38 [INFO]: [0mGET /css/admin/products.css [36m304[0m 3.242 ms - -[0m
2026-08-08 21:51:38 [INFO]: [0mGET /css/header.css [36m304[0m 0.273 ms - -[0m
2026-08-08 21:51:38 [INFO]: [0mGET /images/logo/plantora.png [36m304[0m 0.410 ms - -[0m
2026-08-08 21:51:38 [INFO]: [0mGET /js/admin/layout.js [36m304[0m 0.230 ms - -[0m
2026-08-08 21:51:38 [INFO]: [0mGET /js/admin/users.js [36m304[0m 0.444 ms - -[0m
2026-08-08 21:51:38 [INFO]: [0mGET /js/admin/categories.js [36m304[0m 0.812 ms - -[0m
2026-08-08 21:51:38 [INFO]: [0mGET /js/admin/brands.js [36m304[0m 1.387 ms - -[0m
2026-08-08 21:51:38 [INFO]: [0mGET /css/variables.css [36m304[0m 0.914 ms - -[0m
2026-08-08 21:51:38 [INFO]: [0mGET /css/utilities.css [36m304[0m 1.031 ms - -[0m
2026-08-08 21:51:38 [INFO]: [0mGET /css/animations.css [36m304[0m 1.139 ms - -[0m
2026-08-08 21:51:38 [INFO]: [0mGET /css/announcement.css [36m304[0m 2.034 ms - -[0m
2026-08-08 21:51:38 [INFO]: [0mGET /css/hero.css [36m304[0m 0.926 ms - -[0m
2026-08-08 21:51:38 [INFO]: [0mGET /css/featured.css [36m304[0m 2.107 ms - -[0m
2026-08-08 21:51:38 [INFO]: [0mGET /css/why-choose.css [36m304[0m 1.696 ms - -[0m
2026-08-08 21:51:38 [INFO]: [0mGET /css/footer.css [36m304[0m 2.085 ms - -[0m
2026-08-08 21:51:38 [INFO]: [0mGET /css/auth.css [36m304[0m 1.802 ms - -[0m
2026-08-08 21:51:38 [INFO]: [0mGET /css/verify.css [36m304[0m 0.267 ms - -[0m
2026-08-08 21:51:38 [INFO]: [0mGET /js/admin/products.js [36m304[0m 0.240 ms - -[0m
2026-08-08 21:51:38 [INFO]: [0mGET /js/header.js [36m304[0m 0.361 ms - -[0m
2026-08-08 21:51:38 [INFO]: [0mGET /js/notification.js [36m304[0m 0.494 ms - -[0m
2026-08-08 21:51:41 [INFO]: [0mGET /admin/products [36m304[0m 389.284 ms - -[0m
2026-08-08 21:51:41 [INFO]: [0mGET /css/style.css [36m304[0m 1.521 ms - -[0m
2026-08-08 21:51:41 [INFO]: [0mGET /css/admin/layout.css [36m304[0m 1.953 ms - -[0m
2026-08-08 21:51:41 [INFO]: [0mGET /css/admin/users.css [36m304[0m 2.400 ms - -[0m
2026-08-08 21:51:41 [INFO]: [0mGET /css/admin/categories.css [36m304[0m 2.931 ms - -[0m
2026-08-08 21:51:41 [INFO]: [0mGET /css/admin/brands.css [36m304[0m 3.698 ms - -[0m
2026-08-08 21:51:41 [INFO]: [0mGET /css/admin/products.css [36m304[0m 0.913 ms - -[0m
2026-08-08 21:51:41 [INFO]: [0mGET /css/header.css [36m304[0m 0.394 ms - -[0m
2026-08-08 21:51:41 [INFO]: [0mGET /images/logo/plantora.png [36m304[0m 1.150 ms - -[0m
2026-08-08 21:51:41 [INFO]: [0mGET /css/variables.css [36m304[0m 1.008 ms - -[0m
2026-08-08 21:51:41 [INFO]: [0mGET /css/utilities.css [36m304[0m 1.772 ms - -[0m
2026-08-08 21:51:41 [INFO]: [0mGET /css/animations.css [36m304[0m 1.532 ms - -[0m
2026-08-08 21:51:41 [INFO]: [0mGET /css/announcement.css [36m304[0m 1.330 ms - -[0m
2026-08-08 21:51:41 [INFO]: [0mGET /css/hero.css [36m304[0m 1.611 ms - -[0m
2026-08-08 21:51:41 [INFO]: [0mGET /css/featured.css [36m304[0m 2.581 ms - -[0m
2026-08-08 21:51:41 [INFO]: [0mGET /css/footer.css [36m304[0m 1.726 ms - -[0m
2026-08-08 21:51:41 [INFO]: [0mGET /css/why-choose.css [36m304[0m 2.668 ms - -[0m
2026-08-08 21:51:41 [INFO]: [0mGET /css/auth.css [36m304[0m 1.923 ms - -[0m
2026-08-08 21:51:41 [INFO]: [0mGET /css/verify.css [36m304[0m 1.786 ms - -[0m
2026-08-08 21:51:41 [INFO]: [0mGET /js/admin/layout.js [36m304[0m 1.025 ms - -[0m
2026-08-08 21:51:41 [INFO]: [0mGET /js/admin/users.js [36m304[0m 1.136 ms - -[0m
2026-08-08 21:51:41 [INFO]: [0mGET /js/admin/categories.js [36m304[0m 1.431 ms - -[0m
2026-08-08 21:51:41 [INFO]: [0mGET /js/admin/brands.js [36m304[0m 1.308 ms - -[0m
2026-08-08 21:51:41 [INFO]: [0mGET /js/admin/products.js [36m304[0m 1.665 ms - -[0m
2026-08-08 21:51:41 [INFO]: [0mGET /js/header.js [36m304[0m 2.340 ms - -[0m
2026-08-08 21:51:41 [INFO]: [0mGET /js/notification.js [36m304[0m 1.013 ms - -[0m
2026-08-08 22:00:20 [INFO]: [0mGET /css/style.css [36m304[0m 0.444 ms - -[0m
2026-08-08 22:00:20 [INFO]: [0mGET /css/variables.css [36m304[0m 0.821 ms - -[0m
2026-08-08 22:00:20 [INFO]: [0mGET /css/utilities.css [36m304[0m 1.064 ms - -[0m
2026-08-08 22:00:20 [INFO]: [0mGET /css/animations.css [36m304[0m 1.343 ms - -[0m
2026-08-08 22:00:20 [INFO]: [0mGET /css/announcement.css [36m304[0m 1.560 ms - -[0m
2026-08-08 22:00:20 [INFO]: [0mGET /css/header.css [36m304[0m 1.787 ms - -[0m
2026-08-08 22:00:20 [INFO]: [0mGET /css/hero.css [36m304[0m 2.649 ms - -[0m
2026-08-08 22:00:20 [INFO]: [0mGET /css/featured.css [36m304[0m 0.510 ms - -[0m
2026-08-08 22:00:20 [INFO]: [0mGET /css/why-choose.css [36m304[0m 0.792 ms - -[0m
2026-08-08 22:00:20 [INFO]: [0mGET /css/footer.css [36m304[0m 1.274 ms - -[0m
2026-08-08 22:00:20 [INFO]: [0mGET /css/auth.css [36m304[0m 1.833 ms - -[0m
2026-08-08 22:00:20 [INFO]: [0mGET /css/verify.css [36m304[0m 2.477 ms - -[0m
2026-08-08 22:00:20 [INFO]: [0mGET /css/admin/layout.css [36m304[0m 3.088 ms - -[0m
2026-08-08 22:00:20 [INFO]: [0mGET /css/admin/users.css [36m304[0m 1.216 ms - -[0m
2026-08-08 22:00:20 [INFO]: [0mGET /css/admin/categories.css [36m304[0m 1.467 ms - -[0m
2026-08-08 22:00:20 [INFO]: [0mGET /css/admin/brands.css [36m304[0m 1.560 ms - -[0m
2026-08-08 22:00:20 [INFO]: [0mGET /css/admin/products.css [36m304[0m 1.524 ms - -[0m
2026-08-08 22:00:20 [INFO]: [0mGET /.well-known/appspecific/com.chrome.devtools.json [33m404[0m 88.717 ms - 112[0m
2026-08-08 22:01:19 [INFO]: [0mGET /admin/products/create [36m304[0m 299.293 ms - -[0m
2026-08-08 22:01:19 [INFO]: [0mGET /css/style.css [36m304[0m 1.274 ms - -[0m
2026-08-08 22:01:19 [INFO]: [0mGET /css/admin/layout.css [36m304[0m 0.995 ms - -[0m
2026-08-08 22:01:19 [INFO]: [0mGET /css/admin/users.css [36m304[0m 0.577 ms - -[0m
2026-08-08 22:01:19 [INFO]: [0mGET /css/header.css [36m304[0m 0.706 ms - -[0m
2026-08-08 22:01:19 [INFO]: [0mGET /css/admin/categories.css [36m304[0m 1.036 ms - -[0m
2026-08-08 22:01:19 [INFO]: [0mGET /css/admin/brands.css [36m304[0m 1.304 ms - -[0m
2026-08-08 22:01:19 [INFO]: [0mGET /css/admin/products.css [36m304[0m 1.764 ms - -[0m
2026-08-08 22:01:19 [INFO]: [0mGET /images/logo/plantora.png [36m304[0m 0.446 ms - -[0m
2026-08-08 22:01:19 [INFO]: [0mGET /js/admin/layout.js [36m304[0m 1.576 ms - -[0m
2026-08-08 22:01:19 [INFO]: [0mGET /js/admin/users.js [36m304[0m 2.222 ms - -[0m
2026-08-08 22:01:19 [INFO]: [0mGET /js/admin/categories.js [36m304[0m 2.327 ms - -[0m
2026-08-08 22:01:19 [INFO]: [0mGET /js/admin/brands.js [36m304[0m 3.338 ms - -[0m
2026-08-08 22:01:19 [INFO]: [0mGET /js/admin/products.js [36m304[0m 6.269 ms - -[0m
2026-08-08 22:01:19 [INFO]: [0mGET /js/header.js [36m304[0m 0.389 ms - -[0m
2026-08-08 22:01:19 [INFO]: [0mGET /css/variables.css [36m304[0m 1.021 ms - -[0m
2026-08-08 22:01:19 [INFO]: [0mGET /css/utilities.css [36m304[0m 0.338 ms - -[0m
2026-08-08 22:01:19 [INFO]: [0mGET /css/animations.css [36m304[0m 0.466 ms - -[0m
2026-08-08 22:01:19 [INFO]: [0mGET /css/announcement.css [36m304[0m 0.716 ms - -[0m
2026-08-08 22:01:19 [INFO]: [0mGET /css/hero.css [36m304[0m 0.945 ms - -[0m
2026-08-08 22:01:19 [INFO]: [0mGET /css/featured.css [36m304[0m 1.240 ms - -[0m
2026-08-08 22:01:19 [INFO]: [0mGET /css/why-choose.css [36m304[0m 0.370 ms - -[0m
2026-08-08 22:01:19 [INFO]: [0mGET /css/footer.css [36m304[0m 0.829 ms - -[0m
2026-08-08 22:01:19 [INFO]: [0mGET /css/auth.css [36m304[0m 1.296 ms - -[0m
2026-08-08 22:01:19 [INFO]: [0mGET /css/verify.css [36m304[0m 1.135 ms - -[0m
2026-08-08 22:01:19 [INFO]: [0mGET /js/notification.js [36m304[0m 0.383 ms - -[0m
2026-08-08 22:01:19 [INFO]: [0mGET /.well-known/appspecific/com.chrome.devtools.json [33m404[0m 91.256 ms - 112[0m
2026-08-08 22:02:06 [INFO]: Image uploaded successfully to 'plantora'.
2026-08-08 22:02:06 [INFO]: Local file deleted successfully: E:\Webskitters_Academy\NODE JS\final_project_node\plantora_final_project_node_ejs\uploads\temp\7362b6bf-8a52-49c0-9ff5-ce92bda6e964.jpg
2026-08-08 22:02:06 [INFO]: Image 'plantora/7362b6bf-8a52-49c0-9ff5-ce92bda6e964_kau9oi' deleted successfully.
2026-08-08 22:02:06 [ERROR]: Create product failed: next is not a function
2026-08-08 22:02:06 [INFO]: [0mPOST /admin/products [36m302[0m 14470.501 ms - 51[0m
2026-08-08 22:02:06 [INFO]: [0mGET /admin/products/create [36m304[0m 175.104 ms - -[0m
2026-08-08 22:02:07 [INFO]: [0mGET /css/style.css [36m304[0m 0.818 ms - -[0m
2026-08-08 22:02:07 [INFO]: [0mGET /css/admin/layout.css [36m304[0m 0.947 ms - -[0m
2026-08-08 22:02:07 [INFO]: [0mGET /css/admin/users.css [36m304[0m 0.377 ms - -[0m
2026-08-08 22:02:07 [INFO]: [0mGET /css/admin/categories.css [36m304[0m 0.577 ms - -[0m
2026-08-08 22:02:07 [INFO]: [0mGET /css/admin/brands.css [36m304[0m 1.536 ms - -[0m
2026-08-08 22:02:07 [INFO]: [0mGET /css/admin/products.css [36m304[0m 1.258 ms - -[0m
2026-08-08 22:02:07 [INFO]: [0mGET /css/header.css [36m304[0m 1.954 ms - -[0m
2026-08-08 22:02:07 [INFO]: [0mGET /images/logo/plantora.png [36m304[0m 1.283 ms - -[0m
2026-08-08 22:02:07 [INFO]: [0mGET /js/admin/layout.js [36m304[0m 1.160 ms - -[0m
2026-08-08 22:02:07 [INFO]: [0mGET /js/admin/users.js [36m304[0m 1.701 ms - -[0m
2026-08-08 22:02:07 [INFO]: [0mGET /js/admin/categories.js [36m304[0m 2.521 ms - -[0m
2026-08-08 22:02:07 [INFO]: [0mGET /js/admin/brands.js [36m304[0m 1.194 ms - -[0m
2026-08-08 22:02:07 [INFO]: [0mGET /js/admin/products.js [36m304[0m 1.534 ms - -[0m
2026-08-08 22:02:07 [INFO]: [0mGET /js/header.js [36m304[0m 0.265 ms - -[0m
2026-08-08 22:02:07 [INFO]: [0mGET /css/variables.css [36m304[0m 0.499 ms - -[0m
2026-08-08 22:02:07 [INFO]: [0mGET /css/utilities.css [36m304[0m 1.034 ms - -[0m
2026-08-08 22:02:07 [INFO]: [0mGET /css/animations.css [36m304[0m 1.440 ms - -[0m
2026-08-08 22:02:07 [INFO]: [0mGET /css/announcement.css [36m304[0m 1.799 ms - -[0m
2026-08-08 22:02:07 [INFO]: [0mGET /css/hero.css [36m304[0m 2.319 ms - -[0m
2026-08-08 22:02:07 [INFO]: [0mGET /css/featured.css [36m304[0m 2.871 ms - -[0m
2026-08-08 22:02:07 [INFO]: [0mGET /css/why-choose.css [36m304[0m 0.771 ms - -[0m
2026-08-08 22:02:07 [INFO]: [0mGET /css/footer.css [36m304[0m 1.666 ms - -[0m
2026-08-08 22:02:07 [INFO]: [0mGET /css/auth.css [36m304[0m 2.075 ms - -[0m
2026-08-08 22:02:07 [INFO]: [0mGET /css/verify.css [36m304[0m 1.819 ms - -[0m
2026-08-08 22:02:07 [INFO]: [0mGET /js/notification.js [36m304[0m 2.190 ms - -[0m
2026-08-08 22:02:07 [INFO]: [0mGET /.well-known/appspecific/com.chrome.devtools.json [33m404[0m 88.755 ms - 112[0m
2026-08-08 22:02:11 [INFO]: [0mGET /admin/products [32m200[0m 448.512 ms - -[0m
2026-08-08 22:02:11 [INFO]: [0mGET /css/style.css [36m304[0m 1.074 ms - -[0m
2026-08-08 22:02:11 [INFO]: [0mGET /css/admin/layout.css [36m304[0m 1.444 ms - -[0m
2026-08-08 22:02:11 [INFO]: [0mGET /css/admin/users.css [36m304[0m 2.135 ms - -[0m
2026-08-08 22:02:11 [INFO]: [0mGET /css/admin/categories.css [36m304[0m 0.985 ms - -[0m
2026-08-08 22:02:11 [INFO]: [0mGET /css/admin/brands.css [36m304[0m 1.637 ms - -[0m
2026-08-08 22:02:11 [INFO]: [0mGET /css/admin/products.css [36m304[0m 2.186 ms - -[0m
2026-08-08 22:02:11 [INFO]: [0mGET /css/header.css [36m304[0m 1.654 ms - -[0m
2026-08-08 22:02:11 [INFO]: [0mGET /images/logo/plantora.png [36m304[0m 0.474 ms - -[0m
2026-08-08 22:02:11 [INFO]: [0mGET /js/admin/layout.js [36m304[0m 0.760 ms - -[0m
2026-08-08 22:02:11 [INFO]: [0mGET /js/admin/users.js [36m304[0m 0.986 ms - -[0m
2026-08-08 22:02:11 [INFO]: [0mGET /js/admin/categories.js [36m304[0m 1.169 ms - -[0m
2026-08-08 22:02:11 [INFO]: [0mGET /js/admin/brands.js [36m304[0m 0.778 ms - -[0m
2026-08-08 22:02:11 [INFO]: [0mGET /js/admin/products.js [36m304[0m 1.326 ms - -[0m
2026-08-08 22:02:11 [INFO]: [0mGET /js/header.js [36m304[0m 1.640 ms - -[0m
2026-08-08 22:02:11 [INFO]: [0mGET /js/notification.js [36m304[0m 0.386 ms - -[0m
2026-08-08 22:02:11 [INFO]: [0mGET /css/variables.css [36m304[0m 1.003 ms - -[0m
2026-08-08 22:02:11 [INFO]: [0mGET /css/utilities.css [36m304[0m 1.202 ms - -[0m
2026-08-08 22:02:11 [INFO]: [0mGET /css/animations.css [36m304[0m 1.510 ms - -[0m
2026-08-08 22:02:11 [INFO]: [0mGET /css/announcement.css [36m304[0m 1.557 ms - -[0m
2026-08-08 22:02:11 [INFO]: [0mGET /css/hero.css [36m304[0m 1.860 ms - -[0m
2026-08-08 22:02:11 [INFO]: [0mGET /css/featured.css [36m304[0m 0.899 ms - -[0m
2026-08-08 22:02:11 [INFO]: [0mGET /css/why-choose.css [36m304[0m 0.392 ms - -[0m
2026-08-08 22:02:11 [INFO]: [0mGET /css/footer.css [36m304[0m 0.463 ms - -[0m
2026-08-08 22:02:11 [INFO]: [0mGET /css/auth.css [36m304[0m 0.891 ms - -[0m
2026-08-08 22:02:11 [INFO]: [0mGET /css/verify.css [36m304[0m 0.259 ms - -[0m
2026-08-08 22:02:11 [INFO]: [0mGET /.well-known/appspecific/com.chrome.devtools.json [33m404[0m 212.819 ms - 112[0m
2026-08-08 22:02:13 [INFO]: [0mGET /admin/products [36m304[0m 407.506 ms - -[0m
2026-08-08 22:02:13 [INFO]: [0mGET /css/style.css [36m304[0m 1.573 ms - -[0m
2026-08-08 22:02:13 [INFO]: [0mGET /css/admin/layout.css [36m304[0m 1.429 ms - -[0m
2026-08-08 22:02:13 [INFO]: [0mGET /css/admin/users.css [36m304[0m 1.231 ms - -[0m
2026-08-08 22:02:13 [INFO]: [0mGET /css/admin/categories.css [36m304[0m 1.650 ms - -[0m
2026-08-08 22:02:13 [INFO]: [0mGET /css/admin/brands.css [36m304[0m 0.710 ms - -[0m
2026-08-08 22:02:13 [INFO]: [0mGET /css/admin/products.css [36m304[0m 0.351 ms - -[0m
2026-08-08 22:02:13 [INFO]: [0mGET /css/header.css [36m304[0m 0.480 ms - -[0m
2026-08-08 22:02:13 [INFO]: [0mGET /images/logo/plantora.png [36m304[0m 0.710 ms - -[0m
2026-08-08 22:02:13 [INFO]: [0mGET /js/admin/layout.js [36m304[0m 0.542 ms - -[0m
2026-08-08 22:02:13 [INFO]: [0mGET /js/admin/users.js [36m304[0m 0.786 ms - -[0m
2026-08-08 22:02:13 [INFO]: [0mGET /js/admin/categories.js [36m304[0m 1.372 ms - -[0m
2026-08-08 22:02:13 [INFO]: [0mGET /js/admin/brands.js [36m304[0m 2.037 ms - -[0m
2026-08-08 22:02:13 [INFO]: [0mGET /js/admin/products.js [36m304[0m 0.986 ms - -[0m
2026-08-08 22:02:13 [INFO]: [0mGET /js/header.js [36m304[0m 0.241 ms - -[0m
2026-08-08 22:02:13 [INFO]: [0mGET /js/notification.js [36m304[0m 0.473 ms - -[0m
2026-08-08 22:02:13 [INFO]: [0mGET /css/variables.css [36m304[0m 0.496 ms - -[0m
2026-08-08 22:02:13 [INFO]: [0mGET /css/utilities.css [36m304[0m 0.726 ms - -[0m
2026-08-08 22:02:13 [INFO]: [0mGET /css/animations.css [36m304[0m 1.218 ms - -[0m
2026-08-08 22:02:13 [INFO]: [0mGET /css/announcement.css [36m304[0m 1.293 ms - -[0m
2026-08-08 22:02:13 [INFO]: [0mGET /css/hero.css [36m304[0m 1.185 ms - -[0m
2026-08-08 22:02:13 [INFO]: [0mGET /css/featured.css [36m304[0m 0.618 ms - -[0m
2026-08-08 22:02:13 [INFO]: [0mGET /css/why-choose.css [36m304[0m 0.806 ms - -[0m
2026-08-08 22:02:13 [INFO]: [0mGET /css/footer.css [36m304[0m 1.806 ms - -[0m
2026-08-08 22:02:13 [INFO]: [0mGET /css/auth.css [36m304[0m 0.924 ms - -[0m
2026-08-08 22:02:13 [INFO]: [0mGET /css/verify.css [36m304[0m 0.318 ms - -[0m
2026-08-08 22:02:13 [INFO]: [0mGET /.well-known/appspecific/com.chrome.devtools.json [33m404[0m 166.608 ms - 112[0m
2026-08-08 22:15:25 [INFO]: MongoDB connected successfully.
2026-08-08 22:15:28 [INFO]: Email server connected successfully.
2026-08-08 22:15:28 [INFO]: Server is running on port 5132.
2026-08-08 22:16:24 [INFO]: MongoDB connected successfully.
2026-08-08 22:16:27 [INFO]: Email server connected successfully.
2026-08-08 22:16:27 [INFO]: Server is running on port 5132.
2026-08-08 22:16:35 [INFO]: MongoDB connected successfully.
2026-08-08 22:16:38 [INFO]: Email server connected successfully.
2026-08-08 22:16:38 [INFO]: Server is running on port 5132.
2026-08-08 22:17:21 [INFO]: [0mGET /admin/products [36m304[0m 323.247 ms - -[0m
2026-08-08 22:17:21 [INFO]: [0mGET /css/style.css [36m304[0m 2.843 ms - -[0m
2026-08-08 22:17:21 [INFO]: [0mGET /css/admin/layout.css [36m304[0m 3.208 ms - -[0m
2026-08-08 22:17:21 [INFO]: [0mGET /css/admin/users.css [36m304[0m 3.272 ms - -[0m
2026-08-08 22:17:21 [INFO]: [0mGET /css/admin/categories.css [36m304[0m 3.970 ms - -[0m
2026-08-08 22:17:21 [INFO]: [0mGET /css/admin/products.css [36m304[0m 0.980 ms - -[0m
2026-08-08 22:17:21 [INFO]: [0mGET /css/admin/brands.css [36m304[0m 2.471 ms - -[0m
2026-08-08 22:17:21 [INFO]: [0mGET /css/header.css [36m304[0m 2.254 ms - -[0m
2026-08-08 22:17:21 [INFO]: [0mGET /images/logo/plantora.png [36m304[0m 0.308 ms - -[0m
2026-08-08 22:17:21 [INFO]: [0mGET /js/admin/layout.js [36m304[0m 1.285 ms - -[0m
2026-08-08 22:17:21 [INFO]: [0mGET /js/admin/users.js [36m304[0m 1.685 ms - -[0m
2026-08-08 22:17:21 [INFO]: [0mGET /js/admin/categories.js [36m304[0m 2.043 ms - -[0m
2026-08-08 22:17:21 [INFO]: [0mGET /js/admin/brands.js [36m304[0m 2.431 ms - -[0m
2026-08-08 22:17:21 [INFO]: [0mGET /js/admin/products.js [36m304[0m 3.044 ms - -[0m
2026-08-08 22:17:21 [INFO]: [0mGET /css/variables.css [36m304[0m 0.409 ms - -[0m
2026-08-08 22:17:21 [INFO]: [0mGET /css/utilities.css [36m304[0m 0.958 ms - -[0m
2026-08-08 22:17:21 [INFO]: [0mGET /css/animations.css [36m304[0m 1.212 ms - -[0m
2026-08-08 22:17:21 [INFO]: [0mGET /css/announcement.css [36m304[0m 2.219 ms - -[0m
2026-08-08 22:17:21 [INFO]: [0mGET /css/hero.css [36m304[0m 1.485 ms - -[0m
2026-08-08 22:17:21 [INFO]: [0mGET /css/featured.css [36m304[0m 1.763 ms - -[0m
2026-08-08 22:17:21 [INFO]: [0mGET /css/why-choose.css [36m304[0m 0.682 ms - -[0m
2026-08-08 22:17:21 [INFO]: [0mGET /css/footer.css [36m304[0m 1.108 ms - -[0m
2026-08-08 22:17:21 [INFO]: [0mGET /css/auth.css [36m304[0m 1.878 ms - -[0m
2026-08-08 22:17:21 [INFO]: [0mGET /css/verify.css [36m304[0m 1.383 ms - -[0m
2026-08-08 22:17:21 [INFO]: [0mGET /js/header.js [36m304[0m 0.770 ms - -[0m
2026-08-08 22:17:21 [INFO]: [0mGET /js/notification.js [36m304[0m 1.209 ms - -[0m
2026-08-08 22:17:22 [INFO]: [0mGET /.well-known/appspecific/com.chrome.devtools.json [33m404[0m 193.045 ms - 112[0m
2026-08-08 22:17:24 [INFO]: [0mGET /admin/products/create [36m304[0m 254.120 ms - -[0m
2026-08-08 22:17:24 [INFO]: [0mGET /css/style.css [36m304[0m 0.661 ms - -[0m
2026-08-08 22:17:24 [INFO]: [0mGET /css/admin/layout.css [36m304[0m 0.952 ms - -[0m
2026-08-08 22:17:24 [INFO]: [0mGET /css/admin/users.css [36m304[0m 1.478 ms - -[0m
2026-08-08 22:17:24 [INFO]: [0mGET /css/admin/categories.css [36m304[0m 1.742 ms - -[0m
2026-08-08 22:17:24 [INFO]: [0mGET /css/admin/brands.css [36m304[0m 1.916 ms - -[0m
2026-08-08 22:17:24 [INFO]: [0mGET /css/admin/products.css [36m304[0m 2.094 ms - -[0m
2026-08-08 22:17:24 [INFO]: [0mGET /css/header.css [36m304[0m 0.678 ms - -[0m
2026-08-08 22:17:24 [INFO]: [0mGET /images/logo/plantora.png [36m304[0m 1.158 ms - -[0m
2026-08-08 22:17:24 [INFO]: [0mGET /js/admin/layout.js [36m304[0m 0.564 ms - -[0m
2026-08-08 22:17:24 [INFO]: [0mGET /js/admin/users.js [36m304[0m 1.111 ms - -[0m
2026-08-08 22:17:24 [INFO]: [0mGET /js/admin/categories.js [36m304[0m 0.346 ms - -[0m
2026-08-08 22:17:24 [INFO]: [0mGET /js/admin/brands.js [36m304[0m 0.375 ms - -[0m
2026-08-08 22:17:24 [INFO]: [0mGET /js/admin/products.js [36m304[0m 0.816 ms - -[0m
2026-08-08 22:17:24 [INFO]: [0mGET /js/header.js [36m304[0m 1.268 ms - -[0m
2026-08-08 22:17:24 [INFO]: [0mGET /js/notification.js [36m304[0m 0.585 ms - -[0m
2026-08-08 22:17:24 [INFO]: [0mGET /css/variables.css [36m304[0m 0.824 ms - -[0m
2026-08-08 22:17:24 [INFO]: [0mGET /css/utilities.css [36m304[0m 1.119 ms - -[0m
2026-08-08 22:17:24 [INFO]: [0mGET /css/animations.css [36m304[0m 1.892 ms - -[0m
2026-08-08 22:17:24 [INFO]: [0mGET /css/announcement.css [36m304[0m 1.185 ms - -[0m
2026-08-08 22:17:24 [INFO]: [0mGET /css/hero.css [36m304[0m 1.349 ms - -[0m
2026-08-08 22:17:24 [INFO]: [0mGET /css/featured.css [36m304[0m 0.385 ms - -[0m
2026-08-08 22:17:24 [INFO]: [0mGET /css/why-choose.css [36m304[0m 0.424 ms - -[0m
2026-08-08 22:17:24 [INFO]: [0mGET /css/footer.css [36m304[0m 0.274 ms - -[0m
2026-08-08 22:17:24 [INFO]: [0mGET /css/auth.css [36m304[0m 0.998 ms - -[0m
2026-08-08 22:17:24 [INFO]: [0mGET /css/verify.css [36m304[0m 1.491 ms - -[0m
2026-08-08 22:17:25 [INFO]: [0mGET /.well-known/appspecific/com.chrome.devtools.json [33m404[0m 226.029 ms - 112[0m
2026-08-08 22:18:02 [INFO]: Image uploaded successfully to 'plantora'.
2026-08-08 22:18:02 [INFO]: Local file deleted successfully: E:\Webskitters_Academy\NODE JS\final_project_node\plantora_final_project_node_ejs\uploads\temp\35a6f716-3f39-4666-9abc-1c4e9ca250b4.jpg
2026-08-08 22:18:02 [ERROR]: Failed to create audit log: AuditLog validation failed: module: `Product` is not a valid enum value for path `module`.
2026-08-08 22:18:02 [INFO]: Product 'awubfuioabwnfioubawuoifb' created successfully.
2026-08-08 22:18:02 [INFO]: [0mPOST /admin/products [36m302[0m 6963.842 ms - 74[0m
2026-08-08 22:18:02 [WARN]: Product not found.
2026-08-08 22:18:02 [INFO]: [0mGET /admin/products/6a775dc2c671dc17213fc8d7/edit [36m302[0m 192.430 ms - 44[0m
2026-08-08 22:18:02 [INFO]: [0mGET /admin/products [32m200[0m 225.734 ms - -[0m
2026-08-08 22:18:03 [INFO]: [0mGET /css/style.css [36m304[0m 1.098 ms - -[0m
2026-08-08 22:18:03 [INFO]: [0mGET /css/admin/layout.css [36m304[0m 2.514 ms - -[0m
2026-08-08 22:18:03 [INFO]: [0mGET /css/admin/categories.css [36m304[0m 0.504 ms - -[0m
2026-08-08 22:18:03 [INFO]: [0mGET /css/admin/users.css [36m304[0m 0.807 ms - -[0m
2026-08-08 22:18:03 [INFO]: [0mGET /css/admin/products.css [36m304[0m 2.234 ms - -[0m
2026-08-08 22:18:03 [INFO]: [0mGET /css/admin/brands.css [36m304[0m 0.492 ms - -[0m
2026-08-08 22:18:03 [INFO]: [0mGET /images/logo/plantora.png [36m304[0m 0.690 ms - -[0m
2026-08-08 22:18:03 [INFO]: [0mGET /css/header.css [36m304[0m 1.244 ms - -[0m
2026-08-08 22:18:03 [INFO]: [0mGET /js/admin/layout.js [36m304[0m 0.469 ms - -[0m
2026-08-08 22:18:03 [INFO]: [0mGET /js/admin/users.js [36m304[0m 0.784 ms - -[0m
2026-08-08 22:18:03 [INFO]: [0mGET /js/admin/categories.js [36m304[0m 1.852 ms - -[0m
2026-08-08 22:18:03 [INFO]: [0mGET /js/admin/brands.js [36m304[0m 2.243 ms - -[0m
2026-08-08 22:18:03 [INFO]: [0mGET /js/admin/products.js [36m304[0m 0.321 ms - -[0m
2026-08-08 22:18:03 [INFO]: [0mGET /js/header.js [36m304[0m 0.727 ms - -[0m
2026-08-08 22:18:03 [INFO]: [0mGET /js/notification.js [36m304[0m 0.679 ms - -[0m
2026-08-08 22:18:03 [INFO]: [0mGET /css/variables.css [36m304[0m 0.243 ms - -[0m
2026-08-08 22:18:03 [INFO]: [0mGET /css/utilities.css [36m304[0m 0.456 ms - -[0m
2026-08-08 22:18:03 [INFO]: [0mGET /css/animations.css [36m304[0m 0.823 ms - -[0m
2026-08-08 22:18:03 [INFO]: [0mGET /css/announcement.css [36m304[0m 1.030 ms - -[0m
2026-08-08 22:18:03 [INFO]: [0mGET /css/hero.css [36m304[0m 0.617 ms - -[0m
2026-08-08 22:18:03 [INFO]: [0mGET /css/featured.css [36m304[0m 0.691 ms - -[0m
2026-08-08 22:18:03 [INFO]: [0mGET /css/why-choose.css [36m304[0m 0.389 ms - -[0m
2026-08-08 22:18:03 [INFO]: [0mGET /css/footer.css [36m304[0m 0.724 ms - -[0m
2026-08-08 22:18:03 [INFO]: [0mGET /css/auth.css [36m304[0m 1.151 ms - -[0m
2026-08-08 22:18:03 [INFO]: [0mGET /css/verify.css [36m304[0m 1.863 ms - -[0m
2026-08-08 22:18:03 [INFO]: [0mGET /.well-known/appspecific/com.chrome.devtools.json [33m404[0m 88.177 ms - 112[0m
2026-08-08 22:20:48 [INFO]: [0mGET /products/6a775dc2c671dc17213fc8d7/edit [33m404[0m 120.438 ms - 102[0m
2026-08-08 22:20:54 [INFO]: [0mPOST /products/6a775dc2c671dc17213fc8d7/soft-delete [33m404[0m 230.404 ms - 110[0m
2026-08-08 22:20:57 [INFO]: [0mGET /admin/products [36m304[0m 180.459 ms - -[0m
2026-08-08 22:20:57 [INFO]: [0mGET /css/style.css [36m304[0m 0.481 ms - -[0m
2026-08-08 22:20:57 [INFO]: [0mGET /css/admin/layout.css [36m304[0m 0.332 ms - -[0m
2026-08-08 22:20:57 [INFO]: [0mGET /css/admin/users.css [36m304[0m 0.754 ms - -[0m
2026-08-08 22:20:57 [INFO]: [0mGET /css/admin/categories.css [36m304[0m 1.155 ms - -[0m
2026-08-08 22:20:57 [INFO]: [0mGET /css/admin/brands.css [36m304[0m 1.323 ms - -[0m
2026-08-08 22:20:57 [INFO]: [0mGET /css/admin/products.css [36m304[0m 1.515 ms - -[0m
2026-08-08 22:20:57 [INFO]: [0mGET /css/header.css [36m304[0m 0.685 ms - -[0m
2026-08-08 22:20:57 [INFO]: [0mGET /images/logo/plantora.png [36m304[0m 0.597 ms - -[0m
2026-08-08 22:20:57 [INFO]: [0mGET /js/admin/layout.js [36m304[0m 0.309 ms - -[0m
2026-08-08 22:20:57 [INFO]: [0mGET /js/admin/users.js [36m304[0m 0.808 ms - -[0m
2026-08-08 22:20:57 [INFO]: [0mGET /js/admin/categories.js [36m304[0m 0.200 ms - -[0m
2026-08-08 22:20:57 [INFO]: [0mGET /js/admin/brands.js [36m304[0m 0.246 ms - -[0m
2026-08-08 22:20:57 [INFO]: [0mGET /css/variables.css [36m304[0m 1.029 ms - -[0m
2026-08-08 22:20:57 [INFO]: [0mGET /css/utilities.css [36m304[0m 1.131 ms - -[0m
2026-08-08 22:20:57 [INFO]: [0mGET /css/animations.css [36m304[0m 1.767 ms - -[0m
2026-08-08 22:20:57 [INFO]: [0mGET /css/announcement.css [36m304[0m 1.011 ms - -[0m
2026-08-08 22:20:57 [INFO]: [0mGET /css/hero.css [36m304[0m 1.263 ms - -[0m
2026-08-08 22:20:57 [INFO]: [0mGET /css/why-choose.css [36m304[0m 0.503 ms - -[0m
2026-08-08 22:20:57 [INFO]: [0mGET /css/footer.css [36m304[0m 0.655 ms - -[0m
2026-08-08 22:20:57 [INFO]: [0mGET /css/featured.css [36m304[0m 0.817 ms - -[0m
2026-08-08 22:20:57 [INFO]: [0mGET /css/auth.css [36m304[0m 1.298 ms - -[0m
2026-08-08 22:20:57 [INFO]: [0mGET /css/verify.css [36m304[0m 0.721 ms - -[0m
2026-08-08 22:20:57 [INFO]: [0mGET /js/admin/products.js [36m304[0m 0.219 ms - -[0m
2026-08-08 22:20:57 [INFO]: [0mGET /js/header.js [36m304[0m 0.257 ms - -[0m
2026-08-08 22:20:57 [INFO]: [0mGET /js/notification.js [36m304[0m 0.686 ms - -[0m
2026-08-08 22:21:00 [INFO]: [0mGET /admin/products/trash [36m304[0m 181.792 ms - -[0m
2026-08-08 22:21:00 [INFO]: [0mGET /css/style.css [36m304[0m 0.314 ms - -[0m
2026-08-08 22:21:00 [INFO]: [0mGET /css/admin/layout.css [36m304[0m 0.430 ms - -[0m
2026-08-08 22:21:00 [INFO]: [0mGET /css/admin/users.css [36m304[0m 1.462 ms - -[0m
2026-08-08 22:21:00 [INFO]: [0mGET /css/admin/categories.css [36m304[0m 2.097 ms - -[0m
2026-08-08 22:21:00 [INFO]: [0mGET /css/admin/brands.css [36m304[0m 1.651 ms - -[0m
2026-08-08 22:21:00 [INFO]: [0mGET /css/admin/products.css [36m304[0m 1.757 ms - -[0m
2026-08-08 22:21:00 [INFO]: [0mGET /css/header.css [36m304[0m 2.006 ms - -[0m
2026-08-08 22:21:00 [INFO]: [0mGET /images/logo/plantora.png [36m304[0m 0.790 ms - -[0m
2026-08-08 22:21:00 [INFO]: [0mGET /js/admin/layout.js [36m304[0m 0.811 ms - -[0m
2026-08-08 22:21:00 [INFO]: [0mGET /js/admin/users.js [36m304[0m 1.662 ms - -[0m
2026-08-08 22:21:00 [INFO]: [0mGET /js/admin/categories.js [36m304[0m 0.829 ms - -[0m
2026-08-08 22:21:00 [INFO]: [0mGET /js/admin/brands.js [36m304[0m 1.759 ms - -[0m
2026-08-08 22:21:00 [INFO]: [0mGET /css/variables.css [36m304[0m 0.963 ms - -[0m
2026-08-08 22:21:00 [INFO]: [0mGET /css/utilities.css [36m304[0m 1.225 ms - -[0m
2026-08-08 22:21:00 [INFO]: [0mGET /css/animations.css [36m304[0m 0.994 ms - -[0m
2026-08-08 22:21:00 [INFO]: [0mGET /css/announcement.css [36m304[0m 1.173 ms - -[0m
2026-08-08 22:21:00 [INFO]: [0mGET /css/hero.css [36m304[0m 1.507 ms - -[0m
2026-08-08 22:21:00 [INFO]: [0mGET /css/featured.css [36m304[0m 1.165 ms - -[0m
2026-08-08 22:21:00 [INFO]: [0mGET /css/why-choose.css [36m304[0m 1.063 ms - -[0m
2026-08-08 22:21:00 [INFO]: [0mGET /css/footer.css [36m304[0m 1.714 ms - -[0m
2026-08-08 22:21:00 [INFO]: [0mGET /css/auth.css [36m304[0m 1.057 ms - -[0m
2026-08-08 22:21:00 [INFO]: [0mGET /css/verify.css [36m304[0m 1.307 ms - -[0m
2026-08-08 22:21:00 [INFO]: [0mGET /js/admin/products.js [36m304[0m 0.297 ms - -[0m
2026-08-08 22:21:00 [INFO]: [0mGET /js/header.js [36m304[0m 0.341 ms - -[0m
2026-08-08 22:21:00 [INFO]: [0mGET /js/notification.js [36m304[0m 0.569 ms - -[0m
2026-08-08 22:54:00 [INFO]: [0mGET /admin/products/trash [36m304[0m 904.820 ms - -[0m
2026-08-08 22:54:00 [INFO]: [0mGET /css/style.css [36m304[0m 1.266 ms - -[0m
2026-08-08 22:54:00 [INFO]: [0mGET /css/admin/layout.css [36m304[0m 0.891 ms - -[0m
2026-08-08 22:54:00 [INFO]: [0mGET /css/admin/users.css [36m304[0m 0.879 ms - -[0m
2026-08-08 22:54:00 [INFO]: [0mGET /css/admin/categories.css [36m304[0m 0.246 ms - -[0m
2026-08-08 22:54:00 [INFO]: [0mGET /css/admin/brands.css [36m304[0m 0.433 ms - -[0m
2026-08-08 22:54:00 [INFO]: [0mGET /css/header.css [36m304[0m 0.711 ms - -[0m
2026-08-08 22:54:00 [INFO]: [0mGET /css/admin/products.css [32m200[0m 2.379 ms - -[0m
2026-08-08 22:54:00 [INFO]: [0mGET /images/logo/plantora.png [36m304[0m 0.232 ms - -[0m
2026-08-08 22:54:00 [INFO]: [0mGET /js/admin/layout.js [36m304[0m 0.221 ms - -[0m
2026-08-08 22:54:00 [INFO]: [0mGET /js/admin/users.js [36m304[0m 0.632 ms - -[0m
2026-08-08 22:54:00 [INFO]: [0mGET /js/admin/categories.js [36m304[0m 1.091 ms - -[0m
2026-08-08 22:54:00 [INFO]: [0mGET /js/admin/brands.js [36m304[0m 0.287 ms - -[0m
2026-08-08 22:54:00 [INFO]: [0mGET /js/admin/products.js [36m304[0m 1.240 ms - -[0m
2026-08-08 22:54:00 [INFO]: [0mGET /css/variables.css [36m304[0m 0.342 ms - -[0m
2026-08-08 22:54:00 [INFO]: [0mGET /css/utilities.css [36m304[0m 0.626 ms - -[0m
2026-08-08 22:54:00 [INFO]: [0mGET /css/animations.css [36m304[0m 0.756 ms - -[0m
2026-08-08 22:54:00 [INFO]: [0mGET /css/announcement.css [36m304[0m 0.816 ms - -[0m
2026-08-08 22:54:00 [INFO]: [0mGET /css/hero.css [36m304[0m 1.047 ms - -[0m
2026-08-08 22:54:00 [INFO]: [0mGET /css/featured.css [36m304[0m 1.454 ms - -[0m
2026-08-08 22:54:00 [INFO]: [0mGET /css/why-choose.css [36m304[0m 1.935 ms - -[0m
2026-08-08 22:54:00 [INFO]: [0mGET /css/footer.css [36m304[0m 0.867 ms - -[0m
2026-08-08 22:54:00 [INFO]: [0mGET /css/auth.css [36m304[0m 0.829 ms - -[0m
2026-08-08 22:54:00 [INFO]: [0mGET /css/verify.css [36m304[0m 0.803 ms - -[0m
2026-08-08 22:54:00 [INFO]: [0mGET /js/header.js [36m304[0m 0.618 ms - -[0m
2026-08-08 22:54:00 [INFO]: [0mGET /js/notification.js [36m304[0m 0.590 ms - -[0m
2026-08-08 22:54:04 [INFO]: [0mGET /admin/products [32m200[0m 160.587 ms - -[0m
2026-08-08 22:54:04 [INFO]: [0mGET /css/style.css [36m304[0m 0.446 ms - -[0m
2026-08-08 22:54:04 [INFO]: [0mGET /css/admin/layout.css [36m304[0m 0.745 ms - -[0m
2026-08-08 22:54:04 [INFO]: [0mGET /css/admin/users.css [36m304[0m 1.759 ms - -[0m
2026-08-08 22:54:04 [INFO]: [0mGET /css/admin/categories.css [36m304[0m 0.976 ms - -[0m
2026-08-08 22:54:04 [INFO]: [0mGET /css/admin/brands.css [36m304[0m 0.736 ms - -[0m
2026-08-08 22:54:04 [INFO]: [0mGET /css/admin/products.css [36m304[0m 1.628 ms - -[0m
2026-08-08 22:54:04 [INFO]: [0mGET /css/header.css [36m304[0m 0.895 ms - -[0m
2026-08-08 22:54:04 [INFO]: [0mGET /images/logo/plantora.png [36m304[0m 0.481 ms - -[0m
2026-08-08 22:54:04 [INFO]: [0mGET /js/admin/layout.js [36m304[0m 0.442 ms - -[0m
2026-08-08 22:54:04 [INFO]: [0mGET /js/admin/users.js [36m304[0m 0.776 ms - -[0m
2026-08-08 22:54:04 [INFO]: [0mGET /js/admin/categories.js [36m304[0m 1.169 ms - -[0m
2026-08-08 22:54:04 [INFO]: [0mGET /js/admin/brands.js [36m304[0m 1.432 ms - -[0m
2026-08-08 22:54:04 [INFO]: [0mGET /js/admin/products.js [36m304[0m 0.459 ms - -[0m
2026-08-08 22:54:04 [INFO]: [0mGET /css/variables.css [36m304[0m 0.611 ms - -[0m
2026-08-08 22:54:04 [INFO]: [0mGET /css/utilities.css [36m304[0m 1.481 ms - -[0m
2026-08-08 22:54:04 [INFO]: [0mGET /css/animations.css [36m304[0m 0.895 ms - -[0m
2026-08-08 22:54:04 [INFO]: [0mGET /css/announcement.css [36m304[0m 0.631 ms - -[0m
2026-08-08 22:54:04 [INFO]: [0mGET /css/hero.css [36m304[0m 0.924 ms - -[0m
2026-08-08 22:54:04 [INFO]: [0mGET /css/featured.css [36m304[0m 2.168 ms - -[0m
2026-08-08 22:54:04 [INFO]: [0mGET /css/why-choose.css [36m304[0m 2.465 ms - -[0m
2026-08-08 22:54:04 [INFO]: [0mGET /css/footer.css [36m304[0m 0.773 ms - -[0m
2026-08-08 22:54:04 [INFO]: [0mGET /css/auth.css [36m304[0m 0.246 ms - -[0m
2026-08-08 22:54:04 [INFO]: [0mGET /css/verify.css [36m304[0m 0.535 ms - -[0m
2026-08-08 22:54:04 [INFO]: [0mGET /js/header.js [36m304[0m 0.524 ms - -[0m
2026-08-08 22:54:04 [INFO]: [0mGET /js/notification.js [36m304[0m 0.213 ms - -[0m
2026-08-08 22:55:31 [INFO]: [0mGET /admin/products/create [36m304[0m 274.820 ms - -[0m
2026-08-08 22:55:31 [INFO]: [0mGET /css/style.css [36m304[0m 0.890 ms - -[0m
2026-08-08 22:55:31 [INFO]: [0mGET /css/admin/layout.css [36m304[0m 1.793 ms - -[0m
2026-08-08 22:55:31 [INFO]: [0mGET /css/admin/users.css [36m304[0m 2.679 ms - -[0m
2026-08-08 22:55:31 [INFO]: [0mGET /css/admin/categories.css [36m304[0m 1.784 ms - -[0m
2026-08-08 22:55:31 [INFO]: [0mGET /css/admin/brands.css [36m304[0m 1.353 ms - -[0m
2026-08-08 22:55:31 [INFO]: [0mGET /css/admin/products.css [36m304[0m 2.022 ms - -[0m
2026-08-08 22:55:31 [INFO]: [0mGET /css/header.css [36m304[0m 4.401 ms - -[0m
2026-08-08 22:55:31 [INFO]: [0mGET /images/logo/plantora.png [36m304[0m 3.623 ms - -[0m
2026-08-08 22:55:31 [INFO]: [0mGET /js/admin/layout.js [36m304[0m 4.312 ms - -[0m
2026-08-08 22:55:31 [INFO]: [0mGET /css/variables.css [36m304[0m 4.853 ms - -[0m
2026-08-08 22:55:31 [INFO]: [0mGET /css/utilities.css [36m304[0m 5.260 ms - -[0m
2026-08-08 22:55:31 [INFO]: [0mGET /js/admin/users.js [36m304[0m 6.129 ms - -[0m
2026-08-08 22:55:31 [INFO]: [0mGET /css/animations.css [36m304[0m 6.468 ms - -[0m
2026-08-08 22:55:31 [INFO]: [0mGET /css/announcement.css [36m304[0m 6.545 ms - -[0m
2026-08-08 22:55:31 [INFO]: [0mGET /css/hero.css [36m304[0m 3.804 ms - -[0m
2026-08-08 22:55:31 [INFO]: [0mGET /css/featured.css [36m304[0m 4.495 ms - -[0m
2026-08-08 22:55:31 [INFO]: [0mGET /css/why-choose.css [36m304[0m 4.096 ms - -[0m
2026-08-08 22:55:31 [INFO]: [0mGET /css/footer.css [36m304[0m 4.622 ms - -[0m
2026-08-08 22:55:31 [INFO]: [0mGET /css/auth.css [36m304[0m 5.975 ms - -[0m
2026-08-08 22:55:31 [INFO]: [0mGET /css/verify.css [36m304[0m 3.200 ms - -[0m
2026-08-08 22:55:31 [INFO]: [0mGET /js/admin/categories.js [36m304[0m 2.477 ms - -[0m
2026-08-08 22:55:31 [INFO]: [0mGET /js/admin/brands.js [36m304[0m 2.835 ms - -[0m
2026-08-08 22:55:31 [INFO]: [0mGET /js/admin/products.js [36m304[0m 4.317 ms - -[0m
2026-08-08 22:55:31 [INFO]: [0mGET /js/header.js [36m304[0m 2.303 ms - -[0m
2026-08-08 22:55:31 [INFO]: [0mGET /js/notification.js [36m304[0m 2.912 ms - -[0m
2026-08-08 22:55:47 [INFO]: [0mGET /admin/products [36m304[0m 406.809 ms - -[0m
2026-08-08 22:55:47 [INFO]: [0mGET /css/style.css [36m304[0m 3.728 ms - -[0m
2026-08-08 22:55:47 [INFO]: [0mGET /css/admin/layout.css [36m304[0m 4.269 ms - -[0m
2026-08-08 22:55:47 [INFO]: [0mGET /css/admin/users.css [36m304[0m 3.856 ms - -[0m
2026-08-08 22:55:47 [INFO]: [0mGET /css/admin/categories.css [36m304[0m 4.541 ms - -[0m
2026-08-08 22:55:47 [INFO]: [0mGET /css/admin/brands.css [36m304[0m 6.976 ms - -[0m
2026-08-08 22:55:47 [INFO]: [0mGET /css/admin/products.css [36m304[0m 3.252 ms - -[0m
2026-08-08 22:55:47 [INFO]: [0mGET /css/header.css [36m304[0m 1.819 ms - -[0m
2026-08-08 22:55:47 [INFO]: [0mGET /images/logo/plantora.png [36m304[0m 0.656 ms - -[0m
2026-08-08 22:55:47 [INFO]: [0mGET /js/admin/layout.js [36m304[0m 1.304 ms - -[0m
2026-08-08 22:55:47 [INFO]: [0mGET /js/admin/users.js [36m304[0m 3.109 ms - -[0m
2026-08-08 22:55:47 [INFO]: [0mGET /js/admin/categories.js [36m304[0m 2.282 ms - -[0m
2026-08-08 22:55:47 [INFO]: [0mGET /js/admin/brands.js [36m304[0m 4.525 ms - -[0m
2026-08-08 22:55:47 [INFO]: [0mGET /css/variables.css [36m304[0m 3.014 ms - -[0m
2026-08-08 22:55:47 [INFO]: [0mGET /js/admin/products.js [36m304[0m 3.759 ms - -[0m
2026-08-08 22:55:47 [INFO]: [0mGET /css/utilities.css [36m304[0m 5.699 ms - -[0m
2026-08-08 22:55:47 [INFO]: [0mGET /css/animations.css [36m304[0m 2.584 ms - -[0m
2026-08-08 22:55:47 [INFO]: [0mGET /css/announcement.css [36m304[0m 2.959 ms - -[0m
2026-08-08 22:55:47 [INFO]: [0mGET /css/hero.css [36m304[0m 2.084 ms - -[0m
2026-08-08 22:55:47 [INFO]: [0mGET /css/featured.css [36m304[0m 3.296 ms - -[0m
2026-08-08 22:55:47 [INFO]: [0mGET /css/why-choose.css [36m304[0m 3.866 ms - -[0m
2026-08-08 22:55:47 [INFO]: [0mGET /css/footer.css [36m304[0m 7.182 ms - -[0m
2026-08-08 22:55:47 [INFO]: [0mGET /css/auth.css [36m304[0m 3.788 ms - -[0m
2026-08-08 22:55:47 [INFO]: [0mGET /css/verify.css [36m304[0m 4.457 ms - -[0m
2026-08-08 22:55:47 [INFO]: [0mGET /js/header.js [36m304[0m 1.251 ms - -[0m
2026-08-08 22:55:47 [INFO]: [0mGET /js/notification.js [36m304[0m 2.024 ms - -[0m
2026-08-08 23:31:17 [INFO]: [0mGET /admin/products [33m401[0m 0.683 ms - 55[0m
2026-08-08 23:31:20 [INFO]: [0mGET / [32m200[0m 22.588 ms - -[0m
2026-08-08 23:31:20 [INFO]: [0mGET /css/style.css [36m304[0m 1.719 ms - -[0m
2026-08-08 23:31:20 [INFO]: [0mGET /images/logo/plantora.png [36m304[0m 1.638 ms - -[0m
2026-08-08 23:31:20 [INFO]: [0mGET /images/hero/hero-placeholder.png [36m304[0m 1.969 ms - -[0m
2026-08-08 23:31:20 [INFO]: [0mGET /images/hero/monstera-plant.jpg [36m304[0m 0.550 ms - -[0m
2026-08-08 23:31:20 [INFO]: [0mGET /images/hero/snake-plant.jpg [36m304[0m 0.951 ms - -[0m
2026-08-08 23:31:20 [INFO]: [0mGET /images/hero/peace-lily.jpg [36m304[0m 0.511 ms - -[0m
2026-08-08 23:31:20 [INFO]: [0mGET /js/header.js [36m304[0m 0.260 ms - -[0m
2026-08-08 23:31:20 [INFO]: [0mGET /css/variables.css [36m304[0m 0.585 ms - -[0m
2026-08-08 23:31:20 [INFO]: [0mGET /css/utilities.css [36m304[0m 0.781 ms - -[0m
2026-08-08 23:31:20 [INFO]: [0mGET /css/animations.css [36m304[0m 0.937 ms - -[0m
2026-08-08 23:31:20 [INFO]: [0mGET /css/announcement.css [36m304[0m 1.445 ms - -[0m
2026-08-08 23:31:20 [INFO]: [0mGET /css/header.css [36m304[0m 0.504 ms - -[0m
2026-08-08 23:31:20 [INFO]: [0mGET /css/hero.css [36m304[0m 0.730 ms - -[0m
2026-08-08 23:31:20 [INFO]: [0mGET /css/featured.css [36m304[0m 0.990 ms - -[0m
2026-08-08 23:31:20 [INFO]: [0mGET /css/why-choose.css [36m304[0m 1.268 ms - -[0m
2026-08-08 23:31:20 [INFO]: [0mGET /css/footer.css [36m304[0m 2.223 ms - -[0m
2026-08-08 23:31:20 [INFO]: [0mGET /css/auth.css [36m304[0m 0.748 ms - -[0m
2026-08-08 23:31:20 [INFO]: [0mGET /css/verify.css [36m304[0m 0.877 ms - -[0m
2026-08-08 23:31:20 [INFO]: [0mGET /js/featured.js [36m304[0m 0.155 ms - -[0m
2026-08-08 23:31:20 [INFO]: [0mGET /js/why-choose.js [36m304[0m 0.154 ms - -[0m
2026-08-08 23:31:20 [INFO]: [0mGET /js/notification.js [36m304[0m 0.161 ms - -[0m
2026-08-08 23:31:20 [INFO]: [0mGET /js/footer.js [36m304[0m 0.390 ms - -[0m
2026-08-08 23:31:20 [INFO]: [0mGET /js/auth.js [36m304[0m 0.592 ms - -[0m
2026-08-08 23:31:20 [INFO]: [0mGET /images/hero/tulip-plant.jpg [36m304[0m 0.488 ms - -[0m
2026-08-08 23:31:20 [INFO]: [0mGET /images/hero/rubber-plant.jpg [36m304[0m 0.680 ms - -[0m
2026-08-08 23:31:20 [INFO]: [0mGET /images/hero/aloe-vera.jpg [36m304[0m 0.870 ms - -[0m
2026-08-08 23:31:20 [INFO]: [0mGET /images/hero/areca-palm.jpg [36m304[0m 0.379 ms - -[0m
2026-08-08 23:31:20 [INFO]: [0mGET /images/hero/jade-plant.jpg [36m304[0m 0.203 ms - -[0m
2026-08-08 23:31:20 [INFO]: [0mGET /images/hero/golden-pothos.jpg [36m304[0m 0.535 ms - -[0m
2026-08-08 23:31:20 [INFO]: [0mGET /images/hero/fiddle-leaf-fig.jpg [36m304[0m 0.240 ms - -[0m
2026-08-08 23:31:20 [INFO]: [0mGET /images/hero/why-choose.jpg [36m304[0m 0.251 ms - -[0m
2026-08-08 23:31:20 [INFO]: [0mGET /images/logo/plantora-orgn-white.png [36m304[0m 0.247 ms - -[0m
2026-08-08 23:31:22 [INFO]: Login successful : admin-plantora@yopmail.com
2026-08-08 23:31:22 [INFO]: [0mPOST /auth/login [32m200[0m 537.495 ms - 46[0m
2026-08-08 23:31:23 [INFO]: [0mGET / [32m200[0m 81.902 ms - -[0m
2026-08-08 23:31:23 [INFO]: [0mGET /css/style.css [36m304[0m 0.663 ms - -[0m
2026-08-08 23:31:23 [INFO]: [0mGET /images/logo/plantora.png [36m304[0m 0.642 ms - -[0m
2026-08-08 23:31:23 [INFO]: [0mGET /images/hero/hero-placeholder.png [36m304[0m 0.786 ms - -[0m
2026-08-08 23:31:23 [INFO]: [0mGET /images/hero/monstera-plant.jpg [36m304[0m 1.167 ms - -[0m
2026-08-08 23:31:23 [INFO]: [0mGET /js/header.js [36m304[0m 0.375 ms - -[0m
2026-08-08 23:31:23 [INFO]: [0mGET /js/featured.js [36m304[0m 0.164 ms - -[0m
2026-08-08 23:31:23 [INFO]: [0mGET /js/why-choose.js [36m304[0m 0.306 ms - -[0m
2026-08-08 23:31:23 [INFO]: [0mGET /js/notification.js [36m304[0m 0.144 ms - -[0m
2026-08-08 23:31:23 [INFO]: [0mGET /js/footer.js [36m304[0m 0.481 ms - -[0m
2026-08-08 23:31:23 [INFO]: [0mGET /js/auth.js [36m304[0m 0.591 ms - -[0m
2026-08-08 23:31:23 [INFO]: [0mGET /images/hero/snake-plant.jpg [36m304[0m 0.770 ms - -[0m
2026-08-08 23:31:23 [INFO]: [0mGET /css/variables.css [36m304[0m 0.298 ms - -[0m
2026-08-08 23:31:23 [INFO]: [0mGET /css/utilities.css [36m304[0m 0.395 ms - -[0m
2026-08-08 23:31:23 [INFO]: [0mGET /css/animations.css [36m304[0m 0.621 ms - -[0m
2026-08-08 23:31:23 [INFO]: [0mGET /css/announcement.css [36m304[0m 0.541 ms - -[0m
2026-08-08 23:31:23 [INFO]: [0mGET /css/header.css [36m304[0m 0.654 ms - -[0m
2026-08-08 23:31:23 [INFO]: [0mGET /css/hero.css [36m304[0m 0.763 ms - -[0m
2026-08-08 23:31:23 [INFO]: [0mGET /css/featured.css [36m304[0m 0.245 ms - -[0m
2026-08-08 23:31:23 [INFO]: [0mGET /css/why-choose.css [36m304[0m 0.347 ms - -[0m
2026-08-08 23:31:23 [INFO]: [0mGET /css/footer.css [36m304[0m 0.639 ms - -[0m
2026-08-08 23:31:23 [INFO]: [0mGET /css/auth.css [36m304[0m 0.345 ms - -[0m
2026-08-08 23:31:23 [INFO]: [0mGET /css/verify.css [36m304[0m 0.108 ms - -[0m
2026-08-08 23:31:23 [INFO]: [0mGET /images/hero/peace-lily.jpg [36m304[0m 0.155 ms - -[0m
2026-08-08 23:31:23 [INFO]: [0mGET /images/hero/tulip-plant.jpg [36m304[0m 0.287 ms - -[0m
2026-08-08 23:31:23 [INFO]: [0mGET /images/hero/rubber-plant.jpg [36m304[0m 0.138 ms - -[0m
2026-08-08 23:31:23 [INFO]: [0mGET /images/hero/aloe-vera.jpg [36m304[0m 0.204 ms - -[0m
2026-08-08 23:31:23 [INFO]: [0mGET /images/hero/areca-palm.jpg [36m304[0m 0.306 ms - -[0m
2026-08-08 23:31:23 [INFO]: [0mGET /images/hero/jade-plant.jpg [36m304[0m 0.702 ms - -[0m
2026-08-08 23:31:23 [INFO]: [0mGET /images/hero/golden-pothos.jpg [36m304[0m 0.650 ms - -[0m
2026-08-08 23:31:23 [INFO]: [0mGET /images/hero/fiddle-leaf-fig.jpg [36m304[0m 0.965 ms - -[0m
2026-08-08 23:31:23 [INFO]: [0mGET /images/hero/why-choose.jpg [36m304[0m 0.367 ms - -[0m
2026-08-08 23:31:23 [INFO]: [0mGET /images/logo/plantora-orgn-white.png [36m304[0m 0.500 ms - -[0m
2026-08-08 23:31:25 [INFO]: [0mGET /admin/dashboard [32m200[0m 113.094 ms - -[0m
2026-08-08 23:31:25 [INFO]: [0mGET /css/style.css [36m304[0m 1.287 ms - -[0m
2026-08-08 23:31:25 [INFO]: [0mGET /css/admin/layout.css [36m304[0m 1.387 ms - -[0m
2026-08-08 23:31:25 [INFO]: [0mGET /css/admin/users.css [36m304[0m 1.623 ms - -[0m
2026-08-08 23:31:25 [INFO]: [0mGET /css/admin/categories.css [36m304[0m 1.736 ms - -[0m
2026-08-08 23:31:25 [INFO]: [0mGET /css/admin/brands.css [36m304[0m 0.174 ms - -[0m
2026-08-08 23:31:25 [INFO]: [0mGET /css/admin/products.css [36m304[0m 0.408 ms - -[0m
2026-08-08 23:31:25 [INFO]: [0mGET /css/header.css [36m304[0m 0.684 ms - -[0m
2026-08-08 23:31:25 [INFO]: [0mGET /css/admin/product-table.css [32m200[0m 2.722 ms - -[0m
2026-08-08 23:31:25 [INFO]: [0mGET /images/logo/plantora.png [36m304[0m 0.388 ms - -[0m
2026-08-08 23:31:25 [INFO]: [0mGET /js/admin/layout.js [36m304[0m 0.984 ms - -[0m
2026-08-08 23:31:25 [INFO]: [0mGET /js/admin/users.js [36m304[0m 0.963 ms - -[0m
2026-08-08 23:31:25 [INFO]: [0mGET /js/admin/categories.js [36m304[0m 0.434 ms - -[0m
2026-08-08 23:31:25 [INFO]: [0mGET /js/admin/brands.js [36m304[0m 0.544 ms - -[0m
2026-08-08 23:31:25 [INFO]: [0mGET /css/variables.css [36m304[0m 0.974 ms - -[0m
2026-08-08 23:31:25 [INFO]: [0mGET /css/utilities.css [36m304[0m 0.549 ms - -[0m
2026-08-08 23:31:25 [INFO]: [0mGET /css/animations.css [36m304[0m 1.231 ms - -[0m
2026-08-08 23:31:25 [INFO]: [0mGET /css/announcement.css [36m304[0m 0.633 ms - -[0m
2026-08-08 23:31:25 [INFO]: [0mGET /css/hero.css [36m304[0m 0.834 ms - -[0m
2026-08-08 23:31:25 [INFO]: [0mGET /css/featured.css [36m304[0m 0.453 ms - -[0m
2026-08-08 23:31:25 [INFO]: [0mGET /css/why-choose.css [36m304[0m 0.569 ms - -[0m
2026-08-08 23:31:25 [INFO]: [0mGET /css/footer.css [36m304[0m 0.852 ms - -[0m
2026-08-08 23:31:25 [INFO]: [0mGET /css/auth.css [36m304[0m 0.193 ms - -[0m
2026-08-08 23:31:25 [INFO]: [0mGET /css/verify.css [36m304[0m 0.399 ms - -[0m
2026-08-08 23:31:25 [INFO]: [0mGET /js/admin/products.js [36m304[0m 0.310 ms - -[0m
2026-08-08 23:31:25 [INFO]: [0mGET /js/header.js [36m304[0m 0.184 ms - -[0m
2026-08-08 23:31:25 [INFO]: [0mGET /js/notification.js [36m304[0m 0.308 ms - -[0m
2026-08-08 23:31:27 [INFO]: [0mGET /admin/products [32m200[0m 170.101 ms - -[0m
2026-08-08 23:31:27 [INFO]: [0mGET /css/style.css [36m304[0m 0.485 ms - -[0m
2026-08-08 23:31:27 [INFO]: [0mGET /css/admin/users.css [36m304[0m 0.672 ms - -[0m
2026-08-08 23:31:27 [INFO]: [0mGET /css/admin/categories.css [36m304[0m 1.375 ms - -[0m
2026-08-08 23:31:27 [INFO]: [0mGET /css/admin/layout.css [36m304[0m 1.731 ms - -[0m
2026-08-08 23:31:27 [INFO]: [0mGET /css/admin/brands.css [36m304[0m 0.820 ms - -[0m
2026-08-08 23:31:27 [INFO]: [0mGET /css/admin/products.css [36m304[0m 0.918 ms - -[0m
2026-08-08 23:31:27 [INFO]: [0mGET /css/admin/product-table.css [36m304[0m 0.443 ms - -[0m
2026-08-08 23:31:27 [INFO]: [0mGET /css/header.css [36m304[0m 0.200 ms - -[0m
2026-08-08 23:31:27 [INFO]: [0mGET /images/logo/plantora.png [36m304[0m 0.143 ms - -[0m
2026-08-08 23:31:27 [INFO]: [0mGET /js/admin/layout.js [36m304[0m 0.286 ms - -[0m
2026-08-08 23:31:27 [INFO]: [0mGET /js/admin/users.js [36m304[0m 0.813 ms - -[0m
2026-08-08 23:31:27 [INFO]: [0mGET /css/variables.css [36m304[0m 0.671 ms - -[0m
2026-08-08 23:31:27 [INFO]: [0mGET /css/utilities.css [36m304[0m 0.855 ms - -[0m
2026-08-08 23:31:27 [INFO]: [0mGET /js/admin/categories.js [36m304[0m 1.214 ms - -[0m
2026-08-08 23:31:27 [INFO]: [0mGET /js/admin/brands.js [36m304[0m 0.752 ms - -[0m
2026-08-08 23:31:27 [INFO]: [0mGET /css/animations.css [36m304[0m 0.560 ms - -[0m
2026-08-08 23:31:27 [INFO]: [0mGET /css/announcement.css [36m304[0m 0.724 ms - -[0m
2026-08-08 23:31:27 [INFO]: [0mGET /css/hero.css [36m304[0m 1.053 ms - -[0m
2026-08-08 23:31:27 [INFO]: [0mGET /css/featured.css [36m304[0m 0.521 ms - -[0m
2026-08-08 23:31:27 [INFO]: [0mGET /css/why-choose.css [36m304[0m 0.660 ms - -[0m
2026-08-08 23:31:27 [INFO]: [0mGET /css/footer.css [36m304[0m 0.314 ms - -[0m
2026-08-08 23:31:27 [INFO]: [0mGET /css/auth.css [36m304[0m 0.573 ms - -[0m
2026-08-08 23:31:27 [INFO]: [0mGET /css/verify.css [36m304[0m 0.219 ms - -[0m
2026-08-08 23:31:27 [INFO]: [0mGET /js/admin/products.js [36m304[0m 0.627 ms - -[0m
2026-08-08 23:31:27 [INFO]: [0mGET /js/header.js [36m304[0m 0.717 ms - -[0m
2026-08-08 23:31:27 [INFO]: [0mGET /js/notification.js [36m304[0m 0.813 ms - -[0m
2026-08-08 23:31:48 [WARN]: Product not found.
2026-08-08 23:31:48 [INFO]: [0mGET /admin/products/6a775dc2c671dc17213fc8d7/edit [36m302[0m 168.314 ms - 44[0m
2026-08-08 23:31:48 [INFO]: [0mGET /admin/products [36m304[0m 153.442 ms - -[0m
2026-08-08 23:31:48 [INFO]: [0mGET /css/style.css [36m304[0m 0.503 ms - -[0m
2026-08-08 23:31:48 [INFO]: [0mGET /css/admin/layout.css [36m304[0m 0.715 ms - -[0m
2026-08-08 23:31:48 [INFO]: [0mGET /css/admin/users.css [36m304[0m 1.007 ms - -[0m
2026-08-08 23:31:48 [INFO]: [0mGET /css/admin/product-table.css [36m304[0m 0.385 ms - -[0m
2026-08-08 23:31:48 [INFO]: [0mGET /css/admin/categories.css [36m304[0m 0.536 ms - -[0m
2026-08-08 23:31:48 [INFO]: [0mGET /css/admin/brands.css [36m304[0m 0.950 ms - -[0m
2026-08-08 23:31:48 [INFO]: [0mGET /css/admin/products.css [36m304[0m 1.138 ms - -[0m
2026-08-08 23:31:48 [INFO]: [0mGET /css/header.css [36m304[0m 0.637 ms - -[0m
2026-08-08 23:31:48 [INFO]: [0mGET /images/logo/plantora.png [36m304[0m 0.202 ms - -[0m
2026-08-08 23:31:48 [INFO]: [0mGET /js/admin/layout.js [36m304[0m 0.532 ms - -[0m
2026-08-08 23:31:48 [INFO]: [0mGET /css/variables.css [36m304[0m 0.597 ms - -[0m
2026-08-08 23:31:48 [INFO]: [0mGET /css/utilities.css [36m304[0m 0.667 ms - -[0m
2026-08-08 23:31:48 [INFO]: [0mGET /css/animations.css [36m304[0m 0.724 ms - -[0m
2026-08-08 23:31:48 [INFO]: [0mGET /css/announcement.css [36m304[0m 0.142 ms - -[0m
2026-08-08 23:31:48 [INFO]: [0mGET /css/hero.css [36m304[0m 0.146 ms - -[0m
2026-08-08 23:31:48 [INFO]: [0mGET /css/featured.css [36m304[0m 0.341 ms - -[0m
2026-08-08 23:31:48 [INFO]: [0mGET /css/why-choose.css [36m304[0m 0.289 ms - -[0m
2026-08-08 23:31:48 [INFO]: [0mGET /css/footer.css [36m304[0m 0.266 ms - -[0m
2026-08-08 23:31:48 [INFO]: [0mGET /css/auth.css [36m304[0m 0.351 ms - -[0m
2026-08-08 23:31:48 [INFO]: [0mGET /css/verify.css [36m304[0m 0.131 ms - -[0m
2026-08-08 23:31:48 [INFO]: [0mGET /js/admin/users.js [36m304[0m 0.382 ms - -[0m
2026-08-08 23:31:48 [INFO]: [0mGET /js/admin/categories.js [36m304[0m 0.464 ms - -[0m
2026-08-08 23:31:48 [INFO]: [0mGET /js/admin/brands.js [36m304[0m 0.621 ms - -[0m
2026-08-08 23:31:48 [INFO]: [0mGET /js/admin/products.js [36m304[0m 0.396 ms - -[0m
2026-08-08 23:31:48 [INFO]: [0mGET /js/header.js [36m304[0m 0.451 ms - -[0m
2026-08-08 23:31:48 [INFO]: [0mGET /js/notification.js [36m304[0m 0.537 ms - -[0m
2026-08-08 23:31:51 [WARN]: Product not found.
2026-08-08 23:31:51 [INFO]: [0mGET /admin/products/6a775dc2c671dc17213fc8d7/edit [36m302[0m 156.901 ms - 44[0m
2026-08-08 23:31:51 [INFO]: [0mGET /admin/products [36m304[0m 155.047 ms - -[0m
2026-08-08 23:31:51 [INFO]: [0mGET /css/style.css [36m304[0m 0.885 ms - -[0m
2026-08-08 23:31:51 [INFO]: [0mGET /css/admin/layout.css [36m304[0m 1.240 ms - -[0m
2026-08-08 23:31:51 [INFO]: [0mGET /css/admin/users.css [36m304[0m 1.848 ms - -[0m
2026-08-08 23:31:51 [INFO]: [0mGET /css/admin/categories.css [36m304[0m 2.121 ms - -[0m
2026-08-08 23:31:51 [INFO]: [0mGET /css/admin/brands.css [36m304[0m 2.333 ms - -[0m
2026-08-08 23:31:51 [INFO]: [0mGET /css/admin/products.css [36m304[0m 2.770 ms - -[0m
2026-08-08 23:31:51 [INFO]: [0mGET /css/admin/product-table.css [36m304[0m 0.557 ms - -[0m
2026-08-08 23:31:51 [INFO]: [0mGET /css/header.css [36m304[0m 0.672 ms - -[0m
2026-08-08 23:31:51 [INFO]: [0mGET /images/logo/plantora.png [36m304[0m 0.904 ms - -[0m
2026-08-08 23:31:51 [INFO]: [0mGET /js/admin/layout.js [36m304[0m 0.276 ms - -[0m
2026-08-08 23:31:51 [INFO]: [0mGET /css/variables.css [36m304[0m 0.433 ms - -[0m
2026-08-08 23:31:51 [INFO]: [0mGET /css/utilities.css [36m304[0m 0.208 ms - -[0m
2026-08-08 23:31:51 [INFO]: [0mGET /css/animations.css [36m304[0m 1.282 ms - -[0m
2026-08-08 23:31:51 [INFO]: [0mGET /css/announcement.css [36m304[0m 1.775 ms - -[0m
2026-08-08 23:31:51 [INFO]: [0mGET /css/hero.css [36m304[0m 2.019 ms - -[0m
2026-08-08 23:31:51 [INFO]: [0mGET /css/featured.css [36m304[0m 2.142 ms - -[0m
2026-08-08 23:31:51 [INFO]: [0mGET /css/why-choose.css [36m304[0m 2.475 ms - -[0m
2026-08-08 23:31:51 [INFO]: [0mGET /css/footer.css [36m304[0m 1.280 ms - -[0m
2026-08-08 23:31:51 [INFO]: [0mGET /css/auth.css [36m304[0m 1.078 ms - -[0m
2026-08-08 23:31:51 [INFO]: [0mGET /css/verify.css [36m304[0m 1.289 ms - -[0m
2026-08-08 23:31:51 [INFO]: [0mGET /js/admin/users.js [36m304[0m 1.840 ms - -[0m
2026-08-08 23:31:51 [INFO]: [0mGET /js/admin/categories.js [36m304[0m 0.895 ms - -[0m
2026-08-08 23:31:51 [INFO]: [0mGET /js/admin/brands.js [36m304[0m 1.178 ms - -[0m
2026-08-08 23:31:51 [INFO]: [0mGET /js/admin/products.js [36m304[0m 0.420 ms - -[0m
2026-08-08 23:31:51 [INFO]: [0mGET /js/header.js [36m304[0m 0.518 ms - -[0m
2026-08-08 23:31:51 [INFO]: [0mGET /js/notification.js [36m304[0m 0.271 ms - -[0m
2026-08-08 23:31:55 [INFO]: [0mPOST /admin/products/6a775dc2c671dc17213fc8d7 [33m404[0m 76.069 ms - 104[0m
2026-08-08 23:32:02 [INFO]: [0mGET /admin/products [36m304[0m 154.807 ms - -[0m
2026-08-08 23:32:02 [INFO]: [0mGET /css/style.css [36m304[0m 1.732 ms - -[0m
2026-08-08 23:32:02 [INFO]: [0mGET /css/admin/layout.css [36m304[0m 1.660 ms - -[0m
2026-08-08 23:32:02 [INFO]: [0mGET /css/admin/users.css [36m304[0m 1.577 ms - -[0m
2026-08-08 23:32:02 [INFO]: [0mGET /css/admin/categories.css [36m304[0m 1.730 ms - -[0m
2026-08-08 23:32:02 [INFO]: [0mGET /css/admin/brands.css [36m304[0m 1.866 ms - -[0m
2026-08-08 23:32:02 [INFO]: [0mGET /css/admin/products.css [36m304[0m 1.678 ms - -[0m
2026-08-08 23:32:02 [INFO]: [0mGET /css/admin/product-table.css [36m304[0m 0.525 ms - -[0m
2026-08-08 23:32:02 [INFO]: [0mGET /css/header.css [36m304[0m 0.477 ms - -[0m
2026-08-08 23:32:02 [INFO]: [0mGET /images/logo/plantora.png [36m304[0m 0.330 ms - -[0m
2026-08-08 23:32:02 [INFO]: [0mGET /js/admin/layout.js [36m304[0m 0.095 ms - -[0m
2026-08-08 23:32:02 [INFO]: [0mGET /js/admin/users.js [36m304[0m 0.097 ms - -[0m
2026-08-08 23:32:02 [INFO]: [0mGET /css/variables.css [36m304[0m 0.205 ms - -[0m
2026-08-08 23:32:02 [INFO]: [0mGET /css/utilities.css [36m304[0m 0.353 ms - -[0m
2026-08-08 23:32:02 [INFO]: [0mGET /css/animations.css [36m304[0m 0.444 ms - -[0m
2026-08-08 23:32:02 [INFO]: [0mGET /css/announcement.css [36m304[0m 0.637 ms - -[0m
2026-08-08 23:32:02 [INFO]: [0mGET /css/hero.css [36m304[0m 0.269 ms - -[0m
2026-08-08 23:32:02 [INFO]: [0mGET /css/featured.css [36m304[0m 0.388 ms - -[0m
2026-08-08 23:32:02 [INFO]: [0mGET /css/why-choose.css [36m304[0m 0.523 ms - -[0m
2026-08-08 23:32:02 [INFO]: [0mGET /css/footer.css [36m304[0m 0.821 ms - -[0m
2026-08-08 23:32:02 [INFO]: [0mGET /css/auth.css [36m304[0m 0.277 ms - -[0m
2026-08-08 23:32:02 [INFO]: [0mGET /css/verify.css [36m304[0m 0.176 ms - -[0m
2026-08-08 23:32:02 [INFO]: [0mGET /js/admin/categories.js [36m304[0m 0.159 ms - -[0m
2026-08-08 23:32:02 [INFO]: [0mGET /js/admin/brands.js [36m304[0m 0.391 ms - -[0m
2026-08-08 23:32:02 [INFO]: [0mGET /js/admin/products.js [36m304[0m 0.218 ms - -[0m
2026-08-08 23:32:02 [INFO]: [0mGET /js/header.js [36m304[0m 0.428 ms - -[0m
2026-08-08 23:32:02 [INFO]: [0mGET /js/notification.js [36m304[0m 0.597 ms - -[0m
2026-08-08 23:32:12 [INFO]: [0mGET /admin/products/create [32m200[0m 161.318 ms - -[0m
2026-08-08 23:32:12 [INFO]: [0mGET /css/style.css [36m304[0m 0.524 ms - -[0m
2026-08-08 23:32:12 [INFO]: [0mGET /css/admin/layout.css [36m304[0m 0.718 ms - -[0m
2026-08-08 23:32:12 [INFO]: [0mGET /css/admin/categories.css [36m304[0m 0.505 ms - -[0m
2026-08-08 23:32:12 [INFO]: [0mGET /css/admin/brands.css [36m304[0m 0.617 ms - -[0m
2026-08-08 23:32:12 [INFO]: [0mGET /css/admin/products.css [36m304[0m 0.692 ms - -[0m
2026-08-08 23:32:12 [INFO]: [0mGET /css/admin/users.css [36m304[0m 0.720 ms - -[0m
2026-08-08 23:32:12 [INFO]: [0mGET /css/admin/product-table.css [36m304[0m 1.063 ms - -[0m
2026-08-08 23:32:12 [INFO]: [0mGET /css/header.css [36m304[0m 0.156 ms - -[0m
2026-08-08 23:32:12 [INFO]: [0mGET /images/logo/plantora.png [36m304[0m 0.263 ms - -[0m
2026-08-08 23:32:12 [INFO]: [0mGET /js/admin/layout.js [36m304[0m 0.224 ms - -[0m
2026-08-08 23:32:12 [INFO]: [0mGET /js/admin/users.js [36m304[0m 0.329 ms - -[0m
2026-08-08 23:32:12 [INFO]: [0mGET /js/admin/categories.js [36m304[0m 0.650 ms - -[0m
2026-08-08 23:32:12 [INFO]: [0mGET /js/admin/brands.js [36m304[0m 0.130 ms - -[0m
2026-08-08 23:32:12 [INFO]: [0mGET /js/admin/products.js [36m304[0m 0.303 ms - -[0m
2026-08-08 23:32:12 [INFO]: [0mGET /css/variables.css [36m304[0m 0.292 ms - -[0m
2026-08-08 23:32:12 [INFO]: [0mGET /css/utilities.css [36m304[0m 0.566 ms - -[0m
2026-08-08 23:32:12 [INFO]: [0mGET /css/animations.css [36m304[0m 1.003 ms - -[0m
2026-08-08 23:32:12 [INFO]: [0mGET /css/announcement.css [36m304[0m 0.449 ms - -[0m
2026-08-08 23:32:12 [INFO]: [0mGET /css/hero.css [36m304[0m 0.878 ms - -[0m
2026-08-08 23:32:12 [INFO]: [0mGET /css/featured.css [36m304[0m 0.635 ms - -[0m
2026-08-08 23:32:12 [INFO]: [0mGET /css/why-choose.css [36m304[0m 0.444 ms - -[0m
2026-08-08 23:32:12 [INFO]: [0mGET /css/footer.css [36m304[0m 0.952 ms - -[0m
2026-08-08 23:32:12 [INFO]: [0mGET /css/auth.css [36m304[0m 0.516 ms - -[0m
2026-08-08 23:32:12 [INFO]: [0mGET /css/verify.css [36m304[0m 0.719 ms - -[0m
2026-08-08 23:32:12 [INFO]: [0mGET /js/header.js [36m304[0m 0.395 ms - -[0m
2026-08-08 23:32:12 [INFO]: [0mGET /js/notification.js [36m304[0m 0.236 ms - -[0m
2026-08-08 23:33:09 [INFO]: Image uploaded successfully to 'plantora'.
2026-08-08 23:33:09 [INFO]: Local file deleted successfully: E:\Webskitters_Academy\NODE JS\final_project_node\plantora_final_project_node_ejs\uploads\temp\4a6b47ce-d46c-469f-8736-911c9d33c59d.jpg
2026-08-08 23:33:14 [INFO]: Image uploaded successfully to 'plantora'.
2026-08-08 23:33:14 [INFO]: Local file deleted successfully: E:\Webskitters_Academy\NODE JS\final_project_node\plantora_final_project_node_ejs\uploads\temp\24629fae-6f5f-4658-9a96-2a420d7d1dfd.jpg
2026-08-08 23:33:18 [INFO]: Image uploaded successfully to 'plantora'.
2026-08-08 23:33:18 [INFO]: Local file deleted successfully: E:\Webskitters_Academy\NODE JS\final_project_node\plantora_final_project_node_ejs\uploads\temp\b25b3574-2979-4a05-b5cb-785222a6213a.jpg
2026-08-08 23:33:21 [INFO]: Image uploaded successfully to 'plantora'.
2026-08-08 23:33:21 [INFO]: Local file deleted successfully: E:\Webskitters_Academy\NODE JS\final_project_node\plantora_final_project_node_ejs\uploads\temp\06648c39-d022-44d2-b95e-1d4c9eb9492c.jpg
2026-08-08 23:33:25 [INFO]: Image uploaded successfully to 'plantora'.
2026-08-08 23:33:25 [INFO]: Local file deleted successfully: E:\Webskitters_Academy\NODE JS\final_project_node\plantora_final_project_node_ejs\uploads\temp\497aa750-3082-4393-af65-55be299bb989.jpg
2026-08-08 23:33:25 [ERROR]: Failed to create audit log: AuditLog validation failed: module: `Product` is not a valid enum value for path `module`.
2026-08-08 23:33:25 [INFO]: Product 'ggggggggg' created successfully.
2026-08-08 23:33:25 [INFO]: [0mPOST /admin/products [36m302[0m 22498.425 ms - 74[0m
2026-08-08 23:33:25 [WARN]: Product not found.
2026-08-08 23:33:25 [INFO]: [0mGET /admin/products/6a776f6dc671dc17213fc8dc/edit [36m302[0m 151.816 ms - 44[0m
2026-08-08 23:33:25 [INFO]: [0mGET /admin/products [32m200[0m 160.581 ms - -[0m
2026-08-08 23:33:25 [INFO]: [0mGET /css/style.css [36m304[0m 0.263 ms - -[0m
2026-08-08 23:33:25 [INFO]: [0mGET /css/admin/layout.css [36m304[0m 0.543 ms - -[0m
2026-08-08 23:33:25 [INFO]: [0mGET /css/admin/users.css [36m304[0m 0.634 ms - -[0m
2026-08-08 23:33:25 [INFO]: [0mGET /css/admin/categories.css [36m304[0m 0.874 ms - -[0m
2026-08-08 23:33:25 [INFO]: [0mGET /css/admin/brands.css [36m304[0m 1.243 ms - -[0m
2026-08-08 23:33:25 [INFO]: [0mGET /css/admin/products.css [36m304[0m 1.253 ms - -[0m
2026-08-08 23:33:25 [INFO]: [0mGET /css/admin/product-table.css [36m304[0m 1.400 ms - -[0m
2026-08-08 23:33:25 [INFO]: [0mGET /css/header.css [36m304[0m 0.166 ms - -[0m
2026-08-08 23:33:25 [INFO]: [0mGET /images/logo/plantora.png [36m304[0m 0.231 ms - -[0m
2026-08-08 23:33:25 [INFO]: [0mGET /js/admin/layout.js [36m304[0m 0.435 ms - -[0m
2026-08-08 23:33:25 [INFO]: [0mGET /js/admin/users.js [36m304[0m 1.605 ms - -[0m
2026-08-08 23:33:25 [INFO]: [0mGET /js/admin/categories.js [36m304[0m 1.913 ms - -[0m
2026-08-08 23:33:25 [INFO]: [0mGET /js/admin/brands.js [36m304[0m 2.284 ms - -[0m
2026-08-08 23:33:25 [INFO]: [0mGET /css/variables.css [36m304[0m 0.630 ms - -[0m
2026-08-08 23:33:25 [INFO]: [0mGET /css/utilities.css [36m304[0m 0.671 ms - -[0m
2026-08-08 23:33:25 [INFO]: [0mGET /css/animations.css [36m304[0m 0.921 ms - -[0m
2026-08-08 23:33:25 [INFO]: [0mGET /css/announcement.css [36m304[0m 0.375 ms - -[0m
2026-08-08 23:33:25 [INFO]: [0mGET /css/hero.css [36m304[0m 0.421 ms - -[0m
2026-08-08 23:33:25 [INFO]: [0mGET /css/featured.css [36m304[0m 0.684 ms - -[0m
2026-08-08 23:33:25 [INFO]: [0mGET /css/why-choose.css [36m304[0m 0.764 ms - -[0m
2026-08-08 23:33:25 [INFO]: [0mGET /css/footer.css [36m304[0m 0.535 ms - -[0m
2026-08-08 23:33:25 [INFO]: [0mGET /css/auth.css [36m304[0m 0.776 ms - -[0m
2026-08-08 23:33:25 [INFO]: [0mGET /css/verify.css [36m304[0m 0.314 ms - -[0m
2026-08-08 23:33:25 [INFO]: [0mGET /js/admin/products.js [36m304[0m 0.163 ms - -[0m
2026-08-08 23:33:25 [INFO]: [0mGET /js/header.js [36m304[0m 0.265 ms - -[0m
2026-08-08 23:33:25 [INFO]: [0mGET /js/notification.js [36m304[0m 0.504 ms - -[0m
2026-08-08 23:35:19 [INFO]: [0mGET /admin/products [36m304[0m 165.767 ms - -[0m
2026-08-08 23:35:19 [INFO]: [0mGET /css/style.css [36m304[0m 0.486 ms - -[0m
2026-08-08 23:35:19 [INFO]: [0mGET /css/admin/layout.css [36m304[0m 0.456 ms - -[0m
2026-08-08 23:35:19 [INFO]: [0mGET /css/admin/users.css [36m304[0m 0.715 ms - -[0m
2026-08-08 23:35:19 [INFO]: [0mGET /css/admin/categories.css [36m304[0m 0.763 ms - -[0m
2026-08-08 23:35:19 [INFO]: [0mGET /css/admin/brands.css [36m304[0m 0.884 ms - -[0m
2026-08-08 23:35:19 [INFO]: [0mGET /css/admin/products.css [36m304[0m 1.058 ms - -[0m
2026-08-08 23:35:19 [INFO]: [0mGET /css/header.css [36m304[0m 1.776 ms - -[0m
2026-08-08 23:35:19 [INFO]: [0mGET /images/logo/plantora.png [36m304[0m 1.164 ms - -[0m
2026-08-08 23:35:19 [INFO]: [0mGET /js/admin/layout.js [36m304[0m 0.922 ms - -[0m
2026-08-08 23:35:19 [INFO]: [0mGET /js/admin/users.js [36m304[0m 1.166 ms - -[0m
2026-08-08 23:35:19 [INFO]: [0mGET /css/admin/product-table.css [32m200[0m 3.583 ms - -[0m
2026-08-08 23:35:19 [INFO]: [0mGET /js/admin/categories.js [36m304[0m 1.055 ms - -[0m
2026-08-08 23:35:19 [INFO]: [0mGET /css/variables.css [36m304[0m 1.209 ms - -[0m
2026-08-08 23:35:19 [INFO]: [0mGET /css/utilities.css [36m304[0m 1.650 ms - -[0m
2026-08-08 23:35:19 [INFO]: [0mGET /css/animations.css [36m304[0m 0.479 ms - -[0m
2026-08-08 23:35:19 [INFO]: [0mGET /css/announcement.css [36m304[0m 1.333 ms - -[0m
2026-08-08 23:35:19 [INFO]: [0mGET /css/hero.css [36m304[0m 0.844 ms - -[0m
2026-08-08 23:35:19 [INFO]: [0mGET /css/featured.css [36m304[0m 0.961 ms - -[0m
2026-08-08 23:35:19 [INFO]: [0mGET /css/why-choose.css [36m304[0m 1.146 ms - -[0m
2026-08-08 23:35:19 [INFO]: [0mGET /css/footer.css [36m304[0m 0.340 ms - -[0m
2026-08-08 23:35:19 [INFO]: [0mGET /css/auth.css [36m304[0m 0.495 ms - -[0m
2026-08-08 23:35:19 [INFO]: [0mGET /css/verify.css [36m304[0m 0.601 ms - -[0m
2026-08-08 23:35:19 [INFO]: [0mGET /js/admin/brands.js [36m304[0m 0.638 ms - -[0m
2026-08-08 23:35:19 [INFO]: [0mGET /js/admin/products.js [36m304[0m 0.777 ms - -[0m
2026-08-08 23:35:19 [INFO]: [0mGET /js/header.js [36m304[0m 0.878 ms - -[0m
2026-08-08 23:35:19 [INFO]: [0mGET /js/notification.js [36m304[0m 0.992 ms - -[0m
2026-08-08 23:35:29 [INFO]: [0mGET /css/style.css [36m304[0m 0.703 ms - -[0m
2026-08-08 23:35:29 [INFO]: [0mGET /css/variables.css [36m304[0m 0.983 ms - -[0m
2026-08-08 23:35:29 [INFO]: [0mGET /css/utilities.css [36m304[0m 1.400 ms - -[0m
2026-08-08 23:35:29 [INFO]: [0mGET /css/animations.css [36m304[0m 1.793 ms - -[0m
2026-08-08 23:35:29 [INFO]: [0mGET /css/announcement.css [36m304[0m 2.050 ms - -[0m
2026-08-08 23:35:29 [INFO]: [0mGET /css/header.css [36m304[0m 2.479 ms - -[0m
2026-08-08 23:35:29 [INFO]: [0mGET /css/hero.css [36m304[0m 0.307 ms - -[0m
2026-08-08 23:35:29 [INFO]: [0mGET /css/featured.css [36m304[0m 0.970 ms - -[0m
2026-08-08 23:35:29 [INFO]: [0mGET /css/why-choose.css [36m304[0m 1.222 ms - -[0m
2026-08-08 23:35:29 [INFO]: [0mGET /css/footer.css [36m304[0m 1.493 ms - -[0m
2026-08-08 23:35:29 [INFO]: [0mGET /css/auth.css [36m304[0m 1.733 ms - -[0m
2026-08-08 23:35:29 [INFO]: [0mGET /css/verify.css [36m304[0m 2.014 ms - -[0m
2026-08-08 23:35:29 [INFO]: [0mGET /css/admin/layout.css [36m304[0m 0.659 ms - -[0m
2026-08-08 23:35:29 [INFO]: [0mGET /css/admin/users.css [36m304[0m 0.906 ms - -[0m
2026-08-08 23:35:29 [INFO]: [0mGET /css/admin/categories.css [36m304[0m 1.292 ms - -[0m
2026-08-08 23:35:29 [INFO]: [0mGET /css/admin/brands.css [36m304[0m 0.253 ms - -[0m
2026-08-08 23:35:29 [INFO]: [0mGET /css/admin/products.css [36m304[0m 0.408 ms - -[0m
2026-08-08 23:35:29 [INFO]: [0mGET /css/admin/product-table.css [36m304[0m 0.610 ms - -[0m
2026-08-08 23:35:29 [INFO]: [0mGET /.well-known/appspecific/com.chrome.devtools.json [33m404[0m 77.169 ms - 112[0m
2026-08-08 23:36:02 [INFO]: [0mGET /admin/products [36m304[0m 158.431 ms - -[0m
2026-08-08 23:36:02 [INFO]: [0mGET /css/style.css [36m304[0m 0.698 ms - -[0m
2026-08-08 23:36:02 [INFO]: [0mGET /css/admin/layout.css [36m304[0m 1.157 ms - -[0m
2026-08-08 23:36:02 [INFO]: [0mGET /css/admin/users.css [36m304[0m 0.442 ms - -[0m
2026-08-08 23:36:02 [INFO]: [0mGET /css/admin/categories.css [36m304[0m 0.623 ms - -[0m
2026-08-08 23:36:02 [INFO]: [0mGET /css/admin/brands.css [36m304[0m 0.927 ms - -[0m
2026-08-08 23:36:02 [INFO]: [0mGET /css/admin/products.css [36m304[0m 1.115 ms - -[0m
2026-08-08 23:36:02 [INFO]: [0mGET /css/admin/product-table.css [36m304[0m 1.389 ms - -[0m
2026-08-08 23:36:02 [INFO]: [0mGET /css/header.css [36m304[0m 0.469 ms - -[0m
2026-08-08 23:36:02 [INFO]: [0mGET /images/logo/plantora.png [36m304[0m 0.235 ms - -[0m
2026-08-08 23:36:02 [INFO]: [0mGET /js/admin/layout.js [36m304[0m 0.843 ms - -[0m
2026-08-08 23:36:02 [INFO]: [0mGET /js/admin/users.js [36m304[0m 1.092 ms - -[0m
2026-08-08 23:36:02 [INFO]: [0mGET /js/admin/categories.js [36m304[0m 1.297 ms - -[0m
2026-08-08 23:36:02 [INFO]: [0mGET /js/admin/brands.js [36m304[0m 1.560 ms - -[0m
2026-08-08 23:36:02 [INFO]: [0mGET /js/admin/products.js [36m304[0m 1.919 ms - -[0m
2026-08-08 23:36:03 [INFO]: [0mGET /css/variables.css [36m304[0m 0.341 ms - -[0m
2026-08-08 23:36:03 [INFO]: [0mGET /css/utilities.css [36m304[0m 0.482 ms - -[0m
2026-08-08 23:36:03 [INFO]: [0mGET /css/animations.css [36m304[0m 0.614 ms - -[0m
2026-08-08 23:36:03 [INFO]: [0mGET /css/announcement.css [36m304[0m 0.893 ms - -[0m
2026-08-08 23:36:03 [INFO]: [0mGET /css/hero.css [36m304[0m 1.149 ms - -[0m
2026-08-08 23:36:03 [INFO]: [0mGET /css/featured.css [36m304[0m 1.421 ms - -[0m
2026-08-08 23:36:03 [INFO]: [0mGET /css/why-choose.css [36m304[0m 0.337 ms - -[0m
2026-08-08 23:36:03 [INFO]: [0mGET /css/footer.css [36m304[0m 0.531 ms - -[0m
2026-08-08 23:36:03 [INFO]: [0mGET /css/auth.css [36m304[0m 0.783 ms - -[0m
2026-08-08 23:36:03 [INFO]: [0mGET /css/verify.css [36m304[0m 1.017 ms - -[0m
2026-08-08 23:36:03 [INFO]: [0mGET /js/header.js [36m304[0m 0.197 ms - -[0m
2026-08-08 23:36:03 [INFO]: [0mGET /js/notification.js [36m304[0m 0.173 ms - -[0m
2026-08-08 23:36:03 [INFO]: [0mGET /.well-known/appspecific/com.chrome.devtools.json [33m404[0m 75.927 ms - 112[0m
2026-08-08 23:36:35 [INFO]: [0mGET /admin/products [36m304[0m 165.339 ms - -[0m
2026-08-08 23:36:35 [INFO]: [0mGET /css/style.css [36m304[0m 0.324 ms - -[0m
2026-08-08 23:36:35 [INFO]: [0mGET /css/admin/layout.css [36m304[0m 0.721 ms - -[0m
2026-08-08 23:36:35 [INFO]: [0mGET /css/admin/users.css [36m304[0m 0.799 ms - -[0m
2026-08-08 23:36:35 [INFO]: [0mGET /css/admin/categories.css [36m304[0m 0.986 ms - -[0m
2026-08-08 23:36:35 [INFO]: [0mGET /css/admin/brands.css [36m304[0m 1.007 ms - -[0m
2026-08-08 23:36:35 [INFO]: [0mGET /css/admin/products.css [36m304[0m 1.000 ms - -[0m
2026-08-08 23:36:35 [INFO]: [0mGET /css/header.css [36m304[0m 0.194 ms - -[0m
2026-08-08 23:36:35 [INFO]: [0mGET /css/admin/product-table.css [32m200[0m 1.605 ms - -[0m
2026-08-08 23:36:35 [INFO]: [0mGET /images/logo/plantora.png [36m304[0m 0.219 ms - -[0m
2026-08-08 23:36:35 [INFO]: [0mGET /js/admin/layout.js [36m304[0m 0.787 ms - -[0m
2026-08-08 23:36:35 [INFO]: [0mGET /js/admin/users.js [36m304[0m 1.072 ms - -[0m
2026-08-08 23:36:35 [INFO]: [0mGET /js/admin/categories.js [36m304[0m 1.326 ms - -[0m
2026-08-08 23:36:35 [INFO]: [0mGET /js/admin/brands.js [36m304[0m 1.587 ms - -[0m
2026-08-08 23:36:35 [INFO]: [0mGET /js/admin/products.js [36m304[0m 1.749 ms - -[0m
2026-08-08 23:36:35 [INFO]: [0mGET /css/variables.css [36m304[0m 0.757 ms - -[0m
2026-08-08 23:36:35 [INFO]: [0mGET /css/utilities.css [36m304[0m 0.766 ms - -[0m
2026-08-08 23:36:35 [INFO]: [0mGET /css/animations.css [36m304[0m 0.996 ms - -[0m
2026-08-08 23:36:35 [INFO]: [0mGET /css/announcement.css [36m304[0m 1.293 ms - -[0m
2026-08-08 23:36:35 [INFO]: [0mGET /css/hero.css [36m304[0m 1.584 ms - -[0m
2026-08-08 23:36:35 [INFO]: [0mGET /css/featured.css [36m304[0m 2.099 ms - -[0m
2026-08-08 23:36:35 [INFO]: [0mGET /css/why-choose.css [36m304[0m 0.618 ms - -[0m
2026-08-08 23:36:35 [INFO]: [0mGET /css/footer.css [36m304[0m 0.564 ms - -[0m
2026-08-08 23:36:35 [INFO]: [0mGET /css/auth.css [36m304[0m 0.763 ms - -[0m
2026-08-08 23:36:35 [INFO]: [0mGET /css/verify.css [36m304[0m 0.947 ms - -[0m
2026-08-08 23:36:35 [INFO]: [0mGET /js/header.js [36m304[0m 0.329 ms - -[0m
2026-08-08 23:36:35 [INFO]: [0mGET /js/notification.js [36m304[0m 0.489 ms - -[0m
2026-08-08 23:36:54 [INFO]: [0mGET /admin/brands [32m200[0m 203.045 ms - -[0m
2026-08-08 23:36:54 [INFO]: [0mGET /css/style.css [36m304[0m 0.584 ms - -[0m
2026-08-08 23:36:54 [INFO]: [0mGET /css/admin/layout.css [36m304[0m 0.759 ms - -[0m
2026-08-08 23:36:54 [INFO]: [0mGET /css/admin/users.css [36m304[0m 0.543 ms - -[0m
2026-08-08 23:36:54 [INFO]: [0mGET /css/admin/categories.css [36m304[0m 0.916 ms - -[0m
2026-08-08 23:36:54 [INFO]: [0mGET /css/admin/brands.css [36m304[0m 1.208 ms - -[0m
2026-08-08 23:36:54 [INFO]: [0mGET /css/admin/products.css [36m304[0m 1.458 ms - -[0m
2026-08-08 23:36:54 [INFO]: [0mGET /css/admin/product-table.css [36m304[0m 1.826 ms - -[0m
2026-08-08 23:36:54 [INFO]: [0mGET /css/header.css [36m304[0m 2.078 ms - -[0m
2026-08-08 23:36:54 [INFO]: [0mGET /images/logo/plantora.png [36m304[0m 0.153 ms - -[0m
2026-08-08 23:36:54 [INFO]: [0mGET /js/admin/layout.js [36m304[0m 0.372 ms - -[0m
2026-08-08 23:36:54 [INFO]: [0mGET /js/admin/users.js [36m304[0m 0.646 ms - -[0m
2026-08-08 23:36:54 [INFO]: [0mGET /js/admin/categories.js [36m304[0m 0.814 ms - -[0m
2026-08-08 23:36:54 [INFO]: [0mGET /js/admin/brands.js [36m304[0m 0.891 ms - -[0m
2026-08-08 23:36:54 [INFO]: [0mGET /css/variables.css [36m304[0m 0.363 ms - -[0m
2026-08-08 23:36:54 [INFO]: [0mGET /css/utilities.css [36m304[0m 0.959 ms - -[0m
2026-08-08 23:36:54 [INFO]: [0mGET /css/animations.css [36m304[0m 0.621 ms - -[0m
2026-08-08 23:36:54 [INFO]: [0mGET /css/announcement.css [36m304[0m 0.934 ms - -[0m
2026-08-08 23:36:54 [INFO]: [0mGET /css/hero.css [36m304[0m 0.545 ms - -[0m
2026-08-08 23:36:54 [INFO]: [0mGET /css/featured.css [36m304[0m 1.049 ms - -[0m
2026-08-08 23:36:54 [INFO]: [0mGET /css/why-choose.css [36m304[0m 0.695 ms - -[0m
2026-08-08 23:36:54 [INFO]: [0mGET /css/footer.css [36m304[0m 1.111 ms - -[0m
2026-08-08 23:36:54 [INFO]: [0mGET /css/auth.css [36m304[0m 1.183 ms - -[0m
2026-08-08 23:36:54 [INFO]: [0mGET /css/verify.css [36m304[0m 0.912 ms - -[0m
2026-08-08 23:36:54 [INFO]: [0mGET /js/admin/products.js [36m304[0m 1.063 ms - -[0m
2026-08-08 23:36:54 [INFO]: [0mGET /js/header.js [36m304[0m 0.379 ms - -[0m
2026-08-08 23:36:54 [INFO]: [0mGET /js/notification.js [36m304[0m 0.518 ms - -[0m
2026-08-08 23:36:55 [INFO]: [0mGET /admin/categories [32m200[0m 194.141 ms - -[0m
2026-08-08 23:36:55 [INFO]: [0mGET /css/style.css [36m304[0m 0.681 ms - -[0m
2026-08-08 23:36:55 [INFO]: [0mGET /css/admin/layout.css [36m304[0m 0.654 ms - -[0m
2026-08-08 23:36:55 [INFO]: [0mGET /css/admin/users.css [36m304[0m 1.014 ms - -[0m
2026-08-08 23:36:55 [INFO]: [0mGET /css/admin/categories.css [36m304[0m 1.235 ms - -[0m
2026-08-08 23:36:55 [INFO]: [0mGET /css/admin/brands.css [36m304[0m 0.317 ms - -[0m
2026-08-08 23:36:55 [INFO]: [0mGET /css/admin/products.css [36m304[0m 0.409 ms - -[0m
2026-08-08 23:36:55 [INFO]: [0mGET /css/admin/product-table.css [36m304[0m 0.184 ms - -[0m
2026-08-08 23:36:55 [INFO]: [0mGET /css/header.css [36m304[0m 0.279 ms - -[0m
2026-08-08 23:36:55 [INFO]: [0mGET /images/logo/plantora.png [36m304[0m 0.108 ms - -[0m
2026-08-08 23:36:55 [INFO]: [0mGET /js/admin/layout.js [36m304[0m 0.387 ms - -[0m
2026-08-08 23:36:55 [INFO]: [0mGET /js/admin/users.js [36m304[0m 0.492 ms - -[0m
2026-08-08 23:36:55 [INFO]: [0mGET /js/admin/categories.js [36m304[0m 0.673 ms - -[0m
2026-08-08 23:36:55 [INFO]: [0mGET /js/admin/brands.js [36m304[0m 0.819 ms - -[0m
2026-08-08 23:36:55 [INFO]: [0mGET /js/admin/products.js [36m304[0m 1.058 ms - -[0m
2026-08-08 23:36:55 [INFO]: [0mGET /css/variables.css [36m304[0m 0.786 ms - -[0m
2026-08-08 23:36:55 [INFO]: [0mGET /css/utilities.css [36m304[0m 1.000 ms - -[0m
2026-08-08 23:36:55 [INFO]: [0mGET /css/animations.css [36m304[0m 1.354 ms - -[0m
2026-08-08 23:36:55 [INFO]: [0mGET /css/announcement.css [36m304[0m 0.689 ms - -[0m
2026-08-08 23:36:55 [INFO]: [0mGET /css/hero.css [36m304[0m 0.883 ms - -[0m
2026-08-08 23:36:55 [INFO]: [0mGET /css/featured.css [36m304[0m 0.600 ms - -[0m
2026-08-08 23:36:55 [INFO]: [0mGET /css/why-choose.css [36m304[0m 0.666 ms - -[0m
2026-08-08 23:36:55 [INFO]: [0mGET /css/footer.css [36m304[0m 0.251 ms - -[0m
2026-08-08 23:36:55 [INFO]: [0mGET /css/auth.css [36m304[0m 0.237 ms - -[0m
2026-08-08 23:36:55 [INFO]: [0mGET /css/verify.css [36m304[0m 0.408 ms - -[0m
2026-08-08 23:36:55 [INFO]: [0mGET /js/header.js [36m304[0m 0.309 ms - -[0m
2026-08-08 23:36:55 [INFO]: [0mGET /js/notification.js [36m304[0m 0.499 ms - -[0m
2026-08-08 23:36:57 [INFO]: [0mGET /admin/users/trash [32m200[0m 192.965 ms - -[0m
2026-08-08 23:36:57 [INFO]: [0mGET /css/style.css [36m304[0m 1.032 ms - -[0m
2026-08-08 23:36:57 [INFO]: [0mGET /css/admin/layout.css [36m304[0m 1.273 ms - -[0m
2026-08-08 23:36:57 [INFO]: [0mGET /css/admin/users.css [36m304[0m 1.212 ms - -[0m
2026-08-08 23:36:57 [INFO]: [0mGET /css/admin/categories.css [36m304[0m 0.246 ms - -[0m
2026-08-08 23:36:57 [INFO]: [0mGET /css/admin/brands.css [36m304[0m 0.340 ms - -[0m
2026-08-08 23:36:57 [INFO]: [0mGET /css/admin/products.css [36m304[0m 0.474 ms - -[0m
2026-08-08 23:36:57 [INFO]: [0mGET /css/admin/product-table.css [36m304[0m 0.159 ms - -[0m
2026-08-08 23:36:57 [INFO]: [0mGET /css/header.css [36m304[0m 0.246 ms - -[0m
2026-08-08 23:36:57 [INFO]: [0mGET /images/logo/plantora.png [36m304[0m 0.402 ms - -[0m
2026-08-08 23:36:57 [INFO]: [0mGET /js/admin/layout.js [36m304[0m 0.397 ms - -[0m
2026-08-08 23:36:57 [INFO]: [0mGET /js/admin/users.js [36m304[0m 0.183 ms - -[0m
2026-08-08 23:36:57 [INFO]: [0mGET /js/admin/categories.js [36m304[0m 0.295 ms - -[0m
2026-08-08 23:36:57 [INFO]: [0mGET /js/admin/brands.js [36m304[0m 0.531 ms - -[0m
2026-08-08 23:36:57 [INFO]: [0mGET /js/admin/products.js [36m304[0m 0.730 ms - -[0m
2026-08-08 23:36:57 [INFO]: [0mGET /js/header.js [36m304[0m 0.164 ms - -[0m
2026-08-08 23:36:57 [INFO]: [0mGET /css/variables.css [36m304[0m 0.708 ms - -[0m
2026-08-08 23:36:57 [INFO]: [0mGET /css/utilities.css [36m304[0m 0.341 ms - -[0m
2026-08-08 23:36:57 [INFO]: [0mGET /css/animations.css [36m304[0m 0.582 ms - -[0m
2026-08-08 23:36:57 [INFO]: [0mGET /css/announcement.css [36m304[0m 0.828 ms - -[0m
2026-08-08 23:36:57 [INFO]: [0mGET /css/hero.css [36m304[0m 1.285 ms - -[0m
2026-08-08 23:36:57 [INFO]: [0mGET /css/featured.css [36m304[0m 0.460 ms - -[0m
2026-08-08 23:36:57 [INFO]: [0mGET /css/why-choose.css [36m304[0m 0.583 ms - -[0m
2026-08-08 23:36:57 [INFO]: [0mGET /css/footer.css [36m304[0m 0.751 ms - -[0m
2026-08-08 23:36:57 [INFO]: [0mGET /css/auth.css [36m304[0m 1.226 ms - -[0m
2026-08-08 23:36:57 [INFO]: [0mGET /css/verify.css [36m304[0m 0.578 ms - -[0m
2026-08-08 23:36:57 [INFO]: [0mGET /js/notification.js [36m304[0m 0.523 ms - -[0m
2026-08-08 23:36:58 [INFO]: [0mGET /admin/users [32m200[0m 164.734 ms - -[0m
2026-08-08 23:36:58 [INFO]: [0mGET /css/style.css [36m304[0m 1.181 ms - -[0m
2026-08-08 23:36:58 [INFO]: [0mGET /css/admin/layout.css [36m304[0m 4.787 ms - -[0m
2026-08-08 23:36:58 [INFO]: [0mGET /css/admin/users.css [36m304[0m 2.950 ms - -[0m
2026-08-08 23:36:58 [INFO]: [0mGET /css/admin/categories.css [36m304[0m 1.834 ms - -[0m
2026-08-08 23:36:58 [INFO]: [0mGET /css/admin/brands.css [36m304[0m 1.992 ms - -[0m
2026-08-08 23:36:58 [INFO]: [0mGET /css/admin/products.css [36m304[0m 2.623 ms - -[0m
2026-08-08 23:36:58 [INFO]: [0mGET /css/admin/product-table.css [36m304[0m 3.076 ms - -[0m
2026-08-08 23:36:58 [INFO]: [0mGET /css/header.css [36m304[0m 0.477 ms - -[0m
2026-08-08 23:36:58 [INFO]: [0mGET /images/logo/plantora.png [36m304[0m 0.629 ms - -[0m
2026-08-08 23:36:58 [INFO]: [0mGET /js/admin/layout.js [36m304[0m 0.779 ms - -[0m
2026-08-08 23:36:58 [INFO]: [0mGET /js/admin/users.js [36m304[0m 0.960 ms - -[0m
2026-08-08 23:36:58 [INFO]: [0mGET /js/admin/categories.js [36m304[0m 1.153 ms - -[0m
2026-08-08 23:36:58 [INFO]: [0mGET /js/admin/brands.js [36m304[0m 1.384 ms - -[0m
2026-08-08 23:36:58 [INFO]: [0mGET /css/variables.css [36m304[0m 0.349 ms - -[0m
2026-08-08 23:36:58 [INFO]: [0mGET /css/utilities.css [36m304[0m 0.559 ms - -[0m
2026-08-08 23:36:58 [INFO]: [0mGET /css/animations.css [36m304[0m 0.888 ms - -[0m
2026-08-08 23:36:58 [INFO]: [0mGET /css/announcement.css [36m304[0m 0.529 ms - -[0m
2026-08-08 23:36:58 [INFO]: [0mGET /css/hero.css [36m304[0m 0.983 ms - -[0m
2026-08-08 23:36:58 [INFO]: [0mGET /css/featured.css [36m304[0m 0.790 ms - -[0m
2026-08-08 23:36:58 [INFO]: [0mGET /css/why-choose.css [36m304[0m 1.058 ms - -[0m
2026-08-08 23:36:58 [INFO]: [0mGET /css/footer.css [36m304[0m 1.328 ms - -[0m
2026-08-08 23:36:58 [INFO]: [0mGET /css/auth.css [36m304[0m 1.899 ms - -[0m
2026-08-08 23:36:58 [INFO]: [0mGET /css/verify.css [36m304[0m 1.161 ms - -[0m
2026-08-08 23:36:58 [INFO]: [0mGET /js/admin/products.js [36m304[0m 0.252 ms - -[0m
2026-08-08 23:36:58 [INFO]: [0mGET /js/header.js [36m304[0m 0.455 ms - -[0m
2026-08-08 23:36:58 [INFO]: [0mGET /js/notification.js [36m304[0m 0.702 ms - -[0m
2026-08-08 23:37:04 [INFO]: [0mGET /admin/products [36m304[0m 164.995 ms - -[0m
2026-08-08 23:37:04 [INFO]: [0mGET /css/style.css [36m304[0m 0.319 ms - -[0m
2026-08-08 23:37:04 [INFO]: [0mGET /css/admin/layout.css [36m304[0m 0.753 ms - -[0m
2026-08-08 23:37:04 [INFO]: [0mGET /css/admin/users.css [36m304[0m 0.408 ms - -[0m
2026-08-08 23:37:04 [INFO]: [0mGET /css/admin/categories.css [36m304[0m 0.852 ms - -[0m
2026-08-08 23:37:04 [INFO]: [0mGET /css/admin/brands.css [36m304[0m 0.915 ms - -[0m
2026-08-08 23:37:04 [INFO]: [0mGET /css/admin/products.css [36m304[0m 1.032 ms - -[0m
2026-08-08 23:37:04 [INFO]: [0mGET /css/admin/product-table.css [36m304[0m 0.911 ms - -[0m
2026-08-08 23:37:04 [INFO]: [0mGET /css/header.css [36m304[0m 0.192 ms - -[0m
2026-08-08 23:37:04 [INFO]: [0mGET /images/logo/plantora.png [36m304[0m 0.137 ms - -[0m
2026-08-08 23:37:04 [INFO]: [0mGET /js/admin/layout.js [36m304[0m 0.167 ms - -[0m
2026-08-08 23:37:04 [INFO]: [0mGET /js/admin/users.js [36m304[0m 0.190 ms - -[0m
2026-08-08 23:37:04 [INFO]: [0mGET /js/admin/categories.js [36m304[0m 0.473 ms - -[0m
2026-08-08 23:37:04 [INFO]: [0mGET /js/admin/brands.js [36m304[0m 0.293 ms - -[0m
2026-08-08 23:37:04 [INFO]: [0mGET /css/variables.css [36m304[0m 0.289 ms - -[0m
2026-08-08 23:37:04 [INFO]: [0mGET /js/admin/products.js [36m304[0m 0.494 ms - -[0m
2026-08-08 23:37:04 [INFO]: [0mGET /css/utilities.css [36m304[0m 0.798 ms - -[0m
2026-08-08 23:37:04 [INFO]: [0mGET /css/animations.css [36m304[0m 0.929 ms - -[0m
2026-08-08 23:37:04 [INFO]: [0mGET /css/announcement.css [36m304[0m 0.689 ms - -[0m
2026-08-08 23:37:04 [INFO]: [0mGET /css/hero.css [36m304[0m 0.711 ms - -[0m
2026-08-08 23:37:04 [INFO]: [0mGET /css/featured.css [36m304[0m 0.302 ms - -[0m
2026-08-08 23:37:04 [INFO]: [0mGET /css/why-choose.css [36m304[0m 0.456 ms - -[0m
2026-08-08 23:37:04 [INFO]: [0mGET /css/footer.css [36m304[0m 0.795 ms - -[0m
2026-08-08 23:37:04 [INFO]: [0mGET /css/auth.css [36m304[0m 0.401 ms - -[0m
2026-08-08 23:37:04 [INFO]: [0mGET /css/verify.css [36m304[0m 0.111 ms - -[0m
2026-08-08 23:37:04 [INFO]: [0mGET /js/header.js [36m304[0m 0.469 ms - -[0m
2026-08-08 23:37:04 [INFO]: [0mGET /js/notification.js [36m304[0m 0.607 ms - -[0m
2026-08-08 23:37:09 [INFO]: [0mGET /notifications/latest [32m200[0m 154.323 ms - 1018[0m
2026-08-08 23:37:40 [WARN]: "limit" must be a number
2026-08-08 23:37:40 [INFO]: [0mGET /admin/products?search=&searchBy=name&category=6a76b67ab470f24cdab683b1&brand=&sort=latest&limit=10 [36m302[0m 126.892 ms - 44[0m
2026-08-08 23:37:40 [INFO]: [0mGET /admin/products [36m304[0m 165.578 ms - -[0m
2026-08-08 23:37:40 [INFO]: [0mGET /css/style.css [36m304[0m 0.889 ms - -[0m
2026-08-08 23:37:40 [INFO]: [0mGET /css/admin/layout.css [36m304[0m 1.063 ms - -[0m
2026-08-08 23:37:40 [INFO]: [0mGET /css/admin/users.css [36m304[0m 1.183 ms - -[0m
2026-08-08 23:37:40 [INFO]: [0mGET /css/admin/categories.css [36m304[0m 1.373 ms - -[0m
2026-08-08 23:37:40 [INFO]: [0mGET /css/admin/brands.css [36m304[0m 1.519 ms - -[0m
2026-08-08 23:37:40 [INFO]: [0mGET /css/admin/products.css [36m304[0m 1.688 ms - -[0m
2026-08-08 23:37:40 [INFO]: [0mGET /css/admin/product-table.css [36m304[0m 1.923 ms - -[0m
2026-08-08 23:37:40 [INFO]: [0mGET /css/header.css [36m304[0m 2.188 ms - -[0m
2026-08-08 23:37:40 [INFO]: [0mGET /images/logo/plantora.png [36m304[0m 0.358 ms - -[0m
2026-08-08 23:37:40 [INFO]: [0mGET /js/admin/layout.js [36m304[0m 0.827 ms - -[0m
2026-08-08 23:37:40 [INFO]: [0mGET /js/admin/users.js [36m304[0m 1.021 ms - -[0m
2026-08-08 23:37:40 [INFO]: [0mGET /js/admin/categories.js [36m304[0m 1.165 ms - -[0m
2026-08-08 23:37:40 [INFO]: [0mGET /js/admin/brands.js [36m304[0m 1.313 ms - -[0m
2026-08-08 23:37:40 [INFO]: [0mGET /css/variables.css [36m304[0m 0.322 ms - -[0m
2026-08-08 23:37:40 [INFO]: [0mGET /css/utilities.css [36m304[0m 0.508 ms - -[0m
2026-08-08 23:37:40 [INFO]: [0mGET /css/animations.css [36m304[0m 0.924 ms - -[0m
2026-08-08 23:37:40 [INFO]: [0mGET /css/announcement.css [36m304[0m 1.534 ms - -[0m
2026-08-08 23:37:40 [INFO]: [0mGET /css/hero.css [36m304[0m 1.705 ms - -[0m
2026-08-08 23:37:40 [INFO]: [0mGET /css/featured.css [36m304[0m 1.868 ms - -[0m
2026-08-08 23:37:40 [INFO]: [0mGET /css/why-choose.css [36m304[0m 1.706 ms - -[0m
2026-08-08 23:37:40 [INFO]: [0mGET /css/footer.css [36m304[0m 2.136 ms - -[0m
2026-08-08 23:37:40 [INFO]: [0mGET /css/auth.css [36m304[0m 0.993 ms - -[0m
2026-08-08 23:37:40 [INFO]: [0mGET /css/verify.css [36m304[0m 0.600 ms - -[0m
2026-08-08 23:37:40 [INFO]: [0mGET /js/admin/products.js [36m304[0m 0.360 ms - -[0m
2026-08-08 23:37:40 [INFO]: [0mGET /js/header.js [36m304[0m 0.620 ms - -[0m
2026-08-08 23:37:40 [INFO]: [0mGET /js/notification.js [36m304[0m 0.209 ms - -[0m
2026-08-08 23:37:50 [WARN]: "limit" must be a number
2026-08-08 23:37:50 [INFO]: [0mGET /admin/products?search=&searchBy=name&category=&brand=6a76b68eb470f24cdab683b3&sort=latest&limit=10 [36m302[0m 111.039 ms - 44[0m
2026-08-08 23:37:50 [INFO]: [0mGET /admin/products [36m304[0m 164.249 ms - -[0m
2026-08-08 23:37:50 [INFO]: [0mGET /css/style.css [36m304[0m 0.879 ms - -[0m
2026-08-08 23:37:50 [INFO]: [0mGET /css/admin/layout.css [36m304[0m 0.963 ms - -[0m
2026-08-08 23:37:50 [INFO]: [0mGET /css/admin/users.css [36m304[0m 0.271 ms - -[0m
2026-08-08 23:37:50 [INFO]: [0mGET /css/admin/product-table.css [36m304[0m 0.754 ms - -[0m
2026-08-08 23:37:50 [INFO]: [0mGET /css/admin/categories.css [36m304[0m 0.798 ms - -[0m
2026-08-08 23:37:50 [INFO]: [0mGET /css/admin/brands.css [36m304[0m 0.927 ms - -[0m
2026-08-08 23:37:50 [INFO]: [0mGET /css/admin/products.css [36m304[0m 1.163 ms - -[0m
2026-08-08 23:37:50 [INFO]: [0mGET /css/header.css [36m304[0m 0.139 ms - -[0m
2026-08-08 23:37:50 [INFO]: [0mGET /images/logo/plantora.png [36m304[0m 0.102 ms - -[0m
2026-08-08 23:37:50 [INFO]: [0mGET /js/admin/layout.js [36m304[0m 0.563 ms - -[0m
2026-08-08 23:37:50 [INFO]: [0mGET /js/admin/users.js [36m304[0m 2.748 ms - -[0m
2026-08-08 23:37:50 [INFO]: [0mGET /js/admin/categories.js [36m304[0m 0.478 ms - -[0m
2026-08-08 23:37:50 [INFO]: [0mGET /js/admin/brands.js [36m304[0m 0.810 ms - -[0m
2026-08-08 23:37:50 [INFO]: [0mGET /js/admin/products.js [36m304[0m 1.267 ms - -[0m
2026-08-08 23:37:50 [INFO]: [0mGET /js/header.js [36m304[0m 1.571 ms - -[0m
2026-08-08 23:37:50 [INFO]: [0mGET /js/notification.js [36m304[0m 2.889 ms - -[0m
2026-08-08 23:37:50 [INFO]: [0mGET /css/variables.css [36m304[0m 2.059 ms - -[0m
2026-08-08 23:37:50 [INFO]: [0mGET /css/utilities.css [36m304[0m 2.739 ms - -[0m
2026-08-08 23:37:50 [INFO]: [0mGET /css/animations.css [36m304[0m 3.095 ms - -[0m
2026-08-08 23:37:50 [INFO]: [0mGET /css/announcement.css [36m304[0m 1.523 ms - -[0m
2026-08-08 23:37:50 [INFO]: [0mGET /css/hero.css [36m304[0m 1.264 ms - -[0m
2026-08-08 23:37:50 [INFO]: [0mGET /css/featured.css [36m304[0m 1.262 ms - -[0m
2026-08-08 23:37:50 [INFO]: [0mGET /css/why-choose.css [36m304[0m 1.838 ms - -[0m
2026-08-08 23:37:50 [INFO]: [0mGET /css/footer.css [36m304[0m 0.953 ms - -[0m
2026-08-08 23:37:50 [INFO]: [0mGET /css/auth.css [36m304[0m 1.218 ms - -[0m
2026-08-08 23:37:50 [INFO]: [0mGET /css/verify.css [36m304[0m 0.402 ms - -[0m
2026-08-08 23:37:55 [WARN]: "limit" must be a number
2026-08-08 23:37:55 [INFO]: [0mGET /admin/products?search=&searchBy=name&category=&brand=&sort=oldest&limit=10 [36m302[0m 110.231 ms - 44[0m
2026-08-08 23:37:55 [INFO]: [0mGET /admin/products [36m304[0m 153.641 ms - -[0m
2026-08-08 23:37:55 [INFO]: [0mGET /css/style.css [36m304[0m 0.322 ms - -[0m
2026-08-08 23:37:55 [INFO]: [0mGET /css/admin/layout.css [36m304[0m 0.606 ms - -[0m
2026-08-08 23:37:55 [INFO]: [0mGET /css/admin/users.css [36m304[0m 0.364 ms - -[0m
2026-08-08 23:37:55 [INFO]: [0mGET /css/admin/categories.css [36m304[0m 1.156 ms - -[0m
2026-08-08 23:37:55 [INFO]: [0mGET /css/admin/brands.css [36m304[0m 1.082 ms - -[0m
2026-08-08 23:37:55 [INFO]: [0mGET /css/admin/products.css [36m304[0m 1.436 ms - -[0m
2026-08-08 23:37:55 [INFO]: [0mGET /css/admin/product-table.css [36m304[0m 0.271 ms - -[0m
2026-08-08 23:37:55 [INFO]: [0mGET /css/header.css [36m304[0m 0.626 ms - -[0m
2026-08-08 23:37:55 [INFO]: [0mGET /images/logo/plantora.png [36m304[0m 0.329 ms - -[0m
2026-08-08 23:37:55 [INFO]: [0mGET /js/admin/layout.js [36m304[0m 1.114 ms - -[0m
2026-08-08 23:37:55 [INFO]: [0mGET /js/admin/users.js [36m304[0m 1.300 ms - -[0m
2026-08-08 23:37:55 [INFO]: [0mGET /js/admin/categories.js [36m304[0m 1.685 ms - -[0m
2026-08-08 23:37:55 [INFO]: [0mGET /js/admin/brands.js [36m304[0m 2.168 ms - -[0m
2026-08-08 23:37:55 [INFO]: [0mGET /js/admin/products.js [36m304[0m 0.242 ms - -[0m
2026-08-08 23:37:55 [INFO]: [0mGET /js/header.js [36m304[0m 0.426 ms - -[0m
2026-08-08 23:37:55 [INFO]: [0mGET /css/variables.css [36m304[0m 0.272 ms - -[0m
2026-08-08 23:37:55 [INFO]: [0mGET /css/utilities.css [36m304[0m 0.761 ms - -[0m
2026-08-08 23:37:55 [INFO]: [0mGET /js/notification.js [36m304[0m 1.399 ms - -[0m
2026-08-08 23:37:55 [INFO]: [0mGET /css/animations.css [36m304[0m 1.698 ms - -[0m
2026-08-08 23:37:55 [INFO]: [0mGET /css/announcement.css [36m304[0m 1.366 ms - -[0m
2026-08-08 23:37:55 [INFO]: [0mGET /css/hero.css [36m304[0m 1.409 ms - -[0m
2026-08-08 23:37:55 [INFO]: [0mGET /css/featured.css [36m304[0m 0.332 ms - -[0m
2026-08-08 23:37:55 [INFO]: [0mGET /css/why-choose.css [36m304[0m 0.512 ms - -[0m
2026-08-08 23:37:55 [INFO]: [0mGET /css/footer.css [36m304[0m 0.937 ms - -[0m
2026-08-08 23:37:55 [INFO]: [0mGET /css/auth.css [36m304[0m 0.495 ms - -[0m
2026-08-08 23:37:55 [INFO]: [0mGET /css/verify.css [36m304[0m 0.685 ms - -[0m
2026-08-08 23:50:37 [INFO]: MongoDB connected successfully.
2026-08-08 23:50:40 [INFO]: Email server connected successfully.
2026-08-08 23:50:40 [INFO]: Server is running on port 5132.
2026-08-08 23:52:46 [ERROR]: ReferenceError: E:\Webskitters_Academy\NODE JS\final_project_node\plantora_final_project_node_ejs\views\admin\products\index.ejs:370
    368|             <section class="admin-card">
    369| 
 >> 370|                 <%- include("./table") %>
    371| 
    372|             </section>
    373| 

E:\Webskitters_Academy\NODE JS\final_project_node\plantora_final_project_node_ejs\views\admin\products\table.ejs:12
    10| 
    11|         <code class="pm-product-id">
 >> 12|             <%= product._id %>
    13|         </code>
    14| 
    15|         <button

product is not defined
    at eval (eval at compile (E:\Webskitters_Academy\NODE JS\final_project_node\plantora_final_project_node_ejs\node_modules\ejs\lib\cjs\ejs.js:607:18), <anonymous>:12:26)
    at table (E:\Webskitters_Academy\NODE JS\final_project_node\plantora_final_project_node_ejs\node_modules\ejs\lib\cjs\ejs.js:643:23)
    at include (E:\Webskitters_Academy\NODE JS\final_project_node\plantora_final_project_node_ejs\node_modules\ejs\lib\cjs\ejs.js:634:47)
    at eval (eval at compile (E:\Webskitters_Academy\NODE JS\final_project_node\plantora_final_project_node_ejs\node_modules\ejs\lib\cjs\ejs.js:607:18), <anonymous>:68:17)
    at index (E:\Webskitters_Academy\NODE JS\final_project_node\plantora_final_project_node_ejs\node_modules\ejs\lib\cjs\ejs.js:643:23)
    at tryHandleCache (E:\Webskitters_Academy\NODE JS\final_project_node\plantora_final_project_node_ejs\node_modules\ejs\lib\cjs\ejs.js:253:42)
    at ejs.renderFile [as engine] (E:\Webskitters_Academy\NODE JS\final_project_node\plantora_final_project_node_ejs\node_modules\ejs\lib\cjs\ejs.js:444:12)
    at View.render (E:\Webskitters_Academy\NODE JS\final_project_node\plantora_final_project_node_ejs\node_modules\express\lib\view.js:139:8)
    at tryRender (E:\Webskitters_Academy\NODE JS\final_project_node\plantora_final_project_node_ejs\node_modules\express\lib\application.js:627:10)
    at app.render (E:\Webskitters_Academy\NODE JS\final_project_node\plantora_final_project_node_ejs\node_modules\express\lib\application.js:574:3)
2026-08-08 23:52:46 [INFO]: [0mGET /admin/products [31m500[0m 317.060 ms - 709[0m
2026-08-08 23:52:52 [ERROR]: ReferenceError: E:\Webskitters_Academy\NODE JS\final_project_node\plantora_final_project_node_ejs\views\admin\products\index.ejs:370
    368|             <section class="admin-card">
    369| 
 >> 370|                 <%- include("./table") %>
    371| 
    372|             </section>
    373| 

E:\Webskitters_Academy\NODE JS\final_project_node\plantora_final_project_node_ejs\views\admin\products\table.ejs:12
    10| 
    11|         <code class="pm-product-id">
 >> 12|             <%= product._id %>
    13|         </code>
    14| 
    15|         <button

product is not defined
    at eval (eval at compile (E:\Webskitters_Academy\NODE JS\final_project_node\plantora_final_project_node_ejs\node_modules\ejs\lib\cjs\ejs.js:607:18), <anonymous>:12:26)
    at table (E:\Webskitters_Academy\NODE JS\final_project_node\plantora_final_project_node_ejs\node_modules\ejs\lib\cjs\ejs.js:643:23)
    at include (E:\Webskitters_Academy\NODE JS\final_project_node\plantora_final_project_node_ejs\node_modules\ejs\lib\cjs\ejs.js:634:47)
    at eval (eval at compile (E:\Webskitters_Academy\NODE JS\final_project_node\plantora_final_project_node_ejs\node_modules\ejs\lib\cjs\ejs.js:607:18), <anonymous>:68:17)
    at index (E:\Webskitters_Academy\NODE JS\final_project_node\plantora_final_project_node_ejs\node_modules\ejs\lib\cjs\ejs.js:643:23)
    at tryHandleCache (E:\Webskitters_Academy\NODE JS\final_project_node\plantora_final_project_node_ejs\node_modules\ejs\lib\cjs\ejs.js:253:42)
    at ejs.renderFile [as engine] (E:\Webskitters_Academy\NODE JS\final_project_node\plantora_final_project_node_ejs\node_modules\ejs\lib\cjs\ejs.js:444:12)
    at View.render (E:\Webskitters_Academy\NODE JS\final_project_node\plantora_final_project_node_ejs\node_modules\express\lib\view.js:139:8)
    at tryRender (E:\Webskitters_Academy\NODE JS\final_project_node\plantora_final_project_node_ejs\node_modules\express\lib\application.js:627:10)
    at app.render (E:\Webskitters_Academy\NODE JS\final_project_node\plantora_final_project_node_ejs\node_modules\express\lib\application.js:574:3)
2026-08-08 23:52:52 [INFO]: [0mGET /admin/products [31m500[0m 170.263 ms - 709[0m
2026-08-08 23:59:56 [INFO]: SIGINT received. Shutting down server...
